Facility Name,Location Address,Location Address2,City,State,Zip Code,County,Region,Phone Number,Owner Name,Owner Type,Activity Desc,Activity Number,Active,East Coordinate,North Coordinate,Accuracy Code,Waste Types,Authorization Number,Authorization Issue Date,Expiration Date,Georeference
United Recycling System of LI,3550 Hampton Road,,Oceanside,NY,11572,Nassau,1,5166787865,Joseph Tarulli,Private,RHRF - permit,[30RP0147],Yes,613715,4497912,,,1-2820-01732/00005,10/05/2021,10/04/2026,"3550 Hampton Road
Oceanside, NY 11572
(40.62413, -73.65524)"
Bodkin Excavating Inc,1795 Montauk Hwy,,Bellport,NY,11713,Suffolk,1,6312862251,Richard Bodkin,Private,C&D processing - registration,[52W155R],Yes,674039,4515973,4.3 - Utilization of Digital Orthophoto Quads,Concrete;Asphalt Pavement,52W155R,04/30/2010,,"1795 Montauk Hwy
Bellport, NY 11713
(40.77445, -72.94126)"
Long Island Recycling Corp,00 Patco Court,,Islandia,NY,11729,Suffolk,1,,Long Island Recycling Corp,Private,CDDHRF - uncontaminated soil sand gravel rock - registration,[52C60432],Yes,653872,4517934,,Soil (Clean);Sand,52C60432,08/13/2025,08/12/2030,
Outpost Automotive Inc,33 High Street P.O. Box 191,,Speonk,NY,11972,Suffolk,1,6313250011,C. Anthony Abbruzzese,Private,VDF - registration,[52V50305],Yes,693823,4524304,4.3 - Utilization of Digital Orthophoto Quads,End of Life Vehicles VDFs;Scrap Metal - Aluminum ;Scrap Metal - Ferrous ;Scrap Metal - Non-ferrous,52V50305,03/30/2021,03/29/2026,
Plakos Scrap Processing Inc.769,769 E. 95th Street,,Brooklyn,NY,11236,Kings,2,7183850707,Madeline Felice,Private,Vehicle Dismantling Facility,[7080976],Yes,592129,4500493,,,7080976,,,"769 E. 95th Street
Brooklyn, NY 11236
(40.65009, -73.91069)"
AW Scrap Processors Inc,1980 Route 9D,,Wappingers Falls,NY,12590,Dutchess,3,8458311759,Albert Weinert,Private,Vehicle Dismantling Facility,[14J03],Yes,588156,4601098,,,,,,"1980 Route 9D
Wappingers Falls, NY 12590
(41.55652, -73.94312)"
Tompkins Recycling Facility; Inc.,60 Old Route 6,,Carmel,NY,10512,Putnam,3,8452253500,Gandy Schiavone,Private,Transfer station - permit,[40TP0008],Yes,611350,4585706,,Construction & Demolition Debris,3-3720-00371/00001,02/08/2019,02/07/2024,"60 Old Route 6
Carmel, NY 10512
(41.4153, -73.66628)"
Custom Compost Yard Waste Compost facility,168 Milton Turnpike,,Milton,NY,12547,Ulster,3,8457955044,John Moriarty,,Composting - yard trimmings - registration,[56P10004],Yes,584910,4613309,,Leaves;Yard Trimmings;Wood/Brush,56P10004,03/20/2019,03/19/2024,"168 Milton Turnpike
Milton, NY 12547
(41.66525, -73.97314)"
Brookfield Resource Management Inc.(Montrose),2114 Albany Post Road,,Montrose,NY,10548,Westchester,3,9149301626,Brookfield Resource Management Inc,Private,C&D processing - registration,[60W33],Yes,589831,4566999,,,,,,"2114 Albany Post Road
Montrose, NY 10548
(41.24875, -73.92924)"
Taxter Road Leaf TS,Taxter Road,,East Irvington,NY,10533,Westchester,3,9149931644,Town of Greenburgh,Municipal,Transfer station - registration,[60R26],Yes,596652,4544634,,Yard Trimmings,60R26,09/22/2004,,
Beacon Island,River Road,,Bethlehem,NY,12161,Albany,4,,Port of Albany,,Landfill reclamation - registration,[01L12211],Yes,689771,1374149,4 - GIS Assisted,Ash (Coal),01L12211,12/07/2022,10/27/2027,
RB's Used Parts,1522 County Route 16,,Tannersville,NY,12485,Greene,4,5185895822,Reginald Bates,Private,VDF - registration,[20V53601],Yes,570289,4670007,,,,,,
Stericycle Inc - Rotterdam,Rotterdam Industrial Park; Route 7,West Road and 11th Street,Schenectady,NY,12306,Schenectady,4,,Stericycle,Private,RMW - permit,[47JP2804],Yes,582728,4737753,,,4-4228-00257/00001,10/06/2021,10/05/2031,
Steven E. Smith,14653 Duanesburg Rd,,Schoharie,NY,12157,Schoharie,4,,New England Waste Services of ME. Inc; DBA Casella Organics,Private,Land application - UFPW - registration,[48A34202],Yes,559824,4729807,1 - No accuracy stated,Sludge (Papermill),48A34202,11/15/2024,11/14/2029,
Minerva LCD Lf,County Route 37,,Minerva,NY,12851,Essex,5,5182512869,Town of Minerva,Municipal,Landfill - land clearing debris,[16D06],Yes,584831,4850223,,,16D06,07/23/1998,,
Bornt Waste & Metal Inc,170 Elmwood Ave Ext,,Gloversville,NY,12078,Fulton,5,,James Bornt; Sr,Private,VDF - registration,[18V50013],Yes,555370,4767813,4.1 - Address Matching,,,,,"170 Elmwood Ave Ext
Gloversville, NY 12078
(43.06129, -74.32035)"
Leitz Gravel Pit,Gulf Road,,Frankfort,NY,13340,Herkimer,6,3157245527,Leitz Trucking Corp.,,CDDHRF - concrete; rock; brick; asphalt pavement or millings - registration,[22C90014],Yes,486110,4762366,1.1 - Obtained from original submission and unverified process,CARB (concrete; asphalt; rock; brick),22C90014,03/25/2026,03/24/2031,
Tripple Pit,Carder Lane Road,,Schuyler,NY,13340,Herkimer,6,3155252510,Ryan Aldrich Trucking & Sawing; Inc.,Private,CDDHRF - concrete; rock; brick; asphalt pavement or millings - registration,[22C90017],Yes,492701,4770355,,Brick;Concrete;Asphalt Pavement,22C90017,06/11/2025,06/10/2030,
Hounsfield Land Clearing Landfill,Fawdrey Road,,Sackets Harbor,NY,13685,Jefferson,6,3157826380,Town of Hounsfield,Municipal,Landfill - land clearing debris,[23D21],Yes,413460,4863051,4.1 - Address Matching,,23D21,01/17/1995,,
Pat's Used Auto Parts,7347 No. 4 Road,,Lowville,NY,13367,Lewis,6,3153761912,Pat Patterson,,VDF - registration,[25V50006],Yes,472677,4851705,1 - No accuracy stated,End of Life Vehicles VDFs,25V50006,08/19/2024,04/04/2029,
Price Scrap & Salvage,NYS Rte. 8,,West Edmeston,NY,13485,Madison,7,3158554452,Thomas R. Price,Private,Scrap metal processor - registration,[27V30018],Yes,476998,4734835,,Scrap Metal - Ferrous,27V30018,06/18/2019,06/17/2024,
Battle's Garage,7443 Thompson Road,,Syracuse,NY,13212,Onondaga,7,3154520253,David Battle,Private,Vehicle Dismantling Facility,[4340555],Yes,410540,4775954,4 - GIS Assisted,,DMV #4340555,,,"7443 Thompson Road
Syracuse, NY 13212
(43.13069, -76.09978)"
Ground Effects,2792 Brickyard Road,,Van Buren,NY,13164,Onondaga,7,3156891470,Clifford White,Private,Mulch processing - registration,[34M10074],Yes,392989,477252,4.1 - Address Matching,Tree Debris,34M10074,05/09/2023,05/08/2028,"2792 Brickyard Road
Van Buren, NY 13164
(43.09542, -76.31616)"
Northside Salvage Yard; Inc - Warehouse,860 Linden Ave,,Rochester,NY,14625,Monroe,8,5853819667,John Sebastian,Private,VDF - registration,[28V50038],Yes,296793,4777310,,End of Life Vehicles VDFs,28V50038,04/08/2026,03/18/2029,"860 Linden Ave
Rochester, NY 14625
(43.11969, -77.49765)"
Cahoon Farms Inc.,10951 Lummisville Road,,Huron,NY,14590,Wayne,8,3155948081,Cahoon Farms Inc.,Private,Land application - UFPW - registration,[59A30015],Yes,348950,4787830,4.2 - Utilization of GIS and existing spatial data,Unrecognizable Food Processing Waste,59A30015,05/27/2021,05/26/2026,"10951 Lummisville Road
Huron, NY 14590
(43.23715, -76.86535)"
S. St. George Enterprises; Inc.,3624 Webster Road,,Fredonia,NY,14063,Chautauqua,9,7166722488,S. St. George Enterprises; Inc.,Private,Mulch processing - registration,[07M10060],Yes,146452,4705925,4.2 - Utilization of GIS and existing spatial data,Wood (Unadulterated);Tree Debris,07M10060,09/07/2021,09/07/2026,"3624 Webster Road
Fredonia, NY 14063
(42.42168, -79.29963)"
Mahar Excavating Inc,8509 Chapman Road,,Gasport,NY,14067,Niagara,9,7167725327,Joseph W. Mahar,Private,Land application - septage - registration,[32A40004],Yes,211135,4796239,1 - No accuracy stated,Septage,32A40004,11/02/2023,11/02/2028,"8509 Chapman Road
Gasport, NY 14067
(43.26223, -78.55825)"
Stericycle Inc - Gates,40 Industrial Park Circle,,Rochester,NY,14624,Monroe,8,8473675910,Stericycle Inc,Private,RHRF - permit,[28RP0001],Yes,277146,4778805,,Commingled Paper,8-2626-00112/00001,01/24/2024,01/23/2034,"40 Industrial Park Circle
Rochester, NY 14624
(43.12901, -77.74049)"
Industrial Landscape; LLC,94 Pumpkin Swamp Road,,Florida,NY,10921,Orange,3,8459887515,Robert Schreibeis Jr.,Private,CDDHRF - concrete; rock; brick; asphalt pavement or millings - registration,[36C90002],Yes,552477,4576474,4 - GIS Assisted,Concrete;Asphalt Pavement;Asphalt Millings,36C90002,06/11/2025,06/10/2026,"94 Pumpkin Swamp Road
Florida, NY 10921
(41.33863, -74.37238)"
Global Albany Terminal,50 Church Street,Port of Albany,Albany,NY,12202,Albany,4,,Global Companies LLC,Private,Used oil - permit,[01QP0113],Yes,602004,4720684,,,4-0101-00112/00028,11/22/2022,11/21/2032,"50 Church Street
Albany, NY 12202
(42.64161, -73.75263)"
Renewable Recycling Inc,3001C New Street,,Oceanside,NY,11572,Nassau,1,9175416971,Christine Kiourtsis,Private,RHRF - registration,[30R30123],Yes,613531,4499525,1 - No accuracy stated,Other - Mattresses;Paperboard/Boxboard;Textiles,30R30123,01/14/2026,07/21/2029,"3001C New Street
Oceanside, NY 11572
(40.63753, -73.65619)"
Marsh Creek (C) Digester ATAD,45 Doran Avenue,,Geneva,NY,14456,Ontario,8,3157898040,City of Geneva,Municipal,Composting - biosolids/other - permit,[35PP0022],Yes,338837,4749279,,Biosolids,35PP0022,10/19/2021,10/18/2026,"45 Doran Avenue
Geneva, NY 14456
(42.88118, -76.97247)"
Mead Enterprises Inc,69 Button Road,,Waterford,NY,12188,Saratoga,5,5182352841,Ed Dalheim,Private,CDDHRF - concrete; rock; brick; asphalt pavement or millings - registration,[46C90016],Yes,606111,4744261,,Asphalt,46C90016,04/07/2024,04/06/2029,"69 Button Road
Waterford, NY 12188
(42.84427, -73.70285)"
Piercefield Transfer Station,Dump Rd,,Piercefield,NY,12973,St. Lawrence,6,,Town of Piercefield,Municipal,Transfer facility - less than 50 tpd - registration,[45T10003],Yes,535395,4898102,1 - No accuracy stated,MSW (Residential/Institutional & Commercial);White Goods;Waste Tires;Other - Mattresses,45T10003,04/17/2024,04/16/2029,
Bancroft Enterprises,2647 Co Hwy 16,,Burlington Flats,NY,13315,Otsego,4,5187060879,Jason Bancroft,Private,VDF - registration,[39V52001],Yes,489691,4730220,,End of Life Vehicles VDFs,39V32001,03/12/2024,03/11/2029,"2647 Co Hwy 16
Burlington Flats, NY 13315
(42.74273, -75.11406)"
Ransom Auto Recycling,867 Ransom Road,,Lancaster,NY,14086,Erie,9,7166841520,Dennis Haniszewski,Private,VDF - registration,[15V50071],Yes,206745,4757924,1 - No accuracy stated,End of Life Vehicles VDFs,15V50071,11/26/2019,11/26/2024,"867 Ransom Road
Lancaster, NY 14086
(42.91743, -78.59299)"
Mohawk Valley Materials Inc. - 6805 Martin St.,6805 Martin Street,,Rome,NY,13440,Oneida,6,3152716216,Joseph Rutkowski,Private,Composting - source separated organic waste - registration,[33C07],Yes,464387,4782756,,,33C06,08/14/2015,,"6805 Martin Street
Rome, NY 13440
(43.1958, -75.43882)"
Jefferson County Transfer Station,27138 NYS Rt 12,,Watertown,NY,13601,Jefferson,6,3157866900,Jefferson County,County,Transfer facility - permit,[23TP0031],Yes,423868,4878664,4.1 - Address Matching,Construction & Demolition Debris;MSW (Residential/Institutional & Commercial),6-2248-00013/00004,10/31/2022,10/30/2027,"27138 NYS Rt 12
Watertown, NY 13601
(43.9285, -75.82827)"
Salamanca Transfer Station,289 Center Street,,Salamanca,NY,14779,Cattaraugus,9,7169451212,Cattaraugus County DPW,County,RHRF - registration,[05R30015],Yes,190368,4674739,,Commingled Paper;Container Glass;Enameled Appliances / White Goods;Electronics;Plastic;Textiles;Waste Tires;Other Aluminum Scrap Metal;Other Ferrous Scrap Metal;Other Non-Ferrous Scrap Metal;Aluminum Foil / Trays,05R30015,03/05/2024,03/05/2029,"289 Center Street
Salamanca, NY 14779
(42.16399, -78.7445)"
Metro Green LLC,100A Oak Street,,Mount Vernon,NY,10550,Westchester,3,9146631800,Angelo Maiorano,Private,CDDHRF - permit,[60W26],Yes,597057,4529958,1 - No accuracy stated,Concrete;Paper / Cardboard;Rock;Soil (Clean);Wood (Unadulterated),60W26,,,"100A Oak Street
Mount Vernon, NY 10550
(40.91455, -73.84767)"
Safeguard Solutions Inc,6705 Pickard Drive,,Syracuse,NY,13211,Onondaga,7,3154099113,owner,Private,RMW - permit,[34JP0022],Yes,409432,4771968,,Regulated Medical Waste;Sharps,7-3126-00349/00001,06/10/2022,03/22/2026,"6705 Pickard Drive
Syracuse, NY 13211
(43.0949, -76.11248)"
Saratoga County Recycling Center at Corinth,115 Heath Road,,Corinth,NY,12822,Saratoga,5,5186548155,Town of Corinth,Municipal,Transfer facility - source separated recyclables - registration,[46T30002],Yes,594034,4785138,,Single Stream;Propane Tanks;Metals (Ferrous & Non-Ferrous);Other - Batteries,46T30002,08/02/2023,08/01/2028,"115 Heath Road
Corinth, NY 12822
(43.21427, -73.84113)"
R. J. Zigmont Excavation & Septic Service,42 West Chenango Rd,,Castle Creek,NY,13744,Broome,7,6077245233,Joseph Zigmont,Private,Storage - septage - registration,[04A50027],Yes,424795,4670370,4.1 - Address Matching,Septage,04A50027,05/22/2023,08/30/2028,"42 West Chenango Rd
Castle Creek, NY 13744
(42.18062, -75.91129)"
Clarkson Transfer Station,3078 Redman Road,,Clarkson,NY,14430,Monroe,8,5856371132,Town of Clarkson,Municipal,RHRF - 5 tpd or less - registration,[28R10008],Yes,259343,4793956,4.2 - Utilization of GIS and existing spatial data,Metals (Ferrous);Metals (Non-Ferrous);Electronics;Waste Tires;Source Separated Recyclables (Metal/Glass/Paper/Plastic),28R10008,05/14/2019,05/13/2024,"3078 Redman Road
Clarkson, NY 14430
(43.26021, -77.96653)"
Kingsbury Transfer Station,1612 Route 196,,Hudson Falls,NY,12839,Washington,5,5187478196,Kingsbury Transfer Station; LLC,Private,CDDHRF - permit,[58CP0012],Yes,614685,4795165,,Construction & Demolition Debris,5-5344-00027/00011,02/02/2023,02/01/2033,"1612 Route 196
Hudson Falls, NY 12839
(43.31733, -73.54835)"
Argenio Brothers Inc,14 Argenio Drive,,New Windsor,NY,12553,Orange,3,8455615102,Argenio Brothers Inc,Private,CDDHRF - uncontaminated soil sand gravel rock - registration,[36C60002],Yes,580825,4593616,,,,,,"14 Argenio Drive
New Windsor, NY 12553
(41.49023, -74.03359)"
Niagara Metals LLC - Cheektowaga,3035 Union Road,,Cheektowaga,NY,14227,Erie,9,7166856789,Union Road Land Holdings LLC,Private,VDF - registration,[15V50056],Yes,193506,4756055,1 - No accuracy stated,End of Life Vehicles VDFs,15V50056,06/13/2024,06/13/2029,"3035 Union Road
Cheektowaga, NY 14227
(42.89515, -78.75338)"
Green Pines Septic,682 Starkville Road,,Fort Plain,NY,13339,Montgomery,4,5189935407,Patricia Przestrzelski,,Transfer facility - septage - registration,[29T23002],Yes,519890,4748594,1 - No accuracy stated,Septage,29T23002,02/14/2024,02/13/2029,"682 Starkville Road
Fort Plain, NY 13339
(42.88983, -74.7536)"
Alexandria Transfer Station,46604 NYS Route 12,,Alexandria Bay,NY,13607,Jefferson,6,3154055947,Town of Alexandria,Municipal,Transfer facility - less than 50 tpd - registration,[23T10029],Yes,429482,4910498,4.1 - Address Matching,MSW (Residential/Institutional & Commercial),23T10029,11/21/2024,11/20/2029,"46604 NYS Route 12
Alexandria Bay, NY 13607
(44.3452, -75.88509)"
Tate Street Realty LLC,442 Tate Street,,Holbrook,NY,11741,Suffolk,1,6315805800,Get Rid of It By Recycling Inc,Private,CDDHRF - permit,[52CP0264],Yes,662494,4516156,4.3 - Utilization of Digital Orthophoto Quads,Construction & Demolition Debris;Concrete;Tree Debris;Paper / Cardboard;Roofing Shingles;Soil (Clean);Metals (Ferrous);Metals (Non-Ferrous);Wood (Unadulterated),1-4728-00943/00004,05/06/2025,05/05/2030,"442 Tate Street
Holbrook, NY 11741
(40.78052, -73.07432)"
Johnson Gravel Pit,4110 Silver Springs Road,,Silver Springs,NY,14550,Wyoming,9,5857865880,Edward Hulme Inc.,Private,CDDHRF - uncontaminated soil sand gravel rock - registration,[61C60013],Yes,246911,4731025,4.2 - Utilization of GIS and existing spatial data,Soil (Clean),61C60013,08/05/2025,08/05/2030,"4110 Silver Springs Road
Silver Springs, NY 14550
(42.69005, -78.0891)"
Lake Luzerne Land Clearing Debris Landfill,119 Towner Road,(behind former Landfill area),Lake Luzerne,NY,12846,Warren,5,5186962711,Town of Lake Luzerne,Municipal,Landfill - land clearing debris,[57D08],Yes,594891,4799325,4.2 - Utilization of GIS and existing spatial data,Land Clearing Debris,57D08,01/23/1996,,"119 Towner Road
Lake Luzerne, NY 12846
(43.33923, -73.829)"
Bistrian Materials; Inc. d/b/a Calverton Materials,3968 Middle Country Road,,Calverton,NY,11933,Suffolk,1,6313691265,Bistrian Materials; Inc.,Private,Composting - yard waste - permit,[52PP0390],Yes,688610,4533439,4.3 - Utilization of Digital Orthophoto Quads,Yard Trimmings,1-4730-00597/00005,09/23/2024,09/22/2029,"3968 Middle Country Road
Calverton, NY 11933
(40.92778, -72.76002)"
Cicero Ready Mix Plant And Aggregate Storage Facility,770 Northern Boulevard,,Cicero,NY,13057,Onondaga,7,3154335115,Riccelli Northern LLC,Private,CDDHRF - uncontaminated soil sand gravel rock - registration,[34C60077],Yes,411719,4777347,1 - No accuracy stated,Soil (Clean);Gravel;Sand;Rock,,,,
Tanager Lodge,Indian Point; Upper Chateaugay Lake,,Dannemora,NY,12955,Clinton,5,3363243047,Thomas Welch,Private,Land application - septage - registration,[10A40016],Yes,630675,1419833,1 - No accuracy stated,Septage,10A40016,04/10/2023,04/10/2025,
David Gee Farms,8420 Dininny Rd,,Addison,NY,14801,Steuben,8,6075427623,David Gee,Private,Land application - septage - registration,[51A40024],Yes,309625,4655528,4.2.1 - Utilization of GIS and Facility Mapping System,Septage,51A40024,09/29/2021,09/29/2026,"8420 Dininny Rd
Addison, NY 14801
(42.11566, -77.20403)"
Hometown Septic Services LLC,11460 County Route 119,,Addison,NY,14801,Steuben,8,6073463859,Brett Tuscany,Private,Land application - septage - registration,[51A40077],Yes,317827,4665895,4.2 - Utilization of GIS and existing spatial data,Septage,51A40077,12/15/2025,12/14/2030,"11460 County Route 119
Addison, NY 14801
(42.11053, -77.27068)"
Red Maple Vineyard,112 Burroughs Drive,,West Park,NY,12493,Ulster,3,9144034003,Beechstone; LLC,Private,Land application - UFPW - registration,[56A30001],Yes,586219,4626241,4 - GIS Assisted,Unrecognizable Food Processing Waste,56A30001,09/14/2023,09/13/2025,"112 Burroughs Drive
West Park, NY 12493
(41.78472, -73.96575)"
20 Arthur Avenue Associates LLC,20 Arthur Avenue,,Brookhaven,NY,11719,Suffolk,1,6319240644,20 Arthur Avenue Associates,Private,C&D processing - registration,[52W69R],Yes,674862,4515972,,Asphalt;Concrete;Soil (Clean);Rock;Brick;Tree Debris,52W69R,01/23/2015,,"20 Arthur Avenue
Brookhaven, NY 11719
(40.77494, -72.92772)"
ALPCO Recycling; Inc.,846 Macedon Center Road,,Macedon,NY,14502,Wayne,8,3159868900,Alton Plumb,Private,CDDHRF - permit,[59CP0012],Yes,309701,4773743,4.3 - Utilization of Digital Orthophoto Quads,Concrete;Construction & Demolition Debris;Wood (Unadulterated);Metals (Ferrous);Metals (Non-Ferrous);Paper / Cardboard,8-5430-00061/00001,12/17/2020,12/16/2030,"846 Macedon Center Road
Macedon, NY 14502
(43.09426, -77.33675)"
G Frederico Wrecking Co LLC,62 Bickford Street,,Rochester,NY,14615,Monroe,8,,G. Frederico Wrecking Co LLC,Private,CDDHRF - asphalt pavement and millings - registration,[28C20017],Yes,283180,4782910,4.2 - Utilization of GIS and existing spatial data,Asphalt,28C20017,05/31/2019,05/30/2024,"62 Bickford Street
Rochester, NY 14615
(43.16739, -77.66739)"
LL Huff Co Inc,4108 Canal Road,,Spencerport,NY,14559,Monroe,8,5853706279,L.L. Huff Co. Inc.,Private,C&D processing - registration,[28W03],Yes,269615,4787071,1 - No accuracy stated,Concrete;Asphalt;Brick;Rock;Soil (Clean),28W03,,,"4108 Canal Road
Spencerport, NY 14559
(43.19965, -77.83629)"
Simsmetal East; LLC,187 West River Road,,Frankfort,NY,13340,Herkimer,6,3157354451,Simsmetal East; LLC,Private,Mobile vehicle crusher - registration,[22V60003],Yes,487127,4770404,1 - No accuracy stated,End of Life Vehicles VDFs,22V60003,02/09/2024,02/08/2029,"187 West River Road
Frankfort, NY 13340
(43.08601, -75.15723)"
Miller's Son Shine Acres,1765 Broadway Road,,Darien,NY,14040,Genesee,8,5857042664,Generate Niagara Digester,Private,Storage - recognizable food processing waste - registration,[19A10022],Yes,225502,4755450,1 - No accuracy stated,Digestate,19A10022,03/08/2023,03/08/2025,"1765 Broadway Road
Darien, NY 14040
(42.90179, -78.36338)"
Canton LCD,731 State Highway 310,,Canton,NY,13617,St. Lawrence,6,3153223643,Terry Billings,,Landfill - land clearing debris,[45D16],Yes,488276,4943497,,Land Clearing Debris,45D16,05/11/2015,,"731 State Highway 310
Canton, NY 13617
(44.6428, -75.14806)"
Swede Hay Services,1903 Genesee St,,Piffard,NY,14533,Livingston,8,5854477388,Matthew Swede,Private,Land application - Third Party CAFO Applier - registration,[26A60030],Yes,111111,111111,,Manure,26A60030,11/15/2024,11/15/2029,"1903 Genesee St
Piffard, NY 14533
(42.83233, -77.94273)"
Tefft Trucking LLC,9 Pleasant Street,,Oxford,NY,13830,Chenango,7,6078439718,Susan A Tefft & Rebecca M. Tefft,Private,Transfer facility - source separated recyclables - registration,[09T30006],Yes,45152,469901,,Corrugated Cardboard;Commingled Containers;Commingled Paper,09T30006,07/23/2025,07/22/2030,"9 Pleasant Street
Oxford, NY 13830
(42.44179, -75.58926)"
Heidelberg Materials Northeast - Horseheads S&G,299 East Franklin St,,Town of Horseheads,NY,14845,Chemung,8,6073687300,Heidelberg Materials Northeast  New York LLC,Private,CDDHRF - concrete; rock; brick; asphalt pavement or millings - registration,[08C90015],Yes,350382,4670581,4.2.1 - Utilization of GIS and Facility Mapping System,Concrete,08C90015,10/30/2025,10/30/2030,"299 East Franklin St
Town of Horseheads, NY 14845
(42.16754, -76.81065)"
Champion's Scrap Metals,2081 County Road 137,,Hector,NY,14841,Seneca,8,6075826485,Ralph Champion Sr.,Private,Mobile vehicle crusher - registration,[50V60001],Yes,350013,4713284,,End of Life Vehicles VDFs,50V60001,09/18/2019,09/18/2024,"2081 County Road 137
Hector, NY 14841
(42.55676, -76.82836)"
Metropolitan Paper Recycling LLC [854 Shepherd],854 Shepherd Avenue,,Brooklyn,NY,11208,Kings,2,7182578584,Gregory Bianco,Private,RHRF - greater than 5 tpd - registration,[24R20085],Yes,594995,4502009,1 - No accuracy stated,Metals (Non-Ferrous);Paper / Cardboard;Plastics;Commingled Paper;Newspaper;Clear Glass,24R20085,03/07/2023,03/06/2028,"854 Shepherd Avenue
Brooklyn, NY 11208
(40.66319, -73.87577)"
Williamson Services,12988 North Croghan Road,,Natural Bridge,NY,13665,Lewis,6,3156444000,Williamson Services LLC,Private,RHRF - 5 tpd or less - registration,[25R10015],Yes,460533,4878986,4 - GIS Assisted,,6-2324-00118/00002,05/31/2018,05/30/2023,"12988 North Croghan Road
Natural Bridge, NY 13665
(44.06346, -75.49277)"
Wynantskill Mine (Valente Gravel Bank),NYS Route 66,,North Greenbush,NY,12198,Rensselaer,4,5182836340,Callanan Industries; Inc.,Private,CDDHRF - uncontaminated soil sand gravel rock - registration,[42C60011],Yes,606573,4730439,1.1 - Obtained from original submission and unverified process,Gravel;Soil (Clean);Sand;Rock,42C60011,08/17/2018,08/17/2023,
Southold Recycling LLC d/b/a Twin Fork Environmental,92 Clay Pit Road,,Sag Harbor,NY,11963,Suffolk,1,6317251347,Southold Recycling LLC,Private,Transfer facility - permit,[52TP0228],Yes,726839,4539927,4.3 - Utilization of Digital Orthophoto Quads,Metals (Ferrous & Non-Ferrous);Construction & Demolition Debris;Paperboard/Boxboard;Tin & Aluminum Containers,1-4736-08547-00001,10/21/2024,10/20/2029,"92 Clay Pit Road
Sag Harbor, NY 11963
(40.97936, -72.30425)"
Auburn Landfill No 2,311 N. Division St.,,Auburn,NY,13021,Cayuga,7,3152526441,City of Auburn,Municipal,Composting - yard trimmings - registration,[06P10002],Yes,369852,4756819,,Yard Trimmings,06P10002,04/18/2023,05/04/2028,"311 N. Division St.
Auburn, NY 13021
(42.95164, -76.58725)"
L.C. Whitford Co. C&D Landfill,Phillips Road,,Wellsville,NY,14895,Allegany,9,5858086725,The L.C. Whitford Co.; Inc.,Private,Landfill - C&DD - permit,[02D06],Yes,254099,4668581,4.2 - Utilization of GIS and existing spatial data,Construction & Demolition Debris,9-0266-00011/00004,10/31/2017,10/30/2027,
Trudeau Institute Inc.,154 Algonquin Ave,,Saranac Lake,NY,12983,Franklin,5,5188913080,William B. Chapin,,RMW - treatment at the site of generation - registration,[17J20009],Yes,567046,4907531,,Animal Waste;Regulated Medical Waste,17J20009,09/22/2021,09/22/2026,"154 Algonquin Ave
Saranac Lake, NY 12983
(44.31748, -74.15886)"
Advantage Tree Service LLC,136 W Yard Road,,Bethlehem,NY,12067,Albany,4,5189445172,Advantage Tree Service LLC,Private,Composting - yard trimmings - registration,[01P12201],Yes,425738,7386903,1 - No accuracy stated,Grass Clippings;Leaves;Wood/Brush;Yard Trimmings,01P12201,05/30/2024,05/29/2029,"136 W Yard Road
Bethlehem, NY 12067
(42.57166, -73.86782)"
Nathan H Kelman Inc,41 Euclid Street,,Cohoes,NY,12047,Albany,4,5182375133,Nathan H. Kelman Inc.,Private,Scrap metal processor - registration,[01V30301],Yes,606550,4735166,,Scrap Metal - Ferrous ;Scrap Metal - Aluminum ;Scrap Metal - Non-ferrous,01V30301,12/04/2024,12/03/2029,"41 Euclid Street
Cohoes, NY 12047
(42.76169, -73.69767)"
Shelter Island Recycling Transfer Station,34 N Menantic Road,,Shelter Island,NY,11964-1000,Suffolk,1,6317491090,Town of Shelter Island,Municipal,HHW collection facility - permit,[52HP0282],Yes,722530,4549578,,,1-4732-0003/00001,05/16/2024,05/15/2034,"34 N Menantic Road
Shelter Island, NY 11964-1000
(41.06439, -72.3511)"
Allstate Used Auto Parts,23 Mertes Lane,,New Windsor,NY,12553,Orange,3,8455228206,Ahmad Azatullah,Private,VDF - registration,[36V50007],Yes,578310,4590244,,End of Life Vehicles VDFs;Used Oil;Engine Coolant/Antifreeze;Lead-acid Batteries,36V50007,01/15/2025,01/14/2029,"23 Mertes Lane
New Windsor, NY 12553
(41.45919, -74.06236)"
Power Recycling,4715 Route 30,,Amsterdam,NY,12010,Montgomery,4,5188433100,Power Pallet; Inc.,Private,RHRF - registration,[29R32001],Yes,566373,4759002,,Commingled Paper;Electronics;Plastic;Container Glass,29R32001,07/15/2024,07/14/2029,"4715 Route 30
Amsterdam, NY 12010
(42.98034, -74.18864)"
Ben Weitsman of Jamestown,610 West Eighth Street,,Jamestown,NY,14701,Chautauqua,9,7166645910,Ben Weitsman of Jamestown; LLC,Private,Scrap metal processor - registration,[07V30032],Yes,148503,4669639,1 - No accuracy stated,Scrap Metal - Aluminum ;Scrap Metal - Ferrous ;Scrap Metal - Non-ferrous,07V30032,01/29/2026,11/02/2028,"610 West Eighth Street
Jamestown, NY 14701
(42.0995, -79.24998)"
A & D Auto Recycling and Sales LLC,40 US Route 11,,Central Square,NY,13036,Oswego,7,3156764445,Aiman Wady,Private,VDF - registration,[38V50001],Yes,407374,4788538,,,,,,"40 US Route 11
Central Square, NY 13036
(43.24381, -76.14068)"
Guilderland Transfer Station      (T),6363 French's Mill Rd,,Guilderland,NY,12085,Albany,4,5188616776,Town of Guilderland,Municipal,Transfer facility - less than 50 tpd - registration,[01T13001],Yes,585154,4728664,1 - No accuracy stated,Construction & Demolition Debris;MSW (Residential/Institutional & Commercial);Yard Trimmings,01T13001,04/30/2024,04/29/2029,"6363 French's Mill Rd
Guilderland, NY 12085
(42.70489, -73.96276)"
J Dunn Group,520 Hudson River Road,,Waterford,NY,12188,Saratoga,5,5188741006,J Dunn Group; LLC,,CDDHRF - uncontaminated soil sand gravel rock - registration,[46C60034],Yes,608771,4743278,,Soil (Clean),46C90034,05/05/2025,05/04/2029,"520 Hudson River Road
Waterford, NY 12188
(42.83427, -73.66904)"
LKQ Buffalo,40 Hopkins Street,,Buffalo,NY,14220,Erie,9,7165416183,LKQ Northeast Inc,Private,VDF - registration,[15V50050],Yes,186750,4750021,1 - No accuracy stated,End of Life Vehicles VDFs,15V50050,04/10/2024,04/10/2029,"40 Hopkins Street
Buffalo, NY 14220
(42.83876, -78.83244)"
Disano Recycling,131-05 23rd Ave,,College Point,NY,11356,Queens,2,9176811693,Disano Recycling LLC,Private,CDDHRF - concrete; rock; brick; asphalt pavement or millings - registration,[41C90135],Yes,598079,4514849,4.2 - Utilization of GIS and existing spatial data,Concrete;Brick;Asphalt Pavement;Soil (Clean);Sand;Gravel;Rock,41C90209,11/16/2023,11/15/2028,"131-05 23rd Ave
College Point, NY 11356
(40.77862, -73.83743)"
Kinsella Barrett Plant,4800 Solvay Road Ext.,,Jamesville,NY,13078,Onondaga,7,3153780657,Heidelberg Materials Northeast NY; LLC,Private,CDDHRF - uncontaminated soil sand gravel rock - registration,[34C60033],Yes,412430,4761773,1 - No accuracy stated,Soil (Clean),34C60033,06/05/2023,06/04/2028,"4800 Solvay Road Ext.
Jamesville, NY 13078
(43.00199, -76.07275)"
Metalico Jamestown,5338 NY Route 474,,Ashville,NY,14710,Chautauqua,9,7167822135,Metalico Bradford; Inc.,Private,VDF - registration,[07V50046],Yes,135262,4668250,1 - No accuracy stated,End of Life Vehicles VDFs,07V50046,06/24/2024,06/24/2029,"5338 NY Route 474
Ashville, NY 14710
(42.0814, -79.40975)"
County Line Recovery,7023 Henrietta Road,,Springville,NY,14141,Cattaraugus,9,7165231721,MRC Solutions; Inc,Private,RHRF - greater than 5 tpd - registration,[05R20025],Yes,195746,4709179,4 - GIS Assisted,Electronics;Paperboard/Boxboard;Commingled Paper;Plastic;Other Ferrous Scrap Metal;Other Non-Ferrous Scrap Metal,05R20025,01/20/2022,01/20/2027,"7023 Henrietta Road
Springville, NY 14141
(42.47228, -78.70082)"
Gooseneck Farms Sand and Gravel,8193 Putnam Rd,,Chautauqua,NY,14781,Chautauqua,9,7167203989,Gooseneck Farms Inc.,Private,CDDHRF - uncontaminated unadulterated wood - registration,[07C50062],Yes,121066,4683266,4.2 - Utilization of GIS and existing spatial data,Wood (Unadulterated),07C50062,12/22/2021,12/22/2026,"8193 Putnam Rd
Chautauqua, NY 14781
(42.21046, -79.58973)"
Performance Auto Sales,22456 Route 22,,Eagle Bridge,NY,12057,Rensselaer,4,5186864268,Monty Wolfrum,Private,VDF - registration,[42V52803],Yes,633549,4754994,,End of Life Vehicles VDFs,42V52803,03/12/2025,03/11/2030,"22456 Route 22
Eagle Bridge, NY 12057
(42.93561, -73.36403)"
Albano Farms' Home Farm,81350 US-23,,Stamford,NY,121167,Delaware,4,6072878505,New England Waste Services of ME; Inc. DBA Casella Organics,Private,Land application - UFPW - registration,[13A35201],Yes,535316,4695272,1.1 - Obtained from original submission and unverified process,Sludge (Papermill),13A35201,04/23/2025,04/22/2030,
BLACKWELL PIT,STATE RT 223,,ERIN,NY,14838,Chemung,8,6077339664,EDGER CIVIL & UTILITY LLC,Private,CDDHRF - concrete; rock; brick; asphalt pavement or millings - registration,[08C90019],Yes,357727,4670750,,Asphalt Millings;Concrete,08C90019,10/12/2023,10/11/2028,
DeCostole Carting Inc,1481 Troy Avenue,,Brooklyn,NY,11203,Kings,2,7182416428,DeCostole Carting; Inc.,Private,C&D processing - permit,[24W41],Yes,590117,4498926,,Construction & Demolition Debris;Metals (Non-Ferrous);Concrete,,,,"1481 Troy Avenue
Brooklyn, NY 11203
(40.6362, -73.93454)"
Collins Transfer Station,13150 Route 62,,Collins,NY,14034,Erie,9,7165324874,Town of Collins,Municipal,Transfer facility - less than 50 tpd - registration,[15T10059],Yes,176786,4715286,4.2 - Utilization of GIS and existing spatial data,MSW (Residential/Institutional & Commercial);Waste Tires;Yard Trimmings;Commingled Paper;Corrugated Cardboard;Electronics;Single Stream;Other - Batteries;Propane Tanks;Metals (Ferrous & Non-Ferrous),15T10059,08/22/2024,08/22/2029,"13150 Route 62
Collins, NY 14034
(42.51997, -78.93428)"
J & V Auto Salvage Inc Westhampton Beach,104 South Country Road,,Westhampton Beach,NY,11978,Suffolk,1,6314020151,John Saladino,Private,VDF - registration,[52V50304],Yes,699788,4522171,4.3 - Utilization of Digital Orthophoto Quads,Scrap Metal - Non-ferrous ;Scrap Metal - Aluminum ;Scrap Metal - Ferrous ;End of Life Vehicles VDFs,52V50304,03/31/2021,03/30/2026,"104 South Country Road
Westhampton Beach, NY 11978
(40.82753, -72.63123)"
Buffalo Auto Wrecking Inc.,229 Hertel Avenue,,Buffalo,NY,14207,Erie,9,7168733699,John Adornetto,Private,VDF - registration,[15V50012],Yes,181968,4761861,1.1 - Obtained from original submission and unverified process,End of Life Vehicles VDFs,15V50012,11/20/2023,11/20/2028,"229 Hertel Avenue
Buffalo, NY 14207
(42.94338, -78.8983)"
Canaan Transfer Station,27 Flints Crossing Road,,Canaan,NY,12029,Columbia,4,,County Waste & Recycling Servince Inc.,Private,Transfer facility - permit,[11TP2401],Yes,629493,4691361,3 - Global Positioning System (GPS),,4-1024-00013/00003,02/12/2024,02/11/2034,"27 Flints Crossing Road
Canaan, NY 12029
(42.36159, -73.42658)"
A Wash Corp,429 Jericho Turnpike,,New Hyde Park,NY,11040,Nassau,1,5165891179,,,Nonspecific facility - permit,[30XP0146],Yes,610666,4509822,,,1-2822-01884/00001,04/07/2023,04/06/2028,"429 Jericho Turnpike
New Hyde Park, NY 11040
(40.73173, -73.6894)"
Elizabethtown LCD Landfill,Bronson Way,,Elizabethtown,NY,12932,Essex,5,5188736555,Town of Elizbethtown,Municipal,Landfill - land clearing debris,[16D15],Yes,609926,4898218,1 - No accuracy stated,Land Clearing Debris,16D15,11/09/2012,,
Troup's Creek Auto Parts Corp,379 State Route 36,,Troupsburg,NY,14885,Steuben,8,6075256442,Dale LeBarron,Private,VDF - registration,[51V50072],Yes,291062,4654996,4.2.1 - Utilization of GIS and Facility Mapping System,End of Life Vehicles VDFs,51V50072,05/12/2025,05/11/2030,"379 State Route 36
Troupsburg, NY 14885
(42.019, -77.5226)"
A-1 Compaction (Waste Management of NY),325 Yonkers Ave.,,Yonkers,NY,10701,Westchester,3,9144232160,Waste Management of NY; LLC,Private,Transfer facility - permit,[60TP0005],Yes,594960,4532013,,Construction & Demolition Debris;MSW (Residential/Institutional & Commercial);Commingled Paper & Containers;Single Stream;Metals (Ferrous & Non-Ferrous);Yard Trimmings;Clean Fill,3-5518-00407/00011,10/29/2025,09/16/2029,"325 Yonkers Ave.
Yonkers, NY 10701
(40.93325, -73.8731)"
Any Tire Inc,2246 Forest Ave,,Staten Island,NY,10303,Richmond,2,9173735217,Olimzhon Abdurakhmonov,,WTHRF - collection and storage - registration,[43W10071],Yes,570639,4497631,4.2 - Utilization of GIS and existing spatial data,Tire,43W10071,06/13/2024,06/13/2029,"2246 Forest Ave
Staten Island, NY 10303
(40.62684, -74.16488)"
Recoverers of Manufactured Products,315 North St,,Middletown,NY,10940,Orange,3,2845775747,Frank Rezac,Private,WTHRF - collection and storage - registration,[36W101],Yes,548981,4589403,,Whole Tires - OTR;Whole Tires - passenger;Whole Tires - truck,36W101,12/27/2024,06/18/2029,"315 North St
Middletown, NY 10940
(41.45498, -74.41336)"
Briggs Ag Solutions LLC,4544 1/2 Dublin Road,,Marcellus,NY,13108,Onondaga,7,3158434139,Kyle Briggs,Private,Land application - Third Party CAFO Applier - registration,[34A60088],Yes,0,0,,Manure,34A60088,05/29/2024,05/28/2029,"4544 1/2 Dublin Road
Marcellus, NY 13108
(42.99058, -76.33332)"
Clifton Park Yard Waste Compost,217 Vischer Ferry Road,,Rexford,NY,12148,Saratoga,5,5183716054,Town of Clifton Park,,Composting - yard waste - permit,[46PP0023],Yes,595000,4742400,4.3 - Utilization of Digital Orthophoto Quads,Yard Trimmings,5-4124-00099/00003,02/01/2025,01/31/2035,"217 Vischer Ferry Road
Rexford, NY 12148
(42.82612, -73.82532)"
TGS Organic Reclamation,5730 State Route 434,,Apalachin,NY,13732,Tioga,7,6077606545,Taylor Garbage Service; Inc.,Private,Composting - SSO - registration,[54P20012],Yes,403254,4659988,4.1 - Address Matching,Yard Trimmings;Food Scraps,544P20012,05/17/2023,05/16/2028,"5730 State Route 434
Apalachin, NY 13732
(42.08379, -76.16302)"
Talmadge C&D Processing,121 Talmadge Hill West,,Waverly,NY,14892,Tioga,7,6075654313,Austin Excavating & Paving; Inc.,Private,CDDHRF - asphalt pavement and millings - registration,[54C20019],Yes,373588,4655285,1 - No accuracy stated,Asphalt Pavement;Asphalt Millings,54C20019,12/02/2019,12/01/2024,"121 Talmadge Hill West
Waverly, NY 14892
(42.03888, -76.52737)"
Two Brothers Scrap Metal Recycling LLC,12 Sarah Drive,,Farmingdale,NY,11735,Nassau,1,6316948188,Two Brothers Scrap Metal Recycling LLC,Private,Scrap metal processor - registration,[30V30170],Yes,634362,4512663,,Copper;Scrap Metal - Aluminum ;Electric Motors;Brass;Steel;Scrap Metal - Ferrous ;Scrap Metal - Non-ferrous,30-0170,11/21/2025,11/20/2030,"12 Sarah Drive
Farmingdale, NY 11735
(40.75376, -73.40775)"
Lewis County (Croghan) Transfer Station,10319 State Route 812,,Croghan (T),NY,13367,Lewis,6,3153461609,Lewis County Solid Waste,County,Transfer facility - less than 50 tpd - registration,[25T10002],Yes,468811,4864389,1 - No accuracy stated,Construction & Demolition Debris;MSW (Residential/Institutional & Commercial),25T10002,08/23/2023,02/03/2029,"10319 State Route 812
Croghan (T), NY 13367
(43.93185, -75.38788)"
Trout Enterprises; Inc,2410 Edwards Rd,,Waterloo,NY,13165,Seneca,8,3157895742,Joshua Trout,Private,Scrap metal processor - registration,[50V30012],Yes,343408,4752401,,Scrap Metal - Aluminum ;Scrap Metal - Ferrous ;Scrap Metal - Non-ferrous,50V30012,08/13/2020,08/13/2025,"2410 Edwards Rd
Waterloo, NY 13165
(42.90811, -76.91799)"
Insurance Auto Auctions; Inc.,1210 Kings Road,,Schenectady,NY,12303,Schenectady,4,5183473810,Insurance Auto Auctions; Inc.,Private,VDF - registration,[47V51502],Yes,591061,4732623,,End of Life Vehicles VDFs,47V51501,,,"1210 Kings Road
Schenectady, NY 12303
(42.73973, -73.89003)"
Wayne's Used Cars,2500 State Highway 310,,Madrid,NY,13660,St. Lawrence,6,3153224950,Wayne Taillon,Private,Scrap metal processor - registration,[45V30023],Yes,491096,4955954,4.1 - Address Matching,Scrap Metal - Aluminum ;Scrap Metal - Ferrous ;Scrap Metal - Non-ferrous ;End of Life Vehicles VDFs,45V30023,11/19/2024,11/18/2029,"2500 State Highway 310
Madrid, NY 13660
(44.75717, -75.11323)"
NYCDOS MTS @ HAMILTON AVE.,500 HAMILTON Avenue,,Brooklyn,NY,11232,Kings,2,2128378030,New York City Department of Sanitation,,Transfer station - permit,[24T11],Yes,584802,4502388,,,2-6102-00010/00013,12/02/2020,12/01/2025,"500 HAMILTON Avenue
Brooklyn, NY 11232
(40.66916, -73.99711)"
Star Ready Mix Inc,172 Peconic Ave,,Medford,NY,11763,Suffolk,1,6312898787,Star Ready Mix; Inc.,Private,C&D processing - registration,[52W171R],Yes,669547,4520207,4.3 - Utilization of Digital Orthophoto Quads,Asphalt;Soil (Clean);Concrete,52W171R,11/24/2010,,"172 Peconic Ave
Medford, NY 11763
(40.81639, -72.98956)"
Pantomime Mixtures,3839 Ball Diamond Rd,,Hector,NY,14841,Schuyler,8,,Jesse Perlmutter,Private,Land application - UFPW - registration,[49A30014],Yes,347474,4708473,,Unrecognizable Food Processing Waste,49A30014,11/26/2019,11/26/2024,"3839 Ball Diamond Rd
Hector, NY 14841
(42.51313, -76.85662)"
Sodus Rural TS,84 Rotterdam Road,,Sodus,NY,14551,Wayne,8,3154834430,Town of Sodus,Municipal,Transfer facility - less than 50 tpd - registration,[59T10020],Yes,331921,4789531,4.2.1 - Utilization of GIS and Facility Mapping System,Waste Tires;Metals (Ferrous & Non-Ferrous);Construction & Demolition Debris;Other - Batteries,59T10020,08/18/2023,08/17/2028,"84 Rotterdam Road
Sodus, NY 14551
(43.24005, -77.07105)"
Kinsella Quarry,8086 East Genesee Street,,Fayetteville,NY,13066,Onondaga,7,3156373390,T.H. Kinsella; Inc.,Private,CDDHRF - asphalt pavement and millings - registration,[34C20034],Yes,421280,4765461,1 - No accuracy stated,Asphalt,34C20034,06/05/2023,06/04/2028,"8086 East Genesee Street
Fayetteville, NY 13066
(43.03891, -75.96688)"
North Elba Transfer Station,74 Recycle Circle Lane,,Lake Placid,NY,12946,Essex,5,5185232940,Essex County,Municipal,Transfer facility - less than 50 tpd - registration,[16T10008],Yes,582630,4902422,,MSW (Residential/Institutional & Commercial),16T10008,07/26/2022,07/26/2027,"74 Recycle Circle Lane
Lake Placid, NY 12946
(44.27112, -73.96793)"
Zoladz Scottsville Mulch,80 W RIVER RD,,Caledonia,NY,14423,Livingston,8,,,,Mulch processing - permit,[26MP0024],Yes,0,0,2 - Manual Measurements,Tree Debris;Wood (Chips);Wood (Unadulterated);Scrap Wood,8-2422-00116/00001,05/26/2020,05/26/2025,"80 W RIVER RD
Caledonia, NY 14423
(42.98453, -77.74341)"
Adams Wells Transfer Station,NYS Route 12,(near 122 Combes Ln),Norwich,NY,13814,Chenango,7,6073363217,Bert Adams,Private,Transfer facility - permit,[09TP0001],Yes,456836,4713873,4.2 - Utilization of GIS and existing spatial data,MSW (Residential/Institutional & Commercial);Commingled Paper & Containers;Single Stream,7-0840-00018/00001,02/29/2024,02/27/2034,
Allied Used Auto Parts & Salvage Corp,1371 Spofford Ave,,Bronx,NY,10474,Bronx,2,7185427300,Allied Used Auto Parts & Salvage Corp.,Private,VDF - registration,[03V50129],Yes,594186,4518876,4.2 - Utilization of GIS and existing spatial data,End of Life Vehicles VDFs,03V50129,02/05/2025,02/04/2030,"1371 Spofford Ave
Bronx, NY 10474
(40.81504, -73.88295)"
Greene-Del Sanitation and Recycling,100 Green-Del Lane,,Roxbury,NY,12474,Delaware,4,5182993839,Linda Compton,Private,C&D processing - permit,[13W01],Yes,545898,4686540,,Construction & Demolition Debris;Concrete,4-1248-00267/00001,03/31/2019,03/12/2029,"100 Green-Del Lane
Roxbury, NY 12474
(42.32838, -74.4448)"
Cox Industries LLC,135 Old Northport Road,,Kings Park,NY,11754,Suffolk,1,6318139976,Cox Industries LLC,Private,Nonspecific facility - permit,[52XP0354],Yes,645723,4525870,,,1-4734-00195/00004,01/10/2025,01/09/2030,"135 Old Northport Road
Kings Park, NY 11754
(40.87082, -73.27062)"
Ticonderoga/Leerkes Landspreading,Delano Road,,Ticonderoga,NY,12883,Essex,5,5185857855,Bernard Leerkes Jr.,Private,Land application - biosolids/septage/other - permit,[16AP0018],Yes,626220,4860158,4.3 - Utilization of Digital Orthophoto Quads,Biosolids,5-1548-00045/00002,09/23/2022,04/30/2028,
Evergreen Recycling of Corona (Willets Point Blvd),127 Willlets Point Blvd,,Corona,NY,11368,Queens,2,7184467000,Tully Environmental; Inc.,,C&D processing - registration,[41W93],Yes,597777,4512555,,Asphalt;Concrete;Soil (Clean);Construction & Demolition Debris;Metals (Ferrous);Metals (Non-Ferrous);Brick;Rock,41W93,,,"127 Willlets Point Blvd
Corona, NY 11368
(40.75819, -73.84196)"
Earth Waste and Metal,942 Mason Street,,Morrisonville,NY,12962,Clinton,5,5185613577,EWS Real Estate of NY; Inc.,Private,VDF - registration,[10V50002],Yes,614163,4949170,,End of Life Vehicles VDFs,10V50002,04/29/2020,04/29/2025,"942 Mason Street
Morrisonville, NY 12962
(44.68687, -73.5612)"
Hornell TS,6360 East Avenue Extension,,Hornell,NY,14843,Steuben,8,6073247985,Steuben County,County,RHRF - 5 tpd or less - registration,[51R10002],Yes,281548,4687387,1 - No accuracy stated,Commingled Containers;Other Ferrous Scrap Metal;Electronics;Commingled Paper,51R10002,07/27/2023,07/28/2028,"6360 East Avenue Extension
Hornell, NY 14843
(42.3098, -77.65085)"
Baroni Scrap Metal LLC - Poughkeepsie,20 Van Kleeck Drive,,Poughkeepsie,NY,12601,Dutchess,3,8454710820,Courtney Baroni,,VDF - registration,[14V50010],Yes,590652,4617815,,End of Life Vehicles VDFs,14V50010,07/12/2024,07/11/2028,"20 Van Kleeck Drive
Poughkeepsie, NY 12601
(41.70758, -73.9103)"
Saugerties TS (T),1765 NYS Route 212,,Saugerties,NY,12477,Ulster,3,8456790699,Town of Saugerties,Municipal,Transfer facility - less than 50 tpd - registration,[56T10009],Yes,576490,4655062,,Commingled Paper & Containers;Single Stream;Tree Debris;Metals (Ferrous & Non-Ferrous);Yard Trimmings;Waste Tires;Electronics;Waste Oil (Other);MSW (Residential/Institutional & Commercial),56T10009,08/29/2024,08/28/2029,"1765 NYS Route 212
Saugerties, NY 12477
(42.04392, -74.07583)"
Hastings Main West,NYS Route 11,,Hastings,NY,13076,Oswego,7,3154335115,Syracuse Sand & Gravel; LLC,Private,CDDHRF - uncontaminated soil sand gravel rock - registration,[38C60015],Yes,405665,4799751,1.1 - Obtained from original submission and unverified process,Gravel;Sand;Soil (Clean);Rock,38C60015,02/27/2026,07/11/2029,
JB Car Services Inc,13391 US Rte 9W,,New Baltimore,NY,12087,Greene,4,5188004766,Yevgeniy Sandul,Private,Scrap metal processor - registration,[20V34201],Yes,597020,4696712,3 - Global Positioning System (GPS),Scrap Metal - Aluminum ;Scrap Metal - Ferrous ;Scrap Metal - Non-ferrous,20V34201,03/02/2026,03/01/2031,"13391 US Rte 9W
New Baltimore, NY 12087
(42.41658, -73.82021)"
South Bristol Rural Transfer (T),6098 Middlebrook Road,,South Bristol,NY,14512,Ontario,8,5853746341,Town of South Bristol,Municipal,Transfer facility - less than 50 tpd - registration,[35T10019],Yes,303497,4782880,4.1 - Address Matching,MSW (Residential/Institutional & Commercial);Construction & Demolition Debris;Single Stream,35T10019,10/28/2025,10/28/2030,"6098 Middlebrook Road
South Bristol, NY 14512
(42.72322, -77.39968)"
Greece (T) Transfer Station,635 Flynn Road,,Greece,NY,14612,Monroe,8,5857232376,Town of Greece,Municipal,CDDHRF - concrete; rock; brick; asphalt pavement or millings - registration,[28C90029],Yes,279500,4795900,,CARB (concrete; asphalt; rock; brick),28C90029,04/08/2026,07/31/2027,"635 Flynn Road
Greece, NY 14612
(43.28464, -77.71463)"
Oneida-Herkimer Solid Waste Authority - Leland Ave. Ext.,80 Leland Avenue,,Utica,NY,13502,Oneida,6,3157380417,Oneida Herkimer SWA,Municipal,Waste oil storage; reprocessing or rerefining facility,[33O01],Yes,484432,4772023,,,6-3016-0008/00002,06/20/2017,08/31/2022,"80 Leland Avenue
Utica, NY 13502
(43.10685, -75.21213)"
Greenwich Recycling/Transfer Station,291 Fidlers Elbow Road,,Greenwich,NY,12834,Washington,5,5186927505,Greenwich Transfer Station; LLC,Private,Transfer facility - permit,[58TP0010],Yes,620066,4775212,,Construction & Demolition Debris;Metals (Ferrous & Non-Ferrous);MSW (Residential/Institutional & Commercial),5-5334-00037/00003,02/02/2023,02/01/2033,"291 Fidlers Elbow Road
Greenwich, NY 12834
(43.11987, -73.52377)"
Affa Organics Inc,499 Horseblock road,,yaphank,NY,11980,Suffolk,1,,affa organics inc,Private,CDDHRF - uncontaminated soil sand gravel rock - registration,[52C60439],Yes,675817,4518884,,Soil (Clean),52-0439,03/11/2026,03/10/2031,"499 Horseblock road
yaphank, NY 11980
(40.79912, -72.915)"
Dolomite Products Company; Inc. - Penfield,746 Whalen Road,,Penfield,NY,14526,Monroe,8,5855862568,Dolomite Products Company; Inc.,Private,CDDHRF - concrete; rock; brick; asphalt pavement or millings - registration,[28C90023],Yes,298312,4780232,4.2 - Utilization of GIS and existing spatial data,Asphalt Pavement;Asphalt Millings;Brick;CARB (concrete; asphalt; rock; brick);Concrete,28C90023,03/04/2026,03/04/2031,"746 Whalen Road
Penfield, NY 14526
(43.14474, -77.48444)"
Kent TS (T),Kent Town Hall,16 Ray Singer Court,Kent Lakes,NY,10512,Putnam,3,8452253510,Kent Recycling Center,Municipal,Transfer facility - source separated recyclables - registration,[40T10001],Yes,610748,4592914,,Construction & Demolition Debris;Commingled Paper & Containers;Electronics;Corrugated Cardboard;Junk Mail;Magazines;Newspaper;Glass;Metals (Ferrous & Non-Ferrous);White Goods;Commingled Plastics,40T10001,09/18/2025,09/17/2030,
Sullivan County Rockland Transfer Station,131 Overlook Drive,,Livingston Manor,NY,12758,Sullivan,3,8454393654,Sullivan County Division of Public Works,County,Transfer facility - less than 50 tpd - registration,[53T10005],Yes,514137,4642311,4.2 - Utilization of GIS and existing spatial data,Construction & Demolition Debris;MSW (Residential/Institutional & Commercial);Single Stream;Corrugated Cardboard;Newspaper;Commingled Paper & Containers;Metals (Ferrous & Non-Ferrous);Electronics;Waste Tires;Source Separated Organic Waste,53T10005,04/12/2023,05/18/2028,
Clarkie's Auto Salvage,191 Geyser Rd.,,Saratoga Springs,NY,12866,Saratoga,5,5185845376,Thomas Clark,Private,Motor vehicle repair shop - registration,[46V40011],Yes,594453,4767040,,End of Life Vehicles VDFs,46V40011,01/30/2024,01/29/2029,"191 Geyser Rd.
Saratoga Springs, NY 12866
(43.05023, -73.83981)"
Skaneateles Septic Tank Service,218 Chatfield Road,,Elbridge,NY,13060,Onondaga,7,3156856892,Andrew Miles,Private,Land application - septage - registration,[34A40059],Yes,378950,4762951,4.3 - Utilization of Digital Orthophoto Quads,Septage,34A40059,07/11/2023,07/11/2028,"218 Chatfield Road
Elbridge, NY 13060
(43.01261, -76.48497)"
Hololob Industries Inc.,275 East Main Street,,Yaphank,NY,11980,Suffolk,1,6313108686,Edward Charles Hololob,Private,Mulch processing - registration,[52M10302],Yes,676180,453231,,Tree Debris,52-0302,11/01/2021,11/01/2023,"275 East Main Street
Yaphank, NY 11980
(40.8372, -72.91001)"
North Sea Waste Management Facility,1370 Majors Path,,North Sea,NY,11968,Suffolk,1,6312835210,Town of Southampton,Municipal,Composting - yard waste - permit,[52PP0309],Yes,719231,4534556,4.3 - Utilization of Digital Orthophoto Quads,Yard Trimmings,1-4736-00324/00007,06/11/2025,06/10/2035,"1370 Majors Path
North Sea, NY 11968
(40.92978, -72.40044)"
Rich Thaine Repair,12517 Ridge Road,,Medina,NY,14103,Orleans,8,5857981234,Richard Thaine,Private,Motor vehicle repair shop - small - registration,[37V10005],Yes,230917,4796999,1 - No accuracy stated,Scrap Metal - Aluminum ;Scrap Metal - Ferrous ;Scrap Metal - Non-ferrous,37V10005,01/03/2020,01/03/2025,"12517 Ridge Road
Medina, NY 14103
(43.27844, -78.31376)"
Nuwer's Auto Parts Inc.,7178 Vermont Hill Road,,Holland,NY,14080,Erie,9,7165372800,Nuwer's Auto Parts Inc.,Private,VDF - registration,[15V50032],Yes,209870,4732340,4.2 - Utilization of GIS and existing spatial data,End of Life Vehicles VDFs,15V50032,01/15/2024,01/15/2029,"7178 Vermont Hill Road
Holland, NY 14080
(42.6881, -78.53771)"
Capital Core Recycling,94 Cemetery Hill Rd,,Stephentown,NY,12168,Rensselaer,4,,Oak Stone Holdings; LLC,Private,Scrap metal processor - registration,[42V34602],Yes,633550,4712288,3 - Global Positioning System (GPS),Scrap Metal - Non-ferrous ;Brass;Copper,42V54601,04/10/2024,04/09/2029,"94 Cemetery Hill Rd
Stephentown, NY 12168
(42.55141, -73.37309)"
Rodman Transfer Station,20561 NYS Route 177,,Rodman,NY,13682,Jefferson,6,3152324293,Town of Rodman,Municipal,Transfer facility - less than 50 tpd - registration,[23T10025],Yes,422854,4856716,4.1 - Address Matching,MSW (Residential/Institutional & Commercial);Construction & Demolition Debris,23T10025,09/29/2024,11/20/2029,"20561 NYS Route 177
Rodman, NY 13682
(43.85801, -75.95635)"
Tomson Alloys Recycling Inc,143 Fillmore Ave,,Buffalo,NY,14210,Erie,9,7162944801,Lindsey Crill,Private,Scrap metal processor - registration,[15V30085],Yes,186448,4754336,1 - No accuracy stated,Scrap Metal - Aluminum ;Scrap Metal - Ferrous ;Scrap Metal - Non-ferrous ;Stainless Steel,15V30085,12/22/2020,12/22/2025,"143 Fillmore Ave
Buffalo, NY 14210
(42.87812, -78.83994)"
Legend Advanced Septic,8080 Barnum Rd,,Cassadaga,NY,14718,Chautauqua,9,7165952526,Legend Advanced Septic,Private,Land application - septage - registration,[07A40016],Yes,140891,4692504,1 - No accuracy stated,Septage,07A40016,10/17/2023,10/17/2028,"8080 Barnum Rd
Cassadaga, NY 14718
(42.35375, -79.29331)"
Climbing Bines Hop Farm LLC,511 Hansen Point Rd,,Penn Yan,NY,14527,Yates,8,6077450221,Chris Hansen,,Land application - UFPW - registration,[62A30008],Yes,340881,4724830,4.2 - Utilization of GIS and existing spatial data,Unrecognizable Food Processing Waste,62A30008,11/19/2025,11/18/2030,"511 Hansen Point Rd
Penn Yan, NY 14527
(42.65936, -76.94139)"
Allegany County Landfill and Belmont Transfer Station,6006 County Road 48,,Angelica,NY,14709,Allegany,9,5852685415,Allegany County DPW,County,RHRF - 5 tpd or less - registration,[02R10023],Yes,249566,4683385,4.2 - Utilization of GIS and existing spatial data,Plastic;Commingled Paper;Paperboard/Boxboard;Container Glass;Textiles;Other Ferrous Scrap Metal;Other Non-Ferrous Scrap Metal;Enameled Appliances / White Goods,02R10023,12/20/2021,12/20/2026,"6006 County Road 48
Angelica, NY 14709
(42.26105, -78.038)"
Mt. Morris(V) Biosolids Composting,15 Sullivan St,,Mt. Morris,NY,14510,Livingston,8,5856582910,Village of Mt. Morris,Municipal,Composting - biosolids/other - permit,[26PP0017],Yes,265371,4734483,1 - No accuracy stated,,8-2436-00020/00002,10/09/2019,10/08/2024,"15 Sullivan St
Mt. Morris, NY 14510
(42.72624, -77.86758)"
Altman Enterprises,9050 Brewerton Road (Route 11),,Cicero,NY,13039,Onondaga,7,3155983929,Altman Enterprises Waste Management; LLC,Private,Composting - yard trimmings - registration,[34P10003],Yes,408157,4784367,4.3 - Utilization of Digital Orthophoto Quads,Yard Trimmings,34P10003,02/25/2025,02/24/2030,"9050 Brewerton Road (Route 11)
Cicero, NY 13039
(43.20584, -76.13049)"
Chet's Garage Inc,1030 Pulaski Highway,,Goshen,NY,10924,Orange,3,8456517111,Raymond Korycki,Private,Vehicle Dismantling Facility,[36J09],Yes,551500,4578128,,,,,,"1030 Pulaski Highway
Goshen, NY 10924
(41.35311, -74.38415)"
University at Buffalo (SUNY) South Campus,220 Winspear Avenue,278 Biomedical Research Building,Buffalo,NY,14215,Erie,9,7168293301,University at Buffalo (SUNY),State,RMW - storage of infectious agents at site of generation - registration,[15J40082],Yes,188517,4762266,4.2 - Utilization of GIS and existing spatial data,Infectious Substances,15J40082,01/08/2026,01/08/2031,"220 Winspear Avenue
Buffalo, NY 14215
(42.94904, -78.81809)"
Town of Trenton Transfer Station,224 Veteran's Way,,Trenton (T),NY,13304,Oneida,6,3158962615,Town of Trenton,Municipal,RHRF - 5 tpd or less - registration,[33R10025],Yes,484637,4789620,1 - No accuracy stated,Other Ferrous Scrap Metal;Single Stream,33R10025,07/29/2021,07/28/2026,
Calvetta Auto Sales,5650 Cauterskill Road,,Catskill,NY,12414,Greene,4,5189435443,Joe Calcavecchia,Private,VDF - registration,[20V52603],Yes,590510,4677155,,End of Life Vehicles VDFs,20V52603,06/20/2019,06/20/2024,"5650 Cauterskill Road
Catskill, NY 12414
(42.24087, -73.9033)"
AIM Recycling Erie; LLC,267 Marilla Street,,Buffalo,NY,14220,Erie,9,2162660518,AIM Recycling Erie; LLC,Private,VDF - small - registration,[15V20051],Yes,186941,4749841,1 - No accuracy stated,End of Life Vehicles VDFs,15V20051,12/21/2021,12/21/2026,"267 Marilla Street
Buffalo, NY 14220
(42.83733, -78.82976)"
Lardon Construction - Blasdell,202 Lake Avenue,,Blasdell,NY,14219,Erie,9,7168224642,Jonathan G. Palmer,Private,Composting - yard trimmings - registration,[15P10064],Yes,186573,4745826,4 - GIS Assisted,Yard Trimmings,15P10064,03/10/2021,03/09/2026,"202 Lake Avenue
Blasdell, NY 14219
(42.79735, -78.83224)"
Fort Ann Transfer Station LLC,10913 Route 149,,Fort Ann,NY,12827,Washington,5,5187983444,Fort Ann transfer LLC,Private,CDDHRF - permit,[58CP0024],Yes,618859,4807253,,Construction & Demolition Debris;Wood (Clean);Paper / Cardboard;Metal (Structural);Waste Tires,5-5328-00133/00001,02/02/2023,02/01/2033,"10913 Route 149
Fort Ann, NY 12827
(43.40397, -73.54009)"
Slate Valley Automotive LLC,7311 State Route 22,,Granville,NY,12832,Washington,5,5186423167,William Bishop,Private,Motor vehicle repair shop - registration,[58V40001],Yes,640240,4796886,,End of Life Vehicles VDFs,58V50001,08/15/2023,08/14/2028,"7311 State Route 22
Granville, NY 12832
(43.31045, -73.2707)"
Pond Materials Corp,2164 Pond Road,,Ronkonkoma,NY,11779,Suffolk,1,5169223940,Pond Materials Corp.,Private,CDDHRF - concrete; rock; brick; asphalt pavement or millings - registration,[52C90426],Yes,658625,4518117,,Asphalt;Brick;Concrete;Rock,52C90426,12/04/2024,12/03/2029,"2164 Pond Road
Ronkonkoma, NY 11779
(40.79807, -73.11955)"
Caleb & Julia Brubaker,3063 NY 12B,,Deansboro,NY,13328,Oneida,6,,Caleb & Julia Brubaker,Private,Storage - manure & food processing waste - registration,[33A20035],Yes,0,0,1 - No accuracy stated,Unrecognizable Food Processing Waste,33A20035,07/21/2023,07/20/2028,"3063 NY 12B
Deansboro, NY 13328
(43.00847, -75.42449)"
Riccelli-Northern; LLC-Fulton Plant,32 Silk Road,,Volney,NY,13069,Oswego,7,3154335115,Riccelli Northern LLC,Private,CDDHRF - concrete; rock; brick; asphalt pavement or millings - registration,[38C90038],Yes,388194,4799388,1.1 - Obtained from original submission and unverified process,Concrete;Asphalt Millings;Asphalt Pavement,38C90038,02/26/2025,02/25/2030,"32 Silk Road
Volney, NY 13069
(43.33906, -76.38052)"
Nathan H. Kilmer Composting,860 Kelly Hill Road,,Watkins Glen,NY,14891,Schuyler,8,6075832313,Nathan Kilmer,Private,Composting - roadkill/mortalities - registration,[49P30029],Yes,331017,4693343,4.2.1 - Utilization of GIS and Facility Mapping System,Animal Carcasses,49P30029,09/17/2025,09/17/2030,"860 Kelly Hill Road
Watkins Glen, NY 14891
(42.37274, -77.05099)"
Dunn C&D LF,209 Partition Street Extension,,Rensselaer,NY,12144,Rensselaer,4,5186506106,SA Dunn & Company LLC,Private,Landfill - C&DD - permit,[42LC9901],Yes,604450,4722400,,,,12/23/2024,12/22/2027,"209 Partition Street Extension
Rensselaer, NY 12144
(42.64357, -73.72889)"
WNY Scrap Processing; Inc.,1132 and 1140 Brant-Farnham Rd,,Brant,NY,14006,Erie,9,7165976372,WNY Scrap Processing; Inc.,Private,VDF - registration,[15V50006],Yes,169300,4723041,1 - No accuracy stated,End of Life Vehicles VDFs,15V50006,12/03/2025,12/03/2030,"1132 and 1140 Brant-Farnham Rd
Brant, NY 14006
(42.58839, -79.02909)"
Boonville Hot Mix Ashpalt Facility,2006 State Route 12,,Boonville,NY,13309,Lewis,6,3159424260,Barrett Paving Materials Inc,Private,C&D processing - registration,[25W01],Yes,473852,4819415,3.6 - Unknown type,Asphalt;Asphalt Millings,,,,"2006 State Route 12
Boonville, NY 13309
(43.52708, -75.32353)"
Zoladz Construction Company,13600 Railroad Street,,Alden,NY,14004,Erie,9,7169376575,Zoladz Construction Co.; Inc.,Private,CDDHRF - asphalt pavement and millings - registration,[15C20081],Yes,215820,4755135,4 - GIS Assisted,Asphalt Pavement;Asphalt Millings,15C20081,12/21/2021,12/20/2026,"13600 Railroad Street
Alden, NY 14004
(42.89549, -78.48019)"
Copart,4 West Ave,,Leroy,NY,14482,Genesee,8,5857688160,Copart Inc,Private,VDF - small - registration,[19V20013],Yes,255100,4763158,,,,,,"4 West Ave
Leroy, NY 14482
(42.98141, -78.00381)"
Cardinal Health 414; LLC,25 Fairchild Ave,Bldg. 25; #100,Plainview,NY,11803,Nassau,1,5163498001,Cardinal Health 414; LLC,Private,RMW - radiological storage - registration,[30J10132],Yes,629404,4517328,4.3 - Utilization of Digital Orthophoto Quads,Regulated Medical Waste,30J10132,11/14/2025,11/13/2030,"25 Fairchild Ave
Plainview, NY 11803
(40.79663, -73.46145)"
Weitsman Recycling; LLC - Binghamton Div.,10 Brandywine Avenue,,Binghamton,NY,13901,Broome,7,6077243244,Weitsman Recycling - Binghamton Division; LLC,Private,VDF - registration,[04V50037],Yes,425661,4662560,4.1 - Address Matching,End of Life Vehicles VDFs,04V50037,05/24/2023,06/27/2028,"10 Brandywine Avenue
Binghamton, NY 13901
(42.10474, -75.89741)"
Cash 4 Cars - Capital Region,8 Anderson Drive,,Albany,NY,12205,Albany,4,5184002274,Ernest Maier,Private,VDF - registration,[01V50102],Yes,600342,4726010,1 - No accuracy stated,End of Life Vehicles VDFs,01V50102,05/12/2025,05/11/2030,"8 Anderson Drive
Albany, NY 12205
(42.68083, -73.77515)"
Schroon Transfer Station,120 Alder Meadow Road,,Schroon,NY,12870,Essex,5,5185327737,Town of Schroon,County,RHRF - 5 tpd or less - registration,[16R10015],Yes,601031,4857023,4 - GIS Assisted,Container Glass;Mixed Commercial;Plastic,16R10015,07/29/2022,07/29/2027,"120 Alder Meadow Road
Schroon, NY 12870
(43.86189, -73.74374)"
WMNY LLC Harlem River Yard,98 Lincoln Avenue,,Bronx,NY,10454,Bronx,2,,Waste Management of NY; LLC,Private,Transfer facility - permit,[03T79],Yes,590254,4517776,,Construction & Demolition Debris;MSW (Residential/Institutional & Commercial),2-6007-00159/00009,05/04/2022,05/03/2027,"98 Lincoln Avenue
Bronx, NY 10454
(40.80753, -73.92963)"
Americus Auto Wreckers Inc. d/b/a All American Auto Wreckers,1383 Montauk Highway,,East Patchogue,NY,11772,Suffolk,1,6312865500,Cestaro Realty Inc.,Private,VDF - registration,[52V50261],Yes,672144,4515373,4.3 - Utilization of Digital Orthophoto Quads,End of Life Vehicles VDFs,52V50261,07/11/2019,07/10/2024,"1383 Montauk Highway
East Patchogue, NY 11772
(40.7711, -72.96069)"
CWMNY; Inc. Rochester Transfer,85 Silvarole Drive,,Rochester,NY,14623,Monroe,8,5852720731,Casella Waste Management of NY; Inc.,Private,RHRF - permit,[28RP0031],Yes,284282,4774005,4.2 - Utilization of GIS and existing spatial data,,8-2632-00365/00001,03/22/2024,03/21/2034,"85 Silvarole Drive
Rochester, NY 14623
(43.09022, -77.65109)"
Trout Enterprises; Inc,2410 Edwards Rd,,Waterloo,NY,13165,Seneca,8,3157895742,Joshua Trout,Private,VDF - registration,[50V50012],Yes,343408,4752401,,End of Life Vehicles VDFs,50V50012,08/13/2020,08/13/2025,"2410 Edwards Rd
Waterloo, NY 13165
(42.90811, -76.91799)"
Long Island Compost Farm #36,265 South Street,,Manorville,NY,11949,Suffolk,1,5163346600,Long Island Compost Corp.,Private,Composting - SSO - registration,[52P20344],Yes,682601,4525144,4.3 - Utilization of Digital Orthophoto Quads,Source Separated Organic Waste (SSOW);Food Scraps,52P10344,12/04/2024,12/03/2029,"265 South Street
Manorville, NY 11949
(40.85226, -72.83329)"
Oneida-Herkimer Solid Waste Authority - Leland Ave. Ext.,80 Leland Avenue,,Utica,NY,13502,Oneida,6,3157380417,Oneida Herkimer SWA,Municipal,CDDHRF - uncontaminated unadulterated wood - registration,[33C50002],Yes,484382,4771902,,Wood (Unadulterated Pallets),33C50002,03/02/2023,09/10/2028,"80 Leland Avenue
Utica, NY 13502
(43.10685, -75.21213)"
Greece (T) Transfer Station,635 Flynn Road,,Greece,NY,14612,Monroe,8,5857232376,Town of Greece,Municipal,Transfer facility - less than 50 tpd - registration,[28T10029],Yes,279500,4795900,1 - No accuracy stated,Asphalt;Tree Debris;Metals (Ferrous & Non-Ferrous);Concrete;Yard Trimmings;Brick;Soil (Clean);Storm Drain & Catch Basin;Waste Tires,28T10029,08/01/2022,07/31/2027,"635 Flynn Road
Greece, NY 14612
(43.28464, -77.71463)"
Watbro Recycling Inc,45 South Fourth Street,,Bayshore,NY,11706,Suffolk,1,6315868300,John Watral,Private,CDDHRF - uncontaminated soil sand gravel rock - registration,[52C60442],Yes,644146,4513830,,,52-0442,10/08/2025,10/09/2030,"45 South Fourth Street
Bayshore, NY 11706
(40.76269, -73.29481)"
Indian Lake Transfer Station,165 Chain Lakes Road,,Indian Lake,NY,12842,Hamilton,5,5186480223,Hamilton County Highway Dept,County,RHRF - registration,[21R30004],Yes,561122,4848758,,,21R30004,07/26/2022,07/26/2027,"165 Chain Lakes Road
Indian Lake, NY 12842
(43.78888, -74.23825)"
Colonie (T) SWMF,4 Arrowhead Lane,,Colonie,NY,12047,Albany,4,5187832827,Town of Colonie,Municipal,Household hazardous waste,[01Z26],Yes,603780,4739607,1.1 - Obtained from original submission and unverified process,,4-0126-00033/00001,04/05/2018,04/04/2028,"4 Arrowhead Lane
Colonie, NY 12047
(42.80257, -73.73063)"
SAM USED AUTO PARTS CORP,338 BRYANT AVENUE,,BRONX,NY,1074,Bronx,2,3472379242,Sam Used Auto Parts Corp.,,VDF - registration,[03V50013],Yes,594156,4518130,4.2 - Utilization of GIS and existing spatial data,End of Life Vehicles VDFs,03V50013,02/05/2025,02/04/2030,"338 BRYANT AVENUE
BRONX, NY 1074
(40.80856, -73.88395)"
Miller Environmental Group Inc,77 Stewart Ave,,Newburgh,NY,12550,Orange,3,6313894900,,,Used oil - permit,[36TP0001],Yes,577936,4595867,,,3-3346-00020/00003,10/02/2024,03/26/2028,"77 Stewart Ave
Newburgh, NY 12550
(41.51044, -74.06588)"
American Recycling Management LLC,172-33 Douglas Avenue,,Jamaica,NY,11433,Queens,2,7187392301,Christopher Hein,Private,Transfer facility - permit,[41T06],Yes,602608,4506728,,,2-6307-00108/00002,07/11/2019,07/10/2024,"172-33 Douglas Avenue
Jamaica, NY 11433
(40.7048, -73.78605)"
Carrier Salvage & Recycling Inc,2440 Wetmore Road,,Branchport,NY,14418,Yates,8,3155646800,Shelley Carrier,,Mobile vehicle crusher - registration,[62V60020],Yes,314091,4716951,1.1 - Obtained from original submission and unverified process,End of Life Vehicles VDFs,62V60020,10/22/2019,10/21/2024,"2440 Wetmore Road
Branchport, NY 14418
(42.58264, -77.26562)"
Superior Disposal TS,1180 Elmira Road,,Newfield,NY,14867,Tompkins,7,6072773000,Casella Waste Management NY,Private,CDDHRF - permit,[55CP0011],Yes,371400,4694500,4.2 - Utilization of GIS and existing spatial data,Construction & Demolition Debris,7-5034-00036/00002,10/23/2014,11/30/2024,"1180 Elmira Road
Newfield, NY 14867
(42.39111, -76.56213)"
Madison County West Side Extension LF,6663 Buyea Road,,Canastota,NY,13163,Madison,7,3153618408,Madison County  DSWS,County,Landfill - MSW - permit,[27LS0016],Yes,442587,4765079,4.2 - Utilization of GIS and existing spatial data,Treated RMW;MSW (Residential/Institutional & Commercial);Construction & Demolition Debris;Foundry Sand;Petroleum Contaminated Soil;Sewage Treatment Plant Sludge,7-2538-00011/00005,01/29/2018,11/01/2027,"6663 Buyea Road
Canastota, NY 13163
(43.0349, -75.70279)"
Waddingham Stock Area,26719 Waddingham Rd.,,Evans Mills,NY,13637,Jefferson,6,,Rusty VanTassel,Private,CDDHRF - asphalt pavement and millings - registration,[23C20006],Yes,432895,4879456,4.1 - Address Matching,Asphalt Millings;Asphalt,23C20006,04/14/2025,04/13/2030,"26719 Waddingham Rd.
Evans Mills, NY 13637
(44.06485, -75.83775)"
Tri-Municipal Wastewater Treatment Facility,345 Sheafe Rd.,,Wappingers Falls,NY,12590,Dutchess,3,8452975622,Tri-Municipal Sewer Commission,,Composting - biosolids/other - permit,[14PP0001],Yes,588891,4607589,,Biosolids,3-1346-00066/00013,04/21/2022,04/20/2027,"345 Sheafe Rd.
Wappingers Falls, NY 12590
(41.6157, -73.93263)"
Bapton Livestock Farms,310 Dutchtown road,,Ouaquaga,NY,13826,Broome,7,6076552937,Kenneth & Pat Worden,Private,Land application - UFPW - registration,[04A30004],Yes,0,0,4.1 - Address Matching,Unrecognizable Food Processing Waste,04A30004,04/03/2024,04/02/2029,"310 Dutchtown road
Ouaquaga, NY 13826
(42.12014, -75.64656)"
Nassau Suffolk Materials Inc.,255 North Fehr Way,,Bayshore,NY,11706,Suffolk,1,6314621632,George Condos,Private,CDDHRF - uncontaminated soil sand gravel rock - registration,[52C60313],Yes,644896,4514165,4.3 - Utilization of Digital Orthophoto Quads,Soil (Clean);Sand;Gravel;Rock,52-0313,03/04/2026,03/03/2031,"255 North Fehr Way
Bayshore, NY 11706
(40.76565, -73.28362)"
Brewster Auto Inc,444 Route 312,,Brewster,NY,10509,Putnam,3,8452799364,Marc Mier,Private,VDF - registration,[40V50002],Yes,615649,4587838,,End of Life Vehicles VDFs;Used Oil;Engine Coolant/Antifreeze;Lead-acid Batteries,40V50002,02/14/2019,02/13/2023,"444 Route 312
Brewster, NY 10509
(41.43332, -73.61564)"
Groff Land Clearing Debris Landfill,82 Brook Road,,Saratoga Springs,NY,12866,Saratoga,5,5185840586,Howard H. Jr & Cynthia P. Groff,Private,Landfill - land clearing debris,[46D06],Yes,595327,4770849,,Land Clearing Debris,46D06,05/09/1995,,"82 Brook Road
Saratoga Springs, NY 12866
(43.08526, -73.82833)"
Gershow Recycling (Medford),71 Peconic Ave.,,Medford,NY,11763,Suffolk,1,6312896188,Gershow Recycling Corporation,Private,Scrap metal processor - registration,[52V30411],Yes,661655,7297445,,Copper;Scrap Metal - Aluminum ;Scrap Metal - Ferrous ;Scrap Metal - Non-ferrous ;Electric Motors;Steel;Brass,52-0411,11/21/2025,11/20/2030,"71 Peconic Ave.
Medford, NY 11763
(40.81706, -72.98188)"
McEnroe Organic Farm,194 Coleman Station Rd,,Millerton,NY,12546,Dutchess,3,5187893252,Ray McEnroe,,Composting - source separated organic waste - permit,[14C03],Yes,622735,4640095,4.3 - Utilization of Digital Orthophoto Quads,Manure;Food Scraps,3-1338-00048/00009,02/25/2019,02/24/2024,"194 Coleman Station Rd
Millerton, NY 12546
(41.90328, -73.52031)"
Frankfort Land Clearing Debris Landfill,386 Gulf Road,,Frankfort,NY,13340,Herkimer,6,3157245461,Town of Frankfort,Municipal,Landfill - land clearing debris,[22D09],Yes,486983,4761943,4.2 - Utilization of GIS and existing spatial data,,22D09,01/14/2014,,"386 Gulf Road
Frankfort, NY 13340
(43.01028, -75.15945)"
Heroux Excavating; Inc.,626 Hwy 166,,Middlefield,NY,13326,Otsego,4,6074351141,Roger Heroux,Private,CDDHRF - uncontaminated soil sand gravel rock - registration,[39C63801],Yes,507530,4717346,1 - No accuracy stated,Soil (Clean);Rock;Gravel;Sand,39C63801,01/06/2026,01/05/2031,"626 Hwy 166
Middlefield, NY 13326
(42.60871, -74.90832)"
Bell Crossing LLC,355 Old Quarry Rd,,Feura Bush,NY,12067,Albany,4,,Bell Crossing LLC,,CDDHRF - storage only- concrete brick rock asphalt pavement - registration,[01CS3401],Yes,593337,4712411,1 - No accuracy stated,Concrete;Asphalt Millings;Asphalt Pavement;Rock;Sand;Gravel,01CS3401,09/25/2025,09/24/2030,"355 Old Quarry Rd
Feura Bush, NY 12067
(42.56029, -73.86198)"
Upstone Materials (Morrisonville Bank),Trombley Way,,Morrisonville,NY,12962,Clinton,5,5185615321,Upstone Materials Inc.,Private,CDDHRF - uncontaminated soil sand gravel rock - registration,[10C60019],Yes,614276,4948818,,Rock;Soil (Clean);Gravel,10C60019,02/23/2026,02/23/2031,
Clayton Transfer Station,36243 County Route 4,,Clayton (T),NY,13624,Jefferson,6,3156864310,Town of Clayton,Municipal,Transfer facility - less than 50 tpd - registration,[23T10013],Yes,407708,4893948,4.2 - Utilization of GIS and existing spatial data,MSW (Residential/Institutional & Commercial);Tree Debris;Yard Trimmings,23T10013,04/09/2024,04/08/2029,"36243 County Route 4
Clayton (T), NY 13624
(44.19242, -76.15458)"
Daniel Finley Allen & Co Inc,114 Sylvester Street,,Westbury,NY,11590,Nassau,1,5163335711,Daniel C. Allen,Private,CDDHRF - permit,[30CP0129],Yes,621437,4512963,4.3 - Utilization of Digital Orthophoto Quads,Construction & Demolition Debris;Metals (Ferrous);Metals (Non-Ferrous);Wood (Pallets & Crates);Asphalt;Brick;Concrete;Wood (Clean);Wood (Unadulterated);Paper / Cardboard;Plastics,1-2822-00479/00004,04/15/2026,04/14/2031,"114 Sylvester Street
Westbury, NY 11590
(40.75857, -73.56161)"
L & D Acquisition; LLC,One Lake Niagara Lane,,Naples,NY,14512,Ontario,8,5855319000,L & D Acquisition; LLC/dba Hazlitt Red Cat Cellars,Private,Land application - biosolids/septage/other - permit,[35AP0005],Yes,303334,4721961,4.3 - Utilization of Digital Orthophoto Quads,Unrecognizable Food Processing Waste,8-3238-00118/00001,06/16/2023,06/15/2033,"One Lake Niagara Lane
Naples, NY 14512
(42.6215, -77.39819)"
Colpitts Construction/DBA P.B Pumping Service,879 Stateline Road,,Windsor,NY,13865,Broome,7,6076553279,James Colpitts,,Land application - septage - registration,[04A40015],Yes,448025,465877,4.3 - Utilization of Digital Orthophoto Quads,Septage,04A40015,05/08/2023,05/07/2028,"879 Stateline Road
Windsor, NY 13865
(42.05184, -75.61032)"
Hemstreet Farm,30 Hemstreet Road,,Schaghticoke,NY,12154,Rensselaer,4,,New England Waste Services of ME Inc; DBA Casella Organics,Private,Land application - UFPW - registration,[42A34201],Yes,613434,4752158,,Unrecognizable Food Processing Waste,42A34201,04/01/2024,03/31/2029,"30 Hemstreet Road
Schaghticoke, NY 12154
(42.90925, -73.60666)"
LBD Enterprises (Sky High Farms),656 Chestnut Ridge Rd.,,Kirkville,NY,13082,Madison,7,3156873196,LBD Enterprises,Private,Land application - biosolids/septage/other - permit,[27AP0012],Yes,420505,4772381,4.3 - Utilization of Digital Orthophoto Quads,Biosolids,7-2548-00254/00001,05/08/2020,05/07/2030,"656 Chestnut Ridge Rd.
Kirkville, NY 13082
(43.11249, -75.95067)"
Tamarack Compost,5898 State Route 40,,Argyle,NY,12809,Washington,5,5188121940,Daniel Sill,,Composting - yard trimmings - registration,[58P10016],Yes,625433,4794691,,Yard Trimmings;Wood/Brush,58P10016,07/30/2024,07/29/2029,"5898 State Route 40
Argyle, NY 12809
(43.29467, -73.45385)"
St. Lawrence County Massena Transfer Station,49 Dump Road,,Massena,NY,13662,St. Lawrence,6,3157647312,St. Lawrence County,County,Transfer facility - permit,[45TP0019],Yes,509550,4971516,4.1 - Address Matching,MSW (Residential/Institutional & Commercial);Construction & Demolition Debris;Waste Tires,6-4058-00075/00004,11/08/2022,11/03/2027,"49 Dump Road
Massena, NY 13662
(44.8956, -74.87867)"
Sims Metal - Rome,7895 Tannery Road,,Rome,NY,13440,Oneida,6,3153372233,Simsmetal East LLC,Private,VDF - registration,[33V50006],Yes,457150,4787983,,End of Life Vehicles VDFs,33V50006,12/18/2023,03/05/2029,"7895 Tannery Road
Rome, NY 13440
(43.24304, -75.52838)"
White Post Wholesale Growers; Inc,395 Nugent Drive,,Calverton,NY,11933,Suffolk,1,6312714141,White Post Wholesale Growers Inc.,Private,Composting - yard trimmings - registration,[52P10408],Yes,727521,409071,,Yard Trimmings;Leaves,52-0408,09/23/2024,09/22/2029,"395 Nugent Drive
Calverton, NY 11933
(40.90707, -72.70508)"
White Post Wholesale Growers Yard Waste Transfer Station,160 Railroad Street,,Huntington Station,NY,11746,Suffolk,1,,,,Transfer facility - permit,[52TP0393],Yes,7342,40843,1 - No accuracy stated,Yard Trimmings;Wood (Chips);Tree Debris,1-4726-00122/00001,,,"160 Railroad Street
Huntington Station, NY 11746
(40.84351, -73.42505)"
Oceanside Transfer Station,3737 Long Beach Road,,Oceanside,NY,11572,Nassau,1,5163784210,Town of Hempstead Department of Sanitation,Municipal,Transfer facility - permit,[30TP0110],Yes,615142,4497197,4.2 - Utilization of GIS and existing spatial data,Yard Waste;White Goods;Concrete;Construction & Demolition Debris;Metals (Ferrous & Non-Ferrous),1-2820-00435/00008,02/05/2019,02/04/2024,"3737 Long Beach Road
Oceanside, NY 11572
(40.61796, -73.64121)"
North End Auto Repair & Salvage Inc - Pine Street,78 Lower Pine Street,,Potsdam,NY,13676,St. Lawrence,6,3152440822,Belinda J. Martin Stone,Private,Motor vehicle repair shop - registration,[45V40007],Yes,499943,4947023,4.1 - Address Matching,End of Life Vehicles VDFs,45V40007,11/15/2019,11/14/2024,"78 Lower Pine Street
Potsdam, NY 13676
(44.67661, -74.99967)"
Pohls Dairy Farm,5204 State Hwy 30,,Esperance,NY,12066,Schoharie,4,5189133185,New England Waste Services of ME; Inc. DBA Casella Organics,Private,Land application - UFPW - registration,[48A33001],Yes,562164,4735996,1 - No accuracy stated,Sludge (Papermill),48A33001,10/30/2024,10/29/2029,"5204 State Hwy 30
Esperance, NY 12066
(42.77567, -74.24224)"
New Enterprise Stone & Lime; Co.; Inc. - Barton Facility,91 Barton Road,,Lancaster,NY,14086,Erie,9,7165669633,New Enterprise Stone & Lime Co.; Inc.,Private,C&D processing - registration,[15W63],Yes,202092,4762070,4.2 - Utilization of GIS and existing spatial data,Asphalt,15W63,07/06/2016,,"91 Barton Road
Lancaster, NY 14086
(42.95501, -78.6523)"
City of Niagara Falls Corporation Yard,1785 New Road,,Niagara Falls,NY,14304,Niagara,9,7162864840,City of Niagara Falls,Municipal,Composting - yard trimmings - registration,[32P10015],Yes,174123,4780454,4.2 - Utilization of GIS and existing spatial data,Leaves,32P10015,10/13/2021,10/13/2026,"1785 New Road
Niagara Falls, NY 14304
(43.10511, -79.00631)"
Chenango County Landfill,439 County Road 47,,Norwich,NY,13815,Chenango,7,6073371790,Chenango County,County,Landfill - MSW - permit,[09LS0009],Yes,444503,4713241,4.3 - Utilization of Digital Orthophoto Quads,Treated RMW;MSW (Residential/Institutional & Commercial);Construction & Demolition Debris;Asbestos (Friable);Industrial;Sewage Treatment Plant Sludge,7-0848-00005/00003,07/08/2015,07/07/2025,"439 County Road 47
Norwich, NY 13815
(42.56634, -75.67491)"
Hiram Hollow Regeneration Corp,100 Washburn Road,,Gansevoort,NY,12831,Saratoga,5,5187931098,Casella Waste Management Inc,Private,CDDHRF - permit,[46CP0014],Yes,605604,4784011,,,5-4156-00046/00002,03/12/2019,03/11/2029,"100 Washburn Road
Gansevoort, NY 12831
(43.2033, -73.70032)"
New Style Recycling Corp,49-10 Grand Avenue,,Maspeth,NY,11378,Queens,2,7183264175,Antoinette Cristina,Private,CDDHRF - permit,[41CP0053],Yes,591321,4507925,,Construction & Demolition Debris;Soil (Clean);Wood (Clean);Concrete;Metals (Non-Ferrous);Metals (Ferrous);Wood (Unadulterated);Paper / Cardboard;Plastics;Waste Tires;Wood (Unadulterated Pallets),2-6304-00021/00003,03/08/2022,03/08/2027,"49-10 Grand Avenue
Maspeth, NY 11378
(40.71745, -73.91915)"
Prentice Auto Parts,1875 Lewiston Road,,Basom,NY,14013,Genesee,8,5858134620,Ronald Swimline,Private,VDF - small - registration,[19V20019],Yes,226903,4777073,,,,,,"1875 Lewiston Road
Basom, NY 14013
(43.0963, -78.35654)"
Tully Environmental Inc,127-20 34th Avenue,,Flushing,NY,11368,Queens,2,7184465001,Tully Environmental Inc.,Private,Transfer facility - permit,[41TP0095],Yes,597760,4512852,4.3 - Utilization of Digital Orthophoto Quads,MSW (Residential/Institutional & Commercial);Corrugated Cardboard;Metals (Ferrous & Non-Ferrous),2-6302-00259/00005,10/07/2019,10/06/2024,"127-20 34th Avenue
Flushing, NY 11368
(40.76065, -73.8424)"
Brookhaven Waste Management Facility,350 Horseblock Road,,Yaphank,NY,11719,Suffolk,1,6312868551,Town of Brookhaven,Municipal,HHW collection facility - permit,[52HP0226],Yes,674500,4518200,4.2 - Utilization of GIS and existing spatial data,Household hazardous waste (all types),1-4722-00300/00005,07/29/2022,07/28/2027,"350 Horseblock Road
Yaphank, NY 11719
(40.80001, -72.92581)"
Dumbleton Used Auto Parts Inc,7223 Morrow Road,,Pavilion,NY,14525,Wyoming,9,5855843458,Dennis Dumbleton and Sharon West,Private,VDF - registration,[61V50011],Yes,254336,4744922,1 - No accuracy stated,End of Life Vehicles VDFs,61V50011,08/01/2024,08/01/2029,"7223 Morrow Road
Pavilion, NY 14525
(42.8174, -78.00539)"
Conquest TS (T),1737 Bush Hill Road,,Port Byron,NY,13140,Cayuga,7,3157764539,Town of Conquest,Municipal,Transfer facility - less than 50 tpd - registration,[06T10009],Yes,367707,4774755,,MSW (Residential/Institutional & Commercial),06T10009,04/18/2023,05/04/2028,"1737 Bush Hill Road
Port Byron, NY 13140
(43.1139, -76.6265)"
OCRRA - Jamesville Compost,4370  State Route 91,,Jamesville,NY,13078,Onondaga,7,3154532866,Onondaga County Resource Recovery Agency,,Mulch processing - registration,[34M10047],Yes,413404,4759327,,Tree Debris,34M10047,05/09/2023,05/10/2028,"4370  State Route 91
Jamesville, NY 13078
(42.98219, -76.06822)"
Columbia University Irving Medical Center,722 W. 168th Street,,New York,NY,10032,New York,2,2123051506,The Trustees of Columbia University in the City of New York,Private,RMW - treatment at the site of generation - registration,[31J20025],Yes,589068,4521798,4.3 - Utilization of Digital Orthophoto Quads,Regulated Medical Waste,31J20025,11/17/2020,11/17/2025,"722 W. 168th Street
New York, NY 10032
(40.8426, -73.94299)"
Fox Salvage,4462 County Road 1,,Canandaigua,NY,14424,Ontario,8,5853942910,Thomas Fox,Private,VDF - registration,[35V50020],Yes,315955,4742404,,End of Life Vehicles VDFs,35V50020,11/02/2020,11/01/2025,"4462 County Road 1
Canandaigua, NY 14424
(42.81207, -77.25132)"
Mooers Transfer Station,1590 North Star Road,,Mooers Forks,NY,12959,Clinton,5,5182367577,Clinton County,County,Transfer facility - less than 50 tpd - registration,[10T10006],Yes,606981,4981324,1 - No accuracy stated,Construction & Demolition Debris;MSW (Residential/Institutional & Commercial);Commingled Containers;Corrugated Cardboard;Industrial Scrap Metal;Other - Glass;Waste Tires,10T10006,07/26/2024,07/25/2029,"1590 North Star Road
Mooers Forks, NY 12959
(44.97628, -73.64656)"
Lowman Drop-off Center,1488 County Rte 60,,Lowman,NY,14861,Chemung,8,6077372301,Chemung County,County,Transfer facility - less than 50 tpd - registration,[08T10012],Yes,360714,4654334,,MSW (Residential/Institutional & Commercial);Single Stream,08T10012,01/31/2025,01/30/2030,
Future Healthcare Systems Inc,110 Edison Avenue,,Mount Vernon,NY,10550,Westchester,3,9146644791,Future Healthcare Systems Inc,Private,RMW - permit,[60V01],Yes,599067,4527617,,,3-5508-00309/00001,07/31/2024,07/30/2029,"110 Edison Avenue
Mount Vernon, NY 10550
(40.89404, -73.8239)"
Momentum Materials Management,0 N. Industrial Park Road,,Bath,NY,14810,Steuben,8,,,,CDDHRF - permit,[51CP0009],Yes,310508,4692975,4.2 - Utilization of GIS and existing spatial data,Construction & Demolition Debris,8-4624-00207/00001,01/05/2024,01/04/2034,
Bethel TS,608 Old White Lake Turnpike,,White Lake,NY,12783,Sullivan,3,8452924505,Town of Bethel,Municipal,Transfer facility - less than 50 tpd - registration,[53T10001],Yes,517113,4618207,,Commingled Paper & Containers;MSW (Residential/Institutional & Commercial);Commingled Plastics,53T10001,05/07/2024,05/06/2029,"608 Old White Lake Turnpike
White Lake, NY 12783
(41.71513, -74.79435)"
Portville (V) WWTP,1 Dike Street,,Portville,NY,14770,Cattaraugus,9,7169336199,Village of Portville WWTP,Municipal,Composting - biosolids/other - permit,[05PP0029],Yes,223339,4659300,4 - GIS Assisted,,9-0474-00008/00003,12/15/2021,12/14/2031,"1 Dike Street
Portville, NY 14770
(42.0368, -78.33932)"
Long Lake Transfer Station & Recyclables Collection Site,Route 28N,,Long Lake,NY,12847,Hamilton,5,5186243001,Town of Long Lake,Municipal,Transfer facility - less than 50 tpd - registration,[21T10007],Yes,549836,4869605,4 - GIS Assisted,MSW (Residential/Institutional & Commercial),21T10007,07/29/2022,07/29/2027,
Monroe County Compost Facility - Van Lare,1574 Lake Shore Blvd.,,Rochester,NY,14617,Monroe,8,,Monroe County Dept. of Environmental Services,County,Composting - yard trimmings - registration,[28P10004],Yes,290976,4790557,4 - GIS Assisted,Yard Trimmings,28P10004,01/18/2024,01/17/2029,"1574 Lake Shore Blvd.
Rochester, NY 14617
(43.24093, -77.57355)"
Gernatt Asphalt Products; Inc. - Vogtli Plant,191 Broadway Road,,Persia,NY,14070,Cattaraugus,9,7165323371,Gernatt Asphalt Products; Inc.,Private,CDDHRF - concrete; rock; brick; asphalt pavement or millings - registration,[05C90033],Yes,176902,4707151,4.2 - Utilization of GIS and existing spatial data,Asphalt Millings;Asphalt Pavement;Brick;Concrete,05C90033,04/02/2025,04/02/2030,"191 Broadway Road
Persia, NY 14070
(42.45143, -78.92906)"
Pharmalogic Holdings; Corp,6464 Ridings Road,,Syracuse,NY,13206,Onondaga,7,3154636451,Pharmalogic Holdings Corp,Private,Regulated medical waste - radiopharmacy,[34X02],Yes,409795,4770826,,,7-3126-00225/00003,11/01/2016,10/31/2026,"6464 Ridings Road
Syracuse, NY 13206
(43.08476, -76.10852)"
Modern Landfill; Inc.,1445 Pletcher Road,,Model City,NY,14107,Niagara,9,7167548226,Modern Corporation,Private,C&D processing - permit,[32W10],Yes,176826,4792068,4.2 - Utilization of GIS and existing spatial data,Construction & Demolition Debris,9-2924-00016/00043,10/29/2013,10/28/2023,"1445 Pletcher Road
Model City, NY 14107
(43.20882, -78.98108)"
Empire Recycling Services (Astoria Carting),538 Stewart Avenue,,Brooklyn,NY,11222,Kings,2,7183872077,Daniel M. Colasuonno,Private,CDDHRF - permit,[24CP0074],Yes,590100,4508847,,Construction & Demolition Debris,2-6101-0006/00002,06/13/2024,06/12/2034,"538 Stewart Avenue
Brooklyn, NY 11222
(40.72558, -73.93323)"
Starks Gravel Pit,141 Briggs Road,,Westville,NY,12926,Franklin,5,5183582831,Judith Stark,Private,CDDHRF - asphalt pavement and millings - registration,[17C20014],Yes,547727,4981622,1 - No accuracy stated,Asphalt Pavement;Asphalt Millings,17C20014,04/21/2023,04/21/2028,"141 Briggs Road
Westville, NY 12926
(44.98702, -74.38856)"
Peckham Materials - Bedford Hills,281 Rte 117 Bypass Rd,,Bedford Hills,NY,10507,Westchester,3,9142413779,Peckham Materials Corp,Private,C&D processing - registration,[60W12],Yes,610756,4567042,,Concrete;Asphalt;Rock;Brick;Soil (Clean),60W12,,,"281 Rte 117 Bypass Rd
Bedford Hills, NY 10507
(41.2469, -73.67917)"
Munter Pit Land Clearing Debris Landfill,881 Murray Road,,Middle Grove,NY,12850,Saratoga,5,5185846174,Munter Enterprises,Private,Landfill - land clearing debris,[46D22],Yes,588905,4769666,,Land Clearing Debris,46D22,05/14/2002,,"881 Murray Road
Middle Grove, NY 12850
(43.07375, -73.90666)"
Gernatt Asphalt Products; Inc. - Westfield Plant,7802 Persons Road,,Westfield,NY,14787,Chautauqua,9,7167933371,Gernatt Asphalt Products; Inc.,Private,CDDHRF - uncontaminated soil sand gravel rock - registration,[07C60068],Yes,123647,4697437,,Soil (Clean);Sand;Gravel;Rock,07C60068,04/03/2025,04/03/2030,"7802 Persons Road
Westfield, NY 14787
(42.33893, -79.5692)"
Orchard Park Yard Waste Reclamation Center,6909 Milestrip Road,,Orchard Park,NY,14127,Erie,9,7166676066,Town of Orchard Park,Municipal,Landfill - land clearing debris,[15D47],Yes,194781,4743987,4.3 - Utilization of Digital Orthophoto Quads,,15D47,10/09/2002,,"6909 Milestrip Road
Orchard Park, NY 14127
(42.78909, -78.7322)"
University of Rochester,601 Elmwood Ave,,Rochester,NY,14642,Monroe,8,5852754699,University of Rochester,,RMW - treatment at the site of generation - registration,[28J20043],Yes,286520,4777809,1 - No accuracy stated,Regulated Medical Waste,28J20043,04/08/2026,06/11/2026,"601 Elmwood Ave
Rochester, NY 14642
(43.1239, -77.62437)"
Road Side Sand Pit,Maloney Road,,Johnstown,NY,12095,Fulton,5,,Eric Pareene,,CDDHRF - uncontaminated soil sand gravel rock - registration,[18C60012],Yes,556656,4762710,,Sand;Soil (Clean);Rock;Gravel,18C60012,02/07/2024,02/06/2029,
Halsted Processing Shale Mine,312 Old Plank Road,,Coxsackie,NY,12051,Greene,4,5183653754,John E. Halsted,Private,Composting - yard trimmings - registration,[20P12801],Yes,590465,4690362,,Yard Trimmings,20P12801,04/24/2024,04/23/2029,"312 Old Plank Road
Coxsackie, NY 12051
(42.35173, -73.85511)"
Millennium Paper Recycling Inc,25 North Airmont Road,,Airmont,NY,10901,Rockland,3,8453693111,Interstate Waste Services Inc.,Private,RHRF - greater than 5 tpd - registration,[44R20001],Yes,574697,4551912,,Commingled Paper;Commingled Containers;Source Separated Recyclables (Metal/Glass/Paper/Plastic);Paper / Cardboard;Glass;Plastics;Wood (Unadulterated Pallets),44R20001,07/31/2018,07/31/2023,"25 North Airmont Road
Airmont, NY 10901
(41.1143, -74.111)"
Granby Mine,County Route 85,,Granby,NY,13069,Oswego,7,3154335115,Syracuse Sand & Gravel LLC,Private,CDDHRF - uncontaminated soil sand gravel rock - registration,[38C60012],Yes,379201,4801876,1.1 - Obtained from original submission and unverified process,Sand;Rock;Soil (Clean);Gravel,38C60012,07/12/2024,07/11/2029,"County Route 85
Granby, NY 13069
(43.23385, -76.4609)"
Chemung County Sanitary Landfill,1488 County Route 60,,Chemung,NY,14825,Chemung,8,8002273552,Chemung County,County,Landfill - MSW - permit,[08LS0021],Yes,360822,4654736,,Non-Radioactive;Construction & Demolition Debris;Petroleum Contaminated Soil;Industrial;MSW (Residential/Institutional & Commercial),8-0728-00004/00013,06/02/2016,06/01/2026,"1488 County Route 60
Chemung, NY 14825
(42.029, -76.68235)"
Zuech's Environmental Services Inc.,8312 Rt. 98,,Franklinville,NY,14737,Cattaraugus,9,7166763388,Eric Zuech,,Land application - septage - registration,[05A40003],Yes,215973,4696611,1 - No accuracy stated,Septage,05A40003,08/29/2023,08/29/2028,"8312 Rt. 98
Franklinville, NY 14737
(42.36755, -78.45057)"
Orzeck Auto Repair,256 Angel Hill Road,,New Berlin,NY,13411,Chenango,7,6078476667,Beverly J. Orzeck,Private,VDF - small - registration,[09V20014],Yes,471203,4717863,,End of Life Vehicles VDFs,09V20014,03/08/2019,03/07/2024,"256 Angel Hill Road
New Berlin, NY 13411
(42.61432, -75.34005)"
Saratoga Springs Transfer Station,41 Weibel Avenue,,Saratoga Springs,NY,12866,Saratoga,5,5185811430,City of Saratoga Springs,Municipal,Transfer facility - less than 50 tpd - registration,[46T10010],Yes,602208,4771575,,MSW (Residential/Institutional & Commercial),46T10010,11/03/2023,11/02/2028,"41 Weibel Avenue
Saratoga Springs, NY 12866
(43.08954, -73.74345)"
Hurds Farm Compost,205 Hurds Road,,Clintondale,NY,12515,Ulster,3,8456566070,Hurds Orcahrds LLC,,Composting - source separated organic waste - registration,[56C03],Yes,578486,4617059,,,56C03,,,"205 Hurds Road
Clintondale, NY 12515
(41.70516, -74.06534)"
NYSDOH - David Axelrod Institute,Wadsworth Center; NYS Department of Health,120 New Scotland Avenue,Albany,NY,12208,Albany,4,5184733837,NYS Department of Health,State,Regulated medical waste - onsite treatment,[01Q04],Yes,599999,4722856,,,4-0101-00118/00003,02/03/2014,03/31/2020,
Heuvelton (Village) Land Application Facility,Various fields in Oswegatchie (T) and Heuvelton (V),,Oswegatchie (T)/Heuvelton (V),NY,13654,St. Lawrence,6,3153442214,Village of Heuvelton,Municipal,Land application - biosolids/septage/other - permit,[45AP0032],Yes,467427,4939873,4.1 - Address Matching,Biosolids,6-4064-00008/00004,08/14/2020,08/13/2025,
Gernatt Asphalt Products; Inc. - Springville Plant,13650 Benz Drive,,Concord,NY,14141,Erie,9,7165923371,Gernatt Asphalt Products; Inc.,Private,CDDHRF - uncontaminated soil sand gravel rock - registration,[15C60108],Yes,199999,4711965,4.2 - Utilization of GIS and existing spatial data,Rock;Soil (Clean),15C60108,11/22/2023,11/22/2028,"13650 Benz Drive
Concord, NY 14141
(42.5026, -78.65091)"
Copake Convenience Station,County Route 7A,,Copake,NY,12526,Columbia,4,5183292151,Columbia County,County,Transfer station - registration,[11R32],Yes,619384,4664962,,MSW (Residential/Institutional & Commercial);Single Stream,11R32,,,
B & B Salvage,5079 NY 67,,Hoosick Falls,NY,12090,Rensselaer,4,5186867716,Robert Brenenstuhl,Private,VDF - small - registration,[42V22801],Yes,637542,4754343,,End of Life Vehicles VDFs,42V22801,06/14/2019,06/14/2024,"5079 NY 67
Hoosick Falls, NY 12090
(42.92938, -73.31332)"
Taylor Transfer Station Owego,352 Glenmary Drive,,Owego,NY,13827,Tioga,7,6076876710,Robert Taylor,Private,Transfer station - permit,[54T02],Yes,392976,4661606,3.1 - Sportsman Hand-Held Unit (w/ Selective Availability on),MSW (Residential/Institutional & Commercial);Construction & Demolition Debris;Waste Tires;Metals (Ferrous & Non-Ferrous),7-4936-00023/00001,09/27/2016,09/29/2026,"352 Glenmary Drive
Owego, NY 13827
(42.10027, -76.29464)"
Skyline LLC,54 Comsewogue Road,,East Setauket,NY,11733,Suffolk,1,6314034131,Louis J. Bove,Private,C&D processing - registration,[52W19R],Yes,661081,4533079,4.3 - Utilization of Digital Orthophoto Quads,Asphalt;Concrete;Rock;Soil (Clean);Brick;Construction & Demolition Debris,52W19R,,,"54 Comsewogue Road
East Setauket, NY 11733
(40.93424, -73.08393)"
Wee Hauler; LLC,3517 Railroad Ave,,Alexander,NY,14005,Genesee,8,7164742652,Calvin Whitmore,Private,Land application - Third Party CAFO Applier - registration,[19A60026],Yes,377390,322103,4.2 - Utilization of GIS and existing spatial data,Manure,19A60026,01/24/2024,01/23/2029,"3517 Railroad Ave
Alexander, NY 14005
(42.89964, -78.24849)"
NYCDOS-NORTH SHORE MTS,31 AVE & FLUSHING BAY,,College Point,NY,11354,Queens,2,2128378030,NYC Department of Sanitation,Municipal,Transfer facility - permit,[41TP0001],Yes,597307,4513857,,MSW (Residential/Institutional & Commercial),2-6302-00007/00019,06/17/2022,06/16/2032,
Clark's Used Auto Parts,52 Vandusen Road,,Queensbury,NY,12804,Warren,5,5187931811,Robert R Clark,Private,Motor vehicle repair shop - registration,[57V40013],Yes,604787,4794304,,End of Life Vehicles VDFs,57V40013,10/04/2019,10/03/2024,"52 Vandusen Road
Queensbury, NY 12804
(43.29777, -73.7086)"
Carlsoncorp; Inc.,140 Old Northport Road,,Kings Park,NY,11754,Suffolk,1,6313684000,Toby Alan Carlson,Private,Mulch processing - permit,[52MP0368],Yes,644600,4526700,,,1-4734-00304/00005,02/07/2022,02/07/2027,"140 Old Northport Road
Kings Park, NY 11754
(40.87867, -73.28367)"
Moscow Road Pit,1700-1712 Moscow Road,,Hamlin,NY,14464,Monroe,8,5855894481,Keeler Construction; Inc.,Private,CDDHRF - concrete rock brick - registration,[28C10027],Yes,258617,4804225,4.2 - Utilization of GIS and existing spatial data,Concrete;Rock,28C10027,02/16/2022,02/15/2027,"1700-1712 Moscow Road
Hamlin, NY 14464
(43.3504, -77.97777)"
Lyme Transfer Station,27990 County Route 57,,Three Mile Bay,NY,13693,Jefferson,6,3156495165,Town of Lyme,Municipal,Transfer facility - less than 50 tpd - registration,[23T10015],Yes,400775,4880692,4.1 - Address Matching,Yard Trimmings;Construction & Demolition Debris;MSW (Residential/Institutional & Commercial),23T10015,11/21/2024,11/20/2029,"27990 County Route 57
Three Mile Bay, NY 13693
(44.07246, -76.23854)"
Franklin County Regional Landfill,828 County Route 20,,Constable,NY,12926,Franklin,5,5184838270,County of Franklin SWMA,County,Landfill - MSW - permit,[17LS0001],Yes,552124,4980020,,MSW (Residential/Institutional & Commercial);Construction & Demolition Debris;Sewage Treatment Plant Sludge;Asbestos (Friable & Non-Friable),5-1699-00003/00005,08/21/2023,01/28/2029,"828 County Route 20
Constable, NY 12926
(44.97388, -74.34491)"
TCI of NY; LLC,99 Coeymans Industrial Park Land,,Coeymans,NY,12045,Albany,4,5188289997,,,Used oil - permit,[01QP9101],Yes,598,4704,1 - No accuracy stated,,4-0124-00139,04/06/2023,04/05/2033,"99 Coeymans Industrial Park Land
Coeymans, NY 12045
(42.48314, -73.80156)"
Savannah (T) Rural TS,1717 North Main Street,Town Highway Barn,Savannah,NY,13146,Wayne,8,3153653351,Town of Savannah,Municipal,Transfer facility - less than 50 tpd - registration,[59T10025],Yes,356595,4770319,4.2 - Utilization of GIS and existing spatial data,One Day Annual Bulk Cleanup,59T10025,04/08/2026,09/19/2027,"1717 North Main Street
Savannah, NY 13146
(43.07185, -76.7604)"
Town of Salisbury Transfer Station,2290 State Route 29,,Salisbury (T),NY,13454,Herkimer,6,3154293223,Town of Salisbury,Municipal,Transfer facility - less than 50 tpd - registration,[22T10013],Yes,515896,4775976,,MSW (Residential/Institutional & Commercial);Single Stream;Bulk Metal,22T10013,02/07/2025,02/06/2030,"2290 State Route 29
Salisbury (T), NY 13454
(43.13641, -74.80456)"
SIMS Metal East LLC Middletown,820 Route 211 East,,Middletown,NY,10940,Orange,3,8456924640,Sims Metal East LLC,Private,Scrap metal processor - registration,[36V30002],Yes,554282,4590679,,Scrap Metal - Ferrous ;Scrap Metal - Non-ferrous,36V30002,02/13/2024,02/12/2029,"820 Route 211 East
Middletown, NY 10940
(41.47504, -74.46651)"
Genesee North Pit,6080 Genesee Street,,Lancaster,NY,14086,Erie,9,7166514642,MJJ Property Management LLC,Private,Composting - yard waste  - registration,[15Y42],Yes,205228,4761010,4.2 - Utilization of GIS and existing spatial data,Yard Trimmings,15Y42,09/28/2016,,"6080 Genesee Street
Lancaster, NY 14086
(42.94438, -78.61301)"
Thalle Industries Inc Elmsford Facility,South Warehouse Lane,,Greenburgh,NY,10607,Westchester,3,9147623415,Thalle Industries Inc.,Private,CDDHRF - permit,[60W15],Yes,599259,4546288,,Asphalt;Brick;Concrete;Soil (Clean);Rock,60W15,11/26/2002,,
Crown Recycling Facility,865 Youngs Ave.,,Riverhead,NY,11901,Suffolk,1,6317273939,Crown Sanitation,Private,Transfer facility - permit,[52TP0248],Yes,692135,4535254,4.2 - Utilization of GIS and existing spatial data,MSW (Residential/Institutional & Commercial);Commingled Paper & Containers;Corrugated Cardboard;Newspaper;Metals (Ferrous & Non-Ferrous),1-4730-00371/00001,05/16/2025,05/15/2027,"865 Youngs Ave.
Riverhead, NY 11901
(40.94597, -72.71721)"
The Auto Undertakers,263 Woodward Rd,,Nassau,NY,12123,Rensselaer,4,5187665865,The Auto Undertakers,,Mobile vehicle crusher - registration,[42V63001],Yes,610937,4704601,3 - Global Positioning System (GPS),Decommissioned ELVs SMPs,42V53001,03/12/2025,03/11/2030,"263 Woodward Rd
Nassau, NY 12123
(42.48673, -73.64891)"
A J Recycling Inc (Roll-Tech),325 Faile Street,,Bronx,NY,10474,Bronx,2,7183287334,Andrew Bullaro,Private,CDDHRF - permit,[03CP0041],Yes,594080,4517969,2.1 - NYSDEC 100 m grid collection,Construction & Demolition Debris,2-6007-00137/00006,04/18/2022,04/17/2027,"325 Faile Street
Bronx, NY 10474
(40.80774, -73.88472)"
Newcomb Transfer Station,Hudson River Dr,,Newcomb,NY,12852,Essex,5,5185823211,Town of Newcomb,County,Transfer facility - less than 50 tpd - registration,[16T10013],Yes,569433,4868058,4 - GIS Assisted,MSW (Residential/Institutional & Commercial),16T10013,07/29/2022,07/29/2027,
Skibos Auto Parts,361 State Street,,Throop,NY,13021,Cayuga,7,3152535031,Andrew J. Leja,,VDF - registration,[06V50025],Yes,371105,4756951,4 - GIS Assisted,Decommissioned ELVs SMPs,06V50025,04/26/2022,04/26/2027,"361 State Street
Throop, NY 13021
(42.95323, -76.57931)"
H.U.R.B. Landscaping; Inc.,4278 Albany Street,,Albany,NY,12205,Albany,4,5184645030,RUUM Enterprises; LLC,Private,CDDHRF - uncontaminated unadulterated wood - registration,[01C50109],Yes,593065,4731478,4.1 - Address Matching,Construction & Demolition Debris,01P10106,04/18/2024,04/17/2029,"4278 Albany Street
Albany, NY 12205
(42.73, -73.86312)"
East Hampton Recycling & Disposal Center,260 Springs Fireplace Road,,East Hampton,NY,11937,Suffolk,1,6313247191,Town of East Hampton,Municipal,Transfer facility - permit,[52TP0255],Yes,737962,4541622,4.2 - Utilization of GIS and existing spatial data,Construction & Demolition Debris;MSW (Residential/Institutional & Commercial);Commingled Paper & Containers;Tree Debris;Corrugated Cardboard;Newspaper;White Goods;Electronics;Waste Tires,1-4724-00127/00004,06/09/2025,06/08/2030,"260 Springs Fireplace Road
East Hampton, NY 11937
(40.98877, -72.16961)"
Fenix Parts - Syracuse,8572 Brewerton Road,,Cicero,NY,13039,Onondaga,7,3156994000,Fenix Parts Syracuse LLC,Private,VDF - registration,[34V50001],Yes,408787,4781945,,Scrap Metal - Ferrous ;Mercury Switches;Waste Tire;Lead-acid Batteries;End of Life Vehicles VDFs,34V50001,09/17/2025,09/16/2030,"8572 Brewerton Road
Cicero, NY 13039
(43.18455, -76.12279)"
Vermi-Green LLC (Formerly Empire Recycling RJH Inc),744 Yellow Mills Road,,Palmyra,NY,14522,Ontario,8,5852897267,Ryan Heberle,Private,Composting - SSO - registration,[35P20014],Yes,316140,4767477,1 - No accuracy stated,Source Separated Organic Waste (SSOW),35P20014,09/08/2023,09/07/2028,"744 Yellow Mills Road
Palmyra, NY 14522
(43.03793, -77.2564)"
Fleischmann's Vinegar Company; Inc,4754 State Route 414,,North Rose,NY,14516,Wayne,8,3155874414,Kerry; Inc.,,Land application - UFPW - registration,[59A31001],Yes,346814,4781942,1 - No accuracy stated,Unrecognizable Food Processing Waste,59A31001,04/29/2025,04/28/2030,"4754 State Route 414
North Rose, NY 14516
(43.17651, -76.88624)"
ReWorld Recovery; LLC,4870 Packard Road,,Niagara Falls,NY,14304,Niagara,9,7163626533,Reworld Recovery LLC,Private,Nonspecific facility - permit,[32XP0024],Yes,174157,4779581,4 - GIS Assisted,,9-2911-00035/00021,12/01/2020,11/30/2025,"4870 Packard Road
Niagara Falls, NY 14304
(43.09785, -79.00416)"
Barefoot Septic & Sewer Inc,2920 Telephone Rd,,Caledonia,NY,14423,Livingston,8,5855384886,Scott Barefoot,Private,Storage - septage - registration,[26A50016],Yes,265727,4755200,,Septage,26A50016,08/06/2025,08/05/2030,"2920 Telephone Rd
Caledonia, NY 14423
(42.91446, -77.87057)"
Gernatt Asphalt Products; Inc. - Delevan Plant,11802 Route 16,,Yorkshire,NY,14042,Cattaraugus,9,7164920250,Gernatt Asphalt Products; Inc.,,CDDHRF - uncontaminated soil sand gravel rock - registration,[05C60032],Yes,214527,4712227,4.2 - Utilization of GIS and existing spatial data,Soil (Clean);Sand;Gravel;Rock,05C60032,04/03/2025,04/03/2030,"11802 Route 16
Yorkshire, NY 14042
(42.51207, -78.47835)"
Gilbert Excavating,685 County Route 3,,Fulton,NY,13069,Oswego,7,3155932472,John Gilbert,Private,Land application - septage - registration,[38A40010],Yes,386400,4797282,4.3 - Utilization of Digital Orthophoto Quads,Septage,38A40010,04/14/2023,05/04/2028,"685 County Route 3
Fulton, NY 13069
(43.32382, -76.48932)"
JMI Ripley SWMF,9087 Old Route 20,,Ripley,NY,14775,Chautauqua,9,7166645108,Jamestown Macadam; Inc.,Private,CDDHRF - uncontaminated soil sand gravel rock - registration,[07C60065],Yes,116914,4692370,,Soil (Clean);Sand;Gravel;Rock,07C60065,07/06/2023,07/06/2028,"9087 Old Route 20
Ripley, NY 14775
(42.29279, -79.65032)"
Waste Stream Management Transfer Station,51 Junction Road,,Malone,NY,12953,Franklin,5,3152653860,Waste Stream Inc.,Private,Transfer facility - permit,[17TP0003],Yes,558070,4967981,4 - GIS Assisted,MSW (Residential/Institutional & Commercial),5-1648-00102/00001,11/27/2023,04/30/2034,"51 Junction Road
Malone, NY 12953
(44.86073, -74.26759)"
WM Larned & Sons - 544 Burdeck,544 Burdeck St.,,Rotterdam,NY,12306,Schenectady,4,5183746961,WM M Larned & Sons; Inc.,Private,CDDHRF - concrete; rock; brick; asphalt pavement or millings - registration,[47C92801],Yes,582283,4739492,1 - No accuracy stated,Asphalt Millings;Asphalt Pavement;Brick;CARB (concrete; asphalt; rock; brick);Concrete;Soil (Clean),47C92801,02/14/2025,02/13/2030,"544 Burdeck St.
Rotterdam, NY 12306
(42.80266, -73.99262)"
C.J. Krantz Inc. Organic Recycling Center,560 Smith Road,,Amherst,NY,14051,Erie,9,7166095999,Tim Krantz,Private,Composting - yard waste - permit,[15PP0061],Yes,197006,477363,4 - GIS Assisted,Yard Trimmings;Wood/Brush,9-1422-00087/00003,11/10/2021,11/09/2031,"560 Smith Road
Amherst, NY 14051
(43.0541, -78.72069)"
Cazenovia Transfer Station,3422 Constine Bridge Road,,Cazenovia,NY,13163,Madison,7,3156552882,Madison County DSWS,County,Transfer facility - less than 50 tpd - registration,[27T10002],Yes,432497,4748995,1 - No accuracy stated,MSW (Residential/Institutional & Commercial);Construction & Demolition Debris;Commingled Paper & Containers;Electronics;Yard Trimmings;Metals (Ferrous & Non-Ferrous),27T10002,12/04/2023,12/03/2028,"3422 Constine Bridge Road
Cazenovia, NY 13163
(42.8881, -75.82708)"
Inwood Material Terminal LLC ( IMT-Oceanside),4001 Daly Boulevard,,Oceanside,NY,11572,Nassau,1,,2128 Grove LLC,Private,CDDHRF - asphalt pavement and millings - registration,[30C20167],Yes,614156,4497461,1 - No accuracy stated,Asphalt Pavement;Asphalt Millings,167,08/14/2023,08/08/2028,"4001 Daly Boulevard
Oceanside, NY 11572
(40.61893, -73.65072)"
Lauricella's Cars of the Past Antique Auto Parts,12469 Roosevelt Highway,,Lyndonville,NY,14098,Orleans,8,5857659106,Paul Lauricella; Jr.,Private,VDF - small - registration,[37V20003],Yes,231371,4805092,4.2 - Utilization of GIS and existing spatial data,End of Life Vehicles VDFs,37V20003,11/13/2019,11/13/2024,"12469 Roosevelt Highway
Lyndonville, NY 14098
(43.34977, -78.31489)"
Warrensburg Transfer Station,1 Dump Rd,,Warrensburg,NY,12885,Warren,5,5186233096,Town of Warrensburg,Municipal,RHRF - 5 tpd or less - registration,[57R10022],Yes,597799,4817645,,Electronics;Commingled Paper;Container Glass,57R10022,03/31/2022,03/30/2027,"1 Dump Rd
Warrensburg, NY 12885
(43.50616, -73.78984)"
Heidelberg Materials Northeast - NY LLC Oriskany Falls Plant,1780 State Route 12B,PO Box 368,Oriskany Falls,NY,13425,Oneida,6,3158217222,Heidelberg Materials Northeast - NY LLC,,CDDHRF - concrete; rock; brick; asphalt pavement or millings - registration,[33C90003],Yes,462533,4755257,1 - No accuracy stated,Concrete;Asphalt Pavement,33C90003,05/15/2024,05/14/2029,"1780 State Route 12B
Oriskany Falls, NY 13425
(42.9477, -75.47899)"
Bedford (T) Yard Waste Composting Facility,115 Beaver Dam Rd,,Bedford Hills,NY,10507,Westchester,3,9149493244,Town of Bedford,,Composting - yard waste - permit,[60PP0002],Yes,608943,4566123,4.3 - Utilization of Digital Orthophoto Quads,Yard Trimmings;Woodchips,3-5520-00070/00002,12/15/2020,12/14/2025,"115 Beaver Dam Rd
Bedford Hills, NY 10507
(41.24544, -73.67238)"
Jordanville Quarry,237 Kingdom Road,,Warren,NY,13361,Herkimer,6,3154009476,Heidelberg Materials Northeast - NY LLC,Private,CDDHRF - concrete; rock; brick; asphalt pavement or millings - registration,[22C90016],Yes,503885,4752162,1 - No accuracy stated,CARB (concrete; asphalt; rock; brick),22C90016,03/27/2025,03/26/2030,"237 Kingdom Road
Warren, NY 13361
(42.92282, -74.952)"
Rockland Green MRF,420 Torne Valley Rd,,Hillburn,NY,10931,Rockland,3,8457532200,Rockland Co. SWM Authority,County,RHRF - registration,[44R30002],Yes,571118,4555250,,Commingled Containers;Commingled Paper;Paper / Cardboard;Newspaper;Office Paper;Glass;Metals (Ferrous);Metals (Non-Ferrous),44R2002,05/10/2023,09/01/2023,"420 Torne Valley Rd
Hillburn, NY 10931
(41.14663, -74.15324)"
Edward Arnold Scrap Processors Inc,2216 Angling Road,,Corfu,NY,14036,Genesee,8,5857629080,Edward Arnold Jr,Private,RHRF - 5 tpd or less - registration,[19R10008],Yes,227805,4763946,,Commingled Containers;Commingled Paper;Paperboard/Boxboard;Office Paper;Plastics,19R10008,06/19/2018,06/18/2023,"2216 Angling Road
Corfu, NY 14036
(42.97954, -78.3377)"
Wheelabrator Westchester L.P.,One Charles Point Avenue,,Peekskill,NY,10566,Westchester,3,9147399304,Westchester County DA,Private,Combustion - permit,[60E01],Yes,588650,4570060,,MSW (Residential/Institutional & Commercial);Sludge (Industrial);Metals (Ferrous & Non-Ferrous),3-5512-00031/00004,02/11/2020,02/10/2025,"One Charles Point Avenue
Peekskill, NY 10566
(41.29165, -73.91128)"
Castle Hill Recycling,1000 Zerega Avenue,,Bronx,NY,10462,Bronx,2,6463427874,Frank Todino/Castle Hill Recycling LLC,Private,C&D processing - registration,[03W94],Yes,597513,4520484,,Construction & Demolition Debris,03W94,,,"1000 Zerega Avenue
Bronx, NY 10462
(40.82928, -73.84411)"
Freeport Auto Parts & Wrecking Corp,122 Buffalo Ave,,Freeport,NY,11520,Nassau,1,5168682026,Freeport Auto Parts & Wrecking Corp.,Private,VDF - registration,[30V50126],Yes,613893,4497982,,End of Life Vehicles VDFs,30V50126,04/08/2026,04/07/2031,"122 Buffalo Ave
Freeport, NY 11520
(40.65063, -73.57104)"
Delaware County SWMF,32230 NYS Route 10,,Walton,NY,13856,Delaware,4,6077462128,Delaware County,County,Landfill - C&DD - permit,[13LC5601],Yes,495542,4667569,1.1 - Obtained from original submission and unverified process,Construction & Demolition Debris,4-1256-00040/00004,07/22/2019,06/01/2024,"32230 NYS Route 10
Walton, NY 13856
(42.16169, -75.04848)"
County Waste - 865 S. Pearl St; Albany,865-877 S. Pearl Street,,Albany,NY,12202,Albany,4,5184330200,County Waste,Private,RHRF - permit,[01RP0101],Yes,600898,4719762,1.1 - Obtained from original submission and unverified process,,,12/19/2019,12/18/2029,"865-877 S. Pearl Street
Albany, NY 12202
(42.62383, -73.76886)"
Northern Transfer Station,5802 St Hwy 28,,Cooperstown,NY,13326,Otsego,4,6075475967,Otsego County,Municipal,Transfer facility - permit,[39TP5050],Yes,504419,4728822,1 - No accuracy stated,,4-3650-00019/00003,08/07/2019,07/18/2024,"5802 St Hwy 28
Cooperstown, NY 13326
(42.70797, -74.94933)"
Town of Forestport,6107 White Lake Road,,Forestport,NY,13338,Oneida,6,3153922801,Town of Forestport,Municipal,Transfer facility - less than 50 tpd - registration,[33T10028],Yes,483998,4809062,,MSW (Residential/Institutional & Commercial);Construction & Demolition Debris;Waste Tires,33T10028,08/18/2021,08/17/2026,"6107 White Lake Road
Forestport, NY 13338
(43.44263, -75.20016)"
Baskin Livestock Inc.,9778 Creek Rd.,,Batavia,NY,14020,Genesee,8,5853444452,William Baskin,Private,Animal feed production - registration,[14P70019],Yes,729843,4758234,,Source Separated Organic Waste (SSOW);Food Scraps;Unrecognizable Food Processing Waste;Wood/Brush,14P70019,07/27/2021,07/27/2026,"9778 Creek Rd.
Batavia, NY 14020
(42.94047, -78.18668)"
Phillip Gordon & Sons Inc,89 East 12th Street,,Oswego,NY,13126,Oswego,7,3153432120,Phillip Gordon,Private,Scrap metal processor - registration,[38V30026],Yes,379256,4813682,,Scrap Metal - Ferrous ;Scrap Metal - Aluminum ;Lead Weights;Scrap Metal - Non-ferrous,38V30026,02/25/2020,02/24/2025,"89 East 12th Street
Oswego, NY 13126
(43.46598, -76.49228)"
MRC Recycling,430 County Rd 44,,Chase Mills,NY,13621,St. Lawrence,6,3153843409,Michael R. Campbell,,VDF - registration,[45V50037],Yes,495256,4962464,4.1 - Address Matching,End of Life Vehicles VDFs,45V50037,12/16/2025,12/15/2030,"430 County Rd 44
Chase Mills, NY 13621
(44.81507, -75.06015)"
Louisville LCD,County Route 39,,Massena,NY,13662,St. Lawrence,6,3157695651,Town of Louisville,Municipal,Landfill - land clearing debris,[45D15],Yes,500656,4968435,,Land Clearing Debris,45D15,06/27/2013,,
Granby Pit,Stoney Robby Road,,Oswego,NY,13126,Oswego,7,3155646784,WD Malone Trucking & Excavating; Inc.,Private,CDDHRF - concrete rock brick - registration,[38C10034],Yes,382481,4800848,1 - No accuracy stated,Brick;Concrete,38C10034,05/18/2023,05/17/2028,
High Peaks Sand & Gravel LLC,617 Route 28N,,Chester,NY,12853,Warren,5,2039944686,Robert Zaloski,Private,RHRF - registration,[57R30028],Yes,583298,4842639,,Container Glass,57R30028,10/02/2024,10/01/2029,"617 Route 28N
Chester, NY 12853
(43.732, -73.96483)"
Oriskany Falls Transfer Station,100 Mill Street,,Oriskany Falls,NY,13425,Oneida,6,3158217275,Village of Oriskany Falls,Municipal,Transfer station - registration,[33R20],Yes,462518,4754094,4.3 - Utilization of Digital Orthophoto Quads,Sewage Treatment Plant Sludge,33R20,02/17/2002,,"100 Mill Street
Oriskany Falls, NY 13425
(42.93904, -75.4591)"
Stony Creek Transfer & Recycling Center,Hill Road,,Stony Creek,NY,12878,Warren,5,5186965602,Town of Stony Creek,Municipal,RHRF - greater than 5 tpd - registration,[57R20021],Yes,589351,4806501,,Commingled Containers;Commingled Paper;Electronics,57R20021,03/15/2022,03/14/2027,
Peconic Environmental Services,100 Peconic Ave.,,Medford,NY,11763,Suffolk,1,6312896188,Peconic Environmental Services Corp,Private,CDDHRF - permit,[52CP0328],Yes,670354,4520445,,Construction & Demolition Debris,1-4722-07052/00001,02/15/2023,02/14/2028,"100 Peconic Ave.
Medford, NY 11763
(40.81704, -72.98004)"
2550 Manitou Road LLC,Manitou Road,,Gates,NY,14559,Monroe,8,5853703452,2550 Manitou Road LLC,Private,CDDHRF - asphalt pavement and millings - registration,[28C20028],Yes,276286,4782537,4.2 - Utilization of GIS and existing spatial data,Asphalt Millings;Asphalt Pavement,28C20028,08/10/2022,08/09/2027,
TOMRA New York Recycling; LLC - Vestal,3120 Shippers Road,,Vestal,NY,13850,Broome,7,6077972331,TOMRA New York Recycling LLC,Private,RHRF - greater than 5 tpd - registration,[04R20034],Yes,417145,4661339,,Commingled Containers,04R20034,05/17/2023,05/16/2028,"3120 Shippers Road
Vestal, NY 13850
(42.09983, -76.00176)"
Black River Tree Removal LCD,29807 Andrews Road,,Black River,NY,13612,Jefferson,6,3157734509,Tim Percy,Private,Landfill - land clearing debris,[23D24],Yes,437655,4870556,3.7 - Sportsman Hand-Held Unit (w/o Selective Availability),Yard Trimmings,23D24,04/01/2004,,"29807 Andrews Road
Black River, NY 13612
(43.98498, -75.77613)"
Riverhead CB LLC,1521 Roanoke Ave,,Riverhead,NY,11901,Suffolk,1,6317270170,Robert Terry,Private,CDDHRF - uncontaminated soil sand gravel rock - registration,[52C60251],Yes,695258,4534626,4.3 - Utilization of Digital Orthophoto Quads,Soil (Clean);Sand;Gravel;Rock,52-0251,09/17/2019,09/16/2024,"1521 Roanoke Ave
Riverhead, NY 11901
(40.93946, -72.68046)"
Wilbert's Premium Auto Parts of Webster,1272 Salt Road,,Webster,NY,14580,Monroe,8,5858721540,Richard Wilbert,Private,VDF - registration,[28V51001],Yes,304748,4784526,4.3 - Utilization of Digital Orthophoto Quads,End of Life Vehicles VDFs,28V51001,08/07/2024,08/07/2029,"1272 Salt Road
Webster, NY 14580
(43.18783, -77.40039)"
J & J Recycling Inc.,1641 Richmond Terrace,,Staten Island,NY,10310,Richmond,2,7182733000,J & J Recycling Inc,Private,Vehicle Dismantling Facility,[7104381],Yes,574303,4499142,,,,,,"1641 Richmond Terrace
Staten Island, NY 10310
(40.63969, -74.12233)"
Lake George C&D Debris Landfill,70 Transfer Road,,Lake George,NY,12845,Warren,5,5186682963,Town of Lake George,Municipal,Landfill - C&DD - permit,[57LC0019],Yes,603200,4806032,,Construction & Demolition Debris,5-5222-00140/00004,09/29/2021,10/02/2026,"70 Transfer Road
Lake George, NY 12845
(43.39865, -73.72517)"
Town of Clymer Transfer Station,8026 Route 474,,Clymer,NY,14724,Chautauqua,9,7163559933,Town of Clymer,Municipal,Transfer facility - less than 50 tpd - registration,[07T10035],Yes,120843,4665346,4.2 - Utilization of GIS and existing spatial data,MSW (Residential/Institutional & Commercial);Corrugated Cardboard;Commingled Paper;Commingled Plastics;Tin & Aluminum Containers,07T10035,01/11/2024,01/11/2029,"8026 Route 474
Clymer, NY 14724
(42.04856, -79.58059)"
Container Recovery of WNY; Inc.,2 Water Street,,Cuba,NY,14727,Allegany,9,5859683658,Paul Gaeta,Private,RHRF - greater than 5 tpd - registration,[02R20020],Yes,229384,4679451,,Other Aluminum Scrap Metal;Paperboard/Boxboard;Container Glass;Plastic,02R20020,06/02/2020,06/02/2025,"2 Water Street
Cuba, NY 14727
(42.21961, -78.27793)"
Oak Openings; LLC,1392 Oak Openings Road,,Avon,NY,14414,Livingston,8,5859251934,Dale Twardokus,Private,CDDHRF - uncontaminated soil sand gravel rock - registration,[26C60005],Yes,282646,4755171,1 - No accuracy stated,Soil (Clean),26C60005,04/28/2020,04/28/2025,"1392 Oak Openings Road
Avon, NY 14414
(42.92078, -77.65627)"
Tyo Trucking Inc.,10472 County Route 95,,Rodman,NY,13682,Jefferson,6,3154057359,Kevin Tyo,Private,Land application - Third Party CAFO Applier - registration,[23A60041],Yes,1,1,,Manure,23A60041,01/19/2024,01/18/2029,"10472 County Route 95
Rodman, NY 13682
(43.81984, -75.89614)"
Perry City Automotive,6211 Brook Road,,Trumansburg,NY,14886,Tompkins,7,6073875892,Joseph J Allen,Private,VDF - registration,[55V50008],Yes,361857,4706862,,End of Life Vehicles VDFs,55V50008,10/29/2025,10/28/2030,"6211 Brook Road
Trumansburg, NY 14886
(42.50157, -76.68137)"
Prime Environmental Corp.,531 Barretto Street,,Bronx,NY,10474,Bronx,2,7184844007,Kenneth Song,Private,Used cooking oil & yellow grease processing - permit,[03UP0097],Yes,593735,4518361,,Used Cooking Oil;Food Scraps;Water (Waste),2-6007-00865/00001,01/31/2018,01/30/2023,"531 Barretto Street
Bronx, NY 10474
(40.81093, -73.88842)"
Sullivan Transfer Station,7480 Bolivar Road,,Chittenango,NY,13037,Madison,7,3156876876,Madison County DSWS,County,Transfer facility - less than 50 tpd - registration,[27T10020],Yes,427139,4770375,1 - No accuracy stated,MSW (Residential/Institutional & Commercial);Commingled Paper & Containers;Construction & Demolition Debris;Electronics;Metals (Ferrous & Non-Ferrous);Yard Trimmings;Waste Oil (Other);Waste Tires,27T10020,12/04/2023,12/03/2028,"7480 Bolivar Road
Chittenango, NY 13037
(43.08256, -75.89538)"
Metalico Rochester - Scottsville Road,1515 Scottsville Road,,Chili,NY,14623,Monroe,8,5854360713,Metalico; Inc.,Private,Scrap metal processor - registration,[28V30014],Yes,282000,4775750,4.2 - Utilization of GIS and existing spatial data,Scrap Metal - Ferrous ;Scrap Metal - Aluminum ;Scrap Metal - Non-ferrous,28V30014,02/29/2024,04/15/2029,"1515 Scottsville Road
Chili, NY 14623
(43.10341, -77.67889)"
Inc Village of Sea Cliff,68 Altamont Ave,,Sea Cliff,NY,11579,Nassau,1,5166710080,Village of Sea Cliff,Municipal,Transfer facility - less than 50 tpd - registration,[30T10118],Yes,614817,4523305,,Construction & Demolition Debris;Yard Trimmings;White Goods;Metals (Ferrous & Non-Ferrous);Commingled Paper;Corrugated Cardboard;Commingled Recyclables;Electronics,30T10118,01/07/2026,01/06/2031,"68 Altamont Ave
Sea Cliff, NY 11579
(40.85262, -73.63814)"
Bristol Hill TS,3125 State Rte 3,,Fulton,NY,13069,Oswego,7,3155919211,Oswego County DSW,County,Transfer facility - less than 50 tpd - registration,[38T10002],Yes,391141,4799728,4.2 - Utilization of GIS and existing spatial data,Waste Tires;Commingled Paper & Containers;MSW (Residential/Institutional & Commercial);Construction & Demolition Debris;Single Stream;Tree Debris;Food Scraps;Yard Trimmings;Electronics;Waste Oil (Other);Metals (Ferrous & Non-Ferrous),38T10002,05/30/2024,05/29/2029,"3125 State Rte 3
Fulton, NY 13069
(43.34756, -76.33687)"
Pierce Scrap Collector,6181 County Route 97,,Adams,NY,13605,Jefferson,6,3152009846,Julia Pierce,Private,VDF - registration,[23V50040],Yes,419481,4847821,1 - No accuracy stated,End of Life Vehicles VDFs;Scrap Metal - Ferrous ;Scrap Metal - Aluminum ;Scrap Metal - Non-ferrous ;Stainless Steel,23V50040,09/07/2023,09/06/2025,"6181 County Route 97
Adams, NY 13605
(43.77869, -76.00324)"
Hope Solid Waste and Recyclables Collection Site,Route 30,,Hope,NY,12134,Hamilton,5,5189243400,Town of Hope,Municipal,Transfer facility - less than 50 tpd - registration,[21T10003],Yes,561314,4794921,,MSW (Residential/Institutional & Commercial),21T10003,07/26/2022,07/26/2027,
Chenango (T) Compost,Northgate WWTP,1256 Front Street,Binghamton,NY,13905,Broome,7,6076484809,Town of Chenango,Municipal,Composting - biosolids/other - permit,[04PP0013],Yes,429054,4662089,3 - Global Positioning System (GPS),Biosolids;Woodchips,7-0324-00042/00011,03/28/2024,03/27/2034,
American Recyclers Co.; Inc,177 Wales Avenue,,Tonawanda,NY,14151,Erie,9,7166956720,Momentum of Buffalo; LLC,Private,Used oil - permit,[15QP0079],Yes,185547,4769898,4.2 - Utilization of GIS and existing spatial data,Used Oil,9-1416-00057/00001,12/30/2020,12/29/2030,"177 Wales Avenue
Tonawanda, NY 14151
(43.01647, -78.85902)"
Fillmore Site #2,10774 County Road 27B,,Fillmore,NY,14735,Allegany,9,5854650822,Richard Boone,Private,Land application - septage - registration,[02A40005],Yes,246363,4706207,1 - No accuracy stated,Septage,02A40005,11/01/2023,11/01/2028,"10774 County Road 27B
Fillmore, NY 14735
(42.46671, -78.08516)"
Malone Transfer Station,326 Brand Road,,Malone,NY,12953,Franklin,5,5184816129,CFSWMA,Municipal,Transfer facility - less than 50 tpd - registration,[17T10010],Yes,554634,4969377,4 - GIS Assisted,MSW (Residential/Institutional & Commercial);Construction & Demolition Debris,17T10010,07/29/2022,07/29/2027,"326 Brand Road
Malone, NY 12953
(44.87618, -74.30862)"
Village Motors Auto Sales LLC,8240 State Route 69,,Oriskany,NY,13424,Oneida,6,3157365400,Matthew Shannon,Private,Motor vehicle repair shop - registration,[33V40029],Yes,472227,4779319,,End of Life Vehicles VDFs,33V40029,08/19/2021,08/18/2026,"8240 State Route 69
Oriskany, NY 13424
(43.16625, -75.34143)"
City of Watertown Biosolids Land Application,700 William T. Field Dr.,,Watertown,NY,13601,Jefferson,6,3157857840,New England Waste Services of Maine,Private,Land application - biosolids/septage/other - permit,[23AP0033],Yes,425553,4871160,4.1 - Address Matching,Biosolids,6-9906-00082/00001,08/12/2023,08/11/2028,"700 William T. Field Dr.
Watertown, NY 13601
(43.98933, -75.92726)"
Garden City Compost,2 South Cherry Valley Avenue,,Garden City,NY,11530,Nassau,1,5164654031,Incorporated Village of Garden City,Municipal,Composting - yard waste - permit,[30PP0152],Yes,613604,4507439,4.3 - Utilization of Digital Orthophoto Quads,Yard Trimmings,1-2820-01235/00007,04/07/2022,04/06/2027,"2 South Cherry Valley Avenue
Garden City, NY 11530
(40.72178, -73.64408)"
Harrys Auto Sales,182 County Highway 107,,Johnstown,NY,12095,Fulton,5,5187624941,Rob VanAernam,Private,VDF - registration,[18V50010],Yes,553193,4761899,,End of Life Vehicles VDFs,18V50010,03/06/2024,03/05/2029,"182 County Highway 107
Johnstown, NY 12095
(43.00849, -74.34728)"
SYR Glycol Recycling Facility (AeroMag 2000),6991 Thompson Road,,Syracuse,NY,13212,Onondaga,7,5144028675,AeroMag 2000 Syr LLC,Private,RHRF - registration,[34R30091],Yes,411143,4773925,4.1 - Address Matching,Used Oil,34R30091,09/20/2024,09/19/2029,"6991 Thompson Road
Syracuse, NY 13212
(43.10805, -76.08969)"
Michael Bigg Jr Inc,2375 Route 32 P.O. Box 181,,Vails Gate,NY,12584,Orange,3,8455349055,Michael Bigg Jr.,Private,VDF - registration,[36V50015],Yes,578731,4588999,,End of Life Vehicles VDFs,36V50015,12/04/2024,12/03/2029,
MacArthur Resource Recovery Facility,4001 Veterans Memorial Highway,,Ronkonkoma,NY,11779,Suffolk,1,6314717800,Islip Resource Recovery Agency,Municipal,Combustion - permit,[52BP0324],Yes,659833,4516760,4.2 - Utilization of GIS and existing spatial data,MSW (Residential/Institutional & Commercial);Ash MSW Energy Recovery Bottom;Metals (Ferrous & Non-Ferrous),1-4728-00185/00013,04/01/2024,04/30/2029,"4001 Veterans Memorial Highway
Ronkonkoma, NY 11779
(40.78597, -73.10583)"
Twin Village Recycling,4153 Broadway,,Depew,NY,14043,Erie,9,7166835373,Twin Village Recycling; Inc.,Private,VDF - registration,[15V50044],Yes,196209,4756818,1 - No accuracy stated,End of Life Vehicles VDFs,15V50044,10/28/2024,10/28/2029,"4153 Broadway
Depew, NY 14043
(42.90419, -78.72032)"
Winters Bros Waste Systems LI LLC Holtsville TS,971 Waverly Ave,,Holtsville,NY,11742,Suffolk,1,5169370900,,,Transfer facility - permit,[52TP0299],Yes,665082,4519686,4.2 - Utilization of GIS and existing spatial data,MSW (Residential/Institutional & Commercial);Commingled Paper & Containers;Metals (Ferrous & Non-Ferrous);Electronics;Corrugated Cardboard;Commingled Plastics;Wood (Unadulterated Pallets),1-4722-00699/00002,11/06/2019,11/05/2024,"971 Waverly Ave
Holtsville, NY 11742
(40.81214, -73.04325)"
Village Motors Auto Sales; LLC,44 Old Mohawk St,,Whitesboro,NY,13492,Oneida,6,,Matthew Shannon,,Motor vehicle repair shop - registration,[33V40034],Yes,476650,4774746,1 - No accuracy stated,End of Life Vehicles VDFs,33V40034,05/01/2023,04/30/2028,"44 Old Mohawk St
Whitesboro, NY 13492
(43.12465, -75.2874)"
North Hempstead Transfer Station,999 West Shore Rd.,,Port Washington,NY,11050,Nassau,1,5167674634,Town of North Hempstead,Municipal,RHRF - permit,[30RP0121],Yes,613529,4518426,,Source Separated Recyclables (Metal/Glass/Paper/Plastic),1-2822-00466/00003,01/14/2021,01/13/2026,"999 West Shore Rd.
Port Washington, NY 11050
(40.80883, -73.6543)"
Seward Sand and Gravel Composting,532 County Highway 58,,Oneonta,NY,13820,Otsego,4,6074321653,Seward Land LLC,,Composting - SSO - registration,[39P24001],Yes,501633,4702798,,Food Scraps;Digestate,39P24001,06/27/2024,06/26/2029,"532 County Highway 58
Oneonta, NY 13820
(42.47592, -74.98145)"
Jackson Recycling/Transfer Station,408 Content Farm Road,,Cambridge,NY,12816,Washington,5,5186778687,Jackson Transfer Station; LLC,Private,CDDHRF - permit,[58CP0011],Yes,632380,4767984,,Construction & Demolition Debris,5-5342-00023/00003,02/02/2023,02/01/2033,"408 Content Farm Road
Cambridge, NY 12816
(43.0538, -73.37613)"
Neversink TS,7951 Route 55,,Grahamsville,NY,12470,Sullivan,3,8459852911,Town of Neversink,Municipal,Transfer facility - less than 50 tpd - registration,[53T10007],Yes,534970,4634253,,Construction & Demolition Debris;MSW (Residential/Institutional & Commercial);Waste Tires;Commingled Paper & Containers;Waste Oil (Other);Corrugated Cardboard;Junk Mail;Magazines;Newspaper;Office Paper;Glass;Metals (Ferrous & Non-Ferrous);Commingled Plastics;Electronics,53T10007,04/24/2024,04/23/2029,"7951 Route 55
Grahamsville, NY 12470
(41.85906, -74.57839)"
Button Road Mine Site,49 Button Road,,Halfmoon,NY,12065,Saratoga,5,5183556034,Carver Sand & Gravel; LLC,Private,Composting - yard trimmings - registration,[46P10027],Yes,605918,4744806,,Yard Trimmings,46P10027,05/11/2021,05/10/2026,"49 Button Road
Halfmoon, NY 12065
(42.83981, -73.70223)"
Dockside Transport Corp.,4 Hampton Road,,Oceanside,NY,11572,Nassau,1,,Dockside Transport Corp.,Private,CDDHRF - uncontaminated soil sand gravel rock - registration,[30C60160],Yes,613973,4497280,4.2 - Utilization of GIS and existing spatial data,Rock;Soil (Clean);Gravel;Sand,160,09/20/2022,09/19/2027,"4 Hampton Road
Oceanside, NY 11572
(40.61842, -73.65232)"
Empire Recycling Corp,1101 West Clark Street,Bldg. 38,Endicott,NY,13760,Broome,7,6077291518,Empire Recycling,Private,RHRF - registration,[04R30019],Yes,413234,4662222,4.1 - Address Matching,Paper/Cardboard;Wood (Pallets & Crates);Plastics;Commingled Paper;Commingled Containers;Newspaper;Office Paper;Paperboard/Boxboard;Metals (Ferrous);Metals (Non-Ferrous),04R20019,04/14/2023,05/04/2028,"1101 West Clark Street
Endicott, NY 13760
(42.10706, -76.04947)"
Michael Serafini; Inc.,3529 Broadway,,Cheektowaga,NY,14227,Erie,9,7166847730,Michael Serafini,Private,CDDHRF - concrete; rock; brick; asphalt pavement or millings - registration,[15C90110],Yes,194358,4756833,4.2 - Utilization of GIS and existing spatial data,Asphalt Millings;Asphalt Pavement;Concrete,15C90110,01/03/2025,01/03/2030,"3529 Broadway
Cheektowaga, NY 14227
(42.9039, -78.74364)"
Troup's Creek Auto Parts Corp,379 State Route 36,,Troupsburg,NY,14885,Steuben,8,6075256442,Dale LeBarron,Private,Scrap metal processor - registration,[51V30072],Yes,291062,4654996,,Scrap Metal - Aluminum ;Scrap Metal - Ferrous ;Scrap Metal - Non-ferrous,51V30072,05/12/2025,05/11/2030,"379 State Route 36
Troupsburg, NY 14885
(42.019, -77.5226)"
North Shore Waste Solutions LLC,25 Van Street,,Staten Island,NY,10310,Richmond,2,3478253781,,,C&D processing - permit,[43CP0014],Yes,574500,4499100,2.1 - NYSDEC 100 m grid collection,Brick;Construction & Demolition Debris;Soil (Clean);Concrete;Wood (Trees/Stumps);Metals (Ferrous);Metals (Non-Ferrous);Paper / Cardboard,2-6401-00001/00009,11/06/2017,10/30/2022,"25 Van Street
Staten Island, NY 10310
(40.63997, -74.11967)"
Madison County West Side Extension LF,6663 Buyea Road,,Canastota,NY,13163,Madison,7,3153618408,Madison County  DSWS,County,WTHRF - permit,[27WP0016],Yes,442714,4764923,,,7-2538-00011/00005,01/29/2018,11/01/2027,"6663 Buyea Road
Canastota, NY 13163
(43.0349, -75.70279)"
Wheelabrator Hudson Falls,93 River Street,,Hudson Falls,NY,12839-1354,Washington,5,5187472390,Wheelabrator Technologies Inc,Private,Combustion - permit,[58BP0018],Yes,614215,4795697,,Waste Tires;MSW (Residential/Institutional & Commercial);Biosolids;Treated RMW;Sludge (Industrial);Waste Tires;Ash MSW Energy Recovery Combined;Bypass Waste (Unprocessible/Processible),5-5344-00001/00019,04/17/2020,04/16/2030,"93 River Street
Hudson Falls, NY 12839-1354
(43.30608, -73.59075)"
Arcade Composting,7589 Hurdville Rd.,,Arcade,NY,14009,Wyoming,9,5854921111,Village of Arcade,Municipal,Composting/other processing - biosolids/other,[61C03],Yes,218718,4714797,4.3 - Utilization of Digital Orthophoto Quads,Biosolids,9.562E+14,10/18/2016,10/17/2026,"7589 Hurdville Rd.
Arcade, NY 14009
(42.53566, -78.4581)"
Central Recycling,260 Latta Brook Industrial Park Road,,Horseheads,NY,14845,Chemung,8,6077332227,Central Recycling Cooperative Inc,Private,RHRF - greater than 5 tpd - registration,[08R20007],Yes,350709,4666855,,PET;Container Glass;Other Aluminum Scrap Metal,08R20007,12/12/2020,12/12/2025,"260 Latta Brook Industrial Park Road
Horseheads, NY 14845
(42.13956, -76.80636)"
The Last Pasture,3228 Dodgeson Rd,,Alexander,NY,14005,Genesee,8,5854097002,John Caccamise,Private,Composting - roadkill/mortalities - registration,[19P30006],Yes,233525,4758987,4.3 - Utilization of Digital Orthophoto Quads,Wood/Brush;Animal Carcasses,19P30006,09/19/2024,09/19/2029,"3228 Dodgeson Rd
Alexander, NY 14005
(42.94083, -78.26773)"
DTA Equipment Rental Inc,1599 Ferndale Boulevard,,Central Islip,NY,11722,Suffolk,1,6312415900,DTA Equipment Rental Inc,Private,CDDHRF - concrete rock brick - registration,[52C10384],Yes,650734,4516701,4.3 - Utilization of Digital Orthophoto Quads,Rock;Brick;Concrete,52C10384,06/13/2022,06/12/2027,"1599 Ferndale Boulevard
Central Islip, NY 11722
(40.78734, -73.21386)"
Lockport Compost,611 West Jackson Street,,Lockport,NY,14095,Niagara,9,7164331613,City of Lockport,Municipal,Composting - biosolids/other - permit,[32PP0013],Yes,199755,4787950,4 - GIS Assisted,Biosolids,9-2909-00059/00003,01/15/2019,01/13/2029,"611 West Jackson Street
Lockport, NY 14095
(43.18461, -78.70993)"
North Norwich Transfer Station,6701 NYS Route 12,,Norwich,NY,13815,Chenango,7,6073371815,Chenango County,Municipal,Transfer facility - less than 50 tpd - registration,[09T10015],Yes,456379,4715415,4.2 - Utilization of GIS and existing spatial data,MSW (Residential/Institutional & Commercial);Construction & Demolition Debris;Emergency Authorization Waste (Storm Debris),09T10015,02/21/2024,02/20/2029,"6701 NYS Route 12
Norwich, NY 13815
(42.5911, -75.53097)"
Ogdensburg LCD,Outer Champlain Street,,Ogdensburg,NY,13669,St. Lawrence,6,3153932300,City of Ogdensburg,Municipal,Landfill - land clearing debris,[45D09],Yes,461600,4943800,,,45D09,01/10/2013,,
Cornell's Used Auto Parts LLC,62 South Greenfield Road,,Greenfield Center,NY,12833,Saratoga,5,5188930151,Casey Cornell,Private,VDF - registration,[46V50033],Yes,592936,4775273,,End of Life Vehicles VDFs,46V40033,08/15/2023,08/14/2028,"62 South Greenfield Road
Greenfield Center, NY 12833
(43.12464, -73.85729)"
Western NY Beverage Industry Collection and Sorting LP,4284 Walden Avenue,,Lancaster,NY,14086,Erie,9,7166857400,Western NY Beverage Industry Collection and Sorting LP,Private,RHRF - registration,[15R30034],Yes,204906,4758936,4.2 - Utilization of GIS and existing spatial data,Container Glass;LDPE;PET;Other Aluminum Scrap Metal,15R30034,02/01/2024,02/01/2029,"4284 Walden Avenue
Lancaster, NY 14086
(42.92601, -78.61556)"
Fast Eddies Auto Wreckers,459 Harris Road,,Monticello,NY,12701,Sullivan,3,8457945089,Edward W. Levine,Private,VDF - registration,[53V50001],Yes,524594,4615754,,End of Life Vehicles VDFs;Gasoline;Lead-acid Batteries;Transmission Fluid;Engine Coolant/Antifreeze,53V50001,01/09/2019,01/09/2024,"459 Harris Road
Monticello, NY 12701
(41.69272, -74.70453)"
ALPCO Recycling; Inc.,846 Macedon Center Road,,Macedon,NY,14502,Wayne,8,3159868900,Alton Plumb,Private,WTHRF - permit,[59WP0012],Yes,309701,4773743,4.3 - Utilization of Digital Orthophoto Quads,,8-5430-00061/00001,12/17/2020,12/16/2030,"846 Macedon Center Road
Macedon, NY 14502
(43.09426, -77.33675)"
Brookfield Resource at Montrose (nee Kaufman Auto Parts),2105 Albany Post Rd,,Montrose,NY,10548,Westchester,3,9149301626,Brookfield Resource Management,Private,VDF - registration,[60V50001],Yes,589860,4566752,,End of Life Vehicles VDFs,60V50001,02/13/2019,02/12/2023,"2105 Albany Post Rd
Montrose, NY 10548
(41.24698, -73.92757)"
Palmers Septic Service; LLC,8925 Route 89 (lagoon),8938 Route 96 (field),Interlaken,NY,14847,Seneca,8,6078823056,Frank Palmer; Jr.,Private,Land application - septage - registration,[50A40002],Yes,361581,4717367,1 - No accuracy stated,Septage,50A40002,04/23/2021,04/23/2026,"8925 Route 89 (lagoon)
Interlaken, NY 14847
(42.59053, -76.67958)"
Town of Java Transfer Station,3879 Route 78,,Java Center,NY,14082,Wyoming,9,5855354048,Town of Java,Municipal,Transfer facility - less than 50 tpd - registration,[61T10007],Yes,225872,4727549,4.2 - Utilization of GIS and existing spatial data,MSW (Residential/Institutional & Commercial);Single Stream,61T10007,12/13/2023,12/13/2028,"3879 Route 78
Java Center, NY 14082
(42.65098, -78.33984)"
Try Recycling Services; LLC,45 Garfield Ave.,,Bayshore,NY,11706,Suffolk,1,6318044102,Brussels-Leir Holding Ltd.,Private,C&D processing - permit,[52W122],Yes,644671,4514432,,Construction & Demolition Debris,1-4728-03986/00003,05/25/2017,05/24/2022,"45 Garfield Ave.
Bayshore, NY 11706
(40.76815, -73.28636)"
Icahn School of Medicine at Mount Sinai,1 Gustave L. Levy Place,,New York,NY,10029,New York,2,2122416500,Icahn School of Medicine at Mount Sinai,Private,RMW - treatment at the site of generation - registration,[31J20002],Yes,588300,4516016,4.2 - Utilization of GIS and existing spatial data,Regulated Medical Waste,31J20002,12/20/2021,12/20/2026,"1 Gustave L. Levy Place
New York, NY 10029
(40.78957, -73.95246)"
Pe-Car Farms,3919 Gully Road,,Skaneateles,NY,13152,Onondaga,7,3157309676,Craig Cargile,Private,Composting - roadkill/mortalities - registration,[34P30093],Yes,86992,57495,4.1 - Address Matching,Animal Carcasses,34P30093,05/20/2025,05/19/2030,"3919 Gully Road
Skaneateles, NY 13152
(42.96637, -76.38847)"
A-Plus Auto Salvage Inc dba A-PLUS II Auto Salvage,548 West Hoffman Ave.,,Lindenhurst,NY,11757,Suffolk,1,6312260404,A-Plus Auto Salvage Inc d/b/a,Private,VDF - registration,[52V50295],Yes,636449,4504931,,End of Life Vehicles VDFs,52V50295,01/22/2020,01/21/2025,"548 West Hoffman Ave.
Lindenhurst, NY 11757
(40.68364, -73.38525)"
Modern Landfill; Inc.,1445 Pletcher Road,,Model City,NY,14107,Niagara,9,7167548226,Modern Corporation,Private,Landfill - MSW - permit,[32S30],Yes,176826,4792068,4.2 - Utilization of GIS and existing spatial data,Construction & Demolition Debris;Asbestos (Non-Friable);Non-petroleum Contaminated Soil;Sludge (Industrial);Asbestos (Friable);MSW (Residential/Institutional & Commercial),9-2924-00016/00043,10/17/2017,10/28/2023,"1445 Pletcher Road
Model City, NY 14107
(43.20882, -78.98108)"
Colosse Junkyard and Scrap Recycling,3469 State Route 69,,Parish,NY,13131,Oswego,7,3155917484,Colosse Ventures,Private,VDF - registration,[38V50039],Yes,405420,4808000,4 - GIS Assisted,End of Life Vehicles VDFs,38V50039,05/01/2025,04/30/2030,"3469 State Route 69
Parish, NY 13131
(43.42092, -76.16922)"
Mom and Pop's Recycling; LLC,6643 Route  60,,Cassadaga,NY,14718,Chautauqua,9,7165952045,Patricia Rusiniak,Private,Scrap metal processor - registration,[07V30050],Yes,145684,4691286,,Scrap Metal - Ferrous ;Scrap Metal - Non-ferrous,07V30050,06/13/2024,06/13/2029,"6643 Route  60
Cassadaga, NY 14718
(42.29284, -79.29581)"
Plan It Waste & Recycling Inc,274 Greenfield Ave,,Ballston Spa,NY,12020,Saratoga,5,5188854100,Plan It Waste & Recycling Inc,Private,Scrap metal processor - registration,[46V30012],Yes,592917,4765271,,Scrap Metal - Non-ferrous,46V30012,02/28/2024,02/27/2029,"274 Greenfield Ave
Ballston Spa, NY 12020
(43.03431, -73.85959)"
Machias Transfer Station,8630 Route 16,,Machias,NY,14101,Cattaraugus,9,7166763730,Cattaraugus County DPW,County,Transfer facility - less than 50 tpd - registration,[05T10013],Yes,214448,4697400,,MSW (Residential/Institutional & Commercial);Commingled Plastics;Corrugated Cardboard;Electronics;Waste Tires;Commingled Paper;Container Glass;Tin & Aluminum Containers;Textiles;Metals (Ferrous & Non-Ferrous),05T10013,02/26/2024,02/26/2029,"8630 Route 16
Machias, NY 14101
(42.37645, -78.46838)"
MEG Syracuse,532 State Fair Boulevard,,Syracuse,NY,13204,Onondaga,7,3154710305,Miller Environmental Group; Inc.,Private,Transfer station - permit,[34T75],Yes,403577,4768168,,Asbestos (Friable);Industrial;Sludge (Industrial);Construction & Demolition Debris;Oil/Gas Drilling Waste;Petroleum Contaminated Soil;Asbestos (Non-Friable);Metals (Ferrous & Non-Ferrous),7-3115-00193/00009,10/12/2017,10/11/2027,"532 State Fair Boulevard
Syracuse, NY 13204
(43.061, -76.18373)"
Hope LCD (No. 2) Landfill,NYS Route 30,,Northville,NY,12134,Hamilton,5,5188632801,Town of Hope,Municipal,Landfill - land clearing debris,[21D08],Yes,561381,4795350,1 - No accuracy stated,Land Clearing Debris,21D08,06/23/2003,,
Vermi-Green LLC (Formerly Empire Recycling RJH Inc),744 Yellow Mills Road,,Palmyra,NY,14522,Ontario,8,5852897267,Ryan Heberle,Private,Composting - yard trimmings - registration,[35P10014],Yes,316140,4767477,1 - No accuracy stated,Leaves,35P10014,09/08/2023,09/07/2028,"744 Yellow Mills Road
Palmyra, NY 14522
(43.03793, -77.2564)"
Duffy Layton Contracting,12 Hunns Lake Road,,Stanfordville,NY,12581,Dutchess,3,8458687427,Myron Layton,Private,Composting - yard trimmings - registration,[14P10001],Yes,607959,4636371,,Yard Trimmings,14P10001,12/03/2024,12/02/2027,"12 Hunns Lake Road
Stanfordville, NY 12581
(41.87214, -73.69872)"
Mead Enterprises Inc,69 Button Road,,Waterford,NY,12188,Saratoga,5,5182352841,Ed Dalheim,Private,CDDHRF - storage only- concrete brick rock asphalt pavement - registration,[46CS0016],Yes,606111,4744261,,Brick;Rock;Concrete,46CS0016,04/07/2024,04/06/2029,"69 Button Road
Waterford, NY 12188
(42.84427, -73.70285)"
West Hook Sand & Gravel,25 West Hook Road,,Hopewell Junction,NY,12533,Dutchess,3,8458973316,West Hook Sand & Gravel; Inc.,Private,CDDHRF - permit,[14CP0001],Yes,595743,4597182,1 - No accuracy stated,,3-1330-00052/02002,01/13/2009,02/09/2019,"25 West Hook Road
Hopewell Junction, NY 12533
(41.52096, -73.84584)"
Westchester County Thruway Transfer Station,1100 Ridge Hill Blvd,,Yonkers,NY,10710,Westchester,3,9144230420,Westchester County,County,Transfer facility - permit,[60TP0004],Yes,595925,4536234,,MSW (Residential/Institutional & Commercial),3-5518-00440/00001,12/20/2007,12/19/2017,
Northstar Auto and Salvage; LLC,28722 NYS Route 37,,Evans Mills,NY,13637,Jefferson,6,3156294824,Madeline Shoen,Private,VDF - registration,[23V50009],Yes,429904,4881498,1 - No accuracy stated,End of Life Vehicles VDFs,23V50009,04/04/2024,04/03/2029,"28722 NYS Route 37
Evans Mills, NY 13637
(44.08404, -75.87557)"
Rose M Brewer Farm,3285 Center Rd.,,Ovid,NY,14521,Seneca,8,6078695096,Saramatt Greenway Farm LLC,,Storage - septage - registration,[50A50008],Yes,349354,4726960,,Septage,50A50008,03/19/2025,03/18/2030,"3285 Center Rd.
Ovid, NY 14521
(42.67259, -76.74042)"
Port of Coeymans C&D Processing (P&M Brick),2170 Route 144,,Coeymans,NY,12045,Albany,4,5187562164,Carver Laraway,Private,CDDHRF - permit,[01CP9901],Yes,599221,4704722,4.1 - Address Matching,Concrete,4-0124-00012/00017,01/22/2019,01/21/2024,"2170 Route 144
Coeymans, NY 12045
(42.4885, -73.79306)"
Rockland County SWMA Clarkstown Transfer Station,166 South Route 303,,West Nyack,NY,10994,Rockland,3,8453580759,Rockland County SWMA,County,Composting - yard waste - permit,[44PP0001],Yes,58774,45490,,,,,,"166 South Route 303
West Nyack, NY 10994
(41.0884, -73.94981)"
LaMela Sanitation Service Inc,1118 Route 9W,,Marlboro,NY,12542,Ulster,3,8452364222,LaMela Sanitation Service; Inc,Private,CDDHRF - permit,[56T15],Yes,585418,4605316,,Concrete;Tree Debris;Metals (Ferrous);Metals (Non-Ferrous);Construction & Demolition Debris;Paper / Cardboard;Waste Tires;Plastics,3-5136-00007/00002,09/17/2019,09/16/2024,"1118 Route 9W
Marlboro, NY 12542
(41.59557, -73.97608)"
Irvington (V) Leaf TS,170 Mountain Road,,Irvington,NY,10533,Westchester,3,9145916044,Village of Irvington,Municipal,Transfer facility - less than 50 tpd - registration,[60T10009],Yes,596966,4544069,,Yard Trimmings;Tree Debris,60T10009,07/25/2024,07/24/2029,"170 Mountain Road
Irvington, NY 10533
(41.04108, -73.84511)"
Babylon Resource Recovery Facility,125 Gleam St.,,West Babylon,NY,11704,Suffolk,1,6314911976,Covanta Babylon Inc,Private,Combustion - permit,[52BP0290],Yes,636233,4510523,4.2 - Utilization of GIS and existing spatial data,MSW (Residential/Institutional & Commercial);Ash MSW Energy Recovery Combined;Metals (Ferrous & Non-Ferrous),1-4720-00777/00001,08/13/2024,08/12/2034,"125 Gleam St.
West Babylon, NY 11704
(40.73456, -73.38638)"
Smithtown Municipal Services Facility,85 Old Northport Rd,,Kings Park,NY,11754,Suffolk,1,6312696600,Town of Smithtown,Municipal,Mulch processing - permit,[52MP0256],Yes,645352,4525730,4.3 - Utilization of Digital Orthophoto Quads,Tree Debris,1-4734-01810/00002,09/23/2025,09/22/2035,"85 Old Northport Rd
Kings Park, NY 11754
(40.87325, -73.27338)"
Calgon Carbon Corporation,415 Bryant Street/476 Niagara Parkway,,North Tonawanda,NY,14120,Niagara,9,7165319113,Calgon Carbon Corporation,Private,RHRF - greater than 5 tpd - registration,[32R20003],Yes,184915,4772208,4.2 - Utilization of GIS and existing spatial data,Spent Activated Carbon,32R20003,06/23/2023,11/28/2028,"415 Bryant Street/476 Niagara Parkway
North Tonawanda, NY 14120
(43.03668, -78.86817)"
City of Syracuse DPW - Lowes Site,2800-3400 Burnet Ave Rear,(Simon Drive - next to Lowes),Syracuse,NY,13210,Onondaga,7,3154482489,City of Syracuse,Municipal,Mulch processing - registration,[34M10013],Yes,410406,4767657,4.1 - Address Matching,Tree Debris,34M10013,05/08/2023,06/26/2028,"2800-3400 Burnet Ave Rear
Syracuse, NY 13210
(43.05996, -76.09801)"
Hiram Hollow Regeneration Corp,100 Washburn Road,,Gansevoort,NY,12831,Saratoga,5,5187931098,Casella Waste Management Inc,Private,Transfer facility - permit,[46TP0014],Yes,605604,4784011,4.3 - Utilization of Digital Orthophoto Quads,Construction & Demolition Debris;Sludge (Paper mill);MSW (Residential/Institutional & Commercial),5-4156-00046/00002,03/12/2019,03/11/2029,"100 Washburn Road
Gansevoort, NY 12831
(43.2033, -73.70032)"
Speculator Landspreading,Downey Ave (Old Rt. 8 & 30),,Lake Pleasant,NY,12108,Hamilton,5,5185485441,Village of Speculator,Municipal,Land application - biosolids/septage/other - permit,[21AP0001],Yes,55320,4816300,4.3 - Utilization of Digital Orthophoto Quads,,5-2030-00016/00002,03/31/2021,04/30/2026,
Geneva (C) DPW C&D Processing,46 Doran Avenue,,Geneva,NY,14456,Ontario,8,3157898040,City of Geneva,Municipal,C&D processing - registration,[35W03],Yes,338835,4749271,4.3 - Utilization of Digital Orthophoto Quads,Tree Debris,35W03,06/02/1998,,"46 Doran Avenue
Geneva, NY 14456
(42.8782, -76.97204)"
Keith Brothers Dairy,555 Mason Road,,Waterville,NY,13480,Oneida,6,3158418225,Dustin Keith,,Storage - manure & food processing waste - registration,[33A20009],Yes,465582,4748585,1 - No accuracy stated,Unrecognizable Food Processing Waste,33A20009,02/22/2024,02/21/2029,"555 Mason Road
Waterville, NY 13480
(42.89002, -75.42204)"
Spohn's Disposal service Inc.,556 State Route 5S,PO Box 297,Mohawk,NY,13407,Herkimer,6,3158668820,Michael Spohn,Private,Transfer facility - source separated recyclables - registration,[22T30006],Yes,503618,4762820,1 - No accuracy stated,Corrugated Cardboard,22T30006,06/23/2025,06/22/2030,"556 State Route 5S
Mohawk, NY 13407
(43.01627, -74.95631)"
Custom Auto Truck Service,14741 Bagdad Road,,Gowanda,NY,14070,Erie,9,7165322770,David R. Zarnoch,Private,Motor vehicle repair shop - registration,[15V40029],Yes,177056,4710074,4.2 - Utilization of GIS and existing spatial data,End of Life Vehicles VDFs,15V40029,01/09/2024,01/09/2029,"14741 Bagdad Road
Gowanda, NY 14070
(42.47571, -78.92847)"
JMI Frew Run SWMF,1060 Frew Run Road,,Carroll,NY,14738,Chautauqua,9,7166645108,Jamestown Macadam; Inc.,Private,CDDHRF - uncontaminated soil sand gravel rock - registration,[07C60064],Yes,158546,4662446,4.2 - Utilization of GIS and existing spatial data,Soil (Clean);Sand;Gravel;Rock,07C60064,06/23/2023,06/23/2028,"1060 Frew Run Road
Carroll, NY 14738
(42.03832, -79.12894)"
Crushed Products Inc,320 Bridge Street,,Syracuse,NY,13209,Onondaga,7,3154686225,Crushed Products Inc.,Private,CDDHRF - concrete; rock; brick; asphalt pavement or millings - registration,[34C90017],Yes,400941,4768840,4.3 - Utilization of Digital Orthophoto Quads,Concrete;Brick;Metal (Structural);Soil (Clean),34C10017,05/24/2023,05/24/2028,"320 Bridge Street
Syracuse, NY 13209
(43.06558, -76.21651)"
Westerlo (T) Transfer Station,88 Anable Road,,Westerlo,NY,12193,Albany,4,5187973536,Town of Westerlo,Municipal,Transfer facility - source separated recyclables - registration,[01T33801],Yes,578952,4708779,1 - No accuracy stated,Single Stream;Corrugated Cardboard,01T13802,05/30/2024,05/29/2029,
Steven M. Mezynieski; Inc.,3795 Middle Country Road,,Calverton,NY,11901,Suffolk,1,6312040001,Driftwood Family Farms; LLC,Private,CDDHRF - uncontaminated soil sand gravel rock - registration,[52C60315],Yes,689451,4533029,4.3 - Utilization of Digital Orthophoto Quads,Soil (Clean);Sand,52M10315,10/05/2023,10/04/2028,"3795 Middle Country Road
Calverton, NY 11901
(40.92707, -72.75015)"
Minerva Transfer Station,437 O'Neil Road,,Minerva,NY,12851,Essex,5,5182512869,Town of Minerca,Municipal,Transfer facility - less than 50 tpd - registration,[16T10005],Yes,584741,4850197,,MSW (Residential/Institutional & Commercial),16T10005,07/25/2022,07/25/2027,"437 O'Neil Road
Minerva, NY 12851
(43.7997, -73.9466)"
Diversion Brewing Co (DB Brewing),729 Wyncoop Creek Road,,Chemung,NY,14825,Chemung,8,6075429168,Dustin Blokzyl,,Land application - UFPW - registration,[08A30004],Yes,365728,4653061,4.2 - Utilization of GIS and existing spatial data,Unrecognizable Food Processing Waste,08A30004,01/11/2021,01/11/2026,"729 Wyncoop Creek Road
Chemung, NY 14825
(42.01786, -76.62164)"
Busti Transfer Station,3646 Lawson Road,,Jamestown,NY,14701,Chautauqua,9,7166644901,Town of Busti,Municipal,Transfer facility - less than 50 tpd - registration,[07T10047],Yes,144430,4661859,4.2 - Utilization of GIS and existing spatial data,MSW (Residential/Institutional & Commercial);Commingled Plastics;Commingled Paper;Container Glass;Tin & Aluminum Containers,07T10047,02/15/2024,02/15/2029,"3646 Lawson Road
Jamestown, NY 14701
(42.02748, -79.29493)"
Hooper's Tire Outlet LLC,17 Alexander Street,,Rochester,NY,14620,Monroe,8,5857734335,Daniel Hooper,Private,WTHRF - seller - registration,[28W20055],Yes,287940,4780359,4.2.1 - Utilization of GIS and Facility Mapping System,Tire,28W20055,07/07/2025,07/07/2030,"17 Alexander Street
Rochester, NY 14620
(43.14597, -77.60802)"
Fishers Island WMD Transfer Station and Compost Facility,2660 Whistler Avenue,,Fishers Island,NY,6390,Suffolk,1,6317887455,Fishers Island Waste Management District,Municipal,Composting - yard trimmings - registration,[52P20254],Yes,748501,4571223,4.3 - Utilization of Digital Orthophoto Quads,Wood/Brush;Yard Trimmings;Food Scraps;Source Separated Organic Waste (SSOW),52T10254,02/13/2025,02/12/2030,"2660 Whistler Avenue
Fishers Island, NY 6390
(41.25464, -72.03218)"
Wahl To Wahl Auto,568 State Highway 166,,Cooperstown,NY,13326,Otsego,4,6072867322,Anthony Wahl,Private,VDF - registration,[39V53801],Yes,507228,4716976,,End of Life Vehicles VDFs,39V53801,05/28/2024,05/27/2029,"568 State Highway 166
Cooperstown, NY 13326
(42.60537, -74.91221)"
Cobleskill Quarry,152 Limestone Lane,,Cobleskill,NY,12043,Schoharie,4,5182340221,Cobleskill Stone Products; Inc.,Private,CDDHRF - concrete; rock; brick; asphalt pavement or millings - registration,[48C92601],Yes,543782,4726585,,Asphalt Millings;Asphalt Pavement;Concrete,48C92601,05/02/2024,05/01/2029,
Greenport TS,51 Newman Road,,Greenport,NY,12534,Columbia,4,5188281442,Columbia County Solid Waste,County,Transfer station - permit,[11T40],Yes,601180,4676735,,Construction & Demolition Debris;MSW (Residential/Institutional & Commercial);Single Stream;Tree Debris;White Goods;Electronics,4-0140-00007/00005,08/01/2015,07/31/2025,"51 Newman Road
Greenport, NY 12534
(42.23978, -73.76756)"
Karson's Auto and Truck Recycling; LLC,530 South Main Street,,Warsaw,NY,14569,Wyoming,9,5857863930,Karson W. Heubusch II,Private,VDF - registration,[61V50009],Yes,243521,4735067,1 - No accuracy stated,End of Life Vehicles VDFs,61V50009,04/02/2025,04/02/2030,"530 South Main Street
Warsaw, NY 14569
(42.72527, -78.13271)"
Frontier Auto Wrecking Inc,493 Young Street,,Tonawanda,NY,14150,Erie,9,7166932240,Gene Gregoric,Private,VDF - registration,[15V50047],Yes,185098,4769157,1 - No accuracy stated,End of Life Vehicles VDFs,15V50047,02/03/2025,02/03/2030,"493 Young Street
Tonawanda, NY 14150
(43.00973, -78.86405)"
Mott's LLP,4363 State Route 104,,Williamson,NY,14589,Wayne,8,3155891846,Mott's LLP,Private,Land application - UFPW - registration,[59A30005],Yes,323409,4789350,4.2.1 - Utilization of GIS and Facility Mapping System,Unrecognizable Food Processing Waste,59A30005,10/04/2024,10/03/2029,"4363 State Route 104
Williamson, NY 14589
(43.23496, -77.17357)"
Regal Recycling Co. Inc.,172-06 Douglas Avenue,,Jamaica,NY,11433,Queens,2,7185239330,Regal Recycling Company Inc,Private,CDDHRF - permit,[41CP0049],Yes,602416,4506677,2.1 - NYSDEC 100 m grid collection,Construction & Demolition Debris,2-6307-00008/00007,06/03/2021,05/19/2025,"172-06 Douglas Avenue
Jamaica, NY 11433
(40.70489, -73.78571)"
Brooklyn Resource Recovery Inc,5811 Preston Court,,Brooklyn,NY,11236,Kings,2,7185316606,Brooklyn Resource Recovery; Inc.,Private,Scrap metal processor - registration,[24V30213],Yes,591205,4499424,4.2 - Utilization of GIS and existing spatial data,Scrap Metal - Non-ferrous ;Scrap Metal - Ferrous,24V30213,07/28/2022,07/27/2027,"5811 Preston Court
Brooklyn, NY 11236
(40.6391, -73.92277)"
Chesterfield Associates,56 South Country Rd.,,West Hampton Beach,NY,11978,Suffolk,1,6312885100,E. Davies Allan,Private,CDDHRF - uncontaminated soil sand gravel rock - registration,[52C60378],Yes,699515,4522136,4.3 - Utilization of Digital Orthophoto Quads,Soil (Clean);Gravel;Rock,52-0378,04/15/2022,04/14/2027,"56 South Country Rd.
West Hampton Beach, NY 11978
(40.82392, -72.63377)"
Csizmar's Junkyard,6192 Greig Road,,Glenfield,NY,13343,Lewis,6,3153461663,Joseph Csizmar,Private,VDF - registration,[25V50007],Yes,468437,4839655,1 - No accuracy stated,End of Life Vehicles VDFs,25V50007,08/02/2024,08/01/2029,"6192 Greig Road
Glenfield, NY 13343
(43.70898, -75.39176)"
1490 Motors Inc,12253 Old Olean Road,,Yorkshire,NY,14173,Cattaraugus,9,7164924300,James Fronckowiak,Private,VDF - registration,[05V50023],Yes,214782,4714619,1 - No accuracy stated,End of Life Vehicles VDFs,05V50023,01/13/2025,01/13/2030,"12253 Old Olean Road
Yorkshire, NY 14173
(42.53163, -78.47288)"
Hannibal TS/RHRF,1167 County Route 7,,Hannibal,NY,13074,Oswego,7,3155919200,Oswego County Department of Solid Waste,Municipal,RHRF - greater than 5 tpd - registration,[38R20013],Yes,374864,4799757,,Source Separated Recyclables (Metal/Glass/Paper/Plastic),38R20013,06/14/2023,06/13/2028,"1167 County Route 7
Hannibal, NY 13074
(43.34025, -76.54399)"
Port Chester,82 Fox Island Road,,Port Chester,NY,10573,Westchester,3,9149395207,Village of Port Chester,Municipal,Transfer facility - less than 50 tpd - registration,[60T103],Yes,612672,4538764,,Commingled Plastics;Office Paper;Yard Trimmings,60T103,06/06/2018,06/06/2023,"82 Fox Island Road
Port Chester, NY 10573
(40.99222, -73.66031)"
Generate Niagara Digester; LLC,2175 Liberty Drive,,Wheatfield,NY,14304,Niagara,9,7169704746,Generate Capital Inc.,,Anaerobic digestion - permit,[32PP0036],Yes,179864,4776724,4 - GIS Assisted,,9-2940-00191/00001,07/07/2023,07/06/2028,"2175 Liberty Drive
Wheatfield, NY 14304
(43.07495, -78.9325)"
ICS Waste Transfer Station,7 Railroad Ave,,Colonie,NY,12205,Albany,4,5183651611,Sebahattin Ipek,Private,C&D processing - permit,[01W16],Yes,597850,4727115,4 - GIS Assisted,,4-0126-00721/00001,07/02/2012,07/01/2022,"7 Railroad Ave
Colonie, NY 12205
(42.68988, -73.80658)"
DSNY Muldoon Ave Household Special Waste Drop-Off Facility,Muldoon Aveneu,,Staten Island,NY,10312,Richmond,2,7183177885,NYC Dept of Sanitation,Municipal,Transfer station - registration,[43M49],Yes,568159,4491310,,Waste Tires;Waste Oil (Other),43M49,11/18/2016,,
Rend-Cach Farms,1309 Preston Hill Rd,,Earlville,NY,13332,Madison,7,3158255335,Christopher Hughes,Private,Storage - manure & food processing waste - registration,[27A20024],Yes,456588,4737119,4.1 - Address Matching,Unrecognizable Food Processing Waste,27A20024,04/18/2023,04/17/2028,
Newfane Composting,1659 Phillips Road,,Newfane,NY,14028,Niagara,9,7167787807,Town of Newfane,Municipal,Composting - biosolids/other - permit,[32PP0038],Yes,202652,4804683,,,9-2928-00030/00004,08/08/2025,08/07/2035,"1659 Phillips Road
Newfane, NY 14028
(43.33471, -78.67364)"
Callahan Nannini Shale Inc,276 Clove Road,,Blooming Grove,NY,12577,Orange,3,8454964323,Robert A Nannini,Private,Composting - yard waste - permit,[36PP0002],Yes,0,0,,,,,,"276 Clove Road
Blooming Grove, NY 12577
(41.40401, -74.13312)"
Baroni Recycling North; Inc.,48 Coeymans Industrial Park Lane,,Coeymans,NY,12045,Albany,4,5187568525,Baroni Recycling North; Inc.,Private,Scrap metal processor - registration,[01V32402],Yes,599009,4703868,,Scrap Metal - Aluminum ;Scrap Metal - Ferrous ;Scrap Metal - Non-ferrous,01V32402,07/03/2024,07/02/2029,"48 Coeymans Industrial Park Lane
Coeymans, NY 12045
(42.48174, -73.79724)"
Town of Marcellus Transfer Station,4262 Slate Hill Road,,Marcellus,NY,13108,Onondaga,7,3156733127,Town of Marcellus,Municipal,Transfer facility - less than 50 tpd - registration,[34T10039],Yes,391407,4759262,4.2 - Utilization of GIS and existing spatial data,MSW (Residential/Institutional & Commercial);Metals (Ferrous & Non-Ferrous);Electronics;Tree Debris,34T10039,09/09/2025,09/08/2030,"4262 Slate Hill Road
Marcellus, NY 13108
(42.97808, -76.33268)"
Pottersville Garage,7920 State Rt. 9,,Pottersville,NY,12860,Warren,5,5184943631,Roger F. Peet,Private,Motor vehicle repair shop - registration,[57V10018],Yes,594632,4842173,,End of Life Vehicles VDFs,57V10018,10/07/2024,10/07/2029,"7920 State Rt. 9
Pottersville, NY 12860
(43.72656, -73.82527)"
Villager Recycling Center,200 Ferrano Street,,Rochester,NY,14606,Monroe,8,5852237697,Villager Construction Inc.,Private,CDDHRF - uncontaminated soil sand gravel rock - registration,[28C60036],Yes,283389,4783049,4.2.1 - Utilization of GIS and Facility Mapping System,Limited-Use Fill;Gravel;Soil (Clean);Rock;Construction & Demolition Debris,28C60036,06/03/2025,06/03/2030,"200 Ferrano Street
Rochester, NY 14606
(43.1686, -77.66555)"
Dolomite Products Company Inc. / Cuba HMA,9825 State Route 446,P.O Box 6,Cuba,NY,14810,Allegany,9,5859683187,Dolomite Products Company Inc.,Private,CDDHRF - concrete; rock; brick; asphalt pavement or millings - registration,[02C90025],Yes,227790,4679093,4.2.1 - Utilization of GIS and Facility Mapping System,Asphalt Millings;Asphalt Pavement,02C90025,01/19/2024,01/19/2029,"9825 State Route 446
Cuba, NY 14810
(42.21729, -78.29753)"
Rensselaer Iron & Steel Inc,35 Riverside Ave,,Rensselaer,NY,12144,Rensselaer,4,5184651484,Betty Grimmel,Private,VDF - registration,[42V51401],Yes,602366,4720069,,End of Life Vehicles VDFs,42V51401,07/22/2025,07/21/2030,"35 Riverside Ave
Rensselaer, NY 12144
(42.63443, -73.74963)"
Orleans Transfer Station,18108 County Route 3,,Orleans (T),NY,13656,Jefferson,6,3156582537,Town of Orleans,Municipal,Transfer facility - less than 50 tpd - registration,[23T10007],Yes,419605,4898783,1 - No accuracy stated,MSW (Residential/Institutional & Commercial);Construction & Demolition Debris,23T10007,02/04/2024,02/03/2029,"18108 County Route 3
Orleans (T), NY 13656
(44.23853, -76.00767)"
Edgewood Industries Inc. (Yaphank),275a East Main Street,,Yaphank,NY,11980,Suffolk,1,5168172020,Edgewood Industries Inc.,Private,Mulch processing - registration,[52M10422],Yes,676630,4522776,4.3 - Utilization of Digital Orthophoto Quads,Tree Debris,52-0422,08/13/2025,09/24/2029,"275a East Main Street
Yaphank, NY 11980
(40.8372, -72.91001)"
Eversharp Recycling Inc,10A Morris Ave,,Glen Cove,NY,11542,Nassau,1,5169030406,Barbara Piliero,Private,C&D processing - registration,[30W47R],Yes,614932,4524181,,Tree Debris;Concrete;Soil (Clean),30W47R,06/28/2010,,"10A Morris Ave
Glen Cove, NY 11542
(40.86011, -73.63625)"
Carter's Trucking & Blacktopping Inc.,249 Salmon River Road,,Schuyler Falls,NY,12985,Clinton,5,5185630303,Roland Carter,Private,CDDHRF - uncontaminated unadulterated wood - registration,[10C50003],Yes,618148,4944044,,Asphalt;Wood (Clean);Wood (Unadulterated Pallets);Sand,10C50003,07/25/2019,07/25/2024,"249 Salmon River Road
Schuyler Falls, NY 12985
(44.64066, -73.51059)"
Bovee Excavating,323 County Road 113,,Northville,NY,12134,Fulton,5,5188634521,Mr. Kim Bovee,Private,Landfill - land clearing debris,[18D06],Yes,569400,4784608,,Land Clearing Debris,18D06,03/09/2005,,"323 County Road 113
Northville, NY 12134
(43.21346, -74.13969)"
Caledonia Diesel,2905 Simpson Road,,Caledonia,NY,14423,Livingston,8,5855384395,Paul E. Raymond,Private,Motor vehicle repair shop - small - registration,[26V10021],Yes,264852,4754151,,End of Life Vehicles VDFs,26V10021,01/03/2020,01/03/2025,"2905 Simpson Road
Caledonia, NY 14423
(42.90418, -77.87922)"
Casey's Truck Salvage World,5651 Transit Road,,Depew,NY,14043,Erie,9,7166810750,Twin Village Acquisitions; Inc,Private,VDF - registration,[15V50066],Yes,198183,4757375,1 - No accuracy stated,End of Life Vehicles VDFs,15V50066,10/28/2024,10/28/2029,"5651 Transit Road
Depew, NY 14043
(42.90838, -78.69377)"
Johnson's Auto Crushers Inc,81 Ballard Road,,Wilton,NY,12831,Saratoga,5,5185848110,James V. Johnson,Private,Scrap metal processor - registration,[46V30022],Yes,606398,4779405,,Scrap Metal - Aluminum ;Scrap Metal - Ferrous ;Scrap Metal - Non-ferrous,46V50022,01/21/2025,01/20/2030,"81 Ballard Road
Wilton, NY 12831
(43.15893, -73.68908)"
Chordas (Johns Body Shop),7 Wayman Road,,Binghamton,NY,13901,Broome,7,6072215968,Christopher Chordas,Private,VDF - small - registration,[04V20014],Yes,425822,4668433,4.1 - Address Matching,End of Life Vehicles VDFs,04V20014,05/22/2023,05/21/2028,"7 Wayman Road
Binghamton, NY 13901
(42.16372, -75.89732)"
E.I.G. AUTO SALVAGE INC.,3515 HEATHCOTE AVE,,BRONX,NY,10475,Bronx,2,7186841777,E.I.G. Auto Salvage Inc.,,VDF - registration,[03V50114],Yes,599008,4526741,4.2 - Utilization of GIS and existing spatial data,Engine Coolant/Antifreeze;End of Life Vehicles VDFs;Lead-acid Batteries;Mix Coolant/Engine Oil/Washing Fluid/Water,03V50114,03/25/2025,03/24/2030,"3515 HEATHCOTE AVE
BRONX, NY 10475
(40.88589, -73.82468)"
Cardinal Health 414; LLC,7 Walker Way,,Colonie,NY,12205,Albany,4,5188620213,Cardinal Health 414 LLC,Private,RMW - radiological storage - registration,[01J10101],Yes,669889,1415633,1 - No accuracy stated,Regulated Medical Waste,01J10101,03/13/2026,08/15/2029,"7 Walker Way
Colonie, NY 12205
(42.71728, -73.83847)"
Syracuse Haulers Waste Removal Inc,6223 Thompson Road,Suite 1000,Syracuse,NY,13206,Onondaga,7,3154266771,Rocco A. Grosso,Private,Transfer facility - permit,[34TP0065],Yes,411227,4769461,4.1 - Address Matching,Construction & Demolition Debris;Metals (Ferrous & Non-Ferrous);Paper/Cardboard;Commingled Paper & Containers;Wood (Clean);Waste Tires;Single Stream;Office Paper;Corrugated Cardboard,7-3126-00070/00039,01/16/2026,01/02/2029,"6223 Thompson Road
Syracuse, NY 13206
(43.07247, -76.09216)"
Brownville Transfer Station,18554 Game Farm Road,,Dexter,NY,13634,Jefferson,6,3156396266,Town of Brownville,Municipal,Transfer facility - less than 50 tpd - registration,[23T10008],Yes,419405,4873490,1 - No accuracy stated,MSW (Residential/Institutional & Commercial),23T10008,02/13/2024,02/12/2029,"18554 Game Farm Road
Dexter, NY 13634
(44.01139, -76.00388)"
Kept Companies; Inc.,42 Cherry Ln,,Floral Park,NY,11001,Nassau,1,5167790108,,,Nonspecific facility - permit,[30XP0108],Yes,610197,4509811,,,1-2822-01754/00001,10/22/2025,10/21/2035,"42 Cherry Ln
Floral Park, NY 11001
(40.73216, -73.69503)"
Sims Metal - Tannery Road,7772 Tannery Road,,Rome,NY,13440,Oneida,6,3153372233,Simsmetal East LLC,Private,Scrap metal processor - registration,[33V30007],Yes,456586,4787377,1.1 - Obtained from original submission and unverified process,Scrap Metal - Ferrous,33V30007,12/18/2024,12/17/2029,"7772 Tannery Road
Rome, NY 13440
(43.23805, -75.53517)"
Davenport TS (T),7920 County Route 10,,Davenport Center,NY,13751,Delaware,4,6072785285,Town of Davenport,Municipal,Transfer facility - less than 50 tpd - registration,[13T12601],Yes,506858,469944,1 - No accuracy stated,MSW (Residential/Institutional & Commercial);Construction & Demolition Debris,13T12601,09/15/2023,09/14/2028,"7920 County Route 10
Davenport Center, NY 13751
(42.44656, -74.91708)"
Vigliotti Recycling Corp Yard Waste Transfer Facility,100 Urban Avenue,,Westbury,NY,11590,Nassau,1,5163346600,Vigliotti Recycling Corp.,Private,Transfer facility - permit,[30TP0144],Yes,621300,4512900,,Yard Trimmings;Tree Debris;Wood (Unadulterated),1-2822-00464/00002,11/04/2021,11/03/2026,"100 Urban Avenue
Westbury, NY 11590
(40.75855, -73.56345)"
Williamson Transfer Facility,6742 Pound Road,,Williamson,NY,14589,Wayne,8,3155892038,Town of Williamson,Municipal,Transfer facility - less than 50 tpd - registration,[59T10002],Yes,323376,4790150,1 - No accuracy stated,Construction & Demolition Debris;Waste Tires;MSW (Residential/Institutional & Commercial);Commingled Recyclables;Metals (Ferrous & Non-Ferrous);Corrugated Cardboard;Commingled Paper & Containers;Electronics,59T10002,03/11/2024,01/14/2029,"6742 Pound Road
Williamson, NY 14589
(43.24291, -77.17726)"
Red Hook TS (T),7340 S Broadway,,Red Hook,NY,12571,Dutchess,3,8457584601,Town of Red Hook,Municipal,Transfer facility - less than 50 tpd - registration,[14T101],Yes,592768,4648996,,Corrugated Cardboard;MSW (Residential/Institutional & Commercial);Commingled Plastics;Commingled Paper & Containers,14T101,05/10/2018,05/10/2023,"7340 S Broadway
Red Hook, NY 12571
(41.98745, -73.88072)"
Adirondack Portable Custom Crushing LLC,3265 State Route 8,,Johnsburg,NY,12843,Warren,5,5182513661,James E McGee,Private,CDDHRF - concrete; rock; brick; asphalt pavement or millings - registration,[57C90032],Yes,582612,4830374,4 - GIS Assisted,Concrete;Asphalt;Brick,57C10032,07/09/2023,07/08/2028,"3265 State Route 8
Johnsburg, NY 12843
(43.62117, -73.97597)"
Empire Recycling-Confidata,64 N. Genesee Street,,Utica (C),NY,13502,Oneida,6,3157247161,Empire Recycling Corp.,Private,RHRF - greater than 5 tpd - registration,[33R20004],Yes,481950,4772674,1 - No accuracy stated,Commingled Paper;Newspaper;Office Paper;Plastic,33R20004,05/02/2023,05/01/2028,"64 N. Genesee Street
Utica (C), NY 13502
(43.10687, -75.22163)"
Schreiber Farm,77 Johnny Cake Lane,,Greenville,NY,12083,Greene,4,5189665218,Schreiber Farm LLC,,Land application - septage - registration,[20A43201],Yes,740234,422400,1 - No accuracy stated,Septage,20A43201,03/24/2025,03/23/2030,"77 Johnny Cake Lane
Greenville, NY 12083
(42.40611, -74.04031)"
Omni Recycling of Babylon Inc,114 Alder Street,,West Babylon,NY,11704,Suffolk,1,6316941694,Omni Recycling of Babylon Inc,Private,Mulch processing - permit,[52MP0381],Yes,635534,4510107,4.3 - Utilization of Digital Orthophoto Quads,,1-4720-00643/00007,06/17/2024,06/17/2029,"114 Alder Street
West Babylon, NY 11704
(40.7308, -73.39634)"
Wawarsing TS,98-101 George Young Blvd.,,Wawarsing,NY,12489,Ulster,3,8456473410,Town of Wawarsing,Municipal,Transfer facility - less than 50 tpd - registration,[56T10003],Yes,553785,4623361,,Construction & Demolition Debris;MSW (Residential/Institutional & Commercial);Commingled Paper & Containers;Tree Debris;Corrugated Cardboard;Metals (Ferrous & Non-Ferrous);Electronics,56T10003,11/13/2018,11/13/2023,
Mentz Lagoon,1265 Maiden Lane Road,,Port Byron,NY,13140,Cayuga,7,2269260785,CHA Generate Cayuga; LLC,Private,Anaerobic digestion - registration,[06P50035],Yes,365021,4767111,4 - GIS Assisted,Digestate,06P50035,09/19/2024,09/19/2029,"1265 Maiden Lane Road
Port Byron, NY 13140
(43.04442, -76.65717)"
Easton Sand & Gravel,61 Hogsback Road,,Greenwich,NY,12834,Washington,5,5186953220,Paul Woolley,Private,Landfill - land clearing debris,[58D07],Yes,616672,4774220,,Land Clearing Debris,58D07,06/20/2005,,"61 Hogsback Road
Greenwich, NY 12834
(43.11181, -73.56648)"
Colonie RMW Transfer Station,1319 New Loudon Rd,,Cohoes,NY,12047,Albany,4,5187832827,Town of Colonie,Municipal,Regulated medical waste - transfer station,[01V26],Yes,603644,4740342,,,4-0126-00033/00001,04/05/2018,04/04/2028,"1319 New Loudon Rd
Cohoes, NY 12047
(42.80899, -73.73231)"
Cardinal Health 414; LLC,2425 Waterbury Ave,,Bronx,NY,10462,Bronx,2,7188221830,Cardinal Health 414 LLC,Private,RMW - radiological storage - registration,[03J10001],Yes,597546,4521146,4.2 - Utilization of GIS and existing spatial data,Regulated Medical Waste,03J10001,04/21/2026,04/20/2031,"2425 Waterbury Ave
Bronx, NY 10462
(40.83555, -73.84321)"
Peterson Farm,229 Old Pangburn Rd,,Delanson,NY,12053,Schenectady,4,5183015433,New England Waste Services of ME. Inc; DBA Casella Organics,Private,Land application - UFPW - registration,[47A32001],Yes,578707,4736451,1 - No accuracy stated,Sludge (Papermill),47A32001,11/24/2025,11/23/2030,
South Buffalo Auto Parts,654 Elk Street,,Buffalo,NY,14210,Erie,9,7168221111,Michael Swinarski,Private,VDF - registration,[15V50053],Yes,187142,4753016,1 - No accuracy stated,End of Life Vehicles VDFs,15V50053,01/29/2026,01/29/2031,"654 Elk Street
Buffalo, NY 14210
(42.86588, -78.82963)"
Russell Reid Lindenhurst Waste Transfer Station,660 Muncy Street,,Lindenhurst,NY,11757,Suffolk,1,6315394658,Russell Reid Waste Hauling & Disposal Service Co.; Inc.,,Transfer facility - permit,[52TP0312],Yes,639070,4506536,,,1-4720-04041/00002,07/26/2020,07/25/2025,"660 Muncy Street
Lindenhurst, NY 11757
(40.69796, -73.35412)"
Oswego County Energy Recovery Facility,2801 State Rte 481,,Fulton,NY,13069,Oswego,7,3155919280,Oswego County Department of Solid Waste,Municipal,Waste combustion - MSW WTE,[38E01],Yes,384495,4800555,4.2 - Utilization of GIS and existing spatial data,MSW (Residential/Institutional & Commercial);Construction & Demolition Debris;Non-hazardous Waste;Sludge (Industrial);Ash MSW Energy Recovery Combined;Bypass Waste (Unprocessible/Processible) ;Metals (Ferrous & Non-Ferrous),7-3558-00013/00012,07/29/2014,07/28/2024,"2801 State Rte 481
Fulton, NY 13069
(43.34888, -76.4243)"
Carlsoncorp; Inc.,140 Old Northport Road,,Kings Park,NY,11754,Suffolk,1,6313684000,Toby Alan Carlson,Private,Composting - yard waste - permit,[52PP0368],Yes,644600,4526700,4.3 - Utilization of Digital Orthophoto Quads,Yard Trimmings,1-4734-00304/00005,02/07/2022,02/07/2027,"140 Old Northport Road
Kings Park, NY 11754
(40.87867, -73.28367)"
Burdick Land Clearing Debris Landfill,Route 28,,Forestport,NY,13338,Oneida,6,3157963690,Chad Burdick,Private,Landfill - land clearing debris,[33D24],Yes,484799,4812530,1 - No accuracy stated,,33D24,,,
Village of Westfield Yard Waste Site,51 Bourne Street,,Westfiled,NY,14787,Chautauqua,9,7163263477,Village of Westfield,,Composting - yard trimmings - registration,[07P10034],Yes,122478,4696803,4.2 - Utilization of GIS and existing spatial data,Leaves;Grass Clippings;Wood/Brush,07P10034,11/26/2023,11/26/2028,"51 Bourne Street
Westfiled, NY 14787
(42.33149, -79.58042)"
Triple T Auto Parts LLC,1209 Balmer Road,,Youngstown,NY,14174,Niagara,9,7167453973,Timothy Haniszewski,Private,VDF - registration,[32V50007],Yes,175755,4794300,1 - No accuracy stated,End of Life Vehicles VDFs,32V50007,10/19/2023,10/19/2028,"1209 Balmer Road
Youngstown, NY 14174
(43.23136, -78.99239)"
Islip Car & Truck Recycling Inc,20 Moffitt Blvd,,Islip,NY,11751,Suffolk,1,6312772100,Joseph Mammolito,Private,VDF - registration,[52V50245],Yes,649761,4510639,4.3 - Utilization of Digital Orthophoto Quads,End of Life Vehicles VDFs,52V50245,09/01/2022,08/31/2027,"20 Moffitt Blvd
Islip, NY 11751
(40.73271, -73.22631)"
Rochester Transfer Station - ecopark,10-14 Avion Drive,,Chili,NY,14624,Monroe,8,,Waste Management of New York; LLC,Private,HHW collection facility - permit,[28HP0035],Yes,280500,4775600,,,8-2622-00050/00001,03/26/2025,03/25/2035,"10-14 Avion Drive
Chili, NY 14624
(43.10153, -77.69618)"
Heidelberg Materials Northeast New York LLC - Stafford,5870 Main Road,,Stafford,NY,14143,Genesee,8,5853431787,Heidelberg Materials Northeast New York LLC Stafford,Private,CDDHRF - asphalt pavement and millings - registration,[19C20015],Yes,247804,4762983,1 - No accuracy stated,Asphalt,19W04,,,"5870 Main Road
Stafford, NY 14143
(42.98407, -78.09427)"
In-Law Brewing Co.,5868 County Route 14,,Chase Mills,NY,13621,St. Lawrence,6,3152612460,Brent Bishop & Justin Tredo,Private,Land application - UFPW - registration,[45A30004],Yes,496244,4969888,4.1 - Address Matching,Unrecognizable Food Processing Waste,45A30004,11/14/2024,11/13/2029,"5868 County Route 14
Chase Mills, NY 13621
(44.88222, -75.04856)"
Pallets-R-Us Inc,555 Woodside Ave,,Bellport,NY,11713,Suffolk,1,6319472500,Thomas J. Sorge,Private,C&D processing - registration,[52W162R],Yes,674095,4518809,4.3 - Utilization of Digital Orthophoto Quads,Wood (Clean);Wood (Chips),52W162R,08/23/2010,,"555 Woodside Ave
Bellport, NY 11713
(40.80126, -72.93596)"
Cortland County Recycling,137.5 South Pendleton Street,,Cortland,NY,13045,Cortland,7,6077568077,Cortland County,County,RHRF - registration,[12R30002],Yes,404239,4716322,3.3 - Hand-Held Unit (real-time;diff. corrected),Source Separated Recyclables (Metal/Glass/Paper/Plastic);Metals (Ferrous);Metals (Non-Ferrous);White Goods;Electronics;Waste Tires,12R20002,04/18/2023,05/04/2028,
Westmoreland Construction Inc,3640 Provost Ave,,Bronx,NY,10466,Bronx,2,9144476133,Westmoreland Construction Inc,Private,CDDHRF - concrete; rock; brick; asphalt pavement or millings - registration,[03C90135],Yes,608226,4524714,4.2 - Utilization of GIS and existing spatial data,Asphalt Millings;Concrete;Rock;Soil (Clean),03C90135,09/24/2025,09/23/2030,"3640 Provost Ave
Bronx, NY 10466
(40.88692, -73.82822)"
Erwin Transfer & Recycling Facility,622 S. Hamilton Street,,Painted Post,NY,14870,Steuben,8,6076642460,Steuben County DPW,County,Transfer facility - less than 50 tpd - registration,[51T10003],Yes,324661,4666800,1 - No accuracy stated,Construction & Demolition Debris;Commingled Paper & Containers;Waste Tires;MSW (Residential/Institutional & Commercial),51T10003,07/27/2023,07/27/2028,"622 S. Hamilton Street
Painted Post, NY 14870
(42.14235, -77.11605)"
Brickyard Pit,Brickyard Road,,Van Buren,NY,13027,Onondaga,7,3154335115,Syracuse Sand & Gravel LLC,Private,CDDHRF - uncontaminated soil sand gravel rock - registration,[34C60009],Yes,409509,4761931,1.1 - Obtained from original submission and unverified process,Soil (Clean);Gravel;Sand;Rock,34C60009,07/12/2024,07/11/2029,
Hanson Aggregates NY LLC - Watertown Plant,25133 NYS Route 3,PO Box 130,Watertown,NY,13601,Jefferson,6,3157822300,Hanson Aggregates New York LLC,Private,C&D processing - registration,[23W09],Yes,430136,4870454,,,23W09,06/21/2013,,"25133 NYS Route 3
Watertown, NY 13601
(43.98217, -75.86766)"
Hesh's Recycling Inc,180 Field Street,,West Babylon,NY,11704,Suffolk,1,6314201111,Michael Aronson,Private,VDF - registration,[52V50361],Yes,636006,4510620,4.3 - Utilization of Digital Orthophoto Quads,End of Life Vehicles VDFs,52V50361,09/07/2021,09/06/2026,"180 Field Street
West Babylon, NY 11704
(40.73549, -73.3896)"
Old Bethpage SWD Complex TS,101 Bethpage-Sweet Hollow Road,,Old Bethpage,NY,11714,Nassau,1,5167551820,Town of Oyster Bay Solid Waste Disposal District,Municipal,Transfer facility - permit,[30TP0100],Yes,631135,4513250,4.2 - Utilization of GIS and existing spatial data,Commingled Paper & Containers;Construction & Demolition Debris;Metals (Ferrous & Non-Ferrous);MSW (Residential/Institutional & Commercial);Single Stream,1-2824-00528/00005,06/21/2018,06/18/2023,"101 Bethpage-Sweet Hollow Road
Old Bethpage, NY 11714
(40.76297, -73.45345)"
Rapid Recovery Enterprises,2055 Flanders Road,,Flanders,NY,11901,Suffolk,1,5166352523,Scott Perlow,,VDF - registration,[52V50350],Yes,702032,4530511,1 - No accuracy stated,Scrap Metal - Non-ferrous ;Waste Tire;End of Life Vehicles VDFs,52V50350,09/03/2025,09/02/2030,"2055 Flanders Road
Flanders, NY 11901
(40.90117, -72.60096)"
High Peaks Sand & Gravel LLC,617 Route 28N,,Chester,NY,12853,Warren,5,2039944686,Robert Zaloski,Private,CDDHRF - concrete; rock; brick; asphalt pavement or millings - registration,[57C90028],Yes,583298,4842639,,Concrete;Asphalt Millings,57C90028,02/29/2024,02/28/2029,"617 Route 28N
Chester, NY 12853
(43.732, -73.96483)"
Hanson Aggregates South Lansing,87 Portland Point Road,,Lansing,NY,14882,Tompkins,7,6075334005,Hasson Aggregates,,CDDHRF - asphalt pavement and millings - registration,[55C20017],Yes,374689,4710530,4 - GIS Assisted,Asphalt Millings;CARB (concrete; asphalt; rock; brick);Asphalt Pavement,55C10017,08/05/2021,08/05/2026,"87 Portland Point Road
Lansing, NY 14882
(42.53787, -76.52623)"
Sanitary District #1,2 Bay  Boulevard,,Lawrence,NY,11559,Nassau,1,5162395600,Sanitary District #1,Municipal,RHRF - permit,[30RP0122],Yes,606300,4498200,4.2 - Utilization of GIS and existing spatial data,Commingled Recyclables;Source Separated Recyclables (Metal/Glass/Paper/Plastic);Construction & Demolition Debris;Commingled Paper;Paper / Cardboard;Newspaper;Metals (Ferrous);Metals (Non-Ferrous);Plastics,1-2820-01335/00002,05/06/2024,05/05/2029,"2 Bay  Boulevard
Lawrence, NY 11559
(40.62806, -73.73837)"
Reginald Palmer,3215 Ruby Road,,Warners,NY,13164,Onondaga,7,3154843331,Reginald Palmer,Private,VDF - registration,[34V50054],Yes,395426,4771257,,End of Life Vehicles VDFs;Waste Tire,34V50054,10/08/2019,10/08/2024,"3215 Ruby Road
Warners, NY 13164
(43.08674, -76.28445)"
Polkville Crushed Stone,3779 US Route 11,,McGraw,NY,13101,Cortland,7,6077533358,Suit-Kote Corporation,Private,CDDHRF - concrete; rock; brick; asphalt pavement or millings - registration,[12C90015],Yes,407121,4715589,1.1 - Obtained from original submission and unverified process,Asphalt Millings;Asphalt Pavement,12C90015,02/28/2025,02/27/2030,"3779 US Route 11
McGraw, NY 13101
(42.589, -76.08452)"
Penn Yan (v) Biosolids Composting,30 Elmwood Ave,,Penn Yan,NY,14527,Yates,8,3155363023,Village of Penn Yan,,Composting - biosolids/other - permit,[62PP0015],Yes,333087,4724641,,,8-5730-00068/00004,10/21/2015,09/30/2025,"30 Elmwood Ave
Penn Yan, NY 14527
(42.65568, -77.03696)"
Artmeier Commodity Supply; Inc.,1951 Hamburg Turnpike (Gate 2 - Steel Plant),,Lackawanna,NY,14218,Erie,9,7168682567,Artmeier Commodity Supply Inc.,Private,CDDHRF - uncontaminated unadulterated wood - registration,[15C50088],Yes,184952,4749283,4 - GIS Assisted,Wood (Chips);Tree Debris;Wood (Unadulterated);Paper / Cardboard,15C50088,02/09/2026,02/09/2031,"1951 Hamburg Turnpike (Gate 2 - Steel Plant)
Lackawanna, NY 14218
(42.82756, -78.85168)"
Wagner Farms,79 Garfield Rd,,Poestenkill,NY,12140,Rensselaer,4,,Keith Wagner,Private,Anaerobic digestion - registration,[42P53805],Yes,616133,4729288,3 - Global Positioning System (GPS),Sludge (Papermill);Manure;Source Separated Organic Waste (SSOW);Fats; Oils; Greases (FOG),42P53805,02/04/2026,01/25/2029,"79 Garfield Rd
Poestenkill, NY 12140
(42.70182, -73.58159)"
Mid Island Auto Wreckers Inc. (Deer Park),1013 Long Island Ave,,Deer Park,NY,11729,Suffolk,1,6315866599,David Marro,Private,VDF - registration,[52V50321],Yes,642389,4514164,,End of Life Vehicles VDFs,52V50321,10/07/2020,10/06/2025,"1013 Long Island Ave
Deer Park, NY 11729
(40.76577, -73.31287)"
Starks Gravel Pit,141 Briggs Road,,Westville,NY,12926,Franklin,5,5183582831,Judith Stark,Private,CDDHRF - concrete rock brick - registration,[17C10014],Yes,547727,4981622,1 - No accuracy stated,CARB (concrete; asphalt; rock; brick),17C10014,04/21/2023,04/21/2028,"141 Briggs Road
Westville, NY 12926
(44.98702, -74.38856)"
Horner's Automotive New & Used Parts & Repair,1562 Lamson Road,,Phoenix,NY,13135,Onondaga,7,3154473249,James Horner,Private,VDF - registration,[34V50030],Yes,386642,4785765,,End of Life Vehicles VDFs,34V50030,11/07/2023,12/31/2028,"1562 Lamson Road
Phoenix, NY 13135
(43.21633, -76.39579)"
Gershow Recycling of Freeport,143 Hanse Avenue,,Freeport,NY,11520,Nassau,1,5166340644,Gershow Recycling of Freeport Inc,Private,CDDHRF - permit,[30CP0102],Yes,620778,4500610,4.3 - Utilization of Digital Orthophoto Quads,Construction & Demolition Debris;Concrete;Rock;Paper/Cardboard;Metals (Aluminum);Metals (Ferrous);Metals (Non-Ferrous);Wood (Unadulterated),1-2820-04876/00001,06/02/2015,06/01/2020,"143 Hanse Avenue
Freeport, NY 11520
(40.64728, -73.57158)"
Supreme Auto Parts & Service; Inc.,1625 Olean-Portville Road,,Olean,NY,14760,Cattaraugus,9,7163720830,Thomas Blicharz,Private,Vehicle Dismantling Facility,[05J09],Yes,219220,4663201,,,,,,"1625 Olean-Portville Road
Olean, NY 14760
(42.0709, -78.39383)"
Voorhees Land Clearing Debris,1053/1056 Hoffman Hollow Road,,Lowman,NY,14861,Chemung,8,6072592014,Floyd R Voorhees,Private,Landfill - land clearing debris,[08D09],Yes,360742,4661381,,Land Clearing Debris,08D09,,,"1053/1056 Hoffman Hollow Road
Lowman, NY 14861
(42.04334, -76.70461)"
Clifton Springs (V)Composting,50 LaDue Avenue,,Clifton Springs,NY,14432,Ontario,8,3154629678,Village of Clifton Springs,,Composting - biosolids/other - permit,[35PP0025],Yes,326235,4759386,1 - No accuracy stated,,8-3236-00002/00004,07/25/2023,07/24/2033,"50 LaDue Avenue
Clifton Springs, NY 14432
(42.96631, -77.13168)"
Barre Stone Products - Wilson Quarry,14120 West Lee Road,,Albion,NY,14411,Orleans,8,5855891250,Barre Stone Products,Private,CDDHRF - concrete; rock; brick; asphalt pavement or millings - registration,[37C90013],Yes,239015,4788628,1 - No accuracy stated,Asphalt Millings;Asphalt Pavement;Concrete,37C90013,09/29/2023,09/29/2028,"14120 West Lee Road
Albion, NY 14411
(43.21058, -78.21028)"
Development Authority of the North Country Landfill,23400 State Route 177,,Rodman,NY,13682,Jefferson,6,3156613230,Development Authority of the North Country,Municipal,Landfill - MSW - permit,[23LS0030],Yes,427302,4852830,4.1 - Address Matching,MSW (Residential/Institutional & Commercial);Construction & Demolition Debris;Asbestos (Friable & Non-Friable),6-2252-00007/00006,01/26/2018,01/25/2023,"23400 State Route 177
Rodman, NY 13682
(43.82498, -75.90381)"
Finger Lakes Compost LLC,4420 Preemption Road,,Rock Stream,NY,14878,Schuyler,8,3153350424,Heather Gilbert,Private,Composting - SSO - registration,[49P20023],Yes,336754,4701379,4 - GIS Assisted,Source Separated Organic Waste (SSOW),49P20023,11/15/2024,11/15/2029,"4420 Preemption Road
Rock Stream, NY 14878
(42.44745, -76.98719)"
Moy Enterprises LCD Landfill,143 Becker Road,,Greenwich,NY,12834,Washington,5,5186929455,Brotherhood Farms,Private,Landfill - land clearing debris,[58D10],Yes,616989,4765985,4.3 - Utilization of Digital Orthophoto Quads,Land Clearing Debris,10D10,03/23/2010,,"143 Becker Road
Greenwich, NY 12834
(42.99984, -73.53085)"
Hi-Tech Resource Recovery Inc,130 Varick Avenue,,Brooklyn,NY,11237,Kings,2,7183865750,Hi-Tech Resource Recovery Inc.,Private,CDDHRF - permit,[24CP0073],Yes,590541,4507211,,Construction & Demolition Debris,2-6104-00012/00004,01/13/2023,01/12/2028,"130 Varick Avenue
Brooklyn, NY 11237
(40.71074, -73.92838)"
Sims Metal - Port Albany,140 Port Road South,,Albany,NY,12202,Albany,4,5186213259,Sims Metal East LLC,Private,VDF - registration,[01V50105],Yes,601292,4718533,4.1 - Address Matching,End of Life Vehicles VDFs,01C99001,02/16/2024,02/15/2029,"140 Port Road South
Albany, NY 12202
(42.61255, -73.76543)"
Niagara Organics,5500 Lockport Road,,Lockport,NY,14094,Erie,9,,Graham Bros Enterprises LLC,,Mulch processing - registration,[32M10035],Yes,195961,4782310,,Tree Debris,32M10035,08/12/2025,08/12/2030,"5500 Lockport Road
Lockport, NY 14094
(43.13313, -78.73829)"
Barton TS (Tioga Management Waste Facility),1216 Route 17C,,Barton,NY,13734,Tioga,7,6075658130,Casella Waste Management; Inc.,Private,Transfer facility - permit,[54T94],Yes,378212,4654168,4.2 - Utilization of GIS and existing spatial data,MSW (Residential/Institutional & Commercial);Construction & Demolition Debris;Waste Tires;Single Stream;Electronics;Metals (Ferrous & Non-Ferrous),7-4920-00050/00001,07/22/2025,07/21/2035,"1216 Route 17C
Barton, NY 13734
(42.03076, -76.47144)"
T & T Scrap,340 Maspeth Ave,,Brooklyn,NY,11211,Kings,2,7183664017,T & T Scrap LLC,Private,Scrap metal processor - registration,[24V30174],Yes,590309,4508020,4.2 - Utilization of GIS and existing spatial data,Scrap Metal - Ferrous ;Scrap Metal - Non-ferrous,24V30174,08/15/2024,08/14/2029,"340 Maspeth Ave
Brooklyn, NY 11211
(40.71828, -73.93058)"
Con-Strux Hamptons,1 High Street,,Speonk,NY,11972,Suffolk,1,6313255533,Con-Strux LLC,Private,CDDHRF - permit,[52CP0400],Yes,694104,4523908,4.3 - Utilization of Digital Orthophoto Quads,Wood (Clean);Concrete;Soil (Clean);Asphalt;Brick;Rock,1-4736-00747/00009,05/30/2023,05/29/2028,
ABC Farms AG Services,17168 County Route 189,,Adams,NY,13605,Jefferson,6,3158130040,Richard Carrier III,Private,Land application - Third Party CAFO Applier - registration,[23A60042],Yes,1,1,,Manure,23A60042,01/19/2024,01/18/2029,"17168 County Route 189
Adams, NY 13605
(43.78899, -76.01963)"
Get Green Auto Parts; Inc.,133 Minnie Bennett Road,,Schuylerville,NY,12871,Saratoga,5,5189444009,Get Green Auto Parts; Inc.,Private,Scrap metal processor - registration,[46V30032],Yes,612454,4768228,,End of Life Vehicles VDFs,46V30032,08/15/2023,08/14/2028,"133 Minnie Bennett Road
Schuylerville, NY 12871
(43.05824, -73.61763)"
New York Drilling Services Inc,728 Dewitt Lake Road,,Ulster,NY,12401,Ulster,3,8453317522,New York Drilling Service Inc,Private,CDDHRF - permit,[56CP],Yes,579808,4637751,,,3-5154-00063/00005,04/03/2019,04/02/2024,"728 Dewitt Lake Road
Ulster, NY 12401
(41.88814, -74.03801)"
Piercefield Transfer Station,Dump Rd,,Piercefield,NY,12973,St. Lawrence,6,,Town of Piercefield,Municipal,Transfer facility - source separated recyclables - registration,[45T30003],Yes,535395,4898102,1 - No accuracy stated,Commingled Paper & Containers;Container Glass;Electronics;Other - Batteries;Metals (Ferrous & Non-Ferrous),45T30003,04/17/2024,04/16/2029,
Steele Cold Spring Pit,State Route 352,,Corning,NY,14830,Steuben,8,6077339664,Edger Civil and Utility; LLC.,,CDDHRF - concrete; rock; brick; asphalt pavement or millings - registration,[51C90011],Yes,336756,4665625,4.2 - Utilization of GIS and existing spatial data,CARB (concrete; asphalt; rock; brick),51C90011,12/04/2024,12/03/2029,
ICS Industries; Inc.,7 Badger Ave,,Endicott,NY,13760,Broome,7,6077570025,Thomas Kennedy,Private,RHRF - 5 tpd or less - registration,[04R10023],Yes,411782,4661201,4.1 - Address Matching,Commingled Paper,04R10023,05/26/2023,05/25/2028,"7 Badger Ave
Endicott, NY 13760
(42.09787, -76.06731)"
K and R Trucking - Gravel Pit #2,3866 Broadway Street,,Alexander,NY,14005,Genesee,8,7166550660,K and R Day Trucking Inc,Private,CDDHRF - concrete; rock; brick; asphalt pavement or millings - registration,[19C90030],Yes,236850,4755033,,Asphalt Millings;Concrete;Brick,19C90030,05/05/2025,05/05/2030,"3866 Broadway Street
Alexander, NY 14005
(42.90006, -78.22209)"
Croton-on-Hudson (V) DPW Leaf TS,Municipal Place & Route 9,,Croton on Hudson,NY,10520,Westchester,3,9142713775,Village of Croton-on-Hudson,Municipal,Transfer facility - less than 50 tpd - registration,[60T10010],Yes,593266,4561778,,Yard Trimmings,60T10010,03/13/2025,03/12/2030,"Municipal Place & Route 9
Croton on Hudson, NY 10520
(41.20202, -73.8873)"
EcoPark & Rochester Transfer Station,10-14 Avion Drive,,Rochester,NY,14624,Monroe,8,5854943000,Waste Management of NY; Inc,Private,Transfer facility - permit,[28TP0035],Yes,280520,4775672,1 - No accuracy stated,Commingled Paper & Containers;Yard Trimmings;Corrugated Cardboard;Office Paper;Metals (Ferrous & Non-Ferrous);White Goods;Commingled Plastics;Electronics,8-2622-00050/00001,03/26/2025,03/25/2035,"10-14 Avion Drive
Rochester, NY 14624
(43.10153, -77.69618)"
DeChiaro Associates Corp. (Lot 2 & 2A),2 Grucci Lane,,Yaphank,NY,11716,Suffolk,1,6313748084,,,CDDHRF - permit,[52CP0246],Yes,674459,4519655,4.3 - Utilization of Digital Orthophoto Quads,Asphalt;Brick;Concrete;Rock;Soil (Clean);Tree Debris,1-4722-06775/00001,12/11/2018,12/10/2023,"2 Grucci Lane
Yaphank, NY 11716
(40.81298, -72.93356)"
R & S Auto Parts of Frankfort Inc,2211 Broad Street,,Frankfort,NY,13340,Herkimer,6,3157334614,Ronald Leonard,Private,VDF - registration,[22V50012],Yes,485270,4771152,,End of Life Vehicles VDFs,22V50012,05/15/2025,05/14/2030,"2211 Broad Street
Frankfort, NY 13340
(43.09277, -75.18111)"
Brighton (T) C&D Landfill,444 Browncroft Blvd,,Rochester,NY,14610,Monroe,8,5852889205,Town of Brighton,Municipal,Landfill - land clearing debris,[28D07],Yes,293866,4781457,,,28D07,09/22/1994,,"444 Browncroft Blvd
Rochester, NY 14610
(43.15745, -77.53717)"
Harlem Valley Transfer Station,1933 NY Route 22,,Wingdale,NY,12594,Dutchess,3,8458323828,,,Transfer facility - permit,[14TP0001],Yes,618853,4612609,,MSW (Residential/Institutional & Commercial);Construction & Demolition Debris;Electronics;Emergency Authorization Waste (Storm Debris);Single Stream,3-1326-00124/00002,01/26/2023,01/25/2028,"1933 NY Route 22
Wingdale, NY 12594
(41.65668, -73.57273)"
Peckham Materials Corp - Chestertown,5983 Route 9,,Chestertown,NY,12817,Warren,5,5184942313,Peckham Materials Corp.,Private,CDDHRF - concrete; rock; brick; asphalt pavement or millings - registration,[57C90031],Yes,596849,4831238,,CARB (concrete; asphalt; rock; brick),47C90031,01/19/2024,01/18/2029,"5983 Route 9
Chestertown, NY 12817
(43.6278, -73.7989)"
Stericycle Bronx,910 East 138 Street,,Bronx,NY,10454,Bronx,2,7184017243,Stericycle Inc,Private,RMW - permit,[03JP0026],Yes,592144,4517368,,Regulated Medical Waste,2-6007-00023/00004,03/25/2021,03/24/2026,"910 East 138 Street
Bronx, NY 10454
(40.80204, -73.90821)"
DT Auto 2,1362 US Route 11,,Hastings,NY,13076,Oswego,7,3156767367,The New Tyrell Group,Private,Vehicle Dismantling Facility,[7086970],Yes,406727,4798483,,,DMV #7086970,,,"1362 US Route 11
Hastings, NY 13076
(43.33329, -76.15122)"
HCI Field Support,315 Plankenhorn Road,,Undilla,NY,13849,Otsego,4,6076455145,Joshua Hoellerer,Private,Land application - Third Party CAFO Applier - registration,[39A66201],Yes,469549,4684526,,Manure,39A66201,03/03/2025,03/02/2030,"315 Plankenhorn Road
Undilla, NY 13849
(42.31222, -75.36859)"
GreenSheen Paint & Design; Inc,1470 Rotterdam Industrial Park,Building 14 Bay 7,Rotterdam,NY,12306,Schenectady,4,,GreenSheen Paint & Design; Inc,Private,RHRF - greater than 5 tpd - registration,[47R22803],Yes,583298,4736867,3 - Global Positioning System (GPS),Other Non-Ferrous Scrap Metal;Plastic,47R22803,02/11/2022,02/10/2027,"1470 Rotterdam Industrial Park
Rotterdam, NY 12306
(42.77991, -73.98306)"
Ashley's Home Center,7596 State Highway 68,,Ogdensburg,NY,13669,St. Lawrence,6,3153931250,John J. Ashley Jr.,Private,RHRF - registration,[45R30031],Yes,462637,4948646,4.1 - Address Matching,Paperboard/Boxboard,45R30031,08/30/2022,08/29/2027,"7596 State Highway 68
Ogdensburg, NY 13669
(44.68942, -75.47135)"
Riverhead CB LLC,1521 Roanoke Ave,,Riverhead,NY,11901,Suffolk,1,6317270170,Robert Terry,Private,CDDHRF - asphalt pavement and millings - registration,[52C20251],Yes,695258,4534626,4.3 - Utilization of Digital Orthophoto Quads,Asphalt Pavement;Asphalt Millings,52-0251,09/17/2019,09/16/2024,"1521 Roanoke Ave
Riverhead, NY 11901
(40.93946, -72.68046)"
City of Dunkirk DPW Recycling,77 West Lucas Avenue,,Dunkirk,NY,14048,Chautauqua,9,7163664411,City of Dunkirk DPW,Municipal,RHRF - 5 tpd or less - registration,[07R10063],Yes,143416,4711545,4.2 - Utilization of GIS and existing spatial data,Commingled Containers;Commingled Paper;Other Non-Ferrous Scrap Metal;Enameled Appliances / White Goods;Other Ferrous Scrap Metal;Container Glass,07R10063,02/27/2023,02/27/2028,"77 West Lucas Avenue
Dunkirk, NY 14048
(42.47449, -79.33764)"
USDHS.- PIADC Bldg 101 Exit Autoclaves,Building 101,Plum Island,Greenport,NY,11944,Suffolk,1,5163232500,US Department of Homeland Security,Federal,RMW - permit,[52JP0281],Yes,735302,4561644,4.3 - Utilization of Digital Orthophoto Quads,,,12/01/2020,11/30/2025,
Trashmasters - Parmenter Inc,2640 SR 14,,Montour Falls,NY,14865,Schuyler,8,6075947106,Y-ALL Rite LLC,Private,Transfer facility - less than 50 tpd - registration,[49T10007],Yes,346700,4691577,,MSW (Residential/Institutional & Commercial);Single Stream,49T10007,12/13/2024,12/13/2029,"2640 SR 14
Montour Falls, NY 14865
(42.36139, -76.86255)"
Town of Tonawanda Transfer & Recycling Facility,450 Woodward Avenue,,Tonawanda,NY,14217,Erie,9,,Town of Tonawanda,,Transfer facility - less than 50 tpd - registration,[15T10098],Yes,182357,4765238,4 - GIS Assisted,Used Cooking Oil;Waste Antifreeze;Waste Tires;Waste Oil (Other),15T10098,10/27/2021,10/27/2026,"450 Woodward Avenue
Tonawanda, NY 14217
(42.97295, -78.8954)"
Peckham Materials Corp - Hudson Falls,438 Vaughn Road,,Hudson Falls,NY,12839,Washington,5,5187473353,Peckham Materials Corp,Private,CDDHRF - uncontaminated soil sand gravel rock - registration,[58C60025],Yes,616236,4800415,,Soil (Clean);Sand;Gravel,58C90025,01/19/2024,01/18/2029,"438 Vaughn Road
Hudson Falls, NY 12839
(43.34399, -73.57202)"
Previty's Auto Wrecking; Inc,11075 Galen Hill Road,,Freedom,NY,14065,Cattaraugus,9,7164923936,Previty's Auto Wrecking; Inc.,Private,VDF - registration,[05V50007],Yes,223892,4708718,1 - No accuracy stated,End of Life Vehicles VDFs,05V50007,11/02/2023,11/02/2028,"11075 Galen Hill Road
Freedom, NY 14065
(42.48121, -78.3586)"
Druker Auto Sales,1282 Dombroski rd,,Tyrone,NY,14837,Schuyler,8,6072438433,Robert Druker,Private,Motor vehicle repair shop - registration,[49V40020],Yes,333719,4705538,1.1 - Obtained from original submission and unverified process,End of Life Vehicles VDFs;Transmission Fluid;Used Oil;Waste Tire,49V40020,12/09/2019,12/09/2024,"1282 Dombroski rd
Tyrone, NY 14837
(42.48469, -77.02407)"
211 Aggregates LLC,1120 NY-211 E.,,Middletown,NY,10941,Orange,3,9175592480,211 Aggregates LLC,Private,CDDHRF - uncontaminated soil sand gravel rock - registration,[36C60001],Yes,555193,4590768,,Soil (Clean);Sand;Gravel;Rock,36C60001,11/10/2023,11/09/2024,"1120 NY-211 E.
Middletown, NY 10941
(41.46715, -74.33909)"
Riberdy Contracting Corp,27 Button Road,,Waterford,NY,12188,Saratoga,5,5182376917,Francis E. Riberdy,Private,Landfill - land clearing debris,[46D31],Yes,606189,4743467,,Land Clearing Debris,46D31,06/23/2005,,"27 Button Road
Waterford, NY 12188
(42.83663, -73.701)"
Great Northern Fibers Inc,77 Field Street,,West Babylon,NY,11704,Suffolk,1,6316437940,Great Northern Fibers LLC,Private,RHRF - permit,[52RP0301],Yes,636198,4510434,4.3 - Utilization of Digital Orthophoto Quads,Commingled Paper;Paper/Cardboard;Metals (Ferrous);Metals (Non-Ferrous);Commingled Containers;Wood (Chips);Newspaper;Office Paper;Plastics,1-4720-00852/00002,09/25/2023,09/24/2028,"77 Field Street
West Babylon, NY 11704
(40.73251, -73.3876)"
Insurance Auto Auction,39 Stone Castle Road,,Rock Tavern,NY,12575,Orange,3,8455676360,Insurance Auto Auction,Private,VDF - registration,[36V50005],Yes,572265,4598555,,End of Life Vehicles VDFs,36V50005,01/17/2019,01/17/2024,"39 Stone Castle Road
Rock Tavern, NY 12575
(41.53539, -74.1334)"
Long Island Waste Services,228 Blydenburgh Road,,Islandia,NY,11749,Suffolk,1,6312347100,Patricia DiMatteo,Private,MSW processing - permit,[52YP0288],Yes,653272,4518747,,Construction & Demolition Debris;MSW (Residential/Institutional & Commercial);Commingled Paper;Commingled Containers;Plastic;Electronics;Newspaper;Office Paper,1-4728-00720/00001,10/08/2025,10/07/2030,"228 Blydenburgh Road
Islandia, NY 11749
(40.8057, -73.18193)"
Waste-Stream Inc. - Parishville,472 West Parishville Road,,Potsdam,NY,13676,St. Lawrence,6,3152653860,Waste-Stream Inc.,Private,RHRF - registration,[45R30014],Yes,503813,4941012,4.1 - Address Matching,Single Stream;Commingled Containers;Commingled Paper;Other Aluminum Scrap Metal,6-4066-00063/00001,10/25/2022,10/24/2027,"472 West Parishville Road
Potsdam, NY 13676
(44.62235, -74.953)"
Salt Lot Community Compost Site,22 2nd Avenue,,Brooklyn,NY,11215,Kings,2,7187258925,Big Initiatives; Inc. dba Big Reuse,,Composting - yard trimmings - registration,[24P10175],Yes,585206,4503152,4.2 - Utilization of GIS and existing spatial data,Wood/Brush;Leaves;Source Separated Organic Waste (SSOW),24P10175,12/01/2025,11/30/2030,"22 2nd Avenue
Brooklyn, NY 11215
(40.67477, -73.99158)"
Philip R. Skowfoe Jr & Sons,126 Chapman Road,,Fultonham,NY,12071,Schoharie,4,5188274896,Phil Skowfoe,Private,VDF - registration,[48V53201],Yes,547709,4710013,,End of Life Vehicles VDFs,48V53201,01/08/2026,01/07/2031,"126 Chapman Road
Fultonham, NY 12071
(42.5407, -74.41917)"
Westchester County Brockway Place Transfer Station,41 Brockway Place,,White Plains,NY,10601,Westchester,3,9143286536,Westchester County,County,Transfer facility - permit,[60T16],Yes,604632,4543371,,MSW (Residential/Institutional & Commercial),3-5517-00130/00003,11/03/2024,11/03/2034,"41 Brockway Place
White Plains, NY 10601
(41.03523, -73.7549)"
Local 315 Brewing Company; LLC,3160 Warners Road,,Warners,NY,13164,Onondaga,7,3154712188,Redacre Holdings Group; LLC,Private,Land application - UFPW - registration,[34A30038],Yes,395117,4770566,4.1 - Address Matching,Unrecognizable Food Processing Waste,34A30038,05/22/2023,05/21/2028,"3160 Warners Road
Warners, NY 13164
(43.08096, -76.28957)"
Northrup Septic Service,4861 Route 80 West,,Tully,NY,13159,Onondaga,7,3156965691,Northrup Septic Service,Private,Land application - septage - registration,[34A40045],Yes,404751,4740732,4.3 - Utilization of Digital Orthophoto Quads,Septage,34A40045,05/26/2023,05/25/2028,"4861 Route 80 West
Tully, NY 13159
(42.81724, -76.18079)"
Heidelberg Materials Northeast New York LLC - Honeoye Falls,2049 Honeoye Falls No. 6 Road,,Honeoye Falls,NY,14472,Monroe,8,5856241220,Heidelberg Materials Northeast New York LLC,Private,C&D processing - registration,[28W15],Yes,285033,4757962,1 - No accuracy stated,Concrete;Asphalt,28W15,,,"2049 Honeoye Falls No. 6 Road
Honeoye Falls, NY 14472
(42.94697, -77.63279)"
9 brothers building supply corp,70 comsewogue road,,east setauket,NY,11733,Suffolk,1,6319284665,Stephen Palmieri,Private,CDDHRF - concrete rock brick - registration,[52C10440],Yes,661279,453300,,CARB (concrete; asphalt; rock; brick),52-0440,03/25/2026,03/24/2031,"70 comsewogue road
east setauket, NY 11733
(40.93259, -73.0833)"
JPD Masonry & Landscape Supply LLC,1637 Broad Hollow Road,,East Farmingdale,NY,11735,Suffolk,1,5167794326,JPD Masonry & Landscaping Supply LLC,Private,Nonspecific facility - permit,[52XP0284],Yes,633198,4511326,,,52XP0284,03/06/2024,03/05/2029,"1637 Broad Hollow Road
East Farmingdale, NY 11735
(40.74218, -73.42251)"
Clifton Recycling Inc,3400 Court Street,,Syracuse,NY,13206,Onondaga,7,3154631170,Clifton Recycling Inc,Private,Mulch processing - registration,[34M10015],Yes,408950,4770593,4.3 - Utilization of Digital Orthophoto Quads,Wood (Pallets & Crates);Wood (Unadulterated Pallets);Tree Debris,34M10015,04/13/2023,05/04/2028,"3400 Court Street
Syracuse, NY 13206
(43.08143, -76.11936)"
Tompkins County Recycling and SW Center,160 Commercial Ave.,,Ithaca,NY,14850,Tompkins,7,6072732307,Tompkins County SWM Division,Municipal,Transfer facility - permit,[55TP0012],Yes,375068,4698011,4.3 - Utilization of Digital Orthophoto Quads,MSW (Residential/Institutional & Commercial);Single Stream;Tree Debris;Food Scraps;Corrugated Cardboard;Junk Mail;Office Paper;Metals (Ferrous & Non-Ferrous);Commingled Plastics;Electronics;Yard Trimmings;Waste Tires,7-5007-00032/00002,07/16/2025,07/15/2035,"160 Commercial Ave.
Ithaca, NY 14850
(42.42403, -76.51829)"
Anthony D. Gallo Auto Wrecking,645 Marcy Avenue,,Riverhead,NY,11901,Suffolk,1,6317273313,Anthony D. Gallo,Private,VDF - small - registration,[52V10286],Yes,695486,4533101,4.3 - Utilization of Digital Orthophoto Quads,End of Life Vehicles VDFs,52V10286,10/31/2019,10/30/2024,"645 Marcy Avenue
Riverhead, NY 11901
(40.92606, -72.67853)"
Cogent Recycling of NY - Maspeth (formerly GPB Waste NY),58-35 47th Street,,Maspeth,NY,11378,Queens,2,7183490500,GPB Waste NY LLC,Private,RHRF - registration,[41R30013],Yes,591077,4507948,4.2 - Utilization of GIS and existing spatial data,Plastic;Glass;Metal (Structural);Office Paper;Newspaper;Paper / Cardboard,41R30013,04/15/2025,04/14/2030,"58-35 47th Street
Maspeth, NY 11378
(40.71793, -73.92208)"
Clinton County Landfill,286 Sand Road,,Morrisonville,NY,12962,Clinton,5,5185635514,Clinton County,County,Composting - SSO - registration,[10P20017],Yes,611178,4950413,4 - GIS Assisted,Source Separated Organic Waste (SSOW);Yard Trimmings,10P20017,05/02/2023,03/01/2028,"286 Sand Road
Morrisonville, NY 12962
(44.691, -73.59778)"
Zabel's Auto Repair,127 Zabel Hill Road,,Feura Bush,NY,12067,Albany,4,5187682671,Gilbert Zabel,Private,VDF - registration,[01V52402],Yes,585021,4708115,,End of Life Vehicles VDFs,01V52402,04/16/2026,04/15/2031,"127 Zabel Hill Road
Feura Bush, NY 12067
(42.52087, -73.96492)"
Borden Bridge Auto Wrecking,1440 Cornwell Road,,Addison,NY,14801,Steuben,8,6073592747,Frank Jakob,Private,VDF - registration,[51V50007],Yes,309794,4660137,,Scrap Metal - Aluminum,51V50007,03/19/2024,03/18/2029,"1440 Cornwell Road
Addison, NY 14801
(42.07081, -77.29977)"
R. Cohen Recycling; LLC,38 Geer Street,,Glens Falls,NY,12801,Warren,5,5187922010,Geer St. Holdings; LLC,,Scrap metal processor - registration,[57V30016],Yes,611216,4796448,,Scrap Metal - Aluminum ;Scrap Metal - Ferrous ;Scrap Metal - Non-ferrous,57V30016,07/31/2024,07/30/2029,"38 Geer Street
Glens Falls, NY 12801
(43.31267, -73.62828)"
Charleston Transfer Station,480 Corbin Hill Road,,Charleston,NY,12166,Montgomery,4,5189225867,Town of Charleston,Municipal,Transfer station - registration,[29R24],Yes,550573,4740689,,MSW (Residential/Institutional & Commercial);Commingled Paper & Containers,29R24,,,"480 Corbin Hill Road
Charleston, NY 12166
(42.81697, -74.38128)"
Southold Town Transfer Station,6155 Cox Lane,,Cutchogue,NY,11935,Suffolk,1,6317347685,Town of Southold,Municipal,Transfer facility - permit,[52TP0265],Yes,710456,4545310,4.3 - Utilization of Digital Orthophoto Quads,MSW (Residential/Institutional & Commercial);Construction & Demolition Debris;Commingled Paper & Containers;Tree Debris;Yard Trimmings;Corrugated Cardboard;Waste Oil (Other);Waste Tires;Clean Fill;Metals (Ferrous & Non-Ferrous);Junk Mail;Magazines;Newspaper;Office Paper;Glass;White Goods;Commingled Plastics;Electronics,1-4738-02967/00001,06/22/2021,06/21/2026,"6155 Cox Lane
Cutchogue, NY 11935
(41.0318, -72.4963)"
South Shore Recycling LLC,18 Zarelli Court,,Staten Island,NY,10309,Richmond,2,7184948973,Julia Coluccio,Private,C&D processing - registration,[43M56],Yes,564936,4489255,4.1 - Address Matching,Asphalt;Rock;Concrete;Soil (Clean);Gravel,43M56,05/20/2016,,"18 Zarelli Court
Staten Island, NY 10309
(40.62674, -74.08055)"
Swarthout Recycling LLC,1514 County Road 19,,Beaver Dams,NY,14812,Schuyler,8,6079360013,Brian Swarthout,Private,Transfer facility - less than 50 tpd - registration,[49T10006],Yes,338770,4685717,,Construction & Demolition Debris;MSW (Residential/Institutional & Commercial),49T10006,05/23/2025,05/23/2030,"1514 County Road 19
Beaver Dams, NY 14812
(42.30714, -76.957)"
Star Scrap Iron & Metals,718 Irish Settlement Road,,Ogdensburg,NY,13669,St. Lawrence,6,3153934330,Roland LaFave,Private,Vehicle Dismantling Facility,[7086670],Yes,466898,4945845,,,,,,"718 Irish Settlement Road
Ogdensburg, NY 13669
(44.66504, -75.41768)"
Blasdell Transfer Station,3675 Jeffrey Boulevard,,Blasdell,NY,14219,Erie,9,7168243766,Natural Environmental Inc.,,Transfer facility - permit,[15TP0097],Yes,186404,4744125,4.2 - Utilization of GIS and existing spatial data,MSW (Residential/Institutional & Commercial);Construction & Demolition Debris,9-1448-00168/00001,04/07/2022,04/06/2032,"3675 Jeffrey Boulevard
Blasdell, NY 14219
(42.78673, -78.83463)"
Natural Wood Fiber Organics LLC,8452 Lake Street Road,,LeRoy,NY,14482,Genesee,8,5855910510,Shannon S. Domes,Private,Composting - yard trimmings - registration,[19P10013],Yes,256700,4765603,4.1 - Address Matching,Yard Trimmings,19P10013,07/14/2025,07/14/2030,"8452 Lake Street Road
LeRoy, NY 14482
(43.00379, -77.98214)"
College of Veterinary Medicine at Cornell University,Upper Tower Road,,Ithaca,NY,14853,Tompkins,7,6072533760,College of Vet Medicine at Cornell,State,RMW - permit,[55JP0005],Yes,379548,4700524,1 - No accuracy stated,Regulated Medical Waste;Infectious Substances;Cultures & Stocks;Animal Waste,7-5030-00007/00006,04/06/2020,04/05/2030,
Clarence (T) Yard Waste Compost,9050 Sheridan Drive,,Clarence,NY,14031,Erie,9,7167413210,Town of Clarence,Municipal,Composting - yard trimmings - registration,[15P10043],Yes,201222,4764440,4 - GIS Assisted,Yard Trimmings;Leaves;Wood/Brush,15P10043,02/26/2024,02/26/2029,"9050 Sheridan Drive
Clarence, NY 14031
(42.97371, -78.65764)"
Lawton Adams Construction Corp,260 Route 100 Po Box 309,,Somers,NY,10589,Westchester,3,9142323275,Lawton Adams,Private,CDDHRF - concrete; rock; brick; asphalt pavement or millings - registration,[60C90001],Yes,609366,4574018,,Asphalt;Concrete;Brick,60C90001,02/09/2026,02/08/2027,"260 Route 100 Po Box 309
Somers, NY 10589
(41.32769, -73.68969)"
Stasi Brothers Asphalt Corp,422 Maple Ave,,Westbury,NY,11590,Nassau,1,5163341229,Stasi Brothers Asphalt Corp.,Private,CDDHRF - concrete; rock; brick; asphalt pavement or millings - registration,[30C90179],Yes,619551,4512649,,CARB (concrete; asphalt; rock; brick),30-0179,11/05/2025,11/04/2030,"422 Maple Ave
Westbury, NY 11590
(40.75628, -73.58386)"
Mohawk Valley Manufacturing; Inc.,7166 E. Dominick Street,,Rome,NY,13340,Oneida,6,3157485886,Mohawk Valley Manufacturing; Inc.,Private,Mulch processing - registration,[33M10036],Yes,0,0,1 - No accuracy stated,Tree Debris,33M10036,02/02/2026,02/01/2031,"7166 E. Dominick Street
Rome, NY 13340
(43.20498, -75.41234)"
Stericycle - West Babylon,101 Eads Street,,West Babylon,NY,11704,Suffolk,1,8473675910,Formerly - Long Island Medical Disposal; Inc.,Private,RMW - permit,[52JP0253],Yes,636025,4510386,,Regulated Medical Waste;Non-Radioactive,1-4720-00585,03/11/2022,03/10/2027,"101 Eads Street
West Babylon, NY 11704
(40.73303, -73.38958)"
Woodhull Auto Supply LLC,5567 McCaslin Road,,Woodhull,NY,14898,Steuben,8,6074585474,Phillip J Stiles Jr,Private,VDF - registration,[51V50076],Yes,302237,4653067,4.1 - Address Matching,End of Life Vehicles VDFs,51V50076,11/02/2020,11/01/2025,"5567 McCaslin Road
Woodhull, NY 14898
(42.00456, -77.38875)"
Burton Clark C & D,41155 State Highway 10,,Delhi,NY,13753,Delaware,4,6077462727,Burton F. Clark; Inc.,Private,Landfill - C&DD - permit,[13LC2801],Yes,503403,4678357,,Construction & Demolition Debris,4-1228-00043/00004,04/30/2018,04/30/2023,"41155 State Highway 10
Delhi, NY 13753
(42.25689, -74.95698)"
Glomann LCD Landfill,29 Glomann Road,,Keeseville,NY,12944,Essex,5,5188345037,John Glomann,Private,Landfill - land clearing debris,[16D10],Yes,618821,4924202,4.3 - Utilization of Digital Orthophoto Quads,Land Clearing Debris,16D10,05/09/2005,,"29 Glomann Road
Keeseville, NY 12944
(44.46079, -73.50655)"
Absolute Auto Credit,1569 State Route 9,,Fort Edward,NY,12828,Saratoga,5,5187450316,Walter John Smith,Private,VDF - registration,[46V50018],Yes,609143,4790915,,Decommissioned ELVs SMPs,46V50018,10/08/2024,10/07/2029,"1569 State Route 9
Fort Edward, NY 12828
(43.26287, -73.65488)"
Walton Manure Management; LLC,2434 Linwood Road,,Linwood,NY,14486,Livingston,8,5857031476,Travis Walton,Private,Land application - Third Party CAFO Applier - registration,[26A60009],Yes,405617,321475,1 - No accuracy stated,Manure,26A60009,02/01/2024,01/31/2029,"2434 Linwood Road
Linwood, NY 14486
(42.89327, -77.90224)"
Pittsfield (T) Transfer Station,Mumbulo Road,,Pittsfield,NY,13411,Otsego,4,6078479885,Town of Pittsfield,Municipal,Transfer facility - less than 50 tpd - registration,[39T15201],Yes,481577,4722480,,MSW (Residential/Institutional & Commercial),39T15201,04/18/2024,04/17/2029,
Rye (C) DPW,141 Oakland Beach Avenue,,Rye,NY,10580,Westchester,3,9149677464,City of Rye,Municipal,Transfer station - registration,[60R13],Yes,610258,4535713,,Yard Trimmings;Tree Debris,60R13,,,"141 Oakland Beach Avenue
Rye, NY 10580
(40.96315, -73.69286)"
EcoVerde Organics Wright Road,396 Wright Rd,,Alabama,NY,14001,Genesee,8,7162093166,Ecoverde Organics; LLC,Private,Composting - yard trimmings - registration,[19P10014],Yes,0,0,1 - No accuracy stated,Mixture of Leaves and Grass;Wood/Brush,19P10014,09/30/2021,09/30/2026,"396 Wright Rd
Alabama, NY 14001
(43.03549, -78.44952)"
Menands Transfer Station,22 Simmons Lane,,Menands,NY,12204,Albany,4,5185172270,Casella Waste Management of N.Y.; Inc.,Private,Transfer facility - permit,[01TP2625],Yes,604155,4726220,1 - No accuracy stated,MSW (Residential/Institutional & Commercial),4-0126-00403/00001,02/28/2018,02/27/2028,"22 Simmons Lane
Menands, NY 12204
(42.68024, -73.72972)"
National Grid,287 Maspeth Avenue,,Brooklyn,NY,11222,Kings,2,7182705786,nicholas Calabro,Private,C&D processing - registration,[24W38],Yes,590236,4508096,4.3 - Utilization of Digital Orthophoto Quads,Asphalt;Concrete;Brick;Rock;Soil (Clean);Construction & Demolition Debris,24W38,,,"287 Maspeth Avenue
Brooklyn, NY 11222
(40.71901, -73.93143)"
Poughkeepsie TS (C),26 Howard St - DPW Yard,,Poughkeepsie,NY,12601,Dutchess,3,8454514111,City of Poughkeepsie,Municipal,Transfer facility - less than 50 tpd - registration,[14T10004],Yes,591022,4618093,,MSW (Residential/Institutional & Commercial);Single Stream;Tree Debris;Yard Trimmings,14T10004,06/13/2024,06/12/2029,"26 Howard St - DPW Yard
Poughkeepsie, NY 12601
(41.70882, -73.90502)"
S. St. George Enterprises; Inc.,3624 Webster Road,,Fredonia,NY,14063,Chautauqua,9,7166722488,S. St. George Enterprises; Inc.,Private,CDDHRF - uncontaminated soil sand gravel rock - registration,[07C60060],Yes,146069,4705422,4.2 - Utilization of GIS and existing spatial data,Soil (Clean),07C60060,09/07/2021,09/07/2026,"3624 Webster Road
Fredonia, NY 14063
(42.42168, -79.29963)"
Harpersfield TS,25399 NYS Route 23,,Harpersfield,NY,13786,Delaware,4,6076527909,Town of Harpersfield,Municipal,Transfer facility - source separated recyclables - registration,[13T33801],Yes,526313,4698433,1 - No accuracy stated,Corrugated Cardboard;Single Stream,13T13801,01/23/2026,01/22/2031,"25399 NYS Route 23
Harpersfield, NY 13786
(42.4372, -74.68035)"
UCRRA Ulster Transfer Station,999 Flatbush Road,,Kingston,NY,12401,Ulster,3,8453360600,UCRRA Public Benefit Corp,County,Composting - source separated organic waste - permit,[56T05],Yes,585537,4647777,,Source Separated Organic Waste (SSOW),3-5154-00125/00001,04/20/2021,04/19/2026,"999 Flatbush Road
Kingston, NY 12401
(41.97455, -73.97112)"
Brookhaven Waste Management Facility,350 Horseblock Road,,Yaphank,NY,11719,Suffolk,1,6312868551,Town of Brookhaven,Municipal,Mulch processing - registration,[52M10226],Yes,675100,4518600,1 - No accuracy stated,Tree Debris,52T10226,03/30/2023,03/21/2025,"350 Horseblock Road
Yaphank, NY 11719
(40.80001, -72.92581)"
HEIDELBERG MATERIALS NORTHEAST - NY LLC JAMESVILLE QUARRY,4800 Jamesville Road,P.O. Box 513,Jamesville,NY,13078,Onondaga,7,3154695501,HEIDELBERG MATERIALS NORTHEAST - NY LLC,Private,CDDHRF - uncontaminated soil sand gravel rock - registration,[34C60012],Yes,412647,4761899,,CARB (concrete; asphalt; rock; brick);Soil (Clean),34C10012,01/16/2024,01/14/2029,"4800 Jamesville Road
Jamesville, NY 13078
(43.00641, -76.07497)"
Hainsworth Farms #26L29,6101 Logan Road,,Mt. Morris,NY,14510,Livingston,8,5857343264,Alan Hainsworth,,Land application - UFPW - registration,[26A30001],Yes,272016,4734031,1 - No accuracy stated,Unrecognizable Food Processing Waste;Sludge (Papermill),26A30001,06/15/2018,06/14/2023,"6101 Logan Road
Mt. Morris, NY 14510
(42.72461, -77.78452)"
Trudeau  Sand & Gravel,1115 NYS Route 3,PO Box 235,Saranac Lake,NY,12983,Clinton,5,5188911940,Richard A Trudeau,Private,Landfill - land clearing debris,[10D11],Yes,572087,4913779,4.2 - Utilization of GIS and existing spatial data,Land Clearing Debris,10D11,07/30/1999,,"1115 NYS Route 3
Saranac Lake, NY 12983
(44.37305, -74.09468)"
Winters Brothers @ Emil Norsic & Son Inc,42 Sandy Hollow Road,,Southampton,NY,11968,Suffolk,1,6312830604,Emil J. Norsic Jr.,Private,Transfer facility - permit,[52TP0401],Yes,758740,4533029,,,52TP0401,01/19/2023,01/18/2028,"42 Sandy Hollow Road
Southampton, NY 11968
(40.90145, -72.40927)"
Peckham Materials Corp - Patterson Blacktop,1181 Rt. 6,,Carmel,NY,10512,Putnam,3,8456283425,Peckham Industries Corp.,Private,C&D processing - registration,[40W08],Yes,607965,4583551,1 - No accuracy stated,Rock;Brick;Asphalt;Soil (Clean);Construction & Demolition Debris,40W08,,,"1181 Rt. 6
Carmel, NY 10512
(41.3982, -73.70987)"
Walt Scott Timber Service,2200 Brandt Road,,Lyons,NY,14489,Wayne,8,5852617262,Richard Rogers,Private,Landfill - land clearing debris,[59D03],Yes,334927,4772658,1 - No accuracy stated,,59D03,06/27/2011,,"2200 Brandt Road
Lyons, NY 14489
(43.08846, -77.02947)"
Hard Rock C&D,Martin & McKinstry Roads,,Machias,NY,14101,Cattaraugus,9,7164924956,D&H Materials Inc.,,CDDHRF - concrete; rock; brick; asphalt pavement or millings - registration,[05C90021],Yes,211393,4704735,1 - No accuracy stated,Concrete;Asphalt Millings,05C90021,03/28/2025,03/28/2030,
Klebs Septic Tank Pumping,845 CO. RT. 48,,Richland,NY,13144,Oswego,7,3152985831,Richard Klebs,Private,Land application - septage - registration,[38L52],Yes,415501,4822754,4.3 - Utilization of Digital Orthophoto Quads,Septage,38L52,07/01/2003,,"845 CO. RT. 48
Richland, NY 13144
(43.55305, -76.04613)"
Peckham Materials - Port Chester,1 Purdy Avenue,,Port Chester,NY,10573,Westchester,3,9143930509,Peckham Materials Corp,Private,C&D processing - registration,[60W13],Yes,612701,4539147,,,60W13,,,"1 Purdy Avenue
Port Chester, NY 10573
(40.99576, -73.66033)"
Planty's Salvage LLC,13 Planty Drive,,Warrensburg,NY,12885,Warren,5,,Shawn Planty,Private,VDF - small - registration,[57V20014],Yes,597396,4814967,4 - GIS Assisted,End of Life Vehicles VDFs,57V20014,10/16/2019,10/15/2024,"13 Planty Drive
Warrensburg, NY 12885
(43.47978, -73.79561)"
Omni Brentwood Rail Transfer,80 Emjay Blvd,,Brentwood,NY,11717,Suffolk,1,,Kings and Queens Transload LLC,Private,CDDHRF - permit,[52CP0326],Yes,645421,4515668,,Construction & Demolition Debris,1-4728-04004/00003,03/03/2026,03/02/2031,"80 Emjay Blvd
Brentwood, NY 11717
(40.77985, -73.27723)"
NRG Huntley Landfill,4293 River Road,,Tonawanda,NY,14150,Erie,9,7168793876,Huntley Power LLC,Private,Landfill reclamation - registration,[15L10103],Yes,179468,4767123,4.2 - Utilization of GIS and existing spatial data,Ash (Coal-Bottom);Ash (Coal-Fly),15L10103,10/19/2023,10/19/2028,"4293 River Road
Tonawanda, NY 14150
(42.98971, -78.93534)"
Trout Enterprises; Inc,2410 Edwards Rd,,Waterloo,NY,13165,Seneca,8,3157895742,Joshua Trout,Private,Mobile vehicle crusher - registration,[50V60012],Yes,343408,4752401,,End of Life Vehicles VDFs,50V60012,08/12/2020,08/12/2025,"2410 Edwards Rd
Waterloo, NY 13165
(42.90811, -76.91799)"
Upstone - Saranac Lake,909 NYS Route 3,,Saranac Lake,NY,12983,Essex,5,5188910236,Upstone Materials Inc,Private,CDDHRF - uncontaminated soil sand gravel rock - registration,[16C60020],Yes,571204,4912503,,Brick;Rock;Sand;Soil (Clean),16C60020,02/24/2026,02/24/2031,"909 NYS Route 3
Saranac Lake, NY 12983
(44.36155, -74.10484)"
Omni Recycling of Westbury Inc,7 Portland Avenue,,Westbury,NY,11590,Nassau,1,5163335741,Anthony Core,Private,RHRF - permit,[30RP0158],Yes,620156,4512755,,Commingled Paper;Source Separated Recyclables (Metal/Glass/Paper/Plastic);White Goods,1-2822-00487/00001,11/03/2022,11/02/2027,"7 Portland Avenue
Westbury, NY 11590
(40.75638, -73.57759)"
ASAP Scrap Recycling; LLC,2780 State Route 208,,Montgomery,NY,12586,Orange,3,8452753331,ASAP Scrap Recycling; LLC,Private,VDF - registration,[36V50010],Yes,567949,4603820,,End of Life Vehicles VDFs;Scrap Metal - Non-ferrous ;Scrap Metal - Ferrous,36V50010,11/04/2025,11/03/2027,"2780 State Route 208
Montgomery, NY 12586
(41.58434, -74.18432)"
Village of Marcellus Composting Facility,6 Mile High Drive,(near 1 Mustang Hill Rd),Marcellus,NY,13108,Onondaga,7,3155069253,Village of Marcellus,Municipal,Composting - biosolids/other - permit,[34PP0072],Yes,390636,4759792,4.2 - Utilization of GIS and existing spatial data,,7-3140-00005/00003,02/18/2022,02/17/2032,
Colonie (T) SWMF,4 Arrowhead Lane,,Colonie,NY,12047,Albany,4,5187832827,Town of Colonie,Municipal,Composting - yard waste - permit,[01Y26],Yes,603789,4740487,1 - No accuracy stated,,4-0126-00033/00001,04/05/2018,04/04/2028,"4 Arrowhead Lane
Colonie, NY 12047
(42.80257, -73.73063)"
Heidelberg Materials - Victor Sand and Gravel,1370 Malone Road,,Victor,NY,14564,Ontario,8,,Heidelberg Materials Northeast - NY LLC,Private,CDDHRF - uncontaminated soil sand gravel rock - registration,[35C60031],Yes,299677,4760279,,Soil (Clean);Sand;Gravel;Rock,35C60031,03/19/2025,03/19/2030,"1370 Malone Road
Victor, NY 14564
(42.96901, -77.45644)"
AK Farms,2019 Rt. 32,,Modena,NY,12548,Ulster,3,8455493992,Anthony Kalamucki,,Composting - yard waste  - registration,[56Y06],Yes,573426,4612753,,Yard Trimmings,56Y06,,,"2019 Rt. 32
Modena, NY 12548
(41.66189, -74.10975)"
Huntington Recycling Center and Transfer Station,641 New York Ave,,Huntington,NY,11743,Suffolk,1,6314276377,Town of Huntington,Municipal,HHW collection facility - permit,[52HP0249],Yes,632986,4524636,,,1-4726-00247/00005,07/28/2022,08/14/2027,"641 New York Ave
Huntington, NY 11743
(40.86103, -73.42167)"
Poland Sand & Gravel,8649 South Main Street,,Poland,NY,13431,Herkimer,6,3158263761,PSG Realty; LLC,Private,CDDHRF - concrete; rock; brick; asphalt pavement or millings - registration,[22C90004],Yes,496206,4785400,1 - No accuracy stated,Asphalt Millings;Asphalt Pavement;Concrete;Brick;Rock,22C90004,05/01/2025,04/30/2030,"8649 South Main Street
Poland, NY 13431
(43.21807, -75.05572)"
Jamestown Macadam; Inc.,75 Walden Avenue,,Jamestown,NY,14701,Chautauqua,9,7166645108,Jamestown Macadam; Inc.,Private,CDDHRF - concrete; rock; brick; asphalt pavement or millings - registration,[07C90071],Yes,147308,4670280,1 - No accuracy stated,Asphalt Millings;Asphalt Pavement;Brick;Concrete;Rock,07C90071,12/04/2025,12/04/2030,"75 Walden Avenue
Jamestown, NY 14701
(42.10566, -79.26571)"
Patchogue Municipal Garage (Incorporated Village of),216 Waverly Ave.,,Patchogue,NY,11772,Suffolk,1,6314754300,Village of Patchogue,Municipal,Transfer facility - less than 50 tpd - registration,[52T10421],Yes,666433,4515346,4.3 - Utilization of Digital Orthophoto Quads,White Goods;Construction & Demolition Debris;Leaves & Grass;Tree Debris;Concrete;Yard Trimmings;Electronics;Corrugated Cardboard;Metals (Ferrous & Non-Ferrous);Commingled Plastics,52-0421,08/07/2024,08/06/2029,"216 Waverly Ave.
Patchogue, NY 11772
(40.77225, -73.02777)"
Kinderhook Mine YW Composting,3568 US Route 9,,Kinderhook,NY,12106,Columbia,4,5184231804,Troy Sand & Gravel Co Inc.,Private,Composting - yard trimmings - registration,[11P14401],Yes,607889,4702402,,Yard Trimmings,11P14401,10/16/2024,10/17/2029,"3568 US Route 9
Kinderhook, NY 12106
(42.46692, -73.69047)"
Bethlehem Transfer Station,136 Rupert Road,,Selkirk,NY,12158,Albany,4,5184394955,Town of Bethlehem,Municipal,Transfer facility - source separated recyclables - registration,[01T32202],Yes,594253,4710169,3.6 - Unknown type,Commingled Paper;Commingled Plastics;Corrugated Cardboard;Container Glass,01T22202,07/18/2024,07/17/2029,"136 Rupert Road
Selkirk, NY 12158
(42.53874, -73.85218)"
SUNY Upstate Medical University IHP,505 Irving Ave,,Syracuse,NY,13210,Onondaga,7,,,,RMW - permit,[34JP0090],Yes,407347,4766415,1.1 - Obtained from original submission and unverified process,,7-3115-00555,03/10/2025,03/09/2035,"505 Irving Ave
Syracuse, NY 13210
(43.04481, -76.13785)"
Westfield Disposal,12 Bourne Street,,Westfield,NY,14787,Chautauqua,9,8002273552,Casella Waste Management NY Inc,Private,Transfer station - permit,[07T17],Yes,122409,4696534,4.2 - Utilization of GIS and existing spatial data,Construction & Demolition Debris;MSW (Residential/Institutional & Commercial),9-0672-00040/00004,02/11/2016,07/31/2026,"12 Bourne Street
Westfield, NY 14787
(42.32958, -79.58387)"
Darcy Construction Corp,442 Saddleback Ridge Road,,Stephentown,NY,12168,Rensselaer,4,5187948263,Darcy Construction Corp.,,Land application - septage - registration,[42A43001],Yes,626212,4707367,,Septage,42A43001,03/08/2023,03/07/2028,"442 Saddleback Ridge Road
Stephentown, NY 12168
(42.50966, -73.46651)"
American Recyclers Co.; Inc,177 Wales Avenue,,Tonawanda,NY,14151,Erie,9,7166956720,Momentum of Buffalo; LLC,Private,RHRF - 5 tpd or less - registration,[15R10079],Yes,185550,4769896,4.2 - Utilization of GIS and existing spatial data,Electronics;Other Ferrous Scrap Metal;Other Non-Ferrous Scrap Metal;Used Oil Filters (drained),15R10079,04/01/2021,04/01/2026,"177 Wales Avenue
Tonawanda, NY 14151
(43.01647, -78.85902)"
Allocco Recycling Ltd (Kingsland Ave),540 Kingsland Avenue,,Brooklyn,NY,11222,Kings,2,7183493094,Michael Allocco,Private,RHRF - exempt (non-VDF),[24V30103],Yes,589120,4509887,,,,,,"540 Kingsland Avenue
Brooklyn, NY 11222
(40.73493, -73.94512)"
Schenectady Co. YW Composting Facility,24 Hetcheltown Rd,,Glenville,NY,12302,Schenectady,4,5183996980,Schenectady County,County,Composting - yard waste - permit,[47C02],Yes,588607,4743263,4.3 - Utilization of Digital Orthophoto Quads,Yard Trimmings,47C02,11/02/2020,11/01/2025,"24 Hetcheltown Rd
Glenville, NY 12302
(42.8716, -73.90684)"
Bi-County Auto & Truck Salvage Corp,1 Macadam Street,,Bayshore,NY,11706,Suffolk,1,6319685700,Bi-County Auto & Truck Salvage Corp,,VDF - registration,[52V50358],Yes,646586,4513322,4.3 - Utilization of Digital Orthophoto Quads,End of Life Vehicles VDFs,52V50358,08/16/2021,08/15/2026,"1 Macadam Street
Bayshore, NY 11706
(40.75776, -73.26368)"
Village Motors Auto Sales LLC,8240 State Route 69,,Oriskany,NY,13424,Oneida,6,3157365400,Matthew Shannon,Private,VDF - registration,[33V50029],Yes,472227,4779319,,End of Life Vehicles VDFs,33V50029,08/19/2021,08/18/2026,"8240 State Route 69
Oriskany, NY 13424
(43.16625, -75.34143)"
Ben Weitsman of Allegany,34 West Union Street,,Allegany,NY,14706,Cattaraugus,9,7163721042,Ben Weitsman of Allegany; LLC,Private,Scrap metal processor - registration,[05V30005],Yes,210603,4665884,1 - No accuracy stated,Scrap Metal - Aluminum ;Scrap Metal - Ferrous ;Scrap Metal - Non-ferrous,05V30005,01/29/2026,10/18/2028,"34 West Union Street
Allegany, NY 14706
(42.09178, -78.49971)"
(V) Ossining North Water Street Organic Transfer Station,30 Water Street,,Ossining,NY,10562,Westchester,3,9149233011,Village of Ossining DPW,Municipal,Transfer facility - less than 50 tpd - registration,[60T104],Yes,594950,4557090,,Yard Trimmings,60T104,06/07/2018,06/07/2023,"30 Water Street
Ossining, NY 10562
(41.15976, -73.86828)"
Wilbert's Premium Auto Parts of Ontario,6333 Lakeside Road,,Ontario,NY,14519,Wayne,8,3155248800,Richard Wilbert,Private,VDF - registration,[59V51009],Yes,310088,4788813,4.3 - Utilization of Digital Orthophoto Quads,End of Life Vehicles VDFs,59V51009,08/23/2024,08/23/2029,"6333 Lakeside Road
Ontario, NY 14519
(43.22828, -77.33815)"
Agri-Cycle of Washington County Inc,PO Box 89; Belle Road,,Buskirk,NY,12028,Washington,5,4135523688,CTI Agri-Cycle; LLC,Private,Composting - source separated organic waste - permit,[58PP0022],Yes,422780,4893863,4.3 - Utilization of Digital Orthophoto Quads,Yard Trimmings;Sludge (Papermill);Woodchips;Biosolids,5-5322-00022/00003,07/28/2021,07/27/2026,
Winters Bros. Recycling of LI; Inc. - Kings Park Facility,499 Lawrence Rd.,,Kings Park,NY,11754,Suffolk,1,6313685533,Winters Bros. Recycling of LI; LLC,Private,CDDHRF - permit,[52CP0325],Yes,647682,4525571,,Construction & Demolition Debris;Commingled Paper,1-4734-00299/00005,12/07/2020,12/06/2025,"499 Lawrence Rd.
Kings Park, NY 11754
(40.86766, -73.24717)"
Theresa Transfer Station,25770 State Route 411,,Theresa,NY,13691,Jefferson,6,3156284108,Town of Theresa,Municipal,Transfer facility - source separated recyclables - registration,[23T30021],Yes,431576,4893992,4.1 - Address Matching,Paperboard/Boxboard;Electronics;Metals (Ferrous & Non-Ferrous);Single Stream,23T30021,11/21/2024,11/20/2029,"25770 State Route 411
Theresa, NY 13691
(44.1962, -75.85636)"
Metalico Rochester Inc - Portland Avenue,50 Portland Avenue,,Rochester,NY,14605,Monroe,8,5852324767,Metalico Rochester,Private,Scrap metal processor - registration,[28V30015],Yes,288818,4782700,4.2 - Utilization of GIS and existing spatial data,Scrap Metal - Aluminum ;Scrap Metal - Ferrous ;Scrap Metal - Non-ferrous,28V30015,02/29/2024,04/15/2029,"50 Portland Avenue
Rochester, NY 14605
(43.16758, -77.59829)"
United Recycling System of LI,3550 Hampton Road,,Oceanside,NY,11572,Nassau,1,5166787865,Joseph Tarulli,Private,CDDHRF - permit,[30CP0147],Yes,613715,449792,4.3 - Utilization of Digital Orthophoto Quads,,1-2820-01732/00005,10/05/2021,10/04/2026,"3550 Hampton Road
Oceanside, NY 11572
(40.62413, -73.65524)"
Chester Transfer Station,63 Landfill Road,,Chestertown,NY,12817,Warren,5,5184942711,Town of Chester,Municipal,Transfer facility - less than 50 tpd - registration,[57T10009],Yes,595469,4838404,,MSW (Residential/Institutional & Commercial);Metals (Ferrous & Non-Ferrous);Construction & Demolition Debris,57T10009,04/22/2024,04/21/2029,"63 Landfill Road
Chestertown, NY 12817
(43.69249, -73.8168)"
Bistrian Gravel Corp,225 Spring Fireplace Rd.,,East Hampton,NY,11937,Suffolk,1,6313241123,Fireplace Development Corp,Private,C&D processing - permit,[52W18],Yes,737786,4541362,4.3 - Utilization of Digital Orthophoto Quads,Asphalt;Brick;Concrete;Soil (Clean);Rock,1-4724-00001/00006,12/22/2016,12/21/2021,"225 Spring Fireplace Rd.
East Hampton, NY 11937
(40.98727, -72.1726)"
Orange County Transfer Station #2 (Newburgh),NYS Rt 17K,9 Orr Road,Newburgh,NY,12550,Orange,3,8454150580,Orange County,County,Transfer facility - permit,[36TP0004],Yes,577332,4594911,,,3-3346-00069/00005,11/27/2018,11/26/2023,
Shulman Company Inc,197 East Washington Ave,,Elmira,NY,14901,Chemung,8,6077337111,Stephen Shulman,Private,RHRF - 5 tpd or less - registration,[08R10017],Yes,350453,4662544,4.3 - Utilization of Digital Orthophoto Quads,Plastic;Commingled Paper,08R10017,04/26/2022,04/26/2027,"197 East Washington Ave
Elmira, NY 14901
(42.10096, -76.80915)"
Coxsackie Transfer Station,88 Plank Road,,Coxsackie,NY,12051,Greene,4,5187319419,Greene County,County,Transfer facility - less than 50 tpd - registration,[20T12801],Yes,597331,4689378,,MSW (Residential/Institutional & Commercial),20T12801,04/03/2024,04/02/2029,"88 Plank Road
Coxsackie, NY 12051
(42.35014, -73.81763)"
Green Leaf Recycling - GLR Reading,3914 County Rd. 28,,Reading Center,NY,14876,Schuyler,8,6075357459,Town of Reading,Municipal,Transfer facility - less than 50 tpd - registration,[49T10011],Yes,341510,4698724,,MSW (Residential/Institutional & Commercial),49T10011,09/30/2022,09/30/2027,"3914 County Rd. 28
Reading Center, NY 14876
(42.42367, -76.92587)"
Baychester Materials,1684 E 233rd St,,Bronx,NY,10466,Bronx,2,9146250983,,,CDDHRF - concrete; rock; brick; asphalt pavement or millings - registration,[03C90132],Yes,598,4527,4.2 - Utilization of GIS and existing spatial data,CARB (concrete; asphalt; rock; brick);Soil (Clean),03C90132,12/30/2024,12/29/2034,"1684 E 233rd St
Bronx, NY 10466
(40.88805, -73.82614)"
Town of Day Recycling Center,92 Bovee Road,,Day,NY,12835,Saratoga,5,5186963789,Town of Day,Municipal,Transfer facility - less than 50 tpd - registration,[46T10030],Yes,579979,4796067,4.3 - Utilization of Digital Orthophoto Quads,MSW (Residential/Institutional & Commercial);Construction & Demolition Debris,46T10030,04/07/2022,04/06/2027,"92 Bovee Road
Day, NY 12835
(43.31331, -74.01367)"
Otsego Auto Crushers LLC,6071 State Highway 23,,Oneonta,NY,13820,Delaware,4,6074322375,Wayne Hymers Sr.,Private,VDF - registration,[13V52601],Yes,498620,4699413,,End of Life Vehicles VDFs,13V52601,03/19/2024,06/24/2029,"6071 State Highway 23
Oneonta, NY 13820
(42.44674, -75.01685)"
Bath Sanitary Landfill,5632 Turnpike Road,,Bath,NY,14810,Steuben,8,6077763191,Steuben County,County,Landfill - MSW - permit,[51LS0001],Yes,303935,4687722,1 - No accuracy stated,Asbestos (Friable);Construction & Demolition Debris;Non-Radioactive;Commingled Paper & Containers;Industrial;Petroleum Contaminated Soil;MSW (Residential/Institutional & Commercial),8-4624-00031/00010,02/18/2026,02/17/2036,"5632 Turnpike Road
Bath, NY 14810
(42.32411, -77.3842)"
Southport Rail and Transfer,250 Lake Avenue,,Blasdell,NY,14219,Erie,9,7166854588,Southport Rail and Transfer LLC,Private,CDDHRF - concrete; rock; brick; asphalt pavement or millings - registration,[15C90089],Yes,186251,4745328,4.2 - Utilization of GIS and existing spatial data,Concrete;Brick,15C90089,01/11/2024,01/11/2029,"250 Lake Avenue
Blasdell, NY 14219
(42.79671, -78.83705)"
Yole Pit (LCD Landfill),NYS Route 149,,Fort Ann,NY,12827,Washington,5,5187980674,Schermerhorn Sand & Gravel LLC,Private,Landfill - land clearing debris,[58D06],Yes,615732,4807118,1 - No accuracy stated,Land Clearing Debris,58D06,02/06/2003,,
Affa Organics Inc,499 Horseblock road,,yaphank,NY,11980,Suffolk,1,,affa organics inc,Private,Mulch processing - registration,[52M10439],Yes,675817,4518884,,Tree Debris,52-0439,03/11/2026,03/10/2031,"499 Horseblock road
yaphank, NY 11980
(40.79912, -72.915)"
Dolomite Products Company; Inc. - Iroquois Brockport,5251 Sweden Walker Road,,Sweden,NY,14420,Monroe,8,5856376834,Dolomite Products Company; Inc.,Private,CDDHRF - concrete; rock; brick; asphalt pavement or millings - registration,[28C90022],Yes,263039,4784432,4.2 - Utilization of GIS and existing spatial data,Asphalt Millings;Asphalt Pavement;Brick;Concrete;CARB (concrete; asphalt; rock; brick),28C90022,03/04/2026,03/04/2031,"5251 Sweden Walker Road
Sweden, NY 14420
(43.17363, -77.90738)"
MJ Landscaping and Excavation; Inc.,2003 Clinton Street,,Bennington,NY,14011,Wyoming,9,7164328284,Amy Justinger,,CDDHRF - asphalt pavement and millings - registration,[61C20018],Yes,226652,4748147,4.2 - Utilization of GIS and existing spatial data,Asphalt Pavement,61C20018,07/10/2023,07/10/2028,"2003 Clinton Street
Bennington, NY 14011
(42.83623, -78.34474)"
LaMay & Sons; Inc.,275A East Main Street,,Yaphank,NY,11980,Suffolk,1,6314232740,Greg Lamay Sr.,Private,Composting - yard trimmings - registration,[52P10359],Yes,72,40,,Yard Trimmings,52-0359,05/13/2026,05/12/2031,"275A East Main Street
Yaphank, NY 11980
(40.8372, -72.91001)"
Greenwich Recycling/Transfer Station,291 Fidlers Elbow Road,,Greenwich,NY,12834,Washington,5,5186927505,Greenwich Transfer Station; LLC,Private,CDDHRF - permit,[58C90010],Yes,620066,4775212,,Construction & Demolition Debris,5-5334-00037/00003,02/02/2023,02/01/2033,"291 Fidlers Elbow Road
Greenwich, NY 12834
(43.11987, -73.52377)"
Tylers LLC,30 North Street,,Cleveland,NY,13042,Oswego,7,3156758833,Randall Tyler,Private,Motor vehicle repair shop - small - registration,[38V10032],Yes,428549,4787342,,End of Life Vehicles VDFs,38V10032,11/30/2021,11/29/2026,"30 North Street
Cleveland, NY 13042
(43.23597, -75.88081)"
Metropolitan Transfer Station,287 Halleck Street,,Bronx,NY,10474,Bronx,2,7185897733,Waste Connections,Private,Transfer facility - permit,[03TP0036],Yes,594488,4517915,,MSW (Residential/Institutional & Commercial);Source Separated Organic Waste,2-6007-00007/00004,01/12/2023,01/11/2028,"287 Halleck Street
Bronx, NY 10474
(40.8066, -73.87964)"
North Hudson Transfer Station,Dump Road,,North Hudson,NY,12855,Essex,5,5185327217,Town of North Hudson,County,RHRF - 5 tpd or less - registration,[16R10014],Yes,602033,4867685,4 - GIS Assisted,Mixed Commercial;Container Glass;Plastic,16R10014,07/29/2022,07/29/2027,
A.I.I. Allen Industries Inc (Oceanside Yard),3467  Hampton Road,,Oceanside,NY,11572,Nassau,1,5168050146,William Allen,Private,CDDHRF - concrete; rock; brick; asphalt pavement or millings - registration,[30C90171],Yes,613843,4498050,,Concrete;Brick;Asphalt Millings;Asphalt Pavement;Rock,30C60171; 30C90171,07/22/2024,07/21/2029,"3467  Hampton Road
Oceanside, NY 11572
(40.62539, -73.65401)"
Oneida-Herkimer Western Transfer Station,575 Perimeter Road,,Rome (C),NY,13440,Oneida,6,3153390288,Oneida Herkimer SWMA,Municipal,CDDHRF - uncontaminated unadulterated wood - registration,[33C50001],Yes,467931,4783860,4.3 - Utilization of Digital Orthophoto Quads,Tree Debris;Wood (Chips),33C50001,02/13/2023,08/05/2028,"575 Perimeter Road
Rome (C), NY 13440
(43.20709, -75.39433)"
Weir Farm Sand & Gravel Mine Composting,846 Farm to Market Rd. ( St. Rt. 67),,Schaghticoke,NY,12154,Rensselaer,4,5186748774,Troy Sand and Gravel Co; Inc.,Private,Composting - yard trimmings - registration,[42P14204],Yes,612675,4750051,,Yard Trimmings,42P14204,04/05/2024,04/04/2029,"846 Farm to Market Rd. ( St. Rt. 67)
Schaghticoke, NY 12154
(42.89565, -73.61982)"
Pond Materials Corp,2164 Pond Road,,Ronkonkoma,NY,11779,Suffolk,1,5169223940,Pond Materials Corp.,Private,CDDHRF - uncontaminated soil sand gravel rock - registration,[52C60426],Yes,658625,4518117,,Sand;Soil (Clean),52C90426,12/04/2024,12/03/2029,"2164 Pond Road
Ronkonkoma, NY 11779
(40.79807, -73.11955)"
Broad Street Industrial Park,111 1/2 Bevier Street,,Binghamton,NY,13901,Broome,7,5182949964,Tri City Highway Products Inc,Private,CDDHRF - uncontaminated soil sand gravel rock - registration,[04C60009],Yes,426586,4663573,,Rock;Sand;Soil (Clean),04C60009,05/04/2023,05/03/2028,"111 1/2 Bevier Street
Binghamton, NY 13901
(42.11908, -75.89634)"
Waste Stream Management Transfer Station,51 Junction Road,,Malone,NY,12953,Franklin,5,3152653860,Waste Stream Inc.,Private,RHRF - registration,[17R30003],Yes,558070,4967981,,Single Stream,17R30003,11/27/2023,04/30/2034,"51 Junction Road
Malone, NY 12953
(44.86073, -74.26759)"
Montauk Materials LLC,86 Industrial Road,,Montauk,NY,11954,Suffolk,1,6313247396,Montauk Materials LLC,Private,CDDHRF - uncontaminated soil sand gravel rock - registration,[52C60336],Yes,755466,4547856,4.3 - Utilization of Digital Orthophoto Quads,Soil (Clean);Gravel;Sand;Rock,336,04/15/2026,04/14/2031,"86 Industrial Road
Montauk, NY 11954
(41.04162, -71.96076)"
Albany Medical Center,43 New Scotland Avenue,,Albany,NY,12208,Albany,4,5187832827,Albany Medical Center,Private,Regulated medical waste - onsite treatment,[01Q01],Yes,600385,4723024,,,4-0101-00036/02001,10/28/2016,10/27/2026,"43 New Scotland Avenue
Albany, NY 12208
(42.65356, -73.77469)"
Town of Jerusalem Transfer Station,2671 Guyanoga Road,,Jerusalem,NY,14418,Yates,8,6072437568,Joseph Gibson,,Transfer facility - less than 50 tpd - registration,[62T10019],Yes,322436,4722427,4.3 - Utilization of Digital Orthophoto Quads,Single Stream;Corrugated Cardboard;MSW (Residential/Institutional & Commercial),62T10019,09/28/2021,09/28/2026,"2671 Guyanoga Road
Jerusalem, NY 14418
(42.63464, -77.16544)"
ROC City Recycling and Material Management,104 Carin Street & 1110 Chili Avenue,,Rochester,NY,14624,Monroe,8,,Michael J. Valle,Private,CDDHRF - concrete; rock; brick; asphalt pavement or millings - registration,[28C90034],Yes,283258,4780018,4.2.1 - Utilization of GIS and Facility Mapping System,Concrete;Asphalt Pavement,28C90034,11/27/2024,11/27/2029,"104 Carin Street & 1110 Chili Avenue
Rochester, NY 14624
(43.14049, -77.66519)"
RC Dorr Farm,33775 Sam Adams Rd,,Clayton,NY,13624,Jefferson,6,3156495470,Richard L.Dorr,Private,VDF - registration,[23V50018],Yes,407422,4890160,4.1 - Address Matching,Scrap Metal - Ferrous ;Scrap Metal - Non-ferrous ;Scrap Metal - Aluminum ;End of Life Vehicles VDFs,23V50018,11/21/2024,11/20/2029,"33775 Sam Adams Rd
Clayton, NY 13624
(44.15558, -76.16239)"
A & G Used Auto Parts Inc D/B/A Part Are Us,1937B Flushing Avenue,,Ridgewood,NY,11385,Queens,2,7184973900,A & G Used Auto Parts Inc D/B/A Part Are Us,Private,VDF - registration,[41V50124],Yes,591468,4507478,4.2 - Utilization of GIS and existing spatial data,Mix Coolant/Engine Oil/Washing Fluid/Water;End of Life Vehicles VDFs;Lead-acid Batteries;Engine Coolant/Antifreeze,41V50124,02/04/2025,02/03/2030,"1937B Flushing Avenue
Ridgewood, NY 11385
(40.71308, -73.91692)"
FDA Labs,158-15 Liberty Ave,,Jamaica,NY,11433,Queens,2,7183407178,,,RMW - permit,[41JP0123],Yes,601443,4506214,1 - No accuracy stated,Regulated Medical Waste,2-6307-00405/00003,09/04/2025,09/03/2035,"158-15 Liberty Ave
Jamaica, NY 11433
(40.7006, -73.7988)"
Precision Automotive Service,540 Montauk Highway,,Westhampton Beach,NY,11978,Suffolk,1,6312884638,Hernando Campos,Private,Motor vehicle repair shop - registration,[52V40349],Yes,699895,4521760,4.3 - Utilization of Digital Orthophoto Quads,,52-0349,05/19/2021,05/18/2026,"540 Montauk Highway
Westhampton Beach, NY 11978
(40.82214, -72.63026)"
S&M Prompt Rubbish Removal Service Inc,7 Linden Place,,Oceanside,NY,11572,Nassau,1,5167642950,Salvatore Mancuso,Private,CDDHRF - permit,[30CP0141],Yes,614010,4497743,,,1-2820-94784/00001,04/30/2021,04/29/2026,
Niagara Quarry,8875 Quarry Road,,Niagara,NY,14304,Niagara,9,7162975876,Amrize Great Lakes Inc.,Private,CDDHRF - concrete; rock; brick; asphalt pavement or millings - registration,[32C90045],Yes,177840,4782528,4.2 - Utilization of GIS and existing spatial data,Concrete;Brick;Asphalt Pavement,32C90045,03/31/2026,03/31/2031,"8875 Quarry Road
Niagara, NY 14304
(43.12455, -78.9678)"
Phelps (V) Transfer,1342 State Route 96,,Phelps,NY,14532,Ontario,8,3155483882,Village of Phelps,Municipal,Transfer facility - less than 50 tpd - registration,[35T10009],Yes,332682,4758285,4.2 - Utilization of GIS and existing spatial data,MSW (Residential/Institutional & Commercial);Single Stream,35T10009,03/07/2019,03/06/2024,"1342 State Route 96
Phelps, NY 14532
(42.95562, -77.04748)"
Bodek Septic & Excavating Services Inc,195 Brooks Road,,Binghamton,NY,13905,Broome,7,6077779974,Christopher Bodek,Private,Storage - septage - registration,[04A50008],Yes,0,0,,Septage,04A50008,05/24/2023,05/23/2028,"195 Brooks Road
Binghamton, NY 13905
(42.21114, -75.94639)"
Gershow Recycling of Riverhead,27 Hubbard Avenue,,Riverhead,NY,11901,Suffolk,1,,Gershow Recycling of Riverhead; Inc.,Private,VDF - registration,[52V50413],Yes,698025,4533256,1 - No accuracy stated,End of Life Vehicles VDFs,52-0413,11/21/2025,11/20/2030,"27 Hubbard Avenue
Riverhead, NY 11901
(40.9263, -72.64833)"
James Services,3006 Hickox Road,,Eden,NY,14075,Erie,9,7169923800,James E. Burdick,Private,Landfill - land clearing debris,[15D28],Yes,182274,4733860,4.2 - Utilization of GIS and existing spatial data,,15D28,08/07/1996,,"3006 Hickox Road
Eden, NY 14075
(42.69152, -78.87946)"
Teets & Sons Scrap Metal Recycling - Newfield,738 Black Oak Road,,Newfield,NY,14867,Tompkins,7,6072721908,Richard Teeter Jr.,Private,Scrap metal processor - registration,[55V30013],Yes,362769,4695115,,End of Life Vehicles VDFs;Lead Weights;Scrap Metal - Aluminum ;Scrap Metal - Ferrous ;Scrap Metal - Non-ferrous,55V30013,05/07/2025,05/06/2030,"738 Black Oak Road
Newfield, NY 14867
(42.39654, -76.66733)"
Bill Herrig's Auto Parts & Repair,5118 Heel Path Road,,Rome,NY,13440,Oneida,6,3153369246,Scott Herrig,Private,VDF - registration,[33V50022],Yes,455479,4785140,,End of Life Vehicles VDFs,33V50022,02/04/2020,02/03/2025,"5118 Heel Path Road
Rome, NY 13440
(43.21804, -75.54831)"
Metalico Aluminum Recovery Inc,6225 Thompson Road,,Syracuse,NY,13206,Onondaga,7,3154639292,Metalico Rochester,Private,Scrap metal processor - registration,[34V30042],Yes,410921,4769527,,Scrap Metal - Aluminum ;Scrap Metal - Ferrous ;Scrap Metal - Non-ferrous,34V30042,02/22/2024,02/21/2029,"6225 Thompson Road
Syracuse, NY 13206
(43.07224, -76.08933)"
MRC Recycling,430 County Rd 44,,Chase Mills,NY,13621,St. Lawrence,6,3153843409,Michael R. Campbell,,Scrap metal processor - registration,[45V30037],Yes,495256,4962464,4.1 - Address Matching,End of Life Vehicles VDFs;Scrap Metal - Ferrous ;Scrap Metal - Non-ferrous ;Scrap Metal - Aluminum,45V30037,12/16/2025,12/15/2030,"430 County Rd 44
Chase Mills, NY 13621
(44.81507, -75.06015)"
East Greenbush (T) Transfer Station,246 Ridge Road,,Rensselaer,NY,12144,Rensselaer,4,5184777012,Town of East Greenbush,Municipal,Transfer facility - source separated recyclables - registration,[42T32401],Yes,603921,4717276,3 - Global Positioning System (GPS),Metals (Ferrous & Non-Ferrous);MSW (Residential/Institutional & Commercial);Commingled Recyclables;Yard Trimmings;Electronics,42T12401,08/20/2024,09/10/2029,"246 Ridge Road
Rensselaer, NY 12144
(42.60102, -73.73278)"
Poland Sand & Gravel - Floyd,Koenig Road,,Floyd,NY,13440,Oneida,6,3158263761,PSG Realty LLC,Private,CDDHRF - concrete rock brick - registration,[33C10024],Yes,472117,4782361,1.1 - Obtained from original submission and unverified process,Concrete;Brick;Rock,33C10024,10/15/2020,10/14/2025,
Batavia Transfer Station,3785 West Main St,,Batavia,NY,14020,Genesee,8,7163417096,Casella Waste Management of NY; Inc,Private,Transfer facility - less than 50 tpd - registration,[19T10015],Yes,236716,4766812,,MSW (Residential/Institutional & Commercial);White Goods;Metals (Ferrous & Non-Ferrous),19T10015,04/09/2026,12/16/2027,"3785 West Main St
Batavia, NY 14020
(43.00752, -78.23054)"
Park Line Asphalt Maintenance,1877 Montauk Hwy,,Brookhaven,NY,11719,Suffolk,1,6312864726,Richard Mailand & Robert Mailand,Private,Transfer facility - permit,[52TP0279],Yes,674362,4515950,4.2 - Utilization of GIS and existing spatial data,Street Sweepings;Asphalt;Brick;Concrete;Soil (Clean);Storm Drain & Catch Basin,1-4722-06190/00001,07/22/2019,07/21/2024,"1877 Montauk Hwy
Brookhaven, NY 11719
(40.77554, -72.93487)"
St. Armand Transfer Station,River Road,Route 3,St. Armand,NY,12913,Essex,5,5188913189,Essex County,County,RHRF - 5 tpd or less - registration,[16R10007],Yes,572130,4913823,,,16R10007,07/26/2022,07/27/2027,
J & V Auto Salvage Inc Southampton,375 Majors Path,,Southampton,NY,11968,Suffolk,1,6314020151,John Saladino,Private,VDF - registration,[52V50303],Yes,718706,4531734,4.3 - Utilization of Digital Orthophoto Quads,End of Life Vehicles VDFs;Scrap Metal - Aluminum ;Scrap Metal - Non-ferrous ;Scrap Metal - Ferrous,52V50303,03/31/2021,03/30/2026,"375 Majors Path
Southampton, NY 11968
(40.90737, -72.40291)"
Allocco Recycling Ltd (Kingsland Ave),540 Kingsland Avenue,,Brooklyn,NY,11222,Kings,2,7183493094,Michael Allocco,Private,C&D processing - registration,[24WA3],Yes,589120,4509887,2.1 - NYSDEC 100 m grid collection,Asphalt;Concrete;Metals (Ferrous);Metals (Non-Ferrous);Rock;Sand;Soil (Clean);Commingled Paper;Brick;Magazines;Newspaper;Office Paper,24WA3,,,"540 Kingsland Avenue
Brooklyn, NY 11222
(40.73493, -73.94512)"
Clean Air Group Processing Corp,174A Miller Place,,Hicksville,NY,11801,Nassau,1,5163909466,Salvatore Acquista,Private,Used cooking oil & yellow grease processing - permit,[30UP0143],Yes,625192,4515921,1 - No accuracy stated,,1-2824-03111/00001,06/30/2021,06/29/2026,"174A Miller Place
Hicksville, NY 11801
(40.78462, -73.51619)"
Safeguard Waste Solutions; Inc.,6 Brown Road,,Colonie,NY,12205,Albany,4,,Frank Marotta,Private,RMW - permit,[01JP2601],Yes,596129,4728257,4.1 - Address Matching,,4-0126-00790/00001,11/15/2018,11/14/2028,"6 Brown Road
Colonie, NY 12205
(42.70006, -73.82589)"
Long Island Compost Farm #36,265 South Street,,Manorville,NY,11949,Suffolk,1,5163346600,Long Island Compost Corp.,Private,Composting - yard trimmings - registration,[52P10344],Yes,682601,4525144,4.3 - Utilization of Digital Orthophoto Quads,Yard Trimmings;Source Separated Organic Waste (SSOW),52P10344,12/04/2024,12/03/2029,"265 South Street
Manorville, NY 11949
(40.85226, -72.83329)"
Omni Recycling of Westbury Inc,7 Portland Avenue,,Westbury,NY,11590,Nassau,1,5163335741,Anthony Core,Private,CDDHRF - permit,[30CP0158],Yes,620097,4512672,4.3 - Utilization of Digital Orthophoto Quads,Construction & Demolition Debris,1-2822-00487/00001,11/03/2022,11/02/2027,"7 Portland Avenue
Westbury, NY 11590
(40.75638, -73.57759)"
Westhampton Auto Salvage,2341 Quogue Riverhead Road,,East Quogue,NY,11942,Suffolk,1,6316534055,Kevin Schewire,Private,VDF - registration,[52V50306],Yes,701126,4526012,4.3 - Utilization of Digital Orthophoto Quads,End of Life Vehicles VDFs,52V50306,04/08/2026,04/07/2031,"2341 Quogue Riverhead Road
East Quogue, NY 11942
(40.8606, -72.61402)"
All Island Auto Company Inc,4 Sweeneydale Avenue,,Bayshore,NY,11706,Suffolk,1,6312336400,Mario Vasconcelos,Private,Vehicle Dismantling Facility,[52J13],Yes,646685,4513467,,,,,,"4 Sweeneydale Avenue
Bayshore, NY 11706
(40.75925, -73.26275)"
American Recycling Management LLC,172-33 Douglas Avenue,,Jamaica,NY,11433,Queens,2,7187392301,Christopher Hein,Private,CDDHRF - permit,[41W06],Yes,602608,4506728,2.1 - NYSDEC 100 m grid collection,,2-6307-00108/00002,07/11/2019,07/10/2024,"172-33 Douglas Avenue
Jamaica, NY 11433
(40.7048, -73.78605)"
Carmen Barbato Inc,2778 route 23,,Hillsdale,NY,12529,Columbia,4,5183253331,Carmen Barbato,Private,Transfer station - permit,[11T44],Yes,622700,4670900,1.1 - Obtained from original submission and unverified process,Construction & Demolition Debris;MSW (Residential/Institutional & Commercial);Commingled Paper & Containers;Tree Debris;Corrugated Cardboard;Glass;Metals (Ferrous & Non-Ferrous);Commingled Plastics,4-1042-00014/00003,12/10/2002,09/12/2027,"2778 route 23
Hillsdale, NY 12529
(42.18124, -73.51513)"
S&T Automotive,669 Drake Street,,Bronx,NY,10474,Bronx,2,7185898473,S & T Automotive Salvage Corp.,Private,VDF - registration,[03V50119],Yes,594240,4518692,4.2 - Utilization of GIS and existing spatial data,End of Life Vehicles VDFs;Engine Coolant/Antifreeze;Lead-acid Batteries;Mix Coolant/Engine Oil/Washing Fluid/Water,03V50119,05/21/2025,05/20/2030,"669 Drake Street
Bronx, NY 10474
(40.81369, -73.88245)"
Organix Green Industries,2257 County Road 4 Box 142,,Seneca Castle,NY,14547,Ontario,8,5855265427,John Hicks,Private,Composting - SSO - registration,[35P20021],Yes,328012,4751185,,Food Scraps;Leaves,35P20021,11/05/2020,11/04/2025,"2257 County Road 4 Box 142
Seneca Castle, NY 14547
(42.89031, -77.10584)"
Bryson's Inc,820 Croton Falls Road,PO Box 94,Carmel,NY,10512,Putnam,3,8452773201,Fausto Naranjo,Private,VDF - registration,[40V50001],Yes,611285,4579083,,Used Oil;Engine Coolant/Antifreeze;Lead-acid Batteries;End of Life Vehicles VDFs,40V50001,12/19/2024,10/19/2028,"820 Croton Falls Road
Carmel, NY 10512
(41.35418, -73.67006)"
Gernatt Asphalt Products; Inc. - Hanover Plant,12670 Buffalo Road,,Irving,NY,14081,Chautauqua,9,7165490551,Gernatt Asphalt Products; Inc.,Private,CDDHRF - uncontaminated soil sand gravel rock - registration,[07C60069],Yes,162890,4720285,,Soil (Clean);Sand;Gravel;Rock,07C60069,04/03/2025,04/03/2030,"12670 Buffalo Road
Irving, NY 14081
(42.56188, -79.10681)"
Nassau Suffolk Materials Inc.,255 North Fehr Way,,Bayshore,NY,11706,Suffolk,1,6314621632,George Condos,Private,CDDHRF - concrete; rock; brick; asphalt pavement or millings - registration,[52C90313],Yes,644896,4514165,4.3 - Utilization of Digital Orthophoto Quads,Concrete;Brick;Rock;Asphalt Millings,52-0313,03/04/2026,03/03/2031,"255 North Fehr Way
Bayshore, NY 11706
(40.76565, -73.28362)"
Hunters Point Recycling Inc,29-55 Hunters Point Ave,,Long Island City,NY,11101,Queens,2,5167796081,James Juliano,Private,C&D processing - registration,[41MB1],Yes,589575,4510523,,Concrete;Rock;Soil (Clean);Metals (Ferrous);Metals (Non-Ferrous);Wood (Unadulterated),41MB1,,,"29-55 Hunters Point Ave
Long Island City, NY 11101
(40.74062, -73.93907)"
Adams Transfer Station - Chenango Bridge,521 Main St,,Chenango Bridge,NY,13745,Broome,7,6076484863,Bert Adams,Private,Transfer facility - permit,[04TP0003],Yes,427765,4668909,4.2 - Utilization of GIS and existing spatial data,MSW (Residential/Institutional & Commercial);Commingled Paper & Containers;Electronics;Metals (Ferrous & Non-Ferrous),7-0324-00053/00003,03/21/2017,12/31/2027,"521 Main St
Chenango Bridge, NY 13745
(42.16888, -75.87415)"
Generate Buffalo Digester; LLC,2900 North America Drive,,West Seneca,NY,14224,Erie,9,7169704746,Generate Capital Inc.,,Anaerobic digestion - permit,[15PP0106],Yes,195329,4750416,4.2.1 - Utilization of GIS and Facility Mapping System,,9-1468-00224/00001,11/29/2023,11/28/2028,"2900 North America Drive
West Seneca, NY 14224
(42.84562, -78.7277)"
Greiner Auto Parts,681 State Route 8,,Cold Brook,NY,13324,Herkimer,6,3158263707,Daniel Greiner,Private,VDF - registration,[22V50010],Yes,497605,4788880,,End of Life Vehicles VDFs,22V50010,01/07/2025,01/06/2030,"681 State Route 8
Cold Brook, NY 13324
(43.25208, -75.0289)"
Orange County Transfer Station #3 (Port Jervis),86 Towpath Road,,Port Jervis,NY,12771,Orange,3,8454150580,County of Orange,Municipal,Transfer facility - less than 50 tpd - registration,[36T10002],Yes,527260,4581854,,MSW (Residential/Institutional & Commercial);Commingled Paper & Containers;Magazines,36T10002,06/17/2024,06/16/2029,"86 Towpath Road
Port Jervis, NY 12771
(41.39107, -74.67128)"
Russo Recycling Company/Whip Realty Corp,248-12 Brookville Blvd,,Rosedale,NY,11422,Queens,2,7187231111,Whip Realty Corp,Private,CDDHRF - concrete; rock; brick; asphalt pavement or millings - registration,[41C90047],Yes,606269,4499402,4.2 - Utilization of GIS and existing spatial data,Rock;Brick;Concrete,41C90047,07/22/2024,07/21/2029,"248-12 Brookville Blvd
Rosedale, NY 11422
(40.63883, -73.74271)"
Eastchester Leaf Transfer Station,40 Mill Road,,Eastchester,NY,10709,Westchester,3,,Town of Eastchester,Municipal,Composting - yard trimmings - registration,[60P10004],Yes,599500,4534000,,Yard Trimmings,60P10004,08/27/2024,08/26/2029,"40 Mill Road
Eastchester, NY 10709
(40.95567, -73.81117)"
Town of Amherst Food Scrap Recycling Program,3755 Tonawanda Creek Road,,Amherst,NY,14051,Erie,9,7166317119,Town of Amherst Highway Department,Municipal,Composting - SSO - registration,[15P20080],Yes,196479,4776977,4 - GIS Assisted,Source Separated Organic Waste (SSOW),15P20080,10/20/2025,10/20/2030,"3755 Tonawanda Creek Road
Amherst, NY 14051
(43.08484, -78.7288)"
Sims Metal - Port Albany,140 Port Road South,,Albany,NY,12202,Albany,4,5186213259,Sims Metal East LLC,Private,Scrap metal processor - registration,[01V30104],Yes,601292,4718533,4.1 - Address Matching,Scrap Metal - Non-ferrous ;Iron,01C99001,02/16/2024,02/15/2029,"140 Port Road South
Albany, NY 12202
(42.61255, -73.76543)"
Stericycle; Inc.,609-3A Cantiague Rock Road,,Westbury,NY,11590,Nassau,1,8554974733,Stericycle; Inc.,Private,RHRF - greater than 5 tpd - registration,[30R20164],Yes,621953,4514757,1 - No accuracy stated,PET;Plastic;Commingled Paper;Other Ferrous Scrap Metal;Other Non-Ferrous Scrap Metal,30R20164,03/21/2023,03/20/2028,
Hadley Transfer Station/Recycling Center,4059 North Shore Road,,Hadley,NY,12835,Saratoga,5,5186963414,Town of Hadley,Municipal,Transfer facility - less than 50 tpd - registration,[46T10028],Yes,592871,4796713,,Construction & Demolition Debris;MSW (Residential/Institutional & Commercial);Commingled Paper & Containers;Metals (Ferrous & Non-Ferrous);Commingled Plastics,46T10028,03/15/2022,03/14/2027,"4059 North Shore Road
Hadley, NY 12835
(43.31591, -73.85334)"
Gershow Recycling (Medford),71 Peconic Ave.,,Medford,NY,11763,Suffolk,1,6312896188,Gershow Recycling Corporation,Private,VDF - registration,[52V50411],Yes,670655,4520557,4.3 - Utilization of Digital Orthophoto Quads,End of Life Vehicles VDFs,52-0411,11/21/2025,11/20/2030,"71 Peconic Ave.
Medford, NY 11763
(40.81706, -72.98188)"
North Elba Transfer Station,74 Recycle Circle Lane,,Lake Placid,NY,12946,Essex,5,5185232940,Essex County,Municipal,RHRF - 5 tpd or less - registration,[16R10008],Yes,582630,4902422,,,16T10008,07/26/2022,07/26/2027,"74 Recycle Circle Lane
Lake Placid, NY 12946
(44.27112, -73.96793)"
Spring Lake Farms,4326 Wolcott Spring Lake Road,,Savannah,NY,13146,Wayne,8,3157291066,Clinton Zimmerman,Private,Land application - Third Party CAFO Applier - registration,[59A60024],Yes,358639,4780268,1.2 - Source system default coordinates; unverified for accuracy,Manure,59A60024,06/11/2024,06/11/2029,"4326 Wolcott Spring Lake Road
Savannah, NY 13146
(43.16172, -76.7391)"
Terry Tree Service LLC,225 Ballantyne Road,,Rochester,NY,14623,Monroe,8,5854362900,D&T Rents Inc,Private,C&D processing - registration,[28W11],Yes,279800,4774500,1 - No accuracy stated,Wood (Trees/Stumps);Tree Debris;Wood (Chips),28W11,05/15/2007,,"225 Ballantyne Road
Rochester, NY 14623
(43.09181, -77.70511)"
Clinton County Landfill,286 Sand Road,,Morrisonville,NY,12962,Clinton,5,5185635514,Clinton County,County,CDDHRF - concrete rock brick - registration,[10C10004],Yes,611371,4949669,1.1 - Obtained from original submission and unverified process,Concrete;Brick;Rock,10C10004,07/26/2024,07/25/2029,"286 Sand Road
Morrisonville, NY 12962
(44.691, -73.59778)"
Rochester            (T),100 Airport Road,,Accord,NY,12404,Ulster,3,8456265273,Town of Rochester,Municipal,Transfer station - registration,[56R08],Yes,565385,4628915,,,56R08,,,"100 Airport Road
Accord, NY 12404
(41.80913, -74.21401)"
Greece (T) Transfer Station,635 Flynn Road,,Greece,NY,14612,Monroe,8,5857232376,Town of Greece,Municipal,CDDHRF - uncontaminated unadulterated wood - registration,[28C50029],Yes,279500,4795900,4.2 - Utilization of GIS and existing spatial data,Wood (Unadulterated);Tree Debris,28C50029,08/01/2022,07/31/2027,"635 Flynn Road
Greece, NY 14612
(43.28464, -77.71463)"
New Castle Compost Site,200 Pinesbridge Road,,Millwood,NY,10546,Westchester,3,9142388525,Town of New Castle,,Composting - yard trimmings - registration,[60P10001],Yes,600400,4561546,,Yard Trimmings,60P10001,12/08/2022,12/07/2026,"200 Pinesbridge Road
Millwood, NY 10546
(41.20096, -73.80535)"
Saratoga County Recycling Center at Milton,6010 County Farm Road,,Milton,NY,12020,Saratoga,5,5188842826,Saratoga County,County,Transfer facility - source separated recyclables - registration,[46T30003],Yes,592059,4763464,,Metals (Ferrous & Non-Ferrous);Single Stream;Other - Batteries;Propane Tanks,46T30003,08/02/2023,08/01/2028,"6010 County Farm Road
Milton, NY 12020
(43.02053, -73.87252)"
Westhampton Transfer Station,66 Old Country Road,,Westhampton,NY,11977,Suffolk,1,6312885236,Town of Southampton,Municipal,Transfer facility - permit,[52TP0308],Yes,695971,4522624,4.2 - Utilization of GIS and existing spatial data,Commingled Paper & Containers;MSW (Residential/Institutional & Commercial);Corrugated Cardboard;Commingled Plastics;Waste Oil (Other),1-4736-08870/00001,07/03/2025,07/02/2035,"66 Old Country Road
Westhampton, NY 11977
(40.82689, -72.67435)"
Benny's Auto Salvage,2540 Degroff Road,,Nunda,NY,14517,Livingston,8,5854685551,Benjamin Wilkins,Private,Scrap metal processor - registration,[26V30022],Yes,262450,4720200,1 - No accuracy stated,End of Life Vehicles VDFs;Scrap Metal - Aluminum ;Scrap Metal - Ferrous ;Scrap Metal - Non-ferrous ;Stainless Steel;Waste Tire,26V30022,10/08/2021,10/08/2026,"2540 Degroff Road
Nunda, NY 14517
(42.59631, -77.89534)"
Alexandria Transfer Station,46604 NYS Route 12,,Alexandria Bay,NY,13607,Jefferson,6,3154055947,Town of Alexandria,Municipal,Transfer facility - source separated recyclables - registration,[23T30029],Yes,429482,4910498,4.1 - Address Matching,Metals (Ferrous & Non-Ferrous);Commingled Paper & Containers;Container Glass;Paperboard/Boxboard;Commingled Plastics,23T30029,11/21/2024,11/20/2029,"46604 NYS Route 12
Alexandria Bay, NY 13607
(44.3452, -75.88509)"
Gilbert Excavating,685 County Route 3,,Fulton,NY,13069,Oswego,7,3155932472,John Gilbert,Private,Storage - septage - registration,[38A50010],Yes,386400,479728,,Septage,38A50010,10/21/2024,10/21/2029,"685 County Route 3
Fulton, NY 13069
(43.32382, -76.48932)"
Contento Auto Sales Inc.,230 Tiona Road,,Maine,NY,13802,Broome,7,6078623350,230 Tiona Road LLC,Private,CDDHRF - concrete; rock; brick; asphalt pavement or millings - registration,[04C90028],Yes,412384,4674675,,Rock;Concrete;Brick,04C90028,04/10/2026,10/05/2030,"230 Tiona Road
Maine, NY 13802
(42.22016, -76.06127)"
Certified Document Destruction and Recycling Inc,1133 Emerson St,,Rochester,NY,14606,Monroe,8,5854829400,1133 Emerson LLC,Private,RHRF - registration,[28R30002],Yes,283664,4783530,4.2 - Utilization of GIS and existing spatial data,Commingled Paper;Paper / Cardboard;Electronics;Single Stream,28R30002,04/08/2026,06/27/2029,"1133 Emerson St
Rochester, NY 14606
(43.17313, -77.6612)"
Crouse Construction,142 Rte. 173,Brinkerhoff Hill Road,Chittenango,NY,13037,Madison,7,3156876560,Jere Crouse,Private,VDF - small - registration,[27V20003],Yes,428968,4765528,,End of Life Vehicles VDFs,27V20003,04/08/2019,04/07/2024,"142 Rte. 173
Chittenango, NY 13037
(43.03933, -75.87224)"
Attica (V) Composting,122 Prospect Avenue,,Attica,NY,14011,Wyoming,9,7165912595,Village of Attica,Municipal,Composting - biosolids/other - permit,[61PP0020],Yes,232493,4751680,,,0-9999-00274/00005,07/01/2025,06/30/2035,"122 Prospect Avenue
Attica, NY 14011
(42.87088, -78.27537)"
Horton Avenue Materials,229 Horton Ave.,,Riverhead,NY,11901,Suffolk,1,6317276325,Horton Avenue Materials,Private,C&D processing - registration,[52W135R],Yes,693600,4534554,4.3 - Utilization of Digital Orthophoto Quads,Concrete;Brick;Rock;Soil (Clean);Asphalt;Wood (Clean),52W135R,10/17/2008,,"229 Horton Ave.
Riverhead, NY 11901
(40.9393, -72.69899)"
Terra Tech Site Development; Inc,5005 Depot Lane,,Cutchogue,NY,11935,Suffolk,1,6318318786,John F. Conte,Private,CDDHRF - concrete rock brick - registration,[52C10337],Yes,710251,4544072,4.3 - Utilization of Digital Orthophoto Quads,Concrete;Brick,52C10337,03/16/2021,03/15/2026,"5005 Depot Lane
Cutchogue, NY 11935
(41.02162, -72.49807)"
Hiram Hollow Regeneration Corp,100 Washburn Road,,Gansevoort,NY,12831,Saratoga,5,5187931098,Casella Waste Management Inc,Private,Composting - yard waste - permit,[46PP0014],Yes,605569,4784796,4.3 - Utilization of Digital Orthophoto Quads,Yard Trimmings,5-4156-00046/00002,03/12/2019,03/11/2029,"100 Washburn Road
Gansevoort, NY 12831
(43.2033, -73.70032)"
New York City Auto Salvage Inc,148-36 Liberty Ave,,Jamaica,NY,11435,Queens,2,7182979797,Vincent Spirito,Private,Vehicle Dismantling Facility,[7079124],Yes,601132,4505836,,,,,,"148-36 Liberty Ave
Jamaica, NY 11435
(40.69764, -73.80271)"
Shelby Crushed Stone Inc,10830 Blair Road,,Medina,NY,14103,Orleans,8,5857984501,Thomas Biamonte,Private,CDDHRF - concrete; rock; brick; asphalt pavement or millings - registration,[37C90002],Yes,221838,4787260,4.2 - Utilization of GIS and existing spatial data,Concrete;Asphalt,37C90002,04/09/2026,05/21/2030,"10830 Blair Road
Medina, NY 14103
(43.18922, -78.42336)"
Auburn Metal Processing,6984 North Street Road,,Auburn,NY,13021,Cayuga,7,3152532565,Auburn Metal Processing LLC,,Scrap metal processor - registration,[06V30003],Yes,372386,4757090,,Scrap Metal - Aluminum ;Scrap Metal - Ferrous ;Scrap Metal - Non-ferrous,06V30003,04/26/2022,04/26/2027,"6984 North Street Road
Auburn, NY 13021
(42.95473, -76.56504)"
Dolomite Products Company Inc. Bath HMA,7191 Knights Settlement Road,,Bath,NY,14810,Steuben,8,5853817010,Dolomite Products Company Inc,Private,CDDHRF - asphalt pavement and millings - registration,[51C20032],Yes,305737,4691072,1 - No accuracy stated,Asphalt Millings;Asphalt Pavement,51C20032,12/16/2022,12/16/2027,"7191 Knights Settlement Road
Bath, NY 14810
(42.35045, -77.36229)"
Hornell (C) Land Application,City Hall,,Hornell,NY,14843,Steuben,8,,City of Hornell,,Land application - biosolids/septage/other - permit,[51L09],Yes,280720,4689228,1 - No accuracy stated,Biosolids,8-4699-00008/00001,09/27/2021,09/26/2031,
Southwest Recycle,7341 Southwestern Blvd,,Eden,NY,14057,Erie,9,7166271010,James Sickau,Private,C&D processing - registration,[15W62],Yes,177182,4733578,4.2 - Utilization of GIS and existing spatial data,Concrete;Asphalt,15W62,07/01/2015,,"7341 Southwestern Blvd
Eden, NY 14057
(42.68754, -78.94176)"
2140 Ed's Recycling Center; LLC,2140 Fifth Ave.,,Ronkonkoma,NY,11779,Suffolk,1,6319815522,2140 Ed's Recycling Center; LLC,,RHRF - greater than 5 tpd - registration,[52R20232],Yes,656956,4517701,4.3 - Utilization of Digital Orthophoto Quads,Commingled Paper;Paper/Cardboard;Plastic,52R20232,07/25/2023,07/24/2028,"2140 Fifth Ave.
Ronkonkoma, NY 11779
(40.79515, -73.13956)"
2550 Manitou Road LLC,Manitou Road,,Gates,NY,14559,Monroe,8,5853703452,2550 Manitou Road LLC,Private,CDDHRF - uncontaminated unadulterated wood - registration,[28C50028],Yes,276286,4782537,4.2 - Utilization of GIS and existing spatial data,Wood (Unadulterated),28C50028,08/10/2022,08/09/2027,
Cahill's Garage LLC,5446 Route 7,,Hoosick,NY,12089,Rensselaer,4,5186861929,Timothy Cahill,Private,VDF - registration,[42V52801],Yes,639352,4748752,,End of Life Vehicles VDFs,42V52801,06/21/2019,06/21/2024,"5446 Route 7
Hoosick, NY 12089
(42.8794, -73.2941)"
Franklin St. Rd. Sand and Concrete Mine,3486 Franklin St. Road,,Auburn,NY,13026,Cayuga,7,3152527227,Robinson Concrete Inc,Private,CDDHRF - storage only- concrete brick rock asphalt pavement - registration,[06CS0031],Yes,376757,4756490,,Concrete,06C10031,01/10/2024,01/10/2029,"3486 Franklin St. Road
Auburn, NY 13026
(42.95203, -76.51122)"
Legend Advanced Septic,8080 Barnum Rd,,Cassadaga,NY,14718,Chautauqua,9,7165952526,Legend Advanced Septic,Private,Storage - septage - registration,[07A50016],Yes,140891,4692504,1 - No accuracy stated,Septage,07A50016,10/17/2023,10/17/2028,"8080 Barnum Rd
Cassadaga, NY 14718
(42.35375, -79.29331)"
Nuwer's Auto Parts Inc.,7178 Vermont Hill Road,,Holland,NY,14080,Erie,9,7165372800,Nuwer's Auto Parts Inc.,Private,Scrap metal processor - registration,[15V30032],Yes,209870,4732340,4.2 - Utilization of GIS and existing spatial data,Scrap Metal - Ferrous ;Scrap Metal - Non-ferrous,15V30032,01/15/2024,01/15/2029,"7178 Vermont Hill Road
Holland, NY 14080
(42.6881, -78.53771)"
University at Buffalo (SUNY) South Campus,220 Winspear Avenue,278 Biomedical Research Building,Buffalo,NY,14215,Erie,9,7168293301,University at Buffalo (SUNY),State,RMW - treatment at site of generation RMW/BSL2,[15J80082],Yes,188517,4762266,4.2 - Utilization of GIS and existing spatial data,Animal Waste;Regulated Medical Waste;Cultures & Stocks,15J80082,01/08/2026,01/08/2031,"220 Winspear Avenue
Buffalo, NY 14215
(42.94904, -78.81809)"
Underground Genetics Farm,113 County Road 12A,,Pitcher,NY,13136,Chenango,7,4435537606,Anthony Crothers,Private,Land application - UFPW - registration,[09A30026],Yes,427848,4720476,4.1 - Address Matching,Unrecognizable Food Processing Waste,09A30026,03/11/2024,03/10/2029,"113 County Road 12A
Pitcher, NY 13136
(42.63307, -75.88081)"
West Nyack Transfer Station,183 Western Highway,,West Nyack,NY,10994,Rockland,3,8453588151,Seneca Meadows; Inc.,Private,Transfer facility - permit,[44T04],Yes,587196,4548531,,MSW (Residential/Institutional & Commercial);Construction & Demolition Debris;Emergency Authorization Waste (Storm Debris);Corrugated Cardboard;Metals (Ferrous & Non-Ferrous);Commingled Plastics;Tree Debris,3-3920-00093/00002,12/09/2021,12/08/2026,"183 Western Highway
West Nyack, NY 10994
(41.08368, -73.96179)"
OCRRA - Jamesville Compost,4370  State Route 91,,Jamesville,NY,13078,Onondaga,7,3154532866,Onondaga County Resource Recovery Agency,,Composting - SSO - registration,[34P20047],Yes,413060,4759540,4.3 - Utilization of Digital Orthophoto Quads,Yard Trimmings;Food Scraps;Unrecognizable Food Processing Waste,34P20047,05/08/2023,05/10/2028,"4370  State Route 91
Jamesville, NY 13078
(42.98219, -76.06822)"
Dundee (V) Biosolids,929 Dundee Glenora Rd.,,Dundee,NY,14837,Yates,8,6072438121,Village of Dundee,Municipal,Land application - biosolids/septage/other - permit,[62AP0013],Yes,337554,4709795,4.3 - Utilization of Digital Orthophoto Quads,Biosolids,8-5734-00003/00001,09/17/2021,09/16/2026,"929 Dundee Glenora Rd.
Dundee, NY 14837
(42.51683, -76.96994)"
Mt Morris TS and Recycling,70 Al Lorenz Drive,,Mt. Morris,NY,14510,Livingston,8,5856584885,Town of Mt. Morris,Municipal,Transfer facility - less than 50 tpd - registration,[26T10023],Yes,263633,4734600,1 - No accuracy stated,MSW (Residential/Institutional & Commercial);Bulk Metal;Waste Tires;Single Stream,26T10023,01/31/2025,01/31/2030,"70 Al Lorenz Drive
Mt. Morris, NY 14510
(42.72716, -77.88711)"
McCarthy Tire Service Co. of NY Inc,3160 Lake Road,,Horseheads,NY,14845,Chemung,8,6077337044,Gen - 4 - Holdings LLC.,Private,WTHRF - retreader - registration,[08W30006],Yes,350114,4667215,1 - No accuracy stated,Waste Tires;Whole Tires - passenger;Whole Tires - truck,08W30006,05/10/2018,05/09/2023,"3160 Lake Road
Horseheads, NY 14845
(42.14301, -76.81346)"
Conte Containers Fullers Trucking,8692 State Highway 56,,Raymondville,NY,13678,St. Lawrence,6,3152509600,Charlotte Beamis,Private,RHRF - registration,[45R30030],Yes,501756,4964389,4.1 - Address Matching,Single Stream;Paperboard/Boxboard;Commingled Paper;Commingled Containers;Container Glass;Plastic;Other Aluminum Scrap Metal;Other Ferrous Scrap Metal;Other Non-Ferrous Scrap Metal,45R30030,08/30/2022,08/29/2027,"8692 State Highway 56
Raymondville, NY 13678
(44.83726, -74.97769)"
Northern Transfer Station,5802 St Hwy 28,,Cooperstown,NY,13326,Otsego,4,6075475967,Otsego County,Municipal,RHRF - permit,[39RP5050],Yes,504419,4728822,1 - No accuracy stated,,4-3650-00019/00003,08/07/2019,07/18/2024,"5802 St Hwy 28
Cooperstown, NY 13326
(42.70797, -74.94933)"
Gedney Composting and Recycling,87 Gedney Way,,White Plains,NY,10601,Westchester,3,9144221210,City of White Plains Dept. of Public Works,,Composting - yard trimmings - registration,[60P10003],Yes,603793,4543184,,Yard Trimmings,60P10003,03/06/2025,03/05/2029,"87 Gedney Way
White Plains, NY 10601
(41.01378, -73.75722)"
Stericycle; Inc Oneonta,31 Lower River Street,P.O.Box 576,Oneonta,NY,13820,Otsego,4,6074369715,Stericycle Inc.,Private,RMW - permit,[39JP1202],Yes,491905,4699787,1 - No accuracy stated,,39JP1202,12/23/2021,12/21/2031,"31 Lower River Street
Oneonta, NY 13820
(42.45001, -75.09869)"
L&R Landscaping LCD Lf,Fuller Road,,Peru,NY,12972,Clinton,5,5185614467,Todd Deyo,Private,Landfill - land clearing debris,[10D12],Yes,621410,4934618,1 - No accuracy stated,Land Clearing Debris,10D12,10/13/1999,,
Lake Pleasant Transfer Station,2297 NYS Route 8,,Lake Pleasant,NY,12108,Hamilton,5,5185483867,Hamilton County,County,Transfer facility - less than 50 tpd - registration,[21T10005],Yes,544246,4811364,,MSW (Residential/Institutional & Commercial),21T10005,07/26/2022,07/26/2027,"2297 NYS Route 8
Lake Pleasant, NY 12108
(43.45275, -74.45108)"
Lambert's Auto Parts; Inc.,8552 State Route 16,,Franklinville,NY,14737,Cattaraugus,9,7163533481,Michael Lambert,Private,VDF - registration,[05V50018],Yes,214640,4697088,1 - No accuracy stated,End of Life Vehicles VDFs,05V50018,04/09/2024,04/09/2029,"8552 State Route 16
Franklinville, NY 14737
(42.37355, -78.46632)"
Zoladz - Lackawanna,1951 Hamburg Turnpike,,Lackawanna,NY,14218,Erie,9,7169376575,Zoladz Construction Co.,Private,Mulch processing - permit,[15MP0057],Yes,184790,4749173,4 - GIS Assisted,Tree Debris,9-1409-00082/00001,10/01/2021,09/30/2031,"1951 Hamburg Turnpike
Lackawanna, NY 14218
(42.82756, -78.85168)"
Lardon Construction - Blasdell,202 Lake Avenue,,Blasdell,NY,14219,Erie,9,7168224642,Jonathan G. Palmer,Private,Mulch processing - registration,[15M10064],Yes,186861,4745041,4 - GIS Assisted,Tree Debris,15M10064,11/03/2023,11/03/2028,"202 Lake Avenue
Blasdell, NY 14219
(42.79735, -78.83224)"
Shelter Island Recycling Transfer Station,34 N Menantic Road,,Shelter Island,NY,11964-1000,Suffolk,1,6317491090,Town of Shelter Island,Municipal,Transfer facility - less than 50 tpd - registration,[52T10282],Yes,722216,4550315,4.3 - Utilization of Digital Orthophoto Quads,Construction & Demolition Debris;MSW (Residential/Institutional & Commercial);Commingled Paper & Containers;Sand;Emergency Authorization Waste (Storm Debris);Tree Debris;Leaves & Grass;Glass;White Goods;Metals (Ferrous & Non-Ferrous);Commingled Plastics;Electronics;Concrete,52-0282,11/18/2021,11/17/2023,"34 N Menantic Road
Shelter Island, NY 11964-1000
(41.06439, -72.3511)"
Metzger Removal; Inc. #2,6411 Walmore Road,,Niagara Falls,NY,14304,Niagara,9,7166821810,Metzger Removal; Inc.,Private,CDDHRF - concrete; rock; brick; asphalt pavement or millings - registration,[32C90040],Yes,180649,4780926,4.2 - Utilization of GIS and existing spatial data,Concrete;Asphalt Pavement,32C90040,03/11/2024,03/11/2029,"6411 Walmore Road
Niagara Falls, NY 14304
(43.11293, -78.92632)"
Empire Seneca,1606 State Route 414,,Waterloo,NY,13165,Seneca,8,3157247161,Steven Kowalsky,Private,Scrap metal processor - registration,[50V30006],Yes,349443,4756683,,Scrap Metal - Ferrous ;Scrap Metal - Aluminum ;Scrap Metal - Non-ferrous,50V30006,09/23/2019,09/23/2024,"1606 State Route 414
Waterloo, NY 13165
(42.94744, -76.84529)"
Jerges Used Auto Parts,7708 County Road 26,,Belfast,NY,14711,Allegany,9,5853652758,James Jerge,Private,VDF - registration,[02V50019],Yes,244855,4691655,1 - No accuracy stated,End of Life Vehicles VDFs,02V50019,11/21/2019,11/21/2024,"7708 County Road 26
Belfast, NY 14711
(42.3354, -78.09865)"
Thurman C&D Debris Landfill,Erving Baker Road,,Thurman,NY,12810,Warren,5,5186239649,Town of Thurman,Municipal,Nonspecific facility - permit,[57XP0023],Yes,588232,4818224,,Rock;Soil (Clean);Concrete;Asphalt Pavement;Brick;Tree Debris;Glass,5-5238-00010/00002,04/05/2022,04/04/2032,
Allen Chase Enterprises,24 County Route 1A,,Oswego,NY,13126,Oswego,7,3154360902,Allen Chase,Private,Land application - UFPW - registration,[38A30036],Yes,384909,4818324,4.1 - Address Matching,Unrecognizable Food Processing Waste,38A30036,06/24/2024,06/23/2029,"24 County Route 1A
Oswego, NY 13126
(43.50882, -76.42359)"
Sunstream Corporation,6 Spring Forest Avenue,,Binghamton,NY,13905,Broome,7,6077244400,Sunstream Corporation,Private,Transfer facility - permit,[04TP0032],Yes,424108,4662356,4.2 - Utilization of GIS and existing spatial data,Asbestos (Friable & Non-Friable);Asbestos (Non-Friable),7-0302-00080/00006,04/01/2018,03/31/2028,"6 Spring Forest Avenue
Binghamton, NY 13905
(42.10946, -75.91861)"
New Scotland (T) Transfer Station,237 Upper Flat Rock Road,,Clarksville,NY,12041,Albany,4,5184750385,Town of New Scotland,Municipal,Transfer facility - less than 50 tpd - registration,[01T13401],Yes,585670,4715436,,Construction & Demolition Debris;Waste Tires;Electronics;Bulk Metal,01T13401,08/28/2024,08/27/2029,
Livingston TS,Co. Rt. 19,,Livingston,NY,12541,Columbia,4,5185376301,Columbia County,County,Transfer station - registration,[11R46],Yes,600378,4664701,,MSW (Residential/Institutional & Commercial);Single Stream,11R46,,,
Grasslands Composting Facility,283 Smith Road,P.O.Box 642,Chateaugay,NY,12920,Franklin,5,5184834746,New England Waste Services of ME.; Inc/DBA Casella Organics,,Composting - biosolids/other - permit,[17PP0008],Yes,576615,4977537,4 - GIS Assisted,Biosolids,5-1634-00033/00006,10/27/2025,10/26/2035,"283 Smith Road
Chateaugay, NY 12920
(44.94527, -74.02867)"
Guilderland Transfer Station      (T),6363 French's Mill Rd,,Guilderland,NY,12085,Albany,4,5188616776,Town of Guilderland,Municipal,Transfer facility - source separated recyclables - registration,[01T33001],Yes,585154,4728664,1 - No accuracy stated,Commingled Paper;Corrugated Cardboard;Single Stream;Electronics;Propane Tanks,01T13001,04/30/2024,04/29/2029,"6363 French's Mill Rd
Guilderland, NY 12085
(42.70489, -73.96276)"
Hurds Farm Compost,205 Hurds Road,,Clintondale,NY,12515,Ulster,3,8456566070,Hurds Orcahrds LLC,,Composting - yard waste  - registration,[56C03],Yes,578486,4617059,,,,,,"205 Hurds Road
Clintondale, NY 12515
(41.70516, -74.06534)"
Route 7 Used Auto Parts,3467 State Route 7,,Hoosick Falls,NY,12090,Rensselaer,4,5188575115,Robert D West Sr.,Private,VDF - registration,[42V52802],Yes,626994,4745057,,,,,,"3467 State Route 7
Hoosick Falls, NY 12090
(42.84718, -73.44571)"
MEG Buffalo,4429 Walden Avenue,,Lancaster,NY,14086,Erie,9,7165970001,Miller Environmental Group; Inc.,Private,Transfer facility - permit,[15TP0091],Yes,205915,4758879,4.2 - Utilization of GIS and existing spatial data,Non-hazardous Waste,9-1452-00345/00001,03/05/2026,03/04/2036,"4429 Walden Avenue
Lancaster, NY 14086
(42.92591, -78.60327)"
Dayton Transfer Station,9270 Cabic Road,,Dayton,NY,14041,Cattaraugus,9,7165324490,Cattaraugus County DPW,County,Transfer facility - less than 50 tpd - registration,[05T10010],Yes,173149,4702299,,MSW (Residential/Institutional & Commercial);Electronics;Corrugated Cardboard;Commingled Plastics;Textiles;Tin & Aluminum Containers;Commingled Paper;Waste Tires;Container Glass;Metals (Ferrous & Non-Ferrous),05T10010,02/26/2024,02/26/2029,"9270 Cabic Road
Dayton, NY 14041
(42.40419, -78.97279)"
Willow Creek Farm,5701 Upper Mountain Rd,,Lockport,NY,14094,Niagara,9,7168637089,Mel Hedges,Private,C&D processing - permit,[32W20],Yes,197072,4786260,4.2 - Utilization of GIS and existing spatial data,Wood (Adulterated);Wood (Unadulterated Pallets);Wood (Unadulterated),9-2926-00190/00001,02/01/2018,01/31/2023,"5701 Upper Mountain Rd
Lockport, NY 14094
(43.16736, -78.72744)"
Somers Sanitation Transfer Station,241 Route 100,,Somers,NY,10589,Westchester,3,9149060120,Lawrence Bria,Private,Transfer facility - permit,[60TP0003],Yes,609077,4573789,,MSW (Residential/Institutional & Commercial);Construction & Demolition Debris;Commingled Paper & Containers;Single Stream;Yard Trimmings;Newspaper;Corrugated Cardboard;Metals (Ferrous & Non-Ferrous);Commingled Plastics;Concrete;Waste Tires,3-5552-00040/00005,03/24/2023,03/23/2028,"241 Route 100
Somers, NY 10589
(41.30817, -73.69528)"
Tabor Road Transfer Station,12 Tabor Road,,Halfmoon,NY,12151,Saratoga,5,5182825600,Casella Waste Management of NY; Inc,Private,Transfer facility - permit,[46TP0021],Yes,600301,4751336,,MSW (Residential/Institutional & Commercial),5-4138-00263/00001,06/24/2024,12/26/2029,"12 Tabor Road
Halfmoon, NY 12151
(42.90847, -73.77296)"
Como Plant 21,500 Como Park Boulevard,,Cheektowaga,NY,14227,Erie,9,7168267310,New Enterprise Stone & Lime Co.; Inc.,Private,CDDHRF - concrete; rock; brick; asphalt pavement or millings - registration,[15C90119],Yes,194572,4755909,1 - No accuracy stated,Concrete,15C90119,06/23/2025,06/23/2030,"500 Como Park Boulevard
Cheektowaga, NY 14227
(42.89308, -78.7396)"
Orange Recyling Center,956 Doane Road,,Beaver Dams,NY,14812,Schuyler,8,6079622978,Town of Orange,Municipal,Transfer facility - less than 50 tpd - registration,[49T10010],Yes,331304,4685592,,Commingled Paper & Containers;MSW (Residential/Institutional & Commercial);Electronics,49T10010,04/24/2025,04/24/2030,"956 Doane Road
Beaver Dams, NY 14812
(42.30452, -77.04547)"
Commercial Solar Panel Recycling INC,75 Creek Street,,Canajoharie,NY,13317,Montgomery,4,5512060702,Crystal Mountain Properties LLC.,Private,RHRF - registration,[29R32201],Yes,740234,422400,1 - No accuracy stated,Clear Glass;Other Non-Ferrous Scrap Metal;Other Ferrous Scrap Metal,23R32201,01/12/2026,01/11/2031,"75 Creek Street
Canajoharie, NY 13317
(42.90267, -74.57362)"
AMEC Materials LLC,8 Bates Lane,,North Castle,NY,10504,Westchester,3,2033587972,AMEC Materials LLC,Private,CDDHRF - storage only- concrete brick rock asphalt pavement - registration,[60CS0001],Yes,613965,4555411,,CARB (concrete; asphalt; rock; brick),60CS0001,03/23/2026,11/23/2026,"8 Bates Lane
North Castle, NY 10504
(41.14146, -73.63967)"
Loose Moose Express; Inc.,365 Morton Rd,,Cherry Valley,NY,13320,Otsego,4,6072879923,Roger Garren,Private,Land application - Third Party CAFO Applier - registration,[39A62401],Yes,521958,4733536,4.2.1 - Utilization of GIS and Facility Mapping System,Manure,39A62401,03/01/2024,02/28/2029,"365 Morton Rd
Cherry Valley, NY 13320
(42.75383, -74.73082)"
Hillsdale TS,Holm Road,,Hillsdale,NY,12529,Columbia,4,5183253844,Columbia County,County,Transfer station - registration,[11R42],Yes,624269,4674539,,Oil/Gas Drilling Waste;Single Stream,11R42,,,
Brian C Anderson,2188 New Jerusalem Road,,Eden,NY,14057,Erie,9,7169983476,Brian C Anderson,,Land application - Third Party CAFO Applier - registration,[15A60115],Yes,177609,4728318,4.2 - Utilization of GIS and existing spatial data,Manure,15A60115,04/12/2024,04/12/2029,"2188 New Jerusalem Road
Eden, NY 14057
(42.6394, -78.93186)"
Ralph A. Diller,15107 NYS RT 178,,Adams,NY,13605,Jefferson,6,3157290918,Ralph A. Diller,Private,Land application - Third Party CAFO Applier - registration,[23A60040],Yes,414160,4852185,1 - No accuracy stated,Manure,23A60040,08/01/2025,01/18/2029,"15107 NYS RT 178
Adams, NY 13605
(43.81731, -76.06472)"
M&M U-Pull-It; Inc.,2150 William Street,,Buffalo,NY,14206,Erie,9,7168961775,Martin Marks,Private,VDF - registration,[15V50024],Yes,190471,4755116,1 - No accuracy stated,End of Life Vehicles VDFs,15V50024,08/21/2024,08/21/2029,"2150 William Street
Buffalo, NY 14206
(42.88487, -78.79068)"
D & G Recycling LLC,211 Warren Street,,Glens Falls,NY,12801,Warren,5,5183618877,Gary Finger,Private,RHRF - registration,[57R30012],Yes,613150,4796159,,Plastic;Commingled Paper;Other Aluminum Scrap Metal,57R30012,10/07/2024,10/06/2029,"211 Warren Street
Glens Falls, NY 12801
(43.31062, -73.62963)"
Lee Center (T) Land Clearing,4771 Lee Center Taberg Rd/Hardy Road,,Lee Center,NY,13363,Oneida,6,3153363438,Town of Lee Center,Municipal,Landfill - land clearing debris,[33D22],Yes,453484,4794706,1 - No accuracy stated,,33D22,06/06/2013,,
Swedish Hill Vineyard Inc,4565 Route 414,,Romulus,NY,14541,Seneca,8,6074030029,William Martin,,Land application - UFPW - registration,[50A30010],Yes,350906,4733342,,Unrecognizable Food Processing Waste,50A30010,,,
Kimball Industries,170 Elmwood Avenue Ext,,Gloversville,NY,12078,Fulton,5,5187744238,Bornt Waste & Metal,Private,CDDHRF - concrete rock brick - registration,[18C10011],Yes,555363,4767835,,Concrete;Rock,18C10011,01/06/2022,01/05/2027,"170 Elmwood Avenue Ext
Gloversville, NY 12078
(43.06129, -74.32035)"
Peconic Recycling & Transfer Corp,560 Commerce Drive,,Cutchogue,NY,11935,Suffolk,1,,Stanley Lomangino,Private,MSW processing - permit,[52YP0420],Yes,709888,4511720,,Commingled Recyclables;MSW (Residential/Institutional & Commercial),1-4738-03697/00001,07/05/2024,07/04/2029,"560 Commerce Drive
Cutchogue, NY 11935
(41.02666, -72.50299)"
Marcello Masonry,67 North Ferry Road,,Shelter Island,NY,11964,Suffolk,1,6317490482,Robert Marcello,Private,C&D processing - registration,[52W175R],Yes,723482,4550282,1 - No accuracy stated,Concrete;Soil (Clean);Asphalt;Brick;Wood (Clean);Tree Debris;Wood (Chips),52W175R,09/14/2011,,"67 North Ferry Road
Shelter Island, NY 11964
(41.0737, -72.3401)"
Tri-City Recycling,201 Edison Avenue,,Schenectady,NY,12305,Schenectady,4,5183463445,Nathan Kelman,Private,Scrap metal processor - registration,[47V31501],Yes,585954,4740197,1 - No accuracy stated,Scrap Metal - Aluminum ;Scrap Metal - Ferrous ;Scrap Metal - Non-ferrous,47V31501,12/04/2024,12/03/2029,"201 Edison Avenue
Schenectady, NY 12305
(42.80921, -73.9485)"
Bell Crossing LLC,355 Old Quarry Rd,,Feura Bush,NY,12067,Albany,4,,Bell Crossing LLC,,CDDHRF - uncontaminated soil sand gravel rock - registration,[01C63401],Yes,593337,4712411,1 - No accuracy stated,Sand;Gravel;Rock,01C63401,09/25/2025,09/24/2030,"355 Old Quarry Rd
Feura Bush, NY 12067
(42.56029, -73.86198)"
Southold Town Transfer Station,6155 Cox Lane,,Cutchogue,NY,11935,Suffolk,1,6317347685,Town of Southold,Municipal,Composting - yard waste - permit,[52PP0265],Yes,710472,4545365,4.3 - Utilization of Digital Orthophoto Quads,Yard Trimmings,1-4738-02967/00001,06/22/2021,06/21/2026,"6155 Cox Lane
Cutchogue, NY 11935
(41.0318, -72.4963)"
Camden Land Application Facility,2921 State Route 69,,Camden (V),NY,13316,Oneida,6,3152451202,Village of Camden,Municipal,Land application - biosolids/septage/other - permit,[33AP0014],Yes,476176,4770548,4.3 - Utilization of Digital Orthophoto Quads,Biosolids,6-3030-00003/00005,04/14/2025,04/13/2035,"2921 State Route 69
Camden (V), NY 13316
(43.31272, -75.69414)"
X-Plo LCD Lf,Kelly Road,,Plattsburgh,NY,12901,Clinton,5,5185617810,Don Jerry X-Plo Inc,Private,Landfill - land clearing debris,[10D05],Yes,617634,4946383,1 - No accuracy stated,,10D05,05/24/1994,,
Gershow Recycling of Freeport,143 Hanse Avenue,,Freeport,NY,11520,Nassau,1,5166340644,Gershow Recycling of Freeport Inc,Private,Scrap metal processor - registration,[30V30102],Yes,620800,4500610,1 - No accuracy stated,,30V50102,12/15/2018,12/14/2021,"143 Hanse Avenue
Freeport, NY 11520
(40.64728, -73.57158)"
St. Lawrence County Star Lake Transfer Station,4582 State Highway 3,,Star Lake,NY,13690,St. Lawrence,6,3153799084,St. Lawrence County Solid Waste Dept.,County,Transfer facility - source separated recyclables - registration,[45T30021],Yes,499654,4890110,,Single Stream;Electronics;Textiles;Metals (Ferrous & Non-Ferrous),45T30021,11/18/2024,11/17/2029,"4582 State Highway 3
Star Lake, NY 13690
(44.16455, -75.00699)"
Lorric Development Corp of NY,68 Pine Hill Road,,Spencerport,NY,14559,Monroe,8,5853032000,Lorrie Jackson,,Composting - source separated organic waste - registration,[28C05],Yes,270129,4787976,,Unrecognizable Food Processing Waste;Yard Trimmings,28C05,01/04/2008,,"68 Pine Hill Road
Spencerport, NY 14559
(43.20946, -77.82902)"
Inwood Material Terminal (Glen Cove),47 Herb Hill road,,Glen Cove,NY,11542,Nassau,1,5166711842,William Haugland,Private,C&D processing - registration,[30W24R],Yes,614878,4524291,,Concrete;Asphalt;Soil (Clean);Rock;Brick,30W24R,05/08/2003,,"47 Herb Hill road
Glen Cove, NY 11542
(40.8621, -73.63762)"
Westport Transfer Station,Ledge Hill Road,,Elizabethtown,NY,12993,Essex,5,5189624419,Essex County,County,RHRF - 5 tpd or less - registration,[16R10006],Yes,617430,4894623,,Container Glass;Plastic;Paperboard/Boxboard;Commingled Paper,16R10006,07/25/2022,07/25/2027,
Milan Disposal Site TS,20 Wilcox Circle,,Red Hook,NY,12571,Dutchess,3,,Town of Milan,Municipal,Transfer station - registration,[14R10],Yes,603619,4645124,,MSW (Residential/Institutional & Commercial);Metals (Ferrous & Non-Ferrous);Single Stream;Electronics,14R10,,,"20 Wilcox Circle
Red Hook, NY 12571
(41.95534, -73.76531)"
Moscow Road Pit,1700-1712 Moscow Road,,Hamlin,NY,14464,Monroe,8,5855894481,Keeler Construction; Inc.,Private,CDDHRF - uncontaminated unadulterated wood - registration,[28C50027],Yes,258617,4804225,4.2 - Utilization of GIS and existing spatial data,Wood (Unadulterated),28C50027,02/16/2022,02/15/2027,"1700-1712 Moscow Road
Hamlin, NY 14464
(43.3504, -77.97777)"
Clear Flo Technologies Inc,1110 A Route 109,,Lindenhurst,NY,11757,Suffolk,1,6319567600,Steve Macchio,Private,Composting - biosolids/other - permit,[52PP0273],Yes,635306,4508540,1 - No accuracy stated,,1-4720-02934/00001,03/16/2022,03/15/2027,"1110 A Route 109
Lindenhurst, NY 11757
(40.71658, -73.39818)"
JYD LLC,15155 NYS RT 193,,Mannsville,NY,13661,Jefferson,6,3158367732,Adrian Gilbert,Private,VDF - registration,[23V50044],Yes,413892,4843179,,Gasoline;Waste Tire;Used Oil;Scrap Metal - Ferrous ;Scrap Metal - Aluminum ;Scrap Metal - Non-ferrous ;End of Life Vehicles VDFs,23V50044,07/28/2025,07/28/2030,"15155 NYS RT 193
Mannsville, NY 13661
(43.73663, -76.06953)"
Adsit Septic & Excavation LLC,7796 State Highway 12,,Sherburne,NY,13460,Chenango,7,6076744554,Robert Adsit,Private,Land application - septage - registration,[09A40003],Yes,459938,4722165,4.2.1 - Utilization of GIS and Facility Mapping System,Septage,09A40003,04/08/2025,04/07/2030,"7796 State Highway 12
Sherburne, NY 13460
(42.6509, -75.4889)"
RCA Asphalt,7 Edison Avenue,,Mount Vernon,NY,10550,Westchester,3,9146993370,RCA Asphalt LLC,Private,C&D processing - registration,[60W17],Yes,598985,4527267,4.3 - Utilization of Digital Orthophoto Quads,,60W17,04/09/2004,,"7 Edison Avenue
Mount Vernon, NY 10550
(40.89076, -73.82547)"
Faztec Industries  Asphalt Pave,331 Edward Curry Avenue,,Staten Island,NY,10303,Richmond,2,7184941600,John Difazio,Private,C&D processing - registration,[43W61],Yes,568772,4495945,1 - No accuracy stated,Asphalt Pavement,,,,"331 Edward Curry Avenue
Staten Island, NY 10303
(40.61117, -74.18707)"
R & R Automotive,1145 State Highway 345,,Potsdam,NY,13676,St. Lawrence,6,3153225815,Ronald & Rosemary Forbes,Private,VDF - registration,[45V50022],Yes,492552,4951738,4.1 - Address Matching,End of Life Vehicles VDFs,45V50022,11/19/2024,11/18/2029,"1145 State Highway 345
Potsdam, NY 13676
(44.71934, -75.09353)"
Con-Strux Hamptons,1 High Street,,Speonk,NY,11972,Suffolk,1,6313255533,Con-Strux LLC,Private,Composting - yard waste - permit,[52PP0400],Yes,694104,4523908,4.3 - Utilization of Digital Orthophoto Quads,Yard Trimmings,1-4736-00747/00009,05/30/2023,05/29/2028,
Winters Bros Waste Systems of LI LLC Excel TS,151 Peconic Avenue,,Medford,NY,11763,Suffolk,1,6312893335,Peter Casserly - Winter Brothers Waste Systems,Private,CDDHRF - permit,[52CP0233],Yes,669758,4520419,4.3 - Utilization of Digital Orthophoto Quads,Concrete;Brick;Soil (Clean);Tree Debris;Rock;Construction & Demolition Debris,1-4722-00996/00005,10/12/2021,10/11/2026,"151 Peconic Avenue
Medford, NY 11763
(40.81655, -72.98691)"
Clayton Transfer Station,36243 County Route 4,,Clayton (T),NY,13624,Jefferson,6,3156864310,Town of Clayton,Municipal,Composting - yard trimmings - registration,[23P10013],Yes,407708,4893948,4.2 - Utilization of GIS and existing spatial data,Yard Trimmings,23P10013,04/14/2025,04/13/2030,"36243 County Route 4
Clayton (T), NY 13624
(44.19242, -76.15458)"
Paumanok Environmental,88 Old Dock Road,,Yaphank,NY,11980,Suffolk,1,6317755900,Paumanok Environmental LLC,Private,MSW processing - permit,[52YP0238],Yes,673424,4519761,,MSW (Residential/Institutional & Commercial),1-4722-05676-00001,09/10/2021,09/09/2026,"88 Old Dock Road
Yaphank, NY 11980
(40.81126, -72.94507)"
RLS (USA) Inc.,80 Seaview Blvd.,,Port Washington,NY,11050,Nassau,1,5166262799,Telix Pharmaceuticals (US),Private,RMW - radiological storage - registration,[30J10120],Yes,612676,4518960,,Regulated Medical Waste,,,,"80 Seaview Blvd.
Port Washington, NY 11050
(40.81391, -73.66369)"
Hilltop Auto Salvage Inc,4157 Boston Road,,Bronx,NY,10466,Bronx,2,7183240706,Hilltop Auto Salvage,Private,VDF - registration,[03V50128],Yes,598891,4526878,4.2 - Utilization of GIS and existing spatial data,End of Life Vehicles VDFs,03V50128,01/28/2025,01/27/2030,"4157 Boston Road
Bronx, NY 10466
(40.88688, -73.82601)"
Environmental Resource Recycling Inc.,100 Rose Executive Blvd.,,East Yaphank,NY,11967,Suffolk,1,6317753913,Environmental Resource Recycling Inc.,Private,RHRF - registration,[52R30262],Yes,677380,4522997,4.3 - Utilization of Digital Orthophoto Quads,Paperboard/Boxboard;Other Aluminum Scrap Metal;Plastic;Container Glass,52R30262,09/10/2025,09/09/2030,"100 Rose Executive Blvd.
East Yaphank, NY 11967
(40.83945, -72.89661)"
All City Recycling LLC,850 East 133rd Street,,Bronx,NY,10454,Bronx,2,7185850700,Christoph Todino,Private,C&D processing - registration,[03W89],Yes,591765,4517108,,Construction & Demolition Debris,03W89,07/13/2006,,"850 East 133rd Street
Bronx, NY 10454
(40.80014, -73.91197)"
Tyndall Septic Systems Inc,15 Independent Way,,Brewster,NY,10509,Putnam,3,8452798809,E. Patrick Tyndall,Private,Transfer facility - permit,[40TP0007],Yes,614815,4585831,,Septage;Sewage Treatment Plant Sludge,3-3730-00215/00003,01/26/2024,01/25/2029,"15 Independent Way
Brewster, NY 10509
(41.41567, -73.62608)"
Argenio Brothers Inc,14 Argenio Drive,,New Windsor,NY,12553,Orange,3,8455615102,Argenio Brothers Inc,Private,C&D processing - registration,[36W06],Yes,580825,4593616,4.3 - Utilization of Digital Orthophoto Quads,Asphalt;Brick;Concrete;Rock,36W06,02/19/2004,,"14 Argenio Drive
New Windsor, NY 12553
(41.49023, -74.03359)"
MRC Recycling; Inc.,555 South Cascade Drive,,Springville,NY,14141,Erie,9,7165920950,Steven Buckley,Private,RHRF - registration,[15R30063],Yes,196515,4711293,1 - No accuracy stated,Commingled Paper;Plastic;Paper / Cardboard,15R30063,12/17/2024,12/17/2029,"555 South Cascade Drive
Springville, NY 14141
(42.49436, -78.69217)"
Millennium Auto & Truck Salvage Corp,1271 East Bay Avenue,,Bronx,NY,10474,Bronx,2,7183286214,Millennium Auto and Truck Salvage; Corp.,Private,VDF - registration,[03V50126],Yes,593942,4518121,4.2 - Utilization of GIS and existing spatial data,End of Life Vehicles VDFs,03V50126,02/25/2020,02/24/2025,"1271 East Bay Avenue
Bronx, NY 10474
(40.80854, -73.88615)"
Cicero Ready Mix Plant And Aggregate Storage Facility,770 Northern Boulevard,,Cicero,NY,13057,Onondaga,7,3154335115,Riccelli Northern LLC,Private,CDDHRF - concrete rock brick - registration,[34C10077],Yes,411719,4777347,1 - No accuracy stated,Concrete;Brick;Rock,34C10077,02/07/2020,02/06/2025,
North Fork Sanitation Inc,8475 Cox Lane,,Cutchogue,NY,11935,Suffolk,1,6317347221,Joanne Schelin,Private,Transfer facility - permit,[52TP0385],Yes,709785,4545480,4.3 - Utilization of Digital Orthophoto Quads,Construction & Demolition Debris;Concrete;Metals (Ferrous & Non-Ferrous);Corrugated Cardboard;Commingled Paper & Containers;Wood (Unadulterated),1-4738-00899/00003,01/11/2023,12/29/2027,"8475 Cox Lane
Cutchogue, NY 11935
(41.03359, -72.50464)"
Cortlandt Yard Waste Transfer (T),167 Roa Hook Road,,Cortlandt Manor,NY,10567,Westchester,3,9147370100,Town of Cortlandt,Municipal,Transfer facility - less than 50 tpd - registration,[60T102],Yes,589208,4568257,,Yard Trimmings,60T102,06/06/2018,06/06/2023,"167 Roa Hook Road
Cortlandt Manor, NY 10567
(41.29805, -73.94783)"
Floral Park Transfer Station,1 Floral Blvd,,Floral Park,NY,11001,Nassau,1,5163266300,Village of Floral Park,Municipal,Transfer station - registration,[30M47R],Yes,609293,4508926,,Land Clearing Debris;Tree Debris;Yard Trimmings;Electronics,30M47R,11/22/1996,,"1 Floral Blvd
Floral Park, NY 11001
(40.72413, -73.706)"
Town of Trenton Transfer Station,224 Veteran's Way,,Trenton (T),NY,13304,Oneida,6,3158962615,Town of Trenton,Municipal,CDDHRF - gypsum wallboard - registration,[33C40025],Yes,484753,4789848,,Construction & Demolition Debris,33C40025,07/29/2021,07/28/2026,
Lake Luzerne Transfer Station,119 Towner Road,,Lake Luzerne,NY,12846,Warren,5,5186962105,Town of Lake Luzerne,Municipal,Transfer facility - less than 50 tpd - registration,[57T10005],Yes,595068,4799281,,Asphalt;MSW (Residential/Institutional & Commercial);Glass;Metals (Ferrous & Non-Ferrous);Construction & Demolition Debris;Tree Debris;Yard Trimmings;Junk Mail;White Goods,57T10005,11/16/2023,11/15/2028,"119 Towner Road
Lake Luzerne, NY 12846
(43.33923, -73.829)"
Bistrian Materials Inc. (East Hampton),175 Springs-Fireplace Road,,East Hampton,NY,11937,Suffolk,1,6313247950,Bistrian Materials Inc.,Private,CDDHRF - permit,[52CP0394],Yes,737721,4540726,4.3 - Utilization of Digital Orthophoto Quads,Soil (Clean);Tree Debris;CARB (concrete; asphalt; rock; brick),1-4724-01975/00002,03/20/2023,03/19/2028,"175 Springs-Fireplace Road
East Hampton, NY 11937
(40.98322, -72.17437)"
Natural Wood Fiber Organics LLC,8452 Lake Street Road,,LeRoy,NY,14482,Genesee,8,5855910510,Shannon S. Domes,Private,Composting - SSO - registration,[19P20013],Yes,256700,4765603,4.1 - Address Matching,Source Separated Organic Waste (SSOW),19P20013,07/14/2025,07/14/2030,"8452 Lake Street Road
LeRoy, NY 14482
(43.00379, -77.98214)"
Lorric C&D Processing,68 Pine Hill Road,,Spencerport,NY,14559,Monroe,8,5853528400,Lorric Development Corp,Private,C&D processing - registration,[28W09],Yes,270192,4787996,,Wood (Clean);Concrete;Brick;Soil (Clean);Asphalt;Rock;Wood (Chips);Tree Debris;Metals (Ferrous);Metals (Non-Ferrous);Roofing Shingles,28W09,07/29/2002,,"68 Pine Hill Road
Spencerport, NY 14559
(43.20946, -77.82902)"
LaForge Transfer Station,3090 County Road 30 (Trapping Brook Road),,Wellsville,NY,14895,Allegany,9,5855936177,LaForge Transfer Station Inc.,Private,Transfer facility - permit,[02TP0024],Yes,259860,4667091,4.2 - Utilization of GIS and existing spatial data,MSW (Residential/Institutional & Commercial);Single Stream,9-0270-00109/00002,12/18/2025,12/17/2035,"3090 County Road 30 (Trapping Brook Road)
Wellsville, NY 14895
(42.11991, -77.90499)"
Sullivan County Mamakating Transfer Station,164 Dump Road,,Wurtsboro,NY,12788,Sullivan,3,8458880256,Sullivan County,County,Transfer facility - less than 50 tpd - registration,[53T10004],Yes,540580,4607636,,Construction & Demolition Debris;MSW (Residential/Institutional & Commercial);Commingled Paper & Containers;Electronics;Source Separated Organic Waste,53T10004,04/12/2023,05/18/2028,"164 Dump Road
Wurtsboro, NY 12788
(41.61989, -74.51251)"
AJ's Auto LLC,955 Ransom Road,,Lancaster,NY,14086,Erie,9,7166815454,J. Renkas & Sons Inc,,VDF - registration,[15V50060],Yes,206778,4758601,1 - No accuracy stated,End of Life Vehicles VDFs,15V50060,09/05/2024,09/05/2029,"955 Ransom Road
Lancaster, NY 14086
(42.92384, -78.59296)"
Allegany County Landfill and Belmont Transfer Station,6006 County Road 48,,Angelica,NY,14709,Allegany,9,5852685415,Allegany County DPW,County,Transfer facility - less than 50 tpd - registration,[02T10023],Yes,249566,4683385,4.2 - Utilization of GIS and existing spatial data,MSW (Residential/Institutional & Commercial);Construction & Demolition Debris;Waste Tires,02T10023,12/20/2021,12/20/2026,"6006 County Road 48
Angelica, NY 14709
(42.26105, -78.038)"
Gershow Recycling of Valley Stream,97 East Hawthorne Avenue,,Valley Stream,NY,11580,Nassau,1,5168257244,Kevin Gershowitz,Private,VDF - registration,[30V50103],Yes,610317,4501869,1 - No accuracy stated,,30V3103,08/15/2018,08/14/2021,"97 East Hawthorne Avenue
Valley Stream, NY 11580
(40.66027, -73.69492)"
Tucker's Auto Salvage,5125 State Route 11,,Burke,NY,12917,Franklin,5,5184835750,Raymond Tucker,Private,VDF - registration,[17V50005],Yes,563279,4974377,4 - GIS Assisted,End of Life Vehicles VDFs,17V50005,07/25/2019,07/25/2024,"5125 State Route 11
Burke, NY 12917
(44.9182, -74.1977)"
Darien Auto Parts; LLC,1213 Broadway Rd,,Darien Center,NY,14040,Genesee,8,5855472221,Patricia Bialkowski,Private,VDF - registration,[19V50013],Yes,222327,4755535,1 - No accuracy stated,End of Life Vehicles VDFs;Scrap Metal - Ferrous ;Scrap Metal - Aluminum ;Lead-acid Batteries;Scrap Metal - Non-ferrous,19V50013,10/08/2025,10/08/2030,"1213 Broadway Rd
Darien Center, NY 14040
(42.90103, -78.40024)"
SMR Fibre,4642 Crossroads Park Drive,,Liverpool,NY,13088,Onondaga,7,3154532800,Empire Recycling Corp.,Private,RHRF - greater than 5 tpd - registration,[34R20066],Yes,402913,4775263,4.1 - Address Matching,Commingled Paper;Newspaper;Office Paper;Paperboard/Boxboard,34R20066,05/08/2023,05/10/2028,"4642 Crossroads Park Drive
Liverpool, NY 13088
(43.12384, -76.1942)"
Williamson Services,12988 North Croghan Road,,Natural Bridge,NY,13665,Lewis,6,3156444000,Williamson Services LLC,Private,Transfer facility - permit,[25TP0015],Yes,460533,4878986,4 - GIS Assisted,Construction & Demolition Debris;MSW (Residential/Institutional & Commercial),6-2324-00118/00002,04/21/2023,04/20/2028,"12988 North Croghan Road
Natural Bridge, NY 13665
(44.06346, -75.49277)"
Valley Stream Transfer Station,175 Arlington Avenue,,Valley Stream,NY,11580,Nassau,1,5168258108,Incorporated Village of Valley Stream,Municipal,Transfer facility - permit,[30TP0154],Yes,608520,4517214,4.2 - Utilization of GIS and existing spatial data,Yard Waste;MSW (Residential/Institutional & Commercial);Waste Tires;Metals (Ferrous & Non-Ferrous);Commingled Paper & Containers;Construction & Demolition Debris;Glass;Tree Debris;Concrete;Magazines;Newspaper;Office Paper;Corrugated Cardboard;Commingled Plastics;Single Stream,1-2820-00884/00003,04/20/2022,04/19/2027,"175 Arlington Avenue
Valley Stream, NY 11580
(40.67663, -73.71911)"
Smith Street Auto,45/49 Poultney Street,,Whitehall,NY,12887,Washington,5,5184999988,Jared Mowatt,Private,VDF - registration,[58V50023],Yes,629157,4823144,,End of Life Vehicles VDFs,58V50023,06/08/2022,06/07/2027,"45/49 Poultney Street
Whitehall, NY 12887
(43.55007, -73.40074)"
Pharmalogic LLC,14 Walker Way; Suite 5,,Albany,NY,12205,Albany,4,5187132068,Pharmalogic Holdings Corp.,Private,RMW - permit,[01JP2602],Yes,595066,4729944,,,4-0126-00642/00003,08/23/2018,08/22/2028,
Cropsey Scrap Iron & Metal Corp,2994 Cropsey Avenue,,Brooklyn,NY,11214,Kings,2,5167912300,Cropsey Scrap Iron & Metal Corp.,,Scrap metal processor - registration,[24V30211],Yes,585781,4492863,4.2 - Utilization of GIS and existing spatial data,Scrap Metal - Ferrous ;Scrap Metal - Non-ferrous,24V30211,02/28/2020,02/27/2025,"2994 Cropsey Avenue
Brooklyn, NY 11214
(40.58187, -73.98609)"
Myers Property,4763 Felton Hill Road,,West Valley,NY,14171,Cattaraugus,9,7169423292,Rick Myers,Private,Land application - septage - registration,[05A40002],Yes,205977,4701964,1 - No accuracy stated,Septage,05A40002,08/22/2023,08/22/2028,"4763 Felton Hill Road
West Valley, NY 14171
(42.41705, -78.57438)"
Ben Weitsman of Jamestown,610 West Eighth Street,,Jamestown,NY,14701,Chautauqua,9,7166645910,Ben Weitsman of Jamestown; LLC,Private,VDF - registration,[07V50032],Yes,148503,4669639,1 - No accuracy stated,End of Life Vehicles VDFs,07V50032,01/29/2026,11/02/2028,"610 West Eighth Street
Jamestown, NY 14701
(42.0995, -79.24998)"
Pulaski TS/RHRF,100 County Route 2A,,Pulaski,NY,13142,Oswego,7,3155919200,Oswego County Department of Solid Waste,County,RHRF - greater than 5 tpd - registration,[38R20029],Yes,411690,4822564,,Source Separated Recyclables (Metal/Glass/Paper/Plastic),38R20029,06/14/2023,06/13/2028,"100 County Route 2A
Pulaski, NY 13142
(43.5514, -76.09328)"
Perry City Automotive,6211 Brook Road,,Trumansburg,NY,14886,Tompkins,7,6073875892,Joseph J Allen,Private,Motor vehicle repair shop - registration,[55V40008],Yes,361857,4706862,,End of Life Vehicles VDFs,55V40008,10/29/2025,10/28/2030,"6211 Brook Road
Trumansburg, NY 14886
(42.50157, -76.68137)"
Islip Multi-Purpose Recycling Facility,1155 Lincoln Avenue,,Holbrook,NY,11741,Suffolk,1,6315953421,Islip Resource Recovery Agency,Municipal,RHRF - permit,[52RP0229],Yes,661707,4515955,4.3 - Utilization of Digital Orthophoto Quads,Source Separated Recyclables (Metal/Glass/Paper/Plastic);Construction & Demolition Debris;Furniture/Appliances;Commingled Containers;Commingled Paper;White Goods;Electronics;Paper / Cardboard;Metals (Non-Ferrous);Plastics,1-4728-00701/00003,01/13/2022,01/12/2027,"1155 Lincoln Avenue
Holbrook, NY 11741
(40.7793, -73.08287)"
Albany (City) SWMF,525 Rapp Road,,Albany,NY,12205,Albany,4,5188693651,City of Albany,Municipal,Household hazardous waste,[01Z02],Yes,594201,4728891,,,4-0101-00171/00011,06/25/2009,06/25/2019,"525 Rapp Road
Albany, NY 12205
(42.70324, -73.84958)"
Wyco Construction; Inc,4608 Liberty Street,,Warsaw,NY,14569,Wyoming,9,5857862571,Wyco Construction; Inc,Private,Land application - septage - registration,[61A40006],Yes,240115,4735041,1 - No accuracy stated,Septage,61A40006,08/22/2023,08/22/2028,"4608 Liberty Street
Warsaw, NY 14569
(42.7245, -78.17402)"
J & J Recycling Inc.,1641 Richmond Terrace,,Staten Island,NY,10310,Richmond,2,7182733000,J & J Recycling Inc,Private,Scrap metal processor - registration,[43V50073],Yes,74121,40640,1 - No accuracy stated,Engine Coolant/Antifreeze;Scrap Metal - Aluminum ;End of Life Vehicles VDFs;Scrap Metal - Ferrous ;Scrap Metal - Non-ferrous ;Stainless Steel;Enameled Appliances / White Goods,43V50073,10/07/2025,10/06/2030,"1641 Richmond Terrace
Staten Island, NY 10310
(40.63969, -74.12233)"
Przestrzelski Septic Service,121 Brookman's Corners Road,,Fort Plain,NY,13339,Montgomery,4,5189932925,David Przestrzelski,Private,Land application - septage - registration,[29A43003],Yes,524833,4753241,1 - No accuracy stated,Septage,29A43003,05/30/2025,05/29/2030,"121 Brookman's Corners Road
Fort Plain, NY 13339
(42.93459, -74.70281)"
Long Island Waste Services,228 Blydenburgh Road,,Islandia,NY,11749,Suffolk,1,6312347100,Patricia DiMatteo,Private,CDDHRF - permit,[52CP0288],Yes,653272,4518747,,Construction & Demolition Debris,1-4728-00720/00001,10/08/2025,10/07/2030,"228 Blydenburgh Road
Islandia, NY 11749
(40.8057, -73.18193)"
Geddes Transfer Station,654 South Terry Road,,Syracuse,NY,13209,Onondaga,7,3154887705,Town of Geddes,Municipal,Transfer facility - less than 50 tpd - registration,[34T10024],Yes,400636,4765206,4 - GIS Assisted,Construction & Demolition Debris;Tree Debris;Yard Trimmings;Metals (Ferrous & Non-Ferrous),34T10024,05/07/2025,05/06/2030,"654 South Terry Road
Syracuse, NY 13209
(43.03351, -76.21988)"
Poland Sand & Gravel - Floyd,Koenig Road,,Floyd,NY,13440,Oneida,6,3158263761,PSG Realty LLC,Private,CDDHRF - asphalt pavement and millings - registration,[33C20024],Yes,472117,4782361,1.1 - Obtained from original submission and unverified process,Asphalt Pavement,33C20024,10/15/2020,10/14/2025,
Fishers Island WMD Transfer Station and Compost Facility,2660 Whistler Avenue,,Fishers Island,NY,6390,Suffolk,1,6317887455,Fishers Island Waste Management District,Municipal,Transfer facility - less than 50 tpd - registration,[52T10254],Yes,748501,4571223,,Construction & Demolition Debris;Electronics;Container Glass;Metals (Ferrous & Non-Ferrous);Tree Debris,52T10254,02/13/2025,02/12/2030,"2660 Whistler Avenue
Fishers Island, NY 6390
(41.25464, -72.03218)"
Stony Brook University - LCM Lab,110 Suffolk Hall,Stony Brook University,Stony Brook,NY,11794,Suffolk,1,,SUNY @ Stony Brook,State,RMW - treatment at site of generation BSL3-FSAP - registration,[52J20314],Yes,658383,4530650,4.3 - Utilization of Digital Orthophoto Quads,Regulated Medical Waste,52J70314,03/27/2026,03/26/2031,"110 Suffolk Hall
Stony Brook, NY 11794
(40.92097, -73.13364)"
Jenkinsville Sand and Gravel,201 Jenkinsville Road,,Queensbury,NY,12804,Warren,5,5187924102,Danna Ellsworth,,CDDHRF - concrete; rock; brick; asphalt pavement or millings - registration,[57C90024],Yes,611425,4804759,,Rock;Concrete;Asphalt Pavement;Asphalt Millings,57C90024,09/21/2023,09/20/2028,"201 Jenkinsville Road
Queensbury, NY 12804
(43.38828, -73.62248)"
Providence Farm Collective,5701 Burton Rd,,Orchard Park,NY,14127,Erie,9,7164739338,Providence Farm Collective,Private,Composting - SSO - registration,[15P20104],Yes,191479,4737935,4.2 - Utilization of GIS and existing spatial data,Source Separated Organic Waste (SSOW),15P20104,02/27/2023,02/27/2028,"5701 Burton Rd
Orchard Park, NY 14127
(42.73176, -78.76533)"
Rason Asphalt - Glen Cove,44 Morris Ave,,Glen Cove,NY,11542,Nassau,1,5166711500,Jocar Asphalt LLC,Private,CDDHRF - storage only- concrete brick rock asphalt pavement - registration,[30CS0175],Yes,614770,4524062,4.3 - Utilization of Digital Orthophoto Quads,Asphalt;Concrete;Brick,30-0175,01/24/2025,01/23/2030,"44 Morris Ave
Glen Cove, NY 11542
(40.85911, -73.63773)"
WNY Scrap Processing; Inc.,1132 and 1140 Brant-Farnham Rd,,Brant,NY,14006,Erie,9,7165976372,WNY Scrap Processing; Inc.,Private,Scrap metal processor - registration,[15V30006],Yes,169300,4723041,1 - No accuracy stated,Scrap Metal - Aluminum ;Scrap Metal - Ferrous ;Scrap Metal - Non-ferrous,15V30006,12/03/2025,12/03/2030,"1132 and 1140 Brant-Farnham Rd
Brant, NY 14006
(42.58839, -79.02909)"
Granby Pit,Stoney Robby Road,,Oswego,NY,13126,Oswego,7,3155646784,WD Malone Trucking & Excavating; Inc.,Private,CDDHRF - asphalt pavement and millings - registration,[38C20034],Yes,382481,4800848,1 - No accuracy stated,Asphalt,38C20034,05/18/2023,05/17/2028,
Al Valk's Garage LTD,2359 Albany Post Road,,Walden,NY,12586,Orange,3,8457783698,Albert Valk,Private,VDF - registration,[36V50006],Yes,564923,4603270,,End of Life Vehicles VDFs,36V50006,01/23/2019,01/22/2023,"2359 Albany Post Road
Walden, NY 12586
(41.57753, -74.22091)"
Gernatt Asphalt Products; Inc. - Delevan Plant,11802 Route 16,,Yorkshire,NY,14042,Cattaraugus,9,7164920250,Gernatt Asphalt Products; Inc.,,CDDHRF - concrete; rock; brick; asphalt pavement or millings - registration,[05C90032],Yes,214527,4712227,4.2 - Utilization of GIS and existing spatial data,Concrete;Brick;Asphalt Pavement;Asphalt Millings,05C90032,04/03/2025,04/03/2030,"11802 Route 16
Yorkshire, NY 14042
(42.51207, -78.47835)"
Gooseneck Farms Sand and Gravel,8193 Putnam Rd,,Chautauqua,NY,14781,Chautauqua,9,7167203989,Gooseneck Farms Inc.,Private,CDDHRF - concrete rock brick - registration,[07C10062],Yes,121066,4683266,1 - No accuracy stated,Concrete;Brick;Rock,07C10062,12/22/2021,12/22/2026,"8193 Putnam Rd
Chautauqua, NY 14781
(42.21046, -79.58973)"
East Side Transfer Station,793 South Ogden Street,,Buffalo,NY,14206,Erie,9,7168230795,City of Buffalo,Municipal,RHRF - greater than 5 tpd - registration,[15R20096],Yes,189628,4754929,4.2 - Utilization of GIS and existing spatial data,Single Stream,15R20096,11/29/2021,11/29/2026,"793 South Ogden Street
Buffalo, NY 14206
(42.88329, -78.80113)"
Colonie (T) SWMF,4 Arrowhead Lane,,Colonie,NY,12047,Albany,4,5187832827,Town of Colonie,Municipal,RHRF - permit,[01M26],Yes,603570,4740311,,,4-0126-00033/00001,04/05/2018,04/04/2028,"4 Arrowhead Lane
Colonie, NY 12047
(42.80257, -73.73063)"
Baroni Recycling North; Inc.,48 Coeymans Industrial Park Lane,,Coeymans,NY,12045,Albany,4,5187568525,Baroni Recycling North; Inc.,Private,VDF - registration,[01V52401],Yes,599009,4703868,,End of Life Vehicles VDFs,01V32402,07/03/2024,07/02/2029,"48 Coeymans Industrial Park Lane
Coeymans, NY 12045
(42.48174, -73.79724)"
Visone Construction; Inc.,79 Sheldon Ave,,Depew,NY,14043,Erie,9,7166817331,Visone Construction; Inc.,Private,CDDHRF - concrete; rock; brick; asphalt pavement or millings - registration,[15C90077],Yes,199626,4757588,1 - No accuracy stated,Asphalt Millings;Asphalt Pavement;Concrete;Brick;Rock,15C90077,05/15/2025,05/15/2030,"79 Sheldon Ave
Depew, NY 14043
(42.91157, -78.67988)"
Pat's Used Auto Parts,7347 No. 4 Road,,Lowville,NY,13367,Lewis,6,3153761912,Pat Patterson,,Scrap metal processor - registration,[25V30006],Yes,472677,4851705,,Scrap Metal - Ferrous ;Scrap Metal - Aluminum ;Scrap Metal - Non-ferrous,25V50006,08/19/2024,04/04/2029,
Wayland TS,2078 Dieter Road,,Wayland,NY,14572,Steuben,8,6076642460,Steuben County,County,RHRF - 5 tpd or less - registration,[51R10005],Yes,285068,4714524,1 - No accuracy stated,Commingled Containers;Commingled Paper;Container Glass;Used Oil;Electronics,51R10005,07/27/2023,07/27/2028,"2078 Dieter Road
Wayland, NY 14572
(42.55351, -77.61843)"
Petro Recycling LLC (290East 132Street),290 East 132 Street,,Bronx,NY,10454,Bronx,2,9147778292,Petro Recycling LLC,Private,C&D processing - registration,[03W81],Yes,590357,4517827,4.3 - Utilization of Digital Orthophoto Quads,Concrete;Asphalt;Rock;Soil (Clean),03W81,,,"290 East 132 Street
Bronx, NY 10454
(40.80392, -73.92267)"
Winters Bros Waste Systems of LI LLC Glen Cove Facility,100 Morris Ave,,Glen Cove,NY,11542,Nassau,1,5166711911,,,CDDHRF - permit,[30CP0130],Yes,6146,45239,,,1-2805-00105/00001,03/23/2020,03/22/2025,"100 Morris Ave
Glen Cove, NY 11542
(40.85781, -73.63997)"
Sagaponack Sand & Gravel Corp,32 Haines Path,,Bridgehampton,NY,11932,Suffolk,1,6315372252,Keith Grimes,Private,C&D processing - registration,[52W176R],Yes,728020,4537019,1 - No accuracy stated,Asphalt;Concrete;Soil (Clean);Tree Debris;Wood (Chips);Rock,52W176R,08/31/2011,,"32 Haines Path
Bridgehampton, NY 11932
(40.95232, -72.28953)"
Chesterfield Transfer Station,81 Auger Lake Rd,,Keeseville,NY,12944,Essex,5,5188349042,Town of Chesterfield,Municipal,Transfer facility - less than 50 tpd - registration,[16T10001],Yes,619930,4927123,1 - No accuracy stated,MSW (Residential/Institutional & Commercial),16T10001,05/03/2022,05/03/2027,"81 Auger Lake Rd
Keeseville, NY 12944
(44.488, -73.49219)"
Talmadge C&D Processing,121 Talmadge Hill West,,Waverly,NY,14892,Tioga,7,6075654313,Austin Excavating & Paving; Inc.,Private,CDDHRF - concrete rock brick - registration,[54C10019],Yes,373588,4655285,1 - No accuracy stated,Concrete;Brick;Rock,54C10019,12/02/2019,12/01/2024,"121 Talmadge Hill West
Waverly, NY 14892
(42.03888, -76.52737)"
Syracuse Fiber Recycling; LLC,1416 Willis Avenue,,Syracuse,NY,13211,Onondaga,7,3154874346,,,Nonspecific facility - permit,[34XP0064],Yes,402334,4768521,1 - No accuracy stated,Papermill Sludge,7-3115-00043/02001,05/17/2023,05/16/2028,"1416 Willis Avenue
Syracuse, NY 13211
(43.06124, -76.19844)"
Corinth Transfer Station,115 Heath Road,,Corinth,NY,12822,Saratoga,5,5186548155,Town of Corinth,Municipal,Transfer facility - less than 50 tpd - registration,[46T10007],Yes,594034,4785138,,Construction & Demolition Debris;MSW (Residential/Institutional & Commercial);Yard Trimmings;Electronics,46T10007,11/05/2023,11/04/2028,"115 Heath Road
Corinth, NY 12822
(43.21427, -73.84113)"
Ray's Transportation Inc,42 Argenio Drive,,New Windsor,NY,12553,Orange,3,8455657210,Ray's Transportation Inc,Private,CDDHRF - permit,[36CP0001],Yes,580845,4593770,,,3-3348-00264/00001,03/18/2025,03/17/2030,"42 Argenio Drive
New Windsor, NY 12553
(41.49102, -74.03182)"
West Parishville Metals,495 West Parishville Road,,Potsdam,NY,13676,St. Lawrence,6,3152614075,Lisa & Romie Clothier,Private,Scrap metal processor - registration,[45V30016],Yes,503658,4941154,4.1 - Address Matching,Scrap Metal - Ferrous ;Scrap Metal - Non-ferrous ;Scrap Metal - Aluminum,45V30016,11/18/2024,11/17/2029,"495 West Parishville Road
Potsdam, NY 13676
(44.62317, -74.95491)"
Town of Manheim Transfer Station,6356 State Route 167,,Dolgeville,NY,13329,Herkimer,6,3154299631,Town of Manheim,Municipal,Transfer facility - less than 50 tpd - registration,[22T10002],Yes,517478,4771256,4.2 - Utilization of GIS and existing spatial data,MSW (Residential/Institutional & Commercial);Electronics,22T10002,03/08/2024,03/07/2029,"6356 State Route 167
Dolgeville, NY 13329
(43.09328, -74.78639)"
Oak Openings; LLC,1392 Oak Openings Road,,Avon,NY,14414,Livingston,8,5859251934,Dale Twardokus,Private,CDDHRF - concrete rock brick - registration,[26C10005],Yes,282646,4755171,1 - No accuracy stated,Concrete,26C10005,04/28/2020,04/28/2025,"1392 Oak Openings Road
Avon, NY 14414
(42.92078, -77.65627)"
C. L. McCormack,5885 Jordan Road,5739 Fikes Road,Elbridge,NY,13060,Onondaga,7,3156893973,Melanie & Meghan McCormack,Private,Land application - septage - registration,[34A40010],Yes,386132,4765162,1.1 - Obtained from original submission and unverified process,Septage,34A40010,07/03/2019,07/03/2024,"5885 Jordan Road
Elbridge, NY 13060
(43.05576, -76.46119)"
Village Motors Auto Sales LLC,8240 State Route 69,,Oriskany,NY,13424,Oneida,6,3157365400,Matthew Shannon,Private,Mobile vehicle crusher - registration,[33V60029],Yes,472227,4779319,,End of Life Vehicles VDFs,33V60029,08/19/2021,08/18/2026,"8240 State Route 69
Oriskany, NY 13424
(43.16625, -75.34143)"
Baroni Scrap Metal LLC - Poughkeepsie,20 Van Kleeck Drive,,Poughkeepsie,NY,12601,Dutchess,3,8454710820,Courtney Baroni,,Scrap metal processor - registration,[14V30003],Yes,590652,4617815,,Scrap Metal - Aluminum ;Scrap Metal - Ferrous ;Scrap Metal - Non-ferrous,14V30003,07/12/2024,07/11/2028,"20 Van Kleeck Drive
Poughkeepsie, NY 12601
(41.70758, -73.9103)"
Naples Rural Transfer (V),6614 Italy Valley Rd,,Naples,NY,14512,Ontario,8,5853742435,Village of Naples,Municipal,Transfer facility - less than 50 tpd - registration,[35T10010],Yes,303815,4718555,4.1 - Address Matching,MSW (Residential/Institutional & Commercial);Construction & Demolition Debris;Single Stream,35T10010,11/17/2020,11/16/2025,"6614 Italy Valley Rd
Naples, NY 14512
(42.59412, -77.38866)"
Niagara Metals LLC - 41 Hannah St,41 Hannah St.,,Buffalo,NY,14206,Erie,9,7162425544,Niagara Metals; LLC,Private,Scrap metal processor - registration,[15V30052],Yes,187524,4755058,1 - No accuracy stated,Scrap Metal - Aluminum ;Scrap Metal - Ferrous ;Scrap Metal - Non-ferrous,15V30052,03/22/2023,03/22/2028,"41 Hannah St.
Buffalo, NY 14206
(42.88402, -78.82567)"
Empire State MRF,3 Railroad Place,,Maspeth,NY,11378,Queens,2,7183264175,M. Fatima Cristina,Private,RHRF - registration,[41R30102],Yes,591523,4508663,4.3 - Utilization of Digital Orthophoto Quads,Metals (Non-Ferrous);Paper / Cardboard;Plastics;Metals (Ferrous);Glass,41R30102,11/02/2023,11/01/2028,"3 Railroad Place
Maspeth, NY 11378
(40.72432, -73.91695)"
Transit Auto Towing Inc,165 Saw Mill River Road,,Yonkers,NY,10701,Westchester,3,9147797666,Transit Auto Towing Inc,Private,VDF - registration,[60V50003],Yes,594227,4533213,,,60V50003,,,"165 Saw Mill River Road
Yonkers, NY 10701
(40.94397, -73.88058)"
Gallivan Corning Hill Properties,120 Retreat House Rd,,Bethlehem,NY,12077,Albany,4,5182716100,SM Gallivan,Private,CDDHRF - asphalt pavement and millings - registration,[01C22203],Yes,605000,4718679,4.2 - Utilization of GIS and existing spatial data,Asphalt Millings;Asphalt Pavement,01C22203,06/24/2022,06/23/2027,"120 Retreat House Rd
Bethlehem, NY 12077
(42.61256, -73.76946)"
Dolomite Products Company; Inc. - Manchester,1719 Lovers Lane Road,,Manchester,NY,14432,Ontario,8,3154622752,Dolomite Products Company; Inc.,Private,CDDHRF - concrete; rock; brick; asphalt pavement or millings - registration,[35C90023],Yes,322769,4757448,,CARB (concrete; asphalt; rock; brick);Brick;Asphalt Millings;Asphalt Pavement;Concrete,35C90023,03/04/2026,03/04/2031,"1719 Lovers Lane Road
Manchester, NY 14432
(42.94932, -77.18127)"
East Murtagh Hill Road LCD Lf,Murtagh Hill Road,,Altona,NY,12910,Clinton,5,5185634188,George J. Barber,Municipal,Landfill - land clearing debris,[10D09],Yes,612127,4961428,1 - No accuracy stated,Land Clearing Debris,10D09,,,
City Recycling Corp,151 Anthony Street,,Brooklyn,NY,11222,Kings,2,7185996573,Luciano and Gino Casagrande,Private,CDDHRF - permit,[24W26],Yes,590173,4508759,,,2-6101-00005/00003,12/01/2020,11/30/2025,"151 Anthony Street
Brooklyn, NY 11222
(40.72406, -73.93431)"
Fenix Parts - Syracuse,8572 Brewerton Road,,Cicero,NY,13039,Onondaga,7,3156994000,Fenix Parts Syracuse LLC,Private,Mobile vehicle crusher - registration,[34V60001],Yes,408787,4781945,,End of Life Vehicles VDFs,34V60001,09/17/2025,09/16/2030,"8572 Brewerton Road
Cicero, NY 13039
(43.18455, -76.12279)"
LBD Enterprises (Dairy Waste),656 Chestnut Ridge Rd.,,Kirkville,NY,13082,Madison,7,3156873196,LBD Enterprises; LLC,,Land application - UFPW - registration,[27A30011],Yes,433336,4771435,4 - GIS Assisted,Unrecognizable Food Processing Waste,27A30011,12/04/2024,12/03/2029,"656 Chestnut Ridge Rd.
Kirkville, NY 13082
(43.11249, -75.95067)"
Fitz Auto Group LLC,2787 Lyons Rd; Bldg 3,,Geneva,NY,14456,Ontario,8,3157198712,James Fitzgerald,Private,VDF - registration,[35V50030],Yes,338590,4751466,4.1 - Address Matching,End of Life Vehicles VDFs;Used Oil;Lead-acid Batteries;Gasoline;Engine Coolant/Antifreeze,35V50030,01/14/2025,01/14/2030,
US Recycling Inc,141 6th Street,,Brooklyn,NY,11215,Kings,2,7184887576,U.S. Recycling; Inc.,Private,RHRF - greater than 5 tpd - registration,[24R20088],Yes,585234,4503097,4.3 - Utilization of Digital Orthophoto Quads,Commingled Paper;Paperboard/Boxboard,24R20088,08/09/2023,08/08/2028,"141 6th Street
Brooklyn, NY 11215
(40.67423, -73.99147)"
Ticonderoga Transfer Station,336 Vineyard Road,,Ticonderoga,NY,12883,Essex,5,5185857501,Town of Ticonderoga,County,Transfer facility - less than 50 tpd - registration,[16T10016],Yes,624731,4862923,4 - GIS Assisted,MSW (Residential/Institutional & Commercial),16T10016,07/29/2022,07/29/2027,"336 Vineyard Road
Ticonderoga, NY 12883
(43.90771, -73.44736)"
Northern Services,16 Ireland Road,,Hammond,NY,13646,St. Lawrence,6,3154861711,Randy Huot,Private,Storage - septage - registration,[45G06],Yes,446429,4926362,,,,,,"16 Ireland Road
Hammond, NY 13646
(44.48863, -75.67416)"
Hoosick Falls Transfer Station (V),Walnut St,,Hoosick Falls,NY,12090,Rensselaer,4,5186867072,Village of Hoosick Falls,Municipal,Transfer facility - less than 50 tpd - registration,[42T12801],Yes,634330,4753068,3 - Global Positioning System (GPS),Construction & Demolition Debris;Metals (Ferrous & Non-Ferrous);MSW (Residential/Institutional & Commercial);Commingled Recyclables,42T12801,12/19/2024,12/18/2029,
JLB Enterprise Scrap & Recycling,103 Otsquago Club Road,,Minden,NY,13339,Montgomery,4,,James L Bent Jr,Private,VDF - registration,[29V53001],Yes,530093,4755410,1 - No accuracy stated,End of Life Vehicles VDFs,29R33001,02/19/2026,02/18/2031,"103 Otsquago Club Road
Minden, NY 13339
(42.93382, -74.61901)"
Steuben Brewing Co. LLC,10286 Judson Rd,,Hammondsport,NY,14840,Steuben,8,6073323000,Candice Zimar,,Land application - UFPW - registration,[51A30004],Yes,320284,4707815,,Unrecognizable Food Processing Waste,51A30004,02/17/2023,02/17/2028,"10286 Judson Rd
Hammondsport, NY 14840
(42.5016, -77.18757)"
Town of Bristol Transfer Station,3901 County Road 2,,Bloomfield,NY,14424,Ontario,8,5852292400,Town of Bristol,Municipal,Transfer facility - less than 50 tpd - registration,[35T10016],Yes,301965,4745623,4.1 - Address Matching,MSW (Residential/Institutional & Commercial);Construction & Demolition Debris;Single Stream,35T10016,11/04/2025,11/04/2030,"3901 County Road 2
Bloomfield, NY 14424
(42.83765, -77.4241)"
Olive TS (T),580 Beaverkill Road,,Olive,NY,12461,Ulster,3,9146578177,Town of Olive,Municipal,Transfer facility - less than 50 tpd - registration,[56T10012],Yes,566288,4643165,,Waste Oil (Other);MSW (Residential/Institutional & Commercial);Waste Tires;Waste Antifreeze,56T10012,12/16/2025,12/15/2030,"580 Beaverkill Road
Olive, NY 12461
(41.93831, -74.20123)"
Dolomite Products Company; Inc. - Walworth,1200 Atlantic Avenue,,Walworth,NY,14568,Wayne,8,3155243871,Dolomite Products Company; Inc.,Private,CDDHRF - concrete; rock; brick; asphalt pavement or millings - registration,[59C90013],Yes,311603,4782175,4.2 - Utilization of GIS and existing spatial data,Asphalt Millings;Asphalt Pavement;Concrete;Brick,59C90013,03/04/2026,03/03/2031,"1200 Atlantic Avenue
Walworth, NY 14568
(43.16414, -77.31787)"
J Mantovi Excavating Inc dba Mahopac Septic,485 Kennicut Hill Road,,Mahopac,NY,10541,Putnam,3,8456284526,Joseph Mantovi,Private,Transfer facility - permit,[40TP0006],Yes,606155,4580165,,Septage;Sewage Treatment Plant Sludge,3-3720-00094/00005,02/28/2024,02/27/2034,"485 Kennicut Hill Road
Mahopac, NY 10541
(41.36647, -73.73044)"
Newcomb LCD Lf,69 Hudson River Road,,Newcomb,NY,12852,Essex,5,5185823131,Town of Newcomb,Municipal,Landfill - land clearing debris,[16D08],Yes,569531,4868023,,,16D08,,,"69 Hudson River Road
Newcomb, NY 12852
(43.96241, -74.13426)"
Syracusa Sand and Gravel,1389 Malone Road,,Victor,NY,14564,Ontario,8,5859247146,Owner,,C&D processing - registration,[35W09],Yes,299893,4760194,,,35W09,,,"1389 Malone Road
Victor, NY 14564
(42.9678, -77.45365)"
J&B Composting,4052 State Route 4,,Kingsbury,NY,12839,Washington,5,5187962195,Jerry Bombard,Private,Composting - roadkill/mortalities - registration,[58P30017],Yes,620388,4803198,4.1 - Address Matching,Animal Carcasses;Wood/Brush;Yard Trimmings;Grass Clippings;Leaves;Mixture of Leaves and Grass,58P30017,08/15/2023,08/14/2028,"4052 State Route 4
Kingsbury, NY 12839
(43.37163, -73.51632)"
Buffalo Shredding and Recovery; Inc,3175 Lake Shore Road,,Blasdell,NY,14219,Erie,9,7165122991,Metalico; Inc.,Private,Scrap metal processor - registration,[15V30010],Yes,185794,4745901,1.1 - Obtained from original submission and unverified process,End of Life Vehicles VDFs;Scrap Metal - Ferrous ;Scrap Metal - Aluminum ;Scrap Metal - Non-ferrous,15V30010,11/05/2023,11/05/2028,"3175 Lake Shore Road
Blasdell, NY 14219
(42.79911, -78.838)"
CWMNY; Inc. Newark Transfer Station,5076 Route 31,,Palmyra,NY,14513,Wayne,8,3153313889,Kevin C. Wright,Private,Transfer facility - less than 50 tpd - registration,[59T10021],Yes,325839,4767868,4.2 - Utilization of GIS and existing spatial data,Construction & Demolition Debris;MSW (Residential/Institutional & Commercial);Waste Tires;Industrial Scrap Metal;Single Stream;Commingled Containers;Corrugated Cardboard;Commingled Plastics,59T10021,01/22/2026,02/26/2029,"5076 Route 31
Palmyra, NY 14513
(43.04375, -77.13816)"
Krush-It Gravel & Aggregates LLC,2175 Indian Hills Rd,,Erwin,NY,14870,Steuben,8,6073775421,Krush-It Gravel & Aggregates LLC,,CDDHRF - concrete; rock; brick; asphalt pavement or millings - registration,[51C90014],Yes,322265,4663527,4.3 - Utilization of Digital Orthophoto Quads,Asphalt Millings;Asphalt Pavement;Brick;Concrete,51C90014,03/03/2026,08/09/2029,"2175 Indian Hills Rd
Erwin, NY 14870
(42.10431, -77.14553)"
WMNY Review Transfer Station,38-22 Review Avenue,,Long Island City,NY,11101,Queens,2,7187520323,Waste Management of NY; LLC,Private,Transfer station - permit,[41T23],Yes,589812,4509615,,MSW (Residential/Institutional & Commercial);Metals (Ferrous & Non-Ferrous),2-6304-00029/00001,11/03/2017,11/02/2022,"38-22 Review Avenue
Long Island City, NY 11101
(40.73138, -73.93482)"
WM Larned & Sons Inc - 828 Burdeck,828 Burdeck St.,,Rotterdam,NY,12306,Schenectady,4,5183746961,WM Larned & Sons; Inc.,Private,CDDHRF - concrete; rock; brick; asphalt pavement or millings - registration,[47C92802],Yes,581484,4738753,1 - No accuracy stated,Asphalt Millings;Asphalt Pavement;CARB (concrete; asphalt; rock; brick),47C62802,02/14/2025,02/13/2030,"828 Burdeck St.
Rotterdam, NY 12306
(42.79722, -74.00356)"
JMI Stow Site SWMF,3357 Route 394,,North Harmony,NY,14710,Chautauqua,9,7166645108,Jamestown Macadam; Inc.,Private,CDDHRF - uncontaminated unadulterated wood - registration,[07C50066],Yes,135657,4675809,4.2 - Utilization of GIS and existing spatial data,Wood (Unadulterated),07C50066,01/18/2024,12/21/2028,"3357 Route 394
North Harmony, NY 14710
(42.15005, -79.40674)"
Wells TS and RHRF,232 Griffen Road,,Wells,NY,12190,Hamilton,5,5189247912,Town of Wells,Municipal,Transfer facility - less than 50 tpd - registration,[21T10009],Yes,559211,4806968,4 - GIS Assisted,MSW (Residential/Institutional & Commercial);Construction & Demolition Debris,21T10009,07/29/2022,07/29/2027,"232 Griffen Road
Wells, NY 12190
(43.41386, -74.2692)"
Dumbleton Used Auto Parts Inc,7223 Morrow Road,,Pavilion,NY,14525,Wyoming,9,5855843458,Dennis Dumbleton and Sharon West,Private,Scrap metal processor - registration,[61V30011],Yes,254336,4744922,1 - No accuracy stated,Scrap Metal - Ferrous ;Scrap Metal - Non-ferrous ;Scrap Metal - Aluminum,61V30011,08/01/2024,08/01/2029,"7223 Morrow Road
Pavilion, NY 14525
(42.8174, -78.00539)"
Colton Transfer Station,73 Lenney Road,,Colton (T),NY,13625,St. Lawrence,6,3152622731,Town of Colton,Municipal,Transfer facility - source separated recyclables - registration,[45T30010],Yes,505330,4934264,4.1 - Address Matching,Single Stream,45T30010,11/15/2024,11/14/2029,"73 Lenney Road
Colton (T), NY 13625
(44.56159, -74.93215)"
Adirondack Plastics & Paper Recycling; Inc.,453 County Route 45,,Argyle,NY,12809,Washington,5,5186388960,JRMMA; LLC,Private,RHRF - registration,[58R30006],Yes,627592,4793871,,Plastic;Other Non-Ferrous Scrap Metal;Paperboard/Boxboard,58R30006,01/08/2024,01/07/2029,"453 County Route 45
Argyle, NY 12809
(43.28652, -73.42729)"
Moyer's Auto Wrecking,2820 Carton Road,,Holley,NY,14470,Orleans,8,5856598063,Wayne Moyer,Private,Scrap metal processor - registration,[37V30006],Yes,254390,4796333,1 - No accuracy stated,Scrap Metal - Aluminum ;Scrap Metal - Ferrous ;Scrap Metal - Non-ferrous,37V30006,01/03/2020,01/03/2025,"2820 Carton Road
Holley, NY 14470
(43.27972, -78.02657)"
Globalsoft Environmental Inc,837 Buffalo Road,,Rochester,NY,14624,Monroe,8,5854715549,Margaret Antonucci,Private,CDDHRF - concrete; rock; brick; asphalt pavement or millings - registration,[28C90082],Yes,282600,4780810,,CARB (concrete; asphalt; rock; brick),28C90082,02/03/2026,02/03/2031,"837 Buffalo Road
Rochester, NY 14624
(43.14872, -77.67378)"
Clarkie's Auto Salvage,191 Geyser Rd.,,Saratoga Springs,NY,12866,Saratoga,5,5185845376,Thomas Clark,Private,VDF - registration,[46V50011],Yes,594374,4767066,,End of Life Vehicles VDFs,46V50011,01/30/2024,01/29/2029,"191 Geyser Rd.
Saratoga Springs, NY 12866
(43.05023, -73.83981)"
Sterling Recycling Inc,99 Sterling Mine Rd,,Sloatsburg,NY,10974,Rockland,3,8457536666,Sterling Recycling; Inc,Private,CDDHRF - permit,[44CP0001],Yes,566720,4556218,4.3 - Utilization of Digital Orthophoto Quads,Construction & Demolition Debris;Concrete;Metal (Structural);Asphalt;Brick;Paper / Cardboard;Wood (Unadulterated),3-3926-00280/00001,04/03/2023,04/02/2028,"99 Sterling Mine Rd
Sloatsburg, NY 10974
(41.15482, -74.20426)"
Benson Scrap Iron & Metal Corp,543 Smith Street,,Brooklyn,NY,11231,Kings,2,7187227754,Benson Metal Corp.,,Scrap metal processor - registration,[24V30212],Yes,584656,4502959,4.2 - Utilization of GIS and existing spatial data,Scrap Metal - Ferrous ;Scrap Metal - Non-ferrous,24V30212,03/02/2020,03/01/2025,"543 Smith Street
Brooklyn, NY 11231
(40.67335, -73.99844)"
Kubis Auto Parts,172 N. Division Street,,Auburn,NY,13201,Cayuga,7,3152534400,Craig S. Gallace,Private,Motor vehicle repair shop - registration,[06V50015],Yes,370666,4756020,,End of Life Vehicles VDFs,06V50015,04/26/2022,04/26/2027,"172 N. Division Street
Auburn, NY 13201
(42.94435, -76.5857)"
Constantia Center Mine aka Panther Lake,806 County Road 17,,Contantia Center,NY,13028,Oswego,7,3154335115,Syracuse Sand & Gravel; LLC,Private,Mulch processing - registration,[38M10037],Yes,425731,4793377,,Tree Debris;Wood (Chips),38M10037,02/10/2026,10/28/2030,"806 County Road 17
Contantia Center, NY 13028
(43.2904, -75.91674)"
Yonkers Transfer Station,735 Saw Mill River Road,,Yonkers,NY,10710,Westchester,3,9143776723,City of Yonkers,Municipal,Transfer facility - less than 50 tpd - registration,[60T10013],Yes,595038,4534970,,Yard Trimmings;MSW (Residential/Institutional & Commercial);Commingled Recyclables;Food Scraps,60T10013,09/06/2024,09/05/2028,"735 Saw Mill River Road
Yonkers, NY 10710
(40.96078, -73.87038)"
Roberts Asphalt Company,1981 Montauk Highway,,Brookhaven,NY,11719,Suffolk,1,6314751906,Joann Tew,Private,CDDHRF - concrete; rock; brick; asphalt pavement or millings - registration,[52C90438],Yes,674554,4516061,1 - No accuracy stated,Asphalt Pavement;Concrete,438,03/19/2026,,"1981 Montauk Highway
Brookhaven, NY 11719
(40.77682, -72.93171)"
Empire Recycling-Confidata,64 N. Genesee Street,,Utica (C),NY,13502,Oneida,6,3157247161,Empire Recycling Corp.,Private,Scrap metal processor - registration,[33V30004],Yes,481950,4772674,1.1 - Obtained from original submission and unverified process,Stainless Steel;Scrap Metal - Aluminum ;Scrap Metal - Ferrous ;Scrap Metal - Non-ferrous ;Lead-acid Batteries,33V30004,05/02/2023,05/01/2028,"64 N. Genesee Street
Utica (C), NY 13502
(43.10687, -75.22163)"
Delaware County SWMF,32230 NYS Route 10,,Walton,NY,13856,Delaware,4,6077462128,Delaware County,County,Composting - biosolids/other - permit,[13PP5601],Yes,495542,4667569,1.1 - Obtained from original submission and unverified process,,4-1256-00008/00011,10/13/2023,10/12/2028,"32230 NYS Route 10
Walton, NY 13856
(42.16169, -75.04848)"
Schreiber Farm,77 Johnny Cake Lane,,Greenville,NY,12083,Greene,4,5189665218,Schreiber Farm LLC,,Transfer facility - septage - registration,[20T23201],Yes,740234,422400,1 - No accuracy stated,Septage,20T23201,03/24/2025,03/23/2030,"77 Johnny Cake Lane
Greenville, NY 12083
(42.40611, -74.04031)"
Twin Village Recycling,4153 Broadway,,Depew,NY,14043,Erie,9,7166835373,Twin Village Recycling; Inc.,Private,Scrap metal processor - registration,[15V30044],Yes,196209,4756818,1 - No accuracy stated,Scrap Metal - Non-ferrous ;Scrap Metal - Ferrous,15V30044,10/28/2024,10/28/2029,"4153 Broadway
Depew, NY 14043
(42.90419, -78.72032)"
One World Recycling LLC,685 North Queens Avenue,,Lindenhurst,NY,11757,Suffolk,1,6318880600,One World Recycling; LLC,Private,CDDHRF - permit,[52CP0363],Yes,637892,4507314,4.3 - Utilization of Digital Orthophoto Quads,Construction & Demolition Debris;Concrete;Emergency Authorization Waste (Storm Debris);Tree Debris;Metals (Ferrous);Metals (Non-Ferrous),1-4720-01004/00006,10/12/2021,10/11/2026,"685 North Queens Avenue
Lindenhurst, NY 11757
(40.70527, -73.36756)"
Insurance Auto Auctions; Corp,66 Peconic Ave,,Medford,NY,11763,Suffolk,1,6312073477,Insurance Auto Auctions; Corp,Private,VDF - registration,[52V50410],Yes,670923,4520435,,End of Life Vehicles VDFs,52-0410,01/22/2024,01/22/2029,"66 Peconic Ave
Medford, NY 11763
(40.81662, -72.97383)"
Count and Crush(NY) LLC,Building 202 3rd St; Glenville Business And Tech Park,,Scotia,NY,12302,Schenectady,4,5184108551,Count & Crush (NY) LLC dba CLYNK,Private,RHRF - registration,[47R32201],Yes,582686,4743634,,Clear Glass;PET;Container Glass;Other Aluminum Scrap Metal,47R32201,02/14/2024,04/01/2029,
Fort Edward MRF (Waste Mgmt),12 Wing Street,,Fort Edward,NY,12828,Washington,5,5187474496,Waste Management of NY LLC,Private,RHRF - permit,[58RP0026],Yes,615164,4791871,4.3 - Utilization of Digital Orthophoto Quads,Paper/Cardboard;Source Separated Recyclables (Metal/Glass/Paper/Plastic);Metals (Aluminum);Newspaper,5-5330-00013/00004,03/28/2024,03/27/2034,"12 Wing Street
Fort Edward, NY 12828
(43.271, -73.58069)"
High Peaks Sand & Gravel LLC,617 Route 28N,,Chester,NY,12853,Warren,5,2039944686,Robert Zaloski,Private,CDDHRF - asphalt roofing shingles - registration,[57C30028],Yes,583298,4842639,,Asphalt Roofing Shingle,57C30028,02/29/2024,02/28/2029,"617 Route 28N
Chester, NY 12853
(43.732, -73.96483)"
Jaynes Used Auto Parts,4111 Rte 14A,,Reading Center,NY,14876,Schuyler,8,6075352883,John N. Payne,Private,Motor vehicle repair shop - registration,[49V40004],Yes,340977,4699574,,Refrigerant;Diesel Fuel;Used Oil;Gasoline;Engine Coolant/Antifreeze;Window Washing Fluid;Mercury Switches;Lead-acid Batteries;Waste Tire;End of Life Vehicles VDFs,49V40004,06/19/2019,06/19/2024,"4111 Rte 14A
Reading Center, NY 14876
(42.43246, -76.93329)"
Bolton Transfer Station,107 Finkle Road,PO Box 698,Bolton Landing,NY,12814,Warren,5,5186442973,Town of Bolton,Municipal,Transfer facility - less than 50 tpd - registration,[57T10002],Yes,606784,4825414,,Construction & Demolition Debris;MSW (Residential/Institutional & Commercial);Tree Debris;White Goods;Metals (Ferrous & Non-Ferrous);Waste Tires,57T10002,11/02/2023,11/01/2028,"107 Finkle Road
Bolton Landing, NY 12814
(43.57372, -73.67746)"
PM Mobile Service Co Inc,944 U S Route 11,,Central Square,NY,13036,Oswego,7,3156687565,Mark Hann,Private,VDF - registration,[38V50027],Yes,406531,4795312,,End of Life Vehicles VDFs,38V50027,09/17/2019,09/16/2024,"944 U S Route 11
Central Square, NY 13036
(43.30479, -76.1522)"
DSNY North Shore Household Special Waste Drop-Off Facility,120-15 31st Avenue,,College Point,NY,11354,Queens,2,2124374668,NYC Dept of Sanitation,Municipal,Transfer station - registration,[41RC0],Yes,597262,4513987,1 - No accuracy stated,Waste Oil (Other);Waste Tires,41RC0,02/21/2017,,"120-15 31st Avenue
College Point, NY 11354
(40.78416, -73.847)"
Oneida-Herkimer Solid Waste Authority - Leland Ave. Ext.,80 Leland Avenue,,Utica,NY,13502,Oneida,6,3157380417,Oneida Herkimer SWA,Municipal,Transfer facility - permit,[33TP0002],Yes,484432,4772023,4.2.1 - Utilization of GIS and Facility Mapping System,Animal Carcasses;Bypass Waste (Unprocessible/Processible) ;Construction & Demolition Debris;MSW (Residential/Institutional & Commercial),6-3016-00084/00005,10/22/2018,12/31/2022,"80 Leland Avenue
Utica, NY 13502
(43.10685, -75.21213)"
Custom Compost Yard Waste Compost facility,168 Milton Turnpike,,Milton,NY,12547,Ulster,3,8457955044,John Moriarty,,Mulch processing - registration,[56M10001],Yes,584910,4613309,,Tree Debris,56M10001,03/20/2019,03/19/2024,"168 Milton Turnpike
Milton, NY 12547
(41.66525, -73.97314)"
Erwin Transfer & Recycling Facility,622 S. Hamilton Street,,Painted Post,NY,14870,Steuben,8,6076642460,Steuben County DPW,County,RHRF - greater than 5 tpd - registration,[51R10003],Yes,324661,4666800,1 - No accuracy stated,Commingled Containers;Commingled Paper;Container Glass;Electronics,51R10003,07/27/2023,07/27/2028,"622 S. Hamilton Street
Painted Post, NY 14870
(42.14235, -77.11605)"
Andrews Property,Clapp Hill Road,,Union Vale,NY,12540,Dutchess,3,,Bonavenia Enterprises LLC,Private,Landfill reclamation - registration,[14L0001],Yes,605504,4611650,1 - No accuracy stated,MSW (Residential/Institutional & Commercial),14L0001,01/31/2025,01/31/2028,
Lovett Coal Ash Landfill,Hudson River,,Tompkins Cove,NY,10965,Rockland,3,8457868299,Tomkins CAMF; LLC,Private,Landfill reclamation - registration,[44L0001],Yes,585335,4567485,1 - No accuracy stated,Ash (Coal),44L0001,06/12/2024,06/12/2026,
Rensselaer Yard,160 American Oil Rd,,East Greenbush,NY,12061,Rensselaer,4,5184650310,Capital Region Materials; LLC,,CDDHRF - uncontaminated soil sand gravel rock - registration,[42C62402],Yes,602243,4717514,3 - Global Positioning System (GPS),Soil (Clean);Sand;Gravel;Rock,42C62402,03/16/2026,03/15/2031,"160 American Oil Rd
East Greenbush, NY 12061
(42.6045, -73.75439)"
Metalico Jamestown,5338 NY Route 474,,Ashville,NY,14710,Chautauqua,9,7167822135,Metalico Bradford; Inc.,Private,Scrap metal processor - registration,[07V30046],Yes,135262,4668250,1 - No accuracy stated,Scrap Metal - Ferrous ;Scrap Metal - Non-ferrous,07V30046,06/24/2024,06/24/2029,"5338 NY Route 474
Ashville, NY 14710
(42.0814, -79.40975)"
Starks Gravel Pit,141 Briggs Road,,Westville,NY,12926,Franklin,5,5183582831,Judith Stark,Private,CDDHRF - uncontaminated soil sand gravel rock - registration,[17C60014],Yes,547727,4981622,1 - No accuracy stated,Soil (Clean);Sand;Gravel,17C60014,04/21/2023,04/21/2028,"141 Briggs Road
Westville, NY 12926
(44.98702, -74.38856)"
Wilna Transfer Station,40807 Avery Road County Route 40,,Carthage,NY,13619,Jefferson,6,3154931471,Town of Wilna,Municipal,Transfer facility - less than 50 tpd - registration,[23T10003],Yes,455131,4875864,4.2 - Utilization of GIS and existing spatial data,MSW (Residential/Institutional & Commercial);Metals (Ferrous & Non-Ferrous);Construction & Demolition Debris,23T10003,11/28/2023,11/27/2028,"40807 Avery Road County Route 40
Carthage, NY 13619
(44.0307, -75.55923)"
Blostein Blvd Mulch Facility,715 Blostein Blvd,,Horseheads,NY,14845,Chemung,8,6077393896,Village of Horseheads,Municipal,Mulch processing - registration,[08M10002],Yes,348884,4668283,1 - No accuracy stated,Tree Debris,08M10002,10/04/2023,10/04/2028,"715 Blostein Blvd
Horseheads, NY 14845
(42.15333, -76.82688)"
CD Man LLC Transfer Station,101 Raft Street,,Albany,NY,12202,Albany,4,5184342747,William Biers,Private,C&D processing - permit,[01W09],Yes,601579,4719645,4.2.1 - Utilization of GIS and Facility Mapping System,,4-0101-00473/00001,10/31/2014,10/30/2024,"101 Raft Street
Albany, NY 12202
(42.62216, -73.76147)"
Rochester Silver Works; LLC,Eastman Kodak Company; 1669 Lake Avenue,,Rochester,NY,14615,Monroe,8,5857431000,Rochester Silver Works; LLC,Private,Research Development & Demonstration - registration,[28Z10067],Yes,284986,4786522,4.3 - Utilization of Digital Orthophoto Quads,Plastic,28Z10067,03/28/2025,03/27/2026,
Wright TS (T),105A School Street,,Schoharie,NY,12157,Schoharie,4,5188729726,Town of Wright,Municipal,Transfer facility - less than 50 tpd - registration,[48T15001],Yes,562606,4723509,1 - No accuracy stated,MSW (Residential/Institutional & Commercial);Commingled Paper & Containers;Waste Tires,48T15001,08/18/2023,08/17/2028,"105A School Street
Schoharie, NY 12157
(42.66182, -74.23586)"
Greece (T) Transfer Station,635 Flynn Road,,Greece,NY,14612,Monroe,8,5857232376,Town of Greece,Municipal,Composting - roadkill/mortalities - registration,[28P30029],Yes,279500,4795900,4.2 - Utilization of GIS and existing spatial data,Animal Carcasses,28P30029,08/01/2022,07/31/2027,"635 Flynn Road
Greece, NY 14612
(43.28464, -77.71463)"
Otsego Auto Crushers LLC,5057 State Highway 12,,Norwich,NY,13815,Chenango,7,6073733487,Wayne D. Hymers; Sr,Private,VDF - registration,[09V50016],Yes,455247,4702848,4.1 - Address Matching,End of Life Vehicles VDFs,09V50016,05/17/2023,06/26/2028,"5057 State Highway 12
Norwich, NY 13815
(42.4767, -75.54386)"
Stericycle Inc - Dunkirk,3472 Progress Drive,,Dunkirk,NY,14048,Chautauqua,9,7163664444,Stericycle Inc,Private,RMW - permit,[07JP0024],Yes,147684,4713894,4.2.1 - Utilization of GIS and Facility Mapping System,Regulated Medical Waste;Sharps;Pharmaceutical Waste,9-0664-00019/00012,11/05/2025,11/04/2035,"3472 Progress Drive
Dunkirk, NY 14048
(42.49712, -79.28666)"
Daniels Sharpsmart Inc,156 Ames Street,,Rochester,NY,14611,Monroe,8,,Daniels Sharpsmart; Inc.,Private,RMW - permit,[28JP0032],Yes,285039,4781290,4.2 - Utilization of GIS and existing spatial data,,8-2614-00120/00004,04/29/2024,11/14/2026,"156 Ames Street
Rochester, NY 14611
(43.15378, -77.64394)"
Inlet Land Clearing Debris Landfill,65 Limekiln Lake Road,,Inlet,NY,13360,Hamilton,5,3153574541,Town of Inlet,Municipal,Landfill - land clearing debris,[21D01],Yes,517198,4842344,1 - No accuracy stated,,21D01,,,"65 Limekiln Lake Road
Inlet, NY 13360
(43.73532, -74.7863)"
Kinsella Barrett Plant,4800 Solvay Road Ext.,,Jamesville,NY,13078,Onondaga,7,3153780657,Heidelberg Materials Northeast NY; LLC,Private,CDDHRF - concrete rock brick - registration,[34C10033],Yes,412430,4761773,,Brick;Concrete,34C10033,06/05/2023,06/04/2028,"4800 Solvay Road Ext.
Jamesville, NY 13078
(43.00199, -76.07275)"
Contento Recycling LLC,119-1/2 Pendleton Street,,Cortland,NY,13045,Cortland,7,6077538136,Gerald Contento,Private,VDF - registration,[12V50010],Yes,403973,4716623,4 - GIS Assisted,End of Life Vehicles VDFs,12V50010,04/19/2023,05/04/2028,"119-1/2 Pendleton Street
Cortland, NY 13045
(42.60413, -76.17237)"
Road Side Sand Pit,Maloney Road,,Johnstown,NY,12095,Fulton,5,,Eric Pareene,,CDDHRF - concrete; rock; brick; asphalt pavement or millings - registration,[18C90012],Yes,556656,4762710,,Concrete;Brick;Asphalt Pavement;Asphalt Millings,18C90012,02/07/2024,02/06/2029,
Rason Asphalt - Melville,136 Spagnoli Road,,Melville,NY,11747,Suffolk,1,6312936210,Nassau Asphalt Supply Corp.,Private,C&D processing - registration,[52W24R],Yes,632199,4513590,4.3 - Utilization of Digital Orthophoto Quads,Asphalt,52W24R,08/28/2000,,"136 Spagnoli Road
Melville, NY 11747
(40.76277, -73.43423)"
Cardinal Disposal,635 Shannon Corners Road,,Dundee,NY,14837,Yates,8,6072437568,Joseph E. Gibson,Private,Transfer facility - less than 50 tpd - registration,[62T10003],Yes,339897,4712053,4.3 - Utilization of Digital Orthophoto Quads,MSW (Residential/Institutional & Commercial);Single Stream;Corrugated Cardboard,62T10003,11/26/2025,11/25/2030,"635 Shannon Corners Road
Dundee, NY 14837
(42.54451, -76.94979)"
McNeilly Wood Products Inc,120 Neelytown Road,,Campbell Hall,NY,10916,Orange,3,8454579651,McNeilly Wood Products,Private,C&D processing - registration,[36W05],Yes,562713,4591475,,Metals (Ferrous);Metals (Non-Ferrous);Paper / Cardboard;Wood (Unadulterated),36W05,,,"120 Neelytown Road
Campbell Hall, NY 10916
(41.47316, -74.2498)"
Germantown Convenience Station,Palatine Road,,Germantown,NY,12526,Columbia,4,5185375641,Columbia County,County,Transfer station - registration,[11R36],Yes,592089,4665468,,MSW (Residential/Institutional & Commercial);Single Stream,11R36,,,
Waddingham Stock Area,26719 Waddingham Rd.,,Evans Mills,NY,13637,Jefferson,6,,Rusty VanTassel,Private,CDDHRF - uncontaminated soil sand gravel rock - registration,[23C60006],Yes,432895,4879456,4.1 - Address Matching,Soil (Clean);Sand;Gravel;Rock,23C60006,04/14/2025,04/13/2030,"26719 Waddingham Rd.
Evans Mills, NY 13637
(44.06485, -75.83775)"
Newton Ag Services LLC,1638 Wilcox Road,,Georgetown,NY,13072,Madison,7,3153998734,Zachary Newton,Private,Land application - Third Party CAFO Applier - registration,[27A60028],Yes,0,0,4.1 - Address Matching,Manure,27A60028,03/13/2025,03/12/2030,"1638 Wilcox Road
Georgetown, NY 13072
(42.80461, -75.80365)"
Windham TS,105 Mitchell Hollow Road,,Windham,NY,12496,Greene,4,5187345842,Greene County,County,Transfer facility - less than 50 tpd - registration,[20T14601],Yes,561959,4684906,,MSW (Residential/Institutional & Commercial);Construction & Demolition Debris,20T14601,04/03/2024,04/02/2029,"105 Mitchell Hollow Road
Windham, NY 12496
(42.3151, -74.24765)"
Taylor Solid Waste Facility,5730 State Route 434,,Apalachin,NY,13732,Tioga,7,6072580339,Casella Waste Management; Inc.,Private,RHRF - permit,[54M08],Yes,403589,4659715,1 - No accuracy stated,Commingled Containers;Paperboard/Boxboard;Commingled Paper;Source Separated Recyclables (Metal/Glass/Paper/Plastic);Office Paper;Glass;Metals (Ferrous);Metals (Non-Ferrous);Plastics,7-4930-00252/00001,07/22/2025,07/21/2035,"5730 State Route 434
Apalachin, NY 13732
(42.08379, -76.16302)"
City of Niagara Falls Corporation Yard,1785 New Road,,Niagara Falls,NY,14304,Niagara,9,7162864840,City of Niagara Falls,Municipal,Transfer facility - less than 50 tpd - registration,[32T10015],Yes,174122,4780292,4.2.1 - Utilization of GIS and Facility Mapping System,Street Sweepings;Other - Non-putrescible MSW;Construction & Demolition Debris;Waste Tires;Other - Mattresses;Single Stream;Electronics;Corrugated Cardboard,32T10015,04/09/2024,04/09/2029,"1785 New Road
Niagara Falls, NY 14304
(43.10511, -79.00631)"
Tower Mountain Salvage,2243 Fire Tower Road,,Erieville,NY,13061,Madison,7,3156627432,John W. Miner; Jr.,Private,VDF - small - registration,[27V20021],Yes,438369,4741658,,End of Life Vehicles VDFs,27V20021,08/23/2023,08/22/2028,"2243 Fire Tower Road
Erieville, NY 13061
(42.8256, -75.75246)"
Chapel Auto Wrecking Inc.,36 Chapel Avenue,,Patchogue,NY,11772,Suffolk,1,6314750604,Chapel Auto Wrecking Inc,Private,VDF - registration,[52V50270],Yes,669397,4514696,,End of Life Vehicles VDFs,52-0270,10/16/2024,10/15/2029,"36 Chapel Avenue
Patchogue, NY 11772
(40.76568, -72.99251)"
Union Vale Transfer Station,2006 Route 55,,Union Vale,NY,12540,Dutchess,3,8452248972,Town of Union Vale,Municipal,Transfer facility - less than 50 tpd - registration,[14T10005],Yes,605961,4611564,,Construction & Demolition Debris;MSW (Residential/Institutional & Commercial);Commingled Paper & Containers;Glass;Metals (Ferrous & Non-Ferrous);Commingled Plastics;Electronics;Waste Oil (Other),14T10005,02/06/2019,02/05/2024,"2006 Route 55
Union Vale, NY 12540
(41.64816, -73.72706)"
Northumberland SW & Recycling Station,392 Peters Road,,Northumberland,NY,12831,Saratoga,5,5187929179,Town of Northumberland,Municipal,Transfer facility - less than 50 tpd - registration,[46T10017],Yes,612859,4782542,1 - No accuracy stated,MSW (Residential/Institutional & Commercial);Metals (Ferrous & Non-Ferrous);Single Stream;Commingled Paper,46T10017,05/09/2024,05/08/2029,"392 Peters Road
Northumberland, NY 12831
(43.19092, -73.58816)"
Pulcini Contracting Inc,1114 Vienna Rd.,,Palmyra,NY,14522,Wayne,8,3155733573,Brian Pulcini,Private,Land application - septage - registration,[59A41005],Yes,321410,4768816,1 - No accuracy stated,Septage,59A41005,,,"1114 Vienna Rd.
Palmyra, NY 14522
(43.05074, -77.1927)"
Perkins Recycling Corp.,299 Lower Warren Street,,Queensbury,NY,12804,Warren,5,5187984041,Robert Perkins Jr.,Private,RHRF - greater than 5 tpd - registration,[57R20020],Yes,613129,4796184,,Plastic;Paperboard/Boxboard;Pulpable Fiber (paper),57R20020,11/10/2021,11/09/2026,"299 Lower Warren Street
Queensbury, NY 12804
(43.31065, -73.62022)"
Sunshine Auto,500 Mabie Lane,,Rotterdam,NY,12306,Schenectady,4,5188872330,Richard Tauzel,Private,VDF - registration,[47V52801],Yes,578783,4745915,,End of Life Vehicles VDFs,47V52801,06/11/2025,06/10/2030,"500 Mabie Lane
Rotterdam, NY 12306
(42.85835, -74.03192)"
Genesee Soil Recycling,6125 Genesee Street,,Lancaster,NY,14086,Erie,9,7166956720,Genesee Soil Recycling,Private,Composting - yard trimmings - registration,[15P10101],Yes,205083,4760946,4 - GIS Assisted,Mixture of Leaves and Grass;Wood/Brush,15P10101,06/01/2023,06/01/2028,"6125 Genesee Street
Lancaster, NY 14086
(42.94401, -78.61488)"
Berlin (T) Transfer Station,28 Dale Road,,Berlin,NY,12022,Rensselaer,4,5186582161,Town of Berlin,Municipal,Transfer facility - source separated recyclables - registration,[42T32001],Yes,633033,4729876,,Commingled Containers;Commingled Paper;Commingled Plastics;Container Glass;Electronics;Enameled Appliances / White Goods,42T32001,01/07/2026,01/06/2031,"28 Dale Road
Berlin, NY 12022
(42.70934, -73.37633)"
Jackson Demolition Service Inc,2754 Aqueduct Road,,Schenectady,NY,12309,Schenectady,4,5183743366,Alexander M. Jackson,Private,C&D processing - registration,[47W01],Yes,589858,4744202,4.3 - Utilization of Digital Orthophoto Quads,Concrete;Brick,47W01R,03/19/2002,,"2754 Aqueduct Road
Schenectady, NY 12309
(42.84512, -73.89996)"
Modern Landfill; Inc.,1445 Pletcher Road,,Model City,NY,14107,Niagara,9,7167548226,Modern Corporation,Private,Transfer facility - source separated recyclables - registration,[32T30010],Yes,176752,4791872,4.2 - Utilization of GIS and existing spatial data,Single Stream;Paperboard/Boxboard,32T30010,01/09/2024,01/09/2029,"1445 Pletcher Road
Model City, NY 14107
(43.20882, -78.98108)"
Superior Disposal TS,1180 Elmira Road,,Newfield,NY,14867,Tompkins,7,6072773000,Casella Waste Management NY,Private,Transfer facility - permit,[55TP0011],Yes,371400,4694500,4.2 - Utilization of GIS and existing spatial data,MSW (Residential/Institutional & Commercial);Construction & Demolition Debris;Waste Tires,7-5034-00036/00002,10/23/2014,11/30/2024,"1180 Elmira Road
Newfield, NY 14867
(42.39111, -76.56213)"
Malone Transfer Station,326 Brand Road,,Malone,NY,12953,Franklin,5,5184816129,CFSWMA,Municipal,RHRF - registration,[17R30010],Yes,554634,4969377,4 - GIS Assisted,Container Glass;Mixed Commercial;Plastic;Metals (Ferrous);Metals (Non-Ferrous),17R10010,07/29/2022,07/29/2027,"326 Brand Road
Malone, NY 12953
(44.87618, -74.30862)"
Lan-Co Companies; Inc.,7330 Eastman Road,,North Syracuse,NY,13212,Onondaga,7,3154520568,Lan-Co Companies; Inc.,Private,CDDHRF - concrete; rock; brick; asphalt pavement or millings - registration,[34C90035],Yes,412153,4776840,3.6 - Unknown type,Soil (Clean);Asphalt Pavement;Concrete,34C90035,07/18/2024,07/18/2029,"7330 Eastman Road
North Syracuse, NY 13212
(43.13954, -76.08002)"
New York Truck Parts Inc,12 O'Gorman Road,,Wurtsboro,NY,12790,Sullivan,3,8458888088,Gary Mann,Private,VDF - registration,[53V50004],Yes,540028,4599265,,End of Life Vehicles VDFs,53V50004,06/19/2019,06/18/2023,"12 O'Gorman Road
Wurtsboro, NY 12790
(41.54367, -74.52069)"
Harpersfield TS,25399 NYS Route 23,,Harpersfield,NY,13786,Delaware,4,6076527909,Town of Harpersfield,Municipal,Transfer facility - less than 50 tpd - registration,[13T13801],Yes,526313,4698433,,MSW (Residential/Institutional & Commercial);Construction & Demolition Debris,13r39,,,"25399 NYS Route 23
Harpersfield, NY 13786
(42.4372, -74.68035)"
Yellow Trading LTD,40 Zorn Blvd,,Yaphank,NY,11980,Suffolk,1,6313959888,David Parisi,Private,Used cooking oil & yellow grease processing - permit,[52UP0275],Yes,673669,4519849,,Used Cooking Oil;Grease Trap Waste,1-4722-04503/00002,06/07/2019,06/06/2024,"40 Zorn Blvd
Yaphank, NY 11980
(40.81126, -72.94047)"
Gothard Auto Wrecking,7264 Akron Road,,Lockport,NY,14094,Niagara,9,7164399037,Steven Gothard,Private,VDF - registration,[32V50042],Yes,204458,4783141,1 - No accuracy stated,,32V50042,05/22/2025,05/22/2030,"7264 Akron Road
Lockport, NY 14094
(43.1436, -78.63417)"
Hounsfield Transfer Station,14755 Fawdrey Road,,Sackets Harbor,NY,13685,Jefferson,6,3157826380,Town of Hounsfield,Municipal,Transfer facility - source separated recyclables - registration,[23T30032],Yes,409454,4866546,4.1 - Address Matching,Metals (Ferrous & Non-Ferrous);Commingled Containers;Commingled Paper;Container Glass;Paperboard/Boxboard;Commingled Plastics,23T30032,11/21/2024,11/20/2029,"14755 Fawdrey Road
Sackets Harbor, NY 13685
(43.91533, -76.07544)"
Cousins Metal Industries; Inc.,460 Brown Court,,Oceanside,NY,11572,Nassau,1,5165367755,Cousins Metal Industries; Inc.,Private,Scrap metal processor - registration,[30V30169],Yes,613893,4497982,1 - No accuracy stated,Cast Iron;Scrap Metal - Ferrous ;Scrap Metal - Non-ferrous ;Steel,30V30169,09/24/2025,09/23/2029,"460 Brown Court
Oceanside, NY 11572
(40.62462, -73.65356)"
Mohawk Valley Materials Inc. - 6805 Martin St.,6805 Martin Street,,Rome,NY,13440,Oneida,6,3152716216,Joseph Rutkowski,Private,C&D processing - registration,[33W07],Yes,464387,4782756,,,,,,"6805 Martin Street
Rome, NY 13440
(43.1958, -75.43882)"
Kach's Auto Service,4800 Witmer Road,,Niagara Falls,NY,14305,Niagara,9,7162823455,William L. Kachinoski,Private,VDF - registration,[32V50020],Yes,172105,4782709,1 - No accuracy stated,End of Life Vehicles VDFs,32V40020,10/07/2019,10/07/2024,"4800 Witmer Road
Niagara Falls, NY 14305
(43.13003, -79.00773)"
Tamarack Compost,5898 State Route 40,,Argyle,NY,12809,Washington,5,5188121940,Daniel Sill,,Composting - roadkill/mortalities - registration,[58P30016],Yes,625433,4794691,,Animal Carcasses,58P30016,07/30/2024,07/29/2029,"5898 State Route 40
Argyle, NY 12809
(43.29467, -73.45385)"
The Auto Undertakers,263 Woodward Rd,,Nassau,NY,12123,Rensselaer,4,5187665865,The Auto Undertakers,,VDF - registration,[42V53001],Yes,610937,4704601,3 - Global Positioning System (GPS),Decommissioned ELVs SMPs,42V53001,03/12/2025,03/11/2030,"263 Woodward Rd
Nassau, NY 12123
(42.48673, -73.64891)"
East Northport Landfill,101 Town Line Rd,,East Northport,NY,11731,Suffolk,1,6313513187,Town of Huntington,Municipal,Transfer facility - less than 50 tpd - registration,[52T10353],Yes,644261,4527112,4.3 - Utilization of Digital Orthophoto Quads,Yard Trimmings,52T10353,07/01/2021,07/01/2026,"101 Town Line Rd
East Northport, NY 11731
(40.88158, -73.28755)"
S. St. George Enterprises; Inc.,3624 Webster Road,,Fredonia,NY,14063,Chautauqua,9,7166722488,S. St. George Enterprises; Inc.,Private,Composting - yard trimmings - registration,[07P10060],Yes,146452,4705925,4.2 - Utilization of GIS and existing spatial data,Yard Trimmings;Grass Clippings,07P10060,09/07/2021,09/07/2026,"3624 Webster Road
Fredonia, NY 14063
(42.42168, -79.29963)"
St. Lawrence County Massena Transfer Station,49 Dump Road,,Massena,NY,13662,St. Lawrence,6,3157647312,St. Lawrence County,County,RHRF - registration,[45R30019],Yes,509550,4971516,4.1 - Address Matching,Other Aluminum Scrap Metal;Other Ferrous Scrap Metal;Other Non-Ferrous Scrap Metal;Textiles;Electronics;Single Stream,6-4058-00075/00004,11/08/2022,11/03/2027,"49 Dump Road
Massena, NY 13662
(44.8956, -74.87867)"
Wills Wrecker,24913 Allen Road,,Lafargeville,NY,13656,Jefferson,6,3154825859,Thomas P. Wills,Private,VDF - registration,[23V50020],Yes,430208,4904200,4.1 - Address Matching,End of Life Vehicles VDFs,23V50020,11/21/2024,11/20/2029,"24913 Allen Road
Lafargeville, NY 13656
(44.28778, -75.87441)"
Post Bros Auto Parts Inc - Site A,8006 Route 9W,,Catskill,NY,12414,Greene,4,5189434800,Post Brothers Auto Parts; Inc.,Private,VDF - registration,[20V52602],Yes,593570,4676001,,End of Life Vehicles VDFs,20V52602,01/22/2026,01/21/2031,"8006 Route 9W
Catskill, NY 12414
(42.23774, -73.86701)"
Winters Bros Waste Systems LI LLC - 19 Nancy Babylon,19 Nancy Street,,West Babylon,NY,11704,Suffolk,1,6314917270,Winters Bros Waste Systems LI; LLC,Private,RHRF - permit,[52RP0407],Yes,637300,4510700,,,1-4720-00634/00007,11/14/2025,11/13/2030,"19 Nancy Street
West Babylon, NY 11704
(40.73604, -73.37397)"
Rock Cut Road Transfer Station,5808 Rock Cut Road,,Jamesville,NY,13078,Onondaga,7,3154532866,Onondaga County RRA,County,Transfer facility - permit,[34TP0057],Yes,409130,4761872,4.2 - Utilization of GIS and existing spatial data,Commingled Paper & Containers;MSW (Residential/Institutional & Commercial);Corrugated Cardboard;Metals (Ferrous & Non-Ferrous);Waste Tires,7-3142-00036/00003,11/08/2018,03/02/2024,"5808 Rock Cut Road
Jamesville, NY 13078
(43.0041, -76.11437)"
Somerset Operating Station,7725 Lake Road,,Somerset,NY,14012-9600,Niagara,9,7167959501,AES Somerset LLC,Private,Landfill - industrial waste monofill - permit,[32N34],Yes,208545,4806299,,,,,,"7725 Lake Road
Somerset, NY 14012-9600
(43.34901, -78.61461)"
Route 20 Auto Parts; Inc.,10216 Southwestern Boulevard,,Angola,NY,14006,Erie,9,7165499000,Ironyard Properties LLC,Private,VDF - registration,[15V50046],Yes,168399,4724665,1 - No accuracy stated,End of Life Vehicles VDFs,15V50046,01/21/2026,01/21/2031,"10216 Southwestern Boulevard
Angola, NY 14006
(42.6031, -79.04126)"
North Hempstead Transfer Station,999 West Shore Rd.,,Port Washington,NY,11050,Nassau,1,5167674634,Town of North Hempstead,Municipal,Transfer facility - permit,[30TP0121],Yes,613233,4519923,4.2 - Utilization of GIS and existing spatial data,Construction & Demolition Debris;Yard Waste;MSW (Residential/Institutional & Commercial);Street Sweepings;Commingled Paper & Containers;Tree Debris;Metals (Ferrous & Non-Ferrous);Corrugated Cardboard;Newspaper;Electronics;Food Scraps,1-2822-00466/00003,01/14/2021,01/13/2026,"999 West Shore Rd.
Port Washington, NY 11050
(40.80883, -73.6543)"
Richmondville Shop,145 Podpadic Road,,Richmondville,NY,12149,Schoharie,4,5182949964,Lancaster Development; Inc.,Private,CDDHRF - uncontaminated soil sand gravel rock - registration,[48C64004],Yes,537934,4721679,4.1 - Address Matching,Soil (Clean);Sand;Gravel;Rock,48C94004,09/01/2023,08/31/2028,"145 Podpadic Road
Richmondville, NY 12149
(42.6476, -74.53695)"
Reworld Solutions LLC,8335 Quarry Road,,Niagara,NY,14304,Niagara,9,7162985297,Reworld Solutions LLC,Private,Transfer facility - permit,[32TP0014],Yes,177133,4782233,4.2 - Utilization of GIS and existing spatial data,Industrial,9-2930-00012/00002,02/25/2025,02/24/2035,"8335 Quarry Road
Niagara, NY 14304
(43.12428, -78.96898)"
Ray's Auto Service,17 East Clinton Street,,Binghamton,NY,13904,Broome,7,6077223000,Raymond Juriga,Private,Motor vehicle repair shop - registration,[04V40029],Yes,424477,4661584,4.1 - Address Matching,End of Life Vehicles VDFs,04V40029,05/26/2023,05/25/2028,"17 East Clinton Street
Binghamton, NY 13904
(42.10267, -75.91364)"
Steven M Mezynieski,110 North Magee Street,,Southampton,NY,11968,Suffolk,1,6312040001,Steven M. Mezynieski,Private,CDDHRF - permit,[52CP0311],Yes,717305,4531121,4.3 - Utilization of Digital Orthophoto Quads,,1-4736-08813/00001,05/25/2021,05/24/2026,"110 North Magee Street
Southampton, NY 11968
(40.90171, -72.41996)"
Big Moe's Tires LLC,409 Hertel Avenue,,Buffalo,NY,14207,Erie,9,7164451677,Mohamed Khalil,,VDF - registration,[15V50120],Yes,182424,4762135,4.2 - Utilization of GIS and existing spatial data,End of Life Vehicles VDFs,15V50120,07/21/2025,07/21/2030,"409 Hertel Avenue
Buffalo, NY 14207
(42.94572, -78.89259)"
Corazzini Asphalt; Inc.,6245 Cox Lane,,Cutchogue,NY,11935,Suffolk,1,6317345600,Corazzini Asphalt; Inc.,Private,CDDHRF - concrete; rock; brick; asphalt pavement or millings - registration,[52C90280],Yes,710319,4545262,4.3 - Utilization of Digital Orthophoto Quads,Asphalt;Concrete;Rock,52-0280,12/04/2024,12/03/2029,"6245 Cox Lane
Cutchogue, NY 11935
(41.03179, -72.49831)"
Hopewell Junction Transfer Station,409 Rt. 82; PO Box 1209,,Hopewell Junction,NY,12533,Dutchess,3,8458966000,Emil Panichi,,CDDHRF - permit,[32800002],Yes,596254,4602370,,Tree Debris;Metals (Ferrous);Metals (Non-Ferrous);Concrete;Construction & Demolition Debris;Commingled Paper;Waste Tires;Electronics,3-1328-00129/00002,09/16/2020,09/15/2025,
Bubonia Holding Corp,18 West Albany Drive,,Colonie,NY,12205,Albany,4,5184388900,Stephen Bubonia,Private,CDDHRF - uncontaminated unadulterated wood - registration,[01C59901],Yes,734624,424108,1 - No accuracy stated,Tree Debris;Wood (Unadulterated),01C59901,02/26/2026,02/25/2031,"18 West Albany Drive
Colonie, NY 12205
(42.68653, -73.77415)"
Robb Brothers Farm LLC,156 Sleight Plass Road,,Poughkeepsie,NY,12603,Dutchess,3,5715995821,Robb Brothers Farm LLC,,Composting - yard waste  - registration,[14Y06],Yes,596347,4618923,,,,,,"156 Sleight Plass Road
Poughkeepsie, NY 12603
(41.71607, -73.84123)"
Lake Road Pit C&D Processing,654 East Lake Road,,Phelps,NY,14532,Ontario,8,3154335115,Syracuse Sand & Gravel LLC,Private,C&D processing - registration,[35W08],Yes,334263,4762533,1 - No accuracy stated,,35W08,,,"654 East Lake Road
Phelps, NY 14532
(43.00311, -77.03282)"
Brisben Transfer Station,177 Coutermarsh Road,,Oxford,NY,13830,Chenango,7,6076567718,Chenango County,County,Transfer facility - less than 50 tpd - registration,[09T10008],Yes,442555,4689142,4.2 - Utilization of GIS and existing spatial data,Construction & Demolition Debris;MSW (Residential/Institutional & Commercial);Emergency Authorization Waste (Storm Debris),09T10008,02/21/2024,02/20/2029,
Briarcliff Manor,10 Buckhout Road,,Briarcliff Manor,NY,10510,Westchester,3,9149419105,Village of Briarcliff Manor,Municipal,Transfer facility - less than 50 tpd - registration,[60T10011],Yes,588102,4572358,,Yard Trimmings;Tree Debris;Leaves & Grass,60T10011,10/14/2025,10/14/2030,"10 Buckhout Road
Briarcliff Manor, NY 10510
(41.14126, -73.81417)"
Southern Tier Auto Center Inc,13008 Dowd Road,,Springville,NY,14141,Erie,9,7165922150,Linda Fisher,Private,Motor vehicle repair shop - registration,[15V40048],Yes,199978,4714144,1 - No accuracy stated,End of Life Vehicles VDFs,15V40048,04/09/2024,04/09/2029,"13008 Dowd Road
Springville, NY 14141
(42.5217, -78.65235)"
DSNY South Bronx Household Special Waste Drop-Off Site,Foot of Farragut Street,,Bronx,NY,10474,Bronx,2,2124374657,NYC Dep of Sanitation,Municipal,Transfer station - registration,[03RA2],Yes,595045,4517457,,,03RA2,,,
Schenectady (City) Transfer Station,2 Weaver Street,,Schenectady,NY,12305,Schenectady,4,5183825144,City of Schenectady,Municipal,Transfer facility - permit,[47TP1501],Yes,585817,4739919,1 - No accuracy stated,,4-4215-00028/00002,07/01/2022,05/31/2025,"2 Weaver Street
Schenectady, NY 12305
(42.80874, -73.95007)"
Ovid Transfer Station (T),2860 Center Road,,Ovid,NY,14521,Seneca,8,6078694361,Town of Ovid,Municipal,Transfer facility - less than 50 tpd - registration,[50T10003],Yes,354653,4725656,,Construction & Demolition Debris;MSW (Residential/Institutional & Commercial);Waste Tires,50T10003,09/23/2019,09/23/2024,"2860 Center Road
Ovid, NY 14521
(42.66959, -76.77407)"
WMNY Varick 1 Transfer Station,215 Varick Avenue,,Brooklyn,NY,11237,Kings,2,7185335266,Waste Management of NY; LLC,Private,Transfer facility - permit,[24TP0066],Yes,590448,4507405,4.2 - Utilization of GIS and existing spatial data,MSW (Residential/Institutional & Commercial);Construction & Demolition Debris;Source Separated Organic Waste;Yard Trimmings;Storm Drain & Catch Basin;Grit & Screenings,2-6104-00010/00002,08/01/2022,07/31/2027,"215 Varick Avenue
Brooklyn, NY 11237
(40.71307, -73.92941)"
Otsego Auto Crushers LLC,6071 State Highway 23,,Oneonta,NY,13820,Delaware,4,6074322375,Wayne Hymers Sr.,Private,Mobile vehicle crusher - registration,[13V62601],Yes,498676,4699363,,End of Life Vehicles VDFs,13V52601,03/19/2024,06/24/2029,"6071 State Highway 23
Oneonta, NY 13820
(42.44674, -75.01685)"
BBC Aggregate Recycling (Coeymans),2169 River Road,,Coeymans,NY,12143,Albany,4,,W.M. BIERS,Private,CDDHRF - concrete; rock; brick; asphalt pavement or millings - registration,[01C92403],Yes,559067,4703727,3 - Global Positioning System (GPS),CARB (concrete; asphalt; rock; brick),01C92403,02/11/2022,02/10/2027,"2169 River Road
Coeymans, NY 12143
(42.47953, -73.79317)"
Country Auto Recycling System,371 Wilbur Avenue,,Greenwich,NY,12834,Washington,5,5187960416,Ronald MacNeil,Private,VDF - registration,[58V50007],Yes,617791,4769569,,End of Life Vehicles VDFs,58V50007,01/08/2024,01/07/2029,"371 Wilbur Avenue
Greenwich, NY 12834
(43.06956, -73.55314)"
A-Plus Auto Salvage Inc,640 West Hoffman Avenue,,Lindenhurst,NY,11757,Suffolk,1,6312260580,A-Plus Auto Salvage Inc,Private,VDF - registration,[52V50294],Yes,636262,4504821,1 - No accuracy stated,End of Life Vehicles VDFs,52V50294,08/06/2025,08/05/2030,"640 West Hoffman Avenue
Lindenhurst, NY 11757
(40.68301, -73.38746)"
Sag Harbor Transfer Station,1310 Bridgehampton Sag Harbor Turnpike,,Sag Harbor,NY,11932,Suffolk,1,6317021758,Town of Southampton,Municipal,Transfer facility - less than 50 tpd - registration,[52T10320],Yes,727000,4539624,4.3 - Utilization of Digital Orthophoto Quads,MSW (Residential/Institutional & Commercial);Commingled Paper & Containers;Corrugated Cardboard,52-0320,07/16/2020,07/15/2025,"1310 Bridgehampton Sag Harbor Turnpike
Sag Harbor, NY 11932
(40.97385, -72.3015)"
Boot's Auto Parts Inc,7142 Trenton Road,,Barneveld,NY,13304,Oneida,6,3155251053,Troya Motors,Private,VDF - registration,[33V50016],Yes,0,0,,Decommissioned ELVs SMPs,33V50016,05/15/2025,05/14/2030,"7142 Trenton Road
Barneveld, NY 13304
(43.20967, -75.18023)"
Empire Recycling - Morgan Ave,120 Hausman St,,Brooklyn,NY,11222,Kings,2,7184240300,Nicholas Marmo,Private,CDDHRF - permit,[24CP0092],Yes,589632,4509074,2.1 - NYSDEC 100 m grid collection,,2-6101-00086/00003,06/16/2023,06/15/2028,"120 Hausman St
Brooklyn, NY 11222
(40.72804, -73.93882)"
MacArthur Compost Facility,1101 Railroad Avenue,,Ronkonkoma,NY,11779,Suffolk,1,6314673259,Town of Islip,Municipal,Composting - yard waste - permit,[52PP0387],Yes,659404,4518886,,Yard Trimmings,1-4728-00969/00002,10/03/2023,10/02/2028,"1101 Railroad Avenue
Ronkonkoma, NY 11779
(40.80615, -73.10398)"
Zuech's Environmental Services Inc.,8312 Rt. 98,,Franklinville,NY,14737,Cattaraugus,9,7166763388,Eric Zuech,,Storage - septage - registration,[05A50003],Yes,215973,4696611,1 - No accuracy stated,Septage,05A50003,08/29/2023,08/29/2028,"8312 Rt. 98
Franklinville, NY 14737
(42.36755, -78.45057)"
Eric Farr & Sons,18791 Game Farm Road,,Dexter,NY,13634,Jefferson,6,3157821176,Charlene Farr,Private,VDF - registration,[23V50017],Yes,419899,4873558,4.1 - Address Matching,End of Life Vehicles VDFs,23V50017,11/21/2024,11/20/2029,"18791 Game Farm Road
Dexter, NY 13634
(44.01019, -75.99852)"
Wayne's Used Cars,2500 State Highway 310,,Madrid,NY,13660,St. Lawrence,6,3153224950,Wayne Taillon,Private,VDF - registration,[45V50023],Yes,491096,4955954,4.1 - Address Matching,End of Life Vehicles VDFs,45V50023,11/19/2024,11/18/2029,"2500 State Highway 310
Madrid, NY 13660
(44.75717, -75.11323)"
Copart Auto Auctions,1916 Central Ave,,Albany,NY,12205,Albany,4,5184529313,Brian Constantino,Private,VDF - registration,[01V50103],Yes,593749,4732115,4.2 - Utilization of GIS and existing spatial data,,01V50103,,,"1916 Central Ave
Albany, NY 12205
(42.73487, -73.85479)"
Plan It Waste & Recycling Inc,274 Greenfield Ave,,Ballston Spa,NY,12020,Saratoga,5,5188854100,Plan It Waste & Recycling Inc,Private,VDF - registration,[46V50012],Yes,592917,4765271,,End of Life Vehicles VDFs,46V50012,02/28/2024,02/27/2029,"274 Greenfield Ave
Ballston Spa, NY 12020
(43.03431, -73.85959)"
G&G Tire Company Inc,20 Mckinley Ave,,Plattsburgh,NY,12901,Clinton,5,5185636430,Debbie Bruno,Private,WTHRF - retreader - registration,[10W30012],Yes,622781,4948833,4 - GIS Assisted,Tire,10W30012,07/25/2024,07/24/2029,"20 Mckinley Ave
Plattsburgh, NY 12901
(44.68248, -73.45087)"
JLB Enterprise Scrap & Recycling,103 Otsquago Club Road,,Minden,NY,13339,Montgomery,4,,James L Bent Jr,Private,Scrap metal processor - registration,[29V33001],Yes,530093,4755410,1 - No accuracy stated,Scrap Metal - Ferrous ;Scrap Metal - Non-ferrous,29R33001,02/19/2026,02/18/2031,"103 Otsquago Club Road
Minden, NY 13339
(42.93382, -74.61901)"
Nassau Transfer Station (T),599 Central Nassau Road,,East Nassau,NY,12062,Rensselaer,4,5187662844,Town of Nassau,Municipal,Transfer facility - less than 50 tpd - registration,[42T13001],Yes,620043,4712893,3 - Global Positioning System (GPS),Metals (Ferrous & Non-Ferrous);MSW (Residential/Institutional & Commercial);Single Stream;Construction & Demolition Debris,42T13001,04/01/2025,03/31/2030,"599 Central Nassau Road
East Nassau, NY 12062
(42.55819, -73.53699)"
Gary Sheard Septic,7543 Lake Road,,Bergen,NY,14416,Genesee,8,5854941862,Brent R. Sheard,Private,Land application - septage - registration,[19A40007],Yes,259029,4771316,4.3 - Utilization of Digital Orthophoto Quads,Septage;Biosolids,19A40007,03/03/2023,03/03/2028,"7543 Lake Road
Bergen, NY 14416
(43.0485, -77.96303)"
Scholes Street Recycling Corp.,492 Scholes Street,,Brooklyn,NY,11237,Kings,2,7183865750,Boro-Wide MRF; Inc.,Private,RHRF - registration,[24R30159],Yes,590578,4507234,4.2 - Utilization of GIS and existing spatial data,Newspaper;Plastic;Paper / Cardboard,24R30139,12/13/2023,12/12/2028,"492 Scholes Street
Brooklyn, NY 11237
(40.71144, -73.92768)"
High Peaks Sand & Gravel LLC,617 Route 28N,,Chester,NY,12853,Warren,5,2039944686,Robert Zaloski,Private,Composting - SSO - registration,[57P20028],Yes,583298,4842639,,Food Scraps,57P20028,09/18/2025,09/17/2030,"617 Route 28N
Chester, NY 12853
(43.732, -73.96483)"
B.G.L.J. Servicing Corp. (Moriches),640B Moriches-Middle Island Road,,Moriches,NY,11955,Suffolk,1,,B.G.L.J. Servicing Corp,Private,CDDHRF - concrete; rock; brick; asphalt pavement or millings - registration,[52C90435],Yes,684254,4520272,,Brick;Asphalt Pavement;Concrete;Rock;Asphalt Millings,435,10/20/2025,10/19/2030,"640B Moriches-Middle Island Road
Moriches, NY 11955
(40.81192, -72.81589)"
Hanson Aggregates South Lansing,87 Portland Point Road,,Lansing,NY,14882,Tompkins,7,6075334005,Hasson Aggregates,,CDDHRF - uncontaminated soil sand gravel rock - registration,[55C60017],Yes,374689,4710530,4 - GIS Assisted,Soil (Clean);Rock,55C10017,08/05/2021,08/05/2026,"87 Portland Point Road
Lansing, NY 14882
(42.53787, -76.52623)"
Tylers LLC,30 North Street,,Cleveland,NY,13042,Oswego,7,3156758833,Randall Tyler,Private,VDF - small - registration,[38V20032],Yes,428549,4787342,,End of Life Vehicles VDFs,38V20032,11/30/2021,11/29/2026,"30 North Street
Cleveland, NY 13042
(43.23597, -75.88081)"
International Transportation & Equipment Exports; LTD,1A Bahama Street,,Lindenhurst,NY,11757,Suffolk,1,6318841999,Michael Bulzomi,Private,VDF - registration,[52V50317],Yes,639316,4506372,1 - No accuracy stated,End of Life Vehicles VDFs,52-0317,08/12/2020,08/11/2025,"1A Bahama Street
Lindenhurst, NY 11757
(40.6954, -73.35122)"
Norwood Recycling Center,4 Bernard Avenue,,Norwood,NY,13668,St. Lawrence,6,3153532372,Norwood Lake Association,Private,RHRF - registration,[45R30033],Yes,500434,4955213,4.1 - Address Matching,Single Stream;Plastic;Paperboard/Boxboard;Other Non-Ferrous Scrap Metal;Other Ferrous Scrap Metal;Other Aluminum Scrap Metal;Office Paper;Newspaper;Commingled Paper;Commingled Containers;Clear Glass,45R30033,08/30/2022,08/29/2027,"4 Bernard Avenue
Norwood, NY 13668
(44.74963, -74.99658)"
Skyline Farms LLC,5227 Route 248,,Canisteo,NY,14823,Steuben,8,6077691413,Jeremy Gerow,Private,Land application - UFPW - registration,[51A30030],Yes,284453,4681491,4.2.1 - Utilization of GIS and Facility Mapping System,Unrecognizable Food Processing Waste,51A30030,01/14/2026,01/13/2031,"5227 Route 248
Canisteo, NY 14823
(42.25459, -77.61246)"
Sky Materials Corp.,4331 Middle Country Road,,Calverton,NY,11933,Suffolk,1,6312082999,Calverton Industries,Private,Composting - yard waste - permit,[52PP0446],Yes,687412,4532821,4.3 - Utilization of Digital Orthophoto Quads,Yard Trimmings,52W80R,05/09/2011,,"4331 Middle Country Road
Calverton, NY 11933
(40.92683, -72.77408)"
Clarkie's Auto Salvage,191 Geyser Rd.,,Saratoga Springs,NY,12866,Saratoga,5,5185845376,Thomas Clark,Private,Scrap metal processor - registration,[46V30011],Yes,594374,4767066,,Scrap Metal - Non-ferrous,46V30011,01/30/2024,01/29/2029,"191 Geyser Rd.
Saratoga Springs, NY 12866
(43.05023, -73.83981)"
Westconn Recycling LLC Waste Oil Transfer Station,1650 US Route 9W,,Selkirk,NY,12158,Albany,4,8603981190,,,Waste oil storage; reprocessing or rerefining facility,[01O02],Yes,597753,4708363,4.2.1 - Utilization of GIS and Facility Mapping System,,4-0124-00107/00001,01/03/2008,12/31/2017,"1650 US Route 9W
Selkirk, NY 12158
(42.52161, -73.81095)"
Sanitary District #1,2 Bay  Boulevard,,Lawrence,NY,11559,Nassau,1,5162395600,Sanitary District #1,Municipal,CDDHRF - permit,[30CP0122],Yes,606280,4498383,4.2 - Utilization of GIS and existing spatial data,Construction & Demolition Debris,1-2820-01335/00002,05/06/2024,05/05/2029,"2 Bay  Boulevard
Lawrence, NY 11559
(40.62806, -73.73837)"
Ace Auto World Inc,95 Rector Street,,Staten Island,NY,10310,Richmond,2,7182734100,Ace Auto World Inc.,Private,VDF - registration,[43V50069],Yes,573797,4498490,4.2 - Utilization of GIS and existing spatial data,End of Life Vehicles VDFs,43V50069,03/25/2025,03/24/2030,"95 Rector Street
Staten Island, NY 10310
(40.63479, -74.12747)"
CLEAN Recycling Center and TS,5766 Federal Road,,Conesus,NY,14435,Livingston,8,5855079972,Town of Conesus,Municipal,RHRF - registration,[26R30003],Yes,281505,4735399,1 - No accuracy stated,Commingled Paper;Commingled Containers,26R30003,04/13/2026,03/06/2029,"5766 Federal Road
Conesus, NY 14435
(42.73993, -77.66948)"
Marlborough TS (T),20 Baileys Gap Road,,Milton,NY,12547,Ulster,3,8457952314,Town of Marlborough,Municipal,Transfer facility - less than 50 tpd - registration,[56T10013],Yes,583689,4615185,,MSW (Residential/Institutional & Commercial);Commingled Paper & Containers;Corrugated Cardboard;Bulk Metal (from MSW);Container Glass;Commingled Recyclables,56R05,,,"20 Baileys Gap Road
Milton, NY 12547
(42.99752, -73.9224)"
County Line Stone Co. Inc.,4515 Crittenden Road,,Akron,NY,14001,Erie,9,7165425435,County Line Stone Co. Inc.,Private,CDDHRF - concrete; rock; brick; asphalt pavement or millings - registration,[15C90122],Yes,217177,4763267,4.2 - Utilization of GIS and existing spatial data,Asphalt Pavement;Asphalt Millings;Concrete,15C90122,08/11/2025,08/11/2030,"4515 Crittenden Road
Akron, NY 14001
(42.9698, -78.47813)"
Essex-Willsboro Transfer Station,2476 Route 22,,Essex,NY,12936,Essex,5,5189634287,Town of Essex,Municipal,Transfer facility - less than 50 tpd - registration,[16T10011],Yes,629430,4907123,4 - GIS Assisted,MSW (Residential/Institutional & Commercial),16T10011,07/28/2022,07/28/2027,"2476 Route 22
Essex, NY 12936
(44.30717, -73.37666)"
Jones Auto Fred Jones,1406 Levanna Road,,Union Springs,NY,13160,Cayuga,7,3152377093,Jones Auto,Private,VDF - registration,[06V50014],Yes,365264,4738001,4.1 - Address Matching,End of Life Vehicles VDFs,06V50014,09/12/2025,09/11/2030,"1406 Levanna Road
Union Springs, NY 13160
(42.78298, -76.64666)"
Fair Deal Scrap Metals & Towing Co Inc,166 Akron Street,,Lindenhurst,NY,11757,Suffolk,1,6312261990,John Embleton,Private,Vehicle Dismantling Facility,[52J25],Yes,636449,4504982,4.3 - Utilization of Digital Orthophoto Quads,,,,,"166 Akron Street
Lindenhurst, NY 11757
(40.68409, -73.38636)"
Tripple Pit,Carder Lane Road,,Schuyler,NY,13340,Herkimer,6,3155252510,Ryan Aldrich Trucking & Sawing; Inc.,Private,CDDHRF - uncontaminated soil sand gravel rock - registration,[22C60017],Yes,492701,4770355,1 - No accuracy stated,Soil (Clean);Sand;Gravel;Rock,22C60017,06/11/2025,06/10/2030,
NYC Auto Recycling Inc.,150-35 Liberty Ave,,Jamaica,NY,11433,Queens,2,7187394377,Victor Spirito,,VDF - registration,[41V50130],Yes,40698,73802,1 - No accuracy stated,End of Life Vehicles VDFs;Lead-acid Batteries;Used Tire;Scrap Metal - Ferrous ;Used Oil,,,,"150-35 Liberty Ave
Jamaica, NY 11433
(40.69836, -73.80122)"
SIMS Metal East LLC Middletown,820 Route 211 East,,Middletown,NY,10940,Orange,3,8456924640,Sims Metal East LLC,Private,VDF - registration,[36V50009],Yes,554282,4590679,,End of Life Vehicles VDFs,36V50009,02/13/2024,02/12/2029,"820 Route 211 East
Middletown, NY 10940
(41.47504, -74.46651)"
Holcim US - Ravena Cement Plant,1916 State Route 9W,,Coeymans,NY,12143,Albany,4,5187565028,Holcim US - Ravena Cement Plant,Private,Landfill - industrial waste monofill - permit,[01LM2401],Yes,597471,4706624,,Dust (Cement Kiln);Cement Contaminated with Coal,4-0124-00001/00053,08/16/2024,03/14/2034,"1916 State Route 9W
Coeymans, NY 12143
(42.50516, -73.8204)"
Patterson (T) Recycling Center,271 Cornwall Hill Road,,Patterson,NY,12563,Putnam,3,8458784956,Town of Patterson,Municipal,Transfer facility - source separated recyclables - registration,[40T30002],Yes,616164,4594667,,Single Stream,40T30002,02/27/2024,02/26/2029,"271 Cornwall Hill Road
Patterson, NY 12563
(41.49499, -73.60782)"
Wellsville Recycling Center and Transfer Station,77 West Dyke Street,,Wellsville,NY,14895,Allegany,9,5852685415,Allegany County Department of Public Works,County,RHRF - registration,[02R30018],Yes,256967,4667113,4.2 - Utilization of GIS and existing spatial data,Aluminum Foil / Trays;Commingled Paper;Container Glass;Other - Batteries;Plastic;Textiles;Paper / Cardboard;Metals (Ferrous);Metals (Non-Ferrous),02R30018,10/07/2024,10/07/2029,"77 West Dyke Street
Wellsville, NY 14895
(42.11633, -77.94198)"
East Greenbush (T) Transfer Station,246 Ridge Road,,Rensselaer,NY,12144,Rensselaer,4,5184777012,Town of East Greenbush,Municipal,Transfer facility - less than 50 tpd - registration,[42T12401],Yes,603921,4717276,3 - Global Positioning System (GPS),MSW (Residential/Institutional & Commercial);Yard Trimmings;Electronics;Commingled Recyclables;Metals (Ferrous & Non-Ferrous),42T12401,08/20/2024,09/10/2029,"246 Ridge Road
Rensselaer, NY 12144
(42.60102, -73.73278)"
Hi-Tech Resource Recovery Inc,130 Varick Avenue,,Brooklyn,NY,11237,Kings,2,7183865750,Hi-Tech Resource Recovery Inc.,Private,Transfer facility - permit,[24TP0073],Yes,590541,4507211,,MSW (Residential/Institutional & Commercial),2-6104-00012/00004,01/13/2023,01/12/2028,"130 Varick Avenue
Brooklyn, NY 11237
(40.71074, -73.92838)"
Smith Street Auto,45/49 Poultney Street,,Whitehall,NY,12887,Washington,5,5184999988,Jared Mowatt,Private,Motor vehicle repair shop - registration,[58V40023],Yes,629157,4823144,,End of Life Vehicles VDFs,58V40023,06/08/2022,06/07/2027,"45/49 Poultney Street
Whitehall, NY 12887
(43.55007, -73.40074)"
Knowles Mine,Moore Road,,Bath,NY,14810,Steuben,8,6073827722,ROSCO Holdings LLC,,CDDHRF - concrete; rock; brick; asphalt pavement or millings - registration,[51C90100],Yes,305440,4689919,4.3 - Utilization of Digital Orthophoto Quads,Concrete,51C90100,12/04/2024,12/03/2029,
Supreme Auto Parts & Service; Inc.,1625 Olean-Portville Road,,Olean,NY,14760,Cattaraugus,9,7163720830,Thomas Blicharz,Private,Waste tire storage - Dealer,[05K13],Yes,219186,4663184,4.2 - Utilization of GIS and existing spatial data,Waste Tires,05K13,12/27/2010,,"1625 Olean-Portville Road
Olean, NY 14760
(42.0709, -78.39383)"
2550 Manitou Road LLC,Manitou Road,,Gates,NY,14559,Monroe,8,5853703452,2550 Manitou Road LLC,Private,CDDHRF - gypsum wallboard - registration,[28C40028],Yes,276286,4782537,4.2 - Utilization of GIS and existing spatial data,Construction & Demolition Debris,28C40028,08/10/2022,08/09/2027,
Eckes Auto Body,787 Route 42,,Sparrowbush,NY,12780,Orange,3,8458562302,Wilbur Eckes,Private,VDF - registration,[36V50016],Yes,523599,4586699,,,36V50016,,,"787 Route 42
Sparrowbush, NY 12780
(41.43107, -74.7175)"
M & B Auto Salvage LLC,112 DeKalb Road,,Granville,NY,12832,Washington,5,5186423063,Donna Barrett,Private,VDF - registration,[58V50008],Yes,636498,4814319,,End of Life Vehicles VDFs,58V50008,01/16/2024,01/15/2029,"112 DeKalb Road
Granville, NY 12832
(43.46974, -73.31329)"
Green Leaf Recycling - GLR Beaver Dams,2830 Pearl Street,,Beaver Dams,NY,14812,Schuyler,8,6077385004,Y'all Rite LLC,Private,Transfer facility - less than 50 tpd - registration,[49T10001],Yes,341614,4685009,4.3 - Utilization of Digital Orthophoto Quads,MSW (Residential/Institutional & Commercial);Construction & Demolition Debris,49T10001,09/23/2022,09/23/2027,"2830 Pearl Street
Beaver Dams, NY 14812
(42.30174, -76.92143)"
EWG Glass Recovery And Recycling 158th Street,94-54 158th Street,,Jamaica,NY,11433,Queens,2,7187397270,Edward Golebiewski,Private,RHRF - registration,[41R30056],Yes,602654,4506692,4.2 - Utilization of GIS and existing spatial data,Glass,41R30056,02/04/2025,02/03/2030,"94-54 158th Street
Jamaica, NY 11433
(40.7002, -73.7996)"
HEIDELBERG MATERIALS NORTHEAST - NY LLC JAMESVILLE QUARRY,4800 Jamesville Road,P.O. Box 513,Jamesville,NY,13078,Onondaga,7,3154695501,HEIDELBERG MATERIALS NORTHEAST - NY LLC,Private,CDDHRF - concrete; rock; brick; asphalt pavement or millings - registration,[34C90012],Yes,412647,4761899,,Asphalt;Concrete,34C10012,01/16/2024,01/14/2029,"4800 Jamesville Road
Jamesville, NY 13078
(43.00641, -76.07497)"
C & H Salvage Corp,2837 Route 207,,Campbell Hall,NY,10916,Orange,3,8454272147,Joseph Innamorato,Private,VDF - registration,[36V50003],Yes,561532,4589599,,End of Life Vehicles VDFs,36V50003,10/24/2018,10/24/2023,"2837 Route 207
Campbell Hall, NY 10916
(41.45578, -74.26308)"
Mohawk Valley Manufacturing; Inc.,7166 E. Dominick Street,,Rome,NY,13340,Oneida,6,3157485886,Mohawk Valley Manufacturing; Inc.,Private,CDDHRF - concrete; rock; brick; asphalt pavement or millings - registration,[33C90036],Yes,0,0,1 - No accuracy stated,CARB (concrete; asphalt; rock; brick),33C90036,02/02/2026,02/01/2031,"7166 E. Dominick Street
Rome, NY 13340
(43.20498, -75.41234)"
Broome County Landfill,286 Knapp Road,,Binghamton,NY,13905,Broome,7,6077634275,Broome County DSWM,County,HHW collection facility - permit,[04HP0011],Yes,419649,4676879,,,7-0399-00027/00002,03/23/2022,03/22/2032,"286 Knapp Road
Binghamton, NY 13905
(42.23855, -75.98173)"
Scott Ave Recycling LLC,594 Scholes Street,,Brooklyn,NY,11237,Kings,2,7184162190,Jack Guttman,Private,CDDHRF - permit,[24CP0157],Yes,590879,4507341,,Construction & Demolition Debris,2-6104-01347/00001,12/17/2021,09/16/2026,"594 Scholes Street
Brooklyn, NY 11237
(40.71237, -73.92406)"
Niagara Metals LLC - Cheektowaga,3035 Union Road,,Cheektowaga,NY,14227,Erie,9,7166856789,Union Road Land Holdings LLC,Private,Scrap metal processor - registration,[15V30056],Yes,193506,4756055,1 - No accuracy stated,Scrap Metal - Ferrous ;Scrap Metal - Non-ferrous,15V30056,06/13/2024,06/13/2029,"3035 Union Road
Cheektowaga, NY 14227
(42.89515, -78.75338)"
Pulaski TS/RHRF,100 County Route 2A,,Pulaski,NY,13142,Oswego,7,3155919200,Oswego County Department of Solid Waste,County,Transfer facility - less than 50 tpd - registration,[38T10029],Yes,411690,4822564,4.2 - Utilization of GIS and existing spatial data,Construction & Demolition Debris;MSW (Residential/Institutional & Commercial);Waste Tires;Single Stream;Tree Debris;Electronics,38T10029,06/14/2023,06/13/2028,"100 County Route 2A
Pulaski, NY 13142
(43.5514, -76.09328)"
Barrett Paving Materials; Inc.,4530 Wetzel Road,,Liverpool,NY,13039,Onondaga,7,3156524585,Barrett Paving Materials Inc.,Private,CDDHRF - concrete rock brick - registration,[34C10080],Yes,402571,4778158,1 - No accuracy stated,Concrete;Rock;Brick,34C10080,03/05/2021,03/04/2026,"4530 Wetzel Road
Liverpool, NY 13039
(43.15016, -76.20093)"
LBD Enterprises - Septage,Ditch Bank Road,,Lenox,NY,13032,Madison,7,3156873196,LBD Enterprises; LLC,Private,Land application - septage - registration,[27A40010],Yes,420505,4772381,4.3 - Utilization of Digital Orthophoto Quads,Septage,27A40010,10/08/2019,10/08/2024,
Webster Highway Department,1005 Picture Parkway,,Webster,NY,14580,Monroe,8,5858721443,Town of Webster,Municipal,Composting - yard trimmings - registration,[28P10018],Yes,300530,4788320,4.2 - Utilization of GIS and existing spatial data,Leaves;Wood/Brush,28P10018,08/22/2025,08/22/2030,"1005 Picture Parkway
Webster, NY 14580
(43.22279, -77.45629)"
Upstone - Saranac Lake,909 NYS Route 3,,Saranac Lake,NY,12983,Essex,5,5188910236,Upstone Materials Inc,Private,CDDHRF - concrete; rock; brick; asphalt pavement or millings - registration,[16C90020],Yes,571204,4912503,,Asphalt Millings;Asphalt Pavement,16C90020,02/24/2026,02/24/2031,"909 NYS Route 3
Saranac Lake, NY 12983
(44.36155, -74.10484)"
Full Circle Ag; LLC,13097 McCann Road,,Wolcott,NY,14590,Wayne,8,,Casella Major Account Services,Private,Land application - UFPW - registration,[59A30016],Yes,356595,4780415,4.2 - Utilization of GIS and existing spatial data,Source Separated Organic Waste (SSOW);Unrecognizable Food Processing Waste,59A30016,04/08/2022,01/13/2027,"13097 McCann Road
Wolcott, NY 14590
(43.16209, -76.76396)"
Elmer's Auto Parts Inc,137 Donovan Street,,Webster,NY,14580,Monroe,8,5858724402,James F. Guck; Sr.,Private,VDF - registration,[28V50019],Yes,303044,4787938,4.2 - Utilization of GIS and existing spatial data,End of Life Vehicles VDFs,28V50019,04/08/2026,11/12/2029,"137 Donovan Street
Webster, NY 14580
(43.21864, -77.42527)"
Scofield Transfer and Recycling Inc,8620 Sanders Road,,Stafford,NY,14143,Genesee,8,5853437373,Bruce Scofield,Private,Transfer facility - permit,[19TP0018],Yes,247550,4764995,1 - No accuracy stated,Construction & Demolition Debris;Metals (Ferrous & Non-Ferrous);Tree Debris,8-1844-00019/00006,02/15/2011,02/14/2021,"8620 Sanders Road
Stafford, NY 14143
(42.99572, -78.09593)"
Mohawk Valley Recycling; LLC,3107 State Route 28,,Herkimer,NY,13350,Herkimer,6,3158667278,Mohawk Valley Recycling; LLC,,VDF - registration,[22V50011],Yes,501146,4766315,,End of Life Vehicles VDFs,22V50011,11/21/2024,11/20/2029,"3107 State Route 28
Herkimer, NY 13350
(43.04964, -74.9859)"
Cascades Recovery +,3241 Walden Avenue,,Depew,NY,14043,Erie,9,7166813989,Cascades Holdings US Inc.,Private,RHRF - registration,[15R30031],Yes,197949,4757570,4.2 - Utilization of GIS and existing spatial data,Commingled Paper;Other Ferrous Scrap Metal;Other Non-Ferrous Scrap Metal;Electronics;Plastic;Wood (Unadulterated Pallets),15R30031,02/07/2024,02/07/2029,"3241 Walden Avenue
Depew, NY 14043
(42.91143, -78.70019)"
Waldron's Auto Parts,1049 Route 67,,Leeds,NY,12451,Greene,4,5186347608,Wayne Waldron,Private,VDF - registration,[20V52404],Yes,585224,4684774,,End of Life Vehicles VDFs,20V52404,06/20/2019,06/20/2024,"1049 Route 67
Leeds, NY 12451
(42.31117, -73.96591)"
St. Armand Transfer Station,River Road,Route 3,St. Armand,NY,12913,Essex,5,5188913189,Essex County,County,Transfer facility - less than 50 tpd - registration,[16T10007],Yes,572130,4913823,,,16T10007,07/26/2022,07/26/2027,
Green's Auto Repair Inc,300 Beekman-Poughquag Rd,,Poughquag,NY,12570,Dutchess,3,8457245362,Brian Green,Private,VDF - registration,[14V50004],Yes,609514,4607488,,End of Life Vehicles VDFs;Gasoline;Lead-acid Batteries;Brake Fluid;Used Oil;Waste Tire,14V50004,01/29/2019,01/29/2024,"300 Beekman-Poughquag Rd
Poughquag, NY 12570
(41.61153, -73.68559)"
2550 Manitou Road LLC,Manitou Road,,Gates,NY,14559,Monroe,8,5853703452,2550 Manitou Road LLC,Private,CDDHRF - uncontaminated soil sand gravel rock - registration,[28C60028],Yes,276286,4782537,4.2 - Utilization of GIS and existing spatial data,Soil (Clean);Sand;Gravel;Rock,28C60028,08/10/2022,08/09/2027,
West Seneca Transfer Station,1700 Union Road,,West Seneca,NY,14224,Erie,9,7166744325,Casella Waste Management of N.Y.; Inc.,Private,Transfer facility - permit,[15TP0018],Yes,193083,4750580,4.2 - Utilization of GIS and existing spatial data,Construction & Demolition Debris;Other - Non-putrescible MSW,9-1468-00075/00004,03/27/2024,03/26/2029,"1700 Union Road
West Seneca, NY 14224
(42.84628, -78.75563)"
Syracuse Haulers Waste Removal Inc,6223 Thompson Road,Suite 1000,Syracuse,NY,13206,Onondaga,7,3154266771,Rocco A. Grosso,Private,RHRF - permit,[34RP0065],Yes,411227,4769461,4.1 - Address Matching,Source Separated Recyclables (Metal/Glass/Paper/Plastic);Single Stream,7-3126-00070/00039,01/16/2026,01/02/2029,"6223 Thompson Road
Syracuse, NY 13206
(43.07247, -76.09216)"
Losurdo Foods Inc.,34 Union Street,,Heuvelton,NY,13654,St. Lawrence,6,3153442444,Marc Losurdo,Private,Land application - UFPW - registration,[45A30017],Yes,467592,4939622,4.1 - Address Matching,Unrecognizable Food Processing Waste,45A30017,07/16/2025,11/17/2029,"34 Union Street
Heuvelton, NY 13654
(44.60919, -75.40885)"
Town of Floyd,7430 Camroden Road,,Floyd (T),NY,13440,Oneida,6,3158656364,Town of Floyd,Municipal,Transfer facility - less than 50 tpd - registration,[33T10031],Yes,470749,4792408,,Waste Tires;MSW (Residential/Institutional & Commercial);Construction & Demolition Debris,33T10031,09/30/2021,09/29/2026,"7430 Camroden Road
Floyd (T), NY 13440
(43.22174, -75.33567)"
Farnham Septic LLC,6519 Elm Flat Road,,Mayville,NY,14757,Chautauqua,9,7167537005,Matthew Farnham,Private,Land application - septage - registration,[07A40019],Yes,131722,4691382,4.2.1 - Utilization of GIS and Facility Mapping System,Septage,07A40019,09/12/2023,09/12/2028,"6519 Elm Flat Road
Mayville, NY 14757
(42.28679, -79.46649)"
Town of Tonawanda Transfer & Recycling Facility,450 Woodward Avenue,,Tonawanda,NY,14217,Erie,9,,Town of Tonawanda,,RHRF - 5 tpd or less - registration,[15R10098],Yes,182357,4765238,4 - GIS Assisted,Clear Glass;Commingled Containers;Commingled Paper,15R10098,10/27/2021,10/27/2026,"450 Woodward Avenue
Tonawanda, NY 14217
(42.97295, -78.8954)"
Enviro Waste Oil Recovery Corp,279 US Route 6,,Mahopac,NY,10541,Putnam,3,9149061453,Aaron Deems,Private,Used oil - permit,[40QP0001],Yes,604748,4578787,,,3-3720-00115/00003,08/02/2023,08/01/2028,"279 US Route 6
Mahopac, NY 10541
(41.35368, -73.74792)"
Broe Bank Sand & Gravel Mine,399 Hemlock Road,,Milford,NY,13820,Otsego,4,6074320611,Cobleskill Stone Products; Inc.,Private,CDDHRF - concrete; rock; brick; asphalt pavement or millings - registration,[39C94002],Yes,501171,4702133,,Asphalt Millings,39C94002,03/18/2025,03/17/2030,"399 Hemlock Road
Milford, NY 13820
(42.46732, -74.98726)"
Davenport TS (T),7920 County Route 10,,Davenport Center,NY,13751,Delaware,4,6072785285,Town of Davenport,Municipal,Transfer facility - source separated recyclables - registration,[13T32601],Yes,506858,4699444,1 - No accuracy stated,Commingled Plastics;Commingled Paper & Containers;Electronics,13T32601,09/22/2023,09/14/2028,"7920 County Route 10
Davenport Center, NY 13751
(42.44656, -74.91708)"
Momentum Materials Management,0 N. Industrial Park Road,,Bath,NY,14810,Steuben,8,,,,Transfer facility - permit,[51TP0009],Yes,310508,4692975,4.2 - Utilization of GIS and existing spatial data,Industrial;Non-hazardous Waste,8-4624-00207/00001,01/05/2024,01/04/2034,
Clinton County MRF / Casella,286 Sand Road,P.O Box 209,Morrisonville,NY,12962,Clinton,5,5185635514,Clinton County,County,Transfer facility - less than 50 tpd - registration,[10T10009],Yes,11190,49553,1 - No accuracy stated,Commingled Containers;Commingled Paper;Corrugated Cardboard;Industrial Scrap Metal;Waste Tires;Other - Mattresses;Construction & Demolition Debris,10T10009,07/26/2024,07/25/2029,"286 Sand Road
Morrisonville, NY 12962
(44.691, -73.59778)"
Sims Metal - Flushing,34-16 College Point Blvd.,,Flushing,NY,11354,Queens,2,2015773170,Simsmetal East LLC,Private,Scrap metal processor - registration,[41V30143],Yes,598153,4513275,1 - No accuracy stated,Scrap Metal - Non-ferrous ;Scrap Metal - Ferrous,41V30143,04/10/2026,04/09/2031,"34-16 College Point Blvd.
Flushing, NY 11354
(40.76469, -73.83677)"
Scipio Custom Ag,3422 Carter Road,,Moravia,NY,13118,Cayuga,7,3157023370,Delvin Martin,Private,Land application - Third Party CAFO Applier - registration,[06A60034],Yes,0,0,,Manure,06A60034,01/19/2024,01/18/2029,"3422 Carter Road
Moravia, NY 13118
(42.78373, -76.54321)"
Guillo Enterprises; Inc.,3829 Middle Country Road,,Calverton,NY,11933,Suffolk,1,,3829 Middle Country Road; LLC,Private,CDDHRF - permit,[52CP0239],Yes,689301,4532980,,Tree Debris;Brick;Asphalt Pavement;Concrete;Rock;Soil (Clean),1-4730-01766/00001,10/11/2018,10/10/2023,"3829 Middle Country Road
Calverton, NY 11933
(40.92662, -72.75185)"
Rockland County SWMA Hillburn Yardwaste,420 Torne Valley Road,PO Box 1217,Hillburn,NY,10931,Rockland,3,8457532200,Rockland County Solid Waste Management Authority,,Composting - yard trimmings - registration,[44P101],Yes,570269,4553325,,Yard Trimmings,44P101,06/14/2018,06/14/2023,"420 Torne Valley Road
Hillburn, NY 10931
(41.14663, -74.15324)"
Westbury Recycling Inc,117  Magnolia Avenue,,Westbury,NY,11590,Nassau,1,5167439199,Camine Sanzo,Private,CDDHRF - permit,[30CP0137],Yes,620867,4512810,,Brick;Rock;Asphalt Pavement;Asphalt Roofing Shingle;Roofing Shingles;Construction & Demolition Debris,1-2822-01362/00001,02/03/2021,01/27/2026,"117  Magnolia Avenue
Westbury, NY 11590
(40.75734, -73.5678)"
Pleasant Valley Compost,37 Pleasant Valley Rd,,Argyle,NY,12809,Washington,5,5186388074,Bruce White,Private,Composting - SSO - registration,[58P20015],Yes,620345,4785368,1 - No accuracy stated,Food Scraps,58P20015,07/03/2024,07/02/2029,"37 Pleasant Valley Rd
Argyle, NY 12809
(43.21059, -73.51227)"
Middletown (Phillipsburg) Facility,63 Cemetery Road,,Middletown,NY,10940,Orange,3,8453444486,E. Tetz & Sons; LLC,Private,C&D processing - registration,[36W11],Yes,553257,4587095,1 - No accuracy stated,Asphalt;Concrete,36W11,03/27/2007,,"63 Cemetery Road
Middletown, NY 10940
(41.43416, -74.3593)"
Westchester County South Columbus Ave TS,10 Kimball Place,Off So Columbus Ave,Mt. Vernon,NY,10550,Westchester,3,9146373067,Westchester County,County,Transfer facility - permit,[60T19],Yes,599364,4528204,,MSW (Residential/Institutional & Commercial),3-5508-00140/00001-0,12/20/2007,12/19/2017,"10 Kimball Place
Mt. Vernon, NY 10550
(40.89905, -73.8208)"
City of Syracuse DPW - Lowes Site,2800-3400 Burnet Ave Rear,(Simon Drive - next to Lowes),Syracuse,NY,13210,Onondaga,7,3154482489,City of Syracuse,Municipal,Transfer facility - less than 50 tpd - registration,[34T10013],Yes,410406,4767657,4.1 - Address Matching,Waste Tires;Construction & Demolition Debris;Street Sweepings,34T10013,05/08/2023,06/26/2028,"2800-3400 Burnet Ave Rear
Syracuse, NY 13210
(43.05996, -76.09801)"
Metro Metals Recycling - Sodeman Rd,434 Sodeman Road,,Middle Grove,NY,12850,Saratoga,5,5183781324,Charles VanHall,,VDF - registration,[46V50031],Yes,590047,4769670,,End of Life Vehicles VDFs,46V50031,12/28/2022,12/27/2027,"434 Sodeman Road
Middle Grove, NY 12850
(43.0737, -73.8938)"
B&H Rail Transfer Station,417 Victory Highway,,Painted Post,NY,14870,Steuben,8,5853462090,B&H Rail Corporation,Private,Transfer facility - permit,[51TP0025],Yes,323826,4671590,,Construction & Demolition Debris,8-4642-00151/00001,03/18/2015,03/17/2025,"417 Victory Highway
Painted Post, NY 14870
(42.17842, -77.12983)"
R and R Dismantling,125 Highland Avenue,,Brocton,NY,14716,Chautauqua,9,7166801671,Daniel Butts / Matthew Spears,Private,VDF - registration,[07V50055],Yes,134300,4701647,1 - No accuracy stated,End of Life Vehicles VDFs,07V50055,11/25/2024,11/25/2029,"125 Highland Avenue
Brocton, NY 14716
(42.381, -79.441)"
Winters Bros Waste Systems of LI LLC Yaphank TS,82A Old Dock Road,,Yaphank,NY,11980,Suffolk,1,,Winters Bros Waste Systems,Private,CDDHRF - permit,[52CP0371],Yes,673331,4520061,4 - GIS Assisted,Construction & Demolition Debris,1-4722-00765/00004,01/12/2022,01/11/2027,"82A Old Dock Road
Yaphank, NY 11980
(40.81183, -72.94449)"
Niskayuna (T) Transfer Station & Recycling Facility,2555 River Road,,Niskayuna,NY,12309,Schenectady,4,5183864520,Town of Niskayuna,Municipal,Transfer facility - less than 50 tpd - registration,[47T12401],Yes,592796,4740744,,MSW (Residential/Institutional & Commercial);Single Stream;Commingled Paper;Corrugated Cardboard;Bulk Metal;Electronics,47T12401,04/01/2024,03/31/2029,"2555 River Road
Niskayuna, NY 12309
(42.81371, -73.8651)"
IWS Chester,89 Black Meadow Road,,Chester,NY,10918,Orange,3,,Interstate Waste Services Inc,Private,RHRF - greater than 5 tpd - registration,[36R20001],Yes,559929,4577051,,Commingled Recyclables;Source Separated Recyclables (Metal/Glass/Paper/Plastic),36R20001,07/31/2018,07/31/2023,"89 Black Meadow Road
Chester, NY 10918
(41.34322, -74.28385)"
Leach's Custom Trash Service Transfer Station,1834 State Route 13 N,,Cortland,NY,13045,Cortland,7,6077537412,Leach's Custom Trash Service,Private,Transfer facility - permit,[12TP0003],Yes,405355,4719939,,Commingled Paper & Containers;MSW (Residential/Institutional & Commercial);Corrugated Cardboard;Metals (Ferrous & Non-Ferrous);Electronics,7-1122-00134/00001,10/01/2018,09/30/2028,"1834 State Route 13 N
Cortland, NY 13045
(42.62614, -76.15437)"
Blue Mt Lake Transfer Station,Route 30,,Blue Mountain Lake,NY,128412,Hamilton,5,5186485885,Town of Indian Lake,Municipal,Transfer facility - less than 50 tpd - registration,[21T10002],Yes,545535,4858086,,,21T10002,07/26/2022,07/26/2027,
Catskill Transfer Station,183 Route 385,,Catskill,NY,12414,Greene,4,5189430341,Greene County,County,Transfer facility - permit,[20TP2601],Yes,594163,4676955,,MSW (Residential/Institutional & Commercial),4-1926-00109/00001,08/19/2016,08/18/2021,"183 Route 385
Catskill, NY 12414
(42.23719, -73.85737)"
Previty's Auto Wrecking; Inc,11075 Galen Hill Road,,Freedom,NY,14065,Cattaraugus,9,7164923936,Previty's Auto Wrecking; Inc.,Private,Scrap metal processor - registration,[05V30007],Yes,223892,4708718,1 - No accuracy stated,Scrap Metal - Ferrous ;Scrap Metal - Non-ferrous ;End of Life Vehicles VDFs,05V30007,11/02/2023,11/02/2028,"11075 Galen Hill Road
Freedom, NY 14065
(42.48121, -78.3586)"
High Acres Western Expansion Landfill,425 Perinton Parkway,,Fairport,NY,14450,Monroe,8,5852236132,Waste Management of NY LLC,Private,Landfill - MSW - permit,[28LS0040],Yes,305919,4773094,,Treated RMW;MSW (Residential/Institutional & Commercial);Construction & Demolition Debris;Asbestos (Friable);Industrial;Ash MSW Energy Recovery Fly;Sewage Treatment Plant Sludge;Petroleum Contaminated Soil,8-9908-00162/00032,10/04/2013,07/08/2023,"425 Perinton Parkway
Fairport, NY 14450
(43.08761, -77.38046)"
Official Auto Parts LLC,1931 Mulholland Road,,North Bay,NY,13123,Oneida,6,3156756125,Jovan Aleksovski,Private,VDF - registration,[33V50037],Yes,0,0,1 - No accuracy stated,Decommissioned ELVs SMPs,33V50036,03/24/2025,03/23/2030,
Troy Sand & Gravel - West Sand Lake Facility,3600 Route 43,,Sand Lake,NY,12153,Rensselaer,4,5186742854,Troy Sand & Gravel Co.; Inc.,Private,CDDHRF - concrete; rock; brick; asphalt pavement or millings - registration,[42C94001],Yes,614701,4722582,3 - Global Positioning System (GPS),CARB (concrete; asphalt; rock; brick),42C94001,10/22/2025,10/21/2030,"3600 Route 43
Sand Lake, NY 12153
(42.64679, -73.6006)"
Mike's Route 23 Auto Parts,19079 State Highway 23,,Davenport,NY,13750,Delaware,4,6072676254,Mike Oliver,Private,VDF - registration,[13V52602],Yes,516986,4701817,,End of Life Vehicles VDFs,13V52602,02/06/2026,02/05/2031,"19079 State Highway 23
Davenport, NY 13750
(42.46418, -74.78707)"
Rockland County Household Hazardous Waste Facility,35 Fireman's Memorial Drive,,Pomona,NY,10970,Rockland,3,8453642086,Rockland County SWMA,County,HHW collection facility - permit,[44Z01],Yes,580848,4558471,1 - No accuracy stated,,3-3926-00267/00005,03/28/2012,11/09/2025,"35 Fireman's Memorial Drive
Pomona, NY 10970
(41.1734, -74.03579)"
College Point Aggregates,31-40 College Point Boulevard,,Queens,NY,11354,Queens,2,7182058038,Tully Environmental Inc.,Private,CDDHRF - concrete; rock; brick; asphalt pavement or millings - registration,[41C90136],Yes,597766,4513601,4.2 - Utilization of GIS and existing spatial data,Soil (Clean);Sand;Gravel;Rock;Glass,41C90136,04/04/2024,04/03/2029,"31-40 College Point Boulevard
Queens, NY 11354
(40.76751, -73.84146)"
Champlain (V) LCD Landfill,11104 State Route 9,,Champlain,NY,12919,Clinton,5,5182984152,Village of Champlain,Municipal,Landfill - land clearing debris,[10D19],Yes,622930,4982521,4 - GIS Assisted,,10D19,,,"11104 State Route 9
Champlain, NY 12919
(44.98339, -73.44551)"
Brownville Transfer Station,18554 Game Farm Road,,Dexter,NY,13634,Jefferson,6,3156396266,Town of Brownville,Municipal,Transfer facility - source separated recyclables - registration,[23T30008],Yes,419405,4873490,1 - No accuracy stated,Metals (Ferrous & Non-Ferrous);Electronics;Paperboard/Boxboard,23T30008,02/13/2024,02/12/2029,"18554 Game Farm Road
Dexter, NY 13634
(44.01139, -76.00388)"
Caroga Transfer Station,PO Box 28,,Johnstown,NY,12095,Fulton,5,5187365501,Fulton County,County,Transfer facility - less than 50 tpd - registration,[18T10002],Yes,542731,4771071,,MSW (Residential/Institutional & Commercial);Single Stream;Metals (Ferrous & Non-Ferrous);Electronics;Waste Oil (Other),18T10002,07/02/2023,07/01/2028,
Valentine Auto Wrecking,873 Route 39,,Forestville,NY,14062,Chautauqua,9,7169652929,David N. Valentine,Private,VDF - registration,[07V50040],Yes,160044,4708860,1 - No accuracy stated,End of Life Vehicles VDFs,07V50040,12/18/2023,12/18/2028,"873 Route 39
Forestville, NY 14062
(42.45799, -79.13474)"
Bens Tire Center Inc.,540 East Delavan Avenue,,Buffalo,NY,14211,Erie,9,7168910281,Craig E. Santos Jr.,Private,Motor vehicle repair shop - registration,[15V40078],Yes,186828,4759307,1 - No accuracy stated,End of Life Vehicles VDFs,15V40078,03/01/2021,03/01/2026,"540 East Delavan Avenue
Buffalo, NY 14211
(42.92202, -78.83683)"
Cornell's Used Auto Parts LLC,62 South Greenfield Road,,Greenfield Center,NY,12833,Saratoga,5,5188930151,Casey Cornell,Private,Motor vehicle repair shop - registration,[45V40033],Yes,592936,4775273,1.1 - Obtained from original submission and unverified process,End of Life Vehicles VDFs,46V40033,08/15/2023,08/14/2028,"62 South Greenfield Road
Greenfield Center, NY 12833
(43.12464, -73.85729)"
Calgon Carbon Corporation,415 Bryant Street/476 Niagara Parkway,,North Tonawanda,NY,14120,Niagara,9,7165319113,Calgon Carbon Corporation,Private,Transfer facility - permit,[32TP0003],Yes,184900,4772053,4.2 - Utilization of GIS and existing spatial data,Spent Carbon,9-2912-00263/00002,08/09/2023,11/28/2028,"415 Bryant Street/476 Niagara Parkway
North Tonawanda, NY 14120
(43.03668, -78.86817)"
Ruby Lake Glass; LLC,493 State Rte 28,,Richfield Springs,NY,13439,Herkimer,6,3158580055,Cynthia Andela,Private,RHRF - 5 tpd or less - registration,[22R10008],Yes,499769,4747550,,Glass,22R10008,01/07/2025,01/06/2030,"493 State Rte 28
Richfield Springs, NY 13439
(42.88025, -75.0027)"
Community Compost/Arrowhead Farm,5941 Route 209,,Kerhonkson,NY,12446,Ulster,3,8457873478,Arrowhead Farm Agricultural Center,Private,Composting - SSO - registration,[56P20001],Yes,560082,4626047,,Food Scraps;Yard Trimmings,56P20001,06/29/2023,06/28/2026,"5941 Route 209
Kerhonkson, NY 12446
(41.78585, -74.27665)"
Hakes C&D Disposal Inc,4376 Manning Ridge Road,,Painted Post,NY,14870,Steuben,8,6079376044,Russell Anderson,Private,Landfill - C&DD - permit,[51LC0300],Yes,325746,4675038,4.1 - Address Matching,Construction & Demolition Debris,8-6430-00010/00001,12/19/2019,11/10/2023,"4376 Manning Ridge Road
Painted Post, NY 14870
(42.21585, -77.11039)"
Vespa Sand & Gravel LCD,Cemetary Road,,Felts Mills,NY,13638,Jefferson,6,3157886330,John Vespa Inc.,Private,Landfill - land clearing debris,[23D31],Yes,438897,4873319,4.1 - Address Matching,Land Clearing Debris,23D31,08/16/2008,,
Wills Wrecker,24913 Allen Road,,Lafargeville,NY,13656,Jefferson,6,3154825859,Thomas P. Wills,Private,Motor vehicle repair shop - registration,[23V40020],Yes,430208,4904200,4.1 - Address Matching,End of Life Vehicles VDFs,23V40020,11/21/2024,11/20/2029,"24913 Allen Road
Lafargeville, NY 13656
(44.28778, -75.87441)"
Thaddeus Polczynski,12120 Brayton Road,,Poland,NY,13431,Herkimer,6,3153603755,New England Waste Services of ME. Inc; DBA Casella Organics,,Land application - UFPW - registration,[22A30019],Yes,0,0,1 - No accuracy stated,Sludge (Papermill),22A30019,08/13/2025,08/12/2030,"12120 Brayton Road
Poland, NY 13431
(43.2207, -75.08509)"
Queensbury Transfer Station (Ridge Rd),1396 Ridge Road,,Queensbury,NY,12804,Warren,5,5187454479,Town of Queensbury,Municipal,Transfer facility - less than 50 tpd - registration,[57T10006],Yes,611614,4805340,,MSW (Residential/Institutional & Commercial);White Goods;Tree Debris;Yard Trimmings;Electronics;Corrugated Cardboard;Commingled Plastics;Container Glass;Magazines;Newspaper;Tin & Aluminum Containers,57T10006,08/14/2023,08/13/2028,"1396 Ridge Road
Queensbury, NY 12804
(43.39247, -73.62315)"
JMI Frew Run SWMF,1060 Frew Run Road,,Carroll,NY,14738,Chautauqua,9,7166645108,Jamestown Macadam; Inc.,Private,CDDHRF - concrete rock brick - registration,[07C10064],Yes,158546,4662446,4.2 - Utilization of GIS and existing spatial data,Concrete;Brick;Rock,07C10064,06/23/2023,06/23/2028,"1060 Frew Run Road
Carroll, NY 14738
(42.03832, -79.12894)"
Marks Disposal Service Inc. DBA Marks Auto Parts,1970 William Street,,Buffalo,NY,14206,Erie,9,7168961616,Martin Marks,Private,VDF - registration,[15V50022],Yes,189887,4755064,1 - No accuracy stated,End of Life Vehicles VDFs,15V50022,08/21/2024,08/21/2029,"1970 William Street
Buffalo, NY 14206
(42.88507, -78.79669)"
Hope Solid Waste and Recyclables Collection Site,Route 30,,Hope,NY,12134,Hamilton,5,5189243400,Town of Hope,Municipal,RHRF - registration,[21R30003],Yes,561314,4794921,,,21R30003,07/26/2022,07/26/2027,
R + M Gallo Auto LLC,2069 Drake Road,,Brockport,NY,14420,Monroe,8,5856375000,Richard Gallo,Private,VDF - registration,[28V51007],Yes,260745,4792022,,End of Life Vehicles VDFs,28ZV51007,10/30/2025,10/30/2030,"2069 Drake Road
Brockport, NY 14420
(43.24294, -77.94636)"
Metal Recovery LLC,1680 Flat Street,,Penn Yan,NY,14527,Yates,8,3155366194,Ross Newcomb,Private,VDF - registration,[62V50010],Yes,331782,4727685,1 - No accuracy stated,Scrap Metal - Aluminum ;Refrigerant;Diesel Fuel;Gasoline;Engine Coolant/Antifreeze;Scrap Metal - Ferrous ;Lead-acid Batteries;Waste Tire;Window Washing Fluid,62V50010,09/13/2019,09/12/2024,"1680 Flat Street
Penn Yan, NY 14527
(42.68415, -77.05242)"
Crushed Products Inc,320 Bridge Street,,Syracuse,NY,13209,Onondaga,7,3154686225,Crushed Products Inc.,Private,CDDHRF - uncontaminated soil sand gravel rock - registration,[34C60017],Yes,400941,4768840,,Soil (Clean);Sand;Gravel;Rock,34C10017,05/24/2023,05/24/2028,"320 Bridge Street
Syracuse, NY 13209
(43.06558, -76.21651)"
Scott Smith's 24 Hour Towing Svc.,103 Railroad Street,,Malone,NY,12953,Franklin,5,5184830776,Scott Smith,Private,VDF - registration,[17V50006],Yes,555253,4966834,1 - No accuracy stated,End of Life Vehicles VDFs,17V50006,07/29/2024,07/28/2029,"103 Railroad Street
Malone, NY 12953
(44.85229, -74.30023)"
Bedford Farm,3955 County Hwy 29,,Jefferson,NY,12093,Schoharie,4,6072878505,New England Waste Services of ME; Inc. DBA Casella Organics,,Land application - UFPW - registration,[48A33601],Yes,525021,4701826,,Sludge (Papermill),48A33601,12/30/2024,12/29/2029,"3955 County Hwy 29
Jefferson, NY 12093
(42.47152, -74.69538)"
Middletown Carting LLC (Auto Wreckers),83-85 Industrial Place Ext,,Middletown,NY,10940,Orange,3,8453438011,John Carbone,Private,VDF - registration,[36V50011],Yes,549451,4590317,,End of Life Vehicles VDFs;Scrap Metal - Aluminum ;Scrap Metal - Ferrous ;Scrap Metal - Non-ferrous,,,,"83-85 Industrial Place Ext
Middletown, NY 10940
(41.46061, -74.40922)"
Sheehan Equipment Corp - Scrap Yard,325 State Highway 11B,,Potsdam,NY,13676,St. Lawrence,6,3152658427,James Sheehan,Private,Scrap metal processor - registration,[45V30034],Yes,504312,4946363,4.1 - Address Matching,Scrap Metal - Aluminum ;Scrap Metal - Ferrous ;Scrap Metal - Non-ferrous ;Steel,45V30034,11/17/2022,11/16/2027,"325 State Highway 11B
Potsdam, NY 13676
(44.67263, -74.94747)"
Teets & Sons Scrap Metal Recycling - Groton,954 Salt Rd,,Groton,NY,13073,Tompkins,7,,Richard Teeter Jr.,Private,Scrap metal processor - registration,[55V30011],Yes,391244,4719364,,Scrap Metal - Aluminum ;Scrap Metal - Ferrous ;Scrap Metal - Non-ferrous ;End of Life Vehicles VDFs;Lead Weights,55V30011,05/07/2025,05/06/2030,"954 Salt Rd
Groton, NY 13073
(42.61915, -76.32511)"
Osceola Transfer Station,2009 Church Street,,Osceola,NY,13316,Lewis,6,3155998891,Town of Osceola,Municipal,Transfer facility - less than 50 tpd - registration,[25T10004],Yes,442566,4816491,1 - No accuracy stated,MSW (Residential/Institutional & Commercial),25T10004,01/30/2024,01/29/2029,"2009 Church Street
Osceola, NY 13316
(43.49991, -75.71932)"
Grist Iron Brewing LLC,4880 State Route 414,,Burdett,NY,14818,Schuyler,8,6078822739,Grist Iron Brewing LLC,Private,Land application - UFPW - registration,[49A30005],Yes,346544,4703680,4 - GIS Assisted,Unrecognizable Food Processing Waste,49A30005,02/05/2025,02/05/2030,"4880 State Route 414
Burdett, NY 14818
(42.46998, -76.86727)"
Lake Immunogenics; Inc.,348 Berg Rd,,Ontario; NY,NY,14519,Wayne,8,5852651973,Lake Immunogenics,Private,RMW - treatment at the site of generation - registration,[59J20017],Yes,308228,4790178,1 - No accuracy stated,Regulated Medical Waste,59J20017,09/13/2022,09/12/2027,
Moore Recycling LLC,1456 Route 9,,Keeseville,NY,12944,Essex,5,5188347571,Tanner & Troy Baraby,Private,Scrap metal processor - registration,[16V30002],Yes,620532,4927443,,Scrap Metal - Ferrous ;Scrap Metal - Non-ferrous ;Scrap Metal - Aluminum,16V30002,07/25/2024,07/24/2029,"1456 Route 9
Keeseville, NY 12944
(44.4903, -73.48472)"
Oswego County Transfer Station,700 East Seneca Street,,Oswego,NY,13126,Oswego,7,3155919200,Oswego County DSW,County,Transfer facility - less than 50 tpd - registration,[38T10023],Yes,380147,4813918,4.2 - Utilization of GIS and existing spatial data,MSW (Residential/Institutional & Commercial);Construction & Demolition Debris;Waste Tires;Electronics;Waste Oil (Other);Single Stream;Metals (Ferrous & Non-Ferrous),38T10023,05/30/2024,05/29/2029,"700 East Seneca Street
Oswego, NY 13126
(43.4678, -76.48079)"
Gernatt Asphalt Products; Inc. - Springville Plant,13650 Benz Drive,,Concord,NY,14141,Erie,9,7165923371,Gernatt Asphalt Products; Inc.,Private,CDDHRF - concrete; rock; brick; asphalt pavement or millings - registration,[15C90108],Yes,199999,4711965,4.2 - Utilization of GIS and existing spatial data,Concrete;Asphalt Pavement;Asphalt Millings;Brick,15C90108,11/22/2023,11/22/2028,"13650 Benz Drive
Concord, NY 14141
(42.5026, -78.65091)"
Busti Auto Parts LLC,3383 Busti Stillwater Road,,Jamestown,NY,14701,Chautauqua,9,7164848930,Daniel Eyler,Private,VDF - registration,[07V50045],Yes,145842,4662879,4.2 - Utilization of GIS and existing spatial data,End of Life Vehicles VDFs,07V50045,01/25/2024,01/25/2029,"3383 Busti Stillwater Road
Jamestown, NY 14701
(42.03842, -79.27948)"
Waste Recovery Enterprises Inc,122 Valley View Road,,Unadilla,NY,13849,Otsego,4,6075632616,National Waste Management Holdings; Inc.,Private,Transfer facility - permit,[39TP6255],Yes,466595,4685459,,Construction & Demolition Debris;MSW (Residential/Institutional & Commercial);Single Stream;Metals (Ferrous & Non-Ferrous),4-3662-00002/00007,01/27/2021,01/26/2031,"122 Valley View Road
Unadilla, NY 13849
(42.32184, -75.40668)"
Otsego County Chapter NYSARC; Inc.,23 Duane Street,,Oneonta,NY,13820,Otsego,4,6073537831,Otsego County Chaper NYSARC; Inc.,County,RHRF - registration,[39R31201],Yes,493264,4699363,4 - GIS Assisted,Plastic,39R31201,02/28/2024,02/27/2029,"23 Duane Street
Oneonta, NY 13820
(42.44674, -75.08181)"
Brooklyn C&D LLC,548 Varick Avenue,,Brooklyn,NY,11222,Kings,2,7183497555,Brooklyn C&D LLC,Private,C&D processing - permit,[24W36],Yes,589990,4508820,2.1 - NYSDEC 100 m grid collection,Construction & Demolition Debris;Metal (Structural);Concrete,2-6101-00065/00005,09/07/2021,06/26/2022,"548 Varick Avenue
Brooklyn, NY 11222
(40.72527, -73.93486)"
Middletown TS (T),46530 NY-30,,Margaretville,NY,12455,Delaware,4,8458564533,Town of Middletown,Municipal,Transfer facility - less than 50 tpd - registration,[13T14601],Yes,533264,4671652,1 - No accuracy stated,MSW (Residential/Institutional & Commercial);Construction & Demolition Debris,13T14601,10/16/2023,10/15/2028,
Crown Recycling Facility,865 Youngs Ave.,,Riverhead,NY,11901,Suffolk,1,6317273939,Crown Sanitation,Private,CDDHRF - permit,[52CP0248],Yes,691869,4535154,4.2 - Utilization of GIS and existing spatial data,Construction & Demolition Debris;Tree Debris;Concrete;Wood (Unadulterated);Paper / Cardboard,1-4730-00371/00001,05/16/2025,05/15/2027,"865 Youngs Ave.
Riverhead, NY 11901
(40.94597, -72.71721)"
NH Kelman UBC Processing,112 Karner Road,,Colonie,NY,12212,Albany,4,5182375133,Nathan H Kelman Inc.,Private,RHRF - registration,[01R32601],Yes,593592,4730681,3.6 - Unknown type,Plastic;Other Aluminum Scrap Metal,01R32601,07/10/2024,07/09/2029,"112 Karner Road
Colonie, NY 12212
(42.7232, -73.85764)"
Repurposed Organics LLC,10241 Route 430,,Sherman,NY,14781,Chautauqua,9,7162344026,R Chadwick Schofield,Private,Land application - UFPW - registration,[07A30003],Yes,121555,4689164,1.1 - Obtained from original submission and unverified process,Unrecognizable Food Processing Waste,07A30003,07/16/2023,07/16/2028,"10241 Route 430
Sherman, NY 14781
(42.12287, -79.72628)"
Twin Tier Tire Factory,1717 Grand Central Avenue,,Elmira Heights,NY,14903,Chemung,8,6074421371,Lev Wolkowicki,Private,WTHRF - permit,[08WP0018],Yes,349751,4665443,,Tire,8-0734-00209/00001,10/14/2022,09/13/2027,"1717 Grand Central Avenue
Elmira Heights, NY 14903
(42.1268, -76.81741)"
Mayville Transfer Station and Recycling Facility,96 Morris Street,,Mayville,NY,14757,Chautauqua,9,7167532013,Village of Mayville,Municipal,Transfer facility - less than 50 tpd - registration,[07T10038],Yes,128504,4686534,4.2 - Utilization of GIS and existing spatial data,MSW (Residential/Institutional & Commercial);Waste Tires;Electronics;Commingled Plastics;Commingled Paper;Tin & Aluminum Containers;Container Glass,07T10038,01/11/2024,01/11/2029,"96 Morris Street
Mayville, NY 14757
(42.24275, -79.50262)"
Jeff Sanitation,5239 State Route 52,,Jeffersonville,NY,12748,Sullivan,3,8454820926,James Hughson,,Transfer facility - permit,[53TP0001],Yes,504713,4622887,,,3-4826-00119/00001,06/02/2023,06/01/2027,"5239 State Route 52
Jeffersonville, NY 12748
(41.75768, -74.94338)"
East Side Transfer Station,793 South Ogden Street,,Buffalo,NY,14206,Erie,9,7168230795,City of Buffalo,Municipal,Transfer facility - permit,[15TP0096],Yes,189627,4754929,4.2 - Utilization of GIS and existing spatial data,,9-1402-00567/00011,11/26/2021,11/25/2031,"793 South Ogden Street
Buffalo, NY 14206
(42.88329, -78.80113)"
Quinn's Ag Service LLC,222 Circle Drive West,,Canastota,NY,13032,Madison,7,3152645679,Tyler Quinn,Private,Land application - Third Party CAFO Applier - registration,[27A60025],Yes,439996,4769394,4 - GIS Assisted,Manure,27A60025,02/08/2024,02/08/2029,"222 Circle Drive West
Canastota, NY 13032
(43.07385, -75.73762)"
Dockside Transport Corp.,4 Hampton Road,,Oceanside,NY,11572,Nassau,1,,Dockside Transport Corp.,Private,CDDHRF - concrete rock brick - registration,[30C10160],Yes,613973,4497280,4.2 - Utilization of GIS and existing spatial data,Concrete;Brick;Rock,160,09/20/2022,09/19/2027,"4 Hampton Road
Oceanside, NY 11572
(40.61842, -73.65232)"
Old Reservoir Site,Reservoir Hill Road,,Candor,NY,13743,Tioga,7,6076597966,Village of Candor,Municipal,Landfill - land clearing debris,[54D02],Yes,390900,4674200,1 - No accuracy stated,Tree Debris;Leaves & Grass,54D02,04/19/2012,,
Bedrock Materials LLC,83B Broadway,,Greenlawn,NY,11740,Suffolk,1,6317575511,Mario Pulvirenti,Private,CDDHRF - uncontaminated soil sand gravel rock - registration,[52C60374],Yes,637739,4525310,,Soil (Clean);Sand;Rock;Gravel,52-0374,03/15/2022,03/15/2027,"83B Broadway
Greenlawn, NY 11740
(40.86783, -73.36487)"
Bradley Farms,1543 Maple Ave.,,Elmira,NY,14904,Chemung,8,6077323231,Dan Hurley,Private,C&D processing - registration,[08W01],Yes,352557,4657679,1 - No accuracy stated,Tree Debris;Wood (Unadulterated),08W01,08/30/2012,,"1543 Maple Ave.
Elmira, NY 14904
(42.05759, -76.78206)"
Halsted Processing Shale Mine,312 Old Plank Road,,Coxsackie,NY,12051,Greene,4,5183653754,John E. Halsted,Private,CDDHRF - concrete; rock; brick; asphalt pavement or millings - registration,[20C92801],Yes,594397,4689872,3 - Global Positioning System (GPS),CARB (concrete; asphalt; rock; brick),20C92801,03/03/2025,03/02/2030,"312 Old Plank Road
Coxsackie, NY 12051
(42.35173, -73.85511)"
Kinsella Food Waste Composting Site,8086 East Genesee Street,,Fayetteville,NY,13066,Onondaga,7,3156373390,Thomas P. Kinsella,Private,Composting - SSO - registration,[34P20034],Yes,500000,4760815,4.1 - Address Matching,Food Scraps,34P20034,10/25/2022,10/24/2027,"8086 East Genesee Street
Fayetteville, NY 13066
(43.03891, -75.96688)"
Recycle America - WMNY Syracuse MRF,4550 Steelway Boulevard South,,Liverpool,NY,13090,Onondaga,7,3152330210,Waste Management of NY LLC,,RHRF - permit,[34RP0053],Yes,402546,4775764,4.3 - Utilization of Digital Orthophoto Quads,Commingled Paper;Glass;Commingled Containers;Commingled Recyclables;Source Separated Recyclables (Metal/Glass/Paper/Plastic);Newspaper;Office Paper;Metals (Non-Ferrous);Metals (Ferrous);Plastics,7-3124-00327/00005,08/12/2019,08/11/2029,"4550 Steelway Boulevard South
Liverpool, NY 13090
(43.12811, -76.19825)"
North Shore Terminal,2537 Richmond Terrace,,Staten Island,NY,10303,Richmond,2,7185560800,North Shore Terminal; Staten Island LLC,,CDDHRF - concrete rock brick - registration,[43C10006],Yes,572313,4498927,4.2 - Utilization of GIS and existing spatial data,Concrete;Brick;Rock,43C10006,07/09/2021,07/08/2026,"2537 Richmond Terrace
Staten Island, NY 10303
(40.63784, -74.14548)"
Washington County Compost Facility,1612 State Route 196,,Hudson Falls,NY,12839,Washington,5,5189558013,Washington CountySewer District #2,Municipal,Composting - biosolids/other - permit,[58PP0014],Yes,620400,4796100,4.3 - Utilization of Digital Orthophoto Quads,Biosolids;Woodchips,5-5344-00063/00001,02/06/2024,02/05/2029,
Western Wayne Co Regional WWTP,613 E Main Street,,Palmrya,NY,14522,Wayne,8,3159861929,Wayne County Water and Sewer Authority,,Composting - biosolids/other - permit,[59PP0019],Yes,0,0,4.3 - Utilization of Digital Orthophoto Quads,,8-5436-00127/00003,06/30/2022,06/30/2027,"613 E Main Street
Palmrya, NY 14522
(43.06206, -77.21831)"
CLEAN Recycling Center and TS,5766 Federal Road,,Conesus,NY,14435,Livingston,8,5855079972,Town of Conesus,Municipal,Transfer facility - less than 50 tpd - registration,[26T10003],Yes,281505,4735399,1 - No accuracy stated,Construction & Demolition Debris;MSW (Residential/Institutional & Commercial);Single Stream,26T10003,03/06/2024,03/06/2029,"5766 Federal Road
Conesus, NY 14435
(42.73993, -77.66948)"
HH Rauh Paving,2209 Allen Street Ext.,,Jamestown,NY,14701,Chautauqua,9,7166641900,John Rauh,Private,CDDHRF - concrete; rock; brick; asphalt pavement or millings - registration,[07C90070],Yes,152438,4670533,4.2 - Utilization of GIS and existing spatial data,Concrete;Asphalt Millings,07C90070,06/20/2025,06/20/2030,"2209 Allen Street Ext.
Jamestown, NY 14701
(42.11044, -79.20328)"
Oneida-Herkimer Western Transfer Station,575 Perimeter Road,,Rome (C),NY,13440,Oneida,6,3153390288,Oneida Herkimer SWMA,Municipal,Used oil - permit,[33QP0001],Yes,469000,4783400,4.3 - Utilization of Digital Orthophoto Quads,,6-3013-00029/00012,03/01/2024,02/28/2034,"575 Perimeter Road
Rome (C), NY 13440
(43.20709, -75.39433)"
LockCity Scrap Metals,570 West Avenue,,Lockport,NY,14094,Niagara,9,7164780594,Edward Arnold Scrap Processors Inc.,Private,Scrap metal processor - registration,[32V30022],Yes,197823,4785946,1 - No accuracy stated,Scrap Metal - Aluminum ;Scrap Metal - Ferrous ;Scrap Metal - Non-ferrous,32V30022,02/10/2025,02/10/2030,"570 West Avenue
Lockport, NY 14094
(43.16597, -78.71722)"
M&T Materials LLC,1403 Millburn Drive,,Conklin,NY,13748,Broome,7,6077755030,Boland's Excavating & Topsoil,Private,CDDHRF - uncontaminated unadulterated wood - registration,[04C50025],Yes,433861,4653290,4.1 - Address Matching,Wood (Unadulterated Pallets),04C50025,11/10/2025,11/09/2030,"1403 Millburn Drive
Conklin, NY 13748
(42.03005, -75.80111)"
Robert's Scrap Processing,135 Hemlock Hill Rd,,Whitney Point,NY,13862,Broome,7,6076927510,Robert Womack,Private,VDF - registration,[04V50030],Yes,422204,4694304,4 - GIS Assisted,End of Life Vehicles VDFs;Waste Tire;Window Washing Fluid;Scrap Metal - Non-ferrous ;Scrap Metal - Ferrous ;Scrap Metal - Aluminum ;Refrigerant;Iron;Mercury Switches;Gasoline,04V50030,04/23/2024,04/23/2029,"135 Hemlock Hill Rd
Whitney Point, NY 13862
(42.39656, -75.94484)"
Tompkins County Recycling and SW Center,160 Commercial Ave.,,Ithaca,NY,14850,Tompkins,7,6072732307,Tompkins County SWM Division,Municipal,HHW collection facility - permit,[55HP0012],Yes,375068,4698011,,,7-5007-00073/00001,09/01/2019,08/31/2029,"160 Commercial Ave.
Ithaca, NY 14850
(42.42403, -76.51829)"
Inwood Material Terminal LLC ( IMT-Oceanside),4001 Daly Boulevard,,Oceanside,NY,11572,Nassau,1,,2128 Grove LLC,Private,CDDHRF - uncontaminated soil sand gravel rock - registration,[30C60167],Yes,614156,4497461,1 - No accuracy stated,Soil (Clean);Sand;Rock;Gravel,167,08/14/2023,08/08/2028,"4001 Daly Boulevard
Oceanside, NY 11572
(40.61893, -73.65072)"
American Paper Mills Supply LLC,15 South Depot plaza,,Tarrytown,NY,10591,Westchester,3,9146318285,American Paper Mills Supply LLC,Private,RHRF - registration,[60R20001],Yes,595494,4547816,,Commingled Containers;Paperboard/Boxboard;Office Paper;Mixed Commercial,60R20001,06/03/2024,06/02/2028,"15 South Depot plaza
Tarrytown, NY 10591
(41.07531, -73.86453)"
Riccelli - Northern; LLC - Junius Plant,743 Route 318,,Junius,NY,13069,Seneca,8,3154338581,Riccelli - Northern; LLC,Private,CDDHRF - concrete rock brick - registration,[50C10009],Yes,343732,4757602,,Concrete;Brick;Rock,50C10009,02/26/2020,02/26/2025,"743 Route 318
Junius, NY 13069
(42.95437, -76.91578)"
Monroe County Compost Facility - Van Lare,1574 Lake Shore Blvd.,,Rochester,NY,14617,Monroe,8,,Monroe County Dept. of Environmental Services,County,Composting - SSO - registration,[28P20004],Yes,290976,4790557,4 - GIS Assisted,Source Separated Organic Waste (SSOW);Food Scraps,28P20004,01/18/2024,01/17/2029,"1574 Lake Shore Blvd.
Rochester, NY 14617
(43.24093, -77.57355)"
Try Recycling Services LLC,135 South Second St.,,Bayshore,NY,11706,Suffolk,1,6315861165,Try Recycling Services LLC,Private,Transfer facility - permit,[52TP0445],Yes,644373,4514368,4.3 - Utilization of Digital Orthophoto Quads,MSW (Residential/Institutional & Commercial);Construction & Demolition Debris;Commingled Paper & Containers;Metals (Ferrous & Non-Ferrous);Commingled Plastics;Tree Debris,1-4728-01451/00001,07/01/2017,06/30/2022,"135 South Second St.
Bayshore, NY 11706
(40.76728, -73.28925)"
Walkley Site #1,6600 Lamont Road,,Pike,NY,14427,Wyoming,9,5854560822,Richard Boone,Private,Land application - septage - registration,[61A40003],Yes,245281,4718901,1 - No accuracy stated,Septage,61A40003,11/01/2023,11/01/2028,"6600 Lamont Road
Pike, NY 14427
(42.58153, -78.10382)"
Earth Matter Compost Learning Center,758 Enright Rd,,Governers Island,NY,10004,New York,2,7186858460,Earth Matter NY; Inc.,,Composting - SSO - registration,[31P20023],Yes,582741,4504438,4.2 - Utilization of GIS and existing spatial data,Leaves;Yard Trimmings;Wood/Brush;Food Scraps,31P20023,02/12/2025,02/11/2030,"758 Enright Rd
Governers Island, NY 10004
(40.68673, -74.02093)"
Recycling Crushing Technology; Inc.,27 Commerce Street,,Poughkeepsie,NY,12603,Dutchess,3,8454718700,Commerce Street Holdings; LLC,Private,CDDHRF - concrete; rock; brick; asphalt pavement or millings - registration,[14C90002],Yes,595261,4615369,,Concrete;Asphalt;Brick;Rock,14W03,,,"27 Commerce Street
Poughkeepsie, NY 12603
(41.6843, -73.85524)"
JJ Alishauskas; Inc.,802 County Road 320,,Norwich,NY,13815,Chenango,7,6073366647,Dave Bohndorf,Private,Storage - manure & food processing waste - registration,[09A20011],Yes,461200,4714450,4 - GIS Assisted,Unrecognizable Food Processing Waste,09A20011,04/12/2023,05/04/2028,"802 County Road 320
Norwich, NY 13815
(42.57194, -75.54716)"
Adirondack Worm Farm,235 New Swamp Road,,Hudson Falls,NY,12839,Washington,5,5186154696,Adirondack Worm Farm,Private,Composting - SSO - registration,[58P20019],Yes,758025,1639370,,Food Scraps;Grass Clippings;Leaves;Wood/Brush,58P20019,11/04/2021,11/03/2026,"235 New Swamp Road
Hudson Falls, NY 12839
(43.32831, -73.49969)"
Village Motors Auto Sales; LLC,44 Old Mohawk St,,Whitesboro,NY,13492,Oneida,6,,Matthew Shannon,,VDF - registration,[33V50034],Yes,476650,4774746,1 - No accuracy stated,End of Life Vehicles VDFs,33V50034,05/01/2023,04/30/2028,"44 Old Mohawk St
Whitesboro, NY 13492
(43.12465, -75.2874)"
T J Clement Construction Co Inc - Black River,Route 342,,Black River,NY,13612,Jefferson,6,,Clement Enterprises Inc,Private,C&D processing - registration,[23W01],Yes,435019,4873137,4.3 - Utilization of Digital Orthophoto Quads,Soil (Clean);Rock;Concrete;Asphalt,23W01,11/13/2008,,
Bistrian Gravel Corp,225 Spring Fireplace Rd.,,East Hampton,NY,11937,Suffolk,1,6313241123,Fireplace Development Corp,Private,Composting - yard waste - permit,[52Y22],Yes,737802,4540854,4.3 - Utilization of Digital Orthophoto Quads,Yard Trimmings,1-4724-00001/00006,12/22/2016,12/21/2021,"225 Spring Fireplace Rd.
East Hampton, NY 11937
(40.98727, -72.1726)"
Providence Transfer Station,375 Centerline Road,,Middle Grove,NY,12850,Saratoga,5,5188826541,Town of Providence,Municipal,Transfer facility - less than 50 tpd - registration,[46T10019],Yes,575876,4772406,,MSW (Residential/Institutional & Commercial);Yard Trimmings;Single Stream,46T10019,10/16/2024,10/15/2029,"375 Centerline Road
Middle Grove, NY 12850
(43.10401, -74.05986)"
Skyway Auto Parts/Recycling,637 Tifft Street,,Buffalo,NY,14220,Erie,9,7168242050,Metalico; Inc.,Private,Scrap metal processor - registration,[15V30003],Yes,186516,4750765,4.2 - Utilization of GIS and existing spatial data,Scrap Metal - Ferrous ;Scrap Metal - Non-ferrous,15V30003,09/20/2023,09/20/2028,"637 Tifft Street
Buffalo, NY 14220
(42.84667, -78.8362)"
MJ Landscaping and Excavation; Inc.,2003 Clinton Street,,Bennington,NY,14011,Wyoming,9,7164328284,Amy Justinger,,CDDHRF - concrete rock brick - registration,[61C10018],Yes,226652,4748147,4.2 - Utilization of GIS and existing spatial data,Concrete;Brick,61C10018,07/10/2023,07/10/2028,"2003 Clinton Street
Bennington, NY 14011
(42.83623, -78.34474)"
Edward Ozog,213 Brayton Rd.,,Poland,NY,13431,Herkimer,6,3155340222,New England Waste Services of ME. Inc; DBA Casella Organics,Private,Land application - UFPW - registration,[22A30018],Yes,0,0,1 - No accuracy stated,Sludge (Papermill),22A30018,08/13/2025,08/12/2030,"213 Brayton Rd.
Poland, NY 13431
(43.21452, -75.06952)"
S&M Prompt Rubbish Removal Service Inc,7 Linden Place,,Oceanside,NY,11572,Nassau,1,5167642950,Salvatore Mancuso,Private,WTHRF - permit,[30WP0141],Yes,614010,4497743,,Waste Tires;Tire;Tire (Chips),1-2820-94784/00001,04/30/2021,04/29/2026,
Ley Creek TS,5158 Ley Creek Drive,,Liverpool,NY,13088,Onondaga,7,3154532866,Onondaga County Resource Recovery Agency,County,Transfer station - permit,[34TP0037],Yes,405285,4771172,4.2 - Utilization of GIS and existing spatial data,Commingled Paper & Containers;Construction & Demolition Debris;MSW (Residential/Institutional & Commercial);Corrugated Cardboard;Metals (Ferrous & Non-Ferrous);Waste Tires,7-3148-00048/00003,03/03/2014,03/02/2024,"5158 Ley Creek Drive
Liverpool, NY 13088
(43.08809, -76.16176)"
Bay Auto Parts & Recycling Inc.,360 Atlantic Avenue,,Bellport,NY,11713,Suffolk,1,6312864500,Michael Isalano,Private,VDF - registration,[52V50277],Yes,672563,4515674,4.3 - Utilization of Digital Orthophoto Quads,End of Life Vehicles VDFs,52-0277,,,"360 Atlantic Avenue
Bellport, NY 11713
(40.77405, -72.95521)"
Smithtown Municipal Services Facility,85 Old Northport Rd,,Kings Park,NY,11754,Suffolk,1,6312696600,Town of Smithtown,Municipal,Transfer facility - permit,[52TP0256],Yes,646582,4527422,4.3 - Utilization of Digital Orthophoto Quads,Yard Waste;Tree Debris;Construction & Demolition Debris;Yard Trimmings,1-4734-01810/00002,09/23/2025,09/22/2035,"85 Old Northport Rd
Kings Park, NY 11754
(40.87325, -73.27338)"
John T Montecalvo Inc,1217 Speonk-Riverhead Road,,Speonk,NY,11972,Suffolk,1,6313251492,John T. Montecalvo,Private,CDDHRF - asphalt pavement and millings - registration,[52C20379],Yes,694091,4523881,4.3 - Utilization of Digital Orthophoto Quads,Asphalt Pavement;Asphalt Millings;Sand;Rock;Soil (Clean),52C20379,06/10/2022,06/09/2027,"1217 Speonk-Riverhead Road
Speonk, NY 11972
(40.8427, -72.69658)"
Cole Pit,Ingham Road,,Chemung,NY,14892,Chemung,8,6075293532,Town of Chemung,Municipal,C&D processing - registration,[08W02],Yes,370150,4651231,4 - GIS Assisted,Concrete;Gravel;Tree Debris,08W02,01/03/2017,,
Johnson's Auto Crushers Inc,81 Ballard Road,,Wilton,NY,12831,Saratoga,5,5185848110,James V. Johnson,Private,Mobile vehicle crusher - registration,[46V60022],Yes,606398,4779405,,End of Life Vehicles VDFs,46V50022,01/21/2025,01/20/2030,"81 Ballard Road
Wilton, NY 12831
(43.15893, -73.68908)"
7505 Sandlot LLC,7505 Cox Lane,,Cutchogue,NY,11935,Suffolk,1,6312913456,Kenneth McAvoy,Private,CDDHRF - concrete; rock; brick; asphalt pavement or millings - registration,[52C90405],Yes,710137,4545367,,Concrete;Brick;Rock,52-0405,11/14/2023,11/13/2028,"7505 Cox Lane
Cutchogue, NY 11935
(41.03328, -72.49984)"
LaMay & Sons; Inc.,275A East Main Street,,Yaphank,NY,11980,Suffolk,1,6314232740,Greg Lamay Sr.,Private,CDDHRF - uncontaminated soil sand gravel rock - registration,[52C60359],Yes,675986,4522809,,Soil (Clean),52-0359,05/13/2026,05/12/2031,"275A East Main Street
Yaphank, NY 11980
(40.8372, -72.91001)"
North Hudson Transfer Station,Dump Road,,North Hudson,NY,12855,Essex,5,5185327217,Town of North Hudson,County,Transfer facility - less than 50 tpd - registration,[16T10014],Yes,602033,4867685,4 - GIS Assisted,MSW (Residential/Institutional & Commercial),16T10014,07/29/2022,07/29/2027,
Eastchester Leaf Transfer Station,40 Mill Road,,Eastchester,NY,10709,Westchester,3,,Town of Eastchester,Municipal,Transfer facility - less than 50 tpd - registration,[60T10014],Yes,599500,4534000,,Yard Trimmings,60T10014,08/27/2024,08/26/2029,"40 Mill Road
Eastchester, NY 10709
(40.95567, -73.81117)"
A.I.I. Allen Industries Inc (Oceanside Yard),3467  Hampton Road,,Oceanside,NY,11572,Nassau,1,5168050146,William Allen,Private,CDDHRF - uncontaminated soil sand gravel rock - registration,[30C60171],Yes,613843,4498050,,Soil (Clean);Sand;Gravel;Rock,30C60171; 30C90171,07/22/2024,07/21/2029,"3467  Hampton Road
Oceanside, NY 11572
(40.62539, -73.65401)"
Organix Green Industries,2257 County Road 4 Box 142,,Seneca Castle,NY,14547,Ontario,8,5855265427,John Hicks,Private,Composting - yard trimmings - registration,[35P10021],Yes,328012,4751185,,Mixture of Leaves and Grass,35P10021,11/05/2020,11/04/2025,"2257 County Road 4 Box 142
Seneca Castle, NY 14547
(42.89031, -77.10584)"
Bodow Recycling; Inc.,1925 Park Street,,Syracuse,NY,13208,Onondaga,7,3154222552,Andrea Knoller,Private,RHRF - 5 tpd or less - registration,[34R10007],Yes,405057,4769353,4.1 - Address Matching,Paperboard/Boxboard;Office Paper;Other Non-Ferrous Scrap Metal;Other Aluminum Scrap Metal;Other Ferrous Scrap Metal,34R10007,06/26/2023,06/25/2028,"1925 Park Street
Syracuse, NY 13208
(43.07152, -76.1657)"
Rensselaer Iron & Steel Inc,35 Riverside Ave,,Rensselaer,NY,12144,Rensselaer,4,5184651484,Betty Grimmel,Private,Mobile vehicle crusher - registration,[42V61401],Yes,602366,4720069,,End of Life Vehicles VDFs,42V51401,07/22/2025,07/21/2030,"35 Riverside Ave
Rensselaer, NY 12144
(42.63443, -73.74963)"
Almstead Nursery,905 NYS Rt. 66,,Claverack,NY,12534,Columbia,4,9145760193,Richard Almstead,Private,Mulch processing - registration,[11M12801],Yes,0,0,1 - No accuracy stated,Tree Debris,11P22801,06/01/2022,05/31/2027,"905 NYS Rt. 66
Claverack, NY 12534
(42.27486, -73.71925)"
Tupper Lake Transfer Station,131 Little Wolf Pond Road,,Tupper Lake,NY,12986,Franklin,5,5183593350,CFSWMA,Municipal,RHRF - 5 tpd or less - registration,[17R10012],Yes,542604,4900600,4 - GIS Assisted,Container Glass;Mixed Commercial;Plastic;Metals (Ferrous);Metals (Non-Ferrous),17R10012,07/29/2022,07/29/2027,"131 Little Wolf Pond Road
Tupper Lake, NY 12986
(44.25301, -74.47035)"
Montauk Materials LLC,86 Industrial Road,,Montauk,NY,11954,Suffolk,1,6313247396,Montauk Materials LLC,Private,CDDHRF - concrete; rock; brick; asphalt pavement or millings - registration,[52C90336],Yes,755786,4548027,,Soil (Clean);Concrete;Tree Debris,336,04/15/2026,04/14/2031,"86 Industrial Road
Montauk, NY 11954
(41.04162, -71.96076)"
Lockport Recycling Center LLC,178 Oakhurst Street,,Lockport,NY,14094,Niagara,9,7164331371,Lockport Recycling Center LLC,Private,CDDHRF - concrete rock brick - registration,[32C10009],Yes,197648,4786586,4.2 - Utilization of GIS and existing spatial data,Concrete;Brick;Rock,32C10009,05/30/2023,12/26/2028,"178 Oakhurst Street
Lockport, NY 14094
(43.17086, -78.71926)"
Buffalo Recycling Enterprises,266 Hopkins Street,,Buffalo,NY,14220,Erie,9,7164644550,Buffalo Recycling Enterprises; LLC,Private,RHRF - permit,[15RP0013],Yes,187543,4750790,4 - GIS Assisted,,9-1402-00645/00010,03/17/2025,12/09/2033,"266 Hopkins Street
Buffalo, NY 14220
(42.84553, -78.83364)"
Arthur Trovei & Sons Inc,82 Sleepy Hollow Road,,Sparrowbush,NY,12780,Orange,3,8456491142,Arthur Trovei,Private,Scrap metal processor - registration,[36V30001],Yes,523496,4582841,,Scrap Metal - Non-ferrous ;Scrap Metal - Ferrous,36V30001,02/08/2024,02/07/2029,"82 Sleepy Hollow Road
Sparrowbush, NY 12780
(41.39666, -74.71907)"
Truxton (T) Transfer Station,6514 Academy Street,,Truxton,NY,13159,Cortland,7,6078426984,Town of Truxton,Municipal,Transfer facility - less than 50 tpd - registration,[12T10006],Yes,415747,4730586,4 - GIS Assisted,MSW (Residential/Institutional & Commercial);Newspaper;Commingled Containers;Other - Glass;Corrugated Cardboard;Industrial Scrap Metal,12T10006,05/03/2023,05/04/2028,"6514 Academy Street
Truxton, NY 13159
(42.72377, -76.02925)"
Stony Brook University - CMM P-2 Lab,110 Suffolk Hall,Stony Brook University,Stony Brook,NY,11794,Suffolk,1,6316326410,SUNY @ Stony Brook,State,RMW - treatment at site of generation BSL3-FSAP - registration,[52J20316],Yes,658383,4530650,4.3 - Utilization of Digital Orthophoto Quads,Regulated Medical Waste,52J20316,03/27/2026,03/26/2031,"110 Suffolk Hall
Stony Brook, NY 11794
(40.92097, -73.13364)"
Richmond (T) Transfer Station,8690 Main Street,,Honeoye,NY,14471,Ontario,8,5852295757,Town of Richmond,Municipal,RHRF - 5 tpd or less - registration,[35R10007],Yes,294413,4740626,4.1 - Address Matching,Single Stream,35R10007,11/03/2020,11/02/2025,"8690 Main Street
Honeoye, NY 14471
(42.79055, -77.51338)"
Lawton Adams Construction Corp,260 Route 100 Po Box 309,,Somers,NY,10589,Westchester,3,9142323275,Lawton Adams,Private,Mulch processing - registration,[60M10001],Yes,609438,4573892,4 - GIS Assisted,Tree Debris;Wood (Chips),60M10001,02/09/2026,02/08/2027,"260 Route 100 Po Box 309
Somers, NY 10589
(41.32769, -73.68969)"
Gershow Recycling of Riverhead,27 Hubbard Avenue,,Riverhead,NY,11901,Suffolk,1,,Gershow Recycling of Riverhead; Inc.,Private,Scrap metal processor - registration,[52V30413],Yes,698028,4533177,1 - No accuracy stated,Brass;Copper;Electric Motors;Scrap Metal - Aluminum ;Scrap Metal - Ferrous ;Scrap Metal - Non-ferrous ;Steel,52-0413,11/21/2025,11/20/2030,"27 Hubbard Avenue
Riverhead, NY 11901
(40.9263, -72.64833)"
Arkema Inc  (F/K/A Atofina Chemicals Inc),3289 Genesee Street,,Piffard,NY,14533,Livingston,8,,Arkema; Inc.,,Land application - biosolids/septage/other - permit,[26L08],Yes,272516,4743782,4.3 - Utilization of Digital Orthophoto Quads,,8-2452-00006/00039,02/03/2014,03/31/2024,"3289 Genesee Street
Piffard, NY 14533
(42.82784, -77.84666)"
A&L Recycling (A&L Cesspool Service Corp),38-40 Review Avenue,,Long Island City,NY,11101,Queens,2,7187293018,Livio Forte,Private,Used cooking oil & yellow grease processing - permit,[41UP0048],Yes,589982,4509414,,Used Cooking Oil;Water (Waste);Food Scraps;Grease Trap Waste,2-6304-00336/00002,03/27/2015,03/26/2020,"38-40 Review Avenue
Long Island City, NY 11101
(40.73096, -73.9342)"
Posillico Materials East LLC,615 Furrows Road,,Holtsville,NY,11742,Suffolk,1,6312491872,Posillico Materials East LLC,Private,C&D processing - registration,[52W41R],Yes,663678,4519584,4.3 - Utilization of Digital Orthophoto Quads,Asphalt;Brick;Concrete;Soil (Clean);Rock,52W41R,11/02/2017,,"615 Furrows Road
Holtsville, NY 11742
(40.81061, -73.05928)"
Binghamton TS (C),13 - 17 1/2 Broad St,,Binghamton,NY,13901,Broome,7,6077727021,City of Binghamton,Municipal,Transfer facility - less than 50 tpd - registration,[04T10039],Yes,426417,4663624,4.2 - Utilization of GIS and existing spatial data,MSW (Residential/Institutional & Commercial),04T10039,09/17/2025,09/16/2030,"13 - 17 1/2 Broad St
Binghamton, NY 13901
(42.17835, -75.8779)"
Safety Kleen Systems Inc,17 Green Mountain Drive,,Cohoes,NY,12047,Albany,4,5187838080,,,Waste oil storage; reprocessing or rerefining facility,[01O04],Yes,604020,4739498,1 - No accuracy stated,,4-0126-00167/000016,10/22/2013,10/21/2018,"17 Green Mountain Drive
Cohoes, NY 12047
(42.80061, -73.72763)"
Regal Recycling Co. Inc.,172-06 Douglas Avenue,,Jamaica,NY,11433,Queens,2,7185239330,Regal Recycling Company Inc,Private,Transfer facility - permit,[41TP0049],Yes,602416,4506677,,Source Separated Organic Waste;MSW (Residential/Institutional & Commercial);APHIS,2-6307-00008/00007,06/03/2021,05/19/2025,"172-06 Douglas Avenue
Jamaica, NY 11433
(40.70489, -73.78571)"
Bill Herrig's Auto Parts & Repair,5118 Heel Path Road,,Rome,NY,13440,Oneida,6,3153369246,Scott Herrig,Private,Motor vehicle repair shop - registration,[33V40022],Yes,455479,4785140,,End of Life Vehicles VDFs,33V40022,02/04/2020,02/03/2025,"5118 Heel Path Road
Rome, NY 13440
(43.21804, -75.54831)"
Nannini & Callahan Processing Yard,370 Shore Road,,Cornwall,NY,12518,Orange,3,8455349674,Nannini & Callahan Excavating Inc.,Private,CDDHRF - asphalt pavement and millings - registration,[36C20007],Yes,581590,4589621,,Asphalt Pavement;Asphalt Millings,36C20007,11/10/2022,11/30/2023,"370 Shore Road
Cornwall, NY 12518
(41.45279, -74.0214)"
Hainsworth Calf Management,6101 Logan Road,,Mt. Morris,NY,14510,Livingston,8,5857343264,Alan Hainsworth,Private,Storage - biosolids/septage/other - permit,[26AP0001],Yes,272049,4734004,,Sludge (Papermill);Unrecognizable Food Processing Waste,8-2428-00074/00001,02/23/2023,02/22/2028,"6101 Logan Road
Mt. Morris, NY 14510
(42.72461, -77.78452)"
UCRRA New Paltz Transfer Station,1 Clearwater Rd,,New Paltz,NY,12561,Ulster,3,8452556358,,,Transfer facility - permit,[56T03],Yes,578147,4626823,,Construction & Demolition Debris;MSW (Residential/Institutional & Commercial);Sewage Treatment Plant Sludge;Corrugated Cardboard;Metals (Ferrous & Non-Ferrous);Electronics;Waste Tires,3-5138-00089/00001,08/12/2022,08/11/2027,"1 Clearwater Rd
New Paltz, NY 12561
(41.79121, -74.06747)"
Fenix Parts - Binghamton,216 Colesville Road,,Binghamton,NY,13904,Broome,7,6077751542,Fenix Parts; Inc.,Private,VDF - registration,[04V50016],Yes,432112,4662053,4.1 - Address Matching,End of Life Vehicles VDFs,04V50016,05/13/2024,05/12/2029,"216 Colesville Road
Binghamton, NY 13904
(42.10861, -75.82356)"
Hooper's Tire Outlet,503 Gordon Avenue,Suite 1,Syracuse,NY,13208,Onondaga,7,3154126127,Daniel Hooper,Private,WTHRF - seller - registration,[34W20076],Yes,407324,4771556,4.1 - Address Matching,Tire,34W20076,07/25/2025,07/24/2030,"503 Gordon Avenue
Syracuse, NY 13208
(43.0913, -76.139)"
Seward Sand and Gravel Composting,532 County Highway 58,,Oneonta,NY,13820,Otsego,4,6074321653,Seward Land LLC,,CDDHRF - concrete; rock; brick; asphalt pavement or millings - registration,[39C94001],Yes,501605,4702828,1 - No accuracy stated,Asphalt Pavement;Concrete,39P24001,06/27/2024,06/26/2029,"532 County Highway 58
Oneonta, NY 13820
(42.47592, -74.98145)"
York Transfer Station,2825 River Road,,Piffard,NY,14533,Livingston,8,5852433128,Town of York,Municipal,Transfer facility - less than 50 tpd - registration,[26T10010],Yes,266662,4749660,4.2 - Utilization of GIS and existing spatial data,MSW (Residential/Institutional & Commercial);Leaves & Grass;Commingled Plastics;Corrugated Cardboard;Single Stream;Waste Tires;Tree Debris,26T10010,04/24/2025,04/23/2030,"2825 River Road
Piffard, NY 14533
(42.86381, -77.85674)"
MJ Acres LLC,2054 Church Road,,Darien Center,NY,14040,Wyoming,9,5858139280,Matthew Janis,Private,Composting - roadkill/mortalities - registration,[61P30015],Yes,227094,4750266,,Animal Carcasses,61P30015,04/09/2021,04/09/2026,"2054 Church Road
Darien Center, NY 14040
(42.85838, -78.34037)"
Upstone - Plattsburgh Quarry,111 Quarry Road,,Plattsburgh,NY,12901,Clinton,5,5185615321,Upstone Materials Inc,Private,CDDHRF - concrete; rock; brick; asphalt pavement or millings - registration,[10C90020],Yes,621060,4952046,,Asphalt Pavement;Asphalt Millings,10C90020,02/24/2026,02/24/2031,"111 Quarry Road
Plattsburgh, NY 12901
(44.70939, -73.47411)"
Button Road Mine Site,49 Button Road,,Halfmoon,NY,12065,Saratoga,5,5183556034,Carver Sand & Gravel; LLC,Private,CDDHRF - uncontaminated soil sand gravel rock - registration,[46C60027],Yes,606091,4744279,,Asphalt;Soil (Clean);Sand;Gravel;Rock,46C60027,05/16/2024,05/15/2029,"49 Button Road
Halfmoon, NY 12065
(42.83981, -73.70223)"
Winters Brothers Brookhaven Municipal Recycling Facility,352 Horseblock Road,,Brookhaven,NY,11719,Suffolk,1,6314914923,Winter Brother Brookhaven MRF LLC,Private,RHRF - permit,[52RP0318],Yes,675222,4518718,1 - No accuracy stated,Commingled Paper;Commingled Containers,1-4722-00881/00003,11/09/2023,11/08/2028,"352 Horseblock Road
Brookhaven, NY 11719
(40.79832, -72.91143)"
William Larned & Sons Inc - Route 5,NYS Rt. 5,,Mohawk,NY,13407,Montgomery,4,5183746961,WM. Larned & Sons; Inc.,Private,C&D processing - registration,[29W20],Yes,582138,4739397,,,29W20,,,
Walter Pulcini Inc,2461 Quaker Road,,Palmyra,NY,14522,Wayne,8,5857033045,Kenneth Pulcini,Private,Land application - septage - registration,[59A40003],Yes,315626,4770620,4 - GIS Assisted,Septage,59A50003,01/29/2019,01/28/2024,"2461 Quaker Road
Palmyra, NY 14522
(43.06522, -77.2622)"
Adams Transfer Station - Lorraine,6224 County Rt 97,,Town of Lorraine,NY,13605,Jefferson,6,3152323057,Town of Adams,Municipal,Transfer facility - source separated recyclables - registration,[23T30034],Yes,419329,4847764,1 - No accuracy stated,Commingled Paper & Containers;Commingled Containers,23T10034,02/24/2026,11/17/2030,"6224 County Rt 97
Town of Lorraine, NY 13605
(43.77868, -76.00247)"
DSNY FRESH KILLS COMPOSTING FACILITY,450 W. Service Rd.,,Staten Island,NY,10314,Richmond,2,8457532242,NYC Department of Sanitation,,Composting - source separated organic waste - permit,[43PP0020],Yes,568800,4492400,,Yard Trimmings;Food Scraps,2-6499-00029/00097,01/11/2021,01/10/2026,"450 W. Service Rd.
Staten Island, NY 10314
(40.58586, -74.19319)"
Dan's Hauling & Demo Inc,NY 9J,,East Greenbush,NY,12061,Rensselaer,4,5184389800,Dan's Hauling & Demo Inc,Private,C&D processing - registration,[42W04],Yes,599621,4726557,,,,,,
Cuba-Friendship Recycling Center and Transfer Station,7912 County Route 20,,Friendship,NY,14739,Allegany,9,5852685415,Allegany County Department of Public Works,County,Transfer facility - less than 50 tpd - registration,[02T10017],Yes,237086,4677477,4.2 - Utilization of GIS and existing spatial data,MSW (Residential/Institutional & Commercial),02T10017,10/07/2024,10/07/2029,"7912 County Route 20
Friendship, NY 14739
(42.20424, -78.18543)"
Keene Transfer Station,61 Town Shed Lane,,Keene,NY,12942,Essex,5,5185764444,Town of Keene,Municipal,RHRF - 5 tpd or less - registration,[16R10009],Yes,597530,4898822,1 - No accuracy stated,Container Glass;Paperboard/Boxboard;Plastic,16R10009,05/03/2022,05/03/2027,"61 Town Shed Lane
Keene, NY 12942
(44.23777, -73.77569)"
Teplitz Metal Recycling Middletown,75 Church Street,108 West Nyack Road; Nanuet; NY; 10954,Middletown,NY,10940,Orange,3,8453446014,TMP of Middletown; Inc.,Private,Scrap metal processor - registration,[36V30006],Yes,549251,4589988,,Scrap Metal - Aluminum ;Scrap Metal - Ferrous ;Scrap Metal - Non-ferrous,36V30006,11/13/2019,11/12/2023,"75 Church Street
Middletown, NY 10940
(41.45956, -74.41056)"
L&R Transfer Station,11075 Galen Hill Road,,Freedom,NY,14065,Cattaraugus,9,7164923936,Ron Previty,Private,CDDHRF - permit,[05CP0026],Yes,223825,4708654,4.2 - Utilization of GIS and existing spatial data,Concrete;CARB (concrete; asphalt; rock; brick);Asphalt Millings;Asphalt Pavement;Wood (Unadulterated),9-0442-00096/00001,09/03/2021,09/02/2031,"11075 Galen Hill Road
Freedom, NY 14065
(42.48121, -78.3586)"
Jerges Used Auto Parts,7708 County Road 26,,Belfast,NY,14711,Allegany,9,5853652758,James Jerge,Private,Scrap metal processor - registration,[02V30019],Yes,244855,4691655,1 - No accuracy stated,Scrap Metal - Aluminum ;Scrap Metal - Non-ferrous ;Scrap Metal - Ferrous,02V30019,11/21/2019,11/21/2024,"7708 County Road 26
Belfast, NY 14711
(42.3354, -78.09865)"
Parishville Transfer Station,67 Rutman Road,,Parishville (T),NY,13672,St. Lawrence,6,3152651514,Town of Parishville,Municipal,Transfer facility - less than 50 tpd - registration,[45T10026],Yes,515228,4942914,4.1 - Address Matching,MSW (Residential/Institutional & Commercial),45T10026,11/20/2024,11/19/2029,"67 Rutman Road
Parishville (T), NY 13672
(44.63786, -74.80861)"
Ben Weitsman of Rochester,80 Steel Street,,Rochester,NY,14606,Monroe,8,5852540360,Ben Weitsman of Rochester; LLC,Private,Scrap metal processor - registration,[28V31003],Yes,283341,4782863,,Scrap Metal - Ferrous ;Scrap Metal - Aluminum ;Scrap Metal - Non-ferrous,28V31003,11/18/2025,11/18/2030,"80 Steel Street
Rochester, NY 14606
(43.16696, -77.66582)"
Paige Recycling; LLC,19151 Star School House Road,,Dexter,NY,13634,Jefferson,6,3157820368,Joseph Paige,Private,VDF - registration,[23V50019],Yes,420629,4879127,4.1 - Address Matching,End of Life Vehicles VDFs,23V50019,09/03/2024,09/02/2029,"19151 Star School House Road
Dexter, NY 13634
(44.0609, -75.99069)"
ARG Services of WNY; Inc.,366 Washington Street,,Albion,NY,14411,Orleans,8,5852051847,ARG Services of WNY; Inc.,,CDDHRF - permit,[37CP0001],Yes,239558,4792738,4.1 - Address Matching,Soil (Clean);Sand;Rock;Non-petroleum Contaminated Soil;Gravel;Construction & Demolition Debris;Concrete;Brick;Asphalt;Tree Debris;Wood (Chips);Furniture/Appliances,8-3420-00085/00001,10/12/2017,10/11/2027,"366 Washington Street
Albion, NY 14411
(43.24245, -78.2077)"
Horender Construction Co Inc,7501 St. Hwy. 5S,,Fort Plain,NY,13339,Montgomery,4,3158233045,Gary & Kevin Horender,,Land application - septage - registration,[29A43001],Yes,523746,4757990,,Septage,29A43001,07/17/2024,05/03/2029,"7501 St. Hwy. 5S
Fort Plain, NY 13339
(42.97588, -74.70737)"
U-Pull U-Save Auto Parts Inc,7030 Myers Road,,East Syracuse,NY,13057,Onondaga,7,3156567533,FENIX PARTS; Inc.,Private,VDF - registration,[34V50070],Yes,415448,4771800,,End of Life Vehicles VDFs;Gasoline;Refrigerant;Used Oil;Waste Tire;Lead-acid Batteries,34V50070,08/01/2023,08/01/2028,"7030 Myers Road
East Syracuse, NY 13057
(43.0941, -76.039)"
River Valley Regeneratives,36 Church Street,,Redford,NY,12978,Clinton,5,5185882965,Jennifer Perry,,Composting - SSO - registration,[10P20015],Yes,595931,4940725,1 - No accuracy stated,Food Scraps,10P20015,12/05/2022,12/05/2027,"36 Church Street
Redford, NY 12978
(44.61311, -73.79074)"
Tomson Alloys Recycling Inc,143 Fillmore Ave,,Buffalo,NY,14210,Erie,9,7162944801,Lindsey Crill,Private,VDF - small - registration,[15V20085],Yes,186448,4754336,1 - No accuracy stated,End of Life Vehicles VDFs,15V20085,12/22/2020,12/22/2025,"143 Fillmore Ave
Buffalo, NY 14210
(42.87812, -78.83994)"
Hanson Aggregates New York LLC - Oaks Corners,2046 Pre-Emption Road,,Oaks Corners,NY,14518,Ontario,8,3157896202,Hanson Aggregates New York LLC,Private,C&D processing - registration,[35W07],Yes,335625,4755495,1 - No accuracy stated,,35W07,,,"2046 Pre-Emption Road
Oaks Corners, NY 14518
(42.93442, -77.01284)"
Town of Trenton Transfer Station,224 Veteran's Way,,Trenton (T),NY,13304,Oneida,6,3158962615,Town of Trenton,Municipal,CDDHRF - uncontaminated unadulterated wood - registration,[33C50025],Yes,484753,4789848,,Wood (Unadulterated),33C50025,07/29/2021,07/28/2026,
Jamaica Recycling (Liberty),94-29 165th Street,,Jamaica,NY,11433,Queens,2,7187397224,Michael Bellino,Private,Transfer station - permit,[41T30],Yes,602024,4506425,,Petroleum Contaminated Soil;MSW (Residential/Institutional & Commercial);Industrial,2-6307-00126/00005,05/14/2015,05/13/2020,"94-29 165th Street
Jamaica, NY 11433
(40.70243, -73.79249)"
NOCO Energy Corporation-Tonawanda,700 Grand Island Boulevard,,Tonawanda,NY,14150,Erie,9,7168746200,NOCO Energy Corporation,Private,Used oil - permit,[15QP0004],Yes,179324,4767537,4.2 - Utilization of GIS and existing spatial data,Waste Oil (Other);Waste Oil (Automotive);Used Oil,9-1464-00090/00046,03/16/2023,03/15/2033,"700 Grand Island Boulevard
Tonawanda, NY 14150
(42.99185, -78.92484)"
Hudson Plant,45 County Route 31,,Hudson,NY,12534,Columbia,4,5188282556,Bonded Concrete,Private,C&D processing - registration,[11W],Yes,599671,4673204,,Concrete;Construction & Demolition Debris,11W,,,"45 County Route 31
Hudson, NY 12534
(42.20485, -73.79262)"
Visone Construction; Inc.,79 Sheldon Ave,,Depew,NY,14043,Erie,9,7166817331,Visone Construction; Inc.,Private,CDDHRF - uncontaminated soil sand gravel rock - registration,[15C60077],Yes,199626,4757588,1 - No accuracy stated,Gravel;Sand;Rock;Soil (Clean),15C60077,05/15/2025,05/15/2030,"79 Sheldon Ave
Depew, NY 14043
(42.91157, -78.67988)"
Human Urine Research and Demonstration Facility (HURD),23 Bills Lane,,Jay,NY,12941,Essex,5,5183541455,ADK Action,Private,Research Development & Demonstration - registration,[16Z10018],Yes,600687,4914993,1.1 - Obtained from original submission and unverified process,Food Processing Waste,16Z10018,08/19/2024,08/18/2026,"23 Bills Lane
Jay, NY 12941
(44.38065, -73.73529)"
Woody's Auto Parts Inc,92 Woody Lane,,Ellenville,NY,12428,Ulster,3,8456478175,Woody's Auto Parts Inc,Private,VDF - registration,[56V50002],Yes,551838,4619317,,End of Life Vehicles VDFs;Used Oil;Lead-acid Batteries;Engine Coolant/Antifreeze,56V50002,02/11/2019,02/10/2023,"92 Woody Lane
Ellenville, NY 12428
(41.72375, -74.37678)"
Edison Avenue Recycle & Materials Supply Corp,41 Edison Avenue,,Mount Vernon,NY,10550,Westchester,3,9146659240,Edison Avenue Recycle & Materials Supply Corp,Private,C&D processing - registration,[60W18],Yes,599010,4527375,4.3 - Utilization of Digital Orthophoto Quads,Concrete;Asphalt,60W18,04/23/2004,,"41 Edison Avenue
Mount Vernon, NY 10550
(40.8911, -73.82491)"
Double Z Motors Inc,212 Route 9,,Fishkill,NY,12524,Dutchess,3,8458967930,Peter Zalys,Private,VDF - registration,[14V50009],Yes,591829,4595309,,End of Life Vehicles VDFs,14V50009,03/06/2019,03/05/2024,"212 Route 9
Fishkill, NY 12524
(41.5037, -73.89982)"
ALPCO Recycling; Inc.,846 Macedon Center Road,,Macedon,NY,14502,Wayne,8,3159868900,Alton Plumb,Private,Transfer facility - permit,[59TP0012],Yes,309701,4773743,4.3 - Utilization of Digital Orthophoto Quads,MSW (Residential/Institutional & Commercial),8-5430-00061/00001,12/17/2020,12/16/2030,"846 Macedon Center Road
Macedon, NY 14502
(43.09426, -77.33675)"
Keller's Salvage Yard,45 Keller Drive,,Erin,NY,14838,Chemung,8,6077398151,Jan Keller,Private,VDF - registration,[08V50016],Yes,363003,4667899,,End of Life Vehicles VDFs,08V50016,12/22/2020,12/22/2025,"45 Keller Drive
Erin, NY 14838
(42.15134, -76.65813)"
Ben Weitsman of Allegany,34 West Union Street,,Allegany,NY,14706,Cattaraugus,9,7163721042,Ben Weitsman of Allegany; LLC,Private,VDF - registration,[05V50005],Yes,210603,4665884,1 - No accuracy stated,End of Life Vehicles VDFs,05V50005,01/29/2026,10/18/2028,"34 West Union Street
Allegany, NY 14706
(42.09178, -78.49971)"
Alden Correctional Compost Site,11581 Walden Avenue,,Alden,NY,14004,Erie,9,7168584813,Erie County,Municipal,Composting - SSO - registration,[15P20075],Yes,209906,4759429,4.2 - Utilization of GIS and existing spatial data,Food Scraps,15P20075,02/27/2025,02/27/2030,"11581 Walden Avenue
Alden, NY 14004
(42.93409, -78.55987)"
Organic Renewal LLC,Organic Recycling; Inc.,PO Box 544; 895 Pulaski Highway,Goshen,NY,10924,Orange,3,8456514177,Environmental Farms; LLC,,Mulch processing - permit,[36MP0001],Yes,550015,4576852,,,3-3330-00082/00005,08/24/2021,08/23/2026,
Ecology Organics LLC,10 McDonald Road,,Wurtsboro,NY,12790,Sullivan,3,9177343550,Ecology Organics LL,Private,Mulch processing - registration,[53M10001],Yes,544406,4604218,,Tree Debris,53M10001,04/13/2026,04/12/2027,"10 McDonald Road
Wurtsboro, NY 12790
(41.58957, -74.47059)"
Eastern Metal Recycling Inc,2170 River Road,,Selkirk,NY,12045,Albany,4,5187567805,Eastern Metal Recycling Inc,Private,Scrap metal processor - registration,[01V39101],Yes,599226,4704744,,Steel,01V39101,07/03/2024,07/02/2029,"2170 River Road
Selkirk, NY 12045
(42.4885, -73.79306)"
Cayuga Regional Digester,7389 County House Road,,Auburn,NY,13021,Cayuga,7,3152827045,Generate Capital PBC,Private,Anaerobic digestion - permit,[06PP0007],Yes,374125,4759384,,Manure;Unrecognizable Food Processing Waste,7055200065/00001,06/18/2024,09/11/2026,"7389 County House Road
Auburn, NY 13021
(42.97147, -76.5502)"
Sims Metal - Port Albany,140 Port Road South,,Albany,NY,12202,Albany,4,5186213259,Sims Metal East LLC,Private,CDDHRF - uncontaminated unadulterated wood - registration,[01C59003],Yes,601272,4719461,3 - Global Positioning System (GPS),Wood (Unadulterated),01C59003,02/16/2024,02/15/2029,"140 Port Road South
Albany, NY 12202
(42.61255, -73.76543)"
Hamlin (T) Transfer Station,4180 Brick Schoolhouse Road,,Hamlin,NY,14464,Monroe,8,5859642640,Town of Hamlin,Municipal,RHRF - 5 tpd or less - registration,[28R10010],Yes,261247,4799932,,Enameled Appliances / White Goods;Paper / Cardboard;Metals (Ferrous);Metals (Non-Ferrous);Waste Tires;Tree Debris;Electronics,28R10010,02/26/2019,02/25/2024,"4180 Brick Schoolhouse Road
Hamlin, NY 14464
(43.31359, -77.94469)"
Druker Auto Sales,1282 Dombroski rd,,Tyrone,NY,14837,Schuyler,8,6072438433,Robert Druker,Private,VDF - registration,[49V50020],Yes,333719,4705538,,End of Life Vehicles VDFs;Transmission Fluid;Used Oil;Waste Tire,49V50020,12/09/2019,12/09/2024,"1282 Dombroski rd
Tyrone, NY 14837
(42.48469, -77.02407)"
Monroe County Yard Waste Compost Facility - Avion Drive,6 Avion Dr.,,Chili,NY,14624,Monroe,8,,Monroe County Dept. of Environmental Services,Municipal,Composting - yard trimmings - registration,[28P10003],Yes,280700,4775950,1 - No accuracy stated,Yard Trimmings,28P10003,01/17/2024,01/16/2029,"6 Avion Dr.
Chili, NY 14624
(43.10292, -77.69496)"
Menands Transfer Station,22 Simmons Lane,,Menands,NY,12204,Albany,4,5185172270,Casella Waste Management of N.Y.; Inc.,Private,Composting - source separated organic waste - permit,[01PP2625],Yes,604200,4726100,1 - No accuracy stated,,4-0126-00403/00001,02/28/2018,02/27/2028,"22 Simmons Lane
Menands, NY 12204
(42.68024, -73.72972)"
Raquette Lake Recyclables Collection Site & TS,Antlers Road,,Raquette Lake,NY,13436,Hamilton,5,5186243088,Town of Long Lake,Municipal,Transfer facility - less than 50 tpd - registration,[21T10006],Yes,527671,4852191,4 - GIS Assisted,MSW (Residential/Institutional & Commercial);Construction & Demolition Debris,21T10006,07/28/2022,07/28/2027,
Central City Auto Parts Inc,100 Breckheimer Road,,Central Square,NY,13036,Oswego,7,3156683533,Pat Marra,Private,VDF - registration,[38V50004],Yes,412764,4800128,,End of Life Vehicles VDFs,38V50004,02/16/2022,02/15/2027,"100 Breckheimer Road
Central Square, NY 13036
(43.34867, -76.07617)"
Paumanok Environmental (Water Mill),1062 Montauk Highway,,Watermill,NY,11976,Suffolk,1,6317755900,Thomas J. Hennington,Private,CDDHRF - permit,[52CP0396],Yes,723442,4533029,4.3 - Utilization of Digital Orthophoto Quads,Construction & Demolition Debris;Tree Debris;Paper / Cardboard;Wood (Unadulterated),1-4736-06027/00001,01/17/2023,01/16/2028,"1062 Montauk Highway
Watermill, NY 11976
(40.91779, -72.3466)"
Osborne Family Farm,7937 US-20,,Sharon Springs,NY,13759,Schoharie,4,9148449237,New England Waste Services of ME. Inc; DBA Casella Organics,Private,Land application - UFPW - registration,[48A34601],Yes,527605,4739131,,Sludge (Papermill),48A34601,04/23/2025,04/22/2030,"7937 US-20
Sharon Springs, NY 13759
(42.80404, -74.66318)"
Swift River Associates; Inc. - 47th Street,460 47th Street,,Niagara Falls,NY,14304,Niagara,9,7168750902,Swift River Associates; Inc.,Private,CDDHRF - concrete; rock; brick; asphalt pavement or millings - registration,[32C90037],Yes,173703,4778482,4.2 - Utilization of GIS and existing spatial data,Concrete;Asphalt Millings;Asphalt Pavement,32C90037,03/11/2024,03/11/2029,"460 47th Street
Niagara Falls, NY 14304
(43.09272, -79.00878)"
Macomb Transfer Station,6663 State Highway 58,,Macomb,NY,13646,St. Lawrence,6,3155782212,Town of Macomb,Municipal,Transfer facility - less than 50 tpd - registration,[45T10013],Yes,452621,4917538,4.1 - Address Matching,MSW (Residential/Institutional & Commercial),45T10013,11/18/2024,11/17/2029,"6663 State Highway 58
Macomb, NY 13646
(44.40964, -75.595)"
Bronx City Recycling (1390 Viele Ave),1390 Viele Avenue,,Bronx,NY,10474,Bronx,2,7188606071,Domnick Eugene,Private,C&D processing - registration,[03W88],Yes,594445,4517959,,Asphalt;Brick;Metals (Ferrous);Metals (Non-Ferrous);Concrete;Construction & Demolition Debris;Rock;Soil (Clean),03W88,,,"1390 Viele Avenue
Bronx, NY 10474
(40.80751, -73.87999)"
Sheesley's Sewer Service Inc,1862 Grand Central Ave,,Elmira Heights,NY,14903,Chemung,8,6077331862,Michael A Cowan,,Land application - septage - registration,[08A40005],Yes,341959,4661896,1 - No accuracy stated,Septage,08A40005,12/22/2020,12/22/2025,"1862 Grand Central Ave
Elmira Heights, NY 14903
(42.13639, -76.81955)"
Andes (T) Transfer Station,3760 County Highway 1,,Andes,NY,13731,Delaware,4,8456764525,Town of Andes,Municipal,Transfer facility - less than 50 tpd - registration,[13T12001],Yes,516939,4667995,,Construction & Demolition Debris;MSW (Residential/Institutional & Commercial),13R20,,,"3760 County Highway 1
Andes, NY 13731
(42.16408, -74.79503)"
Kingston (C) TS,65 Albert Street,,Kingston,NY,12401,Ulster,3,8453310682,City of Kingston,Municipal,Transfer facility - less than 50 tpd - registration,[56T10008],Yes,581669,4640655,,MSW (Residential/Institutional & Commercial);Tree Debris;Corrugated Cardboard;Metals (Ferrous & Non-Ferrous);Electronics;Yard Trimmings;Waste Tires,56T10008,04/09/2024,04/08/2029,"65 Albert Street
Kingston, NY 12401
(41.86645, -74.05506)"
Union (T) YW Composting,3306 Argonne Avenue,,Endwell,NY,13760,Broome,7,6077862979,Town of Union,Municipal,Composting - yard trimmings - registration,[04P10035],Yes,415840,4661857,4.1 - Address Matching,Yard Trimmings,04P10035,05/09/2023,05/10/2028,"3306 Argonne Avenue
Endwell, NY 13760
(42.10441, -76.01819)"
Northstar Auto and Salvage; LLC,28722 NYS Route 37,,Evans Mills,NY,13637,Jefferson,6,3156294824,Madeline Shoen,Private,Scrap metal processor - registration,[23V30009],Yes,429904,4881498,1 - No accuracy stated,Scrap Metal - Aluminum ;Scrap Metal - Ferrous ;Scrap Metal - Non-ferrous,23V30009,04/04/2024,04/03/2029,"28722 NYS Route 37
Evans Mills, NY 13637
(44.08404, -75.87557)"
Fulton County Landfill,847 Mud Road,,Johnstown,NY,12095,Fulton,5,5187365501,Fulton County,County,Landfill - MSW - permit,[18LS0008],Yes,543214,4761865,1 - No accuracy stated,MSW (Residential/Institutional & Commercial);Commingled Paper & Containers;Asbestos (Friable);Waste Tires;Construction & Demolition Debris;Industrial;Sewage Treatment Plant Sludge;Yard Trimmings;Sludge (Industrial);Sludge (Paper mill);Petroleum Contaminated Soil,5-1728-00005/00003,06/13/2022,02/14/2027,"847 Mud Road
Johnstown, NY 12095
(43.01209, -74.48131)"
West Hook Sand & Gravel,25 West Hook Road,,Hopewell Junction,NY,12533,Dutchess,3,8458973316,West Hook Sand & Gravel; Inc.,Private,Composting - yard waste - permit,[14PP0002],Yes,595743,4597182,,Yard Trimmings,3-1330-00052/00008,02/01/2005,01/15/2015,"25 West Hook Road
Hopewell Junction, NY 12533
(41.52096, -73.84584)"
Postma Brothers; LLC,140 Spur St.,,New Berlin,NY,13411,Chenango,7,6078476809,James Postma,Private,Storage - manure & food processing waste - registration,[09A20019],Yes,473700,4725900,4 - GIS Assisted,Unrecognizable Food Processing Waste,09A20019,09/07/2022,09/07/2027,"140 Spur St.
New Berlin, NY 13411
(42.68596, -75.33371)"
LaForge Transfer Station,3090 County Road 30 (Trapping Brook Road),,Wellsville,NY,14895,Allegany,9,5855936177,LaForge Transfer Station Inc.,Private,RHRF - 5 tpd or less - registration,[02R10024],Yes,259816,4667155,4.2 - Utilization of GIS and existing spatial data,Single Stream;Paperboard/Boxboard,02R10024,06/27/2022,06/27/2027,"3090 County Road 30 (Trapping Brook Road)
Wellsville, NY 14895
(42.11991, -77.90499)"
JOAN AUTO WRECKERS,1320 RANDALL AVENUE,,BRONX,NY,10474,Bronx,2,7182935604,Joan Auto Wrecker Inc.,Private,VDF - registration,[03V50130],Yes,594074,4518491,4.2 - Utilization of GIS and existing spatial data,End of Life Vehicles VDFs,03V50130,03/25/2025,03/24/2030,"1320 RANDALL AVENUE
BRONX, NY 10474
(40.81238, -73.8848)"
Zoladz Construction Company,13600 Railroad Street,,Alden,NY,14004,Erie,9,7169376575,Zoladz Construction Co.; Inc.,Private,CDDHRF - uncontaminated soil sand gravel rock - registration,[15C60081],Yes,215820,4755135,4 - GIS Assisted,Soil (Clean),15C60081,12/21/2021,12/20/2026,"13600 Railroad Street
Alden, NY 14004
(42.89549, -78.48019)"
Casella Recycling Stanley,3555 County Road 49,,Stanley,NY,14561,Ontario,8,5855264420,Ontario County,County,RHRF - registration,[35R30013],Yes,328915,4747063,4.2.1 - Utilization of GIS and Facility Mapping System,Single Stream;Commingled Paper;Paperboard/Boxboard;Mixed Commercial;Commingled Containers;Paper / Cardboard;Plastics;Commingled Recyclables;Other Ferrous Scrap Metal;Other Non-Ferrous Scrap Metal,35R30013,06/09/2025,06/09/2030,"3555 County Road 49
Stanley, NY 14561
(42.85754, -77.09461)"
CAPITAL AUTO SALVAGE & SALES INC,4600 METROPOLITAN aVE,,QUEENS,NY,11385,Queens,2,7183819090,CAPITAL AUTO SALVAGE & SALES; INC.,Private,VDF - registration,[41V50127],Yes,590971,4507550,4.2 - Utilization of GIS and existing spatial data,End of Life Vehicles VDFs;Lead-acid Batteries;Mix Coolant/Engine Oil/Washing Fluid/Water;Engine Coolant/Antifreeze,41V50127,02/04/2025,02/03/2030,"4600 METROPOLITAN aVE
QUEENS, NY 11385
(40.71397, -73.92312)"
Bushey's Auto Repair,4430 Rte 11,,Mooers Forks,NY,12959,Clinton,5,5185947388,Eugene E Bushey,Private,Motor vehicle repair shop - registration,[10V10001],Yes,599092,4974693,1.1 - Obtained from original submission and unverified process,End of Life Vehicles VDFs,10V10001,07/25/2024,07/24/2029,"4430 Rte 11
Mooers Forks, NY 12959
(44.91785, -73.7441)"
Bill's Trucks & Salvage,198 County Road 41,,West Edmeston,NY,13485,Chenango,7,6078478025,William Cummings,Private,VDF - registration,[09V50007],Yes,473720,4729561,,End of Life Vehicles VDFs,09V20007,05/08/2023,05/08/2028,"198 County Road 41
West Edmeston, NY 13485
(42.71665, -75.32144)"
Bradford Transfer Station,7675 Whitehead Hill Road,,Bradford,NY,14815,Steuben,8,6075834270,Town of Bradford,Municipal,Transfer facility - less than 50 tpd - registration,[51T10016],Yes,326129,4693286,4.3 - Utilization of Digital Orthophoto Quads,MSW (Residential/Institutional & Commercial),51T10016,07/10/2024,07/10/2029,"7675 Whitehead Hill Road
Bradford, NY 14815
(42.37322, -77.11236)"
New York Recycling LLC,475 Exterior Street,,Bronx,NY,10451,Bronx,2,7187420755,Eric Coppola,Private,C&D processing - registration,[03W87],Yes,590087,4519143,1 - No accuracy stated,Asphalt;Brick;Concrete;Rock;Soil (Clean);Metals (Ferrous);Metals (Non-Ferrous);Construction & Demolition Debris,03W87,,,"475 Exterior Street
Bronx, NY 10451
(40.81808, -73.93069)"
Rock Stream Vineyards; LLC,378 Allen Road,,Rock Stream,NY,14878,Yates,8,6078579237,Mark Karasz,,Land application - UFPW - registration,[62A30009],Yes,628629,4682043,1 - No accuracy stated,Unrecognizable Food Processing Waste,62A30009,01/24/2025,01/23/2030,"378 Allen Road
Rock Stream, NY 14878
(42.48087, -76.93521)"
Two Brothers Recycling LLC,90 S Raquette Rd,,Massena,NY,13662,St. Lawrence,6,3157693846,,,VDF - registration,[45V50036],Yes,509341,4973520,4.1 - Address Matching,,45V50036,08/27/2024,08/26/2029,"90 S Raquette Rd
Massena, NY 13662
(44.91539, -74.88175)"
Broad Street Industrial Park,111 1/2 Bevier Street,,Binghamton,NY,13901,Broome,7,5182949964,Tri City Highway Products Inc,Private,CDDHRF - asphalt pavement and millings - registration,[04C20009],Yes,426586,4663573,,Asphalt;Asphalt Millings,04C20009,05/04/2023,05/03/2028,"111 1/2 Bevier Street
Binghamton, NY 13901
(42.11908, -75.89634)"
Cayuga Compost,3225 Agard Road,,Trumansburg,NY,14886,Tompkins,7,6073876826,William & Mary Proctor,Private,Composting - source separated organic waste - permit,[55PP0004],Yes,367052,4709267,3.1 - Sportsman Hand-Held Unit (w/ Selective Availability on),,7-5036-00122/00001,11/13/2019,11/12/2029,"3225 Agard Road
Trumansburg, NY 14886
(42.52412, -76.62467)"
CleanFiber Buffalo; LLC,250 Lake Avenue,,Blasdell,NY,14219,Erie,9,8186168393,CleanFiber Buffalo; LLC,Private,Nonspecific facility - permit,[15XP0027],Yes,186219,4745325,4.2 - Utilization of GIS and existing spatial data,Papermill Sludge,9-1448-00304/00002,03/02/2023,03/01/2033,"250 Lake Avenue
Blasdell, NY 14219
(42.79671, -78.83705)"
Waste Management of NY (Poestenkill),Routes 351 & 66,,Poestenkill,NY,12140,Rensselaer,4,8455333305,Waste Management of New York; LLC,Private,Transfer facility - permit,[42TP3804],Yes,616400,4724300,,,42TP3804,09/28/2022,09/30/2032,"Routes 351 & 66
Poestenkill, NY 12140
(42.69308, -73.56164)"
Southern Tier Auto Recycling,1225 Coon Hollow Road,,Beaver Dams,NY,14812,Schuyler,8,6079627995,James Clark,Private,VDF - registration,[49V50012],Yes,332911,4684618,,End of Life Vehicles VDFs,49V50012,09/18/2019,09/18/2024,"1225 Coon Hollow Road
Beaver Dams, NY 14812
(42.29564, -77.0272)"
Seneca Meadows LF,1786 Salcman Road,,Waterloo,NY,13165,Seneca,8,3155395624,Seneca Meadows Inc,Private,Landfill - MSW - permit,[50LS0016],Yes,349327,4754187,,Ash MSW Energy Recovery Fly;Construction & Demolition Debris;Non-petroleum Contaminated Soil;Sewage Treatment Plant Sludge;Industrial;MSW (Residential/Institutional & Commercial);Waste Tires;Treated RMW;Grit & Screenings;Asbestos (Friable & Non-Friable),8-4532-00023/00001,10/31/2017,12/31/2025,"1786 Salcman Road
Waterloo, NY 13165
(42.91793, -76.8462)"
Natural Wood Fiber Organics LLC,8452 Lake Street Road,,LeRoy,NY,14482,Genesee,8,5855910510,Shannon S. Domes,Private,Mulch processing - registration,[19M10013],Yes,256700,4765603,4.1 - Address Matching,Tree Debris,19M10013,07/14/2025,07/14/2030,"8452 Lake Street Road
LeRoy, NY 14482
(43.00379, -77.98214)"
Northside Salvage Yard Inc,954 Linden Ave,,East Rochester,NY,14445,Monroe,8,5853819667,John Sebastian,Private,VDF - registration,[28V50037],Yes,297577,4777059,,End of Life Vehicles VDFs,28V50037,04/08/2026,03/18/2029,"954 Linden Ave
East Rochester, NY 14445
(43.11893, -77.48829)"
Hanna Paper Recycling Inc.,475 Ludwig Avenue,,Buffalo,NY,14227,Erie,9,7168919312,Tenere US Buyer; Inc.,Private,RHRF - registration,[15R30017],Yes,192542,4756475,,Plastic;Other Ferrous Scrap Metal;Other Non-Ferrous Scrap Metal;Commingled Paper,15R30017,03/07/2024,03/07/2029,"475 Ludwig Avenue
Buffalo, NY 14227
(42.89785, -78.76617)"
Niagara Metals LLC - Royalton,8729 Rochester Road,,Gasport,NY,14067,Niagara,9,7167727702,Niagara Metals; LLC,Private,VDF - registration,[32V50018],Yes,211940,4789213,1 - No accuracy stated,End of Life Vehicles VDFs,32V50018,09/03/2024,09/03/2029,"8729 Rochester Road
Gasport, NY 14067
(43.2007, -78.54534)"
Wilmington Transfer Station,51 Evergreen Lane,,Wilmington,NY,12997,Essex,5,5183908580,Town of Wilmington,County,Transfer facility - less than 50 tpd - registration,[16T10017],Yes,596330,4921122,4 - GIS Assisted,MSW (Residential/Institutional & Commercial),16T10017,07/29/2022,07/29/2027,"51 Evergreen Lane
Wilmington, NY 12997
(44.43752, -73.78954)"
Smith Ridge Farm LLC,225 Smith Ridge Road,,South Salem,NY,10590,Westchester,3,2039663673,Peter & Congetta Lanni,Private,CDDHRF - uncontaminated soil sand gravel rock - registration,[60C60002],Yes,624091,4565968,,Sand;Soil (Clean),60C60002,09/11/2025,09/10/2026,"225 Smith Ridge Road
South Salem, NY 10590
(41.23468, -73.52129)"
Con-Strux Hamptons,1 High Street,,Speonk,NY,11972,Suffolk,1,6313255533,Con-Strux LLC,Private,Mulch processing - permit,[52MP0400],Yes,694104,4523908,4.3 - Utilization of Digital Orthophoto Quads,Tree Debris,1-4736-00747/00009,05/30/2023,05/29/2028,
Clayton LCD,41591 County Route 4,,Clayton,NY,13624,Jefferson,6,3156862557,Town of Clayton,Municipal,Landfill - land clearing debris,[23D25],Yes,407318,4893710,,Land Clearing Debris,23D25,09/01/2004,,
Clinton County Landfill,286 Sand Road,,Morrisonville,NY,12962,Clinton,5,5185635514,Clinton County,County,Landfill - MSW - permit,[10LS0014],Yes,611178,4950413,4.3 - Utilization of Digital Orthophoto Quads,Construction & Demolition Debris;MSW (Residential/Institutional & Commercial),5-0946-00049/00005,09/16/2022,03/01/2028,"286 Sand Road
Morrisonville, NY 12962
(44.691, -73.59778)"
Gershow Recycling of Valley Stream,97 East Hawthorne Avenue,,Valley Stream,NY,11580,Nassau,1,5168257244,Kevin Gershowitz,Private,CDDHRF - permit,[30CP0103],Yes,610317,4501869,4.3 - Utilization of Digital Orthophoto Quads,Construction & Demolition Debris;Rock;Wood (Clean);Metals (Non-Ferrous);Metals (Ferrous);Paper / Cardboard,1-2820-03393/00001,11/14/2017,11/13/2022,"97 East Hawthorne Avenue
Valley Stream, NY 11580
(40.66027, -73.69492)"
Glen Cove Auto Salvage,232 Glen Cove Ave,,Glen Cove,NY,11542,Nassau,1,5167591400,Glen Cove Auto Salvage Inc,Private,VDF - registration,[30J09],Yes,615023,4522644,,End of Life Vehicles VDFs;Lead-acid Batteries;Used Oil;Engine Coolant/Antifreeze,30V50163,08/28/2024,08/27/2029,"232 Glen Cove Ave
Glen Cove, NY 11542
(40.84606, -73.63475)"
Lake Pleasant Transfer Station,2297 NYS Route 8,,Lake Pleasant,NY,12108,Hamilton,5,5185483867,Hamilton County,County,RHRF - registration,[21R30005],Yes,544246,4811364,,,21R30005,07/26/2022,07/26/2027,"2297 NYS Route 8
Lake Pleasant, NY 12108
(43.45275, -74.45108)"
Brookhaven Waste Management Facility,350 Horseblock Road,,Yaphank,NY,11719,Suffolk,1,6312868551,Town of Brookhaven,Municipal,Transfer facility - permit,[52TP0226],Yes,671200,4522600,4.2 - Utilization of GIS and existing spatial data,MSW (Residential/Institutional & Commercial),1-4722-00761/00004,03/30/2018,03/29/2023,"350 Horseblock Road
Yaphank, NY 11719
(40.80001, -72.92581)"
Farmer Pirates Compost,0 Gittere St.,,Buffalo,NY,14211,Erie,9,7166508629,Farmer Pirates Compost LLC,Private,Composting - SSO - registration,[15P20058],Yes,187491,4756720,4.2 - Utilization of GIS and existing spatial data,Source Separated Organic Waste (SSOW),15P20058,07/30/2024,07/30/2029,
Vernon's Engine & Transmission LLC,2758 Route 34B,,Aurora,NY,13026,Cayuga,7,3153648841,Robert C. Vernon,Private,Motor vehicle repair shop - registration,[06V10032],Yes,367630,4734499,,Decommissioned ELVs SMPs,06V10032,04/26/2022,04/26/2027,"2758 Route 34B
Aurora, NY 13026
(42.7515, -76.61843)"
Monsters Recycling Inc.,200 Reid Street,,Lindenhurst,NY,11757,Suffolk,1,6316690400,Monsters Recycling Inc,Private,VDF - registration,[52V50291],Yes,638957,4506215,,End of Life Vehicles VDFs,52V50291,01/22/2020,01/21/2025,"200 Reid Street
Lindenhurst, NY 11757
(40.6952, -73.35476)"
Kafline's Used Auto Parts,6731 Snell Road,,Lowville,NY,13367,Lewis,6,3153762885,Paul Kafline,Private,VDF - registration,[25V50001],Yes,465620,4849053,,End of Life Vehicles VDFs,25V50001,11/29/2023,12/03/2028,"6731 Snell Road
Lowville, NY 13367
(43.7938, -75.42711)"
Hastings TS/RHRF,1391 US Rte 11,,Hastings,NY,13076,Oswego,7,3155919200,Oswego County DPW,Municipal,Transfer facility - less than 50 tpd - registration,[38T10016],Yes,406647,4798702,4.2 - Utilization of GIS and existing spatial data,Construction & Demolition Debris;Commingled Paper & Containers;MSW (Residential/Institutional & Commercial);Waste Tires;Single Stream;Tree Debris;Yard Trimmings;Food Scraps;Electronics;Metals (Ferrous & Non-Ferrous);Waste Oil (Other),38T10016,05/30/2024,05/29/2029,"1391 US Rte 11
Hastings, NY 13076
(43.33662, -76.15135)"
Jubilant Draximage Inc dba Jubilant Radiopharma,51 East Bethpage Road,#300,Plainview,NY,11803,Nassau,1,5169337888,Jubilant Draximage Inc dba Jubilant Radiopharma,Private,RMW - radiological storage - registration,[30J10162],Yes,407805,7345517,4.3 - Utilization of Digital Orthophoto Quads,Radioactive,30J10162,08/09/2022,08/08/2027,"51 East Bethpage Road
Plainview, NY 11803
(40.78042, -73.45498)"
BBC Aggregate Recycling (Coeymans),2169 River Road,,Coeymans,NY,12143,Albany,4,,W.M. BIERS,Private,CDDHRF - concrete; rock; brick; asphalt pavement or millings - registration,[01C92404],Yes,559067,4703727,3 - Global Positioning System (GPS),Asphalt Pavement,01C92404,02/11/2022,02/10/2027,"2169 River Road
Coeymans, NY 12143
(42.47953, -73.79317)"
CMM Landscape Supply Corp.,1021 Flanders Road,,Flanders,NY,11901,Suffolk,1,6314881954,CMM Landscape Supply Corp.,Private,CDDHRF - uncontaminated soil sand gravel rock - registration,[52C60330],Yes,700219,4531072,4.3 - Utilization of Digital Orthophoto Quads,Soil (Clean);Sand;Gravel;Rock,52-0330,09/11/2024,09/10/2029,"1021 Flanders Road
Flanders, NY 11901
(40.90641, -72.6222)"
Esopus TS           (T),70 West Shore Drive,,West Park,NY,12493,Ulster,3,8453846835,Town of Esopus,Municipal,Transfer facility - less than 50 tpd - registration,[56T10001],Yes,585975,4628452,,MSW (Residential/Institutional & Commercial);Commingled Plastics;Commingled Paper & Containers;Construction & Demolition Debris,56T10001,08/24/2023,08/23/2027,"70 West Shore Drive
West Park, NY 12493
(41.803, -73.96387)"
Omni Brentwood Rail Transfer,80 Emjay Blvd,,Brentwood,NY,11717,Suffolk,1,,Kings and Queens Transload LLC,Private,Transfer facility - permit,[52TP0326],Yes,645421,4515668,,MSW (Residential/Institutional & Commercial),1-4728-04004/00003,03/03/2026,03/02/2031,"80 Emjay Blvd
Brentwood, NY 11717
(40.77985, -73.27723)"
Peninsula Recycling,40 Gates Avenue,,Inwood,NY,11096,Nassau,1,5162392067,David Daniels,Private,CDDHRF - permit,[30CP0142],Yes,605179,4496779,,,1-2820-07022/00002,07/05/2022,07/04/2032,"40 Gates Avenue
Inwood, NY 11096
(40.61513, -73.75685)"
Metalico Buffalo Inc.,127 Fillmore Avenue,,Buffalo,NY,14210,Erie,9,7165832720,Metalico Inc.,Private,Scrap metal processor - registration,[15V30015],Yes,186215,4754229,1.1 - Obtained from original submission and unverified process,Scrap Metal - Ferrous ;Scrap Metal - Aluminum ;Scrap Metal - Non-ferrous,15V30015,05/16/2024,05/16/2029,"127 Fillmore Avenue
Buffalo, NY 14210
(42.87652, -78.84212)"
LeRoy TS (T),8482 Circular Hill Road,,LeRoy,NY,14482,Genesee,8,5857688744,Town of LeRoy,Municipal,Transfer facility - less than 50 tpd - registration,[19T10009],Yes,259076,4764169,,Construction & Demolition Debris;MSW (Residential/Institutional & Commercial);Commingled Paper & Containers;Tree Debris;Corrugated Cardboard;Junk Mail;Newspaper;Magazines;Office Paper;Metals (Ferrous & Non-Ferrous);Commingled Plastics;Electronics,19T10009,02/17/2023,02/17/2028,"8482 Circular Hill Road
LeRoy, NY 14482
(42.98429, -77.95483)"
Emery Land Clearing Debris Landfill,18 Emery Lane,,Corinth,NY,12822,Saratoga,5,5186546401,Joseph D Emery,Private,Landfill - land clearing debris,[46D17],Yes,593425,4786839,,Land Clearing Debris,46D17,10/22/1999,,"18 Emery Lane
Corinth, NY 12822
(43.22716, -73.8471)"
Oneida-Herkimer Solid Waste Authority - Leland Ave. Ext.,80 Leland Avenue,,Utica,NY,13502,Oneida,6,3157380417,Oneida Herkimer SWA,Municipal,RHRF - greater than 5 tpd - registration,[33R20002],Yes,484432,4772023,,Electronics;Waste Tires;White Goods;Metals (Ferrous);Metals (Non-Ferrous);Single Stream;Paper / Cardboard,33R20002,03/02/2023,09/10/2028,"80 Leland Avenue
Utica, NY 13502
(43.10685, -75.21213)"
WNY Septic Tank Cleaning Service,3045 Daniels Road,,Wilson,NY,14172,Niagara,9,7167519611,George Secor,Private,Land application - septage - registration,[32A40008],Yes,187510,4798245,1 - No accuracy stated,Septage,32A40008,11/02/2023,11/02/2028,"3045 Daniels Road
Wilson, NY 14172
(43.27128, -78.85042)"
Snug Harbor Cultural Center and Botanical Garden,1000 Richmond Terrace; Bldg P; Fl 2,,Staten Island,NY,10301,Richmond,2,,Snug Harbor Cultural Center and Botanical Garden,,Composting - SSO - registration,[43P20007],Yes,576016,4499344,4.2 - Utilization of GIS and existing spatial data,Yard Trimmings;Food Scraps,43P20070,05/03/2022,05/02/2027,
DeLalio/Petro Yard,224 North Main Street,,Southampton,NY,11968,Suffolk,1,6312830037,Delalio Asphalt,Private,CDDHRF - concrete; rock; brick; asphalt pavement or millings - registration,[52C90419],Yes,719844,4530394,4.3 - Utilization of Digital Orthophoto Quads,Concrete;Asphalt Pavement,52C90419,05/29/2024,05/28/2029,"224 North Main Street
Southampton, NY 11968
(40.89523, -72.39039)"
RNV Green Processing & Supply Corp,1 Lane Gate Road,,Cold Spring,NY,10516,Putnam,3,8452654161,Ricky Ventura,Private,C&D processing - registration,[40W06],Yes,590488,4587121,1 - No accuracy stated,,40W06,11/29/2011,,"1 Lane Gate Road
Cold Spring, NY 10516
(41.42933, -73.91784)"
Paumanok Environmental,88 Old Dock Road,,Yaphank,NY,11980,Suffolk,1,6317755900,Paumanok Environmental LLC,Private,CDDHRF - permit,[52CP0238],Yes,673337,4519709,,Construction & Demolition Debris;Concrete;Paper / Cardboard;Emergency Authorization Waste (Storm Debris);Tree Debris;Metals (Ferrous);Metals (Non-Ferrous),1-4722-05676-00001,09/10/2021,09/09/2026,"88 Old Dock Road
Yaphank, NY 11980
(40.81126, -72.94507)"
Earth Tech Recycling Inc.,495 Wood Street,,Oceanside,NY,11552,Nassau,1,5166954045,Earth Tech Recycling Inc.,Private,CDDHRF - concrete rock brick - registration,[30C10155],Yes,613504,4499290,4.3 - Utilization of Digital Orthophoto Quads,Concrete;Rock;Brick,30-0155,04/15/2022,04/14/2027,"495 Wood Street
Oceanside, NY 11552
(40.63646, -73.65796)"
Timpson Trading Corp.,671 Timpson Place,,Bronx,NY,10455,Bronx,2,7189930018,Timpson Trading Corp,,Scrap metal processor - registration,[03V30134],Yes,592786,4518553,4.2 - Utilization of GIS and existing spatial data,Scrap Metal - Aluminum ;Scrap Metal - Ferrous ;Copper;Lead-acid Batteries,03V30134,07/22/2025,07/21/2030,"671 Timpson Place
Bronx, NY 10455
(40.81251, -73.89992)"
Peckham Materials Corp - Chestertown,5983 Route 9,,Chestertown,NY,12817,Warren,5,5184942313,Peckham Materials Corp.,Private,CDDHRF - uncontaminated soil sand gravel rock - registration,[57C60031],Yes,596849,4831238,,Soil (Clean);Sand;Gravel,47C90031,01/19/2024,01/18/2029,"5983 Route 9
Chestertown, NY 12817
(43.6278, -73.7989)"
2060 Auto Parts; Inc.,2060 William Street,,Sloan,NY,14206,Erie,9,7168942060,Michael Serwacki,Private,VDF - registration,[15V50054],Yes,190313,4755129,1 - No accuracy stated,End of Life Vehicles VDFs,15V50054,10/02/2024,10/02/2029,"2060 William Street
Sloan, NY 14206
(42.88473, -78.79343)"
Cardo Site Development Storage Yard,36 & 38 Old Country Road,,Quogue,NY,11959,Suffolk,1,6316534377,36-38 OCR LLC,Private,CDDHRF - uncontaminated soil sand gravel rock - registration,[52C60272],Yes,701623,4523309,4.3 - Utilization of Digital Orthophoto Quads,Gravel;Soil (Clean);Sand,52-0272,05/29/2024,05/28/2029,"36 & 38 Old Country Road
Quogue, NY 11959
(40.83706, -72.6077)"
B&B Recycling,3898 Tinney Road,,Penn Yan,NY,14527,Yates,8,3155366855,Richard Ingram,Private,Scrap metal processor - registration,[62V30001],Yes,322589,4726459,4.3 - Utilization of Digital Orthophoto Quads,Scrap Metal - Ferrous ;Scrap Metal - Non-ferrous,62V30001,05/19/2023,05/19/2028,"3898 Tinney Road
Penn Yan, NY 14527
(42.66929, -77.16457)"
Wormont Dairy Farm,9070 Canning Factory Road,,Cassville,NY,13318,Oneida,6,3157251972,Charles Worden,Private,Storage - manure & food processing waste - registration,[33A20005],Yes,476490,4755395,1 - No accuracy stated,Unrecognizable Food Processing Waste,33A20005,03/12/2024,03/11/2029,"9070 Canning Factory Road
Cassville, NY 13318
(42.95287, -75.28728)"
USDHS - PIADC Building 111 Effluent Decon,P O Box 848,,Greenport,NY,11944,Suffolk,1,,,,RMW - permit,[52JP0230],Yes,735302,4561644,4.3 - Utilization of Digital Orthophoto Quads,,52JP0230,01/13/2023,10/24/2032,
Two Farms Brewing; LLC,689 Winterton Road,,Bloomingburg,NY,12721,Sullivan,3,8457079207,Erika Malmgreen,Private,Land application - UFPW - registration,[53A30001],Yes,544155,4596134,,Unrecognizable Food Processing Waste,53A30001,07/25/2024,07/24/2026,"689 Winterton Road
Bloomingburg, NY 12721
(41.51811, -74.47635)"
Tyrone (T) Recycling Center,435 County Road 23,3600 State Route 226,Tyrone,NY,14837,Schuyler,8,6072923152,Town of Tyrone,Municipal,Transfer facility - less than 50 tpd - registration,[49T10003],Yes,328966,4698771,1 - No accuracy stated,MSW (Residential/Institutional & Commercial);Corrugated Cardboard;Junk Mail;Magazines;Newspaper;Office Paper;Commingled Paper & Containers;Metals (Ferrous & Non-Ferrous);Commingled Plastics;Waste Tires,49T10003,05/10/2018,05/09/2023,"435 County Road 23
Tyrone, NY 14837
(42.42213, -77.07843)"
Poughkeepsie (T) Highway Dept,8 Burnett Boulevard,,Poughkeepsie,NY,12603,Dutchess,3,8454521750,Town of Poughkeepsie,Municipal,Transfer facility - less than 50 tpd - registration,[14T10006],Yes,592439,4616435,,MSW (Residential/Institutional & Commercial);Yard Trimmings;Electronics,14T10006,12/10/2024,12/09/2029,"8 Burnett Boulevard
Poughkeepsie, NY 12603
(41.69617, -73.88917)"
Beacon (C),90-96 Dennings Avenue,,Beacon,NY,12508,Dutchess,3,8458314390,City of Beacon,,Composting - yard trimmings - registration,[14P10002],Yes,585022,4595693,4.3 - Utilization of Digital Orthophoto Quads,Yard Trimmings,14P10002,04/24/2024,04/23/2029,"90-96 Dennings Avenue
Beacon, NY 12508
(41.4949, -73.9816)"
Tree Care by Stan Hunt LCD Landfill,53 Boulevard,,Queensbury,NY,12804,Warren,5,5187930804,Tree Care by Stan Hunt; Inc,Private,Landfill - land clearing debris,[57D17],Yes,613395,4796529,,,57D17,06/18/2007,,"53 Boulevard
Queensbury, NY 12804
(43.31336, -73.60054)"
Queen City Recycling Center CD Processor,19 Cliff Street,,New Rochelle,NY,10801,Westchester,3,9146362080,Frank Miceli,Private,CDDHRF - permit,[60CP0001],Yes,601885,4528768,,Construction & Demolition Debris;Concrete;Rock;Metal (Structural);Paper / Cardboard;Plastics;Wood (Unadulterated),3-5510-00361/00001,06/22/2022,06/22/2027,"19 Cliff Street
New Rochelle, NY 10801
(40.90346, -73.79035)"
Faztec Industries  Asphalt Pave,331 Edward Curry Avenue,,Staten Island,NY,10303,Richmond,2,7184941600,John Difazio,Private,CDDHRF - concrete; rock; brick; asphalt pavement or millings - registration,[43C90061],Yes,568772,4495945,4.2 - Utilization of GIS and existing spatial data,Asphalt Millings,43C90061,07/29/2025,07/28/2030,"331 Edward Curry Avenue
Staten Island, NY 10303
(40.61117, -74.18707)"
Maloy - Dennis Pit,Osborne Road,,Colonie,NY,12211,Albany,4,,James H Maloy Inc,Private,C&D processing - registration,[01W13],Yes,600721,4729468,,,01W13,07/29/2011,,
Gerster Trucking INC,12871 St Hwy 23,,Davenport,NY,13751,Delaware,4,6072785212,Philipp Gerster,Private,Land application - Third Party CAFO Applier - registration,[13A62602],Yes,511913,4701778,,Manure,13A62602,02/07/2025,02/06/2030,"12871 St Hwy 23
Davenport, NY 13751
(42.45291, -74.89572)"
Cutchogue Materials and Recycling Inc.,350 Commerce Drive,,Cutchogue,NY,11935,Suffolk,1,6317348049,Cutchogue Materials and Recycling Inc.,Private,CDDHRF - concrete; rock; brick; asphalt pavement or millings - registration,[52C90335],Yes,710026,4544650,4.3 - Utilization of Digital Orthophoto Quads,Concrete;Brick,52C90335,01/23/2024,01/22/2029,"350 Commerce Drive
Cutchogue, NY 11935
(41.02558, -72.50231)"
Dependable Disposal,6948 Herman Road,,Syracuse,NY,13209,Onondaga,7,3156899588,Steve Morgan,Private,RHRF - greater than 5 tpd - registration,[34R20018],Yes,395175,4773285,4.1 - Address Matching,Single Stream,34R20018,06/06/2023,06/27/2028,"6948 Herman Road
Syracuse, NY 13209
(43.10488, -76.28793)"
Superior Lubricants,32 Ward Road,,North Tonawanda,NY,14120,Niagara,9,7162601779,32 Ward Road LLC,Private,Used oil - collection centers - registration,[32Q10001],Yes,182941,4774170,4.2 - Utilization of GIS and existing spatial data,Used Oil,32Q10001,10/13/2023,10/13/2028,"32 Ward Road
North Tonawanda, NY 14120
(43.05385, -78.89264)"
G & F Autos,491 Barry Street,,Bronx,NY,10474,Bronx,2,7188425865,Angel D. Gonzalez,Private,VDF - registration,[03V50115],Yes,593199,4518126,,,03V30115,12/18/2023,12/18/2028,"491 Barry Street
Bronx, NY 10474
(40.80894, -73.89494)"
Post Bros. Auto Parts; Inc. - Site B,6992 Rt. 32,,Cairo,NY,12413,Greene,4,8004794808,Post Brothers Auto Parts; Inc.,Private,VDF - registration,[20V52401],Yes,584430,4680638,,End of Life Vehicles VDFs,20V52401,01/22/2026,01/21/2031,"6992 Rt. 32
Cairo, NY 12413
(42.27302, -73.97713)"
Action Metal Co.; Inc.,602 Willow Grove Road,,Stony Point,NY,10980,Rockland,3,8459472222,Brad Sherman,Private,Scrap metal processor - registration,[44V30001],Yes,579919,4563672,,Copper;Scrap Metal - Ferrous ;Scrap Metal - Aluminum ;Brass,44V30001,08/23/2024,08/22/2029,"602 Willow Grove Road
Stony Point, NY 10980
(41.22085, -74.0465)"
Elite Auto Parts Inc,120 Albany Ave,,Lindenhurst,NY,11757,Suffolk,1,6312261003,Elite Auto Parts Inc,Private,VDF - registration,[52V50297],Yes,636387,4504985,,End of Life Vehicles VDFs,52V50297,01/22/2020,01/21/2025,"120 Albany Ave
Lindenhurst, NY 11757
(40.6844, -73.38639)"
Goldwing Saab Parts; Inc.,2008 Route 11,,Hastings,NY,13076,Oswego,7,3156685800,Eric Stooks,Private,VDF - registration,[38V20011],Yes,406735,4803408,1.1 - Obtained from original submission and unverified process,End of Life Vehicles VDFs,38V20011,05/07/2024,05/07/2029,"2008 Route 11
Hastings, NY 13076
(43.37736, -76.15219)"
Yaphank Land Associates,275A East Main Street,,Yaphank,NY,11980,Suffolk,1,5169032121,Michael Gorman,Private,CDDHRF - uncontaminated soil sand gravel rock - registration,[52C60360],Yes,675982,4522809,,Soil (Clean),52-0360,09/23/2021,09/23/2023,"275A East Main Street
Yaphank, NY 11980
(40.8372, -72.91001)"
Benny's Auto Salvage,2540 Degroff Road,,Nunda,NY,14517,Livingston,8,5854685551,Benjamin Wilkins,Private,VDF - registration,[26V50022],Yes,262450,4720200,1 - No accuracy stated,End of Life Vehicles VDFs;Waste Tire;Scrap Metal - Aluminum ;Scrap Metal - Ferrous ;Scrap Metal - Non-ferrous ;Stainless Steel,26V50022,10/08/2021,10/08/2026,"2540 Degroff Road
Nunda, NY 14517
(42.59631, -77.89534)"
Dunn Auto Parts Inc,11159 Ridge road,,Medina,NY,14103,Orleans,8,5857982525,Danny G. Dunn,Private,VDF - registration,[37V50004],Yes,224215,4796209,1 - No accuracy stated,End of Life Vehicles VDFs,37V50004,11/13/2019,11/13/2024,"11159 Ridge road
Medina, NY 14103
(43.26809, -78.40124)"
Sullivan County Western Transfer Station,433 Mitchell Pond East Road,,Cochecton,NY,12726,Sullivan,3,8458070294,Sullivan County,County,Transfer facility - less than 50 tpd - registration,[53T10006],Yes,500329,4617490,,MSW (Residential/Institutional & Commercial);Construction & Demolition Debris;Single Stream;Corrugated Cardboard;Newspaper;Commingled Paper & Containers;Metals (Ferrous & Non-Ferrous);Electronics;Waste Tires,53T10006,04/12/2023,05/18/2028,"433 Mitchell Pond East Road
Cochecton, NY 12726
(41.70919, -74.99593)"
Spafford Transfer Station & Recycling Center,Stanton Rd,,Skaneateles,NY,13152,Onondaga,7,3156733906,Town of Spafford,Municipal,Transfer facility - less than 50 tpd - registration,[34T10062],Yes,394486,4743676,,MSW (Residential/Institutional & Commercial),34T10062,05/15/2023,05/14/2028,
Frank & Sons Auto Wrecking II Inc.,132 Hopper Street,,Westbury,NY,11590,Nassau,1,5169975736,Frank & Sons Auto Wrecking II Inc,Private,VDF - registration,[30V50125],Yes,621072,4512766,,End of Life Vehicles VDFs,30V50125,01/22/2020,01/21/2025,"132 Hopper Street
Westbury, NY 11590
(40.75755, -73.56601)"
Town of New Hartford,83 Marauder Blvd,,New York Mills,NY,13417,Oneida,6,3157244300,Town of New Hartford,Municipal,Composting - yard trimmings - registration,[33P10030],Yes,476176,4770548,,Leaves,33P10030,09/08/2021,09/07/2026,"83 Marauder Blvd
New York Mills, NY 13417
(43.09054, -75.28874)"
Dutcher's Inc,4495 Cramer Road,,Morrisville,NY,13408,Madison,7,3156849212,Gregory Dutcher,Private,VDF - registration,[27V50005],Yes,448366,4752842,,End of Life Vehicles VDFs,27V50005,05/16/2023,05/15/2028,"4495 Cramer Road
Morrisville, NY 13408
(42.92597, -75.63287)"
Island Rock & Dirt Corp.,631 Woodfield Road,,West Hempstead,NY,11552,Nassau,1,5166449046,Michael Pasquaretto,Private,CDDHRF - concrete rock brick - registration,[30C10153],Yes,613925,4504991,4.3 - Utilization of Digital Orthophoto Quads,Concrete;Brick;Rock,30-0153,04/16/2022,04/15/2027,"631 Woodfield Road
West Hempstead, NY 11552
(40.68768, -73.65193)"
Yonkers Yard Waste Transfer Station,610 Nepperhan Avenue,,Yonkers,NY,10703,Westchester,3,9143776752,City of Yonkers,Municipal,Transfer facility - less than 50 tpd - registration,[60T10016],Yes,594165,4533443,,Yard Trimmings,60T0016,12/03/2024,02/07/2029,"610 Nepperhan Avenue
Yonkers, NY 10703
(40.94705, -73.88147)"
Tri-City Recycling,201 Edison Avenue,,Schenectady,NY,12305,Schenectady,4,5183463445,Nathan Kelman,Private,RHRF - registration,[47R31501],Yes,585954,4740197,1 - No accuracy stated,Other Aluminum Scrap Metal;Single Stream;Other Ferrous Scrap Metal;Other Non-Ferrous Scrap Metal,47R31501,12/04/2024,12/03/2029,"201 Edison Avenue
Schenectady, NY 12305
(42.80921, -73.9485)"
716 Parts Nation Inc DBA Greg's Auto Parts,1980 William Street,,Cheektowaga,NY,14206,Erie,9,7168936910,Joseph Ryan Glownia,Private,VDF - registration,[15V50070],Yes,189857,4755015,1 - No accuracy stated,End of Life Vehicles VDFs,15V50070,05/01/2023,05/01/2028,"1980 William Street
Cheektowaga, NY 14206
(42.88462, -78.7974)"
University at Buffalo (SUNY) Downtown Campus,955 Main Street,,Buffalo,NY,14203,Erie,9,7168295816,University at Buffalo (SUNY),State,RMW - treatment at site of generation BSL3-FSAP - registration,[15J70087],Yes,184099,4756960,4.2 - Utilization of GIS and existing spatial data,Animal Waste;Cultures & Stocks,15J70087,01/08/2026,01/08/2031,"955 Main Street
Buffalo, NY 14203
(42.90004, -78.86969)"
Green Renewable Inc of Manchester NY,155 State Street,,Manchester,NY,14504,Ontario,8,5854028710,Sean M Gallivan,Private,C&D processing - registration,[35W10],Yes,316941,4759395,4 - GIS Assisted,Wood (Unadulterated Pallets),35W10,05/19/2017,,"155 State Street
Manchester, NY 14504
(42.96547, -77.2458)"
WMNY Kingston Transfer Station,264 Old Flatbush Rd,,Ulster,NY,12401,Ulster,3,,Waste Management of New York; LLC,Private,Transfer facility - permit,[56TP0001],Yes,584922,4644999,,Construction & Demolition Debris;MSW (Residential/Institutional & Commercial);Single Stream,3-5154-00081/00003,12/15/2023,12/14/2028,"264 Old Flatbush Rd
Ulster, NY 12401
(41.95242, -73.97575)"
Town of Trenton Transfer Station,224 Veteran's Way,,Trenton (T),NY,13304,Oneida,6,3158962615,Town of Trenton,Municipal,CDDHRF - uncontaminated soil sand gravel rock - registration,[33C60025],Yes,484753,4789848,,Soil (Clean);Sand;Gravel;Rock,33C60025,07/29/2021,07/28/2026,
JMI Ripley SWMF,9087 Old Route 20,,Ripley,NY,14775,Chautauqua,9,7166645108,Jamestown Macadam; Inc.,Private,CDDHRF - asphalt pavement and millings - registration,[07C20065],Yes,116914,4692370,,Asphalt Millings;Asphalt Pavement,07C20065,07/06/2023,07/06/2028,"9087 Old Route 20
Ripley, NY 14775
(42.29279, -79.65032)"
Alfred - Almond Recycling Center and Transfer Station,394 Satterlee Hill Road,,Almond,NY,14804,Allegany,9,5852685415,Allegany County Department of Public Works,County,Transfer facility - less than 50 tpd - registration,[02T10013],Yes,273601,4685629,4.2 - Utilization of GIS and existing spatial data,MSW (Residential/Institutional & Commercial),02T10013,10/07/2024,10/07/2029,"394 Satterlee Hill Road
Almond, NY 14804
(42.28863, -77.74646)"
One World Recycling LLC,685 North Queens Avenue,,Lindenhurst,NY,11757,Suffolk,1,6318880600,One World Recycling; LLC,Private,Transfer facility - permit,[52TP0363],Yes,637892,4507314,4.3 - Utilization of Digital Orthophoto Quads,MSW (Residential/Institutional & Commercial);Construction & Demolition Debris;Emergency Authorization Waste (Storm Debris);Metals (Ferrous & Non-Ferrous);Tree Debris;Concrete,1-4720-01004/00006,10/12/2021,10/11/2026,"685 North Queens Avenue
Lindenhurst, NY 11757
(40.70527, -73.36756)"
Afton Septic Service,Dale Growver Farm,State Route 41 and Ives Road,Afton,NY,13730,Chenango,7,6076391053,Jason & Lisa Page,Private,Land application - septage - registration,[09A40004],Yes,456249,4673290,1 - No accuracy stated,Septage,09A40004,04/16/2025,04/16/2030,
MRC Recycling,430 County Rd 44,,Chase Mills,NY,13621,St. Lawrence,6,3153843409,Michael R. Campbell,,Motor vehicle repair shop - registration,[45V40037],Yes,495256,4962464,4.1 - Address Matching,End of Life Vehicles VDFs,45V40037,12/16/2025,12/15/2030,"430 County Rd 44
Chase Mills, NY 13621
(44.81507, -75.06015)"
Koskowski Automotive; LLC,857 Hannibal Street,,Fulton,NY,13069,Oswego,7,3155936310,Ronald F. Koskowski,Private,VDF - registration,[38V50030],Yes,383239,4797983,1 - No accuracy stated,End of Life Vehicles VDFs,38V50030,10/30/2025,10/29/2030,"857 Hannibal Street
Fulton, NY 13069
(43.32557, -76.43967)"
Zoladz Construction Company,13600 Railroad Street,,Alden,NY,14004,Erie,9,7169376575,Zoladz Construction Co.; Inc.,Private,Mulch processing - registration,[15M10081],Yes,215820,4755135,4 - GIS Assisted,Wood (Chips);Tree Debris,15M10081,12/21/2021,12/20/2026,"13600 Railroad Street
Alden, NY 14004
(42.89549, -78.48019)"
Demo's Truck Parts Inc,7427 Clinton Street Road,,Bergen,NY,14416,Genesee,8,5854941341,Linda Camelio,Private,VDF - small - registration,[19V20015],Yes,256435,4771520,,Decommissioned ELVs SMPs,19V20015,,,"7427 Clinton Street Road
Bergen, NY 14416
(43.0568, -77.99083)"
South County Transfer Station,2570 South Work Street,,Falconer,NY,14733,Chautauqua,9,7166656902,Chautauqua County DPF,County,Transfer station - permit,[07T19],Yes,154133,4670705,4.2 - Utilization of GIS and existing spatial data,Construction & Demolition Debris;MSW (Residential/Institutional & Commercial);Commingled Paper & Containers;Electronics;Corrugated Cardboard;Metals (Ferrous & Non-Ferrous);Magazines;Junk Mail;Newspaper;Commingled Plastics,9-0638-00012/00002,01/25/2018,01/24/2028,"2570 South Work Street
Falconer, NY 14733
(42.11136, -79.18346)"
Ed Henning Inc.,911 Ransom Road,,Lancaster,NY,14086,Erie,9,7166835174,Alfreda Haniszewski,Private,VDF - registration,[15V50007],Yes,206880,4758268,1 - No accuracy stated,End of Life Vehicles VDFs,15V50007,11/19/2023,11/19/2028,"911 Ransom Road
Lancaster, NY 14086
(42.92041, -78.59294)"
Gallatin Convenience Station,State Route 82,,Gallatin,NY,12502,Columbia,4,5183294846,Columbia County,County,Transfer station - registration,[11R34],Yes,616198,4652650,,MSW (Residential/Institutional & Commercial);Single Stream,11R34,,,
Thurman Transfer Station,1 Erving Baker Road,,Athol,NY,12810,Warren,5,5186239649,Town of Thurman,Municipal,Transfer facility - less than 50 tpd - registration,[57T10025],Yes,586072,4821340,,MSW (Residential/Institutional & Commercial);Construction & Demolition Debris;Container Glass;Waste Tires;Metals (Ferrous & Non-Ferrous);Electronics,57T10025,02/15/2024,02/14/2029,"1 Erving Baker Road
Athol, NY 12810
(43.51273, -73.90578)"
Denning TS (T),1444 Denning Rd,,Claryville,NY,12725,Ulster,3,8459852543,Town of Denning,Municipal,Transfer facility - less than 50 tpd - registration,[56T10007],Yes,536579,4641404,,MSW (Residential/Institutional & Commercial);Commingled Paper & Containers;Metals (Ferrous & Non-Ferrous),56T10007,01/22/2019,01/22/2024,"1444 Denning Rd
Claryville, NY 12725
(41.92381, -74.5588)"
CK Companies; LLC,253 Morris Road,,Albany,NY,12303,Albany,4,5182807112,Christopher Kotecki,Private,Composting - yard trimmings - registration,[01P12606],Yes,589820,4733112,,Leaves;Grass Clippings,01P12606,03/13/2026,03/12/2031,"253 Morris Road
Albany, NY 12303
(42.74502, -73.90219)"
Sustainable Materials Management Inc,2 Bayview Road,,Cortlandt Manor,NY,10567,Westchester,3,9142656067,Sustainable Materials Management; Inc,Private,Composting - SSO - registration,[60P20001],Yes,587912,4572341,4 - GIS Assisted,Source Separated Organic Waste (SSOW);Wood/Brush,60P20001,09/18/2025,09/17/2030,"2 Bayview Road
Cortlandt Manor, NY 10567
(41.29802, -73.94663)"
AALCO,50 Creek Road,,Poughkeepsie,NY,12601,Dutchess,3,8454520877,Creek Road Auto Parts Inc,Private,VDF - registration,[14V50003],Yes,591115,4619193,,End of Life Vehicles VDFs,14V50003,11/04/2025,11/03/2030,"50 Creek Road
Poughkeepsie, NY 12601
(41.7183, -73.90479)"
Steve's Lawns Inc,30 Sephar Lane,,Chesnut Ridge,NY,10952,Rockland,3,8452000706,Steve's Lawns Inc,Private,C&D processing - registration,[44W12],Yes,579707,4546775,1 - No accuracy stated,Concrete,,,,"30 Sephar Lane
Chesnut Ridge, NY 10952
(41.06909, -74.05145)"
Paragon Recycling & Transfer Corp,35 Dale Steet,,West Babylon,NY,11704,Suffolk,1,6312491639,Paragon Recycling & Transfer Corp,Private,Transfer facility - permit,[52TP0362],Yes,635999,4510103,4.2 - Utilization of GIS and existing spatial data,MSW (Residential/Institutional & Commercial);Construction & Demolition Debris;Asbestos (Non-Friable);Oil/Gas Drilling Waste;Commingled Paper & Containers;Junk Mail;Metals (Ferrous & Non-Ferrous);Commingled Plastics;Yard Trimmings;Newspaper,1-4720-00581/00002,04/26/2023,04/25/2028,"35 Dale Steet
West Babylon, NY 11704
(40.73045, -73.38987)"
Waste Management of NY (Card Rd),22360 Card Road,,Black River,NY,13612,Jefferson,6,3157735697,Waste Management of NY,Private,Transfer facility - permit,[23TP0037],Yes,440476,4871285,,,6-2254-00049/00004,09/15/2022,09/14/2027,"22360 Card Road
Black River, NY 13612
(43.99169, -75.74266)"
LKQ Broadway Auto Parts Inc,1572 Route 9,,Stuyvesant,NY,12173,Columbia,4,5187997909,LKQ Northeast,,VDF - registration,[11V55201],Yes,603300,4689072,,End of Life Vehicles VDFs,11V55201,06/14/2019,06/14/2024,"1572 Route 9
Stuyvesant, NY 12173
(42.3474, -73.74682)"
Granville Transfer Station,8536 Route 22,,Granville,NY,12832,Washington,5,5186423026,Granville Transfer Station; LLC,Private,CDDHRF - permit,[58CP0009],Yes,641103,4805434,,Construction & Demolition Debris,5-5332-00023/00003,02/02/2023,02/01/2033,"8536 Route 22
Granville, NY 12832
(43.38813, -73.25895)"
Omni Recycling of Westbury Inc,7 Portland Avenue,,Westbury,NY,11590,Nassau,1,5163335741,Anthony Core,Private,MSW processing - permit,[30YP0158],Yes,620156,4512,,MSW (Residential/Institutional & Commercial),1-2822-00487/00001,11/03/2022,11/02/2027,"7 Portland Avenue
Westbury, NY 11590
(40.75638, -73.57759)"
All Island Mason Supply Inc,180 Townline Road,,Kings Park,NY,11754,Suffolk,1,6318078771,Michael Nasti,Private,Nonspecific facility - permit,[52XP0424],Yes,644378,4526368,,Soil (Clean);Concrete;Rock,1-4734-00195/00005,10/07/2024,10/06/2029,"180 Townline Road
Kings Park, NY 11754
(40.8757, -73.28688)"
O'Mara Farms,8275 State Route 13,,Canastota,NY,13032,Madison,7,3154474693,O'Mara Farms; Inc.,Private,Land application - UFPW - registration,[27A30017],Yes,438001,4769163,4.1 - Address Matching,Unrecognizable Food Processing Waste;Manure,27A30017,05/12/2023,05/15/2028,"8275 State Route 13
Canastota, NY 13032
(43.12031, -75.73152)"
Broome County Landfill,286 Knapp Road,,Binghamton,NY,13905,Broome,7,6077634275,Broome County DSWM,County,Landfill - MSW - permit,[04LS0011],Yes,419649,4676879,4.3 - Utilization of Digital Orthophoto Quads,MSW (Residential/Institutional & Commercial);Construction & Demolition Debris;Asbestos (Friable);Petroleum Contaminated Soil,7-0399-00027/00002,03/23/2022,03/22/2032,"286 Knapp Road
Binghamton, NY 13905
(42.23855, -75.98173)"
Canaseraga Recycling Center and Transfer Station,89 Main Street,,Canaseraga,NY,14822,Allegany,9,5852685415,Allegany County Department of Public Works,County,Transfer facility - less than 50 tpd - registration,[02T10015],Yes,271189,4704565,4.2 - Utilization of GIS and existing spatial data,MSW (Residential/Institutional & Commercial);Commingled Paper;Commingled Plastics;Container Glass;Other - Batteries;Tin & Aluminum Containers;Textiles;Metals (Ferrous & Non-Ferrous);Corrugated Cardboard,02T10015,10/07/2024,10/07/2029,"89 Main Street
Canaseraga, NY 14822
(42.46061, -77.78345)"
Niagara Metals LLC - Royalton,8729 Rochester Road,,Gasport,NY,14067,Niagara,9,7167727702,Niagara Metals; LLC,Private,Scrap metal processor - registration,[32V30018],Yes,211940,4789213,1 - No accuracy stated,Scrap Metal - Ferrous ;Scrap Metal - Non-ferrous,32V30018,09/03/2024,09/03/2029,"8729 Rochester Road
Gasport, NY 14067
(43.2007, -78.54534)"
Hanson Aggregates South Lansing,87 Portland Point Road,,Lansing,NY,14882,Tompkins,7,6075334005,Hasson Aggregates,,CDDHRF - concrete rock brick - registration,[55C10017],Yes,374689,4710530,4 - GIS Assisted,Rock;Brick;Concrete;CARB (concrete; asphalt; rock; brick),55C10017,08/05/2021,08/05/2026,"87 Portland Point Road
Lansing, NY 14882
(42.53787, -76.52623)"
Ralph A. Diller,15107 NYS RT 178,,Adams,NY,13605,Jefferson,6,3157290918,Ralph A. Diller,Private,Storage - manure & food processing waste - registration,[23A20040],Yes,414160,4852185,1 - No accuracy stated,Unrecognizable Food Processing Waste,23A20040,01/19/2024,01/18/2029,"15107 NYS RT 178
Adams, NY 13605
(43.81731, -76.06472)"
Tri-City Recycling,201 Edison Avenue,,Schenectady,NY,12305,Schenectady,4,5183463445,Nathan Kelman,Private,VDF - registration,[47V51501],Yes,585954,4740197,1 - No accuracy stated,End of Life Vehicles VDFs,47V51501,12/04/2024,12/03/2029,"201 Edison Avenue
Schenectady, NY 12305
(42.80921, -73.9485)"
Omni Recycling of Babylon Inc,114 Alder Street,,West Babylon,NY,11704,Suffolk,1,6316941694,Omni Recycling of Babylon Inc,Private,CDDHRF - permit,[52CP0381],Yes,635534,4510107,4.3 - Utilization of Digital Orthophoto Quads,Construction & Demolition Debris,1-4720-00643/00007,06/17/2024,06/17/2029,"114 Alder Street
West Babylon, NY 11704
(40.7308, -73.39634)"
Gershow Recycling of Huntington,149 West 11th Street,,Huntington Station,NY,11746,Suffolk,1,6313851200,Gershow Recycling Corporation,Private,VDF - registration,[52V50412],Yes,632496,4522268,4.3 - Utilization of Digital Orthophoto Quads,End of Life Vehicles VDFs,52-0412,11/21/2025,11/20/2030,"149 West 11th Street
Huntington Station, NY 11746
(40.84139, -73.42859)"
Kach's Auto Service,4800 Witmer Road,,Niagara Falls,NY,14305,Niagara,9,7162823455,William L. Kachinoski,Private,Motor vehicle repair shop - registration,[32V40020],Yes,172105,4782709,1 - No accuracy stated,End of Life Vehicles VDFs,32V40020,10/07/2019,10/07/2024,"4800 Witmer Road
Niagara Falls, NY 14305
(43.13003, -79.00773)"
Northampton Land Clearing Debris Landfill,Prospect Hill Cemetery,West Prospect St,Northville,NY,12134,Fulton,5,5188634040,Town of Northampton,Municipal,Landfill - land clearing debris,[18D07],Yes,567009,4787114,4 - GIS Assisted,Tree Debris,18D07,06/05/2015,,
Lake Clear Transfer Station,59 Dump Road,,Harrietstown,NY,12945,Franklin,5,5188917218,CFSWMA,Municipal,RHRF - 5 tpd or less - registration,[17R10011],Yes,561568,4913963,4 - GIS Assisted,Container Glass;Mixed Commercial;Plastic;Metals (Ferrous);Metals (Non-Ferrous),17R10011,07/29/2022,07/29/2027,"59 Dump Road
Harrietstown, NY 12945
(44.37752, -74.22606)"
Royal Waste Services Inc.,187-10 Jamaica Avenue,,Jamaica,NY,11423,Queens,2,7184688679,Royal Waste Services Inc.,Private,RHRF - registration,[41R30085],Yes,603748,4507257,4.2 - Utilization of GIS and existing spatial data,Plastic;Paper / Cardboard;Glass;Metals (Non-Ferrous);Metals (Ferrous),41R30085,02/02/2024,02/01/2029,"187-10 Jamaica Avenue
Jamaica, NY 11423
(40.71024, -73.77201)"
Deferiet (V) Transfer Station,68 Riverside Drive,,Deferiet,NY,13628,Jefferson,6,3154932707,Village of Deferiet,Municipal,Transfer facility - less than 50 tpd - registration,[23T10012],Yes,445108,4876514,,Land Clearing Debris,23T10012,04/05/2024,04/04/2029,"68 Riverside Drive
Deferiet, NY 13628
(44.03936, -75.68565)"
Manorville Yard Waste Composting Facility,2 Papermill Rd.,,Manorville,NY,11949,Suffolk,1,6318780128,Town of Brookhaven,Municipal,Composting - yard waste - permit,[52Y21],Yes,687000,4522700,4.3 - Utilization of Digital Orthophoto Quads,Yard Trimmings,1-4722-00912/00002,12/22/2025,12/01/2027,"2 Papermill Rd.
Manorville, NY 11949
(40.83138, -72.78427)"
Lorric Recycling Facility,68 Pine Hill Road,,Spencerport,NY,14559,Monroe,8,5853521551,Lorrie A. Jackson,Private,RHRF - registration,[28M23],Yes,270193,4787978,1 - No accuracy stated,Roofing Shingles,28M23,09/30/2014,,"68 Pine Hill Road
Spencerport, NY 14559
(43.20946, -77.82902)"
Gershow Recycling (New Hyde Park),24 Denton Avenue,,New Hyde Park,NY,11040,Nassau,1,5167461081,Gershow Recycling Corporation,Private,Scrap metal processor - registration,[30V30104],Yes,612221,4510587,1 - No accuracy stated,Scrap Metal - Aluminum ;End of Life Vehicles VDFs;Scrap Metal - Ferrous ;Scrap Metal - Non-ferrous,30-0104,11/21/2025,11/20/2030,"24 Denton Avenue
New Hyde Park, NY 11040
(40.73831, -73.67118)"
Bronx Junk Car Depot LLC,1287 East Bay Avenue,,Bronx,NY,10474,Bronx,2,7186201981,Bronx Junk Car Depot LLC,Private,VDF - registration,[03V50133],Yes,40816,73884,1.1 - Obtained from original submission and unverified process,,03V50133,05/21/2025,05/20/2030,"1287 East Bay Avenue
Bronx, NY 10474
(40.80862, -73.88562)"
Crist Bros. Orchards Inc.,65 Crist Lane,,Walden,NY,12586,Orange,3,8457787424,Crist Bros. LLC,Private,Land application - UFPW - registration,[36A30001],Yes,569814,4599994,,Unrecognizable Food Processing Waste,36A30001,04/30/2020,04/30/2023,"65 Crist Lane
Walden, NY 12586
(41.55043, -74.16429)"
Telescope Casual Furniture; Inc.,82 Church Street,,Granville,NY,12832,Washington,5,5186421100,Telescope Casual Furniture; Inc.,,Combustion - alternative fuel storage - registration,[58B40004],Yes,640987,4806485,,Wood (Unadulterated),58B40004,10/17/2023,10/16/2028,"82 Church Street
Granville, NY 12832
(43.39957, -73.26085)"
Sims Metal - North Chili,3484 Union Street,,North Chili,NY,14514,Monroe,8,5855941600,Simsmetal East LLC,Private,Scrap metal processor - registration,[28V30016],Yes,272052,4776742,4.2 - Utilization of GIS and existing spatial data,Scrap Metal - Ferrous ;Scrap Metal - Non-ferrous,28V30016,07/11/2024,07/11/2029,"3484 Union Street
North Chili, NY 14514
(43.10473, -77.80151)"
Rock Crush Recycling,478 Grand Blvd,,Westbury,NY,11590,Nassau,1,5163347625,Christopher Stasi,Private,CDDHRF - permit,[30CP0180],Yes,620845,4512544,,Concrete;Asphalt;Brick;Soil (Clean),30W48R,,,"478 Grand Blvd
Westbury, NY 11590
(40.75618, -73.5705)"
Winters Bros Waste Systems of LI LLC Excel TS,151 Peconic Avenue,,Medford,NY,11763,Suffolk,1,6312893335,Peter Casserly - Winter Brothers Waste Systems,Private,MSW processing - permit,[52YP0233],Yes,669758,4520419,1.1 - Obtained from original submission and unverified process,MSW (Residential/Institutional & Commercial),1-4722-00996/00005,10/12/2021,10/11/2026,"151 Peconic Avenue
Medford, NY 11763
(40.81655, -72.98691)"
Richmondville Shop,145 Podpadic Road,,Richmondville,NY,12149,Schoharie,4,5182949964,Lancaster Development; Inc.,Private,CDDHRF - concrete; rock; brick; asphalt pavement or millings - registration,[48C94004],Yes,537934,4721679,4.1 - Address Matching,Concrete;Brick;Rock,48C94004,09/01/2023,08/31/2028,"145 Podpadic Road
Richmondville, NY 12149
(42.6476, -74.53695)"
JYD LLC,15155 NYS RT 193,,Mannsville,NY,13661,Jefferson,6,3158367732,Adrian Gilbert,Private,Mobile vehicle crusher - registration,[23V60044],Yes,413892,4843179,,Gasoline;Used Oil;End of Life Vehicles VDFs,23V50044,07/28/2025,07/28/2030,"15155 NYS RT 193
Mannsville, NY 13661
(43.73663, -76.06953)"
Dockside Transport Corp.,4 Hampton Road,,Oceanside,NY,11572,Nassau,1,,Dockside Transport Corp.,Private,CDDHRF - asphalt pavement and millings - registration,[30C20160],Yes,613973,4497280,4.2 - Utilization of GIS and existing spatial data,Asphalt Millings,160,09/20/2022,09/19/2027,"4 Hampton Road
Oceanside, NY 11572
(40.61842, -73.65232)"
Hopewell (T) Rural Transfer,2716 County Rd 47,,Hopewell,NY,14424,Ontario,8,5853943850,Town of Hopewell,Municipal,Transfer facility - less than 50 tpd - registration,[35T10018],Yes,321668,4752006,4.1 - Address Matching,MSW (Residential/Institutional & Commercial);Single Stream;Bulk Metal;Electronics,35T10018,11/20/2025,11/20/2030,"2716 County Rd 47
Hopewell, NY 14424
(42.9002, -77.18381)"
Kitchen Excavating; Inc.,3938 Camp Road,,Madison,NY,13402,Madison,7,3157509284,Patrick Kitchen,Private,Land application - septage - registration,[27A40009],Yes,462569,4751625,4.1 - Address Matching,Septage,27A40009,09/25/2024,09/25/2029,"3938 Camp Road
Madison, NY 13402
(42.91153, -75.45092)"
St. Lawrence County Gouverneur Transfer Station,1831 State Route 11,,Gouverneur,NY,13642,St. Lawrence,6,3152870919,St. Lawrence County Solid Waste Dept.,County,Transfer facility - less than 50 tpd - registration,[45T10020],Yes,466486,4913630,4.1 - Address Matching,MSW (Residential/Institutional & Commercial);Waste Tires;Construction & Demolition Debris,45T10020,11/18/2024,11/17/2029,"1831 State Route 11
Gouverneur, NY 13642
(44.37578, -75.42008)"
Tri-State Transfer Inc,1199 Randall Ave,,Bronx,NY,10474,Bronx,2,5855248309,,,Transfer station - permit,[03TP0034],Yes,593559,4518435,,Asbestos (Friable);Asbestos (Non-Friable);Construction & Demolition Debris,2-6007-00006/00006,05/19/2025,05/18/2035,"1199 Randall Ave
Bronx, NY 10474
(40.81147, -73.89084)"
WM Biers Yard Waste Transfer,100 Port Street,,Albany,NY,12202,Albany,4,,William Biers,Private,Transfer facility - less than 50 tpd - registration,[01T10114],Yes,601308,4719446,4.1 - Address Matching,Tree Debris,01T10114,11/15/2023,11/14/2028,"100 Port Street
Albany, NY 12202
(42.6212, -73.76446)"
Westhampton Transfer Station,66 Old Country Road,,Westhampton,NY,11977,Suffolk,1,6312885236,Town of Southampton,Municipal,Composting - yard waste - permit,[52PP0308],Yes,695994,4522237,4.2 - Utilization of GIS and existing spatial data,Yard Trimmings;Woodchips,1-4736-08870/00001,07/03/2025,07/02/2035,"66 Old Country Road
Westhampton, NY 11977
(40.82689, -72.67435)"
Novak Auto Corp,4 Hampton Road,,Oceanside,NY,11572,Nassau,1,5167660000,Ken Novak,Private,VDF - registration,[30V50111],Yes,613966,4497290,1 - No accuracy stated,Transmission Fluid;Waste Tire;Copper;Lead-acid Batteries;Engine Coolant/Antifreeze;End of Life Vehicles VDFs,30V50111,03/18/2026,03/17/2031,"4 Hampton Road
Oceanside, NY 11572
(40.61842, -73.65232)"
Albion (V) Landspreading,14740 Densmore Street,,Albion,NY,14411,Orleans,8,5855899200,Village of Albion,Municipal,Land application - biosolids/septage/other - permit,[37AP0010],Yes,242894,4794059,4.3 - Utilization of Digital Orthophoto Quads,Biosolids,37AP0010,11/10/2021,11/10/2026,"14740 Densmore Street
Albion, NY 14411
(43.25525, -78.16816)"
Richmond Recycling LLC,1900 South Avenue,,Staten Island,NY,10314,Richmond,2,7186981100,,,C&D processing - registration,[43W12R],Yes,568376,4494899,4.3 - Utilization of Digital Orthophoto Quads,Asphalt;Concrete;Soil (Clean);Rock,43W12R,,,"1900 South Avenue
Staten Island, NY 10314
(40.60153, -74.19331)"
Metalico Rochester,7652 Clinton Street Rd,,Bergen,NY,14416,Genesee,8,5854360713,Metalico Rochester; Inc.,Private,VDF - registration,[19V50005],Yes,257711,4772102,,End of Life Vehicles VDFs,19V50005,03/05/2024,03/04/2029,"7652 Clinton Street Rd
Bergen, NY 14416
(43.0634, -77.97637)"
Stephens Auto Supply,5287 State Route 248,,Canisteo,NY,14823,Steuben,8,6073823720,Larry Stephens,Private,VDF - registration,[51V50033],Yes,280506,4693448,4.2 - Utilization of GIS and existing spatial data,End of Life Vehicles VDFs,51V50033,04/21/2026,04/20/2031,"5287 State Route 248
Canisteo, NY 14823
(42.2581, -77.61235)"
Contento Auto Sales Inc.,230 Tiona Road,,Maine,NY,13802,Broome,7,6078623350,230 Tiona Road LLC,Private,CDDHRF - uncontaminated unadulterated wood - registration,[04C50028],Yes,412384,4674675,,Wood (Unadulterated),04C50028,04/10/2026,10/05/2030,"230 Tiona Road
Maine, NY 13802
(42.22016, -76.06127)"
Premium Mulch & Materials Inc,482 Mill Road,,Coram,NY,11727,Suffolk,1,6319472500,Thomas J Sorge,Private,C&D processing - registration,[52W163R],Yes,669843,4525214,4.3 - Utilization of Digital Orthophoto Quads,Wood (Pallets & Crates);Wood (Clean);Wood (Chips);Tree Debris,52W163R,08/23/2010,,"482 Mill Road
Coram, NY 11727
(40.8612, -72.98516)"
Casella Bonny Hill Organics,5226 Bonny Hill Road,,Bath,NY,14810,Steuben,8,6077767997,New England Waste Mgt Services of Maine. Inc.,,Land application - biosolids/septage/other - permit,[51AP0029],Yes,307918,4680850,4.1 - Address Matching,Biosolids,8-4666-00012/00001,,,"5226 Bonny Hill Road
Bath, NY 14810
(42.25163, -77.32133)"
Inlet Recyclables Recovery Facility & Transfer Station,Limekiln Lake Road,County Route 14,Inlet,NY,13360,Hamilton,5,3153573867,Town of Inlet,Municipal,Transfer facility - less than 50 tpd - registration,[21T10008],Yes,517259,4842534,4 - GIS Assisted,MSW (Residential/Institutional & Commercial);Construction & Demolition Debris,21T10008,07/29/2022,07/29/2027,
Hornell TS,6360 East Avenue Extension,,Hornell,NY,14843,Steuben,8,6073247985,Steuben County,County,Transfer facility - less than 50 tpd - registration,[51T10002],Yes,281548,4687387,,Commingled Paper & Containers;Construction & Demolition Debris;Waste Tires;MSW (Residential/Institutional & Commercial),51T10002,07/27/2023,07/27/2028,"6360 East Avenue Extension
Hornell, NY 14843
(42.3098, -77.65085)"
Lake Luzerne Transfer Station,119 Towner Road,,Lake Luzerne,NY,12846,Warren,5,5186962105,Town of Lake Luzerne,Municipal,RHRF - registration,[57R30005],Yes,595068,4799281,,Container Glass;Other Non-Ferrous Scrap Metal;Paperboard/Boxboard;PET;Newspaper,57T10005,11/16/2023,11/15/2028,"119 Towner Road
Lake Luzerne, NY 12846
(43.33923, -73.829)"
Hiram Hollow Regeneration Corp,100 Washburn Road,,Gansevoort,NY,12831,Saratoga,5,5187931098,Casella Waste Management Inc,Private,RHRF - permit,[46RP0014],Yes,605604,4784011,,Concrete,5-4156-00046/00002,03/12/2019,03/11/2029,"100 Washburn Road
Gansevoort, NY 12831
(43.2033, -73.70032)"
South East Auto Recycle Inc,1492 Route 22,7 Wingdale Mountain Road,Wingdale,NY,12594,Dutchess,3,8458329448,Jorge Merchan,Private,VDF - registration,[14V50006],Yes,618854,4609510,,End of Life Vehicles VDFs,14V50006,11/13/2024,11/12/2027,"1492 Route 22
Wingdale, NY 12594
(41.62853, -73.57391)"
Brookhaven Waste Management Facility,350 Horseblock Road,,Yaphank,NY,11719,Suffolk,1,6312868551,Town of Brookhaven,Municipal,Landfill - LI - outside the deep flow recharge - permit,[52LN0226],Yes,675100,4518600,4.2 - Utilization of GIS and existing spatial data,Ash (WWTP Sludge);Ash MSW Energy Recovery Combined;Construction & Demolition Debris;Sewage Treatment Plant Sludge;Downtime waste;Bypass Waste (Unprocessible/Processible),1-4722-00030/00019,07/12/2021,07/11/2026,"350 Horseblock Road
Yaphank, NY 11719
(40.80001, -72.92581)"
Attica Package Company; Inc.,45 Windsor Street,,Attica,NY,14011,Wyoming,9,5855910510,Shannon S. Domes,Private,Mulch processing - registration,[61M10017],Yes,232752,4750598,4.2 - Utilization of GIS and existing spatial data,Tree Debris,61M10017,06/15/2026,06/15/2031,"45 Windsor Street
Attica, NY 14011
(42.86225, -78.27115)"
Teplitz Metal Processing Nanuet,108 West Nyack Road,,Nanuet,NY,10954,Rockland,3,8456272606,Teplitz Metal Processing,State,Scrap metal processor - registration,[44V30002],Yes,583834,4550139,,Brass;Copper;Steel;Stainless Steel;Scrap Metal - Aluminum ;Scrap Metal - Ferrous ;Scrap Metal - Non-ferrous ;Cast Iron,44V30002,10/09/2019,10/09/2022,"108 West Nyack Road
Nanuet, NY 10954
(41.0978, -74.00142)"
Northrup Septic Service,4861 Route 80 West,,Tully,NY,13159,Onondaga,7,3156965691,Northrup Septic Service,Private,Storage - septage - registration,[34A50045],Yes,403775,4742307,4.1 - Address Matching,Septage,34A50045,05/26/2023,05/25/2028,"4861 Route 80 West
Tully, NY 13159
(42.81724, -76.18079)"
WMNY BQE Transfer Station,75 Thomas Street,,Brookyn,NY,11222,Kings,2,7185335398,Waste Management of NY,Private,CDDHRF - permit,[24CP0004],Yes,590286,4508968,4.2 - Utilization of GIS and existing spatial data,Wood (Unadulterated),2-6101-00026/00001,08/14/2024,08/12/2026,"75 Thomas Street
Brookyn, NY 11222
(40.72646, -73.93088)"
Colton Transfer Station,73 Lenney Road,,Colton (T),NY,13625,St. Lawrence,6,3152622731,Town of Colton,Municipal,Transfer facility - less than 50 tpd - registration,[45T10010],Yes,505330,4934246,4.1 - Address Matching,Construction & Demolition Debris;MSW (Residential/Institutional & Commercial);Single Stream,45T10010,11/15/2024,11/14/2029,"73 Lenney Road
Colton (T), NY 13625
(44.56159, -74.93215)"
CEMCO,130 York St.,,Auburn,NY,13021-8549,Cayuga,7,3152532886,Sharon Skibo,Private,Scrap metal processor - registration,[06V30008],Yes,371073,4756496,,Scrap Metal - Aluminum ;Scrap Metal - Ferrous ;Scrap Metal - Non-ferrous,06V30008,04/26/2022,04/26/2027,"130 York St.
Auburn, NY 13021-8549
(42.95018, -76.57972)"
Vet's Disposal,49 Lower River Street,,Oneonta,NY,13820,Otsego,4,6074325351,Casella Waste Management of NY Inc,Private,RHRF - registration,[39R31202],Yes,491952,4699684,4.2.1 - Utilization of GIS and Facility Mapping System,Commingled Containers;Commingled Paper,39R31202,11/18/2022,11/17/2027,"49 Lower River Street
Oneonta, NY 13820
(42.44877, -75.09814)"
Cuomo Farms,847 Coplon Road,,Rotterdam,NY,12306,Schenectady,4,5182212607,Cuomo Farms,,Land application - septage - registration,[47A42803],Yes,579077,4742684,,Septage,47A42803,04/17/2024,04/16/2029,"847 Coplon Road
Rotterdam, NY 12306
(42.8315, -74.03245)"
Tucker's Auto Salvage,5125 State Route 11,,Burke,NY,12917,Franklin,5,5184835750,Raymond Tucker,Private,Motor vehicle repair shop - registration,[17V40005],Yes,563238,4974191,4 - GIS Assisted,End of Life Vehicles VDFs,17V40005,07/25/2019,07/25/2024,"5125 State Route 11
Burke, NY 12917
(44.9182, -74.1977)"
Keller's Salvage Yard,45 Keller Drive,,Erin,NY,14838,Chemung,8,6077398151,Jan Keller,Private,Scrap metal processor - registration,[08V30016],Yes,363003,4667899,,Scrap Metal - Non-ferrous ;Scrap Metal - Ferrous ;Scrap Metal - Aluminum,08V30016,12/22/2020,12/22/2025,"45 Keller Drive
Erin, NY 14838
(42.15134, -76.65813)"
Plan It Waste & Recycling Inc,274 Greenfield Ave,,Ballston Spa,NY,12020,Saratoga,5,5188854100,Plan It Waste & Recycling Inc,Private,RHRF - registration,[46R30012],Yes,593071,4765277,4.1 - Address Matching,Other Aluminum Scrap Metal;Other Ferrous Scrap Metal;Other Non-Ferrous Scrap Metal;Paperboard/Boxboard,46R30012,04/12/2022,04/11/2027,"274 Greenfield Ave
Ballston Spa, NY 12020
(43.03431, -73.85959)"
Long Island Electric Utility Servco LLC (PSEG),175 East Old Country Road,,Hicksville,NY,11801,Nassau,1,5163916133,,,Nonspecific facility - permit,[30XP0119],Yes,625606,4513858,4.3 - Utilization of Digital Orthophoto Quads,Waste Oil (Other);Construction & Demolition Debris,1-2824-00171/02002,10/18/2019,10/17/2029,"175 East Old Country Road
Hicksville, NY 11801
(40.76562, -73.5117)"
Lar's Auto Stop LLC,3484 West Yorkshire Road,,Yorkshire,NY,14173,Cattaraugus,9,7164749683,Lar's Auto Stop LLC,Private,VDF - registration,[05V50024],Yes,213015,4714212,1 - No accuracy stated,End of Life Vehicles VDFs,05V50024,12/31/2024,12/31/2029,"3484 West Yorkshire Road
Yorkshire, NY 14173
(42.52688, -78.49435)"
Quakertown Road Mine,3870-4198 County Route 20,,Warsaw,NY,14569,Wyoming,9,5857862571,WYCO Construction; Inc.,Private,CDDHRF - concrete; rock; brick; asphalt pavement or millings - registration,[61C90016],Yes,236193,4734537,1 - No accuracy stated,Concrete;Brick;Asphalt Pavement,61C90016,05/27/2026,05/27/2031,"3870-4198 County Route 20
Warsaw, NY 14569
(42.71336, -78.22373)"
Cooper Tank and Welding Corp,222 Maspeth Avenue,,Brooklyn,NY,11211,Kings,2,7183847727,Adrienne Cooper,Private,C&D processing - permit,[24W21],Yes,590039,4507913,,Construction & Demolition Debris;Metals (Ferrous);Metals (Non-Ferrous);Plastics;Paper / Cardboard;Wood (Chips);Concrete,2-6101-00061/00003,11/02/2018,10/28/2020,"222 Maspeth Avenue
Brooklyn, NY 11211
(40.71717, -73.93409)"
Fugle's Inc,5278 South Livonia Road,,Livonia,NY,14487,Livingston,8,5853463658,Francis E Fugle,Private,VDF - registration,[26V50015],Yes,281449,4738026,,End of Life Vehicles VDFs,26V50015,01/16/2025,01/16/2030,"5278 South Livonia Road
Livonia, NY 14487
(42.76373, -77.67109)"
Hammond LCD,Hyde Road,,Hammond,NY,13646,St. Lawrence,6,3153245611,Town of Hammond,Municipal,Landfill - land clearing debris,[45D08],Yes,444877,4923497,1 - No accuracy stated,,45D08,09/22/2011,,
Sand Lake (T) Convenience Facility,213 Chamberlin Hill Road,,West Sand Lake,NY,12196,Rensselaer,4,5186742026,Town of Sand Lake,Municipal,Transfer facility - source separated recyclables - registration,[42T34001],Yes,612052,4717999,3 - Global Positioning System (GPS),MSW (Residential/Institutional & Commercial);Construction & Demolition Debris;Commingled Recyclables,42T14001,08/20/2024,09/10/2029,"213 Chamberlin Hill Road
West Sand Lake, NY 12196
(42.60634, -73.63036)"
Shelter Island Recycling Transfer Station,34 N Menantic Road,,Shelter Island,NY,11964-1000,Suffolk,1,6317491090,Town of Shelter Island,Municipal,Composting - yard trimmings - registration,[52P10282],Yes,722194,4550401,4.3 - Utilization of Digital Orthophoto Quads,Yard Trimmings;Manure,52-0282,11/18/2021,11/17/2023,"34 N Menantic Road
Shelter Island, NY 11964-1000
(41.06439, -72.3511)"
Metzger Removal; Inc. #3,783 - 815 River Road,,North Tonawanda,NY,14120,Niagara,9,7166921810,Metzger Removal; Inc.,Private,CDDHRF - concrete; rock; brick; asphalt pavement or millings - registration,[32C90041],Yes,183354,4772793,4.2 - Utilization of GIS and existing spatial data,Concrete;Asphalt Pavement,32C90041,03/11/2024,03/11/2029,"783 - 815 River Road
North Tonawanda, NY 14120
(43.04168, -78.88805)"
Tom & Paul's Tire Trax; Inc.,1233 East Main Street,,Rochester,NY,14609,Monroe,8,5854822940,Tom Webster,Private,WTHRF - seller - registration,[28W20011],Yes,290319,4781961,4.2 - Utilization of GIS and existing spatial data,Tire,28W20011,03/06/2019,03/05/2024,"1233 East Main Street
Rochester, NY 14609
(43.16107, -77.57917)"
Postma Brothers; LLC,140 Spur St.,,New Berlin,NY,13411,Chenango,7,6078476809,James Postma,Private,Land application - UFPW - registration,[09A30019],Yes,473700,4725900,,Unrecognizable Food Processing Waste,09A30019,04/12/2023,05/04/2028,"140 Spur St.
New Berlin, NY 13411
(42.68596, -75.33371)"
Rensselaer Yard,160 American Oil Rd,,East Greenbush,NY,12061,Rensselaer,4,5184650310,Capital Region Materials; LLC,,CDDHRF - concrete; rock; brick; asphalt pavement or millings - registration,[42C92403],Yes,602243,4717514,3 - Global Positioning System (GPS),CARB (concrete; asphalt; rock; brick),42C92403,03/16/2026,03/15/2031,"160 American Oil Rd
East Greenbush, NY 12061
(42.6045, -73.75439)"
Joel E. Litvin,813 Wading River Manor Rd,,Manorville,NY,11949,Suffolk,1,6314952273,Joel E. Litvin,,Composting - roadkill/mortalities - registration,[52P30377],Yes,682810,4530500,4.2 - Utilization of GIS and existing spatial data,Animal Carcasses;Wood/Brush,52P30377,04/07/2022,04/06/2027,"813 Wading River Manor Rd
Manorville, NY 11949
(40.90521, -72.82897)"
Tidd's Auto Salvage; LLC,3333 West Yorkshire Road,,Yorkshire,NY,14173,Cattaraugus,9,7164933717,Kenneth R. Tidd,Private,VDF - registration,[05V50017],Yes,213809,4714519,,End of Life Vehicles VDFs,05V50017,09/26/2023,09/26/2028,"3333 West Yorkshire Road
Yorkshire, NY 14173
(42.52987, -78.4844)"
Watervale Farms,7882 Number 2 West Road,,Manlius,NY,13104,Onondaga,7,3156634517,Gregory Herlihy,Private,Land application - UFPW - registration,[34A30094],Yes,420264,4755764,4 - GIS Assisted,Unrecognizable Food Processing Waste,34A30094,11/10/2025,11/09/2030,"7882 Number 2 West Road
Manlius, NY 13104
(42.95033, -75.98075)"
Rensselaerville (T) Transfer Station,87 Barger Road,,Medusa,NY,12120,Albany,4,5182394225,Town of Rensselaerville,Municipal,Transfer facility - less than 50 tpd - registration,[01T13601],Yes,570968,4700871,,MSW (Residential/Institutional & Commercial);Single Stream;Electronics,01T13601,02/22/2024,02/21/2029,"87 Barger Road
Medusa, NY 12120
(42.45675, -74.13655)"
Clinton Auto Parts,1125 Clinton Street,,Buffalo,NY,14206,Erie,9,7168563016,2390 Kenmore Ave Realty Inc,Private,Scrap metal processor - registration,[15V30067],Yes,186834,4754316,1 - No accuracy stated,Scrap Metal - Ferrous ;Scrap Metal - Non-ferrous,15V30067,10/28/2024,10/28/2029,"1125 Clinton Street
Buffalo, NY 14206
(42.8772, -78.83328)"
Larchmont/Mamaroneck Joint Garbage Disposal Commission,41 Maxwell Avenue(location),740 West Boston Post Road(mailing),Mamaroneck,NY,10543,Westchester,3,9143817810,Town of Mamaroneck,Municipal,Transfer facility - less than 50 tpd - registration,[60T10017],Yes,604102,4531983,,MSW (Residential/Institutional & Commercial);Container Glass;Commingled Paper;Food Scraps,60T10017,09/21/2023,09/20/2028,"41 Maxwell Avenue(location)
Mamaroneck, NY 10543
(40.93158, -73.76407)"
DeLalio/Petro Yard,224 North Main Street,,Southampton,NY,11968,Suffolk,1,6312830037,Delalio Asphalt,Private,CDDHRF - uncontaminated soil sand gravel rock - registration,[52C60419],Yes,719844,4530394,4.3 - Utilization of Digital Orthophoto Quads,Soil (Clean),,,,"224 North Main Street
Southampton, NY 11968
(40.89523, -72.39039)"
Conewango Transfer Station,4640 Route 241,,Conewango,NY,14726,Cattaraugus,9,7163585300,Cattaraugus County DPW,County,Transfer facility - less than 50 tpd - registration,[05T10009],Yes,170225,4680044,,Commingled Plastics;Corrugated Cardboard;Electronics;Metals (Ferrous & Non-Ferrous);MSW (Residential/Institutional & Commercial);Waste Tires;Commingled Paper;Tin & Aluminum Containers;Container Glass,05T10009,02/26/2024,02/26/2029,"4640 Route 241
Conewango, NY 14726
(42.20694, -78.99789)"
Oppenheim Transfer Station,122 State Highway 331,,Oppenheim,NY,13329,Fulton,5,5187365501,Fulton County,County,Transfer facility - less than 50 tpd - registration,[18T10006],Yes,524942,4768814,,MSW (Residential/Institutional & Commercial);Single Stream;Metals (Ferrous & Non-Ferrous);Electronics;Waste Oil (Other),18T10006,07/02/2023,07/01/2028,"122 State Highway 331
Oppenheim, NY 13329
(43.07116, -74.69343)"
Rockland County SWMA Clarkstown Transfer Station,166 South Route 303,,West Nyack,NY,10994,Rockland,3,8453580759,Rockland County SWMA,County,Mulch processing - permit,[44MP0001],Yes,587756,4549020,,,,,,"166 South Route 303
West Nyack, NY 10994
(41.0884, -73.94981)"
Webb LCD Landfill,Bisby Road,,Old Forge,NY,13420,Herkimer,6,3153693412,Town of Webb,,Landfill - land clearing debris,[22D07],Yes,502541,4837526,1 - No accuracy stated,,22D07,05/11/2004,,
Gernatt Asphalt Products; Inc. - Hanover Plant,12670 Buffalo Road,,Irving,NY,14081,Chautauqua,9,7165490551,Gernatt Asphalt Products; Inc.,Private,CDDHRF - concrete; rock; brick; asphalt pavement or millings - registration,[07C90069],Yes,162890,4720285,,Concrete;Brick;Asphalt Millings;Asphalt Pavement,07C90069,04/03/2025,04/03/2030,"12670 Buffalo Road
Irving, NY 14081
(42.56188, -79.10681)"
Grasslands SPF Land Application,283 Smith Road,,Chateaugay,NY,12920,Franklin,5,5184976496,Casella Organics,Private,Land application - UFPW - registration,[17A30005],Yes,576615,4977537,4 - GIS Assisted,Sludge (Papermill),17A30005,10/24/2024,10/24/2029,"283 Smith Road
Chateaugay, NY 12920
(44.94527, -74.02867)"
Geiter Done of WNY Inc,300 Greene Street,,Buffalo,NY,14206,Erie,9,7168958121,Geiter Done of WNY; Inc.,Private,WTHRF - permit,[15WP0041],Yes,188887,4755967,4 - GIS Assisted,,9-1402-00811/00001,04/26/2018,04/25/2028,"300 Greene Street
Buffalo, NY 14206
(42.89288, -78.80958)"
N&W Associates - DBA The Tire Shop,180 Hudson Ave,,Rochester,NY,14605,Monroe,8,5855463860,Mark Nudds,Private,Waste tire storage - Dealer,[28K06],Yes,288582,4782650,4.3 - Utilization of Digital Orthophoto Quads,Waste Tires,28K06,11/08/2006,,"180 Hudson Ave
Rochester, NY 14605
(43.16678, -77.60205)"
Ontario Composting Facility,2200 Lake Road,,Ontario,NY,14519,Wayne,8,3155242941,Town of Ontario WWTP,Municipal,Composting - biosolids/other - permit,[59C02],Yes,315345,4793822,4.3 - Utilization of Digital Orthophoto Quads,Biosolids,8-5434-00006/00005,01/05/2018,01/04/2023,"2200 Lake Road
Ontario, NY 14519
(43.27582, -77.27644)"
Pleasant Valley Wine Co,8260 Pleasant Valley Road,,Hammondsport,NY,1840,Steuben,8,6075696133,Doyle Acquisiton Corp.,Private,Land application - UFPW - registration,[51A30020],Yes,314596,4696798,4 - GIS Assisted,Unrecognizable Food Processing Waste,51A30020,08/02/2019,08/01/2024,"8260 Pleasant Valley Road
Hammondsport, NY 1840
(42.40219, -77.2515)"
Fenix Parts - Queensbury,26 Lower Warren Street,,Queensbury,NY,12804,Warren,5,5187988141,Fenix Parts; Inc.,,VDF - registration,[57V50030],Yes,612397,4796266,,End of Life Vehicles VDFs,57V50030,08/15/2023,08/14/2028,"26 Lower Warren Street
Queensbury, NY 12804
(43.31059, -73.61398)"
Speonk Earth Recycling LLC,60 5th Ave,,Speonk,NY,11972,Suffolk,1,6315868300,Alexander Porto,Private,CDDHRF - concrete; rock; brick; asphalt pavement or millings - registration,[52C90319],Yes,294465,4523429,4.1 - Address Matching,Brick;Concrete;Rock,319,09/03/2025,09/10/2030,"60 5th Ave
Speonk, NY 11972
(40.83877, -72.6935)"
St. Lawrence County Star Lake Transfer Station,4582 State Highway 3,,Star Lake,NY,13690,St. Lawrence,6,3153799084,St. Lawrence County Solid Waste Dept.,County,Transfer facility - less than 50 tpd - registration,[45T10021],Yes,499654,4890110,4.1 - Address Matching,Waste Tires;MSW (Residential/Institutional & Commercial);Construction & Demolition Debris,45T10021,11/18/2024,11/17/2029,"4582 State Highway 3
Star Lake, NY 13690
(44.16455, -75.00699)"
Queens Botanical Garden Farm & Compost Site,43-50 Main Street,,Flushing,NY,11355,Queens,2,,Queens Botanical Garden Society; Inc.,,Composting - SSO - registration,[41P20134],Yes,598834,4511770,4.2 - Utilization of GIS and existing spatial data,Source Separated Organic Waste (SSOW);Wood/Brush;Yard Trimmings,41P20134,03/30/2021,03/29/2026,"43-50 Main Street
Flushing, NY 11355
(40.75157, -73.82612)"
Truckin' Construction Corp.,450 Shore Road,,Glenwood Landing,NY,11547,Nassau,1,5166743943,David & JoAnn Johansen,Private,CDDHRF - concrete rock brick - registration,[30C10138],Yes,613941,4521119,4.3 - Utilization of Digital Orthophoto Quads,Concrete;Brick,30C10138,02/23/2021,02/22/2026,"450 Shore Road
Glenwood Landing, NY 11547
(40.83368, -73.64887)"
Clear Flo Technologies Inc,1110 A Route 109,,Lindenhurst,NY,11757,Suffolk,1,6319567600,Steve Macchio,Private,Transfer facility - permit,[52TP0273],Yes,635306,4508540,,Water (Waste);Grease Trap Waste;Landfill Leachate;Biosolids,1-4720-02934/00001,03/16/2022,03/15/2027,"1110 A Route 109
Lindenhurst, NY 11757
(40.71658, -73.39818)"
Specht's Auto Recycling Corp,102 Covered Bridge Road,,Warwick,NY,10990,Orange,3,8459861052,Randolph G. Specht Jr.,Private,Vehicle Dismantling Facility,[36J23],Yes,549407,4565594,,,,,,"102 Covered Bridge Road
Warwick, NY 10990
(41.23941, -74.4109)"
S. St. George Enterprises; Inc.,3624 Webster Road,,Fredonia,NY,14063,Chautauqua,9,7166722488,S. St. George Enterprises; Inc.,Private,CDDHRF - asphalt pavement and millings - registration,[07C20060],Yes,146069,4705422,4.2 - Utilization of GIS and existing spatial data,Asphalt Millings;Asphalt Pavement,07C20060,09/07/2021,09/07/2026,"3624 Webster Road
Fredonia, NY 14063
(42.42168, -79.29963)"
Town of Rosendale Transfer Station,410 Whiteport Road,,Rosendale,NY,12472,Ulster,3,9143380113,Town of Rosendale,Municipal,Transfer facility - less than 50 tpd - registration,[56T10005],Yes,577367,4636483,,Sewage Treatment Plant Sludge;MSW (Residential/Institutional & Commercial);Construction & Demolition Debris;Commingled Paper & Containers;Metals (Ferrous & Non-Ferrous);Single Stream;Tree Debris;Corrugated Cardboard;Electronics,56T10005,12/31/2018,12/31/2023,"410 Whiteport Road
Rosendale, NY 12472
(41.87903, -74.06207)"
Hancock TS (T),1488 Green Flats Road,,Hancock,NY,13783,Delaware,4,6076373522,Town of Hancock,Municipal,Transfer facility - less than 50 tpd - registration,[13T13601],Yes,479622,4643856,,MSW (Residential/Institutional & Commercial);Construction & Demolition Debris;Commingled Paper & Containers;Metals (Ferrous & Non-Ferrous);Electronics,13R36,,,"1488 Green Flats Road
Hancock, NY 13783
(41.95308, -75.24271)"
Recycle Depot,230 Van Wagner Road,,Poughkeepsie,NY,12601,Dutchess,3,8454523939,Joseph Trocino,Private,CDDHRF - permit,[14W04],Yes,592699,4617959,4.3 - Utilization of Digital Orthophoto Quads,Construction & Demolition Debris;Wood (Clean);Sand;Asphalt;Brick;Concrete;Rock;Soil (Clean);Wood (Trees/Stumps);Tree Debris;Metals (Ferrous);Metals (Non-Ferrous);Paper / Cardboard;Wood (Chips);Wood (Unadulterated),3-1346-00050/00007,06/16/2022,06/15/2027,"230 Van Wagner Road
Poughkeepsie, NY 12601
(41.70848, -73.88662)"
Moriah Transfer Station,31 Joyce Road,,Moriah,NY,12974,Essex,5,5185468631,Town of Moriah,Municipal,Transfer facility - less than 50 tpd - registration,[16T10010],Yes,618131,4882223,,MSW (Residential/Institutional & Commercial),16T10010,07/26/2022,07/26/2027,"31 Joyce Road
Moriah, NY 12974
(44.0834, -73.52613)"
Featherly's Garage LLC,8333 Ridge Road,,Sodus,NY,14551,Wayne,8,3154839627,Alan Young,Private,VDF - registration,[59V51003],Yes,338535,4786435,4.2 - Utilization of GIS and existing spatial data,,59V51003,,,"8333 Ridge Road
Sodus, NY 14551
(43.21312, -76.98766)"
20 Deep Winery LLC,187 Mendon Ionia Road,,Mendon,NY,14472,Monroe,8,5852047953,David Gascon,Private,Land application - UFPW - registration,[28A30009],Yes,296170,4762100,4.2 - Utilization of GIS and existing spatial data,Unrecognizable Food Processing Waste;Source Separated Organic Waste (SSOW),28A30009,02/25/2024,02/24/2029,"187 Mendon Ionia Road
Mendon, NY 14472
(42.9849, -77.50317)"
Savannah Green Forever,744 Yellow Mills Rd.,,Palmyra,NY,14522,Wayne,8,5857755332,Ryan Heberle,Private,Land application - UFPW - registration,[59A30014],Yes,354963,4776740,,Unrecognizable Food Processing Waste,59A30014,11/04/2022,11/03/2027,"744 Yellow Mills Rd.
Palmyra, NY 14522
(43.03793, -77.2564)"
Keuka Lake Vineyards; LTD.,8872 County Route 76,,Hammondsport,NY,14840,Steuben,8,6078684100,Melvin Goldman,Private,Land application - UFPW - registration,[51A30009],Yes,318957,4700034,1.1 - Obtained from original submission and unverified process,Unrecognizable Food Processing Waste,51A30009,07/02/2019,07/01/2024,"8872 County Route 76
Hammondsport, NY 14840
(42.43106, -77.20093)"
Ward Wilcox Site,10290 Prospect Road,,Forestville,NY,14062,Chautauqua,9,7169652718,Ward Wilcox,,Land application - septage - registration,[07A40031],Yes,158157,4708206,1 - No accuracy stated,Septage,07A40031,09/07/2023,09/07/2028,"10290 Prospect Road
Forestville, NY 14062
(42.45056, -79.15732)"
East Hampton Recycling & Disposal Center,260 Springs Fireplace Road,,East Hampton,NY,11937,Suffolk,1,6313247191,Town of East Hampton,Municipal,Composting - yard waste - permit,[52PP0255],Yes,737971,4541637,,Yard Trimmings;Manure,1-4724-00127/00004,06/09/2025,06/08/2030,"260 Springs Fireplace Road
East Hampton, NY 11937
(40.98877, -72.16961)"
Ticonderoga Transfer Station,336 Vineyard Road,,Ticonderoga,NY,12883,Essex,5,5185857501,Town of Ticonderoga,County,RHRF - 5 tpd or less - registration,[16R10016],Yes,624731,4862923,,Container Glass;Mixed Commercial;Plastic,16R10016,07/29/2022,07/29/2027,"336 Vineyard Road
Ticonderoga, NY 12883
(43.90771, -73.44736)"
Reworld Fibers LLC,3519 Hyde Park Blvd,,Niagara Falls,NY,14305,Niagara,9,7165832735,Reworld Fibers LLC,Private,Nonspecific facility - permit,[32XP0023],Yes,171746,4782110,4 - GIS Assisted,,9-2930-00021/00003,04/13/2021,04/12/2026,"3519 Hyde Park Blvd
Niagara Falls, NY 14305
(43.12134, -79.03195)"
Greece(T)Compost Facility,286 North Greece Road,,Greece,NY,14616,Monroe,8,5857232376,Town of Greece,,Composting - yard waste - permit,[28Y02],Yes,278687,4795473,1 - No accuracy stated,Mixture of Leaves and Grass,8-2628-00764/00001,08/30/2016,08/31/2026,"286 North Greece Road
Greece, NY 14616
(43.28008, -77.73195)"
Heidelberg Materials Coeymans Industrial Park,40 Riverview Drive,,Coeymans,NY,12045,Albany,4,6078448199,Coeymans Recycling Center LLC,,CDDHRF - concrete; rock; brick; asphalt pavement or millings - registration,[01C99101],Yes,598340,4704617,3 - Global Positioning System (GPS),Concrete;Asphalt Millings;Asphalt Pavement,01C99101,08/11/2025,07/10/2030,"40 Riverview Drive
Coeymans, NY 12045
(42.4784, -73.79446)"
Alex Auto Parts Inc,327 Bryant Ave,,Bronx,NY,10474,Bronx,2,7188422500,Alex Auto Parts; Inc.,Private,VDF - registration,[03V50120],Yes,594139,4518013,4.2 - Utilization of GIS and existing spatial data,End of Life Vehicles VDFs,03V50120,01/17/2020,01/16/2025,"327 Bryant Ave
Bronx, NY 10474
(40.80781, -73.88373)"
Allegheny Pilot Plant,5638 Old Saunders Settlement Road,,Lockport,NY,14904,Niagara,9,7164332864,GAF Materials Corp,Private,CDDHRF - asphalt roofing shingles - registration,[32C30033],Yes,196901,4785626,4 - GIS Assisted,Asphalt Roofing Shingle,32C30033,03/15/2026,03/15/2031,"5638 Old Saunders Settlement Road
Lockport, NY 14904
(43.16257, -78.72875)"
Crestwood Metal Corp,1100 Lincoln Ave,,Holbrook,NY,11741,Suffolk,1,6315672727,William Goldkind,Private,Scrap metal processor - registration,[52V30235],Yes,661715,4525965,3 - Global Positioning System (GPS),Scrap Metal - Aluminum ;Scrap Metal - Ferrous ;Scrap Metal - Non-ferrous,52V30235,02/07/2025,02/06/2030,"1100 Lincoln Ave
Holbrook, NY 11741
(40.77452, -73.08464)"
Village of Rye Brook Compost Facility,311 Lincoln Avenue,,Rye Brook,NY,10573,Westchester,3,9149493244,Village of Rye Brook,,Composting - yard waste - permit,[60PP0001],Yes,609342,4545860,,Leaves;Grass Clippings;Yard Trimmings,3-5548-00328/00001,06/03/2020,06/02/2025,"311 Lincoln Avenue
Rye Brook, NY 10573
(41.05718, -73.69991)"
Act Auto Wrecking Corp,650 West Hoffman Ave,,Lindenhurst,NY,11757,Suffolk,1,6312255865,Act Auto Wrecking Corp,Private,VDF - registration,[52V50296],Yes,636254,4504812,,End of Life Vehicles VDFs,52-0296,04/22/2026,04/21/2031,"650 West Hoffman Ave
Lindenhurst, NY 11757
(40.68297, -73.38758)"
Expressway Recycling Inc.,3455 Route 9,,Cold Spring,NY,10516,Putnam,3,8458095633,Cristobal Lema and Manuel Lema,Private,VDF - registration,[40V50004],Yes,590720,4592518,,End of Life Vehicles VDFs,40V50004,10/04/2024,10/03/2027,"3455 Route 9
Cold Spring, NY 10516
(41.4792, -73.91319)"
Bison Truck Parts,489 Walden Avenue,,Buffalo,NY,14211,Erie,9,7168925010,2390 Kenmore Ave Realty Inc,Private,VDF - registration,[15V50068],Yes,188302,4757235,1 - No accuracy stated,End of Life Vehicles VDFs,15V50068,10/28/2024,10/28/2029,"489 Walden Avenue
Buffalo, NY 14211
(42.9043, -78.81802)"
Kinsella Quarry,8086 East Genesee Street,,Fayetteville,NY,13066,Onondaga,7,3156373390,T.H. Kinsella; Inc.,Private,CDDHRF - uncontaminated soil sand gravel rock - registration,[34C60034],Yes,421280,4765461,1 - No accuracy stated,Soil (Clean),34C60034,06/05/2023,06/04/2028,"8086 East Genesee Street
Fayetteville, NY 13066
(43.03891, -75.96688)"
Jackson Recycling/Transfer Station,408 Content Farm Road,,Cambridge,NY,12816,Washington,5,5186778687,Jackson Transfer Station; LLC,Private,Transfer facility - permit,[58TP0011],Yes,632380,4767984,,Construction & Demolition Debris;Metals (Ferrous & Non-Ferrous);MSW (Residential/Institutional & Commercial);Compost;Tree Debris,5-5342-00023/00003,02/02/2023,02/01/2033,"408 Content Farm Road
Cambridge, NY 12816
(43.0538, -73.37613)"
Wells TS and RHRF,232 Griffen Road,,Wells,NY,12190,Hamilton,5,5189247912,Town of Wells,Municipal,RHRF - registration,[21R30009],Yes,559211,4806968,4 - GIS Assisted,Container Glass;Mixed Commercial;Plastic,21R30009,07/29/2022,07/29/2027,"232 Griffen Road
Wells, NY 12190
(43.41386, -74.2692)"
Gooseneck Farms Sand and Gravel,8193 Putnam Rd,,Chautauqua,NY,14781,Chautauqua,9,7167203989,Gooseneck Farms Inc.,Private,CDDHRF - uncontaminated soil sand gravel rock - registration,[07C60062],Yes,121066,4683266,4.2 - Utilization of GIS and existing spatial data,Soil (Clean);Gravel,07C60062,12/22/2021,12/22/2026,"8193 Putnam Rd
Chautauqua, NY 14781
(42.21046, -79.58973)"
Hololob Industries Inc.,275 East Main Street,,Yaphank,NY,11980,Suffolk,1,6313108686,Edward Charles Hololob,Private,CDDHRF - uncontaminated soil sand gravel rock - registration,[52C60302],Yes,676232,4522849,,Soil (Clean),52-0302,11/01/2021,11/01/2023,"275 East Main Street
Yaphank, NY 11980
(40.8372, -72.91001)"
Premier Metal; LLC,11 Cairn Street,,Rochester,NY,14611,Monroe,8,5854364021,Niagara Metals; LLC,Private,Scrap metal processor - registration,[28V30030],Yes,283261,4780671,4.2 - Utilization of GIS and existing spatial data,Scrap Metal - Ferrous ;Scrap Metal - Non-ferrous,28V30030,03/13/2023,03/12/2028,"11 Cairn Street
Rochester, NY 14611
(43.14556, -77.66327)"
Swift River Associates; Inc. - Lancaster,561 Pavement Road,,Lancaster,NY,14086,Erie,9,7168750902,Swift River Associates; Inc.,Private,CDDHRF - concrete; rock; brick; asphalt pavement or millings - registration,[15C90112],Yes,204500,4759685,4.2 - Utilization of GIS and existing spatial data,Concrete;Asphalt Millings;Asphalt Pavement,15C90112,03/11/2024,03/11/2029,"561 Pavement Road
Lancaster, NY 14086
(42.93192, -78.62285)"
Moyer's Auto Wrecking,2820 Carton Road,,Holley,NY,14470,Orleans,8,5856598063,Wayne Moyer,Private,VDF - small - registration,[37V20006],Yes,254390,4796333,,End of Life Vehicles VDFs,37V20006,01/03/2020,01/03/2025,"2820 Carton Road
Holley, NY 14470
(43.27972, -78.02657)"
2550 Manitou Road LLC,Manitou Road,,Gates,NY,14559,Monroe,8,5853703452,2550 Manitou Road LLC,Private,CDDHRF - concrete rock brick - registration,[28C10028],Yes,276286,4782537,4.2 - Utilization of GIS and existing spatial data,Concrete;Brick;Rock,28C10028,08/10/2022,08/09/2027,
NJC Scrap Metal Processing of Bay Shore Inc,34 Moffitt Blvd,,Bay Shore,NY,11706,Suffolk,1,6312772727,NJC Scrap Metal Processing Of Bay Shore Inc,Private,VDF - registration,[52V50375],Yes,649291,4510506,4.3 - Utilization of Digital Orthophoto Quads,End of Life Vehicles VDFs;Scrap Metal - Ferrous ;Scrap Metal - Non-ferrous,52V50375,03/28/2022,03/27/2027,"34 Moffitt Blvd
Bay Shore, NY 11706
(40.73196, -73.23218)"
Town of Canandaigua Transfer Station,5440 Routes 5 & 20 West,,Canandaigua,NY,14424,Ontario,8,5853943300,Town of Canandaigua,Municipal,Transfer facility - less than 50 tpd - registration,[35T10012],Yes,311030,4750436,4.1 - Address Matching,MSW (Residential/Institutional & Commercial);Leaves & Grass;Single Stream;Food Scraps;Construction & Demolition Debris;Bulk Metal;Electronics,35T10012,10/22/2025,10/22/2030,"5440 Routes 5 & 20 West
Canandaigua, NY 14424
(42.8835, -77.31338)"
Dundee (V) Biosolids,929 Dundee Glenora Rd.,,Dundee,NY,14837,Yates,8,6072438121,Village of Dundee,Municipal,Composting - biosolids/other - permit,[62PP0013],Yes,33815,4709028,1 - No accuracy stated,Biosolids,8-5734-00004/00004,07/12/2022,07/11/2027,"929 Dundee Glenora Rd.
Dundee, NY 14837
(42.51683, -76.96994)"
Olivieri Development Inc.,4337 Sowles Road,,Hamburg,NY,14075,Erie,9,7166492707,Darryl Olivieri,Private,CDDHRF - uncontaminated soil sand gravel rock - registration,[15C60090],Yes,187444,4740265,4 - GIS Assisted,Soil (Clean);Gravel;Rock;Sand,15C60090,05/10/2026,05/10/2031,"4337 Sowles Road
Hamburg, NY 14075
(42.75149, -78.81905)"
Potter Pit,3802 Cottage Bridge Road,,Scio,NY,14880,Allegany,9,5855936165,Jopo Gravel LLC,,CDDHRF - concrete; rock; brick; asphalt pavement or millings - registration,[02C90022],Yes,253555,4672027,1 - No accuracy stated,Asphalt Millings;Asphalt Pavement,02C90022,07/07/2025,07/07/2030,"3802 Cottage Bridge Road
Scio, NY 14880
(42.16415, -77.98114)"
Tully (V) Land Application,18 Community Drive,,Tully,NY,13159,Onondaga,7,3156965988,Village of Tully,Municipal,Land application - biosolids/septage/other - permit,[34PP0069],Yes,408171,4738220,4.3 - Utilization of Digital Orthophoto Quads,Biosolids,7-3154-00005/00016,01/13/2015,01/12/2025,"18 Community Drive
Tully, NY 13159
(42.7944, -76.10573)"
JMI Stow Site SWMF,3357 Route 394,,North Harmony,NY,14710,Chautauqua,9,7166645108,Jamestown Macadam; Inc.,Private,CDDHRF - concrete; rock; brick; asphalt pavement or millings - registration,[07C90066],Yes,135657,4675809,4.2 - Utilization of GIS and existing spatial data,Brick;Concrete;Rock;Asphalt Millings;Asphalt Pavement,07C90066,12/21/2023,12/21/2028,"3357 Route 394
North Harmony, NY 14710
(42.15005, -79.40674)"
Briarcliff Manor,10 Buckhout Road,,Briarcliff Manor,NY,10510,Westchester,3,9149419105,Village of Briarcliff Manor,Municipal,Transfer facility - source separated recyclables - registration,[60T30002],Yes,588102,4572358,,Commingled Paper;Commingled Plastics;Commingled Containers,60T10011,10/14/2025,10/14/2030,"10 Buckhout Road
Briarcliff Manor, NY 10510
(41.14126, -73.81417)"
Southern Tier Auto Center Inc,13008 Dowd Road,,Springville,NY,14141,Erie,9,7165922150,Linda Fisher,Private,VDF - registration,[15V50048],Yes,199978,4714144,1 - No accuracy stated,End of Life Vehicles VDFs,15V50048,04/09/2024,04/09/2029,"13008 Dowd Road
Springville, NY 14141
(42.5217, -78.65235)"
Beichner Waste Services; Inc. - Catt Co facility,4469 Lower Birch Run Road,,Allegany,NY,14706,Cattaraugus,9,7169626041,John S. Dixon,,Transfer facility - source separated recyclables - registration,[05T30034],Yes,206589,4665814,4.2 - Utilization of GIS and existing spatial data,Corrugated Cardboard;Single Stream,05T30034,05/30/2025,05/30/2030,"4469 Lower Birch Run Road
Allegany, NY 14706
(42.08923, -78.54759)"
Santoro C&D Processing Facility,1287 Pangburn Road,,Rotterdam,NY,12306,Schenectady,4,5188574927,Gary Santoro,Private,CDDHRF - concrete; rock; brick; asphalt pavement or millings - registration,[47C92803],Yes,578753,4737044,1.1 - Obtained from original submission and unverified process,Brick;Concrete,47C92802,02/04/2026,02/03/2031,"1287 Pangburn Road
Rotterdam, NY 12306
(42.78197, -74.03753)"
Erie Vo-Vo Inc,125 Mohawk Street,,Whitesboro,NY,13492,Oneida,6,3157368215,Jack Johnson,Private,VDF - registration,[33V50023],Yes,476974,4775103,,End of Life Vehicles VDFs,33V50023,01/07/2025,01/06/2030,"125 Mohawk Street
Whitesboro, NY 13492
(43.12815, -75.28279)"
Alpha Jamesville Facility,Ogle Road,,Jamesville,NY,13078,Onondaga,7,3154335115,Syracuse Sand and Gravel LLC,Private,CDDHRF - uncontaminated soil sand gravel rock - registration,[34C60002],Yes,411846,4761391,1.1 - Obtained from original submission and unverified process,Soil (Clean);Sand;Gravel;Rock,34C60002,03/02/2026,07/11/2029,
Schreiber Farm,77 Johnny Cake Lane,,Greenville,NY,12083,Greene,4,5189665218,Schreiber Farm LLC,,Storage - septage - registration,[20A53201],Yes,740234,422400,1 - No accuracy stated,Septage,20A53201,03/24/2025,03/23/2030,"77 Johnny Cake Lane
Greenville, NY 12083
(42.40611, -74.04031)"
DSNY Soundview Park Yard Waste Composting Facility,Randall Avenue ( western end of Randall Ave),,Bronx,NY,10473,Bronx,2,8457532242,NYC Dept of Sanitation,Municipal,Composting - yard waste - permit,[03Y03],Yes,595282,4518979,1 - No accuracy stated,,2-6007-00277/00001,03/25/2022,03/24/2027,
Seville Central Mix,635 Round Swamp Road,,Old Bethpage,NY,11714,Nassau,1,5162934801,Seville Central Mix Corp.,Private,CDDHRF - concrete; rock; brick; asphalt pavement or millings - registration,[30C90174],Yes,630787,4512474,1 - No accuracy stated,Concrete;Rock,30-0174,10/16/2024,10/15/2029,"635 Round Swamp Road
Old Bethpage, NY 11714
(40.75256, -73.45122)"
T J Clement Construction Co Inc,24495 County Rd. 32,,Calcium,NY,13616,Jefferson,6,3154888811,Clement Enterprises,Private,C&D processing - registration,[23W03],Yes,429250,4874450,4.3 - Utilization of Digital Orthophoto Quads,Soil (Clean);Asphalt,23W03,07/20/2007,,"24495 County Rd. 32
Calcium, NY 13616
(44.02013, -75.88148)"
Oneonta Transfer Station,75 Silas Lane,,Oneonta,NY,13820,Otsego,4,6074329540,Otsego County,Municipal,RHRF - permit,[39RP1246],Yes,491200,4698100,,,39RP1246,08/07/2019,07/18/2029,"75 Silas Lane
Oneonta, NY 13820
(42.43621, -75.10515)"
Canos Recycling LLC,1083 Kings Highway,,Saugerties,NY,12477,Ulster,3,8453317600,Yesenia Cano (Jessie),,Scrap metal processor - registration,[56V30001],Yes,584613,4657608,,Scrap Metal - Ferrous ;Scrap Metal - Non-ferrous ;End of Life Vehicles VDFs,56V30001,08/18/2021,08/18/2026,"1083 Kings Highway
Saugerties, NY 12477
(42.06567, -73.97672)"
Barry Kincaid,Brookside Parkway,,Bolton Landing,NY,12814,Warren,5,5183611997,Barry Kincaid,Private,CDDHRF - uncontaminated soil sand gravel rock - registration,[57C60033],Yes,606348,4821984,,Gravel;Rock;Soil (Clean);Sand,57C60033,11/06/2024,11/05/2029,
CWMNY; Inc. Rochester Transfer,85 Silvarole Drive,,Rochester,NY,14623,Monroe,8,5852720731,Casella Waste Management of NY; Inc.,Private,Transfer facility - permit,[28TP0031],Yes,284282,4774005,1 - No accuracy stated,Clean Fill;MSW (Residential/Institutional & Commercial);Construction & Demolition Debris;Metals (Ferrous & Non-Ferrous);Tree Debris;Wood (Unadulterated),8-2632-00365/00001,03/22/2024,03/21/2034,"85 Silvarole Drive
Rochester, NY 14623
(43.09022, -77.65109)"
USDHS.- PIADC Bldg 102 Mobile Autoclave,Building 102,Wastewater Effluent Decontamination Syetem,Greenport,NY,11944,Suffolk,1,6313233007,US Department of Homeland Security,Federal,RMW - permit,[52JP0307],Yes,735302,4561644,4.3 - Utilization of Digital Orthophoto Quads,,1-4738-00028/00035,03/04/2026,03/02/2036,
Swarthout Recycling LLC,1514 County Road 19,,Beaver Dams,NY,14812,Schuyler,8,6079360013,Brian Swarthout,Private,RHRF - registration,[49R30006],Yes,338770,4685717,,Single Stream,49R30006,04/10/2026,05/23/2030,"1514 County Road 19
Beaver Dams, NY 14812
(42.30714, -76.957)"
Oneida Herkimer Organics Composting Facility,80 Leland Ave. Ext.,,Utica,NY,13502,Oneida,6,3157380417,Oneida Herkimer Solid Waste Authority,,Composting - SSO - registration,[33P20002],Yes,484432,4772023,4.2 - Utilization of GIS and existing spatial data,Source Separated Organic Waste (SSOW),33P20002,03/02/2023,09/12/2028,"80 Leland Ave. Ext.
Utica, NY 13502
(43.10685, -75.21213)"
Roxbury TS (T),11 MacMore Road,,Roxbury,NY,12474,Delaware,4,6073264605,Town of Roxbury,Municipal,Transfer facility - less than 50 tpd - registration,[13T14801],Yes,537350,4687416,,MSW (Residential/Institutional & Commercial);Construction & Demolition Debris,13R48,,,"11 MacMore Road
Roxbury, NY 12474
(42.33805, -74.5465)"
Casings; Inc. - Haines Garage,169 Maple Avenue,,Catskill,NY,12414,Greene,4,5189439404,Casings; Inc.,,Waste tire storage - permit,[20K02],Yes,592991,4674958,,,4-1926-00071/00003,04/07/2014,04/06/2024,"169 Maple Avenue
Catskill, NY 12414
(42.22097, -73.87239)"
Wise's Ag Service,1451 County House Rd,,Waterloo,NY,13165,Seneca,8,3155772675,Andrew Wise,Private,Land application - Third Party CAFO Applier - registration,[50A60014],Yes,347321,4749041,,Manure,50A60014,05/14/2024,05/14/2029,"1451 County House Rd
Waterloo, NY 13165
(42.8783, -76.86903)"
Peat Bed Gravel Bed,Peat Bed Road,at Emmons Dr.,Hannibal,NY,13074,Oswego,7,3155646784,William D. Malone,Private,CDDHRF - asphalt pavement and millings - registration,[38C20035],Yes,377490,4797097,1 - No accuracy stated,Asphalt,38C20035,05/18/2023,05/17/2028,
Jeff's Septic Service (Newton Road),Newton Rd.,,Burdett,NY,14818,Schuyler,8,6075359530,Jeffrey P. Confer,Private,Land application - septage - registration,[49A40015],Yes,354511,4701144,4.3 - Utilization of Digital Orthophoto Quads,Septage,49A40015,03/01/2022,03/01/2027,
Ellisburg Transfer Station,14925 County Route 89,,Ellisburg (T),NY,13605,Jefferson,6,3154654076,Town of Ellisburg,Municipal,Transfer facility - less than 50 tpd - registration,[23T10022],Yes,413180,4840106,4.1 - Address Matching,MSW (Residential/Institutional & Commercial);Construction & Demolition Debris,23T10022,12/04/2024,11/20/2029,"14925 County Route 89
Ellisburg (T), NY 13605
(43.70861, -76.07726)"
Poland Sand & Gravel - Floyd,Koenig Road,,Floyd,NY,13440,Oneida,6,3158263761,PSG Realty LLC,Private,CDDHRF - uncontaminated soil sand gravel rock - registration,[33C60024],Yes,472117,4782361,1.1 - Obtained from original submission and unverified process,Soil (Clean);Sand;Gravel;Rock,33C60024,10/15/2020,10/14/2025,
Erwin Gravel Pit,Addison Road,,Painted Post,NY,14870,Steuben,8,6079627021,Town of Erwin,Municipal,Landfill - land clearing debris,[51D0026],Yes,318596,4664132,1 - No accuracy stated,Land Clearing Debris,51D04,,,
Jocosa LLC Waste Oil Recycling,1141 River Road,,New Windsor,NY,12553,Orange,3,8455620440,Steve Affron,Private,Used oil - permit,[36O03],Yes,582868,4596451,,,,,04/27/2026,"1141 River Road
New Windsor, NY 12553
(41.47809, -74.01295)"
Islip Multi-Purpose Recycling Facility,1155 Lincoln Avenue,,Holbrook,NY,11741,Suffolk,1,6315953421,Islip Resource Recovery Agency,Municipal,Transfer facility - permit,[52TP0229],Yes,661707,4515955,4.3 - Utilization of Digital Orthophoto Quads,Construction & Demolition Debris,1-4728-00701/00003,01/13/2022,01/12/2027,"1155 Lincoln Avenue
Holbrook, NY 11741
(40.7793, -73.08287)"
Wilna Transfer Station,40807 Avery Road County Route 40,,Carthage,NY,13619,Jefferson,6,3154931471,Town of Wilna,Municipal,Transfer facility - source separated recyclables - registration,[23T30003],Yes,455146,4875795,,Electronics;Paperboard/Boxboard;Container Glass;Commingled Paper & Containers,23T30003,11/28/2023,11/27/2028,"40807 Avery Road County Route 40
Carthage, NY 13619
(44.0307, -75.55923)"
Strebel's Waste Oil Inc,644B Montauk Hwy,,Westhampton Beach,NY,11978,Suffolk,1,6312881159,Robert T. Strebel,Private,Used oil - permit,[52QP367],Yes,700168,4521827,,,,10/02/2025,10/01/2030,"644B Montauk Hwy
Westhampton Beach, NY 11978
(40.82275, -72.62608)"
Action Environmental Services - Stanley Ave,941 Stanley Ave.,,Brooklyn,NY,11208,Kings,2,7186652367,Action Environmental Systems LLC,Private,Transfer station - permit,[24TP0117],Yes,595095,4501980,,MSW (Residential/Institutional & Commercial);Commingled Paper & Containers,2-6105-00227/00003,02/08/2016,02/07/2021,"941 Stanley Ave.
Brooklyn, NY 11208
(40.66337, -73.87454)"
Sanitary District #1,2 Bay  Boulevard,,Lawrence,NY,11559,Nassau,1,5162395600,Sanitary District #1,Municipal,Transfer facility - permit,[30TP0122],Yes,606300,4498200,4.2 - Utilization of GIS and existing spatial data,MSW (Residential/Institutional & Commercial);Commingled Paper & Containers;Yard Trimmings;Construction & Demolition Debris;Single Stream;Newspaper;Corrugated Cardboard;Metals (Ferrous & Non-Ferrous);Commingled Plastics;Waste Tires,1-2820-01335/00002,05/06/2024,05/05/2029,"2 Bay  Boulevard
Lawrence, NY 11559
(40.62806, -73.73837)"
John Francesco Scrap Inc,267 Hooker Place,,Staten Island,NY,10303,Richmond,2,7187279674,John Francesco Scrap Inc,,Scrap metal processor - registration,[43V30065],Yes,572044,4498296,4.2 - Utilization of GIS and existing spatial data,Copper;Scrap Metal - Ferrous ;Brass;Scrap Metal - Aluminum,43V30065,01/14/2026,01/13/2031,"267 Hooker Place
Staten Island, NY 10303
(40.63212, -74.14752)"
Con-Strux LLC (Inwood),1 Rason Road,,Inwood,NY,11096,Nassau,1,,Con-Strux; LLC,Private,CDDHRF - permit,[30CP0109],Yes,606344,4498328,4.3 - Utilization of Digital Orthophoto Quads,CARB (concrete; asphalt; rock; brick);Soil (Clean),1-2820-07052/00001,11/03/2023,11/02/2028,"1 Rason Road
Inwood, NY 11096
(40.62872, -73.74348)"
Suburban Septic and Excavating Service Inc,332 Main Street,,Kirkwood,NY,13795,Broome,7,6077753693,Suburban Septic,Private,Land application - septage - registration,[04A40031],Yes,433966,4654718,4.1 - Address Matching,Septage,04A40031,02/24/2023,02/23/2028,"332 Main Street
Kirkwood, NY 13795
(42.04155, -75.79788)"
WMNY Transfer Station Depew,3327 Walden Avenue,,Depew,NY,14043,Erie,9,7166510490,Waste Management of NY; Inc.,Private,Transfer facility - permit,[15TP0121],Yes,199049,4757709,,,9-1452-00067/00005,11/17/2025,11/16/2030,"3327 Walden Avenue
Depew, NY 14043
(42.91301, -78.68668)"
B&B Auto Salvage,9362 State Route 9,,Chazy,NY,12921,Clinton,5,5188467800,Robert Bourgeois,Private,VDF - registration,[10V50021],Yes,624534,4969841,4 - GIS Assisted,End of Life Vehicles VDFs,10V50021,07/25/2024,07/24/2029,"9362 State Route 9
Chazy, NY 12921
(44.87118, -73.42358)"
Lloyd Harbor (Incorporated Village of),32 Middle Hollow Road,,Huntington,NY,11743,Suffolk,1,6315498880,Incorporated Village of Lloyd Harbor,Municipal,Transfer facility - less than 50 tpd - registration,[52T10334],Yes,629886,4527339,4.3 - Utilization of Digital Orthophoto Quads,Bulk Metal;Electronics,52-0334,03/03/2026,03/17/2031,"32 Middle Hollow Road
Huntington, NY 11743
(40.88593, -73.45829)"
Greece (T) Transfer Station,635 Flynn Road,,Greece,NY,14612,Monroe,8,5857232376,Town of Greece,Municipal,CDDHRF - uncontaminated soil sand gravel rock - registration,[28C60029],Yes,279500,4795900,4.2 - Utilization of GIS and existing spatial data,Soil (Clean);Sand;Gravel;Rock,28C60029,08/01/2022,07/31/2027,"635 Flynn Road
Greece, NY 14612
(43.28464, -77.71463)"
Contento Recycling LLC,119-1/2 Pendleton Street,,Cortland,NY,13045,Cortland,7,6077538136,Gerald Contento,Private,CDDHRF - permit,[12CP0010],Yes,404112,4716425,3 - Global Positioning System (GPS),,7.1102E+14,02/06/2018,02/05/2028,"119-1/2 Pendleton Street
Cortland, NY 13045
(42.60413, -76.17237)"
Canos Recycling LLC,1083 Kings Highway,,Saugerties,NY,12477,Ulster,3,8453317600,Yesenia Cano (Jessie),,VDF - registration,[56V50004],Yes,584613,4657608,,Scrap Metal - Ferrous ;Scrap Metal - Non-ferrous ;End of Life Vehicles VDFs,56V50004,08/18/2021,08/18/2026,"1083 Kings Highway
Saugerties, NY 12477
(42.06567, -73.97672)"
Riley Excavating & Contracting Inc,195 South Denver Ave,,Bayshore,NY,11706,Suffolk,1,6316650420,Russell Riley III,Private,C&D processing - registration,[52W65R],Yes,649326,4511108,4.3 - Utilization of Digital Orthophoto Quads,Concrete;Asphalt;Soil (Clean);Rock;Brick,52W65R,03/05/1998,,"195 South Denver Ave
Bayshore, NY 11706
(40.73715, -73.23183)"
A&T Auto Salvage Inc.,170-25 Liberty Avenue,,Jamaica,NY,11433,Queens,2,7182913767,A&T Auto Salvage Inc.,,VDF - registration,[41V50125],Yes,602401,4506579,4.2 - Utilization of GIS and existing spatial data,Engine Coolant/Antifreeze;End of Life Vehicles VDFs;Lead-acid Batteries;Mix Coolant/Engine Oil/Washing Fluid/Water,41V50125,10/31/2019,10/30/2024,"170-25 Liberty Avenue
Jamaica, NY 11433
(40.70364, -73.78775)"
Colonie (T) SWMF,4 Arrowhead Lane,,Colonie,NY,12047,Albany,4,5187832827,Town of Colonie,Municipal,Transfer station - permit,[01T26],Yes,603570,4740311,1 - No accuracy stated,Construction & Demolition Debris;MSW (Residential/Institutional & Commercial),4-0126-00033/00001,04/05/2018,04/04/2028,"4 Arrowhead Lane
Colonie, NY 12047
(42.80257, -73.73063)"
Inwood Material Terminal (IMT-Sheridan),1 Sheridan Boulevard,,Inwood,NY,11096,Nassau,1,5163719700,William Haugland,Private,C&D processing - registration,[30W39R],Yes,605441,4496384,,Rock;Brick;Concrete;Asphalt;Soil (Clean),30W39R,02/06/2015,,"1 Sheridan Boulevard
Inwood, NY 11096
(40.61151, -73.75328)"
Mohican Farm/Clark Foundation,7195 St. Hwy. 80,,Cooperstown,NY,13326,Otsego,4,6074376826,Clark Foundation,Private,Composting - SSO - registration,[39P26001],Yes,507877,4738978,,Food Scraps,39P26001,03/14/2024,03/13/2029,"7195 St. Hwy. 80
Cooperstown, NY 13326
(42.80346, -74.90235)"
Schell Farm,7758 Cranston Road,,Earlville,NY,13332,Madison,7,3153687346,John Schell,Private,Storage - manure & food processing waste - registration,[27A20026],Yes,46033,4737129,4 - GIS Assisted,Manure;Unrecognizable Food Processing Waste,27A20026,04/09/2024,04/09/2029,"7758 Cranston Road
Earlville, NY 13332
(42.78578, -75.48493)"
Pascap Co Inc,4250 Boston Road,,Bronx,NY,10475-1112,Bronx,2,,Pascap Co.; Inc.,Private,Scrap metal processor - registration,[03V30112],Yes,599221,4527032,4.2 - Utilization of GIS and existing spatial data,Scrap Metal - Aluminum ;Scrap Metal - Ferrous ;Scrap Metal - Non-ferrous ;Lead Weights,03V30112,03/31/2021,03/30/2026,"4250 Boston Road
Bronx, NY 10475-1112
(40.88853, -73.82228)"
Winters Bros Waste Systems of LI LLC Glen Cove Facility,100 Morris Ave,,Glen Cove,NY,11542,Nassau,1,5166711911,,,RHRF - permit,[30RP0130],Yes,614764,4523983,4.2 - Utilization of GIS and existing spatial data,,1-2805-00105/00001,03/23/2020,03/22/2025,"100 Morris Ave
Glen Cove, NY 11542
(40.85781, -73.63997)"
Wappinger (T) TS,771 Sergeant Palmateer Way,,Wappingers Falls,NY,12590,Dutchess,3,8452979451,Town of Wappinger,Municipal,Transfer facility - less than 50 tpd - registration,[14T10010],Yes,590751,4604984,,Corrugated Cardboard;Waste Tires;Construction & Demolition Debris;MSW (Residential/Institutional & Commercial);Commingled Paper & Containers;Commingled Plastics;Electronics;Metals (Ferrous & Non-Ferrous),14T10010,06/02/2025,06/01/2030,"771 Sergeant Palmateer Way
Wappingers Falls, NY 12590
(41.59134, -73.91162)"
Peconic Recycling & Transfer Corp,560 Commerce Drive,,Cutchogue,NY,11935,Suffolk,1,,Stanley Lomangino,Private,CDDHRF - permit,[52CP0420],Yes,709888,4544720,,Construction & Demolition Debris,1-4738-03697/00001,07/05/2024,07/04/2029,"560 Commerce Drive
Cutchogue, NY 11935
(41.02666, -72.50299)"
TOMRA NY Recycling - Rotterdam,31 Opus Blvd,,Rotterdam,NY,12306,Schenectady,4,5183562597,TOMRA New York Recycling LLC,Private,RHRF - registration,[47R32801],Yes,539931,4759090,1 - No accuracy stated,Other Aluminum Scrap Metal;Commingled Containers;PET;Container Glass;Paperboard/Boxboard;LDPE,47R32801,07/15/2024,07/14/2029,"31 Opus Blvd
Rotterdam, NY 12306
(42.79877, -74.00236)"
Carrier Salvage & Recycling Inc,2440 Wetmore Road,,Branchport,NY,14418,Yates,8,3155646800,Shelley Carrier,,VDF - small - registration,[62V20020],Yes,314091,4716951,1.1 - Obtained from original submission and unverified process,End of Life Vehicles VDFs,62V20020,10/22/2019,10/21/2024,"2440 Wetmore Road
Branchport, NY 14418
(42.58264, -77.26562)"
National Waste Disposal Corp,9 Lincoln Ave,,Bayshore,NY,11706,Suffolk,1,6312420300,National Waste Disposal Corp,Private,Transfer facility - permit,[52TP0352],Yes,644718,4514705,,MSW (Residential/Institutional & Commercial),1-4728-00937/00004,08/24/2021,08/23/2026,"9 Lincoln Ave
Bayshore, NY 11706
(40.77049, -73.28537)"
A&W Recycling Inc,521 Main St,,Chenango Bridge,NY,13745,Broome,7,6076483766,Dana Wells,Private,RHRF - registration,[04R30002],Yes,427343,4668978,,Commingled Containers;Commingled Paper;Paper / Cardboard;Metals (Ferrous);Metals (Non-Ferrous);Newspaper;PET;Electronics,04R20002,04/13/2023,05/04/2028,"521 Main St
Chenango Bridge, NY 13745
(42.16888, -75.87415)"
Great Gardens LLC,445 Horseblock Road,,Yaphank,NY,11980,Suffolk,1,6312897312,Great Gardens LLC,Private,Transfer facility - permit,[52TP0323],Yes,675400,4518900,4 - GIS Assisted,Yard Waste;Tree Debris;Wood (Unadulterated);Yard Trimmings,1-4722-03647/00001,07/18/2022,07/17/2027,"445 Horseblock Road
Yaphank, NY 11980
(40.79993, -72.91887)"
City of Sherrill DPW,210 Elmwood Place,,Sherrill,NY,13461,Oneida,6,3153630370,City of Sherrill,Municipal,Transfer facility - less than 50 tpd - registration,[33T10027],Yes,451671,4769934,4 - GIS Assisted,Construction & Demolition Debris;Waste Tires;Metals (Ferrous & Non-Ferrous);Tree Debris,33T10027,08/03/2021,08/02/2026,"210 Elmwood Place
Sherrill, NY 13461
(43.08063, -75.5932)"
Pawling TS (T),124-126 River Road,,Pawling,NY,12564,Dutchess,3,8458559380,Town of Pawling,Municipal,Transfer facility - less than 50 tpd - registration,[14T10008],Yes,616714,4604765,,MSW (Residential/Institutional & Commercial);Commingled Paper & Containers;Metals (Ferrous & Non-Ferrous),14T10008,03/31/2023,03/30/2027,"124-126 River Road
Pawling, NY 12564
(41.58434, -73.59455)"
Peter Mosher's Used Parts,44 Pasco Ave,,Queensbury,NY,12804,Warren,5,5187927612,Peter Mosher,Private,VDF - registration,[57V50017],Yes,604704,4796351,,Used Oil;Used Tire;Waste Tire;Mercury Switches;Engine Coolant/Antifreeze;Gasoline;Diesel Fuel;Window Washing Fluid;Scrap Metal - Aluminum ;Scrap Metal - Ferrous ;Lead Weights,57V50017,10/07/2024,10/06/2029,"44 Pasco Ave
Queensbury, NY 12804
(43.31449, -73.70888)"
Hart's Parts,282 Harvey Bridge Rd.,,Ohio,NY,13324,Herkimer,6,3158267027,Trevor Hart,Private,Vehicle Dismantling Facility,[7009813],Yes,501152,4799212,,,,,,"282 Harvey Bridge Rd.
Ohio, NY 13324
(43.34558, -74.98591)"
Manchester (T) Transfer,1272 County Road 7,,Clifton Springs,NY,14432,Ontario,8,5852893010,Town of Manchester,Municipal,Transfer facility - less than 50 tpd - registration,[35T10026],Yes,322397,4759829,,MSW (Residential/Institutional & Commercial);Electronics;Waste Tires,35T10026,03/23/2026,03/23/2031,"1272 County Road 7
Clifton Springs, NY 14432
(42.9713, -77.18089)"
Summer Hill Auto Salvage,956 Salt Road,,Groton,NY,13073,Tompkins,7,6078985292,Floyd Kyes,Private,VDF - small - registration,[55V20009],Yes,391317,4719321,1 - No accuracy stated,End of Life Vehicles VDFs,55V20009,02/28/2019,02/28/2024,"956 Salt Road
Groton, NY 13073
(42.61905, -76.32511)"
Hadley Transfer Station/Recycling Center,4059 North Shore Road,,Hadley,NY,12835,Saratoga,5,5186963414,Town of Hadley,Municipal,RHRF - 5 tpd or less - registration,[46R10028],Yes,592871,4796713,,Single Stream,46R10028,03/15/2022,03/14/2027,"4059 North Shore Road
Hadley, NY 12835
(43.31591, -73.85334)"
Ben Weitsman of Albany LLC,300 Smith Blvd.,,Albany,NY,12202,Albany,4,5184624444,Ben Weitsman of Albany; LLC,Private,VDF - registration,[01V50101],Yes,601641,4719972,,End of Life Vehicles VDFs,01V30102,04/01/2024,03/31/2029,"300 Smith Blvd.
Albany, NY 12202
(42.62602, -73.75882)"
Nunda Land Application,11 N Walnut St; Nunda; NY 14517,Mailing Address: PO Box 537; Mill Street,Nunda,NY,14517,Livingston,8,,Village of Nunda,,Land application - biosolids/septage/other - permit,[26L10],Yes,264479,4719247,4.3 - Utilization of Digital Orthophoto Quads,Biosolids,8-2440-00010/00001,10/31/2018,10/30/2023,
Blue Line Compost LLC,1421 State Route 3,,Saranac Lake,NY,12983,Essex,5,5183548269,Bill Domenico/Carter Rowley,Private,Composting - SSO - registration,[16P20003],Yes,573166,4915709,,Food Scraps;Wood/Brush;Animal Bedding,16P20003,07/12/2021,07/12/2026,"1421 State Route 3
Saranac Lake, NY 12983
(44.39009, -74.08064)"
Gallivan Corning Hill Properties,120 Retreat House Rd,,Bethlehem,NY,12077,Albany,4,5182716100,SM Gallivan,Private,CDDHRF - concrete rock brick - registration,[01C12202],Yes,601044,4718354,4.2 - Utilization of GIS and existing spatial data,Brick;Concrete;Rock,01C12202,06/24/2022,06/23/2027,"120 Retreat House Rd
Bethlehem, NY 12077
(42.61256, -73.76946)"
Rick's Auto,259 Vice Rd.,,Brasher Falls,NY,13613,St. Lawrence,6,3153895618,Rick Seguin,Private,VDF - registration,[45V50015],Yes,517600,4962984,4.1 - Address Matching,End of Life Vehicles VDFs,45V50015,11/18/2024,11/17/2029,"259 Vice Rd.
Brasher Falls, NY 13613
(44.81986, -74.77761)"
European Central LLC,2420 State Route 245,,Stanley,NY,14561,Ontario,8,5855266346,Jarrad Fox,Private,Vehicle Dismantling Facility,[35V50021],Yes,326845,4741728,,,,,,"2420 State Route 245
Stanley, NY 14561
(42.80815, -77.11755)"
J & V Auto Parts Inc,519 East 83rd Street,,Brooklyn,NY,11236,Kings,2,7182417809,J & V Auto Parts; Inc.,Private,VDF - registration,[24V50205],Yes,591668,4499568,4.2 - Utilization of GIS and existing spatial data,End of Life Vehicles VDFs;Engine Coolant/Antifreeze;Lead-acid Batteries;Mix Coolant/Engine Oil/Washing Fluid/Water,24V50205,02/05/2025,02/04/2030,"519 East 83rd Street
Brooklyn, NY 11236
(40.64171, -73.91641)"
New Rochelle Leaf TS,85 Beechwood Ave,,New Rochelle,NY,10801,Westchester,3,9146542129,City of New Rochelle,Municipal,Transfer station - registration,[60R19],Yes,601716,4529087,,Yard Trimmings;Tree Debris,60R19,,,"85 Beechwood Ave
New Rochelle, NY 10801
(40.90567, -73.79238)"
Fore Recycling; Inc.,982 State Route 21,,Shortsville,NY,14548,Ontario,8,5852897400,Becks Recycling Solutions Inc.,Private,Scrap metal processor - registration,[35V30008],Yes,318659,4761985,1.1 - Obtained from original submission and unverified process,Scrap Metal - Aluminum ;Scrap Metal - Ferrous ;Scrap Metal - Non-ferrous,35V30008,11/03/2020,11/02/2025,"982 State Route 21
Shortsville, NY 14548
(42.98858, -77.22411)"
Winters Bros Waste Systems LI LLC - 19 Nancy Babylon,19 Nancy Street,,West Babylon,NY,11704,Suffolk,1,6314917270,Winters Bros Waste Systems LI; LLC,Private,MSW processing - permit,[52YP0407],Yes,63731,4510695,4.3 - Utilization of Digital Orthophoto Quads,MSW (Residential/Institutional & Commercial),1-4720-00634/00007,11/14/2025,11/13/2030,"19 Nancy Street
West Babylon, NY 11704
(40.73604, -73.37397)"
Riccelli-Northern; LLC-Van Buren Bituminous Concrete Plant,6900 Van Buren Road,,Syracuse,NY,13209,Onondaga,7,,Riccelli Northern; LLC,Private,CDDHRF - storage only- concrete brick rock asphalt pavement - registration,[34CS0079],Yes,395422,4772991,1 - No accuracy stated,Asphalt Millings;Asphalt Pavement;Brick;Concrete;Rock,34CS0079,10/29/2025,10/28/2030,"6900 Van Buren Road
Syracuse, NY 13209
(43.10314, -76.28566)"
Antwerp (T) Transfer Station,36351 Route 11,,Antwerp,NY,13608,Jefferson,6,3156598779,Town of Antwerp,Municipal,Transfer facility - source separated recyclables - registration,[23T30023],Yes,449962,4893632,4.1 - Address Matching,Electronics;Commingled Paper & Containers;Paperboard/Boxboard;Container Glass;Commingled Plastics;Metals (Ferrous & Non-Ferrous),23T30023,11/21/2024,11/20/2029,"36351 Route 11
Antwerp, NY 13608
(44.19424, -75.62574)"
Waste Connections of New York Court St,563-577 Court Street,,Brooklyn,NY,11231,Kings,2,7182375596,Waste Connections of New York; Inc.,Private,Transfer facility - permit,[24TP0101],Yes,584477,4502913,,,2-6102-00074/00006,06/21/2024,06/20/2034,"563-577 Court Street
Brooklyn, NY 11231
(40.67307, -74.00035)"
Hi Vu Acres Land Application,3860 Batavia Elba Townline Rd.,,Oakfield,NY,14125,Genesee,8,5853441459,Hi-Vu Acres Properties; LLC,,Land application - UFPW - registration,[19A30004],Yes,237721,4770778,1 - No accuracy stated,Unrecognizable Food Processing Waste;Sludge (Papermill),19A30004,03/31/2023,03/31/2028,"3860 Batavia Elba Townline Rd.
Oakfield, NY 14125
(43.04425, -78.2261)"
Kneers,1390 NY 7,,Troy,NY,12180,Rensselaer,4,5182799581,MaryLee Kneer,Private,VDF - registration,[42V52202],Yes,615460,4736547,,End of Life Vehicles VDFs,42V52202,01/07/2026,01/06/2031,"1390 NY 7
Troy, NY 12180
(42.75995, -73.67739)"
Safety-Kleen,60 Katherine Street,,Buffalo,NY,14210,Erie,9,7168552212,Safety-Kleen Systems; Inc.,Private,Waste oil storage; reprocessing or rerefining facility,[15O05],Yes,184680,4752432,4.2 - Utilization of GIS and existing spatial data,Used Oil,9-1402-00060/00001,03/29/2018,02/08/2025,"60 Katherine Street
Buffalo, NY 14210
(42.8593, -78.85896)"
Argenio Brothers Inc,14 Argenio Drive,,New Windsor,NY,12553,Orange,3,8455615102,Argenio Brothers Inc,Private,CDDHRF - concrete; rock; brick; asphalt pavement or millings - registration,[36C90002],Yes,580825,4593616,,,,,,"14 Argenio Drive
New Windsor, NY 12553
(41.49023, -74.03359)"
Hillcrest Industries; Inc,40 Favor Street,,Attica,NY,14011,Wyoming,9,5855911182,Hillcrest Industries; Inc,Private,RHRF - greater than 5 tpd - registration,[61R20014],Yes,232550,4750618,4 - GIS Assisted,Clear Glass,61R20014,09/21/2020,09/21/2025,"40 Favor Street
Attica, NY 14011
(42.86184, -78.27398)"
Olive TS (T),580 Beaverkill Road,,Olive,NY,12461,Ulster,3,9146578177,Town of Olive,Municipal,Transfer facility - source separated recyclables - registration,[56T30001],Yes,56628,464316,,Commingled Paper;Enameled Appliances / White Goods;Commingled Plastics,56T20001,12/16/2025,12/15/2030,"580 Beaverkill Road
Olive, NY 12461
(41.93831, -74.20123)"
Saratoga County Recycling Center at Moreau,1 Butler Road,,Moreau,NY,12828,Saratoga,5,5187988126,Town of Moreau,Municipal,Transfer facility - source separated recyclables - registration,[46T30004],Yes,608899,4790606,,Metals (Ferrous & Non-Ferrous);Other - Batteries;Single Stream;Propane Tanks,46T30004,08/02/2023,08/01/2028,"1 Butler Road
Moreau, NY 12828
(43.25926, -73.65817)"
Mr. Fox Tire Co Inc,1035 William Street,,Buffalo,NY,14206,Erie,9,7168561696,Eric Fox,Private,Waste tire storage - Dealer,[15K01],Yes,186925,4755148,4.2 - Utilization of GIS and existing spatial data,Waste Tires,15K01,01/19/1994,,"1035 William Street
Buffalo, NY 14206
(42.88476, -78.83332)"
Niagara Metals LLC - Buffalo,761 Hertel Avenue,,Buffalo,NY,14207,Erie,9,7168735849,Niagara Metals,Private,Scrap metal processor - registration,[15V30055],Yes,183334,4762013,1 - No accuracy stated,Scrap Metal - Ferrous ;Scrap Metal - Non-ferrous,15V30055,07/01/2024,07/01/2029,"761 Hertel Avenue
Buffalo, NY 14207
(42.9461, -78.88124)"
South Shore Materials,60 South 4th Street,,Bayshore,NY,11706,Suffolk,1,6312434905,Augusiewicz Excavating Corp.,Private,C&D processing - registration,[52W06R],Yes,643956,4513941,,Concrete;Asphalt;Brick;Construction & Demolition Debris;Rock;Soil (Clean),52W06R,01/11/1995,,"60 South 4th Street
Bayshore, NY 11706
(40.76156, -73.29329)"
Terra Tech Site Development; Inc,5005 Depot Lane,,Cutchogue,NY,11935,Suffolk,1,6318318786,John F. Conte,Private,CDDHRF - uncontaminated soil sand gravel rock - registration,[52C60337],Yes,710251,4544072,4.3 - Utilization of Digital Orthophoto Quads,Soil (Clean);Tree Debris;Sand;Gravel;Rock,52C10337,03/16/2021,03/15/2026,"5005 Depot Lane
Cutchogue, NY 11935
(41.02162, -72.49807)"
Rauscher Bros.; Inc.,1276 Fish Creek Road,,West Leyden,NY,13489,Lewis,6,3159424873,Douglas Rauscher,Private,Transfer facility - source separated recyclables - registration,[25T30003],Yes,461782,4813384,,Single Stream,23T30003,02/07/2024,02/06/2029,"1276 Fish Creek Road
West Leyden, NY 13489
(43.47229, -75.47261)"
A&J Tires Repair,2246 Forest Ave,,Staten Island,NY,10303,Richmond,2,7187206920,A&J Tires Repair,Private,WTHRF - collection and storage - registration,[43W10071],Yes,570644,4497623,1 - No accuracy stated,,,,,"2246 Forest Ave
Staten Island, NY 10303
(40.62684, -74.16488)"
Krush-It Gravel & Aggregates LLC,2175 Indian Hills Rd,,Erwin,NY,14870,Steuben,8,6073775421,Krush-It Gravel & Aggregates LLC,,CDDHRF - uncontaminated soil sand gravel rock - registration,[51C60014],Yes,322247,4663542,4.3 - Utilization of Digital Orthophoto Quads,Soil (Clean);Rock,51C60014,03/03/2026,08/09/2029,"2175 Indian Hills Rd
Erwin, NY 14870
(42.10431, -77.14553)"
JC Fibers Inc,1779 Mt Read Blvd,,Rochester,NY,14615,Monroe,8,5853427210,Frank Colubriale,Private,RHRF - permit,[28RP0026],Yes,283631,4785078,,Single Stream;Office Paper;Newspaper,8-2699-00117/00001,01/13/2022,01/12/2032,"1779 Mt Read Blvd
Rochester, NY 14615
(43.18722, -77.66311)"
New York Paving Inc,37-18 Railroad Ave,,Long Island City,NY,11101,Queens,2,7184820780,Anthony Bartone,Private,C&D processing - registration,[41W41],Yes,589578,4509647,2.1 - NYSDEC 100 m grid collection,Concrete;Rock;Soil (Clean),41W41,,,"37-18 Railroad Ave
Long Island City, NY 11101
(40.73352, -73.93879)"
Crushmore LLC-Smith's Gravel Pit,7120 Sodus Center Road,,Sodus,NY,14551,Wayne,8,2035507207,Crushmore LLC,Private,CDDHRF - asphalt pavement and millings - registration,[59C20010],Yes,334100,4785100,4.2 - Utilization of GIS and existing spatial data,Asphalt Millings;Asphalt Pavement,59C20010,12/09/2019,12/08/2024,"7120 Sodus Center Road
Sodus, NY 14551
(43.20139, -77.04465)"
Orchard Park Yard Waste Reclamation Center,6909 Milestrip Road,,Orchard Park,NY,14127,Erie,9,7166676066,Town of Orchard Park,Municipal,Mulch processing - permit,[15MP0109],Yes,194485,4743964,4 - GIS Assisted,,9-1460-00139/00001,04/14/2023,04/13/2033,"6909 Milestrip Road
Orchard Park, NY 14127
(42.78909, -78.7322)"
Pocantico River Road Compost Facility,Pocantico River Rd.,,Pleasantville,NY,10570,Westchester,3,9147422300,Town of Mt. Pleasant,Municipal,Composting - yard waste - permit,[60Y07],Yes,602641,4550083,4.3 - Utilization of Digital Orthophoto Quads,Yard Trimmings,3-5534-00096/00007,06/21/2019,06/20/2024,
4 Old Country Road; LLC,76 N Summitt Blvd.,,Westhampton,NY,11977,Suffolk,1,6312344567,,,Nonspecific facility - permit,[52XP0398],Yes,696477,4522593,1.1 - Obtained from original submission and unverified process,CARB (concrete; asphalt; rock; brick);Construction & Demolition Debris,,,,"76 N Summitt Blvd.
Westhampton, NY 11977
(40.82823, -72.67381)"
Rhinebeck TS,376 Stone Church Road,,Rhinebeck,NY,12572,Dutchess,3,8457583405,Town of Rhinebeck,Municipal,Transfer facility - less than 50 tpd - registration,[14T10007],Yes,594600,4646897,,MSW (Residential/Institutional & Commercial);Newspaper;Metals (Ferrous & Non-Ferrous);Commingled Paper & Containers;Electronics,14T10007,08/22/2024,08/21/2029,"376 Stone Church Road
Rhinebeck, NY 12572
(41.96838, -73.85851)"
Globalsoft Environmental Inc,837 Buffalo Road,,Rochester,NY,14624,Monroe,8,5854715549,Margaret Antonucci,Private,CDDHRF - asphalt roofing shingles - registration,[28C30082],Yes,282600,4780810,4.2 - Utilization of GIS and existing spatial data,Asphalt Roofing Shingle,28C30082,02/03/2026,02/03/2031,"837 Buffalo Road
Rochester, NY 14624
(43.14872, -77.67378)"
Roberts Asphalt Company,1981 Montauk Highway,,Brookhaven,NY,11719,Suffolk,1,6314751906,Joann Tew,Private,CDDHRF - uncontaminated soil sand gravel rock - registration,[52C60438],Yes,674554,4516061,1 - No accuracy stated,Soil (Clean),438,03/19/2026,,"1981 Montauk Highway
Brookhaven, NY 11719
(40.77682, -72.93171)"
Waterville Composting Facility,1659 State Route 315,,Waterville (V),NY,13480,Oneida,6,3158414445,Village of Waterville,Municipal,Composting - biosolids/other - permit,[33PP0032],Yes,468342,4754152,4.3 - Utilization of Digital Orthophoto Quads,Biosolids,6-3046-00032/00001,03/19/2024,03/18/2029,"1659 State Route 315
Waterville (V), NY 13480
(42.94216, -75.39381)"
Erin Van Etten Drop-off,1892 Swartwood Road,,Erin,NY,14838,Chemung,8,6077372301,Chemung County,County,Transfer facility - less than 50 tpd - registration,[08T10013],Yes,364678,4674411,,MSW (Residential/Institutional & Commercial);Single Stream,08T10013,02/05/2025,02/04/2030,"1892 Swartwood Road
Erin, NY 14838
(42.20754, -76.64597)"
Osmote Wine Production,6677 State Route 96A; Suite c,,Ovid,NY,14521,Seneca,8,,Herbert Dyson,,Land application - UFPW - registration,[50A30011],Yes,346244,4729355,4.3 - Utilization of Digital Orthophoto Quads,Unrecognizable Food Processing Waste,,,,
Tyrone (T) Recycling Center,435 County Road 23,3600 State Route 226,Tyrone,NY,14837,Schuyler,8,6072923152,Town of Tyrone,Municipal,RHRF - 5 tpd or less - registration,[49R10003],Yes,328966,4698771,1 - No accuracy stated,Commingled Containers;Commingled Paper;Container Glass;Magazines;Newspaper;Office Paper;Waste Tires,49R10003,05/10/2018,05/09/2023,"435 County Road 23
Tyrone, NY 14837
(42.42213, -77.07843)"
Central Auto Recycling Inc,1807 Erie Blvd. West,,Syracuse,NY,13204,Onondaga,7,3154683454,Central Auto Recycling Inc,Private,VDF - registration,[34V50012],Yes,402860,4768118,4 - GIS Assisted,End of Life Vehicles VDFs;Waste Tire;Used Oil;Mercury Switches;Window Washing Fluid,34V50012,05/23/2023,05/23/2028,"1807 Erie Blvd. West
Syracuse, NY 13204
(43.05973, -76.1927)"
Carrier Salvage & Recycling LLC,14725 State Route 104,,Martville,NY,13111,Cayuga,7,3155643133,Kevin & Shelley Carrier,,VDF - registration,[06V50006],Yes,364519,4790102,,,,,,"14725 State Route 104
Martville, NY 13111
(43.25109, -76.669)"
JVB Landscaping Inc.,238-242 New Hackensack Road,,Wappingers Falls,NY,12590,Dutchess,3,8454621800,Jared Van Benschoten,Private,CDDHRF - uncontaminated soil sand gravel rock - registration,[14C60001],Yes,592907,4608423,4.3 - Utilization of Digital Orthophoto Quads,Rock;Soil (Clean),14C60001,06/11/2025,06/10/2029,"238-242 New Hackensack Road
Wappingers Falls, NY 12590
(41.62342, -73.88489)"
Blydenburgh Road Landfill Complex,440 Blydenburgh Road,,Hauppauge,NY,11787,Suffolk,1,6314366162,Islip Resource Recovery Agency,Municipal,Landfill - LI - inside the deep flow recharge - permit,[52LR0409],Yes,653394,4519711,4.2 - Utilization of GIS and existing spatial data,Clean Fill;Grit & Screenings,1-4728-00628/00017,06/26/2024,06/25/2029,"440 Blydenburgh Road
Hauppauge, NY 11787
(40.81409, -73.18056)"
Gedney Composting and Recycling,87 Gedney Way,,White Plains,NY,10601,Westchester,3,9144221210,City of White Plains Dept. of Public Works,,Composting - SSO - registration,[60P20003],Yes,603793,4543184,,,60P20003,01/01/2026,,"87 Gedney Way
White Plains, NY 10601
(41.01378, -73.75722)"
Constantia Center Mine aka Panther Lake,806 County Road 17,,Contantia Center,NY,13028,Oswego,7,3154335115,Syracuse Sand & Gravel; LLC,Private,CDDHRF - concrete; rock; brick; asphalt pavement or millings - registration,[38C90037],Yes,425731,4793377,1 - No accuracy stated,Asphalt Millings;Asphalt Pavement;Brick;Concrete;Rock,38C90037,10/29/2025,10/28/2030,"806 County Road 17
Contantia Center, NY 13028
(43.2904, -75.91674)"
Hampton Bays Transfer Station (Landfill Site),30 Jackson Avenue,,Hampton Bays,NY,11946,Suffolk,1,6317285210,Town of Southampton,Municipal,Transfer facility - permit,[52TP0300],Yes,707449,4528874,4.2 - Utilization of GIS and existing spatial data,Commingled Paper & Containers;MSW (Residential/Institutional & Commercial);Yard Waste;Corrugated Cardboard;Commingled Plastics;Electronics;Waste Oil (Other),1-4736-08780/00001,08/04/2025,08/03/2035,"30 Jackson Avenue
Hampton Bays, NY 11946
(40.88759, -72.53985)"
John's Auto Crushing,253 Cold Springs Rd.,,Ausable Forks,NY,12912,Clinton,5,,John Smith,Private,Scrap metal processor - registration,[16V30013],Yes,614514,4928058,1.1 - Obtained from original submission and unverified process,Scrap Metal - Ferrous,16V30013,07/26/2024,07/25/2029,"253 Cold Springs Rd.
Ausable Forks, NY 12912
(44.49607, -73.55416)"
Seven-X Motors Inc,954 St. Route 17B,,Bethel,NY,12762,Sullivan,3,8455835110,Eric Alleva,Private,VDF - registration,[53V50003],Yes,518079,4612936,,End of Life Vehicles VDFs,53V50003,06/14/2024,06/13/2029,"954 St. Route 17B
Bethel, NY 12762
(41.66736, -74.7832)"
Perkins; LLC,4343 S Whalen Road,,Great Valley,NY,14741,Cattaraugus,9,7163786420,Perkins LLC,Private,CDDHRF - concrete; rock; brick; asphalt pavement or millings - registration,[05C90016],Yes,195861,4677063,4 - GIS Assisted,Concrete;Asphalt Pavement,05C90016,04/10/2024,04/10/2029,"4343 S Whalen Road
Great Valley, NY 14741
(42.18616, -78.68215)"
Middletown (Phillipsburg) Facility,63 Cemetery Road,,Middletown,NY,10940,Orange,3,8453444486,E. Tetz & Sons; LLC,Private,CDDHRF - concrete; rock; brick; asphalt pavement or millings - registration,[36C90001],Yes,552959,4586995,,Concrete;Asphalt Pavement,36C90001,,,"63 Cemetery Road
Middletown, NY 10940
(41.43416, -74.3593)"
Wyco Construction; Inc,4608 Liberty Street,,Warsaw,NY,14569,Wyoming,9,5857862571,Wyco Construction; Inc,Private,Storage - septage - registration,[61A50006],Yes,240039,4735034,1 - No accuracy stated,Septage,61A50006,08/22/2023,08/22/2028,"4608 Liberty Street
Warsaw, NY 14569
(42.7245, -78.17402)"
Metalico Aluminum Recovery Inc,6225 Thompson Road,,Syracuse,NY,13206,Onondaga,7,3154639292,Metalico Rochester,Private,VDF - registration,[34V50042],Yes,410921,4769527,,Scrap Metal - Ferrous ;Scrap Metal - Non-ferrous ;Scrap Metal - Aluminum,34V50042,02/22/2024,02/21/2029,"6225 Thompson Road
Syracuse, NY 13206
(43.07224, -76.08933)"
Plakos Scrap Processing Inc 771,771 East 95th Street,,Brooklyn,NY,11236,Kings,2,7183850707,Madeline Felice,Private,Vehicle Dismantling Facility,[7081079],Yes,592044,4500412,,,,,,"771 East 95th Street
Brooklyn, NY 11236
(40.65007, -73.91067)"
Albany (City) SWMF,525 Rapp Road,,Albany,NY,12205,Albany,4,5188693651,City of Albany,Municipal,Landfill - MSW - permit,[01LS0101],Yes,594201,4728891,1.1 - Obtained from original submission and unverified process,Asbestos (Friable);Non-petroleum Contaminated Soil;Ash (WWTP Sludge);Construction & Demolition Debris;MSW (Residential/Institutional & Commercial),4-0101-00171/00011,06/25/2009,06/25/2019,"525 Rapp Road
Albany, NY 12205
(42.70324, -73.84958)"
Organic Recycling Inc,121 Rt. 303,,Tappan,NY,10962,Rockland,3,8453981012,Beng Leong Ooi,Private,Composting - yard waste - permit,[44Y09],Yes,588894,4541336,4.3 - Utilization of Digital Orthophoto Quads,Yard Trimmings,3-3330-00082/00005,01/22/2016,01/21/2026,"121 Rt. 303
Tappan, NY 10962
(41.03461, -73.94716)"
Durante Bros Construction Corp.,31-40  123rd STREET,,Flushing,NY,11354,Queens,2,7187622500,John and Michael Durante,Private,C&D processing - registration,[41W22],Yes,597382,4513700,4.3 - Utilization of Digital Orthophoto Quads,Rock;Soil (Clean);Concrete;Metals (Ferrous);Metals (Non-Ferrous),41W22,04/20/1995,,"31-40  123rd STREET
Flushing, NY 11354
(40.76813, -73.84581)"
Rason Asphalt - North Lawrence,4 Johnson Road,,North Lawrence,NY,11559,Nassau,1,5162397880,Nassau Asphalt Supply Corp,Private,C&D processing - registration,[30W04R],Yes,606212,4498439,4.3 - Utilization of Digital Orthophoto Quads,Asphalt,30W04R,04/19/1995,,"4 Johnson Road
North Lawrence, NY 11559
(40.62976, -73.74433)"
Kenneth P. Edwards Inc.,1580 Fifth Ave.,,Bayshore,NY,11706,Suffolk,1,6316662578,Kenneth P. Edwards Inc.,Private,CDDHRF - concrete; rock; brick; asphalt pavement or millings - registration,[52C90444],Yes,646615,4513048,4.3 - Utilization of Digital Orthophoto Quads,Concrete;Brick;Rock,52C90444,03/04/2026,03/03/2031,"1580 Fifth Ave.
Bayshore, NY 11706
(40.75484, -73.26316)"
Long Island Waste Services,228 Blydenburgh Road,,Islandia,NY,11749,Suffolk,1,6312347100,Patricia DiMatteo,Private,RHRF - permit,[52RP0288],Yes,653272,4518747,4.3 - Utilization of Digital Orthophoto Quads,,1-4728-00720/00001,10/08/2025,10/07/2030,"228 Blydenburgh Road
Islandia, NY 11749
(40.8057, -73.18193)"
Junebug Holdings; LLC C&D Processing Facility,NYS Route 19,,Scio,NY,14895,Allegany,9,5855936177,Junebug Holdings LLC,,CDDHRF - storage only- concrete brick rock asphalt pavement - registration,[02CS0026],Yes,254490,4669761,,Asphalt Pavement;Concrete,02CS0026,05/21/2025,05/21/2030,
Gemini Farms,884 Gorham Road,,Elbridge,NY,13060,Onondaga,7,3153742275,John Hourigan,Private,Land application - Third Party CAFO Applier - registration,[34A60089],Yes,0,0,,Manure,34A60089,05/29/2024,05/28/2029,"884 Gorham Road
Elbridge, NY 13060
(43.02145, -76.44412)"
Metro Metals Recycling - Sodeman Rd,434 Sodeman Road,,Middle Grove,NY,12850,Saratoga,5,5183781324,Charles VanHall,,Scrap metal processor - registration,[46V30031],Yes,590047,4769670,,Scrap Metal - Ferrous ;Scrap Metal - Non-ferrous,46V30031,12/28/2022,12/27/2027,"434 Sodeman Road
Middle Grove, NY 12850
(43.0737, -73.8938)"
Ledge Creek Development; Inc.,10100 County Road,,Clarence Center,NY,14032,Erie,9,7167413174,10100 County Road Properties; LLC,Private,CDDHRF - asphalt pavement and millings - registration,[15C20001],Yes,205760,4770750,4 - GIS Assisted,Asphalt,15C20001,08/15/2023,08/15/2028,"10100 County Road
Clarence Center, NY 14032
(43.03208, -78.61249)"
JLB Enterprise Scrap & Recycling,103 Otsquago Club Road,,Minden,NY,13339,Montgomery,4,,James L Bent Jr,Private,RHRF - registration,[29R33001],Yes,530093,4755410,1 - No accuracy stated,Plastic,29R33001,02/19/2026,02/18/2031,"103 Otsquago Club Road
Minden, NY 13339
(42.93382, -74.61901)"
H.U.R.B. Landscaping; Inc.,4278 Albany Street,,Albany,NY,12205,Albany,4,5184645030,RUUM Enterprises; LLC,Private,CDDHRF - uncontaminated soil sand gravel rock - registration,[01C60110],Yes,593065,4731478,4.1 - Address Matching,Soil (Clean),01P10106,04/18/2024,04/17/2029,"4278 Albany Street
Albany, NY 12205
(42.73, -73.86312)"
Casella Waste Management dba Northern Sanitation,57 Carbide Road,,Plattsburgh,NY,12901,Clinton,5,5185617021,Casella Waste Management of NY Inc,Private,CDDHRF - uncontaminated unadulterated wood - registration,[10C50007],Yes,619109,4946973,1 - No accuracy stated,Wood (Unadulterated),10C50007,07/26/2024,07/25/2029,"57 Carbide Road
Plattsburgh, NY 12901
(44.66647, -73.49649)"
Andes (T) Transfer Station,3760 County Highway 1,,Andes,NY,13731,Delaware,4,8456764525,Town of Andes,Municipal,Transfer facility - source separated recyclables - registration,[13T32001],Yes,516939,4667995,,Single Stream,13T12001,02/02/2026,02/01/2031,"3760 County Highway 1
Andes, NY 13731
(42.16408, -74.79503)"
All Recycling Inc.,279 South William Street,,Newburgh,NY,12550,Orange,3,8455627530,Hal Roth,Private,Scrap metal processor - registration,[36V30003],Yes,581737,4594358,,Scrap Metal - Ferrous ;Scrap Metal - Aluminum ;Copper;Brass,36V30003,08/27/2024,08/26/2029,"279 South William Street
Newburgh, NY 12550
(41.49674, -74.02085)"
Old Quarry Stone Products LLC,153 Old Quarry Rd,,Feura Bush,NY,12067,Albany,4,,Old Quarry Stone Products,Private,CDDHRF - uncontaminated soil sand gravel rock - registration,[01C63402],Yes,575461,1800581,1 - No accuracy stated,Rock;Gravel,01C63402,09/25/2025,09/24/2030,"153 Old Quarry Rd
Feura Bush, NY 12067
(42.56926, -73.86882)"
Town of Day Recycling Center,92 Bovee Road,,Day,NY,12835,Saratoga,5,5186963789,Town of Day,Municipal,RHRF - 5 tpd or less - registration,[46R10030],Yes,579979,4796067,4.3 - Utilization of Digital Orthophoto Quads,Container Glass;Other Aluminum Scrap Metal;Other Ferrous Scrap Metal;Electronics;Plastic;Other Non-Ferrous Scrap Metal,46R10030,04/07/2022,04/06/2027,"92 Bovee Road
Day, NY 12835
(43.31331, -74.01367)"
Pinckney Transfer Station,587 County Route 194,,Copenhagen,NY,13626,Lewis,6,3156884277,Town of Pinckney,Municipal,Transfer facility - source separated recyclables - registration,[25T30005],Yes,434345,4852202,,Single Stream,25T30005,02/26/2024,02/07/2029,"587 County Route 194
Copenhagen, NY 13626
(43.81966, -75.8166)"
Ulster TS (T),901 Miron Lane,,Kingston,NY,12401,Ulster,3,8453360311,Town of Ulster,Municipal,Transfer facility - less than 50 tpd - registration,[56T10002],Yes,584136,4645766,,MSW (Residential/Institutional & Commercial);Construction & Demolition Debris;Tree Debris;Yard Trimmings;Commingled Paper & Containers;Metals (Ferrous & Non-Ferrous);Electronics,56T10002,02/12/2025,02/11/2030,"901 Miron Lane
Kingston, NY 12401
(41.95991, -73.98302)"
Buffalo and Orchard Park Topsoil,3340 North Benzing Rd,,Orchard Park,NY,14127,Erie,9,7168222807,Alan Huegel,Private,CDDHRF - asphalt pavement and millings - registration,[15C20105],Yes,190950,4744841,4.2 - Utilization of GIS and existing spatial data,Asphalt Pavement,15C20105,07/10/2023,07/10/2028,"3340 North Benzing Rd
Orchard Park, NY 14127
(42.79375, -78.77837)"
Town of Webb Transfer Station,152 McCauley Mtn. Rd.,PO Box 157,Old Forge,NY,13420,Herkimer,6,3153693121,Oneida Herkimer SWMA,Municipal,RHRF - 5 tpd or less - registration,[22R10001],Yes,502137,4837921,1.1 - Obtained from original submission and unverified process,Single Stream,22R10001,05/11/2023,05/10/2028,"152 McCauley Mtn. Rd.
Old Forge, NY 13420
(43.69496, -74.97334)"
Ben Weitsman of Hornell,6334 County Route 64; East Ave Ext.,,Hornell,NY,14843,Steuben,8,6073243175,Ben Weitsman of Hornell,Private,VDF - registration,[51V50010],Yes,281550,4687497,4.3 - Utilization of Digital Orthophoto Quads,Scrap Metal - Aluminum ;Scrap Metal - Ferrous ;Scrap Metal - Non-ferrous ;Lead Weights,51V50010,03/30/2023,03/30/2028,
Town of Marilla Transfer Station,2500 Eastwood Road,,Marilla,NY,14102,Erie,9,7166527311,Town of Marilla,Municipal,Used oil - collection centers - registration,[15Q10036],Yes,213924,4746343,4.2 - Utilization of GIS and existing spatial data,Used Oil,15Q10036,07/21/2025,07/21/2030,"2500 Eastwood Road
Marilla, NY 14102
(42.81646, -78.49626)"
Chaseholm Farms Creamery,34 Chase Road,,Ancram,NY,12567,Columbia,4,5183980368,The Amazing Real Live Food Company LLC,Private,Land application - UFPW - registration,[11A32201],Yes,614110,4650083,1 - No accuracy stated,Unrecognizable Food Processing Waste,11A32201,08/07/2025,08/06/2030,"34 Chase Road
Ancram, NY 12567
(41.99372, -73.62106)"
Florida (T) Transfer Station,214 Fort Hunter Road,,Amsterdam,NY,12010,Montgomery,4,5188436372,Town of Florida,Municipal,Transfer facility - less than 50 tpd - registration,[29T12005],Yes,563724,4749050,,MSW (Residential/Institutional & Commercial);Single Stream,29T12005,09/27/2024,09/26/2029,"214 Fort Hunter Road
Amsterdam, NY 12010
(42.89126, -74.22548)"
Ronda K Supply,2984 County Line Road,,Watkins Glen,NY,14891,Schuyler,8,6077039500,Karl Meier,Private,Land application - UFPW - registration,[49A30028],Yes,342454,4693869,4.2 - Utilization of GIS and existing spatial data,Unrecognizable Food Processing Waste,49A30028,09/22/2025,09/22/2030,"2984 County Line Road
Watkins Glen, NY 14891
(42.38151, -76.91363)"
West Seneca Composting Facility,502 Mineral Springs Road,,West Seneca,NY,14224,Erie,9,7166744850,Town of West Seneca,Municipal,Composting - yard trimmings - registration,[15P10016],Yes,190091,4752874,4.2 - Utilization of GIS and existing spatial data,Leaves;Grass Clippings;Wood/Brush,15P10016,11/16/2023,11/16/2028,"502 Mineral Springs Road
West Seneca, NY 14224
(42.86618, -78.79403)"
Clifton Park Recycling,417 Route 146,,Halfmoon,NY,12151,Saratoga,5,5186884535,Casella Recycling; LLC,Private,RHRF - registration,[46R30024],Yes,602176,4746548,,Single Stream,46R30024,10/31/2024,09/19/2028,"417 Route 146
Halfmoon, NY 12151
(42.8644, -73.74866)"
Town of Seneca Falls Highway Department,187 Ovid St,,Seneca Falls,NY,13148,Seneca,8,3155686288,Town of Seneca Falls,Municipal,Transfer facility - less than 50 tpd - registration,[50T10013],Yes,353342,4750878,4.2 - Utilization of GIS and existing spatial data,MSW (Residential/Institutional & Commercial);Waste Tires;Tree Debris;Source Separated Organic Waste,50T10013,08/11/2021,08/11/2026,"187 Ovid St
Seneca Falls, NY 13148
(42.89649, -76.79868)"
Chaffee Landfill,10860 Olean Road,,Chaffee,NY,14030-9799,Erie,9,7164965192,Waste Management of New York LLC,Private,Transfer facility - source separated recyclables - registration,[15T30025],Yes,213825,4720182,4.2 - Utilization of GIS and existing spatial data,Paperboard/Boxboard;Single Stream,15T30025,12/20/2023,12/20/2028,"10860 Olean Road
Chaffee, NY 14030-9799
(42.5825, -78.48801)"
Robert Babcock Used Cars Inc,136 Temple Hill Road,,Vails Gate,NY,12584,Orange,3,8455623472,Ken Babcock,Private,Vehicle Dismantling Facility,[36J21],Yes,578390,4590257,,,,,,"136 Temple Hill Road
Vails Gate, NY 12584
(41.45678, -74.05924)"
CB Recycling,301 Edison Ave,,West Babylon,NY,11702,Suffolk,1,6314191115,John Cannetti,Private,CDDHRF - uncontaminated soil sand gravel rock - registration,[52C60417],Yes,635666,4509953,1 - No accuracy stated,Soil (Clean),52C10417,05/03/2025,05/02/2030,"301 Edison Ave
West Babylon, NY 11702
(40.72872, -73.39329)"
Future Health Systems LI Inc,65 Cabot Street,,West Babylon,NY,11704,Suffolk,1,,Future Health Care Systems Inc,,RMW - permit,[52JP0391],Yes,635819,4510189,4.3 - Utilization of Digital Orthophoto Quads,,1-4720-04718/00001,04/05/2023,04/04/2033,"65 Cabot Street
West Babylon, NY 11704
(40.73125, -73.39148)"
Chesterfield Transfer Station,81 Auger Lake Rd,,Keeseville,NY,12944,Essex,5,5188349042,Town of Chesterfield,Municipal,RHRF - registration,[16R30001],Yes,619930,4927123,1 - No accuracy stated,Container Glass;Plastic;Paperboard/Boxboard,16R30001,05/03/2022,05/03/2027,"81 Auger Lake Rd
Keeseville, NY 12944
(44.488, -73.49219)"
Queensbury Transfer Station (Luzerne Rd),64 Luzerne Road,,Queensbury,NY,12804,Warren,5,5187454478,Town of Queensbury,Municipal,Transfer facility - less than 50 tpd - registration,[57T10029],Yes,607522,4795361,,MSW (Residential/Institutional & Commercial);White Goods;Newspaper;Magazines;Commingled Plastics;Corrugated Cardboard;Container Glass;Electronics;Tin & Aluminum Containers,57T10029,08/06/2023,08/05/2028,"64 Luzerne Road
Queensbury, NY 12804
(43.30278, -73.67456)"
A-Automotive Inc,6251 Honeysette Road,,Mayville,NY,14757,Chautauqua,9,7167532367,Kevin Maytum,Private,VDF - registration,[07V50042],Yes,128968,4689985,1 - No accuracy stated,End of Life Vehicles VDFs,07V50042,01/04/2024,01/04/2029,"6251 Honeysette Road
Mayville, NY 14757
(42.27383, -79.49695)"
A & R Materials Inc.,North Dunton Avenue,,Medford,NY,11763,Suffolk,1,5169037776,A&R Materials inc,Private,CDDHRF - uncontaminated soil sand gravel rock - registration,[52C60289],Yes,670612,4523290,,Soil (Clean);Rock;Sand;Gravel,52-0289,04/08/2026,04/07/2031,
Savy's Recycling Inc,27 Montclair Ave,,St. James,NY,11780,Suffolk,1,6319798450,Savy's Recycling Inc.,Private,CDDHRF - concrete; rock; brick; asphalt pavement or millings - registration,[52C90425],Yes,654751,4525074,1 - No accuracy stated,Brick;Concrete;Rock,425,07/11/2025,07/10/2030,"27 Montclair Ave
St. James, NY 11780
(40.86147, -73.16455)"
Troup's Creek Auto Parts Corp,379 State Route 36,,Troupsburg,NY,14885,Steuben,8,6075256442,Dale LeBarron,Private,Motor vehicle repair shop - registration,[51V40072],Yes,291062,4654996,,Brake Fluid;Engine Coolant/Antifreeze;Gear Oil;Transmission Fluid;Used Oil,51V40072,05/12/2025,05/11/2030,"379 State Route 36
Troupsburg, NY 14885
(42.019, -77.5226)"
Class A Cars,477 Liberty Ave,,Brooklyn,NY,11207,Kings,2,7183480303,Anthony Pavone,Private,Vehicle Dismantling Facility,[7070034],Yes,593618,4503291,,,,,,"477 Liberty Ave
Brooklyn, NY 11207
(40.67503, -73.89228)"
Waste Management of NY (EWI),21 Gansevoort Street,,Albany,NY,12202,Albany,4,5184634433,Waste Management of New York; LLC,Private,Transfer station - permit,[01T70],Yes,601897,4721381,,MSW (Residential/Institutional & Commercial),4-0101-00283/00001,05/02/2018,05/01/2028,"21 Gansevoort Street
Albany, NY 12202
(42.63776, -73.7577)"
Waste Recovery Enterprises Inc,122 Valley View Road,,Unadilla,NY,13849,Otsego,4,6075632616,National Waste Management Holdings; Inc.,Private,CDDHRF - permit,[39CP6255],Yes,466595,4685459,1 - No accuracy stated,,4-3662-00002/00007,01/27/2021,01/26/2031,"122 Valley View Road
Unadilla, NY 13849
(42.32184, -75.40668)"
Taylor Solid Waste Facility,5730 State Route 434,,Apalachin,NY,13732,Tioga,7,6072580339,Casella Waste Management; Inc.,Private,Transfer facility - permit,[54T03],Yes,403589,4659715,4 - GIS Assisted,MSW (Residential/Institutional & Commercial),7-4930-00252/00001,07/22/2025,07/21/2035,"5730 State Route 434
Apalachin, NY 13732
(42.08379, -76.16302)"
Modern Landfill; Inc.,1445 Pletcher Road,,Model City,NY,14107,Niagara,9,7167548226,Modern Corporation,Private,Composting - yard trimmings - registration,[32P10010],Yes,176979,4792316,4.2 - Utilization of GIS and existing spatial data,Yard Trimmings,32P10010,12/17/2024,12/17/2029,"1445 Pletcher Road
Model City, NY 14107
(43.20882, -78.98108)"
Cardinal Health 414; LLC,6075 East Molloy Road,Bld. 6,Syracuse,NY,13211,Onondaga,7,3154379845,Cardinal Health 414,Private,RMW - radiological storage - registration,[34J10011],Yes,410620,4772628,1 - No accuracy stated,Regulated Medical Waste,34J10011,12/22/2023,12/21/2028,"6075 East Molloy Road
Syracuse, NY 13211
(43.10041, -76.09739)"
Kings Midway LLC,1020 Suits Road,,Duanesburg,NY,12056,Schenectady,4,5183562690,Patricia Ostrander,Private,Land application - septage - registration,[47A42001],Yes,574449,4735320,1 - No accuracy stated,Septage,47A42001,05/05/2023,05/04/2028,"1020 Suits Road
Duanesburg, NY 12056
(42.76672, -74.09105)"
Gernatt Asphalt Products; Inc. - Gabel Thomas Plant,11860 Route 16 (Olean Road),,Chaffee,NY,14030,Erie,9,7164965111,Gernatt Asphalt Products; Inc.,Private,CDDHRF - concrete; rock; brick; asphalt pavement or millings - registration,[15C90107],Yes,213514,4717340,4.2 - Utilization of GIS and existing spatial data,Brick;Rock;Asphalt Pavement;Concrete,15C90107,11/27/2023,11/27/2028,"11860 Route 16 (Olean Road)
Chaffee, NY 14030
(42.5546, -78.47796)"
Whitten Family Farm,1101 CR 49,,Winthrop,NY,13697,St. Lawrence,6,3153285559,Cherie Whitten,Private,Composting - SSO - registration,[45P20029],Yes,519789,4955210,4.1 - Address Matching,Mixture of Leaves and Grass;Source Separated Organic Waste (SSOW),45P20029,04/11/2022,04/10/2027,"1101 CR 49
Winthrop, NY 13697
(44.75165, -74.75113)"
NYSDEC Wildlife Resources Center,108 Game Farm Rd,,Delmar,NY,12054,Albany,4,5184783038,,,Regulated medical waste - onsite treatment,[01Q02],Yes,590663,4717920,,,4-0134-00019/00018,11/20/2018,11/19/2028,"108 Game Farm Rd
Delmar, NY 12054
(42.60816, -73.89431)"
Mikes Blue Wheel Service,160 Bryant Pond Road,,Mahopac,NY,10541,Putnam,3,8455283889,Michael A. Maiuzzo,Private,C&D processing - registration,[40W07],Yes,600490,4580971,1 - No accuracy stated,Tree Debris;Wood (Unadulterated Pallets);Wood (Unadulterated);Wood (Chips),40W07,08/03/2005,,
East Coast Auto Salvage Inc,95-50 Tuckerton Street,,Jamaica,NY,11433,Queens,2,7187392025,East Coast Auto Salvage Inc,Private,VDF - registration,[41V50129],Yes,601239,4506071,4.2 - Utilization of GIS and existing spatial data,Engine Coolant/Antifreeze;Lead-acid Batteries;Mix Coolant/Engine Oil/Washing Fluid/Water;End of Life Vehicles VDFs,41V50129,03/05/2025,03/04/2030,"95-50 Tuckerton Street
Jamaica, NY 11433
(40.69917, -73.80116)"
Upstone - Plattsburgh Quarry,111 Quarry Road,,Plattsburgh,NY,12901,Clinton,5,5185615321,Upstone Materials Inc,Private,CDDHRF - uncontaminated soil sand gravel rock - registration,[10C60020],Yes,621060,4952046,,Gravel;Rock;Soil (Clean);Sand,10C60020,02/24/2026,02/24/2031,"111 Quarry Road
Plattsburgh, NY 12901
(44.70939, -73.47411)"
Middletown TS (T),46530 NY-30,,Margaretville,NY,12455,Delaware,4,8458564533,Town of Middletown,Municipal,Transfer facility - source separated recyclables - registration,[13T34601],Yes,533264,4671652,1 - No accuracy stated,Commingled Paper;Commingled Paper & Containers;Commingled Plastics;Container Glass;Corrugated Cardboard,13T34601,10/16/2023,10/15/2028,
York Transfer Station,2825 River Road,,Piffard,NY,14533,Livingston,8,5852433128,Town of York,Municipal,RHRF - 5 tpd or less - registration,[26R10010],Yes,266662,4749660,4.2 - Utilization of GIS and existing spatial data,Plastic;Clear Glass;Paperboard/Boxboard;Tree Debris,26R10010,04/24/2025,04/23/2030,"2825 River Road
Piffard, NY 14533
(42.86381, -77.85674)"
Wellsville Recycling Center and Transfer Station,77 West Dyke Street,,Wellsville,NY,14895,Allegany,9,5852685415,Allegany County Department of Public Works,County,Transfer facility - less than 50 tpd - registration,[02T10018],Yes,256967,4667113,4.2 - Utilization of GIS and existing spatial data,MSW (Residential/Institutional & Commercial),02T10018,10/07/2024,10/07/2029,"77 West Dyke Street
Wellsville, NY 14895
(42.11633, -77.94198)"
North Elba C&D Landfill,74 Recycle Circle Lane,,Lake Placid,NY,12946,Essex,5,5185232940,Town of North Elba,Municipal,Nonspecific facility - permit,[16XP0019],Yes,582609,4902346,,,5-1540-00136/00003,09/03/2025,09/02/2035,"74 Recycle Circle Lane
Lake Placid, NY 12946
(44.27112, -73.96793)"
Bedrock Materials LLC,83B Broadway,,Greenlawn,NY,11740,Suffolk,1,6317575511,Mario Pulvirenti,Private,CDDHRF - concrete rock brick - registration,[52C10374],Yes,637739,4525310,,Concrete,52-0374,03/15/2022,03/15/2027,"83B Broadway
Greenlawn, NY 11740
(40.86783, -73.36487)"
Ground Effects,2792 Brickyard Road,,Van Buren,NY,13164,Onondaga,7,3156891470,Clifford White,Private,Composting - SSO - registration,[34P20074],Yes,392989,477252,4.2 - Utilization of GIS and existing spatial data,Food Scraps;Yard Trimmings,34P20074,05/09/2023,05/08/2028,"2792 Brickyard Road
Van Buren, NY 13164
(43.09542, -76.31616)"
Byrd Construction Corporation,7442 State Route 22,,Granville,NY,12832,Washington,5,5186420582,John C Ptacek III,Private,CDDHRF - uncontaminated soil sand gravel rock - registration,[58C60021],Yes,640322,4797675,,Soil (Clean);Rock,58C60021,04/12/2022,04/11/2027,"7442 State Route 22
Granville, NY 12832
(43.31896, -73.26976)"
L&R Transfer Station,11075 Galen Hill Road,,Freedom,NY,14065,Cattaraugus,9,7164923936,Ron Previty,Private,RHRF - 5 tpd or less - registration,[05R10026],Yes,223785,4708597,4.2 - Utilization of GIS and existing spatial data,Other Aluminum Scrap Metal;Other Ferrous Scrap Metal;Other Non-Ferrous Scrap Metal,05R10026,10/07/2020,10/07/2025,"11075 Galen Hill Road
Freedom, NY 14065
(42.48121, -78.3586)"
Hastings Main West,NYS Route 11,,Hastings,NY,13076,Oswego,7,3154335115,Syracuse Sand & Gravel; LLC,Private,Mulch processing - registration,[38M10015],Yes,40566,479975,1.1 - Obtained from original submission and unverified process,Tree Debris;Wood (Chips),38M10015,01/21/2026,07/11/2029,
Winters Brothers Waste Systems - 99 Nancy Babylon,99 Nancy Street,,West Babylon,NY,11704,Suffolk,1,6314915705,Winters Brothers Waste Systems of Long Island LLC,Private,CDDHRF - permit,[52CP0406],Yes,637148,4511092,4.3 - Utilization of Digital Orthophoto Quads,Source Separated Recyclables (Metal/Glass/Paper/Plastic);Tree Debris;Rock;Construction & Demolition Debris;Concrete;Brick;Soil (Clean);Electronics,1-4720-02209/00001,11/21/2023,11/20/2028,"99 Nancy Street
West Babylon, NY 11704
(40.73919, -73.37606)"
Ternoois Septic Tank Service,6022 Buerman Road,,Sodus,NY,14551,Wayne,8,3154839356,Frank Ternoois,Private,Storage - septage - registration,[59A51007],Yes,333874,4785925,,Septage,59A51007,03/05/2024,03/04/2029,"6022 Buerman Road
Sodus, NY 14551
(43.22369, -77.03817)"
Black River Tree Removal #2 LCD,29807 Andrews Rd.,,Black River,NY,13612,Jefferson,6,3157734509,Tim Percy,Private,Landfill - land clearing debris,[23D30],Yes,437756,4870551,4.1 - Address Matching,Land Clearing Debris,23D30,07/28/2008,,"29807 Andrews Rd.
Black River, NY 13612
(43.98498, -75.77613)"
Full Circle Ag; LLC,13097 McCann Road,,Wolcott,NY,14590,Wayne,8,,Casella Major Account Services,Private,Storage - manure & food processing waste - registration,[59A20016],Yes,356595,4780415,4.2 - Utilization of GIS and existing spatial data,Unrecognizable Food Processing Waste;Source Separated Organic Waste (SSOW),59A20016,01/14/2022,01/13/2027,"13097 McCann Road
Wolcott, NY 14590
(43.16209, -76.76396)"
Royal Oak Recycling,22 Mechanic Street,,North Tonawanda,NY,14120,Niagara,9,7166923448,Habib Mamou,Private,RHRF - registration,[32R30021],Yes,184246,4771019,1 - No accuracy stated,Commingled Paper;Newspaper;Paper / Cardboard;Plastic;LDPE;Office Paper;Paperboard/Boxboard,32R30021,05/12/2025,05/12/2030,"22 Mechanic Street
North Tonawanda, NY 14120
(43.02594, -78.87524)"
Cuba-Friendship Recycling Center and Transfer Station,7912 County Route 20,,Friendship,NY,14739,Allegany,9,5852685415,Allegany County Department of Public Works,County,RHRF - registration,[02R30017],Yes,237086,4677477,4.2 - Utilization of GIS and existing spatial data,Aluminum Foil / Trays;Commingled Paper;Container Glass;Other - Batteries;Plastic;Textiles;Metals (Ferrous);Metals (Non-Ferrous);Paper / Cardboard,02R30017,10/07/2024,10/07/2029,"7912 County Route 20
Friendship, NY 14739
(42.20424, -78.18543)"
Oneida-Herkimer Solid Waste Authority - Leland Ave. Ext.,80 Leland Avenue,,Utica,NY,13502,Oneida,6,3157380417,Oneida Herkimer SWA,Municipal,Composting - yard waste - permit,[33PP0002],Yes,484432,4772023,4.3 - Utilization of Digital Orthophoto Quads,Yard Trimmings;Woodchips,6-3016-00086/00001,11/01/2018,10/31/2023,"80 Leland Avenue
Utica, NY 13502
(43.10685, -75.21213)"
Broad Street Industrial Park,111 1/2 Bevier Street,,Binghamton,NY,13901,Broome,7,5182949964,Tri City Highway Products Inc,Private,CDDHRF - concrete; rock; brick; asphalt pavement or millings - registration,[04C10009],Yes,426586,4663573,1 - No accuracy stated,Concrete;Rock;Brick,04C10009,05/04/2023,05/03/2028,"111 1/2 Bevier Street
Binghamton, NY 13901
(42.11908, -75.89634)"
TOMRA New York Recycling LLC,5923 Loomis Road,,Farmington,NY,14425,Ontario,8,5857427930,TOMRA New York Recycling LLC,Private,RHRF - greater than 5 tpd - registration,[35R20006],Yes,308525,4762734,1 - No accuracy stated,PET;Paperboard/Boxboard;Commingled Containers;Container Glass,35R20006,08/11/2023,08/10/2028,"5923 Loomis Road
Farmington, NY 14425
(42.99346, -77.34867)"
Old Mud Creek Farm,67 Pine Wood Rd.,,Livingston,NY,12534,Columbia,4,4138541507,Old Mud Creek Farm; LLC,Private,Storage - septage - registration,[11A54610],Yes,600885,4667317,1 - No accuracy stated,Septage,11A44610,10/30/2020,10/30/2025,"67 Pine Wood Rd.
Livingston, NY 12534
(42.15037, -73.77833)"
Walter W. Bradley Pollution Control Facility,226 Phillips Road,,Webster,NY,14580,Monroe,8,5858721000,Town of Webster,Municipal,Composting - biosolids/other - permit,[28PP0050],Yes,304199,4792519,4.3 - Utilization of Digital Orthophoto Quads,Biosolids,8-2654-00039/00005,04/17/2025,04/16/2035,"226 Phillips Road
Webster, NY 14580
(43.26047, -77.41997)"
Upstone - Lewis Quarry,9198 Route 9,,Lewis,NY,12950,Essex,5,5185615321,Upstone Materials Inc,Private,CDDHRF - uncontaminated soil sand gravel rock - registration,[16C60021],Yes,615614,4907777,,Gravel;Rock;Soil (Clean);Sand,16C60021,02/23/2026,02/23/2031,"9198 Route 9
Lewis, NY 12950
(44.31625, -73.54985)"
UCRRA Ulster Transfer Station,999 Flatbush Road,,Kingston,NY,12401,Ulster,3,8453360600,UCRRA Public Benefit Corp,County,Transfer facility - permit,[56TP0002],Yes,585537,4647777,,MSW (Residential/Institutional & Commercial);Construction & Demolition Debris;Wood (Clean);Commingled Paper & Containers;Tree Debris;Corrugated Cardboard;Metals (Ferrous & Non-Ferrous);Single Stream;Electronics;Waste Tires,3-5154-00125/00001,09/24/2025,04/19/2026,"999 Flatbush Road
Kingston, NY 12401
(41.97455, -73.97112)"
Tarrytown (V) Yard Waste TS,Tower Hill Road,,Tarrytown,NY,10591,Westchester,3,9148621819,Village of Tarrytown,Municipal,Transfer facility - less than 50 tpd - registration,[60T10001],Yes,597105,4548811,,Yard Trimmings;Tree Debris,60T10001,02/28/2024,02/27/2029,
Center Point Transfer Station Inc,119 River Road,,Scottsville,NY,14546,Livingston,8,5858890050,Casella Waste Inc,Private,Transfer facility - permit,[26TP0026],Yes,276432,4762465,,Construction & Demolition Debris;MSW (Residential/Institutional & Commercial);Single Stream;Metals (Ferrous & Non-Ferrous),8-2422-00047/00001-0,06/03/2014,07/31/2024,"119 River Road
Scottsville, NY 14546
(43.02963, -77.74469)"
BRIM Auto Recyclers,23 Rte. 211,P.O. Box 347,Cuddebackville,NY,12729,Orange,3,9147547671,Robin Geiger/W Bradley Burnett,Private,Scrap metal processor - registration,[36V30004],Yes,534121,4590400,,Scrap Metal - Ferrous ;Scrap Metal - Non-ferrous,36V30004,02/12/2019,02/11/2023,"23 Rte. 211
Cuddebackville, NY 12729
(41.46391, -74.59151)"
Mohican Farm/Clark Foundation,7195 St. Hwy. 80,,Cooperstown,NY,13326,Otsego,4,6074376826,Clark Foundation,Private,Composting - yard trimmings - registration,[39P16001],Yes,507877,4738978,,Yard Trimmings;Wood/Brush,39P26001,03/14/2024,03/13/2029,"7195 St. Hwy. 80
Cooperstown, NY 13326
(42.80346, -74.90235)"
Cardinal Health NPHS,303 Cayuga Road,Suite 200,Cheektowaga,NY,14223,Erie,9,7166348607,Cardinal Health 414; LLC,Private,RMW - radiological storage - registration,[15J10037],Yes,194546,4760820,4.2 - Utilization of GIS and existing spatial data,Regulated Medical Waste;Radioactive,15J10037,03/13/2024,03/13/2029,"303 Cayuga Road
Cheektowaga, NY 14223
(42.93578, -78.74377)"
Crossroads Transfer Station,331 STATE ROUTE 17 SOUTH,,Hillburn,NY,10931,Rockland,3,8453693111,IWS Transfer Systems of NY Inc.,Private,Transfer facility - permit,[44T09],Yes,569440,4553345,,Construction & Demolition Debris;MSW (Residential/Institutional & Commercial);Metals (Ferrous & Non-Ferrous),3-3926-00550/00001,08/16/2021,08/15/2026,"331 STATE ROUTE 17 SOUTH
Hillburn, NY 10931
(41.12862, -74.17274)"
Berkshire TS,876 State Highway 29A (East Fulton Street Ext.),,Gloversville,NY,12078,Fulton,5,5187365501,Fulton County,County,Transfer facility - less than 50 tpd - registration,[18T10003],Yes,556209,4766542,,MSW (Residential/Institutional & Commercial);Metals (Ferrous & Non-Ferrous);Electronics;Waste Oil (Other);Yard Trimmings;Single Stream,18T10003,07/02/2023,07/01/2028,"876 State Highway 29A (East Fulton Street Ext.)
Gloversville, NY 12078
(43.04877, -74.31066)"
Harmony Transfer Station,1001 Blockville-Watts Flatts Road,,Ashville,NY,14710,Chautauqua,9,7167823430,Town of Harmony,Municipal,Transfer facility - less than 50 tpd - registration,[07T10049],Yes,134821,4664104,1 - No accuracy stated,MSW (Residential/Institutional & Commercial);Tin & Aluminum Containers;Single Stream,07T10049,04/10/2024,04/10/2029,"1001 Blockville-Watts Flatts Road
Ashville, NY 14710
(42.04382, -79.41196)"
Brown's Brewery,36 Baby Lane,,Hoosick Falls,NY,12090,Rensselaer,4,5183654846,Garry Brown,,Land application - UFPW - registration,[42A32801],Yes,635368,4753812,3 - Global Positioning System (GPS),Unrecognizable Food Processing Waste,42A32801,10/28/2024,10/27/2029,"36 Baby Lane
Hoosick Falls, NY 12090
(42.92612, -73.34063)"
NYAR Coastal Distribution Rail Transfer,1633 New Highway,,Farmingdale,NY,11735,Suffolk,1,6317562000,Tunnel Hill; Partners; LP,Private,Transfer station - permit,[52T118],Yes,633929,4511623,4.3 - Utilization of Digital Orthophoto Quads,Construction & Demolition Debris,1-4720-03667/00001,06/19/2015,06/18/2020,"1633 New Highway
Farmingdale, NY 11735
(40.7434, -73.41361)"
Mohawk Valley Recycling; LLC,3107 State Route 28,,Herkimer,NY,13350,Herkimer,6,3158667278,Mohawk Valley Recycling; LLC,,Scrap metal processor - registration,[22V30011],Yes,501146,4766315,,Scrap Metal - Ferrous ;Scrap Metal - Non-ferrous,22V30011,11/21/2024,11/20/2029,"3107 State Route 28
Herkimer, NY 13350
(43.04964, -74.9859)"
Thousand Island Park Transfer Station,Sunrise Ave. Extension,,Thousand Island Park,NY,13692,Jefferson,6,3154822576,Thousand Island Park Corporation,Private,Transfer facility - permit,[23TP0038],Yes,418407,4904619,4 - GIS Assisted,Construction & Demolition Debris,6-2246-00350/00002,04/14/2021,04/12/2026,
Nu Waste LLC,50 Ransier Drive,,West Seneca,NY,14224,Erie,9,7166740019,Nu Waste LLC,Private,Transfer facility - permit,[15TP0011],Yes,193780,4750594,4.2 - Utilization of GIS and existing spatial data,Construction & Demolition Debris;Other - Non-putrescible MSW,9-1468-00244/00001,04/03/2026,04/02/2036,"50 Ransier Drive
West Seneca, NY 14224
(42.84681, -78.74733)"
Bubonia Holding Corp,18 West Albany Drive,,Colonie,NY,12205,Albany,4,5184388900,Stephen Bubonia,Private,CDDHRF - concrete; rock; brick; asphalt pavement or millings - registration,[01C99901],Yes,600465,4726765,4.2 - Utilization of GIS and existing spatial data,Asphalt;Concrete;Brick,01C99901,02/26/2026,02/25/2031,"18 West Albany Drive
Colonie, NY 12205
(42.68653, -73.77415)"
All City Auto Parts Inc,19 Sunshine Street,,Rochester,NY,14621,Monroe,8,5853425000,Michael Broccolo,Private,VDF - registration,[28V51006],Yes,287601,4785035,,,28V51006,,,"19 Sunshine Street
Rochester, NY 14621
(43.18815, -77.61426)"
American Waste Transfer Systems,306 Fayette Avenue,,Mamaroneck,NY,10543,Westchester,3,9146984300,American Waste Transfer Systems LLC (AWTS),Private,Transfer facility - permit,[60TP0002],Yes,605805,4534197,,MSW (Residential/Institutional & Commercial);Construction & Demolition Debris;Commingled Paper & Containers;Metals (Ferrous & Non-Ferrous),3-5532-00104/00005,03/02/2023,03/01/2028,"306 Fayette Avenue
Mamaroneck, NY 10543
(40.95246, -73.74251)"
Lawrence LCD,McAuslin Road,,North Lawrence,NY,12967,St. Lawrence,6,3157400105,Town of Lawrence,Municipal,Landfill - land clearing debris,[45D06],Yes,528289,4961068,4.3 - Utilization of Digital Orthophoto Quads,Land Clearing Debris,45D06,05/06/2009,,
Mill Seat SLF,303 Brew Road,,Riga,NY,14416,Monroe,8,5854943000,Monroe County,County,Landfill - MSW - permit,[28LS0025],Yes,260800,4771100,1 - No accuracy stated,Asbestos (Friable);MSW (Residential/Institutional & Commercial);Ash (Coal-Bottom);Ash MSW Energy Recovery Bottom;Construction & Demolition Debris;Industrial,8-2648-00014/00001,05/25/2022,05/26/2032,"303 Brew Road
Riga, NY 14416
(43.05951, -77.93357)"
ATLAS Roll-Off Corp,895 Essex Street,,Brooklyn,NY,11208,Kings,2,7183456451,John Polsinelli,Private,C&D processing - permit,[24CP0043],Yes,595022,4501865,2.1 - NYSDEC 100 m grid collection,Construction & Demolition Debris;Metals (Non-Ferrous);Metals (Ferrous);Wood (Unadulterated),2-6105-00095/00004,03/18/2016,03/17/2021,"895 Essex Street
Brooklyn, NY 11208
(40.66209, -73.87605)"
Constantine Construction & Farm  Inc,566 Albany Shaker Road,,Loudonville,NY,12211,Albany,4,5184588294,Laura M. Szesnat,Private,CDDHRF - concrete; rock; brick; asphalt pavement or millings - registration,[01C92601],Yes,599359,4730104,4.2 - Utilization of GIS and existing spatial data,Concrete;Asphalt Pavement,01C92601,04/16/2026,04/15/2031,"566 Albany Shaker Road
Loudonville, NY 12211
(42.71708, -73.78635)"
Multi Metal Recycling LLC,4502 York Road,,Leicester,NY,14481,Livingston,8,5853823822,Wayne Scofield,Private,Transfer station - permit,[26TP0002],Yes,263100,4742523,,MSW (Residential/Institutional & Commercial);Construction & Demolition Debris,8-2430-00044/00001,03/28/2018,12/31/2027,"4502 York Road
Leicester, NY 14481
(42.79867, -77.89662)"
Walter Pulcini Inc,2461 Quaker Road,,Palmyra,NY,14522,Wayne,8,5857033045,Kenneth Pulcini,Private,Storage - septage - registration,[59A50003],Yes,315410,4770840,4 - GIS Assisted,Septage,59A50003,01/29/2019,01/28/2024,"2461 Quaker Road
Palmyra, NY 14522
(43.06522, -77.2622)"
VP Auto Parts Inc,7256 Route 9W,,Catskill,NY,12414,Greene,4,8457053310,Nina & Allegra Roberts,,VDF - registration,[20V52604],Yes,591345,4672402,3 - Global Positioning System (GPS),End of Life Vehicles VDFs,20V52604,07/24/2024,07/23/2029,"7256 Route 9W
Catskill, NY 12414
(42.19996, -73.89788)"
Cheever Pit (Reale) LCD LF,NYS Route 9N,Mile Marker 1228,Moriah,NY,12960,Essex,5,5185856782,Anthony Reale,Private,Landfill - land clearing debris,[16D13],Yes,623349,4857770,1 - No accuracy stated,,16D13,05/18/2011,,
Huntington Resource Recovery Facility,99 Townline Rd,,East Northport,NY,11731,Suffolk,1,6317541100,Reworld Huntington LLC,Private,Combustion - permit,[52BP0392],Yes,644070,4527000,4.2 - Utilization of GIS and existing spatial data,MSW (Residential/Institutional & Commercial);Sewage Treatment Plant Sludge;Metals (Ferrous & Non-Ferrous),1-4726-00790/00007,03/14/2023,03/13/2033,"99 Townline Rd
East Northport, NY 11731
(40.8812, -73.28959)"
Residuals Management Services LLC dba Earthcare,80 Dennings Ave,,Beacon,NY,12508,Dutchess,3,9737646100,Wind River Environmenta dba Residual Management Services;LLC,Private,Transfer facility - permit,[14TP0002],Yes,584998,4594314,,Septage;Sewage Treatment Plant Sludge,3-1302-00028/00003,08/11/2020,08/10/2025,"80 Dennings Ave
Beacon, NY 12508
(41.49613, -73.98168)"
Winters Bros. Recycling of LI; Inc. - Kings Park Facility,499 Lawrence Rd.,,Kings Park,NY,11754,Suffolk,1,6313685533,Winters Bros. Recycling of LI; LLC,Private,Transfer facility - permit,[52TP0325],Yes,647645,4525474,4.3 - Utilization of Digital Orthophoto Quads,Construction & Demolition Debris;MSW (Residential/Institutional & Commercial);Office Paper;Metals (Ferrous & Non-Ferrous);Tree Debris;Concrete;Waste Tires;Corrugated Cardboard,1-4734-00299/00005,12/07/2020,12/06/2025,"499 Lawrence Rd.
Kings Park, NY 11754
(40.86766, -73.24717)"
Mountain Valley Fuel Woods,160 Kissimmie Rd.,,Fleischmanns,NY,12430,Delaware,4,8452544306,John Blish,Private,Landfill - land clearing debris,[13D05],Yes,537256,4667504,1 - No accuracy stated,Land Clearing Debris,13D05,09/24/2004,,"160 Kissimmie Rd.
Fleischmanns, NY 12430
(42.15961, -74.54884)"
PK Metals(Holtsville),140 Corporate Drive,,Holtsville,NY,11742,Suffolk,1,6317326403,Philip Fava,Private,RHRF - greater than 5 tpd - registration,[52R20242],Yes,665386,4519696,4.3 - Utilization of Digital Orthophoto Quads,Plastic,52R20242,10/14/2021,10/14/2026,"140 Corporate Drive
Holtsville, NY 11742
(40.81169, -73.03882)"
Ben Weitsman of Hornell,6334 County Route 64; East Ave Ext.,,Hornell,NY,14843,Steuben,8,6073243175,Ben Weitsman of Hornell,Private,Scrap metal processor - registration,[51V30010],Yes,281550,4687497,1.1 - Obtained from original submission and unverified process,Scrap Metal - Aluminum ;Scrap Metal - Ferrous ;Scrap Metal - Non-ferrous,51V30010,03/30/2023,03/30/2028,
Bistrian Materials Inc. (East Hampton),175 Springs-Fireplace Road,,East Hampton,NY,11937,Suffolk,1,6313247950,Bistrian Materials Inc.,Private,Composting - yard waste - permit,[52PP0394],Yes,737721,4540726,4.3 - Utilization of Digital Orthophoto Quads,Yard Trimmings,1-4724-01975/00002,03/20/2023,03/19/2028,"175 Springs-Fireplace Road
East Hampton, NY 11937
(40.98322, -72.17437)"
Niskayuna (T) Transfer Station & Recycling Facility,2555 River Road,,Niskayuna,NY,12309,Schenectady,4,5183864520,Town of Niskayuna,Municipal,Transfer facility - source separated recyclables - registration,[47T32401],Yes,592796,4740744,1 - No accuracy stated,Commingled Paper;Corrugated Cardboard;Commingled Paper & Containers;Electronics;Tin & Aluminum Containers;Commingled Plastics,47T12401,04/01/2024,03/31/2029,"2555 River Road
Niskayuna, NY 12309
(42.81371, -73.8651)"
Henry's Service Center,4414 Arthur Kill Road,,Staten Island,NY,10309,Richmond,2,7189482725,Enrico Ariena d/b/a Hemry's Service Center,Private,VDF - registration,[43V50072],Yes,564716,4487375,1 - No accuracy stated,Used Oil;Engine Coolant/Antifreeze;End of Life Vehicles VDFs;Lead-acid Batteries,43V50072,02/04/2025,02/03/2030,"4414 Arthur Kill Road
Staten Island, NY 10309
(40.53463, -74.23597)"
Dairy Support Services Company,3455 State Route 13,,Truxton,NY,13158,Cortland,7,3157291874,Dairy Support Services Company Inc.,Private,Land application - Third Party CAFO Applier - registration,[12A60014],Yes,0,0,,Manure,12A60014,01/23/2024,01/22/2029,"3455 State Route 13
Truxton, NY 13158
(42.69501, -76.04657)"
Ledge Creek Development; Inc.,10100 County Road,,Clarence Center,NY,14032,Erie,9,7167413174,10100 County Road Properties; LLC,Private,CDDHRF - concrete rock brick - registration,[15C10001],Yes,205760,4770750,,Concrete,15C10001,08/15/2023,08/15/2028,"10100 County Road
Clarence Center, NY 14032
(43.03208, -78.61249)"
Jaynes Used Auto Parts,4111 Rte 14A,,Reading Center,NY,14876,Schuyler,8,6075352883,John N. Payne,Private,VDF - registration,[49V50004],Yes,340977,4699574,,Mercury Switches;Lead-acid Batteries;Refrigerant;Used Oil;Diesel Fuel;Gasoline;Engine Coolant/Antifreeze;End of Life Vehicles VDFs;Window Washing Fluid;Waste Tire,49V50004,06/19/2019,06/19/2024,"4111 Rte 14A
Reading Center, NY 14876
(42.43246, -76.93329)"
Haines Falls Auto Service & Sales Inc,5183 Route 23A,,Haines Falls,NY,12436,Greene,4,5185896181,Rory France,Private,VDF - registration,[20V53801],Yes,574705,4671880,,,,,,"5183 Route 23A
Haines Falls, NY 12436
(42.19512, -74.09463)"
Quakertown Road Mine,3870-4198 County Route 20,,Warsaw,NY,14569,Wyoming,9,5857862571,WYCO Construction; Inc.,Private,CDDHRF - uncontaminated soil sand gravel rock - registration,[61C60016],Yes,236193,4734537,4.2 - Utilization of GIS and existing spatial data,Gravel;Soil (Clean),61C60016,05/27/2026,05/27/2031,"3870-4198 County Route 20
Warsaw, NY 14569
(42.71336, -78.22373)"
Fake's Auto Enterprise Inc,1131 Barker Road,,Dolgeville,NY,13329,Herkimer,6,3154298069,Edward Fake,Private,Motor vehicle repair shop - registration,[22V40007],Yes,517949,4770678,,End of Life Vehicles VDFs,22V40007,01/08/2025,01/07/2030,"1131 Barker Road
Dolgeville, NY 13329
(43.08471, -74.78185)"
Skyway Auto Parts/Recycling,637 Tifft Street,,Buffalo,NY,14220,Erie,9,7168242050,Metalico; Inc.,Private,VDF - registration,[15V50003],Yes,186516,4750765,1 - No accuracy stated,End of Life Vehicles VDFs,15V50003,09/20/2023,09/20/2028,"637 Tifft Street
Buffalo, NY 14220
(42.84667, -78.8362)"
Edward Arnold Scrap Processors Inc,2216 Angling Road,,Corfu,NY,14036,Genesee,8,5857629080,Edward Arnold Jr,Private,WTHRF - seller - registration,[19W20008],Yes,227805,4763946,,Waste Tires,19W20008,11/18/2019,11/18/2024,"2216 Angling Road
Corfu, NY 14036
(42.97954, -78.3377)"
Peconic Auto Wreckers Inc,196A Montauk Highway,P.O. Box 39,Speonk,NY,11972,Suffolk,1,6313250022,Glenn Clarke,Private,VDF - registration,[52V50278],Yes,694161,4521469,4.3 - Utilization of Digital Orthophoto Quads,End of Life Vehicles VDFs,52V50278,12/17/2025,12/16/2030,"196A Montauk Highway
Speonk, NY 11972
(40.81885, -72.69946)"
Brady McDermott Inc,22721 Fralick Rd,,Watertown,NY,13601,Jefferson,6,3154080652,Brady McDermott,Private,Land application - Third Party CAFO Applier - registration,[23A60043],Yes,1,1,,Manure,23A60043,01/25/2024,01/24/2029,"22721 Fralick Rd
Watertown, NY 13601
(43.90743, -75.91629)"
Bens Tire Center Inc.,540 East Delavan Avenue,,Buffalo,NY,14211,Erie,9,7168910281,Craig E. Santos Jr.,Private,VDF - registration,[15V50078],Yes,186828,4759307,1 - No accuracy stated,End of Life Vehicles VDFs,15V50078,03/01/2021,03/01/2026,"540 East Delavan Avenue
Buffalo, NY 14211
(42.92202, -78.83683)"
DOLOMITE PRODUCT COMPANY INC HENRIETTA HMA,60 RIDGELAND ROAD,,ROCHESTER,NY,14623,Monroe,8,5854245910,DOLOMITE PRODUCTS COMPANY INC,Private,CDDHRF - concrete; rock; brick; asphalt pavement or millings - registration,[28C90033],Yes,288703,4774303,4 - GIS Assisted,Asphalt Millings;Asphalt Pavement,28C90033,07/17/2024,07/16/2029,"60 RIDGELAND ROAD
ROCHESTER, NY 14623
(43.09026, -77.59993)"
International Transportation & Equipment Exports; LTD,1A Bahama Street,,Lindenhurst,NY,11757,Suffolk,1,6318841999,Michael Bulzomi,Private,Scrap metal processor - registration,[52V30317],Yes,639316,4506372,1 - No accuracy stated,Scrap Metal - Non-ferrous ;Scrap Metal - Aluminum ;Scrap Metal - Ferrous,52-0317,08/12/2020,08/11/2025,"1A Bahama Street
Lindenhurst, NY 11757
(40.6954, -73.35122)"
Action Trucking Company,3010 Burns Ave,,Wantagh,NY,11793,Nassau,1,5167813000,Ralph Pantony,Private,Transfer station - permit,[30T11],Yes,625119,4503392,,Water (Waste);Sludge (Industrial),1-2820-01378/00003,06/05/2018,12/11/2022,"3010 Burns Ave
Wantagh, NY 11793
(40.67257, -73.5197)"
Union (T) TS & RHRF,627 Scarborough Drive,,Endwell,NY,13760,Broome,7,6077862952,Town of Union,Municipal,RHRF - registration,[04R30036],Yes,414967,4661670,4.1 - Address Matching,Paperboard/Boxboard;Other Aluminum Scrap Metal;Other Ferrous Scrap Metal;Other Non-Ferrous Scrap Metal,04R30036,11/18/2025,11/17/2030,"627 Scarborough Drive
Endwell, NY 13760
(42.10251, -76.0287)"
Jenkinsville Sand and Gravel,201 Jenkinsville Road,,Queensbury,NY,12804,Warren,5,5187924102,Danna Ellsworth,,CDDHRF - uncontaminated soil sand gravel rock - registration,[57C60024],Yes,611425,4804759,,Rock;Soil (Clean),57C60024,09/21/2023,09/20/2028,"201 Jenkinsville Road
Queensbury, NY 12804
(43.38828, -73.62248)"
Red Tail Ridge Winery,846 State Route 14,,Penn Yan,NY,14527,Yates,8,3155364580,Mike Schnelle,,Land application - UFPW - registration,[62A30005],Yes,338458,4731924,1 - No accuracy stated,Unrecognizable Food Processing Waste,62A30005,01/06/2025,01/05/2030,"846 State Route 14
Penn Yan, NY 14527
(42.72268, -76.97805)"
Ephratah Transfer Station,5225 State Highway 29,,Ephratah,NY,12095,Fulton,5,5187365501,Fulton County,County,Transfer facility - less than 50 tpd - registration,[18T10004],Yes,536837,4765508,,MSW (Residential/Institutional & Commercial);Single Stream;Metals (Ferrous & Non-Ferrous);Electronics;Waste Oil (Other),18T10004,07/02/2023,07/01/2028,
Henderson Transfer Station,12105 Town Barn Road,,Henderson,NY,13650,Jefferson,6,3159387434,Town of Henderson,Municipal,Transfer facility - source separated recyclables - registration,[23T30027],Yes,405056,4855056,4.1 - Address Matching,,23T10027,08/19/2024,11/21/2029,"12105 Town Barn Road
Henderson, NY 13650
(43.84251, -76.18087)"
Golden Age Cheese Co. Inc.,1577 Mill St.,,Woodhull,NY,14898,Steuben,8,6074585365,Lawrence Hickey,Private,Land application - UFPW - registration,[51A30021],Yes,300710,4661067,4.2.1 - Utilization of GIS and Facility Mapping System,Unrecognizable Food Processing Waste,51A30021,05/20/2025,05/19/2030,"1577 Mill St.
Woodhull, NY 14898
(42.07672, -77.40889)"
Montauk Transfer Station,365 Montauk Highway,,Montauk,NY,11954,Suffolk,1,6316685813,Town of East Hampton,Municipal,Transfer facility - less than 50 tpd - registration,[52T10274],Yes,754258,4547024,4.3 - Utilization of Digital Orthophoto Quads,MSW (Residential/Institutional & Commercial);Yard Waste;White Goods;Container Glass;Newspaper;Other - Batteries;Used Oil;Commingled Paper;Commingled Plastics;Waste Tires;Tin & Aluminum Containers;Corrugated Cardboard,52-0274,04/16/2024,04/15/2029,"365 Montauk Highway
Montauk, NY 11954
(41.03048, -71.97455)"
Barker Steel,126 Port Road South,,Albany,NY,12202,Albany,4,5183556034,Carver Laraway,Private,CDDHRF - uncontaminated soil sand gravel rock - registration,[01C69001],Yes,601415,4718674,3 - Global Positioning System (GPS),Construction & Demolition Debris;Soil (Clean);Sand;Gravel;Rock,01C69001,01/08/2026,01/07/2031,"126 Port Road South
Albany, NY 12202
(42.61428, -73.76331)"
Warren W. Fane; Inc. - Perry Pit,449 State Route 40,,Schaghticoke,NY,12154,Rensselaer,4,5182355531,Warren W. Fane; Inc.,,CDDHRF - concrete; rock; brick; asphalt pavement or millings - registration,[42C94201],Yes,611550,4740849,3 - Global Positioning System (GPS),CARB (concrete; asphalt; rock; brick),42C94201,11/12/2024,11/11/2029,"449 State Route 40
Schaghticoke, NY 12154
(42.81281, -73.6348)"
NYCDOS EAST 91ST ST. MTS,E 91ST STREET  (91ST ST. & EAST RIVER),,New York,NY,10128,New York,2,2128378030,,,Transfer station - permit,[31TP0002],Yes,589048,4514780,,,2-6204-00007/00013,11/06/2015,11/05/2025,"E 91ST STREET  (91ST ST. & EAST RIVER)
New York, NY 10128
(40.78347, -73.95512)"
Rochester Recycling LLC,851 West Avenue,Building 17,Rochester,NY,14611,Monroe,8,5852548157,Mark Schartau,Private,RHRF - greater than 5 tpd - registration,[28R20005],Yes,283500,4780600,4.2 - Utilization of GIS and existing spatial data,Plastics;Office Paper;Metals (Ferrous);Metals (Non-Ferrous);Wood (Unadulterated Pallets);Paper / Cardboard,28R20005,01/18/2024,01/17/2029,"851 West Avenue
Rochester, NY 14611
(43.14942, -77.66307)"
Royal Waste Services; Inc. - Bronx,891 East 135th street,,Bronx,NY,10454,Bronx,2,7189930097,Royal Waste Service; Inc.,Private,RHRF - registration,[03R30012],Yes,591969,4517243,4.2 - Utilization of GIS and existing spatial data,Plastic;Glass;Commingled Paper;Paper / Cardboard;Metals (Ferrous);Metals (Non-Ferrous),03R30012,10/29/2024,10/28/2029,"891 East 135th street
Bronx, NY 10454
(40.80077, -73.90977)"
Richmond (T) Transfer Station,8690 Main Street,,Honeoye,NY,14471,Ontario,8,5852295757,Town of Richmond,Municipal,Transfer facility - less than 50 tpd - registration,[35T10007],Yes,294413,4740626,4.1 - Address Matching,MSW (Residential/Institutional & Commercial);Single Stream;Yard Trimmings,35T10007,11/03/2020,11/02/2025,"8690 Main Street
Honeoye, NY 14471
(42.79055, -77.51338)"
Paper Fibres Corp,960 Bronx River Avenue,,Bronx,NY,10473,Bronx,2,7189913842,D Benedetto Inc,Private,RHRF - registration,[03R30057],Yes,594219,4519609,4.2 - Utilization of GIS and existing spatial data,Paper;Office Paper;Newspaper,03R30057,10/10/2023,10/09/2028,"960 Bronx River Avenue
Bronx, NY 10473
(40.82221, -73.88253)"
Kurrass Materials Inc (East Patchogue Contracting Corp),90 Barthold Ave.,,East Patchogue,NY,11772,Suffolk,1,6312860080,Norman K. Kurrass,Private,C&D processing - registration,[52W45R],Yes,672189,4514814,4.3 - Utilization of Digital Orthophoto Quads,Asphalt;Brick;Concrete;Soil (Clean);Rock,52W45R,07/26/1996,,"90 Barthold Ave.
East Patchogue, NY 11772
(40.76661, -72.96137)"
Service Scrap Metal Inc,3425 Hampton Road,,Oceanside,NY,11572,Nassau,1,5162855400,Service Scrap Metal Inc,Private,Scrap metal processor - registration,[52V30173],Yes,613872,4498167,1 - No accuracy stated,,,,,"3425 Hampton Road
Oceanside, NY 11572
(40.62653, -73.65406)"
Middletown Carting LLC (Auto Wreckers),83-85 Industrial Place Ext,,Middletown,NY,10940,Orange,3,8453438011,John Carbone,Private,CDDHRF - permit,[36W17],Yes,549451,4590317,,,3-3309-00131/00001,12/11/2018,12/10/2023,"83-85 Industrial Place Ext
Middletown, NY 10940
(41.46061, -74.40922)"
Barney & Dickenson Inc,520 Prentice Road,,Vestal,NY,13850,Broome,7,6077291536,Barney & Dickenson Inc,Private,CDDHRF - concrete; rock; brick; asphalt pavement or millings - registration,[04C90005],Yes,417483,4662270,1 - No accuracy stated,Asphalt Pavement;Concrete;Asphalt Millings,04C90005,11/25/2024,11/24/2029,"520 Prentice Road
Vestal, NY 13850
(42.10894, -75.99647)"
Sims Metal - Port Albany,140 Port Road South,,Albany,NY,12202,Albany,4,5186213259,Sims Metal East LLC,Private,CDDHRF - uncontaminated soil sand gravel rock - registration,[01C69002],Yes,601272,4719461,3 - Global Positioning System (GPS),Soil (Clean);Sand,01C69002,02/16/2024,02/15/2029,"140 Port Road South
Albany, NY 12202
(42.61255, -73.76543)"
Con-strux LLC ( Lindenhurst),690 Muncy Street,,Lindenhurst,NY,11757,Suffolk,1,5163333133,Con-Strux LLC,Private,C&D processing - registration,[52W138R],Yes,639145,4506556,4.3 - Utilization of Digital Orthophoto Quads,Brick;Rock;Concrete;Asphalt;Soil (Clean),52W138R,09/02/2008,,"690 Muncy Street
Lindenhurst, NY 11757
(40.69765, -73.35289)"
Hyde Park Golf Course,4343 Porter Rd,,Niagara Falls,NY,14305,Niagara,9,7162864840,City of Niagara Falls,Municipal,Composting - yard trimmings - registration,[32P10034],Yes,172947,4779950,4.2 - Utilization of GIS and existing spatial data,Leaves,32P10034,10/20/2021,10/20/2026,"4343 Porter Rd
Niagara Falls, NY 14305
(43.10621, -79.01425)"
Teets & Sons Scrap Metal Recycling - Groton,954 Salt Rd,,Groton,NY,13073,Tompkins,7,,Richard Teeter Jr.,Private,VDF - registration,[55V50011],Yes,391244,4719364,,End of Life Vehicles VDFs;Scrap Metal - Aluminum ;Scrap Metal - Ferrous ;Scrap Metal - Non-ferrous ;Lead Weights,55V50011,05/07/2025,05/06/2030,"954 Salt Rd
Groton, NY 13073
(42.61915, -76.32511)"
Grease Masters Recycling Corp,100 Voice Road,,Carle Place,NY,11514,Nassau,1,5167472344,Sal Mangia,Private,Used cooking oil & yellow grease processing - permit,[30UP0133],Yes,616366,4511520,4.3 - Utilization of Digital Orthophoto Quads,Grease Trap Waste;Used Cooking Oil,1-2822-01261/00001,10/06/2020,10/05/2025,"100 Voice Road
Carle Place, NY 11514
(40.74642, -73.6218)"
Alpha Jamesville Facility,Ogle Road,,Jamesville,NY,13078,Onondaga,7,3154335115,Syracuse Sand and Gravel LLC,Private,CDDHRF - concrete; rock; brick; asphalt pavement or millings - registration,[34C90002],Yes,411846,4761391,1.1 - Obtained from original submission and unverified process,Concrete;Rock;Brick;Asphalt Pavement,34C90002,03/02/2026,07/11/2029,
PJ's Auto Parts Inc,2708 West Main Street,,Caledonia,NY,14423,Livingston,8,5855382391,William Jones,Private,VDF - registration,[26V50006],Yes,264613,4762430,,End of Life Vehicles VDFs,26V50006,10/04/2023,10/04/2028,"2708 West Main Street
Caledonia, NY 14423
(42.97808, -77.88477)"
Nationwide Used Auto Parts,8 Laura Lane,,Central Valley,NY,10917,Orange,3,8459287272,Mostafa Azatullah,Private,VDF - registration,[36V50002],Yes,573854,4575898,,End of Life Vehicles VDFs;Used Oil;Lead-acid Batteries;Engine Coolant/Antifreeze,36V50002,09/19/2018,09/19/2023,"8 Laura Lane
Central Valley, NY 10917
(41.33099, -74.1173)"
Ripley Transfer Station,1 Ross Street,,Ripley,NY,14775,Chautauqua,9,7164138004,Town of Ripley,Municipal,Transfer facility - less than 50 tpd - registration,[07T10054],Yes,111384,4690690,1 - No accuracy stated,MSW (Residential/Institutional & Commercial);Bulk Metal (from MSW);Newspaper,07T10054,05/08/2025,05/08/2030,"1 Ross Street
Ripley, NY 14775
(42.26761, -79.70895)"
Ava Landfill,7044 NYS Route 294,,Boonville,NY,13309,Oneida,6,3153584068,Oneida Herkimer SWMA,Municipal,Landfill - MSW - permit,[33LS0008],Yes,466441,4811194,1.1 - Obtained from original submission and unverified process,Construction & Demolition Debris;MSW (Residential/Institutional & Commercial);Industrial;Sewage Treatment Plant Sludge;Asbestos (Friable & Non-Friable),6-3024-00009/00001,03/19/2019,03/18/2024,"7044 NYS Route 294
Boonville, NY 13309
(43.46206, -75.4206)"
Southport Drop-off Center,93 Institution Road,,Pine City,NY,14871,Chemung,8,6077372301,Chemung County,County,Transfer facility - less than 50 tpd - registration,[08T10014],Yes,350075,4657176,4.1 - Address Matching,MSW (Residential/Institutional & Commercial);Single Stream,08T10014,02/05/2025,02/04/2030,
M & B Auto Salvage LLC,112 DeKalb Road,,Granville,NY,12832,Washington,5,5186423063,Donna Barrett,Private,Scrap metal processor - registration,[58V30008],Yes,636498,4814319,,Scrap Metal - Non-ferrous,58V30008,01/16/2024,01/15/2029,"112 DeKalb Road
Granville, NY 12832
(43.46974, -73.31329)"
Fortune Metal,239 India Street,,Brooklyn,NY,11222,Kings,2,7183893000,The Fortune Group,Private,Scrap metal processor - registration,[24V30202],Yes,588653,4509644,4.2 - Utilization of GIS and existing spatial data,,,,,"239 India Street
Brooklyn, NY 11222
(40.73274, -73.95017)"
Edison Paving Corporation Onderdonk Ridge Mine,313 US Route 20,,East Greenbush,NY,12144,Rensselaer,4,5186742854,Edison Paving Corporation,Private,CDDHRF - uncontaminated soil sand gravel rock - registration,[42C62412],Yes,604838,4718670,1.1 - Obtained from original submission and unverified process,Soil (Clean);Gravel;Rock;Sand,42C62412,03/10/2021,03/10/2026,"313 US Route 20
East Greenbush, NY 12144
(42.61235, -73.72768)"
Village Motors Auto Sales; LLC,44 Old Mohawk St,,Whitesboro,NY,13492,Oneida,6,,Matthew Shannon,,Scrap metal processor - registration,[33V30034],Yes,476650,4774746,1 - No accuracy stated,Scrap Metal - Ferrous ;Scrap Metal - Non-ferrous ;End of Life Vehicles VDFs,33V30034,05/01/2023,04/30/2028,"44 Old Mohawk St
Whitesboro, NY 13492
(43.12465, -75.2874)"
Dansville (V) Biosolids Composting,2 Commerce Drive,,Dansville,NY,14437,Livingston,8,5853355520,Village of Dansville,Municipal,Composting - biosolids/other - permit,[26PP0007],Yes,276959,4716135,,,8-2438-00003/00006,03/23/2022,03/23/2027,
Lang Industries Inc,67 Arena Court,,Narrowsburg,NY,12764,Sullivan,3,8452523000,Edward Lang,Private,Transfer station - permit,[53T09],Yes,497830,4604705,,Septage;Sewage Treatment Plant Sludge,3-4848-00033/00002-0,02/16/2005,12/31/2010,"67 Arena Court
Narrowsburg, NY 12764
(41.59288, -75.02623)"
Owego (T) Land Application,1319 Main Street,,Apalachin,NY,13732,Tioga,7,6076252197,Town of Owego,Municipal,Land application - biosolids/septage/other - permit,[54AP0008],Yes,405164,4657162,4.3 - Utilization of Digital Orthophoto Quads,Biosolids,7-4930-00025/00009,03/24/2025,03/23/2035,"1319 Main Street
Apalachin, NY 13732
(42.06182, -76.14503)"
Western TS,4583 Route 5S,,Sprakers,NY,12166,Montgomery,4,5186734884,,,Transfer facility - permit,[29TP3601],Yes,543566,4749115,1 - No accuracy stated,Construction & Demolition Debris;MSW (Residential/Institutional & Commercial);Sewage Treatment Plant Sludge;Emergency Authorization Waste (Storm Debris);Asbestos (Non-Friable);Single Stream;Tree Debris;Electronics;Metals (Ferrous & Non-Ferrous),4-2736-00014/00002,01/30/2026,01/29/2031,"4583 Route 5S
Sprakers, NY 12166
(42.89524, -74.47071)"
Green Leaf Recycling - GLR Beaver Dams,2830 Pearl Street,,Beaver Dams,NY,14812,Schuyler,8,6077385004,Y'all Rite LLC,Private,RHRF - 5 tpd or less - registration,[49R10001],Yes,341614,4685009,4.3 - Utilization of Digital Orthophoto Quads,Single Stream;Plastic;Paperboard/Boxboard;Commingled Containers;Commingled Paper;Container Glass,49R10001,09/23/2022,09/23/2027,"2830 Pearl Street
Beaver Dams, NY 14812
(42.30174, -76.92143)"
SIMS Metal Municipal Recycling LLC - Sunset Park,472 2nd Ave,,Brooklyn,NY,11232,Kings,2,3474298097,Sims Metal Mangement,Private,RHRF - registration,[24MGO],Yes,583996,4501680,,Source Separated Recyclables (Metal/Glass/Paper/Plastic);PET,24MG0,10/08/2008,,"472 2nd Ave
Brooklyn, NY 11232
(40.65962, -74.00599)"
Teplitz Metal Recycling Middletown,75 Church Street,108 West Nyack Road; Nanuet; NY; 10954,Middletown,NY,10940,Orange,3,8453446014,TMP of Middletown; Inc.,Private,VDF - registration,[36V50014],Yes,549251,4589988,,End of Life Vehicles VDFs,36V50014,11/13/2019,11/12/2023,"75 Church Street
Middletown, NY 10940
(41.45956, -74.41056)"
Mohawk Valley Manufacturing; Inc.,7166 E. Dominick Street,,Rome,NY,13340,Oneida,6,3157485886,Mohawk Valley Manufacturing; Inc.,Private,CDDHRF - uncontaminated unadulterated wood - registration,[33C50036],Yes,465960,4783538,1 - No accuracy stated,Tree Debris,33C50036,02/02/2026,02/01/2031,"7166 E. Dominick Street
Rome, NY 13340
(43.20498, -75.41234)"
Barrett Paving Materials; Inc.,4530 Wetzel Road,,Liverpool,NY,13039,Onondaga,7,3156524585,Barrett Paving Materials Inc.,Private,CDDHRF - asphalt pavement and millings - registration,[34C20080],Yes,402571,4778158,1 - No accuracy stated,Asphalt Pavement;Asphalt Millings,34C20080,03/05/2021,03/04/2026,"4530 Wetzel Road
Liverpool, NY 13039
(43.15016, -76.20093)"
Parishville Transfer Station,67 Rutman Road,,Parishville (T),NY,13672,St. Lawrence,6,3152651514,Town of Parishville,Municipal,Transfer facility - source separated recyclables - registration,[45T30026],Yes,515228,4942914,4.1 - Address Matching,Metals (Ferrous & Non-Ferrous);Single Stream,45T30026,11/20/2024,11/19/2029,"67 Rutman Road
Parishville (T), NY 13672
(44.63786, -74.80861)"
Niagara Organics,5500 Lockport Road,,Lockport,NY,14094,Erie,9,,Graham Bros Enterprises LLC,,Composting - SSO - registration,[32P20035],Yes,195961,4782310,,Source Separated Organic Waste (SSOW),32P20035,08/12/2025,08/12/2030,"5500 Lockport Road
Lockport, NY 14094
(43.13313, -78.73829)"
Clarkson Transfer Station,3078 Redman Road,,Clarkson,NY,14430,Monroe,8,5856371132,Town of Clarkson,Municipal,Transfer facility - less than 50 tpd - registration,[28T10008],Yes,259343,4793956,4.2.1 - Utilization of GIS and Facility Mapping System,MSW (Residential/Institutional & Commercial);Commingled Paper & Containers;Waste Tires;Tree Debris;Yard Trimmings;Metals (Ferrous & Non-Ferrous),28T10008,07/03/2025,07/03/2030,"3078 Redman Road
Clarkson, NY 14430
(43.26021, -77.96653)"
Green Ridge RDF,424 Peters Road,,Gansevoort,NY,12831,Saratoga,5,5186362141,Finch Waste Co LLC,Private,Landfill - MSW - permit,[46LS0025],Yes,613263,4784286,,,5-4146-00018/00010,04/19/2022,03/21/2031,"424 Peters Road
Gansevoort, NY 12831
(43.19109, -73.58806)"
Raimondo Brothers; Inc.,5866 Minoa Road,,Kirkville,NY,13082,Onondaga,7,3156373872,Raimondo Brothers; Inc.,Private,Composting - SSO - registration,[34P20052],Yes,418610,4767569,4.1 - Address Matching,Unrecognizable Food Processing Waste,34P20052,05/12/2023,05/15/2028,"5866 Minoa Road
Kirkville, NY 13082
(43.05518, -76.00015)"
Ace Overseas Corp,1028 Long Island Ave,,Deer Park,NY,11729,Suffolk,1,6316673331,Joseph Caputo,Private,VDF - registration,[52V50364],Yes,642438,4514086,4.3 - Utilization of Digital Orthophoto Quads,End of Life Vehicles VDFs,,,,"1028 Long Island Ave
Deer Park, NY 11729
(40.76569, -73.31249)"
John Danna & Sons Inc,318 Bryant Avenue,,Bronx,NY,10474,Bronx,2,7185421774,Richard Danna,Private,C&D processing - permit,[03W18],Yes,594175,4517996,4.2 - Utilization of GIS and existing spatial data,Construction & Demolition Debris;Metals (Ferrous);Metals (Non-Ferrous);Paper / Cardboard;Plastics;Rock,2-6007-00002/00002,08/08/2024,08/07/2034,"318 Bryant Avenue
Bronx, NY 10474
(40.80743, -73.88362)"
JJ Alishauskas; Inc.,802 County Road 320,,Norwich,NY,13815,Chenango,7,6073366647,Dave Bohndorf,Private,Land application - UFPW - registration,[09A30011],Yes,461200,4714450,4.3 - Utilization of Digital Orthophoto Quads,Unrecognizable Food Processing Waste,09A30011,04/12/2023,05/04/2028,"802 County Road 320
Norwich, NY 13815
(42.57194, -75.54716)"
Reeves/Norco LCD Landfill,Reeves Lane,,Plattsburgh,NY,12901,Clinton,5,5185367519,City of Plattsburgh,Municipal,Landfill - land clearing debris,[10D14],Yes,620022,4948645,1 - No accuracy stated,Land Clearing Debris,10D14,04/02/2002,,
EcoPark & Rochester Transfer Station,10-14 Avion Drive,,Rochester,NY,14624,Monroe,8,5854943000,Waste Management of NY; Inc,Private,RHRF - permit,[28RP0035],Yes,280500,4775600,,,8-2622-00050/00001,03/26/2025,03/25/2035,"10-14 Avion Drive
Rochester, NY 14624
(43.10153, -77.69618)"
North Ti Sand & Gravel,198 Vineyard Rd,,Ticonderoga,NY,12883,Essex,5,5185857579,Chris Huestis,Private,CDDHRF - concrete; rock; brick; asphalt pavement or millings - registration,[16C90022],Yes,624714,4861815,4 - GIS Assisted,Asphalt;Asphalt Millings;Rock,16C90022,06/18/2024,06/17/2029,"198 Vineyard Rd
Ticonderoga, NY 12883
(43.89936, -73.4493)"
Sylvamo Ticonderoga Mill Landfill,568 Shore Airport Road,,Ticonderoga,NY,12883,Essex,5,5185855300,International Paper Company,Private,Landfill - industrial waste monofill - permit,[16LM0023],Yes,627916,4860163,,Sludge (Paper mill),5-1548-00008/00005,03/01/2018,02/29/2028,"568 Shore Airport Road
Ticonderoga, NY 12883
(43.88929, -73.40562)"
Ellerslie Stables,40 Ellerslie Road,,Rhinebeck,NY,12572,Dutchess,3,9148062501,Goomer Hollow LLC,Private,Composting - SSO - registration,[14P20002],Yes,587484,4639613,4 - GIS Assisted,Food Scraps;Animal Bedding,14P20002,10/02/2023,10/01/2025,"40 Ellerslie Road
Rhinebeck, NY 12572
(41.90223, -73.94387)"
CMM Landscape Supply Corp.,1021 Flanders Road,,Flanders,NY,11901,Suffolk,1,6314881954,CMM Landscape Supply Corp.,Private,CDDHRF - concrete; rock; brick; asphalt pavement or millings - registration,[52C90330],Yes,700219,4531072,4.3 - Utilization of Digital Orthophoto Quads,Concrete;Brick;Rock;Asphalt Pavement,52-0330,09/11/2024,09/10/2029,"1021 Flanders Road
Flanders, NY 11901
(40.90641, -72.6222)"
Maspeth Recycling Inc,58-08 48 Street,,Maspeth,NY,11106,Queens,2,7186281290,Domenick Cipollone,Private,C&D processing - registration,[41W39],Yes,590909,4508595,2.1 - NYSDEC 100 m grid collection,Concrete;Asphalt;Soil (Clean);Sand,41W39,,,"58-08 48 Street
Maspeth, NY 11106
(40.72056, -73.92224)"
Chatham Convenience,Rt. 295,,Chatham,NY,12037,Columbia,4,5183922222,Columbia County,County,Transfer station - registration,[11R38],Yes,617870,4693263,,MSW (Residential/Institutional & Commercial);Construction & Demolition Debris;Single Stream,11R38,,,
West Seneca Transfer Station,1700 Union Road,,West Seneca,NY,14224,Erie,9,7166744325,Casella Waste Management of N.Y.; Inc.,Private,RHRF - greater than 5 tpd - registration,[15R20018],Yes,193021,4750616,4.2 - Utilization of GIS and existing spatial data,Plastic;Container Glass;Commingled Containers;Paperboard/Boxboard;Newspaper;Commingled Paper;Commingled Recyclables;Source Separated Recyclables (Metal/Glass/Paper/Plastic),15R20018,07/16/2021,07/16/2026,"1700 Union Road
West Seneca, NY 14224
(42.84628, -78.75563)"
Adams Transfer Station - Lorraine,6224 County Rt 97,,Town of Lorraine,NY,13605,Jefferson,6,3152323057,Town of Adams,Municipal,Transfer facility - less than 50 tpd - registration,[23T10034],Yes,419329,4847764,1 - No accuracy stated,MSW (Residential/Institutional & Commercial);Waste Tires;Construction & Demolition Debris,23T10034,02/24/2026,11/17/2030,"6224 County Rt 97
Town of Lorraine, NY 13605
(43.77868, -76.00247)"
Finne Bros Refuse Systems Inc,225 Railroad Avenue,,Bedford Hills,NY,10507,Westchester,3,9142023563,Aida Iongo,Private,C&D processing - permit,[60T25],Yes,609320,4566195,,Construction & Demolition Debris,3-5520-00071/00007,08/29/2003,08/29/2008,"225 Railroad Avenue
Bedford Hills, NY 10507
(41.24001, -73.69567)"
Moss VanWie Farm,5381 State route 36,,Canisteo,NY,14823,Steuben,8,6073825660,Cliff Moss,Private,Storage - manure & food processing waste - registration,[51A20041],Yes,286484,4682048,4.3 - Utilization of Digital Orthophoto Quads,Food Scraps,51A20041,03/22/2023,03/22/2028,"5381 State route 36
Canisteo, NY 14823
(42.26118, -77.58809)"
Riccelli - Northern; LLC - Junius Plant,743 Route 318,,Junius,NY,13069,Seneca,8,3154338581,Riccelli - Northern; LLC,Private,CDDHRF - asphalt pavement and millings - registration,[50C20009],Yes,343732,4757602,,Asphalt Millings;Asphalt Pavement,50C20009,02/26/2020,02/26/2025,"743 Route 318
Junius, NY 13069
(42.95437, -76.91578)"
Expressway Recycling Inc.,3455 Route 9,,Cold Spring,NY,10516,Putnam,3,8458095633,Cristobal Lema and Manuel Lema,Private,Scrap metal processor - registration,[40V30001],Yes,590720,4592518,,Scrap Metal - Aluminum ;Scrap Metal - Ferrous ;Scrap Metal - Non-ferrous,40V30001,10/04/2024,10/03/2027,"3455 Route 9
Cold Spring, NY 10516
(41.4792, -73.91319)"
Organic Renewal LLC,Organic Recycling; Inc.,PO Box 544; 895 Pulaski Highway,Goshen,NY,10924,Orange,3,8456514177,Environmental Farms; LLC,,Composting - yard waste - permit,[36PP0001],Yes,550015,4576852,,Yard Trimmings,3-3330-00082/00005,08/24/2021,08/23/2026,
Triad Recycling and Energy Corp,3755 River Road,,Tonawanda,NY,14150,Erie,9,7168751209,Casella Waste Management of N.Y.; Inc.,Private,Nonspecific facility - permit,[15XP0083],Yes,179491,4765840,4.2 - Utilization of GIS and existing spatial data,Construction & Demolition Debris;Source Separated Recyclables (Metal/Glass/Paper/Plastic);Electronics;Single Stream;Wood (Unadulterated),9-1464-00285/00003,06/08/2022,06/07/2032,"3755 River Road
Tonawanda, NY 14150
(42.97676, -78.93267)"
North Castle (T) DPW Leaf TS,21 Bedford Road,,Armonk,NY,10504,Westchester,3,9142733561,Town of North Castle,Municipal,Transfer facility - less than 50 tpd - registration,[60T10005],Yes,607988,4553260,,Yard Trimmings,60T10005,01/02/2024,01/01/2029,"21 Bedford Road
Armonk, NY 10504
(41.12375, -73.71354)"
Dunkirk Fly Ash Landfill,5141 Van Buren Road,,Pomfret,NY,14048,Chautauqua,9,7166736347,Dunkirk Power LLC,Private,Landfill - industrial waste monofill - permit,[07N21],Yes,138726,4708547,4.2 - Utilization of GIS and existing spatial data,Ash (Coal-Bottom);Ash (Coal-Fly),9-0658-00021/00008,11/03/2016,05/22/2021,"5141 Van Buren Road
Pomfret, NY 14048
(42.44623, -79.3965)"
Sims Metal Management LLC,30-27 Greenpoint Avenue,,Long Island City,NY,11101,Queens,2,7187866031,Sims Metal Management East,Private,Scrap metal processor - registration,[41V30106],Yes,589598,4509798,1 - No accuracy stated,Decommissioned ELVs SMPs;Scrap Metal - Ferrous ;Scrap Metal - Non-ferrous,41V3106,03/17/2023,03/16/2028,"30-27 Greenpoint Avenue
Long Island City, NY 11101
(40.73389, -73.93942)"
Burton's Junkyard/ Burton Truck & Auto Parts,645 County Route 35,,Fulton,NY,13069,Oswego,7,3154475634,Valentine Burton,Private,VDF - registration,[38V50003],Yes,396420,4807167,1 - No accuracy stated,End of Life Vehicles VDFs,38V50003,08/12/2025,08/11/2030,"645 County Route 35
Fulton, NY 13069
(43.40999, -76.27846)"
Richview Farm,167 Bunker Hill Road,,Cossayuna,NY,12813,Washington,5,5183618129,New England Waste Services of ME. Inc; DBA Casella Organics,,Land application - UFPW - registration,[58A30027],Yes,629176,4782846,,Sludge (Papermill),58A30027,08/15/2025,08/14/2030,"167 Bunker Hill Road
Cossayuna, NY 12813
(43.18694, -73.41342)"
SM Gallivan Aggregates LLC,191 Watervliet Shaker Road,,Watervliet,NY,12189,Albany,4,,SM Gallivan Aggregates LLC,Private,Composting - yard trimmings - registration,[01P11801],Yes,605000,4730785,1 - No accuracy stated,Yard Trimmings,01P11801,06/24/2022,06/23/2027,"191 Watervliet Shaker Road
Watervliet, NY 12189
(42.72087, -73.71612)"
Ronald R Coniber Repairs LLC,7431 Randall Rd,,Leroy,NY,14482,Genesee,8,5857684526,Ronald Coniber,,Storage - recognizable food processing waste - registration,[19A10024],Yes,0,0,1 - No accuracy stated,Food Scraps,19A10024,06/20/2023,06/20/2028,"7431 Randall Rd
Leroy, NY 14482
(43.00589, -77.99215)"
USDHS - PIADC Bldg 101 Animal Waste Crematory,Building 101,Plum Island,Greenport,NY,11944,Suffolk,1,6313233007,,,RMW - permit,[52JP0389],Yes,734321,4562447,4.2 - Utilization of GIS and existing spatial data,Infectious Substances;Animal Waste,1-4738-00028/00033,10/25/2022,10/24/2032,
LyDel Asphalt Corp,19B Stiriz Rd,,Brookhaven,NY,11719,Suffolk,1,6312863222,Robert M. Garone 2020 Family Trust,Private,CDDHRF - concrete; rock; brick; asphalt pavement or millings - registration,[52C90418],Yes,674446,4515620,4.3 - Utilization of Digital Orthophoto Quads,Asphalt Pavement;Brick;Concrete,52-0418,03/10/2026,03/17/2029,"19B Stiriz Rd
Brookhaven, NY 11719
(40.77385, -72.93373)"
North Harmony Transfer Station,3539 Route 394,,Ashville,NY,14710,Chautauqua,9,7167893445,Town of North Harmony,Municipal,Transfer facility - less than 50 tpd - registration,[07T10048],Yes,135420,4676594,4.2 - Utilization of GIS and existing spatial data,MSW (Residential/Institutional & Commercial);Newspaper;Corrugated Cardboard;Commingled Paper;Container Glass;Commingled Plastics;Tin & Aluminum Containers;Bulk Metal (from MSW),07T10048,04/11/2025,04/11/2030,"3539 Route 394
Ashville, NY 14710
(42.15687, -79.41235)"
Wayne's Used Cars,2500 State Highway 310,,Madrid,NY,13660,St. Lawrence,6,3153224950,Wayne Taillon,Private,Mobile vehicle crusher - registration,[45V60023],Yes,491096,4955954,4.1 - Address Matching,End of Life Vehicles VDFs,45V60023,11/19/2024,11/18/2029,"2500 State Highway 310
Madrid, NY 13660
(44.75717, -75.11323)"
Raquette Lake Recyclables Collection Site & TS,Antlers Road,,Raquette Lake,NY,13436,Hamilton,5,5186243088,Town of Long Lake,Municipal,RHRF - 5 tpd or less - registration,[21R10006],Yes,527671,4852191,4 - GIS Assisted,Container Glass;Mixed Commercial;Plastic,21R10006,07/28/2022,07/28/2027,
High Acres Food Waste Composting Facility,425 Perinton Parkway,,Fairport,NY,14450,Monroe,8,5854216210,Waste Management of New York LLC,Private,Composting - SSO - registration,[28P20006],Yes,306459,4772823,1 - No accuracy stated,Source Separated Organic Waste (SSOW);Unrecognizable Food Processing Waste;Food Scraps,28P20006,01/23/2024,01/22/2029,"425 Perinton Parkway
Fairport, NY 14450
(43.08761, -77.38046)"
County Line MRF,1313 Recycle Lane,,Cayuta,NY,14824,Schuyler,8,6073510578,Bob Mente,Private,MSW processing - permit,[49YP0016],Yes,360140,4683925,4.3 - Utilization of Digital Orthophoto Quads,Other - Non-putrescible MSW;Construction & Demolition Debris;Tree Debris;Wood (Unadulterated);Source Separated Recyclables (Metal/Glass/Paper/Plastic);Commingled Recyclables;MSW (Residential/Institutional & Commercial),8-4422-00051/00001,06/15/2022,06/14/2027,"1313 Recycle Lane
Cayuta, NY 14824
(42.29631, -76.69451)"
John Garner,2195 West Fulton Rd,,Warnerville,NY,12187,Schoharie,4,5184770223,New England Waste Services of ME. Inc; DBA Casella Organics,,Land application - UFPW - registration,[48A34001],Yes,542295,4721474,1 - No accuracy stated,Sludge (Papermill),48A34001,10/31/2025,08/10/2030,"2195 West Fulton Rd
Warnerville, NY 12187
(42.64519, -74.48376)"
IWS Goshen Transfer Station (Northern),95 Hartley Road,,Goshen,NY,10924,Orange,3,8452941555,IWS Transfer Systems of NY; Inc,Private,Transfer facility - permit,[36W01],Yes,552194,4583822,,Construction & Demolition Debris;MSW (Residential/Institutional & Commercial);Commingled Paper & Containers,3-3330-00094/00001,09/26/2019,09/25/2024,"95 Hartley Road
Goshen, NY 10924
(41.40521, -74.37582)"
Great Gardens LLC,445 Horseblock Road,,Yaphank,NY,11980,Suffolk,1,6312897312,Great Gardens LLC,Private,CDDHRF - permit,[52CP0323],Yes,675530,4518822,4 - GIS Assisted,Soil (Clean),1-4722-03647/00001,07/18/2022,07/17/2027,"445 Horseblock Road
Yaphank, NY 11980
(40.79993, -72.91887)"
Sarik Auto Center Inc,1309 39th Street,,Brooklyn,NY,11219,Kings,2,7184373294,Evgeny Pinsky,Private,Motor vehicle repair shop - registration,[24V40216],Yes,585916,4499501,1 - No accuracy stated,Used Oil;Refrigerant,24V40216,03/26/2026,03/25/2031,"1309 39th Street
Brooklyn, NY 11219
(40.63824, -73.98837)"
Portville Transfer Station,99 Critchlow Drive,,Weston Mills,NY,14788,Cattaraugus,9,7163726298,Cattaraugus County DPW,County,Transfer facility - less than 50 tpd - registration,[05T10014],Yes,219870,4662246,,MSW (Residential/Institutional & Commercial);Tin & Aluminum Containers;Textiles;Commingled Paper;Electronics;Commingled Plastics;Corrugated Cardboard;Container Glass;Yard Trimmings;Waste Tires;Metals (Ferrous & Non-Ferrous),05T10014,02/27/2024,02/27/2029,
Northstar Auto and Salvage; LLC,28722 NYS Route 37,,Evans Mills,NY,13637,Jefferson,6,3156294824,Madeline Shoen,Private,Motor vehicle repair shop - registration,[23V40009],Yes,429904,4881498,1 - No accuracy stated,Mix Coolant/Engine Oil/Washing Fluid/Water;Used Tire;Engine Coolant/Antifreeze,23V40009,04/04/2024,04/03/2029,"28722 NYS Route 37
Evans Mills, NY 13637
(44.08404, -75.87557)"
Kneers LLC,332B Moonlawn Road,,Troy,NY,12180,Rensselaer,4,5182383400,MaryLee and Everett Kneer,Private,VDF - registration,[42V52201],Yes,615295,4733883,,End of Life Vehicles VDFs,42V52201,01/13/2026,01/12/2031,"332B Moonlawn Road
Troy, NY 12180
(42.75104, -73.59201)"
Karl Edmundson,3084 State Route 28,,Shokan,NY,12481,Ulster,3,8457501515,Karl Edmundson,Private,Composting - yard trimmings - registration,[56P10003],Yes,565875,4647388,4 - GIS Assisted,Yard Trimmings,56P10003,12/28/2020,12/27/2022,"3084 State Route 28
Shokan, NY 12481
(41.97416, -74.20177)"
R & R Salvage Inc.,1329 William Street,,Buffalo,NY,14206,Erie,9,7168563608,Robert Redino,Private,Scrap metal processor - registration,[15V30065],Yes,187883,4755100,1 - No accuracy stated,Scrap Metal - Aluminum ;Scrap Metal - Ferrous ;Scrap Metal - Non-ferrous ;Stainless Steel,15V30065,10/15/2024,10/15/2029,"1329 William Street
Buffalo, NY 14206
(42.88483, -78.82081)"
Clean Earth Septic Service,Huddle Hill Road,,Van Etten,NY,14889,Chemung,8,6075647931,Levi J. Carling,Private,Land application - septage - registration,[08A40003],Yes,367642,4680050,1 - No accuracy stated,Septage,08A40003,06/21/2024,06/21/2029,
Washington TS (T),711 Route 343,,Millbrook,NY,12545,Dutchess,3,8456773419,Town of Washington,Municipal,Transfer facility - less than 50 tpd - registration,[14T10002],Yes,613224,4625486,,MSW (Residential/Institutional & Commercial);Commingled Paper & Containers;Metals (Ferrous & Non-Ferrous),14R10002,08/29/2024,08/28/2029,"711 Route 343
Millbrook, NY 12545
(41.77151, -73.641)"
Commercial Recycling Technology LLC,57-01 Flushing Avenue,,Maspeth,NY,11378,Queens,2,7183666513,Stephen Spallino,Private,RHRF - registration,[41R20105],Yes,591956,4507921,4.2 - Utilization of GIS and existing spatial data,Source Separated Recyclables (Metal/Glass/Paper/Plastic);Paper / Cardboard,41R20105,09/14/2023,09/13/2028,"57-01 Flushing Avenue
Maspeth, NY 11378
(40.71715, -73.91096)"
Christine's Sales & Service,6510 Walmore Road,,Wheatfield,NY,14304,Niagara,9,7165506932,Christine Kislack,Private,VDF - registration,[32V50025],Yes,180488,4780517,1 - No accuracy stated,End of Life Vehicles VDFs,32V50025,06/20/2025,06/20/2030,"6510 Walmore Road
Wheatfield, NY 14304
(43.11256, -78.92692)"
Ontario County Sanitary Landfill,1879 Route 5&20,,Stanley,NY,14561,Ontario,8,5855264420,Ontario County,County,Landfill - MSW - permit,[35LS0038],Yes,330097,4746921,4.3 - Utilization of Digital Orthophoto Quads,MSW (Residential/Institutional & Commercial);Construction & Demolition Debris;Industrial;Sewage Treatment Plant Sludge;Asbestos (Friable & Non-Friable),8-3244-00004/00001,07/22/2014,01/20/2025,"1879 Route 5&20
Stanley, NY 14561
(42.86074, -77.08127)"
Almstead Nursery,905 NYS Rt. 66,,Claverack,NY,12534,Columbia,4,9145760193,Richard Almstead,Private,Composting - SSO - registration,[11P22801],Yes,605420,4680865,,Food Scraps,11P22801,06/01/2022,05/31/2027,"905 NYS Rt. 66
Claverack, NY 12534
(42.27486, -73.71925)"
Saratoga County Recycling Center at Saratoga Springs,41 Weibel Avenue,,Saratoga Springs,NY,12866,Saratoga,5,5185843948,City of Saratoga Springs,Municipal,Transfer facility - source separated recyclables - registration,[46T30005],Yes,602240,4771564,,Metals (Ferrous & Non-Ferrous);Single Stream;Other - Batteries;Propane Tanks,46T30005,08/02/2023,08/01/2028,"41 Weibel Avenue
Saratoga Springs, NY 12866
(43.08954, -73.74345)"
Smithtown Municipal Services Facility,85 Old Northport Rd,,Kings Park,NY,11754,Suffolk,1,6312696600,Town of Smithtown,Municipal,RHRF - permit,[52RP0256],Yes,646582,4527422,4.3 - Utilization of Digital Orthophoto Quads,Metals (Aluminum);Metals (Ferrous);Metals (Non-Ferrous);Plastics;Source Separated Recyclables (Metal/Glass/Paper/Plastic);White Goods;Waste Oil (Automotive);Newspaper;Commingled Paper;Electronics;Paper / Cardboard,1-4734-01810/00002,09/23/2025,09/22/2035,"85 Old Northport Rd
Kings Park, NY 11754
(40.87325, -73.27338)"
B.G.L.J. Servicing Corp. (Moriches),640B Moriches-Middle Island Road,,Moriches,NY,11955,Suffolk,1,,B.G.L.J. Servicing Corp,Private,CDDHRF - uncontaminated soil sand gravel rock - registration,[52C60435],Yes,684254,4520272,4.1 - Address Matching,Soil (Clean);Gravel;Sand,435,10/20/2025,10/19/2030,"640B Moriches-Middle Island Road
Moriches, NY 11955
(40.81192, -72.81589)"
Antwerp (T) Transfer Station,36351 Route 11,,Antwerp,NY,13608,Jefferson,6,3156598779,Town of Antwerp,Municipal,Transfer facility - less than 50 tpd - registration,[23T10023],Yes,449962,4893632,4.1 - Address Matching,MSW (Residential/Institutional & Commercial),23T10023,11/21/2024,11/20/2029,"36351 Route 11
Antwerp, NY 13608
(44.19424, -75.62574)"
Wayland TS,2078 Dieter Road,,Wayland,NY,14572,Steuben,8,6076642460,Steuben County,County,Transfer facility - less than 50 tpd - registration,[51T10005],Yes,285068,4714524,,Commingled Paper & Containers;Waste Tires;Construction & Demolition Debris;MSW (Residential/Institutional & Commercial);Corrugated Cardboard;Newspaper;White Goods;Metals (Ferrous & Non-Ferrous),51T10005,07/27/2023,07/27/2028,"2078 Dieter Road
Wayland, NY 14572
(42.55351, -77.61843)"
Bushey's Auto Repair,4430 Rte 11,,Mooers Forks,NY,12959,Clinton,5,5185947388,Eugene E Bushey,Private,VDF - registration,[10V50001],Yes,599092,4974693,1.1 - Obtained from original submission and unverified process,End of Life Vehicles VDFs,10V50001,07/25/2024,07/24/2029,"4430 Rte 11
Mooers Forks, NY 12959
(44.91785, -73.7441)"
Aaron Miller,181 Lynk Street,,Sprakers,NY,12166,Montgomery,4,7176619969,New England Waste Services of ME; Inc. DBA Casella Organics,Private,Land application - UFPW - registration,[29A33602],Yes,545018,4743990,1 - No accuracy stated,Sludge (Papermill),29A33602,05/30/2025,05/29/2030,"181 Lynk Street
Sprakers, NY 12166
(42.84735, -74.45034)"
Swarthout Recycling LLC,1514 County Road 19,,Beaver Dams,NY,14812,Schuyler,8,6079360013,Brian Swarthout,Private,VDF - registration,[49V50006],Yes,338770,4685717,,End of Life Vehicles VDFs,49V50006,05/23/2025,05/23/2030,"1514 County Road 19
Beaver Dams, NY 14812
(42.30714, -76.957)"
E & R General Construction Inc.,175 Lake Avenue,,Blasdell,NY,14219,Erie,9,7166755277,E & R General Construction Inc.,,CDDHRF - concrete; rock; brick; asphalt pavement or millings - registration,[15C90113],Yes,186566,4745512,4.2 - Utilization of GIS and existing spatial data,Concrete;Asphalt Millings,15C90113,03/11/2024,03/11/2029,"175 Lake Avenue
Blasdell, NY 14219
(42.79771, -78.83403)"
Manitoba Corporation,122-130 Central Avenue,,Lancaster,NY,14086,Erie,9,7166857000,White Pine Leasing LLC,Private,Scrap metal processor - registration,[15V30084],Yes,200265,4756856,,Scrap Metal - Aluminum ;Scrap Metal - Ferrous ;Scrap Metal - Non-ferrous ;Stainless Steel,15V30084,12/18/2025,12/18/2030,"122-130 Central Avenue
Lancaster, NY 14086
(42.90561, -78.67217)"
Weitsman Shredding,1 Recycle Drive,,Owego,NY,13827-0420,Tioga,7,6076877777,Weitsman Shredding; LLC,,Scrap metal processor - registration,[54V30016],Yes,394897,4666245,4.1 - Address Matching,Scrap Metal - Non-ferrous ;Scrap Metal - Aluminum ;Scrap Metal - Ferrous,54V30016,05/24/2023,06/27/2028,"1 Recycle Drive
Owego, NY 13827-0420
(42.1417, -76.27153)"
Steven M Mezynieski,110 North Magee Street,,Southampton,NY,11968,Suffolk,1,6312040001,Steven M. Mezynieski,Private,Transfer facility - permit,[52TP0311],Yes,717305,4531121,4.3 - Utilization of Digital Orthophoto Quads,,1-4736-08813/00001,05/25/2021,05/24/2026,"110 North Magee Street
Southampton, NY 11968
(40.90171, -72.41996)"
New Paltz TS (T),3 Clearwater Road,,New Paltz,NY,12556,Ulster,3,8452558456,Town of New Paltz,Municipal,Transfer facility - less than 50 tpd - registration,[56T10004],Yes,578301,4626820,4.2 - Utilization of GIS and existing spatial data,MSW (Residential/Institutional & Commercial);Commingled Paper & Containers;Tree Debris;Food Scraps;Magazines;Newspaper;Office Paper;Junk Mail;Glass;Metals (Ferrous & Non-Ferrous);Commingled Plastics;Non-recyclable Scrap Plastic;Electronics;Wood (Unadulterated Pallets);Yard Trimmings;Waste Tires;Waste Oil (Other),56T10004,12/22/2022,12/21/2025,"3 Clearwater Road
New Paltz, NY 12556
(41.79112, -74.0666)"
A&J Tires Repair,2246 Forest Ave,,Staten Island,NY,10303,Richmond,2,7187206920,A&J Tires Repair,Private,Waste tire storage - Dealer,[43K41],Yes,570644,4497623,,Tire;Waste Tires,43K41,04/24/1996,,"2246 Forest Ave
Staten Island, NY 10303
(40.62684, -74.16488)"
Colchester (T) TS,13946 State Highway 30,,Downsville,NY,13755,Delaware,4,6073637169,Town of Colchester,Municipal,Transfer facility - less than 50 tpd - registration,[13T12401],Yes,499385,4657734,1 - No accuracy stated,MSW (Residential/Institutional & Commercial);Construction & Demolition Debris,13T12401,09/15/2023,09/13/2028,"13946 State Highway 30
Downsville, NY 13755
(42.07191, -75.00755)"
Brooklyn Resource Recovery Inc,5811 Preston Court,,Brooklyn,NY,11236,Kings,2,7185316606,Brooklyn Resource Recovery; Inc.,Private,VDF - registration,[24V50213],Yes,591206,4499421,4.2 - Utilization of GIS and existing spatial data,End of Life Vehicles VDFs,24V30213,07/28/2022,07/27/2027,"5811 Preston Court
Brooklyn, NY 11236
(40.6391, -73.92277)"
Essex-Willsboro Transfer Station,2476 Route 22,,Essex,NY,12936,Essex,5,5189634287,Town of Essex,Municipal,RHRF - 5 tpd or less - registration,[16R10011],Yes,629430,4907123,4 - GIS Assisted,Container Glass;Mixed Commercial;Plastic,16R10011,07/28/2022,07/28/2027,"2476 Route 22
Essex, NY 12936
(44.30717, -73.37666)"
Scarsdale TS (V),110 Secor Road,,Scarsdale,NY,10583,Westchester,3,9147221150,Village of Scarsdale,Municipal,Transfer facility - source separated recyclables - registration,[60T10015],Yes,603779,4538650,,Commingled Paper & Containers;Yard Trimmings;Bulk Metal;Electronics,60T10015,11/27/2024,11/26/2029,"110 Secor Road
Scarsdale, NY 10583
(40.99252, -73.76603)"
Westchester County Household Material Recovery Facility,Grasslands Campus,15 Woods Road,Valhalla,NY,10595,Westchester,3,,Westchester County,County,Composting - SSO - registration,[60P20002],Yes,600697,4548055,4 - GIS Assisted,Source Separated Organic Waste (SSOW);Wood/Brush;Leaves,3-5534-00329/00001,04/10/2024,04/09/2029,
Lewis County (Lowville) Transfer Station,7952 State Route 26,,Lowville,NY,13367,Lewis,6,3153765101,Lewis County Solid Waste,County,Transfer facility - permit,[25TP0012],Yes,459192,4851049,,,6-2336-00025/00005,08/26/2022,08/25/2027,"7952 State Route 26
Lowville, NY 13367
(43.81168, -75.5079)"
Good Earth Organics Corp,5960 Broadway,,Lancaster,NY,14086,Erie,9,7166848111,Bernhard Burkhardt,Private,Composting - SSO - registration,[15P20045],Yes,202740,4755351,4 - GIS Assisted,Source Separated Organic Waste (SSOW),15P20045,04/01/2024,03/31/2029,"5960 Broadway
Lancaster, NY 14086
(42.89534, -78.63085)"
Fat City Auto Wreckers Inc,100 W 11th Street,,Huntington Station,NY,11746,Suffolk,1,6316732966,George Valentino,Private,VDF - registration,[52V50332],Yes,634279,4522848,1 - No accuracy stated,End of Life Vehicles VDFs,52V50332,01/11/2021,01/11/2026,"100 W 11th Street
Huntington Station, NY 11746
(40.84254, -73.42358)"
Brookhaven Waste Management Facility,350 Horseblock Road,,Yaphank,NY,11719,Suffolk,1,6312868551,Town of Brookhaven,Municipal,CDDHRF - permit,[52CP0226],Yes,674600,4518600,4.2 - Utilization of GIS and existing spatial data,Construction & Demolition Debris,1-4722-05666/00001,10/16/2019,10/15/2024,"350 Horseblock Road
Yaphank, NY 11719
(40.80001, -72.92581)"
Oneonta Transfer Station,75 Silas Lane,,Oneonta,NY,13820,Otsego,4,6074329540,Otsego County,Municipal,Transfer facility - permit,[39TP1246],Yes,491200,4698100,1 - No accuracy stated,,39RP1246,08/07/2019,07/18/2029,"75 Silas Lane
Oneonta, NY 13820
(42.43621, -75.10515)"
Signature Sealcoating & Striping Service; Inc.,115 E. Livingston Avenue,,Jamestown,NY,14701,Chautauqua,9,7166657031,George Patti,Private,CDDHRF - uncontaminated soil sand gravel rock - registration,[07C60061],Yes,146436,4670364,4 - GIS Assisted,Soil (Clean),07C60061,12/20/2021,12/19/2026,"115 E. Livingston Avenue
Jamestown, NY 14701
(42.10587, -79.2755)"
Ebenezer Yard Materials; LLC,1655 Union Road,,West Seneca,NY,14224,Erie,9,7167967318,Ebenezer Yard Materials; LLC,Private,CDDHRF - concrete; rock; brick; asphalt pavement or millings - registration,[15C90114],Yes,193295,4750434,4.2 - Utilization of GIS and existing spatial data,Asphalt Pavement;Concrete,15C90114,03/19/2024,03/19/2029,"1655 Union Road
West Seneca, NY 14224
(42.84677, -78.75441)"
Honeywell/Camillus Bed #15 C&D,6051 Belle Isle Road,,Syracuse,NY,13209,Onondaga,7,3154884846,Honeywell International; Inc.,Private,Landfill - C&DD - permit,[34LC0029],Yes,398379,4768459,4.3 - Utilization of Digital Orthophoto Quads,Construction & Demolition Debris,,,,"6051 Belle Isle Road
Syracuse, NY 13209
(43.06362, -76.24896)"
Greig Land Clearing Landfill,Brantingham Road,,Brantingham,NY,13312,Lewis,6,3153485554,Town of Greig,Municipal,Landfill - land clearing debris,[25D02],Yes,476457,4837337,4.1 - Address Matching,,25D02,04/21/2000,,
A & J Towing & Auto Body Inc,21 Saw Mill River Road,,Yonkers,NY,10701,Westchester,3,9144233409,William Mulvaney,Private,Vehicle Dismantling Facility,[60J01],Yes,593961,4532709,,,,,,"21 Saw Mill River Road
Yonkers, NY 10701
(40.94007, -73.88365)"
Village of Weedsport Recycling Center,2621 Earl Street,,Weedsport,NY,13166,Cayuga,7,3158346634,Village of Weedsport,Municipal,RHRF - 5 tpd or less - registration,[06R10028],Yes,372275,4767745,4.1 - Address Matching,Source Separated Recyclables (Metal/Glass/Paper/Plastic);Paper / Cardboard;Commingled Containers;White Goods;Metals (Ferrous);Metals (Non-Ferrous);Plastics;Commingled Paper,06R10028,05/17/2023,05/16/2028,"2621 Earl Street
Weedsport, NY 13166
(43.05155, -76.56837)"
Pushlar Farm,2731 Fenner Road,,Cazenovia,NY,13035,Madison,7,3153910400,Adam Pushlar,Private,Storage - manure & food processing waste - registration,[27A20027],Yes,433518,4754544,4 - GIS Assisted,Manure;Unrecognizable Food Processing Waste,27A20027,04/09/2024,04/09/2029,"2731 Fenner Road
Cazenovia, NY 13035
(42.94032, -75.81463)"
Domaine Leseurre; LLC,13920 State Route 54,,Hammondsport,NY,14840,Steuben,8,6072923920,Sebastien Leseurre,Private,Land application - UFPW - registration,[51A30008],Yes,324271,4705691,4.2 - Utilization of GIS and existing spatial data,Unrecognizable Food Processing Waste,51A30008,01/26/2026,01/25/2031,"13920 State Route 54
Hammondsport, NY 14840
(42.48493, -77.1388)"
Long Beach Recycling Transfer Station,Riverside Blvd and Park Place,,Long Beach,NY,11561,Nassau,1,5164311000,City of Long Beach,Municipal,Transfer facility - less than 50 tpd - registration,[30T10112],Yes,613476,4494485,1 - No accuracy stated,,,,,"Riverside Blvd and Park Place
Long Beach, NY 11561
(40.59353, -73.65974)"
EWG Glass Recovery & Recycle Corp.,108-20 180th Street,,Jamaica,NY,11433,Queens,2,7187397270,EWG Glass Recovery & Recycle Corp.,Private,RHRF - registration,[41R30137],Yes,603383,4506322,4.2 - Utilization of GIS and existing spatial data,Glass;Plastics;Metals (Non-Ferrous),41R30137,07/23/2024,07/22/2029,"108-20 180th Street
Jamaica, NY 11433
(40.70163, -73.77579)"
Teplitz Metal Processing Nanuet,108 West Nyack Road,,Nanuet,NY,10954,Rockland,3,8456272606,Teplitz Metal Processing,State,VDF - registration,[44V50001],Yes,583860,4550144,,End of Life Vehicles VDFs;Lead-acid Batteries;Power Steering Fluid;Refrigerant;Gasoline;Used Oil;Waste Tire;Mix Coolant/Engine Oil/Washing Fluid/Water;Brake Fluid;Catalytic Converters;Mercury Switches;Transmission Fluid,44V50001,10/09/2019,10/09/2022,"108 West Nyack Road
Nanuet, NY 10954
(41.0978, -74.00142)"
Donjon Recycling,2453 Arthur Kill Road,,Staten Island,NY,10309,Richmond,2,7189844100,DonJon Marine Co.; Inc.,Private,Scrap metal processor - registration,[43V30064],Yes,566326,4489682,,,,,,"2453 Arthur Kill Road
Staten Island, NY 10309
(40.55452, -74.21772)"
Hudson Waste Container Inc,30 Browns Crossing Rd,,Catskill,NY,12414,Greene,4,5189433503,Michael Ferro,Private,VDF - registration,[20V52601],Yes,583929,4676800,,,,,,"30 Browns Crossing Rd
Catskill, NY 12414
(42.23709, -73.86304)"
Wilkinson Salvage,1557 County Road 33,,South New Berlin,NY,13843,Chenango,7,6077648285,Clifford E. Wilkinson,Private,VDF - registration,[09V50021],Yes,466921,4700791,4.1 - Address Matching,End of Life Vehicles VDFs,09V50021,05/17/2023,05/16/2028,"1557 County Road 33
South New Berlin, NY 13843
(42.4596, -75.40223)"
Baroni Recycling Inc,1913 Route 44,,Pleasant Valley,NY,12569,Dutchess,3,8457234151,Mike Baroni,Private,VDF - registration,[14V50007],Yes,600014,4623041,,End of Life Vehicles VDFs,14V50007,03/05/2019,03/04/2024,"1913 Route 44
Pleasant Valley, NY 12569
(41.75317, -73.79674)"
BBC Aggregate Recycling (Coeymans),2169 River Road,,Coeymans,NY,12143,Albany,4,,W.M. BIERS,Private,CDDHRF - uncontaminated soil sand gravel rock - registration,[01C62405],Yes,559067,4703727,3 - Global Positioning System (GPS),Soil (Clean),01C62405,02/11/2022,02/10/2027,"2169 River Road
Coeymans, NY 12143
(42.47953, -73.79317)"
Niagara Metals LLC - Niagara Falls,4861 Packard Road,,Niagara Falls,NY,14304,Niagara,9,7162826200,Niagara Metals,Private,Scrap metal processor - registration,[32V30017],Yes,174049,4779401,1 - No accuracy stated,Scrap Metal - Ferrous ;Scrap Metal - Non-ferrous,32V30017,09/03/2024,09/03/2029,"4861 Packard Road
Niagara Falls, NY 14304
(43.09713, -79.0037)"
Rock Terrace LLC,210&230 Route 22,,Brewster,NY,10509,Putnam,3,9142323275,Lawton Adams,,Composting - yard trimmings - registration,[40P10001],Yes,619296,4586114,,Yard Trimmings;Animal Bedding,40P10001,02/18/2025,02/17/2028,
Philadelphia Transfer Station,32893 State Route 11,,Philadelphia,NY,13673,Jefferson,6,3156420119,Town of Philadelphia,Municipal,Transfer facility - less than 50 tpd - registration,[23T10028],Yes,442736,4888142,4.1 - Address Matching,MSW (Residential/Institutional & Commercial);Waste Tires,23T10028,11/21/2024,11/20/2029,"32893 State Route 11
Philadelphia, NY 13673
(44.14405, -75.7163)"
Patriot Recycling Inc.,3631 Hampton Road,,Oceanside,NY,11572,Nassau,1,5167666696,Framitz Inc/Patriot Recycling LLC,Private,CDDHRF - permit,[30CP0140],Yes,613908,4497674,1 - No accuracy stated,Construction & Demolition Debris;Paper / Cardboard;Commingled Containers;Commingled Paper;Tree Debris;Metals (Ferrous);Metals (Non-Ferrous),1-2820-01539/00009,09/12/2024,04/14/2026,"3631 Hampton Road
Oceanside, NY 11572
(40.62191, -73.65376)"
Oneida-Herkimer Western Transfer Station,575 Perimeter Road,,Rome (C),NY,13440,Oneida,6,3153390288,Oneida Herkimer SWMA,Municipal,Transfer facility - permit,[33TP0001],Yes,467931,4783860,4.3 - Utilization of Digital Orthophoto Quads,Construction & Demolition Debris;Bypass Waste (Unprocessible/Processible) ;MSW (Residential/Institutional & Commercial);Commingled Paper & Containers;Single Stream;Waste Tires;Metals (Ferrous & Non-Ferrous);White Goods,6-3013-00029/00014,03/01/2024,02/28/2034,"575 Perimeter Road
Rome (C), NY 13440
(43.20709, -75.39433)"
Finger Lakes Stone Co.; Inc- Finger Lakes Quarry,33 Quarry Road,,Dryden,NY,13053,Tompkins,7,6072774992,Finger Lakes Stone Co. Inc,Private,CDDHRF - concrete; rock; brick; asphalt pavement or millings - registration,[55C90016],Yes,382671,4698200,1 - No accuracy stated,Concrete;Rock;Brick;Asphalt Pavement;Asphalt Millings,55C90016,07/29/2025,07/28/2030,"33 Quarry Road
Dryden, NY 13053
(42.42777, -76.42789)"
Bolivar Recycling Center and Transfer Station,135 Reed Street,,Richburg,NY,14774,Allegany,9,5852685415,Allegany County Department of Public Works,County,Transfer facility - less than 50 tpd - registration,[02T10014],Yes,238393,4663832,4.2 - Utilization of GIS and existing spatial data,MSW (Residential/Institutional & Commercial);Commingled Paper;Container Glass;Corrugated Cardboard;Other - Batteries;Textiles;Tin & Aluminum Containers;Commingled Plastics;Metals (Ferrous & Non-Ferrous),02T10014,10/07/2024,10/07/2029,"135 Reed Street
Richburg, NY 14774
(42.08288, -78.16263)"
Green Pines Septic,682 Starkville Road,,Fort Plain,NY,13339,Montgomery,4,5189935407,Patricia Przestrzelski,,Storage - septage - registration,[29A53002],Yes,520225,4748655,,Septage,29T23002,02/14/2024,02/13/2029,"682 Starkville Road
Fort Plain, NY 13339
(42.88983, -74.7536)"
Patriot Site Development Inc.,6725 Cox Lane,,Cutchogue,NY,11935,Suffolk,1,6316555623,William Krabel,Private,CDDHRF - uncontaminated soil sand gravel rock - registration,[52C60434],Yes,0,0,,Soil (Clean);Sand;Rock,52C90434,04/16/2025,04/15/2030,"6725 Cox Lane
Cutchogue, NY 11935
(41.03254, -72.49806)"
Earth Tech Recycling Inc.,495 Wood Street,,Oceanside,NY,11552,Nassau,1,5166954045,Earth Tech Recycling Inc.,Private,CDDHRF - uncontaminated soil sand gravel rock - registration,[30C60155],Yes,613504,4499290,4.3 - Utilization of Digital Orthophoto Quads,Soil (Clean);Sand;Rock;Gravel,30-0155,04/15/2022,04/14/2027,"495 Wood Street
Oceanside, NY 11552
(40.63646, -73.65796)"
County Waste Transfer Corp. - Troy TS,799 Burden Ave,,Troy,NY,12180,Rensselaer,4,5182668990,County Waste Transfer Corp,Private,Transfer facility - permit,[42TP1703],Yes,606743,4728753,,,4-3817-00111/00004,09/04/2024,09/03/2034,"799 Burden Ave
Troy, NY 12180
(42.70508, -73.6971)"
Casella Recycling Albany,71 Fuller Road,,Albany,NY,12205,Albany,4,8027722254,Casella Recycling LLC,Private,Transfer facility - source separated recyclables - registration,[01T30101],Yes,596223,4728084,,Commingled Paper;Commingled Plastics;Container Glass;Corrugated Cardboard;HDPE;Newspaper;Office Paper;PET;Single Stream;Tin & Aluminum Containers;Paperboard/Boxboard,01R30101,12/29/2023,12/28/2028,"71 Fuller Road
Albany, NY 12205
(42.69886, -73.82534)"
University at Buffalo (SUNY) South Campus,220 Winspear Avenue,278 Biomedical Research Building,Buffalo,NY,14215,Erie,9,7168293301,University at Buffalo (SUNY),State,RMW - treatment at site of generation BSL3-FSAP - registration,[15J70082],Yes,188517,4762266,4.2 - Utilization of GIS and existing spatial data,Cultures & Stocks;Animal Waste,15J70082,01/08/2026,01/08/2031,"220 Winspear Avenue
Buffalo, NY 14215
(42.94904, -78.81809)"
Rockland County SWMA Co-Composting Facility,400 Torne Valley Road,,Hillburn,NY,10931,Rockland,3,8457532314,Rockland County Solid Waste Management Authority,,Composting - biosolids/other - permit,[44PP0002],Yes,570157,4553968,,Biosolids;Yard Trimmings,3-3926-00274/00001,01/20/2017,01/19/2027,"400 Torne Valley Road
Hillburn, NY 10931
(41.14754, -74.15334)"
Omni Recycling of Babylon Inc,114 Alder Street,,West Babylon,NY,11704,Suffolk,1,6316941694,Omni Recycling of Babylon Inc,Private,Transfer facility - permit,[52TP0381],Yes,635534,4510107,4.3 - Utilization of Digital Orthophoto Quads,Waste Tires;MSW (Residential/Institutional & Commercial);Construction & Demolition Debris;Commingled Paper & Containers;Tree Debris;Yard Trimmings;Newspaper;Commingled Plastics;Electronics,1-4720-00643/00007,06/17/2024,06/17/2029,"114 Alder Street
West Babylon, NY 11704
(40.7308, -73.39634)"
Town of Deerfield,6892 State Route 8,,Deerfield,NY,13502,Oneida,6,3158267014,Town of Deerfield,Municipal,Transfer facility - less than 50 tpd - registration,[33T10018],Yes,488104,4779385,4.3 - Utilization of Digital Orthophoto Quads,MSW (Residential/Institutional & Commercial);Construction & Demolition Debris;Tree Debris,33T10018,01/08/2025,01/07/2030,"6892 State Route 8
Deerfield, NY 13502
(43.19573, -75.12249)"
B&B Recycling,3898 Tinney Road,,Penn Yan,NY,14527,Yates,8,3155366855,Richard Ingram,Private,VDF - registration,[62V50001],Yes,322589,4726459,,Waste Tire;Used Oil,62V50001,05/19/2023,05/19/2028,"3898 Tinney Road
Penn Yan, NY 14527
(42.66929, -77.16457)"
D&D Meats Composting Facility,8945 Rte 22,,West Chazy,NY,12992,Clinton,5,5184932300,J. Adrien Dutil,,Composting - roadkill/mortalities - registration,[10P30005],Yes,616856,4971959,4 - GIS Assisted,Food Scraps;Animal Carcasses,10P3005,07/25/2024,07/25/2029,"8945 Rte 22
West Chazy, NY 12992
(44.89604, -73.54955)"
Lake Clear Transfer Station,59 Dump Road,,Harrietstown,NY,12945,Franklin,5,5188917218,CFSWMA,Municipal,Transfer facility - less than 50 tpd - registration,[17T10011],Yes,561568,4913963,4 - GIS Assisted,MSW (Residential/Institutional & Commercial);Construction & Demolition Debris,17T10011,07/29/2022,07/29/2027,"59 Dump Road
Harrietstown, NY 12945
(44.37752, -74.22606)"
Cardo Site Development Storage Yard,36 & 38 Old Country Road,,Quogue,NY,11959,Suffolk,1,6316534377,36-38 OCR LLC,Private,CDDHRF - concrete; rock; brick; asphalt pavement or millings - registration,[52C90272],Yes,701623,4523309,4.3 - Utilization of Digital Orthophoto Quads,Concrete;Asphalt Pavement;Brick;Rock,52-0272,05/29/2024,05/28/2029,"36 & 38 Old Country Road
Quogue, NY 11959
(40.83706, -72.6077)"
Lima Transfer and Hauling,9639 Evergreen St,,Lima,NY,14485,Livingston,8,7163417096,Shanks Enterprises,Private,RHRF - greater than 5 tpd - registration,[26RP0019],Yes,287353,4753065,1 - No accuracy stated,Single Stream;Paperboard/Boxboard,26RP0019,08/10/2023,08/10/2028,
Raymundo Auto Sales,307 Bartnick Road,,King Ferry,NY,13081,Cayuga,7,3157296419,Santos Raymundo,Private,Motor vehicle repair shop - registration,[06V10024],Yes,370791,4721519,,Decommissioned ELVs SMPs,06V10024,04/26/2022,04/26/2027,"307 Bartnick Road
King Ferry, NY 13081
(42.63508, -76.5756)"
Lee (T) Land Clearing Debris Processing,4771 Lee Center Taberg Road; Hardy Road,,Lee Center,NY,13363,Oneida,6,3153363438,Town of Lee,Municipal,C&D processing - registration,[33W06],Yes,453484,4794706,1 - No accuracy stated,Tree Debris;Wood (Chips),33W06,06/06/2013,,
Fort Ann Transfer Station LLC,10913 Route 149,,Fort Ann,NY,12827,Washington,5,5187983444,Fort Ann transfer LLC,Private,Transfer facility - permit,[58TP0024],Yes,618859,4807253,,Construction & Demolition Debris,5-5328-00133/00001,02/02/2023,02/01/2033,"10913 Route 149
Fort Ann, NY 12827
(43.40397, -73.54009)"
Rockland County SWMA Ramapo (Hillburn) TS,50 Baler Boulevard,,Hillburn,NY,10931,Rockland,3,8457532240,Rockland County SWMA,County,Transfer facility - permit,[44TP0002],Yes,571159,4555520,,MSW (Residential/Institutional & Commercial);Construction & Demolition Debris;Commingled Paper & Containers;White Goods;Waste Tires;Metals (Ferrous & Non-Ferrous),3-3926-00118/00009,03/25/2013,03/25/2020,
Heidelberg Materials Northeast NY LLC - Phelps,392 Route 96,,Town of Phelps,NY,14532,Ontario,8,3155484913,Heidelberg Materials Northeast New York LLC,Private,CDDHRF - concrete; rock; brick; asphalt pavement or millings - registration,[35C90015],Yes,337682,4756973,4.2 - Utilization of GIS and existing spatial data,Concrete,35C90015,10/30/2025,10/30/2030,"392 Route 96
Town of Phelps, NY 14532
(42.94688, -76.98811)"
Dunston Bros Inc,2468 Delaware Tpke,,Voorheesville,NY,12186,Albany,4,5187682205,Dunston Bros Inc.,Private,VDF - registration,[01V53401],Yes,583211,4716066,,End of Life Vehicles VDFs,01V53401,07/03/2024,07/03/2029,"2468 Delaware Tpke
Voorheesville, NY 12186
(42.59243, -73.9861)"
Bronx Transfer LLC (formerly JD Recycling),216 Manida Street,,Bronx,NY,10474,Bronx,2,7185221267,Jack Guttman,Private,C&D processing - permit,[03W73],Yes,593982,4517740,2.1 - NYSDEC 100 m grid collection,Construction & Demolition Debris;Concrete;Metals (Non-Ferrous);Metals (Ferrous);Paper / Cardboard,2-6007-00020/00004,05/02/2017,05/01/2022,"216 Manida Street
Bronx, NY 10474
(40.80524, -73.88597)"
Delaware County SWMF,32230 NYS Route 10,,Walton,NY,13856,Delaware,4,6077462128,Delaware County,County,Landfill - MSW - permit,[13LS5601],Yes,495542,4667569,1.1 - Obtained from original submission and unverified process,MSW (Residential/Institutional & Commercial);Construction & Demolition Debris;Asbestos (Friable);Sewage Treatment Plant Sludge;Tree Debris;Petroleum Contaminated Soil;Commingled Paper & Containers,4-1256-00008/00007,08/16/2021,06/04/2024,"32230 NYS Route 10
Walton, NY 13856
(42.16169, -75.04848)"
Village of Westbury Transfer Station,500 Dover Street,,Westbury,NY,11590,Nassau,1,5169976850,Village of Westbury,Municipal,Transfer facility - less than 50 tpd - registration,[30T10139],Yes,619840,4512889,1 - No accuracy stated,Tree Debris;Other - Mattresses;Leaves & Grass;Other - Non-putrescible MSW,30-0139,04/08/2026,04/07/2031,"500 Dover Street
Westbury, NY 11590
(40.75816, -73.58012)"
Boonville Transfer Site,13680 State Route 12,,Boonville,NY,13309,Oneida,6,3159432055,Village of Boonville,Municipal,Transfer facility - less than 50 tpd - registration,[33T10011],Yes,473640,4816223,,MSW (Residential/Institutional & Commercial);Construction & Demolition Debris;Commingled Paper & Containers;Yard Trimmings;Corrugated Cardboard;Metals (Ferrous & Non-Ferrous);Commingled Plastics;Electronics,33T10011,08/26/2024,08/25/2029,"13680 State Route 12
Boonville, NY 13309
(43.4981, -75.32665)"
Monroe County RRF Transfer Station,1845 Emerson Street,,Rochester,NY,14606,Monroe,8,5855278110,Cascades Canada Inc,Private,Transfer facility - permit,[28TP0039],Yes,282148,4783572,1 - No accuracy stated,Construction & Demolition Debris;MSW (Residential/Institutional & Commercial);Waste Tires;Leaves & Grass;Yard Trimmings;Corrugated Cardboard;Metals (Ferrous & Non-Ferrous);Commingled Plastics;Tree Debris,8-2614-00318/00008-0,06/24/2016,06/23/2026,"1845 Emerson Street
Rochester, NY 14606
(43.17391, -77.68026)"
Batavia Transfer Station,3785 West Main St,,Batavia,NY,14020,Genesee,8,7163417096,Casella Waste Management of NY; Inc,Private,Transfer facility - source separated recyclables - registration,[19T30015],Yes,236716,4766812,,Single Stream;Paperboard/Boxboard,19T30015,04/09/2026,12/16/2027,"3785 West Main St
Batavia, NY 14020
(43.00752, -78.23054)"
ReWorld Oriskany Corporation,120 Dry Road,,Oriskany,NY,13424,Oneida,6,3157366080,Reworld Oriskany Corporation,Private,Used oil - permit,[33QP0017],Yes,458800,4786900,,Waste Oil (Other),6-3070-00077/00001,12/18/2024,11/30/2034,"120 Dry Road
Oriskany, NY 13424
(43.16151, -75.38387)"
Kloiber Auto Recycling; Inc,10353 Darien Road,,Holland,NY,14080,Erie,9,7166554012,David Kloiber,Private,VDF - registration,[15V50038],Yes,204307,4731808,1 - No accuracy stated,End of Life Vehicles VDFs,15V50038,05/31/2024,05/31/2029,"10353 Darien Road
Holland, NY 14080
(42.68259, -78.6089)"
S&I Industries; Inc. dba  Bayshore Recycling,33 McAdam Street,,Bayshore,NY,11706,Suffolk,1,6312341022,S&I Industries; Inc.,Private,VDF - registration,[52V50415],Yes,646534,4513405,1 - No accuracy stated,End of Life Vehicles VDFs,52-0415,11/21/2025,11/20/2030,"33 McAdam Street
Bayshore, NY 11706
(40.75838, -73.2638)"
Louisville TS,14810 State Highway 37,,Massena,NY,13662,St. Lawrence,6,3157695651,Town of Louisville,Municipal,Transfer facility - source separated recyclables - registration,[45T30027],Yes,502626,4974190,4.1 - Address Matching,Paperboard/Boxboard;Other - Mattresses;Metals (Ferrous & Non-Ferrous),45T30027,11/20/2024,11/19/2029,"14810 State Highway 37
Massena, NY 13662
(44.92228, -74.96646)"
Vince's Auto Wrecking & Sales Inc.,8440 Akron Road,,Lockport,NY,14094,Niagara,9,7164346238,Vince Rastelli,Private,VDF - registration,[32V50005],Yes,209367,4779602,1 - No accuracy stated,End of Life Vehicles VDFs,32V50005,10/24/2023,10/24/2028,"8440 Akron Road
Lockport, NY 14094
(43.11371, -78.56911)"
Simmons Septic,75 Mill Street,,Hannibal,NY,13074,Oswego,7,3155910260,William Simmons,Private,Land application - septage - registration,[38A40028],Yes,371313,4798724,4.2 - Utilization of GIS and existing spatial data,Septage,38A40028,05/05/2020,05/04/2025,"75 Mill Street
Hannibal, NY 13074
(43.32775, -76.57948)"
Keegan Bros Inc,3261 Route 9H,,Kinderhook,NY,12106,Columbia,4,5187586565,Mary Cavagnaro,Private,VDF - registration,[11V54401],Yes,606649,4691225,,End of Life Vehicles VDFs,11V54401,01/26/2026,01/25/2031,"3261 Route 9H
Kinderhook, NY 12106
(42.41984, -73.70633)"
Fulton County Landfill,847 Mud Road,,Johnstown,NY,12095,Fulton,5,5187365501,Fulton County,County,Transfer facility - less than 50 tpd - registration,[18T10008],Yes,543143,4761563,1 - No accuracy stated,MSW (Residential/Institutional & Commercial);Metals (Ferrous & Non-Ferrous),5-1728-00005/00003,06/13/2022,02/14/2027,"847 Mud Road
Johnstown, NY 12095
(43.01209, -74.48131)"
Community Enterprises LLC,10 Hellbrook Lane,,Ulster Park,NY,12487,Ulster,3,8453396680,Community Enterprises; LLC,,Composting - yard trimmings - registration,[56P101],Yes,584139,4635038,,Yard Trimmings;Grass Clippings,56P101,05/08/2018,05/08/2022,"10 Hellbrook Lane
Ulster Park, NY 12487
(41.85749, -73.98358)"
56th Street Transfer Station,540 56th Street,,Niagara Falls,NY,14301,Niagara,9,7165701295,56th Street Transfer; LLC,Private,Transfer facility - permit,[32TP0038],Yes,174308,4778421,4.2 - Utilization of GIS and existing spatial data,MSW (Residential/Institutional & Commercial);Waste Tires;Construction & Demolition Debris,9-2911-00438/00001,03/02/2026,03/01/2036,"540 56th Street
Niagara Falls, NY 14301
(43.08839, -78.99995)"
Townline Auto Parts,2877 Townline Road,,Jamestown,NY,14701,Chautauqua,9,7164842353,S. Bruce Macey,Private,VDF - registration,[07V50044],Yes,144887,4672091,1 - No accuracy stated,End of Life Vehicles VDFs,07V50044,01/23/2024,01/23/2029,"2877 Townline Road
Jamestown, NY 14701
(42.12051, -79.2952)"
Lake George Transfer Station,70 Transfer Road,PO Box 392,Lake George,NY,12845,Warren,5,5186682742,Town of Lake George,Municipal,Transfer facility - less than 50 tpd - registration,[57T10003],Yes,603017,4805828,,Construction & Demolition Debris;MSW (Residential/Institutional & Commercial);Metals (Ferrous & Non-Ferrous);Electronics,57T10003,11/01/2023,10/31/2028,"70 Transfer Road
Lake George, NY 12845
(43.39865, -73.72517)"
A & L Scrap Processor,7601 Tilton Road,,Bloomfield,NY,14469,Ontario,8,5852292081,Stanley Sutton,Private,Scrap metal processor - registration,[35V30035],Yes,299724,4745282,4.1 - Address Matching,Scrap Metal - Aluminum ;Scrap Metal - Ferrous ;Scrap Metal - Non-ferrous,35V30035,11/03/2020,11/02/2025,"7601 Tilton Road
Bloomfield, NY 14469
(42.8355, -77.45018)"
Virgil Transfer Station (T),1486 Vandonsel Road,,Virgil,NY,13045,Cortland,7,6078356470,Town of Virgil,Municipal,Transfer facility - less than 50 tpd - registration,[12T10007],Yes,403048,4706240,,MSW (Residential/Institutional & Commercial),12T10007,06/20/2023,06/19/2028,"1486 Vandonsel Road
Virgil, NY 13045
(42.50271, -76.17989)"
Balsam View Dairy Farm,133 Newton Road,,McDonough,NY,13801,Chenango,7,6078633726,Balsam View Dairy Farm,Private,Storage - manure & food processing waste - registration,[09A20024],Yes,437134,4713112,4 - GIS Assisted,Unrecognizable Food Processing Waste,09V40024,09/26/2022,09/26/2027,"133 Newton Road
McDonough, NY 13801
(42.56599, -75.76487)"
Hyland Landfill,6653 Herdman Road,Hyland Facility Associates,Angelica,NY,14709,Allegany,9,5854667271,Hyland Facility Associates,Private,Landfill - MSW - permit,[02S17],Yes,251801,4686020,4.2 - Utilization of GIS and existing spatial data,Asbestos (Friable);Construction & Demolition Debris;Non-petroleum Contaminated Soil;Sludge (Industrial);Biosolids;MSW (Residential/Institutional & Commercial);Petroleum Contaminated Soil,9-0232-00003/00002,12/01/2015,05/01/2025,"6653 Herdman Road
Angelica, NY 14709
(42.29012, -78.00604)"
Indian Lake Ski Hill Land Clearing Debris Landfill,Route 30,,Indian Lake,NY,12842,Hamilton,5,5189244060,Town of Indian Lake,Municipal,Landfill - land clearing debris,[21D06],Yes,558488,4849233,1 - No accuracy stated,,21D06,04/23/2001,,
Lockwood Ash Disposal Site,Swarthout Road,,Dresden,NY,14441,Yates,8,,Lockwood Hills LLC,Private,Landfill - industrial waste monofill - permit,[62LM0021],Yes,339524,4726685,,,8-5736-00005/00003,09/05/2008,09/04/2018,
Reworld Bulk Recovery,1501 College Avenue,,Niagara Falls,NY,14305,Niagara,9,7162782000,Reworld Recovery; LLC,Private,C&D processing - permit,[32W16],Yes,171157,4782155,4.2 - Utilization of GIS and existing spatial data,Waste Tires,9-2911-00404/00001,09/29/2017,09/28/2022,"1501 College Avenue
Niagara Falls, NY 14305
(43.12187, -79.0433)"
Vespa Sand & Stone Rte 126 LCD,Rte 126,,Watertown,NY,13601,Jefferson,6,3157886330,John Vespa Inc.,Private,Landfill - land clearing debris,[23D33],Yes,430457,4867382,1 - No accuracy stated,Tree Debris;Concrete;Asphalt;Soil (Clean),23D33,06/14/2010,,
Alpha Recycling Inc.,1641 East 233rd Street,,Bronx,NY,10461,Bronx,2,7189942300,Alpha Recycling; Inc.,Private,Scrap metal processor - registration,[03V30111],Yes,598980,4526992,4.2 - Utilization of GIS and existing spatial data,Scrap Metal - Ferrous ;Scrap Metal - Non-ferrous ;Lead-acid Batteries,03V30111,02/05/2025,02/04/2030,"1641 East 233rd Street
Bronx, NY 10461
(40.88791, -73.82522)"
Scott Smith's 24 Hour Towing Svc.,103 Railroad Street,,Malone,NY,12953,Franklin,5,5184830776,Scott Smith,Private,Motor vehicle repair shop - registration,[17V40006],Yes,555253,4966834,,End of Life Vehicles VDFs,17V40006,07/29/2024,07/28/2029,"103 Railroad Street
Malone, NY 12953
(44.85229, -74.30023)"
Clayton Transfer Station,36243 County Route 4,,Clayton (T),NY,13624,Jefferson,6,3156864310,Town of Clayton,Municipal,Transfer facility - source separated recyclables - registration,[23T30013],Yes,407708,4893948,4.2 - Utilization of GIS and existing spatial data,Container Glass;Commingled Paper & Containers;Waste Tires;Metals (Ferrous & Non-Ferrous),23T30013,04/09/2024,04/08/2029,"36243 County Route 4
Clayton (T), NY 13624
(44.19242, -76.15458)"
Rochester Transfer Station - ecopark,10-14 Avion Drive,,Chili,NY,14624,Monroe,8,,Waste Management of New York; LLC,Private,Transfer facility - permit,[28TP0035],Yes,280500,4775600,,,8-2622-00050/00001,03/26/2025,03/25/2035,"10-14 Avion Drive
Chili, NY 14624
(43.10153, -77.69618)"
Miller Environmental Group Inc,1599 Ocean Ave,,Bohemia,NY,11716,Suffolk,1,6315676545,1599 Realty Corp.,Private,Nonspecific facility - permit,[52XP0395],Yes,659100,4518200,4.3 - Utilization of Digital Orthophoto Quads,,1-4726-01565/00001,08/13/2024,08/12/2029,"1599 Ocean Ave
Bohemia, NY 11716
(40.78515, -73.12052)"
Troy Resource Management Facility,East Industrial Parkway and Main Street,,Troy,NY,12180,Rensselaer,4,,Troy Local Development Corporation,Municipal,Transfer facility - less than 50 tpd - registration,[42T11701],Yes,606507,4729264,1.1 - Obtained from original submission and unverified process,MSW (Residential/Institutional & Commercial);Single Stream,42T11701,01/06/2021,01/06/2026,"East Industrial Parkway and Main Street
Troy, NY 12180
(42.7084, -73.69978)"
Mom and Pop's Recycling; LLC,6643 Route  60,,Cassadaga,NY,14718,Chautauqua,9,7165952045,Patricia Rusiniak,Private,VDF - registration,[07V50050],Yes,640440,4683647,1 - No accuracy stated,End of Life Vehicles VDFs,07V50050,06/13/2024,06/13/2029,"6643 Route  60
Cassadaga, NY 14718
(42.29284, -79.29581)"
Posillico Materials,1610 New Highway,,Farmingdale,NY,11735,Suffolk,1,6312491872,Posillico Materials LLC,Private,CDDHRF - permit,[52CP0259],Yes,633800,4511500,4.3 - Utilization of Digital Orthophoto Quads,Asphalt;Brick;Concrete;Rock;Soil (Clean);Non-petroleum Contaminated Soil;Petroleum Contaminated Soil,1-4720-00695/00009,05/04/2023,05/03/2028,"1610 New Highway
Farmingdale, NY 11735
(40.7424, -73.41789)"
Belgian Trucking & Excavating LLC,County Route 13,(1/4 mile west of 878 County Route 13),Lexington,NY,12468,Greene,4,5188213620,Floyd Dart,Private,Landfill - land clearing debris,[20D12],Yes,554260,4678605,4.1 - Address Matching,Tree Debris,20D12,03/17/2017,,"County Route 13
Lexington, NY 12468
(42.25406, -74.35162)"
Fulfaro Enterprises; Inc.,5532 Killian Road,,Pendleton,NY,14120,Niagara,9,7169985319,Gasper Fulfaro,,CDDHRF - concrete; rock; brick; asphalt pavement or millings - registration,[32C90011],Yes,190434,4776689,4.2 - Utilization of GIS and existing spatial data,Concrete;Asphalt Pavement,32C90011,06/21/2024,06/21/2029,"5532 Killian Road
Pendleton, NY 14120
(43.08108, -78.80241)"
University at Buffalo (SUNY) Downtown Campus,955 Main Street,,Buffalo,NY,14203,Erie,9,7168295816,University at Buffalo (SUNY),State,RMW - storage of infectious agents at site of generation - registration,[15J40087],Yes,184079,4756955,4.2 - Utilization of GIS and existing spatial data,Infectious Substances,15J40087,01/08/2026,01/08/2031,"955 Main Street
Buffalo, NY 14203
(42.90004, -78.86969)"
Endicott (V) Biosolids,40 Anson Road,,Endicott,NY,13760,Broome,7,6077575352,Village of Endicott,,Composting - yard trimmings - registration,[04P10019],Yes,409810,4659981,4.1 - Address Matching,Yard Trimmings,04P10019,05/12/2023,05/15/2028,"40 Anson Road
Endicott, NY 13760
(42.08553, -76.08836)"
LVM Materials LLC,3200 Route 39,,Bliss,NY,14024,Wyoming,9,5853228878,Lee Maher,Private,RHRF - greater than 5 tpd - registration,[61R20001],Yes,231800,4717755,4.2 - Utilization of GIS and existing spatial data,Wood (Adulterated);Wood (Unadulterated Pallets);Wood (Unadulterated);Wood (Chips),61R20001,07/25/2023,07/25/2028,"3200 Route 39
Bliss, NY 14024
(42.56728, -78.26934)"
Loni-Jo Metal Corp,90 Kinkle Street,,Westbury,NY,11590,Nassau,1,5163332130,Joseph Robenstein,Private,Scrap metal processor - registration,[30V30157],Yes,621388,4512754,4.1 - Address Matching,Scrap Metal - Ferrous ;Steel,30V30157,11/10/2022,11/09/2027,"90 Kinkle Street
Westbury, NY 11590
(40.75755, -73.56235)"
Richfield Springs Transfer Station,Elm Street Extension,,Richfield Springs,NY,13439,Otsego,4,3158581695,Village of Richfield Springs,Private,Transfer facility - less than 50 tpd - registration,[39T15601],Yes,500400,4743759,,MSW (Residential/Institutional & Commercial),39T15601,02/27/2024,02/26/2029,
HP Hood; LLC,20700 NYS Rte 411,,LaFargeville,NY,13656,Jefferson,6,3156585364,Lenny Wiegandt,,Land application - UFPW - registration,[23A30001],Yes,422780,4893863,4.3 - Utilization of Digital Orthophoto Quads,Unrecognizable Food Processing Waste,23A30001,06/19/2023,06/18/2028,"20700 NYS Rte 411
LaFargeville, NY 13656
(44.19709, -75.95929)"
Elma Transfer Station,370 Creek Road,,Elma,NY,14059,Erie,9,7166528084,Town of Elma,Municipal,Transfer facility - less than 50 tpd - registration,[15T10033],Yes,206755,4746712,4.2 - Utilization of GIS and existing spatial data,MSW (Residential/Institutional & Commercial);Bulk Metal (from MSW);Commingled Paper;Commingled Plastics;Container Glass;Corrugated Cardboard;Tin & Aluminum Containers,15T10033,10/09/2025,10/09/2030,"370 Creek Road
Elma, NY 14059
(42.8164, -78.58619)"
Renewable Recycling Inc,3001C New Street,,Oceanside,NY,11572,Nassau,1,9175416971,Christine Kiourtsis,Private,CDDHRF - other CDD with case specific BUD - registration,[30C80123],Yes,613531,4499525,1 - No accuracy stated,Construction & Demolition Debris,30R30123,01/14/2026,07/21/2029,"3001C New Street
Oceanside, NY 11572
(40.63753, -73.65619)"
Gershow Recycling (Lindenhurst),635 Muncy Avenue,,Lindenhurst,NY,11757,Suffolk,1,6315871991,Gershow Recycling Corporation,Private,Scrap metal processor - registration,[52V30414],Yes,646482,4513393,1 - No accuracy stated,Steel;Copper;Scrap Metal - Aluminum ;Scrap Metal - Ferrous ;Scrap Metal - Non-ferrous ;Brass;Electric Motors,52-0414,11/21/2025,11/20/2030,"635 Muncy Avenue
Lindenhurst, NY 11757
(40.69738, -73.35432)"
Taylor Biomass Gasification Facility,350 Nelleytown Road,,Montgomery,NY,12549,Orange,3,8454574021,James W. Taylor,Private,CDDHRF - permit,[36CP0002],Yes,564423,4593600,,Asphalt;Metals (Ferrous);Metals (Non-Ferrous);Construction & Demolition Debris;Paper / Cardboard;Wood (Unadulterated);Brick;Soil (Clean),3-3342-00105/00009,12/04/2025,08/05/2035,"350 Nelleytown Road
Montgomery, NY 12549
(41.49129, -74.22838)"
Cardinal Health 414 LLC,110 Science Parkway,Suite 300,Rochester,NY,14620,Monroe,8,5854427030,Cardinal Health 414 LLC,Private,RMW - radiological storage - registration,[28J10041],Yes,287375,4777276,4.2 - Utilization of GIS and existing spatial data,Regulated Medical Waste,28J10035,10/27/2025,08/14/2030,"110 Science Parkway
Rochester, NY 14620
(43.11817, -77.61381)"
LBD Enterprises (V. Chittenango Biosolids),Tag Rd.,,Chittenango,NY,13037,Madison,7,3156873196,LBD Enterprises LLC,Private,Land application - biosolids/septage/other - permit,[27AP0013],Yes,434090,4772409,,Biosolids,7-2458-00004/00007,05/07/2020,05/06/2030,
Chemung County Area 3 C&D Landfill,1488 County Road 60,,Chemung,NY,14825,Chemung,8,8002273552,Chemung County,County,Landfill - C&DD - permit,[08LC0020],Yes,360817,4654738,3.6 - Unknown type,Construction & Demolition Debris,8-0728-00004/00007,03/13/2024,03/13/2034,"1488 County Road 60
Chemung, NY 14825
(42.02854, -76.61949)"
Pendell Farm & Septic,182 Smith Hill Road,,Lisle,NY,13797,Broome,7,6078496102,Robert Pendell,Private,Land application - septage - registration,[04A40026],Yes,414653,4689519,4.3 - Utilization of Digital Orthophoto Quads,Septage,04A40026,07/14/2022,07/14/2027,"182 Smith Hill Road
Lisle, NY 13797
(42.3489, -76.03756)"
Don's Trucking,17251 Kenmore Rd,,Kendall,NY,14476,Orleans,8,5856598683,Donald L Robinson,,Storage - septage - registration,[37A40012],Yes,256984,4801675,,Septage,37A40012,09/20/2024,09/20/2029,"17251 Kenmore Rd
Kendall, NY 14476
(43.32804, -77.99796)"
Douglas Tyler & Son Used Auto Truck Parts,66 Tylers Lane,,Cottekill,NY,12419,Ulster,3,8456877396,Douglas Tyler,Private,Vehicle Dismantling Facility,[56J05],Yes,574874,4635835,,,,,,"66 Tylers Lane
Cottekill, NY 12419
(41.87005, -74.0962)"
Southern Tier Recycling Center,225 Homer Street,,Olean,NY,14760,Cattaraugus,9,8002273558,Casella Waste Management of NY; Inc.,Private,Transfer station - permit,[05T11],Yes,215606,4666771,4.2 - Utilization of GIS and existing spatial data,MSW (Residential/Institutional & Commercial);Construction & Demolition Debris,9-0412-00090/00001,01/13/2016,01/12/2026,"225 Homer Street
Olean, NY 14760
(42.10188, -78.43952)"
Whitehall Recycling/Transfer Station,12296 Route 22,,Whitehall,NY,12887,Washington,5,5184992369,Whitehall Transfer Station; LLC,Private,Transfer facility - permit,[58TP0013],Yes,627704,4825441,,Construction & Demolition Debris;Metals (Ferrous & Non-Ferrous);MSW (Residential/Institutional & Commercial),5-5352-00021/00004,02/02/2023,02/01/2033,"12296 Route 22
Whitehall, NY 12887
(43.57001, -73.41837)"
Tire Deals,1600 N. Clinton Ave,,Rochester,NY,14605,Monroe,8,5852601313,Dana Magee,Private,Waste tire storage - Dealer,[28K03],Yes,287769,4785143,1 - No accuracy stated,Waste Tires,28K03,,,"1600 N. Clinton Ave
Rochester, NY 14605
(43.18949, -77.61321)"
Ben Weitsman of Syracuse; LLC,333 Bridge Sreet,,Solvay,NY,13209,Onondaga,7,3154883171,Ben Weitsman of Syracuse; LLC,Private,VDF - registration,[34V50005],Yes,400882,4768935,,End of Life Vehicles VDFs,34V50005,05/24/2023,06/27/2028,"333 Bridge Sreet
Solvay, NY 13209
(43.0671, -76.21735)"
County Waste & Recycling Services - Clifton Park,1927 Route 9,,Clifton Park,NY,12065,Saratoga,5,5188777007,County Waste & Recycling Services; Inc.,Private,Transfer facility - permit,[46TP0026],Yes,600089,4750975,,MSW (Residential/Institutional & Commercial);Waste Tires;Commingled Paper & Containers;Single Stream,5-4138-00127/00001,07/22/2024,04/14/2031,"1927 Route 9
Clifton Park, NY 12065
(42.90338, -73.77515)"
Simsmetal East; LLC,187 West River Road,,Frankfort,NY,13340,Herkimer,6,3157354451,Simsmetal East; LLC,Private,Scrap metal processor - registration,[22V30003],Yes,487127,4770404,1 - No accuracy stated,Scrap Metal - Ferrous ;Scrap Metal - Non-ferrous,22V30003,02/09/2024,02/08/2029,"187 West River Road
Frankfort, NY 13340
(43.08601, -75.15723)"
Fiacco LCD,69 South Main Street,,Norwood,NY,13668,St. Lawrence,6,3153532041,Tom Fiacco Jr.,Private,Landfill - land clearing debris,[45D18],Yes,500692,4954457,4.1 - Address Matching,Land Clearing Debris,45D17,08/10/2015,,"69 South Main Street
Norwood, NY 13668
(44.74317, -74.99195)"
Ecore Tire Collection LLC,490 Ohio Street,,Lockport,NY,14094,Niagara,9,7164339294,Ecore Tire Collection; LLC,Private,WTHRF - permit,[32WP0030],Yes,198484,4785451,4 - GIS Assisted,,9-2909-00120/00005,04/16/2021,04/15/2031,"490 Ohio Street
Lockport, NY 14094
(43.16094, -78.70907)"
Dale Transfer Corp,129 Dale Street,,West Babylon,NY,11704,Suffolk,1,5163511879,Dale Transfer Corp.,Private,Transfer facility - permit,[52TP0329],Yes,635900,4510388,,,1-4720-03277/00001,03/24/2026,03/23/2036,"129 Dale Street
West Babylon, NY 11704
(40.73288, -73.39075)"
Don Glo Service Station Inc,27-29 Worth Street,,Yonkers,NY,10701,Westchester,3,9149686779,Douglas Foley,Private,Vehicle Dismantling Facility,[60J07],Yes,594381,4533646,,,,,,"27-29 Worth Street
Yonkers, NY 10701
(40.94876, -73.87865)"
Diversified Services of Water Mill Incorporated,1324 Speonk Riverhead Road,,Speonk,NY,11972,Suffolk,1,5168167477,Diversified Services of Water Mill Incorporated,Private,CDDHRF - concrete; rock; brick; asphalt pavement or millings - registration,[52C90397],Yes,694274,4523774,4.3 - Utilization of Digital Orthophoto Quads,Concrete;Brick,52-0397,07/26/2023,07/25/2028,"1324 Speonk Riverhead Road
Speonk, NY 11972
(40.84196, -72.69656)"
Savy's Recycling Inc,27 Montclair Ave,,St. James,NY,11780,Suffolk,1,6319798450,Savy's Recycling Inc.,Private,CDDHRF - uncontaminated soil sand gravel rock - registration,[52C60425],Yes,654751,4525074,1 - No accuracy stated,Sand;Soil (Clean),425,07/11/2025,07/10/2030,"27 Montclair Ave
St. James, NY 11780
(40.86147, -73.16455)"
Lewis Transfer Station - Elizabethtown,8181 Route 9,,Lewis,NY,12950,Essex,5,5188736650,Essex County,Municipal,RHRF - 5 tpd or less - registration,[16R10012],Yes,614062,4900800,4 - GIS Assisted,Container Glass;Mixed Commercial;Plastic,16R10012,07/29/2022,07/29/2027,"8181 Route 9
Lewis, NY 12950
(44.25119, -73.57117)"
Lockport Recycling Center LLC,178 Oakhurst Street,,Lockport,NY,14094,Niagara,9,7164331371,Lockport Recycling Center LLC,Private,CDDHRF - asphalt pavement and millings - registration,[32C20009],Yes,197648,4786586,4.2 - Utilization of GIS and existing spatial data,Asphalt Millings;Asphalt Pavement,32C20009,05/30/2023,12/26/2028,"178 Oakhurst Street
Lockport, NY 14094
(43.17086, -78.71926)"
Keene Transfer Station,61 Town Shed Lane,,Keene,NY,12942,Essex,5,5185764444,Town of Keene,Municipal,Transfer facility - less than 50 tpd - registration,[16T10009],Yes,597530,4898822,1 - No accuracy stated,MSW (Residential/Institutional & Commercial),16T10009,05/03/2022,05/03/2027,"61 Town Shed Lane
Keene, NY 12942
(44.23777, -73.77569)"
Sam's Auto Wreckers Inc,3511 Peartree Ave,,Bronx,NY,10475,Bronx,2,7183244600,David Bilgrei,Private,Vehicle Dismantling Facility,[7001680],Yes,598970,4526695,,,,,,"3511 Peartree Ave
Bronx, NY 10475
(40.88578, -73.82564)"
DPR Scrap Metal,125 Hopper Street,,Westbury,NY,11590,Nassau,1,5162809353,Jeffery Sissons,Private,VDF - registration,[30V50136],Yes,621030,4512823,,End of Life Vehicles VDFs,30V31026,12/28/2021,12/28/2026,"125 Hopper Street
Westbury, NY 11590
(40.75767, -73.56629)"
Beckert Farm,297 Burdick Road,,New Berlin,NY,13411,Otsego,4,6073735708,Brian Beckert,Private,Storage - manure & food processing waste - registration,[39A25201],Yes,480213,4705710,1 - No accuracy stated,Unrecognizable Food Processing Waste,39A25201,10/17/2022,10/16/2027,"297 Burdick Road
New Berlin, NY 13411
(42.61575, -75.33091)"
Beacon (C),90-96 Dennings Avenue,,Beacon,NY,12508,Dutchess,3,8458314390,City of Beacon,,Transfer facility - less than 50 tpd - registration,[14T10009],Yes,585022,4595693,,Commingled Paper;MSW (Residential/Institutional & Commercial);Waste Tires;Corrugated Cardboard,14T10009,04/24/2024,04/23/2029,"90-96 Dennings Avenue
Beacon, NY 12508
(41.4949, -73.9816)"
Van Voorhis Farm; Inc,432 Fishers Road,,Victor,NY,14453,Ontario,8,5859245506,Jack Van Voorhis,Private,Landfill - land clearing debris,[35D12],Yes,298350,4765250,2 - Manual Measurements,Land Clearing Debris,,,,"432 Fishers Road
Victor, NY 14453
(43.01672, -77.4718)"
Try Recycling Services LLC,135 South Second St.,,Bayshore,NY,11706,Suffolk,1,6315861165,Try Recycling Services LLC,Private,CDDHRF - permit,[52CP0445],Yes,644373,4514368,4.3 - Utilization of Digital Orthophoto Quads,Construction & Demolition Debris,1-4728-01451/00001,07/01/2017,06/30/2022,"135 South Second St.
Bayshore, NY 11706
(40.76728, -73.28925)"
Ecology Organics LLC,10 McDonald Road,,Wurtsboro,NY,12790,Sullivan,3,9177343550,Ecology Organics LL,Private,Composting - yard trimmings - registration,[53P10001],Yes,544406,4604218,,Yard Trimmings,53P10001,04/13/2026,04/12/2027,"10 McDonald Road
Wurtsboro, NY 12790
(41.58957, -74.47059)"
DSNY Pike Slip Household Special Waste Dropoff Facility,74 Pike Slip,,New York,NY,10002,New York,2,2124374657,NYC Dept of Sanitation,Municipal,Transfer station - registration,[31R24],Yes,585132,4507140,1 - No accuracy stated,Waste Oil (Other);Waste Tires,31R24,11/18/2015,,"74 Pike Slip
New York, NY 10002
(40.71061, -73.9921)"
Onondaga County Resource Recovery Facility,5801 Rock Cut Road,,Jamesville,NY,13078,Onondaga,7,3154984111,Covanta Onondaga; L.P.,Private,Combustion - permit,[34BP0048],Yes,409127,4761975,,Construction & Demolition Debris;MSW (Residential/Institutional & Commercial);Treated RMW;Ash MSW Energy Recovery Combined;Metals (Ferrous & Non-Ferrous),7-3142-00028/00011,05/12/2021,08/07/2031,"5801 Rock Cut Road
Jamesville, NY 13078
(43.00444, -76.11462)"
Westchester Recycling Services Inc. (WRSI),13 Hayes Street,,Elmsford,NY,10523,Westchester,3,9145925250,Brookfield Resource Management,Private,Vehicle Dismantling Facility,[60J04],Yes,599204,4546347,,,,,,"13 Hayes Street
Elmsford, NY 10523
(41.05931, -73.81935)"
Hamilton Transfer Station,7638 Cranston Road,,Hamilton,NY,13346,Madison,7,3156915700,Madison County Dept. of Solid Waste,Municipal,Transfer facility - less than 50 tpd - registration,[27T10008],Yes,459762,4737149,1 - No accuracy stated,MSW (Residential/Institutional & Commercial);Construction & Demolition Debris;Commingled Paper & Containers;Electronics;Yard Trimmings;Metals (Ferrous & Non-Ferrous);Waste Tires;Waste Oil (Other),27T10008,11/27/2023,11/26/2028,"7638 Cranston Road
Hamilton, NY 13346
(42.78594, -75.49388)"
Farwell Transfer Station,1430 Farwell Road,,Ischua,NY,14743,Cattaraugus,9,7165578324,Cattaraugus County DPW,County,Transfer facility - source separated recyclables - registration,[05T30011],Yes,220859,4679683,4.2.1 - Utilization of GIS and Facility Mapping System,Tin & Aluminum Containers,05T30011,02/26/2024,02/26/2029,"1430 Farwell Road
Ischua, NY 14743
(42.21949, -78.38673)"
Arietta Sand Pit Land Clearing Debris Landfill,139 Old Piseco Road,,Arietta,NY,12139,Hamilton,5,5185483415,Town of Arietta,Municipal,Landfill - land clearing debris,[21D02],Yes,539276,4810398,1 - No accuracy stated,Land Clearing Debris,21D02,05/19/1994,,"139 Old Piseco Road
Arietta, NY 12139
(43.43405, -74.50772)"
TAP Industries RHRF and Wood Proc Facility,59 Railroad Street,,Malone,NY,12953,Franklin,5,5184832220,Travis Pritchard,Private,RHRF - registration,[17M05],Yes,555427,4966662,,PET;Paperboard/Boxboard;Office Paper,17W05,,,"59 Railroad Street
Malone, NY 12953
(44.85151, -74.29914)"
CMW Industries; LLC,100-02 Farragut Road,,Brooklyn,NY,11236,Kings,2,7183723887,Gershon Klein,Private,Regulated medical waste - transfer station,[24VG9],Yes,592881,4500256,,,2-6105-00872/00001,03/10/2016,03/09/2021,
ALPCO Recycling; Inc.,846 Macedon Center Road,,Macedon,NY,14502,Wayne,8,3159868900,Alton Plumb,Private,RHRF - permit,[59RP0012],Yes,309701,4773743,4.3 - Utilization of Digital Orthophoto Quads,Commingled Paper;Paperboard/Boxboard;Newspaper;Metals (Ferrous);Metals (Non-Ferrous);Plastics,8-5430-00061/00001,12/17/2020,12/16/2030,"846 Macedon Center Road
Macedon, NY 14502
(43.09426, -77.33675)"
SMI Waste Tire Facility,1786 Salcman Road,,Seneca Falls,NY,13165,Seneca,8,3155395624,Seneca Meadows Inc,Private,Waste tire storage - New product manufacturing,[50K03],Yes,349655,4782657,,Waste Tires,50K03,09/09/1997,,"1786 Salcman Road
Seneca Falls, NY 13165
(42.91793, -76.8462)"
Babylon Village Ralph Ave Highway Yard,1 Ralph Avenue,,Babylon,NY,11702,Suffolk,1,6316694878,Village of Babylon,Municipal,C&D processing - registration,[52W91],Yes,641128,4506729,,Asphalt;Concrete,52W91R,12/29/1999,,"1 Ralph Avenue
Babylon, NY 11702
(40.69916, -73.33069)"
Victor Rural Transfer (T),60 Rawson road,,Victor,NY,14564,Ontario,8,5857425094,Town of Victor,Municipal,Transfer facility - less than 50 tpd - registration,[35T10011],Yes,302877,4761592,4.1 - Address Matching,MSW (Residential/Institutional & Commercial);Commingled Paper & Containers;Waste Tires;Waste Oil (Other);Other - Non-putrescible MSW;Construction & Demolition Debris;Other - Batteries;Aluminum Foil / Trays;Tin & Aluminum Containers,35T10011,10/15/2025,10/15/2030,"60 Rawson road
Victor, NY 14564
(42.98133, -77.4184)"
Big Flats Drop-off Center,3305 Chambers Road,,Big Flats,NY,14845,Chemung,8,6077372301,Chemung County,County,Transfer facility - less than 50 tpd - registration,[08T10010],Yes,344768,4669154,4.1 - Address Matching,MSW (Residential/Institutional & Commercial);Single Stream,08T10010,12/01/2025,11/30/2030,"3305 Chambers Road
Big Flats, NY 14845
(42.15952, -76.87901)"
JC Fibers Inc,1779 Mt Read Blvd,,Rochester,NY,14615,Monroe,8,5853427210,Frank Colubriale,Private,Transfer facility - permit,[28TP0026],Yes,283630,4785070,1 - No accuracy stated,Construction & Demolition Debris;MSW (Residential/Institutional & Commercial);Single Stream,8-2699-00117/00001,01/13/2022,01/12/2032,"1779 Mt Read Blvd
Rochester, NY 14615
(43.18722, -77.66311)"
Johnson's Auto Crushers Inc,81 Ballard Road,,Wilton,NY,12831,Saratoga,5,5185848110,James V. Johnson,Private,VDF - registration,[46V50022],Yes,606398,4779405,,End of Life Vehicles VDFs,46V50022,01/21/2025,01/20/2030,"81 Ballard Road
Wilton, NY 12831
(43.15893, -73.68908)"
Crushed Products Inc,320 Bridge Street,,Syracuse,NY,13209,Onondaga,7,3154686225,Crushed Products Inc.,Private,CDDHRF - storage only- concrete brick rock asphalt pavement - registration,[34C20017],Yes,400941,4768840,4 - GIS Assisted,Asphalt,34C10017,05/24/2023,05/24/2028,"320 Bridge Street
Syracuse, NY 13209
(43.06558, -76.21651)"
A.D. Call & Sons Excavating & Trucking Inc,6400 Main Rd; PO Box 60,,Stafford,NY,14143,Genesee,8,5853432910,Quentin Call,Private,Land application - septage - registration,[19A40001],Yes,249328,4762724,4.3 - Utilization of Digital Orthophoto Quads,Septage,19A40001,11/08/2022,11/08/2027,
P & M Auto Parts & Wrecker Service & Used Cars,6612 State Highway 12,,Norwich,NY,13815,Chenango,7,6073347625,Michael Donnelly,Private,Motor vehicle repair shop - registration,[09V40023],Yes,456571,4714583,,End of Life Vehicles VDFs,09V40023,09/27/2021,10/01/2026,"6612 State Highway 12
Norwich, NY 13815
(42.5837, -75.52952)"
Sky Materials Corp.,4331 Middle Country Road,,Calverton,NY,11933,Suffolk,1,6312082999,Calverton Industries,Private,CDDHRF - permit,[52CP0446],Yes,687412,4532821,4.3 - Utilization of Digital Orthophoto Quads,Asphalt;Brick;Concrete;Gravel;Rock;Soil (Clean);Wood (Unadulterated);Tree Debris,52W80R,05/09/2011,,"4331 Middle Country Road
Calverton, NY 11933
(40.92683, -72.77408)"
Bristol Hill SLF,3125 State Route 3,,Fulton,NY,13069,Oswego,7,3155919200,Oswego County DSW,County,Household hazardous waste,[38Z00],Yes,391005,4799471,,,7-3558-00012/00013,04/04/2017,04/03/2027,"3125 State Route 3
Fulton, NY 13069
(43.34756, -76.33687)"
RCSD Biosolids Dryer,RCSD #1 WWTP,Foot of Water St.,Rensselaer,NY,12180,Rensselaer,4,5182832235,Rensselaer County Sewer District,,Composting - biosolids/other - permit,[42PP1702],Yes,605437,4726424,1 - No accuracy stated,Biosolids,,,,
Empire Metal Trading LLC,1301 Grand Street,,Brooklyn,NY,11211,Kings,2,,Charles J. King Inc.,,Scrap metal processor - registration,[24V30201],Yes,590770,4507777,4.2 - Utilization of GIS and existing spatial data,Scrap Metal - Ferrous ;Scrap Metal - Non-ferrous,24V30201,11/08/2019,11/07/2024,"1301 Grand Street
Brooklyn, NY 11211
(40.71582, -73.92536)"
TM Maintenance Inc,451 Spencer Street,,Staten Island,NY,10314,Richmond,2,7187612984,Anastasios Tom Glikis,Private,C&D processing - registration,[43W46],Yes,568057,4494948,4.3 - Utilization of Digital Orthophoto Quads,Concrete;Soil (Clean),43W46,,,"451 Spencer Street
Staten Island, NY 10314
(40.6023, -74.19583)"
Norwood LCD,11 Bernard Ave,,Norwood,NY,13668,St. Lawrence,6,3153536667,Village of Norwood,Municipal,Landfill - land clearing debris,[45D05],Yes,502062,4956837,4.3 - Utilization of Digital Orthophoto Quads,,45D05,10/05/2006,,"11 Bernard Ave
Norwood, NY 13668
(44.74951, -74.99726)"
Selleck Road TS,7531 Selleck Road,,Savona,NY,14879,Steuben,8,8002273552,Casella Waste Management of NY Inc,Private,RHRF - permit,[51RP0040],Yes,313871,4687310,,Single Stream,8-4624-00046/00002-0,09/15/2009,09/14/2019,"7531 Selleck Road
Savona, NY 14879
(42.3154, -77.25948)"
Williamson Services LCD,12988 North Croghan Road,,Natural Bridge,NY,13665,Jefferson,6,3156444000,Williamson Services LLC,Private,Landfill - land clearing debris,[23D32],Yes,459461,4878669,4.3 - Utilization of Digital Orthophoto Quads,Wood (Trees/Stumps),23D32,08/25/2008,,"12988 North Croghan Road
Natural Bridge, NY 13665
(44.06346, -75.49277)"
Lockport Recycling Center LLC,178 Oakhurst Street,,Lockport,NY,14094,Niagara,9,7164331371,Lockport Recycling Center LLC,Private,Transfer facility - permit,[32TP0009],Yes,197692,4786554,4.2 - Utilization of GIS and existing spatial data,Other - Non-putrescible MSW;Construction & Demolition Debris;Waste Tires,9-2909-00133/00001,05/06/2023,12/26/2028,"178 Oakhurst Street
Lockport, NY 14094
(43.17086, -78.71926)"
JMI Frew Run SWMF,1060 Frew Run Road,,Carroll,NY,14738,Chautauqua,9,7166645108,Jamestown Macadam; Inc.,Private,CDDHRF - asphalt pavement and millings - registration,[07C20064],Yes,158546,4662446,4.2 - Utilization of GIS and existing spatial data,Asphalt Millings;Asphalt Pavement,07C20064,06/23/2023,06/23/2028,"1060 Frew Run Road
Carroll, NY 14738
(42.03832, -79.12894)"
Gro Max; LLC,111 Swiss Farm Road,,Hudson,NY,12534-3719,Columbia,4,5186720168,Green Renewable Inc,Private,Composting - SSO - registration,[11P20602],Yes,609891,4676202,,Grass Clippings;Unrecognizable Food Processing Waste;Sludge (Papermill),11P20602,11/15/2023,11/14/2028,"111 Swiss Farm Road
Hudson, NY 12534-3719
(42.23096, -73.66808)"
Buffalo Biodiesel,225 Sawyer Ave,,Tonawanda,NY,14150,Erie,9,8007211427,Buffalo Biodiesel Inc.,,Used cooking oil & yellow grease processing - permit,[15UP0076],Yes,180196,4765488,4.2 - Utilization of GIS and existing spatial data,Used Cooking Oil,,,,"225 Sawyer Ave
Tonawanda, NY 14150
(42.97516, -78.92161)"
MEG Buffalo,4429 Walden Avenue,,Lancaster,NY,14086,Erie,9,7165970001,Miller Environmental Group; Inc.,Private,Used oil - permit,[15QP0091],Yes,205915,4758879,4.2 - Utilization of GIS and existing spatial data,Waste Oil (Other);Used Oil;Waste Oil (Automotive),9-1452-00345/00001,03/05/2026,03/04/2036,"4429 Walden Avenue
Lancaster, NY 14086
(42.92591, -78.60327)"
Mamaroneck TS (V),313 Fayette Avenue,,Mamaroneck,NY,10543-0369,Westchester,3,9147777745,Village of Mamaroneck,Municipal,Transfer station - registration,[60R05],Yes,605805,4534197,,Yard Trimmings,60R05,,,"313 Fayette Avenue
Mamaroneck, NY 10543-0369
(40.95213, -73.74287)"
Stockholm LCD,Reed Road,,Winthrop,NY,13697,St. Lawrence,6,3153894684,Town of Stockholm,Municipal,Landfill - land clearing debris,[45D01],Yes,514089,4954575,4.1 - Address Matching,Wood (Trees/Stumps);Tree Debris;Land Clearing Debris,45D01,06/03/2003,,
Avon (T) Highway Dept,5390 Agar Road,,Avon,NY,14414,Livingston,8,5852262425,Town of Avon,Municipal,Transfer facility - less than 50 tpd - registration,[26T10002],Yes,277444,4749907,3.6 - Unknown type,Tree Debris;One Day Annual Bulk Cleanup;Industrial Scrap Metal;Single Stream;Electronics;Waste Tires,26T10002,08/08/2025,08/07/2030,"5390 Agar Road
Avon, NY 14414
(42.87177, -77.72412)"
Stonco Materials,73 Cederhurst Ave.,,Medford,NY,11763,Suffolk,1,6312073478,Stephen Affatato,Private,C&D processing - registration,[52W136R],Yes,669329,4513483,4.3 - Utilization of Digital Orthophoto Quads,Brick;Rock;Concrete;Sand;Soil (Clean);Asphalt;Tree Debris;Metals (Ferrous);Metals (Non-Ferrous);Wood (Chips);Construction & Demolition Debris,52W136R,11/26/2007,,"73 Cederhurst Ave.
Medford, NY 11763
(40.84401, -72.9917)"
A & S Garage,4894 State Route 30,,Schoharie,NY,12157,Schoharie,4,5182958823,William I. Armlin IV,Private,VDF - registration,[48V54201],Yes,555454,4720950,,Transmission Fluid;Used Oil;Gasoline;Waste Tire;Scrap Metal - Aluminum ;Scrap Metal - Ferrous ;Scrap Metal - Non-ferrous,48V54201,02/02/2026,02/01/2031,"4894 State Route 30
Schoharie, NY 12157
(42.639, -74.32375)"
Route 29 Pit,NYS Route 29,,Saratoga Springs,NY,12866,Saratoga,5,5188852235,Saratoga County Dept. of Public Works,County,Landfill - land clearing debris,[46D29],Yes,607824,4771928,,Land Clearing Debris,46D29,04/05/2004,,
Button Road Mine Site,49 Button Road,,Halfmoon,NY,12065,Saratoga,5,5183556034,Carver Sand & Gravel; LLC,Private,CDDHRF - uncontaminated unadulterated wood - registration,[46C50027],Yes,606091,4744279,,Wood (Unadulterated),46C50027,05/16/2024,05/15/2029,"49 Button Road
Halfmoon, NY 12065
(42.83981, -73.70223)"
Ira Transfer Station,12475 Bradt Road,,Cato,NY,13033,Cayuga,7,3156266905,Town of Ira,Municipal,Transfer facility - less than 50 tpd - registration,[06T10013],Yes,372807,4786516,,MSW (Residential/Institutional & Commercial);Metals (Ferrous & Non-Ferrous);Single Stream;Waste Tires,06T10013,10/04/2024,02/21/2029,"12475 Bradt Road
Cato, NY 13033
(43.22076, -76.56613)"
Wilmington Transfer Station,51 Evergreen Lane,,Wilmington,NY,12997,Essex,5,5183908580,Town of Wilmington,County,RHRF - 5 tpd or less - registration,[16R10017],Yes,596330,4921122,4 - GIS Assisted,Container Glass;Mixed Commercial;Plastic,16R10017,07/29/2022,07/29/2027,"51 Evergreen Lane
Wilmington, NY 12997
(44.43752, -73.78954)"
Saratoga County Recycling Center at Clifton Park,217 Vischer Ferry Road,,Clifton Park,NY,12065,Saratoga,5,5183710963,Town of Clifton Park,Municipal,Transfer facility - source separated recyclables - registration,[46T30001],Yes,596129,4742251,3.6 - Unknown type,Other - Batteries;Metals (Ferrous & Non-Ferrous);Propane Tanks;Single Stream,46T30001,08/02/2023,08/01/2028,"217 Vischer Ferry Road
Clifton Park, NY 12065
(42.83638, -73.82164)"
Ford & Sons Salvage Inc,158 Fordlea Road,,Westtown,NY,10998,Orange,3,8457263288,Ralph Ford,Private,Scrap metal processor - registration,[36V30005],Yes,538851,4578329,,Scrap Metal - Ferrous ;Scrap Metal - Aluminum ;Scrap Metal - Non-ferrous,36V30005,10/03/2019,10/02/2024,"158 Fordlea Road
Westtown, NY 10998
(41.35376, -74.53344)"
Chautauqua Landfill,3889 Towerville Road,,Ellery,NY,14701-9653,Chautauqua,9,7169854785,Chautauqua County,County,Transfer station - permit,[07R22],Yes,143958,4681301,4.2 - Utilization of GIS and existing spatial data,Commingled Paper & Containers;MSW (Residential/Institutional & Commercial);Construction & Demolition Debris;Commingled Plastics;Metals (Ferrous & Non-Ferrous);Corrugated Cardboard;White Goods,9-0636-00006/00013,10/07/2015,10/06/2025,"3889 Towerville Road
Ellery, NY 14701-9653
(42.20265, -79.31249)"
Agrimark - McCadam Cheese Company Inc,39 McCadam Lane,P.O. Box 900,Chateaugay,NY,12920,Franklin,5,5184976644,Agri-Mark Inc,,Land application - UFPW - registration,[17A30007],Yes,574460,4968785,4 - GIS Assisted,Source Separated Organic Waste (SSOW),17A30007,11/13/2019,11/13/2024,"39 McCadam Lane
Chateaugay, NY 12920
(44.92289, -74.075)"
Juliano's Auto Parts Inc,4735 Route 14,,Sodus,NY,14551,Wayne,8,3154834607,Philip S. Juliano Sr.,Private,VDF - registration,[59V50006],Yes,338307,4782133,4.2 - Utilization of GIS and existing spatial data,Scrap Metal - Non-ferrous ;End of Life Vehicles VDFs;Scrap Metal - Ferrous,59V50006,06/11/2019,06/10/2024,"4735 Route 14
Sodus, NY 14551
(43.17301, -76.98776)"
Royal Waste Services Inc - Hollis,187-40 Hollis Avenue,,Hollis,NY,11433,Queens,2,7185262623,Royal Waste Services Inc.,Private,RHRF - registration,[41R30108],Yes,603861,4507264,4.2 - Utilization of GIS and existing spatial data,Plastic;Paper / Cardboard;Glass;Metals (Ferrous);Metals (Non-Ferrous),41R30108,02/02/2024,02/01/2029,"187-40 Hollis Avenue
Hollis, NY 11433
(40.71016, -73.77079)"
Murphy Rolloff Inc,119 Wade Road,,Latham,NY,12110,Albany,4,5186084358,Michael Evereth,Private,Transfer facility - permit,[01TP2612],Yes,599319,4733430,,,4-0126-00631/00001,08/06/2021,08/05/2031,"119 Wade Road
Latham, NY 12110
(42.74698, -73.78674)"
Gershow Recycling of Valley Stream,97 East Hawthorne Avenue,,Valley Stream,NY,11580,Nassau,1,5168257244,Kevin Gershowitz,Private,Scrap metal processor - registration,[30V30103],Yes,610317,4501869,1 - No accuracy stated,,30V6103,08/15/2018,08/14/2021,"97 East Hawthorne Avenue
Valley Stream, NY 11580
(40.66027, -73.69492)"
Zoladz Construction Company,13600 Railroad Street,,Alden,NY,14004,Erie,9,7169376575,Zoladz Construction Co.; Inc.,Private,CDDHRF - concrete rock brick - registration,[15C10081],Yes,215820,4755135,4 - GIS Assisted,Concrete;Brick,15C10081,12/21/2021,12/20/2026,"13600 Railroad Street
Alden, NY 14004
(42.89549, -78.48019)"
Geneseo Transfer Station          (T),4952 Warner Road,,Geneseo,NY,14454,Livingston,8,5852431544,Town of Geneseo,Municipal,Transfer facility - less than 50 tpd - registration,[26T10018],Yes,273578,4739609,1 - No accuracy stated,MSW (Residential/Institutional & Commercial);Commingled Paper & Containers;Metals (Ferrous & Non-Ferrous);Electronics;Corrugated Cardboard;Newspaper;Waste Tires,26T10018,08/02/2023,08/02/2028,"4952 Warner Road
Geneseo, NY 14454
(42.77794, -77.76726)"
Granville Transfer Station,8536 Route 22,,Granville,NY,12832,Washington,5,5186423026,Granville Transfer Station; LLC,Private,Transfer facility - permit,[58TP0009],Yes,641103,4805434,,Construction & Demolition Debris;Metals (Ferrous & Non-Ferrous);Yard Trimmings;Tree Debris;MSW (Residential/Institutional & Commercial),5-5332-00023/00003,02/02/2023,02/01/2033,"8536 Route 22
Granville, NY 12832
(43.38813, -73.25895)"
High Peaks Sand & Gravel LLC,617 Route 28N,,Chester,NY,12853,Warren,5,2039944686,Robert Zaloski,Private,CDDHRF - uncontaminated soil sand gravel rock - registration,[57C60028],Yes,583298,4842639,,Rock;Soil (Clean);Sand;Gravel,57C60028,02/29/2024,02/28/2029,"617 Route 28N
Chester, NY 12853
(43.732, -73.96483)"
Lakewood Vineyards,4024 State Route 14,,Watkins Glen,NY,14891,Schuyler,8,6075359252,David Stamp,,Land application - UFPW - registration,[49A30009],Yes,343985,4696311,,Unrecognizable Food Processing Waste,49A30009,02/02/2021,02/02/2026,"4024 State Route 14
Watkins Glen, NY 14891
(42.4281, -76.93077)"
Peat Bed Gravel Bed,Peat Bed Road,at Emmons Dr.,Hannibal,NY,13074,Oswego,7,3155646784,William D. Malone,Private,CDDHRF - concrete rock brick - registration,[38C10035],Yes,377490,4797097,1 - No accuracy stated,Brick;Concrete,38C10035,05/18/2023,05/17/2028,
Junebug Holdings; LLC C&D Processing Facility,NYS Route 19,,Scio,NY,14895,Allegany,9,5855936177,Junebug Holdings LLC,,CDDHRF - uncontaminated unadulterated wood - registration,[02C50026],Yes,254490,4669761,,Wood (Unadulterated),02C50026,05/21/2025,05/21/2030,
Bob J's Auto,7284 Wildcat Rd.,,Port Leyden,NY,13433,Lewis,6,3153484000,Robert Kraeger,Private,Motor vehicle repair shop - registration,[25V40009],Yes,474553,4824444,1 - No accuracy stated,End of Life Vehicles VDFs,25V40009,09/18/2019,09/17/2024,"7284 Wildcat Rd.
Port Leyden, NY 13433
(43.57395, -75.32376)"
Proskine Farm,182 Henry Road,,Norwich,NY,13815,Chenango,7,6073166049,Proskine Farm,Private,Storage - manure & food processing waste - registration,[09A20025],Yes,455949,4713162,3 - Global Positioning System (GPS),Unrecognizable Food Processing Waste,09A20025,06/07/2023,11/15/2027,"182 Henry Road
Norwich, NY 13815
(42.56985, -75.5359)"
Shelter Island Recycling Transfer Station,34 N Menantic Road,,Shelter Island,NY,11964-1000,Suffolk,1,6317491090,Town of Shelter Island,Municipal,Mulch processing - registration,[52M10282],Yes,722194,4550401,4.3 - Utilization of Digital Orthophoto Quads,,52-0282,11/18/2021,11/17/2023,"34 N Menantic Road
Shelter Island, NY 11964-1000
(41.06439, -72.3511)"
180 Flood Drive Properties,180 Flood Drive,,Fulton,NY,13069,Oswego,7,3155924251,Richard O. Murtaugh,Private,Vehicle Dismantling Facility,[7061461],Yes,387584,4800119,,,,,,"180 Flood Drive
Fulton, NY 13069
(43.34527, -76.38731)"
Kinsella Barrett Plant,4800 Solvay Road Ext.,,Jamesville,NY,13078,Onondaga,7,3153780657,Heidelberg Materials Northeast NY; LLC,Private,CDDHRF - asphalt pavement and millings - registration,[34C20033],Yes,412430,4761773,1 - No accuracy stated,Asphalt,34C20033,06/05/2023,06/04/2028,"4800 Solvay Road Ext.
Jamesville, NY 13078
(43.00199, -76.07275)"
Northampton Transfer Station,326 County Route 113,,Northampton,NY,12134,Fulton,5,5187365501,Fulton County,Municipal,Transfer facility - less than 50 tpd - registration,[18T10005],Yes,569780,4784850,,MSW (Residential/Institutional & Commercial);Single Stream;Metals (Ferrous & Non-Ferrous);Electronics;Waste Oil (Other),18T10005,07/02/2023,07/01/2028,"326 County Route 113
Northampton, NY 12134
(43.21257, -74.14095)"
Clinton Auto Parts,1125 Clinton Street,,Buffalo,NY,14206,Erie,9,7168563016,2390 Kenmore Ave Realty Inc,Private,VDF - registration,[15V50067],Yes,186834,4754316,1 - No accuracy stated,End of Life Vehicles VDFs,15V50067,10/28/2024,10/28/2029,"1125 Clinton Street
Buffalo, NY 14206
(42.8772, -78.83328)"
Greece (T) Transfer Station,635 Flynn Road,,Greece,NY,14612,Monroe,8,5857232376,Town of Greece,Municipal,RHRF - registration,[28R30029],Yes,279500,4795900,4.2 - Utilization of GIS and existing spatial data,Waste Tires;Other Ferrous Scrap Metal;Other Non-Ferrous Scrap Metal,28R30029,04/08/2026,07/31/2027,"635 Flynn Road
Greece, NY 14612
(43.28464, -77.71463)"
Rockland County SWMA Clarkstown Transfer Station,166 South Route 303,,West Nyack,NY,10994,Rockland,3,8453580759,Rockland County SWMA,County,Transfer facility - permit,[44T06],Yes,587746,4549020,,Construction & Demolition Debris;MSW (Residential/Institutional & Commercial);Asphalt;Concrete;White Goods;Metals (Ferrous & Non-Ferrous);Tree Debris;Yard Trimmings,3-3920-00152/00004,10/01/2020,09/30/2025,"166 South Route 303
West Nyack, NY 10994
(41.0884, -73.94981)"
Schultz Farm,274 Picket Hill Road,,Schoharie,NY,12157,Schoharie,4,,New England Waste Services of ME; Inc. DBA Casella Organics,Private,Land application - UFPW - registration,[48A34201],Yes,561948,4722878,,Unrecognizable Food Processing Waste;Sludge (Papermill),48A34201,04/01/2024,03/31/2029,"274 Picket Hill Road
Schoharie, NY 12157
(42.65413, -74.23778)"
County Line Recovery,7023 Henrietta Road,,Springville,NY,14141,Cattaraugus,9,7165231721,MRC Solutions; Inc,Private,Transfer facility - permit,[05TP0025],Yes,195746,4709179,4 - GIS Assisted,MSW (Residential/Institutional & Commercial);Construction & Demolition Debris;Waste Tires,9-0422-00062/00002,01/20/2022,01/19/2027,"7023 Henrietta Road
Springville, NY 14141
(42.47228, -78.70082)"
Watertown Hot Mix Asphalt Facility,26572 NYS Route 37,,Watertown,NY,13601,Jefferson,6,3157882037,Barrett Paving Materials; Inc.,Private,C&D processing - registration,[23W10],Yes,427784,4878153,4.1 - Address Matching,,23W10,07/19/2017,,"26572 NYS Route 37
Watertown, NY 13601
(44.05572, -75.90324)"
BLACKWELL PIT,STATE RT 223,,ERIN,NY,14838,Chemung,8,6077339664,EDGER CIVIL & UTILITY LLC,Private,CDDHRF - uncontaminated soil sand gravel rock - registration,[08C60019],Yes,357727,4670750,,Soil (Clean);Sand;Gravel;Rock,08C60019,10/12/2023,10/11/2028,
Nannini & Callahan Processing Yard,370 Shore Road,,Cornwall,NY,12518,Orange,3,8455349674,Nannini & Callahan Excavating Inc.,Private,CDDHRF - concrete rock brick - registration,[36C10008],Yes,581590,4589621,,Concrete;Brick,36C10008,11/10/2022,11/30/2023,"370 Shore Road
Cornwall, NY 12518
(41.45279, -74.0214)"
Scully's,11146 Skaneateles Turnpike,,Brookfield,NY,13485,Madison,7,3158998995,Kevin Scully,Private,Vehicle Dismantling Facility,[27J00],Yes,476845,4741371,4 - GIS Assisted,,,,,"11146 Skaneateles Turnpike
Brookfield, NY 13485
(42.82409, -75.28293)"
Green Pines Septic,682 Starkville Road,,Fort Plain,NY,13339,Montgomery,4,5189935407,Patricia Przestrzelski,,Land application - septage - registration,[29A43002],Yes,520225,4748655,,Septage,29T23002,02/14/2024,02/13/2029,"682 Starkville Road
Fort Plain, NY 13339
(42.88983, -74.7536)"
Broome Recycling Co. Inc.,29 Broad Street,,Binghamton,NY,13904,Broome,7,6077243805,Elbert Adams,Private,RHRF - registration,[04R30012],Yes,426311,4663785,,Single Stream,04R30012,09/09/2025,09/08/2030,"29 Broad Street
Binghamton, NY 13904
(42.12249, -75.89011)"
Carrier Salvage & Recycling Inc,2440 Wetmore Road,,Branchport,NY,14418,Yates,8,3155646800,Shelley Carrier,,Scrap metal processor - registration,[62V30020],Yes,314091,4716951,1.1 - Obtained from original submission and unverified process,Scrap Metal - Aluminum ;Scrap Metal - Ferrous ;Scrap Metal - Non-ferrous,62V30020,10/22/2019,10/21/2024,"2440 Wetmore Road
Branchport, NY 14418
(42.58264, -77.26562)"
Stanford TS (T),181 Bangall-Amenia Road,,Stanford,NY,12581,Dutchess,3,8458681031,Town of Stanford,Municipal,Transfer facility - less than 50 tpd - registration,[14T10003],Yes,609874,4636872,,MSW (Residential/Institutional & Commercial);Commingled Paper & Containers;Corrugated Cardboard;Newspaper;Metals (Ferrous & Non-Ferrous),14T10003,01/29/2019,01/28/2024,"181 Bangall-Amenia Road
Stanford, NY 12581
(41.87614, -73.6758)"
Buffalo and Orchard Park Topsoil,3340 North Benzing Rd,,Orchard Park,NY,14127,Erie,9,7168222807,Alan Huegel,Private,CDDHRF - uncontaminated soil sand gravel rock - registration,[15C60105],Yes,190950,4744841,4.2 - Utilization of GIS and existing spatial data,Soil (Clean),15C60105,07/10/2023,07/10/2028,"3340 North Benzing Rd
Orchard Park, NY 14127
(42.79375, -78.77837)"
Arno's Scrapyard,204 Arno Rd.,,Ellenburg Center,NY,12934,Franklin,5,,Andrew Arno,Private,Scrap metal processor - registration,[17V30013],Yes,661154,2201055,4.1 - Address Matching,Scrap Metal - Ferrous ;Scrap Metal - Non-ferrous,17V30013,02/17/2023,02/17/2028,"204 Arno Rd.
Ellenburg Center, NY 12934
(44.87263, -73.84762)"
CB Recycling,301 Edison Ave,,West Babylon,NY,11702,Suffolk,1,6314191115,John Cannetti,Private,CDDHRF - concrete; rock; brick; asphalt pavement or millings - registration,[52C90417],Yes,635666,4509953,1 - No accuracy stated,CARB (concrete; asphalt; rock; brick),52C10417,05/03/2025,05/02/2030,"301 Edison Ave
West Babylon, NY 11702
(40.72872, -73.39329)"
Bailey Farm Mine Yard Waste Composting,State Route 146,,Halfmoon,NY,12065,Saratoga,5,5184231804,,,Composting - yard waste - permit,[46PP0020],Yes,606537,4748454,,Yard Trimmings,5-4138-00062/00005,11/21/2024,11/20/2034,
Clark's Used Auto Parts,52 Vandusen Road,,Queensbury,NY,12804,Warren,5,5187931811,Robert R Clark,Private,VDF - registration,[57V50013],Yes,604815,4794713,,End of Life Vehicles VDFs,57V50013,10/04/2019,10/03/2024,"52 Vandusen Road
Queensbury, NY 12804
(43.29777, -73.7086)"
Town of Seneca Falls Highway Department,187 Ovid St,,Seneca Falls,NY,13148,Seneca,8,3155686288,Town of Seneca Falls,Municipal,RHRF - 5 tpd or less - registration,[50R10013],Yes,353342,4750878,4.3 - Utilization of Digital Orthophoto Quads,Source Separated Recyclables (Metal/Glass/Paper/Plastic);Metals (Ferrous);Metals (Non-Ferrous),50R10013,08/11/2021,08/11/2026,"187 Ovid St
Seneca Falls, NY 13148
(42.89649, -76.79868)"
Newark (v) Biosolids Composting,321 Murray Street,,Newark,NY,14513,Wayne,8,3153314770,Village of Newark,,Composting - biosolids/other - permit,[59PP0018],Yes,330035,4768923,,,8-5420-00016/00005,04/14/2022,04/13/2027,"321 Murray Street
Newark, NY 14513
(43.05366, -77.08803)"
Pleasant Valley Transfer Station,24 Sherow Road,,Pleasant Valley,NY,12569,Dutchess,3,8456351005,Town of Pleasant Valley,Municipal,Transfer facility - less than 50 tpd - registration,[14T10011],Yes,597546,462342,,Commingled Recyclables;Waste Tires;Bulk Metal (from MSW);MSW (Residential/Institutional & Commercial);Commingled Paper;Corrugated Cardboard;Electronics;Newspaper;Plastic Film & Bags;Textiles,14T10011,02/26/2026,02/25/2031,"24 Sherow Road
Pleasant Valley, NY 12569
(41.75638, -73.82676)"
Taylor Transfer Station Owego,352 Glenmary Drive,,Owego,NY,13827,Tioga,7,6076876710,Robert Taylor,Private,RHRF - permit,[54M04],Yes,392976,4661606,3.1 - Sportsman Hand-Held Unit (w/ Selective Availability on),Source Separated Recyclables (Metal/Glass/Paper/Plastic);Electronics,7-4936-00023/00001,09/27/2016,09/29/2026,"352 Glenmary Drive
Owego, NY 13827
(42.10027, -76.29464)"
Moscow Road Pit,1700-1712 Moscow Road,,Hamlin,NY,14464,Monroe,8,5855894481,Keeler Construction; Inc.,Private,CDDHRF - asphalt pavement and millings - registration,[28C20027],Yes,258617,4804225,4.2 - Utilization of GIS and existing spatial data,Asphalt Pavement;Asphalt Millings,28C20027,02/16/2022,02/15/2027,"1700-1712 Moscow Road
Hamlin, NY 14464
(43.3504, -77.97777)"
Clayton Transfer Station,36243 County Route 4,,Clayton (T),NY,13624,Jefferson,6,3156864310,Town of Clayton,Municipal,Composting - SSO - registration,[23P20013],Yes,407708,4893948,4.2 - Utilization of GIS and existing spatial data,Source Separated Organic Waste (SSOW),23P20013,04/14/2025,04/13/2030,"36243 County Route 4
Clayton (T), NY 13624
(44.19242, -76.15458)"
Superior Disposal TS,1180 Elmira Road,,Newfield,NY,14867,Tompkins,7,6072773000,Casella Waste Management NY,Private,RHRF - registration,[55R20011],Yes,371400,4694500,,Metals (Ferrous);Metals (Non-Ferrous),55R20011,11/02/2022,05/03/2028,"1180 Elmira Road
Newfield, NY 14867
(42.39111, -76.56213)"
Route 36 Holdings LLC,5227 Route 248,,Canisteo,NY,14843,Steuben,8,6077691413,Jeremy Gerow,,Storage - manure & food processing waste - registration,[51A20031],Yes,284495,4681485,4.2.1 - Utilization of GIS and Facility Mapping System,Unrecognizable Food Processing Waste,51A20031,01/14/2026,01/13/2031,"5227 Route 248
Canisteo, NY 14843
(42.25459, -77.61246)"
Richfield Springs Transfer Station,Elm Street Extension,,Richfield Springs,NY,13439,Otsego,4,3158581695,Village of Richfield Springs,Private,Transfer facility - source separated recyclables - registration,[39T35602],Yes,500400,4743759,3 - Global Positioning System (GPS),Single Stream,39T15601,02/27/2024,02/26/2029,
Modern Landfill; Inc.,1445 Pletcher Road,,Model City,NY,14107,Niagara,9,7167548226,Modern Corporation,Private,WTHRF - permit,[32WP0010],Yes,176513,4791780,4.2 - Utilization of GIS and existing spatial data,Waste Tires,9-2924-00041/00006,08/06/2018,08/05/2028,"1445 Pletcher Road
Model City, NY 14107
(43.20882, -78.98108)"
Lyme Transfer Station,27990 County Route 57,,Three Mile Bay,NY,13693,Jefferson,6,3156495165,Town of Lyme,Municipal,Transfer facility - source separated recyclables - registration,[23T30015],Yes,400775,4880692,4.1 - Address Matching,Commingled Paper;Container Glass;Electronics;Commingled Plastics;Metals (Ferrous & Non-Ferrous);Paperboard/Boxboard,23T30015,11/21/2024,11/20/2029,"27990 County Route 57
Three Mile Bay, NY 13693
(44.07246, -76.23854)"
Gernatt Asphalt Products; Inc. - Gabel Thomas Plant,11860 Route 16 (Olean Road),,Chaffee,NY,14030,Erie,9,7164965111,Gernatt Asphalt Products; Inc.,Private,CDDHRF - uncontaminated soil sand gravel rock - registration,[15C60107],Yes,213514,4717340,4.2 - Utilization of GIS and existing spatial data,Soil (Clean);Sand;Gravel;Rock,15C60107,11/27/2023,11/27/2028,"11860 Route 16 (Olean Road)
Chaffee, NY 14030
(42.5546, -78.47796)"
Ben Weitsman of Albany LLC,300 Smith Blvd.,,Albany,NY,12202,Albany,4,5184624444,Ben Weitsman of Albany; LLC,Private,Scrap metal processor - registration,[01V30102],Yes,601641,4719972,,Scrap Metal - Aluminum ;Scrap Metal - Ferrous ;Scrap Metal - Non-ferrous,01V50101,04/01/2024,03/31/2029,"300 Smith Blvd.
Albany, NY 12202
(42.62602, -73.75882)"
Weedsport Joint Composting,2621 Earl St.,,Weedsport,NY,13166,Cayuga,7,3158346411,Village of Weedsport,Municipal,Composting - biosolids/other - permit,[06PP0028],Yes,372358,4767857,3.1 - Sportsman Hand-Held Unit (w/ Selective Availability on),,7-0522-00017/00007,08/29/2024,08/26/2034,"2621 Earl St.
Weedsport, NY 13166
(43.05155, -76.56837)"
Deer Park Recycling,54 Kinkel St,,Westbury,NY,11590,Nassau,1,5163336145,,,RHRF - exempt (non-VDF),[30M00],Yes,621406,4512651,,,,,,"54 Kinkel St
Westbury, NY 11590
(40.75586, -73.56207)"
Tamarack Compost,5898 State Route 40,,Argyle,NY,12809,Washington,5,5188121940,Daniel Sill,,Composting - SSO - registration,[58P20016],Yes,445795,1848134,,Food Scraps,58P20016,03/09/2022,03/08/2027,"5898 State Route 40
Argyle, NY 12809
(43.29467, -73.45385)"
LeRay Transfer Station,26506 State Route 11,,Evans Mills,NY,13637,Jefferson,6,3156291550,Town of LeRay,Municipal,Transfer facility - less than 50 tpd - registration,[23T10024],Yes,433204,4877768,4.1 - Address Matching,MSW (Residential/Institutional & Commercial),23T10024,11/21/2024,11/20/2029,"26506 State Route 11
Evans Mills, NY 13637
(44.05055, -75.83516)"
Sullivan County Ferndale Transfer Station,78 Lt. J.G. Brender Highway,,Ferndale,NY,12734,Sullivan,3,9142923670,Sullivan County,County,Transfer facility - less than 50 tpd - registration,[53T10002],Yes,521077,4623724,,MSW (Residential/Institutional & Commercial);Construction & Demolition Debris;Commingled Paper & Containers;Electronics;Source Separated Organic Waste,53T10002,04/12/2023,05/18/2028,"78 Lt. J.G. Brender Highway
Ferndale, NY 12734
(41.76719, -74.74585)"
Rockville Centre (Incorporated Village of),10 Sunrise Highway,,Rockville Centre,NY,11571,Nassau,1,5166789288,Incorporated Village of Rockville Centre,Municipal,Transfer facility - permit,[30TP0145],Yes,613645,4501445,4.2 - Utilization of GIS and existing spatial data,MSW (Residential/Institutional & Commercial),1-2820-00752/00003,08/26/2021,08/22/2026,"10 Sunrise Highway
Rockville Centre, NY 11571
(40.65603, -73.65553)"
Mohawk Valley Materials Inc,6805 Martin Street,,Rome,NY,13442,Oneida,6,3152714651,Joseph Rutkowski,Private,C&D processing - registration,[33W08],Yes,464387,4782756,1 - No accuracy stated,,,,,"6805 Martin Street
Rome, NY 13442
(43.1958, -75.43882)"
Custom Earth Recycling LLC,45 South Fourth Street,,Bayshore,NY,11706,Suffolk,1,6315868300,John Watral,Private,C&D processing - permit,[52W201],Yes,643926,4513860,4.3 - Utilization of Digital Orthophoto Quads,Tree Debris;Wood (Chips);Soil (Clean);Mulch;Sand;Rock;Other - Bank Run;Gravel,1-4728-02799/00003,11/24/2017,11/26/2022,"45 South Fourth Street
Bayshore, NY 11706
(40.76269, -73.29481)"
Sheldon Oil Services,1005 Route 9,,Castleton,NY,12033,Rensselaer,4,5187662864,Guy Sheldon,Private,Waste oil storage; reprocessing or rerefining facility,[42O44],Yes,609000,4706000,1.1 - Obtained from original submission and unverified process,,4-3844-00047/00002,08/06/2014,08/08/2019,"1005 Route 9
Castleton, NY 12033
(42.4992, -73.67402)"
Hancock TS (T),1488 Green Flats Road,,Hancock,NY,13783,Delaware,4,6076373522,Town of Hancock,Municipal,Transfer facility - source separated recyclables - registration,[13T33601],Yes,479622,4643856,1 - No accuracy stated,Single Stream,13T13601,02/02/2026,02/01/2031,"1488 Green Flats Road
Hancock, NY 13783
(41.95308, -75.24271)"
Schoharie Transfer Station,2805 Rt. 7,,Howes Cave,NY,12092,Schoharie,4,5182968856,Casella Waste Management of NY Inc,Municipal,Transfer facility - permit,[48TP9901],Yes,549003,4725661,,Construction & Demolition Debris;MSW (Residential/Institutional & Commercial);Sewage Treatment Plant Sludge;Emergency Authorization Waste (Storm Debris);Sludge (Industrial);Single Stream;Tree Debris;Electronics;Metals (Ferrous & Non-Ferrous),48TP9901,03/25/2026,03/24/2031,"2805 Rt. 7
Howes Cave, NY 12092
(42.68187, -74.40092)"
White Post Wholesale Growers; Inc,395 Nugent Drive,,Calverton,NY,11933,Suffolk,1,6312714141,White Post Wholesale Growers Inc.,Private,Mulch processing - registration,[52M10408],Yes,727521,409071,1 - No accuracy stated,Tree Debris,52-0408,09/23/2024,09/22/2029,"395 Nugent Drive
Calverton, NY 11933
(40.90707, -72.70508)"
S. St. George Enterprises; Inc.,3624 Webster Road,,Fredonia,NY,14063,Chautauqua,9,7166722488,S. St. George Enterprises; Inc.,Private,CDDHRF - concrete rock brick - registration,[07C10060],Yes,146069,4705422,4.2 - Utilization of GIS and existing spatial data,Concrete;Brick,07C10060,09/07/2021,09/07/2026,"3624 Webster Road
Fredonia, NY 14063
(42.42168, -79.29963)"
St. Lawrence County Gouverneur Transfer Station,1831 State Route 11,,Gouverneur,NY,13642,St. Lawrence,6,3152870919,St. Lawrence County Solid Waste Dept.,County,Transfer facility - source separated recyclables - registration,[45T30020],Yes,466486,4913630,4.1 - Address Matching,Single Stream;Electronics;Textiles;Metals (Ferrous & Non-Ferrous),45T30020,11/18/2024,11/17/2029,"1831 State Route 11
Gouverneur, NY 13642
(44.37578, -75.42008)"
Price Scrap & Salvage,NYS Rte. 8,,West Edmeston,NY,13485,Madison,7,3158554452,Thomas R. Price,Private,VDF - registration,[27V50018],Yes,476998,4734835,,End of Life Vehicles VDFs,27V50018,06/18/2019,06/17/2024,
Reworld Niagara I; LLC,100 Energy Boulevard @ 56th St,,Niagara Falls,NY,14304,Niagara,9,7162788500,Reworld Niagara I; LLC (f.k.a. Covanta Niagara I; LLC),Private,Waste combustion - MSW WTE,[32E01],Yes,173853,4777967,4.2 - Utilization of GIS and existing spatial data,Construction & Demolition Debris;MSW (Residential/Institutional & Commercial);Wood (Chips);Sludge (Industrial);Ash MSW Energy Recovery Combined;Metals (Ferrous & Non-Ferrous);Treated RMW,9-2911-00113/00023,06/22/2011,03/31/2015,"100 Energy Boulevard @ 56th St
Niagara Falls, NY 14304
(43.08342, -79.00677)"
Ravine Farm Landscaping,Decker Ln,,East Durham,NY,12423,Greene,4,,Hunter Phillips,,CDDHRF - uncontaminated soil sand gravel rock - registration,[20C63001],Yes,573404,4694311,3 - Global Positioning System (GPS),Soil (Clean),20C63001,10/17/2024,10/16/2029,
Superior Lubricants,32 Ward Road,,North Tonawanda,NY,14120,Niagara,9,7162601779,32 Ward Road LLC,Private,Transfer facility - source separated recyclables - registration,[32T30001],Yes,182970,4774102,4.2 - Utilization of GIS and existing spatial data,Used Oil Filters (drained),32T30001,10/13/2023,10/13/2028,"32 Ward Road
North Tonawanda, NY 14120
(43.05385, -78.89264)"
Petkash Septic Services,104 Hickox Rd.,,Harpursville,NY,13787,Broome,7,6072377297,Lucas Petkash,Private,Land application - septage - registration,[04A40006],Yes,449268,4666259,4 - GIS Assisted,Septage,04A40006,09/17/2024,04/19/2029,"104 Hickox Rd.
Harpursville, NY 13787
(42.19686, -75.64528)"
Metalico Rochester,7652 Clinton Street Rd,,Bergen,NY,14416,Genesee,8,5854360713,Metalico Rochester; Inc.,Private,Scrap metal processor - registration,[19V30005],Yes,257711,4772102,1 - No accuracy stated,Scrap Metal - Non-ferrous ;Scrap Metal - Ferrous ;Scrap Metal - Aluminum ;Lead Weights,19V30005,03/05/2024,03/04/2029,"7652 Clinton Street Rd
Bergen, NY 14416
(43.0634, -77.97637)"
Prestige Auto Sales Inc,1481 Montauk Highway,,Bellport,NY,11713,Suffolk,1,6312866820,Miguel Garrido,Private,VDF - registration,[52V50372],Yes,672552,4515535,4.3 - Utilization of Digital Orthophoto Quads,End of Life Vehicles VDFs,52V50372,03/14/2022,03/13/2027,"1481 Montauk Highway
Bellport, NY 11713
(40.77247, -72.953)"
Waste Connections of New York Casanova,325-327 Casanova Street,,Bronx,NY,10474,Bronx,2,7186650770,Waste Connections of New York; Inc.,Private,Transfer facility - permit,[03TP0048],Yes,593758,4517937,,MSW (Residential/Institutional & Commercial),2-6007-00058/00003,06/11/2024,06/10/2029,"325-327 Casanova Street
Bronx, NY 10474
(40.80715, -73.88839)"
NYCDOS Staten Island Transfer Station,600 West Service Road,,Staten Island,NY,10314,Richmond,2,7189671400,NYCDOS,Municipal,Transfer station - permit,[43T33],Yes,568278,4493082,,MSW (Residential/Institutional & Commercial),2-6403-00141/00001,10/30/2024,10/29/2034,"600 West Service Road
Staten Island, NY 10314
(40.58712, -74.19219)"
Morin LCD Landfill,284 Oven Mountain Road,,North Creek,NY,12853,Warren,5,5182513595,Leon P Morin,Private,Landfill - land clearing debris,[57D14],Yes,582675,4831902,,Land Clearing Debris,57D14,04/02/2004,,
JVB Landscaping Inc.,238-242 New Hackensack Road,,Wappingers Falls,NY,12590,Dutchess,3,8454621800,Jared Van Benschoten,Private,CDDHRF - concrete; rock; brick; asphalt pavement or millings - registration,[14C90001],Yes,592907,4608423,4.3 - Utilization of Digital Orthophoto Quads,Concrete;Asphalt Millings,14C90001,06/11/2025,06/10/2029,"238-242 New Hackensack Road
Wappingers Falls, NY 12590
(41.62342, -73.88489)"
Skaneateles Landclearing Debris Landfill,1676 Old Seneca Turnpike,,Skaneateles,NY,13152,Onondaga,7,3156734190,Town of Skaneateles,Municipal,Landfill - land clearing debris,[34D07],Yes,386107,4759608,,Tree Debris;Wood (Trees/Stumps),34D07,,,"1676 Old Seneca Turnpike
Skaneateles, NY 13152
(42.98052, -76.39368)"
Inlet Recyclables Recovery Facility & Transfer Station,Limekiln Lake Road,County Route 14,Inlet,NY,13360,Hamilton,5,3153573867,Town of Inlet,Municipal,RHRF - registration,[21R30008],Yes,517259,4842534,,Container Glass;Mixed Commercial;Plastic,21R30008,07/29/2022,07/29/2027,
South East Auto Recycle Inc,1492 Route 22,7 Wingdale Mountain Road,Wingdale,NY,12594,Dutchess,3,8458329448,Jorge Merchan,Private,Scrap metal processor - registration,[14V30001],Yes,618854,4609510,,Scrap Metal - Ferrous ;Scrap Metal - Non-ferrous,14V30001,11/13/2024,11/12/2027,"1492 Route 22
Wingdale, NY 12594
(41.62853, -73.57391)"
Brookhaven Waste Management Facility,350 Horseblock Road,,Yaphank,NY,11719,Suffolk,1,6312868551,Town of Brookhaven,Municipal,Composting - yard trimmings - registration,[52P10226],Yes,675100,4518600,4.2 - Utilization of GIS and existing spatial data,Yard Trimmings,52T10226,03/30/2023,03/21/2025,"350 Horseblock Road
Yaphank, NY 11719
(40.80001, -72.92581)"
WMNY BQE Transfer Station,75 Thomas Street,,Brookyn,NY,11222,Kings,2,7185335398,Waste Management of NY,Private,Transfer facility - permit,[24TP0004],Yes,590286,4508968,4.2 - Utilization of GIS and existing spatial data,MSW (Residential/Institutional & Commercial),2-6101-00026/00001,08/14/2024,08/12/2026,"75 Thomas Street
Brookyn, NY 11222
(40.72646, -73.93088)"
Island Rock & Dirt Corp.,631 Woodfield Road,,West Hempstead,NY,11552,Nassau,1,5166449046,Michael Pasquaretto,Private,CDDHRF - uncontaminated soil sand gravel rock - registration,[30C60153],Yes,613925,4504991,4.3 - Utilization of Digital Orthophoto Quads,Soil (Clean),30-0153,04/16/2022,04/15/2027,"631 Woodfield Road
West Hempstead, NY 11552
(40.68768, -73.65193)"
John Hoover Custom Farming,823 Marshall Rd,,Waterloo,NY,13165,Seneca,8,3158560032,John Hoover,,Land application - Third Party CAFO Applier - registration,[50A60015],Yes,343910,4748281,4.1 - Address Matching,Manure,50A60015,05/15/2024,05/15/2029,"823 Marshall Rd
Waterloo, NY 13165
(42.87095, -76.91039)"
Colonie (T) SWMF,4 Arrowhead Lane,,Colonie,NY,12047,Albany,4,5187832827,Town of Colonie,Municipal,Landfill - MSW - permit,[01LS2601],Yes,603789,4740487,,Yard Trimmings;Construction & Demolition Debris;Petroleum Contaminated Soil;Industrial;Animal Carcasses;MSW (Residential/Institutional & Commercial),4-0126-00033/00001,04/05/2018,04/04/2028,"4 Arrowhead Lane
Colonie, NY 12047
(42.80257, -73.73063)"
Gowanda (V) Compost Facility,Aldrich St. Ext.,,Gowanda,NY,14070,Erie,9,7165325931,Village of Gowanda,Municipal,Composting/other processing - biosolids/other,[15C27],Yes,175800,4709400,4.3 - Utilization of Digital Orthophoto Quads,Biosolids,9-1436-00026/00002,11/03/2017,11/02/2027,
Becker & Son's Septic Service,2108 Switzkill Road,,Berne,NY,12023,Albany,4,5188720330,Jay Becker,,Land application - septage - registration,[01A42001],Yes,568975,4717900,1 - No accuracy stated,Septage,01A42001,09/30/2024,09/29/2029,"2108 Switzkill Road
Berne, NY 12023
(42.61419, -74.15347)"
Tupper Lake Transfer Station,131 Little Wolf Pond Road,,Tupper Lake,NY,12986,Franklin,5,5183593350,CFSWMA,Municipal,Transfer facility - less than 50 tpd - registration,[17T10012],Yes,542604,4900600,4 - GIS Assisted,MSW (Residential/Institutional & Commercial);Construction & Demolition Debris,17T10012,07/29/2022,07/29/2027,"131 Little Wolf Pond Road
Tupper Lake, NY 12986
(44.25301, -74.47035)"
Roxbury TS (T),11 MacMore Road,,Roxbury,NY,12474,Delaware,4,6073264605,Town of Roxbury,Municipal,Transfer facility - source separated recyclables - registration,[13T34801],Yes,537350,4687416,1 - No accuracy stated,Single Stream;Corrugated Cardboard,13T14804,01/23/2026,01/22/2031,"11 MacMore Road
Roxbury, NY 12474
(42.33805, -74.5465)"
Town of Trenton Transfer Station,224 Veteran's Way,,Trenton (T),NY,13304,Oneida,6,3158962615,Town of Trenton,Municipal,Transfer facility - less than 50 tpd - registration,[33T10025],Yes,484637,4789620,4.2 - Utilization of GIS and existing spatial data,Construction & Demolition Debris;Sludge (Industrial);Metals (Ferrous & Non-Ferrous);Single Stream;MSW (Residential/Institutional & Commercial);Commingled Paper & Containers;Commingled Plastics;Electronics;Waste Tires,33T10025,07/29/2021,07/28/2026,
Roosevelt Pit,273 Roosevelt Road,,Bernhards Bay,NY,13042,Oswego,7,3156758264,Town of Constantia,,Landfill - land clearing debris,[38D06],Yes,425720,4792277,,Tree Debris,38D06,05/06/2016,,"273 Roosevelt Road
Bernhards Bay, NY 13042
(43.27981, -75.90458)"
Gernatt Asphalt Products; Inc. - Vogtli Plant,191 Broadway Road,,Persia,NY,14070,Cattaraugus,9,7165323371,Gernatt Asphalt Products; Inc.,Private,CDDHRF - uncontaminated soil sand gravel rock - registration,[05C60033],Yes,176902,4707151,4.2 - Utilization of GIS and existing spatial data,Soil (Clean),05C60033,04/02/2025,04/02/2030,"191 Broadway Road
Persia, NY 14070
(42.45143, -78.92906)"
Advantage Tree Service LLC,136 W Yard Road,,Bethlehem,NY,12067,Albany,4,5189445172,Advantage Tree Service LLC,Private,Mulch processing - registration,[01M12201],Yes,425738,7386903,1 - No accuracy stated,Tree Debris;Wood (Chips),01P12201,05/30/2024,05/29/2029,"136 W Yard Road
Bethlehem, NY 12067
(42.57166, -73.86782)"
Slate Valley Automotive LLC,7311 State Route 22,,Granville,NY,12832,Washington,5,5186423167,William Bishop,Private,VDF - registration,[58V50001],Yes,640240,4796886,,End of Life Vehicles VDFs,58V50001,08/15/2023,08/14/2028,"7311 State Route 22
Granville, NY 12832
(43.31045, -73.2707)"
Bergen (V) Composting,6593 North Lake Road,,Bergen,NY,14416,Genesee,8,5854942018,Village of Bergen,,Composting - biosolids/other - permit,[19PP0025],Yes,261297,4775324,1 - No accuracy stated,,8-1826-00004/00004,01/25/2024,01/24/2034,"6593 North Lake Road
Bergen, NY 14416
(43.09424, -77.93481)"
Long Island Recycling Corp,00 Patco Court,,Islandia,NY,11729,Suffolk,1,,Long Island Recycling Corp,Private,CDDHRF - concrete; rock; brick; asphalt pavement or millings - registration,[52C90432],Yes,653872,4517934,,CARB (concrete; asphalt; rock; brick),52C60432,08/13/2025,08/12/2030,
Cooper Recycling LLC,123 Varick Avenue,,Brooklyn,NY,11237,Kings,2,7185335398,Adrienne Cooper,Private,CDDHRF - permit,[24CP0089],Yes,590497,4507117,,Construction & Demolition Debris;Brick;Wood (Unadulterated);Concrete;Metal (Structural),2-6104-00012/00003,04/30/2020,04/29/2025,"123 Varick Avenue
Brooklyn, NY 11237
(40.70995, -73.92801)"
Islip Multi-Purpose Recycling Facility,1155 Lincoln Avenue,,Holbrook,NY,11741,Suffolk,1,6315953421,Islip Resource Recovery Agency,Municipal,HHW collection facility - permit,[52HP0229],Yes,661707,4515955,4.3 - Utilization of Digital Orthophoto Quads,,1-4728-00701/00003,01/13/2022,01/12/2027,"1155 Lincoln Avenue
Holbrook, NY 11741
(40.7793, -73.08287)"
Gerber Top Soil; LLC,7250 Oxbow Road,,Kirkville,NY,13082,Onondaga,7,3156563478,Janet Gerber,Private,Composting - yard trimmings - registration,[34P10026],Yes,421619,4774579,4.2 - Utilization of GIS and existing spatial data,Yard Trimmings,34P10026,06/06/2023,06/05/2028,"7250 Oxbow Road
Kirkville, NY 13082
(43.11939, -75.97018)"
Woodbed Corp,10385 Route 219,,West Valley,NY,14171,Cattaraugus,9,8148341464,Woodbed Corp,Private,Mulch processing - registration,[05M10030],Yes,195361,4706705,4.2 - Utilization of GIS and existing spatial data,Tree Debris,05M10030,06/09/2022,06/09/2027,"10385 Route 219
West Valley, NY 14171
(42.45353, -78.70096)"
All Recycling LLC,110 Mill Street,,Newburgh,NY,12550,Orange,3,8455620216,All Recycling LLC,Private,VDF - registration,[36V50004],Yes,581741,4594259,,Used Oil;Engine Coolant/Antifreeze;Lead-acid Batteries;End of Life Vehicles VDFs,36V50004,08/27/2024,08/26/2029,"110 Mill Street
Newburgh, NY 12550
(41.49553, -74.02019)"
Orchard Park Yard Waste Reclamation Center,6909 Milestrip Road,,Orchard Park,NY,14127,Erie,9,7166676066,Town of Orchard Park,Municipal,Composting - yard waste - permit,[15PP0109],Yes,194485,4743964,4 - GIS Assisted,,9-1460-00139/00001,04/14/2023,04/13/2033,"6909 Milestrip Road
Orchard Park, NY 14127
(42.78909, -78.7322)"
Granby Mine,County Route 85,,Granby,NY,13069,Oswego,7,3154335115,Syracuse Sand & Gravel LLC,Private,Mulch processing - registration,[38M10012],Yes,379201,4801876,1.1 - Obtained from original submission and unverified process,Tree Debris;Wood (Chips),38M10012,02/03/2026,07/11/2029,"County Route 85
Granby, NY 13069
(43.23385, -76.4609)"
J Dunn Group,520 Hudson River Road,,Waterford,NY,12188,Saratoga,5,5188741006,J Dunn Group; LLC,,CDDHRF - concrete; rock; brick; asphalt pavement or millings - registration,[46C90034],Yes,608771,4743278,,CARB (concrete; asphalt; rock; brick),46C90034,05/05/2025,05/04/2029,"520 Hudson River Road
Waterford, NY 12188
(42.83427, -73.66904)"
Morristown LCD,136 County Route #2,,Brier Hill,NY,13614,St. Lawrence,6,3153756563,Town of Morristown,Municipal,Landfill - land clearing debris,[45D03],Yes,448267,4931609,4.2 - Utilization of GIS and existing spatial data,Wood (Trees/Stumps),45D03,04/23/2004,,"136 County Route #2
Brier Hill, NY 13614
(44.53422, -75.65888)"
Zevel Transfer LLC,620-630 Truxton Street,,Bronx,NY,10474,Bronx,2,7189917700,Jack Guttman,Private,C&D processing - permit,[03W24],Yes,593419,4518455,2.1 - NYSDEC 100 m grid collection,Construction & Demolition Debris;Brick;Metal (Structural);Concrete,2-6007-00070/00009,03/28/2018,11/01/2022,"620-630 Truxton Street
Bronx, NY 10474
(40.81191, -73.89274)"
High Farms Harvesting; LLC,13097 McCann Road,,Wolcott,NY,14590,Wayne,8,3155212823,Jason High,Private,Land application - Third Party CAFO Applier - registration,[59A60022],Yes,356556,4780406,1.2 - Source system default coordinates; unverified for accuracy,Manure,59A60022,03/06/2024,03/05/2029,"13097 McCann Road
Wolcott, NY 14590
(43.16209, -76.76396)"
Pittstown Transfer Station (T),2500 New York Roue 67,,Johnsonville,NY,12094,Rensselaer,4,5187534420,Town of Pittstown,Municipal,Transfer facility - less than 50 tpd - registration,[42T13601],Yes,622082,4752832,3 - Global Positioning System (GPS),Construction & Demolition Debris;Corrugated Cardboard;Tin & Aluminum Containers,42T13601,07/24/2024,07/23/2029,"2500 New York Roue 67
Johnsonville, NY 12094
(42.91916, -73.50457)"
Gooseneck Farms Sand and Gravel,8193 Putnam Rd,,Chautauqua,NY,14781,Chautauqua,9,7167203989,Gooseneck Farms Inc.,Private,CDDHRF - asphalt pavement and millings - registration,[07C20062],Yes,121066,4683266,4.2 - Utilization of GIS and existing spatial data,Asphalt Millings,07C20062,12/22/2021,12/22/2026,"8193 Putnam Rd
Chautauqua, NY 14781
(42.21046, -79.58973)"
Ben Weitsman of Rochester,80 Steel Street,,Rochester,NY,14606,Monroe,8,5852540360,Ben Weitsman of Rochester; LLC,Private,VDF - registration,[28V51003],Yes,283341,4782863,1 - No accuracy stated,End of Life Vehicles VDFs,28V51003,11/18/2025,11/18/2030,"80 Steel Street
Rochester, NY 14606
(43.16696, -77.66582)"
Town of Webb Transfer Station,152 McCauley Mtn. Rd.,PO Box 157,Old Forge,NY,13420,Herkimer,6,3153693121,Oneida Herkimer SWMA,Municipal,Transfer facility - less than 50 tpd - registration,[22T10001],Yes,502137,4837921,4.2 - Utilization of GIS and existing spatial data,MSW (Residential/Institutional & Commercial);Single Stream;Construction & Demolition Debris,22T10001,05/11/2023,05/10/2028,"152 McCauley Mtn. Rd.
Old Forge, NY 13420
(43.69496, -74.97334)"
Barefoot Septic & Sewer Inc,2920 Telephone Rd,,Caledonia,NY,14423,Livingston,8,5855384886,Scott Barefoot,Private,Land application - septage - registration,[26A40016],Yes,265727,4755200,4.2.1 - Utilization of GIS and Facility Mapping System,Septage,26A40016,08/06/2025,08/05/2030,"2920 Telephone Rd
Caledonia, NY 14423
(42.91446, -77.87057)"
Winters Bros Waste Systems of LI LLC Glen Cove Facility,100 Morris Ave,,Glen Cove,NY,11542,Nassau,1,5166711911,,,Transfer facility - permit,[30TP0130],Yes,614764,4523983,4.2 - Utilization of GIS and existing spatial data,MSW (Residential/Institutional & Commercial);Brick;Concrete;Construction & Demolition Debris;Tree Debris,1-2805-00105/00001,03/23/2020,03/22/2025,"100 Morris Ave
Glen Cove, NY 11542
(40.85781, -73.63997)"
Essex County Materials Recovery Facility,8181 Route 9,,Lewis,NY,12950,Essex,5,5188736650,Essex County,County,RHRF - 5 tpd or less - registration,[16R10004],Yes,614475,4902945,1 - No accuracy stated,PET;Plastic;Paperboard/Boxboard;Newspaper;Container Glass;LDPE,16R10004,05/05/2022,05/05/2027,"8181 Route 9
Lewis, NY 12950
(44.25119, -73.57117)"
Heidelberg Materials Northeast - Dryden S&G,290 Mott Toad,,Dryden,NY,13053,Tompkins,7,3154695501,Heidelberg Materials,Private,CDDHRF - concrete; rock; brick; asphalt pavement or millings - registration,[55C90018],Yes,391128,4707562,1 - No accuracy stated,Concrete;Asphalt Millings,55C90018,06/17/2025,06/17/2030,"290 Mott Toad
Dryden, NY 13053
(42.51217, -76.32535)"
Suffolk Soil Ltd,640 Moriches-Middle Island Road,,Moriches,NY,11955,Suffolk,1,6318740353,Patrick Leary,Private,C&D processing - registration,[52W104R],Yes,684213,4520183,,Soil (Clean),52W104R,,,"640 Moriches-Middle Island Road
Moriches, NY 11955
(40.81192, -72.81589)"
Clean Water of New York Inc,3249 Richmond Terrace,P.O. BOX 030316,Staten Island,NY,10303,Richmond,2,7189814600,Clean Water of New York Inc,Private,Used oil - permit,[43QP0007],Yes,570256,4499293,,Used Oil,,05/23/2023,05/22/2028,"3249 Richmond Terrace
Staten Island, NY 10303
(40.64085, -74.16614)"
Waste Management of New York POA Transfer Station,100 Boat St,,Albany,NY,12202,Albany,4,5185333305,Waste Management of New York; LLC,Private,Transfer facility - permit,[01TP9001],Yes,601751,4720216,,Commingled Paper & Containers;MSW (Residential/Institutional & Commercial);Construction & Demolition Debris;Glass;Single Stream;Corrugated Cardboard;Metals (Ferrous & Non-Ferrous),4-0101-00185/00002,11/12/2021,11/11/2026,"100 Boat St
Albany, NY 12202
(42.62784, -73.75933)"
Wayne's Used Cars,2500 State Highway 310,,Madrid,NY,13660,St. Lawrence,6,3153224950,Wayne Taillon,Private,Motor vehicle repair shop - registration,[45V40023],Yes,491096,4955954,4.1 - Address Matching,End of Life Vehicles VDFs,45V40023,11/19/2024,11/18/2029,"2500 State Highway 310
Madrid, NY 13660
(44.75717, -75.11323)"
PNP Automotive Inc,1931 Flushing Ave,,Ridgewood,NY,11385,Queens,2,7183811000,Universal Used Auto Parts,Private,VDF - registration,[41V50139],Yes,591428,4507463,1 - No accuracy stated,Decommissioned ELVs SMPs;Used Oil;Engine Coolant/Antifreeze;Lead-acid Batteries,41V50139,02/04/2025,02/03/2030,"1931 Flushing Ave
Ridgewood, NY 11385
(40.7129, -73.91753)"
LockCity Scrap Metals,570 West Avenue,,Lockport,NY,14094,Niagara,9,7164780594,Edward Arnold Scrap Processors Inc.,Private,VDF - registration,[32V50022],Yes,197823,4785946,1 - No accuracy stated,End of Life Vehicles VDFs,32V50022,02/10/2025,02/10/2030,"570 West Avenue
Lockport, NY 14094
(43.16597, -78.71722)"
Osceola Transfer Station,2009 Church Street,,Osceola,NY,13316,Lewis,6,3155998891,Town of Osceola,Municipal,Transfer facility - source separated recyclables - registration,[25T30004],Yes,442566,4816491,1 - No accuracy stated,Single Stream,25T30004,01/30/2024,01/29/2029,"2009 Church Street
Osceola, NY 13316
(43.49991, -75.71932)"
Truckin' Construction Corp.,450 Shore Road,,Glenwood Landing,NY,11547,Nassau,1,5166743943,David & JoAnn Johansen,Private,CDDHRF - uncontaminated soil sand gravel rock - registration,[30C60138],Yes,613941,4521119,4.3 - Utilization of Digital Orthophoto Quads,Soil (Clean);Sand;Rock;Gravel,30C10138,02/23/2021,02/22/2026,"450 Shore Road
Glenwood Landing, NY 11547
(40.83368, -73.64887)"
Owego (V) Biosolids,75 Southside Drive,,Owego,NY,13827,Tioga,7,6076872282,Village of Owego,Municipal,Organics processing - other - permit,[54PP0007],Yes,0,0,,,7-4930-00029/00009,01/07/2021,01/06/2031,"75 Southside Drive
Owego, NY 13827
(42.09341, -76.26376)"
NYCDOS SOUTHWEST BROOKLYN MTS,400 Bay 41st Street,,Brooklyn,NY,11214,Kings,2,2128378030,NYCDOS,Municipal,Transfer facility - permit,[24TP0003],Yes,584853,4493769,,MSW (Residential/Institutional & Commercial),2-6106-00002/00022,01/19/2023,01/18/2033,"400 Bay 41st Street
Brooklyn, NY 11214
(40.58943, -73.9957)"
Gershow Recycling of Huntington,149 West 11th Street,,Huntington Station,NY,11746,Suffolk,1,6313851200,Gershow Recycling Corporation,Private,Scrap metal processor - registration,[52V30412],Yes,632490,4522268,1 - No accuracy stated,Brass;Electric Motors;Copper;Scrap Metal - Aluminum ;Scrap Metal - Ferrous ;Scrap Metal - Non-ferrous,52-0412,11/21/2025,11/20/2030,"149 West 11th Street
Huntington Station, NY 11746
(40.84139, -73.42859)"
Sonny Zito Sanitation Inc,1815 Route 284,,Slate Hill,NY,10973,Orange,3,8453554811,Richard Zito,Private,RHRF - 5 tpd or less - registration,[36R10001],Yes,543082,4580971,,Paper / Cardboard;Metals (Ferrous);Metals (Non-Ferrous),36R10001,10/01/2019,10/01/2023,"1815 Route 284
Slate Hill, NY 10973
(41.3788, -74.48507)"
Brickyard Pit,Brickyard Road,,Van Buren,NY,13027,Onondaga,7,3154335115,Syracuse Sand & Gravel LLC,Private,Mulch processing - registration,[34M10009],Yes,409509,4761931,1.1 - Obtained from original submission and unverified process,Tree Debris;Wood (Chips),34M10009,01/29/2026,07/11/2029,
Earth Waste and Metal,942 Mason Street,,Morrisonville,NY,12962,Clinton,5,5185613577,EWS Real Estate of NY; Inc.,Private,Scrap metal processor - registration,[10V30002],Yes,614163,4949170,,Scrap Metal - Ferrous ;Scrap Metal - Non-ferrous,10V30002,04/29/2020,04/29/2025,"942 Mason Street
Morrisonville, NY 12962
(44.68687, -73.5612)"
20 Deep Winery LLC,187 Mendon Ionia Road,,Mendon,NY,14472,Monroe,8,5852047953,David Gascon,Private,Storage - recognizable food processing waste - registration,[28A10009],Yes,296170,4762100,4.2 - Utilization of GIS and existing spatial data,Source Separated Organic Waste (SSOW),28A10009,02/25/2024,02/24/2029,"187 Mendon Ionia Road
Mendon, NY 14472
(42.9849, -77.50317)"
Lake Auto Parts Inc,498 & 503 Schauber Road,,Ballston Lake,NY,12019,Saratoga,5,5183999797,Phillip Heitmann,Private,Motor vehicle repair shop - registration,[46V40013],Yes,592003,4751103,,End of Life Vehicles VDFs,46V40013,03/07/2024,03/06/2029,"498 & 503 Schauber Road
Ballston Lake, NY 12019
(42.90732, -73.87292)"
Environmental Maintenance Service; Inc.,28 Corporate Circle,,East Syracuse,NY,13057,Onondaga,7,3154548552,,,RMW - permit,[34JP0019],Yes,411817,4773116,,Regulated Medical Waste;Infectious Substances;Pharmaceutical Waste,7-3126-00361/00001,04/02/2018,04/01/2028,"28 Corporate Circle
East Syracuse, NY 13057
(43.10551, -76.08379)"
Fulton Auto Salvage,277 Honey Hill Road,,Fulton,NY,13069,Oswego,7,3155925559,Steve Woodworth,,VDF - registration,[38V50009],Yes,381840,4799895,1 - No accuracy stated,End of Life Vehicles VDFs,38V50009,02/08/2022,02/07/2027,"277 Honey Hill Road
Fulton, NY 13069
(43.34418, -76.45734)"
Jeff Andrysick / Harvest & Artists Market,8383 Gallagher Rd,,Hammondsport,NY,14840,Steuben,8,6073829598,Jeff Andrysick,Private,Land application - septage - registration,[51A40023],Yes,318991,4707774,4.3 - Utilization of Digital Orthophoto Quads,Septage,51A40023,10/18/2024,10/18/2029,"8383 Gallagher Rd
Hammondsport, NY 14840
(42.49751, -77.1999)"
Grantson Farm,561 Gay Brook Rd,,Oneonta,NY,13820,Delaware,4,6078293413,David Grant,Private,Storage - manure & food processing waste - registration,[13A21201],Yes,495639,4673632,1 - No accuracy stated,Unrecognizable Food Processing Waste,13A21201,10/13/2023,10/12/2028,"561 Gay Brook Rd
Oneonta, NY 13820
(42.3938, -75.05344)"
HEIDELBERG MATERIALS NORTHEAST - NY LLC SKANEATELES PLANT,4800 State Street Road(NYS Route 321),,Skaneateles,NY,13060,Onondaga,7,3156853321,HEIDELBERG MATERIALS NORTHEAST - NY LLC,Private,CDDHRF - concrete; rock; brick; asphalt pavement or millings - registration,[34C90013],Yes,384319,4762388,4 - GIS Assisted,Asphalt;Concrete,34C10013,12/19/2023,01/14/2029,"4800 State Street Road(NYS Route 321)
Skaneateles, NY 13060
(43.00589, -76.41998)"
Philipstown (T) Recycling Center,59 Lane Gate Road,,Cold Spring,NY,10516,Putnam,3,8452655200,Town of Philipstown,Municipal,Transfer facility - source separated recyclables - registration,[40T30001],Yes,590720,4592518,,Single Stream;Food Scraps;Metals (Ferrous & Non-Ferrous),40T30001,12/04/2024,12/03/2028,"59 Lane Gate Road
Cold Spring, NY 10516
(41.42699, -73.9198)"
Knox (T) Transfer Station,155 Street Road,,Knox,NY,12009,Albany,4,5188722551,Town of Knox,Municipal,Transfer facility - less than 50 tpd - registration,[01T13201],Yes,572717,4726967,,MSW (Residential/Institutional & Commercial);Newspaper;Electronics;Commingled Plastics;Container Glass;Commingled Paper;Corrugated Cardboard,01T13201,09/13/2024,09/12/2029,"155 Street Road
Knox, NY 12009
(42.69202, -74.11259)"
EWG Glass Recovery & Recycle Corp (180th Street),107-28 180th Street,,Jamaica,NY,11433,Queens,2,7187397270,Edward Golebiewski III,Private,RHRF - registration,[41R30110],Yes,603337,4506470,4.2 - Utilization of GIS and existing spatial data,Glass,41R30110,02/04/2025,02/03/2030,"107-28 180th Street
Jamaica, NY 11433
(40.70191, -73.77614)"
J & J Auto Parts Inc,1317 County Road #7,,Clifton Springs,NY,14432,Ontario,8,5852899803,Joseph Sebastian & John Sebastian,Private,VDF - registration,[35V50002],Yes,322229,4759693,1 - No accuracy stated,End of Life Vehicles VDFs,35V50002,04/17/2024,04/16/2029,"1317 County Road #7
Clifton Springs, NY 14432
(42.96872, -77.18079)"
Baroni Recycling Inc,1913 Route 44,,Pleasant Valley,NY,12569,Dutchess,3,8457234151,Mike Baroni,Private,Scrap metal processor - registration,[14V30002],Yes,600014,4623041,,Scrap Metal - Non-ferrous ;Scrap Metal - Aluminum ;Scrap Metal - Ferrous,14V30002,03/05/2019,03/04/2024,"1913 Route 44
Pleasant Valley, NY 12569
(41.75317, -73.79674)"
Fenix Auto Parts Rochester LLC,2384 Creek Road,,Palmyra,NY,14522,Wayne,8,3155979800,STEVE BARKWELL,Private,VDF - registration,[59V51000],Yes,315540,4769630,,,59V51000,05/14/2018,05/13/2023,"2384 Creek Road
Palmyra, NY 14522
(43.05805, -77.26458)"
Waste-Connections 50th Street; Brooklyn,110-120 50th Street,,Brooklyn,NY,11233,Kings,2,7186803733,Waste Connections of NY,Private,Transfer facility - permit,[24TP0095],Yes,582989,4500352,,MSW (Residential/Institutional & Commercial),2-6102-00067/00004,04/04/2026,04/03/2036,"110-120 50th Street
Brooklyn, NY 11233
(40.65029, -74.01891)"
Norfolk LCD,Town of Norfolk,Joy Road,Norfolk,NY,13667,St. Lawrence,6,3153844911,Town of Norfolk,Municipal,Landfill - land clearing debris,[45D04],Yes,503995,4963185,4.3 - Utilization of Digital Orthophoto Quads,,45D04,10/06/2005,,
Liddle Holme Farm,58 Tripp Road,,Argyle,NY,12809,Washington,5,5183612233,New England Waste Services of ME. Inc; DBA Casella Organics,,Land application - UFPW - registration,[58A30028],Yes,624480,4790519,,Sludge (Papermill),58A30028,08/15/2025,08/14/2030,"58 Tripp Road
Argyle, NY 12809
(43.25738, -73.46564)"
Philadelphia Transfer Station,32893 State Route 11,,Philadelphia,NY,13673,Jefferson,6,3156420119,Town of Philadelphia,Municipal,Transfer facility - source separated recyclables - registration,[23T30028],Yes,442736,4888142,4.1 - Address Matching,Metals (Ferrous & Non-Ferrous);Commingled Paper & Containers;Commingled Plastics;Electronics;Paperboard/Boxboard;Office Paper;Newspaper;Container Glass,23T30028,11/21/2024,11/20/2029,"32893 State Route 11
Philadelphia, NY 13673
(44.14405, -75.7163)"
Niagara Metals LLC - Buffalo,761 Hertel Avenue,,Buffalo,NY,14207,Erie,9,7168735849,Niagara Metals,Private,VDF - registration,[15V50055],Yes,183334,4762013,1 - No accuracy stated,End of Life Vehicles VDFs,15V50055,07/01/2024,07/01/2029,"761 Hertel Avenue
Buffalo, NY 14207
(42.9461, -78.88124)"
Steele Cold Spring Pit,State Route 352,,Corning,NY,14830,Steuben,8,6077339664,Edger Civil and Utility; LLC.,,CDDHRF - uncontaminated soil sand gravel rock - registration,[51C60011],Yes,336756,4665625,4.2 - Utilization of GIS and existing spatial data,Soil (Clean);Sand;Gravel;Rock,51C60011,12/04/2024,12/03/2029,
Peoples II Inc,3250 Route 9W,,Highland,NY,12528,Ulster,3,8456918989,Michael Frankowski,Private,VDF - registration,[56V50003],Yes,586366,4623676,,End of Life Vehicles VDFs,56V50003,04/09/2019,04/08/2024,"3250 Route 9W
Highland, NY 12528
(41.76021, -73.96177)"
Alternatives Recycling Center,6641 Buyea Road,,Canastota,NY,13032,Madison,7,3153632372,Madison Cortland ARC,County,RHRF - registration,[27R30001],Yes,442628,4764782,4.3 - Utilization of Digital Orthophoto Quads,Glass;Metals (Ferrous);Metals (Aluminum);Commingled Paper;Plastics;Source Separated Recyclables (Metal/Glass/Paper/Plastic);Commingled Containers,27R20001,04/14/2023,05/04/2028,"6641 Buyea Road
Canastota, NY 13032
(43.03374, -75.7027)"
Westport Transfer Station,Ledge Hill Road,,Elizabethtown,NY,12993,Essex,5,5189624419,Essex County,County,Transfer facility - less than 50 tpd - registration,[16T10006],Yes,617430,4894623,,MSW (Residential/Institutional & Commercial),16T10006,07/25/2022,07/25/2027,
Gil Housel,120 Vine Lane,,Guilderland,NY,12303,Albany,4,5183567827,Gil Housel,Private,Landfill - land clearing debris,[01D01],Yes,586156,4732794,4.2 - Utilization of GIS and existing spatial data,,01D01,07/16/2010,,"120 Vine Lane
Guilderland, NY 12303
(42.74292, -73.94728)"
Seneca (T) Rural Transfer,3671 County Road 5,,Stanley,NY,14561,Ontario,8,8002273552,Town of Seneca,Municipal,Transfer facility - less than 50 tpd - registration,[35T10014],Yes,330375,4746548,,MSW (Residential/Institutional & Commercial);Commingled Recyclables;Bulk Metal;Industrial Scrap Metal;Single Stream,35T10014,03/26/2025,03/26/2030,"3671 County Road 5
Stanley, NY 14561
(42.85252, -77.07674)"
Hololob Industries Inc.,275 East Main Street,,Yaphank,NY,11980,Suffolk,1,6313108686,Edward Charles Hololob,Private,Composting - yard trimmings - registration,[52P10302],Yes,676453,4522726,4.3 - Utilization of Digital Orthophoto Quads,Yard Trimmings,52-0302,11/01/2021,11/01/2023,"275 East Main Street
Yaphank, NY 11980
(40.8372, -72.91001)"
WM Larned & Sons - 544 Burdeck,544 Burdeck St.,,Rotterdam,NY,12306,Schenectady,4,5183746961,WM M Larned & Sons; Inc.,Private,CDDHRF - uncontaminated soil sand gravel rock - registration,[47C62801],Yes,582283,4739492,1 - No accuracy stated,Soil (Clean);Sand;Rock;Gravel;Non-petroleum Contaminated Soil,47C92801,02/14/2025,02/13/2030,"544 Burdeck St.
Rotterdam, NY 12306
(42.80266, -73.99262)"
Johnson Gravel Pit,4110 Silver Springs Road,,Silver Springs,NY,14550,Wyoming,9,5857865880,Edward Hulme Inc.,Private,CDDHRF - concrete; rock; brick; asphalt pavement or millings - registration,[61C90013],Yes,246911,4731025,4.2 - Utilization of GIS and existing spatial data,Asphalt Millings,61C90013,08/05/2025,08/05/2030,"4110 Silver Springs Road
Silver Springs, NY 14550
(42.69005, -78.0891)"
Poland Sand & Gravel,8649 South Main Street,,Poland,NY,13431,Herkimer,6,3158263761,PSG Realty; LLC,Private,CDDHRF - uncontaminated soil sand gravel rock - registration,[22C60004],Yes,496206,4785400,1.1 - Obtained from original submission and unverified process,Sand;Soil (Clean);Gravel;Rock,22C60004,09/18/2020,09/17/2025,"8649 South Main Street
Poland, NY 13431
(43.21807, -75.05572)"
JMI Ripley SWMF,9087 Old Route 20,,Ripley,NY,14775,Chautauqua,9,7166645108,Jamestown Macadam; Inc.,Private,CDDHRF - concrete rock brick - registration,[07C10065],Yes,116914,4692370,4.2.1 - Utilization of GIS and Facility Mapping System,Concrete;Brick;Rock,07C10065,07/06/2023,07/06/2028,"9087 Old Route 20
Ripley, NY 14775
(42.29279, -79.65032)"
7505 Sandlot LLC,7505 Cox Lane,,Cutchogue,NY,11935,Suffolk,1,6312913456,Kenneth McAvoy,Private,CDDHRF - uncontaminated soil sand gravel rock - registration,[52C60405],Yes,710137,4545367,,Soil (Clean),52-0405,11/14/2023,11/13/2028,"7505 Cox Lane
Cutchogue, NY 11935
(41.03328, -72.49984)"
Gorham (T) Rural Transfer,3478 Lake to Lake Road,,Gorham,NY,14461,Ontario,8,5855265777,Town of Gorham,Municipal,Transfer facility - less than 50 tpd - registration,[35T10036],Yes,321488,4742259,,Single Stream;MSW (Residential/Institutional & Commercial);Electronics;Aluminum Foil / Trays;Tin & Aluminum Containers;Industrial Scrap Metal,35T10035,12/15/2025,12/15/2030,"3478 Lake to Lake Road
Gorham, NY 14461
(42.81155, -77.18353)"
Lewis Transfer Station - Elizabethtown,8181 Route 9,,Lewis,NY,12950,Essex,5,5188736650,Essex County,Municipal,Transfer facility - less than 50 tpd - registration,[16T10012],Yes,614062,4900800,4 - GIS Assisted,MSW (Residential/Institutional & Commercial),16T10012,07/29/2022,07/29/2027,"8181 Route 9
Lewis, NY 12950
(44.25119, -73.57117)"
G Frederico Wrecking Co LLC,62 Bickford Street,,Rochester,NY,14615,Monroe,8,,G. Frederico Wrecking Co LLC,Private,CDDHRF - concrete rock brick - registration,[28C10017],Yes,283180,4782910,4.2 - Utilization of GIS and existing spatial data,Concrete,28C10017,05/31/2019,05/30/2024,"62 Bickford Street
Rochester, NY 14615
(43.16739, -77.66739)"
Warrensburg Transfer Station,1 Dump Rd,,Warrensburg,NY,12885,Warren,5,5186233096,Town of Warrensburg,Municipal,Transfer facility - less than 50 tpd - registration,[57T10022],Yes,597799,4817645,,Construction & Demolition Debris;MSW (Residential/Institutional & Commercial);Corrugated Cardboard;Magazines;Newspaper;Commingled Paper & Containers;White Goods;Metals (Ferrous & Non-Ferrous),57T10022,03/31/2022,03/30/2027,"1 Dump Rd
Warrensburg, NY 12885
(43.50616, -73.78984)"
Heidelberg Materials Northeast- NY LLC; Bath,7235 Sand Pit Road,,Bath,NY,14810,Steuben,8,6077767962,Heidelberg Materials Northeast- NY LLC,Private,CDDHRF - concrete; rock; brick; asphalt pavement or millings - registration,[51C90039],Yes,307732,4691490,,Concrete,51C90039,03/26/2025,03/25/2030,"7235 Sand Pit Road
Bath, NY 14810
(42.35198, -77.33414)"
Crushmore LLC-Smith's Gravel Pit,7120 Sodus Center Road,,Sodus,NY,14551,Wayne,8,2035507207,Crushmore LLC,Private,CDDHRF - concrete rock brick - registration,[59C10010],Yes,334100,4785100,4.2 - Utilization of GIS and existing spatial data,Concrete,59C10010,12/09/2019,12/08/2024,"7120 Sodus Center Road
Sodus, NY 14551
(43.20139, -77.04465)"
F. X. Matt Brewing Co.; Inc.,811 Edward St.,,Utica,NY,13502,Oneida,6,3156242400,Alfred D.Matt,,Anaerobic digestion - registration,[33P50015],Yes,0,0,1 - No accuracy stated,Unrecognizable Food Processing Waste,33P50015,10/02/2024,10/01/2029,"811 Edward St.
Utica, NY 13502
(43.10387, -75.24428)"
Button Road Mine Site,49 Button Road,,Halfmoon,NY,12065,Saratoga,5,5183556034,Carver Sand & Gravel; LLC,Private,CDDHRF - concrete; rock; brick; asphalt pavement or millings - registration,[46C90027],Yes,606091,4744279,,Concrete;Brick;Rock;Asphalt Millings;Asphalt Pavement,46C90027,05/16/2024,05/15/2029,"49 Button Road
Halfmoon, NY 12065
(42.83981, -73.70223)"
Town of Babylon Car Hill,185 Edison Avenue,,West Babylon,NY,11704,Suffolk,1,6319573000,Town of Babylon,Municipal,Transfer facility - less than 50 tpd - registration,[52T10247],Yes,636576,4510400,4.3 - Utilization of Digital Orthophoto Quads,Construction & Demolition Debris,52T10247,03/08/2024,02/12/2029,"185 Edison Avenue
West Babylon, NY 11704
(40.7321, -73.38208)"
Yorktown (T) Compost,2200 Greenwood Street,,Yorktown,NY,10598,Westchester,3,9149625781,Town of Yorktown,Municipal,Composting - yard trimmings - registration,[60P10002],Yes,602008,4569311,,Yard Trimmings,60P10002,,,"2200 Greenwood Street
Yorktown, NY 10598
(41.28409, -73.7736)"
Lauricella's Cars of the Past Antique Auto Parts,12469 Roosevelt Highway,,Lyndonville,NY,14098,Orleans,8,5857659106,Paul Lauricella; Jr.,Private,VDF - registration,[37V50003],Yes,231395,4805193,4.2 - Utilization of GIS and existing spatial data,End of Life Vehicles VDFs;Enameled Appliances / White Goods;Scrap Metal - Aluminum,37V50003,11/26/2025,11/26/2030,"12469 Roosevelt Highway
Lyndonville, NY 14098
(43.34977, -78.31489)"
Simsmetal East; LLC,187 West River Road,,Frankfort,NY,13340,Herkimer,6,3157354451,Simsmetal East; LLC,Private,VDF - registration,[22V50003],Yes,487127,4770404,1 - No accuracy stated,End of Life Vehicles VDFs,22V50003,02/09/2024,02/08/2029,"187 West River Road
Frankfort, NY 13340
(43.08601, -75.15723)"
Swift River Associates; Inc. - Tonawanda,4051 River Road,,Tonawanda,NY,14150,Erie,9,7168750902,Swift River Associates; Inc.,Private,CDDHRF - concrete; rock; brick; asphalt pavement or millings - registration,[15C90111],Yes,179215,4766632,4.2 - Utilization of GIS and existing spatial data,Concrete;Asphalt Millings;Asphalt Pavement,15C90111,03/11/2024,03/11/2029,"4051 River Road
Tonawanda, NY 14150
(42.98377, -78.93504)"
OCRRA - Amboy Site,6296 Airport Road,,Camillus,NY,13209,Onondaga,7,3155156379,OCRRA,Municipal,Composting - source separated organic waste - permit,[34PP0046],Yes,397131,4770127,,,7-3120-00137,07/10/2023,07/09/2033,"6296 Airport Road
Camillus, NY 13209
(43.07594, -76.2683)"
Shanks Enterprises Inc Transfer Station,7639 Evergreen Street,,Lima,NY,14485,Livingston,8,5856242126,Shanks Enterprises Inc,Private,Transfer facility - permit,[26TP0019],Yes,287462,4753088,,MSW (Residential/Institutional & Commercial);Asbestos (Non-Friable);Corrugated Cardboard;Single Stream,8-2432-00038/00001,02/21/2017,12/31/2026,"7639 Evergreen Street
Lima, NY 14485
(42.90143, -77.6048)"
University at Buffalo (SUNY) Downtown Campus,955 Main Street,,Buffalo,NY,14203,Erie,9,7168295816,University at Buffalo (SUNY),State,RMW - treatment at site of generation RMW/BSL2,[15J80087],Yes,184079,4756955,4.2 - Utilization of GIS and existing spatial data,Regulated Medical Waste;Animal Waste;Cultures & Stocks,15J80087,01/08/2026,01/08/2031,"955 Main Street
Buffalo, NY 14203
(42.90004, -78.86969)"
City of Auburn Transfer Station,311 N. Division St.,,Auburn,NY,13021,Cayuga,7,3152554180,City of Auburn,,Transfer facility - less than 50 tpd - registration,[06T10031],Yes,370550,4756664,4 - GIS Assisted,MSW (Residential/Institutional & Commercial);Construction & Demolition Debris,06T10031,04/30/2024,07/25/2029,"311 N. Division St.
Auburn, NY 13021
(42.95164, -76.58725)"
Alpha Jamesville Facility,Ogle Road,,Jamesville,NY,13078,Onondaga,7,3154335115,Syracuse Sand and Gravel LLC,Private,Mulch processing - registration,[34M10002],Yes,411846,4761391,1.1 - Obtained from original submission and unverified process,Tree Debris;Wood (Chips),34M10002,01/28/2026,07/11/2029,
West Kingston Recycling Corp,642 Abeel Street,,Kingston,NY,12401,Ulster,3,8453313312,Florencio Coraizaca,Private,Vehicle Dismantling Facility,[56J13],Yes,582536,4639960,,,,,,"642 Abeel Street
Kingston, NY 12401
(41.90638, -74.0055)"
Frost Tree & Brush,286 Tidball Road,,Duanesburg,NY,12306,Schenectady,4,,Robert Frost,Private,Landfill - land clearing debris,[47D17],Yes,572069,4739249,1 - No accuracy stated,,47D17,,,"286 Tidball Road
Duanesburg, NY 12306
(42.80293, -74.11875)"
LB Auto Scrap,11401 State Line Road,,Pine City,NY,14871,Chemung,8,6075246313,Louis K. Braster,Private,VDF - small - registration,[08V20008],Yes,333379,4651821,,End of Life Vehicles VDFs,08V20008,12/21/2020,12/21/2025,"11401 State Line Road
Pine City, NY 14871
(42.00104, -77.01221)"
Long Lake Transfer Station & Recyclables Collection Site,Route 28N,,Long Lake,NY,12847,Hamilton,5,5186243001,Town of Long Lake,Municipal,RHRF - registration,[21R30007],Yes,549836,4869605,4 - GIS Assisted,Container Glass;Mixed Commercial;Plastic,21R30007,07/29/2022,07/29/2027,
Lardon Construction - Blasdell,202 Lake Avenue,,Blasdell,NY,14219,Erie,9,7168224642,Jonathan G. Palmer,Private,CDDHRF - uncontaminated unadulterated wood - registration,[15C50064],Yes,186540,4745821,4 - GIS Assisted,Wood (Unadulterated),15C50064,02/26/2024,02/26/2029,"202 Lake Avenue
Blasdell, NY 14219
(42.79735, -78.83224)"
Oneida-Herkimer Solid Waste Authority - Leland Ave. Ext.,80 Leland Avenue,,Utica,NY,13502,Oneida,6,3157380417,Oneida Herkimer SWA,Municipal,Landfill - land clearing debris,[33D19],Yes,484432,4772023,,,33D19,10/21/2002,,"80 Leland Avenue
Utica, NY 13502
(43.10685, -75.21213)"
Louisville TS,14810 State Highway 37,,Massena,NY,13662,St. Lawrence,6,3157695651,Town of Louisville,Municipal,Transfer facility - less than 50 tpd - registration,[45T10027],Yes,502626,4974190,4.1 - Address Matching,Other - Non-putrescible MSW,45T10027,11/20/2024,11/19/2029,"14810 State Highway 37
Massena, NY 13662
(44.92228, -74.96646)"
Little Valley (V) Landspreading,1 Creekside Drive,,Little Valley,NY,14755,Cattaraugus,9,7169386200,Village of Little Valley,Municipal,Land application - biosolids/septage/other - permit,[05AP0031],Yes,187834,468376,4 - GIS Assisted,,9-0454-00021/00004,11/07/2022,11/06/2027,
Moreau Transfer Station,1 Butler Road,,Moreau,NY,12828,Saratoga,5,5187988126,Town of Moreau,Municipal,Transfer facility - less than 50 tpd - registration,[46T10009],Yes,608899,4790606,,Yard Waste;MSW (Residential/Institutional & Commercial);Compost,46T10009,09/06/2023,09/05/2028,"1 Butler Road
Moreau, NY 12828
(43.25926, -73.65817)"
Dutchess County Resource Recovery Facility,98 Sand Dock Road,,Poughkeepsie,NY,12601,Dutchess,3,8454636020,Dutchess County Resource Recovery Agency,County,Combustion - permit,[14E01],Yes,588050,4611190,,MSW (Residential/Institutional & Commercial);Ash MSW Energy Recovery Combined;Bypass Waste (Unprocessible/Processible) ;Metals (Ferrous & Non-Ferrous),3-1346-00019/00015,04/23/2020,04/22/2025,"98 Sand Dock Road
Poughkeepsie, NY 12601
(41.6475, -73.94216)"
Harrys Auto Sales,182 County Highway 107,,Johnstown,NY,12095,Fulton,5,5187624941,Rob VanAernam,Private,Motor vehicle repair shop - registration,[18V40010],Yes,553193,4761899,,End of Life Vehicles VDFs,18V40010,03/06/2024,03/05/2029,"182 County Highway 107
Johnstown, NY 12095
(43.00849, -74.34728)"
Orangetown Bulk Waste TS,119 Route 303,,Orangeburg,NY,10962,Rockland,3,,Town of Orangetown,Municipal,Transfer facility - less than 50 tpd - registration,[44T10001],Yes,588750,4543389,,MSW (Residential/Institutional & Commercial);Corrugated Cardboard;Tree Debris;Metals (Ferrous & Non-Ferrous);Source Separated Organic Waste,44T10001,02/02/2023,02/01/2026,"119 Route 303
Orangeburg, NY 10962
(41.03812, -73.94615)"
Modern Landfill; Inc.,1445 Pletcher Road,,Model City,NY,14107,Niagara,9,7167548226,Modern Corporation,Private,Composting - SSO - registration,[32P20010],Yes,394195,1169402,,Food Scraps;Source Separated Organic Waste (SSOW),32P20010,12/17/2024,12/17/2029,"1445 Pletcher Road
Model City, NY 14107
(43.20882, -78.98108)"
Albano Farm's Old Farm,589 Matt Schwille Rd.,,Stamford,NY,12167,Delaware,4,6072878505,New England Waste Services of ME; Inc. DBA Casella Organics,Private,Land application - UFPW - registration,[13A35202],Yes,538489,4692100,,Sludge (Papermill),13A35202,04/23/2025,04/22/2030,
North Castle (T) Middle Patent Road Gravel Pit Leaf TS,47 Middle Patent Road,,Armonk,NY,10504,Westchester,3,9142733561,Town of North Castle,Municipal,Transfer facility - less than 50 tpd - registration,[60T10007],Yes,612183,4556722,,Yard Trimmings;Wood (Chips),60T10007,01/02/2024,01/01/2029,"47 Middle Patent Road
Armonk, NY 10504
(41.1552, -73.66255)"
Stony Creek Transfer & Recycling Center,Hill Road,,Stony Creek,NY,12878,Warren,5,5186965602,Town of Stony Creek,Municipal,Transfer facility - less than 50 tpd - registration,[57T10021],Yes,589351,4806501,,MSW (Residential/Institutional & Commercial);Construction & Demolition Debris;Commingled Paper & Containers;Metals (Ferrous & Non-Ferrous);Corrugated Cardboard;Magazines;Newspaper;Commingled Plastics,57T10021,03/15/2022,03/14/2027,
Ledge Creek Development; Inc.,10100 County Road,,Clarence Center,NY,14032,Erie,9,7167413174,10100 County Road Properties; LLC,Private,CDDHRF - uncontaminated soil sand gravel rock - registration,[15C60001],Yes,205760,4770750,,Sand;Rock;Soil (Clean),15C60001,08/15/2023,08/15/2028,"10100 County Road
Clarence Center, NY 14032
(43.03208, -78.61249)"
Suburban Septic and Excavating Service Inc,332 Main Street,,Kirkwood,NY,13795,Broome,7,6077753693,Suburban Septic,Private,Transfer facility - less than 50 tpd - registration,[04T10031],Yes,43396,4654718,4.1 - Address Matching,Septage,04T10031,02/24/2023,02/23/2028,"332 Main Street
Kirkwood, NY 13795
(42.04155, -75.79788)"
Albanos Precision Application,31850 Rt 23,,Stamford,NY,12167,Delaware,4,6072878505,Frank + Mark Albano,Private,Land application - Third Party CAFO Applier - registration,[13A62603],Yes,535329,4695266,,Manure,13A62603,02/07/2025,02/06/2030,"31850 Rt 23
Stamford, NY 12167
(42.41191, -74.57099)"
Crown Container Transfer Station,126-46 34 Avenue,,Flushing,NY,11368,Queens,2,7187859976,Chuan Jin Lin,Private,C&D processing - permit,[41W50],Yes,597598,4512768,,Construction & Demolition Debris;Metals (Ferrous);Metals (Non-Ferrous),2-6302-00006/00002,10/30/2017,10/29/2022,"126-46 34 Avenue
Flushing, NY 11368
(40.76027, -73.84369)"
Tom & Paul's Tire Trax; Inc.,1233 East Main Street,,Rochester,NY,14609,Monroe,8,5854822940,Tom Webster,Private,WTHRF - collection and storage - registration,[28W10011],Yes,290319,4781961,1 - No accuracy stated,Tire,28W10011,03/06/2019,03/05/2024,"1233 East Main Street
Rochester, NY 14609
(43.16107, -77.57917)"
Rose M Brewer Farm,3285 Center Rd.,,Ovid,NY,14521,Seneca,8,6078695096,Saramatt Greenway Farm LLC,Private,Land application - septage - registration,[50A40008],Yes,349354,4726960,1 - No accuracy stated,Septage,50A40008,03/03/2026,03/18/2030,"3285 Center Rd.
Ovid, NY 14521
(42.67259, -76.74042)"
#1 Auto Parts,2130 Route 14,,Geneva,NY,14456,Ontario,8,8002479253,John P. Sebastian,Private,VDF - registration,[35V50001],Yes,338588,4754896,,End of Life Vehicles VDFs,35V50001,03/15/2024,05/13/2028,"2130 Route 14
Geneva, NY 14456
(42.93046, -76.97884)"
Varick Transfer Station (Romulus),4782 Route 96,,Romulus,NY,14541,Seneca,8,3155852296,Town of Varick,Municipal,Transfer facility - less than 50 tpd - registration,[50T10004],Yes,349204,4739504,,MSW (Residential/Institutional & Commercial),50T10004,09/23/2019,09/23/2024,"4782 Route 96
Romulus, NY 14541
(42.79323, -76.84366)"
Prejean Winery,2634 Route 14,,Penn Yan,NY,14527,Yates,8,3155367524,Prejean Winery; Inc.,,Land application - UFPW - registration,[62A30007],Yes,340238,4722107,1 - No accuracy stated,Unrecognizable Food Processing Waste,62A30007,12/30/2024,12/29/2029,"2634 Route 14
Penn Yan, NY 14527
(42.63709, -76.94578)"
Riverhead CB LLC,1521 Roanoke Ave,,Riverhead,NY,11901,Suffolk,1,6317270170,Robert Terry,Private,CDDHRF - concrete rock brick - registration,[52C10251],Yes,695258,4534626,4.3 - Utilization of Digital Orthophoto Quads,Concrete;Brick;Rock,52-0251,09/17/2019,09/16/2024,"1521 Roanoke Ave
Riverhead, NY 11901
(40.93946, -72.68046)"
Boxcar Biofuel,1 Grange Alley,,Adams,NY,13605,Jefferson,6,,Paul M. Leeder,Private,Used cooking oil & yellow grease processing - registration,[23U10036],Yes,417682,4851149,3 - Global Positioning System (GPS),Used Cooking Oil,23U10036,09/13/2021,09/13/2022,"1 Grange Alley
Adams, NY 13605
(43.80865, -76.02405)"
Saratoga Springs Compost Facility,30 Weibel Avenue,,Saratoga Springs,NY,12866,Saratoga,5,5185873550,City of Saratoga Springs - DPW,Municipal,Composting - yard waste - permit,[46PP0015],Yes,602400,4771600,3.2 - Hand-Held Unit (post-processed; diff. corrected),Yard Trimmings,5-4115-00055/00005,12/12/2022,12/11/2027,"30 Weibel Avenue
Saratoga Springs, NY 12866
(43.08868, -73.74282)"
H.U.R.B. Landscaping; Inc.,4278 Albany Street,,Albany,NY,12205,Albany,4,5184645030,RUUM Enterprises; LLC,Private,CDDHRF - concrete; rock; brick; asphalt pavement or millings - registration,[01C90107],Yes,593065,4731478,4.1 - Address Matching,CARB (concrete; asphalt; rock; brick),01P10106,04/18/2024,04/17/2029,"4278 Albany Street
Albany, NY 12205
(42.73, -73.86312)"
CWMNY; Inc. Rochester Transfer,85 Silvarole Drive,,Rochester,NY,14623,Monroe,8,5852720731,Casella Waste Management of NY; Inc.,Private,CDDHRF - permit,[28CP0031],Yes,284282,4774005,4.2 - Utilization of GIS and existing spatial data,,8-2632-00365/00001,03/22/2024,03/21/2034,"85 Silvarole Drive
Rochester, NY 14623
(43.09022, -77.65109)"
Hurley TS          (T),1043 Dug Hill Road,,West Hurley,NY,12491,Ulster,3,8453384067,Town of Hurley,Municipal,Transfer facility - less than 50 tpd - registration,[56T10011],Yes,573831,4646345,,MSW (Residential/Institutional & Commercial);Commingled Paper & Containers;Yard Trimmings;Corrugated Cardboard;Metals (Ferrous & Non-Ferrous);Waste Tires;Food Scraps,56T10011,04/09/2024,04/08/2029,"1043 Dug Hill Road
West Hurley, NY 12491
(41.96601, -74.10836)"
St. Lawrence County Ogdensburg Transfer Station,522 CR 28A,,Ogdensburg,NY,13669,St. Lawrence,6,3153937501,St. Lawrence County,County,Transfer facility - permit,[45TP0018],Yes,466376,4950800,4.1 - Address Matching,Waste Tires;MSW (Residential/Institutional & Commercial);Construction & Demolition Debris,6-4050-00034/00004,11/08/2022,11/03/2027,"522 CR 28A
Ogdensburg, NY 13669
(44.71058, -75.42356)"
Hermon LCD,125 Washington Street,,Hermon,NY,13652,St. Lawrence,6,3153472050,Town of Hermon,Municipal,Landfill - land clearing debris,[45D11],Yes,481884,4924330,,,45D11,05/06/2014,,"125 Washington Street
Hermon, NY 13652
(44.47258, -75.22696)"
Bob's Used Cars,6 Tuscarora St. (mailing),2270 Williams Road (facility),Addison,NY,14801,Steuben,8,6075420410,Robert Hamilton,Private,Motor vehicle repair shop - registration,[51V40064],Yes,304336,4664585,4.2 - Utilization of GIS and existing spatial data,End of Life Vehicles VDFs,51V40064,09/16/2019,09/15/2024,"6 Tuscarora St. (mailing)
Addison, NY 14801
(42.10465, -77.23488)"
Inwood Material Terminal LLC ( IMT-Oceanside),4001 Daly Boulevard,,Oceanside,NY,11572,Nassau,1,,2128 Grove LLC,Private,CDDHRF - concrete rock brick - registration,[30C10167],Yes,614156,4497461,1 - No accuracy stated,Brick;Rock;Concrete,167,08/14/2023,08/08/2028,"4001 Daly Boulevard
Oceanside, NY 11572
(40.61893, -73.65072)"
Parmenter Inc,103 Railroad Street,,Odessa,NY,14869,Schuyler,8,6075947106,Ron Parmenter,Private,WTHRF - retreader - registration,[49W30008],Yes,352583,4688977,,Tire,49W30008,09/17/2019,09/17/2024,"103 Railroad Street
Odessa, NY 14869
(42.33896, -76.78966)"
Bristol Hill SLF,3125 State Route 3,,Fulton,NY,13069,Oswego,7,3155919200,Oswego County DSW,County,Landfill - MSW - permit,[38LS0002],Yes,391402,4800263,4.2 - Utilization of GIS and existing spatial data,Ash MSW Energy Recovery Combined;MSW (Residential/Institutional & Commercial);Asbestos (Friable & Non-Friable),7-3558-00012/00013,04/04/2017,04/03/2027,"3125 State Route 3
Fulton, NY 13069
(43.34756, -76.33687)"
Metalico Rochester - Scottsville Road,1515 Scottsville Road,,Chili,NY,14623,Monroe,8,5854360713,Metalico; Inc.,Private,VDF - registration,[28V50014],Yes,282000,4775750,4.2 - Utilization of GIS and existing spatial data,End of Life Vehicles VDFs,28V50014,02/29/2024,04/15/2029,"1515 Scottsville Road
Chili, NY 14623
(43.10341, -77.67889)"
Howbill Auto Parts; Inc. -  Belmont,4509 State Route 19 South,,Belmont,NY,14813,Allegany,9,7163078186,Michael Willson,Private,VDF - registration,[02V50010],Yes,252672,4675807,1 - No accuracy stated,End of Life Vehicles VDFs,02V50010,10/23/2023,10/23/2028,"4509 State Route 19 South
Belmont, NY 14813
(42.19547, -77.9955)"
Chaffee Landfill,10860 Olean Road,,Chaffee,NY,14030-9799,Erie,9,7164965192,Waste Management of New York LLC,Private,Landfill - MSW - permit,[15LS0025],Yes,212794,4720231,4.2 - Utilization of GIS and existing spatial data,MSW (Residential/Institutional & Commercial);Construction & Demolition Debris;Non-hazardous Waste;Industrial,9-1462-00001/00006,02/26/2025,08/08/2027,"10860 Olean Road
Chaffee, NY 14030-9799
(42.5825, -78.48801)"
PK Metals (Coram),3542 Route 112,,Coram,NY,11727,Suffolk,1,6317326403,Philip Fava,Private,Scrap metal processor - registration,[52V30240],Yes,668446,4525725,,Scrap Metal - Ferrous ;Scrap Metal - Aluminum ;Scrap Metal - Non-ferrous ;Stainless Steel,52R20240,10/14/2021,10/14/2026,"3542 Route 112
Coram, NY 11727
(40.85549, -73.00162)"
Augies Wholesale,3922 Route 67,,Eagle Bridge,NY,12057,Rensselaer,4,,Augustine Brownell Jr,Private,Mobile Vehicle Crushers,[42J00],Yes,635341,4751210,1 - No accuracy stated,,,,,"3922 Route 67
Eagle Bridge, NY 12057
(42.9499, -73.39397)"
Frank Robustello & Son Inc,380 North Long Beach Road,,Rockville Centre,NY,11570,Nassau,1,5167663500,Robust Realty Corp.,Private,C&D processing - registration,[30W30R],Yes,615978,4502653,4.3 - Utilization of Digital Orthophoto Quads,Concrete,30W30R,11/03/2003,,"380 North Long Beach Road
Rockville Centre, NY 11570
(40.66652, -73.62753)"
American Recyclers Co.; Inc,177 Wales Avenue,,Tonawanda,NY,14151,Erie,9,7166956720,Momentum of Buffalo; LLC,Private,Transfer facility - permit,[15TP0079],Yes,185552,4769900,4.2 - Utilization of GIS and existing spatial data,Industrial;Waste Oil (Other);Waste Tires;Used Oil;Used Oil Filters (drained),9-1416-00057/00001,12/30/2020,12/29/2030,"177 Wales Avenue
Tonawanda, NY 14151
(43.01647, -78.85902)"
Gershow Recycling (New Hyde Park),24 Denton Avenue,,New Hyde Park,NY,11040,Nassau,1,5167461081,Gershow Recycling Corporation,Private,VDF - registration,[30V50104],Yes,612221,4510587,1 - No accuracy stated,End of Life Vehicles VDFs,30-0104,11/21/2025,11/20/2030,"24 Denton Avenue
New Hyde Park, NY 11040
(40.73831, -73.67118)"
Newberry Transfer Station,Swan Hollow Road,,Alexandria Bay,NY,13607,Jefferson,6,3154829472,Blaine Newberry,Private,Transfer facility - permit,[23TP0039],Yes,428731,4909155,4 - GIS Assisted,Construction & Demolition Debris,6-2222-00291/00003,06/01/2024,05/31/2029,
Cape Vincent Transfer Station,33112 Wilson Road,,Cape Vincent,NY,13618,Jefferson,6,3156544734,Town of Cape Vincent,Municipal,Transfer facility - source separated recyclables - registration,[23T30026],Yes,397758,4886864,4.1 - Address Matching,Commingled Plastics;Container Glass;Commingled Paper & Containers;Paperboard/Boxboard;Metals (Ferrous & Non-Ferrous),23T30026,11/21/2024,11/20/2029,
Costa's Used Cars Inc,790 Gahbauer Road,,Mellenville,NY,12544,Columbia,4,5186724070,Mario Costa,Private,Vehicle Dismantling Facility,[11V52801],Yes,609811,4678743,,,,,,
Wait's Garage,153 Snyders Corner Rd,,Wynantskill,NY,12198-3125,Rensselaer,4,5182831432,Jeff Wait,Private,Vehicle Dismantling Facility,[42V53802],Yes,613875,4725534,,,,,,"153 Snyders Corner Rd
Wynantskill, NY 12198-3125
(42.67327, -73.60983)"
Mahoney Environmental Solutions LLC,1690 Roosevelt Ave.,,Bohemia,NY,11716,Suffolk,1,6316644306,Richard Christie,Private,Used cooking oil & yellow grease processing - permit,[52UP0443],Yes,657460,4516704,1 - No accuracy stated,Food Scraps;Used Cooking Oil;Water (Waste),1-4728-05099/00001,12/01/2025,11/30/2035,"1690 Roosevelt Ave.
Bohemia, NY 11716
(40.78627, -73.13341)"
Chesterfield Associates,56 South Country Rd.,,West Hampton Beach,NY,11978,Suffolk,1,6312885100,E. Davies Allan,Private,CDDHRF - concrete rock brick - registration,[52C10378],Yes,699515,4522136,4.3 - Utilization of Digital Orthophoto Quads,Soil (Clean);Metal (Structural);Other - Bank Run;CARB (concrete; asphalt; rock; brick),52-0378,04/15/2022,04/14/2027,"56 South Country Rd.
West Hampton Beach, NY 11978
(40.82392, -72.63377)"
Middletown (C) TS,159 Dolson Avenue,,Middletown,NY,10940,Orange,3,8453464130,City of Middletown,Municipal,Transfer facility - less than 50 tpd - registration,[36T10001],Yes,547971,4586486,,MSW (Residential/Institutional & Commercial),36T10001,02/14/2024,02/13/2029,"159 Dolson Avenue
Middletown, NY 10940
(41.42856, -74.42586)"
Speonk Earth Recycling LLC,60 5th Ave,,Speonk,NY,11972,Suffolk,1,6315868300,Alexander Porto,Private,CDDHRF - uncontaminated soil sand gravel rock - registration,[52C60319],Yes,694465,4523429,4.1 - Address Matching,Gravel;Rock;Sand;Soil (Clean),319,09/03/2025,09/10/2030,"60 5th Ave
Speonk, NY 11972
(40.83877, -72.6935)"
Winters Bros Waste Systems of LI LLC Excel TS,151 Peconic Avenue,,Medford,NY,11763,Suffolk,1,6312893335,Peter Casserly - Winter Brothers Waste Systems,Private,Transfer facility - permit,[52TP0233],Yes,669758,4520419,1.2 - Source system default coordinates; unverified for accuracy,,1-4722-00996/00005,10/12/2021,10/11/2026,"151 Peconic Avenue
Medford, NY 11763
(40.81655, -72.98691)"
Vince's U-pull-It Auto Parts & Recycling Inc.,8659 Old River Road,,Marcy,NY,13403,Oneida,6,3157689265,Vincent R. Surace,Private,VDF - registration,[33V50019],Yes,473929,4780594,,Waste Tire;End of Life Vehicles VDFs;Lead-acid Batteries,33V50019,12/12/2024,12/11/2029,"8659 Old River Road
Marcy, NY 13403
(43.17642, -75.32395)"
East Hampton Recycling & Disposal Center,260 Springs Fireplace Road,,East Hampton,NY,11937,Suffolk,1,6313247191,Town of East Hampton,Municipal,RHRF - permit,[52RP0255],Yes,737962,4541622,4.3 - Utilization of Digital Orthophoto Quads,Source Separated Recyclables (Metal/Glass/Paper/Plastic);Commingled Containers;Commingled Paper;Paper / Cardboard;Newspaper;Metal (Structural);Electronics;Waste Tires,1-4724-00127/00004,06/09/2025,06/08/2030,"260 Springs Fireplace Road
East Hampton, NY 11937
(40.98877, -72.16961)"
Shulman Company Inc,197 East Washington Ave,,Elmira,NY,14901,Chemung,8,6077337111,Stephen Shulman,Private,Scrap metal processor - registration,[08V30017],Yes,350453,4662544,,Scrap Metal - Aluminum ;Scrap Metal - Ferrous ;Scrap Metal - Non-ferrous,08V30017,01/08/2021,01/08/2026,"197 East Washington Ave
Elmira, NY 14901
(42.10096, -76.80915)"
Sims Metal - Auburn,6983 North Street Road,,Auburn,NY,13021,Cayuga,7,3152523006,Sims East LLC,Private,Motor vehicle repair shop - registration,[06V50023],Yes,372333,4757101,3.3 - Hand-Held Unit (real-time;diff. corrected),Decommissioned ELVs SMPs,06V50023,12/18/2023,12/18/2028,"6983 North Street Road
Auburn, NY 13021
(42.95582, -76.56619)"
Nuclear Diagnostic Products of New York,130 Commercial Street,Suite 1,Plainview,NY,11803,Nassau,1,5165754201,Pharmalogic Holding Corp.,Private,RMW - radiological storage - registration,[30J10134],Yes,629639,4516718,4.3 - Utilization of Digital Orthophoto Quads,Radioactive,30J10134,11/12/2025,11/11/2030,"130 Commercial Street
Plainview, NY 11803
(40.79109, -73.46342)"
Hi Vu Acres Storage Lagoon,3860 Batavia Elba Townline Road,,Oakfield (mailing),NY,14125,Genesee,8,5853441459,Hi-Vu Acres Properties; LLC,,Storage - biosolids/septage/other - permit,[19G04],Yes,237734,4770767,,,8-1824-00119/00001,09/18/2018,09/17/2028,"3860 Batavia Elba Townline Road
Oakfield (mailing), NY 14125
(43.04425, -78.2261)"
Advanced Waste Water Treatment Corp.,208 Route 109,,Farmingdale,NY,11735,Suffolk,1,6312493774,,,Nonspecific facility - permit,[52XP0269],Yes,633583,4508943,1 - No accuracy stated,,1-4720-00204/00007,10/29/2021,10/28/2026,"208 Route 109
Farmingdale, NY 11735
(40.72118, -73.42036)"
Casings; Inc. - Deyo Warehouse,Route 9W; PO Box 731,,Catskill,NY,12414-0731,Greene,4,5189439404,Casings; Inc.,Private,Waste tire storage - permit,[20K01],Yes,591624,4673841,,Waste Tires,4-1926-00108/00003,03/30/2010,08/31/2020,
Arthur Trovei & Sons Inc,82 Sleepy Hollow Road,,Sparrowbush,NY,12780,Orange,3,8456491142,Arthur Trovei,Private,VDF - registration,[36V50001],Yes,523496,4582841,,Catalytic Converters;End of Life Vehicles VDFs;Brake Fluid;Engine Coolant/Antifreeze;Power Steering Fluid;Gasoline;Scrap Metal - Ferrous ;Scrap Metal - Aluminum ;Mercury Switches;Refrigerant;Scrap Metal - Non-ferrous,36V50001,02/08/2024,02/07/2029,"82 Sleepy Hollow Road
Sparrowbush, NY 12780
(41.39666, -74.71907)"
Kinsella Quarry,8086 East Genesee Street,,Fayetteville,NY,13066,Onondaga,7,3156373390,T.H. Kinsella; Inc.,Private,CDDHRF - concrete rock brick - registration,[34C10034],Yes,421280,4765461,1 - No accuracy stated,Concrete;Brick,34C10034,06/05/2023,06/04/2028,"8086 East Genesee Street
Fayetteville, NY 13066
(43.03891, -75.96688)"
Yaphank Land Associates,275A East Main Street,,Yaphank,NY,11980,Suffolk,1,5169032121,Michael Gorman,Private,CDDHRF - concrete rock brick - registration,[52C10360],Yes,675982,4522809,,CARB (concrete; asphalt; rock; brick),52-0360,09/23/2021,09/23/2023,"275A East Main Street
Yaphank, NY 11980
(40.8372, -72.91001)"
Niagara Metals LLC - 41 Hannah St,41 Hannah St.,,Buffalo,NY,14206,Erie,9,7162425544,Niagara Metals; LLC,Private,VDF - registration,[15V50052],Yes,187524,4755058,4.2 - Utilization of GIS and existing spatial data,End of Life Vehicles VDFs,15V50052,03/22/2023,03/22/2028,"41 Hannah St.
Buffalo, NY 14206
(42.88402, -78.82567)"
Cox Industries LLC,135 Old Northport Road,,Kings Park,NY,11754,Suffolk,1,6318139976,Cox Industries LLC,Private,CDDHRF - permit,[52CP0354],Yes,645723,4525870,,Concrete;Brick;Rock,1-4734-00195/00004,01/10/2025,01/09/2030,"135 Old Northport Road
Kings Park, NY 11754
(40.87082, -73.27062)"
Five Points Transfer Station,6909 Toad Hollow Road,,Five Points,NY,14755,Cattaraugus,9,7169386450,Cattaraugus County DPW,County,Transfer facility - less than 50 tpd - registration,[05T10012],Yes,186944,4690251,,Commingled Plastics;Electronics;MSW (Residential/Institutional & Commercial);Corrugated Cardboard;Commingled Paper;Container Glass;Tin & Aluminum Containers;Waste Tires;Metals (Ferrous & Non-Ferrous),05T10012,02/26/2024,02/26/2029,"6909 Toad Hollow Road
Five Points, NY 14755
(42.30153, -78.79774)"
Bistrian Materials; Inc. d/b/a Calverton Materials,3968 Middle Country Road,,Calverton,NY,11933,Suffolk,1,6313691265,Bistrian Materials; Inc.,Private,CDDHRF - permit,[52CP0390],Yes,688610,4533439,4.3 - Utilization of Digital Orthophoto Quads,Asphalt;Brick;Asphalt Millings;Asphalt Pavement;CARB (concrete; asphalt; rock; brick);Concrete;Sand;Gravel;Rock;Soil (Clean);Mulch,1-4730-00597/00005,09/23/2024,09/22/2029,"3968 Middle Country Road
Calverton, NY 11933
(40.92778, -72.76002)"
Westville Hot Mix C&D Processing,379 Ferris Road,,Constable,NY,12926,Franklin,5,3157882037,Barrett Paving Materials; Inc.,Private,CDDHRF - concrete; rock; brick; asphalt pavement or millings - registration,[17C90015],Yes,547274,4976627,,Asphalt Millings;Asphalt Pavement,17C90015,02/24/2026,02/24/2031,"379 Ferris Road
Constable, NY 12926
(44.94054, -74.40003)"
Cicero Ready Mix Plant And Aggregate Storage Facility,770 Northern Boulevard,,Cicero,NY,13057,Onondaga,7,3154335115,Riccelli Northern LLC,Private,CDDHRF - asphalt pavement and millings - registration,[34C20077],Yes,411719,4777347,1 - No accuracy stated,Asphalt Millings;Asphalt Pavement,34C20077,02/07/2020,02/06/2025,
Rodman Transfer Station,20561 NYS Route 177,,Rodman,NY,13682,Jefferson,6,3152324293,Town of Rodman,Municipal,Transfer facility - source separated recyclables - registration,[23T30025],Yes,422854,4856716,4.1 - Address Matching,Container Glass;Commingled Paper;Commingled Plastics;Corrugated Cardboard;Paperboard/Boxboard;Electronics;Tin & Aluminum Containers,23T10025,09/29/2024,11/20/2029,"20561 NYS Route 177
Rodman, NY 13682
(43.85801, -75.95635)"
Li-Cycle; Inc.,1669 Lake Avenue,Building 350,Rochester,NY,14615,Monroe,8,6473300366,Li-Cycle; Inc.,Private,RHRF - greater than 5 tpd - registration,[28R20021],Yes,283380,4786530,,Other - Batteries;Other Non-Ferrous Scrap Metal;Electronics,28R20021,04/13/2022,03/26/2025,"1669 Lake Avenue
Rochester, NY 14615
(43.19776, -77.6306)"
Sullivan County TS/MRF Monticello,132 Landfill Drive,,Monticello,NY,12701,Sullivan,3,8458070261,Sullivan County,County,Transfer facility - permit,[53TP0002],Yes,527801,4610407,,Construction & Demolition Debris;MSW (Residential/Institutional & Commercial);Commingled Paper & Containers;Single Stream;Waste Tires;Corrugated Cardboard;Newspaper;Metals (Ferrous & Non-Ferrous);Electronics,3-4846-00079/00031,05/31/2023,05/30/2028,"132 Landfill Drive
Monticello, NY 12701
(41.64291, -74.66195)"
David Auto Wreckers Inc,1368 East Bay Ave,,Bronx,NY,10474,Bronx,2,7188930980,David Auto Wreckers; Corp.,Private,VDF - registration,[03V50125],Yes,594339,4518164,4.2 - Utilization of GIS and existing spatial data,Engine Coolant/Antifreeze;End of Life Vehicles VDFs;Lead-acid Batteries;Mix Coolant/Engine Oil/Washing Fluid/Water,03V50125,02/04/2025,02/03/2030,"1368 East Bay Ave
Bronx, NY 10474
(40.8092, -73.88176)"
Brookfield Resource at Montrose (nee Kaufman Auto Parts),2105 Albany Post Rd,,Montrose,NY,10548,Westchester,3,9149301626,Brookfield Resource Management,Private,Scrap metal processor - registration,[60V30001],Yes,589860,4566752,,Scrap Metal - Ferrous ;Scrap Metal - Non-ferrous,60V30001,02/13/2019,02/12/2023,"2105 Albany Post Rd
Montrose, NY 10548
(41.24698, -73.92757)"
Bedford (T) Yard Waste Composting Facility,115 Beaver Dam Rd,,Bedford Hills,NY,10507,Westchester,3,9149493244,Town of Bedford,,Mulch processing - permit,[60MP0001],Yes,608943,4566123,,,3-5520-00070/00002,12/15/2020,12/14/2025,"115 Beaver Dam Rd
Bedford Hills, NY 10507
(41.24544, -73.67238)"
AIM Recycling Erie; LLC,267 Marilla Street,,Buffalo,NY,14220,Erie,9,2162660518,AIM Recycling Erie; LLC,Private,Scrap metal processor - registration,[15V30051],Yes,186971,4749857,1 - No accuracy stated,Scrap Metal - Aluminum ;Scrap Metal - Ferrous ;Scrap Metal - Non-ferrous,15V30051,12/21/2021,12/21/2026,"267 Marilla Street
Buffalo, NY 14220
(42.83733, -78.82976)"
Saputo Cheese USA Inc,6701 County Road 20,,Friendship,NY,14739,Allegany,9,5859730785,Saputo Cheese USA Inc,Private,Land application - UFPW - registration,[02A30001],Yes,243025,4678335,4.3 - Utilization of Digital Orthophoto Quads,Unrecognizable Food Processing Waste,02A30001,08/14/2023,08/14/2028,"6701 County Road 20
Friendship, NY 14739
(42.21439, -78.11587)"
Shue Bros Excavating and Logging Inc.,3579 Kelpytown Road,,Port leyden,NY,13433,Lewis,6,3153486268,Ronald Shue,Private,Land application - Third Party CAFO Applier - registration,[25A60016],Yes,1,1,,Manure,25A600016,05/06/2024,05/06/2029,"3579 Kelpytown Road
Port leyden, NY 13433
(43.59925, -75.35397)"
Premier Metal; LLC,11 Cairn Street,,Rochester,NY,14611,Monroe,8,5854364021,Niagara Metals; LLC,Private,VDF - registration,[28V50030],Yes,283261,4780671,4.2 - Utilization of GIS and existing spatial data,End of Life Vehicles VDFs,28V50030,03/13/2023,03/12/2028,"11 Cairn Street
Rochester, NY 14611
(43.14556, -77.66327)"
Champion's Scrap Metals,2081 County Road 137,,Hector,NY,14841,Seneca,8,6075826485,Ralph Champion Sr.,Private,Scrap metal processor - registration,[50V30001],Yes,350013,4713284,,End of Life Vehicles VDFs,50V30001,09/18/2019,09/18/2024,"2081 County Road 137
Hector, NY 14841
(42.55676, -76.82836)"
Alfred - Almond Recycling Center and Transfer Station,394 Satterlee Hill Road,,Almond,NY,14804,Allegany,9,5852685415,Allegany County Department of Public Works,County,RHRF - registration,[02R30013],Yes,276301,4685629,1 - No accuracy stated,Commingled Paper;Container Glass;Paper / Cardboard;Aluminum Foil / Trays;Other - Batteries;Other Ferrous Scrap Metal;Other Non-Ferrous Scrap Metal;Other Aluminum Scrap Metal;Textiles;Plastic,02R30013,10/07/2024,10/07/2029,"394 Satterlee Hill Road
Almond, NY 14804
(42.28863, -77.74646)"
Perkins; LLC,4343 S Whalen Road,,Great Valley,NY,14741,Cattaraugus,9,7163786420,Perkins LLC,Private,CDDHRF - uncontaminated soil sand gravel rock - registration,[05C60016],Yes,195861,4677063,4 - GIS Assisted,Soil (Clean),05C60016,04/10/2024,04/10/2029,"4343 S Whalen Road
Great Valley, NY 14741
(42.18616, -78.68215)"
Alexander (t) Transfer Station,2815 Walker Road,,Alexander,NY,14005,Genesee,8,,Town of Alexander,Municipal,Transfer facility - less than 50 tpd - registration,[19T10002],Yes,231154,4757381,4 - GIS Assisted,Waste Tires;MSW (Residential/Institutional & Commercial);Commingled Plastics;Commingled Paper & Containers;Electronics;Other - Batteries,19T10002,01/24/2025,01/24/2030,"2815 Walker Road
Alexander, NY 14005
(42.92088, -78.29265)"
Con-Strux LLC (Westbury),702 Grand Boulevard,,Westbury,NY,11590,Nassau,1,5163333133,Con-Strux  LLC,Private,C&D processing - registration,[30W18R],Yes,620294,4512697,4.3 - Utilization of Digital Orthophoto Quads,Concrete;Asphalt;Brick;Soil (Clean);Rock,30W18R,11/19/1999,,"702 Grand Boulevard
Westbury, NY 11590
(40.75644, -73.57491)"
MEG Syracuse,532 State Fair Boulevard,,Syracuse,NY,13204,Onondaga,7,3154710305,Miller Environmental Group; Inc.,Private,Waste oil storage; reprocessing or rerefining facility,[34T75],Yes,403577,4768168,,,7-3115-00193/00009,10/12/2017,10/11/2027,"532 State Fair Boulevard
Syracuse, NY 13204
(43.061, -76.18373)"
Sambucci Bros. L.I. Inc.,1 South Denton Ave,,Garden City Park,NY,11040,Nassau,1,5167470250,Daniel Sambucci,Private,VDF - registration,[30V50172],Yes,612227,4510108,,End of Life Vehicles VDFs,30-0172,07/22/2024,07/21/2029,"1 South Denton Ave
Garden City Park, NY 11040
(40.7335, -73.67108)"
Power Recycling,4715 Route 30,,Amsterdam,NY,12010,Montgomery,4,5188433100,Power Pallet; Inc.,Private,Mulch processing - registration,[29M12001],Yes,539931,4759090,,Scrap Wood;Wood (Unadulterated Pallets);Wood (Unadulterated),29R32001,07/15/2024,07/14/2029,"4715 Route 30
Amsterdam, NY 12010
(42.98034, -74.18864)"
Ellisburg Transfer Station,14925 County Route 89,,Ellisburg (T),NY,13605,Jefferson,6,3154654076,Town of Ellisburg,Municipal,Transfer facility - source separated recyclables - registration,[23T30022],Yes,413180,4840106,4.1 - Address Matching,Commingled Plastics;Commingled Paper;Electronics;Corrugated Cardboard,23T30022,12/04/2024,11/20/2029,"14925 County Route 89
Ellisburg (T), NY 13605
(43.70861, -76.07726)"
A & T Consultants TS,29 Broad Street,,Binghamton,NY,13904,Broome,7,6077243805,Elbert Adams,Private,Transfer facility - permit,[04TP0001],Yes,426406,4663702,4.2 - Utilization of GIS and existing spatial data,Construction & Demolition Debris;MSW (Residential/Institutional & Commercial),7-0302-00129/00001,11/05/2019,11/04/2029,"29 Broad Street
Binghamton, NY 13904
(42.12249, -75.89011)"
2550 Manitou Road LLC,Manitou Road,,Gates,NY,14559,Monroe,8,5853703452,2550 Manitou Road LLC,Private,CDDHRF - asphalt roofing shingles - registration,[28C30028],Yes,276286,4782537,4.2 - Utilization of GIS and existing spatial data,Asphalt Roofing Shingle,28C30028,08/10/2022,08/09/2027,
Greener Pastures Composting,4070 Stiver Hill Road,,Branchport,NY,14418,Yates,8,,Jonathan Hunt,Private,Composting - roadkill/mortalities - registration,[62P30011],Yes,321059,4716960,4.1 - Address Matching,Source Separated Organic Waste (SSOW);Yard Trimmings;Animal Carcasses,62P30011,01/14/2021,01/13/2026,"4070 Stiver Hill Road
Branchport, NY 14418
(42.58399, -77.1734)"
Gernatt Asphalt Products; Inc. - Westfield Plant,7802 Persons Road,,Westfield,NY,14787,Chautauqua,9,7167933371,Gernatt Asphalt Products; Inc.,Private,CDDHRF - concrete; rock; brick; asphalt pavement or millings - registration,[07C90068],Yes,123647,4697437,,Brick;Concrete;Asphalt Millings;Asphalt Pavement,07C90068,04/03/2025,04/03/2030,"7802 Persons Road
Westfield, NY 14787
(42.33893, -79.5692)"
May Kam Auto Center Inc,59 Rector Street,,Staten Island,NY,10310,Richmond,2,7188159807,May Kam Auto Center Inc.,,VDF - registration,[43V50068],Yes,573767,4498652,4.2 - Utilization of GIS and existing spatial data,End of Life Vehicles VDFs,43V50068,01/28/2025,01/27/2030,"59 Rector Street
Staten Island, NY 10310
(40.63564, -74.12794)"
Paragon Recycling & Transfer Corp,35 Dale Steet,,West Babylon,NY,11704,Suffolk,1,6312491639,Paragon Recycling & Transfer Corp,Private,CDDHRF - permit,[52CP0362],Yes,635999,4510103,4.3 - Utilization of Digital Orthophoto Quads,Construction & Demolition Debris;Tree Debris;Metals (Ferrous);Metals (Non-Ferrous);Roofing Shingles;Wood (Unadulterated Pallets);Asphalt;Brick;Rock;Concrete;Paper / Cardboard;Plastics,1-4720-00581/00002,04/26/2023,04/25/2028,"35 Dale Steet
West Babylon, NY 11704
(40.73045, -73.38987)"
Alliance Auto Recycling LLC,807 Albin Avenue,,Lindenhurst,NY,11757,Suffolk,1,6318848444,Salvatore Ingardia,Private,VDF - registration,[52V50293],Yes,638747,4506759,4.3 - Utilization of Digital Orthophoto Quads,End of Life Vehicles VDFs,52-0293,09/17/2025,09/16/2030,"807 Albin Avenue
Lindenhurst, NY 11757
(40.69961, -73.35782)"
Omni Recycling of Westbury Inc,7 Portland Avenue,,Westbury,NY,11590,Nassau,1,5163335741,Anthony Core,Private,Transfer facility - permit,[30TP0158],Yes,620156,4512755,4.3 - Utilization of Digital Orthophoto Quads,MSW (Residential/Institutional & Commercial);Concrete;Soil (Clean);Wood (Chips);Metals (Ferrous & Non-Ferrous);Waste Tires;Construction & Demolition Debris;Commingled Paper & Containers;Yard Trimmings;Newspaper;Office Paper;Glass;Non-recyclable Scrap Plastic;Container Glass,1-2822-00487/00001,11/03/2022,11/02/2027,"7 Portland Avenue
Westbury, NY 11590
(40.75638, -73.57759)"
NYSDOH - Griffin Laboratory,Wadsworth Center; NYS Department of Health,5668 State Farm Road,Guilderland,NY,12084,Albany,4,5184856770,NYS Department of Health,State,Regulated medical waste - onsite treatment,[01Q03],Yes,589501,4725464,,,4-0130-00034/02001,04/03/2019,04/02/2029,
Watbro Recycling Inc,45 South Fourth Street,,Bayshore,NY,11706,Suffolk,1,6315868300,John Watral,Private,CDDHRF - concrete; rock; brick; asphalt pavement or millings - registration,[52C90442],Yes,644146,4513830,,,52-0442,10/08/2025,10/09/2030,"45 South Fourth Street
Bayshore, NY 11706
(40.76269, -73.29481)"
Jim Ski Construction,Transfer Station Road,,Fishers Island,NY,6390,Suffolk,1,8603343974,Jim Ski,Private,C&D processing - registration,[52W193],Yes,749445,4571434,4.3 - Utilization of Digital Orthophoto Quads,Asphalt;Brick;Concrete;Rock;Soil (Clean),52W193R,03/22/2017,,
Long Island Compost - Grucci Lane Mulch Facility,Horseblock Road & Grucci Lane,,Yaphank,NY,11980,Suffolk,1,,Long Island Compost Corp,,Mulch processing - permit,[52MP0346],Yes,111111,1111111,,,,,,"Horseblock Road & Grucci Lane
Yaphank, NY 11980
(40.80158, -72.92632)"
Caneadea Recycling Center and Transfer Station,9425 Molyneaux Road,,Caneadea,NY,14717,Allegany,9,5852685415,Allegany County Department of Public Works,County,Transfer facility - less than 50 tpd - registration,[02T10016],Yes,239221,4700437,4.2 - Utilization of GIS and existing spatial data,MSW (Residential/Institutional & Commercial);Other - Batteries;Textiles;Tin & Aluminum Containers;Metals (Ferrous & Non-Ferrous);Commingled Paper;Corrugated Cardboard;Commingled Plastics;Container Glass,02T10016,10/07/2024,10/07/2029,"9425 Molyneaux Road
Caneadea, NY 14717
(42.41204, -78.16861)"
US Gypsum,2844 Judge Road,,Oakfield,NY,14125,Genesee,8,5853445000,US Gypsum Company,Private,Landfill - industrial waste monofill - permit,[19LM0023],Yes,232189,4773736,,,8-1838-00007/00013,06/10/2014,06/09/2024,"2844 Judge Road
Oakfield, NY 14125
(43.07364, -78.29248)"
Parallel Products of New England Inc 136th St.,900 East 136th Street,,Bronx,NY,10454,Bronx,2,7185852030,Parallel Products of New England Inc,Private,RHRF - greater than 5 tpd - registration,[03R20131],Yes,592023,4517257,,Source Separated Recyclables (Metal/Glass/Paper/Plastic);Other Aluminum Scrap Metal;PET;Container Glass,03R20131,03/30/2023,03/29/2028,"900 East 136th Street
Bronx, NY 10454
(40.80124, -73.90901)"
Alliance Auto Parts Inc 50-16 72nd Street,50-16 72nd Street,,Woodside,NY,11377,Queens,2,7186723800,Salvatore Ingardia,Private,VDF - registration,[41V50128],Yes,593514,4510146,4.2 - Utilization of GIS and existing spatial data,Engine Coolant/Antifreeze;End of Life Vehicles VDFs;Lead-acid Batteries;Mix Coolant/Engine Oil/Washing Fluid/Water,41V50128,02/04/2025,02/03/2030,"50-16 72nd Street
Woodside, NY 11377
(40.73672, -73.89229)"
Town of Marilla Transfer Station,2500 Eastwood Road,,Marilla,NY,14102,Erie,9,7166527311,Town of Marilla,Municipal,Transfer facility - less than 50 tpd - registration,[15T10036],Yes,213926,4746322,1 - No accuracy stated,Commingled Recyclables;Container Glass;Corrugated Cardboard;Bulk Metal;Other - Batteries;Used Oil;Leaves & Grass;Electronics;Tree Debris;Single Stream,15T10036,04/12/2024,04/12/2029,"2500 Eastwood Road
Marilla, NY 14102
(42.81646, -78.49626)"
Leach's Custom Trash Service Transfer Station,1834 State Route 13 N,,Cortland,NY,13045,Cortland,7,6077537412,Leach's Custom Trash Service,Private,RHRF - registration,[12R30003],Yes,405355,4719939,,Paper/Cardboard;Metals (Aluminum);Metals (Non-Ferrous);Wood (Trees/Stumps);Metals (Ferrous);Commingled Containers;Electronics,12R10003,04/27/2023,05/04/2028,"1834 State Route 13 N
Cortland, NY 13045
(42.62614, -76.15437)"
Great Gardens LLC,445 Horseblock Road,,Yaphank,NY,11980,Suffolk,1,6312897312,Great Gardens LLC,Private,Mulch processing - permit,[52MP0323],Yes,675400,4518900,4 - GIS Assisted,Tree Debris;Wood (Unadulterated);Wood (Unadulterated Pallets),1-4722-03647/00001,07/18/2022,07/17/2027,"445 Horseblock Road
Yaphank, NY 11980
(40.79993, -72.91887)"
Recoverers of Manufactured Products,315 North St,,Middletown,NY,10940,Orange,3,2845775747,Frank Rezac,Private,WTHRF - seller - registration,[36W201],Yes,548981,4589403,,Tire,36W201,12/27/2024,06/18/2029,"315 North St
Middletown, NY 10940
(41.45498, -74.41336)"
Clifton Park Transfer Station,217 Vischer Ferry Road,,Clifton Park,NY,12065,Saratoga,5,5183716669,Town of Clifton Park,Municipal,Transfer facility - less than 50 tpd - registration,[46T10006],Yes,596129,4742251,,MSW (Residential/Institutional & Commercial);Construction & Demolition Debris;Waste Tires;Used Oil,46T10006,11/01/2023,10/31/2028,"217 Vischer Ferry Road
Clifton Park, NY 12065
(42.83638, -73.82164)"
Beichner Waste Services; Inc,5786 Route 380,,Sinclairville,NY,14782,Chautauqua,9,7169621020,John S. Dixon,Private,Transfer facility - source separated recyclables - registration,[07T30041],Yes,142709,4686917,4.2 - Utilization of GIS and existing spatial data,Corrugated Cardboard,07T30041,01/03/2024,01/03/2029,"5786 Route 380
Sinclairville, NY 14782
(42.25216, -79.33024)"
J.C. Rendering; Inc.,201 Jackson Road,,Frankfort,NY,13340,Herkimer,6,3157325759,Jason Caruso,Private,Nonspecific facility - permit,[22XP0015],Yes,484301,4765804,1 - No accuracy stated,,6-2126-00031/00002,03/01/2024,02/28/2034,"201 Jackson Road
Frankfort, NY 13340
(43.045, -75.19282)"
SM Gallivan Aggregates LLC,191 Watervliet Shaker Road,,Watervliet,NY,12189,Albany,4,,SM Gallivan Aggregates LLC,Private,CDDHRF - uncontaminated unadulterated wood - registration,[01C51802],Yes,605147,4730660,1 - No accuracy stated,Wood (Unadulterated),01C51802,06/24/2022,06/23/2027,"191 Watervliet Shaker Road
Watervliet, NY 12189
(42.72087, -73.71612)"
Trashmasters - Parmenter Inc,2640 SR 14,,Montour Falls,NY,14865,Schuyler,8,6075947106,Y-ALL Rite LLC,Private,RHRF - 5 tpd or less - registration,[49R10007],Yes,346700,4691577,,Single Stream,49R10007,06/25/2020,06/25/2025,"2640 SR 14
Montour Falls, NY 14865
(42.36139, -76.86255)"
Troup's Creek Auto Parts Corp,379 State Route 36,,Troupsburg,NY,14885,Steuben,8,6075256442,Dale LeBarron,Private,Mobile vehicle crusher - registration,[51V60072],Yes,291062,4654996,4.2.1 - Utilization of GIS and Facility Mapping System,End of Life Vehicles VDFs,51V60072,05/12/2025,05/11/2030,"379 State Route 36
Troupsburg, NY 14885
(42.019, -77.5226)"
Halfmoon Transfer Station,322 Route 146,,Halfmoon,NY,12065,Saratoga,5,5186643127,Town of Halfmoon,Municipal,RHRF - 5 tpd or less - registration,[46R10029],Yes,603665,4746632,,Newspaper;Paper/Cardboard;Metals (Ferrous),46R10029,03/31/2022,03/30/2027,"322 Route 146
Halfmoon, NY 12065
(42.86514, -73.73236)"
Manchester-Shortsville Composting,3980 NYS Route 96,,Manchester,NY,14504,Ontario,8,5852896018,Manchester - Shortsville,Private,Composting/other processing - biosolids/other,[35C01],Yes,318913,4760381,4.3 - Utilization of Digital Orthophoto Quads,Biosolids,8-3236-00013/00002,11/01/2018,10/31/2023,"3980 NYS Route 96
Manchester, NY 14504
(42.97402, -77.22076)"
Genesee Soil Recycling,6125 Genesee Street,,Lancaster,NY,14086,Erie,9,7166956720,Genesee Soil Recycling,Private,CDDHRF - permit,[15CP0101],Yes,205157,4760814,,Limited-Use Fill,15CP0101,01/30/2026,01/29/2036,"6125 Genesee Street
Lancaster, NY 14086
(42.94401, -78.61488)"
Oak Openings; LLC,1392 Oak Openings Road,,Avon,NY,14414,Livingston,8,5859251934,Dale Twardokus,Private,CDDHRF - asphalt pavement and millings - registration,[26C20005],Yes,282646,4755171,1 - No accuracy stated,Asphalt,26C20005,04/28/2020,04/28/2025,"1392 Oak Openings Road
Avon, NY 14414
(42.92078, -77.65627)"
Contento Auto Sales Inc.,230 Tiona Road,,Maine,NY,13802,Broome,7,6078623350,230 Tiona Road LLC,Private,VDF - registration,[04V50028],Yes,412384,4674675,,End of Life Vehicles VDFs,04V50028,04/10/2026,10/05/2030,"230 Tiona Road
Maine, NY 13802
(42.22016, -76.06127)"
Moriah Transfer Station,31 Joyce Road,,Moriah,NY,12974,Essex,5,5185468631,Town of Moriah,Municipal,RHRF - 5 tpd or less - registration,[16R10010],Yes,618131,4882223,,,16R10010,07/26/2022,07/26/2027,"31 Joyce Road
Moriah, NY 12974
(44.0834, -73.52613)"
Grafton Town Transfer Station,2379 State Route 2,PO Box 1,Grafton,NY,12082,Rensselaer,4,5182793565,Town of Grafton,Municipal,Transfer facility - less than 50 tpd - registration,[42T12601],Yes,627097,4736361,,MSW (Residential/Institutional & Commercial);Single Stream;Construction & Demolition Debris;Waste Tires,42T12601,12/19/2024,12/18/2029,"2379 State Route 2
Grafton, NY 12082
(42.76943, -73.44666)"
Marine Park Golf Course,2880 Flatbush Ave,,Brooklyn,NY,11234,Kings,2,9174009150,Michael Giordano,,Composting - source separated organic waste - registration,[24CG5],Yes,592078,4494913,1 - No accuracy stated,,24CG5,,,"2880 Flatbush Ave
Brooklyn, NY 11234
(40.60059, -73.91396)"
Sodus (V) Composting,6792 Mud Lane,,Sodus,NY,14531,Wayne,8,3154836631,Village of Sodus,Municipal,Composting/other processing - biosolids/other,[59C01],Yes,332755,4790671,4.3 - Utilization of Digital Orthophoto Quads,Biosolids,8-5442-00149/00003,04/01/2018,03/31/2023,"6792 Mud Lane
Sodus, NY 14531
(43.25206, -77.06072)"
Stericycle Inc - Gates,40 Industrial Park Circle,,Rochester,NY,14624,Monroe,8,8473675910,Stericycle Inc,Private,RMW - permit,[28JP0001],Yes,277082,4778809,,,8-2626-00112/00001,01/24/2024,01/23/2034,"40 Industrial Park Circle
Rochester, NY 14624
(43.12901, -77.74049)"
Allied Waste Niagara Falls Landfill,Allied/BFI Waste Systems of North America; Inc.,5600 Niagara Falls Boulevard,Niagara Falls,NY,14304,Niagara,9,7162853344,Allied/BFI Waste Systems of North America; Inc.,Private,Landfill - MSW - permit,[32S11],Yes,175230,4779955,4.2 - Utilization of GIS and existing spatial data,Ash (Coal-Bottom);Ash (Coal-Fly);Ash MSW Energy Recovery Combined;Ash (WWTP Sludge);Asbestos (Non-Friable);Construction & Demolition Debris;Sludge (Industrial);Asbestos (Friable);Waste Tires;MSW (Residential/Institutional & Commercial),9-2911-00119/00005,04/16/2013,11/30/2015,
Fore Recycling; Inc.,982 State Route 21,,Shortsville,NY,14548,Ontario,8,5852897400,Becks Recycling Solutions Inc.,Private,CDDHRF - permit,[35CP0008],Yes,318614,4761952,4.2 - Utilization of GIS and existing spatial data,Construction & Demolition Debris,35CP0008,08/21/2023,06/06/2026,"982 State Route 21
Shortsville, NY 14548
(42.98858, -77.22411)"
Upstone - Lewis Quarry,9198 Route 9,,Lewis,NY,12950,Essex,5,5185615321,Upstone Materials Inc,Private,CDDHRF - concrete; rock; brick; asphalt pavement or millings - registration,[16C90021],Yes,615614,4907777,1 - No accuracy stated,Asphalt Pavement;Construction & Demolition Debris;Asphalt Millings,16C90021,02/23/2026,02/23/2031,"9198 Route 9
Lewis, NY 12950
(44.31625, -73.54985)"
Sims Metal - Rome,7895 Tannery Road,,Rome,NY,13440,Oneida,6,3153372233,Simsmetal East LLC,Private,Scrap metal processor - registration,[33V30006],Yes,457150,4787983,,Scrap Metal - Ferrous ;Scrap Metal - Non-ferrous,33V30006,12/18/2023,03/05/2029,"7895 Tannery Road
Rome, NY 13440
(43.24304, -75.52838)"
Shawangunk TS,267 River Rd,,Wallkill,NY,12589,Ulster,3,8458952900,Town of Shawangunk,Municipal,Transfer facility - less than 50 tpd - registration,[56T10006],Yes,567827,4608512,,MSW (Residential/Institutional & Commercial);Commingled Paper & Containers;Corrugated Cardboard;Commingled Plastics,56T10006,02/28/2024,02/27/2029,"267 River Rd
Wallkill, NY 12589
(41.62551, -74.18567)"
National Waste Disposal Corp,9 Lincoln Ave,,Bayshore,NY,11706,Suffolk,1,6312420300,National Waste Disposal Corp,Private,CDDHRF - permit,[52CP0352],Yes,644718,4514705,4.3 - Utilization of Digital Orthophoto Quads,Construction & Demolition Debris,1-4728-00937/00004,08/24/2021,08/23/2026,"9 Lincoln Ave
Bayshore, NY 11706
(40.77049, -73.28537)"
White Post Wholesale Growers,100 Railroad Street,,Huntington Station,NY,11746,Suffolk,1,6312710147,John Brigati,Private,C&D processing - registration,[52W179R],Yes,633263,4523038,1 - No accuracy stated,Asphalt;Brick;Concrete;Rock;Soil (Clean),52W179R,11/25/2011,,"100 Railroad Street
Huntington Station, NY 11746
(40.8477, -73.41942)"
Orleans Transfer Station,18108 County Route 3,,Orleans (T),NY,13656,Jefferson,6,3156582537,Town of Orleans,Municipal,Transfer facility - source separated recyclables - registration,[23T30007],Yes,419605,4898783,,Electronics;Metals (Ferrous & Non-Ferrous);Commingled Paper;Commingled Plastics;Container Glass,23T30007,02/04/2024,02/03/2029,"18108 County Route 3
Orleans (T), NY 13656
(44.23853, -76.00767)"
Hauser Trucking,9 Crabapple Lane,,Watervliet,NY,12189,Albany,4,5182716100,Hauser Warehouse and Storage; Inc,Private,Transfer facility - less than 50 tpd - registration,[01T11801],Yes,42740,73711,2 - Manual Measurements,Yard Trimmings,01T11801,12/13/2022,12/12/2027,"9 Crabapple Lane
Watervliet, NY 12189
(42.73813, -73.70974)"
Parishville LCD,P.O. Box 155,,Parishville,NY,13672,St. Lawrence,6,,Town of Parishville,Municipal,Landfill - land clearing debris,[45D02],Yes,514769,4941718,4.1 - Address Matching,,45D02,01/12/2007,,
Hamlin (T) Transfer Station,4180 Brick Schoolhouse Road,,Hamlin,NY,14464,Monroe,8,5859642640,Town of Hamlin,Municipal,Transfer facility - less than 50 tpd - registration,[28T10010],Yes,261247,4799932,,MSW (Residential/Institutional & Commercial);Metals (Ferrous & Non-Ferrous),28T10010,02/26/2019,02/25/2024,"4180 Brick Schoolhouse Road
Hamlin, NY 14464
(43.31359, -77.94469)"
Clarkson Transfer Station,3078 Redman Road,,Clarkson,NY,14430,Monroe,8,5856371132,Town of Clarkson,Municipal,RHRF - registration,[28R30008],Yes,259343,4793956,4.2.1 - Utilization of GIS and Facility Mapping System,Commingled Containers;Commingled Paper;Container Glass;Other Ferrous Scrap Metal;Other Non-Ferrous Scrap Metal;Aluminum Foil / Trays,28R30008,07/03/2025,07/03/2030,"3078 Redman Road
Clarkson, NY 14430
(43.26021, -77.96653)"
VS Construction Aggregate Recycling Facility,180 Roa Hook Road,,Cortlandt Manor,NY,10567,Westchester,3,9147397362,Armando Santucci,Private,CDDHRF - uncontaminated soil sand gravel rock - registration,[60C60001],Yes,587894,4572266,,Soil (Clean);Sand;Gravel;Rock,60C10001,09/01/2022,08/31/2023,"180 Roa Hook Road
Cortlandt Manor, NY 10567
(41.29731, -73.94958)"
Liberty Bell Trucking,1341 Route 52,,Carmel,NY,10512,Putnam,3,8458789294,Liberty Bell Trucking,Private,C&D processing - registration,[40W04],Yes,609758,4596121,,Asphalt;Concrete;Construction & Demolition Debris,,,,"1341 Route 52
Carmel, NY 10512
(41.50916, -73.68399)"
Rich Thaine Repair,12517 Ridge Road,,Medina,NY,14103,Orleans,8,5857981234,Richard Thaine,Private,VDF - small - registration,[37V20005],Yes,231154,4797114,,End of Life Vehicles VDFs,37V20005,01/03/2020,01/03/2025,"12517 Ridge Road
Medina, NY 14103
(43.27844, -78.31376)"
Southold Recycling LLC d/b/a Twin Fork Environmental,92 Clay Pit Road,,Sag Harbor,NY,11963,Suffolk,1,6317251347,Southold Recycling LLC,Private,RHRF - permit,[52RP0228],Yes,726839,4539927,4.3 - Utilization of Digital Orthophoto Quads,Other Ferrous Scrap Metal;Aluminum Foil / Trays;Other Aluminum Scrap Metal;Paperboard/Boxboard;Other Non-Ferrous Scrap Metal,1-4736-08547-00001,10/21/2024,10/20/2029,"92 Clay Pit Road
Sag Harbor, NY 11963
(40.97936, -72.30425)"
Town of Skaneateles Transfer Station,1676 Old Seneca Turnpike,,Skaneateles,NY,13152,Onondaga,7,3155548091,Town of Skaneateles,Municipal,Transfer facility - less than 50 tpd - registration,[34T10060],Yes,386696,4759550,4.2 - Utilization of GIS and existing spatial data,MSW (Residential/Institutional & Commercial);Construction & Demolition Debris;Waste Oil (Other);Single Stream;Tree Debris;Clean Fill;Metals (Ferrous & Non-Ferrous),34T10060,07/25/2023,07/24/2028,"1676 Old Seneca Turnpike
Skaneateles, NY 13152
(42.98052, -76.39368)"
Corning Incorporated Sullivan Park,1 Science Center Drive,,Painted Post,NY,14830,Steuben,8,,Corning Incorporated,Private,Research Development & Demonstration - registration,[51Z10078],Yes,206328,239900,4.3 - Utilization of Digital Orthophoto Quads,Dross (Zinc Smelting);Ash (Coal);Tailings (Coal Mining),51Z10078,04/03/2026,04/02/2028,
Ron & Newts Sales & Service Inc,2452 Main Road; Box 249,,East Pembroke,NY,14056,Genesee,8,5857629122,Margaret Newton,Private,VDF - small - registration,[19V20017],Yes,229557,4765767,1 - No accuracy stated,Scrap Metal - Ferrous ;Scrap Metal - Non-ferrous ;Waste Tire;End of Life Vehicles VDFs,19V20017,01/20/2023,01/20/2028,
Halfmoon Transfer Station,322 Route 146,,Halfmoon,NY,12065,Saratoga,5,5186643127,Town of Halfmoon,Municipal,Transfer facility - less than 50 tpd - registration,[46T10029],Yes,603665,4746632,,MSW (Residential/Institutional & Commercial);Construction & Demolition Debris;Waste Oil (Other);Commingled Paper & Containers;Newspaper;Metals (Ferrous & Non-Ferrous);Waste Tires;Electronics,46T10029,03/31/2022,03/30/2027,"322 Route 146
Halfmoon, NY 12065
(42.86514, -73.73236)"
Momentum Materials Management,0 N. Industrial Park Road,,Bath,NY,14810,Steuben,8,,,,Nonspecific facility - permit,[51XP0009],Yes,310508,4692975,4.2 - Utilization of GIS and existing spatial data,,8-4624-00207/00001,01/05/2024,01/04/2034,
Attica Transfer Station,43 Exchange Street,,Attica,NY,14011,Wyoming,9,5855910464,Village of Attica,Municipal,Transfer facility - less than 50 tpd - registration,[61T10012],Yes,232216,4750725,4.2 - Utilization of GIS and existing spatial data,MSW (Residential/Institutional & Commercial);Waste Tires;Construction & Demolition Debris;Yard Trimmings;Corrugated Cardboard;Commingled Paper;Tin & Aluminum Containers;Commingled Plastics;Container Glass;Bulk Metal (from MSW),61T10012,04/03/2025,04/03/2030,"43 Exchange Street
Attica, NY 14011
(42.86059, -78.28023)"
Thomas Novelli Contracting (94-20 Merrick Blvd),94-20 Merrick Blvd,,Jamaica,NY,11433,Queens,2,7185234439,Enrico Novelli,Private,CDDHRF - permit,[41CP0057],Yes,601989,4506525,4.3 - Utilization of Digital Orthophoto Quads,Soil (Clean);Brick;Concrete;Construction & Demolition Debris,2-6307-00128/00004,04/18/2022,04/17/2027,"94-20 Merrick Blvd
Jamaica, NY 11433
(40.70344, -73.79209)"
JMI Stow Site SWMF,3357 Route 394,,North Harmony,NY,14710,Chautauqua,9,7166645108,Jamestown Macadam; Inc.,Private,CDDHRF - uncontaminated soil sand gravel rock - registration,[07C60066],Yes,135657,4675809,4.2 - Utilization of GIS and existing spatial data,Soil (Clean);Sand;Gravel;Rock,07C60066,01/18/2024,12/21/2028,"3357 Route 394
North Harmony, NY 14710
(42.15005, -79.40674)"
Leitz Gravel Pit,Gulf Road,,Frankfort,NY,13340,Herkimer,6,3157245527,Leitz Trucking Corp.,,CDDHRF - uncontaminated unadulterated wood - registration,[22C50014],Yes,486110,4762366,1.1 - Obtained from original submission and unverified process,Wood (Unadulterated),22C50014,03/25/2026,03/24/2031,
Leitz Gravel Pit,Gulf Road,,Frankfort,NY,13340,Herkimer,6,3157245527,Leitz Trucking Corp.,,CDDHRF - uncontaminated soil sand gravel rock - registration,[22C60014],Yes,486110,4762366,1.1 - Obtained from original submission and unverified process,Soil (Clean);Gravel;Rock;Sand,22C60014,03/25/2026,03/24/2031,
Olivieri Development Inc.,4337 Sowles Road,,Hamburg,NY,14075,Erie,9,7166492707,Darryl Olivieri,Private,CDDHRF - concrete; rock; brick; asphalt pavement or millings - registration,[15C90090],Yes,187497,4740205,4.2 - Utilization of GIS and existing spatial data,Concrete;Asphalt Millings;Asphalt Pavement,15C90090,05/10/2026,05/10/2031,"4337 Sowles Road
Hamburg, NY 14075
(42.75149, -78.81905)"
Fenix Parts - Horseheads Automotive Recycling LLC,1592 Sears Road,,Elmira,NY,14903,Chemung,8,6077393851,Don's Independent Salvage Company; LLC,Private,VDF - registration,[08V50005],Yes,346096,4668779,,End of Life Vehicles VDFs,08V50005,06/08/2023,06/08/2028,"1592 Sears Road
Elmira, NY 14903
(42.15585, -76.86267)"
New York Transmission & Used Auto Sales,49-08 25th Ave,,Woodside,NY,11377,Queens,2,7187772641,Grego Rio,Private,Vehicle Dismantling Facility,[7085594],Yes,592476,4513209,,,,,,"49-08 25th Ave
Woodside, NY 11377
(40.76445, -73.9042)"
Edward Arnold Scrap Processors Inc,2216 Angling Road,,Corfu,NY,14036,Genesee,8,5857629080,Edward Arnold Jr,Private,Scrap metal processor - registration,[19V30008],Yes,227805,4763946,1 - No accuracy stated,Scrap Metal - Ferrous ;Scrap Metal - Non-ferrous,19V30008,11/22/2019,11/22/2024,"2216 Angling Road
Corfu, NY 14036
(42.97954, -78.3377)"
Shoreline Recycling,55 New Street,,Oceanside,NY,11572,Nassau,1,5164324281,,,C&D processing - registration,[30W44R],Yes,736514,4068757,1 - No accuracy stated,,30W44R,,,"55 New Street
Oceanside, NY 11572
(40.637, -73.65889)"
Morris (T) Transfer Station,134 Card Road,,Morris,NY,13808,Otsego,4,6072632222,Town of Morris,,Transfer facility - less than 50 tpd - registration,[39T14201],Yes,481166,4710600,,MSW (Residential/Institutional & Commercial),39T14201,03/12/2024,03/11/2029,"134 Card Road
Morris, NY 13808
(42.54739, -75.22952)"
Dan's Sewer Inc./Clear Pond LLC,323 Burlingham Road,,Bloomingburg,NY,12721,Sullivan,3,8457334040,Duane Roe Jr,,Land application - septage - registration,[53L01],Yes,549011,4603038,,,,,,"323 Burlingham Road
Bloomingburg, NY 12721
(41.57516, -74.40965)"
Hampton Bays Transfer Station (Landfill Site),30 Jackson Avenue,,Hampton Bays,NY,11946,Suffolk,1,6317285210,Town of Southampton,Municipal,Composting - yard waste - permit,[52PP0300],Yes,707449,4528874,4.2 - Utilization of GIS and existing spatial data,Yard Trimmings;Woodchips,1-4736-08780/00001,08/04/2025,08/03/2035,"30 Jackson Avenue
Hampton Bays, NY 11946
(40.88759, -72.53985)"
Grasshopper Pit LCD Lf,Route 22 (West Side),,Chesterfield,NY,12944,Clinton,5,5188344617,Ray Jay Properties LLC,Private,Landfill - land clearing debris,[16D05],Yes,618981,4930230,1 - No accuracy stated,Land Clearing Debris,16D05,11/20/1997,,
Town of Kirkland,3701 State Rte 12B,,Clinton,NY,13323,Oneida,6,3158535082,Town of Kirkland,Municipal,RHRF - 5 tpd or less - registration,[33R10026],Yes,468064,4765162,,Other Ferrous Scrap Metal;Other Non-Ferrous Scrap Metal;Other Aluminum Scrap Metal;Electronics,33R10026,07/29/2021,07/28/2026,"3701 State Rte 12B
Clinton, NY 13323
(43.03827, -75.39154)"
Allegany Transfer Station,11 West Union Street,,Allegany,NY,14706,Cattaraugus,9,7163727822,Cattaraugus County DPW,County,Transfer facility - less than 50 tpd - registration,[05T10008],Yes,210519,4665914,,MSW (Residential/Institutional & Commercial);Electronics;Corrugated Cardboard;Commingled Plastics;Yard Trimmings;Commingled Paper;Textiles;Tin & Aluminum Containers;Container Glass,05T10008,02/26/2024,02/26/2029,"11 West Union Street
Allegany, NY 14706
(42.08949, -78.49617)"
Gedney Yard Recycling,87 Gedney Way,,White Plains,NY,10601,Westchester,3,9144221210,City of White Plains DPW,Municipal,Transfer facility - source separated recyclables - registration,[60T30001],Yes,603793,4543184,,Single Stream,60T30001,03/06/2025,03/05/2029,"87 Gedney Way
White Plains, NY 10601
(41.01378, -73.75722)"
Our Recycling Corp.,5 Grucci Lane,Yaphank,Brookhaven,NY,11706,Suffolk,1,6318394824,,,CDDHRF - permit,[52CP0447],Yes,674476,4520226,3.2 - Hand-Held Unit (post-processed; diff. corrected),Construction & Demolition Debris;Concrete;Brick;Asphalt;Soil (Clean);Rock,1-4722-06728/00001,01/17/2018,01/16/2023,"5 Grucci Lane
Brookhaven, NY 11706
(40.81383, -72.93299)"
Rotterdam (T) Yard Waste Drop Off Facility,23 W. Campbell Road,,Schenectady,NY,12306,Schenectady,4,5183557722,Town of Rotterdam,Municipal,Transfer facility - source separated recyclables - registration,[47T32801],Yes,582917,4739393,1 - No accuracy stated,Tree Debris;Yard Trimmings,47T12801,02/19/2026,03/27/2029,"23 W. Campbell Road
Schenectady, NY 12306
(42.80229, -73.98488)"
Colosse Junkyard and Scrap Recycling,3469 State Route 69,,Parish,NY,13131,Oswego,7,3155917484,Colosse Ventures,Private,Scrap metal processor - registration,[38V30039],Yes,405420,4808000,4 - GIS Assisted,Scrap Metal - Aluminum ;Scrap Metal - Ferrous ;Scrap Metal - Non-ferrous,38V30039,05/01/2025,04/30/2030,"3469 State Route 69
Parish, NY 13131
(43.42092, -76.16922)"
Shulman Company Inc,197 East Washington Ave,,Elmira,NY,14901,Chemung,8,6077337111,Stephen Shulman,Private,VDF - small - registration,[08V20017],Yes,350453,4662544,1 - No accuracy stated,End of Life Vehicles VDFs,08V20017,01/08/2021,01/08/2026,"197 East Washington Ave
Elmira, NY 14901
(42.10096, -76.80915)"
Monroe County Recycling Center,384 Lee Road,,Rochester,NY,14606,Monroe,8,5852540012,Monroe County,County,RHRF - greater than 5 tpd - registration,[28R21004],Yes,282163,4783470,1 - No accuracy stated,Source Separated Recyclables (Metal/Glass/Paper/Plastic);Paper / Cardboard;Newspaper;Office Paper;Plastics;Metals (Ferrous);Metals (Non-Ferrous);Single Stream,28R21004,03/03/2023,04/29/2028,"384 Lee Road
Rochester, NY 14606
(43.17257, -77.68026)"
Heidelberg Materials Northeast NY LLC - Scottsville Rd Plant,1535 Scottsville Rd,,Rochester,NY,14623,Monroe,8,5854363250,Heidelberg Materials Northeast NY LLC - Scottsville Rd Plan,Private,C&D processing - registration,[28W17],Yes,282043,4775803,1 - No accuracy stated,Concrete,28W17,,,"1535 Scottsville Rd
Rochester, NY 14623
(43.10171, -77.67706)"
Victor Insulators Inc,280 Maple Street,,Victor,NY,14564,Ontario,8,5859242127,Victor Insulators Inc,Private,Landfill - industrial waste monofill - permit,[35LM0037],Yes,303000,4760900,,,8-3248-00030/02001,07/11/2013,12/31/2023,"280 Maple Street
Victor, NY 14564
(42.97596, -77.41141)"
Hollenbeck Bros Auto Salvage,1433 State Route 30A,,Sloansville,NY,12160,Schoharie,4,5188682279,Kerrie Hollenbeck,Private,VDF - registration,[48V53001],Yes,554582,4734886,1 - No accuracy stated,Decommissioned ELVs SMPs,48V53001,02/17/2023,02/16/2028,"1433 State Route 30A
Sloansville, NY 12160
(42.76468, -74.33268)"
Carlsoncorp; Inc.,140 Old Northport Road,,Kings Park,NY,11754,Suffolk,1,6313684000,Toby Alan Carlson,Private,CDDHRF - permit,[52CP0368],Yes,644644,4526892,4.3 - Utilization of Digital Orthophoto Quads,Concrete;Rock;Brick;Soil (Clean);Asphalt;Other - Bank Run;Tree Debris;Wood (Unadulterated);Wood (Chips);Emergency Authorization Waste (Storm Debris);Construction & Demolition Debris,1-4734-00304/00005,02/07/2022,02/07/2027,"140 Old Northport Road
Kings Park, NY 11754
(40.87867, -73.28367)"
Abandon Brewing Company,2994 Merritt Hill Rd.,,Penn Yan,NY,14527,Yates,8,5857047989,Anthony Noto,,Land application - UFPW - registration,[62A30002],Yes,327385,4721954,1 - No accuracy stated,Unrecognizable Food Processing Waste,62A30002,02/25/2025,02/24/2030,"2994 Merritt Hill Rd.
Penn Yan, NY 14527
(42.63213, -77.1042)"
Peconic Environmental Services,100 Peconic Ave.,,Medford,NY,11763,Suffolk,1,6312896188,Peconic Environmental Services Corp,Private,Transfer facility - permit,[52TP0328],Yes,126656,238883,,Construction & Demolition Debris,1-4722-07052/00001,02/15/2023,02/14/2028,"100 Peconic Ave.
Medford, NY 11763
(40.81704, -72.98004)"
American Tree Company,1343 Bay Road,,Lake George,NY,12845,Warren,5,5187614636,Daniel Stranahan,Private,Landfill - land clearing debris,[57D0034],Yes,609300,4806747,4.3 - Utilization of Digital Orthophoto Quads,Land Clearing Debris,57D0034,07/07/2003,,"1343 Bay Road
Lake George, NY 12845
(43.3963, -73.6473)"
Greenville (T) Transfer Station,51 CR 26A,,Greenville,NY,12083,Greene,4,5189665055,Town of Greenville,Municipal,Transfer facility - less than 50 tpd - registration,[20T13201],Yes,581078,4696179,,MSW (Residential/Institutional & Commercial),20T13201,03/18/2019,03/18/2024,"51 CR 26A
Greenville, NY 12083
(42.41375, -74.0142)"
Bath Sanitary Landfill,5632 Turnpike Road,,Bath,NY,14810,Steuben,8,6077763191,Steuben County,County,RHRF - permit,[51RP0001],Yes,303935,4687722,1 - No accuracy stated,Source Separated Recyclables (Metal/Glass/Paper/Plastic),8-4624-00031/00010,02/18/2026,02/17/2036,"5632 Turnpike Road
Bath, NY 14810
(42.32411, -77.3842)"
Wilbert's PAP Hudson Valley; LLC,290 Crum Elbow Rd,P.O. Box 24,Hyde Park,NY,12538,Dutchess,3,8452292104,Richard Wilbert,Private,VDF - registration,[14V50002],Yes,593855,4627031,,End of Life Vehicles VDFs,14V50002,01/02/2025,01/02/2030,"290 Crum Elbow Rd
Hyde Park, NY 12538
(41.78985, -73.87008)"
Langevin Excavation,Twin Lakes Road,,Oswegatchie,NY,13670,St. Lawrence,6,3158483358,Bruce Langevin Jr.,Private,Land application - septage - registration,[45A40028],Yes,496052,4893042,4.1 - Address Matching,Septage,45A40028,11/20/2024,11/19/2029,
Dolomite Products Company; Inc. - Gates,1085 Buffalo Road,,Gates,NY,14624,Monroe,8,5852359292,Dolomite Products Company; Inc.,Private,CDDHRF - concrete; rock; brick; asphalt pavement or millings - registration,[28C90024],Yes,281809,4780703,4.2.1 - Utilization of GIS and Facility Mapping System,Asphalt Millings;Asphalt Pavement;Brick;CARB (concrete; asphalt; rock; brick);Concrete,28C90024,03/04/2026,03/04/2031,"1085 Buffalo Road
Gates, NY 14624
(43.14997, -77.68259)"
Lloyd TS (T),20Elmer Place,,Highland,NY,12528,Ulster,3,8452208123,Town of Lloyd,Municipal,Transfer facility - less than 50 tpd - registration,[56T10010],Yes,582452,4622511,,MSW (Residential/Institutional & Commercial);Commingled Paper & Containers;Corrugated Cardboard;Junk Mail;Magazines;Newspaper;Office Paper;White Goods;Metals (Ferrous & Non-Ferrous),56T10010,05/22/2025,05/21/2030,"20Elmer Place
Highland, NY 12528
(41.7518, -74.01349)"
Orleans LCD,East Line Tanners Rd; County Route 3,,Orleans,NY,13656,Jefferson,6,3156589920,Town of Orleans,Municipal,Landfill - land clearing debris,[23D23],Yes,440015,4884452,,Land Clearing Debris,23D23,04/05/2000,,
Cortland County West Side Extension,4708 Town Line Rd.,,McGraw,NY,13101,Cortland,7,6077568077,Cortland County,County,Landfill - MSW - permit,[12LS0001],Yes,412515,4720747,4.3 - Utilization of Digital Orthophoto Quads,MSW (Residential/Institutional & Commercial);Construction & Demolition Debris;Sewage Treatment Plant Sludge;Asbestos (Friable & Non-Friable),7-1122-00052/00007,11/12/2014,11/11/2024,"4708 Town Line Rd.
McGraw, NY 13101
(42.64741, -76.07151)"
FLX Grapes LLC DBA Weis Vineyards,10014 Day Road,,Hammondsport,NY,14840,Steuben,8,6072844255,Hans Peter Weis,Private,Land application - UFPW - registration,[51A30027],Yes,323959,4705050,4 - GIS Assisted,Unrecognizable Food Processing Waste,51A30027,06/27/2025,04/02/2030,"10014 Day Road
Hammondsport, NY 14840
(42.48494, -77.13762)"
Town of Kiantone Transfer Station,590 South Main Street Extension,,Jamestown,NY,14701,Chautauqua,9,7166645242,Town of Kiantone,Municipal,Transfer facility - less than 50 tpd - registration,[07T10039],Yes,149485,4661351,4.2 - Utilization of GIS and existing spatial data,MSW (Residential/Institutional & Commercial);Single Stream,07T10039,12/14/2023,12/14/2028,"590 South Main Street Extension
Jamestown, NY 14701
(42.02488, -79.23447)"
Calgon Carbon Corporation - 830 River Road,830 River Road,,North Tonawanda,NY,14120,Niagara,9,7165319113,Calgon Carbon Corporation,Private,Combustion - alternative fuel storage - registration,[32B40002],Yes,183208,4772721,4.2 - Utilization of GIS and existing spatial data,Spent Activated Carbon,32B40002,11/28/2023,11/28/2028,"830 River Road
North Tonawanda, NY 14120
(43.04162, -78.8889)"
Waste Connections of NY. Inc. - Canal Place,246 - 266 Canal Place,,Bronx,NY,10451,Bronx,2,7324829245,Waste Connections of NY. Inc.,Private,RHRF - greater than 5 tpd - registration,[03R20028],Yes,590417,4518489,4.2.1 - Utilization of GIS and Facility Mapping System,Clear Glass;Commingled Paper;Container Glass;Plastic;Other Ferrous Scrap Metal;Other Non-Ferrous Scrap Metal;Paperboard/Boxboard;Other Aluminum Scrap Metal,03R20028,12/05/2019,12/04/2024,"246 - 266 Canal Place
Bronx, NY 10451
(40.81262, -73.92799)"
Rapid Recovery Enterprises,2055 Flanders Road,,Flanders,NY,11901,Suffolk,1,5166352523,Scott Perlow,,Scrap metal processor - registration,[52V30350],Yes,702032,4530511,4.1 - Address Matching,,52V50350,09/03/2025,09/02/2030,"2055 Flanders Road
Flanders, NY 11901
(40.90117, -72.60096)"
Union (T) TS & RHRF,627 Scarborough Drive,,Endwell,NY,13760,Broome,7,6077862952,Town of Union,Municipal,Transfer facility - less than 50 tpd - registration,[04T10036],Yes,414967,4661670,4.1 - Address Matching,Construction & Demolition Debris;Waste Tires,34T10036,05/09/2023,05/10/2028,"627 Scarborough Drive
Endwell, NY 13760
(42.10251, -76.0287)"
Vogel Pit #1,Tamarack Road,,Lake Pleasant,NY,12108,Hamilton,5,5185485995,Donald Vogel,Private,Landfill - land clearing debris,[21D09],Yes,544997,4813288,,Land Clearing Debris,21D09,01/20/2006,,
Keith Brothers Dairy,555 Mason Road,,Waterville,NY,13480,Oneida,6,3158418225,Dustin Keith,,Land application - UFPW - registration,[33A30009],Yes,465534,4748689,1 - No accuracy stated,Unrecognizable Food Processing Waste;Manure,33A30009,02/22/2024,02/21/2029,"555 Mason Road
Waterville, NY 13480
(42.89002, -75.42204)"
Weitsman Recycling - Owego Division,15 West Main Street,P O Box 420,Owego,NY,13827,Tioga,7,6076872780,Ben Weitsman & Sons Inc,Private,VDF - registration,[54V50015],Yes,394989,4661784,,End of Life Vehicles VDFs,54V50015,05/24/2023,06/27/2028,"15 West Main Street
Owego, NY 13827
(42.10011, -76.27065)"
Lockwood Ash Disposal Site,Swarthout Road,,Dresden,NY,14441,Yates,8,,Lockwood Hills LLC,Private,Landfill reclamation - registration,[62L10021],Yes,339524,4726685,,Ash (Coal-Fly),62L10021,04/09/2026,03/17/2031,
Stiles Used Auto Parts,11 Old State Road,PO Box 163,Dekalb Junction,NY,13630,St. Lawrence,6,3153472061,Rick Stiles,Private,VDF - registration,[45V50008],Yes,478526,4928413,4.1 - Address Matching,End of Life Vehicles VDFs,45V50008,11/15/2024,11/14/2029,"11 Old State Road
Dekalb Junction, NY 13630
(44.50882, -75.27027)"
Rochester Gas & Electric Corp,89 East Ave.  (mailing),Mt. Read Blvd.,Rochester,NY,14649,Monroe,8,5855462700,RG&E,Private,Waste oil storage; reprocessing or rerefining facility,[28O02],Yes,283550,4780958,1 - No accuracy stated,,8-2614-00453/00003,10/23/2017,10/23/2027,"89 East Ave.  (mailing)
Rochester, NY 14649
(43.15643, -77.60181)"
Ben's Downtown Tire,50 Sycamore Street,,Buffalo,NY,14203,Erie,9,7168941483,Bennie Caudle,Private,WTHRF - seller - registration,[15W20100],Yes,184158,4755763,4 - GIS Assisted,Tire,15W20100,01/18/2022,01/17/2027,"50 Sycamore Street
Buffalo, NY 14203
(42.88852, -78.86816)"
Swarthout Recycling LLC,1514 County Road 19,,Beaver Dams,NY,14812,Schuyler,8,6079360013,Brian Swarthout,Private,Scrap metal processor - registration,[49V30006],Yes,338770,4685717,,Scrap Metal - Aluminum ;Scrap Metal - Ferrous ;Scrap Metal - Non-ferrous ;Enameled Appliances / White Goods,49V30006,05/23/2025,05/23/2030,"1514 County Road 19
Beaver Dams, NY 14812
(42.30714, -76.957)"
Parallel Products of New England 138th St.,900 East 138th Street,,Bronx,NY,10454,Bronx,2,7185852030,PESC,Private,RHRF - permit,[03M42],Yes,592111,4517393,4.3 - Utilization of Digital Orthophoto Quads,Source Separated Recyclables (Metal/Glass/Paper/Plastic);Other Aluminum Scrap Metal;PET;Plastics,2-6007-00046/00004,12/23/2019,11/08/2023,"900 East 138th Street
Bronx, NY 10454
(40.80249, -73.90791)"
VS Construction Aggregate Recycling Facility,180 Roa Hook Road,,Cortlandt Manor,NY,10567,Westchester,3,9147397362,Armando Santucci,Private,CDDHRF - concrete rock brick - registration,[60C10001],Yes,587894,4572266,1 - No accuracy stated,Concrete;Rock;Brick,60C10001,09/01/2022,08/31/2023,"180 Roa Hook Road
Cortlandt Manor, NY 10567
(41.29731, -73.94958)"
Ashpa Transfer LLC,1264 Viele Avenue,,Bronx,NY,10474,Bronx,2,7189917700,Jack Guttman,Private,CDDHRF - permit,[03CP0035],Yes,593963,4517859,2.1 - NYSDEC 100 m grid collection,Construction & Demolition Debris,2-6007-00231/00001,07/20/2022,07/19/2027,"1264 Viele Avenue
Bronx, NY 10474
(40.8066, -73.886)"
Hempstead Resource Recovery Facility,600 Merchants Concourse,,Westbury,NY,11590,Nassau,1,5166835400,Covanta Hempstead Company,Private,Combustion - permit,[30BP0183],Yes,619005,4510657,4.2 - Utilization of GIS and existing spatial data,Industrial;MSW (Residential/Institutional & Commercial),1-2820-01727/00031,12/02/2015,12/01/2020,"600 Merchants Concourse
Westbury, NY 11590
(40.73835, -73.59349)"
Colchester (T) TS,13946 State Highway 30,,Downsville,NY,13755,Delaware,4,6073637169,Town of Colchester,Municipal,Transfer facility - source separated recyclables - registration,[13T32401],Yes,499385,4657734,1 - No accuracy stated,Commingled Paper;Corrugated Cardboard;Electronics,13T32401,09/15/2023,09/13/2028,"13946 State Highway 30
Downsville, NY 13755
(42.07191, -75.00755)"
North Tonawanda Department of Public Works,758 Erie Avenue,,North Tonawanda,NY,14120,Niagara,9,7166958585,City of North Tonawanda,Municipal,Transfer facility - less than 50 tpd - registration,[32T10006],Yes,185620,4772770,4 - GIS Assisted,MSW (Residential/Institutional & Commercial);Single Stream,32T10006,01/08/2024,01/08/2029,"758 Erie Avenue
North Tonawanda, NY 14120
(43.0434, -78.85922)"
Gro Max; LLC,111 Swiss Farm Road,,Hudson,NY,12534-3719,Columbia,4,5186720168,Green Renewable Inc,Private,Composting - yard trimmings - registration,[11P10601],Yes,609925,4676232,3 - Global Positioning System (GPS),,11P20602,11/15/2023,11/14/2028,"111 Swiss Farm Road
Hudson, NY 12534-3719
(42.23096, -73.66808)"
Troy Resource Management Facility,East Industrial Parkway and Main Street,,Troy,NY,12180,Rensselaer,4,,Troy Local Development Corporation,Municipal,RHRF - 5 tpd or less - registration,[42R11701],Yes,606507,4729264,1.1 - Obtained from original submission and unverified process,Source Separated Recyclables (Metal/Glass/Paper/Plastic),42R11701,01/06/2021,01/06/2026,"East Industrial Parkway and Main Street
Troy, NY 12180
(42.7084, -73.69978)"
Corazzini Asphalt; Inc.,6245 Cox Lane,,Cutchogue,NY,11935,Suffolk,1,6317345600,Corazzini Asphalt; Inc.,Private,CDDHRF - uncontaminated soil sand gravel rock - registration,[52C60280],Yes,710319,4545262,4.3 - Utilization of Digital Orthophoto Quads,Soil (Clean);Sand;Gravel,52-0280,12/04/2024,12/03/2029,"6245 Cox Lane
Cutchogue, NY 11935
(41.03179, -72.49831)"
Westchester County Household Material Recovery Facility,Grasslands Campus,15 Woods Road,Valhalla,NY,10595,Westchester,3,,Westchester County,County,HHW collection facility - permit,[60Z02],Yes,600680,4548149,1 - No accuracy stated,,3-5534-00329/00001,04/10/2024,04/09/2029,
Mid Island Auto Wreckers Inc. (Riverhead),31 Kroemer Avenue,,Riverhead,NY,11901,Suffolk,1,6313697998,David Marro,Private,VDF - registration,[52V50287],Yes,693058,4532309,,End of Life Vehicles VDFs,52V50287,10/07/2020,10/06/2025,"31 Kroemer Avenue
Riverhead, NY 11901
(40.9186, -72.70753)"
K & R Salvage Inc.,11471 Jennings Road,,Lawtons,NY,14091,Erie,9,7163373109,Karl Herc,Private,VDF - registration,[15V50030],Yes,182325,4720117,1 - No accuracy stated,End of Life Vehicles VDFs,15V50030,01/09/2024,01/09/2029,"11471 Jennings Road
Lawtons, NY 14091
(42.56758, -78.87165)"
Brookhaven Waste Management Facility,350 Horseblock Road,,Yaphank,NY,11719,Suffolk,1,6312868551,Town of Brookhaven,Municipal,Transfer facility - less than 50 tpd - registration,[52T10226],Yes,675340,4518324,,Leaves & Grass,52T10226,03/30/2023,03/21/2025,"350 Horseblock Road
Yaphank, NY 11719
(40.80001, -72.92581)"
S&S Sanitation,4562 State Route 37,,Malone,NY,12953,Franklin,5,5186516345,Gaylord Snyder,Private,Land application - septage - registration,[17A40002],Yes,551044,4972193,4.3 - Utilization of Digital Orthophoto Quads,Septage,17A40002,07/25/2024,07/25/2029,"4562 State Route 37
Malone, NY 12953
(44.90474, -74.35586)"
Barber Farms,3125 County Route 8,,Montour Falls,NY,14865,Schuyler,8,6013196619,David Barber,Private,Land application - septage - registration,[49A40027],Yes,349295,4691939,4.2.1 - Utilization of GIS and Facility Mapping System,Septage,49A40027,10/17/2025,05/02/2030,"3125 County Route 8
Montour Falls, NY 14865
(42.38508, -76.84211)"
Gershow Recycling of Freeport,143 Hanse Avenue,,Freeport,NY,11520,Nassau,1,5166340644,Gershow Recycling of Freeport Inc,Private,VDF - registration,[30V50102],Yes,620800,4500610,,,30V50102,12/15/2018,12/14/2021,"143 Hanse Avenue
Freeport, NY 11520
(40.64728, -73.57158)"
Csizmar's Junkyard,6192 Greig Road,,Glenfield,NY,13343,Lewis,6,3153461663,Joseph Csizmar,Private,Scrap metal processor - registration,[25V30007],Yes,468437,4839655,1 - No accuracy stated,,25V50007,08/02/2024,08/01/2029,"6192 Greig Road
Glenfield, NY 13343
(43.70898, -75.39176)"
Byrd Construction Corporation,7442 State Route 22,,Granville,NY,12832,Washington,5,5186420582,John C Ptacek III,Private,CDDHRF - concrete rock brick - registration,[58C10021],Yes,640322,4797675,,Wood (Clean);Concrete;Brick;Rock,58C10021,04/12/2022,04/11/2027,"7442 State Route 22
Granville, NY 12832
(43.31896, -73.26976)"
Merrick Transfer Station,1600 Merrick Road,,Merrick,NY,11566,Nassau,1,5163784210,Town of Hempstead Department of Sanitation,Municipal,Transfer facility - permit,[30TP0151],Yes,621467,4501204,4.2 - Utilization of GIS and existing spatial data,Commingled Paper & Containers;MSW (Residential/Institutional & Commercial);White Goods;Concrete;Construction & Demolition Debris;Metals (Ferrous & Non-Ferrous);Waste Tires;Yard Trimmings,1-2820-01318/00004,01/05/2022,01/04/2027,"1600 Merrick Road
Merrick, NY 11566
(40.65365, -73.56317)"
Village Motors Auto Sales; LLC,44 Old Mohawk St,,Whitesboro,NY,13492,Oneida,6,,Matthew Shannon,,Mobile vehicle crusher - registration,[33V60034],Yes,476650,4774746,1 - No accuracy stated,End of Life Vehicles VDFs,33V60034,05/01/2023,04/30/2028,"44 Old Mohawk St
Whitesboro, NY 13492
(43.12465, -75.2874)"
Pro Asphalt LLC,800 Canal Street,7 Edison Avenue,Mount Vernon,NY,10550,Westchester,3,9146993370,Pro Asphalt LLC,Private,C&D processing - registration,[60W35],Yes,599262,4527987,,,,,,"800 Canal Street
Mount Vernon, NY 10550
(40.89708, -73.82121)"
West County Transfer Station,121 Osborne St,,Sherman,NY,14781,Chautauqua,9,7167616565,Chautauqua County DPF,County,Transfer facility - permit,[07TP0067],Yes,616250,4667500,,,9-0666-00019/00003,12/19/2025,12/18/2035,"121 Osborne St
Sherman, NY 14781
(42.15133, -79.5919)"
Oneida-Herkimer Solid Waste Authority - Leland Ave. Ext.,80 Leland Avenue,,Utica,NY,13502,Oneida,6,3157380417,Oneida Herkimer SWA,Municipal,HHW collection facility - permit,[33HP0002],Yes,484432,4772023,,,6-3016-00109/00007,01/01/2019,12/31/2023,"80 Leland Avenue
Utica, NY 13502
(43.10685, -75.21213)"
Queensbury - Jenkinsville Rd Mine Site LCD,Jenkinsville Road,,Queensbury,NY,12804,Warren,5,5187618211,Town Of Queensbury,Municipal,Landfill - land clearing debris,[57D16],Yes,611740,4804847,1 - No accuracy stated,Land Clearing Debris,57D16,,,
Momentum of Buffalo; LLC,177 Wales Avenue,,Tonawanda,NY,14150,Erie,9,7166956720,Momentum of Buffalo; LLC,Private,HHW collection facility - permit,[15HP0099],Yes,185580,4769973,4.2 - Utilization of GIS and existing spatial data,,9-1416-00086/00001,01/31/2023,01/30/2033,"177 Wales Avenue
Tonawanda, NY 14150
(43.01647, -78.85902)"
Action Environmental Systems Inc Bronx TS,920 East 132 Street,,Bronx,NY,10454,Bronx,2,9732867100,Action Environmental Systems; LLC,Private,Transfer station - permit,[03TP0032],Yes,591866,4516966,,MSW (Residential/Institutional & Commercial);Construction & Demolition Debris;Single Stream;Commingled Paper & Containers;Corrugated Cardboard;Metals (Ferrous & Non-Ferrous);Commingled Plastics,2-6007-00015/00030,05/02/2024,05/01/2029,"920 East 132 Street
Bronx, NY 10454
(40.79864, -73.9117)"
Riccelli-Northern; LLC-Van Buren Bituminous Concrete Plant,6900 Van Buren Road,,Syracuse,NY,13209,Onondaga,7,,Riccelli Northern; LLC,Private,CDDHRF - concrete; rock; brick; asphalt pavement or millings - registration,[34C90079],Yes,395422,4772991,1 - No accuracy stated,Asphalt Millings;Asphalt Pavement;Brick;Concrete;Rock,34C90079,10/29/2025,10/28/2030,"6900 Van Buren Road
Syracuse, NY 13209
(43.10314, -76.28566)"
Atlas Ag Services; LLC,5344 Griffith Road,,Gainesville,NY,14066,Wyoming,9,5853226909,Ken Van Slyke,,Land application - Third Party CAFO Applier - registration,[61A60019],Yes,243200,4717197,4.2 - Utilization of GIS and existing spatial data,Manure,61A60019,05/17/2024,05/17/2029,"5344 Griffith Road
Gainesville, NY 14066
(42.56493, -78.12866)"
BBC Aggregate Recycling (Albany),100 S. Port Rd; Port of Albany,,Albany,NY,12202,Albany,4,5184342747,William Biers,Private,C&D processing - registration,[01W03],Yes,601279,4719469,,Asphalt;Concrete;Brick,01W03,,,
El Salvador Auto Parts LLC,444 Hagerman Ave,,East Patchogue,NY,11772,Suffolk,1,6316543900,Jorge D. Melendez,Private,VDF - registration,[52V50402],Yes,671613,4515515,4.3 - Utilization of Digital Orthophoto Quads,End of Life Vehicles VDFs,52-0402,04/03/2023,04/02/2028,"444 Hagerman Ave
East Patchogue, NY 11772
(40.77228, -72.96525)"
Get Green Auto Parts; Inc.,133 Minnie Bennett Road,,Schuylerville,NY,12871,Saratoga,5,5189444009,Get Green Auto Parts; Inc.,Private,VDF - registration,[46V50032],Yes,612454,4768228,,End of Life Vehicles VDFs,46V50032,08/15/2023,08/14/2028,"133 Minnie Bennett Road
Schuylerville, NY 12871
(43.05824, -73.61763)"
Chemung Co. Materials Recycling Facility,1690 Lake Street,,Elmira,NY,14901,Chemung,8,8002273552,Chemung County,County,RHRF - greater than 5 tpd - registration,[08R20011],Yes,350490,4664678,4.1 - Address Matching,Single Stream;Paperboard/Boxboard;Electronics;Other Aluminum Scrap Metal;Other Ferrous Scrap Metal;Other Non-Ferrous Scrap Metal;Enameled Appliances / White Goods,08R20011,12/24/2020,12/24/2025,"1690 Lake Street
Elmira, NY 14901
(42.1186, -76.8047)"
Theresa Transfer Station,25770 State Route 411,,Theresa,NY,13691,Jefferson,6,3156284108,Town of Theresa,Municipal,Transfer facility - less than 50 tpd - registration,[23T10021],Yes,431576,4893992,4.1 - Address Matching,MSW (Residential/Institutional & Commercial),23T10021,11/21/2024,11/20/2029,"25770 State Route 411
Theresa, NY 13691
(44.1962, -75.85636)"
Diversified Services of Water Mill Incorporated,1324 Speonk Riverhead Road,,Speonk,NY,11972,Suffolk,1,5168167477,Diversified Services of Water Mill Incorporated,Private,CDDHRF - uncontaminated soil sand gravel rock - registration,[52C60397],Yes,694274,4523774,,Rock;Soil (Clean);Sand,52-0397,07/26/2023,07/25/2028,"1324 Speonk Riverhead Road
Speonk, NY 11972
(40.84196, -72.69656)"
Edgewood Industries Inc.,101A Bethpage-Sweet Hollow Road,,Old Bethpage,NY,11804,Nassau,1,5168172020,Frank Suppa Landscaping Corp.,Private,Mulch processing - registration,[30M10159],Yes,631108,4513476,,Tree Debris;Wood (Unadulterated Pallets),30M10159,02/06/2023,02/05/2025,"101A Bethpage-Sweet Hollow Road
Old Bethpage, NY 11804
(40.76297, -73.45345)"
Casella Waste Management dba Northern Sanitation,57 Carbide Road,,Plattsburgh,NY,12901,Clinton,5,5185617021,Casella Waste Management of NY Inc,Private,RHRF - registration,[10R30007],Yes,619109,4946973,4.3 - Utilization of Digital Orthophoto Quads,Source Separated Recyclables (Metal/Glass/Paper/Plastic);Commingled Recyclables;Plastics;Glass;Paperboard/Boxboard;Newspaper;Magazines;Office Paper;Metals (Ferrous),10R30007,07/26/2024,07/25/2029,"57 Carbide Road
Plattsburgh, NY 12901
(44.66647, -73.49649)"
St. Lawrence County Ogdensburg Transfer Station,522 CR 28A,,Ogdensburg,NY,13669,St. Lawrence,6,3153937501,St. Lawrence County,County,RHRF - registration,[45R30018],Yes,466376,4950800,4.1 - Address Matching,Single Stream;Other Aluminum Scrap Metal;Other Ferrous Scrap Metal;Other Non-Ferrous Scrap Metal;Electronics;Textiles,6-4050-00034/00004,11/08/2022,11/03/2027,"522 CR 28A
Ogdensburg, NY 13669
(44.71058, -75.42356)"
Espaillat Motors Inc,321 Barretto Street,,Bronx,NY,10474,Bronx,2,7185897376,Espaillat Motors Inc.,Private,VDF - registration,[03V50116],Yes,593813,4518028,4.2 - Utilization of GIS and existing spatial data,End of Life Vehicles VDFs;Engine Coolant/Antifreeze;Lead-acid Batteries;Mix Coolant/Engine Oil/Washing Fluid/Water,03V50116,02/04/2025,02/03/2030,"321 Barretto Street
Bronx, NY 10474
(40.80782, -73.88761)"
Broadalbin Transfer Station,221 Union Mills Road,,Broadalbin,NY,12025,Fulton,5,5187365501,Fulton County,County,Transfer facility - less than 50 tpd - registration,[18T10001],Yes,566968,4768895,,MSW (Residential/Institutional & Commercial);Single Stream;Metals (Ferrous & Non-Ferrous);Electronics;Waste Oil (Other);Yard Trimmings,18T10001,07/02/2023,07/01/2028,"221 Union Mills Road
Broadalbin, NY 12025
(43.06941, -74.17709)"
Dakota Supply Corp,2099 Albany Post Road,,Montrose,NY,10548,Westchester,3,9147378756,Bilotta Realty of Westchester Inc,Private,CDDHRF - permit,[60W27],Yes,590000,4566591,,Asphalt;Brick;Concrete;Construction & Demolition Debris;Rock;Soil (Clean);Metal (Structural),60W27,01/03/2012,,"2099 Albany Post Road
Montrose, NY 10548
(41.24497, -73.9263)"
Caledonia Diesel,2905 Simpson Road,,Caledonia,NY,14423,Livingston,8,5855384395,Paul E. Raymond,Private,VDF - small - registration,[26V20021],Yes,264870,4754262,1 - No accuracy stated,Scrap Metal - Non-ferrous ;Scrap Metal - Ferrous ;Scrap Metal - Aluminum,26V20021,01/03/2020,01/03/2025,"2905 Simpson Road
Caledonia, NY 14423
(42.90418, -77.87922)"
Bethlehem Transfer Station,136 Rupert Road,,Selkirk,NY,12158,Albany,4,5184394955,Town of Bethlehem,Municipal,Transfer facility - less than 50 tpd - registration,[01T12201],Yes,594253,4710169,,MSW (Residential/Institutional & Commercial);Construction & Demolition Debris,01T12201,07/16/2024,07/15/2029,"136 Rupert Road
Selkirk, NY 12158
(42.53874, -73.85218)"
Golden's Body Shop LLC,414 Turner Street,,Oxford,NY,13830,Chenango,7,6078436412,Timothy S Golden,Private,VDF - registration,[09V50010],Yes,453456,4703600,,End of Life Vehicles VDFs,09V50010,04/25/2023,05/04/2028,"414 Turner Street
Oxford, NY 13830
(42.48331, -75.56729)"
NJC Scrap Metal Processing of Bay Shore Inc,34 Moffitt Blvd,,Bay Shore,NY,11706,Suffolk,1,6312772727,NJC Scrap Metal Processing Of Bay Shore Inc,Private,Scrap metal processor - registration,[52V30375],Yes,649291,4510506,4.3 - Utilization of Digital Orthophoto Quads,Scrap Metal - Non-ferrous ;Scrap Metal - Ferrous ;End of Life Vehicles VDFs,52V50375,03/28/2022,03/27/2027,"34 Moffitt Blvd
Bay Shore, NY 11706
(40.73196, -73.23218)"
Bethlehem (T) Yard Waste Composting,1244 Feura Bush Road (NYS Rt 32),,Delmar,NY,12054,Albany,4,5184394955,Town of Bethlehem,,Composting - yard waste - permit,[01PP2201],Yes,595182,4716405,1 - No accuracy stated,Yard Trimmings,4-0122-00115/00001,02/25/2022,02/24/2032,
Cape Vincent Transfer Station,33112 Wilson Road,,Cape Vincent,NY,13618,Jefferson,6,3156544734,Town of Cape Vincent,Municipal,Transfer facility - less than 50 tpd - registration,[23T10026],Yes,397758,4886864,4.1 - Address Matching,Construction & Demolition Debris;MSW (Residential/Institutional & Commercial),23T10026,11/21/2024,11/20/2029,
Tully Environmental Inc.,15 Greene Street,,Bayshore,NY,11706,Suffolk,1,7184467026,Dean Devoe,Private,Transfer facility - permit,[52TP0237],Yes,649725,4509724,1 - No accuracy stated,Biosolids;Sludge (Industrial);Sewage Treatment Plant Sludge;Septage;Grease Trap Waste;MSW (Residential/Institutional & Commercial),1-4728-04784/00001,06/16/2021,06/15/2026,"15 Greene Street
Bayshore, NY 11706
(40.73438, -73.22931)"
ReCommunity Recycling Beacon,508 Fishkill Avenue,,Beacon,NY,12508,Dutchess,3,8459261071,Fishkill Avenue Beacon NY; LLC,Private,RHRF - permit,[14R20001],Yes,588090,4596489,,Commingled Containers;Commingled Paper;Source Separated Recyclables (Metal/Glass/Paper/Plastic);Plastics;Paper / Cardboard;Glass;Office Paper;Newspaper;PET;Metals (Ferrous);Metals (Non-Ferrous),3-1302-00061/00002,08/26/2019,08/25/2024,"508 Fishkill Avenue
Beacon, NY 12508
(41.51586, -73.94518)"
Callanan Industries Inc  - East Kingston Facility,677 Flatbush Road; Route 32,,East Kingston,NY,12401,Ulster,3,8453395494,Callanan Industries Inc,Private,C&D processing - registration,[56W03],Yes,585049,4645253,,Asphalt,56W03,,,
J & A Bruno; LLC,280 Meredith Avenue ( when mailing: Building E),,Staten Island,NY,10314,Richmond,2,7184941500,J and A Bruno,Private,C&D processing - registration,[43M27],Yes,568087,4494715,4.3 - Utilization of Digital Orthophoto Quads,Concrete;Rock;Sand,43M27,12/11/1994,,"280 Meredith Avenue ( when mailing: Building E)
Staten Island, NY 10314
(40.60059, -74.19495)"
South Side Transfer Station,777 Indian Road,,Depew,NY,14043,Erie,9,,Allied Waste Transfer Services of NY; LLC,Private,Transfer facility - permit,[15TP0005],Yes,196032,4756714,4.2 - Utilization of GIS and existing spatial data,MSW (Residential/Institutional & Commercial);Construction & Demolition Debris;Waste Tires,9-1430-00078/00002,03/01/2019,02/28/2029,"777 Indian Road
Depew, NY 14043
(42.90376, -78.72221)"
PK Metals (Coram),3542 Route 112,,Coram,NY,11727,Suffolk,1,6317326403,Philip Fava,Private,RHRF - greater than 5 tpd - registration,[52R20240],Yes,668448,4524717,,Paperboard/Boxboard;PET;Other Ferrous Scrap Metal;Other Non-Ferrous Scrap Metal,52R20240,10/14/2021,10/14/2026,"3542 Route 112
Coram, NY 11727
(40.85549, -73.00162)"
Fake's Auto Enterprise Inc,1131 Barker Road,,Dolgeville,NY,13329,Herkimer,6,3154298069,Edward Fake,Private,VDF - registration,[22V50007],Yes,517764,4770213,,End of Life Vehicles VDFs,22V50007,01/08/2025,01/07/2030,"1131 Barker Road
Dolgeville, NY 13329
(43.08471, -74.78185)"
MEG Syracuse,532 State Fair Boulevard,,Syracuse,NY,13204,Onondaga,7,3154710305,Miller Environmental Group; Inc.,Private,Household hazardous waste,[34T75],Yes,403577,4768168,,,7-3115-00193/00009,10/12/2017,10/11/2027,"532 State Fair Boulevard
Syracuse, NY 13204
(43.061, -76.18373)"
Great Northern Fibers Inc,77 Field Street,,West Babylon,NY,11704,Suffolk,1,6316437940,Great Northern Fibers LLC,Private,CDDHRF - permit,[52CP0301],Yes,636198,4510434,4.2 - Utilization of GIS and existing spatial data,Construction & Demolition Debris,1-4720-00852/00002,09/25/2023,09/24/2028,"77 Field Street
West Babylon, NY 11704
(40.73251, -73.3876)"
Quakertown Road Mine,3870-4198 County Route 20,,Warsaw,NY,14569,Wyoming,9,5857862571,WYCO Construction; Inc.,Private,CDDHRF - uncontaminated unadulterated wood - registration,[61C50016],Yes,236193,4734537,4.2 - Utilization of GIS and existing spatial data,Wood (Unadulterated),61C50016,05/27/2026,05/27/2031,"3870-4198 County Route 20
Warsaw, NY 14569
(42.71336, -78.22373)"
S&I Industries; Inc. dba  Bayshore Recycling,33 McAdam Street,,Bayshore,NY,11706,Suffolk,1,6312341022,S&I Industries; Inc.,Private,Scrap metal processor - registration,[52V30415],Yes,646482,4513393,1 - No accuracy stated,Copper;Scrap Metal - Aluminum ;Scrap Metal - Ferrous ;Scrap Metal - Non-ferrous ;Brass;Electric Motors;Steel,52-0415,11/21/2025,11/20/2030,"33 McAdam Street
Bayshore, NY 11706
(40.75838, -73.2638)"
9 brothers building supply corp,70 comsewogue road,,east setauket,NY,11733,Suffolk,1,6319284665,Stephen Palmieri,Private,CDDHRF - uncontaminated soil sand gravel rock - registration,[52C60440],Yes,661279,4533001,,Soil (Clean),52-0440,03/25/2026,03/24/2031,"70 comsewogue road
east setauket, NY 11733
(40.93259, -73.0833)"
JPD Masonry & Landscape Supply LLC,1637 Broad Hollow Road,,East Farmingdale,NY,11735,Suffolk,1,5167794326,JPD Masonry & Landscaping Supply LLC,Private,CDDHRF - permit,[52CP0284],Yes,633198,4511326,,,52CP0284,03/06/2024,03/05/2029,"1637 Broad Hollow Road
East Farmingdale, NY 11735
(40.74218, -73.42251)"
L.I. Organic Fertilizer Corp,48 Lamar Street,,West Babylon,NY,11104,Suffolk,1,6319567600,Lamar Street properties; LLC,Private,CDDHRF - uncontaminated soil sand gravel rock - registration,[52C60373],Yes,636914,4510772,4.3 - Utilization of Digital Orthophoto Quads,Soil (Clean),52C60373,03/18/2022,03/17/2027,"48 Lamar Street
West Babylon, NY 11104
(40.73666, -73.3781)"
Alpha Waste Solutions; LLC,75 Windsor Ave,,Mineola,NY,11501,Nassau,1,5167794900,Georgi Marte,Private,Used cooking oil & yellow grease processing - registration,[30U10135],Yes,615082,4512187,4.2 - Utilization of GIS and existing spatial data,Used Oil,30U10135,05/13/2022,05/12/2027,"75 Windsor Ave
Mineola, NY 11501
(40.75266, -73.63658)"
Patriot Site Development Inc.,6725 Cox Lane,,Cutchogue,NY,11935,Suffolk,1,6316555623,William Krabel,Private,CDDHRF - concrete; rock; brick; asphalt pavement or millings - registration,[52C90434],Yes,710308,4545261,,Concrete;Brick;Rock,52C90434,04/16/2025,04/15/2030,"6725 Cox Lane
Cutchogue, NY 11935
(41.03254, -72.49806)"
One More Ride (OMR),7878 NY-5,,Bloomfield,NY,14469,Ontario,8,5853036843,Philip Adams,Private,Composting - roadkill/mortalities - registration,[35P30029],Yes,298290,4752959,4 - GIS Assisted,Animal Carcasses;Wood/Brush,35P30029,10/20/2023,10/20/2028,
Babylon Southern Ashfill,Edison & Gleam St.,,West Babylon,NY,11704,Suffolk,1,6314227640,Town of Babylon,Municipal,Landfill - LI - outside the deep flow recharge - permit,[52LN0247],Yes,636645,4510592,4.2 - Utilization of GIS and existing spatial data,Ash MSW Energy Recovery Combined,1-4720-00778/00014,04/02/2018,04/01/2023,
Rensselaerville (T) Transfer Station,87 Barger Road,,Medusa,NY,12120,Albany,4,5182394225,Town of Rensselaerville,Municipal,Transfer facility - source separated recyclables - registration,[01T33602],Yes,570968,4700871,3 - Global Positioning System (GPS),Commingled Plastics;Tin & Aluminum Containers;Corrugated Cardboard;Container Glass,01T33602,02/22/2024,02/21/2029,"87 Barger Road
Medusa, NY 12120
(42.45675, -74.13655)"
Harrison Organic Yard Waste Transfer Station,Route 120 and 55 New King Street,,Purchase,NY,10577,Westchester,3,9148311255,Town and Village of Harrison,Municipal,Transfer facility - less than 50 tpd - registration,[60T106],Yes,607879,4547146,,Yard Trimmings;Tree Debris;Food Scraps,60T106,06/07/2018,06/07/2023,"Route 120 and 55 New King Street
Purchase, NY 10577
(41.01422, -73.70388)"
Chemung County Transfer Station,1690 Lake Street,,Elmira,NY,14901,Chemung,8,6077372980,Chemung County,County,Transfer facility - permit,[08TP0022],Yes,350746,4664333,,Construction & Demolition Debris;MSW (Residential/Institutional & Commercial);White Goods;Waste Tires,8-0730-00009/00001,10/28/2017,10/27/2027,"1690 Lake Street
Elmira, NY 14901
(42.1186, -76.8047)"
Bistrian Materials Inc. (East Hampton),175 Springs-Fireplace Road,,East Hampton,NY,11937,Suffolk,1,6313247950,Bistrian Materials Inc.,Private,Mulch processing - permit,[52MP0394],Yes,737721,4540726,4.3 - Utilization of Digital Orthophoto Quads,Tree Debris,1-4724-01975/00002,03/20/2023,03/19/2028,"175 Springs-Fireplace Road
East Hampton, NY 11937
(40.98322, -72.17437)"
Horicon Transfer Station,19 Town Landfill Road,PO Box 90,Brant Lake,NY,12815,Warren,5,5184943647,Town of Horicon,Municipal,Transfer facility - less than 50 tpd - registration,[57T10004],Yes,599967,4835805,,MSW (Residential/Institutional & Commercial);Construction & Demolition Debris;Metals (Ferrous & Non-Ferrous),57T10004,11/02/2023,11/01/2028,"19 Town Landfill Road
Brant Lake, NY 12815
(43.66864, -73.76007)"
J Dunn Group,520 Hudson River Road,,Waterford,NY,12188,Saratoga,5,5188741006,J Dunn Group; LLC,,CDDHRF - uncontaminated unadulterated wood - registration,[46C50034],Yes,608771,4743278,,Wood (Unadulterated),46C90034,05/05/2025,05/04/2029,"520 Hudson River Road
Waterford, NY 12188
(42.83427, -73.66904)"
Smithtown Highway Department (758 Smithtown By-pass),758 Smithtown Bypass,,Smithtown,NY,11787,Suffolk,1,6313607500,Town of Smithtown,Municipal,Transfer facility - less than 50 tpd - registration,[52T10276],Yes,654866,4523952,4.3 - Utilization of Digital Orthophoto Quads,Yard Waste;Construction & Demolition Debris;Tree Debris,52T10276,05/07/2024,05/06/2029,"758 Smithtown Bypass
Smithtown, NY 11787
(40.85138, -73.16181)"
Brickyard Pit,Brickyard Road,,Van Buren,NY,13027,Onondaga,7,3154335115,Syracuse Sand & Gravel LLC,Private,CDDHRF - concrete; rock; brick; asphalt pavement or millings - registration,[34C90009],Yes,409509,4761931,1.1 - Obtained from original submission and unverified process,Brick;Asphalt Pavement;Rock;Concrete,34C90009,07/12/2024,07/11/2029,
Henderson Transfer Station,12105 Town Barn Road,,Henderson,NY,13650,Jefferson,6,3159387434,Town of Henderson,Municipal,Transfer facility - less than 50 tpd - registration,[23T10027],Yes,405056,4855056,4.1 - Address Matching,Construction & Demolition Debris;MSW (Residential/Institutional & Commercial),23T10027,08/19/2024,11/21/2029,"12105 Town Barn Road
Henderson, NY 13650
(43.84251, -76.18087)"
Norwood Hot Mix Asphalt Facility,7971 State Highway 56,,Norwood,NY,13668,St. Lawrence,6,3153536611,Barrett Paving Materials; Inc.,Private,C&D processing - registration,[45W01],Yes,500895,4958887,4.1 - Address Matching,,45W01,07/19/2017,,"7971 State Highway 56
Norwood, NY 13668
(44.78386, -74.98818)"
Wilbert's U-Pull It Bath,7992 B State Route 415,,Bath,NY,14810,Steuben,8,6077767662,Ronald Wilbert,Private,VDF - registration,[51V50034],Yes,302848,4695479,4 - GIS Assisted,End of Life Vehicles VDFs,51V50034,03/20/2025,03/19/2030,"7992 B State Route 415
Bath, NY 14810
(42.38769, -77.39859)"
Geneva (T) Rural Transfer,32 White Springs Road,,Geneva,NY,14456,Ontario,8,3157893922,Town of Geneva,Municipal,Transfer facility - less than 50 tpd - registration,[35T10017],Yes,336581,4746780,4.1 - Address Matching,MSW (Residential/Institutional & Commercial);Single Stream;Food Scraps;Construction & Demolition Debris,35T10017,10/13/2025,10/13/2030,"32 White Springs Road
Geneva, NY 14456
(42.85626, -77.00051)"
NYCDOS West 59th Street MTS,West 59th Street & Westside Highway,,New York,NY,10023,New York,2,2129776821,NYCDOS,Municipal,Transfer facility - permit,[31TP0004],Yes,584924,4514043,,,2-6202-00005/00017,03/15/2021,03/14/2026,"West 59th Street & Westside Highway
New York, NY 10023
(40.74519, -74.00834)"
MPF Asphalt Recycling Inc,137 Old Northport Road,,Kings Park,NY,11754,Suffolk,1,6315437560,Farino and Sons Asphalt Corp.,Private,C&D processing - registration,[52W158R],Yes,645639,4526007,4.3 - Utilization of Digital Orthophoto Quads,Brick;Asphalt;Concrete,52W158R,02/14/2011,,"137 Old Northport Road
Kings Park, NY 11754
(40.87155, -73.27043)"
Steven M. Mezynieski; Inc.,3795 Middle Country Road,,Calverton,NY,11901,Suffolk,1,6312040001,Driftwood Family Farms; LLC,Private,Mulch processing - registration,[52M10315],Yes,689368,4532602,4.3 - Utilization of Digital Orthophoto Quads,Tree Debris,52M10315,10/05/2023,10/04/2028,"3795 Middle Country Road
Calverton, NY 11901
(40.92707, -72.75015)"
Schaefeda Corp D/B/A Action Auto Wreckers,38 E. Chestnut Street,,Massapequa,NY,11758,Nassau,1,8005628811,,,VDF - registration,[30V50115],Yes,632689,4504487,4.3 - Utilization of Digital Orthophoto Quads,End of Life Vehicles VDFs,30V50115,11/20/2019,11/19/2024,"38 E. Chestnut Street
Massapequa, NY 11758
(40.68049, -73.42973)"
Lawton Adams Construction Corp,260 Route 100 Po Box 309,,Somers,NY,10589,Westchester,3,9142323275,Lawton Adams,Private,CDDHRF - uncontaminated soil sand gravel rock - registration,[60C60003],Yes,609438,457401,,Soil (Clean);Rock,60C60003,02/09/2026,02/08/2027,"260 Route 100 Po Box 309
Somers, NY 10589
(41.32769, -73.68969)"
Fishers Island Waste Management District Transfer Station,58 Town Road,,Fishers Island,NY,6390,Suffolk,1,6317887455,Fishers Island Waste Management District,Municipal,Transfer facility - less than 50 tpd - registration,[52T10231],Yes,749526,4571420,4.3 - Utilization of Digital Orthophoto Quads,MSW (Residential/Institutional & Commercial);Commingled Plastics;Corrugated Cardboard;Electronics;Tin & Aluminum Containers;Commingled Paper;Container Glass,52T10231,02/13/2025,02/12/2030,
LVM Materials LLC,3200 Route 39,,Bliss,NY,14024,Wyoming,9,5853228878,Lee Maher,Private,CDDHRF - permit,[61CP0001],Yes,231800,4717755,4.2 - Utilization of GIS and existing spatial data,Wood (Adulterated);Wood (Chips);Wood (Unadulterated Pallets);Wood (Unadulterated);Scrap Wood;Construction & Demolition Debris,9-5630-00066/00001,08/20/2024,08/19/2034,"3200 Route 39
Bliss, NY 14024
(42.56728, -78.26934)"
Real City Auto Glass Inc,1213 Randall Avenue,,Bronx,NY,10474,Bronx,2,7188616555,Real City Auto Glass; Inc.,,VDF - registration,[03V50127],Yes,593635,4518462,4.2 - Utilization of GIS and existing spatial data,End of Life Vehicles VDFs,03V50127,11/13/2020,11/12/2025,"1213 Randall Avenue
Bronx, NY 10474
(40.81166, -73.8897)"
Bapton Livestock Farms,310 Dutchtown road,,Ouaquaga,NY,13826,Broome,7,6076552937,Kenneth & Pat Worden,Private,Storage - manure & food processing waste - registration,[04A20004],Yes,446315,4663222,4.1 - Address Matching,Unrecognizable Food Processing Waste,04A20004,02/24/2023,02/23/2028,"310 Dutchtown road
Ouaquaga, NY 13826
(42.12014, -75.64656)"
Safety Kleen Systems Inc,1525 West Henrietta Rd. (location),5400 Legacy Drive Plano; TX 75024,Avon,NY,14414,Livingston,8,3154558638,Safety-Kleen,Private,Used oil - permit,[26QP0027],Yes,279230,4754898,4.3 - Utilization of Digital Orthophoto Quads,Used Oil,8-2420-00020/00010,01/26/2015,01/31/2025,"1525 West Henrietta Rd. (location)
Avon, NY 14414
(42.91472, -77.70476)"
Gateway Plant 81,1951 Hamburg Turnpike,,Lackawanna,NY,14218,Erie,9,7168267310,New Enterprise Stone & Lime Co.; Inc.,Private,CDDHRF - concrete; rock; brick; asphalt pavement or millings - registration,[15C90118],Yes,184994,4749272,1 - No accuracy stated,Concrete,15C90118,06/23/2025,06/23/2030,"1951 Hamburg Turnpike
Lackawanna, NY 14218
(42.82756, -78.85168)"
Abe's Auto,777 Route 8,,Cassville,NY,13318,Oneida,6,3158223068,Kevin Cornacchia,Private,VDF - registration,[33V50013],Yes,480134,4749850,,End of Life Vehicles VDFs,33V50013,05/09/2025,05/08/2030,"777 Route 8
Cassville, NY 13318
(42.90188, -75.24285)"
Mawhiney Trucking; Inc.,3431 Daniels Road,,Wilson,NY,14172,Niagara,9,7167516418,Mawhiney Trucking; Inc.,,CDDHRF - concrete; rock; brick; asphalt pavement or millings - registration,[32C90043],Yes,187797,4795672,4.2 - Utilization of GIS and existing spatial data,Concrete,32C90043,05/30/2025,05/30/2030,"3431 Daniels Road
Wilson, NY 14172
(43.24847, -78.84726)"
Upstone Materials (Morrisonville Bank),Trombley Way,,Morrisonville,NY,12962,Clinton,5,5185615321,Upstone Materials Inc.,Private,CDDHRF - concrete; rock; brick; asphalt pavement or millings - registration,[10C90019],Yes,614276,4948818,,Asphalt Millings;Asphalt Pavement,10C90019,02/23/2026,02/23/2031,
H.U.R.B. Landscaping; Inc.,4278 Albany Street,,Albany,NY,12205,Albany,4,5184645030,RUUM Enterprises; LLC,Private,Composting - yard trimmings - registration,[01P10106],Yes,593111,4731463,,Yard Trimmings,01P10106,04/18/2024,04/17/2029,"4278 Albany Street
Albany, NY 12205
(42.73, -73.86312)"
Gershow Recycling of Brooklyn,1885 Pitken Avenue,,Brooklyn,NY,11212,Kings,2,7183452240,Gershow Recycling Corporation,Private,Vehicle Dismantling Facility,[7090157],Yes,592695,4502800,1 - No accuracy stated,,,,,"1885 Pitken Avenue
Brooklyn, NY 11212
(40.67083, -73.90312)"
Kingsbury Transfer Station,1612 Route 196,,Hudson Falls,NY,12839,Washington,5,5187478196,Kingsbury Transfer Station; LLC,Private,Transfer facility - permit,[58TP0012],Yes,614685,4795165,,MSW (Residential/Institutional & Commercial);Construction & Demolition Debris;Metals (Ferrous & Non-Ferrous),5-5344-00027/00011,02/02/2023,02/01/2033,"1612 Route 196
Hudson Falls, NY 12839
(43.31733, -73.54835)"
UCRRA Ulster Transfer Station,999 Flatbush Road,,Kingston,NY,12401,Ulster,3,8453360600,UCRRA Public Benefit Corp,County,RHRF - permit,[56M02],Yes,585537,4647777,,Commingled Containers;Commingled Paper;Source Separated Recyclables (Metal/Glass/Paper/Plastic);Paper / Cardboard;Newspaper;Glass;Metals (Ferrous);Metals (Non-Ferrous);Plastics,3-5154-00125/00001,04/20/2021,04/19/2026,"999 Flatbush Road
Kingston, NY 12401
(41.97455, -73.97112)"
Voorhees Hill Road C&D Landfill,Voorhees Hill Road @ Lewis Road,,Wellsville,NY,14895,Allegany,9,5855936177,Southern Tier Kleen Fill; Inc.,Private,Landfill - C&DD - permit,[02D05],Yes,262052,4666368,4.2 - Utilization of GIS and existing spatial data,Construction & Demolition Debris,9-0270-00035/00003,08/11/2010,09/01/2020,"Voorhees Hill Road @ Lewis Road
Wellsville, NY 14895
(42.11293, -77.87524)"
Seward Sand and Gravel Composting,532 County Highway 58,,Oneonta,NY,13820,Otsego,4,6074321653,Seward Land LLC,,Composting - yard trimmings - registration,[39P14001],Yes,501633,4702798,,Yard Trimmings;Wood/Brush,39P14001,06/27/2024,06/26/2029,"532 County Highway 58
Oneonta, NY 13820
(42.47592, -74.98145)"
LBD Enterprises (V. Chittenango Biosolids),Tag Rd.,,Chittenango,NY,13037,Madison,7,3156873196,LBD Enterprises LLC,Private,Composting - biosolids/other - permit,[27PP0013],Yes,434090,4772409,,,7-2458-00004/00007,05/07/2020,05/06/2030,
Profex Inc,5366 Route 9W,,Newburgh,NY,12589,Orange,3,8455658845,Profex Inc.,Private,C&D processing - registration,[36W08],Yes,576646,4606183,1 - No accuracy stated,Tree Debris;Concrete;Asphalt,36W08,,,"5366 Route 9W
Newburgh, NY 12589
(41.56451, -74.00036)"
Ternoois Septic Tank Service,6022 Buerman Road,,Sodus,NY,14551,Wayne,8,3154839356,Frank Ternoois,Private,Land application - septage - registration,[59A41007],Yes,333874,4785925,1 - No accuracy stated,Septage,59A41007,03/25/2026,03/04/2029,"6022 Buerman Road
Sodus, NY 14551
(43.22369, -77.03817)"
Slate Ridge Farm,48 Lynk Street,,Rural Grove,NY,12166,Montgomery,4,5183830137,New England Waste Services of ME; Inc. DBA Casella Organics,Private,Land application - UFPW - registration,[29A33601],Yes,544531,4744058,,Sludge (Papermill),29A33601,05/15/2024,03/31/2029,"48 Lynk Street
Rural Grove, NY 12166
(42.85273, -74.44856)"
Button Road Mine Site,49 Button Road,,Halfmoon,NY,12065,Saratoga,5,5183556034,Carver Sand & Gravel; LLC,Private,Mulch processing - registration,[46M10027],Yes,605918,4744806,,Tree Debris,46M10027,05/11/2021,05/10/2026,"49 Button Road
Halfmoon, NY 12065
(42.83981, -73.70223)"
Endicott (V) Biosolids,40 Anson Road,,Endicott,NY,13760,Broome,7,6077575352,Village of Endicott,,Composting - biosolids/other - permit,[04PP0019],Yes,409810,4659981,4.2 - Utilization of GIS and existing spatial data,Biosolids,7-0346-00011/00005,12/07/2023,10/11/2027,"40 Anson Road
Endicott, NY 13760
(42.08553, -76.08836)"
Winters Brothers Waste Systems - 99 Nancy Babylon,99 Nancy Street,,West Babylon,NY,11704,Suffolk,1,6314915705,Winters Brothers Waste Systems of Long Island LLC,Private,RHRF - permit,[52RP0406],Yes,637148,4511092,4.3 - Utilization of Digital Orthophoto Quads,,1-4720-02209/00001,11/21/2023,11/20/2028,"99 Nancy Street
West Babylon, NY 11704
(40.73919, -73.37606)"
Newcomb Transfer Station,Hudson River Dr,,Newcomb,NY,12852,Essex,5,5185823211,Town of Newcomb,County,RHRF - 5 tpd or less - registration,[16R10013],Yes,569433,4868058,4 - GIS Assisted,Container Glass;Mixed Commercial;Plastic,16R10013,07/29/2022,07/29/2027,
Bucks Auto Parts,1551 Brighton Henrietta Town Line Road,,Rochester,NY,14623,Monroe,8,5854244131,John E. Unaman,Private,VDF - registration,[28V50012],Yes,285389,4774595,4.2.1 - Utilization of GIS and Facility Mapping System,End of Life Vehicles VDFs;Used Oil;Refrigerant,28V50012,03/07/2024,03/06/2029,"1551 Brighton Henrietta Town Line Road
Rochester, NY 14623
(43.09382, -77.63724)"
Don's Septic Service,Podunque Road,,Rushford,NY,14744,Allegany,9,7163784857,Morgan Reynolds,Private,Land application - septage - registration,[02A40008],Yes,233802,4699739,4.2.1 - Utilization of GIS and Facility Mapping System,Septage,02A40008,01/10/2023,01/10/2028,
Niagara Metals LLC - Niagara Falls,4861 Packard Road,,Niagara Falls,NY,14304,Niagara,9,7162826200,Niagara Metals,Private,VDF - registration,[32V50017],Yes,174049,4779401,1 - No accuracy stated,End of Life Vehicles VDFs,32V50017,09/03/2024,09/03/2029,"4861 Packard Road
Niagara Falls, NY 14304
(43.09713, -79.0037)"
Tomra NY Recycling - East Syracuse,1 General Motors Drive,,Syracuse,NY,13206,Onondaga,7,3154637142,Tomra NY Recycling LLC,Private,RHRF - greater than 5 tpd - registration,[34R20068],Yes,412825,4771214,4.1 - Address Matching,PET;Commingled Containers;Paperboard/Boxboard,34R20068,05/17/2023,05/16/2028,"1 General Motors Drive
Syracuse, NY 13206
(43.08803, -76.11836)"
Christ Septic Service,3243 Groth Road,,Holley,NY,14470,Orleans,8,5857375232,Lloyd H. Christ; Jr.,Private,Land application - septage - registration,[37A40011],Yes,252981,4794303,1 - No accuracy stated,Septage,37A40011,01/17/2023,01/17/2028,"3243 Groth Road
Holley, NY 14470
(43.2591, -78.04625)"
Old Mud Creek Farm,67 Pine Wood Rd.,,Livingston,NY,12534,Columbia,4,4138541507,Old Mud Creek Farm; LLC,Private,Land application - septage - registration,[11A44610],Yes,600842,4667378,1 - No accuracy stated,Septage,11A44610,10/30/2020,10/30/2025,"67 Pine Wood Rd.
Livingston, NY 12534
(42.15037, -73.77833)"
BRIM Auto Recyclers,23 Rte. 211,P.O. Box 347,Cuddebackville,NY,12729,Orange,3,9147547671,Robin Geiger/W Bradley Burnett,Private,VDF - registration,[36V50008],Yes,534121,4590400,,End of Life Vehicles VDFs,36V50008,02/12/2019,02/11/2023,"23 Rte. 211
Cuddebackville, NY 12729
(41.46391, -74.59151)"
Beutel Recyclers,17950 County Route 63,,Watertown,NY,13601,Jefferson,6,3157884080,Ann Beutel,Private,VDF - registration,[23V50016],Yes,418484,4863238,4.1 - Address Matching,End of Life Vehicles VDFs,23V50016,11/22/2024,11/20/2029,"17950 County Route 63
Watertown, NY 13601
(43.91689, -76.01581)"
NRG Huntley Landfill,4293 River Road,,Tonawanda,NY,14150,Erie,9,7168793876,Huntley Power LLC,Private,Landfill - industrial waste monofill - permit,[15N24],Yes,179570,4767036,4.2 - Utilization of GIS and existing spatial data,Ash (Coal-Fly);Ash (Coal-Bottom),9-1464-00089/00002,,,"4293 River Road
Tonawanda, NY 14150
(42.98971, -78.93534)"
Nelson's Auto Salvage; Inc.,122-80 Montauk Street,,Springfield Gardens,NY,11413,Queens,2,7182764294,Nelson's Auto Salvage; Inc.,Private,VDF - registration,[41V50132],Yes,604877,4504099,4.2 - Utilization of GIS and existing spatial data,End of Life Vehicles VDFs,41V50132,03/05/2025,03/04/2030,"122-80 Montauk Street
Springfield Gardens, NY 11413
(40.68112, -73.75877)"
Berlin (T) Transfer Station,28 Dale Road,,Berlin,NY,12022,Rensselaer,4,5186582161,Town of Berlin,Municipal,Transfer facility - less than 50 tpd - registration,[42T12001],Yes,633033,4729876,,MSW (Residential/Institutional & Commercial);Yard Trimmings;Bulk Metal;Construction & Demolition Debris,42T12001,01/07/2026,01/06/2031,"28 Dale Road
Berlin, NY 12022
(42.70934, -73.37633)"
Tom McGinnis Excavating,78 1/2 Lake Street,,LeRoy,NY,14482,Genesee,8,5857686769,Thomas McGinnis,Private,Land application - septage - registration,[19A40016],Yes,257174,4765843,,Septage,,,,"78 1/2 Lake Street
LeRoy, NY 14482
(42.98312, -77.99224)"
French Farms Leaf Compost,226 Brewery Rd.,,New City,NY,10956,Rockland,3,8457532200,Town of Clarkstown,,Composting - yard waste - permit,[44PP0003],Yes,584941,4555524,,Yard Trimmings,3-3920-00108/00004,04/20/2026,04/19/2036,"226 Brewery Rd.
New City, NY 10956
(41.13104, -73.97355)"
JAZ Auto Wreckers LLC,726 Glen Wild Road,,Woodridge,NY,12789,Sullivan,3,8456931226,John Azzinaro,Private,VDF - registration,[53V50005],Yes,535372,4613453,,End of Life Vehicles VDFs,53V50005,11/21/2019,11/20/2024,"726 Glen Wild Road
Woodridge, NY 12789
(41.67157, -74.57609)"
Butler TS (T),4639 Butler Center Road,,Wolcott,NY,14590,Wayne,8,3155942719,Town of Butler,Municipal,Transfer station - registration,[59R09],Yes,355880,4780790,,MSW (Residential/Institutional & Commercial);Construction & Demolition Debris;Waste Tires,59R09,03/03/1994,,"4639 Butler Center Road
Wolcott, NY 14590
(43.17255, -76.76956)"
Wilbert's U-Pull It of Buffalo,550 Pound Road,,Elma,NY,14059,Erie,9,7162460606,Richard Wilbert,Private,VDF - registration,[15V50102],Yes,199155,4749188,4.2 - Utilization of GIS and existing spatial data,End of Life Vehicles VDFs,15V50102,05/26/2022,05/26/2027,"550 Pound Road
Elma, NY 14059
(42.83603, -78.68049)"
NEWSNY/Clinton County LCD LF,286 Sand Road,,Morrisonville,NY,12962,Clinton,5,5185635514,Clinton County,County,Landfill - land clearing debris,[10D17],Yes,611553,4949667,4.3 - Utilization of Digital Orthophoto Quads,,10D17,01/20/2010,,"286 Sand Road
Morrisonville, NY 12962
(44.691, -73.59778)"
Kinderhook Convenience Station,9 Hudson Steet,,Kinderhook,NY,12106,Columbia,4,5187587562,Columbia County,County,Transfer station - registration,[11R30],Yes,607212,4694420,,MSW (Residential/Institutional & Commercial);Single Stream,11R30,,,"9 Hudson Steet
Kinderhook, NY 12106
(42.39457, -73.69754)"
Edward Arnold Scrap Processors Inc,2216 Angling Road,,Corfu,NY,14036,Genesee,8,5857629080,Edward Arnold Jr,Private,VDF - registration,[19V50008],Yes,227805,4763946,,End of Life Vehicles VDFs,19V50008,06/19/2018,06/18/2023,"2216 Angling Road
Corfu, NY 14036
(42.97954, -78.3377)"
Welcome Stock Farm,285 West River Road,,Schuylerville,NY,12871,Saratoga,5,5184246770,Welcome Stock Farm LLC,Private,Landfill - land clearing debris,[46D32],Yes,613886,4778072,,Land Clearing Debris,46D32,05/14/2009,,"285 West River Road
Schuylerville, NY 12871
(43.14891, -73.59812)"
Multi Metal Recycling LLC,4502 York Road,,Leicester,NY,14481,Livingston,8,5853823822,Wayne Scofield,Private,Scrap metal processor - registration,[26V30020],Yes,263100,4742523,1 - No accuracy stated,Scrap Metal - Aluminum ;Scrap Metal - Ferrous ;Scrap Metal - Non-ferrous,26V30020,11/13/2019,11/13/2024,"4502 York Road
Leicester, NY 14481
(42.79867, -77.89662)"
Tolpa's Auto Parts,10729 French Road,,Remsen,NY,13438,Oneida,6,3158313886,William Tolpa,Private,VDF - registration,[33V50020],Yes,480150,4803170,,End of Life Vehicles VDFs;Waste Tire,33V50020,12/12/2024,12/11/2029,"10729 French Road
Remsen, NY 13438
(43.38114, -75.2425)"
Village of Hempstead Transfer Station,470 Milburn Avenue,,Hempstead,NY,11550,Nassau,1,5164893400,Village of Hempstead,Municipal,Transfer facility - less than 50 tpd - registration,[30T10117],Yes,617632,4504709,,MSW (Residential/Institutional & Commercial);Concrete;Street Sweepings;Asphalt Pavement,30T10117,04/15/2026,04/14/2031,"470 Milburn Avenue
Hempstead, NY 11550
(40.68455, -73.60836)"
Triad Recycling and Energy Corp,3755 River Road,,Tonawanda,NY,14150,Erie,9,7168751209,Casella Waste Management of N.Y.; Inc.,Private,RHRF - greater than 5 tpd - registration,[15R20083],Yes,179450,4765813,4.2 - Utilization of GIS and existing spatial data,Single Stream;Electronics;Other - Mattresses,15R20083,12/13/2022,12/13/2027,"3755 River Road
Tonawanda, NY 14150
(42.97676, -78.93267)"
Fred A. Cook Jr. Inc.,3226 Albany Post Road,,Buchanan,NY,10511,Westchester,3,9147393300,Brian Cook,Private,Transfer facility - permit,[60T01],Yes,589126,4569116,,,,10/29/2020,10/28/2025,"3226 Albany Post Road
Buchanan, NY 10511
(41.2669, -73.93654)"
Omni Recycling of Babylon Inc,114 Alder Street,,West Babylon,NY,11704,Suffolk,1,6316941694,Omni Recycling of Babylon Inc,Private,RHRF - permit,[52RP0381],Yes,635534,4510107,4.3 - Utilization of Digital Orthophoto Quads,Commingled Recyclables,1-4720-00643/00007,06/17/2024,06/17/2029,"114 Alder Street
West Babylon, NY 11704
(40.7308, -73.39634)"
CRM Company LLC,4294 Albany Street; Suite 3,,Colonie,NY,12205,Albany,4,5188696000,H Barry Takallou,Private,Waste tire storage - New product manufacturing,[01K11],Yes,593387,4731352,,Waste Tires,,,,
R&B Alternative Solutions LLC,3626 State Route 90,,Aurora,NY,13026,Cayuga,7,,Ryan Beebee,Private,Land application - Third Party CAFO Applier - registration,[06A60037],Yes,764229,424735,,Manure,06A60037,04/16/2026,04/15/2031,"3626 State Route 90
Aurora, NY 13026
(42.79101, -76.71241)"
Carbon Activated Corporation,3774 Hoover Road,,Blasdell,NY,14219,Erie,9,7168217830,Allen-Perera,Private,Combustion - alternative fuel storage - registration,[15B40002],Yes,184910,4743961,4.2 - Utilization of GIS and existing spatial data,Spent Activated Carbon,15B40002,11/19/2023,11/19/2028,"3774 Hoover Road
Blasdell, NY 14219
(42.78302, -78.85192)"
SM Gallivan Aggregates LLC,191 Watervliet Shaker Road,,Watervliet,NY,12189,Albany,4,,SM Gallivan Aggregates LLC,Private,CDDHRF - uncontaminated soil sand gravel rock - registration,[01C61803],Yes,605147,4730660,4.2 - Utilization of GIS and existing spatial data,Soil (Clean);Rock;Sand;Gravel,01C61803,06/24/2022,06/23/2027,"191 Watervliet Shaker Road
Watervliet, NY 12189
(42.72087, -73.71612)"
Cardinal Health 414; LLC,2425 Waterbury Ave,,Bronx,NY,10462,Bronx,2,7188221830,Cardinal Health 414 LLC,Private,RMW - radiological storage - registration,[03J10001],Yes,597546,4521146,4 - GIS Assisted,Regulated Medical Waste,03J10001,12/20/2021,12/20/2026,"2425 Waterbury Ave
Bronx, NY 10462
(40.83555, -73.84321)"
Sand Lake (T) Convenience Facility,213 Chamberlin Hill Road,,West Sand Lake,NY,12196,Rensselaer,4,5186742026,Town of Sand Lake,Municipal,Transfer facility - less than 50 tpd - registration,[42T14001],Yes,612052,4717999,3 - Global Positioning System (GPS),Construction & Demolition Debris;MSW (Residential/Institutional & Commercial);Commingled Recyclables,42T14001,08/20/2024,09/10/2029,"213 Chamberlin Hill Road
West Sand Lake, NY 12196
(42.60634, -73.63036)"
Lockwood Septic Service,184 Chapel Road,,Hannibal,NY,13074,Oswego,7,3153424551,Donald & Tonya Weber,Private,Land application - septage - registration,[38L64],Yes,371005,4804650,4.3 - Utilization of Digital Orthophoto Quads,Septage,38L64,06/21/2004,,"184 Chapel Road
Hannibal, NY 13074
(43.38379, -76.59256)"
Winters Bros. Recycling of LI; Inc. - Kings Park Facility,499 Lawrence Rd.,,Kings Park,NY,11754,Suffolk,1,6313685533,Winters Bros. Recycling of LI; LLC,Private,RHRF - permit,[52RP0325],Yes,647645,4525474,4.3 - Utilization of Digital Orthophoto Quads,,1-4734-00299/00005,12/07/2020,12/06/2025,"499 Lawrence Rd.
Kings Park, NY 11754
(40.86766, -73.24717)"
211 Aggregates LLC,1120 NY-211 E.,,Middletown,NY,10941,Orange,3,9175592480,211 Aggregates LLC,Private,CDDHRF - concrete; rock; brick; asphalt pavement or millings - registration,[36C10003],Yes,555193,4590768,,Concrete;Rock;Brick;Asphalt Pavement;Asphalt Millings,36C10003,11/10/2023,11/09/2024,"1120 NY-211 E.
Middletown, NY 10941
(41.46715, -74.33909)"
Huron (T) Transfer,10880 Lummisville Road,,Wolcott,NY,14590,Wayne,8,3155942321,Town of Huron,Municipal,Transfer station - registration,[59R17],Yes,348340,4788700,4.2 - Utilization of GIS and existing spatial data,One Day Annual Bulk Cleanup;Waste Tires;MSW (Residential/Institutional & Commercial);Sludge (Industrial);Metals (Ferrous & Non-Ferrous);Electronics,59R17,05/03/2013,,"10880 Lummisville Road
Wolcott, NY 14590
(43.23589, -76.86724)"
Westchester Recycling Services Inc. (WRSI),13 Hayes Street,,Elmsford,NY,10523,Westchester,3,9145925250,Brookfield Resource Management,Private,CDDHRF - permit,[60TP0001],Yes,599213,4545990,,Construction & Demolition Debris,3-5526-00002/00001,11/30/2021,11/29/2026,"13 Hayes Street
Elmsford, NY 10523
(41.05931, -73.81935)"
Sullivan County Highland Transfer Station,475 State Route 55,,Eldred,NY,12732,Sullivan,3,8455576983,Sullivan County Division of Public Works,Municipal,Transfer facility - less than 50 tpd - registration,[53T10003],Yes,509483,4595427,,Construction & Demolition Debris;MSW (Residential/Institutional & Commercial);Single Stream;Corrugated Cardboard;Newspaper;Commingled Paper & Containers;Metals (Ferrous & Non-Ferrous);Electronics;Waste Tires;Source Separated Organic Waste,53T10003,04/12/2023,05/18/2028,"475 State Route 55
Eldred, NY 12732
(41.51047, -74.88639)"
Continental Auto Recycling Inc.,1961 Ulster Avenue,PO Box 362,Lake Katrine,NY,12449,Ulster,3,8453821212,Eric Michitsch,Private,VDF - registration,[56V50001],Yes,583881,4649191,,End of Life Vehicles VDFs,56V50001,01/28/2019,01/27/2023,"1961 Ulster Avenue
Lake Katrine, NY 12449
(41.99023, -73.98671)"
Titus Mountain Sand & Gravel LLC,215 Johnson Road,P.O. Box 390,Malone,NY,12953,Franklin,5,5184833740,Titus Mountain Sand and Gravel LLC,Private,Landfill - land clearing debris,[17D06],Yes,560650,4957116,,Land Clearing Debris;Brick;Concrete;Soil (Clean);Asphalt,17D06,07/15/2008,,"215 Johnson Road
Malone, NY 12953
(44.76532, -74.23344)"
North County Transfer Station,3688 Webster Road,,Fredonia,NY,14063,Chautauqua,9,7166722200,Chautauqua County DPF,County,Transfer station - permit,[07T01],Yes,146103,4705586,4.2 - Utilization of GIS and existing spatial data,Construction & Demolition Debris;MSW (Residential/Institutional & Commercial);Commingled Paper & Containers;Electronics;Corrugated Cardboard;Commingled Plastics;Metals (Ferrous & Non-Ferrous);Junk Mail;Magazines;Newspaper,9-0658-00039/00005,01/25/2018,01/24/2028,"3688 Webster Road
Fredonia, NY 14063
(42.42171, -79.30232)"
Green Leaf Recycling - GLR Reading,3914 County Rd. 28,,Reading Center,NY,14876,Schuyler,8,6075357459,Town of Reading,Municipal,RHRF - 5 tpd or less - registration,[49R10011],Yes,341510,4698724,1.1 - Obtained from original submission and unverified process,Single Stream,49R10011,09/30/2022,09/30/2027,"3914 County Rd. 28
Reading Center, NY 14876
(42.42367, -76.92587)"
Otsego Auto Crushers LLC,6071 State Highway 23,,Oneonta,NY,13820,Delaware,4,6074322375,Wayne Hymers Sr.,Private,Scrap metal processor - registration,[13V32601],Yes,498620,4699413,,Scrap Metal - Non-ferrous ;Scrap Metal - Aluminum ;Scrap Metal - Ferrous ;End of Life Vehicles VDFs,13V52601,03/19/2024,06/24/2029,"6071 State Highway 23
Oneonta, NY 13820
(42.44674, -75.01685)"
JC Fibers Inc,1779 Mt Read Blvd,,Rochester,NY,14615,Monroe,8,5853427210,Frank Colubriale,Private,CDDHRF - permit,[28CP0026],Yes,283630,4785070,4.2 - Utilization of GIS and existing spatial data,Construction & Demolition Debris,8-2699-00117/00001,01/13/2022,01/12/2032,"1779 Mt Read Blvd
Rochester, NY 14615
(43.18722, -77.66311)"
Rochester Transfer Station - ecopark,10-14 Avion Drive,,Chili,NY,14624,Monroe,8,,Waste Management of New York; LLC,Private,RHRF - permit,[28RP0035],Yes,280500,4775600,,,8-2622-00050/00001,03/26/2025,03/25/2035,"10-14 Avion Drive
Chili, NY 14624
(43.10153, -77.69618)"
Clark's Used Auto Parts,52 Vandusen Road,,Queensbury,NY,12804,Warren,5,5187931811,Robert R Clark,Private,Scrap metal processor - registration,[57V30013],Yes,604815,4794713,,Scrap Metal - Aluminum ;Scrap Metal - Ferrous ;Scrap Metal - Non-ferrous,57V30013,10/04/2019,10/03/2024,"52 Vandusen Road
Queensbury, NY 12804
(43.29777, -73.7086)"
USK Recycling Inc,385 Mill Street,,Lockport,NY,14094,Niagara,9,7168009005,Uriy Kirilchuk,,VDF - registration,[32V50012],Yes,199779,4787945,,End of Life Vehicles VDFs,32V50012,09/27/2022,09/27/2027,"385 Mill Street
Lockport, NY 14094
(43.18454, -78.69432)"
Cogent Transfer; LLC,105-115 THAMES Street,,Brooklyn,NY,11237,Kings,2,7184561307,,,Transfer facility - permit,[24TP0040],Yes,590503,4506611,,MSW (Residential/Institutional & Commercial);Source Separated Organic Waste,2-6104-00096/00002,11/23/2021,11/22/2026,"105-115 THAMES Street
Brooklyn, NY 11237
(40.70542, -73.92867)"
CNY Resource Recovery Inc,5879 Firestone Drive,,Dewitt,NY,13206,Onondaga,7,3154710254,Marcus Rose Realty; LLC - James P. Rose,Private,RHRF - greater than 5 tpd - registration,[34R20016],Yes,409650,4770844,4.1 - Address Matching,Metals (Non-Ferrous);Paper;Paper / Cardboard;Newspaper;Paperboard/Boxboard;Office Paper;Plastics;White Goods;Other - Batteries;Metals (Ferrous),34R20016,05/08/2023,05/10/2028,"5879 Firestone Drive
Dewitt, NY 13206
(43.08514, -76.1094)"
Tompkins County Recycling and SW Center,160 Commercial Ave.,,Ithaca,NY,14850,Tompkins,7,6072732307,Tompkins County SWM Division,Municipal,RHRF - permit,[55RP0012],Yes,375068,4698011,4.3 - Utilization of Digital Orthophoto Quads,Commingled Recyclables,7-5007-00032/00002,07/16/2025,07/15/2035,"160 Commercial Ave.
Ithaca, NY 14850
(42.42403, -76.51829)"
Scatt Materials Corp,44 S Fourth Street,,Bayshore,NY,11706,Suffolk,1,6315860554,Scatt Materials Corp.,Private,C&D processing - registration,[52W115R],Yes,644077,4513777,4.3 - Utilization of Digital Orthophoto Quads,Soil (Clean);Asphalt,52W115R,08/12/2002,,"44 S Fourth Street
Bayshore, NY 11706
(40.76125, -73.29384)"
WM Larned & Sons Inc - 828 Burdeck,828 Burdeck St.,,Rotterdam,NY,12306,Schenectady,4,5183746961,WM Larned & Sons; Inc.,Private,CDDHRF - uncontaminated soil sand gravel rock - registration,[47C62802],Yes,581484,4738753,1 - No accuracy stated,Soil (Clean);Rock;Gravel;Sand,47C62802,02/14/2025,02/13/2030,"828 Burdeck St.
Rotterdam, NY 12306
(42.79722, -74.00356)"
Clifton Recycling Inc,3400 Court Street,,Syracuse,NY,13206,Onondaga,7,3154631170,Clifton Recycling Inc,Private,CDDHRF - storage only- concrete brick rock asphalt pavement - registration,[34CS0015],Yes,408950,4770593,,Concrete,34M10015,04/13/2023,05/04/2028,"3400 Court Street
Syracuse, NY 13206
(43.08143, -76.11936)"
Stratford Transfer Station,113 County Route 104 & State Highway 29A,,Stratford,NY,13470,Fulton,5,5187365501,Fulton County,County,Transfer facility - less than 50 tpd - registration,[18T10007],Yes,525395,4780580,,MSW (Residential/Institutional & Commercial);Single Stream;Metals (Ferrous & Non-Ferrous);Electronics;Waste Oil (Other),18T10007,07/02/2023,07/01/2028,"113 County Route 104 & State Highway 29A
Stratford, NY 13470
(43.17763, -74.68858)"
Farwell Transfer Station,1430 Farwell Road,,Ischua,NY,14743,Cattaraugus,9,7165578324,Cattaraugus County DPW,County,Landfill - land clearing debris,[05D38],Yes,220881,4679865,4.2 - Utilization of GIS and existing spatial data,Land Clearing Debris,05D38,05/20/2010,,"1430 Farwell Road
Ischua, NY 14743
(42.21949, -78.38673)"
Indian Lake Transfer Station,165 Chain Lakes Road,,Indian Lake,NY,12842,Hamilton,5,5186480223,Hamilton County Highway Dept,County,Transfer facility - less than 50 tpd - registration,[21T10004],Yes,561122,4848758,,,21T10004,07/26/2022,07/26/2027,"165 Chain Lakes Road
Indian Lake, NY 12842
(43.78888, -74.23825)"
Staten Island C&D LLC,11 Ferry Street,,Staten Island,NY,10302,Richmond,2,7187204650,,,CDDHRF - permit,[43CP0013],Yes,573388,4499262,,Construction & Demolition Debris;Concrete;Soil (Clean);Wood (Clean);Wood (Pallets & Crates);Paper/Cardboard;Plastics;Metals (Aluminum);Waste Tires;Tree Debris,,08/15/2024,08/14/2029,"11 Ferry Street
Staten Island, NY 10302
(40.64091, -74.1319)"
Clinton County Landfill,286 Sand Road,,Morrisonville,NY,12962,Clinton,5,5185635514,Clinton County,County,CDDHRF - uncontaminated unadulterated wood - registration,[10C50004],Yes,611371,4949669,1.1 - Obtained from original submission and unverified process,Wood (Unadulterated),10C510004,07/26/2024,07/25/2029,"286 Sand Road
Morrisonville, NY 12962
(44.691, -73.59778)"
Luciano Auto Wreckers,275 Halleck Street,,Bronx,NY,10474,Bronx,2,7183282832,Jose Guillen,Private,VDF - registration,[03V50123],Yes,594480,4517942,4.2 - Utilization of GIS and existing spatial data,End of Life Vehicles VDFs,03V50013,03/25/2025,03/24/2030,"275 Halleck Street
Bronx, NY 10474
(40.80659, -73.87964)"
Waddingham Stock Area,26719 Waddingham Rd.,,Evans Mills,NY,13637,Jefferson,6,,Rusty VanTassel,Private,CDDHRF - concrete rock brick - registration,[23C10006],Yes,432895,4879456,4.1 - Address Matching,Concrete;Rock;Brick,23C10006,04/14/2025,04/13/2030,"26719 Waddingham Rd.
Evans Mills, NY 13637
(44.06485, -75.83775)"
Bell Crossing LLC,355 Old Quarry Rd,,Feura Bush,NY,12067,Albany,4,,Bell Crossing LLC,,CDDHRF - concrete; rock; brick; asphalt pavement or millings - registration,[01C93401],Yes,593337,4712411,1 - No accuracy stated,Concrete;Asphalt Millings;Asphalt Pavement;Rock;Gravel;Sand,01C93401,09/25/2025,09/24/2030,"355 Old Quarry Rd
Feura Bush, NY 12067
(42.56029, -73.86198)"
MEG Buffalo,4429 Walden Avenue,,Lancaster,NY,14086,Erie,9,7165970001,Miller Environmental Group; Inc.,Private,HHW collection facility - permit,[15HP0091],Yes,205914,4758884,4.2 - Utilization of GIS and existing spatial data,,9-1452-00345/00001,03/05/2026,03/04/2036,"4429 Walden Avenue
Lancaster, NY 14086
(42.92591, -78.60327)"
R. Cohen Recycling; LLC,38 Geer Street,,Glens Falls,NY,12801,Warren,5,5187922010,Geer St. Holdings; LLC,,VDF - registration,[57V50016],Yes,611216,4796448,,End of Life Vehicles VDFs,57V50016,07/31/2024,07/30/2029,"38 Geer Street
Glens Falls, NY 12801
(43.31267, -73.62828)"
Jamestown Recycling Facility,2142 Lodestro Lane,,Jamestown,NY,14701,Chautauqua,9,8002920297,Casella Waste Management of NY; Inc.,Private,RHRF - registration,[07R30037],Yes,152773,4670318,4.2 - Utilization of GIS and existing spatial data,Single Stream,07R30037,12/06/2023,12/06/2028,"2142 Lodestro Lane
Jamestown, NY 14701
(42.10754, -79.1992)"
Watertown Transfer Station,19624 Heines Road,,Watertown,NY,13601,Jefferson,6,3157860523,Town of Watertown,Municipal,Transfer facility - less than 50 tpd - registration,[23T10035],Yes,421279,4861559,4.2 - Utilization of GIS and existing spatial data,MSW (Residential/Institutional & Commercial),23R10035,12/11/2020,12/11/2025,"19624 Heines Road
Watertown, NY 13601
(43.90288, -75.98071)"
Liberta Bros Inc,607 Lake Road,,Pine Plains,NY,12567,Dutchess,3,5183987024,Len Liberta,Private,C&D processing - registration,[14W02],Yes,609867,4648896,1 - No accuracy stated,Wood (Chips);Wood (Unadulterated),14W02,09/03/1999,,"607 Lake Road
Pine Plains, NY 12567
(41.98417, -73.67326)"
Planty's Salvage LLC,13 Planty Drive,,Warrensburg,NY,12885,Warren,5,,Shawn Planty,Private,Scrap metal processor - registration,[57V30014],Yes,597396,4814967,,Scrap Metal - Aluminum ;Scrap Metal - Ferrous ;Scrap Metal - Non-ferrous,57V30014,10/16/2019,10/15/2024,"13 Planty Drive
Warrensburg, NY 12885
(43.47978, -73.79561)"
Mohawk Valley Manufacturing; Inc.,7166 E. Dominick Street,,Rome,NY,13340,Oneida,6,3157485886,Mohawk Valley Manufacturing; Inc.,Private,CDDHRF - uncontaminated soil sand gravel rock - registration,[33C60036],Yes,465960,4783538,1 - No accuracy stated,Soil (Clean);Sand;Gravel;Rock,33C60036,02/02/2026,02/01/2031,"7166 E. Dominick Street
Rome, NY 13340
(43.20498, -75.41234)"
Fleur De Lis Brew Works; LLC,3630 State Route 414,,Seneca Falls,NY,13148,Seneca,8,3156652337,Fleur De Lis Brew Works LLC,Private,Land application - UFPW - registration,[50A30005],Yes,352287,4745638,,Unrecognizable Food Processing Waste,50A30006,09/25/2019,09/25/2024,"3630 State Route 414
Seneca Falls, NY 13148
(42.84867, -76.80511)"
Amsterdam Transfer Station,1247 Route 5S,,Amsterdam,NY,12010,Montgomery,4,5188435990,Montgomery County,Municipal,Transfer facility - permit,[29TP0101],Yes,566819,4752541,,Construction & Demolition Debris;Sludge (Industrial);MSW (Residential/Institutional & Commercial);Sewage Treatment Plant Sludge;Asbestos (Non-Friable);Single Stream;Tree Debris;Electronics;Metals (Ferrous & Non-Ferrous),4-2701-00031/00004,06/10/2024,12/31/2028,"1247 Route 5S
Amsterdam, NY 12010
(42.92601, -74.1895)"
Green Asphalt Co LLC,37-98 Railroad Ave,,Long Island City,NY,11101,Queens,2,7187290990,Michael A. Capasso,Private,C&D processing - registration,[41MA9],Yes,589615,4509750,,,,,,"37-98 Railroad Ave
Long Island City, NY 11101
(40.73149, -73.93752)"
Chautauqua Landfill,3889 Towerville Road,,Ellery,NY,14701-9653,Chautauqua,9,7169854785,Chautauqua County,County,Landfill - MSW - permit,[07S12],Yes,143329,4681819,4.2 - Utilization of GIS and existing spatial data,Ash (Coal-Bottom);Ash (Coal-Fly);Asbestos (Non-Friable);Construction & Demolition Debris;Sludge (Industrial);Waste Tires;Asbestos (Friable);Biosolids;MSW (Residential/Institutional & Commercial),9-0636-00006/00013,10/07/2015,10/06/2025,"3889 Towerville Road
Ellery, NY 14701-9653
(42.20265, -79.31249)"
Teets & Sons Scrap Metal Recycling - Newfield,738 Black Oak Road,,Newfield,NY,14867,Tompkins,7,6072721908,Richard Teeter Jr.,Private,VDF - registration,[55V50013],Yes,362769,4695115,1 - No accuracy stated,End of Life Vehicles VDFs;Scrap Metal - Aluminum ;Scrap Metal - Ferrous ;Scrap Metal - Non-ferrous ;Lead Weights,55V50013,05/07/2025,05/06/2030,"738 Black Oak Road
Newfield, NY 14867
(42.39654, -76.66733)"
Ford & Sons Salvage Inc,158 Fordlea Road,,Westtown,NY,10998,Orange,3,8457263288,Ralph Ford,Private,VDF - registration,[36V50012],Yes,538851,4578329,,End of Life Vehicles VDFs,36V50012,10/03/2019,10/02/2024,"158 Fordlea Road
Westtown, NY 10998
(41.35376, -74.53344)"
Lewis County (Lowville) Transfer Station,7952 State Route 26,,Lowville,NY,13367,Lewis,6,3153765101,Lewis County Solid Waste,County,RHRF - greater than 5 tpd - registration,[25R20012],Yes,459192,4851049,1 - No accuracy stated,Other Aluminum Scrap Metal;Single Stream;Other Ferrous Scrap Metal;Other Non-Ferrous Scrap Metal;Electronics;Textiles;Other - Batteries;Waste Tires;Furniture/Appliances,6-2336-00025/00005,08/26/2022,08/25/2027,"7952 State Route 26
Lowville, NY 13367
(43.81168, -75.5079)"
Hague Transfer Station,21 Valley View Road,,Hague,NY,12836,Warren,5,5185436673,Town of Hague,Municipal,Transfer facility - less than 50 tpd - registration,[57T10010],Yes,616566,4846347,,MSW (Residential/Institutional & Commercial);Construction & Demolition Debris;Corrugated Cardboard;Tin & Aluminum Containers;Magazines;Newspaper;Commingled Plastics,57T10010,07/25/2024,07/24/2029,"21 Valley View Road
Hague, NY 12836
(43.76163, -73.55096)"
Brooklyn Resource Recovery Inc,5811 Preston Court,,Brooklyn,NY,11236,Kings,2,7185316606,Brooklyn Resource Recovery; Inc.,Private,CDDHRF - concrete; rock; brick; asphalt pavement or millings - registration,[24C10213],Yes,591214,4499425,4.2 - Utilization of GIS and existing spatial data,Rock;Concrete;Brick;Metal (Structural),24V30213,07/28/2022,07/27/2027,"5811 Preston Court
Brooklyn, NY 11236
(40.6391, -73.92277)"
Good Earth Organics Corp,5960 Broadway,,Lancaster,NY,14086,Erie,9,7166848111,Bernhard Burkhardt,Private,Composting - yard trimmings - registration,[15P10045],Yes,202740,4755351,4 - GIS Assisted,Mixture of Leaves and Grass,15P10045,04/01/2024,03/31/2029,"5960 Broadway
Lancaster, NY 14086
(42.89534, -78.63085)"
Nathan H Kelman Inc,41 Euclid Street,,Cohoes,NY,12047,Albany,4,5182375133,Nathan H. Kelman Inc.,Private,VDF - registration,[01V50301],Yes,606550,4735166,,End of Life Vehicles VDFs,01V50301,12/04/2024,12/03/2029,"41 Euclid Street
Cohoes, NY 12047
(42.76169, -73.69767)"
B & B Garage LLC,292 Route 385,,Catskill,NY,12414,Greene,4,5189435582,Robert O'Connell,Private,VDF - registration,[20V52601],Yes,594867,4677453,,End of Life Vehicles VDFs,20V52601,06/20/2019,06/20/2024,"292 Route 385
Catskill, NY 12414
(42.24377, -73.85076)"
Jefferson County Transfer Station,27138 NYS Rt 12,,Watertown,NY,13601,Jefferson,6,3157866900,Jefferson County,County,RHRF - permit,[23RP0031],Yes,423868,4878664,4.1 - Address Matching,Commingled Containers;Commingled Paper;Other Aluminum Scrap Metal;Other Ferrous Scrap Metal;Other Non-Ferrous Scrap Metal;Plastic;Electronics;Paperboard/Boxboard;Enameled Appliances / White Goods,6-2248-00013/00004,10/31/2022,10/30/2027,"27138 NYS Rt 12
Watertown, NY 13601
(43.9285, -75.82827)"
Hannibal TS/RHRF,1167 County Route 7,,Hannibal,NY,13074,Oswego,7,3155919200,Oswego County Department of Solid Waste,Municipal,Transfer facility - less than 50 tpd - registration,[38T10013],Yes,374864,4799757,,MSW (Residential/Institutional & Commercial);Construction & Demolition Debris;Waste Tires;Single Stream;Electronics;Metals (Ferrous & Non-Ferrous),38T10013,06/14/2023,06/13/2028,"1167 County Route 7
Hannibal, NY 13074
(43.34025, -76.54399)"
Luzon Environmental Services,P.O. Box 1070,1246 Glen Wild Road,Woodridge,NY,12789,Sullivan,3,8454347805,Robert Halprin,Private,Used oil - permit,[53QP0001],Yes,536057,4617026,,Waste Oil (Other),3-4828-00058/00005,12/19/2013,12/18/2019,
Saw Mill Auto Wreckers,12 Worth Street,,Yonkers,NY,10701,Westchester,3,9149685300,Ronald Maio,Private,VDF - registration,[60V50002],Yes,594309,4533613,,End of Life Vehicles VDFs,60V50002,03/27/2025,03/26/2029,"12 Worth Street
Yonkers, NY 10701
(40.94779, -73.87969)"
Robert Mazza; Inc.,8398 West Route 20,,Westfield,NY,14787,Chautauqua,9,7167939463,Mazza Chautauqua Cellars; LLC,Private,Land application - UFPW - registration,[07A30001],Yes,120500,4694354,4.2 - Utilization of GIS and existing spatial data,Unrecognizable Food Processing Waste,07A30001,07/16/2023,07/16/2028,"8398 West Route 20
Westfield, NY 14787
(42.30763, -79.6056)"
Belli Contracting Company Inc,885 Crooked Hill Road,,Brentwood,NY,11717,Suffolk,1,6312733121,Angelo Belli,Private,C&D processing - registration,[52W81R],Yes,644896,4518213,4.3 - Utilization of Digital Orthophoto Quads,Asphalt;Concrete;Soil (Clean);Tree Debris;Wood (Unadulterated);Brick;Rock;Sand;Metals (Ferrous);Metals (Non-Ferrous),52W81R,04/14/1999,,"885 Crooked Hill Road
Brentwood, NY 11717
(40.80184, -73.28242)"
Long Beach Recycling Transfer Station,Riverside Blvd and Park Place,,Long Beach,NY,11561,Nassau,1,5164311000,City of Long Beach,Municipal,CDDHRF - concrete rock brick - registration,[30C10112],Yes,613457,4494460,1 - No accuracy stated,Rock;Concrete;Brick;Asphalt Millings,,,,"Riverside Blvd and Park Place
Long Beach, NY 11561
(40.59353, -73.65974)"
DPR Scrap Metal,125 Hopper Street,,Westbury,NY,11590,Nassau,1,5162809353,Jeffery Sissons,Private,Scrap metal processor - registration,[30V30136],Yes,621030,4512823,,Scrap Metal - Ferrous ;Scrap Metal - Non-ferrous,30V31026,12/28/2021,12/28/2026,"125 Hopper Street
Westbury, NY 11590
(40.75767, -73.56629)"
Hastings Main West,NYS Route 11,,Hastings,NY,13076,Oswego,7,3154335115,Syracuse Sand & Gravel; LLC,Private,CDDHRF - concrete; rock; brick; asphalt pavement or millings - registration,[38C90015],Yes,405665,4799751,1.1 - Obtained from original submission and unverified process,Brick;Concrete;Asphalt Pavement;Rock,38C90015,02/27/2026,07/11/2029,
Con-Aggregates Recycling LLC,294-B Old Northport Road,,Kings Park,NY,11754,Suffolk,1,5164492526,Alexander Izzo,Private,CDDHRF - permit,[52CP0437],Yes,645946,4525757,4.3 - Utilization of Digital Orthophoto Quads,Soil (Clean);Rock;Concrete;Brick;Asphalt,1-4734-00487/00003,06/25/2025,06/24/2030,"294-B Old Northport Road
Kings Park, NY 11754
(40.87563, -73.28018)"
Gershow Recycling (Lindenhurst),635 Muncy Avenue,,Lindenhurst,NY,11757,Suffolk,1,6315871991,Gershow Recycling Corporation,Private,VDF - registration,[52V50414],Yes,634362,4512663,1 - No accuracy stated,End of Life Vehicles VDFs,52-0414,11/21/2025,11/20/2030,"635 Muncy Avenue
Lindenhurst, NY 11757
(40.69738, -73.35432)"
Bison Truck Parts,489 Walden Avenue,,Buffalo,NY,14211,Erie,9,7168925010,2390 Kenmore Ave Realty Inc,Private,Scrap metal processor - registration,[15V30068],Yes,188302,4757235,1 - No accuracy stated,Scrap Metal - Non-ferrous ;Scrap Metal - Ferrous,15V30068,10/28/2024,10/28/2029,"489 Walden Avenue
Buffalo, NY 14211
(42.9043, -78.81802)"
Albany YW Compost Facility,One Richard J. Connors Blvd.,,Albany,NY,12204,Albany,4,,City Of Albany Dept of General Services,Municipal,Composting - yard waste - permit,[01PP0102],Yes,603760,4725329,1 - No accuracy stated,Yard Trimmings,4-0101-00188/00003,06/25/2007,06/27/2027,"One Richard J. Connors Blvd.
Albany, NY 12204
(42.67282, -73.73392)"
Fenix Parts - Gary's U-Pull It,230 Colesville Road,,Binghamton,NY,13904,Broome,7,6077752934,Gary's U-Pull It LLC,Private,VDF - registration,[04V50021],Yes,432028,4662259,,End of Life Vehicles VDFs,04V50021,05/13/2024,05/12/2029,"230 Colesville Road
Binghamton, NY 13904
(42.10976, -75.82225)"
Renewable Recycling Inc,3001C New Street,,Oceanside,NY,11572,Nassau,1,9175416971,Christine Kiourtsis,Private,CDDHRF - gypsum wallboard - registration,[30C40123],Yes,613531,4499525,1 - No accuracy stated,Construction & Demolition Debris,30R30123,01/14/2026,07/21/2029,"3001C New Street
Oceanside, NY 11572
(40.63753, -73.65619)"
Oneida-Herkimer Tannery Road Site,Tannery Road,,Rome (C),NY,13440,Oneida,6,3153391990,Oneida Herkimer SWMA,State,Landfill - land clearing debris,[33D11],Yes,456973,4787207,4 - GIS Assisted,,33D11,07/15/1999,,
Dave's Auto Wrecking,2998 Delaware Avenue,,Niagara Falls,NY,14305,Niagara,9,7162859790,Dave Matiasz,Private,VDF - registration,[32V50016],Yes,171872,4782907,1 - No accuracy stated,End of Life Vehicles VDFs,32V50016,12/17/2024,12/17/2029,"2998 Delaware Avenue
Niagara Falls, NY 14305
(43.12732, -79.03225)"
Lyn-Way Farms; Inc.,15257 ST. Hwy 23,,Davenport,NY,13751,Delaware,4,6072785212,Philipp Gerster,Private,Land application - Third Party CAFO Applier - registration,[13A62601],Yes,511953,4701778,,Manure,13A62601,02/07/2025,02/06/2030,"15257 ST. Hwy 23
Davenport, NY 13751
(42.46782, -74.85516)"
P&P Paper/ Try Recycling,311 Winding Road,,Old Bethpage,NY,11804,Nassau,1,5162495124,,,RHRF - permit,[30M30],Yes,631400,4513100,4.3 - Utilization of Digital Orthophoto Quads,Office Paper;Newspaper;Paper/Cardboard;Commingled Paper;Metals (Ferrous);Metals (Non-Ferrous);Electronics,1-2824-00657/00005,06/29/2018,06/28/2023,"311 Winding Road
Old Bethpage, NY 11804
(40.75936, -73.44381)"
Safety Kleen Corp,6741 VIP Parkway,P.O. Box 475,Syracuse,NY,13211,Onondaga,7,3154558638,,,Used oil - permit,[34QP0058],Yes,409288,4772451,4 - GIS Assisted,Used Oil,7-3126-00134/0007,09/01/2020,08/31/2030,"6741 VIP Parkway
Syracuse, NY 13211
(43.10019, -76.11383)"
Whitehall Recycling/Transfer Station,12296 Route 22,,Whitehall,NY,12887,Washington,5,5184992369,Whitehall Transfer Station; LLC,Private,CDDHRF - permit,[58CP0013],Yes,627704,4825441,,Construction & Demolition Debris,5-5352-00021/00004,02/02/2023,02/01/2033,"12296 Route 22
Whitehall, NY 12887
(43.57001, -73.41837)"
Hunter Transfer Station,74 Hylan Road,,Hunter,NY,12442,Greene,4,5182634807,Greene County,County,Transfer facility - less than 50 tpd - registration,[20T13601],Yes,567360,4672415,,MSW (Residential/Institutional & Commercial);Construction & Demolition Debris,20T13601,03/27/2026,04/02/2029,"74 Hylan Road
Hunter, NY 12442
(42.2016, -74.18483)"
DeChiaro Associates Corp. (Lot 2 & 2A),2 Grucci Lane,,Yaphank,NY,11716,Suffolk,1,6313748084,,,Mulch processing - permit,[52MP0246],Yes,674404,4519788,1 - No accuracy stated,,,,,"2 Grucci Lane
Yaphank, NY 11716
(40.81298, -72.93356)"
County Waste & Recycling Services - Clifton Park,1927 Route 9,,Clifton Park,NY,12065,Saratoga,5,5188777007,County Waste & Recycling Services; Inc.,Private,CDDHRF - permit,[46CP0026],Yes,600089,4750975,4.3 - Utilization of Digital Orthophoto Quads,Construction & Demolition Debris;Paper/Cardboard;Metal (Structural);Wood (Unadulterated),5-4138-00127/00001,07/22/2024,04/14/2031,"1927 Route 9
Clifton Park, NY 12065
(42.90338, -73.77515)"
North Sea Waste Management Facility,1370 Majors Path,,North Sea,NY,11968,Suffolk,1,6312835210,Town of Southampton,Municipal,Transfer facility - permit,[52TP0309],Yes,718876,4534321,4.2 - Utilization of GIS and existing spatial data,Commingled Paper & Containers;MSW (Residential/Institutional & Commercial);Construction & Demolition Debris;Corrugated Cardboard;Metals (Ferrous & Non-Ferrous);Commingled Plastics;Electronics;Waste Oil (Other);Waste Tires,1-4736-00324/00007,06/11/2025,06/10/2035,"1370 Majors Path
North Sea, NY 11968
(40.92978, -72.40044)"
Bristol Hill SLF,3125 State Route 3,,Fulton,NY,13069,Oswego,7,3155919200,Oswego County DSW,County,Composting - SSO - registration,[38P20002],Yes,391402,4800263,,Yard Trimmings;Woodchips,38P20002,04/11/2024,04/10/2029,"3125 State Route 3
Fulton, NY 13069
(43.34756, -76.33687)"
Stuart W Bates Inc,36 Starr Ridge Road,,Brewster,NY,10509,Putnam,3,8452798952,Stuart W Bates III,Private,Transfer facility - permit,[40T04],Yes,617724,4582945,,Septage;Sewage Treatment Plant Sludge,3-3730-00150/00004,06/02/2022,06/01/2027,"36 Starr Ridge Road
Brewster, NY 10509
(41.38882, -73.59116)"
Jamestown Macadam; Inc.,75 Walden Avenue,,Jamestown,NY,14701,Chautauqua,9,7166645108,Jamestown Macadam; Inc.,Private,CDDHRF - uncontaminated soil sand gravel rock - registration,[07C60071],Yes,147308,4670280,1 - No accuracy stated,Soil (Clean);Sand;Gravel,07C60071,12/04/2025,12/04/2030,"75 Walden Avenue
Jamestown, NY 14701
(42.10566, -79.26571)"
Stericycle Inc.-Onondaga,798 Hartwell Avenue,,East Syracuse,NY,13057,Onondaga,7,3154637178,Criore Family Ltd. Ptsp.,Private,RMW - permit,[34JP0063],Yes,413859,4769214,4.2 - Utilization of GIS and existing spatial data,Regulated Medical Waste;Sharps,7-3126=00145/02001,10/07/2021,10/06/2031,"798 Hartwell Avenue
East Syracuse, NY 13057
(43.07098, -76.05822)"
Lockport Quarry,400 Hinman Road,,Lockport,NY,14094,Niagara,9,7164391300,Amrize Great Lakes Inc.,Private,CDDHRF - concrete; rock; brick; asphalt pavement or millings - registration,[32C90044],Yes,197964,4784645,4.2 - Utilization of GIS and existing spatial data,Concrete;Brick;Asphalt Pavement,32C90044,03/31/2026,03/31/2031,"400 Hinman Road
Lockport, NY 14094
(43.15253, -78.71348)"
Sims Metal East LLC (dba Bronx Metal Recy),850 Edgewater Rd,,Bronx,NY,10474,Bronx,2,7185422300,Sims Metal East LLC,Private,Scrap metal processor - registration,[03V30033],Yes,594174,4519208,1 - No accuracy stated,Scrap Metal - Ferrous ;Scrap Metal - Non-ferrous ;Decommissioned ELVs SMPs,03V30033,03/17/2023,03/16/2028,"850 Edgewater Rd
Bronx, NY 10474
(40.8184, -73.88363)"
Casella Recycling Albany,71 Fuller Road,,Albany,NY,12205,Albany,4,8027722254,Casella Recycling LLC,Private,RHRF - registration,[01R30101],Yes,596223,4728084,,Single Stream,01T30101,12/29/2023,12/28/2028,"71 Fuller Road
Albany, NY 12205
(42.69886, -73.82534)"
LeRay Transfer Station,26506 State Route 11,,Evans Mills,NY,13637,Jefferson,6,3156291550,Town of LeRay,Municipal,Transfer facility - source separated recyclables - registration,[23T30024],Yes,433204,4877768,4.1 - Address Matching,Commingled Paper & Containers;Commingled Plastics;Container Glass;Electronics;Metals (Ferrous & Non-Ferrous);Paperboard/Boxboard,23T30024,11/21/2024,11/20/2029,"26506 State Route 11
Evans Mills, NY 13637
(44.05055, -75.83516)"
ESMI of New York,304 Towpath Road,,Fort Edward,NY,12828,Washington,5,5187475500,ESMI of New York LLC,Private,Other,[58Z01],Yes,615717,4796220,4.3 - Utilization of Digital Orthophoto Quads,,5-5330-00038/00019,07/22/2015,07/31/2025,"304 Towpath Road
Fort Edward, NY 12828
(43.27891, -73.57379)"
Palmers Septic Service; LLC,8925 Route 89 (lagoon),8938 Route 96 (field),Interlaken,NY,14847,Seneca,8,6078823056,Frank Palmer; Jr.,Private,Storage - septage - registration,[50A50002],Yes,361581,4717367,1 - No accuracy stated,Septage,50A50002,04/23/2021,04/23/2026,"8925 Route 89 (lagoon)
Interlaken, NY 14847
(42.59053, -76.67958)"
Vernon (T) LCD LANDFILL,5650 Marble Road,Vernon Center,Vernon,NY,13477,Oneida,6,3157947778,Town of Vernon,Municipal,Landfill - land clearing debris,[33D13],Yes,457940,4763800,4.3 - Utilization of Digital Orthophoto Quads,,33D13,10/20/2009,,"5650 Marble Road
Vernon, NY 13477
(43.02751, -75.51307)"
Consolidated Edison of NY - Fill TS #8,276-290 Avenue C ( East 16th Street),,New York,NY,10009,New York,2,2122539553,Consolidated Edison company of New York,Private,C&D processing - registration,[31W13],Yes,586618,4509295,2.1 - NYSDEC 100 m grid collection,Construction & Demolition Debris;Asphalt;Street Sweepings,31W13,10/12/2005,,"276-290 Avenue C ( East 16th Street)
New York, NY 10009
(40.73013, -73.97447)"
Wilbert's U-Pull-It Williamson,4936 State Route 104,,Williamson,NY,14589,Wayne,8,3155892222,Ronald Wilbert,Private,VDF - registration,[59V51010],Yes,325638,4789114,4.3 - Utilization of Digital Orthophoto Quads,End of Life Vehicles VDFs,59V51010,08/22/2024,08/22/2029,"4936 State Route 104
Williamson, NY 14589
(43.23477, -77.14722)"
Trade Auto Wreckers Inc,139 Peconic Ave,,Medford,NY,11763,Suffolk,1,6316545172,Arthur Scheffer,Private,Vehicle Dismantling Facility,[52J59],Yes,670018,4520376,,,,,,"139 Peconic Ave
Medford, NY 11763
(40.8167, -72.98476)"
Redl's Parkway Auto Parts Inc,2 Sedgewick Road,,Poughkeepsie,NY,12603,Dutchess,3,9144527715,David Redl,Private,VDF - registration,[14V50005],Yes,597984,4614118,,End of Life Vehicles VDFs,14V50005,01/29/2025,01/28/2030,"2 Sedgewick Road
Poughkeepsie, NY 12603
(41.67216, -73.82366)"
Metalico Rochester Inc - Portland Avenue,50 Portland Avenue,,Rochester,NY,14605,Monroe,8,5852324767,Metalico Rochester,Private,VDF - registration,[28V50015],Yes,288818,4782700,4.2 - Utilization of GIS and existing spatial data,End of Life Vehicles VDFs,28V50015,02/29/2024,04/15/2029,"50 Portland Avenue
Rochester, NY 14605
(43.16758, -77.59829)"
United Recycling System of LI,3550 Hampton Road,,Oceanside,NY,11572,Nassau,1,5166787865,Joseph Tarulli,Private,Transfer facility - permit,[30TP0147],Yes,613715,4497912,,,1-2820-01732/00005,10/05/2021,10/04/2026,"3550 Hampton Road
Oceanside, NY 11572
(40.62413, -73.65524)"
Aaron Auto Supply Corp,136 Peconic Ave,,Medford,NY,11763,Suffolk,1,6312893434,Michael Holmer,Private,VDF - registration,[52V50263],Yes,670031,4520328,4.3 - Utilization of Digital Orthophoto Quads,End of Life Vehicles VDFs,52-0263,04/08/2026,04/07/2031,"136 Peconic Ave
Medford, NY 11763
(40.81636, -72.98407)"
Plan It Waste & Recycling Inc,274 Greenfield Ave,,Ballston Spa,NY,12020,Saratoga,5,5188854100,Plan It Waste & Recycling Inc,Private,CDDHRF - uncontaminated unadulterated wood - registration,[46C50012],Yes,593071,4765277,4.1 - Address Matching,Wood (Unadulterated),46C50012,04/12/2022,04/11/2027,"274 Greenfield Ave
Ballston Spa, NY 12020
(43.03431, -73.85959)"
LyDel Asphalt Corp,19B Stiriz Rd,,Brookhaven,NY,11719,Suffolk,1,6312863222,Robert M. Garone 2020 Family Trust,Private,CDDHRF - uncontaminated soil sand gravel rock - registration,[52C60418],Yes,674446,4515620,4.3 - Utilization of Digital Orthophoto Quads,Sand;Soil (Clean);Gravel;Rock,52-0418,03/10/2026,03/17/2029,"19B Stiriz Rd
Brookhaven, NY 11719
(40.77385, -72.93373)"
Irving's Recyclables; Inc.,139 Dixon Avenue,,Amityville,NY,11701,Suffolk,1,6318421222,Bryan Greenberg,Private,VDF - registration,[52V50376],Yes,634025,4504820,4.3 - Utilization of Digital Orthophoto Quads,Scrap Metal - Non-ferrous ;End of Life Vehicles VDFs;Scrap Metal - Ferrous,52V50376,03/25/2022,03/24/2027,"139 Dixon Avenue
Amityville, NY 11701
(40.68384, -73.4138)"
Sherrill Waste Water Treatment Plant,201 Fairway Lane,,Sherrill,NY,13461,Oneida,6,3153632440,City of Sherrill,Municipal,CDDHRF - uncontaminated unadulterated wood - registration,[33C50033],Yes,449909,4768797,1 - No accuracy stated,Tree Debris,33C50033,03/20/2023,03/19/2028,"201 Fairway Lane
Sherrill, NY 13461
(43.07033, -75.61469)"
Synergy Biogas Plant,6466 Lemley Road,,Covington,NY,14591,Wyoming,9,5854956995,CH4 Biogas; LLC,,Anaerobic digestion - permit,[61PP0010],Yes,250510,4746307,4 - GIS Assisted,Fats; Oils; Greases (FOG);Unrecognizable Food Processing Waste;Source Separated Organic Waste (SSOW),9-5628-00019/00001,02/12/2020,02/11/2030,"6466 Lemley Road
Covington, NY 14591
(42.82906, -78.04964)"
RJ Murray Enterprises Inc,131 Old Northport Road,,Kings Park,NY,11754,Suffolk,1,6315444400,Ryan Murray,Private,C&D processing - registration,[52W172R],Yes,645908,4525692,4.3 - Utilization of Digital Orthophoto Quads,Asphalt;Brick;Concrete;Rock;Soil (Clean),52W172R,01/23/2013,,"131 Old Northport Road
Kings Park, NY 11754
(40.86981, -73.26967)"
Sarik Auto Center Inc,1305 36th Street,,Brooklyn,NY,11218,Kings,2,7184373294,Evgeny Pinsky,Private,Motor vehicle repair shop - registration,[24V10210],Yes,585916,4499501,,Used Oil;Lead-acid Batteries,24V10210,08/22/2023,08/21/2028,"1305 36th Street
Brooklyn, NY 11218
(40.64214, -73.98443)"
Zoladz - Lackawanna,1951 Hamburg Turnpike,,Lackawanna,NY,14218,Erie,9,7169376575,Zoladz Construction Co.,Private,CDDHRF - permit,[15CP0057],Yes,184790,4749173,4 - GIS Assisted,,9-1409-00082/00001,10/01/2021,09/30/2031,"1951 Hamburg Turnpike
Lackawanna, NY 14218
(42.82756, -78.85168)"
Southtown Ash Landfill,S-3690 Lake Shore Rd,,Hamburg,NY,14219,Erie,9,7168238188,Division of Sewerage Management,County,Landfill reclamation - registration,[15L10116],Yes,184888,4744195,,Sludge (Industrial),15L10116,01/23/2025,01/15/2028,"S-3690 Lake Shore Rd
Hamburg, NY 14219
(42.78583, -78.85056)"
Larchmont Leaf TS,End of Birch Lane,,Larchmont,NY,10538,Westchester,3,9148346210,Village of Larchmont,Municipal,Transfer facility - less than 50 tpd - registration,[60T10012],Yes,605383,4531931,,Yard Trimmings;Tree Debris;Asphalt;Concrete,60T10012,03/06/2025,03/05/2029,
Lake Auto Parts Inc,498 & 503 Schauber Road,,Ballston Lake,NY,12019,Saratoga,5,5183999797,Phillip Heitmann,Private,VDF - registration,[46V50013],Yes,592003,4751103,,End of Life Vehicles VDFs,46V50013,03/07/2024,03/06/2029,"498 & 503 Schauber Road
Ballston Lake, NY 12019
(42.90732, -73.87292)"
Shelter Island Sand; Gravel & Construction,17 Bowditch Road,,Shelter Island,NY,11964,Suffolk,1,6317491040,Peder G. Larsen,Private,C&D processing - registration,[52W107R],Yes,722662,4549878,4.3 - Utilization of Digital Orthophoto Quads,Concrete;Brick;Asphalt;Soil (Clean);Wood (Clean);Tree Debris;Wood (Chips),52W107R,03/13/2002,,"17 Bowditch Road
Shelter Island, NY 11964
(41.0699, -72.34996)"
Arbor Recycling,135 Pine Aire Dr,,Bayshore,NY,11706,Suffolk,1,7183285807,Ralph Martucci,Private,RHRF - greater than 5 tpd - registration,[52R20244],Yes,645685,4515074,4.2 - Utilization of GIS and existing spatial data,PET;Container Glass;Other Aluminum Scrap Metal;Paperboard/Boxboard,52R20244,08/02/2021,08/01/2026,"135 Pine Aire Dr
Bayshore, NY 11706
(40.77346, -73.2738)"
Selleck Road TS,7531 Selleck Road,,Savona,NY,14879,Steuben,8,8002273552,Casella Waste Management of NY Inc,Private,Transfer facility - permit,[51TP0040],Yes,313871,4687310,,MSW (Residential/Institutional & Commercial);Construction & Demolition Debris,8-4624-00046/00002-0,09/15/2009,09/14/2019,"7531 Selleck Road
Savona, NY 14879
(42.3154, -77.25948)"
NoCo Compost,187 Townline Road,,Hermon,NY,13652,St. Lawrence,6,3152505629,Cory Vinyard,Private,Composting - SSO - registration,[45P20035],Yes,487740,4928924,4.1 - Address Matching,Source Separated Organic Waste (SSOW);Manure;Wood/Brush,45P20035,06/07/2024,06/06/2029,"187 Townline Road
Hermon, NY 13652
(44.5142, -75.14869)"
Emerson Recycling Corp,63-65 Emerson Place,,Brooklyn,NY,11205,Kings,2,7186221799,Stephen Leone,Private,RHRF - registration,[24R30155],Yes,587665,4505510,4.2 - Utilization of GIS and existing spatial data,Textiles;Plastics;Paper / Cardboard,24R30155,11/21/2023,11/20/2028,"63-65 Emerson Place
Brooklyn, NY 11205
(40.69581, -73.96257)"
Vitale Sand & Gravel,2735 State Route 49,,West Monroe,NY,13167,Oswego,7,3156764333,Cemento;LLC,Private,CDDHRF - concrete; rock; brick; asphalt pavement or millings - registration,[38C90033],Yes,410524,4792894,1.1 - Obtained from original submission and unverified process,CARB (concrete; asphalt; rock; brick),38C90033,11/14/2024,11/13/2029,"2735 State Route 49
West Monroe, NY 13167
(43.28501, -76.103)"
Lake George Sand & Gravel LCD,70 Transfer Road,,Lake George,NY,12845,Warren,5,5187984151,Cutting Edge Group LLC,Private,Landfill - land clearing debris,[57D13],Yes,603017,4805828,,Land Clearing Debris,57D13,10/23/2002,,"70 Transfer Road
Lake George, NY 12845
(43.39865, -73.72517)"
Almstead Nursery,905 NYS Rt. 66,,Claverack,NY,12534,Columbia,4,9145760193,Richard Almstead,Private,Composting - yard trimmings - registration,[11P12801],Yes,605420,4680865,,Yard Trimmings,11P12801,06/01/2022,05/31/2027,"905 NYS Rt. 66
Claverack, NY 12534
(42.27486, -73.71925)"
Finger Lakes Stone Co.; Inc- Finger Lakes Quarry,33 Quarry Road,,Dryden,NY,13053,Tompkins,7,6072774992,Finger Lakes Stone Co. Inc,Private,CDDHRF - uncontaminated unadulterated wood - registration,[55C50016],Yes,382671,4698200,1 - No accuracy stated,Wood (Unadulterated),55C50016,07/29/2025,07/28/2030,"33 Quarry Road
Dryden, NY 13053
(42.42777, -76.42789)"
Delavan Auto Parts,505 East Delavan Avenue,,Buffalo,NY,14211,Erie,9,7168923312,Joseph DiRienzo Sr,Private,VDF - registration,[15V50086],Yes,186734,4759273,1 - No accuracy stated,End of Life Vehicles VDFs,15V50086,01/01/2021,01/01/2026,"505 East Delavan Avenue
Buffalo, NY 14211
(42.92186, -78.83896)"
Stericycle; Inc. Farmingdale,210 Sherwood Ave.,,Farmingdale,NY,11735,Suffolk,1,6317567190,Stericycle,Private,RMW - permit,[52JP0252],Yes,633591,4511620,1 - No accuracy stated,Regulated Medical Waste;Sharps,1-4720-00585/00013,03/11/2022,03/10/2027,"210 Sherwood Ave.
Farmingdale, NY 11735
(40.74463, -73.41792)"
Stasi Brothers Asphalt Corp,422 Maple Ave,,Westbury,NY,11590,Nassau,1,5163341229,Stasi Brothers Asphalt Corp.,Private,CDDHRF - uncontaminated soil sand gravel rock - registration,[30C60179],Yes,619551,4512649,,Soil (Clean);Sand;Gravel;Rock,30-0179,11/05/2025,11/04/2030,"422 Maple Ave
Westbury, NY 11590
(40.75628, -73.58386)"
Westerlo (T) Transfer Station,88 Anable Road,,Westerlo,NY,12193,Albany,4,5187973536,Town of Westerlo,Municipal,Transfer facility - less than 50 tpd - registration,[01T13802],Yes,578952,4708779,4.2 - Utilization of GIS and existing spatial data,MSW (Residential/Institutional & Commercial);Metals (Ferrous & Non-Ferrous);Electronics;Waste Tires,01T13802,05/30/2024,05/29/2029,
Angelo Sand and Gravel,310 Hillview Rd.,,Spencer,NY,14883,Tioga,7,6072738139,Landstrom Gravel Co.; Inc.,Private,Landfill - land clearing debris,[54D01],Yes,377483,4681738,1 - No accuracy stated,Land Clearing Debris,54D01,08/22/1997,,"310 Hillview Rd.
Spencer, NY 14883
(42.28142, -76.50118)"
Ravine Farm Landscaping,Decker Ln,,East Durham,NY,12423,Greene,4,,Hunter Phillips,,CDDHRF - concrete; rock; brick; asphalt pavement or millings - registration,[20C93002],Yes,573404,4694311,3 - Global Positioning System (GPS),CARB (concrete; asphalt; rock; brick),20C63001,10/17/2024,10/16/2029,
Eiss Brothers Auto Parts,28250 NY State Route 37,,Watertown,NY,13601,Jefferson,6,3156294370,Fenix Parts; Inc,Private,VDF - registration,[23V50002],Yes,429130,4880722,,End of Life Vehicles VDFs,23V50002,11/14/2023,11/13/2028,"28250 NY State Route 37
Watertown, NY 13601
(44.07624, -75.8848)"
Sims Metal - Port Albany,140 Port Road South,,Albany,NY,12202,Albany,4,5186213259,Sims Metal East LLC,Private,CDDHRF - concrete; rock; brick; asphalt pavement or millings - registration,[01C99001],Yes,601272,4719461,3 - Global Positioning System (GPS),Asphalt Millings;Asphalt Pavement;Brick;Concrete,01C99001,02/16/2024,02/15/2029,"140 Port Road South
Albany, NY 12202
(42.61255, -73.76543)"
RA Morris Enterprise,2682 County Road 25,,Clifton Springs,NY,14432,Ontario,8,3154623862,Robert A Morris,Private,C&D processing - registration,[35W04],Yes,325271,4760424,4.3 - Utilization of Digital Orthophoto Quads,Wood (Unadulterated),35W04,01/25/2002,,"2682 County Road 25
Clifton Springs, NY 14432
(42.97624, -77.14134)"
Horst Farm,10244 NY 38,,Port Byron,NY,13140,Cayuga,7,3157044204,Glenn & Ruth Ann Horst,Private,Storage - manure & food processing waste - registration,[06A20033],Yes,366049,4774658,,Unrecognizable Food Processing Waste,06A20033,07/14/2023,07/14/2028,"10244 NY 38
Port Byron, NY 13140
(43.113, -76.64736)"
Waste-Stream Inc. - Parishville,472 West Parishville Road,,Potsdam,NY,13676,St. Lawrence,6,3152653860,Waste-Stream Inc.,Private,Transfer facility - permit,[45TP0014],Yes,503813,4941012,,MSW (Residential/Institutional & Commercial);Construction & Demolition Debris,6-4066-00063/00001,10/25/2022,10/24/2027,"472 West Parishville Road
Potsdam, NY 13676
(44.62235, -74.953)"
Green Valley LCD Landfill,1341 State Route 3,,Saranac Lake,NY,12983,Essex,5,5188911940,Carolyn Trudeau,Private,Landfill - land clearing debris,[16D04],Yes,573041,4915059,,Land Clearing Debris,16D04,05/21/1997,,"1341 State Route 3
Saranac Lake, NY 12983
(44.38494, -74.08224)"
West Sparta TS,8302 Kysorville-Byersville Rd,,Dansville,NY,14437,Livingston,8,5853353138,Town of West Sparta,Municipal,Transfer facility - less than 50 tpd - registration,[26T10028],Yes,271063,4722424,,Commingled Paper & Containers;Metals (Ferrous & Non-Ferrous);Commingled Plastics,26T10028,03/30/2020,03/30/2025,"8302 Kysorville-Byersville Rd
Dansville, NY 14437
(42.62095, -77.79124)"
Port Jefferson Village Clean Fill,Old Homestead Road,,Port Jefferson,NY,11777,Suffolk,1,6314734733,Village of Port Jefferson,Municipal,Landfill - Long Island - cleanfill < 2 acres,[52D43],Yes,664006,4536339,4.2 - Utilization of GIS and existing spatial data,Land Clearing Debris;Brick;Concrete;Soil (Clean);Tree Debris;Wood (Trees/Stumps),1-4722-00871/00001,12/12/2012,12/11/2022,
Garlock's Auto; Inc,2360 Maryland Avenue,,Niagara Falls,NY,14305,Niagara,9,7169860946,Daniel Garlock,Private,VDF - registration,[32V50019],Yes,171789,4782632,1 - No accuracy stated,End of Life Vehicles VDFs,32V50019,06/20/2025,06/20/2030,"2360 Maryland Avenue
Niagara Falls, NY 14305
(43.12518, -79.03462)"
Weakley Sand and Gravel Landfill,8968 North Main Street,,Poland,NY,13431,Herkimer,6,3158263893,Bruce Weakley,Private,Landfill - land clearing debris,[22D10],Yes,494656,4786221,,Tree Debris;Wood (Trees/Stumps),22D10,,,"8968 North Main Street
Poland, NY 13431
(43.23026, -75.06901)"
Orange County Transfer Station #1 (New Hampton),21 Training Center Lane,,Goshen,NY,10924,Orange,3,8454150580,County of Orange,County,Transfer facility - permit,[36TP0003],Yes,550009,4582556,,MSW (Residential/Institutional & Commercial);Commingled Paper & Containers;Construction & Demolition Debris,36TP0003,05/30/2023,12/17/2024,"21 Training Center Lane
Goshen, NY 10924
(41.39446, -74.39712)"
Boonville Transfer Site,13680 State Route 12,,Boonville,NY,13309,Oneida,6,3159432055,Village of Boonville,Municipal,Landfill - land clearing debris,[33D17],Yes,473640,4816223,,Tree Debris;Wood (Trees/Stumps),33D17,09/08/2000,,"13680 State Route 12
Boonville, NY 13309
(43.4981, -75.32665)"
Richmond Auto LLC,87-71 130th Street,,Richmond Hill,NY,11418,Queens,2,7188056136,Richmond Auto; LLC,Private,VDF - registration,[41V50133],Yes,599590,4506115,4.2 - Utilization of GIS and existing spatial data,End of Life Vehicles VDFs,41V50133,03/05/2025,03/04/2030,"87-71 130th Street
Richmond Hill, NY 11418
(40.69974, -73.82128)"
EcoVerde Organics Wright Road,396 Wright Rd,,Alabama,NY,14001,Genesee,8,7162093166,Ecoverde Organics; LLC,Private,Composting - SSO - registration,[19P20014],Yes,0,0,,Food Scraps;Source Separated Organic Waste (SSOW),19P20014,09/30/2021,09/30/2026,"396 Wright Rd
Alabama, NY 14001
(43.03549, -78.44952)"
Giardini Brothers Gravel Pit,1709 Gargoyle Park Road,,Olean,NY,14760,Cattaraugus,9,7163737050,Giardini Bros. Construction Co. Inc.,Private,CDDHRF - uncontaminated soil sand gravel rock - registration,[05C60028],Yes,213013,4663679,4.2 - Utilization of GIS and existing spatial data,Soil (Clean),05C60028,03/22/2026,03/22/2031,"1709 Gargoyle Park Road
Olean, NY 14760
(42.07411, -78.46828)"
Industrial Tire of CNY LLC,6500 New Venture Gear Drive,,East Syracuse,NY,13057,Onondaga,7,3153995335,Dennis Beaudette,Private,WTHRF - retreader - registration,[34W30031],Yes,412702,4771256,,Tire,,,,"6500 New Venture Gear Drive
East Syracuse, NY 13057
(43.08976, -76.07284)"
Hu-Gen Farms,8284 Carney Hollow Road,,Wayland,NY,14572,Livingston,8,5857461898,Richard Stevenson,Private,Land application - Third Party CAFO Applier - registration,[26A60031],Yes,284100,4722645,4.2 - Utilization of GIS and existing spatial data,Manure,26A60031,10/30/2025,10/30/2030,"8284 Carney Hollow Road
Wayland, NY 14572
(42.62597, -77.6325)"
Hamptons Septic Services; Inc.,36 Bunker Hill Road,,Amagansett,NY,11930,Suffolk,1,6312677515,Victor Depietro,Private,Transfer facility - permit,[52TP0383],Yes,742317,4540437,4.3 - Utilization of Digital Orthophoto Quads,Septage,1-4727-02182/00001,05/17/2023,05/16/2028,"36 Bunker Hill Road
Amagansett, NY 11930
(40.97899, -72.12047)"
L&R Transfer Station,11075 Galen Hill Road,,Freedom,NY,14065,Cattaraugus,9,7164923936,Ron Previty,Private,Transfer facility - permit,[05TP0026],Yes,223825,4708654,4.2 - Utilization of GIS and existing spatial data,,9-0442-00096/00001,09/03/2021,09/02/2031,"11075 Galen Hill Road
Freedom, NY 14065
(42.48121, -78.3586)"
Finger Lakes Compost LLC,4420 Preemption Road,,Rock Stream,NY,14878,Schuyler,8,3153350424,Heather Gilbert,Private,Composting - yard trimmings - registration,[49P10023],Yes,336754,4701379,4 - GIS Assisted,Yard Trimmings;Leaves,49P10023,11/15/2024,11/15/2029,"4420 Preemption Road
Rock Stream, NY 14878
(42.44745, -76.98719)"
Bancroft Enterprises,2647 Co Hwy 16,,Burlington Flats,NY,13315,Otsego,4,5187060879,Jason Bancroft,Private,Scrap metal processor - registration,[39V32001],Yes,490983,4732557,,Scrap Metal - Non-ferrous ;Scrap Metal - Ferrous ;Scrap Metal - Aluminum,39V32001,03/12/2024,03/11/2029,"2647 Co Hwy 16
Burlington Flats, NY 13315
(42.74273, -75.11406)"
Dolomite Products Company; Inc. - AL Blades,7612 County Route 65,PO Box 590,Hornell,NY,14843,Steuben,8,6073246600,Dolomite Products Company; Inc.,Private,CDDHRF - concrete; rock; brick; asphalt pavement or millings - registration,[51C90006],Yes,278665,4694471,4.2 - Utilization of GIS and existing spatial data,Asphalt Millings;Asphalt Pavement;Brick;Concrete,51C90006,03/04/2026,03/03/2031,"7612 County Route 65
Hornell, NY 14843
(42.36949, -77.68568)"
(V) Pleasantville Compost,1 Village Lane,,Pleasantville,NY,10570,Westchester,3,9147691690,Village of Pleasantville,,Composting - yard trimmings - registration,[60P10005],Yes,601442,4554327,,Leaves,60P10005,12/10/2024,12/09/2029,"1 Village Lane
Pleasantville, NY 10570
(41.12845, -73.79158)"
Faztec Industries,200 Bloomfield Avenue,,Staten Island,NY,10314,Richmond,2,7184941600,Faztec Industries,Private,C&D processing - registration,[43W47],Yes,568827,4496117,4.3 - Utilization of Digital Orthophoto Quads,Soil (Clean);Rock;Asphalt;Brick;Concrete,43W47,03/24/2011,,"200 Bloomfield Avenue
Staten Island, NY 10314
(40.61388, -74.18592)"
Pallets Inc Wood Processing Facility,99 1/2 East Street,,Fort Edward,NY,12828,Washington,5,5187474177,Pallets Inc,Private,CDDHRF - uncontaminated unadulterated wood - registration,[58C50020],Yes,615488,4791985,,Wood (Clean);Wood (Pallets & Crates);Wood (Unadulterated Pallets);Wood (Unadulterated),58C50020,03/31/2022,03/30/2027,"99 1/2 East Street
Fort Edward, NY 12828
(43.27026, -73.57751)"
Callahan Nannini Shale Inc,276 Clove Road,,Blooming Grove,NY,12577,Orange,3,8454964323,Robert A Nannini,Private,CDDHRF - permit,[36CP0003],Yes,572431,4583997,,Concrete;Asphalt;Construction & Demolition Debris,3-3320-00009/00006,04/25/2018,04/24/2023,"276 Clove Road
Blooming Grove, NY 12577
(41.40401, -74.13312)"
Niagara Organics,5500 Lockport Road,,Lockport,NY,14094,Erie,9,,Graham Bros Enterprises LLC,,Composting - yard trimmings - registration,[32P10035],Yes,195961,4782310,,Yard Trimmings,32P10035,08/12/2025,08/12/2030,"5500 Lockport Road
Lockport, NY 14094
(43.13313, -78.73829)"
Underground Genetics Farm,113 County Road 12A,,Pitcher,NY,13136,Chenango,7,4435537606,Anthony Crothers,Private,Storage - manure & food processing waste - registration,[09A20026],Yes,427848,4720476,4.1 - Address Matching,Unrecognizable Food Processing Waste,09A20026,03/11/2024,03/10/2029,"113 County Road 12A
Pitcher, NY 13136
(42.63307, -75.88081)"
Granby Mine,County Route 85,,Granby,NY,13069,Oswego,7,3154335115,Syracuse Sand & Gravel LLC,Private,CDDHRF - concrete; rock; brick; asphalt pavement or millings - registration,[38C90012],Yes,379201,4801876,1.1 - Obtained from original submission and unverified process,Asphalt Pavement;Concrete;Rock;Brick,38C90012,07/12/2024,07/11/2029,"County Route 85
Granby, NY 13069
(43.23385, -76.4609)"
New Paltz TS (T),3 Clearwater Road,,New Paltz,NY,12561,Ulster,3,8452558456,Town of New Paltz,,Composting - SSO - registration,[56P20002],Yes,577437,4627022,,Food Scraps;Yard Trimmings,56P20002,01/14/2025,12/21/2025,"3 Clearwater Road
New Paltz, NY 12561
(41.79112, -74.0666)"
Wessels Farms,94 Bull Road,,Otisville,NY,10963,Orange,3,8453865681,Mike Wessels,Private,C&D processing - registration,[36W15],Yes,540265,4592087,1 - No accuracy stated,Tree Debris;Wood (Chips);Wood (Unadulterated),36W15,09/19/2011,,"94 Bull Road
Otisville, NY 10963
(41.47975, -74.52172)"
Salamanca Transfer Station,289 Center Street,,Salamanca,NY,14779,Cattaraugus,9,7169451212,Cattaraugus County DPW,County,Transfer facility - permit,[05TP0015],Yes,190654,4674742,,,9-0416-00004/00002,02/07/2020,02/06/2030,"289 Center Street
Salamanca, NY 14779
(42.16399, -78.7445)"
Villager Recycling Center,200 Ferrano Street,,Rochester,NY,14606,Monroe,8,5852237697,Villager Construction Inc.,Private,CDDHRF - concrete; rock; brick; asphalt pavement or millings - registration,[28C90036],Yes,283389,4783049,,CARB (concrete; asphalt; rock; brick);Construction & Demolition Debris,28C90036,06/03/2025,06/03/2030,"200 Ferrano Street
Rochester, NY 14606
(43.1686, -77.66555)"
High Acres Yard Waste Composting and Wood Chipping Facility,Wayneport Road,,Macedon,NY,14502,Wayne,8,5854216210,Waste Management of New York LLC,Private,Composting - yard waste - permit,[59PP0001],Yes,306354,4773375,4.3 - Utilization of Digital Orthophoto Quads,Yard Trimmings;Woodchips;Source Separated Organic Waste (SSOW),8-9908-00162/00021,10/21/2018,10/20/2028,
Spring Creek North Restoration,Spring Creek North-NYCDept of Parks,,Brooklyn,NY,11208,Kings,2,2123601415,NYC Dept. of Parks,,Landfill reclamation - registration,[24L10215],Yes,406607,738623,2.3 - Land Surveyed,Other - Batteries;Metals (Ferrous & Non-Ferrous);Concrete,24L10215,02/23/2026,02/22/2029,
Rensselaer Iron & Steel Inc,35 Riverside Ave,,Rensselaer,NY,12144,Rensselaer,4,5184651484,Betty Grimmel,Private,Scrap metal processor - registration,[42V31401],Yes,602366,4720069,,Scrap Metal - Ferrous,42V31401,07/22/2025,07/21/2030,"35 Riverside Ave
Rensselaer, NY 12144
(42.63443, -73.74963)"
Heidelberg Materials - Victor Sand and Gravel,1370 Malone Road,,Victor,NY,14564,Ontario,8,,Heidelberg Materials Northeast - NY LLC,Private,CDDHRF - concrete; rock; brick; asphalt pavement or millings - registration,[35C90031],Yes,299677,4760279,,Concrete;Rock;Asphalt Millings;Asphalt Pavement;Brick,35C90031,03/19/2025,03/19/2030,"1370 Malone Road
Victor, NY 14564
(42.96901, -77.45644)"
Schroon Transfer Station,120 Alder Meadow Road,,Schroon,NY,12870,Essex,5,5185327737,Town of Schroon,County,Transfer facility - less than 50 tpd - registration,[16T10015],Yes,601031,4857023,4 - GIS Assisted,MSW (Residential/Institutional & Commercial),16T10015,07/29/2022,07/29/2027,"120 Alder Meadow Road
Schroon, NY 12870
(43.86189, -73.74374)"
Poland Sand & Gravel Mine #2,NYS RTE 8,,Cold Brook,NY,13324,Herkimer,6,3158263755,Poland Realty; LLC,Private,Landfill - land clearing debris,[22D08],Yes,495751,4785550,4.3 - Utilization of Digital Orthophoto Quads,,22D08,12/03/2008,,
Beak & Skiff Apple Farms; Inc.,4472 Cherry Valley Turnpike,,Lafayette,NY,13084,Onondaga,7,3156775105,Beak & Skiff Apple Farms Inc,Private,Land application - UFPW - registration,[34A30075],Yes,401101,4751068,4.2 - Utilization of GIS and existing spatial data,Unrecognizable Food Processing Waste,34A30075,06/26/2023,08/14/2028,"4472 Cherry Valley Turnpike
Lafayette, NY 13084
(42.90952, -76.20911)"
EcoPark & Rochester Transfer Station,10-14 Avion Drive,,Rochester,NY,14624,Monroe,8,5854943000,Waste Management of NY; Inc,Private,HHW collection facility - permit,[28HP0035],Yes,280500,4775600,,,8-2622-00050/00001,03/26/2025,03/25/2035,"10-14 Avion Drive
Rochester, NY 14624
(43.10153, -77.69618)"
Huntington Recycling Center and Transfer Station,641 New York Ave,,Huntington,NY,11743,Suffolk,1,6314276377,Town of Huntington,Municipal,Transfer facility - less than 50 tpd - registration,[52T10249],Yes,632986,4524636,4.3 - Utilization of Digital Orthophoto Quads,Yard Trimmings,52-0249,03/12/2025,03/11/2030,"641 New York Ave
Huntington, NY 11743
(40.86103, -73.42167)"
Bella Terra Recycled Earth Products,1100 Chili Avenue,,Rochester,NY,14624,Monroe,8,5853030225,Michael Valle,Private,RHRF - registration,[28R30042],Yes,283264,4780013,,Concrete;Brick;Asphalt Pavement;Rock,28R30042,04/08/2026,05/09/2030,"1100 Chili Avenue
Rochester, NY 14624
(43.14048, -77.66523)"
Hopewell Junction Transfer Station,409 Rt. 82; PO Box 1209,,Hopewell Junction,NY,12533,Dutchess,3,8458966000,Emil Panichi,,Transfer facility - permit,[32800129],Yes,596254,4602370,,Construction & Demolition Debris;Commingled Paper & Containers;MSW (Residential/Institutional & Commercial);Sludge (Industrial);Asbestos (Non-Friable);Metals (Ferrous & Non-Ferrous);Concrete;Waste Tires;Compost;Waste Oil (Other);Electronics,3-1328-00129/00002,09/16/2020,09/15/2025,
Alexandria (T) Land Clearing Landfill,Barn Settlement Road,,Alexandria Bay,NY,13607,Jefferson,6,3154829519,Town of Alexandria,Municipal,Landfill - land clearing debris,[23D22],Yes,429802,4910628,4.1 - Address Matching,,23D22,04/03/1995,,
Don Frame Trucking Fly Ash Landfill,5485 Route 5,,Pomfret,NY,14063,Chautauqua,9,7166729956,Coal Ash Recycling; LLC,Private,Landfill reclamation - registration,[07L10067],Yes,136977,4708273,4.2 - Utilization of GIS and existing spatial data,Ash (Coal-Fly),07L10067,12/11/2023,12/11/2028,"5485 Route 5
Pomfret, NY 14063
(42.44705, -79.4107)"
Waste-Connections 50th Street; Brooklyn,110-120 50th Street,,Brooklyn,NY,11233,Kings,2,7186803733,Waste Connections of NY,Private,CDDHRF - permit,[24CP0095],Yes,582988,4500369,,Construction & Demolition Debris,2-6102-00067/00004,04/04/2026,04/03/2036,"110-120 50th Street
Brooklyn, NY 11233
(40.65029, -74.01891)"
Anton Junicic Enterprises Inc,776 3rd Ave,,Brooklyn,NY,11232,Kings,2,7187688884,Bernardo Junicic,Private,VDF - registration,[24V50214],Yes,584448,4501628,1 - No accuracy stated,End of Life Vehicles VDFs;Engine Coolant/Antifreeze;Used Oil;Lead-acid Batteries,24V50214,02/05/2025,02/04/2030,"776 3rd Ave
Brooklyn, NY 11232
(40.66093, -74.00101)"
Capital Core Recycling,94 Cemetery Hill Rd,,Stephentown,NY,12168,Rensselaer,4,,Oak Stone Holdings; LLC,Private,VDF - registration,[42V54601],Yes,633550,4712288,3 - Global Positioning System (GPS),End of Life Vehicles VDFs,42V54601,04/10/2024,04/09/2029,"94 Cemetery Hill Rd
Stephentown, NY 12168
(42.55141, -73.37309)"
Tate Street Realty LLC,442 Tate Street,,Holbrook,NY,11741,Suffolk,1,6315805800,Get Rid of It By Recycling Inc,Private,Transfer facility - permit,[52TP0264],Yes,662494,4516156,4.2 - Utilization of GIS and existing spatial data,Construction & Demolition Debris;MSW (Residential/Institutional & Commercial),1-4728-00943/00004,05/06/2025,05/05/2030,"442 Tate Street
Holbrook, NY 11741
(40.78052, -73.07432)"
Rockland Green Haverstraw (Bowline) TS,200 Beach Road,,West Haverstraw,NY,10993,Rockland,3,8454291823,Rockland County SWMA,County,Transfer facility - permit,[44TP0001],Yes,586654,4562150,4.2 - Utilization of GIS and existing spatial data,MSW (Residential/Institutional & Commercial);Construction & Demolition Debris;Metals (Ferrous & Non-Ferrous);White Goods;Waste Tires,3-3922-00096/00002,11/04/2022,11/03/2027,"200 Beach Road
West Haverstraw, NY 10993
(41.20865, -73.97071)"
J & C Auto Salvage Inc,550 South Railroad Ave,,Lindenhurst,NY,11757,Suffolk,1,6316612875,J & C Auto Salvage Inc,Private,VDF - registration,[52V50298],Yes,638656,4506804,,End of Life Vehicles VDFs,52V50298,02/10/2020,02/09/2025,"550 South Railroad Ave
Lindenhurst, NY 11757
(40.70122, -73.36026)"
Fred's Used Auto Parts,2541 County Route 7,,Oswego,NY,13126,Oswego,7,3153432064,Frederick E. Knopp Jr,Private,VDF - registration,[38V50008],Yes,375649,4809797,,End of Life Vehicles VDFs,38V50008,05/08/2019,05/07/2024,"2541 County Route 7
Oswego, NY 13126
(43.43051, -76.53619)"
Constantine Construction & Farm  Inc,566 Albany Shaker Road,,Loudonville,NY,12211,Albany,4,5184588294,Laura M. Szesnat,Private,CDDHRF - uncontaminated soil sand gravel rock - registration,[01C62601],Yes,559359,4730104,4.2 - Utilization of GIS and existing spatial data,Gravel;Soil (Clean);Sand;Rock,01C62061,04/16/2026,04/15/2031,"566 Albany Shaker Road
Loudonville, NY 12211
(42.71708, -73.78635)"
Chappell's Auto Recycling,4630 County Road 46,,Canandaigua,NY,14424,Ontario,8,5857647811,Martin Chappell,Private,VDF - registration,[35V50003],Yes,315350,4750908,1 - No accuracy stated,End of Life Vehicles VDFs,35V50003,01/06/2025,01/06/2030,"4630 County Road 46
Canandaigua, NY 14424
(42.88838, -77.26076)"
110 Sand Company Clean Fill Disposal Site,136 Spagnolli Road,,Melville,NY,11747,Suffolk,1,6316942822,Broad Hollow Estates,Private,Landfill - LI - inside the deep flow recharge - permit,[52LR0351],Yes,631772,4513853,4.2 - Utilization of GIS and existing spatial data,Clean Fill;Construction & Demolition Debris,1-4726-00490/00010,05/14/2021,05/13/2026,"136 Spagnolli Road
Melville, NY 11747
(40.76277, -73.43423)"
U Pull It 49 Hopkins Inc.,49 Hopkins Street,,Buffalo,NY,14220,Erie,9,7168267278,John Previty,Private,VDF - registration,[15V50073],Yes,186780,4749618,1 - No accuracy stated,End of Life Vehicles VDFs,15V50073,12/10/2024,12/10/2029,"49 Hopkins Street
Buffalo, NY 14220
(42.83538, -78.83161)"
Sirago's,667 Vernal Butler Road,,Cairo,NY,12413,Greene,4,5186228205,William Sirago,Private,VDF - registration,[20V52402],Yes,579833,4683743,,End of Life Vehicles VDFs,20V52402,01/20/2026,01/19/2031,"667 Vernal Butler Road
Cairo, NY 12413
(42.30207, -74.03115)"
Peckham Materials Corp - Hudson Falls,438 Vaughn Road,,Hudson Falls,NY,12839,Washington,5,5187473353,Peckham Materials Corp,Private,CDDHRF - concrete; rock; brick; asphalt pavement or millings - registration,[58C90025],Yes,616236,4800415,,CARB (concrete; asphalt; rock; brick),58C90025,01/19/2024,01/18/2029,"438 Vaughn Road
Hudson Falls, NY 12839
(43.34399, -73.57202)"
Pascarella's Towing Service LLC,1504 Burnet Avenue,,Syracuse,NY,13206,Onondaga,7,3154787770,Gaspare Pascarella,Private,VDF - registration,[34V50050],Yes,409080,4767607,,End of Life Vehicles VDFs,34V10050,02/26/2024,02/25/2029,"1504 Burnet Avenue
Syracuse, NY 13206
(43.05566, -76.11627)"
Delaware County SWMF,32230 NYS Route 10,,Walton,NY,13856,Delaware,4,6077462128,Delaware County,County,RHRF - registration,[13R35601],Yes,495542,4667569,1.1 - Obtained from original submission and unverified process,Commingled Containers,4-1256-00008/00007,08/16/2021,06/04/2024,"32230 NYS Route 10
Walton, NY 13856
(42.16169, -75.04848)"
