{"type": "Feature", "properties": {"name": "Basic Creek Reservoir catchment (USGS StreamStats, pour point 42.47427,-74.01612, 2026-09-29)", "area_acres": 11318}, "geometry": {"type": "Polygon", "coordinates": [[[-74.08881209633249, 42.53273324188977], [-74.08869034358526, 42.53273227367046], [-74.08868117889261, 42.53336260170884], [-74.08855942492738, 42.53336163333894], [-74.08855025871647, 42.533991961284876], [-74.0884285035332, 42.53399099276441], [-74.08842195518517, 42.53444122695274], [-74.08830019913357, 42.53444025828775], [-74.08829495964754, 42.534800445600126], [-74.08817320290245, 42.53479947679364], [-74.08817451295783, 42.53470942997077], [-74.08768748673707, 42.53470555346353], [-74.08768617598218, 42.53479560027427], [-74.08707739246711, 42.53479075171478], [-74.08707608083184, 42.53488079850886], [-74.08646729659277, 42.53487594670053], [-74.08646598407714, 42.534965993477954], [-74.08561368517117, 42.53495919549248], [-74.08561499891094, 42.534869148736355], [-74.08500621503323, 42.53486428916731], [-74.08500752964135, 42.53477424242495], [-74.08488577305876, 42.53477327012615], [-74.08488708783572, 42.5346832233854], [-74.08464357503838, 42.53468127840587], [-74.08464489015905, 42.534591231669765], [-74.08452313394432, 42.53459025898903], [-74.08452444923381, 42.534500212254514], [-74.08440269319998, 42.53449923944748], [-74.08440400865831, 42.53440919271455], [-74.08416049695846, 42.534407246718565], [-74.08416181276053, 42.534317199990284], [-74.08404005709451, 42.53431622680133], [-74.0840413730654, 42.53422618007465], [-74.08391961758029, 42.534225206759395], [-74.08392093372002, 42.53413516003431], [-74.08379917841582, 42.53413418659276], [-74.08380049472437, 42.53404413986929], [-74.08367873960107, 42.534043166301444], [-74.08368005607845, 42.53395311957956], [-74.08355830113605, 42.533952145885436], [-74.08355961778227, 42.53386209916515], [-74.08331610826534, 42.533860151394975], [-74.08331742525523, 42.533770104679334], [-74.08307391611217, 42.533768156397905], [-74.08307523344575, 42.53367810968692], [-74.08295347905816, 42.533677135355255], [-74.08295479656057, 42.53358708864586], [-74.08210251724063, 42.533580264724016], [-74.0821011985142, 42.53367031141202], [-74.08173593551462, 42.53366738492482], [-74.08173461625753, 42.533757431602204], [-74.0816128617616, 42.53375645584473], [-74.08161022287956, 42.533936549188994], [-74.08148846803994, 42.53393557329607], [-74.08148582878395, 42.5341156666284], [-74.08160758397332, 42.53411664252745], [-74.08159702810632, 42.53483701582313], [-74.08171878470068, 42.534837991617295], [-74.08171086859552, 42.535378271546364], [-74.08183262624519, 42.53537924722953], [-74.08182603019888, 42.535829480479066], [-74.081947788729, 42.535830456048174], [-74.08194251248257, 42.53619064263387], [-74.0820642717183, 42.53619161808586], [-74.08205767714858, 42.53664185130058], [-74.08217943726477, 42.53664282663849], [-74.08217020583736, 42.537273153099456], [-74.08229196718382, 42.53727412832941], [-74.0822444928864, 42.54051580625666], [-74.08236626053566, 42.54051678146727], [-74.08232669788092, 42.54321817839289], [-74.08220492498359, 42.5432172030906], [-74.08220228692983, 42.54339729616636], [-74.08208051368865, 42.54339632072856], [-74.0820778752608, 42.54357641379239], [-74.08195610167577, 42.54357543821909], [-74.08194158796535, 42.5445659499326], [-74.08181981246187, 42.54456497419629], [-74.08180925517645, 42.54528534621666], [-74.08193103207964, 42.545286321977436], [-74.08192443445436, 42.545736554458216], [-74.08180265667635, 42.54573557868216], [-74.08179605802492, 42.546185811111314], [-74.0816742793781, 42.546184835190566], [-74.08167295945468, 42.54627488166897], [-74.08155118063894, 42.54627390561578], [-74.0815498605345, 42.54636395208968], [-74.08142808154983, 42.546362975904024], [-74.08142676126435, 42.5464530223734], [-74.08118320296325, 42.54645106960778], [-74.08118188232176, 42.5465411160696], [-74.08093832369494, 42.54653916278025], [-74.08093700269742, 42.5466292092345], [-74.08069344374489, 42.54662725542145], [-74.08069212239137, 42.54671730186811], [-74.08044856311311, 42.546715347531354], [-74.08044724140358, 42.54680539397044], [-74.08020368179962, 42.54680343910995], [-74.08020235973405, 42.54689348554145], [-74.07995879980439, 42.54689153015725], [-74.0799574773828, 42.54698157658118], [-74.07971391712742, 42.546979620673255], [-74.07971259434983, 42.547069667089595], [-74.07946903376876, 42.54706771065794], [-74.07946771063513, 42.54715775706669], [-74.07934593017872, 42.547156778653694], [-74.07934460686401, 42.54724682505795], [-74.07910104561945, 42.54724486783761], [-74.07909972194872, 42.54733491423428], [-74.07885616037846, 42.54733295649021], [-74.0788548363517, 42.54742300287927], [-74.07873305540069, 42.547422023810064], [-74.07873173119287, 42.547512070194614], [-74.07860995007296, 42.54751109099294], [-74.07860862568407, 42.547601137372965], [-74.07848684439524, 42.54760015803883], [-74.0784855198253, 42.54769020441432], [-74.07836373836756, 42.54768922494771], [-74.07835976409632, 42.547959364056275], [-74.07823798211969, 42.54795838445105], [-74.07823268230632, 42.54831856989651], [-74.07811089963582, 42.5483175901496], [-74.07810559902524, 42.548677775559526], [-74.07798381566083, 42.54867679567092], [-74.077978514253, 42.5490369810453], [-74.07785673019468, 42.54903600101502], [-74.07784745127194, 42.54966632534269], [-74.07772566599469, 42.54966534516151], [-74.0777137339383, 42.55047576202194], [-74.07783552079061, 42.55047674223079], [-74.07781828700364, 42.55164734419458], [-74.0776964978761, 42.55164636394581], [-74.07768589055773, 42.552366734238376], [-74.07756410003608, 42.55236575383561], [-74.07753359780162, 42.55443681783786], [-74.07765539234912, 42.55443779831129], [-74.0776408051119, 42.555428306943874], [-74.07776260159106, 42.55542928732168], [-74.07775331964591, 42.55605961092688], [-74.07787511735654, 42.55606059119674], [-74.07784594744008, 42.558041607845524], [-74.0777241458779, 42.558040627508085], [-74.07771884124011, 42.55840081226543], [-74.07759703898368, 42.558399831786254], [-74.07759173354823, 42.558760016508046], [-74.07746993059757, 42.55875903588713], [-74.07746727749316, 42.558939128233156], [-74.0773454741984, 42.55893814747663], [-74.07734414746199, 42.5590281936444], [-74.07722234399822, 42.559027212755346], [-74.07722101708063, 42.55911725891859], [-74.07709921344787, 42.559116277897004], [-74.0770978863491, 42.55920632405571], [-74.07697608254733, 42.55920534290161], [-74.0769747552674, 42.55929538905579], [-74.07673114733194, 42.559293426353065], [-74.07672981969573, 42.55938347249964], [-74.07660801556206, 42.55938249095102], [-74.07660668774467, 42.55947253709306], [-74.07648488344199, 42.55947155541191], [-74.07648355544342, 42.55956160154943], [-74.07623994650615, 42.55955963779262], [-74.0762386181513, 42.55964968392252], [-74.07611681351672, 42.559648701846854], [-74.07611548498068, 42.55973874797222], [-74.07599368017709, 42.55973776576402], [-74.07599235145987, 42.559827811884865], [-74.0757487415208, 42.55982584707393], [-74.07574741244729, 42.55991589318716], [-74.0756256073118, 42.55991491058443], [-74.07562427805709, 42.56000495669313], [-74.07538066745423, 42.560002991093135], [-74.07537933784323, 42.56009303719423], [-74.07525753237586, 42.560092054196964], [-74.07525620258367, 42.56018210029352], [-74.07513439694729, 42.560181117163715], [-74.07513306697389, 42.56027116325574], [-74.07488945536925, 42.560269196601595], [-74.07488812503956, 42.560359242686], [-74.07476631907129, 42.56035825916165], [-74.0747649885604, 42.56044830524152], [-74.07464318242315, 42.56044732158464], [-74.07464185173104, 42.560537367659975], [-74.07452004542478, 42.560536383870556], [-74.07451871455149, 42.560626429941344], [-74.07439690807622, 42.560625446019365], [-74.07438625946922, 42.561345814508705], [-74.0745080673453, 42.56134679845534], [-74.07450407454226, 42.5616169366241], [-74.07462588294977, 42.56161792045051], [-74.07461257496055, 42.56251838094936], [-74.07449076480188, 42.562517397092115], [-74.07448011656997, 42.563237765361855], [-74.07435830501645, 42.56323678135047], [-74.07434499242572, 42.56413724152594], [-74.07446680573054, 42.56413822556815], [-74.07445881893376, 42.564678501622154], [-74.0745806332955, 42.5646794855534], [-74.07455933689832, 42.5661202214908], [-74.07443751973427, 42.56611923751022], [-74.07443352596032, 42.5663893754478], [-74.07431170827694, 42.56638839132849], [-74.07430771392256, 42.56665852924373], [-74.07418589571982, 42.56665754498568], [-74.074181900785, 42.566927682878585], [-74.07406008206291, 42.56692669848179], [-74.07405475469699, 42.56728688230629], [-74.07393293528037, 42.567285897767675], [-74.07392361092862, 42.56791621938297], [-74.07380179029197, 42.56791523469326], [-74.07380045804211, 42.56800528062941], [-74.0736786372364, 42.56800429580712], [-74.07367597236801, 42.56818438766887], [-74.07355415121808, 42.568183402710915], [-74.07355281859955, 42.568273448636525], [-74.07343099728055, 42.56827246354599], [-74.07342966448074, 42.56836250946705], [-74.07330784299269, 42.56836152424395], [-74.07330651001159, 42.56845157016047], [-74.07318468835449, 42.568450584804765], [-74.07318335519211, 42.56854063071675], [-74.07293971154593, 42.568538659610695], [-74.07293837802706, 42.56862870551505], [-74.07281655603798, 42.568627719764685], [-74.07281522233784, 42.568717765664495], [-74.0726934001797, 42.568716779781546], [-74.07269206629826, 42.568806825676816], [-74.07257024397107, 42.56880583966128], [-74.07256890990836, 42.568895885552], [-74.07232526492196, 42.568893913126274], [-74.07232393050278, 42.56898395900936], [-74.07220210784358, 42.56898297259916], [-74.07219943863647, 42.56916306435478], [-74.07207761563305, 42.5691620778089], [-74.07207494605112, 42.56934216955252], [-74.07195312270346, 42.56934118287096], [-74.07195178772812, 42.56943122873751], [-74.07182996421142, 42.56943024192335], [-74.07182462354808, 42.569790425362605], [-74.07170279933679, 42.56978943840658], [-74.07169745787472, 42.570149621810195], [-74.0715756329688, 42.57014863471229], [-74.07155827026263, 42.57131923057316], [-74.071680097446, 42.571320217711275], [-74.07166273598192, 42.5724908133666], [-74.07178456544905, 42.5724918004154], [-74.0717792239526, 42.57285198365689], [-74.0719010541267, 42.57285297058856], [-74.07189437799437, 42.57330319962316], [-74.07201620905064, 42.57330418644077], [-74.07200953364124, 42.57375441545448], [-74.07213136557972, 42.573755402158035], [-74.07211801605375, 42.5746558601073], [-74.07199618236304, 42.57465487337282], [-74.07199217686014, 42.57492501071997], [-74.07187034264987, 42.57492402384669], [-74.07186900729475, 42.57501406962307], [-74.0717471729154, 42.57501308261718], [-74.07174583737891, 42.57510312838902], [-74.07162400283046, 42.575102141250504], [-74.07162266711263, 42.5751921870178], [-74.07150083239505, 42.575191199746676], [-74.07149949649586, 42.57528124550941], [-74.0713776616092, 42.57528025810567], [-74.07137632552865, 42.57537030386385], [-74.07113265542324, 42.57536832866159], [-74.07113131898609, 42.575458374412136], [-74.07100948376734, 42.57545738661362], [-74.07100814714883, 42.57554743235962], [-74.07088631176099, 42.57554644442849], [-74.07088497496112, 42.57563649016993], [-74.07076313940416, 42.57563550210616], [-74.07076180242294, 42.57572554784307], [-74.07063996669687, 42.57572455964669], [-74.07063862953427, 42.57581460537903], [-74.07051679363911, 42.57581361705002], [-74.07051545629514, 42.57590366277781], [-74.07039362023089, 42.57590267431618], [-74.07039228270553, 42.57599272003944], [-74.07027044647218, 42.57599173144517], [-74.07026910876546, 42.57608177716385], [-74.070147272363, 42.57608078843697], [-74.07014593447491, 42.57617083415111], [-74.07002409790334, 42.5761698452916], [-74.07002142175824, 42.576349936709306], [-74.06989958484235, 42.57634894771407], [-74.0698969083222, 42.57652903911978], [-74.06977507106197, 42.5765280499888], [-74.06976971724701, 42.57688823277035], [-74.06964787929195, 42.57688724349746], [-74.06962646024557, 42.57832797434137], [-74.06974830100468, 42.57832896366388], [-74.06972822184962, 42.57967964853841], [-74.06985006524383, 42.57968063777787], [-74.06983266447023, 42.58085123111138], [-74.06995451014915, 42.58085222026159], [-74.06994514129892, 42.581482539668755], [-74.06982329439299, 42.58148155049685], [-74.06981526265871, 42.5820218241991], [-74.0696934147072, 42.58202083487905], [-74.06968672054994, 42.582471062908766], [-74.0695648717281, 42.58247007344365], [-74.06956219367159, 42.582650164639155], [-74.06944034450531, 42.58264917503829], [-74.06943900529255, 42.582739220630764], [-74.06931715595712, 42.58273823089723], [-74.06931447716256, 42.5829183220716], [-74.06907077780893, 42.58291634220346], [-74.06906943805184, 42.58300638778228], [-74.0688257383722, 42.58300440738968], [-74.06882439825836, 42.58309445296082], [-74.06870254825247, 42.583093462567085], [-74.06870120795718, 42.583183508133665], [-74.06845750761322, 42.58318152695131], [-74.06845616696118, 42.58327157251022], [-74.06821246629124, 42.5832695908034], [-74.06821112528245, 42.583359636354665], [-74.06796742428651, 42.58335765412339], [-74.06796608292093, 42.58344769966698], [-74.06760053094729, 42.583444725339035], [-74.06759918904964, 42.58353477087185], [-74.0672336366055, 42.583531795368515], [-74.0672322941758, 42.58362184089056], [-74.06674489030195, 42.583617871726474], [-74.06674354716486, 42.58370791723463], [-74.06576873831057, 42.58369997266254], [-74.06576739376486, 42.58379001814433], [-74.06515813755487, 42.5837850485604], [-74.06515679212647, 42.58387509402517], [-74.06479123794861, 42.5838721107107], [-74.06478989198813, 42.58396215616468], [-74.0643024858029, 42.583958176585696], [-74.06430383246462, 42.58386813114418], [-74.06418198110906, 42.58386713592865], [-74.0641833279399, 42.58377709048881], [-74.06406147676583, 42.583776095146824], [-74.06406282376582, 42.58368604970865], [-74.06381912178682, 42.583684058642234], [-74.06382046913122, 42.58359401320884], [-74.06369861832631, 42.583593017484404], [-74.06369996583983, 42.583502972052685], [-74.0635781152164, 42.58350197620181], [-74.06357946289904, 42.583411930771746], [-74.06333576202134, 42.58340993868755], [-74.0633371100484, 42.58331989326228], [-74.06321525979413, 42.58331889702896], [-74.06321660799031, 42.58322885160535], [-74.06309475791753, 42.58322785524559], [-74.06309610628281, 42.583137809823654], [-74.06297425639153, 42.58313681333746], [-74.06297560492594, 42.583046767917196], [-74.06285375521611, 42.583045771304555], [-74.06285510391965, 42.582955725885945], [-74.06273325439132, 42.58295472914687], [-74.06273460326395, 42.58286468372994], [-74.0626127539171, 42.58286368686444], [-74.06261410295883, 42.58277364144917], [-74.06249225379348, 42.58277264445723], [-74.06249360300434, 42.58268259904362], [-74.06237175402048, 42.582681601925245], [-74.0623731034004, 42.58259155651332], [-74.06225125459804, 42.58259055926852], [-74.06225260414709, 42.58250051385826], [-74.0621307555262, 42.58249951648701], [-74.06213210524434, 42.58240947107842], [-74.06201025680494, 42.58240847358074], [-74.0620116066922, 42.58231842817383], [-74.06188975843428, 42.58231743054972], [-74.06189110849063, 42.58222738514448], [-74.0617692604142, 42.582226387393945], [-74.06177196085889, 42.58204629658534], [-74.06152826542578, 42.582044300708105], [-74.06152961598941, 42.581954255307885], [-74.06140776845744, 42.58195325717806], [-74.06140911919017, 42.58186321177949], [-74.06116542449539, 42.58186121513745], [-74.0611667755725, 42.58177116974368], [-74.0609230812531, 42.58176917258968], [-74.06092443267458, 42.58167912720072], [-74.06080258569946, 42.581678128432515], [-74.06080393729003, 42.58158808304523], [-74.06056024370898, 42.58158608512643], [-74.0605615956439, 42.58149603974393], [-74.06043974903797, 42.58149504059334], [-74.06044110114198, 42.58140499521253], [-74.06019740829929, 42.58140299652893], [-74.06019876074767, 42.581312951152945], [-74.05983322205601, 42.58130995216529], [-74.05983457502404, 42.58121990679723], [-74.05959088294453, 42.58121790683064], [-74.05959223625692, 42.5811278614674], [-74.05922669871008, 42.58112486055528], [-74.05922805254208, 42.5810348152], [-74.0587406699344, 42.58103081218266], [-74.05874202446131, 42.58094076683846], [-74.05459928227525, 42.580906657608615], [-74.05460064275543, 42.580816612369844], [-74.054235107552, 42.58081359555137], [-74.05423646855176, 42.5807235503206], [-74.05411462367172, 42.58072254445848], [-74.05411734600307, 42.580542453998845], [-74.05399550147982, 42.5805414480135], [-74.05399822413673, 42.58036135755435], [-74.05387637997028, 42.58036035144577], [-74.05387910295276, 42.5801802609871], [-74.0537572591431, 42.580179254755265], [-74.05376406736633, 42.57972902859889], [-74.05364222443927, 42.57972802225327], [-74.05364494803537, 42.57954793178685], [-74.05352310546508, 42.579546925318], [-74.05352446742903, 42.57945688008575], [-74.05340262504025, 42.57945587349052], [-74.05340534929992, 42.57927578302797], [-74.05291798120945, 42.579271755376844], [-74.05291934403095, 42.579181710156], [-74.0521882931344, 42.57917566481199], [-74.05218692926131, 42.5792657100139], [-74.05072482604105, 42.579253605297524], [-74.05072346005853, 42.57934365046003], [-74.05035793386865, 42.57934062135675], [-74.05035656735409, 42.57943066650833], [-74.0501128829083, 42.57942864645211], [-74.05011151603694, 42.579518691595894], [-74.04998967364818, 42.579517681370305], [-74.04998830659528, 42.57960772650945], [-74.04986646403754, 42.57960671615116], [-74.04986509680309, 42.579696761285696], [-74.0496214113559, 42.57969474017414], [-74.04962004376466, 42.579784785300895], [-74.04949820087519, 42.57978377454764], [-74.04949683310241, 42.57987381966976], [-74.0492531469918, 42.57987179776828], [-74.0492517788622, 42.57996184288261], [-74.04912993564102, 42.57996083173438], [-74.04912856732989, 42.5800508768441], [-74.04876303717826, 42.580047842612636], [-74.04876166833503, 42.58013788771139], [-74.04851798124814, 42.580135864236354], [-74.04851661204808, 42.58022590932731], [-74.04815108093905, 42.58022287313365], [-74.0481497112069, 42.58031291821364], [-74.04778417962862, 42.58030988084456], [-74.04778280936436, 42.580399925913575], [-74.04741727731685, 42.58039688736906], [-74.0474159065205, 42.580486932427085], [-74.04717221816972, 42.58048490607666], [-74.04717358931663, 42.580394861025], [-74.04680805736345, 42.58039182053728], [-74.04680942902988, 42.58030177549368], [-74.04583467883391, 42.58029366185187], [-74.04583605189622, 42.580203616832215], [-74.04522683410481, 42.58019854161176], [-74.0452295819632, 42.58001845159991], [-74.04510773877438, 42.58001743617355], [-74.0451118610405, 42.579747301154406], [-74.04499001838377, 42.579746285608046], [-74.0449955153514, 42.579386105574855], [-74.04487367340204, 42.579385089911675], [-74.0448887914707, 42.578394594735265], [-74.04476695145549, 42.57839357897756], [-74.04476832596278, 42.57830353395597], [-74.04464648612912, 42.578302518071915], [-74.04464786080536, 42.57821247305204], [-74.04440418150747, 42.57821044090169], [-74.0444055565279, 42.578120395886735], [-74.04416187760576, 42.5781183632246], [-74.04416325297039, 42.57802831821456], [-74.04379773516024, 42.5780252682594], [-74.04379911104432, 42.577935223257455], [-74.04367727196214, 42.57793420634985], [-74.04367864801515, 42.57784416134964], [-74.04355680911453, 42.57784314431569], [-74.04355818533648, 42.577753099317206], [-74.04343634661743, 42.57775208215692], [-74.04343772300831, 42.57766203716017], [-74.04331588447083, 42.577661019873524], [-74.04331863758414, 42.57748092988203], [-74.04319679940345, 42.57747991247223], [-74.0432133196557, 42.576399372439205], [-74.0433351557335, 42.57640038981074], [-74.04334892016331, 42.57549993959115], [-74.0434707544951, 42.57550095680129], [-74.0434913973275, 42.57415028115102], [-74.04336956562403, 42.57414926398868], [-74.04337231824479, 42.5739691738836], [-74.04325048689806, 42.57396815659811], [-74.04325186337418, 42.573878111546584], [-74.04313003220898, 42.57387709413478], [-74.043131408854, 42.57378704908497], [-74.04300957787034, 42.57378603154683], [-74.04301095468425, 42.573695986498755], [-74.0427672930863, 42.57369395104031], [-74.04276867024431, 42.57360390599715], [-74.04252500902204, 42.573601870027034], [-74.04252638652416, 42.5735118249888], [-74.0422827256776, 42.573509788507], [-74.04228410352383, 42.57341974347369], [-74.04204044305295, 42.573417706480214], [-74.04204182124329, 42.57332766145184], [-74.04191999119254, 42.57332664276403], [-74.04192136955174, 42.573236597737385], [-74.04179953968254, 42.573235578923246], [-74.04180091821063, 42.573145533898334], [-74.04167908852295, 42.57314451495787], [-74.0416804672199, 42.573054469934696], [-74.04155863771376, 42.573053450867924], [-74.04157380489015, 42.57206295555203], [-74.04145197731754, 42.572061936390874], [-74.04145749316542, 42.571701756245076], [-74.04157932003724, 42.57170277539346], [-74.04159172874817, 42.570892369951494], [-74.04171355404962, 42.57089338894165], [-74.04171906816707, 42.57053320869457], [-74.04159724356636, 42.57053218971719], [-74.04160275828335, 42.570172009459604], [-74.0414809343897, 42.5701709903655], [-74.04148231322831, 42.57008094530065], [-74.04123866581034, 42.570078906730345], [-74.04124004499299, 42.5699888616704], [-74.04111822146866, 42.5699878421942], [-74.04111684211085, 42.57007788725094], [-74.03977678183425, 42.57006666443056], [-74.03977540054314, 42.57015670945065], [-74.03965357674443, 42.570155688414076], [-74.03965219527181, 42.57024573342951], [-74.03953037130428, 42.57024471226021], [-74.03951655447747, 42.571145162302535], [-74.03939472876445, 42.57114414097175], [-74.03939196497264, 42.571324230956336], [-74.03914831286484, 42.57132218789344], [-74.03914693060906, 42.57141223287715], [-74.03890327817625, 42.57141018928983], [-74.03890189556374, 42.57150023426568], [-74.03865824280592, 42.57149819015394], [-74.03865685983668, 42.57158823512192], [-74.03841320675386, 42.57158619048576], [-74.0384118234279, 42.57167623544587], [-74.03804634332569, 42.571673167510724], [-74.0380449594678, 42.571763212459764], [-74.03755765205295, 42.57175912005366], [-74.03755626748794, 42.57184916498843], [-74.03670347853021, 42.5718419982693], [-74.0367020927325, 42.571932043180155], [-74.03609295707743, 42.57192692019382], [-74.03609157039737, 42.572016965087165], [-74.03548243402537, 42.5720118388471], [-74.03548104646298, 42.57210188372292], [-74.03487190937415, 42.572096754229115], [-74.0348705209294, 42.5721867990874], [-74.0343832106722, 42.57218269314835], [-74.0343818215203, 42.57227273799233], [-74.03389451066428, 42.57226862996828], [-74.03389312080522, 42.57235867479793], [-74.03352763720456, 42.572355592410396], [-74.03352624681352, 42.57244563722893], [-74.03328259076125, 42.57244358164993], [-74.03328120001343, 42.57253362646056], [-74.03315937182167, 42.57253259847358], [-74.03315658995649, 42.572712688084025], [-74.03303476142071, 42.572711659961094], [-74.0330278057701, 42.573161883945616], [-74.0331496351819, 42.57316291208466], [-74.03314268024776, 42.573613136048856], [-74.03302084995994, 42.57361210789371], [-74.03302363230316, 42.57343201831884], [-74.03290180237211, 42.57343099004062], [-74.03290319370936, 42.57334094525422], [-74.03278136395991, 42.573339916849704], [-74.03278275546597, 42.57324987206508], [-74.03266092589813, 42.57324884353427], [-74.03266231757301, 42.5731587987514], [-74.03254048818674, 42.57315777009431], [-74.03254188003045, 42.573067725313216], [-74.03242005082578, 42.57306669652983], [-74.03242283484443, 42.57288660696971], [-74.03230100599654, 42.57288557806327], [-74.0323023981715, 42.57279553328425], [-74.0321805695052, 42.57279450425152], [-74.03218196184896, 42.57270445947427], [-74.03206013336427, 42.57270343031525], [-74.03206291838302, 42.572523340762814], [-74.0319410902551, 42.57252231148074], [-74.0319424829301, 42.57243226670556], [-74.03182065498378, 42.5724312372972], [-74.03182204782759, 42.572341192523794], [-74.03170022006283, 42.57234016298916], [-74.03170161307544, 42.57225011821751], [-74.0315797854923, 42.572249088556596], [-74.03158117867372, 42.572159043786726], [-74.03145935127215, 42.57215801399951], [-74.0314621379662, 42.57197792446186], [-74.03134031092141, 42.57197689455161], [-74.03134170443404, 42.571886849783816], [-74.03121987757085, 42.57188581974728], [-74.03122127125228, 42.571795774981275], [-74.03109944457067, 42.571794744818455], [-74.03110223226473, 42.571614655288506], [-74.0309804059399, 42.571613625002634], [-74.03098319395878, 42.57143353547332], [-74.03086136799071, 42.57143250506441], [-74.0308655504966, 42.57116237076919], [-74.03074372506049, 42.571161340240465], [-74.03074651371615, 42.57098125070948], [-74.03062468863682, 42.570980220057706], [-74.03062887209788, 42.57071008576], [-74.0305070475505, 42.57070905498841], [-74.03050983684291, 42.57052896545578], [-74.0303880126523, 42.570527934561156], [-74.03039359186107, 42.570167755491326], [-74.03027176837755, 42.57016672448012], [-74.03028292788936, 42.56944636629635], [-74.03016110581365, 42.569445335181506], [-74.03018621637075, 42.567824528985156], [-74.03006439745438, 42.567823497798976], [-74.03008253384421, 42.566652915294426], [-74.03020435048361, 42.5666539464386], [-74.03021690423593, 42.56584354299286], [-74.03033871930543, 42.56584457397848], [-74.03034848175074, 42.56521426008314], [-74.0304702956007, 42.56521529091666], [-74.03048005650659, 42.56458497692731], [-74.03060186913703, 42.56458600760875], [-74.03061162850364, 42.56395569352537], [-74.0307334399146, 42.563956724054734], [-74.03073622789725, 42.56377663429706], [-74.03085803896437, 42.5637776646905], [-74.03087476422174, 42.56269712598326], [-74.03099657319386, 42.56269815620849], [-74.03100493442665, 42.56215788675681], [-74.03088312650517, 42.56215685655095], [-74.03088591388183, 42.561976766728534], [-74.0306422987585, 42.561974705941346], [-74.03064369278744, 42.56188466103441], [-74.03040007803989, 42.561882599735824], [-74.03040147241265, 42.561792554833886], [-74.03015785804088, 42.56179049302393], [-74.03015925275746, 42.56170044812701], [-74.02991563876148, 42.56169838580566], [-74.02991703382186, 42.561608340913736], [-74.02979522700858, 42.561607309562106], [-74.02979662223764, 42.56151726467195], [-74.02967481560587, 42.561516233194105], [-74.02967621100363, 42.561426188305724], [-74.02955440455335, 42.56142515670164], [-74.02955580011982, 42.56133511181504], [-74.02943399385104, 42.561334080084734], [-74.02943538958621, 42.56124403519989], [-74.02931358349893, 42.561243003343364], [-74.0293149794028, 42.56115295846031], [-74.02919317349702, 42.561151926477564], [-74.02919456956958, 42.56106188159628], [-74.02907276384529, 42.561060849487305], [-74.02907555632139, 42.56088075972684], [-74.0289537509537, 42.560879727494886], [-74.02895654375436, 42.56069963773506], [-74.02883473874327, 42.560698605380125], [-74.02883753186849, 42.560518515620934], [-74.02871572721399, 42.560517483143], [-74.02871852066377, 42.560337393384465], [-74.02859671636585, 42.56033636078354], [-74.0285995101402, 42.56015627102566], [-74.02847770619886, 42.56015523830175], [-74.02848050029772, 42.55997514854451], [-74.02835869671298, 42.559974115697614], [-74.02836009392789, 42.55988407082005], [-74.02823829052463, 42.55988303784695], [-74.0282410852854, 42.5597029480939], [-74.02811928223872, 42.55970191499783], [-74.028122077324, 42.55952182524543], [-74.02800027463391, 42.55952079202638], [-74.02800307004371, 42.55934070227462], [-74.02788126771019, 42.5593396689326], [-74.0278840634445, 42.55915957918149], [-74.02776226146754, 42.5591585457165], [-74.02776645554616, 42.55888841108862], [-74.02764465410085, 42.55888737750389], [-74.02765583942892, 42.558167018457986], [-74.02777763947364, 42.558168052016796], [-74.02778323128348, 42.55780787244591], [-74.02790503063433, 42.55780890586234], [-74.02790922389919, 42.557538771159145], [-74.02803102273124, 42.5575398044364], [-74.02803521541321, 42.55726966971039], [-74.0281570137265, 42.5572707028485], [-74.02816400052625, 42.5568204782598], [-74.02828579797065, 42.55682151125229], [-74.02829278373487, 42.55637128661099], [-74.02841458031041, 42.55637231945784], [-74.02842435888579, 42.55574200487615], [-74.02854615424238, 42.55574303757092], [-74.02854755098105, 42.55565299262161], [-74.0284257557995, 42.555651959930074], [-74.02842994650219, 42.55538182508311], [-74.02830815185219, 42.55538079227186], [-74.02830954891532, 42.55529074732319], [-74.02818775444678, 42.55528971438574], [-74.02818915167855, 42.55519966943886], [-74.02794556311078, 42.55519760318213], [-74.02794696068622, 42.55510755824025], [-74.027825166587, 42.55510652492098], [-74.02782656433106, 42.5550164799809], [-74.0277047704133, 42.555015446535435], [-74.02770616832599, 42.55492540159713], [-74.02746258085978, 42.5549233343244], [-74.02746397911615, 42.5548332893911], [-74.02697680496085, 42.554829153305434], [-74.02697820391096, 42.554739108383664], [-74.02673461722189, 42.554737039570746], [-74.02673601651566, 42.55464699465399], [-74.02649243020234, 42.554644925329846], [-74.02649382983977, 42.55455488041812], [-74.02588486504403, 42.55454970485898], [-74.02590447154616, 42.553289076168774], [-74.02602626204202, 42.553290111494036], [-74.02604726498615, 42.551939437531715], [-74.02616905286314, 42.5519404726789], [-74.02618585207792, 42.550859933234015], [-74.02630763786121, 42.55086096821286], [-74.02632443405136, 42.54978042851916], [-74.02644621774108, 42.54978146332968], [-74.02645881270209, 42.54897105839249], [-74.0265805948233, 42.548972093044426], [-74.0265875909243, 42.54852186801211], [-74.02670937217698, 42.54852290251842], [-74.026720564205, 42.54780254236499], [-74.02684234406426, 42.54780357671598], [-74.02684514165715, 42.54762348665656], [-74.02696692117289, 42.54762452087167], [-74.02696971839016, 42.54744443079994], [-74.02709149756237, 42.54744546487919], [-74.02709429440401, 42.54726537479514], [-74.0272160732327, 42.5472664087385], [-74.02721886969876, 42.54708631864215], [-74.0273406481839, 42.54708735244964], [-74.02734344427436, 42.54690726234098], [-74.02746522241597, 42.5469082960126], [-74.02746801813086, 42.54672820589163], [-74.02758979592895, 42.54672923942737], [-74.02759259126825, 42.5465491492941], [-74.02771436872281, 42.54655018269398], [-74.02771716368655, 42.5463700925484], [-74.02783894079758, 42.546371125812406], [-74.02784173538575, 42.54619103565452], [-74.02796351215326, 42.546192068782666], [-74.02796630636585, 42.54601197861247], [-74.02808808278988, 42.54601301160476], [-74.02809087662692, 42.54583292142226], [-74.02821265270742, 42.545833954278685], [-74.02821684289005, 42.5455638189843], [-74.02833861845208, 42.54556485170162], [-74.02834141152522, 42.54538476149161], [-74.02846318674374, 42.54538579407306], [-74.02846737578056, 42.54511565873741], [-74.02858915048061, 42.54511669117978], [-74.02859333893493, 42.5448465558213], [-74.02871511311653, 42.544847588124576], [-74.0287179050375, 42.54466749787184], [-74.0288396788756, 42.54466853003926], [-74.0288452619409, 42.54430834950336], [-74.02896703508561, 42.544309381528464], [-74.02897540844184, 42.543769110661486], [-74.02909718054329, 42.54377014253782], [-74.02909997126095, 42.5435900522307], [-74.02922174301892, 42.54359108397117], [-74.02922732367767, 42.54323090332651], [-74.02934909474229, 42.543231934924684], [-74.02936304419194, 42.5423314831787], [-74.0294848135136, 42.54233251461516], [-74.0295015499096, 42.54125197228887], [-74.02962331713857, 42.54125300355717], [-74.02962889503287, 42.54089282272218], [-74.02975066156858, 42.5408938538482], [-74.02975763291798, 42.54044362775553], [-74.02987939858552, 42.54044465873603], [-74.02988497485029, 42.54008447782273], [-74.03000673982457, 42.540085508660944], [-74.03001231528742, 42.539725327711395], [-74.03013407956847, 42.539726358407336], [-74.03013965422942, 42.53936617742157], [-74.03026141781723, 42.539367207975225], [-74.03026559822112, 42.53909707221091], [-74.03038736129062, 42.539098102625516], [-74.0303915411123, 42.5388279668384], [-74.03051330366348, 42.53882899711395], [-74.03051608982953, 42.53864890657546], [-74.03063785203732, 42.53864993671522], [-74.03064342359315, 42.53828975560784], [-74.03076518510774, 42.53829078560533], [-74.03076657780585, 42.538200740321614], [-74.03064481646614, 42.53819971032736], [-74.03064760219294, 42.53801961976201], [-74.0305258412094, 42.53801858964486], [-74.03053002027637, 42.5377484537956], [-74.0304082598239, 42.537747423558784], [-74.03041243935803, 42.53747728770609], [-74.0302906794366, 42.53747625734962], [-74.03029207277675, 42.537386212065705], [-74.0301703130366, 42.53738518158308], [-74.0301731000475, 42.537205091017356], [-74.0300513406635, 42.53720406041186], [-74.03005412799861, 42.53702396984675], [-74.02993236897078, 42.537022939118366], [-74.02993515663007, 42.53684284855388], [-74.02981339795839, 42.5368418177026], [-74.02981618594188, 42.53666172713877], [-74.02969442762635, 42.53666069616461], [-74.02969721593402, 42.53648060560139], [-74.02957545797464, 42.53647957450435], [-74.02957824660649, 42.53629948394177], [-74.02945648900327, 42.53629845272184], [-74.02945927795928, 42.536118362159904], [-74.02933752071219, 42.5361173308171], [-74.02934030999236, 42.53593724025577], [-74.02921855310143, 42.53593620879009], [-74.02921994790678, 42.535846163510485], [-74.02909819119712, 42.535845131918684], [-74.02909958617096, 42.53575508664084], [-74.02897782964256, 42.53575405492293], [-74.02897922478486, 42.53566400964688], [-74.02885746843772, 42.535662977802865], [-74.0288588637485, 42.53557293252859], [-74.02873710758264, 42.53557190055846], [-74.02873850306189, 42.53548185528596], [-74.02861674707728, 42.53548082318973], [-74.02861814272501, 42.53539077791899], [-74.02849638692167, 42.535389745696655], [-74.02849778273786, 42.535299700427714], [-74.0283760271158, 42.53529866807925], [-74.02837742310045, 42.535208622812085], [-74.02813391222526, 42.535206557733645], [-74.02813530855323, 42.53511651247148], [-74.0280135533001, 42.53511547974148], [-74.02801494979654, 42.535025434481106], [-74.02777143965923, 42.535023368639564], [-74.027772836499, 42.53493332338421], [-74.02765108161482, 42.534932290272664], [-74.02765247862303, 42.53484224501908], [-74.02740896922361, 42.53484017841446], [-74.02741036657515, 42.5347501331659], [-74.02704510304866, 42.53474703229865], [-74.02704650091837, 42.534656987058355], [-74.02643772937677, 42.534651816375685], [-74.02643912811436, 42.53456177115012], [-74.02595211169599, 42.53455763228889], [-74.0259535111266, 42.53446758707486], [-74.02558824940478, 42.53446448158062], [-74.02558964935355, 42.53437443637486], [-74.02522438821408, 42.53437132972633], [-74.02522578868101, 42.534281284528845], [-74.02486052812391, 42.53427817672603], [-74.024861929109, 42.534188131536816], [-74.02449666913428, 42.53418502257973], [-74.0244980706375, 42.53409497739881], [-74.02425456436954, 42.53409290412057], [-74.02425596621603, 42.53400285894469], [-74.0240124603235, 42.53400078515561], [-74.02401386251327, 42.53391073998476], [-74.02377035699618, 42.53390866568485], [-74.02377175952923, 42.53381862051905], [-74.02365000695517, 42.53381758317834], [-74.02365140965662, 42.53372753801433], [-74.02340790487753, 42.53372546295143], [-74.02340930792226, 42.53363541779245], [-74.02316580351861, 42.533633342218714], [-74.0231672069066, 42.53354329706481], [-74.02304545488927, 42.53354225908719], [-74.02304685844568, 42.533452213935064], [-74.02280335478005, 42.533450137598344], [-74.02280475867971, 42.533360092451275], [-74.0226830070314, 42.53335905409217], [-74.02268441109948, 42.5332690089469], [-74.02256265963246, 42.533267970461715], [-74.02256406386894, 42.53317792531824], [-74.02244231258318, 42.53317688670698], [-74.02244371698808, 42.5330868415653], [-74.02232196588362, 42.53308580282796], [-74.02232337045692, 42.53299575768809], [-74.02220161953375, 42.53299471882468], [-74.0222044290107, 42.53281462854707], [-74.02208267844367, 42.53281358956084], [-74.02208548824451, 42.5326334992839], [-74.0219637380336, 42.53263246017485], [-74.0219679532111, 42.53236232475828], [-74.02184620353114, 42.532361285529674], [-74.02185041917517, 42.53209115010976], [-74.02172867002618, 42.5320901107616], [-74.02173288613669, 42.53181997533833], [-74.02161113751865, 42.53181893587062], [-74.02161957061465, 42.531278665004265], [-74.0217413181837, 42.53127970445242], [-74.02175958682297, 42.53010911735295], [-74.02188133212576, 42.53011015662946], [-74.02189257242544, 42.52938979518897], [-74.02201431633615, 42.5293908343101], [-74.02202555482499, 42.52867047275026], [-74.02214729734368, 42.528671511716034], [-74.0221585340218, 42.52795115003686], [-74.0222802751485, 42.52795218884728], [-74.02228729698899, 42.52750196273415], [-74.02216555673628, 42.52750092394001], [-74.02216696125986, 42.52741087871626], [-74.02204522118839, 42.52740983979607], [-74.02204662588031, 42.52731979457413], [-74.02180314610628, 42.52731771635235], [-74.02180455114136, 42.52722767113547], [-74.02143933205302, 42.52722455284278], [-74.02144073760601, 42.527134507634216], [-74.02107551910008, 42.52713138818758], [-74.02107692517102, 42.527041342987324], [-74.02083344654886, 42.52703926271623], [-74.02083485296292, 42.52694921752104], [-74.02071311383632, 42.526948177194804], [-74.02071452041874, 42.5268581320014], [-74.02047104253445, 42.526856050967545], [-74.02047244945999, 42.52676600577922], [-74.0203507107023, 42.52676496507161], [-74.0203521177962, 42.526674919885075], [-74.02010864064978, 42.52667283808845], [-74.02011004808676, 42.526582792907], [-74.01998830969804, 42.526581751818], [-74.01998971730336, 42.526491706638346], [-74.01962450270024, 42.52648858260534], [-74.01962309457053, 42.52657862777521], [-74.01925787950117, 42.5265755025687], [-74.01925647084066, 42.52666554772732], [-74.01901299381048, 42.52666346360328], [-74.01901440282056, 42.5265734184512], [-74.01889266448994, 42.52657237619849], [-74.01890816509696, 42.52558187946531], [-74.01878642869542, 42.525580837119236], [-74.01879206578504, 42.52522065645831], [-74.01867033008905, 42.52521961399602], [-74.01867314894463, 42.525039523663345], [-74.01855141360467, 42.52503848107829], [-74.01855987106491, 42.52449821006488], [-74.01843813678003, 42.52449716737013], [-74.01844659505618, 42.52395689632384], [-74.01832486182634, 42.52395585351942], [-74.01832627169117, 42.523865808343196], [-74.01820453864256, 42.523864765412746], [-74.0182059486757, 42.52377472023834], [-74.01808421580833, 42.523773677181886], [-74.01808562600975, 42.52368363200928], [-74.0179638933236, 42.52368258882681], [-74.01796530369332, 42.523592543656015], [-74.01772183868994, 42.52359045690972], [-74.0177232494027, 42.52350041174403], [-74.01747978477474, 42.52349832448713], [-74.01748119583054, 42.52340827932651], [-74.0171159994614, 42.52340514748133], [-74.01711741103502, 42.523315102329065], [-74.01565662823832, 42.523302563351926], [-74.0156552145676, 42.5233926084649], [-74.01516828647705, 42.52338842465561], [-74.01516687210083, 42.52347846975402], [-74.01504513991966, 42.52347742347519], [-74.0150437253622, 42.52356746856886], [-74.01492199301273, 42.52356642215748], [-74.01492057827404, 42.52365646724639], [-74.01467711324507, 42.52365437402921], [-74.01467569815036, 42.52374441911012], [-74.01455396547085, 42.52374337230431], [-74.01455255019488, 42.52383341738049], [-74.0144308173471, 42.523832370442115], [-74.01442940188988, 42.52392241551353], [-74.01430766887384, 42.52392136844259], [-74.01430625323536, 42.52401141350928], [-74.01394105370188, 42.524008271510894], [-74.01393963753263, 42.52409831656628], [-74.01381790419303, 42.52409726897162], [-74.01381648784252, 42.524187314022264], [-74.01369475433465, 42.524186266295025], [-74.01372733277253, 42.52211522983691], [-74.01360560329053, 42.52211418205593], [-74.01361410249683, 42.521573911568375], [-74.01349237406977, 42.521572863677804], [-74.01349662410945, 42.5213027284242], [-74.01337489621312, 42.52130168041421], [-74.01337914671853, 42.521031545157335], [-74.01325741935291, 42.52103049702793], [-74.01326308730145, 42.520670316678135], [-74.01314136064126, 42.5206692684326], [-74.01314561205864, 42.52039913316481], [-74.01302388592913, 42.520398084799844], [-74.01302672052435, 42.52021799462059], [-74.0129049947508, 42.52021694613293], [-74.01290782966949, 42.520036855954416], [-74.01278610425189, 42.52003580734406], [-74.01278893949403, 42.51985571716629], [-74.01266721443238, 42.51985466843322], [-74.01267004999796, 42.51967457825619], [-74.01254832529229, 42.51967352940044], [-74.0125511611813, 42.51949343922415], [-74.01242943683157, 42.5194923902457], [-74.01243227304401, 42.51931230007015], [-74.01231054905023, 42.51931125096901], [-74.01231338558611, 42.5191311607942], [-74.01219166194826, 42.519130111570384], [-74.01219308038117, 42.51904006648408], [-74.01207135692454, 42.51903901713426], [-74.01207419412026, 42.51885892696386], [-74.01195247101958, 42.51885787749138], [-74.01195530853872, 42.5186777873217], [-74.01183358579398, 42.51867673772653], [-74.01183642363652, 42.518496647557605], [-74.0117147012477, 42.518495597839745], [-74.01171753941365, 42.51831550767159], [-74.01159581738077, 42.51831445783103], [-74.0115986558701, 42.518134367663606], [-74.01147693419315, 42.51813331770039], [-74.01147977300587, 42.5179532275337], [-74.01135805168485, 42.5179521774478], [-74.01136231037924, 42.517682042196725], [-74.01124058958885, 42.517680991991426], [-74.01124768815617, 42.51723076656025], [-74.01112596824582, 42.517229716242156], [-74.0111316476813, 42.51686953588413], [-74.01100992847623, 42.51686848544995], [-74.0110127685043, 42.51668839526876], [-74.01089104965516, 42.516687344711904], [-74.01089531017251, 42.516417209439076], [-74.01077359185396, 42.516416158762844], [-74.01077927315139, 42.51605597839182], [-74.01065755553812, 42.516054927599505], [-74.0106632374301, 42.51569474721831], [-74.0105415205221, 42.515693696309924], [-74.01055146480509, 42.51506338060976], [-74.0104297491264, 42.51506232959517], [-74.01043543212923, 42.51470214917616], [-74.01031371715578, 42.5147010980455], [-74.0103151380649, 42.5146110529404], [-74.01019342327264, 42.5146100016838], [-74.01019626542065, 42.5144299114758], [-74.01007455098427, 42.51442886009654], [-74.01007597222316, 42.51433881499365], [-74.00971082947716, 42.51433566009028], [-74.00971225123358, 42.51424561499582], [-74.00922539502886, 42.514241406661775], [-74.00922681747745, 42.514151361579046], [-74.00898338976359, 42.51414925664317], [-74.008984812555, 42.51405921156557], [-74.00874138521657, 42.5140571061193], [-74.00874280835082, 42.513967061046856], [-74.00862109486606, 42.513966008133146], [-74.00862251816844, 42.513875963062546], [-74.00850080486488, 42.51387491002291], [-74.00850222833542, 42.51378486495413], [-74.00838051521305, 42.51378381178856], [-74.00838193885173, 42.51369376672164], [-74.00826022591056, 42.51369271343012], [-74.00826164971738, 42.513602668365024], [-74.00801822420398, 42.51360056140087], [-74.00801964835361, 42.51351051634092], [-74.00789793578137, 42.51350946266829], [-74.00789936009913, 42.51341941761019], [-74.0076559353236, 42.51341730988379], [-74.00765735998417, 42.51332726483085], [-74.00753564778086, 42.5133262107771], [-74.00753707260955, 42.513236165725985], [-74.00729364857186, 42.51323405723736], [-74.00729507374336, 42.51314401219141], [-74.00717336190898, 42.51314295775655], [-74.00717478724862, 42.51305291271244], [-74.00705307559544, 42.51305185815165], [-74.00705450110318, 42.51296181310939], [-74.00693278963122, 42.51296075842266], [-74.00693564097644, 42.512780668340355], [-74.00681392986031, 42.512779613531], [-74.00682105898228, 42.51232938831627], [-74.00694276922509, 42.512330443109086], [-74.0069456204788, 42.512150353006376], [-74.00706733037885, 42.51215140766335], [-74.00707018125709, 42.51197131754819], [-74.00719189081437, 42.51197237206932], [-74.00719474131716, 42.51179228194171], [-74.00731645053165, 42.51179333632701], [-74.007319300659, 42.511613246186954], [-74.00744100953074, 42.511614300436406], [-74.00744670900843, 42.51125412012558], [-74.0075684171881, 42.51125517423259], [-74.00757554051498, 42.510804948794714], [-74.00769724782795, 42.51080600275597], [-74.00770294567332, 42.510445822366215], [-74.00782465229425, 42.510446876185036], [-74.00783034933654, 42.51008669575873], [-74.00795205526545, 42.51008774943511], [-74.00795490339816, 42.509907659206576], [-74.00807660898431, 42.50990871274715], [-74.00807945674163, 42.50972862250618], [-74.00820116198503, 42.50972967591091], [-74.00820258567927, 42.50963963078495], [-74.0084459958364, 42.509641737200134], [-74.00844741917484, 42.50955169206612], [-74.00856912408857, 42.509552745076576], [-74.00857054724584, 42.509462699937785], [-74.00869225199146, 42.509463752815726], [-74.00869367496757, 42.50937370767218], [-74.0088153795451, 42.50937476041759], [-74.00881680234006, 42.50928471526931], [-74.00893850674947, 42.50928576788219], [-74.00893992936328, 42.50919572272913], [-74.0091833378524, 42.50919782756066], [-74.00918476011043, 42.50910778239954], [-74.00930646419015, 42.509108834618175], [-74.00930788626702, 42.509018789452305], [-74.00942959017863, 42.509019841538425], [-74.00943101207434, 42.50892979636781], [-74.00955271581785, 42.50893084832141], [-74.00955413753243, 42.508840803146015], [-74.00967584110782, 42.5088418549671], [-74.00967726264126, 42.50875180978697], [-74.00992066946233, 42.50875391303488], [-74.00992209063999, 42.5086638678467], [-74.01004379388569, 42.508664919273535], [-74.01004663587223, 42.508484828886196], [-74.01016833877517, 42.50848588017722], [-74.01017118038641, 42.50830578977745], [-74.01029288294662, 42.50830684093266], [-74.01029430356785, 42.50821679572731], [-74.01041600595995, 42.50821784675001], [-74.01041884683363, 42.508037756328314], [-74.010540548883, 42.50803880721523], [-74.01054196913545, 42.5079487619989], [-74.01066367101673, 42.5079498127533], [-74.01066651115283, 42.50776972230969], [-74.0107882126914, 42.50777077292828], [-74.01078963257505, 42.507680727700986], [-74.01091133394551, 42.50768177818708], [-74.01091559303362, 42.50741164248658], [-74.01103729388672, 42.507412692833576], [-74.01104013289701, 42.50723260235271], [-74.01116183340741, 42.50723365256392], [-74.0111660913502, 42.50696351682179], [-74.01128779134326, 42.50696456689391], [-74.01128921046991, 42.50687452164032], [-74.01116751065145, 42.5068734715715], [-74.0112256964001, 42.50318161505395], [-74.01110400374648, 42.50318056499085], [-74.01110542294903, 42.5030905196826], [-74.01098373047648, 42.5030894694936], [-74.01098514984709, 42.50299942418719], [-74.01074176527068, 42.5029973234282], [-74.01074318498394, 42.502907278126905], [-74.01062149288008, 42.50290622755691], [-74.01062291276139, 42.50281618225745], [-74.0105012208386, 42.50281513156156], [-74.01050264088799, 42.502725086263936], [-74.0103809491463, 42.50272403544215], [-74.01038236936373, 42.50263399014635], [-74.01026067780312, 42.50263293919866], [-74.01026209818862, 42.5025428939047], [-74.0101404068091, 42.50254184283112], [-74.01014182736265, 42.502451797538995], [-74.0100201361642, 42.50245074633952], [-74.01002155688582, 42.50236070104924], [-74.00989986586845, 42.502359649723864], [-74.00990128675812, 42.502269604435405], [-74.00977959592184, 42.50226855298413], [-74.00978101697957, 42.50217850769752], [-74.0095376356757, 42.502176404413994], [-74.00953905707604, 42.50208635913253], [-74.00941736660845, 42.50208530730027], [-74.00941878817683, 42.501995262020635], [-74.00929709789033, 42.50199421006249], [-74.00929851962675, 42.5019041647847], [-74.00917682952135, 42.50190311270065], [-74.00917825142582, 42.50181306742469], [-74.00905656150148, 42.501812015214774], [-74.00905798357402, 42.501721969940654], [-74.00893629383076, 42.50172091760483], [-74.00893771607133, 42.50163087233255], [-74.00881602650915, 42.50162981987085], [-74.00881744891777, 42.50153977460041], [-74.00869575953668, 42.50153872201282], [-74.00869718211334, 42.50144867674421], [-74.00857549291332, 42.50144762403073], [-74.00857691565801, 42.50135757876397], [-74.00845522663909, 42.501356525924606], [-74.00845664955182, 42.50126648065969], [-74.00833496071398, 42.501265427694435], [-74.00833638379474, 42.50117538243137], [-74.00821469513798, 42.50117432934022], [-74.00821611838678, 42.50108428407899], [-74.00809442991111, 42.50108323086197], [-74.00809585332793, 42.50099318560259], [-74.00797416503335, 42.500992132259675], [-74.00797701219655, 42.500812041743124], [-74.00785532425758, 42.500810988277635], [-74.0078595954771, 42.50054085250177], [-74.00773790806832, 42.500539798917], [-74.0077635372935, 42.49891898404554], [-74.00788522156044, 42.49892003757085], [-74.00788806877249, 42.4987399469938], [-74.00800975269688, 42.498741000383355], [-74.00801259953376, 42.498560909793866], [-74.00813428311561, 42.49856196304764], [-74.00813855279837, 42.49829182714257], [-74.00826023586315, 42.49829288025727], [-74.00826308193663, 42.49811278963999], [-74.00838476465887, 42.498113842618906], [-74.0083890331966, 42.49784370667214], [-74.00851071540174, 42.497844759512006], [-74.00852920945128, 42.49667417021481], [-74.00865088939416, 42.4966752228826], [-74.00865800132406, 42.496224996147696], [-74.00877968040088, 42.49622604866984], [-74.00878394695702, 42.49595591260149], [-74.00890562551683, 42.495956964984565], [-74.00890704751467, 42.495866919622244], [-74.00902872590648, 42.49586797187287], [-74.00903156953356, 42.49568788113723], [-74.00915324758286, 42.49568893325209], [-74.00915609083486, 42.49550884250403], [-74.00927776854165, 42.49550989448313], [-74.00928061141856, 42.495329803722655], [-74.00940228878287, 42.49533085556601], [-74.00940655252585, 42.49506071940444], [-74.00952822937315, 42.49506177110875], [-74.00953391357454, 42.49470158952641], [-74.00941223742524, 42.494700537835286], [-74.00941507983585, 42.49452044704196], [-74.00929340404207, 42.49451939522829], [-74.00929482541208, 42.49442934983272], [-74.00917314979932, 42.49442829789319], [-74.00917457133734, 42.49433825249945], [-74.0090528959056, 42.494337200434046], [-74.00905431761159, 42.494247155042174], [-74.00893264236085, 42.49424610285093], [-74.00893406423482, 42.49415605746089], [-74.0086907141019, 42.494153952697516], [-74.00869213631834, 42.4940639073126], [-74.00857046143615, 42.49406285474049], [-74.00857188382058, 42.49397280935742], [-74.00845020911942, 42.49397175665946], [-74.00845163167179, 42.49388171127825], [-74.00832995715164, 42.493880658454415], [-74.008331379872, 42.493790613075035], [-74.00820970553288, 42.49378956012536], [-74.00821112842121, 42.493699514747824], [-74.00796778011149, 42.49369740846761], [-74.00796920334227, 42.49360736309523], [-74.00772585540764, 42.49360525630502], [-74.00772727898088, 42.49351521093777], [-74.00748393142133, 42.49351310363757], [-74.00748535533704, 42.493423058275454], [-74.00736368174155, 42.49342200443493], [-74.00736652990236, 42.49324191371296], [-74.00724485666237, 42.49324085974989], [-74.00724628090745, 42.493150814390006], [-74.00712460784848, 42.49314976030111], [-74.00712888106804, 42.49287962422264], [-74.00700720853906, 42.492878570014476], [-74.00701575584876, 42.49233829783801], [-74.00689408437319, 42.49233724352054], [-74.00689978314695, 42.4919770620536], [-74.00677811237584, 42.49197600762021], [-74.006782386911, 42.49170587151459], [-74.00666071666984, 42.49170481696198], [-74.00667496644053, 42.49080436321485], [-74.00679663493699, 42.49080541773442], [-74.00680090921742, 42.49053528157192], [-74.006922577197, 42.490536335952434], [-74.00692827544827, 42.49017615436881], [-74.00704994273656, 42.49017720860697], [-74.00705848887081, 42.48963693616793], [-74.00718015511886, 42.489637990257144], [-74.00718157927727, 42.48954794484223], [-74.00705991320366, 42.48954689075632], [-74.00706418616305, 42.48927675451274], [-74.00694252061933, 42.48927570030763], [-74.00694394510052, 42.489185654893475], [-74.00682227973778, 42.489184600562524], [-74.00682512902947, 42.489004509736475], [-74.00670346402217, 42.489003455283004], [-74.00670488883267, 42.48891340987109], [-74.00658322400633, 42.4889123552918], [-74.00658607395664, 42.48873226447022], [-74.00646440948574, 42.4887312097684], [-74.00646583462554, 42.48864116435874], [-74.00634417033562, 42.4886401095311], [-74.00634559564332, 42.48855006412327], [-74.00622393153441, 42.48854900916981], [-74.00622535701002, 42.48845896376384], [-74.00610369308207, 42.48845790868455], [-74.0061051187256, 42.48836786328042], [-74.00598345497863, 42.48836680807532], [-74.00598488079007, 42.48827676267305], [-74.00586321722407, 42.488275707342126], [-74.00586464320342, 42.488185661941706], [-74.00574297981842, 42.488184606484964], [-74.00574440596566, 42.48809456108639], [-74.00562274276163, 42.488093505503834], [-74.00562416907677, 42.488003460107095], [-74.00550250605373, 42.48800240439872], [-74.00550393253678, 42.48791235900384], [-74.0053822696947, 42.48791130316965], [-74.00538512299008, 42.48773121238213], [-74.00526346050343, 42.487730156425435], [-74.00526488731575, 42.4876401110328], [-74.00514322501007, 42.48763905495029], [-74.00514465199028, 42.4875490095595], [-74.00502298986558, 42.48754795335119], [-74.00502727129026, 42.487277817179994], [-74.00514893289166, 42.487278873378386], [-74.00515892143257, 42.486648555571385], [-74.0050372610522, 42.48664749939616], [-74.00503868813487, 42.48655745399265], [-74.00491702793548, 42.48655639769163], [-74.00491988243007, 42.48637630688682], [-74.00479822258607, 42.4863752504633], [-74.00480107740333, 42.48619515965928], [-74.00467941791473, 42.48619410311326], [-74.00468370061482, 42.485923966906235], [-74.00456204165603, 42.48592291024104], [-74.0045663248205, 42.48565277403081], [-74.00468798325602, 42.485653830686076], [-74.00469226583833, 42.48538369445278], [-74.00481392375714, 42.48538475096898], [-74.0048182057573, 42.485114614712636], [-74.00493986315942, 42.48511567108981], [-74.0049455717037, 42.48475548938099], [-74.0050672284147, 42.48475654561581], [-74.00507150923099, 42.48448640930896], [-74.00519316542531, 42.48448746540472], [-74.00519887239115, 42.48412728362859], [-74.00532052789437, 42.484128339582014], [-74.00532338098924, 42.48394824867857], [-74.00544503615019, 42.48394930449628], [-74.0054521679009, 42.483499077195596], [-74.00557382219638, 42.48350013286764], [-74.00559521385188, 42.48214945069719], [-74.00547356217231, 42.48214839507478], [-74.00548497184892, 42.48142803114281], [-74.00560662213337, 42.48142908673874], [-74.00561232611724, 42.481068904724516], [-74.00573397571071, 42.48106996017814], [-74.00573682731468, 42.48088986915566], [-74.00585847656593, 42.480890924473556], [-74.00585990218374, 42.48080087895682], [-74.00598155126714, 42.48080193414233], [-74.00598297670403, 42.480711888620824], [-74.00610462561961, 42.48071294367392], [-74.00610605087559, 42.48062289814765], [-74.00622769962332, 42.48062395306836], [-74.00622912469838, 42.480533907537335], [-74.00635077327827, 42.480534962325635], [-74.00635219817244, 42.480444916789835], [-74.00647384658448, 42.48044597144575], [-74.00647527129773, 42.48035592590518], [-74.00659691954195, 42.48035698042869], [-74.00659976860011, 42.48017688933658], [-74.0067214165021, 42.4801779437244], [-74.00672284084702, 42.48008789817285], [-74.00684448858118, 42.48008895242826], [-74.00684733690268, 42.479908861314186], [-74.00696898429463, 42.47990991543391], [-74.00697040827121, 42.47981986987136], [-74.00709205549532, 42.479820923858696], [-74.00709490308019, 42.479640832722644], [-74.00721654996208, 42.47964188657428], [-74.0072279386456, 42.47892152194532], [-74.00710629315861, 42.478920468120094], [-74.00710914061297, 42.478740376954875], [-74.00698749548123, 42.478739323007204], [-74.00698891937299, 42.4786492774257], [-74.00674562947782, 42.478647169149696], [-74.00674705371175, 42.47855712357335], [-74.00650376419142, 42.47855501478762], [-74.00650518876753, 42.47846496921642], [-74.00626189962203, 42.47846285992097], [-74.00626332454034, 42.47837281435491], [-74.00614168015173, 42.47837175951687], [-74.00614310523785, 42.478281713952676], [-74.00589981682897, 42.47827960389596], [-74.00590124225727, 42.47818955833692], [-74.00565795422322, 42.47818744777048], [-74.00565937999369, 42.4780974022166], [-74.0054160923345, 42.478095291140455], [-74.00541751844715, 42.47800524559174], [-74.00517423116281, 42.47800313400589], [-74.00517565761761, 42.47791308846232], [-74.0050540141596, 42.47791203247908], [-74.00505544078221, 42.477821986937364], [-74.00481215423451, 42.477819874590274], [-74.0048135811993, 42.477729829053736], [-74.0046919381096, 42.47772877268988], [-74.00469336524219, 42.47763872715518], [-74.0045717223334, 42.477637670665565], [-74.00457314963379, 42.477547625132715], [-74.00445150690587, 42.477546568517326], [-74.00445293437407, 42.47745652298633], [-74.00433129182706, 42.47745546624518], [-74.00433271946305, 42.47736542071605], [-74.00421107709693, 42.47736436384914], [-74.00421821605048, 42.47691413619812], [-74.00433985754489, 42.47691519304847], [-74.00434271273181, 42.47673510197124], [-74.00446435388407, 42.47673615868589], [-74.00446863609237, 42.47646602204915], [-74.00459027672817, 42.4764670786248], [-74.00459598555028, 42.4761068964088], [-74.00471762549526, 42.47610795284212], [-74.00472190652015, 42.475837816154886], [-74.00484354594867, 42.4758388724492], [-74.00484782639171, 42.4755687357389], [-74.00496946530379, 42.47556979189422], [-74.00497374516495, 42.47529965516085], [-74.00509538356057, 42.475300711177184], [-74.00509966283992, 42.47503057442076], [-74.00522130071911, 42.47503163029808], [-74.00522557941663, 42.4747614935186], [-74.00534721677938, 42.47476254925693], [-74.00535149489511, 42.4744924124544], [-74.00547313174143, 42.47449346805373], [-74.00547740927536, 42.474223331228146], [-74.00559904560525, 42.4742243866885], [-74.00560189691323, 42.474044295457524], [-74.00572353290103, 42.474045350782184], [-74.00572638383423, 42.47386525953877], [-74.00584801947993, 42.473866314727765], [-74.00584944476242, 42.473776269100554], [-74.00609271572478, 42.47377837908475], [-74.00609414065211, 42.473688333449466], [-74.00621577596877, 42.473689388244665], [-74.00621720071524, 42.47359934260462], [-74.00633883586413, 42.473600397267454], [-74.00634026042977, 42.47351035162263], [-74.00646189541087, 42.4735114061531], [-74.00646331979566, 42.473421360503544], [-74.00658495460898, 42.47342241490163], [-74.00658637881293, 42.473332369247295], [-74.00670801345846, 42.47333342351303], [-74.00670943748159, 42.47324337785393], [-74.00683107195933, 42.4732444319873], [-74.00683249580162, 42.473154386323436], [-74.00695413011158, 42.47315544032443], [-74.00695555377301, 42.473065394655826], [-74.00987477498461, 42.47309065188313], [-74.0098733555066, 42.473180697630916], [-74.01011662445883, 42.47318279905092], [-74.01011520532293, 42.47327284480383], [-74.01023683998312, 42.47327389532354], [-74.01023542101501, 42.4733639410783], [-74.01035705585602, 42.47336499147223], [-74.01035563705574, 42.47345503722882], [-74.01047727207755, 42.47345608749699], [-74.01047585344507, 42.473546133255404], [-74.01059748864769, 42.473547183397805], [-74.01059607018303, 42.473637229158065], [-74.01071770556648, 42.47363827917469], [-74.01071628726962, 42.47372832493678], [-74.01083792283389, 42.47372937482764], [-74.01083650470484, 42.47381942059155], [-74.01095814044992, 42.473820470356635], [-74.0109567224887, 42.4739105161224], [-74.0110783584146, 42.47391156576171], [-74.0110769406212, 42.47400161152929], [-74.0111985767279, 42.47400266104284], [-74.01119715910231, 42.47409270681225], [-74.01131879538984, 42.47409375620002], [-74.01131737793207, 42.47418380197128], [-74.01143901440041, 42.47418485123327], [-74.01143759711046, 42.474274897006346], [-74.01155923375963, 42.47427594614257], [-74.0115578166375, 42.47436599191747], [-74.01167945346748, 42.474367040927916], [-74.01167803651319, 42.47445708670465], [-74.01179967352398, 42.474458135589316], [-74.01179825673752, 42.47454818136788], [-74.01544737530726, 42.47457958799096], [-74.01544878686406, 42.47448954211394], [-74.015692061294, 42.47449163175215], [-74.01569347249568, 42.47440158586713], [-74.01581510954603, 42.474402630489365], [-74.01581652056691, 42.47431258459963], [-74.01593815744943, 42.474313629089515], [-74.01593956828951, 42.47422358319504], [-74.01618284172528, 42.474225671781085], [-74.01618425221027, 42.474135625878596], [-74.01630588876353, 42.474136669974754], [-74.01630729906772, 42.47404662406754], [-74.01642893545313, 42.47404766803135], [-74.01643034557655, 42.473957622119414], [-74.01655198179411, 42.473958665950896], [-74.01655339173674, 42.473868620034224], [-74.01667502778645, 42.47386966373337], [-74.01667643754828, 42.47377961781197], [-74.01850097645396, 42.473795257762546], [-74.01849956930687, 42.47388530373295], [-74.01862120545985, 42.4738863453671], [-74.01861979848064, 42.47397639133933], [-74.0187414348144, 42.47397743284766], [-74.01874002800305, 42.474067478821695], [-74.01886166451757, 42.47406852020424], [-74.0188602578741, 42.47415856618007], [-74.0189818945694, 42.47415960743682], [-74.01898048809377, 42.47424965341446], [-74.01910212496985, 42.4742506945454], [-74.01910071866212, 42.47434074052486], [-74.01922235571894, 42.474341781529986], [-74.0192209495791, 42.474431827511246], [-74.01934258681669, 42.47443286839058], [-74.0193411808447, 42.47452291437364], [-74.01982773055684, 42.47452707661335], [-74.01982491998814, 42.47470716860119], [-74.0197032822018, 42.47470612822835], [-74.01969766028981, 42.47506631217352], [-74.0195760218126, 42.47506527165855], [-74.01956899340598, 42.47551550154092], [-74.01944735406356, 42.47551446088059], [-74.01944313641928, 42.47578459878274], [-74.0193214965603, 42.47578355798354], [-74.01931727833501, 42.47605369586278], [-74.01919563795946, 42.476052654924715], [-74.01919282542836, 42.476232746830384], [-74.0190711847106, 42.47623170575673], [-74.01906837180503, 42.47641179765005], [-74.01894673074501, 42.476410756440806], [-74.01894391746498, 42.47659084832177], [-74.01882227606274, 42.47658980697691], [-74.0188180555713, 42.47685994477764], [-74.01869641365246, 42.4768589032939], [-74.01869219257996, 42.47712904107171], [-74.01857055014453, 42.47712799944911], [-74.01856773571525, 42.477308091287156], [-74.0184460929376, 42.47730704952895], [-74.01844468553892, 42.47739709544253], [-74.01832304259337, 42.47739605355198], [-74.0183160046315, 42.47784628308165], [-74.01843764844881, 42.47784732498854], [-74.01843624101144, 42.47793737089336], [-74.01855788500956, 42.477938412674426], [-74.01855647774008, 42.47802845858107], [-74.01904305449449, 42.47803262442756], [-74.01904164791597, 42.4781226703458], [-74.01928493668058, 42.47812475250108], [-74.01928353044434, 42.47821479842438], [-74.01952681958343, 42.47821688006986], [-74.01952541368946, 42.47830692599825], [-74.01964705844304, 42.47830796663062], [-74.01964565271697, 42.478398012560795], [-74.01976729765136, 42.478399053067356], [-74.01976589209322, 42.47848909899931], [-74.02061740803471, 42.47849637895367], [-74.02061881237233, 42.47840633299887], [-74.02086210235055, 42.47840841181757], [-74.02086350633304, 42.47831836585479], [-74.02195830998431, 42.47832771411991], [-74.02195971239112, 42.47823766812637], [-74.02220300181342, 42.478239744092186], [-74.0222044038651, 42.47814969809069], [-74.02232604841153, 42.478150735876724], [-74.02233025400493, 42.47788059785374], [-74.02245189803473, 42.47788163550093], [-74.02245470138281, 42.47770154347181], [-74.02257634507033, 42.47770258098342], [-74.02258054952122, 42.477432442919074], [-74.02270219269211, 42.47743348029184], [-74.02270359398854, 42.477343434264206], [-74.0228252369915, 42.477344471504644], [-74.02282663810716, 42.477254425472324], [-74.02294828094217, 42.47725546258043], [-74.02294688000086, 42.477345508616004], [-74.02306852301666, 42.47734654559829], [-74.02306712224329, 42.47743659163567], [-74.02318876543984, 42.47743762849212], [-74.0231873648344, 42.47752767453128], [-74.02330900821174, 42.4775287112619], [-74.02330760777421, 42.47761875730284], [-74.02342925133233, 42.47761979390764], [-74.02342785106273, 42.477709839950386], [-74.02354949480163, 42.47771087642934], [-74.02354809469998, 42.47780092247389], [-74.02366973861962, 42.47780195882701], [-74.02366833868591, 42.47789200487334], [-74.02378998278633, 42.47789304110062], [-74.02378858302055, 42.47798308714875], [-74.02476173744972, 42.47799137234608], [-74.02476033907237, 42.478081418418725], [-74.02524691713825, 42.47808555793238], [-74.02524551945193, 42.47817560401653], [-74.02536716415877, 42.47817663857548], [-74.02536576664039, 42.47826668466141], [-74.025487411528, 42.478267719094525], [-74.02548601417759, 42.47835776518225], [-74.02560765924596, 42.47835879948951], [-74.02560626206349, 42.478448845579024], [-74.02572790731264, 42.47844987976044], [-74.02572651029811, 42.47853992585173], [-74.02584815572801, 42.47854095990732], [-74.02584675888147, 42.4786310060004], [-74.02596840449213, 42.47863203993013], [-74.02596700781353, 42.47872208602499], [-74.02608865360497, 42.47872311982888], [-74.02608725709433, 42.47881316592551], [-74.02620890306653, 42.47881419960356], [-74.02620750672386, 42.47890424570199], [-74.02632915287683, 42.47890527925419], [-74.0263277567021, 42.47899532535439], [-74.02644940303584, 42.47899635878074], [-74.02644800702909, 42.47908640488273], [-74.02656965354359, 42.47908743818323], [-74.02656825770481, 42.47917748428701], [-74.02681155110172, 42.47917955050721], [-74.02681294659176, 42.47908950439697], [-74.02693459312545, 42.47909053731021], [-74.02693598843473, 42.47900049119527], [-74.02705763480044, 42.47900152397618], [-74.02705902992895, 42.47891147785655], [-74.02730232233084, 42.47891354302464], [-74.02730371710425, 42.47882349689707], [-74.02754700918297, 42.47882556154234], [-74.02754840360124, 42.47873551540686], [-74.02791334124419, 42.478738611396906], [-74.02791473513298, 42.47864856525026], [-74.02803638085237, 42.47864959698554], [-74.02803777456042, 42.478559550834184], [-74.02815942011185, 42.47856058243714], [-74.02816081363915, 42.478470536281115], [-74.02828245902259, 42.478471567751754], [-74.02828385236913, 42.47838152159102], [-74.02852714280648, 42.478383584138584], [-74.02852853579792, 42.478293537969925], [-74.0286501808518, 42.47829456904685], [-74.0286515736625, 42.47820452287352], [-74.0290165083394, 42.47820761532008], [-74.02901790062063, 42.4781175691356], [-74.03181573103988, 42.478141239222225], [-74.0318143427689, 42.47823128548091], [-74.03193598782053, 42.47823231306931], [-74.03193459971754, 42.47832235932976], [-74.0320562449499, 42.478323386792304], [-74.0320548570149, 42.47841343305452], [-74.03217650242799, 42.478414460391214], [-74.03217511466099, 42.47850450665517], [-74.03302663395114, 42.478511694420106], [-74.03302524739833, 42.47860174070515], [-74.033146893211, 42.47860276701558], [-74.03314550682619, 42.4786928133024], [-74.03326715281958, 42.478693839486965], [-74.03326576660278, 42.47878388577553], [-74.03338741277689, 42.47878491183422], [-74.0333860267281, 42.478874958124536], [-74.03350767308292, 42.47887598405736], [-74.03350628720214, 42.47896603034945], [-74.03362793373769, 42.47896705615639], [-74.03362654802494, 42.479057102450234], [-74.03374819474121, 42.47905812813132], [-74.03374680919646, 42.47914817442691], [-74.03386845609344, 42.47914919998212], [-74.03386707071671, 42.479239246279484], [-74.0339887177944, 42.479240271708804], [-74.03398456214923, 42.479510410601776], [-74.03386291454841, 42.47950938516279], [-74.03385875832298, 42.47977952403302], [-74.03373711020538, 42.47977849845531], [-74.03373018216409, 42.480228729860485], [-74.03385183115356, 42.48022975545427], [-74.0338462893037, 42.48058994056504], [-74.03396793899701, 42.48059096604257], [-74.03396516838274, 42.48077105859566], [-74.03408681843118, 42.48077208395053], [-74.03408543328891, 42.48086213022809], [-74.03420708351808, 42.48086315545709], [-74.03420431356325, 42.48104324801429], [-74.03432596414754, 42.4810442731206], [-74.03432319451608, 42.48122436567838], [-74.03444484545548, 42.48122539066203], [-74.03443792213768, 42.481675622047085], [-74.03431627032633, 42.48167459704738], [-74.03431488546933, 42.48176464331679], [-74.03419323348994, 42.48176361818477], [-74.03419184845221, 42.48185366444954], [-74.03407019630478, 42.4818526391852], [-74.0340688110863, 42.48194268544528], [-74.03419046340814, 42.48194371071284], [-74.0341890783577, 42.48203375697468], [-74.03455403588445, 42.48203683201237], [-74.03455265135085, 42.4821268782824], [-74.03479595674922, 42.482128927668434], [-74.03479457255807, 42.48221897394343], [-74.03491622544117, 42.48221999844601], [-74.03491484141806, 42.482310044722766], [-74.0350364944819, 42.482311069099445], [-74.03503511062684, 42.482401115377954], [-74.03515676387141, 42.48240213962875], [-74.03515399649109, 42.4825822321878], [-74.0352756500908, 42.48258325631591], [-74.03527426656551, 42.482673302596474], [-74.03539592034598, 42.48267432659869], [-74.03539453698873, 42.48276437288099], [-74.03782761741654, 42.48278482587735], [-74.03782899728574, 42.48269477953093], [-74.03795065119921, 42.48269580082194], [-74.0379520308877, 42.48260575447087], [-74.03807368463309, 42.48260677562958], [-74.03807506414086, 42.482516729273854], [-74.03880498569953, 42.48252285349567], [-74.03880360723815, 42.48261289987058], [-74.03892526102779, 42.48261392012556], [-74.0389238827345, 42.48270396650222], [-74.03904553670485, 42.48270498663128], [-74.03904415857964, 42.4827950330097], [-74.03916581273072, 42.48279605301284], [-74.0391644347736, 42.482886099392985], [-74.03928608910537, 42.48288711927023], [-74.03928057791133, 42.483247304789046], [-74.03915892288192, 42.48324628489902], [-74.03915478889685, 42.48351642401325], [-74.03903313335054, 42.48351540398452], [-74.03902762058436, 42.483875589436984], [-74.03890596434674, 42.48387456926637], [-74.03890320757692, 42.48405466197745], [-74.03878155099679, 42.48405364167133], [-74.03877879385287, 42.48423373437022], [-74.03865713693021, 42.48423271392857], [-74.0386543794122, 42.48441280661523], [-74.03853272214704, 42.48441178603808], [-74.03853134320413, 42.48450183237602], [-74.03865300064369, 42.484502852956375], [-74.03865162186888, 42.48459289929607], [-74.03877327948918, 42.4845939197505], [-74.03877190088245, 42.484683966091936], [-74.0388935586835, 42.484684986420454], [-74.03889218024489, 42.48477503276363], [-74.03901383822667, 42.484776052966225], [-74.03901245995614, 42.484866099311134], [-74.03913411811867, 42.484867119387836], [-74.03913274001626, 42.484957165734485], [-74.0392543983595, 42.48495818568525], [-74.03925302042519, 42.485048232033655], [-74.03937467894919, 42.4850492518585], [-74.03937330118298, 42.485139298208644], [-74.03949495988769, 42.48514031790757], [-74.0394935822896, 42.48523036425944], [-74.03961524117507, 42.48523138383245], [-74.03961386374507, 42.48532143018607], [-74.03973552281128, 42.48532244963315], [-74.0397341455494, 42.48541249598851], [-74.03985580479635, 42.48541351530968], [-74.03985442770256, 42.485503561666775], [-74.03997608713026, 42.48550458086201], [-74.0399747102046, 42.485594627220856], [-74.04021802942775, 42.48559666523037], [-74.04021527625521, 42.48577675795644], [-74.0403369362251, 42.4857777767739], [-74.0403355598038, 42.48586782313795], [-74.04045721995443, 42.485868841829486], [-74.04045584370124, 42.48595888819527], [-74.04057750403261, 42.48595990676088], [-74.04057612794756, 42.48604995312839], [-74.04069778845967, 42.48605097156808], [-74.04069641254272, 42.48614101793734], [-74.04081807323557, 42.4861420362511], [-74.04081669748676, 42.48623208262209], [-74.04093835836034, 42.48623310080991], [-74.04093698277966, 42.48632314718264], [-74.04069366068991, 42.48632111067148], [-74.04069228475403, 42.486411157036365], [-74.0405706235442, 42.48641013858392], [-74.04056924742758, 42.486500184944155], [-74.04032592467796, 42.4864981476455], [-74.04032317172806, 42.48667824034884], [-74.04020151001384, 42.486677221499434], [-74.04019875668985, 42.48685731419056], [-74.04007709463305, 42.486856295205655], [-74.04006883346293, 42.48739657322491], [-74.03994717036582, 42.48739555409172], [-74.03994028501158, 42.48784578571843], [-74.03981862104855, 42.487844766440126], [-74.03981724378433, 42.4879348127579], [-74.03969557965318, 42.48793379334728], [-74.03969282475688, 42.48811388597208], [-74.03957116028313, 42.488112866425936], [-74.03956978265106, 42.48820291273296], [-74.03944811800919, 42.48820189305449], [-74.03944674019635, 42.48829193935685], [-74.03920341058266, 42.48828989960612], [-74.0392020324146, 42.488379945900654], [-74.03871537256524, 42.48837586483683], [-74.03871399369305, 42.48846591111711], [-74.03834899834905, 42.48846284895377], [-74.03834761894718, 42.488552895222995], [-74.03822595367072, 42.488551874240414], [-74.03822457408808, 42.488641920504975], [-74.03810290864347, 42.48864089939007], [-74.03810152888006, 42.488730945649976], [-74.03797986326734, 42.48872992440275], [-74.03797848332314, 42.488819970657985], [-74.03785681754228, 42.48881894927841], [-74.0378554374173, 42.488908995528995], [-74.03773377146831, 42.4889079740171], [-74.03771444661189, 42.49016862132761], [-74.03783611500332, 42.49016964288434], [-74.03783335455722, 42.490349735340374], [-74.03795502330392, 42.490350756774376], [-74.03795226318147, 42.49053084923098], [-74.03807393228344, 42.49053187054224], [-74.03807255238719, 42.490621916771566], [-74.03770754457685, 42.49061885244077], [-74.03770616415086, 42.49070889865903], [-74.03758449471893, 42.490707876953934], [-74.03758311411212, 42.49079792316754], [-74.03746144451206, 42.49079690133011], [-74.03746006372447, 42.49088694753905], [-74.03733839395625, 42.49088592556929], [-74.03733701298785, 42.49097597177357], [-74.03721534305149, 42.490974949671454], [-74.03721396190228, 42.49106499587107], [-74.03709229179779, 42.491063973636614], [-74.03708814778877, 42.49133411221714], [-74.03696647716717, 42.49133308984391], [-74.03696233257772, 42.49160322840172], [-74.03684066143902, 42.491602205889734], [-74.03683789799875, 42.49178229824792], [-74.03659455504244, 42.4917802528237], [-74.03659317296385, 42.4918702989942], [-74.03622815805346, 42.49186722987967], [-74.03622677544509, 42.49195727603908], [-74.03598343185422, 42.49195522931058], [-74.03598204889053, 42.49204527546212], [-74.03586037693013, 42.492044251900936], [-74.03585899378562, 42.49213429804782], [-74.0357373216571, 42.49213327435429], [-74.03573593833175, 42.4922233204965], [-74.03561426603507, 42.492222296670604], [-74.03561288252891, 42.49231234280815], [-74.03549121006408, 42.49231131884991], [-74.03548844268376, 42.49249141111423], [-74.03561011549756, 42.4924924350789], [-74.03560181425131, 42.49303271185613], [-74.03548014039056, 42.49303168787221], [-74.03547875665284, 42.49312173399344], [-74.03535708262395, 42.49312070987716], [-74.03535569870537, 42.49321075599373], [-74.03523402450833, 42.49320973174508], [-74.03522848807263, 42.493569916183944], [-74.03535016296763, 42.49357094044543], [-74.03535154691158, 42.49348089433469], [-74.03559489637166, 42.493482942463785], [-74.03559627996027, 42.49339289634516], [-74.03571795452534, 42.493393920212775], [-74.0357193379331, 42.49330387408949], [-74.03596268673326, 42.49330592143083], [-74.0359640697857, 42.493215875299676], [-74.03608574402078, 42.49321689877342], [-74.03608712689241, 42.493126852637594], [-74.03620880095934, 42.49312787597895], [-74.03621018365013, 42.49303782983848], [-74.03645353145403, 42.493039876127355], [-74.03645491378948, 42.49294982997901], [-74.03657658752645, 42.49295085292652], [-74.03657796968109, 42.492860806773486], [-74.03718633758851, 42.49286591955772], [-74.03718771886436, 42.49277587338723], [-74.03743106572269, 42.49277791759046], [-74.03743244664321, 42.49268787141211], [-74.03755411990738, 42.49268889331679], [-74.03755550064709, 42.492598847133756], [-74.0376771737431, 42.49259986890609], [-74.037678554302, 42.492509822718425], [-74.03780022722985, 42.4925108443584], [-74.03780160760793, 42.492420798166066], [-74.03889666267288, 42.49242998708538], [-74.03889528386517, 42.49252003330651], [-74.03901695685627, 42.492521053655004], [-74.03901557821675, 42.49261109987788], [-74.03913725138867, 42.49261212010041], [-74.0391358729173, 42.49270216632504], [-74.03962256636606, 42.49270624593646], [-74.03962118858635, 42.49279629217242], [-74.03986453569762, 42.49279833120962], [-74.03986315826056, 42.4928883774505], [-74.03998483200016, 42.492889396778565], [-74.03998345473128, 42.492979443021206], [-74.04010512865169, 42.49298046222331], [-74.04010375155099, 42.493070508467675], [-74.0402254256522, 42.49307152754383], [-74.04022404871968, 42.493161573789926], [-74.04034572300169, 42.49316259274012], [-74.0403429694667, 42.493342685234346], [-74.04046464410402, 42.49334370406177], [-74.04046326750155, 42.49343375030989], [-74.04058494231968, 42.493434769011365], [-74.04057668361935, 42.49397504648866], [-74.04069835949078, 42.49397606508013], [-74.04069698319314, 42.494066111324436], [-74.04081865924537, 42.49406712978994], [-74.04081728311593, 42.494157176036], [-74.04093895934898, 42.49415819437555], [-74.04093758338773, 42.49424824062331], [-74.04118093622175, 42.494250276921306], [-74.0411795606032, 42.49434032317402], [-74.04130123720418, 42.49434134113247], [-74.04129986175381, 42.494431387386925], [-74.04142153853562, 42.49443240521941], [-74.04142016325346, 42.49452245147558], [-74.04154184021606, 42.49452346918209], [-74.0415404651021, 42.49461351544], [-74.04178381939522, 42.494615550471934], [-74.04178244462399, 42.49470559673478], [-74.04190412195452, 42.49470661406018], [-74.04190274735147, 42.49479666032476], [-74.0420244248628, 42.494797677524204], [-74.04202305042797, 42.4948877237905], [-74.0421447281201, 42.49488874086396], [-74.0421433538535, 42.494978787132], [-74.04226503172646, 42.494979804079485], [-74.04226365762804, 42.49506985034925], [-74.0423853356818, 42.49507086717078], [-74.0423839617516, 42.49516091344227], [-74.04250563998619, 42.49516193013781], [-74.0425042662242, 42.49525197641104], [-74.04262594463958, 42.49525299298062], [-74.04262457104582, 42.495343039255566], [-74.04323296408975, 42.49534812018192], [-74.04323159136226, 42.49543816647135], [-74.04347494897293, 42.49544019794412], [-74.04347357658817, 42.49553024423845], [-74.04420365061824, 42.49553633557594], [-74.0442050219559, 42.49544628926251], [-74.04432670080841, 42.495447304030165], [-74.04432807196528, 42.495357257712115], [-74.04444975064955, 42.495358272347424], [-74.04445112162563, 42.495268226024734], [-74.04457280014167, 42.49526924052771], [-74.04457417093694, 42.49517919420037], [-74.04493920599926, 42.49518223692478], [-74.04493783572752, 42.49527228326165], [-74.04591126423283, 42.49528039153569], [-74.04590989535092, 42.49537043789651], [-74.04822179297575, 42.49538966197734], [-74.04822042740338, 42.495479708396964], [-74.04834210646291, 42.49548071890221], [-74.04834074105877, 42.49557076532356], [-74.04846242029907, 42.49557177570282], [-74.04845286351653, 42.496202100633596], [-74.04857454398474, 42.49620311090586], [-74.04856771839634, 42.49665334297142], [-74.04844603705553, 42.49665233268332], [-74.048439210438, 42.497102564696675], [-74.0483175282308, 42.49710155426358], [-74.04830796948164, 42.49773187899897], [-74.04818628605896, 42.49773086841452], [-74.04817672578126, 42.49836119305642], [-74.04805504114306, 42.498360182320624], [-74.04804957729131, 42.49872036778558], [-74.0479278919612, 42.498719356907934], [-74.04792379348298, 42.49898949598188], [-74.0478021076355, 42.498988484965544], [-74.04779937493628, 42.499168577667874], [-74.04767768874598, 42.49916756651604], [-74.04765992332102, 42.50033816889812], [-74.04753823486777, 42.50033715757589], [-74.04753276767191, 42.500697342862054], [-74.0474110785267, 42.50069633139797], [-74.04740014243761, 42.50141670187505], [-74.04752183297936, 42.5014177133645], [-74.04752046611459, 42.50150775967076], [-74.04764215683716, 42.501508771034196], [-74.0476407901407, 42.50159881734216], [-74.04776248104412, 42.501599828579586], [-74.04776111451595, 42.501689874889266], [-74.0478828056002, 42.501690886000645], [-74.04788143924034, 42.50178093231206], [-74.04800313050542, 42.50178194329742], [-74.0480017643139, 42.50187198961054], [-74.04812345575981, 42.501873000469885], [-74.04812208973657, 42.5019630467847], [-74.04824378136333, 42.501964057518016], [-74.0482424155084, 42.50205410383456], [-74.04836410731599, 42.50205511444185], [-74.04836274162939, 42.5021451607601], [-74.04848443361782, 42.50214617124137], [-74.04848306809951, 42.502236217561325], [-74.04860476026879, 42.50223722791657], [-74.0486033949188, 42.50232727423824], [-74.0487250872689, 42.502328284467445], [-74.04872372208723, 42.50241833079083], [-74.04896710715538, 42.50242035086799], [-74.04896574231661, 42.502510397196254], [-74.04981759147424, 42.50251746341884], [-74.04981622785125, 42.5026075097678], [-74.04993792078764, 42.502608518714545], [-74.04993110345191, 42.50305875045326], [-74.0498094096426, 42.5030577414907], [-74.04980668231538, 42.503237834169674], [-74.04968498816316, 42.50323682507159], [-74.04968226046175, 42.50341691773841], [-74.0495605659666, 42.50341590850481], [-74.04955647384384, 42.50368604748464], [-74.04943477883118, 42.50368503811234], [-74.0494265933692, 42.50422531601373], [-74.04954828942941, 42.504226325405014], [-74.04954283302806, 42.50458651065615], [-74.0496645297929, 42.50458751993087], [-74.04965498207193, 42.50521784408648], [-74.04977668006521, 42.50521885325414], [-74.04977531625467, 42.50530889955943], [-74.04989701442881, 42.50530990860104], [-74.04989565078661, 42.505399954908036], [-74.05001734914161, 42.50540096382361], [-74.05001462218767, 42.50558105643955], [-74.05013632089813, 42.50558206523223], [-74.05013223094414, 42.50585220415471], [-74.05025393018468, 42.50585321282768], [-74.0502375719015, 42.506933768424524], [-74.0501158705656, 42.506932759713614], [-74.05010632659574, 42.507563083692865], [-74.04998462404374, 42.50756207483062], [-74.04997780586174, 42.50801230618489], [-74.05107313691289, 42.508021381435455], [-74.05107177482938, 42.508111427730405], [-74.05143688581609, 42.50811445049742], [-74.05143552425022, 42.50820449680037], [-74.05167893195517, 42.50820651133859], [-74.05167757073234, 42.5082965576464], [-74.0517992747688, 42.50829756472484], [-74.05179791371435, 42.508387611034344], [-74.05191961793167, 42.508388617986704], [-74.05191825704563, 42.50847866429793], [-74.05203996144382, 42.508479671124235], [-74.05203860072616, 42.50856971743715], [-74.05216030530524, 42.50857072413738], [-74.05215894475596, 42.50866077045198], [-74.05228064951592, 42.50866177702615], [-74.05227928913504, 42.508751823342465], [-74.05240099407588, 42.508752829790566], [-74.05239963386339, 42.508842876108574], [-74.05252133898509, 42.5088438824306], [-74.052519978941, 42.5089339287503], [-74.05264168424358, 42.50893493494626], [-74.0526403243679, 42.509024981267665], [-74.05276202985134, 42.50902598733756], [-74.05276067014407, 42.50911603366066], [-74.05288237580837, 42.50911703960446], [-74.0528810162695, 42.50920708592926], [-74.05300272211468, 42.509208091747006], [-74.05300136274421, 42.509298138073504], [-74.05312306877028, 42.50929914376517], [-74.05312170956822, 42.50938919009336], [-74.05324341577514, 42.509390195658945], [-74.0532420567415, 42.50948024198883], [-74.0533637631293, 42.50948124742835], [-74.05336240426406, 42.50957129375993], [-74.05348411083274, 42.509572299073376], [-74.0534827521359, 42.50966234540665], [-74.05360445888546, 42.50966335059402], [-74.05360310035704, 42.50975339692899], [-74.05372480728747, 42.50975440199028], [-74.05372073218878, 42.510024540995914], [-74.05384243964936, 42.51002554593742], [-74.05384108144533, 42.51011559227286], [-74.05396278908678, 42.510116597088285], [-74.05396414711618, 42.510026550749686], [-74.05408585458922, 42.51002755543273], [-74.05408857028003, 42.509847462744865], [-74.05421027741001, 42.50984846729237], [-74.05421299272662, 42.50966837459238], [-74.05433469951353, 42.50966937900437], [-74.05433741445597, 42.509489286292265], [-74.05445912089982, 42.50949029056872], [-74.05446183546809, 42.50931019784452], [-74.05908667166594, 42.50934826435374], [-74.05908532102127, 42.50943831083588], [-74.05920702753262, 42.509439310069325], [-74.05920567705641, 42.50952935655314], [-74.05932738374858, 42.50953035566048], [-74.05932603344083, 42.509620402145984], [-74.05944774031383, 42.50962140112723], [-74.05944639017454, 42.5097114476144], [-74.05956809722836, 42.50971244646955], [-74.05956674725753, 42.50980249295839], [-74.0596884544922, 42.50980349168744], [-74.05969250386221, 42.50953335220714], [-74.05981421057915, 42.50953435079757], [-74.05982635678323, 42.508723932249964], [-74.05994806193458, 42.508724930682995], [-74.059952110034, 42.508454791131555], [-74.06007381466763, 42.50845578942598], [-74.06007786218746, 42.508185649852074], [-74.06019956630338, 42.508186648007886], [-74.0602090090774, 42.50755632226257], [-74.0603307119771, 42.507557320267274], [-74.06033340950763, 42.50737722717785], [-74.06045511206428, 42.50737822504708], [-74.06045780922081, 42.507198131945565], [-74.06057951143438, 42.507199129679314], [-74.06058085982876, 42.507109083123254], [-74.0604591577898, 42.50710808539264], [-74.06046994611913, 42.50638771291676], [-74.06059164676114, 42.50638871062237], [-74.06059299509987, 42.506298664053226], [-74.06071469557344, 42.5062996616265], [-74.06071604373138, 42.506209615052754], [-74.06083774403652, 42.50621061249369], [-74.06083909201367, 42.50612056591536], [-74.06096079215037, 42.50612156322396], [-74.06096618329866, 42.50576137688363], [-74.0608444838604, 42.50576037958755], [-74.06084717974669, 42.505580286414904], [-74.0607254806638, 42.50557928899585], [-74.06072682877229, 42.50548924241049], [-74.06060512987021, 42.50548824486535], [-74.06060917468238, 42.50521810510988], [-74.06073087306063, 42.50521910264563], [-74.0607322211444, 42.505129056054436], [-74.06085391935424, 42.50513005345786], [-74.06085526725721, 42.505040006862096], [-74.06097696529862, 42.50504100413316], [-74.06097831302081, 42.504950957532806], [-74.0611000108938, 42.50495195467156], [-74.06110135843521, 42.50486190806663], [-74.06122305613977, 42.50486290507304], [-74.0612244035004, 42.504772858463525], [-74.06146779857886, 42.50477485208249], [-74.06146645156743, 42.50486489869825], [-74.06170984701978, 42.504866891806635], [-74.0617085003514, 42.504956938427185], [-74.06183019826145, 42.50495793479069], [-74.06182885176149, 42.505047981412915], [-74.06207224794932, 42.50504997375853], [-74.06207090179238, 42.505140020385554], [-74.06219260007015, 42.505141016367666], [-74.06219125408167, 42.505231062996344], [-74.06231295254021, 42.50523205885238], [-74.06231026089391, 42.505412152111624], [-74.06243195970785, 42.505413147844685], [-74.06243061405006, 42.50550319447523], [-74.06255231304476, 42.50550419008221], [-74.06254962205989, 42.505684283345204], [-74.06327981825298, 42.505690254311055], [-74.06327847379895, 42.50578030095908], [-74.06352187292853, 42.50578229025357], [-74.06352052881755, 42.50587233690638], [-74.06364222856618, 42.50587333136291], [-74.06364088462365, 42.505963378017405], [-74.06376258455307, 42.505964372347854], [-74.06375989699876, 42.50614446565865], [-74.06388159728357, 42.50614545986612], [-74.06388025367178, 42.506235506522465], [-74.06400195413737, 42.50623650060384], [-74.06400061069404, 42.506326547261835], [-74.06412231134038, 42.506327541217104], [-74.06412096806551, 42.506417587876754], [-74.06424266889263, 42.50641858170593], [-74.06424132578623, 42.50650862836726], [-74.06436302679414, 42.50650962207033], [-74.06436168385616, 42.5065996687333], [-74.06448338504487, 42.50660066231028], [-74.06448204227536, 42.50669070897491], [-74.06460374364481, 42.506691702425776], [-74.06460240104377, 42.506781749092085], [-74.06472410259401, 42.50678274241684], [-74.06472276016144, 42.50687278908481], [-74.0649661636296, 42.50687477535291], [-74.06496482154013, 42.50696482202564], [-74.06508652345806, 42.50696581496898], [-74.06508518153704, 42.50705586164336], [-74.06654560712745, 42.50706776692176], [-74.06654426729575, 42.50715781363201], [-74.06678767199612, 42.50715979604224], [-74.06678633250753, 42.50724984275724], [-74.06690803504155, 42.507250833771636], [-74.06690669572144, 42.50734088048828], [-74.0667849930128, 42.507339889470785], [-74.06676088105738, 42.50896073006603], [-74.06663917521149, 42.508959738863396], [-74.06663515583485, 42.50922987890747], [-74.06651344947119, 42.50922888756629], [-74.06650674951405, 42.50967912092845], [-74.0663850422833, 42.50967812944251], [-74.0663448340748, 42.51237952875883], [-74.06646654654527, 42.512380520338006], [-74.06646520635107, 42.512470566962435], [-74.06658691900236, 42.51247155841548], [-74.06658557897669, 42.51256160504158], [-74.06670729180878, 42.51256259636848], [-74.06670461208834, 42.51274268962253], [-74.06658289890689, 42.5127416982894], [-74.06658155886278, 42.51283174491114], [-74.0664598455128, 42.51283075344567], [-74.06645850528787, 42.51292080006285], [-74.06633679176936, 42.51291980846503], [-74.0663354513636, 42.513009855077634], [-74.06621373767656, 42.51300886334746], [-74.06621239709, 42.51309890995551], [-74.06609068323442, 42.51309791809298], [-74.06608934246704, 42.51318796469647], [-74.06596762844295, 42.5131869727016], [-74.06596628749472, 42.51327701930052], [-74.0658445733021, 42.51327602717328], [-74.06584323217305, 42.51336607376764], [-74.0657215178119, 42.513365081508056], [-74.0657174938638, 42.51363522127306], [-74.06559577898477, 42.5136342288749], [-74.06559175445727, 42.51390436861749], [-74.06583518526959, 42.513906353303234], [-74.06583384409751, 42.51399639988741], [-74.06607727528379, 42.51399838406238], [-74.0660759344549, 42.51408843065133], [-74.06619765023196, 42.514089422548054], [-74.06619496890514, 42.51426951572778], [-74.0663166850377, 42.514270507501465], [-74.06631400403566, 42.5144506006816], [-74.06643572052374, 42.51445159233224], [-74.0664343801882, 42.514541638923255], [-74.06655609685711, 42.51454263044775], [-74.06655475669011, 42.514632677040396], [-74.06679819039579, 42.51463465970787], [-74.06679685057202, 42.51472470630528], [-74.06691856760875, 42.51472569744824], [-74.06691722795352, 42.514815744047304], [-74.0670389451711, 42.51481673506412], [-74.06703760568442, 42.51490678166483], [-74.06679417090604, 42.51490479949573], [-74.06679283106382, 42.514994846088776], [-74.06667111350916, 42.514993854807244], [-74.0666697734861, 42.51508390139571], [-74.06654805576288, 42.515082909981814], [-74.066546715559, 42.51517295656575], [-74.06642499766723, 42.515171965019476], [-74.0664236572825, 42.51526201159885], [-74.06630193922217, 42.51526101992022], [-74.06629925808491, 42.515441113068356], [-74.06617753968133, 42.51544012125426], [-74.06617619892877, 42.515530167823044], [-74.06605448035666, 42.51552917587659], [-74.06605045753801, 42.51579931556488], [-74.06617217663421, 42.515800307520664], [-74.06616681348873, 42.516160493763785], [-74.0662885332899, 42.516161485602744], [-74.06628719266286, 42.516251532163], [-74.06640891264487, 42.51625252387581], [-74.0664075721864, 42.516342570437715], [-74.06652929234927, 42.516343562024375], [-74.06652795205936, 42.51643360858794], [-74.06664967240307, 42.516434600048434], [-74.0666483322817, 42.51652464661366], [-74.06677005280629, 42.51652563794801], [-74.06676871285349, 42.51661568451487], [-74.06701215427049, 42.516617666802006], [-74.06700545616143, 42.517067899645596], [-74.06712717775268, 42.5170688906108], [-74.06712583828715, 42.51715893717825], [-74.06736928183753, 42.517160918727086], [-74.06736794271528, 42.5172509652993], [-74.06748966467438, 42.51725195588292], [-74.06748832572072, 42.5173420024568], [-74.06761004786068, 42.517342992914266], [-74.06760870907559, 42.51743303948977], [-74.0677304313964, 42.517434029821075], [-74.06772507689348, 42.517794216121004], [-74.06784679991932, 42.51779520633546], [-74.06784546145295, 42.51788525290991], [-74.06796718465964, 42.5178862429982], [-74.06796584636186, 42.5179762895743], [-74.06808756974941, 42.51797727953642], [-74.0680862316202, 42.51806732611416], [-74.06832967876313, 42.518069305656816], [-74.06832834097725, 42.518159352239316], [-74.06845006473263, 42.518160341819836], [-74.06844872711534, 42.51825038840399], [-74.06857045105157, 42.51825137785834], [-74.06856911360286, 42.51834142444413], [-74.06869083771996, 42.518342413772324], [-74.06868950043986, 42.51843246035976], [-74.0688112247378, 42.518433449561776], [-74.06880988762627, 42.51852349615086], [-74.06893161210509, 42.51852448522672], [-74.06892893821309, 42.51870457840673], [-74.06905066304748, 42.51870556735951], [-74.06904798948042, 42.51888566053989], [-74.06941316506874, 42.51888862664119], [-74.06941182880021, 42.51897867323851], [-74.06989873036932, 42.518982626242824], [-74.06989739479357, 42.51907267285108], [-74.07257535901797, 42.51909437747102], [-74.07257669074967, 42.51900433079476], [-74.07269841629179, 42.519005315878665], [-74.07269974784263, 42.518915269197855], [-74.07282147321614, 42.5189162541494], [-74.07282280458615, 42.51882620746406], [-74.07294452979103, 42.518827192283254], [-74.07294586098021, 42.51873714559337], [-74.07306758601646, 42.5187381302802], [-74.07306891702481, 42.518648083585774], [-74.07331236676617, 42.518650052565455], [-74.07331369741897, 42.5185600058634], [-74.07367887155259, 42.51856295835414], [-74.07368020167512, 42.518472911641375], [-74.0738019262238, 42.51847389554334], [-74.07380325616548, 42.51838384882604], [-74.07392498054554, 42.51838483259564], [-74.07392631030639, 42.518294785873806], [-74.07404803451782, 42.518295769511056], [-74.07406398907595, 42.51721520869866], [-74.07418571119685, 42.517216192169656], [-74.07420033351544, 42.51622567787381], [-74.0743220537206, 42.51622666118164], [-74.07432338281102, 42.51613661441568], [-74.07420166278054, 42.516135631110934], [-74.07420299203957, 42.516045584346585], [-74.07432471189533, 42.51604656764825], [-74.0743273700457, 42.515866474109046], [-74.07420565053933, 42.51586549081354], [-74.07422558851039, 42.51451478913033], [-74.07410387163057, 42.5145138057518], [-74.07411184748314, 42.51397352500541], [-74.07399013165754, 42.51397254151613], [-74.07399279057567, 42.51379244792854], [-74.07387107510554, 42.51379146431617], [-74.07388570064089, 42.51280094951438], [-74.07400741418952, 42.512801933092845], [-74.0740087435724, 42.512711886280876], [-74.07413045695249, 42.51271286972701], [-74.07413311535058, 42.51253277609255], [-74.07425482838741, 42.51253375940328], [-74.07425615740264, 42.51244371258078], [-74.0743778702709, 42.512444695759186], [-74.07438052793374, 42.51226460210367], [-74.07450224045874, 42.51226558514668], [-74.07451951240252, 42.51109497620406], [-74.07439780214817, 42.51109399320112], [-74.07440045962824, 42.51091389950201], [-74.0742787497293, 42.510912916375986], [-74.07428007863484, 42.51082286952732], [-74.07415836891666, 42.510821886275146], [-74.07415969799077, 42.51073183942812], [-74.07403798845334, 42.51073085604979], [-74.074039317696, 42.51064080920438], [-74.07391760833933, 42.5106398256999], [-74.0739202671557, 42.510459732010894], [-74.07367684915924, 42.51045776462656], [-74.07367817890758, 42.510367717786046], [-74.07343476128483, 42.51036574989094], [-74.0734360913764, 42.51027570305513], [-74.07319267412733, 42.51027373464925], [-74.0731940045621, 42.51018368781817], [-74.07307229612137, 42.51018270342447], [-74.07307362672469, 42.51009265659502], [-74.07295191846471, 42.51009167207517], [-74.07295324923658, 42.51000162524734], [-74.07283154115736, 42.510000640601355], [-74.07283287209776, 42.50991059377515], [-74.07271116419929, 42.509909609003], [-74.07271249530827, 42.50981956217846], [-74.07259078759054, 42.50981857728017], [-74.07259211886804, 42.50972853045725], [-74.07247041133108, 42.50972754543281], [-74.07247174277713, 42.50963749861152], [-74.07235003542091, 42.50963651346095], [-74.0723513670355, 42.50954646664129], [-74.07247307421707, 42.50954745178877], [-74.07247440565091, 42.50945740496458], [-74.07259611266393, 42.50945838997975], [-74.07260543130737, 42.508828062148005], [-74.07272713710401, 42.508829047012334], [-74.07274976388128, 42.50729825050052], [-74.07262806105341, 42.50729726568866], [-74.07263604760145, 42.506756984485044], [-74.07251434582741, 42.50675599956248], [-74.07251567707202, 42.50666595269322], [-74.0723939754787, 42.50666496764453], [-74.07242326515716, 42.50468393622067], [-74.07254496290902, 42.50468492120145], [-74.07255294944278, 42.50414463976338], [-74.07267464615315, 42.504145624596426], [-74.07267863881385, 42.50387548384851], [-74.07280033500652, 42.50387646854308], [-74.07280166570662, 42.50378642162112], [-74.0729233617308, 42.503787406183406], [-74.07292602276351, 42.50360731232894], [-74.0730477184446, 42.50360829675586], [-74.07305170942413, 42.50333815595399], [-74.07317340458755, 42.503339140242446], [-74.07318404553459, 42.50261876468218], [-74.07330573930739, 42.502619748816755], [-74.07330839913399, 42.50243965490599], [-74.07343009256373, 42.502440638905185], [-74.07343674115063, 42.501990404087394], [-74.07355843371356, 42.50199138794199], [-74.07356109275649, 42.501811293998536], [-74.07368278497637, 42.501812277717754], [-74.0736907609114, 42.50127199583399], [-74.07356906973898, 42.501271012133266], [-74.07358901123519, 42.499920307241126], [-74.0737106997891, 42.49992129089561], [-74.07371734577696, 42.49947105584346], [-74.07383903346418, 42.49947203935335], [-74.07384169146755, 42.499291945316145], [-74.07396337881174, 42.49929292869068], [-74.07396470762974, 42.49920288166682], [-74.07408639480548, 42.49920386490909], [-74.07408772344283, 42.49911381788069], [-74.0746961585401, 42.49911873213889], [-74.0746974862986, 42.49902868509363], [-74.07506254690637, 42.49903163208912], [-74.07506387413511, 42.49894158503317], [-74.07555062099912, 42.498945512539606], [-74.07555194752356, 42.498855465469894], [-74.07628206695472, 42.49886135283561], [-74.07628339242576, 42.498771305746], [-74.07677013813654, 42.49877522806055], [-74.07677146290331, 42.49868518095719], [-74.07750158060436, 42.49869106053512], [-74.07750290431778, 42.498601013411864], [-74.0778679627266, 42.49860395144767], [-74.07786928591028, 42.498513904313775], [-74.07823434385006, 42.49851684117773], [-74.07823566650403, 42.49842679403317], [-74.07835735232153, 42.4984277727264], [-74.0783586747949, 42.4983377255773], [-74.07860204609901, 42.498339682570084], [-74.07860336821722, 42.498249635413416], [-74.07896842469518, 42.49825256992453], [-74.07896974628369, 42.498162522757205], [-74.07957817299541, 42.49816741101015], [-74.07957949370514, 42.49807736382605], [-74.0797011788911, 42.498078341086035], [-74.07969985835592, 42.4981683882732], [-74.0800649144738, 42.49817131928726], [-74.08006359445619, 42.498261366482154], [-74.08030696558079, 42.49826331985175], [-74.08030564590625, 42.498353367051315], [-74.08054901740414, 42.49835531991032], [-74.0805450593915, 42.49862546151864], [-74.08066674567317, 42.498626437763555], [-74.0806614689365, 42.49898662656654], [-74.0807831559224, 42.49898760269451], [-74.08077919883006, 42.49925774429067], [-74.08065751132047, 42.49925676815353], [-74.08065223441444, 42.49961695691583], [-74.08053054621269, 42.49961598063726], [-74.08052526851162, 42.49997616936407], [-74.08040357961767, 42.499975192944085], [-74.08040094038172, 42.50015528729264], [-74.08027925114469, 42.50015431073734], [-74.08027529172169, 42.500424452240104], [-74.080153601967, 42.50042347554643], [-74.08015228197266, 42.50051352270805], [-74.08003059204947, 42.500512545882124], [-74.08002795169351, 42.500692640194885], [-74.07990626142723, 42.500691663233646], [-74.07990362069792, 42.50087175753446], [-74.07978193008854, 42.50087078043791], [-74.07978060954025, 42.50096082758308], [-74.07965891876236, 42.500959850354256], [-74.07965627729844, 42.50113994463411], [-74.07953458617746, 42.50113896726997], [-74.07953326526184, 42.501229014404664], [-74.07941157397237, 42.50122803690828], [-74.07940893177381, 42.50140813116715], [-74.07928724014123, 42.501407153535446], [-74.0792845975693, 42.50158724778238], [-74.07916290559362, 42.501586270015345], [-74.079161584124, 42.50167631713357], [-74.0790398919798, 42.501675339234275], [-74.07903724867322, 42.501855433460236], [-74.07891555618593, 42.50185445542561], [-74.07891291250594, 42.50203454963963], [-74.07879121967555, 42.50203357146968], [-74.07878857562217, 42.502213665671746], [-74.07866688244867, 42.50221268736648], [-74.07866423802187, 42.5023927815566], [-74.07854254450528, 42.502391803116], [-74.07853989970506, 42.502571897294175], [-74.07841820584537, 42.502570918718234], [-74.07841556067171, 42.50275101288446], [-74.07829386646891, 42.50275003417319], [-74.07829122092183, 42.50293012832747], [-74.07816952637592, 42.50292914948087], [-74.07816158854159, 42.50346943189041], [-74.07828328413504, 42.50347041075542], [-74.07827799282255, 42.503830599011664], [-74.07839968912046, 42.50383157775975], [-74.07839704377702, 42.50401167188528], [-74.07851874043018, 42.5040126505103], [-74.07851609541167, 42.50419274463615], [-74.07863779242008, 42.50419372313809], [-74.07863647007635, 42.5042837702019], [-74.07875816726543, 42.504284748577696], [-74.07875552290895, 42.50446484270711], [-74.07887722045331, 42.50446582095982], [-74.07887589844057, 42.50455586802541], [-74.07899759616558, 42.504556846151985], [-74.07899627432138, 42.5046468932192], [-74.07911797222707, 42.50464787121965], [-74.07911665055141, 42.50473791828844], [-74.07936004673016, 42.50473987390782], [-74.07935872539765, 42.50482992098131], [-74.07948042367073, 42.50483089860025], [-74.07947910250678, 42.50492094567535], [-74.0797224994203, 42.50492290053174], [-74.0797211785995, 42.50501294761151], [-74.07996457588644, 42.50501490195718], [-74.07996325540881, 42.50510494904162], [-74.08069344846258, 42.50511080899592], [-74.08069212902654, 42.5052008560973], [-74.08093552710875, 42.50520280838783], [-74.08093420801589, 42.505292855493856], [-74.08105590724068, 42.50529383144836], [-74.08105458831636, 42.50538387855598], [-74.0811762877218, 42.505384854384346], [-74.08117365020428, 42.505564948601354], [-74.081295349965, 42.50556592430661], [-74.08128743831494, 42.50610620694112], [-74.0814091391294, 42.506107182535516], [-74.08139727281781, 42.50691760641669], [-74.08151897520989, 42.50691858190939], [-74.08151370183496, 42.50727877027546], [-74.08163540493157, 42.507279745651175], [-74.0816314503608, 42.50754988691964], [-74.08175315398736, 42.5075508621753], [-74.08174788184022, 42.50791105052514], [-74.08186958617135, 42.50791202566379], [-74.08186299672461, 42.50836226108369], [-74.08198470193496, 42.50836323610841], [-74.08197811321035, 42.50881347150724], [-74.08209981929994, 42.50881444641799], [-74.08208005483948, 42.51016515244239], [-74.0819583461302, 42.51016417748579], [-74.0819478031315, 42.510884553873986], [-74.081826093031, 42.51088357876371], [-74.08182082068798, 42.51124376691071], [-74.08169910989488, 42.51124279165897], [-74.08169383675651, 42.5116029797705], [-74.08181554824827, 42.511603955034474], [-74.08180895756263, 42.51205419015646], [-74.08193066993378, 42.51205516530646], [-74.08192671597389, 42.51232530637138], [-74.0820484288751, 42.51232628140132], [-74.08204579322097, 42.512506375443444], [-74.08216750647756, 42.512507350350255], [-74.08216355347507, 42.51277749141171], [-74.08228526726172, 42.51277846619843], [-74.08228131472889, 42.513048607255975], [-74.08240302904562, 42.513049581922616], [-74.08240171169727, 42.51313962894194], [-74.08227999720584, 42.513138654272254], [-74.08227209194081, 42.51367893633939], [-74.08215037640733, 42.51367796152212], [-74.08213192749737, 42.514938619432556], [-74.08225364547651, 42.5149395942926], [-74.08224705716657, 42.51538982920687], [-74.08236877602522, 42.51539080395293], [-74.08236614100835, 42.51557089791457], [-74.08248786022247, 42.51557187253749], [-74.08248390817596, 42.51584201347821], [-74.08260562792022, 42.51584298798104], [-74.082604310734, 42.51593303496144], [-74.08272603065899, 42.515934009338054], [-74.08272339661785, 42.51611410330058], [-74.08284511689831, 42.51611507755403], [-74.0828398494424, 42.51647526547388], [-74.08296157042771, 42.516476239610284], [-74.08295367011094, 42.51701652146477], [-74.08307539215058, 42.51701749549023], [-74.08306617606266, 42.51764782427571], [-74.08318789933135, 42.51764879819327], [-74.0831628860641, 42.51935969031007], [-74.08328461265866, 42.51936066415635], [-74.08327934712891, 42.51972085191578], [-74.08340107442845, 42.519721825645], [-74.08339580950106, 42.52008201339338], [-74.0835175375056, 42.52008298700552], [-74.08351490535519, 42.52026308087709], [-74.08363663371524, 42.520264054366066], [-74.08363400189018, 42.520444148237935], [-74.08375573060574, 42.52044512160372], [-74.08375178334711, 42.52071526240978], [-74.08387351259297, 42.520716235655435], [-74.08387088140654, 42.52089632952497], [-74.08399261100793, 42.52089730264746], [-74.08398340288868, 42.52152763116641], [-74.08410513371936, 42.521528604180936], [-74.08409592652782, 42.52215893265003], [-74.08421765858783, 42.52215990555663], [-74.0842110827153, 42.52261014014907], [-74.08433281565516, 42.52261111294163], [-74.08432755554765, 42.52297130060161], [-74.08444928919259, 42.52297227327707], [-74.08444271479637, 42.523422507834596], [-74.08456444932119, 42.523423480396005], [-74.08455787564807, 42.52387371493245], [-74.0846796110528, 42.52387468737981], [-74.08467303810285, 42.52432492189516], [-74.08455130182425, 42.52432394943257], [-74.08453815372437, 42.525224418323816], [-74.08441641570394, 42.52522344570144], [-74.08440326525317, 42.52612391441691], [-74.08452500502152, 42.52612488706976], [-74.08452369011808, 42.526214933936366], [-74.08464543006723, 42.52621590646295], [-74.08464411533255, 42.52630595333116], [-74.08476585546255, 42.52630692573149], [-74.08476454089663, 42.52639697260129], [-74.08488628120745, 42.526397944875356], [-74.0848849668103, 42.52648799174674], [-74.08512844779963, 42.52648993591306], [-74.08512713374604, 42.52657998278909], [-74.08537061510907, 42.52658192644427], [-74.08536930139907, 42.526671973324945], [-74.0858562648966, 42.52667585909579], [-74.08585495187978, 42.526765905987176], [-74.08609843401427, 42.526767848102836], [-74.08609712134104, 42.526857894998855], [-74.08621886259213, 42.52685886586577], [-74.08621755008768, 42.526948912763366], [-74.0864610329575, 42.52695085411535], [-74.08645972079664, 42.52704090101759], [-74.08670320404015, 42.52704284185841], [-74.08670189222288, 42.52713288876528], [-74.08682363402846, 42.52713385899476], [-74.08682232237997, 42.52722390590323], [-74.08694406436639, 42.52722487600644], [-74.0869427528867, 42.52731492291648], [-74.08706449505392, 42.52731589289343], [-74.08706318374303, 42.527405939805064], [-74.08718492609107, 42.52740690965573], [-74.08718230380084, 42.527587003480726], [-74.08730404650453, 42.52758797320816], [-74.0873027355252, 42.52767802012151], [-74.0874244784097, 42.52767898972267], [-74.08742316759918, 42.52776903663762], [-74.0875449106645, 42.527770006112505], [-74.08754360002278, 42.52786005302902], [-74.08766534326892, 42.52786102237765], [-74.08766272231708, 42.52804111621241], [-74.08778446591886, 42.528042085437775], [-74.0877818452926, 42.52822217927281], [-74.08790358925, 42.528223148374956], [-74.08790227910268, 42.528313195293315], [-74.08802402324092, 42.52831416426917], [-74.08802140327788, 42.528494258107635], [-74.08814314777176, 42.52849522696024], [-74.08814183795603, 42.52858527388033], [-74.08826358263073, 42.52858624260666], [-74.08826096333092, 42.52876633644854], [-74.08838270836128, 42.52876730505164], [-74.08838008938707, 42.52894739889378], [-74.08850183477307, 42.528948367373616], [-74.08850052545179, 42.52903841429554], [-74.08862227101861, 42.52903938264909], [-74.08861965270768, 42.52921947649467], [-74.08874139863015, 42.52922044472496], [-74.08870343549296, 42.53183180492074], [-74.08882518649168, 42.531832773109706], [-74.08881209633249, 42.53273324188977]]]}}