{"type": "FeatureCollection", "name": "dams", "features": [{"type": "Feature", "geometry": {"type": "Point", "coordinates": [-73.77305556, 42.6225]}, "properties": {"STATE_ID": "208-1316", "FEDERAL_ID": "NY14648", "dam_name": "  (208-1316)", "alt_name": null, "county": "Albany", "Municipalities": "Town of Bethlehem", "basin": "LOWER HUDSON", "stream": "NORMANS KILL", "Owners": "Not Found", "transect": null, "OwnerType": "Not Found", "Purposes": "Other", "hazard_class": "Hazard Classification Not Assigned", "hazard_code": "0", "LastConditionRating": "Not Rated", "LastInspection": "3/18/2010", "EAP_STATUS": null, "YEARBUILT": null, "ConstructionTypes": "OT - Other", "height_ft": null, "length_ft": null, "normal_storage_acft": null, "max_storage_acft": null, "surface_area_ac": null, "drainage_area_sqmi": null, "spillway_type": null, "url": "https://dec.ny.gov/environmental-protection/water/water-quantity/dam-safety-coastal-flood-protection/dam-safety", "ref_lat": 42.515, "ref_lon": -74.145, "km_from_ref": 32.7, "aquifer_setting": "valley-fill aquifer: 10-100", "km_to_nearest_valley_aquifer": 0.0, "dec_basin": "Normanskill Creek", "dec_permit_basin": "13-11", "in_basic_creek_res_catchment": "no"}}, {"type": "Feature", "geometry": {"type": "Point", "coordinates": [-73.92, 42.68027778]}, "properties": {"STATE_ID": "208-3049", "FEDERAL_ID": "NY13377", "dam_name": "Albany Country Club Pond Dam", "alt_name": null, "county": "Albany", "Municipalities": "Not Found", "basin": "LOWER HUDSON", "stream": "TR-NORMANS KILL", "Owners": "ALBANY COUNTRY CLUB", "transect": null, "OwnerType": "Private", "Purposes": "Fire Protection, Stock, Or Small Farm Pond, Recreation", "hazard_class": "Low Hazard Dam", "hazard_code": "A", "LastConditionRating": "Not Rated", "LastInspection": "4/22/1971", "EAP_STATUS": null, "YEARBUILT": 1962.0, "ConstructionTypes": "RE - Earth", "height_ft": 15.0, "length_ft": 540.0, "normal_storage_acft": 12.0, "max_storage_acft": 13.0, "surface_area_ac": 2.0, "drainage_area_sqmi": 0.07, "spillway_type": "Drop Inlet or Riser", "url": "https://dec.ny.gov/environmental-protection/water/water-quantity/dam-safety-coastal-flood-protection/dam-safety", "ref_lat": null, "ref_lon": null, "km_from_ref": 26.0, "aquifer_setting": "bedrock (outside mapped unconsolidated aquifer)", "km_to_nearest_valley_aquifer": 0.4, "dec_basin": "Normanskill Creek", "dec_permit_basin": "13-11", "in_basic_creek_res_catchment": "no"}}, {"type": "Feature", "geometry": {"type": "Point", "coordinates": [-73.93166667, 42.4675]}, "properties": {"STATE_ID": "209-1491", "FEDERAL_ID": "NY00093", "dam_name": "Alcove Dam", "alt_name": null, "county": "Albany", "Municipalities": "Town of Coeymans", "basin": "LOWER HUDSON", "stream": "HANNACROIS CREEK", "Owners": "ALBANY WATER BOARD", "transect": "T1 Hannacroix/Basic \u2192 Alcove \u2192 Albany", "OwnerType": "Local Government", "Purposes": "Water Supply - Primary", "hazard_class": "High Hazard Dam", "hazard_code": "C", "LastConditionRating": "No deficiencies noted", "LastInspection": "4/9/2024", "EAP_STATUS": "On File", "YEARBUILT": 1929.0, "ConstructionTypes": "RE - Earth", "height_ft": 80.0, "length_ft": 2180.0, "normal_storage_acft": 29464.0, "max_storage_acft": 40242.0, "surface_area_ac": 1434.0, "drainage_area_sqmi": 32.5, "spillway_type": "Uncontrolled Overflow", "url": "https://dec.ny.gov/environmental-protection/water/water-quantity/dam-safety-coastal-flood-protection/dam-safety", "ref_lat": null, "ref_lon": null, "km_from_ref": 18.2, "aquifer_setting": "bedrock (outside mapped unconsolidated aquifer)", "km_to_nearest_valley_aquifer": 0.74, "dec_basin": "Lower Hudson Main Stem", "dec_permit_basin": "13-01", "in_basic_creek_res_catchment": "no"}}, {"type": "Feature", "geometry": {"type": "Point", "coordinates": [-73.92583333, 42.61027778]}, "properties": {"STATE_ID": "208-3432", "FEDERAL_ID": "NY13379", "dam_name": "Allen Farm Pond Dam", "alt_name": null, "county": "Albany", "Municipalities": "Not Found", "basin": "LOWER HUDSON", "stream": "TR-VLOMAN KILL", "Owners": "ROBERT B ALLEN", "transect": null, "OwnerType": null, "Purposes": "Fire Protection, Stock, Or Small Farm Pond", "hazard_class": "Low Hazard Dam", "hazard_code": "A", "LastConditionRating": "Not Rated", "LastInspection": "8/3/1970", "EAP_STATUS": null, "YEARBUILT": 1965.0, "ConstructionTypes": "RE - Earth", "height_ft": 9.0, "length_ft": 360.0, "normal_storage_acft": 3.0, "max_storage_acft": 4.0, "surface_area_ac": 1.0, "drainage_area_sqmi": 0.03, "spillway_type": "Drop Inlet or Riser", "url": "https://dec.ny.gov/environmental-protection/water/water-quantity/dam-safety-coastal-flood-protection/dam-safety", "ref_lat": null, "ref_lon": null, "km_from_ref": 20.8, "aquifer_setting": "bedrock (outside mapped unconsolidated aquifer)", "km_to_nearest_valley_aquifer": 0.16, "dec_basin": "Lower Hudson Main Stem", "dec_permit_basin": "13-01", "in_basic_creek_res_catchment": "no"}}, {"type": "Feature", "geometry": {"type": "Point", "coordinates": [-74.07694444, 42.69277778]}, "properties": {"STATE_ID": "190-2967", "FEDERAL_ID": "NY00126", "dam_name": "Altamont Main Reservoir Dam", "alt_name": null, "county": "Albany", "Municipalities": "Town of Knox", "basin": "LOWER HUDSON", "stream": "TR-BOZEN KILL", "Owners": "VILLAGE OF ALTAMONT", "transect": "Schoharie side (west of divide)", "OwnerType": "Local Government", "Purposes": "Water Supply - Primary", "hazard_class": "High Hazard Dam", "hazard_code": "C", "LastConditionRating": "Unsound - Deficiency Recognized", "LastInspection": "4/9/2024", "EAP_STATUS": "On File", "YEARBUILT": 1898.0, "ConstructionTypes": "RE - Earth", "height_ft": 36.5, "length_ft": 330.0, "normal_storage_acft": 102.0, "max_storage_acft": 140.0, "surface_area_ac": 7.8, "drainage_area_sqmi": 1.22, "spillway_type": "Gated", "url": "https://dec.ny.gov/environmental-protection/water/water-quantity/dam-safety-coastal-flood-protection/dam-safety", "ref_lat": null, "ref_lon": null, "km_from_ref": 20.5, "aquifer_setting": "bedrock (outside mapped unconsolidated aquifer)", "km_to_nearest_valley_aquifer": 2.48, "dec_basin": "Normanskill Creek", "dec_permit_basin": "13-11", "in_basic_creek_res_catchment": "no"}}, {"type": "Feature", "geometry": {"type": "Point", "coordinates": [-73.995, 42.71666667]}, "properties": {"STATE_ID": "208-4342", "FEDERAL_ID": "NY13384", "dam_name": "Altamont Metal Dam", "alt_name": null, "county": "Albany", "Municipalities": "Not Found", "basin": "LOWER HUDSON", "stream": "BLACK CREEK", "Owners": "FRED DAY", "transect": null, "OwnerType": null, "Purposes": "Other", "hazard_class": "Low Hazard Dam", "hazard_code": "A", "LastConditionRating": "Not Rated", "LastInspection": "4/23/1984", "EAP_STATUS": null, "YEARBUILT": null, "ConstructionTypes": "CN - Concrete Gravity", "height_ft": 10.0, "length_ft": null, "normal_storage_acft": 10.0, "max_storage_acft": 16.0, "surface_area_ac": 3.0, "drainage_area_sqmi": null, "spillway_type": "Uncontrolled Overflow", "url": "https://dec.ny.gov/environmental-protection/water/water-quantity/dam-safety-coastal-flood-protection/dam-safety", "ref_lat": null, "ref_lon": null, "km_from_ref": 25.6, "aquifer_setting": "valley-fill aquifer: 10-100", "km_to_nearest_valley_aquifer": 0.0, "dec_basin": "Normanskill Creek", "dec_permit_basin": "13-11", "in_basic_creek_res_catchment": "no"}}, {"type": "Feature", "geometry": {"type": "Point", "coordinates": [-74.075, 42.68638889]}, "properties": {"STATE_ID": "190-1066", "FEDERAL_ID": "NY13070", "dam_name": "Altamont Reservoir Dam", "alt_name": null, "county": "Albany", "Municipalities": "Town of Knox", "basin": "LOWER HUDSON", "stream": "TR-BOZENKILL", "Owners": "VILLAGE OF ALTAMONT", "transect": "Schoharie side (west of divide)", "OwnerType": "Local Government", "Purposes": "Water Supply - Secondary", "hazard_class": "Intermediate Hazard Dam", "hazard_code": "B", "LastConditionRating": "Not Rated", "LastInspection": "4/4/2022", "EAP_STATUS": "On File", "YEARBUILT": 1936.0, "ConstructionTypes": "RE - Earth, ER - Rockfill", "height_ft": 23.0, "length_ft": null, "normal_storage_acft": 29.0, "max_storage_acft": 46.0, "surface_area_ac": 6.2, "drainage_area_sqmi": 1.5, "spillway_type": "Gated", "url": "https://dec.ny.gov/environmental-protection/water/water-quantity/dam-safety-coastal-flood-protection/dam-safety", "ref_lat": null, "ref_lon": null, "km_from_ref": 19.9, "aquifer_setting": "bedrock (outside mapped unconsolidated aquifer)", "km_to_nearest_valley_aquifer": 2.93, "dec_basin": "Normanskill Creek", "dec_permit_basin": "13-11", "in_basic_creek_res_catchment": "no"}}, {"type": "Feature", "geometry": {"type": "Point", "coordinates": [-73.8125, 42.73888889]}, "properties": {"STATE_ID": "208-4747", "FEDERAL_ID": "NY13386", "dam_name": "Ann Lee Pond Dam", "alt_name": null, "county": "Albany", "Municipalities": "Not Found", "basin": "MOHAWK", "stream": "SHAKERS CREEK", "Owners": "ALBANY COUNTY", "transect": null, "OwnerType": "Local Government", "Purposes": "Recreation", "hazard_class": "Low Hazard Dam", "hazard_code": "A", "LastConditionRating": "Not Rated", "LastInspection": "4/19/1991", "EAP_STATUS": null, "YEARBUILT": 1980.0, "ConstructionTypes": "RE - Earth", "height_ft": 9.0, "length_ft": 32.0, "normal_storage_acft": 20.0, "max_storage_acft": 33.0, "surface_area_ac": 10.0, "drainage_area_sqmi": 4.05, "spillway_type": "Drop Inlet or Riser", "url": "https://dec.ny.gov/environmental-protection/water/water-quantity/dam-safety-coastal-flood-protection/dam-safety", "ref_lat": null, "ref_lon": null, "km_from_ref": 36.9, "aquifer_setting": "valley-fill aquifer: 10-100", "km_to_nearest_valley_aquifer": 0.0, "dec_basin": "Mohawk River Main Stem", "dec_permit_basin": "12-01", "in_basic_creek_res_catchment": "no"}}, {"type": "Feature", "geometry": {"type": "Point", "coordinates": [-74.18644444, 42.57427778]}, "properties": {"STATE_ID": "190-5884", "FEDERAL_ID": "NY17046", "dam_name": "BECKER POND DAM", "alt_name": null, "county": "Albany", "Municipalities": "Not Found", "basin": null, "stream": "Tributary of Switz Kill", "Owners": "NYS DEC  DIVISION OF FISH AND WILDLIFE", "transect": "Schoharie side (west of divide)", "OwnerType": "State", "Purposes": "Recreation", "hazard_class": "Low Hazard Dam", "hazard_code": "A", "LastConditionRating": "Not Rated", "LastInspection": null, "EAP_STATUS": null, "YEARBUILT": null, "ConstructionTypes": "RE - Earth", "height_ft": 7.4, "length_ft": 520.0, "normal_storage_acft": 38.6, "max_storage_acft": 50.3, "surface_area_ac": 9.9, "drainage_area_sqmi": 1.2, "spillway_type": "Other - Controlled", "url": "https://dec.ny.gov/environmental-protection/water/water-quantity/dam-safety-coastal-flood-protection/dam-safety", "ref_lat": null, "ref_lon": null, "km_from_ref": 7.4, "aquifer_setting": "valley-fill aquifer: >100", "km_to_nearest_valley_aquifer": 0.0, "dec_basin": "Schoharie Creek *", "dec_permit_basin": "12-02", "in_basic_creek_res_catchment": "no"}}, {"type": "Feature", "geometry": {"type": "Point", "coordinates": [-73.95555556, 42.63833333]}, "properties": {"STATE_ID": "208-2603", "FEDERAL_ID": "NY13371", "dam_name": "Badgley Pond Dam", "alt_name": null, "county": "Albany", "Municipalities": "Not Found", "basin": "LOWER HUDSON", "stream": "TR-VLY CREEK", "Owners": "JERRY E BADGLEY", "transect": "Onesquethaw/Vly (escarpment, karst side)", "OwnerType": null, "Purposes": "Other, Recreation", "hazard_class": "Low Hazard Dam", "hazard_code": "A", "LastConditionRating": "Not Rated", "LastInspection": "9/8/1970", "EAP_STATUS": null, "YEARBUILT": 1957.0, "ConstructionTypes": "RE - Earth", "height_ft": 10.0, "length_ft": 320.0, "normal_storage_acft": 3.0, "max_storage_acft": 4.0, "surface_area_ac": 1.0, "drainage_area_sqmi": 0.02, "spillway_type": "Drop Inlet or Riser", "url": "https://dec.ny.gov/environmental-protection/water/water-quantity/dam-safety-coastal-flood-protection/dam-safety", "ref_lat": null, "ref_lon": null, "km_from_ref": 20.7, "aquifer_setting": "bedrock (outside mapped unconsolidated aquifer)", "km_to_nearest_valley_aquifer": 0.44, "dec_basin": "Normanskill Creek", "dec_permit_basin": "13-11", "in_basic_creek_res_catchment": "no"}}, {"type": "Feature", "geometry": {"type": "Point", "coordinates": [-74.12277778, 42.54777778]}, "properties": {"STATE_ID": "190-3061", "FEDERAL_ID": "NY13078", "dam_name": "Baitsholts Farm Pond Dam", "alt_name": null, "county": "Albany", "Municipalities": "Town of Rensselaerville", "basin": "MOHAWK", "stream": "TR-SWITZ KILL", "Owners": "Elisabeth Vines and Jeffrey Brown", "transect": "Schoharie side (west of divide)", "OwnerType": "Private", "Purposes": "Fire Protection, Stock, Or Small Farm Pond", "hazard_class": "Low Hazard Dam", "hazard_code": "A", "LastConditionRating": "Not Rated", "LastInspection": "6/24/2009", "EAP_STATUS": null, "YEARBUILT": 1962.0, "ConstructionTypes": "RE - Earth", "height_ft": 20.0, "length_ft": 340.0, "normal_storage_acft": 30.0, "max_storage_acft": 33.0, "surface_area_ac": 5.0, "drainage_area_sqmi": 1.16, "spillway_type": "Drop Inlet or Riser", "url": "https://dec.ny.gov/environmental-protection/water/water-quantity/dam-safety-coastal-flood-protection/dam-safety", "ref_lat": null, "ref_lon": null, "km_from_ref": 4.1, "aquifer_setting": "bedrock (outside mapped unconsolidated aquifer)", "km_to_nearest_valley_aquifer": 0.45, "dec_basin": "Schoharie Creek *", "dec_permit_basin": "12-02", "in_basic_creek_res_catchment": "no"}}, {"type": "Feature", "geometry": {"type": "Point", "coordinates": [-73.72666667, 42.72777778]}, "properties": {"STATE_ID": "226-2259", "FEDERAL_ID": "NY13748", "dam_name": "Bardack Dam", "alt_name": "Beverwyck Dam, Morris Bardack Dam", "county": "Albany", "Municipalities": "Town of Colonie", "basin": "LOWER HUDSON", "stream": "TR-HUDSON RIVER", "Owners": "LAKE SHORE APARTMENTS, LLC", "transect": null, "OwnerType": "Private", "Purposes": "Recreation", "hazard_class": "Intermediate Hazard Dam", "hazard_code": "B", "LastConditionRating": "Unsound - More Analysis needed", "LastInspection": "4/4/2022", "EAP_STATUS": null, "YEARBUILT": 1912.0, "ConstructionTypes": "RE - Earth, CN - Concrete Gravity", "height_ft": 25.0, "length_ft": 100.0, "normal_storage_acft": 6.0, "max_storage_acft": 7.0, "surface_area_ac": 5.0, "drainage_area_sqmi": 0.4, "spillway_type": "Uncontrolled Overflow", "url": "https://dec.ny.gov/environmental-protection/water/water-quantity/dam-safety-coastal-flood-protection/dam-safety", "ref_lat": null, "ref_lon": null, "km_from_ref": 41.6, "aquifer_setting": "bedrock (outside mapped unconsolidated aquifer)", "km_to_nearest_valley_aquifer": 0.84, "dec_basin": "Lower Hudson Main Stem", "dec_permit_basin": "13-01", "in_basic_creek_res_catchment": "no"}}, {"type": "Feature", "geometry": {"type": "Point", "coordinates": [-74.01444444, 42.47722222]}, "properties": {"STATE_ID": "191-0782", "FEDERAL_ID": "NY00084", "dam_name": "Basic Creek Dam", "alt_name": null, "county": "Albany", "Municipalities": "Town of Westerlo", "basin": "LOWER HUDSON", "stream": "BASIC CREEK", "Owners": "ALBANY WATER BOARD, ALBANY WATER BOARD, ALBANY WATER BOARD", "transect": "T1 Hannacroix/Basic \u2192 Alcove \u2192 Albany", "OwnerType": "Local Government", "Purposes": "Water Supply - Secondary", "hazard_class": "High Hazard Dam", "hazard_code": "C", "LastConditionRating": "Unsound - Deficiency Recognized", "LastInspection": "4/9/2024", "EAP_STATUS": "On File", "YEARBUILT": 1928.0, "ConstructionTypes": "RE - Earth", "height_ft": 21.0, "length_ft": 865.0, "normal_storage_acft": 2146.0, "max_storage_acft": 3922.0, "surface_area_ac": 246.0, "drainage_area_sqmi": 16.76, "spillway_type": "Uncontrolled Overflow", "url": "https://dec.ny.gov/environmental-protection/water/water-quantity/dam-safety-coastal-flood-protection/dam-safety", "ref_lat": null, "ref_lon": null, "km_from_ref": 11.5, "aquifer_setting": "bedrock (outside mapped unconsolidated aquifer)", "km_to_nearest_valley_aquifer": 0.09, "dec_basin": "Catskill Creek", "dec_permit_basin": "13-09", "in_basic_creek_res_catchment": "yes"}}, {"type": "Feature", "geometry": {"type": "Point", "coordinates": [-73.89558333, 42.68461111]}, "properties": {"STATE_ID": "208-4334", "FEDERAL_ID": "NY13382", "dam_name": "Becker Lake Dam", "alt_name": null, "county": "Albany", "Municipalities": "Not Found", "basin": "LOWER HUDSON", "stream": null, "Owners": "BEN M BECKER", "transect": null, "OwnerType": null, "Purposes": "Recreation", "hazard_class": "Low Hazard Dam", "hazard_code": "A", "LastConditionRating": "Not Rated", "LastInspection": "3/8/1979", "EAP_STATUS": null, "YEARBUILT": 1979.0, "ConstructionTypes": "RE - Earth", "height_ft": 12.0, "length_ft": null, "normal_storage_acft": 10.0, "max_storage_acft": 12.0, "surface_area_ac": 3.0, "drainage_area_sqmi": null, "spillway_type": "Drop Inlet or Riser", "url": "https://dec.ny.gov/environmental-protection/water/water-quantity/dam-safety-coastal-flood-protection/dam-safety", "ref_lat": null, "ref_lon": null, "km_from_ref": 27.8, "aquifer_setting": "bedrock (outside mapped unconsolidated aquifer)", "km_to_nearest_valley_aquifer": 0.37, "dec_basin": "Normanskill Creek", "dec_permit_basin": "13-11", "in_basic_creek_res_catchment": "no"}}, {"type": "Feature", "geometry": {"type": "Point", "coordinates": [-74.17527778, 42.72611111]}, "properties": {"STATE_ID": "190-3543", "FEDERAL_ID": "NY13088", "dam_name": "Beresford Pond Dam", "alt_name": null, "county": "Albany", "Municipalities": "Not Found", "basin": "LOWER HUDSON", "stream": "TR-BOZEN KILL", "Owners": "DAVID BERESFORD", "transect": "Schoharie side (west of divide)", "OwnerType": null, "Purposes": "Recreation", "hazard_class": "Low Hazard Dam", "hazard_code": "A", "LastConditionRating": "Not Rated", "LastInspection": "11/9/1970", "EAP_STATUS": null, "YEARBUILT": 1966.0, "ConstructionTypes": "RE - Earth", "height_ft": 13.0, "length_ft": 400.0, "normal_storage_acft": 26.0, "max_storage_acft": 28.0, "surface_area_ac": 6.0, "drainage_area_sqmi": 0.07, "spillway_type": "Drop Inlet or Riser", "url": "https://dec.ny.gov/environmental-protection/water/water-quantity/dam-safety-coastal-flood-protection/dam-safety", "ref_lat": null, "ref_lon": null, "km_from_ref": 23.6, "aquifer_setting": "valley-fill aquifer: 10-100", "km_to_nearest_valley_aquifer": 0.0, "dec_basin": "Normanskill Creek", "dec_permit_basin": "13-11", "in_basic_creek_res_catchment": "no"}}, {"type": "Feature", "geometry": {"type": "Point", "coordinates": [-73.78361111, 42.56]}, "properties": {"STATE_ID": "208-5191", "FEDERAL_ID": "NY14912", "dam_name": "Bethlehem Reservoir Dam", "alt_name": null, "county": "Albany", "Municipalities": "Town of Bethlehem", "basin": "LOWER HUDSON", "stream": null, "Owners": "TOWN OF BETHLEHEM", "transect": null, "OwnerType": "Local Government", "Purposes": "Water Supply - Primary", "hazard_class": "Low Hazard Dam", "hazard_code": "A", "LastConditionRating": "Not Rated", "LastInspection": "7/19/1995", "EAP_STATUS": null, "YEARBUILT": 1995.0, "ConstructionTypes": "RE - Earth", "height_ft": 24.0, "length_ft": 1400.0, "normal_storage_acft": 67.0, "max_storage_acft": 75.0, "surface_area_ac": 4.0, "drainage_area_sqmi": 0.01, "spillway_type": "Culvert - No Control", "url": "https://dec.ny.gov/environmental-protection/water/water-quantity/dam-safety-coastal-flood-protection/dam-safety", "ref_lat": null, "ref_lon": null, "km_from_ref": 30.0, "aquifer_setting": "bedrock (outside mapped unconsolidated aquifer)", "km_to_nearest_valley_aquifer": 0.28, "dec_basin": "Lower Hudson Main Stem", "dec_permit_basin": "13-01", "in_basic_creek_res_catchment": "no"}}, {"type": "Feature", "geometry": {"type": "Point", "coordinates": [-74.11222222, 42.67194444]}, "properties": {"STATE_ID": "190-2052B", "FEDERAL_ID": "NY13073", "dam_name": "Brouwer Pond Upper Dam", "alt_name": null, "county": "Albany", "Municipalities": "Not Found", "basin": "MOHAWK", "stream": "TR-BEAVER DAM CREEK", "Owners": "OGDEN BROUWER III", "transect": null, "OwnerType": null, "Purposes": "Recreation", "hazard_class": "Low Hazard Dam", "hazard_code": "A", "LastConditionRating": "Not Rated", "LastInspection": "8/12/1997", "EAP_STATUS": null, "YEARBUILT": 1954.0, "ConstructionTypes": "CN - Concrete Gravity", "height_ft": 9.0, "length_ft": 65.0, "normal_storage_acft": 3.0, "max_storage_acft": 3.0, "surface_area_ac": 1.0, "drainage_area_sqmi": 1.0, "spillway_type": "Gated", "url": "https://dec.ny.gov/environmental-protection/water/water-quantity/dam-safety-coastal-flood-protection/dam-safety", "ref_lat": null, "ref_lon": null, "km_from_ref": 17.6, "aquifer_setting": "bedrock (outside mapped unconsolidated aquifer)", "km_to_nearest_valley_aquifer": 3.07, "dec_basin": "Schoharie Creek *", "dec_permit_basin": "12-02", "in_basic_creek_res_catchment": "no"}}, {"type": "Feature", "geometry": {"type": "Point", "coordinates": [-73.84805556, 42.52027778]}, "properties": {"STATE_ID": "208-2766", "FEDERAL_ID": "NY13372", "dam_name": "Callanan Farm Pond Dam", "alt_name": null, "county": "Albany", "Municipalities": "Town of Coeymans", "basin": "LOWER HUDSON", "stream": "TR-COEYMANS CREEK", "Owners": "CHARLES CALLANAN", "transect": null, "OwnerType": "Private", "Purposes": "Fire Protection, Stock, Or Small Farm Pond, Recreation", "hazard_class": "Hazard Classification Not Assigned", "hazard_code": "0", "LastConditionRating": "Not Rated", "LastInspection": "4/25/2019", "EAP_STATUS": null, "YEARBUILT": 1959.0, "ConstructionTypes": "RE - Earth", "height_ft": 14.0, "length_ft": 500.0, "normal_storage_acft": 4.0, "max_storage_acft": 5.0, "surface_area_ac": 1.0, "drainage_area_sqmi": 0.02, "spillway_type": "Drop Inlet or Riser", "url": "https://dec.ny.gov/environmental-protection/water/water-quantity/dam-safety-coastal-flood-protection/dam-safety", "ref_lat": null, "ref_lon": null, "km_from_ref": 24.3, "aquifer_setting": "valley-fill aquifer: 10-100", "km_to_nearest_valley_aquifer": 0.0, "dec_basin": "Lower Hudson Main Stem", "dec_permit_basin": "13-01", "in_basic_creek_res_catchment": "no"}}, {"type": "Feature", "geometry": {"type": "Point", "coordinates": [-74.05055556, 42.565]}, "properties": {"STATE_ID": "190-4229", "FEDERAL_ID": "NY00830", "dam_name": "Camp Givah Dam", "alt_name": "Sea Of Sarah", "county": "Albany", "Municipalities": "Town of Berne", "basin": "LOWER HUDSON", "stream": "BASIC CREEK", "Owners": "TEMPLE ISRAEL - CAMP GIVAH", "transect": "T1 Hannacroix/Basic \u2192 Alcove \u2192 Albany", "OwnerType": "Private", "Purposes": "Recreation", "hazard_class": "Intermediate Hazard Dam", "hazard_code": "B", "LastConditionRating": "Unsound - More Analysis needed", "LastInspection": "4/9/2024", "EAP_STATUS": "On File", "YEARBUILT": 1976.0, "ConstructionTypes": "RE - Earth", "height_ft": 17.0, "length_ft": 950.0, "normal_storage_acft": 25.0, "max_storage_acft": 85.0, "surface_area_ac": 7.0, "drainage_area_sqmi": 0.83, "spillway_type": "Drop Inlet or Riser", "url": "https://dec.ny.gov/environmental-protection/water/water-quantity/dam-safety-coastal-flood-protection/dam-safety", "ref_lat": null, "ref_lon": null, "km_from_ref": 9.5, "aquifer_setting": "bedrock (outside mapped unconsolidated aquifer)", "km_to_nearest_valley_aquifer": 0.33, "dec_basin": "Catskill Creek", "dec_permit_basin": "13-09", "in_basic_creek_res_catchment": "yes"}}, {"type": "Feature", "geometry": {"type": "Point", "coordinates": [-74.13611111, 42.43472222]}, "properties": {"STATE_ID": "191-3023", "FEDERAL_ID": "NY13104", "dam_name": "Camp Medusa Pond Dam", "alt_name": null, "county": "Albany", "Municipalities": "Not Found", "basin": "LOWER HUDSON", "stream": "TR-TENMILE CREEK", "Owners": "CAMP MEDUSA ASSOCIATES", "transect": "T2 Ten Mile/Catskill Creek \u2192 Cairo \u2192 Catskill", "OwnerType": "Private", "Purposes": "Other, Recreation", "hazard_class": "Low Hazard Dam", "hazard_code": "A", "LastConditionRating": "Not Rated", "LastInspection": "11/10/1970", "EAP_STATUS": null, "YEARBUILT": 1961.0, "ConstructionTypes": "RE - Earth", "height_ft": 11.0, "length_ft": 600.0, "normal_storage_acft": 3.0, "max_storage_acft": 4.0, "surface_area_ac": 1.0, "drainage_area_sqmi": 0.02, "spillway_type": null, "url": "https://dec.ny.gov/environmental-protection/water/water-quantity/dam-safety-coastal-flood-protection/dam-safety", "ref_lat": null, "ref_lon": null, "km_from_ref": 8.9, "aquifer_setting": "valley-fill aquifer: 10-100", "km_to_nearest_valley_aquifer": 0.0, "dec_basin": "Catskill Creek", "dec_permit_basin": "13-09", "in_basic_creek_res_catchment": "no"}}, {"type": "Feature", "geometry": {"type": "Point", "coordinates": [-73.72333333, 42.78027778]}, "properties": {"STATE_ID": "225-0016", "FEDERAL_ID": "NY01314", "dam_name": "Cohoes Reservoir #3 Dam", "alt_name": null, "county": "Albany", "Municipalities": "City of Cohoes", "basin": "MOHAWK", "stream": "TR-MOHAWK RIVER", "Owners": "CITY OF COHOES", "transect": null, "OwnerType": "Local Government", "Purposes": "Water Supply - Primary", "hazard_class": "High Hazard Dam", "hazard_code": "C", "LastConditionRating": "Deficiently maintained", "LastInspection": "4/17/2025", "EAP_STATUS": "On File", "YEARBUILT": 1885.0, "ConstructionTypes": "RE - Earth", "height_ft": 20.0, "length_ft": 2800.0, "normal_storage_acft": 168.0, "max_storage_acft": 230.0, "surface_area_ac": 10.0, "drainage_area_sqmi": 0.02, "spillway_type": "Gated", "url": "https://dec.ny.gov/environmental-protection/water/water-quantity/dam-safety-coastal-flood-protection/dam-safety", "ref_lat": null, "ref_lon": null, "km_from_ref": 45.4, "aquifer_setting": "bedrock (outside mapped unconsolidated aquifer)", "km_to_nearest_valley_aquifer": 1.38, "dec_basin": "Mohawk River Main Stem", "dec_permit_basin": "12-01", "in_basic_creek_res_catchment": "no"}}, {"type": "Feature", "geometry": {"type": "Point", "coordinates": [-74.17, 42.44166667]}, "properties": {"STATE_ID": "191-2932", "FEDERAL_ID": "NY13103", "dam_name": "Cooke Farm Pond #2 Dam", "alt_name": null, "county": "Albany", "Municipalities": "Not Found", "basin": "LOWER HUDSON", "stream": "TR-CATSKILL CREEK", "Owners": "LELAND COOKE", "transect": "T2 Ten Mile/Catskill Creek \u2192 Cairo \u2192 Catskill", "OwnerType": null, "Purposes": "Fire Protection, Stock, Or Small Farm Pond, Recreation", "hazard_class": "Low Hazard Dam", "hazard_code": "A", "LastConditionRating": "Not Rated", "LastInspection": "11/10/1970", "EAP_STATUS": null, "YEARBUILT": 1960.0, "ConstructionTypes": "RE - Earth", "height_ft": 12.0, "length_ft": 80.0, "normal_storage_acft": 7.0, "max_storage_acft": 8.0, "surface_area_ac": 2.0, "drainage_area_sqmi": 0.12, "spillway_type": "Drop Inlet or Riser", "url": "https://dec.ny.gov/environmental-protection/water/water-quantity/dam-safety-coastal-flood-protection/dam-safety", "ref_lat": null, "ref_lon": null, "km_from_ref": 8.4, "aquifer_setting": "bedrock (outside mapped unconsolidated aquifer)", "km_to_nearest_valley_aquifer": 1.37, "dec_basin": "Catskill Creek", "dec_permit_basin": "13-09", "in_basic_creek_res_catchment": "no"}}, {"type": "Feature", "geometry": {"type": "Point", "coordinates": [-73.77638889, 42.62638889]}, "properties": {"STATE_ID": "208-1793", "FEDERAL_ID": "NY13369", "dam_name": "Corning Farm Pond Dam", "alt_name": null, "county": "Albany", "Municipalities": "Not Found", "basin": "LOWER HUDSON", "stream": "TR-NORMANS KILL", "Owners": "ERASTUS CORNING", "transect": null, "OwnerType": null, "Purposes": "Recreation", "hazard_class": "Low Hazard Dam", "hazard_code": "A", "LastConditionRating": "Not Rated", "LastInspection": "4/29/1971", "EAP_STATUS": null, "YEARBUILT": 1953.0, "ConstructionTypes": "RE - Earth", "height_ft": 12.0, "length_ft": 600.0, "normal_storage_acft": 8.0, "max_storage_acft": 9.0, "surface_area_ac": 2.0, "drainage_area_sqmi": 0.05, "spillway_type": "Drop Inlet or Riser", "url": "https://dec.ny.gov/environmental-protection/water/water-quantity/dam-safety-coastal-flood-protection/dam-safety", "ref_lat": null, "ref_lon": null, "km_from_ref": 32.6, "aquifer_setting": "bedrock (outside mapped unconsolidated aquifer)", "km_to_nearest_valley_aquifer": 0.15, "dec_basin": "Normanskill Creek", "dec_permit_basin": "13-11", "in_basic_creek_res_catchment": "no"}}, {"type": "Feature", "geometry": {"type": "Point", "coordinates": [-73.84555556, 42.68583333]}, "properties": {"STATE_ID": "208-4655", "FEDERAL_ID": "NY13385", "dam_name": "Crossgates Mall Detention Pond #1 Dam", "alt_name": null, "county": "Albany", "Municipalities": "Town of Guilderland", "basin": "LOWER HUDSON", "stream": "KRUMKILL CREEK", "Owners": "CROSSGATES MALL", "transect": null, "OwnerType": "Private", "Purposes": "Flood Control and Storm Water Management", "hazard_class": "Low Hazard Dam", "hazard_code": "A", "LastConditionRating": "Not Rated", "LastInspection": "3/18/2010", "EAP_STATUS": null, "YEARBUILT": 1984.0, "ConstructionTypes": "RE - Earth", "height_ft": 18.0, "length_ft": 250.0, "normal_storage_acft": null, "max_storage_acft": 35.0, "surface_area_ac": 3.0, "drainage_area_sqmi": 0.5, "spillway_type": "Drop Inlet or Riser", "url": "https://dec.ny.gov/environmental-protection/water/water-quantity/dam-safety-coastal-flood-protection/dam-safety", "ref_lat": null, "ref_lon": null, "km_from_ref": 31.0, "aquifer_setting": "valley-fill aquifer: >100", "km_to_nearest_valley_aquifer": 0.0, "dec_basin": "Normanskill Creek", "dec_permit_basin": "13-11", "in_basic_creek_res_catchment": "no"}}, {"type": "Feature", "geometry": {"type": "Point", "coordinates": [-73.84777778, 42.68583333]}, "properties": {"STATE_ID": "208-5007", "FEDERAL_ID": "NY14917", "dam_name": "Crossgates Mall Detention Pond #2 Dam", "alt_name": null, "county": "Albany", "Municipalities": "Town of Guilderland", "basin": "LOWER HUDSON", "stream": "KRUM KILL", "Owners": "CROSSGATES MALL", "transect": null, "OwnerType": "Private", "Purposes": "Flood Control and Storm Water Management", "hazard_class": "Low Hazard Dam", "hazard_code": "A", "LastConditionRating": "Not Rated", "LastInspection": "3/18/2010", "EAP_STATUS": null, "YEARBUILT": 1994.0, "ConstructionTypes": "RE - Earth", "height_ft": 18.0, "length_ft": 150.0, "normal_storage_acft": 0.0, "max_storage_acft": 23.0, "surface_area_ac": 0.0, "drainage_area_sqmi": 0.27, "spillway_type": "Drop Inlet or Riser", "url": "https://dec.ny.gov/environmental-protection/water/water-quantity/dam-safety-coastal-flood-protection/dam-safety", "ref_lat": null, "ref_lon": null, "km_from_ref": 30.9, "aquifer_setting": "valley-fill aquifer: >100", "km_to_nearest_valley_aquifer": 0.0, "dec_basin": "Normanskill Creek", "dec_permit_basin": "13-11", "in_basic_creek_res_catchment": "no"}}, {"type": "Feature", "geometry": {"type": "Point", "coordinates": [-74.17083333, 42.58222222]}, "properties": {"STATE_ID": "190-3669", "FEDERAL_ID": "NY13090", "dam_name": "Curtis Pond Dam", "alt_name": null, "county": "Albany", "Municipalities": "Not Found", "basin": "MOHAWK", "stream": "TR-SWITZ KILL", "Owners": "JOHN CURTIS", "transect": "Schoharie side (west of divide)", "OwnerType": null, "Purposes": "Recreation", "hazard_class": "Low Hazard Dam", "hazard_code": "A", "LastConditionRating": "Not Rated", "LastInspection": "12/8/1997", "EAP_STATUS": null, "YEARBUILT": 1967.0, "ConstructionTypes": "RE - Earth", "height_ft": 11.0, "length_ft": 780.0, "normal_storage_acft": 11.0, "max_storage_acft": 12.0, "surface_area_ac": 3.0, "drainage_area_sqmi": null, "spillway_type": "Drop Inlet or Riser", "url": "https://dec.ny.gov/environmental-protection/water/water-quantity/dam-safety-coastal-flood-protection/dam-safety", "ref_lat": null, "ref_lon": null, "km_from_ref": 7.8, "aquifer_setting": "bedrock (outside mapped unconsolidated aquifer)", "km_to_nearest_valley_aquifer": 1.07, "dec_basin": "Schoharie Creek *", "dec_permit_basin": "12-02", "in_basic_creek_res_catchment": "no"}}, {"type": "Feature", "geometry": {"type": "Point", "coordinates": [-73.95833333, 42.52694444]}, "properties": {"STATE_ID": "208-5087", "FEDERAL_ID": "NY14822", "dam_name": "Decarlo Dam", "alt_name": null, "county": "Albany", "Municipalities": "Town of Coeymans", "basin": "LOWER HUDSON", "stream": "TR-ALCOVE RESERVOIR", "Owners": "LOUIS DECARLO", "transect": "T1 Hannacroix/Basic \u2192 Alcove \u2192 Albany", "OwnerType": "Private", "Purposes": "Recreation", "hazard_class": "Low Hazard Dam", "hazard_code": "A", "LastConditionRating": "Not Rated", "LastInspection": "8/4/2020", "EAP_STATUS": null, "YEARBUILT": null, "ConstructionTypes": "RE - Earth", "height_ft": 10.0, "length_ft": 150.0, "normal_storage_acft": 5.0, "max_storage_acft": 14.0, "surface_area_ac": 1.0, "drainage_area_sqmi": null, "spillway_type": "Drop Inlet or Riser", "url": "https://dec.ny.gov/environmental-protection/water/water-quantity/dam-safety-coastal-flood-protection/dam-safety", "ref_lat": null, "ref_lon": null, "km_from_ref": 15.3, "aquifer_setting": "bedrock (outside mapped unconsolidated aquifer)", "km_to_nearest_valley_aquifer": 4.14, "dec_basin": "Lower Hudson Main Stem", "dec_permit_basin": "13-01", "in_basic_creek_res_catchment": "no"}}, {"type": "Feature", "geometry": {"type": "Point", "coordinates": [-73.89305556, 42.60888889]}, "properties": {"STATE_ID": "208-1011", "FEDERAL_ID": "NY13363", "dam_name": "Delmar State Game Farm Dam #1", "alt_name": "Upper Dam", "county": "Albany", "Municipalities": "Town of New Scotland", "basin": "LOWER HUDSON", "stream": "VLOMAN KILL", "Owners": "NYS DEC", "transect": null, "OwnerType": "State", "Purposes": "Recreation", "hazard_class": "Low Hazard Dam", "hazard_code": "A", "LastConditionRating": "Not Rated", "LastInspection": "4/25/2019", "EAP_STATUS": null, "YEARBUILT": 1934.0, "ConstructionTypes": "RE - Earth", "height_ft": 7.0, "length_ft": 400.0, "normal_storage_acft": 5.0, "max_storage_acft": 5.0, "surface_area_ac": 2.0, "drainage_area_sqmi": 6.3, "spillway_type": "Uncontrolled Overflow", "url": "https://dec.ny.gov/environmental-protection/water/water-quantity/dam-safety-coastal-flood-protection/dam-safety", "ref_lat": null, "ref_lon": null, "km_from_ref": 23.1, "aquifer_setting": "bedrock (outside mapped unconsolidated aquifer)", "km_to_nearest_valley_aquifer": 0.04, "dec_basin": "Lower Hudson Main Stem", "dec_permit_basin": "13-01", "in_basic_creek_res_catchment": "no"}}, {"type": "Feature", "geometry": {"type": "Point", "coordinates": [-73.89, 42.60666667]}, "properties": {"STATE_ID": "208-1012", "FEDERAL_ID": "NY14804", "dam_name": "Delmar State Game Farm Dam #2", "alt_name": "Lower Dam", "county": "Albany", "Municipalities": "Town of New Scotland", "basin": "LOWER HUDSON", "stream": "VLOMAN KILL", "Owners": "NYS DEC", "transect": null, "OwnerType": "State", "Purposes": "Recreation", "hazard_class": "Low Hazard Dam", "hazard_code": "A", "LastConditionRating": "Not Rated", "LastInspection": "4/27/2011", "EAP_STATUS": null, "YEARBUILT": 1934.0, "ConstructionTypes": "RE - Earth", "height_ft": 11.0, "length_ft": 330.0, "normal_storage_acft": 10.0, "max_storage_acft": 18.0, "surface_area_ac": 5.0, "drainage_area_sqmi": 6.3, "spillway_type": "Uncontrolled Overflow", "url": "https://dec.ny.gov/environmental-protection/water/water-quantity/dam-safety-coastal-flood-protection/dam-safety", "ref_lat": null, "ref_lon": null, "km_from_ref": 23.2, "aquifer_setting": "bedrock (outside mapped unconsolidated aquifer)", "km_to_nearest_valley_aquifer": 0.34, "dec_basin": "Lower Hudson Main Stem", "dec_permit_basin": "13-01", "in_basic_creek_res_catchment": "no"}}, {"type": "Feature", "geometry": {"type": "Point", "coordinates": [-74.04638889, 42.54333333]}, "properties": {"STATE_ID": "190-5537", "FEDERAL_ID": "NY16165", "dam_name": "Duker Pond Dam", "alt_name": null, "county": "Albany", "Municipalities": "Town of Westerlo", "basin": "LOWER HUDSON", "stream": "TR-BASIC CREEK", "Owners": "Not Found", "transect": "T1 Hannacroix/Basic \u2192 Alcove \u2192 Albany", "OwnerType": "Not Found", "Purposes": "Recreation", "hazard_class": "Low Hazard Dam", "hazard_code": "A", "LastConditionRating": "Not Rated", "LastInspection": "4/20/2007", "EAP_STATUS": null, "YEARBUILT": 2007.0, "ConstructionTypes": "RE - Earth", "height_ft": 11.5, "length_ft": 140.0, "normal_storage_acft": 5.8, "max_storage_acft": null, "surface_area_ac": 505.0, "drainage_area_sqmi": 4.6, "spillway_type": "Culvert - No Control", "url": "https://dec.ny.gov/environmental-protection/water/water-quantity/dam-safety-coastal-flood-protection/dam-safety", "ref_lat": null, "ref_lon": null, "km_from_ref": 8.7, "aquifer_setting": "valley-fill aquifer: 10-100", "km_to_nearest_valley_aquifer": 0.0, "dec_basin": "Catskill Creek", "dec_permit_basin": "13-09", "in_basic_creek_res_catchment": "yes"}}, {"type": "Feature", "geometry": {"type": "Point", "coordinates": [-74.07083333, 42.44027778]}, "properties": {"STATE_ID": "191-3187", "FEDERAL_ID": "NY13106", "dam_name": "Dumruf Farm Pond Dam", "alt_name": null, "county": "Albany", "Municipalities": "Not Found", "basin": "LOWER HUDSON", "stream": "TR-BASIC CREEK", "Owners": "GEORGE W DUMRAUF", "transect": "T1 Hannacroix/Basic \u2192 Alcove \u2192 Albany", "OwnerType": null, "Purposes": "Fire Protection, Stock, Or Small Farm Pond, Recreation", "hazard_class": "Low Hazard Dam", "hazard_code": "A", "LastConditionRating": "Not Rated", "LastInspection": "9/28/1970", "EAP_STATUS": null, "YEARBUILT": 1963.0, "ConstructionTypes": "RE - Earth", "height_ft": 15.0, "length_ft": 560.0, "normal_storage_acft": 9.0, "max_storage_acft": 12.0, "surface_area_ac": 2.0, "drainage_area_sqmi": 0.02, "spillway_type": "Culvert - No Control", "url": "https://dec.ny.gov/environmental-protection/water/water-quantity/dam-safety-coastal-flood-protection/dam-safety", "ref_lat": null, "ref_lon": null, "km_from_ref": 10.3, "aquifer_setting": "bedrock (outside mapped unconsolidated aquifer)", "km_to_nearest_valley_aquifer": 0.8, "dec_basin": "Catskill Creek", "dec_permit_basin": "13-09", "in_basic_creek_res_catchment": "no"}}, {"type": "Feature", "geometry": {"type": "Point", "coordinates": [-74.21361111, 42.52888889]}, "properties": {"STATE_ID": "190-6075", "FEDERAL_ID": "NY17248", "dam_name": "Echo Pond Dam", "alt_name": null, "county": "Albany", "Municipalities": "Town of Rensselaerville", "basin": null, "stream": null, "Owners": "GEORGI PETROV", "transect": null, "OwnerType": "Private", "Purposes": "Recreation", "hazard_class": "Hazard Classification Not Assigned", "hazard_code": "0", "LastConditionRating": "Not Rated", "LastInspection": null, "EAP_STATUS": null, "YEARBUILT": null, "ConstructionTypes": " - ", "height_ft": null, "length_ft": null, "normal_storage_acft": null, "max_storage_acft": null, "surface_area_ac": null, "drainage_area_sqmi": null, "spillway_type": null, "url": "https://dec.ny.gov/environmental-protection/water/water-quantity/dam-safety-coastal-flood-protection/dam-safety", "ref_lat": null, "ref_lon": null, "km_from_ref": 5.8, "aquifer_setting": "bedrock (outside mapped unconsolidated aquifer)", "km_to_nearest_valley_aquifer": 0.83, "dec_basin": "Catskill Creek", "dec_permit_basin": "13-09", "in_basic_creek_res_catchment": "no"}}, {"type": "Feature", "geometry": {"type": "Point", "coordinates": [-74.01777778, 42.45666667]}, "properties": {"STATE_ID": "191-3562", "FEDERAL_ID": "NY13111", "dam_name": "Euphemia Pond Dams A & B", "alt_name": null, "county": "Albany", "Municipalities": "Town of Westerlo", "basin": "LOWER HUDSON", "stream": "TR-BASIC CREEK", "Owners": "VINCENT EUPHEMIA", "transect": "T1 Hannacroix/Basic \u2192 Alcove \u2192 Albany", "OwnerType": "Private", "Purposes": "Other, Recreation", "hazard_class": "Low Hazard Dam", "hazard_code": "A", "LastConditionRating": "Not Rated", "LastInspection": "9/28/1970", "EAP_STATUS": null, "YEARBUILT": 1966.0, "ConstructionTypes": "RE - Earth", "height_ft": 11.0, "length_ft": 360.0, "normal_storage_acft": 6.0, "max_storage_acft": 7.0, "surface_area_ac": 2.0, "drainage_area_sqmi": 0.02, "spillway_type": "Gated", "url": "https://dec.ny.gov/environmental-protection/water/water-quantity/dam-safety-coastal-flood-protection/dam-safety", "ref_lat": null, "ref_lon": null, "km_from_ref": 12.3, "aquifer_setting": "valley-fill aquifer: 10-100", "km_to_nearest_valley_aquifer": 0.0, "dec_basin": "Catskill Creek", "dec_permit_basin": "13-09", "in_basic_creek_res_catchment": "no"}}, {"type": "Feature", "geometry": {"type": "Point", "coordinates": [-74.16522222, 42.5615]}, "properties": {"STATE_ID": "190-1137", "FEDERAL_ID": "NY01319", "dam_name": "Fawn Lake Dam", "alt_name": "Duke Lake Dam", "county": "Albany", "Municipalities": "Town of Berne", "basin": "MOHAWK", "stream": "TR-SWITZ KILL", "Owners": "NYS DEC", "transect": "Schoharie side (west of divide)", "OwnerType": "State", "Purposes": "Other", "hazard_class": "Low Hazard Dam", "hazard_code": "A", "LastConditionRating": "Not Rated", "LastInspection": "7/17/1980", "EAP_STATUS": null, "YEARBUILT": 1938.0, "ConstructionTypes": "CN - Concrete Gravity, MS - Masonry", "height_ft": 16.0, "length_ft": 96.0, "normal_storage_acft": 83.9, "max_storage_acft": 211.4, "surface_area_ac": 17.0, "drainage_area_sqmi": 2.6, "spillway_type": "Drop Inlet or Riser", "url": "https://dec.ny.gov/environmental-protection/water/water-quantity/dam-safety-coastal-flood-protection/dam-safety", "ref_lat": null, "ref_lon": null, "km_from_ref": 5.4, "aquifer_setting": "valley-fill aquifer: >100", "km_to_nearest_valley_aquifer": 0.0, "dec_basin": "Schoharie Creek *", "dec_permit_basin": "12-02", "in_basic_creek_res_catchment": "no"}}, {"type": "Feature", "geometry": {"type": "Point", "coordinates": [-74.21638889, 42.57611111]}, "properties": {"STATE_ID": "190-3089", "FEDERAL_ID": "NY13080", "dam_name": "Flaacke Wildlife Marsh Dam", "alt_name": null, "county": "Albany", "Municipalities": "Not Found", "basin": "MOHAWK", "stream": "TR-LITTLE SCHOHARIE CREEK", "Owners": "WILLIAM FLAACKE", "transect": "Schoharie side (west of divide)", "OwnerType": null, "Purposes": "Other", "hazard_class": "Low Hazard Dam", "hazard_code": "A", "LastConditionRating": "Not Rated", "LastInspection": "11/10/1970", "EAP_STATUS": null, "YEARBUILT": 1962.0, "ConstructionTypes": "RE - Earth", "height_ft": 6.0, "length_ft": 265.0, "normal_storage_acft": 16.0, "max_storage_acft": 16.0, "surface_area_ac": 8.0, "drainage_area_sqmi": 0.27, "spillway_type": "Drop Inlet or Riser", "url": "https://dec.ny.gov/environmental-protection/water/water-quantity/dam-safety-coastal-flood-protection/dam-safety", "ref_lat": null, "ref_lon": null, "km_from_ref": 9.0, "aquifer_setting": "bedrock (outside mapped unconsolidated aquifer)", "km_to_nearest_valley_aquifer": 1.9, "dec_basin": "Schoharie Creek *", "dec_permit_basin": "12-02", "in_basic_creek_res_catchment": "no"}}, {"type": "Feature", "geometry": {"type": "Point", "coordinates": [-73.85888889, 42.47527778]}, "properties": {"STATE_ID": "209-2877", "FEDERAL_ID": "NY13391", "dam_name": "Forbes Pond Dam", "alt_name": null, "county": "Albany", "Municipalities": "Not Found", "basin": "LOWER HUDSON", "stream": "TR-HANNACROIS CREEK", "Owners": "FRED FORBES", "transect": "T1 Hannacroix/Basic \u2192 Alcove \u2192 Albany", "OwnerType": null, "Purposes": "Recreation", "hazard_class": "Low Hazard Dam", "hazard_code": "A", "LastConditionRating": "Not Rated", "LastInspection": "9/28/1970", "EAP_STATUS": null, "YEARBUILT": 1960.0, "ConstructionTypes": "RE - Earth", "height_ft": 14.0, "length_ft": null, "normal_storage_acft": 7.0, "max_storage_acft": 8.0, "surface_area_ac": 2.0, "drainage_area_sqmi": 0.23, "spillway_type": "Drop Inlet or Riser", "url": "https://dec.ny.gov/environmental-protection/water/water-quantity/dam-safety-coastal-flood-protection/dam-safety", "ref_lat": null, "ref_lon": null, "km_from_ref": 23.8, "aquifer_setting": "bedrock (outside mapped unconsolidated aquifer)", "km_to_nearest_valley_aquifer": 0.07, "dec_basin": "Lower Hudson Main Stem", "dec_permit_basin": "13-01", "in_basic_creek_res_catchment": "no"}}, {"type": "Feature", "geometry": {"type": "Point", "coordinates": [-73.915, 42.70416667]}, "properties": {"STATE_ID": "208-1375", "FEDERAL_ID": "NY13368", "dam_name": "Glass Pond Dam", "alt_name": null, "county": "Albany", "Municipalities": "Not Found", "basin": "LOWER HUDSON", "stream": "HUNGER KILL", "Owners": "TOWN OF GUILDERLAND", "transect": null, "OwnerType": "Local Government", "Purposes": "Other", "hazard_class": "Low Hazard Dam", "hazard_code": "A", "LastConditionRating": "Not Rated", "LastInspection": "4/22/1971", "EAP_STATUS": null, "YEARBUILT": 1975.0, "ConstructionTypes": "RE - Earth, CN - Concrete Gravity", "height_ft": 10.0, "length_ft": null, "normal_storage_acft": 6.0, "max_storage_acft": 7.0, "surface_area_ac": 2.0, "drainage_area_sqmi": null, "spillway_type": "Drop Inlet or Riser", "url": "https://dec.ny.gov/environmental-protection/water/water-quantity/dam-safety-coastal-flood-protection/dam-safety", "ref_lat": null, "ref_lon": null, "km_from_ref": 28.2, "aquifer_setting": "bedrock (outside mapped unconsolidated aquifer)", "km_to_nearest_valley_aquifer": 0.41, "dec_basin": "Normanskill Creek", "dec_permit_basin": "13-11", "in_basic_creek_res_catchment": "no"}}, {"type": "Feature", "geometry": {"type": "Point", "coordinates": [-73.77777778, 42.59277778]}, "properties": {"STATE_ID": "208-5856", "FEDERAL_ID": "NY16999", "dam_name": "HARTMAN ROAD DAM", "alt_name": null, "county": "Albany", "Municipalities": "Town of Bethlehem", "basin": "LOWER HUDSON", "stream": "UNNAMED TRIB TO HUDSON RIVER", "Owners": "JAMES GRADY", "transect": null, "OwnerType": "Private", "Purposes": "Irrigation, Recreation", "hazard_class": "Low Hazard Dam", "hazard_code": "A", "LastConditionRating": "Not Rated", "LastInspection": "6/19/2014", "EAP_STATUS": null, "YEARBUILT": 2014.0, "ConstructionTypes": "RE - Earth", "height_ft": 20.0, "length_ft": 100.0, "normal_storage_acft": 2.7, "max_storage_acft": 3.0, "surface_area_ac": 0.5, "drainage_area_sqmi": 0.08, "spillway_type": "Culvert - No Control", "url": "https://dec.ny.gov/environmental-protection/water/water-quantity/dam-safety-coastal-flood-protection/dam-safety", "ref_lat": null, "ref_lon": null, "km_from_ref": 31.3, "aquifer_setting": "bedrock (outside mapped unconsolidated aquifer)", "km_to_nearest_valley_aquifer": 0.16, "dec_basin": "Lower Hudson Main Stem", "dec_permit_basin": "13-01", "in_basic_creek_res_catchment": "no"}}, {"type": "Feature", "geometry": {"type": "Point", "coordinates": [-74.13388889, 42.62527778]}, "properties": {"STATE_ID": "190-0932", "FEDERAL_ID": "NY13069", "dam_name": "Hart Pond Dam", "alt_name": null, "county": "Albany", "Municipalities": "Town of Berne", "basin": "MOHAWK", "stream": "FOX CREEK", "Owners": "TOWN OF BERNE", "transect": "Schoharie side (west of divide)", "OwnerType": "Local Government", "Purposes": "Other", "hazard_class": "Low Hazard Dam", "hazard_code": "A", "LastConditionRating": "Not Rated", "LastInspection": "7/3/1984", "EAP_STATUS": null, "YEARBUILT": null, "ConstructionTypes": "OT - Other", "height_ft": 8.0, "length_ft": 75.0, "normal_storage_acft": 2.0, "max_storage_acft": 3.0, "surface_area_ac": 1.0, "drainage_area_sqmi": 16.0, "spillway_type": "Uncontrolled Overflow", "url": "https://dec.ny.gov/environmental-protection/water/water-quantity/dam-safety-coastal-flood-protection/dam-safety", "ref_lat": null, "ref_lon": null, "km_from_ref": 12.3, "aquifer_setting": "bedrock (outside mapped unconsolidated aquifer)", "km_to_nearest_valley_aquifer": 1.51, "dec_basin": "Schoharie Creek *", "dec_permit_basin": "12-02", "in_basic_creek_res_catchment": "no"}}, {"type": "Feature", "geometry": {"type": "Point", "coordinates": [-74.0125, 42.59722222]}, "properties": {"STATE_ID": "190-1294", "FEDERAL_ID": "NY00276", "dam_name": "Helderberg Lake Dam", "alt_name": null, "county": "Albany", "Municipalities": "Town of Berne", "basin": "LOWER HUDSON", "stream": "TR-ONESQUETHAW CREEK", "Owners": "HELDERBERG LAKE ASSOCIATION", "transect": "Onesquethaw/Vly (escarpment, karst side)", "OwnerType": "Private", "Purposes": "Recreation, Water Supply - Secondary", "hazard_class": "High Hazard Dam", "hazard_code": "C", "LastConditionRating": "Unsound - Fair", "LastInspection": "4/9/2024", "EAP_STATUS": "On File", "YEARBUILT": 1944.0, "ConstructionTypes": "CN - Concrete Gravity, RE - Earth", "height_ft": 35.0, "length_ft": 340.0, "normal_storage_acft": 172.0, "max_storage_acft": 330.0, "surface_area_ac": 27.0, "drainage_area_sqmi": 2.33, "spillway_type": "Uncontrolled Overflow", "url": "https://dec.ny.gov/environmental-protection/water/water-quantity/dam-safety-coastal-flood-protection/dam-safety", "ref_lat": null, "ref_lon": null, "km_from_ref": 14.2, "aquifer_setting": "bedrock (outside mapped unconsolidated aquifer)", "km_to_nearest_valley_aquifer": 3.31, "dec_basin": "Lower Hudson Main Stem", "dec_permit_basin": "13-01", "in_basic_creek_res_catchment": "no"}}, {"type": "Feature", "geometry": {"type": "Point", "coordinates": [-74.07805556, 42.47166667]}, "properties": {"STATE_ID": "191-2037", "FEDERAL_ID": "NY13099", "dam_name": "Henzel Lake Dam", "alt_name": null, "county": "Albany", "Municipalities": "Not Found", "basin": "LOWER HUDSON", "stream": "EIGHTMILE CREEK", "Owners": "FELIX R HENZEL", "transect": null, "OwnerType": null, "Purposes": "Recreation", "hazard_class": "Low Hazard Dam", "hazard_code": "A", "LastConditionRating": "Not Rated", "LastInspection": "9/28/1970", "EAP_STATUS": null, "YEARBUILT": 1954.0, "ConstructionTypes": "RE - Earth", "height_ft": 13.0, "length_ft": 40.0, "normal_storage_acft": 13.0, "max_storage_acft": 14.0, "surface_area_ac": 3.0, "drainage_area_sqmi": 8.1, "spillway_type": "Gated", "url": "https://dec.ny.gov/environmental-protection/water/water-quantity/dam-safety-coastal-flood-protection/dam-safety", "ref_lat": null, "ref_lon": null, "km_from_ref": 7.3, "aquifer_setting": "valley-fill aquifer: 10-100", "km_to_nearest_valley_aquifer": 0.0, "dec_basin": "Catskill Creek", "dec_permit_basin": "13-09", "in_basic_creek_res_catchment": "no"}}, {"type": "Feature", "geometry": {"type": "Point", "coordinates": [-74.15805556, 42.52666667]}, "properties": {"STATE_ID": "190-4862", "FEDERAL_ID": "NY13094", "dam_name": "Hicks Pond Dam", "alt_name": "Lincoln Pond Dam", "county": "Albany", "Municipalities": "Town of Rensselaerville", "basin": "LOWER HUDSON", "stream": "TR-TENMILE CREEK", "Owners": "HYUCK PRESERVE", "transect": "T2 Ten Mile/Catskill Creek \u2192 Cairo \u2192 Catskill", "OwnerType": "Private", "Purposes": "Recreation", "hazard_class": "Low Hazard Dam", "hazard_code": "A", "LastConditionRating": "Not Rated", "LastInspection": "7/21/2006", "EAP_STATUS": null, "YEARBUILT": null, "ConstructionTypes": "RE - Earth", "height_ft": 13.0, "length_ft": 114.0, "normal_storage_acft": 29.0, "max_storage_acft": 35.0, "surface_area_ac": 8.0, "drainage_area_sqmi": 3.95, "spillway_type": "Uncontrolled Overflow", "url": "https://dec.ny.gov/environmental-protection/water/water-quantity/dam-safety-coastal-flood-protection/dam-safety", "ref_lat": null, "ref_lon": null, "km_from_ref": 1.7, "aquifer_setting": "bedrock (outside mapped unconsolidated aquifer)", "km_to_nearest_valley_aquifer": 0.1, "dec_basin": "Catskill Creek", "dec_permit_basin": "13-09", "in_basic_creek_res_catchment": "no"}}, {"type": "Feature", "geometry": {"type": "Point", "coordinates": [-73.78861111, 42.68472222]}, "properties": {"STATE_ID": "208-5423", "FEDERAL_ID": "NY16038", "dam_name": "I-90 Dam", "alt_name": null, "county": "Albany", "Municipalities": "City of Albany", "basin": "LOWER HUDSON", "stream": "PATROON CREEK", "Owners": "ALBANY WATER BOARD", "transect": null, "OwnerType": "Local Government", "Purposes": "Water Supply - Primary", "hazard_class": "Low Hazard Dam", "hazard_code": "A", "LastConditionRating": "Not Rated", "LastInspection": "8/9/2007", "EAP_STATUS": null, "YEARBUILT": null, "ConstructionTypes": "RE - Earth, ST - Laid Up Stone", "height_ft": 20.0, "length_ft": 180.0, "normal_storage_acft": null, "max_storage_acft": null, "surface_area_ac": null, "drainage_area_sqmi": null, "spillway_type": "Uncontrolled Overflow", "url": "https://dec.ny.gov/environmental-protection/water/water-quantity/dam-safety-coastal-flood-protection/dam-safety", "ref_lat": null, "ref_lon": null, "km_from_ref": 34.7, "aquifer_setting": "valley-fill aquifer: 10-100", "km_to_nearest_valley_aquifer": 0.0, "dec_basin": "Lower Hudson Main Stem", "dec_permit_basin": "13-01", "in_basic_creek_res_catchment": "no"}}, {"type": "Feature", "geometry": {"type": "Point", "coordinates": [-73.83944444, 42.63972222]}, "properties": {"STATE_ID": "208-3019", "FEDERAL_ID": "NY13375", "dam_name": "Ingraham Pond Dam", "alt_name": null, "county": "Albany", "Municipalities": "Town of New Scotland", "basin": "LOWER HUDSON", "stream": "TR-NORMANS KILL", "Owners": "Michael and Ulla Sattinger", "transect": null, "OwnerType": "Private", "Purposes": "Other", "hazard_class": "Low Hazard Dam", "hazard_code": "A", "LastConditionRating": "Not Rated", "LastInspection": "4/25/2019", "EAP_STATUS": null, "YEARBUILT": 1961.0, "ConstructionTypes": "RE - Earth", "height_ft": 13.0, "length_ft": 160.0, "normal_storage_acft": 6.0, "max_storage_acft": 8.0, "surface_area_ac": 2.0, "drainage_area_sqmi": 0.4, "spillway_type": "Drop Inlet or Riser", "url": "https://dec.ny.gov/environmental-protection/water/water-quantity/dam-safety-coastal-flood-protection/dam-safety", "ref_lat": null, "ref_lon": null, "km_from_ref": 28.6, "aquifer_setting": "valley-fill aquifer: 10-100", "km_to_nearest_valley_aquifer": 0.0, "dec_basin": "Normanskill Creek", "dec_permit_basin": "13-11", "in_basic_creek_res_catchment": "no"}}, {"type": "Feature", "geometry": {"type": "Point", "coordinates": [-74.25138889, 42.43027778]}, "properties": {"STATE_ID": "175-3664", "FEDERAL_ID": "NY12901", "dam_name": "Jason Grosch Recreational Pond Dam", "alt_name": null, "county": "Albany", "Municipalities": "Not Found", "basin": "LOWER HUDSON", "stream": null, "Owners": "Not Found", "transect": null, "OwnerType": "Not Found", "Purposes": "Recreation", "hazard_class": "Low Hazard Dam", "hazard_code": "A", "LastConditionRating": "Not Rated", "LastInspection": "12/31/1901", "EAP_STATUS": null, "YEARBUILT": null, "ConstructionTypes": "OT - Other", "height_ft": 10.5, "length_ft": null, "normal_storage_acft": 6.9, "max_storage_acft": null, "surface_area_ac": 0.9, "drainage_area_sqmi": 0.0, "spillway_type": "Drop Inlet or Riser", "url": "https://dec.ny.gov/environmental-protection/water/water-quantity/dam-safety-coastal-flood-protection/dam-safety", "ref_lat": null, "ref_lon": null, "km_from_ref": 12.8, "aquifer_setting": "bedrock (outside mapped unconsolidated aquifer)", "km_to_nearest_valley_aquifer": 2.52, "dec_basin": "Catskill Creek", "dec_permit_basin": "13-09", "in_basic_creek_res_catchment": "no"}}, {"type": "Feature", "geometry": {"type": "Point", "coordinates": [-73.89777778, 42.62944444]}, "properties": {"STATE_ID": "208-3541", "FEDERAL_ID": "NY13380", "dam_name": "Jeffers Pond Dam", "alt_name": null, "county": "Albany", "Municipalities": "Town of New Scotland", "basin": "LOWER HUDSON", "stream": "PHILLIPIN KILL", "Owners": "James Olsen and Robin Olsen", "transect": null, "OwnerType": "Private", "Purposes": "Fire Protection, Stock, Or Small Farm Pond", "hazard_class": "Low Hazard Dam", "hazard_code": "A", "LastConditionRating": "Not Rated", "LastInspection": "4/25/2019", "EAP_STATUS": null, "YEARBUILT": 1968.0, "ConstructionTypes": "RE - Earth", "height_ft": 12.0, "length_ft": 100.0, "normal_storage_acft": 4.0, "max_storage_acft": 5.0, "surface_area_ac": 1.0, "drainage_area_sqmi": 0.16, "spillway_type": "Drop Inlet or Riser", "url": "https://dec.ny.gov/environmental-protection/water/water-quantity/dam-safety-coastal-flood-protection/dam-safety", "ref_lat": null, "ref_lon": null, "km_from_ref": 23.9, "aquifer_setting": "valley-fill aquifer: 10-100", "km_to_nearest_valley_aquifer": 0.0, "dec_basin": "Lower Hudson Main Stem", "dec_permit_basin": "13-01", "in_basic_creek_res_catchment": "no"}}, {"type": "Feature", "geometry": {"type": "Point", "coordinates": [-73.97777778, 42.67972222]}, "properties": {"STATE_ID": "208-5220", "FEDERAL_ID": "NY14855", "dam_name": "John Finn Pond Dam", "alt_name": null, "county": "Albany", "Municipalities": "Town of Guilderland", "basin": "LOWER HUDSON", "stream": null, "Owners": "Bernard F. Radtke", "transect": null, "OwnerType": "Private", "Purposes": "Fire Protection, Stock, Or Small Farm Pond", "hazard_class": "Low Hazard Dam", "hazard_code": "A", "LastConditionRating": "Not Rated", "LastInspection": "8/3/1993", "EAP_STATUS": null, "YEARBUILT": 1992.0, "ConstructionTypes": "RE - Earth", "height_ft": 20.0, "length_ft": 240.0, "normal_storage_acft": null, "max_storage_acft": 1.5, "surface_area_ac": 0.3, "drainage_area_sqmi": null, "spillway_type": "Uncontrolled Overflow", "url": "https://dec.ny.gov/environmental-protection/water/water-quantity/dam-safety-coastal-flood-protection/dam-safety", "ref_lat": null, "ref_lon": null, "km_from_ref": 22.9, "aquifer_setting": "bedrock (outside mapped unconsolidated aquifer)", "km_to_nearest_valley_aquifer": 0.78, "dec_basin": "Normanskill Creek", "dec_permit_basin": "13-11", "in_basic_creek_res_catchment": "no"}}, {"type": "Feature", "geometry": {"type": "Point", "coordinates": [-73.975, 42.47111111]}, "properties": {"STATE_ID": "209-3821", "FEDERAL_ID": "NY13400", "dam_name": "Jones Pond Dam", "alt_name": null, "county": "Albany", "Municipalities": "Not Found", "basin": "LOWER HUDSON", "stream": "TR-ALCOVE RESERVOIR", "Owners": "GEORGE P JONES", "transect": "T1 Hannacroix/Basic \u2192 Alcove \u2192 Albany", "OwnerType": null, "Purposes": "Recreation", "hazard_class": "Low Hazard Dam", "hazard_code": "A", "LastConditionRating": "Not Rated", "LastInspection": "9/28/1970", "EAP_STATUS": null, "YEARBUILT": 1970.0, "ConstructionTypes": "RE - Earth", "height_ft": 11.0, "length_ft": 220.0, "normal_storage_acft": 5.0, "max_storage_acft": 6.0, "surface_area_ac": 2.0, "drainage_area_sqmi": 0.01, "spillway_type": "Drop Inlet or Riser", "url": "https://dec.ny.gov/environmental-protection/water/water-quantity/dam-safety-coastal-flood-protection/dam-safety", "ref_lat": null, "ref_lon": null, "km_from_ref": 14.8, "aquifer_setting": "bedrock (outside mapped unconsolidated aquifer)", "km_to_nearest_valley_aquifer": 1.94, "dec_basin": "Lower Hudson Main Stem", "dec_permit_basin": "13-01", "in_basic_creek_res_catchment": "no"}}, {"type": "Feature", "geometry": {"type": "Point", "coordinates": [-74.01666667, 42.52722222]}, "properties": {"STATE_ID": "190-3624", "FEDERAL_ID": "NY13089", "dam_name": "Jordon Pond Dams A B & C", "alt_name": null, "county": "Albany", "Municipalities": "Not Found", "basin": "LOWER HUDSON", "stream": "TR-HANNACROIX CREEK", "Owners": "DONALD C JORDON", "transect": "T1 Hannacroix/Basic \u2192 Alcove \u2192 Albany", "OwnerType": null, "Purposes": "Recreation", "hazard_class": "Low Hazard Dam", "hazard_code": "A", "LastConditionRating": "Not Rated", "LastInspection": "9/21/1970", "EAP_STATUS": null, "YEARBUILT": 1967.0, "ConstructionTypes": "RE - Earth", "height_ft": 8.0, "length_ft": 560.0, "normal_storage_acft": 16.0, "max_storage_acft": 17.0, "surface_area_ac": 6.0, "drainage_area_sqmi": 0.05, "spillway_type": "Drop Inlet or Riser", "url": "https://dec.ny.gov/environmental-protection/water/water-quantity/dam-safety-coastal-flood-protection/dam-safety", "ref_lat": null, "ref_lon": null, "km_from_ref": 10.6, "aquifer_setting": "bedrock (outside mapped unconsolidated aquifer)", "km_to_nearest_valley_aquifer": 1.22, "dec_basin": "Lower Hudson Main Stem", "dec_permit_basin": "13-01", "in_basic_creek_res_catchment": "no"}}, {"type": "Feature", "geometry": {"type": "Point", "coordinates": [-74.16666667, 42.65361111]}, "properties": {"STATE_ID": "190-2566", "FEDERAL_ID": "NY13075", "dam_name": "KEPPLER FARM POND DAM", "alt_name": null, "county": "Albany", "Municipalities": "Town of Knox", "basin": "MOHAWK", "stream": "TR-FOX CREEK", "Owners": "INEZ KEPPLER", "transect": "Schoharie side (west of divide)", "OwnerType": "Private", "Purposes": "Other", "hazard_class": "Low Hazard Dam", "hazard_code": "A", "LastConditionRating": "Not Rated", "LastInspection": "10/30/1970", "EAP_STATUS": null, "YEARBUILT": 1957.0, "ConstructionTypes": "RE - Earth", "height_ft": 5.0, "length_ft": 360.0, "normal_storage_acft": 12.0, "max_storage_acft": 13.0, "surface_area_ac": 8.0, "drainage_area_sqmi": 0.08, "spillway_type": "Drop Inlet or Riser", "url": "https://dec.ny.gov/environmental-protection/water/water-quantity/dam-safety-coastal-flood-protection/dam-safety", "ref_lat": null, "ref_lon": null, "km_from_ref": 15.5, "aquifer_setting": "bedrock (outside mapped unconsolidated aquifer)", "km_to_nearest_valley_aquifer": 1.02, "dec_basin": "Schoharie Creek *", "dec_permit_basin": "12-02", "in_basic_creek_res_catchment": "no"}}, {"type": "Feature", "geometry": {"type": "Point", "coordinates": [-73.93277778, 42.62777778]}, "properties": {"STATE_ID": "208-3671", "FEDERAL_ID": "NY13381", "dam_name": "Kaye Pond Dam", "alt_name": null, "county": "Albany", "Municipalities": "Town of New Scotland", "basin": "LOWER HUDSON", "stream": "TR-VLY CREEK", "Owners": "Camp Shelly LLC", "transect": "Onesquethaw/Vly (escarpment, karst side)", "OwnerType": "Private", "Purposes": "Recreation", "hazard_class": "Intermediate Hazard Dam", "hazard_code": "B", "LastConditionRating": "Deficiently maintained", "LastInspection": "2/16/2023", "EAP_STATUS": "On File", "YEARBUILT": 1967.0, "ConstructionTypes": "RE - Earth", "height_ft": 13.0, "length_ft": 500.0, "normal_storage_acft": 17.0, "max_storage_acft": 19.0, "surface_area_ac": 4.0, "drainage_area_sqmi": 0.05, "spillway_type": "Drop Inlet or Riser", "url": "https://dec.ny.gov/environmental-protection/water/water-quantity/dam-safety-coastal-flood-protection/dam-safety", "ref_lat": null, "ref_lon": null, "km_from_ref": 21.4, "aquifer_setting": "bedrock (outside mapped unconsolidated aquifer)", "km_to_nearest_valley_aquifer": 0.71, "dec_basin": "Normanskill Creek", "dec_permit_basin": "13-11", "in_basic_creek_res_catchment": "no"}}, {"type": "Feature", "geometry": {"type": "Point", "coordinates": [-74.13111111, 42.45694444]}, "properties": {"STATE_ID": "191-3827", "FEDERAL_ID": "NY13115", "dam_name": "Kellam Pond Dam", "alt_name": null, "county": "Albany", "Municipalities": "Not Found", "basin": "LOWER HUDSON", "stream": "TR-TENMILE CREEK", "Owners": "EUGENE KELLAM", "transect": "T2 Ten Mile/Catskill Creek \u2192 Cairo \u2192 Catskill", "OwnerType": null, "Purposes": "Recreation", "hazard_class": "Low Hazard Dam", "hazard_code": "A", "LastConditionRating": "Not Rated", "LastInspection": "11/10/1970", "EAP_STATUS": null, "YEARBUILT": 1969.0, "ConstructionTypes": "RE - Earth", "height_ft": 14.0, "length_ft": 175.0, "normal_storage_acft": 10.0, "max_storage_acft": 12.0, "surface_area_ac": 2.0, "drainage_area_sqmi": 0.03, "spillway_type": "Drop Inlet or Riser", "url": "https://dec.ny.gov/environmental-protection/water/water-quantity/dam-safety-coastal-flood-protection/dam-safety", "ref_lat": null, "ref_lon": null, "km_from_ref": 6.5, "aquifer_setting": "valley-fill aquifer: 10-100", "km_to_nearest_valley_aquifer": 0.0, "dec_basin": "Catskill Creek", "dec_permit_basin": "13-09", "in_basic_creek_res_catchment": "no"}}, {"type": "Feature", "geometry": {"type": "Point", "coordinates": [-74.01388889, 42.54305556]}, "properties": {"STATE_ID": "190-3449", "FEDERAL_ID": "NY13087", "dam_name": "Kowal Wildlife Pond Dam", "alt_name": null, "county": "Albany", "Municipalities": "Not Found", "basin": "LOWER HUDSON", "stream": "HANNACROIS CREEK", "Owners": "JOHN KOWAL", "transect": "T1 Hannacroix/Basic \u2192 Alcove \u2192 Albany", "OwnerType": null, "Purposes": "Other, Recreation", "hazard_class": "Low Hazard Dam", "hazard_code": "A", "LastConditionRating": "Not Rated", "LastInspection": "9/21/1970", "EAP_STATUS": null, "YEARBUILT": 1965.0, "ConstructionTypes": "RE - Earth", "height_ft": 9.0, "length_ft": 280.0, "normal_storage_acft": 4.0, "max_storage_acft": 5.0, "surface_area_ac": 2.0, "drainage_area_sqmi": 0.09, "spillway_type": null, "url": "https://dec.ny.gov/environmental-protection/water/water-quantity/dam-safety-coastal-flood-protection/dam-safety", "ref_lat": null, "ref_lon": null, "km_from_ref": 11.2, "aquifer_setting": "bedrock (outside mapped unconsolidated aquifer)", "km_to_nearest_valley_aquifer": 1.54, "dec_basin": "Lower Hudson Main Stem", "dec_permit_basin": "13-01", "in_basic_creek_res_catchment": "no"}}, {"type": "Feature", "geometry": {"type": "Point", "coordinates": [-73.72416667, 42.725]}, "properties": {"STATE_ID": "226-5512", "FEDERAL_ID": "NY16134", "dam_name": "Lake Ridge Dam", "alt_name": null, "county": "Albany", "Municipalities": "Town of Colonie", "basin": "LOWER HUDSON", "stream": "TR-HUDSON", "Owners": "LAKE RIDGE HOME ASSOCIATION, TOWN OF COLONIE", "transect": null, "OwnerType": "Local Government, Private", "Purposes": "Flood Control and Storm Water Management", "hazard_class": "Intermediate Hazard Dam", "hazard_code": "B", "LastConditionRating": "Not Rated", "LastInspection": "4/4/2022", "EAP_STATUS": "On File", "YEARBUILT": null, "ConstructionTypes": "RE - Earth", "height_ft": 60.0, "length_ft": 200.0, "normal_storage_acft": 0.0, "max_storage_acft": 15.4, "surface_area_ac": 0.0, "drainage_area_sqmi": 0.4, "spillway_type": "Culvert - No Control", "url": "https://dec.ny.gov/environmental-protection/water/water-quantity/dam-safety-coastal-flood-protection/dam-safety", "ref_lat": null, "ref_lon": null, "km_from_ref": 41.6, "aquifer_setting": "bedrock (outside mapped unconsolidated aquifer)", "km_to_nearest_valley_aquifer": 0.94, "dec_basin": "Lower Hudson Main Stem", "dec_permit_basin": "13-01", "in_basic_creek_res_catchment": "no"}}, {"type": "Feature", "geometry": {"type": "Point", "coordinates": [-74.07944444, 42.58138889]}, "properties": {"STATE_ID": "190-5159", "FEDERAL_ID": "NY14811", "dam_name": "Lake Woodstock Dam", "alt_name": null, "county": "Albany", "Municipalities": "Town of Berne", "basin": "MOHAWK", "stream": "TR-SWITZ KILL", "Owners": "WOODSTOCK LAKE ASSOCIATION INC", "transect": "Schoharie side (west of divide)", "OwnerType": "Private", "Purposes": "Recreation", "hazard_class": "Low Hazard Dam", "hazard_code": "A", "LastConditionRating": "Not Rated", "LastInspection": "4/6/1993", "EAP_STATUS": null, "YEARBUILT": 1984.0, "ConstructionTypes": "MS - Masonry", "height_ft": 12.0, "length_ft": 56.0, "normal_storage_acft": 36.0, "max_storage_acft": 108.0, "surface_area_ac": 12.0, "drainage_area_sqmi": 1.05, "spillway_type": "Uncontrolled Overflow", "url": "https://dec.ny.gov/environmental-protection/water/water-quantity/dam-safety-coastal-flood-protection/dam-safety", "ref_lat": null, "ref_lon": null, "km_from_ref": 9.1, "aquifer_setting": "bedrock (outside mapped unconsolidated aquifer)", "km_to_nearest_valley_aquifer": 2.96, "dec_basin": "Schoharie Creek *", "dec_permit_basin": "12-02", "in_basic_creek_res_catchment": "no"}}, {"type": "Feature", "geometry": {"type": "Point", "coordinates": [-73.75972222, 42.78805556]}, "properties": {"STATE_ID": "207-4899", "FEDERAL_ID": "NY13361", "dam_name": "Leonard Pond Dam", "alt_name": null, "county": "Albany", "Municipalities": "Not Found", "basin": "MOHAWK", "stream": null, "Owners": "Not Found", "transect": null, "OwnerType": "Not Found", "Purposes": "Recreation", "hazard_class": "Low Hazard Dam", "hazard_code": "A", "LastConditionRating": "Not Rated", "LastInspection": "12/2/1986", "EAP_STATUS": null, "YEARBUILT": null, "ConstructionTypes": "RE - Earth", "height_ft": 6.0, "length_ft": 70.0, "normal_storage_acft": 1.0, "max_storage_acft": 2.0, "surface_area_ac": 1.0, "drainage_area_sqmi": null, "spillway_type": "Culvert - No Control", "url": "https://dec.ny.gov/environmental-protection/water/water-quantity/dam-safety-coastal-flood-protection/dam-safety", "ref_lat": null, "ref_lon": null, "km_from_ref": 43.8, "aquifer_setting": "bedrock (outside mapped unconsolidated aquifer)", "km_to_nearest_valley_aquifer": 0.16, "dec_basin": "Mohawk River Main Stem", "dec_permit_basin": "12-01", "in_basic_creek_res_catchment": "no"}}, {"type": "Feature", "geometry": {"type": "Point", "coordinates": [-73.88111111, 42.75]}, "properties": {"STATE_ID": "207-0095", "FEDERAL_ID": "NY13349", "dam_name": "Lisha Kill Dam", "alt_name": null, "county": "Albany", "Municipalities": "Town of Colonie", "basin": "MOHAWK", "stream": "LISHA KILL", "Owners": "ARNOLD LETO", "transect": null, "OwnerType": "Private", "Purposes": "Flood Control and Storm Water Management", "hazard_class": "Intermediate Hazard Dam", "hazard_code": "B", "LastConditionRating": "Unsound - More Analysis needed", "LastInspection": "3/13/2024", "EAP_STATUS": null, "YEARBUILT": 1923.0, "ConstructionTypes": "CN - Concrete Gravity, RE - Earth", "height_ft": 20.0, "length_ft": 265.0, "normal_storage_acft": 10.0, "max_storage_acft": 11.0, "surface_area_ac": 2.0, "drainage_area_sqmi": 7.25, "spillway_type": "Culvert - No Control", "url": "https://dec.ny.gov/environmental-protection/water/water-quantity/dam-safety-coastal-flood-protection/dam-safety", "ref_lat": null, "ref_lon": null, "km_from_ref": 33.9, "aquifer_setting": "valley-fill aquifer: >100", "km_to_nearest_valley_aquifer": 0.0, "dec_basin": "Mohawk River Main Stem", "dec_permit_basin": "12-01", "in_basic_creek_res_catchment": "no"}}, {"type": "Feature", "geometry": {"type": "Point", "coordinates": [-73.73977778, 42.69694444]}, "properties": {"STATE_ID": "226-5961", "FEDERAL_ID": "NY17133", "dam_name": "Littles Lake Dam", "alt_name": null, "county": "Albany", "Municipalities": "Town of Colonie", "basin": "LOWER HUDSON", "stream": "Unnamed trib to Hudson River", "Owners": "NYSDOT Region1, WC Little Memorial Park", "transect": null, "OwnerType": "Private, State", "Purposes": "Fish and Wildlife Pond", "hazard_class": "Low Hazard Dam", "hazard_code": "A", "LastConditionRating": "Not Rated", "LastInspection": "6/12/2018", "EAP_STATUS": null, "YEARBUILT": null, "ConstructionTypes": "RE - Earth", "height_ft": 28.0, "length_ft": 250.0, "normal_storage_acft": 19.7, "max_storage_acft": 70.0, "surface_area_ac": 9.8, "drainage_area_sqmi": 0.45, "spillway_type": "Drop Inlet or Riser", "url": "https://dec.ny.gov/environmental-protection/water/water-quantity/dam-safety-coastal-flood-protection/dam-safety", "ref_lat": null, "ref_lon": null, "km_from_ref": 38.9, "aquifer_setting": "valley-fill aquifer: 10-100", "km_to_nearest_valley_aquifer": 0.0, "dec_basin": "Lower Hudson Main Stem", "dec_permit_basin": "13-01", "in_basic_creek_res_catchment": "no"}}, {"type": "Feature", "geometry": {"type": "Point", "coordinates": [-73.75694444, 42.68138889]}, "properties": {"STATE_ID": "208-5471", "FEDERAL_ID": "NY16092", "dam_name": "Loudonville Reservoir Dam", "alt_name": null, "county": "Albany", "Municipalities": "Town of Colonie, City of Albany", "basin": "LOWER HUDSON", "stream": null, "Owners": "ALBANY WATER BOARD", "transect": null, "OwnerType": "Local Government", "Purposes": "Water Supply - Primary", "hazard_class": "High Hazard Dam", "hazard_code": "C", "LastConditionRating": "No deficiencies noted", "LastInspection": "4/25/2024", "EAP_STATUS": "On File", "YEARBUILT": 1936.0, "ConstructionTypes": "RE - Earth", "height_ft": 18.0, "length_ft": 500.0, "normal_storage_acft": 652.0, "max_storage_acft": 698.0, "surface_area_ac": 29.0, "drainage_area_sqmi": 0.04, "spillway_type": null, "url": "https://dec.ny.gov/environmental-protection/water/water-quantity/dam-safety-coastal-flood-protection/dam-safety", "ref_lat": null, "ref_lon": null, "km_from_ref": 36.8, "aquifer_setting": "valley-fill aquifer: 10-100", "km_to_nearest_valley_aquifer": 0.0, "dec_basin": "Lower Hudson Main Stem", "dec_permit_basin": "13-01", "in_basic_creek_res_catchment": "no"}}, {"type": "Feature", "geometry": {"type": "Point", "coordinates": [-74.13611111, 42.53083333]}, "properties": {"STATE_ID": "190-3198", "FEDERAL_ID": "NY13082", "dam_name": "Mabel Ringstrom Farm Pond Dam", "alt_name": null, "county": "Albany", "Municipalities": "Not Found", "basin": "MOHAWK", "stream": "TR-SWITZ KILL", "Owners": "MABEL RINGSTROM", "transect": "Schoharie side (west of divide)", "OwnerType": null, "Purposes": "Recreation", "hazard_class": "Low Hazard Dam", "hazard_code": "A", "LastConditionRating": "Not Rated", "LastInspection": "10/9/1970", "EAP_STATUS": null, "YEARBUILT": 1963.0, "ConstructionTypes": "RE - Earth", "height_ft": 7.0, "length_ft": 400.0, "normal_storage_acft": 4.0, "max_storage_acft": 5.0, "surface_area_ac": 2.0, "drainage_area_sqmi": 0.06, "spillway_type": "Drop Inlet or Riser", "url": "https://dec.ny.gov/environmental-protection/water/water-quantity/dam-safety-coastal-flood-protection/dam-safety", "ref_lat": null, "ref_lon": null, "km_from_ref": 1.9, "aquifer_setting": "bedrock (outside mapped unconsolidated aquifer)", "km_to_nearest_valley_aquifer": 0.14, "dec_basin": "Schoharie Creek *", "dec_permit_basin": "12-02", "in_basic_creek_res_catchment": "no"}}, {"type": "Feature", "geometry": {"type": "Point", "coordinates": [-74.01333333, 42.56]}, "properties": {"STATE_ID": "190-3293", "FEDERAL_ID": "NY13083", "dam_name": "Magin Pond Dam", "alt_name": null, "county": "Albany", "Municipalities": "Not Found", "basin": "LOWER HUDSON", "stream": "TR-HANNACROIS CREEK", "Owners": "FREDRICK P MAGIN", "transect": "T1 Hannacroix/Basic \u2192 Alcove \u2192 Albany", "OwnerType": "Private", "Purposes": "Other, Recreation", "hazard_class": "Low Hazard Dam", "hazard_code": "A", "LastConditionRating": "Not Rated", "LastInspection": "9/21/1970", "EAP_STATUS": null, "YEARBUILT": 1964.0, "ConstructionTypes": "RE - Earth", "height_ft": 16.0, "length_ft": 560.0, "normal_storage_acft": 10.0, "max_storage_acft": 11.0, "surface_area_ac": 2.0, "drainage_area_sqmi": 0.43, "spillway_type": "Drop Inlet or Riser", "url": "https://dec.ny.gov/environmental-protection/water/water-quantity/dam-safety-coastal-flood-protection/dam-safety", "ref_lat": null, "ref_lon": null, "km_from_ref": 11.9, "aquifer_setting": "bedrock (outside mapped unconsolidated aquifer)", "km_to_nearest_valley_aquifer": 1.71, "dec_basin": "Lower Hudson Main Stem", "dec_permit_basin": "13-01", "in_basic_creek_res_catchment": "no"}}, {"type": "Feature", "geometry": {"type": "Point", "coordinates": [-73.86027778, 42.74833333]}, "properties": {"STATE_ID": "208-4873", "FEDERAL_ID": "NY13387", "dam_name": "Maywood Detention Pond Dam", "alt_name": null, "county": "Albany", "Municipalities": "Not Found", "basin": "MOHAWK", "stream": "TR-LISHA KILL CREEK", "Owners": "TOWN OF COLONIE", "transect": null, "OwnerType": "Local Government", "Purposes": "Flood Control and Storm Water Management", "hazard_class": "Low Hazard Dam", "hazard_code": "A", "LastConditionRating": "Not Rated", "LastInspection": "5/25/1994", "EAP_STATUS": null, "YEARBUILT": null, "ConstructionTypes": "RE - Earth", "height_ft": 10.0, "length_ft": 1655.0, "normal_storage_acft": 29.0, "max_storage_acft": 45.0, "surface_area_ac": 10.0, "drainage_area_sqmi": 1.67, "spillway_type": "Drop Structure", "url": "https://dec.ny.gov/environmental-protection/water/water-quantity/dam-safety-coastal-flood-protection/dam-safety", "ref_lat": null, "ref_lon": null, "km_from_ref": 34.9, "aquifer_setting": "valley-fill aquifer: 10-100", "km_to_nearest_valley_aquifer": 0.0, "dec_basin": "Mohawk River Main Stem", "dec_permit_basin": "12-01", "in_basic_creek_res_catchment": "no"}}, {"type": "Feature", "geometry": {"type": "Point", "coordinates": [-73.86666667, 42.75083333]}, "properties": {"STATE_ID": "207-4810", "FEDERAL_ID": "NY13360", "dam_name": "Maywood Gardens Retention Pond Dam", "alt_name": null, "county": "Albany", "Municipalities": "Not Found", "basin": "MOHAWK", "stream": "LISHA KILL CREEK", "Owners": "TOWN OF COLONIE", "transect": null, "OwnerType": "Local Government", "Purposes": "Flood Control and Storm Water Management", "hazard_class": "Low Hazard Dam", "hazard_code": "A", "LastConditionRating": "Not Rated", "LastInspection": "5/26/1994", "EAP_STATUS": null, "YEARBUILT": null, "ConstructionTypes": "RE - Earth", "height_ft": 8.0, "length_ft": 1200.0, "normal_storage_acft": 8.0, "max_storage_acft": 20.0, "surface_area_ac": 5.0, "drainage_area_sqmi": 0.28, "spillway_type": "Drop Inlet or Riser", "url": "https://dec.ny.gov/environmental-protection/water/water-quantity/dam-safety-coastal-flood-protection/dam-safety", "ref_lat": null, "ref_lon": null, "km_from_ref": 34.7, "aquifer_setting": "valley-fill aquifer: >100", "km_to_nearest_valley_aquifer": 0.0, "dec_basin": "Mohawk River Main Stem", "dec_permit_basin": "12-01", "in_basic_creek_res_catchment": "no"}}, {"type": "Feature", "geometry": {"type": "Point", "coordinates": [-74.14444444, 42.54583333]}, "properties": {"STATE_ID": "190-2633", "FEDERAL_ID": "NY13076", "dam_name": "Mead Wildlife Marsh Dam", "alt_name": null, "county": "Albany", "Municipalities": "Not Found", "basin": "MOHAWK", "stream": "TR-SWITZ KILL", "Owners": "THEODORE MEAD", "transect": "Schoharie side (west of divide)", "OwnerType": null, "Purposes": "Other", "hazard_class": "Low Hazard Dam", "hazard_code": "A", "LastConditionRating": "Not Rated", "LastInspection": "7/14/1994", "EAP_STATUS": null, "YEARBUILT": 1957.0, "ConstructionTypes": "RE - Earth", "height_ft": 5.0, "length_ft": 40.0, "normal_storage_acft": 5.0, "max_storage_acft": 6.0, "surface_area_ac": 3.0, "drainage_area_sqmi": 0.2, "spillway_type": "Drop Inlet or Riser", "url": "https://dec.ny.gov/environmental-protection/water/water-quantity/dam-safety-coastal-flood-protection/dam-safety", "ref_lat": null, "ref_lon": null, "km_from_ref": 3.4, "aquifer_setting": "valley-fill aquifer: >100", "km_to_nearest_valley_aquifer": 0.0, "dec_basin": "Schoharie Creek *", "dec_permit_basin": "12-02", "in_basic_creek_res_catchment": "no"}}, {"type": "Feature", "geometry": {"type": "Point", "coordinates": [-74.11583333, 42.63777778]}, "properties": {"STATE_ID": "190-3074", "FEDERAL_ID": "NY13079", "dam_name": "Miller Farm Pond Dam", "alt_name": null, "county": "Albany", "Municipalities": "Not Found", "basin": "MOHAWK", "stream": "TR-FOX KILL", "Owners": "CHESTER A MILLER", "transect": "Schoharie side (west of divide)", "OwnerType": null, "Purposes": "Fire Protection, Stock, Or Small Farm Pond, Recreation", "hazard_class": "Low Hazard Dam", "hazard_code": "A", "LastConditionRating": "Not Rated", "LastInspection": "10/27/1970", "EAP_STATUS": null, "YEARBUILT": 1962.0, "ConstructionTypes": "RE - Earth", "height_ft": 19.0, "length_ft": 150.0, "normal_storage_acft": 5.0, "max_storage_acft": 6.0, "surface_area_ac": 1.0, "drainage_area_sqmi": 0.02, "spillway_type": null, "url": "https://dec.ny.gov/environmental-protection/water/water-quantity/dam-safety-coastal-flood-protection/dam-safety", "ref_lat": null, "ref_lon": null, "km_from_ref": 13.8, "aquifer_setting": "bedrock (outside mapped unconsolidated aquifer)", "km_to_nearest_valley_aquifer": 2.7, "dec_basin": "Schoharie Creek *", "dec_permit_basin": "12-02", "in_basic_creek_res_catchment": "no"}}, {"type": "Feature", "geometry": {"type": "Point", "coordinates": [-74.20694444, 42.52638889]}, "properties": {"STATE_ID": "190-2056", "FEDERAL_ID": "NY13074", "dam_name": "Moritz Pond Dam", "alt_name": null, "county": "Albany", "Municipalities": "Not Found", "basin": "LOWER HUDSON", "stream": "TR-CRYSTAL LAKE", "Owners": "WILLIAM MORITZ", "transect": null, "OwnerType": null, "Purposes": "Other", "hazard_class": "Low Hazard Dam", "hazard_code": "A", "LastConditionRating": "Not Rated", "LastInspection": "11/24/1970", "EAP_STATUS": null, "YEARBUILT": 1954.0, "ConstructionTypes": "RE - Earth", "height_ft": 6.0, "length_ft": 140.0, "normal_storage_acft": 12.0, "max_storage_acft": 14.0, "surface_area_ac": 7.0, "drainage_area_sqmi": 0.13, "spillway_type": "Drop Inlet or Riser", "url": "https://dec.ny.gov/environmental-protection/water/water-quantity/dam-safety-coastal-flood-protection/dam-safety", "ref_lat": null, "ref_lon": null, "km_from_ref": 5.2, "aquifer_setting": "bedrock (outside mapped unconsolidated aquifer)", "km_to_nearest_valley_aquifer": 0.91, "dec_basin": "Catskill Creek", "dec_permit_basin": "13-09", "in_basic_creek_res_catchment": "no"}}, {"type": "Feature", "geometry": {"type": "Point", "coordinates": [-74.14583333, 42.51888889]}, "properties": {"STATE_ID": "190-1238", "FEDERAL_ID": "NY00670", "dam_name": "Myosotis Lake Dam", "alt_name": null, "county": "Albany", "Municipalities": "Town of Rensselaerville", "basin": "LOWER HUDSON", "stream": "TEN MILE CREEK", "Owners": "EDMUND NILES HUYCK PRESERVE, INC.", "transect": "T2 Ten Mile/Catskill Creek \u2192 Cairo \u2192 Catskill", "OwnerType": "Private", "Purposes": "Recreation, Water Supply - Primary", "hazard_class": "High Hazard Dam", "hazard_code": "C", "LastConditionRating": "Unsound - Fair", "LastInspection": "4/9/2024", "EAP_STATUS": "On File", "YEARBUILT": 1933.0, "ConstructionTypes": "ER - Rockfill, RE - Earth", "height_ft": 22.0, "length_ft": 277.0, "normal_storage_acft": 1125.0, "max_storage_acft": 1975.0, "surface_area_ac": 98.0, "drainage_area_sqmi": 6.57, "spillway_type": "Uncontrolled Overflow", "url": "https://dec.ny.gov/environmental-protection/water/water-quantity/dam-safety-coastal-flood-protection/dam-safety", "ref_lat": null, "ref_lon": null, "km_from_ref": 0.4, "aquifer_setting": "bedrock (outside mapped unconsolidated aquifer)", "km_to_nearest_valley_aquifer": 0.66, "dec_basin": "Catskill Creek", "dec_permit_basin": "13-09", "in_basic_creek_res_catchment": "no"}}, {"type": "Feature", "geometry": {"type": "Point", "coordinates": [-73.96833333, 42.55916667]}, "properties": {"STATE_ID": "208-5285", "FEDERAL_ID": "NY14960", "dam_name": "Nancy Lawson Dam", "alt_name": null, "county": "Albany", "Municipalities": "Town of New Scotland", "basin": "LOWER HUDSON", "stream": "TR-T6-ONESQUETHAW", "Owners": "NANCY LAWSON", "transect": "Onesquethaw/Vly (escarpment, karst side)", "OwnerType": "Private", "Purposes": "Recreation", "hazard_class": "Low Hazard Dam", "hazard_code": "A", "LastConditionRating": "Not Rated", "LastInspection": "5/11/2010", "EAP_STATUS": null, "YEARBUILT": 1996.0, "ConstructionTypes": "RE - Earth", "height_ft": 20.0, "length_ft": 168.0, "normal_storage_acft": 46.3, "max_storage_acft": 107.5, "surface_area_ac": 7.6, "drainage_area_sqmi": null, "spillway_type": "Drop Inlet or Riser", "url": "https://dec.ny.gov/environmental-protection/water/water-quantity/dam-safety-coastal-flood-protection/dam-safety", "ref_lat": null, "ref_lon": null, "km_from_ref": 15.3, "aquifer_setting": "bedrock (outside mapped unconsolidated aquifer)", "km_to_nearest_valley_aquifer": 2.7, "dec_basin": "Lower Hudson Main Stem", "dec_permit_basin": "13-01", "in_basic_creek_res_catchment": "no"}}, {"type": "Feature", "geometry": {"type": "Point", "coordinates": [-74.08583333, 42.55055556]}, "properties": {"STATE_ID": "190-4559", "FEDERAL_ID": "NY01452", "dam_name": "Onderdonk Lake Dam", "alt_name": null, "county": "Albany", "Municipalities": "Town of Westerlo", "basin": "MOHAWK", "stream": "SWITZ KILL", "Owners": "TOWN OF WESTERLO, NANCY REDZIKOWSKI & MARY TESORIERO, Jon Clark, ALBANY COUNTY, HELEN SISSON FAMILY TRUST", "transect": "Schoharie side (west of divide)", "OwnerType": "Local Government, Private", "Purposes": "Recreation", "hazard_class": "Intermediate Hazard Dam", "hazard_code": "B", "LastConditionRating": "Unsound - More Analysis needed", "LastInspection": "2/16/2023", "EAP_STATUS": null, "YEARBUILT": 1928.0, "ConstructionTypes": "RE - Earth", "height_ft": 11.0, "length_ft": 100.0, "normal_storage_acft": 230.0, "max_storage_acft": 280.0, "surface_area_ac": 64.0, "drainage_area_sqmi": null, "spillway_type": "Drop Inlet or Riser", "url": "https://dec.ny.gov/environmental-protection/water/water-quantity/dam-safety-coastal-flood-protection/dam-safety", "ref_lat": null, "ref_lon": null, "km_from_ref": 6.3, "aquifer_setting": "bedrock (outside mapped unconsolidated aquifer)", "km_to_nearest_valley_aquifer": 1.72, "dec_basin": "Schoharie Creek *", "dec_permit_basin": "12-02", "in_basic_creek_res_catchment": "no"}}, {"type": "Feature", "geometry": {"type": "Point", "coordinates": [-73.88361111, 42.61116667]}, "properties": {"STATE_ID": "208-5980", "FEDERAL_ID": "NY17152", "dam_name": "Orchard Street Dam", "alt_name": "421 Orchard", "county": "Albany", "Municipalities": "Town of Bethlehem", "basin": "UPPER HUDSON", "stream": "Trib to Phillipin Kill", "Owners": "Beryle VanAnda", "transect": null, "OwnerType": "Private", "Purposes": "Fire Protection, Stock, Or Small Farm Pond", "hazard_class": "Low Hazard Dam", "hazard_code": "A", "LastConditionRating": "Not Rated", "LastInspection": "4/25/2019", "EAP_STATUS": null, "YEARBUILT": null, "ConstructionTypes": "RE - Earth", "height_ft": 7.0, "length_ft": 110.0, "normal_storage_acft": null, "max_storage_acft": null, "surface_area_ac": 0.6, "drainage_area_sqmi": 0.04, "spillway_type": "Drop Inlet or Riser", "url": "https://dec.ny.gov/environmental-protection/water/water-quantity/dam-safety-coastal-flood-protection/dam-safety", "ref_lat": null, "ref_lon": null, "km_from_ref": 23.9, "aquifer_setting": "bedrock (outside mapped unconsolidated aquifer)", "km_to_nearest_valley_aquifer": 0.54, "dec_basin": "Lower Hudson Main Stem", "dec_permit_basin": "13-01", "in_basic_creek_res_catchment": "no"}}, {"type": "Feature", "geometry": {"type": "Point", "coordinates": [-74.04666667, 42.58166667]}, "properties": {"STATE_ID": "190-2594", "FEDERAL_ID": "NY00655", "dam_name": "Pangburn & Hotaling Wildlife Dam", "alt_name": null, "county": "Albany", "Municipalities": "Town of Berne", "basin": "MOHAWK", "stream": "TR-FOX CREEK", "Owners": "M CARR PANGBURN", "transect": "Schoharie side (west of divide)", "OwnerType": null, "Purposes": "Recreation", "hazard_class": "Low Hazard Dam", "hazard_code": "A", "LastConditionRating": "Not Rated", "LastInspection": "10/28/1970", "EAP_STATUS": null, "YEARBUILT": 1957.0, "ConstructionTypes": "RE - Earth", "height_ft": 8.0, "length_ft": 320.0, "normal_storage_acft": 160.0, "max_storage_acft": 210.0, "surface_area_ac": 46.0, "drainage_area_sqmi": 0.39, "spillway_type": "Drop Inlet or Riser", "url": "https://dec.ny.gov/environmental-protection/water/water-quantity/dam-safety-coastal-flood-protection/dam-safety", "ref_lat": null, "ref_lon": null, "km_from_ref": 10.9, "aquifer_setting": "bedrock (outside mapped unconsolidated aquifer)", "km_to_nearest_valley_aquifer": 1.21, "dec_basin": "Schoharie Creek *", "dec_permit_basin": "12-02", "in_basic_creek_res_catchment": "no"}}, {"type": "Feature", "geometry": {"type": "Point", "coordinates": [-74.11166667, 42.46416667]}, "properties": {"STATE_ID": "191-5171", "FEDERAL_ID": "NY14825", "dam_name": "Peter Douglas Pond Dam", "alt_name": null, "county": "Albany", "Municipalities": "Not Found", "basin": "LOWER HUDSON", "stream": "H-193-41-4-1", "Owners": "PETER R. DOUGLAS", "transect": null, "OwnerType": null, "Purposes": "Fish and Wildlife Pond, Recreation", "hazard_class": "Low Hazard Dam", "hazard_code": "A", "LastConditionRating": "Not Rated", "LastInspection": "5/27/1994", "EAP_STATUS": null, "YEARBUILT": null, "ConstructionTypes": "RE - Earth", "height_ft": 11.0, "length_ft": 375.0, "normal_storage_acft": 10.1, "max_storage_acft": 17.2, "surface_area_ac": 1.643, "drainage_area_sqmi": 0.45, "spillway_type": "Drop Inlet or Riser", "url": "https://dec.ny.gov/environmental-protection/water/water-quantity/dam-safety-coastal-flood-protection/dam-safety", "ref_lat": null, "ref_lon": null, "km_from_ref": 6.3, "aquifer_setting": "bedrock (outside mapped unconsolidated aquifer)", "km_to_nearest_valley_aquifer": 0.92, "dec_basin": "Catskill Creek", "dec_permit_basin": "13-09", "in_basic_creek_res_catchment": "no"}}, {"type": "Feature", "geometry": {"type": "Point", "coordinates": [-74.07444444, 42.68222222]}, "properties": {"STATE_ID": "190-5165", "FEDERAL_ID": "NY14819", "dam_name": "Pollard Pond Dam", "alt_name": null, "county": "Albany", "Municipalities": "Town of Knox", "basin": "LOWER HUDSON", "stream": "NONE", "Owners": "MARK POLLARD", "transect": null, "OwnerType": null, "Purposes": "Other", "hazard_class": "Low Hazard Dam", "hazard_code": "A", "LastConditionRating": "Not Rated", "LastInspection": "8/21/1992", "EAP_STATUS": null, "YEARBUILT": 1992.0, "ConstructionTypes": "RE - Earth", "height_ft": 23.0, "length_ft": 280.0, "normal_storage_acft": 1.0, "max_storage_acft": 3.0, "surface_area_ac": 1.0, "drainage_area_sqmi": 0.01, "spillway_type": null, "url": "https://dec.ny.gov/environmental-protection/water/water-quantity/dam-safety-coastal-flood-protection/dam-safety", "ref_lat": null, "ref_lon": null, "km_from_ref": 19.5, "aquifer_setting": "bedrock (outside mapped unconsolidated aquifer)", "km_to_nearest_valley_aquifer": 3.25, "dec_basin": "Normanskill Creek", "dec_permit_basin": "13-11", "in_basic_creek_res_catchment": "no"}}, {"type": "Feature", "geometry": {"type": "Point", "coordinates": [-74.20222222, 42.55305556]}, "properties": {"STATE_ID": "190-3990", "FEDERAL_ID": "NY13092", "dam_name": "Rauch Pond Dam", "alt_name": null, "county": "Albany", "Municipalities": "Not Found", "basin": "MOHAWK", "stream": "TR-LITTLE SCHOHARIE CREEK", "Owners": "HARRY RAUCH", "transect": "Schoharie side (west of divide)", "OwnerType": null, "Purposes": "Recreation", "hazard_class": "Low Hazard Dam", "hazard_code": "A", "LastConditionRating": "Not Rated", "LastInspection": "7/6/1994", "EAP_STATUS": null, "YEARBUILT": 1974.0, "ConstructionTypes": "RE - Earth", "height_ft": 12.0, "length_ft": 440.0, "normal_storage_acft": 13.0, "max_storage_acft": 16.0, "surface_area_ac": 3.0, "drainage_area_sqmi": 0.07, "spillway_type": "Drop Inlet or Riser", "url": "https://dec.ny.gov/environmental-protection/water/water-quantity/dam-safety-coastal-flood-protection/dam-safety", "ref_lat": null, "ref_lon": null, "km_from_ref": 6.3, "aquifer_setting": "valley-fill aquifer: >100", "km_to_nearest_valley_aquifer": 0.0, "dec_basin": "Schoharie Creek *", "dec_permit_basin": "12-02", "in_basic_creek_res_catchment": "no"}}, {"type": "Feature", "geometry": {"type": "Point", "coordinates": [-73.83222222, 42.69611111]}, "properties": {"STATE_ID": "208-4567", "FEDERAL_ID": "NY01334", "dam_name": "Rensselaer Lake Dam", "alt_name": "Six Mile Waterworks", "county": "Albany", "Municipalities": "City of Albany", "basin": "LOWER HUDSON", "stream": "TR-HUDSON RIVER", "Owners": "ALBANY WATER BOARD", "transect": null, "OwnerType": "Local Government", "Purposes": "Recreation", "hazard_class": "High Hazard Dam", "hazard_code": "C", "LastConditionRating": "Unsound - Deficiency Recognized", "LastInspection": "4/25/2024", "EAP_STATUS": "On File", "YEARBUILT": 1850.0, "ConstructionTypes": "RE - Earth", "height_ft": 30.0, "length_ft": 1250.0, "normal_storage_acft": 367.0, "max_storage_acft": 472.0, "surface_area_ac": 42.0, "drainage_area_sqmi": 3.26, "spillway_type": "Drop Inlet or Riser", "url": "https://dec.ny.gov/environmental-protection/water/water-quantity/dam-safety-coastal-flood-protection/dam-safety", "ref_lat": null, "ref_lon": null, "km_from_ref": 32.6, "aquifer_setting": "valley-fill aquifer: 10-100", "km_to_nearest_valley_aquifer": 0.0, "dec_basin": "Lower Hudson Main Stem", "dec_permit_basin": "13-01", "in_basic_creek_res_catchment": "no"}}, {"type": "Feature", "geometry": {"type": "Point", "coordinates": [-74.14, 42.51333333]}, "properties": {"STATE_ID": "190-1236", "FEDERAL_ID": "NY13071", "dam_name": "Rensselaerville Historical Society Dam", "alt_name": null, "county": "Albany", "Municipalities": "Not Found", "basin": "LOWER HUDSON", "stream": "TR-TENMILE CREEK", "Owners": "RENSSELAERVILLE HISTORICAL SOCIETY", "transect": "T2 Ten Mile/Catskill Creek \u2192 Cairo \u2192 Catskill", "OwnerType": null, "Purposes": "Recreation", "hazard_class": "Low Hazard Dam", "hazard_code": "A", "LastConditionRating": "Not Rated", "LastInspection": "12/3/1974", "EAP_STATUS": null, "YEARBUILT": 1979.0, "ConstructionTypes": "MS - Masonry, RE - Earth", "height_ft": 16.0, "length_ft": 40.0, "normal_storage_acft": 5.0, "max_storage_acft": 6.0, "surface_area_ac": 1.0, "drainage_area_sqmi": null, "spillway_type": "Gated", "url": "https://dec.ny.gov/environmental-protection/water/water-quantity/dam-safety-coastal-flood-protection/dam-safety", "ref_lat": null, "ref_lon": null, "km_from_ref": 0.4, "aquifer_setting": "bedrock (outside mapped unconsolidated aquifer)", "km_to_nearest_valley_aquifer": 0.25, "dec_basin": "Catskill Creek", "dec_permit_basin": "13-09", "in_basic_creek_res_catchment": "no"}}, {"type": "Feature", "geometry": {"type": "Point", "coordinates": [-74.18833333, 42.5]}, "properties": {"STATE_ID": "191-2065", "FEDERAL_ID": "NY13100", "dam_name": "Rensselaerville Marsh Dam #1", "alt_name": null, "county": "Albany", "Municipalities": "Not Found", "basin": "LOWER HUDSON", "stream": "TR-FOX CREEK", "Owners": "NYS DEC", "transect": "Schoharie side (west of divide)", "OwnerType": "State", "Purposes": "Other", "hazard_class": "Low Hazard Dam", "hazard_code": "A", "LastConditionRating": "Not Rated", "LastInspection": "4/20/1971", "EAP_STATUS": null, "YEARBUILT": 1954.0, "ConstructionTypes": "RE - Earth", "height_ft": 7.0, "length_ft": 40.0, "normal_storage_acft": 11.0, "max_storage_acft": 12.0, "surface_area_ac": 5.0, "drainage_area_sqmi": 0.12, "spillway_type": "Drop Inlet or Riser", "url": "https://dec.ny.gov/environmental-protection/water/water-quantity/dam-safety-coastal-flood-protection/dam-safety", "ref_lat": null, "ref_lon": null, "km_from_ref": 3.9, "aquifer_setting": "bedrock (outside mapped unconsolidated aquifer)", "km_to_nearest_valley_aquifer": 0.38, "dec_basin": "Catskill Creek", "dec_permit_basin": "13-09", "in_basic_creek_res_catchment": "no"}}, {"type": "Feature", "geometry": {"type": "Point", "coordinates": [-74.14388889, 42.51527778]}, "properties": {"STATE_ID": "190-5527", "FEDERAL_ID": "NY16155", "dam_name": "Rensselaerville Water Supply Dam", "alt_name": null, "county": "Albany", "Municipalities": "Town of Rensselaerville", "basin": "LOWER HUDSON", "stream": "TEN MILE CREEK", "Owners": "TOWN OF RENSSELAERVILLE", "transect": "T2 Ten Mile/Catskill Creek \u2192 Cairo \u2192 Catskill", "OwnerType": "Local Government", "Purposes": "Water Supply - Primary", "hazard_class": "Low Hazard Dam", "hazard_code": "A", "LastConditionRating": "Not Rated", "LastInspection": "7/21/2006", "EAP_STATUS": null, "YEARBUILT": null, "ConstructionTypes": "CN - Concrete Gravity", "height_ft": 4.0, "length_ft": null, "normal_storage_acft": null, "max_storage_acft": null, "surface_area_ac": null, "drainage_area_sqmi": 6.6, "spillway_type": "Uncontrolled Overflow", "url": "https://dec.ny.gov/environmental-protection/water/water-quantity/dam-safety-coastal-flood-protection/dam-safety", "ref_lat": null, "ref_lon": null, "km_from_ref": 0.1, "aquifer_setting": "bedrock (outside mapped unconsolidated aquifer)", "km_to_nearest_valley_aquifer": 0.6, "dec_basin": "Catskill Creek", "dec_permit_basin": "13-09", "in_basic_creek_res_catchment": "no"}}, {"type": "Feature", "geometry": {"type": "Point", "coordinates": [-74.11444444, 42.47277778]}, "properties": {"STATE_ID": "191-4924", "FEDERAL_ID": "NY13123", "dam_name": "Roswell Eldridge Pond Dam", "alt_name": null, "county": "Albany", "Municipalities": "Not Found", "basin": "LOWER HUDSON", "stream": "TR-TENMILE CREEK", "Owners": "ROSWELL ELDRIDGE", "transect": "T2 Ten Mile/Catskill Creek \u2192 Cairo \u2192 Catskill", "OwnerType": null, "Purposes": "Recreation", "hazard_class": "Low Hazard Dam", "hazard_code": "A", "LastConditionRating": "Not Rated", "LastInspection": "7/6/1994", "EAP_STATUS": null, "YEARBUILT": 1988.0, "ConstructionTypes": "RE - Earth", "height_ft": 17.0, "length_ft": 515.0, "normal_storage_acft": 11.0, "max_storage_acft": 21.0, "surface_area_ac": 3.0, "drainage_area_sqmi": 0.1, "spillway_type": "Drop Inlet or Riser", "url": "https://dec.ny.gov/environmental-protection/water/water-quantity/dam-safety-coastal-flood-protection/dam-safety", "ref_lat": null, "ref_lon": null, "km_from_ref": 5.3, "aquifer_setting": "bedrock (outside mapped unconsolidated aquifer)", "km_to_nearest_valley_aquifer": 0.21, "dec_basin": "Catskill Creek", "dec_permit_basin": "13-09", "in_basic_creek_res_catchment": "no"}}, {"type": "Feature", "geometry": {"type": "Point", "coordinates": [-73.75944444, 42.57638889]}, "properties": {"STATE_ID": "208-3033", "FEDERAL_ID": "NY13376", "dam_name": "Roy Nyers Marsh Dams A, B & C", "alt_name": null, "county": "Albany", "Municipalities": "Not Found", "basin": "LOWER HUDSON", "stream": "TR-HUDSON RIVER", "Owners": "ROY H NYERS", "transect": null, "OwnerType": null, "Purposes": "Other", "hazard_class": "Low Hazard Dam", "hazard_code": "A", "LastConditionRating": "Not Rated", "LastInspection": "7/12/1971", "EAP_STATUS": null, "YEARBUILT": 1951.0, "ConstructionTypes": "RE - Earth", "height_ft": 8.0, "length_ft": 700.0, "normal_storage_acft": 8.0, "max_storage_acft": 10.0, "surface_area_ac": 3.0, "drainage_area_sqmi": 0.04, "spillway_type": "Drop Inlet or Riser", "url": "https://dec.ny.gov/environmental-protection/water/water-quantity/dam-safety-coastal-flood-protection/dam-safety", "ref_lat": null, "ref_lon": null, "km_from_ref": 32.3, "aquifer_setting": "bedrock (outside mapped unconsolidated aquifer)", "km_to_nearest_valley_aquifer": 0.37, "dec_basin": "Lower Hudson Main Stem", "dec_permit_basin": "13-01", "in_basic_creek_res_catchment": "no"}}, {"type": "Feature", "geometry": {"type": "Point", "coordinates": [-73.70277778, 42.69277778]}, "properties": {"STATE_ID": "226-5226", "FEDERAL_ID": "NY14859", "dam_name": "Sage Estates Dam", "alt_name": null, "county": "Albany", "Municipalities": "Not Found", "basin": "LOWER HUDSON", "stream": "NUCKLOS CREEK", "Owners": "SAGE ESTATES PARTNERS", "transect": null, "OwnerType": "Private", "Purposes": "Other", "hazard_class": "Low Hazard Dam", "hazard_code": "A", "LastConditionRating": "Not Rated", "LastInspection": null, "EAP_STATUS": null, "YEARBUILT": null, "ConstructionTypes": "MS - Masonry, RE - Earth", "height_ft": 18.0, "length_ft": 75.0, "normal_storage_acft": 0.75, "max_storage_acft": null, "surface_area_ac": 0.75, "drainage_area_sqmi": 0.18, "spillway_type": "Uncontrolled Overflow", "url": "https://dec.ny.gov/environmental-protection/water/water-quantity/dam-safety-coastal-flood-protection/dam-safety", "ref_lat": null, "ref_lon": null, "km_from_ref": 41.3, "aquifer_setting": "bedrock (outside mapped unconsolidated aquifer)", "km_to_nearest_valley_aquifer": 0.3, "dec_basin": "Lower Hudson Main Stem", "dec_permit_basin": "13-01", "in_basic_creek_res_catchment": "no"}}, {"type": "Feature", "geometry": {"type": "Point", "coordinates": [-73.73972222, 42.72416667]}, "properties": {"STATE_ID": "226-4999", "FEDERAL_ID": "NY14132", "dam_name": "Schuyler Meadows Club Dam", "alt_name": null, "county": "Albany", "Municipalities": "Town of Colonie", "basin": "LOWER HUDSON", "stream": "TR-KROMMA KILL", "Owners": "SCHUYLER MEADOWS CLUB", "transect": null, "OwnerType": "Private", "Purposes": "Irrigation, Other", "hazard_class": "Low Hazard Dam", "hazard_code": "A", "LastConditionRating": "Not Rated", "LastInspection": "3/18/2010", "EAP_STATUS": null, "YEARBUILT": null, "ConstructionTypes": "RE - Earth", "height_ft": 24.0, "length_ft": 175.0, "normal_storage_acft": 30.0, "max_storage_acft": 51.0, "surface_area_ac": 3.0, "drainage_area_sqmi": 1.2, "spillway_type": "Drop Inlet or Riser", "url": "https://dec.ny.gov/environmental-protection/water/water-quantity/dam-safety-coastal-flood-protection/dam-safety", "ref_lat": null, "ref_lon": null, "km_from_ref": 40.5, "aquifer_setting": "bedrock (outside mapped unconsolidated aquifer)", "km_to_nearest_valley_aquifer": 0.15, "dec_basin": "Lower Hudson Main Stem", "dec_permit_basin": "13-01", "in_basic_creek_res_catchment": "no"}}, {"type": "Feature", "geometry": {"type": "Point", "coordinates": [-73.82166667, 42.75055556]}, "properties": {"STATE_ID": "207-3760", "FEDERAL_ID": "NY13358", "dam_name": "Shaker Ridge Country Club Dam", "alt_name": null, "county": "Albany", "Municipalities": "Town of Colonie", "basin": "MOHAWK", "stream": "TR-SHAKERS CREEK", "Owners": "SHAKER RIDGE COUNTRY CLUB INC", "transect": null, "OwnerType": "Private", "Purposes": "Irrigation, Other", "hazard_class": "Low Hazard Dam", "hazard_code": "A", "LastConditionRating": "Not Rated", "LastInspection": "3/18/2010", "EAP_STATUS": null, "YEARBUILT": 1968.0, "ConstructionTypes": "RE - Earth", "height_ft": 18.0, "length_ft": 680.0, "normal_storage_acft": 22.0, "max_storage_acft": 28.0, "surface_area_ac": 4.0, "drainage_area_sqmi": 0.43, "spillway_type": "Drop Inlet or Riser", "url": "https://dec.ny.gov/environmental-protection/water/water-quantity/dam-safety-coastal-flood-protection/dam-safety", "ref_lat": null, "ref_lon": null, "km_from_ref": 37.2, "aquifer_setting": "valley-fill aquifer: >100", "km_to_nearest_valley_aquifer": 0.0, "dec_basin": "Mohawk River Main Stem", "dec_permit_basin": "12-01", "in_basic_creek_res_catchment": "no"}}, {"type": "Feature", "geometry": {"type": "Point", "coordinates": [-74.2, 42.46666667]}, "properties": {"STATE_ID": "191-2143", "FEDERAL_ID": "NY13101", "dam_name": "Smigel Pond Dam", "alt_name": null, "county": "Albany", "Municipalities": "Not Found", "basin": "LOWER HUDSON", "stream": "TR-FOX CREEK", "Owners": "JOHN SMIGEL", "transect": "Schoharie side (west of divide)", "OwnerType": null, "Purposes": "Fire Protection, Stock, Or Small Farm Pond", "hazard_class": "Low Hazard Dam", "hazard_code": "A", "LastConditionRating": "Not Rated", "LastInspection": "11/10/1970", "EAP_STATUS": null, "YEARBUILT": 1954.0, "ConstructionTypes": "RE - Earth", "height_ft": 9.0, "length_ft": 450.0, "normal_storage_acft": 9.0, "max_storage_acft": 10.0, "surface_area_ac": 3.0, "drainage_area_sqmi": 0.03, "spillway_type": "Drop Inlet or Riser", "url": "https://dec.ny.gov/environmental-protection/water/water-quantity/dam-safety-coastal-flood-protection/dam-safety", "ref_lat": null, "ref_lon": null, "km_from_ref": 7.0, "aquifer_setting": "bedrock (outside mapped unconsolidated aquifer)", "km_to_nearest_valley_aquifer": 0.91, "dec_basin": "Catskill Creek", "dec_permit_basin": "13-09", "in_basic_creek_res_catchment": "no"}}, {"type": "Feature", "geometry": {"type": "Point", "coordinates": [-74.07472222, 42.52138889]}, "properties": {"STATE_ID": "190-3412", "FEDERAL_ID": "NY13086", "dam_name": "Snyder Farm Pond Dam", "alt_name": null, "county": "Albany", "Municipalities": "Town of Westerlo", "basin": "LOWER HUDSON", "stream": "TR-BASIC CREEK", "Owners": "Paul Pezzolla", "transect": "T1 Hannacroix/Basic \u2192 Alcove \u2192 Albany", "OwnerType": "Private", "Purposes": "Other, Recreation", "hazard_class": "Low Hazard Dam", "hazard_code": "A", "LastConditionRating": "Unsound - More Analysis needed", "LastInspection": "4/2/2019", "EAP_STATUS": "On File", "YEARBUILT": 1965.0, "ConstructionTypes": "RE - Earth", "height_ft": 12.0, "length_ft": 500.0, "normal_storage_acft": 44.0, "max_storage_acft": 47.0, "surface_area_ac": 11.0, "drainage_area_sqmi": 0.11, "spillway_type": "Drop Inlet or Riser", "url": "https://dec.ny.gov/environmental-protection/water/water-quantity/dam-safety-coastal-flood-protection/dam-safety", "ref_lat": null, "ref_lon": null, "km_from_ref": 5.8, "aquifer_setting": "bedrock (outside mapped unconsolidated aquifer)", "km_to_nearest_valley_aquifer": 0.29, "dec_basin": "Catskill Creek", "dec_permit_basin": "13-09", "in_basic_creek_res_catchment": "yes"}}, {"type": "Feature", "geometry": {"type": "Point", "coordinates": [-74.09805556, 42.55833333]}, "properties": {"STATE_ID": "190-0249", "FEDERAL_ID": "NY13607", "dam_name": "South Berne Pond Dam", "alt_name": null, "county": "Albany", "Municipalities": "Town of Berne", "basin": "MOHAWK", "stream": "SWITZ KILL", "Owners": "CYNTHIA MALONE", "transect": "Schoharie side (west of divide)", "OwnerType": "Private", "Purposes": "Other", "hazard_class": "Low Hazard Dam", "hazard_code": "A", "LastConditionRating": "Not Rated", "LastInspection": "6/24/2010", "EAP_STATUS": null, "YEARBUILT": null, "ConstructionTypes": "ST - Laid Up Stone", "height_ft": 30.0, "length_ft": 60.0, "normal_storage_acft": null, "max_storage_acft": null, "surface_area_ac": null, "drainage_area_sqmi": null, "spillway_type": "Uncontrolled Overflow", "url": "https://dec.ny.gov/environmental-protection/water/water-quantity/dam-safety-coastal-flood-protection/dam-safety", "ref_lat": null, "ref_lon": null, "km_from_ref": 6.2, "aquifer_setting": "bedrock (outside mapped unconsolidated aquifer)", "km_to_nearest_valley_aquifer": 2.23, "dec_basin": "Schoharie Creek *", "dec_permit_basin": "12-02", "in_basic_creek_res_catchment": "no"}}, {"type": "Feature", "geometry": {"type": "Point", "coordinates": [-74.10138889, 42.55277778]}, "properties": {"STATE_ID": "190-3309", "FEDERAL_ID": "NY13084", "dam_name": "Student Prince Restaurant Pond Dam", "alt_name": null, "county": "Albany", "Municipalities": "Not Found", "basin": "MOHAWK", "stream": "TR-SWITZ KILL", "Owners": "WILLIAM SCHOEPP", "transect": "Schoharie side (west of divide)", "OwnerType": null, "Purposes": "Recreation", "hazard_class": "Low Hazard Dam", "hazard_code": "A", "LastConditionRating": "Not Rated", "LastInspection": "7/17/1980", "EAP_STATUS": null, "YEARBUILT": 1964.0, "ConstructionTypes": "RE - Earth", "height_ft": 20.0, "length_ft": 900.0, "normal_storage_acft": 40.0, "max_storage_acft": 50.0, "surface_area_ac": 8.0, "drainage_area_sqmi": 0.08, "spillway_type": "Drop Inlet or Riser", "url": "https://dec.ny.gov/environmental-protection/water/water-quantity/dam-safety-coastal-flood-protection/dam-safety", "ref_lat": null, "ref_lon": null, "km_from_ref": 5.5, "aquifer_setting": "bedrock (outside mapped unconsolidated aquifer)", "km_to_nearest_valley_aquifer": 1.79, "dec_basin": "Schoharie Creek *", "dec_permit_basin": "12-02", "in_basic_creek_res_catchment": "no"}}, {"type": "Feature", "geometry": {"type": "Point", "coordinates": [-74.18666667, 42.43555556]}, "properties": {"STATE_ID": "191-3964", "FEDERAL_ID": "NY13117", "dam_name": "Sue Haven Farm Pond Dam", "alt_name": null, "county": "Albany", "Municipalities": "Not Found", "basin": "LOWER HUDSON", "stream": "TR-CATSKILL CREEK", "Owners": "SUE HAVEN FARMS INC", "transect": "T2 Ten Mile/Catskill Creek \u2192 Cairo \u2192 Catskill", "OwnerType": null, "Purposes": "Other", "hazard_class": "Low Hazard Dam", "hazard_code": "A", "LastConditionRating": "Not Rated", "LastInspection": "9/25/1974", "EAP_STATUS": null, "YEARBUILT": 1973.0, "ConstructionTypes": "RE - Earth", "height_ft": 13.0, "length_ft": 720.0, "normal_storage_acft": 10.0, "max_storage_acft": 13.0, "surface_area_ac": 3.0, "drainage_area_sqmi": 0.07, "spillway_type": "Drop Inlet or Riser", "url": "https://dec.ny.gov/environmental-protection/water/water-quantity/dam-safety-coastal-flood-protection/dam-safety", "ref_lat": null, "ref_lon": null, "km_from_ref": 9.5, "aquifer_setting": "bedrock (outside mapped unconsolidated aquifer)", "km_to_nearest_valley_aquifer": 0.68, "dec_basin": "Catskill Creek", "dec_permit_basin": "13-09", "in_basic_creek_res_catchment": "no"}}, {"type": "Feature", "geometry": {"type": "Point", "coordinates": [-73.76083333, 42.67027778]}, "properties": {"STATE_ID": "208-4335", "FEDERAL_ID": "NY13383", "dam_name": "Tivoli Lake Dam", "alt_name": null, "county": "Albany", "Municipalities": "City of Albany", "basin": "LOWER HUDSON", "stream": "TR-HUDSON RIVER", "Owners": "ALBANY WATER BOARD", "transect": null, "OwnerType": "Local Government", "Purposes": "Recreation", "hazard_class": "Low Hazard Dam", "hazard_code": "A", "LastConditionRating": "Not Rated", "LastInspection": "10/1/2020", "EAP_STATUS": "On File", "YEARBUILT": 1851.0, "ConstructionTypes": "RE - Earth", "height_ft": 9.0, "length_ft": 400.0, "normal_storage_acft": 25.0, "max_storage_acft": 52.0, "surface_area_ac": 3.2, "drainage_area_sqmi": 0.2, "spillway_type": "Uncontrolled Overflow", "url": "https://dec.ny.gov/environmental-protection/water/water-quantity/dam-safety-coastal-flood-protection/dam-safety", "ref_lat": null, "ref_lon": null, "km_from_ref": 35.9, "aquifer_setting": "bedrock (outside mapped unconsolidated aquifer)", "km_to_nearest_valley_aquifer": 0.06, "dec_basin": "Lower Hudson Main Stem", "dec_permit_basin": "13-01", "in_basic_creek_res_catchment": "no"}}, {"type": "Feature", "geometry": {"type": "Point", "coordinates": [-74.17630556, 42.56822222]}, "properties": {"STATE_ID": "190-3093", "FEDERAL_ID": "NY13081", "dam_name": "Tubbs Pond Dam", "alt_name": "Partridge Run Game Dam", "county": "Albany", "Municipalities": "Town of Berne", "basin": "MOHAWK", "stream": "TR-SWITZ KILL", "Owners": "NYS DEC", "transect": "Schoharie side (west of divide)", "OwnerType": "State", "Purposes": "Other", "hazard_class": "Low Hazard Dam", "hazard_code": "A", "LastConditionRating": "Not Rated", "LastInspection": "7/10/1980", "EAP_STATUS": null, "YEARBUILT": 1962.0, "ConstructionTypes": "RE - Earth", "height_ft": 11.0, "length_ft": 200.0, "normal_storage_acft": 69.0, "max_storage_acft": 147.0, "surface_area_ac": 17.0, "drainage_area_sqmi": 1.8, "spillway_type": "Uncontrolled Overflow", "url": "https://dec.ny.gov/environmental-protection/water/water-quantity/dam-safety-coastal-flood-protection/dam-safety", "ref_lat": null, "ref_lon": null, "km_from_ref": 6.4, "aquifer_setting": "valley-fill aquifer: >100", "km_to_nearest_valley_aquifer": 0.0, "dec_basin": "Schoharie Creek *", "dec_permit_basin": "12-02", "in_basic_creek_res_catchment": "no"}}, {"type": "Feature", "geometry": {"type": "Point", "coordinates": [-74.12138889, 42.43333333]}, "properties": {"STATE_ID": "191-2187", "FEDERAL_ID": "NY13102", "dam_name": "Vagt Wildlife Marsh Dam", "alt_name": null, "county": "Albany", "Municipalities": "Not Found", "basin": "LOWER HUDSON", "stream": "TR-EIGHT MILE CREEK", "Owners": "LINDA PELTIER", "transect": null, "OwnerType": null, "Purposes": "Other", "hazard_class": "Low Hazard Dam", "hazard_code": "A", "LastConditionRating": "Not Rated", "LastInspection": "5/30/2000", "EAP_STATUS": null, "YEARBUILT": 1954.0, "ConstructionTypes": "RE - Earth", "height_ft": 6.0, "length_ft": 165.0, "normal_storage_acft": 16.0, "max_storage_acft": 17.0, "surface_area_ac": 8.0, "drainage_area_sqmi": 0.13, "spillway_type": "Drop Inlet or Riser", "url": "https://dec.ny.gov/environmental-protection/water/water-quantity/dam-safety-coastal-flood-protection/dam-safety", "ref_lat": null, "ref_lon": null, "km_from_ref": 9.3, "aquifer_setting": "valley-fill aquifer: 10-100", "km_to_nearest_valley_aquifer": 0.0, "dec_basin": "Catskill Creek", "dec_permit_basin": "13-09", "in_basic_creek_res_catchment": "no"}}, {"type": "Feature", "geometry": {"type": "Point", "coordinates": [-74.01194444, 42.55777778]}, "properties": {"STATE_ID": "190-4872", "FEDERAL_ID": "NY13095", "dam_name": "Van Hoesen Dam", "alt_name": null, "county": "Albany", "Municipalities": "Not Found", "basin": "LOWER HUDSON", "stream": "TR-HANNACROIS CREEK", "Owners": "SAM VAN HOESEN", "transect": "T1 Hannacroix/Basic \u2192 Alcove \u2192 Albany", "OwnerType": null, "Purposes": "Recreation", "hazard_class": "Low Hazard Dam", "hazard_code": "A", "LastConditionRating": "Not Rated", "LastInspection": "5/16/1986", "EAP_STATUS": null, "YEARBUILT": 1985.0, "ConstructionTypes": "RE - Earth", "height_ft": 8.0, "length_ft": 85.0, "normal_storage_acft": null, "max_storage_acft": 4.0, "surface_area_ac": 3.0, "drainage_area_sqmi": 0.39, "spillway_type": "Culvert - No Control", "url": "https://dec.ny.gov/environmental-protection/water/water-quantity/dam-safety-coastal-flood-protection/dam-safety", "ref_lat": null, "ref_lon": null, "km_from_ref": 11.9, "aquifer_setting": "bedrock (outside mapped unconsolidated aquifer)", "km_to_nearest_valley_aquifer": 1.75, "dec_basin": "Lower Hudson Main Stem", "dec_permit_basin": "13-01", "in_basic_creek_res_catchment": "no"}}, {"type": "Feature", "geometry": {"type": "Point", "coordinates": [-73.90638889, 42.65888889]}, "properties": {"STATE_ID": "208-0949", "FEDERAL_ID": "NY13362", "dam_name": "Vly Creek Dam", "alt_name": null, "county": "Albany", "Municipalities": "Town of New Scotland", "basin": "LOWER HUDSON", "stream": "VLY CREEK", "Owners": "John Waldman", "transect": "Onesquethaw/Vly (escarpment, karst side)", "OwnerType": "Private", "Purposes": "Recreation", "hazard_class": "Low Hazard Dam", "hazard_code": "A", "LastConditionRating": "Not Rated", "LastInspection": "9/3/2020", "EAP_STATUS": "On File", "YEARBUILT": 1932.0, "ConstructionTypes": "CN - Concrete Gravity, RE - Earth", "height_ft": 19.5, "length_ft": 85.0, "normal_storage_acft": 25.0, "max_storage_acft": 27.0, "surface_area_ac": 5.0, "drainage_area_sqmi": 14.4, "spillway_type": "Uncontrolled Overflow", "url": "https://dec.ny.gov/environmental-protection/water/water-quantity/dam-safety-coastal-flood-protection/dam-safety", "ref_lat": null, "ref_lon": null, "km_from_ref": 25.2, "aquifer_setting": "bedrock (outside mapped unconsolidated aquifer)", "km_to_nearest_valley_aquifer": 0.65, "dec_basin": "Normanskill Creek", "dec_permit_basin": "13-11", "in_basic_creek_res_catchment": "no"}}, {"type": "Feature", "geometry": {"type": "Point", "coordinates": [-73.94111111, 42.58916667]}, "properties": {"STATE_ID": "208-2379", "FEDERAL_ID": "NY00096", "dam_name": "Vly Creek Reservoir Dam", "alt_name": null, "county": "Albany", "Municipalities": "Town of New Scotland", "basin": "LOWER HUDSON", "stream": "TR-ONESQUETHAW CREEK", "Owners": "TOWN OF BETHLEHEM", "transect": "Onesquethaw/Vly (escarpment, karst side)", "OwnerType": "Local Government", "Purposes": "Water Supply - Primary", "hazard_class": "High Hazard Dam", "hazard_code": "C", "LastConditionRating": "No deficiencies noted", "LastInspection": "4/9/2024", "EAP_STATUS": "On File", "YEARBUILT": 1957.0, "ConstructionTypes": "RE - Earth", "height_ft": 25.0, "length_ft": 338.0, "normal_storage_acft": 4486.0, "max_storage_acft": 5227.0, "surface_area_ac": 240.5, "drainage_area_sqmi": 2.67, "spillway_type": "Gated", "url": "https://dec.ny.gov/environmental-protection/water/water-quantity/dam-safety-coastal-flood-protection/dam-safety", "ref_lat": null, "ref_lon": null, "km_from_ref": 18.6, "aquifer_setting": "bedrock (outside mapped unconsolidated aquifer)", "km_to_nearest_valley_aquifer": 0.54, "dec_basin": "Lower Hudson Main Stem", "dec_permit_basin": "13-01", "in_basic_creek_res_catchment": "no"}}, {"type": "Feature", "geometry": {"type": "Point", "coordinates": [-73.95555556, 42.61555556]}, "properties": {"STATE_ID": "208-2378", "FEDERAL_ID": "NY00097", "dam_name": "Vly Creek Reservoir Dike", "alt_name": "Vly Reservoir", "county": "Albany", "Municipalities": "Town of New Scotland", "basin": "LOWER HUDSON", "stream": "VLY CREEK", "Owners": "TOWN OF BETHLEHEM", "transect": "Onesquethaw/Vly (escarpment, karst side)", "OwnerType": "Local Government", "Purposes": "Water Supply - Primary", "hazard_class": "High Hazard Dam", "hazard_code": "C", "LastConditionRating": "No deficiencies noted", "LastInspection": "4/9/2024", "EAP_STATUS": "On File", "YEARBUILT": 1957.0, "ConstructionTypes": "RE - Earth", "height_ft": 40.0, "length_ft": 0.0, "normal_storage_acft": 4486.0, "max_storage_acft": 5227.0, "surface_area_ac": 240.5, "drainage_area_sqmi": 2.67, "spillway_type": null, "url": "https://dec.ny.gov/environmental-protection/water/water-quantity/dam-safety-coastal-flood-protection/dam-safety", "ref_lat": null, "ref_lon": null, "km_from_ref": 19.1, "aquifer_setting": "bedrock (outside mapped unconsolidated aquifer)", "km_to_nearest_valley_aquifer": 0.8, "dec_basin": "Lower Hudson Main Stem", "dec_permit_basin": "13-01", "in_basic_creek_res_catchment": "no"}}, {"type": "Feature", "geometry": {"type": "Point", "coordinates": [-74.15461111, 42.56652778]}, "properties": {"STATE_ID": "190-5886", "FEDERAL_ID": "NY17051", "dam_name": "WHITE BIRCH POND DAM", "alt_name": null, "county": "Albany", "Municipalities": "Town of Berne", "basin": "MOHAWK", "stream": "tributary to Switz Kill", "Owners": "NYS DEC  DIVISION OF FISH AND WILDLIFE", "transect": "Schoharie side (west of divide)", "OwnerType": "State", "Purposes": "Fish and Wildlife Pond", "hazard_class": "Low Hazard Dam", "hazard_code": "A", "LastConditionRating": "Not Rated", "LastInspection": null, "EAP_STATUS": null, "YEARBUILT": null, "ConstructionTypes": "MS - Masonry", "height_ft": 17.0, "length_ft": 101.0, "normal_storage_acft": 56.0, "max_storage_acft": 135.0, "surface_area_ac": 11.0, "drainage_area_sqmi": 3.1, "spillway_type": "Uncontrolled Overflow", "url": "https://dec.ny.gov/environmental-protection/water/water-quantity/dam-safety-coastal-flood-protection/dam-safety", "ref_lat": null, "ref_lon": null, "km_from_ref": 5.8, "aquifer_setting": "bedrock (outside mapped unconsolidated aquifer)", "km_to_nearest_valley_aquifer": 0.07, "dec_basin": "Schoharie Creek *", "dec_permit_basin": "12-02", "in_basic_creek_res_catchment": "no"}}, {"type": "Feature", "geometry": {"type": "Point", "coordinates": [-73.90333333, 42.64666667]}, "properties": {"STATE_ID": "208-2545", "FEDERAL_ID": "NY13370", "dam_name": "Wais Pond Dam #1", "alt_name": null, "county": "Albany", "Municipalities": "Not Found", "basin": "LOWER HUDSON", "stream": "TR-NORMANS KILL", "Owners": "WILLIAM WAIS", "transect": null, "OwnerType": null, "Purposes": "Fire Protection, Stock, Or Small Farm Pond", "hazard_class": "Low Hazard Dam", "hazard_code": "A", "LastConditionRating": "Not Rated", "LastInspection": "8/30/1970", "EAP_STATUS": null, "YEARBUILT": 1957.0, "ConstructionTypes": "RE - Earth", "height_ft": 12.0, "length_ft": 350.0, "normal_storage_acft": 6.0, "max_storage_acft": 8.0, "surface_area_ac": 2.0, "drainage_area_sqmi": 0.01, "spillway_type": "Drop Inlet or Riser", "url": "https://dec.ny.gov/environmental-protection/water/water-quantity/dam-safety-coastal-flood-protection/dam-safety", "ref_lat": null, "ref_lon": null, "km_from_ref": 24.6, "aquifer_setting": "valley-fill aquifer: 10-100", "km_to_nearest_valley_aquifer": 0.0, "dec_basin": "Normanskill Creek", "dec_permit_basin": "13-11", "in_basic_creek_res_catchment": "no"}}, {"type": "Feature", "geometry": {"type": "Point", "coordinates": [-73.90333333, 42.64638889]}, "properties": {"STATE_ID": "208-2770", "FEDERAL_ID": "NY13373", "dam_name": "Wais Pond Dam #2", "alt_name": null, "county": "Albany", "Municipalities": "Not Found", "basin": "LOWER HUDSON", "stream": "TR-NORMANS KILL", "Owners": "WILLIAM WAIS", "transect": null, "OwnerType": null, "Purposes": "Recreation", "hazard_class": "Low Hazard Dam", "hazard_code": "A", "LastConditionRating": "Not Rated", "LastInspection": "8/3/1970", "EAP_STATUS": null, "YEARBUILT": 1959.0, "ConstructionTypes": "RE - Earth", "height_ft": 13.0, "length_ft": 220.0, "normal_storage_acft": 17.0, "max_storage_acft": 18.0, "surface_area_ac": 4.0, "drainage_area_sqmi": 0.22, "spillway_type": "Drop Inlet or Riser", "url": "https://dec.ny.gov/environmental-protection/water/water-quantity/dam-safety-coastal-flood-protection/dam-safety", "ref_lat": null, "ref_lon": null, "km_from_ref": 24.6, "aquifer_setting": "valley-fill aquifer: 10-100", "km_to_nearest_valley_aquifer": 0.0, "dec_basin": "Normanskill Creek", "dec_permit_basin": "13-11", "in_basic_creek_res_catchment": "no"}}, {"type": "Feature", "geometry": {"type": "Point", "coordinates": [-73.89055556, 42.68305556]}, "properties": {"STATE_ID": "208-4948", "FEDERAL_ID": "NY01591", "dam_name": "Waldens Pond Dam", "alt_name": null, "county": "Albany", "Municipalities": "Town of Guilderland", "basin": "LOWER HUDSON", "stream": "TR-BLACKHOUSE CREEK", "Owners": "TOWN OF GUILDERLAND", "transect": null, "OwnerType": "Local Government", "Purposes": "Flood Control and Storm Water Management, Recreation", "hazard_class": "Low Hazard Dam", "hazard_code": "A", "LastConditionRating": "Unsound - More Analysis needed", "LastInspection": "4/2/2019", "EAP_STATUS": "On File", "YEARBUILT": 1991.0, "ConstructionTypes": "RE - Earth", "height_ft": 26.0, "length_ft": 1050.0, "normal_storage_acft": 32.0, "max_storage_acft": 104.0, "surface_area_ac": 5.0, "drainage_area_sqmi": 0.56, "spillway_type": "Drop Inlet or Riser", "url": "https://dec.ny.gov/environmental-protection/water/water-quantity/dam-safety-coastal-flood-protection/dam-safety", "ref_lat": null, "ref_lon": null, "km_from_ref": 28.0, "aquifer_setting": "bedrock (outside mapped unconsolidated aquifer)", "km_to_nearest_valley_aquifer": 0.1, "dec_basin": "Normanskill Creek", "dec_permit_basin": "13-11", "in_basic_creek_res_catchment": "no"}}, {"type": "Feature", "geometry": {"type": "Point", "coordinates": [-74.075, 42.62083333]}, "properties": {"STATE_ID": "190-3340", "FEDERAL_ID": "NY00590", "dam_name": "Warner Lake Dam", "alt_name": null, "county": "Albany", "Municipalities": "Town of Berne", "basin": "MOHAWK", "stream": "TR-FOX CREEK", "Owners": "WARNERS LAKE IMPROVEMENT ASSOCIATION, INC", "transect": "Schoharie side (west of divide)", "OwnerType": "Private", "Purposes": "Recreation", "hazard_class": "Intermediate Hazard Dam", "hazard_code": "B", "LastConditionRating": "Unsound - Fair", "LastInspection": "4/9/2024", "EAP_STATUS": "On File", "YEARBUILT": 1964.0, "ConstructionTypes": "RE - Earth", "height_ft": 10.0, "length_ft": 70.0, "normal_storage_acft": 168.0, "max_storage_acft": 270.0, "surface_area_ac": 120.0, "drainage_area_sqmi": 1.88, "spillway_type": "Drop Inlet or Riser", "url": "https://dec.ny.gov/environmental-protection/water/water-quantity/dam-safety-coastal-flood-protection/dam-safety", "ref_lat": null, "ref_lon": null, "km_from_ref": 13.1, "aquifer_setting": "bedrock (outside mapped unconsolidated aquifer)", "km_to_nearest_valley_aquifer": 5.05, "dec_basin": "Schoharie Creek *", "dec_permit_basin": "12-02", "in_basic_creek_res_catchment": "no"}}, {"type": "Feature", "geometry": {"type": "Point", "coordinates": [-73.99416667, 42.60222222]}, "properties": {"STATE_ID": "208-3296", "FEDERAL_ID": "NY13378", "dam_name": "Water District #1 Dam", "alt_name": null, "county": "Albany", "Municipalities": "Town of New Scotland", "basin": "LOWER HUDSON", "stream": "TR-ONESQUETHAW CREEK", "Owners": "TOWN OF BETHLEHEM", "transect": "Onesquethaw/Vly (escarpment, karst side)", "OwnerType": "Local Government", "Purposes": "Water Supply - Primary", "hazard_class": "Low Hazard Dam", "hazard_code": "A", "LastConditionRating": "Not Rated", "LastInspection": "9/11/2007", "EAP_STATUS": null, "YEARBUILT": 1964.0, "ConstructionTypes": "CN - Concrete Gravity", "height_ft": 7.0, "length_ft": 52.0, "normal_storage_acft": 2.0, "max_storage_acft": 3.0, "surface_area_ac": 1.0, "drainage_area_sqmi": 1.84, "spillway_type": "Uncontrolled Overflow", "url": "https://dec.ny.gov/environmental-protection/water/water-quantity/dam-safety-coastal-flood-protection/dam-safety", "ref_lat": null, "ref_lon": null, "km_from_ref": 15.7, "aquifer_setting": "bedrock (outside mapped unconsolidated aquifer)", "km_to_nearest_valley_aquifer": 1.86, "dec_basin": "Lower Hudson Main Stem", "dec_permit_basin": "13-01", "in_basic_creek_res_catchment": "no"}}, {"type": "Feature", "geometry": {"type": "Point", "coordinates": [-73.74055556, 42.73222222]}, "properties": {"STATE_ID": "226-1402", "FEDERAL_ID": "NY13743", "dam_name": "Watervliet Balancing Reservoir Dam", "alt_name": null, "county": "Albany", "Municipalities": "Town of Colonie", "basin": "LOWER HUDSON", "stream": "TR-HUDSON RIVER", "Owners": "CITY OF WATERVLIET", "transect": null, "OwnerType": "Local Government", "Purposes": "Water Supply - Primary", "hazard_class": "Intermediate Hazard Dam", "hazard_code": "B", "LastConditionRating": "Deficiently maintained", "LastInspection": "4/25/2024", "EAP_STATUS": "On File", "YEARBUILT": 1915.0, "ConstructionTypes": "RE - Earth", "height_ft": 20.0, "length_ft": null, "normal_storage_acft": 12.0, "max_storage_acft": 14.0, "surface_area_ac": 2.0, "drainage_area_sqmi": null, "spillway_type": "Drop Inlet or Riser", "url": "https://dec.ny.gov/environmental-protection/water/water-quantity/dam-safety-coastal-flood-protection/dam-safety", "ref_lat": null, "ref_lon": null, "km_from_ref": 41.0, "aquifer_setting": "bedrock (outside mapped unconsolidated aquifer)", "km_to_nearest_valley_aquifer": 0.32, "dec_basin": "Lower Hudson Main Stem", "dec_permit_basin": "13-01", "in_basic_creek_res_catchment": "no"}}, {"type": "Feature", "geometry": {"type": "Point", "coordinates": [-73.71477778, 42.73658333]}, "properties": {"STATE_ID": "226-1407", "FEDERAL_ID": "NY01357", "dam_name": "Watervliet Lower Dam", "alt_name": null, "county": "Albany", "Municipalities": "City of Watervliet, Town of Colonie", "basin": "LOWER HUDSON", "stream": "DRY RIVER", "Owners": "CITY OF WATERVLIET", "transect": null, "OwnerType": "Local Government", "Purposes": "Flood Control and Storm Water Management", "hazard_class": "High Hazard Dam", "hazard_code": "C", "LastConditionRating": "Deficiently maintained", "LastInspection": "4/25/2024", "EAP_STATUS": "On File", "YEARBUILT": 1912.0, "ConstructionTypes": "CB - Buttress", "height_ft": 27.0, "length_ft": 108.0, "normal_storage_acft": 0.0, "max_storage_acft": 53.0, "surface_area_ac": 0.0, "drainage_area_sqmi": 3.4, "spillway_type": "Gated", "url": "https://dec.ny.gov/environmental-protection/water/water-quantity/dam-safety-coastal-flood-protection/dam-safety", "ref_lat": null, "ref_lon": null, "km_from_ref": 43.0, "aquifer_setting": "bedrock (outside mapped unconsolidated aquifer)", "km_to_nearest_valley_aquifer": 0.61, "dec_basin": "Lower Hudson Main Stem", "dec_permit_basin": "13-01", "in_basic_creek_res_catchment": "no"}}, {"type": "Feature", "geometry": {"type": "Point", "coordinates": [-73.73416667, 42.74166667]}, "properties": {"STATE_ID": "226-1413", "FEDERAL_ID": "NY13744", "dam_name": "Watervliet Middle Dam", "alt_name": null, "county": "Albany", "Municipalities": "Not Found", "basin": "LOWER HUDSON", "stream": "TR-HUDSON RIVER", "Owners": "CITY OF WATERVLIET", "transect": null, "OwnerType": "Local Government", "Purposes": "Other", "hazard_class": "Hazard Classification Not Assigned", "hazard_code": "0", "LastConditionRating": "Not Rated", "LastInspection": "7/25/1980", "EAP_STATUS": null, "YEARBUILT": 1911.0, "ConstructionTypes": "CN - Concrete Gravity", "height_ft": null, "length_ft": null, "normal_storage_acft": null, "max_storage_acft": null, "surface_area_ac": null, "drainage_area_sqmi": null, "spillway_type": null, "url": "https://dec.ny.gov/environmental-protection/water/water-quantity/dam-safety-coastal-flood-protection/dam-safety", "ref_lat": null, "ref_lon": null, "km_from_ref": 42.0, "aquifer_setting": "bedrock (outside mapped unconsolidated aquifer)", "km_to_nearest_valley_aquifer": 1.09, "dec_basin": "Lower Hudson Main Stem", "dec_permit_basin": "13-01", "in_basic_creek_res_catchment": "no"}}, {"type": "Feature", "geometry": {"type": "Point", "coordinates": [-73.96083333, 42.71138889]}, "properties": {"STATE_ID": "208-1101", "FEDERAL_ID": "NY00088", "dam_name": "Watervliet Reservoir Dam", "alt_name": null, "county": "Albany", "Municipalities": "Town of Guilderland", "basin": "LOWER HUDSON", "stream": "NORMANS KILL", "Owners": "CITY OF WATERVLIET", "transect": null, "OwnerType": "Local Government", "Purposes": "Hydroelectric, Water Supply - Primary", "hazard_class": "High Hazard Dam", "hazard_code": "C", "LastConditionRating": "Not Rated", "LastInspection": "8/30/2011", "EAP_STATUS": "On File", "YEARBUILT": 1916.0, "ConstructionTypes": "CB - Buttress", "height_ft": 36.0, "length_ft": 380.0, "normal_storage_acft": 5000.0, "max_storage_acft": 8990.0, "surface_area_ac": 430.0, "drainage_area_sqmi": 113.6, "spillway_type": "Uncontrolled Overflow with flasboards", "url": "https://dec.ny.gov/environmental-protection/water/water-quantity/dam-safety-coastal-flood-protection/dam-safety", "ref_lat": null, "ref_lon": null, "km_from_ref": 26.5, "aquifer_setting": "bedrock (outside mapped unconsolidated aquifer)", "km_to_nearest_valley_aquifer": 0.26, "dec_basin": "Normanskill Creek", "dec_permit_basin": "13-11", "in_basic_creek_res_catchment": "no"}}, {"type": "Feature", "geometry": {"type": "Point", "coordinates": [-73.71916667, 42.74083333]}, "properties": {"STATE_ID": "226-1412", "FEDERAL_ID": "NY01356", "dam_name": "Watervliet Upper Dam", "alt_name": null, "county": "Albany", "Municipalities": "Town of Colonie", "basin": "LOWER HUDSON", "stream": "DRY RIVER", "Owners": "CITY OF WATERVLIET", "transect": null, "OwnerType": "Local Government", "Purposes": "Flood Control and Storm Water Management", "hazard_class": "High Hazard Dam", "hazard_code": "C", "LastConditionRating": "Deficiently maintained", "LastInspection": "4/25/2024", "EAP_STATUS": "On File", "YEARBUILT": 1912.0, "ConstructionTypes": "RE - Earth", "height_ft": 72.0, "length_ft": 500.0, "normal_storage_acft": 0.0, "max_storage_acft": 1217.0, "surface_area_ac": 0.0, "drainage_area_sqmi": 2.88, "spillway_type": "Drop Inlet or Riser", "url": "https://dec.ny.gov/environmental-protection/water/water-quantity/dam-safety-coastal-flood-protection/dam-safety", "ref_lat": null, "ref_lon": null, "km_from_ref": 43.0, "aquifer_setting": "bedrock (outside mapped unconsolidated aquifer)", "km_to_nearest_valley_aquifer": 1.1, "dec_basin": "Lower Hudson Main Stem", "dec_permit_basin": "13-01", "in_basic_creek_res_catchment": "no"}}, {"type": "Feature", "geometry": {"type": "Point", "coordinates": [-74.18138889, 42.57888889]}, "properties": {"STATE_ID": "190-6067", "FEDERAL_ID": "NY17240", "dam_name": "Waxwing Pond Dam", "alt_name": null, "county": "Albany", "Municipalities": "Town of Berne", "basin": "MOHAWK", "stream": "Unnamed trib to Switz Kill", "Owners": "NYS DEC  DIVISION OF FISH AND WILDLIFE", "transect": "Schoharie side (west of divide)", "OwnerType": "State", "Purposes": "Not Found", "hazard_class": "Low Hazard Dam", "hazard_code": "A", "LastConditionRating": "Not Rated", "LastInspection": null, "EAP_STATUS": null, "YEARBUILT": null, "ConstructionTypes": "RE - Earth", "height_ft": 5.0, "length_ft": 350.0, "normal_storage_acft": 4.0, "max_storage_acft": 5.5, "surface_area_ac": 2.8, "drainage_area_sqmi": 0.14, "spillway_type": "Drop Inlet or Riser", "url": "https://dec.ny.gov/environmental-protection/water/water-quantity/dam-safety-coastal-flood-protection/dam-safety", "ref_lat": null, "ref_lon": null, "km_from_ref": 7.7, "aquifer_setting": "bedrock (outside mapped unconsolidated aquifer)", "km_to_nearest_valley_aquifer": 0.43, "dec_basin": "Schoharie Creek *", "dec_permit_basin": "12-02", "in_basic_creek_res_catchment": "no"}}, {"type": "Feature", "geometry": {"type": "Point", "coordinates": [-73.77888889, 42.69083333]}, "properties": {"STATE_ID": "208-4367", "FEDERAL_ID": "NY01491", "dam_name": "West Albany Storm Retention Basin A Dam", "alt_name": "Sand Creek Storm Rtntn Dam", "county": "Albany", "Municipalities": "Town of Colonie", "basin": "LOWER HUDSON", "stream": "SAND CREEK", "Owners": "TOWN OF COLONIE", "transect": null, "OwnerType": "Local Government", "Purposes": "Flood Control and Storm Water Management", "hazard_class": "Intermediate Hazard Dam", "hazard_code": "B", "LastConditionRating": "Deficiently maintained", "LastInspection": "2/16/2023", "EAP_STATUS": "On File", "YEARBUILT": 1980.0, "ConstructionTypes": "RE - Earth", "height_ft": 21.0, "length_ft": 180.0, "normal_storage_acft": 0.0, "max_storage_acft": 61.0, "surface_area_ac": null, "drainage_area_sqmi": 2.43, "spillway_type": "Drop Inlet or Riser", "url": "https://dec.ny.gov/environmental-protection/water/water-quantity/dam-safety-coastal-flood-protection/dam-safety", "ref_lat": null, "ref_lon": null, "km_from_ref": 35.8, "aquifer_setting": "valley-fill aquifer: >100", "km_to_nearest_valley_aquifer": 0.0, "dec_basin": "Lower Hudson Main Stem", "dec_permit_basin": "13-01", "in_basic_creek_res_catchment": "no"}}, {"type": "Feature", "geometry": {"type": "Point", "coordinates": [-73.77833333, 42.69213889]}, "properties": {"STATE_ID": "208-5982", "FEDERAL_ID": "NY17154", "dam_name": "West Albany Storm Retention Basin B Dam", "alt_name": null, "county": "Albany", "Municipalities": "Town of Colonie", "basin": "LOWER HUDSON", "stream": "Sand Creek", "Owners": "TOWN OF COLONIE", "transect": null, "OwnerType": "Local Government", "Purposes": "Flood Control and Storm Water Management", "hazard_class": "Intermediate Hazard Dam", "hazard_code": "B", "LastConditionRating": "Unsound - More Analysis needed", "LastInspection": "2/16/2023", "EAP_STATUS": null, "YEARBUILT": null, "ConstructionTypes": "RE - Earth", "height_ft": 9.0, "length_ft": 160.0, "normal_storage_acft": 0.0, "max_storage_acft": 23.8, "surface_area_ac": 0.0, "drainage_area_sqmi": 2.19, "spillway_type": "Culvert - No Control", "url": "https://dec.ny.gov/environmental-protection/water/water-quantity/dam-safety-coastal-flood-protection/dam-safety", "ref_lat": null, "ref_lon": null, "km_from_ref": 35.9, "aquifer_setting": "valley-fill aquifer: >100", "km_to_nearest_valley_aquifer": 0.0, "dec_basin": "Lower Hudson Main Stem", "dec_permit_basin": "13-01", "in_basic_creek_res_catchment": "no"}}, {"type": "Feature", "geometry": {"type": "Point", "coordinates": [-73.75916667, 42.5825]}, "properties": {"STATE_ID": "208-1290", "FEDERAL_ID": "NY13366", "dam_name": "Wheeler Pond Dam", "alt_name": null, "county": "Albany", "Municipalities": "Town of Bethlehem", "basin": "LOWER HUDSON", "stream": "TR-HUDSON RIVER", "Owners": "WHEELER & SONS", "transect": null, "OwnerType": null, "Purposes": "Other", "hazard_class": "Low Hazard Dam", "hazard_code": "A", "LastConditionRating": "Unsound - Deficiency Recognized", "LastInspection": "4/2/2019", "EAP_STATUS": null, "YEARBUILT": 1915.0, "ConstructionTypes": "RE - Earth, CN - Concrete Gravity", "height_ft": 16.0, "length_ft": 300.0, "normal_storage_acft": 30.0, "max_storage_acft": 32.0, "surface_area_ac": 6.0, "drainage_area_sqmi": 0.01, "spillway_type": "Uncontrolled Overflow", "url": "https://dec.ny.gov/environmental-protection/water/water-quantity/dam-safety-coastal-flood-protection/dam-safety", "ref_lat": null, "ref_lon": null, "km_from_ref": 32.5, "aquifer_setting": "bedrock (outside mapped unconsolidated aquifer)", "km_to_nearest_valley_aquifer": 0.11, "dec_basin": "Lower Hudson Main Stem", "dec_permit_basin": "13-01", "in_basic_creek_res_catchment": "no"}}, {"type": "Feature", "geometry": {"type": "Point", "coordinates": [-74.22194444, 42.52388889]}, "properties": {"STATE_ID": "190-2952", "FEDERAL_ID": "NY13077", "dam_name": "Widlund Pond Dam", "alt_name": null, "county": "Albany", "Municipalities": "Not Found", "basin": "LOWER HUDSON", "stream": "TR-LAKE CREEK", "Owners": "DONALD E WIDLUND", "transect": null, "OwnerType": null, "Purposes": "Other", "hazard_class": "Low Hazard Dam", "hazard_code": "A", "LastConditionRating": "Not Rated", "LastInspection": "5/30/2000", "EAP_STATUS": null, "YEARBUILT": 1960.0, "ConstructionTypes": "CN - Concrete Gravity", "height_ft": 14.0, "length_ft": 400.0, "normal_storage_acft": 36.0, "max_storage_acft": 37.0, "surface_area_ac": 8.0, "drainage_area_sqmi": 1.0, "spillway_type": null, "url": "https://dec.ny.gov/environmental-protection/water/water-quantity/dam-safety-coastal-flood-protection/dam-safety", "ref_lat": null, "ref_lon": null, "km_from_ref": 6.4, "aquifer_setting": "bedrock (outside mapped unconsolidated aquifer)", "km_to_nearest_valley_aquifer": 0.56, "dec_basin": "Catskill Creek", "dec_permit_basin": "13-09", "in_basic_creek_res_catchment": "no"}}, {"type": "Feature", "geometry": {"type": "Point", "coordinates": [-74.17472222, 42.36305556]}, "properties": {"STATE_ID": "191-3939", "FEDERAL_ID": "NY13116", "dam_name": "Abbuhl & Hosley Pond Dam", "alt_name": null, "county": "Greene", "Municipalities": "Town of Durham", "basin": "LOWER HUDSON", "stream": "TR-THORP CREEK", "Owners": "Cornwallville Conservation Corporation", "transect": null, "OwnerType": "Private", "Purposes": "Recreation", "hazard_class": "Low Hazard Dam", "hazard_code": "A", "LastConditionRating": "Not Rated", "LastInspection": "6/2/2022", "EAP_STATUS": null, "YEARBUILT": 1971.0, "ConstructionTypes": "RE - Earth", "height_ft": 15.0, "length_ft": 280.0, "normal_storage_acft": 16.0, "max_storage_acft": 20.0, "surface_area_ac": 3.0, "drainage_area_sqmi": 0.13, "spillway_type": "Drop Inlet or Riser", "url": "https://dec.ny.gov/environmental-protection/water/water-quantity/dam-safety-coastal-flood-protection/dam-safety", "ref_lat": null, "ref_lon": null, "km_from_ref": 17.1, "aquifer_setting": "bedrock (outside mapped unconsolidated aquifer)", "km_to_nearest_valley_aquifer": 1.21, "dec_basin": "Catskill Creek", "dec_permit_basin": "13-09", "in_basic_creek_res_catchment": "no"}}, {"type": "Feature", "geometry": {"type": "Point", "coordinates": [-74.33138889, 42.19805556]}, "properties": {"STATE_ID": "176-4192", "FEDERAL_ID": "NY12915", "dam_name": "Adar Dam", "alt_name": null, "county": "Greene", "Municipalities": "Town of Lexington", "basin": "MOHAWK", "stream": "TR-WEST KILL", "Owners": "URIEL ADAR", "transect": null, "OwnerType": null, "Purposes": "Recreation", "hazard_class": "Low Hazard Dam", "hazard_code": "A", "LastConditionRating": "Not Rated", "LastInspection": "6/28/1994", "EAP_STATUS": null, "YEARBUILT": 1975.0, "ConstructionTypes": "RE - Earth", "height_ft": 10.0, "length_ft": 520.0, "normal_storage_acft": 10.0, "max_storage_acft": 13.0, "surface_area_ac": 1.5, "drainage_area_sqmi": 0.08, "spillway_type": "Drop Inlet or Riser", "url": "https://dec.ny.gov/environmental-protection/water/water-quantity/dam-safety-coastal-flood-protection/dam-safety", "ref_lat": null, "ref_lon": null, "km_from_ref": 38.4, "aquifer_setting": "bedrock (outside mapped unconsolidated aquifer)", "km_to_nearest_valley_aquifer": 2.73, "dec_basin": "Schoharie Creek * (w/I NY watershed)", "dec_permit_basin": "12-02*", "in_basic_creek_res_catchment": "no"}}, {"type": "Feature", "geometry": {"type": "Point", "coordinates": [-73.87333333, 42.43555556]}, "properties": {"STATE_ID": "209-4752A", "FEDERAL_ID": "NY13406", "dam_name": "Aiello Pond #1 Dam", "alt_name": null, "county": "Greene", "Municipalities": "Town of New Baltimore", "basin": "LOWER HUDSON", "stream": null, "Owners": "ANTHONY AIELLO", "transect": null, "OwnerType": null, "Purposes": "Recreation", "hazard_class": "Low Hazard Dam", "hazard_code": "A", "LastConditionRating": "Not Rated", "LastInspection": "8/3/1981", "EAP_STATUS": null, "YEARBUILT": 1981.0, "ConstructionTypes": "RE - Earth", "height_ft": 14.0, "length_ft": null, "normal_storage_acft": 9.0, "max_storage_acft": 11.0, "surface_area_ac": 2.0, "drainage_area_sqmi": null, "spillway_type": "Uncontrolled Overflow", "url": "https://dec.ny.gov/environmental-protection/water/water-quantity/dam-safety-coastal-flood-protection/dam-safety", "ref_lat": null, "ref_lon": null, "km_from_ref": 23.9, "aquifer_setting": "bedrock (outside mapped unconsolidated aquifer)", "km_to_nearest_valley_aquifer": 2.41, "dec_basin": "Lower Hudson Main Stem", "dec_permit_basin": "13-01", "in_basic_creek_res_catchment": "no"}}, {"type": "Feature", "geometry": {"type": "Point", "coordinates": [-73.87388889, 42.43555556]}, "properties": {"STATE_ID": "209-4752B", "FEDERAL_ID": "NY13407", "dam_name": "Aiello Pond #2 Dam", "alt_name": null, "county": "Greene", "Municipalities": "Town of New Baltimore", "basin": "LOWER HUDSON", "stream": null, "Owners": "ANTHONY AIELLO", "transect": null, "OwnerType": null, "Purposes": "Fire Protection, Stock, Or Small Farm Pond, Recreation", "hazard_class": "Low Hazard Dam", "hazard_code": "A", "LastConditionRating": "Not Rated", "LastInspection": "8/3/1981", "EAP_STATUS": null, "YEARBUILT": 1981.0, "ConstructionTypes": "RE - Earth", "height_ft": 20.0, "length_ft": 51.0, "normal_storage_acft": 3.0, "max_storage_acft": 4.0, "surface_area_ac": 1.0, "drainage_area_sqmi": null, "spillway_type": "Drop Inlet or Riser", "url": "https://dec.ny.gov/environmental-protection/water/water-quantity/dam-safety-coastal-flood-protection/dam-safety", "ref_lat": null, "ref_lon": null, "km_from_ref": 23.9, "aquifer_setting": "bedrock (outside mapped unconsolidated aquifer)", "km_to_nearest_valley_aquifer": 2.44, "dec_basin": "Lower Hudson Main Stem", "dec_permit_basin": "13-01", "in_basic_creek_res_catchment": "no"}}, {"type": "Feature", "geometry": {"type": "Point", "coordinates": [-74.16555556, 42.37416667]}, "properties": {"STATE_ID": "191-3477", "FEDERAL_ID": "NY13109", "dam_name": "Albanese Pond Dam", "alt_name": null, "county": "Greene", "Municipalities": "Town of Durham", "basin": "LOWER HUDSON", "stream": "TR-CATSKILL CREEK", "Owners": "Not Found", "transect": "T2 Ten Mile/Catskill Creek \u2192 Cairo \u2192 Catskill", "OwnerType": "Not Found", "Purposes": "Recreation", "hazard_class": "Low Hazard Dam", "hazard_code": "A", "LastConditionRating": "Not Rated", "LastInspection": "3/15/2000", "EAP_STATUS": null, "YEARBUILT": 1965.0, "ConstructionTypes": "RE - Earth", "height_ft": 10.0, "length_ft": 860.0, "normal_storage_acft": 8.0, "max_storage_acft": 10.0, "surface_area_ac": 3.0, "drainage_area_sqmi": 0.02, "spillway_type": null, "url": "https://dec.ny.gov/environmental-protection/water/water-quantity/dam-safety-coastal-flood-protection/dam-safety", "ref_lat": null, "ref_lon": null, "km_from_ref": 15.7, "aquifer_setting": "bedrock (outside mapped unconsolidated aquifer)", "km_to_nearest_valley_aquifer": 0.26, "dec_basin": "Catskill Creek", "dec_permit_basin": "13-09", "in_basic_creek_res_catchment": "no"}}, {"type": "Feature", "geometry": {"type": "Point", "coordinates": [-73.82472222, 42.27916667]}, "properties": {"STATE_ID": "209-3322", "FEDERAL_ID": "NY13393", "dam_name": "Albright Brothers Pond Dam", "alt_name": null, "county": "Greene", "Municipalities": "Town of Athens", "basin": "LOWER HUDSON", "stream": "TR-HUDSON RIVER", "Owners": "ALBRIGHT BROTHERS", "transect": null, "OwnerType": null, "Purposes": "Fire Protection, Stock, Or Small Farm Pond, Recreation", "hazard_class": "Low Hazard Dam", "hazard_code": "A", "LastConditionRating": "Not Rated", "LastInspection": "12/3/1970", "EAP_STATUS": null, "YEARBUILT": 1964.0, "ConstructionTypes": "RE - Earth", "height_ft": 10.0, "length_ft": 240.0, "normal_storage_acft": 4.0, "max_storage_acft": 5.0, "surface_area_ac": 1.0, "drainage_area_sqmi": 0.02, "spillway_type": "Drop Inlet or Riser", "url": "https://dec.ny.gov/environmental-protection/water/water-quantity/dam-safety-coastal-flood-protection/dam-safety", "ref_lat": null, "ref_lon": null, "km_from_ref": 37.1, "aquifer_setting": "bedrock (outside mapped unconsolidated aquifer)", "km_to_nearest_valley_aquifer": 1.87, "dec_basin": "Lower Hudson Main Stem", "dec_permit_basin": "13-01", "in_basic_creek_res_catchment": "no"}}, {"type": "Feature", "geometry": {"type": "Point", "coordinates": [-73.82277778, 42.26583333]}, "properties": {"STATE_ID": "209-1068", "FEDERAL_ID": "NY13388", "dam_name": "Athens Dam", "alt_name": null, "county": "Greene", "Municipalities": "Town of Athens", "basin": "LOWER HUDSON", "stream": "TR-HUDSON RIVER", "Owners": "VILLAGE OF ATHENS", "transect": null, "OwnerType": "Local Government", "Purposes": "Water Supply - Secondary", "hazard_class": "Low Hazard Dam", "hazard_code": "A", "LastConditionRating": "Not Rated", "LastInspection": "10/20/1994", "EAP_STATUS": null, "YEARBUILT": 1926.0, "ConstructionTypes": "CN - Concrete Gravity", "height_ft": 24.0, "length_ft": 283.0, "normal_storage_acft": 4.0, "max_storage_acft": 6.0, "surface_area_ac": 1.0, "drainage_area_sqmi": 0.0, "spillway_type": "Drop Inlet or Riser", "url": "https://dec.ny.gov/environmental-protection/water/water-quantity/dam-safety-coastal-flood-protection/dam-safety", "ref_lat": null, "ref_lon": null, "km_from_ref": 38.2, "aquifer_setting": "bedrock (outside mapped unconsolidated aquifer)", "km_to_nearest_valley_aquifer": 0.95, "dec_basin": "Lower Hudson Main Stem", "dec_permit_basin": "13-01", "in_basic_creek_res_catchment": "no"}}, {"type": "Feature", "geometry": {"type": "Point", "coordinates": [-73.88138889, 42.31333333]}, "properties": {"STATE_ID": "209-1099", "FEDERAL_ID": "NY00285", "dam_name": "Athens Water Supply Dam", "alt_name": "Hollister Lake", "county": "Greene", "Municipalities": "Town of Athens", "basin": "LOWER HUDSON", "stream": "HANS VOSEN KILL", "Owners": "VILLAGE OF ATHENS", "transect": null, "OwnerType": "Local Government", "Purposes": "Water Supply - Primary", "hazard_class": "Intermediate Hazard Dam", "hazard_code": "B", "LastConditionRating": "Unsound - Fair", "LastInspection": "4/17/2025", "EAP_STATUS": "On File", "YEARBUILT": 1925.0, "ConstructionTypes": "RE - Earth", "height_ft": 8.0, "length_ft": 250.0, "normal_storage_acft": 140.0, "max_storage_acft": 160.0, "surface_area_ac": 50.0, "drainage_area_sqmi": 1.75, "spillway_type": "Uncontrolled Overflow", "url": "https://dec.ny.gov/environmental-protection/water/water-quantity/dam-safety-coastal-flood-protection/dam-safety", "ref_lat": null, "ref_lon": null, "km_from_ref": 31.1, "aquifer_setting": "bedrock (outside mapped unconsolidated aquifer)", "km_to_nearest_valley_aquifer": 2.27, "dec_basin": "Catskill Creek", "dec_permit_basin": "13-09", "in_basic_creek_res_catchment": "no"}}, {"type": "Feature", "geometry": {"type": "Point", "coordinates": [-74.17611111, 42.28805556]}, "properties": {"STATE_ID": "191-3901", "FEDERAL_ID": "NY00615", "dam_name": "Batavia Kill Watershed Dam #1", "alt_name": "Cd Lane Park", "county": "Greene", "Municipalities": "Town of Windham", "basin": "MOHAWK", "stream": "BATAVIA KILL", "Owners": "BATAVIA KILL WATERSHED DISTRICT", "transect": null, "OwnerType": "Local Government", "Purposes": "Flood Control and Storm Water Management, Recreation", "hazard_class": "High Hazard Dam", "hazard_code": "C", "LastConditionRating": "No deficiencies noted", "LastInspection": "10/24/2024", "EAP_STATUS": "On File", "YEARBUILT": 1974.0, "ConstructionTypes": "RE - Earth", "height_ft": 74.0, "length_ft": 1800.0, "normal_storage_acft": 307.0, "max_storage_acft": 3598.0, "surface_area_ac": 26.0, "drainage_area_sqmi": 9.6, "spillway_type": "Drop Inlet or Riser", "url": "https://dec.ny.gov/environmental-protection/water/water-quantity/dam-safety-coastal-flood-protection/dam-safety", "ref_lat": null, "ref_lon": null, "km_from_ref": 25.3, "aquifer_setting": "bedrock (outside mapped unconsolidated aquifer)", "km_to_nearest_valley_aquifer": 1.36, "dec_basin": "Schoharie Creek * (w/I NY watershed)", "dec_permit_basin": "12-02*", "in_basic_creek_res_catchment": "no"}}, {"type": "Feature", "geometry": {"type": "Point", "coordinates": [-74.2325, 42.32111111]}, "properties": {"STATE_ID": "191-3818", "FEDERAL_ID": "NY00608", "dam_name": "Batavia Kill Watershed Dam #3", "alt_name": "Nauvoo Rd Dam", "county": "Greene", "Municipalities": "Town of Windham", "basin": "MOHAWK", "stream": "TR-BATAVIA KILL", "Owners": "BATAVIA KILL WATERSHED DISTRICT", "transect": null, "OwnerType": "Local Government", "Purposes": "Flood Control and Storm Water Management", "hazard_class": "High Hazard Dam", "hazard_code": "C", "LastConditionRating": "No deficiencies noted", "LastInspection": "10/24/2024", "EAP_STATUS": "On File", "YEARBUILT": 1970.0, "ConstructionTypes": "RE - Earth", "height_ft": 63.0, "length_ft": 1100.0, "normal_storage_acft": 23.0, "max_storage_acft": 1415.0, "surface_area_ac": 5.0, "drainage_area_sqmi": 3.6, "spillway_type": "Drop Inlet or Riser", "url": "https://dec.ny.gov/environmental-protection/water/water-quantity/dam-safety-coastal-flood-protection/dam-safety", "ref_lat": null, "ref_lon": null, "km_from_ref": 22.7, "aquifer_setting": "bedrock (outside mapped unconsolidated aquifer)", "km_to_nearest_valley_aquifer": 0.52, "dec_basin": "Schoharie Creek * (w/I NY watershed)", "dec_permit_basin": "12-02*", "in_basic_creek_res_catchment": "no"}}, {"type": "Feature", "geometry": {"type": "Point", "coordinates": [-74.24777778, 42.33222222]}, "properties": {"STATE_ID": "191-3681", "FEDERAL_ID": "NY00570", "dam_name": "Batavia Kill Watershed Dam #4a", "alt_name": "Siam Rd-Gerald Kirk Memorial Dam", "county": "Greene", "Municipalities": "Town of Windham", "basin": "MOHAWK", "stream": "BATAVIA KILL", "Owners": "BATAVIA KILL WATERSHED DISTRICT", "transect": null, "OwnerType": "Local Government", "Purposes": "Flood Control and Storm Water Management", "hazard_class": "High Hazard Dam", "hazard_code": "C", "LastConditionRating": "No deficiencies noted", "LastInspection": "10/24/2024", "EAP_STATUS": "On File", "YEARBUILT": 1967.0, "ConstructionTypes": "RE - Earth", "height_ft": 57.0, "length_ft": 1400.0, "normal_storage_acft": 43.0, "max_storage_acft": 2928.0, "surface_area_ac": 10.0, "drainage_area_sqmi": 6.8, "spillway_type": "Drop Inlet or Riser", "url": "https://dec.ny.gov/environmental-protection/water/water-quantity/dam-safety-coastal-flood-protection/dam-safety", "ref_lat": null, "ref_lon": null, "km_from_ref": 22.0, "aquifer_setting": "valley-fill aquifer: 10-100", "km_to_nearest_valley_aquifer": 0.0, "dec_basin": "Schoharie Creek * (w/I NY watershed)", "dec_permit_basin": "12-02*", "in_basic_creek_res_catchment": "no"}}, {"type": "Feature", "geometry": {"type": "Point", "coordinates": [-73.89333333, 42.38833333]}, "properties": {"STATE_ID": "209-4590", "FEDERAL_ID": "NY01335", "dam_name": "Beaver Dam Lake Dam", "alt_name": null, "county": "Greene", "Municipalities": "Town of New Baltimore", "basin": "LOWER HUDSON", "stream": "POTIC CREEK", "Owners": "Ann Haskell", "transect": "T3 Potic/Cob Creek \u2192 Catskill village", "OwnerType": "Private", "Purposes": "Recreation", "hazard_class": "Low Hazard Dam", "hazard_code": "A", "LastConditionRating": "Not Rated", "LastInspection": "12/31/1901", "EAP_STATUS": null, "YEARBUILT": 1940.0, "ConstructionTypes": "RE - Earth", "height_ft": 7.0, "length_ft": 430.0, "normal_storage_acft": 53.0, "max_storage_acft": 53.0, "surface_area_ac": 17.0, "drainage_area_sqmi": null, "spillway_type": "Culvert - No Control", "url": "https://dec.ny.gov/environmental-protection/water/water-quantity/dam-safety-coastal-flood-protection/dam-safety", "ref_lat": null, "ref_lon": null, "km_from_ref": 25.0, "aquifer_setting": "valley-fill aquifer: 10-100", "km_to_nearest_valley_aquifer": 0.0, "dec_basin": "Catskill Creek", "dec_permit_basin": "13-09", "in_basic_creek_res_catchment": "no"}}, {"type": "Feature", "geometry": {"type": "Point", "coordinates": [-74.19222222, 42.25861111]}, "properties": {"STATE_ID": "191-3292", "FEDERAL_ID": "NY13107", "dam_name": "Beers Pond Dam", "alt_name": null, "county": "Greene", "Municipalities": "Town of Jewett", "basin": "LOWER HUDSON", "stream": "TR-EAST KILL", "Owners": "MAURICE BEERS", "transect": null, "OwnerType": null, "Purposes": "Recreation", "hazard_class": "Low Hazard Dam", "hazard_code": "A", "LastConditionRating": "Not Rated", "LastInspection": "4/15/1997", "EAP_STATUS": null, "YEARBUILT": 1964.0, "ConstructionTypes": "RE - Earth", "height_ft": 20.0, "length_ft": 500.0, "normal_storage_acft": 26.0, "max_storage_acft": 30.0, "surface_area_ac": 4.0, "drainage_area_sqmi": 0.29, "spillway_type": "Drop Inlet or Riser", "url": "https://dec.ny.gov/environmental-protection/water/water-quantity/dam-safety-coastal-flood-protection/dam-safety", "ref_lat": null, "ref_lon": null, "km_from_ref": 28.7, "aquifer_setting": "bedrock (outside mapped unconsolidated aquifer)", "km_to_nearest_valley_aquifer": 0.64, "dec_basin": "Schoharie Creek * (w/I NY watershed)", "dec_permit_basin": "12-02*", "in_basic_creek_res_catchment": "no"}}, {"type": "Feature", "geometry": {"type": "Point", "coordinates": [-74.19694444, 42.38916667]}, "properties": {"STATE_ID": "191-5382", "FEDERAL_ID": "NY15068", "dam_name": "Bocklet Dam", "alt_name": null, "county": "Greene", "Municipalities": "Town of Durham", "basin": "LOWER HUDSON", "stream": "TR-CATSKILL CREEK", "Owners": "CHARLES BOCKLET", "transect": "T2 Ten Mile/Catskill Creek \u2192 Cairo \u2192 Catskill", "OwnerType": null, "Purposes": "Recreation", "hazard_class": "Low Hazard Dam", "hazard_code": "A", "LastConditionRating": "Not Rated", "LastInspection": "6/5/2002", "EAP_STATUS": null, "YEARBUILT": 1999.0, "ConstructionTypes": "RE - Earth", "height_ft": 26.0, "length_ft": 500.0, "normal_storage_acft": null, "max_storage_acft": 9.38, "surface_area_ac": 6.6, "drainage_area_sqmi": null, "spillway_type": "Drop Inlet or Riser", "url": "https://dec.ny.gov/environmental-protection/water/water-quantity/dam-safety-coastal-flood-protection/dam-safety", "ref_lat": null, "ref_lon": null, "km_from_ref": 14.6, "aquifer_setting": "bedrock (outside mapped unconsolidated aquifer)", "km_to_nearest_valley_aquifer": 1.56, "dec_basin": "Catskill Creek", "dec_permit_basin": "13-09", "in_basic_creek_res_catchment": "no"}}, {"type": "Feature", "geometry": {"type": "Point", "coordinates": [-73.87, 42.34333333]}, "properties": {"STATE_ID": "209-1180", "FEDERAL_ID": "NY00094", "dam_name": "Bronck Lake Dam", "alt_name": null, "county": "Greene", "Municipalities": "Town of Coxsackie", "basin": "LOWER HUDSON", "stream": "TR-COXSACKIE CREEK", "Owners": "JOSEPH GARLAND", "transect": null, "OwnerType": null, "Purposes": "Recreation, Water Supply - Primary", "hazard_class": "Low Hazard Dam", "hazard_code": "A", "LastConditionRating": "Not Rated", "LastInspection": "4/21/1994", "EAP_STATUS": null, "YEARBUILT": 1941.0, "ConstructionTypes": "RE - Earth", "height_ft": 14.0, "length_ft": 240.0, "normal_storage_acft": 245.0, "max_storage_acft": 315.0, "surface_area_ac": 59.0, "drainage_area_sqmi": null, "spillway_type": "Uncontrolled Overflow", "url": "https://dec.ny.gov/environmental-protection/water/water-quantity/dam-safety-coastal-flood-protection/dam-safety", "ref_lat": null, "ref_lon": null, "km_from_ref": 29.5, "aquifer_setting": "bedrock (outside mapped unconsolidated aquifer)", "km_to_nearest_valley_aquifer": 2.07, "dec_basin": "Lower Hudson Main Stem", "dec_permit_basin": "13-01", "in_basic_creek_res_catchment": "no"}}, {"type": "Feature", "geometry": {"type": "Point", "coordinates": [-74.02472222, 42.30611111]}, "properties": {"STATE_ID": "191-5096", "FEDERAL_ID": "NY14735", "dam_name": "Cairo Water Company Dam #1", "alt_name": null, "county": "Greene", "Municipalities": "Town of Cairo", "basin": "LOWER HUDSON", "stream": "TR-CATSKILL CREEK", "Owners": "TOWN OF CAIRO", "transect": "T2 Ten Mile/Catskill Creek \u2192 Cairo \u2192 Catskill", "OwnerType": "Local Government", "Purposes": "Recreation", "hazard_class": "Low Hazard Dam", "hazard_code": "A", "LastConditionRating": "Not Rated", "LastInspection": "8/17/2017", "EAP_STATUS": null, "YEARBUILT": null, "ConstructionTypes": "RE - Earth", "height_ft": 25.0, "length_ft": 150.0, "normal_storage_acft": null, "max_storage_acft": null, "surface_area_ac": 2.0, "drainage_area_sqmi": null, "spillway_type": "Stop Log sluice", "url": "https://dec.ny.gov/environmental-protection/water/water-quantity/dam-safety-coastal-flood-protection/dam-safety", "ref_lat": null, "ref_lon": null, "km_from_ref": 25.2, "aquifer_setting": "bedrock (outside mapped unconsolidated aquifer)", "km_to_nearest_valley_aquifer": 0.69, "dec_basin": "Catskill Creek", "dec_permit_basin": "13-09", "in_basic_creek_res_catchment": "no"}}, {"type": "Feature", "geometry": {"type": "Point", "coordinates": [-74.11055556, 42.2375]}, "properties": {"STATE_ID": "192-3379", "FEDERAL_ID": "NY00552", "dam_name": "Camp Harriman Dam", "alt_name": "Lake Capra", "county": "Greene", "Municipalities": "Town of Jewett", "basin": "MOHAWK", "stream": "EAST KILL", "Owners": "NYS OFFICE FOR PEOPLE WITH DEVELOPMENTAL DISABILITIES", "transect": null, "OwnerType": "State", "Purposes": "Recreation", "hazard_class": "High Hazard Dam", "hazard_code": "C", "LastConditionRating": "No deficiencies noted", "LastInspection": "5/20/2024", "EAP_STATUS": "On File", "YEARBUILT": 1913.0, "ConstructionTypes": "ER - Rockfill, RE - Earth", "height_ft": 28.0, "length_ft": 640.0, "normal_storage_acft": 230.0, "max_storage_acft": 444.0, "surface_area_ac": 51.0, "drainage_area_sqmi": 4.58, "spillway_type": "Uncontrolled Overflow", "url": "https://dec.ny.gov/environmental-protection/water/water-quantity/dam-safety-coastal-flood-protection/dam-safety", "ref_lat": null, "ref_lon": null, "km_from_ref": 31.0, "aquifer_setting": "bedrock (outside mapped unconsolidated aquifer)", "km_to_nearest_valley_aquifer": 4.81, "dec_basin": "Schoharie Creek * (w/I NY watershed)", "dec_permit_basin": "12-02*", "in_basic_creek_res_catchment": "no"}}, {"type": "Feature", "geometry": {"type": "Point", "coordinates": [-74.025, 42.4]}, "properties": {"STATE_ID": "191-1697", "FEDERAL_ID": "NY00271", "dam_name": "Carelas Lake Dam", "alt_name": "Lake Barbara Dam", "county": "Greene", "Municipalities": "Town of Greenville", "basin": "LOWER HUDSON", "stream": "TR-BASIC CREEK", "Owners": "PETER CARELAS", "transect": "T1 Hannacroix/Basic \u2192 Alcove \u2192 Albany", "OwnerType": null, "Purposes": "Recreation", "hazard_class": "Low Hazard Dam", "hazard_code": "A", "LastConditionRating": "Not Rated", "LastInspection": "7/22/1980", "EAP_STATUS": null, "YEARBUILT": 1952.0, "ConstructionTypes": "RE - Earth", "height_ft": 10.0, "length_ft": 2160.0, "normal_storage_acft": 184.0, "max_storage_acft": 270.0, "surface_area_ac": 30.0, "drainage_area_sqmi": null, "spillway_type": null, "url": "https://dec.ny.gov/environmental-protection/water/water-quantity/dam-safety-coastal-flood-protection/dam-safety", "ref_lat": null, "ref_lon": null, "km_from_ref": 16.1, "aquifer_setting": "bedrock (outside mapped unconsolidated aquifer)", "km_to_nearest_valley_aquifer": 0.67, "dec_basin": "Catskill Creek", "dec_permit_basin": "13-09", "in_basic_creek_res_catchment": "no"}}, {"type": "Feature", "geometry": {"type": "Point", "coordinates": [-74.25666667, 42.23833333]}, "properties": {"STATE_ID": "176-3806", "FEDERAL_ID": "NY12914", "dam_name": "Cerny Pond Dam", "alt_name": null, "county": "Greene", "Municipalities": "Town of Jewett", "basin": "MOHAWK", "stream": "TR-SCHOHARIE CREEK", "Owners": "Not Found", "transect": "Schoharie side (west of divide)", "OwnerType": "Not Found", "Purposes": "Recreation", "hazard_class": "Low Hazard Dam", "hazard_code": "A", "LastConditionRating": "Not Rated", "LastInspection": "4/11/1995", "EAP_STATUS": null, "YEARBUILT": 1960.0, "ConstructionTypes": "RE - Earth", "height_ft": 16.0, "length_ft": 320.0, "normal_storage_acft": 16.0, "max_storage_acft": 17.0, "surface_area_ac": 3.0, "drainage_area_sqmi": 0.11, "spillway_type": "Drop Inlet or Riser", "url": "https://dec.ny.gov/environmental-protection/water/water-quantity/dam-safety-coastal-flood-protection/dam-safety", "ref_lat": null, "ref_lon": null, "km_from_ref": 32.1, "aquifer_setting": "bedrock (outside mapped unconsolidated aquifer)", "km_to_nearest_valley_aquifer": 0.56, "dec_basin": "Schoharie Creek * (w/I NY watershed)", "dec_permit_basin": "12-02*", "in_basic_creek_res_catchment": "no"}}, {"type": "Feature", "geometry": {"type": "Point", "coordinates": [-74.12166667, 42.23805556]}, "properties": {"STATE_ID": "192-0426", "FEDERAL_ID": "NY00879", "dam_name": "Colgate Lake Dam", "alt_name": null, "county": "Greene", "Municipalities": "Town of Jewett", "basin": "MOHAWK", "stream": "EAST KILL", "Owners": "NYS DEC DIVISION OF LANDS & FORESTS", "transect": null, "OwnerType": "State", "Purposes": "Recreation", "hazard_class": "Intermediate Hazard Dam", "hazard_code": "B", "LastConditionRating": "No deficiencies noted", "LastInspection": "5/20/2024", "EAP_STATUS": "On File", "YEARBUILT": 2007.0, "ConstructionTypes": "RE - Earth, CN - Concrete Gravity", "height_ft": 20.0, "length_ft": 400.0, "normal_storage_acft": 113.0, "max_storage_acft": 335.0, "surface_area_ac": 24.0, "drainage_area_sqmi": 5.1, "spillway_type": "Uncontrolled Overflow", "url": "https://dec.ny.gov/environmental-protection/water/water-quantity/dam-safety-coastal-flood-protection/dam-safety", "ref_lat": null, "ref_lon": null, "km_from_ref": 30.8, "aquifer_setting": "bedrock (outside mapped unconsolidated aquifer)", "km_to_nearest_valley_aquifer": 3.89, "dec_basin": "Schoharie Creek * (w/I NY watershed)", "dec_permit_basin": "12-02*", "in_basic_creek_res_catchment": "no"}}, {"type": "Feature", "geometry": {"type": "Point", "coordinates": [-73.85916667, 42.31666667]}, "properties": {"STATE_ID": "209-1101", "FEDERAL_ID": "NY13389", "dam_name": "Collins & Meurer Dam", "alt_name": null, "county": "Greene", "Municipalities": "Town of Coxsackie", "basin": "LOWER HUDSON", "stream": "COXSACKIE CREEK", "Owners": "AUDEN COLLINS & HENRY MEURER", "transect": null, "OwnerType": null, "Purposes": "Recreation", "hazard_class": "Low Hazard Dam", "hazard_code": "A", "LastConditionRating": "Not Rated", "LastInspection": "12/3/1970", "EAP_STATUS": null, "YEARBUILT": 1923.0, "ConstructionTypes": "RE - Earth, CN - Concrete Gravity", "height_ft": 4.0, "length_ft": 50.0, "normal_storage_acft": 1.0, "max_storage_acft": 2.0, "surface_area_ac": 1.0, "drainage_area_sqmi": null, "spillway_type": "Uncontrolled Overflow", "url": "https://dec.ny.gov/environmental-protection/water/water-quantity/dam-safety-coastal-flood-protection/dam-safety", "ref_lat": null, "ref_lon": null, "km_from_ref": 32.1, "aquifer_setting": "bedrock (outside mapped unconsolidated aquifer)", "km_to_nearest_valley_aquifer": 3.9, "dec_basin": "Lower Hudson Main Stem", "dec_permit_basin": "13-01", "in_basic_creek_res_catchment": "no"}}, {"type": "Feature", "geometry": {"type": "Point", "coordinates": [-74.04, 42.36944444]}, "properties": {"STATE_ID": "191-3155", "FEDERAL_ID": "NY13105", "dam_name": "Conservative Baptists Pond Dams A & B", "alt_name": null, "county": "Greene", "Municipalities": "Town of Greenville", "basin": "LOWER HUDSON", "stream": "TR-BASIC CREEK", "Owners": "CONSERVATIVE BAPTIST BIBLE CONFERENCE", "transect": "T1 Hannacroix/Basic \u2192 Alcove \u2192 Albany", "OwnerType": null, "Purposes": "Recreation", "hazard_class": "Low Hazard Dam", "hazard_code": "A", "LastConditionRating": "Not Rated", "LastInspection": "5/19/1999", "EAP_STATUS": null, "YEARBUILT": 1963.0, "ConstructionTypes": "RE - Earth", "height_ft": 11.0, "length_ft": 570.0, "normal_storage_acft": 9.0, "max_storage_acft": 11.0, "surface_area_ac": 3.0, "drainage_area_sqmi": 0.01, "spillway_type": "Drop Inlet or Riser", "url": "https://dec.ny.gov/environmental-protection/water/water-quantity/dam-safety-coastal-flood-protection/dam-safety", "ref_lat": null, "ref_lon": null, "km_from_ref": 18.3, "aquifer_setting": "bedrock (outside mapped unconsolidated aquifer)", "km_to_nearest_valley_aquifer": 0.16, "dec_basin": "Catskill Creek", "dec_permit_basin": "13-09", "in_basic_creek_res_catchment": "no"}}, {"type": "Feature", "geometry": {"type": "Point", "coordinates": [-74.02138889, 42.42527778]}, "properties": {"STATE_ID": "191-5089", "FEDERAL_ID": "NY14728", "dam_name": "Country Estates Retention Basin Dam", "alt_name": null, "county": "Greene", "Municipalities": "Town of Greenville", "basin": "LOWER HUDSON", "stream": "TR-BASIC CREEK", "Owners": "GREENVILLE COUNTRY ESTATES", "transect": "T1 Hannacroix/Basic \u2192 Alcove \u2192 Albany", "OwnerType": "Private", "Purposes": "Flood Control and Storm Water Management", "hazard_class": "Low Hazard Dam", "hazard_code": "A", "LastConditionRating": "Not Rated", "LastInspection": "7/3/2007", "EAP_STATUS": null, "YEARBUILT": null, "ConstructionTypes": "RE - Earth", "height_ft": 10.0, "length_ft": 350.0, "normal_storage_acft": null, "max_storage_acft": 22.0, "surface_area_ac": 0.5, "drainage_area_sqmi": 0.3, "spillway_type": "Culvert - No Control", "url": "https://dec.ny.gov/environmental-protection/water/water-quantity/dam-safety-coastal-flood-protection/dam-safety", "ref_lat": null, "ref_lon": null, "km_from_ref": 14.2, "aquifer_setting": "bedrock (outside mapped unconsolidated aquifer)", "km_to_nearest_valley_aquifer": 0.41, "dec_basin": "Catskill Creek", "dec_permit_basin": "13-09", "in_basic_creek_res_catchment": "no"}}, {"type": "Feature", "geometry": {"type": "Point", "coordinates": [-73.8275, 42.34361111]}, "properties": {"STATE_ID": "209-4802", "FEDERAL_ID": "NY01533", "dam_name": "Coxsackie Corr Fclty Retention Pnd Dam", "alt_name": null, "county": "Greene", "Municipalities": "Town of Coxsackie", "basin": "LOWER HUDSON", "stream": "TR-COXSACKIE CREEK", "Owners": "NYS Department of Corrections and Community Supervision - Faciltiies Planning", "transect": null, "OwnerType": "State", "Purposes": "Flood Control and Storm Water Management", "hazard_class": "Low Hazard Dam", "hazard_code": "A", "LastConditionRating": "Not Rated", "LastInspection": "6/27/1994", "EAP_STATUS": null, "YEARBUILT": null, "ConstructionTypes": "RE - Earth", "height_ft": 7.0, "length_ft": 1020.0, "normal_storage_acft": 10.0, "max_storage_acft": 63.0, "surface_area_ac": 15.0, "drainage_area_sqmi": 0.36, "spillway_type": "Culvert - No Control", "url": "https://dec.ny.gov/environmental-protection/water/water-quantity/dam-safety-coastal-flood-protection/dam-safety", "ref_lat": null, "ref_lon": null, "km_from_ref": 32.2, "aquifer_setting": "bedrock (outside mapped unconsolidated aquifer)", "km_to_nearest_valley_aquifer": 2.53, "dec_basin": "Lower Hudson Main Stem", "dec_permit_basin": "13-01", "in_basic_creek_res_catchment": "no"}}, {"type": "Feature", "geometry": {"type": "Point", "coordinates": [-73.85611111, 42.34972222]}, "properties": {"STATE_ID": "209-4568", "FEDERAL_ID": "NY01336", "dam_name": "Coxsackie Reservoir #2 Dam", "alt_name": null, "county": "Greene", "Municipalities": "Town of Coxsackie", "basin": "LOWER HUDSON", "stream": "TR-COXSACKIE CREEK", "Owners": "NYS Department of Corrections and Community Supervision - Faciltiies Planning", "transect": null, "OwnerType": "State", "Purposes": "Water Supply - Secondary", "hazard_class": "Low Hazard Dam", "hazard_code": "A", "LastConditionRating": "Unsound - Fair", "LastInspection": "4/17/2025", "EAP_STATUS": "On File", "YEARBUILT": 1950.0, "ConstructionTypes": "CN - Concrete Gravity", "height_ft": 30.0, "length_ft": 215.0, "normal_storage_acft": 165.0, "max_storage_acft": 190.0, "surface_area_ac": 16.0, "drainage_area_sqmi": null, "spillway_type": "Uncontrolled Overflow", "url": "https://dec.ny.gov/environmental-protection/water/water-quantity/dam-safety-coastal-flood-protection/dam-safety", "ref_lat": null, "ref_lon": null, "km_from_ref": 29.9, "aquifer_setting": "bedrock (outside mapped unconsolidated aquifer)", "km_to_nearest_valley_aquifer": 3.06, "dec_basin": "Lower Hudson Main Stem", "dec_permit_basin": "13-01", "in_basic_creek_res_catchment": "no"}}, {"type": "Feature", "geometry": {"type": "Point", "coordinates": [-73.865, 42.37027778]}, "properties": {"STATE_ID": "209-1154", "FEDERAL_ID": "NY00278", "dam_name": "Coxsackie Reservoir Dam", "alt_name": null, "county": "Greene", "Municipalities": "Town of Coxsackie", "basin": "LOWER HUDSON", "stream": "TR-COXSACKIE CREEK", "Owners": "VILLAGE OF COXSACKIE", "transect": null, "OwnerType": "Local Government", "Purposes": "Water Supply - Primary", "hazard_class": "Intermediate Hazard Dam", "hazard_code": "B", "LastConditionRating": "Unsound - More Analysis needed", "LastInspection": "5/20/2024", "EAP_STATUS": "On File", "YEARBUILT": 1940.0, "ConstructionTypes": "RE - Earth", "height_ft": 31.0, "length_ft": 360.0, "normal_storage_acft": 97.0, "max_storage_acft": 110.0, "surface_area_ac": 13.0, "drainage_area_sqmi": 4.76, "spillway_type": "Uncontrolled Overflow with flasboards", "url": "https://dec.ny.gov/environmental-protection/water/water-quantity/dam-safety-coastal-flood-protection/dam-safety", "ref_lat": null, "ref_lon": null, "km_from_ref": 28.0, "aquifer_setting": "bedrock (outside mapped unconsolidated aquifer)", "km_to_nearest_valley_aquifer": 2.09, "dec_basin": "Lower Hudson Main Stem", "dec_permit_basin": "13-01", "in_basic_creek_res_catchment": "no"}}, {"type": "Feature", "geometry": {"type": "Point", "coordinates": [-73.83027778, 42.45138889]}, "properties": {"STATE_ID": "209-2872", "FEDERAL_ID": "NY13390", "dam_name": "Deans Mill Dam", "alt_name": null, "county": "Greene", "Municipalities": "Town of New Baltimore", "basin": "LOWER HUDSON", "stream": "HANNACROIS CREEK", "Owners": "VILLAGE OF RAVENA", "transect": "T1 Hannacroix/Basic \u2192 Alcove \u2192 Albany", "OwnerType": "Local Government", "Purposes": "Water Supply - Primary", "hazard_class": "Low Hazard Dam", "hazard_code": "A", "LastConditionRating": "Not Rated", "LastInspection": "10/20/1994", "EAP_STATUS": null, "YEARBUILT": 1960.0, "ConstructionTypes": "CN - Concrete Gravity", "height_ft": 11.0, "length_ft": 200.0, "normal_storage_acft": 2.0, "max_storage_acft": 15.0, "surface_area_ac": 2.0, "drainage_area_sqmi": 27.44, "spillway_type": "Uncontrolled Overflow", "url": "https://dec.ny.gov/environmental-protection/water/water-quantity/dam-safety-coastal-flood-protection/dam-safety", "ref_lat": null, "ref_lon": null, "km_from_ref": 26.7, "aquifer_setting": "bedrock (outside mapped unconsolidated aquifer)", "km_to_nearest_valley_aquifer": 0.97, "dec_basin": "Lower Hudson Main Stem", "dec_permit_basin": "13-01", "in_basic_creek_res_catchment": "no"}}, {"type": "Feature", "geometry": {"type": "Point", "coordinates": [-74.2075, 42.20555556]}, "properties": {"STATE_ID": "192-4830", "FEDERAL_ID": "NY13134", "dam_name": "Dolan Lake Dam", "alt_name": null, "county": "Greene", "Municipalities": "Town of Hunter", "basin": "MOHAWK", "stream": "SCHOHARIE CREEK", "Owners": "HUNTER MOUNTAIN", "transect": "Schoharie side (west of divide)", "OwnerType": null, "Purposes": "Other", "hazard_class": "Low Hazard Dam", "hazard_code": "A", "LastConditionRating": "Not Rated", "LastInspection": "9/18/2002", "EAP_STATUS": null, "YEARBUILT": null, "ConstructionTypes": "OT - Other", "height_ft": 6.0, "length_ft": 40.0, "normal_storage_acft": 8.0, "max_storage_acft": null, "surface_area_ac": 4.0, "drainage_area_sqmi": null, "spillway_type": "Uncontrolled Overflow", "url": "https://dec.ny.gov/environmental-protection/water/water-quantity/dam-safety-coastal-flood-protection/dam-safety", "ref_lat": null, "ref_lon": null, "km_from_ref": 34.8, "aquifer_setting": "valley-fill aquifer: >100", "km_to_nearest_valley_aquifer": 0.0, "dec_basin": "Schoharie Creek * (w/I NY watershed)", "dec_permit_basin": "12-02*", "in_basic_creek_res_catchment": "no"}}, {"type": "Feature", "geometry": {"type": "Point", "coordinates": [-74.08611111, 42.34138889]}, "properties": {"STATE_ID": "191-5481", "FEDERAL_ID": "NY16100", "dam_name": "Durham Concert Site Dam And Dike", "alt_name": "Maldonado Dam And Dike", "county": "Greene", "Municipalities": "Town of Durham", "basin": "LOWER HUDSON", "stream": "BOWERY CREEK", "Owners": "VERONICA PALTEROVICH", "transect": "T2 Ten Mile/Catskill Creek \u2192 Cairo \u2192 Catskill", "OwnerType": null, "Purposes": "Recreation", "hazard_class": "Low Hazard Dam", "hazard_code": "A", "LastConditionRating": "Not Rated", "LastInspection": null, "EAP_STATUS": null, "YEARBUILT": 2003.0, "ConstructionTypes": "RE - Earth", "height_ft": 10.0, "length_ft": 400.0, "normal_storage_acft": 70.0, "max_storage_acft": null, "surface_area_ac": 20.0, "drainage_area_sqmi": null, "spillway_type": "Uncontrolled Overflow", "url": "https://dec.ny.gov/environmental-protection/water/water-quantity/dam-safety-coastal-flood-protection/dam-safety", "ref_lat": null, "ref_lon": null, "km_from_ref": 19.9, "aquifer_setting": "bedrock (outside mapped unconsolidated aquifer)", "km_to_nearest_valley_aquifer": 1.95, "dec_basin": "Catskill Creek", "dec_permit_basin": "13-09", "in_basic_creek_res_catchment": "no"}}, {"type": "Feature", "geometry": {"type": "Point", "coordinates": [-74.14833333, 42.24972222]}, "properties": {"STATE_ID": "192-1231", "FEDERAL_ID": "NY12330", "dam_name": "East Jewett Campsite Dam", "alt_name": null, "county": "Greene", "Municipalities": "Town of Jewett", "basin": "MOHAWK", "stream": "TR-EAST KILL", "Owners": "BOY SCOUTS OF AMERICA ULSTER-GREENE COUNCIL", "transect": null, "OwnerType": "Private", "Purposes": "Recreation", "hazard_class": "Low Hazard Dam", "hazard_code": "A", "LastConditionRating": "Not Rated", "LastInspection": "1/18/1973", "EAP_STATUS": null, "YEARBUILT": 1946.0, "ConstructionTypes": "RE - Earth", "height_ft": 16.0, "length_ft": 350.0, "normal_storage_acft": 5.0, "max_storage_acft": 16.0, "surface_area_ac": 3.0, "drainage_area_sqmi": 0.25, "spillway_type": "Uncontrolled Overflow", "url": "https://dec.ny.gov/environmental-protection/water/water-quantity/dam-safety-coastal-flood-protection/dam-safety", "ref_lat": null, "ref_lon": null, "km_from_ref": 29.5, "aquifer_setting": "bedrock (outside mapped unconsolidated aquifer)", "km_to_nearest_valley_aquifer": 1.89, "dec_basin": "Schoharie Creek * (w/I NY watershed)", "dec_permit_basin": "12-02*", "in_basic_creek_res_catchment": "no"}}, {"type": "Feature", "geometry": {"type": "Point", "coordinates": [-73.97, 42.205]}, "properties": {"STATE_ID": "210-4230", "FEDERAL_ID": "NY00833", "dam_name": "Friar Tuck Pond Dam", "alt_name": null, "county": "Greene", "Municipalities": "Town of Catskill", "basin": "LOWER HUDSON", "stream": "TR-VLY CREEK", "Owners": "STEPHEN CARIDI", "transect": "Onesquethaw/Vly (escarpment, karst side)", "OwnerType": null, "Purposes": "Recreation", "hazard_class": "Low Hazard Dam", "hazard_code": "A", "LastConditionRating": "Not Rated", "LastInspection": "3/16/2000", "EAP_STATUS": null, "YEARBUILT": 1975.0, "ConstructionTypes": "RE - Earth", "height_ft": 7.0, "length_ft": 2700.0, "normal_storage_acft": 128.0, "max_storage_acft": 150.0, "surface_area_ac": 21.0, "drainage_area_sqmi": null, "spillway_type": "Drop Inlet or Riser", "url": "https://dec.ny.gov/environmental-protection/water/water-quantity/dam-safety-coastal-flood-protection/dam-safety", "ref_lat": null, "ref_lon": null, "km_from_ref": 37.3, "aquifer_setting": "bedrock (outside mapped unconsolidated aquifer)", "km_to_nearest_valley_aquifer": 0.84, "dec_basin": "Catskill Creek", "dec_permit_basin": "13-09", "in_basic_creek_res_catchment": "no"}}, {"type": "Feature", "geometry": {"type": "Point", "coordinates": [-73.82972222, 42.27055556]}, "properties": {"STATE_ID": "209-4065", "FEDERAL_ID": "NY13404", "dam_name": "Girard Pond Dam", "alt_name": null, "county": "Greene", "Municipalities": "Town of Athens", "basin": "LOWER HUDSON", "stream": "TR-HUDSON RIVER", "Owners": "CARL W GIRARD", "transect": null, "OwnerType": null, "Purposes": "Recreation", "hazard_class": "Low Hazard Dam", "hazard_code": "A", "LastConditionRating": "Not Rated", "LastInspection": "6/27/1994", "EAP_STATUS": null, "YEARBUILT": 1973.0, "ConstructionTypes": "RE - Earth", "height_ft": 17.0, "length_ft": 340.0, "normal_storage_acft": 11.0, "max_storage_acft": 13.0, "surface_area_ac": 1.0, "drainage_area_sqmi": 0.1, "spillway_type": "Drop Inlet or Riser", "url": "https://dec.ny.gov/environmental-protection/water/water-quantity/dam-safety-coastal-flood-protection/dam-safety", "ref_lat": null, "ref_lon": null, "km_from_ref": 37.5, "aquifer_setting": "bedrock (outside mapped unconsolidated aquifer)", "km_to_nearest_valley_aquifer": 1.37, "dec_basin": "Lower Hudson Main Stem", "dec_permit_basin": "13-01", "in_basic_creek_res_catchment": "no"}}, {"type": "Feature", "geometry": {"type": "Point", "coordinates": [-74.0125, 42.38194444]}, "properties": {"STATE_ID": "191-4447", "FEDERAL_ID": "NY13122", "dam_name": "Helmut Philipp Pond Dam", "alt_name": null, "county": "Greene", "Municipalities": "Town of Greenville", "basin": "LOWER HUDSON", "stream": "TR-PLATTE KILL", "Owners": "HELMUT PHILIPP", "transect": "T2 Ten Mile/Catskill Creek \u2192 Cairo \u2192 Catskill", "OwnerType": null, "Purposes": "Recreation", "hazard_class": "Low Hazard Dam", "hazard_code": "A", "LastConditionRating": "Not Rated", "LastInspection": "6/28/1994", "EAP_STATUS": null, "YEARBUILT": 1981.0, "ConstructionTypes": "RE - Earth", "height_ft": 8.0, "length_ft": 1223.0, "normal_storage_acft": 19.0, "max_storage_acft": 22.0, "surface_area_ac": 3.0, "drainage_area_sqmi": 0.03, "spillway_type": "Drop Inlet or Riser", "url": "https://dec.ny.gov/environmental-protection/water/water-quantity/dam-safety-coastal-flood-protection/dam-safety", "ref_lat": null, "ref_lon": null, "km_from_ref": 18.3, "aquifer_setting": "bedrock (outside mapped unconsolidated aquifer)", "km_to_nearest_valley_aquifer": 1.61, "dec_basin": "Catskill Creek", "dec_permit_basin": "13-09", "in_basic_creek_res_catchment": "no"}}, {"type": "Feature", "geometry": {"type": "Point", "coordinates": [-73.93611111, 42.21888889]}, "properties": {"STATE_ID": "210-3466", "FEDERAL_ID": "NY13423", "dam_name": "Herbert Wolff Farm Pond Dam #1", "alt_name": null, "county": "Greene", "Municipalities": "Town of Catskill", "basin": "LOWER HUDSON", "stream": "TR-KAATERSKILL CREEK", "Owners": "HERBERT A WOLFF", "transect": null, "OwnerType": null, "Purposes": "Recreation", "hazard_class": "Low Hazard Dam", "hazard_code": "A", "LastConditionRating": "Not Rated", "LastInspection": "3/16/2000", "EAP_STATUS": null, "YEARBUILT": 1965.0, "ConstructionTypes": "RE - Earth", "height_ft": 12.0, "length_ft": 560.0, "normal_storage_acft": 6.0, "max_storage_acft": 6.0, "surface_area_ac": 1.0, "drainage_area_sqmi": 0.02, "spillway_type": "Drop Inlet or Riser", "url": "https://dec.ny.gov/environmental-protection/water/water-quantity/dam-safety-coastal-flood-protection/dam-safety", "ref_lat": null, "ref_lon": null, "km_from_ref": 37.1, "aquifer_setting": "bedrock (outside mapped unconsolidated aquifer)", "km_to_nearest_valley_aquifer": 2.21, "dec_basin": "Catskill Creek", "dec_permit_basin": "13-09", "in_basic_creek_res_catchment": "no"}}, {"type": "Feature", "geometry": {"type": "Point", "coordinates": [-73.94777778, 42.21861111]}, "properties": {"STATE_ID": "210-4754", "FEDERAL_ID": "NY13427", "dam_name": "Herbert Wolff Farm Pond Dam #2", "alt_name": null, "county": "Greene", "Municipalities": "Town of Catskill", "basin": "LOWER HUDSON", "stream": "TR-KAATERSKILL CREEK", "Owners": "HERBERT A WOLFF", "transect": null, "OwnerType": null, "Purposes": "Recreation", "hazard_class": "Low Hazard Dam", "hazard_code": "A", "LastConditionRating": "Not Rated", "LastInspection": "3/16/2000", "EAP_STATUS": null, "YEARBUILT": 1982.0, "ConstructionTypes": "RE - Earth", "height_ft": 10.0, "length_ft": 180.0, "normal_storage_acft": 7.0, "max_storage_acft": 14.0, "surface_area_ac": 2.0, "drainage_area_sqmi": 0.11, "spillway_type": "Drop Inlet or Riser", "url": "https://dec.ny.gov/environmental-protection/water/water-quantity/dam-safety-coastal-flood-protection/dam-safety", "ref_lat": null, "ref_lon": null, "km_from_ref": 36.7, "aquifer_setting": "bedrock (outside mapped unconsolidated aquifer)", "km_to_nearest_valley_aquifer": 1.25, "dec_basin": "Catskill Creek", "dec_permit_basin": "13-09", "in_basic_creek_res_catchment": "no"}}, {"type": "Feature", "geometry": {"type": "Point", "coordinates": [-73.97611111, 42.18444444]}, "properties": {"STATE_ID": "210-5379", "FEDERAL_ID": "NY15064", "dam_name": "High Falls Extention Mill Dam", "alt_name": null, "county": "Greene", "Municipalities": "Town of Catskill", "basin": "LOWER HUDSON", "stream": "KAATERSKILL CREEK", "Owners": "MRS ROBINSON", "transect": null, "OwnerType": null, "Purposes": "Other", "hazard_class": "Low Hazard Dam", "hazard_code": "A", "LastConditionRating": "Not Rated", "LastInspection": "10/2/1999", "EAP_STATUS": null, "YEARBUILT": 1860.0, "ConstructionTypes": "MS - Masonry", "height_ft": 8.0, "length_ft": 80.0, "normal_storage_acft": null, "max_storage_acft": 3.0, "surface_area_ac": 1.0, "drainage_area_sqmi": null, "spillway_type": null, "url": "https://dec.ny.gov/environmental-protection/water/water-quantity/dam-safety-coastal-flood-protection/dam-safety", "ref_lat": null, "ref_lon": null, "km_from_ref": 39.2, "aquifer_setting": "bedrock (outside mapped unconsolidated aquifer)", "km_to_nearest_valley_aquifer": 0.3, "dec_basin": "Catskill Creek", "dec_permit_basin": "13-09", "in_basic_creek_res_catchment": "no"}}, {"type": "Feature", "geometry": {"type": "Point", "coordinates": [-74.18111111, 42.38694444]}, "properties": {"STATE_ID": "191-3702", "FEDERAL_ID": "NY13112", "dam_name": "Hull Farm Pond Dam", "alt_name": null, "county": "Greene", "Municipalities": "Town of Durham", "basin": "LOWER HUDSON", "stream": "TR-CATSKILL CREEK", "Owners": "Not Found", "transect": "T2 Ten Mile/Catskill Creek \u2192 Cairo \u2192 Catskill", "OwnerType": "Not Found", "Purposes": "Fire Protection, Stock, Or Small Farm Pond, Recreation", "hazard_class": "Low Hazard Dam", "hazard_code": "A", "LastConditionRating": "Not Rated", "LastInspection": "3/15/2000", "EAP_STATUS": null, "YEARBUILT": 1967.0, "ConstructionTypes": "RE - Earth", "height_ft": 9.3, "length_ft": 160.0, "normal_storage_acft": 12.0, "max_storage_acft": 14.0, "surface_area_ac": 3.0, "drainage_area_sqmi": 0.1, "spillway_type": "Uncontrolled Overflow", "url": "https://dec.ny.gov/environmental-protection/water/water-quantity/dam-safety-coastal-flood-protection/dam-safety", "ref_lat": null, "ref_lon": null, "km_from_ref": 14.5, "aquifer_setting": "bedrock (outside mapped unconsolidated aquifer)", "km_to_nearest_valley_aquifer": 0.25, "dec_basin": "Catskill Creek", "dec_permit_basin": "13-09", "in_basic_creek_res_catchment": "no"}}, {"type": "Feature", "geometry": {"type": "Point", "coordinates": [-74.22444444, 42.21305556]}, "properties": {"STATE_ID": "192-5189", "FEDERAL_ID": "NY14847", "dam_name": "Hunter Mountain Lake Dam", "alt_name": null, "county": "Greene", "Municipalities": "Town of Hunter", "basin": "MOHAWK", "stream": "SCHOHARIE", "Owners": "HUNTER MOUNTAIN SKI BOWL, INC.", "transect": "Schoharie side (west of divide)", "OwnerType": "Private", "Purposes": "Water Supply - Secondary", "hazard_class": "High Hazard Dam", "hazard_code": "C", "LastConditionRating": "No deficiencies noted", "LastInspection": "5/20/2024", "EAP_STATUS": "On File", "YEARBUILT": 1993.0, "ConstructionTypes": "RE - Earth", "height_ft": 18.8, "length_ft": 1050.0, "normal_storage_acft": 170.0, "max_storage_acft": 376.0, "surface_area_ac": 12.1, "drainage_area_sqmi": 0.31, "spillway_type": "Drop Structure", "url": "https://dec.ny.gov/environmental-protection/water/water-quantity/dam-safety-coastal-flood-protection/dam-safety", "ref_lat": null, "ref_lon": null, "km_from_ref": 34.2, "aquifer_setting": "valley-fill aquifer: >100", "km_to_nearest_valley_aquifer": 0.0, "dec_basin": "Schoharie Creek * (w/I NY watershed)", "dec_permit_basin": "12-02*", "in_basic_creek_res_catchment": "no"}}, {"type": "Feature", "geometry": {"type": "Point", "coordinates": [-74.29166667, 42.28333333]}, "properties": {"STATE_ID": "175-4331", "FEDERAL_ID": "NY12907", "dam_name": "Ilnseher Pond Dam", "alt_name": null, "county": "Greene", "Municipalities": "Town of Jewett", "basin": "MOHAWK", "stream": "ROARING BROOK", "Owners": "FRANCOIS ILNSEHER", "transect": null, "OwnerType": null, "Purposes": "Recreation", "hazard_class": "Low Hazard Dam", "hazard_code": "A", "LastConditionRating": "Not Rated", "LastInspection": "5/26/1982", "EAP_STATUS": null, "YEARBUILT": 1980.0, "ConstructionTypes": "RE - Earth", "height_ft": 6.0, "length_ft": 540.0, "normal_storage_acft": 4.0, "max_storage_acft": 4.0, "surface_area_ac": 1.0, "drainage_area_sqmi": 1.72, "spillway_type": "Drop Inlet or Riser", "url": "https://dec.ny.gov/environmental-protection/water/water-quantity/dam-safety-coastal-flood-protection/dam-safety", "ref_lat": null, "ref_lon": null, "km_from_ref": 28.4, "aquifer_setting": "bedrock (outside mapped unconsolidated aquifer)", "km_to_nearest_valley_aquifer": 0.87, "dec_basin": "Schoharie Creek * (w/I NY watershed)", "dec_permit_basin": "12-02*", "in_basic_creek_res_catchment": "no"}}, {"type": "Feature", "geometry": {"type": "Point", "coordinates": [-74.24777778, 42.25388889]}, "properties": {"STATE_ID": "191-4942", "FEDERAL_ID": "NY13124", "dam_name": "John Galt Dam", "alt_name": null, "county": "Greene", "Municipalities": "Town of Jewett", "basin": "MOHAWK", "stream": "TR-EAST KILL", "Owners": "Papillon Lake LLC, Nilda Rodriguez", "transect": null, "OwnerType": "Private", "Purposes": "Recreation", "hazard_class": "Low Hazard Dam", "hazard_code": "A", "LastConditionRating": "Not Rated", "LastInspection": "5/10/2023", "EAP_STATUS": null, "YEARBUILT": 1990.0, "ConstructionTypes": "RE - Earth", "height_ft": 19.0, "length_ft": 358.0, "normal_storage_acft": 8.0, "max_storage_acft": 16.0, "surface_area_ac": 2.0, "drainage_area_sqmi": 0.56, "spillway_type": "Drop Inlet or Riser", "url": "https://dec.ny.gov/environmental-protection/water/water-quantity/dam-safety-coastal-flood-protection/dam-safety", "ref_lat": null, "ref_lon": null, "km_from_ref": 30.2, "aquifer_setting": "bedrock (outside mapped unconsolidated aquifer)", "km_to_nearest_valley_aquifer": 0.22, "dec_basin": "Schoharie Creek * (w/I NY watershed)", "dec_permit_basin": "12-02*", "in_basic_creek_res_catchment": "no"}}, {"type": "Feature", "geometry": {"type": "Point", "coordinates": [-74.01388889, 42.32083333]}, "properties": {"STATE_ID": "191-1106", "FEDERAL_ID": "NY00929", "dam_name": "Klatz Dam", "alt_name": "Woodstock Dam", "county": "Greene", "Municipalities": "Town of Cairo", "basin": "LOWER HUDSON", "stream": "CATSKILL CREEK", "Owners": "MARK KLATZ", "transect": "T2 Ten Mile/Catskill Creek \u2192 Cairo \u2192 Catskill", "OwnerType": null, "Purposes": "Other", "hazard_class": "Low Hazard Dam", "hazard_code": "A", "LastConditionRating": "Not Rated", "LastInspection": "8/17/2017", "EAP_STATUS": null, "YEARBUILT": 1907.0, "ConstructionTypes": "CB - Buttress", "height_ft": 24.0, "length_ft": 236.0, "normal_storage_acft": null, "max_storage_acft": 167.0, "surface_area_ac": null, "drainage_area_sqmi": 98.0, "spillway_type": "Uncontrolled Overflow", "url": "https://dec.ny.gov/environmental-protection/water/water-quantity/dam-safety-coastal-flood-protection/dam-safety", "ref_lat": null, "ref_lon": null, "km_from_ref": 24.1, "aquifer_setting": "bedrock (outside mapped unconsolidated aquifer)", "km_to_nearest_valley_aquifer": 0.31, "dec_basin": "Catskill Creek", "dec_permit_basin": "13-09", "in_basic_creek_res_catchment": "no"}}, {"type": "Feature", "geometry": {"type": "Point", "coordinates": [-74.11166667, 42.36166667]}, "properties": {"STATE_ID": "191-3996", "FEDERAL_ID": "NY00133", "dam_name": "Knupfer Dam & Dike", "alt_name": "Bdk Corp Pond", "county": "Greene", "Municipalities": "Town of Durham", "basin": "LOWER HUDSON", "stream": "TR-BOWERY CREEK", "Owners": "FREDERICK MILITELLO", "transect": "T2 Ten Mile/Catskill Creek \u2192 Cairo \u2192 Catskill", "OwnerType": null, "Purposes": "Recreation", "hazard_class": "Low Hazard Dam", "hazard_code": "A", "LastConditionRating": "Not Rated", "LastInspection": "7/3/2007", "EAP_STATUS": null, "YEARBUILT": 1972.0, "ConstructionTypes": "RE - Earth", "height_ft": 16.0, "length_ft": 195.0, "normal_storage_acft": 55.0, "max_storage_acft": 88.0, "surface_area_ac": 8.0, "drainage_area_sqmi": 0.12, "spillway_type": "Drop Inlet or Riser", "url": "https://dec.ny.gov/environmental-protection/water/water-quantity/dam-safety-coastal-flood-protection/dam-safety", "ref_lat": null, "ref_lon": null, "km_from_ref": 17.3, "aquifer_setting": "bedrock (outside mapped unconsolidated aquifer)", "km_to_nearest_valley_aquifer": 1.4, "dec_basin": "Catskill Creek", "dec_permit_basin": "13-09", "in_basic_creek_res_catchment": "no"}}, {"type": "Feature", "geometry": {"type": "Point", "coordinates": [-74.21638889, 42.34222222]}, "properties": {"STATE_ID": "191-2419", "FEDERAL_ID": "NY00206", "dam_name": "Lake Heloise Dam", "alt_name": null, "county": "Greene", "Municipalities": "Town of Windham", "basin": "MOHAWK", "stream": "TR-BATAVIA KILL", "Owners": "MELISSA A. FORBES, DONALD C. FORBES", "transect": null, "OwnerType": "Private", "Purposes": "Recreation", "hazard_class": "Low Hazard Dam", "hazard_code": "A", "LastConditionRating": "Not Rated", "LastInspection": "7/3/2007", "EAP_STATUS": null, "YEARBUILT": 1910.0, "ConstructionTypes": "RE - Earth, ST - Laid Up Stone", "height_ft": 20.0, "length_ft": 510.0, "normal_storage_acft": 120.0, "max_storage_acft": 160.0, "surface_area_ac": 25.0, "drainage_area_sqmi": 1.25, "spillway_type": "Uncontrolled Overflow", "url": "https://dec.ny.gov/environmental-protection/water/water-quantity/dam-safety-coastal-flood-protection/dam-safety", "ref_lat": null, "ref_lon": null, "km_from_ref": 20.1, "aquifer_setting": "bedrock (outside mapped unconsolidated aquifer)", "km_to_nearest_valley_aquifer": 2.09, "dec_basin": "Schoharie Creek * (w/I NY watershed)", "dec_permit_basin": "12-02*", "in_basic_creek_res_catchment": "no"}}, {"type": "Feature", "geometry": {"type": "Point", "coordinates": [-74.13222222, 42.19111111]}, "properties": {"STATE_ID": "192-0460", "FEDERAL_ID": "NY13125", "dam_name": "Lake Rip Van Winkle Dam", "alt_name": null, "county": "Greene", "Municipalities": "Village of Tannersville", "basin": "MOHAWK", "stream": "GOOSEBERRY CREEK", "Owners": "VILLAGE OF TANNERSVILLE", "transect": null, "OwnerType": "Local Government", "Purposes": "Recreation", "hazard_class": "Low Hazard Dam", "hazard_code": "A", "LastConditionRating": "Not Rated", "LastInspection": "4/11/1995", "EAP_STATUS": null, "YEARBUILT": 1907.0, "ConstructionTypes": "CN - Concrete Gravity", "height_ft": 6.0, "length_ft": 410.0, "normal_storage_acft": 3.0, "max_storage_acft": 4.0, "surface_area_ac": 8.26, "drainage_area_sqmi": 2.9, "spillway_type": "Uncontrolled Overflow", "url": "https://dec.ny.gov/environmental-protection/water/water-quantity/dam-safety-coastal-flood-protection/dam-safety", "ref_lat": null, "ref_lon": null, "km_from_ref": 36.0, "aquifer_setting": "bedrock (outside mapped unconsolidated aquifer)", "km_to_nearest_valley_aquifer": 2.64, "dec_basin": "Schoharie Creek * (w/I NY watershed)", "dec_permit_basin": "12-02*", "in_basic_creek_res_catchment": "no"}}, {"type": "Feature", "geometry": {"type": "Point", "coordinates": [-74.23555556, 42.24472222]}, "properties": {"STATE_ID": "192-4912", "FEDERAL_ID": "NY01587", "dam_name": "Levy Dam", "alt_name": null, "county": "Greene", "Municipalities": "Town of Jewett", "basin": "MOHAWK", "stream": "TR-EAST KILL", "Owners": "TANNERSVILLE SUPPLY COMPANY", "transect": null, "OwnerType": "Private", "Purposes": "Recreation", "hazard_class": "Low Hazard Dam", "hazard_code": "A", "LastConditionRating": "Not Rated", "LastInspection": "6/28/1994", "EAP_STATUS": null, "YEARBUILT": 1988.0, "ConstructionTypes": "RE - Earth", "height_ft": 12.0, "length_ft": 660.0, "normal_storage_acft": 68.0, "max_storage_acft": 112.0, "surface_area_ac": 23.0, "drainage_area_sqmi": 0.21, "spillway_type": "Drop Inlet or Riser", "url": "https://dec.ny.gov/environmental-protection/water/water-quantity/dam-safety-coastal-flood-protection/dam-safety", "ref_lat": null, "ref_lon": null, "km_from_ref": 30.9, "aquifer_setting": "valley-fill aquifer: >100", "km_to_nearest_valley_aquifer": 0.0, "dec_basin": "Schoharie Creek * (w/I NY watershed)", "dec_permit_basin": "12-02*", "in_basic_creek_res_catchment": "no"}}, {"type": "Feature", "geometry": {"type": "Point", "coordinates": [-73.85194444, 42.33722222]}, "properties": {"STATE_ID": "209-4926", "FEDERAL_ID": "NY13408", "dam_name": "Lloyd Zimmerman Dam", "alt_name": null, "county": "Greene", "Municipalities": "Town of Coxsackie", "basin": "LOWER HUDSON", "stream": "TR-COXSACKIE CREEK", "Owners": "LLOYD ZIMMERMAN", "transect": null, "OwnerType": null, "Purposes": "Water Supply - Secondary", "hazard_class": "Low Hazard Dam", "hazard_code": "A", "LastConditionRating": "Not Rated", "LastInspection": "6/27/1994", "EAP_STATUS": null, "YEARBUILT": 1987.0, "ConstructionTypes": "RE - Earth", "height_ft": 12.0, "length_ft": 635.0, "normal_storage_acft": 20.0, "max_storage_acft": 44.0, "surface_area_ac": 5.0, "drainage_area_sqmi": 0.18, "spillway_type": "Drop Inlet or Riser", "url": "https://dec.ny.gov/environmental-protection/water/water-quantity/dam-safety-coastal-flood-protection/dam-safety", "ref_lat": null, "ref_lon": null, "km_from_ref": 31.1, "aquifer_setting": "bedrock (outside mapped unconsolidated aquifer)", "km_to_nearest_valley_aquifer": 3.64, "dec_basin": "Lower Hudson Main Stem", "dec_permit_basin": "13-01", "in_basic_creek_res_catchment": "no"}}, {"type": "Feature", "geometry": {"type": "Point", "coordinates": [-74.34472222, 42.27888889]}, "properties": {"STATE_ID": "175-3987", "FEDERAL_ID": "NY12906", "dam_name": "Masucchia Pond Dam", "alt_name": null, "county": "Greene", "Municipalities": "Town of Lexington", "basin": "MOHAWK", "stream": "TR-JOHN CHASE BROOK", "Owners": "JOHN MASUCCHIA", "transect": null, "OwnerType": null, "Purposes": "Recreation", "hazard_class": "Low Hazard Dam", "hazard_code": "A", "LastConditionRating": "Not Rated", "LastInspection": "6/28/1994", "EAP_STATUS": null, "YEARBUILT": 1972.0, "ConstructionTypes": "RE - Earth", "height_ft": 16.0, "length_ft": 260.0, "normal_storage_acft": 11.0, "max_storage_acft": 13.0, "surface_area_ac": 2.0, "drainage_area_sqmi": 0.11, "spillway_type": "Drop Inlet or Riser", "url": "https://dec.ny.gov/environmental-protection/water/water-quantity/dam-safety-coastal-flood-protection/dam-safety", "ref_lat": null, "ref_lon": null, "km_from_ref": 30.9, "aquifer_setting": "bedrock (outside mapped unconsolidated aquifer)", "km_to_nearest_valley_aquifer": 1.03, "dec_basin": "Schoharie Creek * (w/I NY watershed)", "dec_permit_basin": "12-02*", "in_basic_creek_res_catchment": "no"}}, {"type": "Feature", "geometry": {"type": "Point", "coordinates": [-73.87972222, 42.40416667]}, "properties": {"STATE_ID": "209-3637", "FEDERAL_ID": "NY00125", "dam_name": "Medway Dam", "alt_name": null, "county": "Greene", "Municipalities": "Town of New Baltimore", "basin": "LOWER HUDSON", "stream": "TR-COXSACKIE CREEK", "Owners": "VILLAGE OF COXSACKIE", "transect": null, "OwnerType": "Local Government", "Purposes": "Water Supply - Primary", "hazard_class": "Intermediate Hazard Dam", "hazard_code": "B", "LastConditionRating": "Unsound - More Analysis needed", "LastInspection": "5/20/2024", "EAP_STATUS": "On File", "YEARBUILT": 1967.0, "ConstructionTypes": "RE - Earth", "height_ft": 30.0, "length_ft": 1950.0, "normal_storage_acft": 275.0, "max_storage_acft": 370.0, "surface_area_ac": 95.0, "drainage_area_sqmi": 1.76, "spillway_type": "Uncontrolled Overflow", "url": "https://dec.ny.gov/environmental-protection/water/water-quantity/dam-safety-coastal-flood-protection/dam-safety", "ref_lat": null, "ref_lon": null, "km_from_ref": 25.0, "aquifer_setting": "bedrock (outside mapped unconsolidated aquifer)", "km_to_nearest_valley_aquifer": 1.39, "dec_basin": "Lower Hudson Main Stem", "dec_permit_basin": "13-01", "in_basic_creek_res_catchment": "no"}}, {"type": "Feature", "geometry": {"type": "Point", "coordinates": [-73.89916667, 42.2525]}, "properties": {"STATE_ID": "209-5141", "FEDERAL_ID": "NY14797", "dam_name": "Mill Pond Dam", "alt_name": null, "county": "Greene", "Municipalities": "Town of Catskill", "basin": "LOWER HUDSON", "stream": "CATSKILL CREEK", "Owners": "RIVERS ELECTRIC", "transect": "T2 Ten Mile/Catskill Creek \u2192 Cairo \u2192 Catskill", "OwnerType": null, "Purposes": "Hydroelectric", "hazard_class": "Low Hazard Dam", "hazard_code": "A", "LastConditionRating": "Not Rated", "LastInspection": "8/22/2000", "EAP_STATUS": null, "YEARBUILT": null, "ConstructionTypes": "CN - Concrete Gravity", "height_ft": 4.0, "length_ft": 152.0, "normal_storage_acft": 2.0, "max_storage_acft": 4.0, "surface_area_ac": 2.0, "drainage_area_sqmi": 287.0, "spillway_type": "Uncontrolled Overflow with flasboards", "url": "https://dec.ny.gov/environmental-protection/water/water-quantity/dam-safety-coastal-flood-protection/dam-safety", "ref_lat": null, "ref_lon": null, "km_from_ref": 35.4, "aquifer_setting": "bedrock (outside mapped unconsolidated aquifer)", "km_to_nearest_valley_aquifer": 0.28, "dec_basin": "Catskill Creek", "dec_permit_basin": "13-09", "in_basic_creek_res_catchment": "no"}}, {"type": "Feature", "geometry": {"type": "Point", "coordinates": [-73.86222222, 42.41555556]}, "properties": {"STATE_ID": "209-5677", "FEDERAL_ID": "NY14930", "dam_name": "Moore Pond Dam", "alt_name": null, "county": "Greene", "Municipalities": "Town of New Baltimore", "basin": "LOWER HUDSON", "stream": "TR-COXACKIE CREEK", "Owners": "Not Found", "transect": null, "OwnerType": "Not Found", "Purposes": "Other", "hazard_class": "Low Hazard Dam", "hazard_code": "A", "LastConditionRating": "Not Rated", "LastInspection": "4/6/1995", "EAP_STATUS": null, "YEARBUILT": 1954.0, "ConstructionTypes": "RE - Earth", "height_ft": null, "length_ft": null, "normal_storage_acft": null, "max_storage_acft": null, "surface_area_ac": null, "drainage_area_sqmi": null, "spillway_type": null, "url": "https://dec.ny.gov/environmental-protection/water/water-quantity/dam-safety-coastal-flood-protection/dam-safety", "ref_lat": null, "ref_lon": null, "km_from_ref": 25.7, "aquifer_setting": "bedrock (outside mapped unconsolidated aquifer)", "km_to_nearest_valley_aquifer": 3.1, "dec_basin": "Lower Hudson Main Stem", "dec_permit_basin": "13-01", "in_basic_creek_res_catchment": "no"}}, {"type": "Feature", "geometry": {"type": "Point", "coordinates": [-74.01611111, 42.37333333]}, "properties": {"STATE_ID": "191-3499", "FEDERAL_ID": "NY13110", "dam_name": "Nicholsen Pond Dam", "alt_name": null, "county": "Greene", "Municipalities": "Town of Greenville", "basin": "LOWER HUDSON", "stream": "TR-PLATTE KILL", "Owners": "ARNOLD NICHOLSEN", "transect": "T2 Ten Mile/Catskill Creek \u2192 Cairo \u2192 Catskill", "OwnerType": null, "Purposes": "Recreation", "hazard_class": "Low Hazard Dam", "hazard_code": "A", "LastConditionRating": "Not Rated", "LastInspection": "11/25/1970", "EAP_STATUS": null, "YEARBUILT": 1966.0, "ConstructionTypes": "RE - Earth", "height_ft": 13.0, "length_ft": 750.0, "normal_storage_acft": 6.0, "max_storage_acft": 9.0, "surface_area_ac": 2.0, "drainage_area_sqmi": 0.16, "spillway_type": "Drop Inlet or Riser", "url": "https://dec.ny.gov/environmental-protection/water/water-quantity/dam-safety-coastal-flood-protection/dam-safety", "ref_lat": null, "ref_lon": null, "km_from_ref": 19.0, "aquifer_setting": "bedrock (outside mapped unconsolidated aquifer)", "km_to_nearest_valley_aquifer": 1.86, "dec_basin": "Catskill Creek", "dec_permit_basin": "13-09", "in_basic_creek_res_catchment": "no"}}, {"type": "Feature", "geometry": {"type": "Point", "coordinates": [-74.09305556, 42.13222222]}, "properties": {"STATE_ID": "192-3597", "FEDERAL_ID": "NY13128", "dam_name": "Nyc Police Pond Dam", "alt_name": null, "county": "Greene", "Municipalities": "Town of Hunter", "basin": "LOWER HUDSON", "stream": "TR-PLATTEKILL CLOVE", "Owners": "CATSKILL BRUDEROFF", "transect": "T2 Ten Mile/Catskill Creek \u2192 Cairo \u2192 Catskill", "OwnerType": null, "Purposes": "Other, Recreation", "hazard_class": "Low Hazard Dam", "hazard_code": "A", "LastConditionRating": "Not Rated", "LastInspection": "4/15/1997", "EAP_STATUS": null, "YEARBUILT": 1966.0, "ConstructionTypes": "RE - Earth", "height_ft": 14.0, "length_ft": 1700.0, "normal_storage_acft": 39.0, "max_storage_acft": 42.0, "surface_area_ac": 8.0, "drainage_area_sqmi": 0.24, "spillway_type": "Drop Inlet or Riser", "url": "https://dec.ny.gov/environmental-protection/water/water-quantity/dam-safety-coastal-flood-protection/dam-safety", "ref_lat": null, "ref_lon": null, "km_from_ref": 42.7, "aquifer_setting": "bedrock (outside mapped unconsolidated aquifer)", "km_to_nearest_valley_aquifer": 1.44, "dec_basin": "Schoharie Creek * (w/I NY watershed)", "dec_permit_basin": "12-02*", "in_basic_creek_res_catchment": "no"}}, {"type": "Feature", "geometry": {"type": "Point", "coordinates": [-74.15111111, 42.21472222]}, "properties": {"STATE_ID": "192-0835", "FEDERAL_ID": "NY00272", "dam_name": "Onteora Pond Dam", "alt_name": null, "county": "Greene", "Municipalities": "Town of Hunter", "basin": "MOHAWK", "stream": "ALLEN BROOK", "Owners": "ONTEORA PARK ASSOCIATION", "transect": null, "OwnerType": "Private", "Purposes": "Irrigation", "hazard_class": "Intermediate Hazard Dam", "hazard_code": "B", "LastConditionRating": "Unsound - More Analysis needed", "LastInspection": "7/20/2022", "EAP_STATUS": "On File", "YEARBUILT": 1924.0, "ConstructionTypes": "RE - Earth", "height_ft": 18.0, "length_ft": 390.0, "normal_storage_acft": 115.0, "max_storage_acft": 115.0, "surface_area_ac": 19.0, "drainage_area_sqmi": 0.62, "spillway_type": "Uncontrolled Overflow with flasboards", "url": "https://dec.ny.gov/environmental-protection/water/water-quantity/dam-safety-coastal-flood-protection/dam-safety", "ref_lat": null, "ref_lon": null, "km_from_ref": 33.4, "aquifer_setting": "bedrock (outside mapped unconsolidated aquifer)", "km_to_nearest_valley_aquifer": 2.39, "dec_basin": "Schoharie Creek * (w/I NY watershed)", "dec_permit_basin": "12-02*", "in_basic_creek_res_catchment": "no"}}, {"type": "Feature", "geometry": {"type": "Point", "coordinates": [-73.97472222, 42.33694444]}, "properties": {"STATE_ID": "209-3709", "FEDERAL_ID": "NY13398", "dam_name": "Ordes Pond Dam", "alt_name": null, "county": "Greene", "Municipalities": "Town of Cairo", "basin": "LOWER HUDSON", "stream": "TR-CATSKILL CREEK", "Owners": "JOHN MARKHAM", "transect": "T2 Ten Mile/Catskill Creek \u2192 Cairo \u2192 Catskill", "OwnerType": null, "Purposes": "Recreation", "hazard_class": "Low Hazard Dam", "hazard_code": "A", "LastConditionRating": "Not Rated", "LastInspection": "7/3/2007", "EAP_STATUS": null, "YEARBUILT": 1968.0, "ConstructionTypes": "RE - Earth", "height_ft": 15.0, "length_ft": 400.0, "normal_storage_acft": 27.0, "max_storage_acft": 30.0, "surface_area_ac": 5.0, "drainage_area_sqmi": 0.14, "spillway_type": "Drop Inlet or Riser", "url": "https://dec.ny.gov/environmental-protection/water/water-quantity/dam-safety-coastal-flood-protection/dam-safety", "ref_lat": null, "ref_lon": null, "km_from_ref": 24.2, "aquifer_setting": "bedrock (outside mapped unconsolidated aquifer)", "km_to_nearest_valley_aquifer": 1.58, "dec_basin": "Catskill Creek", "dec_permit_basin": "13-09", "in_basic_creek_res_catchment": "no"}}, {"type": "Feature", "geometry": {"type": "Point", "coordinates": [-73.91583333, 42.33027778]}, "properties": {"STATE_ID": "209-0810", "FEDERAL_ID": "NY00307", "dam_name": "Potuck Reservoir Dam", "alt_name": null, "county": "Greene", "Municipalities": "Town of Coxsackie", "basin": "LOWER HUDSON", "stream": "COB CREEK", "Owners": "VILLAGE OF CATSKILL", "transect": "T3 Potic/Cob Creek \u2192 Catskill village", "OwnerType": "Local Government", "Purposes": "Water Supply - Primary", "hazard_class": "High Hazard Dam", "hazard_code": "C", "LastConditionRating": "Deficiently maintained", "LastInspection": "5/20/2024", "EAP_STATUS": "On File", "YEARBUILT": 1930.0, "ConstructionTypes": "RE - Earth", "height_ft": 37.0, "length_ft": 756.0, "normal_storage_acft": 536.0, "max_storage_acft": 1550.0, "surface_area_ac": 70.0, "drainage_area_sqmi": 19.6, "spillway_type": "Uncontrolled Overflow with flasboards", "url": "https://dec.ny.gov/environmental-protection/water/water-quantity/dam-safety-coastal-flood-protection/dam-safety", "ref_lat": null, "ref_lon": null, "km_from_ref": 27.8, "aquifer_setting": "bedrock (outside mapped unconsolidated aquifer)", "km_to_nearest_valley_aquifer": 0.02, "dec_basin": "Catskill Creek", "dec_permit_basin": "13-09", "in_basic_creek_res_catchment": "no"}}, {"type": "Feature", "geometry": {"type": "Point", "coordinates": [-74.42916667, 42.30805556]}, "properties": {"STATE_ID": "175-1128", "FEDERAL_ID": "NY12897", "dam_name": "Prattsville Barrier Dam", "alt_name": null, "county": "Greene", "Municipalities": "Town of Prattsville", "basin": "MOHAWK", "stream": "SCHOHARIE CREEK", "Owners": "NYS DEC", "transect": "Schoharie side (west of divide)", "OwnerType": "State", "Purposes": "Other", "hazard_class": "Low Hazard Dam", "hazard_code": "A", "LastConditionRating": "Not Rated", "LastInspection": "3/16/2000", "EAP_STATUS": null, "YEARBUILT": 1938.0, "ConstructionTypes": "CN - Concrete Gravity", "height_ft": 4.0, "length_ft": null, "normal_storage_acft": 1.0, "max_storage_acft": 1.0, "surface_area_ac": 1.0, "drainage_area_sqmi": 226.0, "spillway_type": "Uncontrolled Overflow", "url": "https://dec.ny.gov/environmental-protection/water/water-quantity/dam-safety-coastal-flood-protection/dam-safety", "ref_lat": null, "ref_lon": null, "km_from_ref": 32.7, "aquifer_setting": "bedrock (outside mapped unconsolidated aquifer)", "km_to_nearest_valley_aquifer": 0.11, "dec_basin": "Schoharie Creek * (w/I NY watershed)", "dec_permit_basin": "12-02*", "in_basic_creek_res_catchment": "no"}}, {"type": "Feature", "geometry": {"type": "Point", "coordinates": [-74.355, 42.26166667]}, "properties": {"STATE_ID": "175-3524", "FEDERAL_ID": "NY00585", "dam_name": "R & E Banks Dam", "alt_name": null, "county": "Greene", "Municipalities": "Town of Lexington", "basin": "MOHAWK", "stream": "TR-SCHOHARIE CREEK", "Owners": "RICHARD & EMIL BANKS", "transect": "Schoharie side (west of divide)", "OwnerType": null, "Purposes": "Recreation", "hazard_class": "Low Hazard Dam", "hazard_code": "A", "LastConditionRating": "Not Rated", "LastInspection": "4/11/1996", "EAP_STATUS": null, "YEARBUILT": 1966.0, "ConstructionTypes": "RE - Earth", "height_ft": 16.0, "length_ft": 450.0, "normal_storage_acft": 67.0, "max_storage_acft": 90.0, "surface_area_ac": 10.0, "drainage_area_sqmi": 0.44, "spillway_type": "Drop Inlet or Riser", "url": "https://dec.ny.gov/environmental-protection/water/water-quantity/dam-safety-coastal-flood-protection/dam-safety", "ref_lat": null, "ref_lon": null, "km_from_ref": 33.0, "aquifer_setting": "bedrock (outside mapped unconsolidated aquifer)", "km_to_nearest_valley_aquifer": 1.58, "dec_basin": "Schoharie Creek * (w/I NY watershed)", "dec_permit_basin": "12-02*", "in_basic_creek_res_catchment": "no"}}, {"type": "Feature", "geometry": {"type": "Point", "coordinates": [-74.00388889, 42.355]}, "properties": {"STATE_ID": "191-3776", "FEDERAL_ID": "NY13113", "dam_name": "Schmollinger Pond Dam", "alt_name": null, "county": "Greene", "Municipalities": "Town of Greenville", "basin": "LOWER HUDSON", "stream": "TR-CATSKILL CREEK", "Owners": "RONALD & LINDA HERRON", "transect": "T2 Ten Mile/Catskill Creek \u2192 Cairo \u2192 Catskill", "OwnerType": null, "Purposes": "Irrigation", "hazard_class": "Low Hazard Dam", "hazard_code": "A", "LastConditionRating": "Not Rated", "LastInspection": "6/6/2002", "EAP_STATUS": null, "YEARBUILT": 1968.0, "ConstructionTypes": "RE - Earth", "height_ft": 10.0, "length_ft": 520.0, "normal_storage_acft": 6.0, "max_storage_acft": 8.0, "surface_area_ac": 2.0, "drainage_area_sqmi": 0.03, "spillway_type": "Drop Inlet or Riser", "url": "https://dec.ny.gov/environmental-protection/water/water-quantity/dam-safety-coastal-flood-protection/dam-safety", "ref_lat": null, "ref_lon": null, "km_from_ref": 21.2, "aquifer_setting": "bedrock (outside mapped unconsolidated aquifer)", "km_to_nearest_valley_aquifer": 0.26, "dec_basin": "Catskill Creek", "dec_permit_basin": "13-09", "in_basic_creek_res_catchment": "no"}}, {"type": "Feature", "geometry": {"type": "Point", "coordinates": [-74.3845, 42.34561111]}, "properties": {"STATE_ID": "174-5896", "FEDERAL_ID": "NY17063", "dam_name": "Sclonsky Pond Dam", "alt_name": null, "county": "Greene", "Municipalities": "Town of Ashland", "basin": "MOHAWK", "stream": null, "Owners": "John A & Diane M. Sclonsky", "transect": null, "OwnerType": "Private", "Purposes": "Recreation", "hazard_class": "Low Hazard Dam", "hazard_code": "A", "LastConditionRating": "Not Rated", "LastInspection": "6/16/2016", "EAP_STATUS": null, "YEARBUILT": null, "ConstructionTypes": "ER - Rockfill", "height_ft": 16.5, "length_ft": null, "normal_storage_acft": null, "max_storage_acft": null, "surface_area_ac": null, "drainage_area_sqmi": null, "spillway_type": null, "url": "https://dec.ny.gov/environmental-protection/water/water-quantity/dam-safety-coastal-flood-protection/dam-safety", "ref_lat": null, "ref_lon": null, "km_from_ref": 27.2, "aquifer_setting": "bedrock (outside mapped unconsolidated aquifer)", "km_to_nearest_valley_aquifer": 0.36, "dec_basin": "Schoharie Creek * (w/I NY watershed)", "dec_permit_basin": "12-02*", "in_basic_creek_res_catchment": "no"}}, {"type": "Feature", "geometry": {"type": "Point", "coordinates": [-74.17, 42.32444444]}, "properties": {"STATE_ID": "191-0389", "FEDERAL_ID": "NY13096", "dam_name": "Silver Lake Dam", "alt_name": null, "county": "Greene", "Municipalities": "Town of Windham", "basin": "MOHAWK", "stream": "TR-BATAVIA KILL", "Owners": "GIRLS VACATION FUND, Inc.", "transect": null, "OwnerType": "Private", "Purposes": "Irrigation, Recreation", "hazard_class": "Low Hazard Dam", "hazard_code": "A", "LastConditionRating": "Not Rated", "LastInspection": "4/3/2017", "EAP_STATUS": "On File", "YEARBUILT": 1872.0, "ConstructionTypes": "ER - Rockfill", "height_ft": 12.0, "length_ft": 80.0, "normal_storage_acft": 16.0, "max_storage_acft": 30.0, "surface_area_ac": 4.0, "drainage_area_sqmi": 1.3, "spillway_type": "Uncontrolled Overflow", "url": "https://dec.ny.gov/environmental-protection/water/water-quantity/dam-safety-coastal-flood-protection/dam-safety", "ref_lat": null, "ref_lon": null, "km_from_ref": 21.3, "aquifer_setting": "bedrock (outside mapped unconsolidated aquifer)", "km_to_nearest_valley_aquifer": 2.54, "dec_basin": "Schoharie Creek * (w/I NY watershed)", "dec_permit_basin": "12-02*", "in_basic_creek_res_catchment": "no"}}, {"type": "Feature", "geometry": {"type": "Point", "coordinates": [-73.80472222, 42.28055556]}, "properties": {"STATE_ID": "209-3977", "FEDERAL_ID": "NY00142", "dam_name": "Sleepy Hollow Dam", "alt_name": null, "county": "Greene", "Municipalities": "Town of Athens, Village of Athens", "basin": "LOWER HUDSON", "stream": "MURDERERS CREEK", "Owners": "ASSOC OF PROPERTY OWNERS OF SLEEPY HOLLOW LAKE, INC.", "transect": null, "OwnerType": "Private", "Purposes": "Recreation, Water Supply - Primary", "hazard_class": "High Hazard Dam", "hazard_code": "C", "LastConditionRating": "No deficiencies noted", "LastInspection": "5/20/2024", "EAP_STATUS": "On File", "YEARBUILT": 1972.0, "ConstructionTypes": "RE - Earth", "height_ft": 83.0, "length_ft": 753.0, "normal_storage_acft": 8400.0, "max_storage_acft": 13500.0, "surface_area_ac": 324.0, "drainage_area_sqmi": 13.3, "spillway_type": "Uncontrolled Overflow", "url": "https://dec.ny.gov/environmental-protection/water/water-quantity/dam-safety-coastal-flood-protection/dam-safety", "ref_lat": null, "ref_lon": null, "km_from_ref": 38.1, "aquifer_setting": "bedrock (outside mapped unconsolidated aquifer)", "km_to_nearest_valley_aquifer": 0.56, "dec_basin": "Lower Hudson Main Stem", "dec_permit_basin": "13-01", "in_basic_creek_res_catchment": "no"}}, {"type": "Feature", "geometry": {"type": "Point", "coordinates": [-74.05069444, 42.19611111]}, "properties": {"STATE_ID": "192-4560", "FEDERAL_ID": "NY01337", "dam_name": "South Lake Dam", "alt_name": null, "county": "Greene", "Municipalities": "Town of Hunter", "basin": "LOWER HUDSON", "stream": "TR-KAATERSKILL CREEK", "Owners": "NYS DEC Operations", "transect": null, "OwnerType": "State", "Purposes": "Fish and Wildlife Pond, Recreation", "hazard_class": "Intermediate Hazard Dam", "hazard_code": "B", "LastConditionRating": "Not Rated", "LastInspection": "9/19/2025", "EAP_STATUS": "On File", "YEARBUILT": 1973.0, "ConstructionTypes": "RE - Earth", "height_ft": 15.0, "length_ft": 260.0, "normal_storage_acft": 308.0, "max_storage_acft": 471.0, "surface_area_ac": 90.5, "drainage_area_sqmi": 1.69, "spillway_type": "Drop Inlet or Riser", "url": "https://dec.ny.gov/environmental-protection/water/water-quantity/dam-safety-coastal-flood-protection/dam-safety", "ref_lat": null, "ref_lon": null, "km_from_ref": 36.3, "aquifer_setting": "bedrock (outside mapped unconsolidated aquifer)", "km_to_nearest_valley_aquifer": 4.29, "dec_basin": "Catskill Creek", "dec_permit_basin": "13-09", "in_basic_creek_res_catchment": "no"}}, {"type": "Feature", "geometry": {"type": "Point", "coordinates": [-73.96666667, 42.43611111]}, "properties": {"STATE_ID": "209-2898", "FEDERAL_ID": "NY13392", "dam_name": "Sportsmen Wildlife Marsh Dam", "alt_name": null, "county": "Greene", "Municipalities": "Town of Greenville", "basin": "LOWER HUDSON", "stream": "COB CREEK", "Owners": "ROBERT KEENAN", "transect": "T3 Potic/Cob Creek \u2192 Catskill village", "OwnerType": null, "Purposes": "Recreation", "hazard_class": "Low Hazard Dam", "hazard_code": "A", "LastConditionRating": "Not Rated", "LastInspection": "11/25/1970", "EAP_STATUS": null, "YEARBUILT": 1960.0, "ConstructionTypes": "RE - Earth, CN - Concrete Gravity", "height_ft": 6.0, "length_ft": 150.0, "normal_storage_acft": 37.0, "max_storage_acft": 40.0, "surface_area_ac": 20.0, "drainage_area_sqmi": 0.7, "spillway_type": "Stop Log sluice", "url": "https://dec.ny.gov/environmental-protection/water/water-quantity/dam-safety-coastal-flood-protection/dam-safety", "ref_lat": null, "ref_lon": null, "km_from_ref": 17.0, "aquifer_setting": "valley-fill aquifer: 10-100", "km_to_nearest_valley_aquifer": 0.0, "dec_basin": "Catskill Creek", "dec_permit_basin": "13-09", "in_basic_creek_res_catchment": "no"}}, {"type": "Feature", "geometry": {"type": "Point", "coordinates": [-74.19777778, 42.30666667]}, "properties": {"STATE_ID": "191-0405", "FEDERAL_ID": "NY13097", "dam_name": "St John Pond Dam", "alt_name": null, "county": "Greene", "Municipalities": "Town of Windham", "basin": "MOHAWK", "stream": "TR-BATAVIA KILL", "Owners": "THOMAS ST JOHN", "transect": null, "OwnerType": null, "Purposes": "Irrigation, Recreation", "hazard_class": "Low Hazard Dam", "hazard_code": "A", "LastConditionRating": "Not Rated", "LastInspection": "12/31/1901", "EAP_STATUS": null, "YEARBUILT": 1910.0, "ConstructionTypes": "ER - Rockfill", "height_ft": 10.0, "length_ft": 75.0, "normal_storage_acft": 3.0, "max_storage_acft": 4.0, "surface_area_ac": 1.0, "drainage_area_sqmi": null, "spillway_type": "Uncontrolled Overflow", "url": "https://dec.ny.gov/environmental-protection/water/water-quantity/dam-safety-coastal-flood-protection/dam-safety", "ref_lat": null, "ref_lon": null, "km_from_ref": 23.5, "aquifer_setting": "bedrock (outside mapped unconsolidated aquifer)", "km_to_nearest_valley_aquifer": 0.17, "dec_basin": "Schoharie Creek * (w/I NY watershed)", "dec_permit_basin": "12-02*", "in_basic_creek_res_catchment": "no"}}, {"type": "Feature", "geometry": {"type": "Point", "coordinates": [-73.87166667, 42.35666667]}, "properties": {"STATE_ID": "209-3830", "FEDERAL_ID": "NY13401", "dam_name": "Tailleur Wildlife Marsh Dam", "alt_name": null, "county": "Greene", "Municipalities": "Town of Coxsackie", "basin": "LOWER HUDSON", "stream": "TR-BRONCKS LAKE", "Owners": "CHARLES H TAILEUR", "transect": null, "OwnerType": null, "Purposes": "Recreation", "hazard_class": "Low Hazard Dam", "hazard_code": "A", "LastConditionRating": "Not Rated", "LastInspection": "3/16/2000", "EAP_STATUS": null, "YEARBUILT": 1969.0, "ConstructionTypes": "RE - Earth", "height_ft": 10.0, "length_ft": 720.0, "normal_storage_acft": 11.0, "max_storage_acft": 12.0, "surface_area_ac": 3.0, "drainage_area_sqmi": 0.02, "spillway_type": "Drop Inlet or Riser", "url": "https://dec.ny.gov/environmental-protection/water/water-quantity/dam-safety-coastal-flood-protection/dam-safety", "ref_lat": null, "ref_lon": null, "km_from_ref": 28.5, "aquifer_setting": "bedrock (outside mapped unconsolidated aquifer)", "km_to_nearest_valley_aquifer": 1.76, "dec_basin": "Lower Hudson Main Stem", "dec_permit_basin": "13-01", "in_basic_creek_res_catchment": "no"}}, {"type": "Feature", "geometry": {"type": "Point", "coordinates": [-74.15361111, 42.20888889]}, "properties": {"STATE_ID": "192-4418", "FEDERAL_ID": "NY13130", "dam_name": "Tannersville Reservoir #1 Dam", "alt_name": null, "county": "Greene", "Municipalities": "Town of Hunter", "basin": "MOHAWK", "stream": "ALLEN BROOK", "Owners": "VILLAGE OF TANNERSVILLE", "transect": null, "OwnerType": "Local Government", "Purposes": "Water Supply - Primary", "hazard_class": "Low Hazard Dam", "hazard_code": "A", "LastConditionRating": "Not Rated", "LastInspection": "11/7/2008", "EAP_STATUS": null, "YEARBUILT": 1980.0, "ConstructionTypes": "RE - Earth, MS - Masonry", "height_ft": 20.0, "length_ft": 175.0, "normal_storage_acft": 6.0, "max_storage_acft": 7.0, "surface_area_ac": 1.0, "drainage_area_sqmi": null, "spillway_type": "Drop Inlet or Riser", "url": "https://dec.ny.gov/environmental-protection/water/water-quantity/dam-safety-coastal-flood-protection/dam-safety", "ref_lat": null, "ref_lon": null, "km_from_ref": 34.0, "aquifer_setting": "bedrock (outside mapped unconsolidated aquifer)", "km_to_nearest_valley_aquifer": 1.87, "dec_basin": "Schoharie Creek * (w/I NY watershed)", "dec_permit_basin": "12-02*", "in_basic_creek_res_catchment": "no"}}, {"type": "Feature", "geometry": {"type": "Point", "coordinates": [-74.15555556, 42.2075]}, "properties": {"STATE_ID": "192-4442", "FEDERAL_ID": "NY13132", "dam_name": "Tannersville Reservoir #2 Dam", "alt_name": null, "county": "Greene", "Municipalities": "Town of Hunter", "basin": "MOHAWK", "stream": "ALLEN BROOK", "Owners": "VILLAGE OF TANNERSVILLE", "transect": null, "OwnerType": "Local Government", "Purposes": "Water Supply - Primary", "hazard_class": "Low Hazard Dam", "hazard_code": "A", "LastConditionRating": "Not Rated", "LastInspection": "11/7/2008", "EAP_STATUS": null, "YEARBUILT": 1958.0, "ConstructionTypes": "RE - Earth", "height_ft": 15.0, "length_ft": 25.0, "normal_storage_acft": 5.0, "max_storage_acft": 6.0, "surface_area_ac": 1.0, "drainage_area_sqmi": null, "spillway_type": "Culvert - No Control", "url": "https://dec.ny.gov/environmental-protection/water/water-quantity/dam-safety-coastal-flood-protection/dam-safety", "ref_lat": null, "ref_lon": null, "km_from_ref": 34.2, "aquifer_setting": "bedrock (outside mapped unconsolidated aquifer)", "km_to_nearest_valley_aquifer": 1.69, "dec_basin": "Schoharie Creek * (w/I NY watershed)", "dec_permit_basin": "12-02*", "in_basic_creek_res_catchment": "no"}}, {"type": "Feature", "geometry": {"type": "Point", "coordinates": [-74.15861111, 42.21055556]}, "properties": {"STATE_ID": "192-2716", "FEDERAL_ID": "NY01521", "dam_name": "Tannersville Reservoir #3 Dam", "alt_name": null, "county": "Greene", "Municipalities": "Town of Hunter", "basin": "MOHAWK", "stream": "TR-ALLEN BROOK", "Owners": "VILLAGE OF TANNERSVILLE", "transect": null, "OwnerType": "Local Government", "Purposes": "Water Supply - Primary", "hazard_class": "Intermediate Hazard Dam", "hazard_code": "B", "LastConditionRating": "Unsound - Deficiency Recognized", "LastInspection": "5/20/2024", "EAP_STATUS": "On File", "YEARBUILT": 1957.0, "ConstructionTypes": "RE - Earth", "height_ft": 17.0, "length_ft": 350.0, "normal_storage_acft": 50.0, "max_storage_acft": 51.0, "surface_area_ac": 9.0, "drainage_area_sqmi": 0.52, "spillway_type": "Uncontrolled Overflow", "url": "https://dec.ny.gov/environmental-protection/water/water-quantity/dam-safety-coastal-flood-protection/dam-safety", "ref_lat": null, "ref_lon": null, "km_from_ref": 33.8, "aquifer_setting": "bedrock (outside mapped unconsolidated aquifer)", "km_to_nearest_valley_aquifer": 1.79, "dec_basin": "Schoharie Creek * (w/I NY watershed)", "dec_permit_basin": "12-02*", "in_basic_creek_res_catchment": "no"}}, {"type": "Feature", "geometry": {"type": "Point", "coordinates": [-74.34111111, 42.15277778]}, "properties": {"STATE_ID": "176-1011", "FEDERAL_ID": "NY12910", "dam_name": "Timber Lake Club Dam", "alt_name": null, "county": "Greene", "Municipalities": "Town of Lexington", "basin": "LOWER HUDSON", "stream": "TR-HAND HOLLOW", "Owners": "TIMBER LAKE CAMP", "transect": null, "OwnerType": "Private", "Purposes": "Recreation", "hazard_class": "Low Hazard Dam", "hazard_code": "A", "LastConditionRating": "Not Rated", "LastInspection": "9/2/2009", "EAP_STATUS": null, "YEARBUILT": 1961.0, "ConstructionTypes": "RE - Earth, CN - Concrete Gravity", "height_ft": 12.0, "length_ft": 162.0, "normal_storage_acft": 16.0, "max_storage_acft": 25.0, "surface_area_ac": 4.0, "drainage_area_sqmi": null, "spillway_type": "Gated", "url": "https://dec.ny.gov/environmental-protection/water/water-quantity/dam-safety-coastal-flood-protection/dam-safety", "ref_lat": null, "ref_lon": null, "km_from_ref": 43.3, "aquifer_setting": "bedrock (outside mapped unconsolidated aquifer)", "km_to_nearest_valley_aquifer": 3.62, "dec_basin": "Esopus Creek", "dec_permit_basin": "13-07", "in_basic_creek_res_catchment": "no"}}, {"type": "Feature", "geometry": {"type": "Point", "coordinates": [-73.945, 42.37]}, "properties": {"STATE_ID": "209-4212", "FEDERAL_ID": "NY01490", "dam_name": "Tranquility Camp Dam", "alt_name": "Tranquility Camp Pond", "county": "Greene", "Municipalities": "Town of Coxsackie", "basin": "LOWER HUDSON", "stream": "TR-COB CREEK", "Owners": "PEARL C MILLER", "transect": "T3 Potic/Cob Creek \u2192 Catskill village", "OwnerType": null, "Purposes": "Recreation", "hazard_class": "Low Hazard Dam", "hazard_code": "A", "LastConditionRating": "Not Rated", "LastInspection": "4/15/1998", "EAP_STATUS": null, "YEARBUILT": 1977.0, "ConstructionTypes": "RE - Earth", "height_ft": 13.0, "length_ft": 244.0, "normal_storage_acft": 33.0, "max_storage_acft": 54.0, "surface_area_ac": 7.0, "drainage_area_sqmi": 0.05, "spillway_type": "Drop Inlet or Riser", "url": "https://dec.ny.gov/environmental-protection/water/water-quantity/dam-safety-coastal-flood-protection/dam-safety", "ref_lat": null, "ref_lon": null, "km_from_ref": 23.0, "aquifer_setting": "bedrock (outside mapped unconsolidated aquifer)", "km_to_nearest_valley_aquifer": 0.22, "dec_basin": "Catskill Creek", "dec_permit_basin": "13-09", "in_basic_creek_res_catchment": "no"}}, {"type": "Feature", "geometry": {"type": "Point", "coordinates": [-74.08333333, 42.18333333]}, "properties": {"STATE_ID": "192-4977", "FEDERAL_ID": "NY14138", "dam_name": "Twilight Park Dam (upper)", "alt_name": null, "county": "Greene", "Municipalities": "Town of Hunter", "basin": "LOWER HUDSON", "stream": "TR-KAATERSKILL", "Owners": "TWILIGHT COTTAGERS INC", "transect": null, "OwnerType": "Private", "Purposes": "Other", "hazard_class": "Low Hazard Dam", "hazard_code": "A", "LastConditionRating": "Not Rated", "LastInspection": "12/31/1901", "EAP_STATUS": null, "YEARBUILT": null, "ConstructionTypes": "CN - Concrete Gravity", "height_ft": 16.0, "length_ft": 130.0, "normal_storage_acft": 1.0, "max_storage_acft": 2.0, "surface_area_ac": 1.0, "drainage_area_sqmi": 0.47, "spillway_type": "Uncontrolled Overflow", "url": "https://dec.ny.gov/environmental-protection/water/water-quantity/dam-safety-coastal-flood-protection/dam-safety", "ref_lat": null, "ref_lon": null, "km_from_ref": 37.2, "aquifer_setting": "bedrock (outside mapped unconsolidated aquifer)", "km_to_nearest_valley_aquifer": 4.42, "dec_basin": "Catskill Creek", "dec_permit_basin": "13-09", "in_basic_creek_res_catchment": "no"}}, {"type": "Feature", "geometry": {"type": "Point", "coordinates": [-74.2, 42.26666667]}, "properties": {"STATE_ID": "191-5372", "FEDERAL_ID": "NY15062", "dam_name": "Vitacco Pond Dam", "alt_name": null, "county": "Greene", "Municipalities": "Town of Jewett", "basin": "LOWER HUDSON", "stream": "TR-EAST KILL", "Owners": "JOSEPH VITACCO", "transect": null, "OwnerType": null, "Purposes": "Recreation", "hazard_class": "Low Hazard Dam", "hazard_code": "A", "LastConditionRating": "Not Rated", "LastInspection": null, "EAP_STATUS": null, "YEARBUILT": null, "ConstructionTypes": "CN - Concrete Gravity, ST - Laid Up Stone", "height_ft": 17.0, "length_ft": null, "normal_storage_acft": 16.34, "max_storage_acft": 22.34, "surface_area_ac": 4.13, "drainage_area_sqmi": 23.71, "spillway_type": null, "url": "https://dec.ny.gov/environmental-protection/water/water-quantity/dam-safety-coastal-flood-protection/dam-safety", "ref_lat": null, "ref_lon": null, "km_from_ref": 28.0, "aquifer_setting": "bedrock (outside mapped unconsolidated aquifer)", "km_to_nearest_valley_aquifer": 0.48, "dec_basin": "Schoharie Creek * (w/I NY watershed)", "dec_permit_basin": "12-02*", "in_basic_creek_res_catchment": "no"}}, {"type": "Feature", "geometry": {"type": "Point", "coordinates": [-73.87527778, 42.33638889]}, "properties": {"STATE_ID": "209-3558", "FEDERAL_ID": "NY13396", "dam_name": "Wilkinson Pond Dam", "alt_name": null, "county": "Greene", "Municipalities": "Town of Coxsackie", "basin": "LOWER HUDSON", "stream": "TR-COXSACKIE CREEK", "Owners": "CARLTON WILKINSON JR", "transect": null, "OwnerType": null, "Purposes": "Fire Protection, Stock, Or Small Farm Pond, Recreation", "hazard_class": "Low Hazard Dam", "hazard_code": "A", "LastConditionRating": "Not Rated", "LastInspection": "4/15/1998", "EAP_STATUS": null, "YEARBUILT": 1967.0, "ConstructionTypes": "RE - Earth", "height_ft": 15.0, "length_ft": 275.0, "normal_storage_acft": 31.0, "max_storage_acft": 36.0, "surface_area_ac": 6.0, "drainage_area_sqmi": 0.26, "spillway_type": "Drop Inlet or Riser", "url": "https://dec.ny.gov/environmental-protection/water/water-quantity/dam-safety-coastal-flood-protection/dam-safety", "ref_lat": null, "ref_lon": null, "km_from_ref": 29.7, "aquifer_setting": "bedrock (outside mapped unconsolidated aquifer)", "km_to_nearest_valley_aquifer": 1.97, "dec_basin": "Lower Hudson Main Stem", "dec_permit_basin": "13-01", "in_basic_creek_res_catchment": "no"}}, {"type": "Feature", "geometry": {"type": "Point", "coordinates": [-74.315, 42.25333333]}, "properties": {"STATE_ID": "175-3725", "FEDERAL_ID": "NY00611", "dam_name": "William Mead Dam", "alt_name": "Mead Pond, Conifer Lake", "county": "Greene", "Municipalities": "Town of Jewett", "basin": "MOHAWK", "stream": "TR-SCHOHARIE CREEK", "Owners": "HILLTOP ACRES INC", "transect": "Schoharie side (west of divide)", "OwnerType": null, "Purposes": "Recreation", "hazard_class": "Low Hazard Dam", "hazard_code": "A", "LastConditionRating": "Not Rated", "LastInspection": "4/11/1996", "EAP_STATUS": null, "YEARBUILT": 1968.0, "ConstructionTypes": "RE - Earth", "height_ft": 17.0, "length_ft": 625.0, "normal_storage_acft": 120.0, "max_storage_acft": 145.0, "surface_area_ac": 20.0, "drainage_area_sqmi": 0.51, "spillway_type": "Drop Inlet or Riser", "url": "https://dec.ny.gov/environmental-protection/water/water-quantity/dam-safety-coastal-flood-protection/dam-safety", "ref_lat": null, "ref_lon": null, "km_from_ref": 32.2, "aquifer_setting": "bedrock (outside mapped unconsolidated aquifer)", "km_to_nearest_valley_aquifer": 0.85, "dec_basin": "Schoharie Creek * (w/I NY watershed)", "dec_permit_basin": "12-02*", "in_basic_creek_res_catchment": "no"}}, {"type": "Feature", "geometry": {"type": "Point", "coordinates": [-74.14055556, 42.38472222]}, "properties": {"STATE_ID": "191-6034", "FEDERAL_ID": "NY17207", "dam_name": "Zimmer Road Dam", "alt_name": null, "county": "Greene", "Municipalities": "Town of Durham", "basin": "LOWER HUDSON", "stream": "TR-Catskill Cr", "Owners": "MELISSA FOX AND JUSTIN PARKS", "transect": "T2 Ten Mile/Catskill Creek \u2192 Cairo \u2192 Catskill", "OwnerType": "Private", "Purposes": "Recreation", "hazard_class": "Low Hazard Dam", "hazard_code": "A", "LastConditionRating": "Not Rated", "LastInspection": "6/2/2022", "EAP_STATUS": null, "YEARBUILT": 2020.0, "ConstructionTypes": "RE - Earth", "height_ft": 12.0, "length_ft": 450.0, "normal_storage_acft": 4.6, "max_storage_acft": 6.0, "surface_area_ac": 0.6, "drainage_area_sqmi": null, "spillway_type": "Drop Inlet or Riser", "url": "https://dec.ny.gov/environmental-protection/water/water-quantity/dam-safety-coastal-flood-protection/dam-safety", "ref_lat": null, "ref_lon": null, "km_from_ref": 14.5, "aquifer_setting": "bedrock (outside mapped unconsolidated aquifer)", "km_to_nearest_valley_aquifer": 0.28, "dec_basin": "Catskill Creek", "dec_permit_basin": "13-09", "in_basic_creek_res_catchment": "no"}}, {"type": "Feature", "geometry": {"type": "Point", "coordinates": [-73.86638889, 42.37888889]}, "properties": {"STATE_ID": "209-3444", "FEDERAL_ID": "NY13395", "dam_name": "Zimmerman Pond #1 Dam", "alt_name": null, "county": "Greene", "Municipalities": "Town of Coxsackie", "basin": "LOWER HUDSON", "stream": "TR-CATSKILL CREEK", "Owners": "FRED ZIMMERMAN", "transect": "T2 Ten Mile/Catskill Creek \u2192 Cairo \u2192 Catskill", "OwnerType": null, "Purposes": "Recreation", "hazard_class": "Low Hazard Dam", "hazard_code": "A", "LastConditionRating": "Not Rated", "LastInspection": "12/4/1970", "EAP_STATUS": null, "YEARBUILT": 1965.0, "ConstructionTypes": "RE - Earth", "height_ft": 10.0, "length_ft": 260.0, "normal_storage_acft": 5.0, "max_storage_acft": 5.0, "surface_area_ac": 1.0, "drainage_area_sqmi": 0.01, "spillway_type": "Drop Inlet or Riser", "url": "https://dec.ny.gov/environmental-protection/water/water-quantity/dam-safety-coastal-flood-protection/dam-safety", "ref_lat": null, "ref_lon": null, "km_from_ref": 27.4, "aquifer_setting": "bedrock (outside mapped unconsolidated aquifer)", "km_to_nearest_valley_aquifer": 2.01, "dec_basin": "Lower Hudson Main Stem", "dec_permit_basin": "13-01", "in_basic_creek_res_catchment": "no"}}, {"type": "Feature", "geometry": {"type": "Point", "coordinates": [-74.41555556, 42.74722222]}, "properties": {"STATE_ID": "174-3604", "FEDERAL_ID": "NY00607", "dam_name": "Agnes Sisson Recreational Pond Dam", "alt_name": null, "county": "Schoharie", "Municipalities": "Town of Carlisle", "basin": "MOHAWK", "stream": "CRIPPLEBUSH CREEK", "Owners": "James Slaughter", "transect": null, "OwnerType": "Private", "Purposes": "Recreation", "hazard_class": "Low Hazard Dam", "hazard_code": "A", "LastConditionRating": "Not Rated", "LastInspection": "8/16/2023", "EAP_STATUS": null, "YEARBUILT": 1966.0, "ConstructionTypes": "RE - Earth", "height_ft": 18.0, "length_ft": 659.0, "normal_storage_acft": 78.0, "max_storage_acft": 110.0, "surface_area_ac": 12.0, "drainage_area_sqmi": 0.41, "spillway_type": "Drop Inlet or Riser", "url": "https://dec.ny.gov/environmental-protection/water/water-quantity/dam-safety-coastal-flood-protection/dam-safety", "ref_lat": null, "ref_lon": null, "km_from_ref": 34.0, "aquifer_setting": "bedrock (outside mapped unconsolidated aquifer)", "km_to_nearest_valley_aquifer": 3.3, "dec_basin": "Schoharie Creek *", "dec_permit_basin": "12-02", "in_basic_creek_res_catchment": "no"}}, {"type": "Feature", "geometry": {"type": "Point", "coordinates": [-74.59305556, 42.5975]}, "properties": {"STATE_ID": "159-0474", "FEDERAL_ID": "NY01089", "dam_name": "Bear Gulch Pond Dam", "alt_name": null, "county": "Schoharie", "Municipalities": "Town of Summit", "basin": "MOHAWK", "stream": "BEAR GULCH BROOK", "Owners": "Robert Dahl, BEAR GULCH LAKE ASSOCIATION, INC, RICHMONDVILLE WATER COMPANY, TOWN OF SUMMIT, LELA HUSTED", "transect": null, "OwnerType": "Local Government, Private", "Purposes": "Recreation", "hazard_class": "High Hazard Dam", "hazard_code": "C", "LastConditionRating": "Unsound - Deficiency Recognized", "LastInspection": "10/22/2024", "EAP_STATUS": "On File", "YEARBUILT": 1910.0, "ConstructionTypes": "RE - Earth", "height_ft": 18.0, "length_ft": 315.0, "normal_storage_acft": 214.0, "max_storage_acft": 391.0, "surface_area_ac": 46.0, "drainage_area_sqmi": 0.74, "spillway_type": "Culvert - No Control", "url": "https://dec.ny.gov/environmental-protection/water/water-quantity/dam-safety-coastal-flood-protection/dam-safety", "ref_lat": null, "ref_lon": null, "km_from_ref": 37.8, "aquifer_setting": "bedrock (outside mapped unconsolidated aquifer)", "km_to_nearest_valley_aquifer": 2.66, "dec_basin": "Schoharie Creek *", "dec_permit_basin": "12-02", "in_basic_creek_res_catchment": "no"}}, {"type": "Feature", "geometry": {"type": "Point", "coordinates": [-74.43055556, 42.73888889]}, "properties": {"STATE_ID": "174-3470", "FEDERAL_ID": "NY12886", "dam_name": "Benson Fish Pond Dam", "alt_name": null, "county": "Schoharie", "Municipalities": "Not Found", "basin": "MOHAWK", "stream": "TR-COBLESKILL CREEK", "Owners": "DAVID A BENSON", "transect": "T3 Potic/Cob Creek \u2192 Catskill village", "OwnerType": null, "Purposes": "Fire Protection, Stock, Or Small Farm Pond, Recreation", "hazard_class": "Hazard Classification Not Assigned", "hazard_code": "0", "LastConditionRating": "Not Rated", "LastInspection": "11/20/1970", "EAP_STATUS": null, "YEARBUILT": 1965.0, "ConstructionTypes": "RE - Earth", "height_ft": 10.0, "length_ft": 750.0, "normal_storage_acft": 6.0, "max_storage_acft": 7.0, "surface_area_ac": 2.0, "drainage_area_sqmi": 0.09, "spillway_type": "Uncontrolled Overflow", "url": "https://dec.ny.gov/environmental-protection/water/water-quantity/dam-safety-coastal-flood-protection/dam-safety", "ref_lat": null, "ref_lon": null, "km_from_ref": 34.1, "aquifer_setting": "bedrock (outside mapped unconsolidated aquifer)", "km_to_nearest_valley_aquifer": 3.56, "dec_basin": "Schoharie Creek *", "dec_permit_basin": "12-02", "in_basic_creek_res_catchment": "no"}}, {"type": "Feature", "geometry": {"type": "Point", "coordinates": [-74.25888889, 42.60666667]}, "properties": {"STATE_ID": "174-3978", "FEDERAL_ID": "NY12891", "dam_name": "Beretz Pond Dam", "alt_name": null, "county": "Schoharie", "Municipalities": "Not Found", "basin": "MOHAWK", "stream": "BROOKIE HOLLOW", "Owners": "JOSEPH BERETZ", "transect": null, "OwnerType": null, "Purposes": "Recreation", "hazard_class": "Low Hazard Dam", "hazard_code": "A", "LastConditionRating": "Not Rated", "LastInspection": "12/31/1901", "EAP_STATUS": null, "YEARBUILT": 1972.0, "ConstructionTypes": "RE - Earth", "height_ft": 6.0, "length_ft": 440.0, "normal_storage_acft": 19.0, "max_storage_acft": 32.0, "surface_area_ac": 3.0, "drainage_area_sqmi": 0.56, "spillway_type": "Drop Inlet or Riser", "url": "https://dec.ny.gov/environmental-protection/water/water-quantity/dam-safety-coastal-flood-protection/dam-safety", "ref_lat": null, "ref_lon": null, "km_from_ref": 13.8, "aquifer_setting": "bedrock (outside mapped unconsolidated aquifer)", "km_to_nearest_valley_aquifer": 2.37, "dec_basin": "Schoharie Creek *", "dec_permit_basin": "12-02", "in_basic_creek_res_catchment": "no"}}, {"type": "Feature", "geometry": {"type": "Point", "coordinates": [-74.60722222, 42.43138889]}, "properties": {"STATE_ID": "160-4741", "FEDERAL_ID": "NY01484", "dam_name": "Blazer Pond Dam", "alt_name": null, "county": "Schoharie", "Municipalities": "Town of Jefferson", "basin": "DELAWARE", "stream": "TR-WEST BRANCH DELAWARE RIVER", "Owners": "MURPHY FOUNDATION", "transect": null, "OwnerType": "Private", "Purposes": "Recreation, Water Supply - Secondary", "hazard_class": "Intermediate Hazard Dam", "hazard_code": "B", "LastConditionRating": "Unsound - More Analysis needed", "LastInspection": "8/29/2023", "EAP_STATUS": null, "YEARBUILT": null, "ConstructionTypes": "RE - Earth", "height_ft": 11.0, "length_ft": 419.0, "normal_storage_acft": 51.0, "max_storage_acft": 62.0, "surface_area_ac": 17.0, "drainage_area_sqmi": null, "spillway_type": "Uncontrolled Overflow", "url": "https://dec.ny.gov/environmental-protection/water/water-quantity/dam-safety-coastal-flood-protection/dam-safety", "ref_lat": null, "ref_lon": null, "km_from_ref": 39.0, "aquifer_setting": "valley-fill aquifer: 10-100", "km_to_nearest_valley_aquifer": 0.0, "dec_basin": "West Branch Delaware River", "dec_permit_basin": "14-04", "in_basic_creek_res_catchment": "no"}}, {"type": "Feature", "geometry": {"type": "Point", "coordinates": [-74.48388889, 42.51055556]}, "properties": {"STATE_ID": "174-2864", "FEDERAL_ID": "NY12882", "dam_name": "Blenheim Wildlife Marsh #1 Dam", "alt_name": null, "county": "Schoharie", "Municipalities": "Not Found", "basin": "MOHAWK", "stream": "TR-WESTKILL CREEK", "Owners": "NYS DEC", "transect": null, "OwnerType": "State", "Purposes": "Other", "hazard_class": "Low Hazard Dam", "hazard_code": "A", "LastConditionRating": "Not Rated", "LastInspection": "11/18/1970", "EAP_STATUS": null, "YEARBUILT": 1960.0, "ConstructionTypes": "RE - Earth", "height_ft": 8.0, "length_ft": 135.0, "normal_storage_acft": 18.0, "max_storage_acft": 19.0, "surface_area_ac": 7.0, "drainage_area_sqmi": 0.1, "spillway_type": "Drop Inlet or Riser", "url": "https://dec.ny.gov/environmental-protection/water/water-quantity/dam-safety-coastal-flood-protection/dam-safety", "ref_lat": null, "ref_lon": null, "km_from_ref": 27.8, "aquifer_setting": "bedrock (outside mapped unconsolidated aquifer)", "km_to_nearest_valley_aquifer": 2.02, "dec_basin": "Schoharie Creek *", "dec_permit_basin": "12-02", "in_basic_creek_res_catchment": "no"}}, {"type": "Feature", "geometry": {"type": "Point", "coordinates": [-74.45833333, 42.45388889]}, "properties": {"STATE_ID": "175-4263A", "FEDERAL_ID": "NY00692", "dam_name": "Blenheim-gilboa Lower Reservoir Dam", "alt_name": null, "county": "Schoharie", "Municipalities": "Town of Blenheim", "basin": "MOHAWK", "stream": "SCHOHARIE CREEK", "Owners": "NEW YORK POWER AUTHORITY", "transect": "Schoharie side (west of divide)", "OwnerType": "State", "Purposes": "Hydroelectric, Recreation", "hazard_class": "High Hazard Dam", "hazard_code": "C", "LastConditionRating": "Not Rated", "LastInspection": "8/30/2011", "EAP_STATUS": "On File", "YEARBUILT": 1973.0, "ConstructionTypes": "RE - Earth, ER - Rockfill", "height_ft": 100.0, "length_ft": 1800.0, "normal_storage_acft": 8600.0, "max_storage_acft": 15500.0, "surface_area_ac": 195.0, "drainage_area_sqmi": null, "spillway_type": "Taintor Gate", "url": "https://dec.ny.gov/environmental-protection/water/water-quantity/dam-safety-coastal-flood-protection/dam-safety", "ref_lat": null, "ref_lon": null, "km_from_ref": 26.5, "aquifer_setting": "valley-fill aquifer: >100", "km_to_nearest_valley_aquifer": 0.0, "dec_basin": "Schoharie Creek *", "dec_permit_basin": "12-02", "in_basic_creek_res_catchment": "no"}}, {"type": "Feature", "geometry": {"type": "Point", "coordinates": [-74.43555556, 42.44361111]}, "properties": {"STATE_ID": "175-4263B", "FEDERAL_ID": "NY00691", "dam_name": "Blenheim-gilboa Upper Reservoir Dam", "alt_name": null, "county": "Schoharie", "Municipalities": "Town of Gilboa", "basin": "MOHAWK", "stream": "TR-SCHOHARIE CREEK", "Owners": "NEW YORK POWER AUTHORITY", "transect": "Schoharie side (west of divide)", "OwnerType": "State", "Purposes": "Hydroelectric", "hazard_class": "High Hazard Dam", "hazard_code": "C", "LastConditionRating": "Not Rated", "LastInspection": "8/30/2011", "EAP_STATUS": "On File", "YEARBUILT": 1973.0, "ConstructionTypes": "RE - Earth, ER - Rockfill", "height_ft": 162.0, "length_ft": 11900.0, "normal_storage_acft": 15000.0, "max_storage_acft": 18500.0, "surface_area_ac": 362.0, "drainage_area_sqmi": null, "spillway_type": "Gated", "url": "https://dec.ny.gov/environmental-protection/water/water-quantity/dam-safety-coastal-flood-protection/dam-safety", "ref_lat": null, "ref_lon": null, "km_from_ref": 25.1, "aquifer_setting": "bedrock (outside mapped unconsolidated aquifer)", "km_to_nearest_valley_aquifer": 1.12, "dec_basin": "Schoharie Creek *", "dec_permit_basin": "12-02", "in_basic_creek_res_catchment": "no"}}, {"type": "Feature", "geometry": {"type": "Point", "coordinates": [-74.62555556, 42.78444444]}, "properties": {"STATE_ID": "158-4153", "FEDERAL_ID": "NY15001", "dam_name": "Bowmaker's Pond Dam", "alt_name": null, "county": "Schoharie", "Municipalities": "Town of Sharon", "basin": "MOHAWK", "stream": "NONE", "Owners": "TOWN OF SHARON, NYSDOT Region 9", "transect": null, "OwnerType": "Local Government, State", "Purposes": "Fish and Wildlife Pond, Recreation", "hazard_class": "Intermediate Hazard Dam", "hazard_code": "B", "LastConditionRating": "Not Rated", "LastInspection": "8/28/2023", "EAP_STATUS": "On File", "YEARBUILT": null, "ConstructionTypes": "RE - Earth", "height_ft": 13.6, "length_ft": 140.0, "normal_storage_acft": 37.3, "max_storage_acft": 84.0, "surface_area_ac": 14.7, "drainage_area_sqmi": 1.03, "spillway_type": "Drop Inlet or Riser", "url": "https://dec.ny.gov/environmental-protection/water/water-quantity/dam-safety-coastal-flood-protection/dam-safety", "ref_lat": null, "ref_lon": null, "km_from_ref": 49.4, "aquifer_setting": "valley-fill aquifer: 10-100", "km_to_nearest_valley_aquifer": 0.0, "dec_basin": "Mohawk River Main Stem", "dec_permit_basin": "12-01", "in_basic_creek_res_catchment": "no"}}, {"type": "Feature", "geometry": {"type": "Point", "coordinates": [-74.59861111, 42.49722222]}, "properties": {"STATE_ID": "160-4110", "FEDERAL_ID": "NY12729", "dam_name": "Brian R Sherratt Dam", "alt_name": null, "county": "Schoharie", "Municipalities": "Not Found", "basin": "SUSQUEHANNA", "stream": "TR-MIDDLE BROOK", "Owners": "BRIAN R SHERRATT", "transect": null, "OwnerType": null, "Purposes": "Recreation", "hazard_class": "Low Hazard Dam", "hazard_code": "A", "LastConditionRating": "Not Rated", "LastInspection": "12/31/1901", "EAP_STATUS": null, "YEARBUILT": 1974.0, "ConstructionTypes": "RE - Earth", "height_ft": 6.0, "length_ft": 800.0, "normal_storage_acft": 2.0, "max_storage_acft": 4.0, "surface_area_ac": 1.0, "drainage_area_sqmi": null, "spillway_type": "Culvert - No Control", "url": "https://dec.ny.gov/environmental-protection/water/water-quantity/dam-safety-coastal-flood-protection/dam-safety", "ref_lat": null, "ref_lon": null, "km_from_ref": 37.2, "aquifer_setting": "bedrock (outside mapped unconsolidated aquifer)", "km_to_nearest_valley_aquifer": 2.95, "dec_basin": "Schoharie Creek *", "dec_permit_basin": "12-02", "in_basic_creek_res_catchment": "no"}}, {"type": "Feature", "geometry": {"type": "Point", "coordinates": [-74.27916667, 42.47166667]}, "properties": {"STATE_ID": "175-1770", "FEDERAL_ID": "NY12898", "dam_name": "Broome Center Marsh #1 Dam", "alt_name": null, "county": "Schoharie", "Municipalities": "Not Found", "basin": "LOWER HUDSON", "stream": "TR-CATSKILL CREEK", "Owners": "NYS DEC", "transect": "T2 Ten Mile/Catskill Creek \u2192 Cairo \u2192 Catskill", "OwnerType": "State", "Purposes": "Other", "hazard_class": "Low Hazard Dam", "hazard_code": "A", "LastConditionRating": "Not Rated", "LastInspection": "11/17/1970", "EAP_STATUS": null, "YEARBUILT": 1953.0, "ConstructionTypes": "RE - Earth", "height_ft": 5.0, "length_ft": 200.0, "normal_storage_acft": 6.0, "max_storage_acft": 7.0, "surface_area_ac": 4.0, "drainage_area_sqmi": 0.04, "spillway_type": "Drop Inlet or Riser", "url": "https://dec.ny.gov/environmental-protection/water/water-quantity/dam-safety-coastal-flood-protection/dam-safety", "ref_lat": null, "ref_lon": null, "km_from_ref": 12.0, "aquifer_setting": "bedrock (outside mapped unconsolidated aquifer)", "km_to_nearest_valley_aquifer": 1.09, "dec_basin": "Catskill Creek", "dec_permit_basin": "13-09", "in_basic_creek_res_catchment": "no"}}, {"type": "Feature", "geometry": {"type": "Point", "coordinates": [-74.56416667, 42.63277778]}, "properties": {"STATE_ID": "159-0448A", "FEDERAL_ID": "NY12690", "dam_name": "Bunn Dam", "alt_name": null, "county": "Schoharie", "Municipalities": "Town of Richmondville", "basin": "MOHAWK", "stream": "BEAR GULCH CREEK", "Owners": "RICHMONDVILLE HISTORICAL SOCIETY", "transect": null, "OwnerType": "Private", "Purposes": "Recreation", "hazard_class": "Low Hazard Dam", "hazard_code": "A", "LastConditionRating": "Not Rated", "LastInspection": "7/15/2015", "EAP_STATUS": "On File", "YEARBUILT": 1916.0, "ConstructionTypes": "MS - Masonry, CN - Concrete Gravity", "height_ft": 9.0, "length_ft": 50.0, "normal_storage_acft": 1.0, "max_storage_acft": 1.0, "surface_area_ac": 0.2, "drainage_area_sqmi": null, "spillway_type": "Uncontrolled Overflow", "url": "https://dec.ny.gov/environmental-protection/water/water-quantity/dam-safety-coastal-flood-protection/dam-safety", "ref_lat": null, "ref_lon": null, "km_from_ref": 36.7, "aquifer_setting": "bedrock (outside mapped unconsolidated aquifer)", "km_to_nearest_valley_aquifer": 0.13, "dec_basin": "Schoharie Creek *", "dec_permit_basin": "12-02", "in_basic_creek_res_catchment": "no"}}, {"type": "Feature", "geometry": {"type": "Point", "coordinates": [-74.49611111, 42.39527778]}, "properties": {"STATE_ID": "175-3970", "FEDERAL_ID": "NY12905", "dam_name": "Buxbaum Pond Dam", "alt_name": null, "county": "Schoharie", "Municipalities": "Town of Gilboa", "basin": "MOHAWK", "stream": "TR-SCHOHARIE CREEK", "Owners": "JEROME BUXBAUM", "transect": "Schoharie side (west of divide)", "OwnerType": null, "Purposes": "Recreation", "hazard_class": "Low Hazard Dam", "hazard_code": "A", "LastConditionRating": "No deficiencies noted", "LastInspection": "10/22/2024", "EAP_STATUS": null, "YEARBUILT": 1972.0, "ConstructionTypes": "RE - Earth", "height_ft": 20.0, "length_ft": 860.0, "normal_storage_acft": 25.0, "max_storage_acft": 30.0, "surface_area_ac": 3.0, "drainage_area_sqmi": 0.13, "spillway_type": "Drop Inlet or Riser", "url": "https://dec.ny.gov/environmental-protection/water/water-quantity/dam-safety-coastal-flood-protection/dam-safety", "ref_lat": null, "ref_lon": null, "km_from_ref": 31.7, "aquifer_setting": "bedrock (outside mapped unconsolidated aquifer)", "km_to_nearest_valley_aquifer": 1.98, "dec_basin": "Schoharie Creek * (w/I NY watershed)", "dec_permit_basin": "12-02*", "in_basic_creek_res_catchment": "no"}}, {"type": "Feature", "geometry": {"type": "Point", "coordinates": [-74.32138889, 42.42666667]}, "properties": {"STATE_ID": "175-5076", "FEDERAL_ID": "NY14714", "dam_name": "Cahill Dam", "alt_name": null, "county": "Schoharie", "Municipalities": "Town of Conesville", "basin": "MOHAWK", "stream": "TR-BEAR KILL", "Owners": "LEWIS & ELVIRA CAHILL", "transect": null, "OwnerType": null, "Purposes": "Recreation", "hazard_class": "Low Hazard Dam", "hazard_code": "A", "LastConditionRating": "Not Rated", "LastInspection": "7/9/1992", "EAP_STATUS": null, "YEARBUILT": null, "ConstructionTypes": "RE - Earth", "height_ft": 18.0, "length_ft": 320.0, "normal_storage_acft": 11.0, "max_storage_acft": 27.0, "surface_area_ac": 3.0, "drainage_area_sqmi": 0.34, "spillway_type": "Drop Inlet or Riser", "url": "https://dec.ny.gov/environmental-protection/water/water-quantity/dam-safety-coastal-flood-protection/dam-safety", "ref_lat": null, "ref_lon": null, "km_from_ref": 17.5, "aquifer_setting": "bedrock (outside mapped unconsolidated aquifer)", "km_to_nearest_valley_aquifer": 5.54, "dec_basin": "Schoharie Creek * (w/I NY watershed)", "dec_permit_basin": "12-02*", "in_basic_creek_res_catchment": "no"}}, {"type": "Feature", "geometry": {"type": "Point", "coordinates": [-74.51388889, 42.4]}, "properties": {"STATE_ID": "160-3701", "FEDERAL_ID": "NY12727", "dam_name": "Cammarato Recreational Pond Dam", "alt_name": null, "county": "Schoharie", "Municipalities": "Not Found", "basin": "MOHAWK", "stream": "TR-BEAR KILL CREEK", "Owners": "FRANCES CAMMARATO", "transect": null, "OwnerType": null, "Purposes": "Recreation", "hazard_class": "Low Hazard Dam", "hazard_code": "A", "LastConditionRating": "Not Rated", "LastInspection": "11/18/1970", "EAP_STATUS": null, "YEARBUILT": 1967.0, "ConstructionTypes": "RE - Earth", "height_ft": 10.0, "length_ft": 240.0, "normal_storage_acft": 10.0, "max_storage_acft": 13.0, "surface_area_ac": 3.0, "drainage_area_sqmi": 0.08, "spillway_type": "Drop Inlet or Riser", "url": "https://dec.ny.gov/environmental-protection/water/water-quantity/dam-safety-coastal-flood-protection/dam-safety", "ref_lat": null, "ref_lon": null, "km_from_ref": 32.8, "aquifer_setting": "bedrock (outside mapped unconsolidated aquifer)", "km_to_nearest_valley_aquifer": 1.38, "dec_basin": "Schoharie Creek * (w/I NY watershed)", "dec_permit_basin": "12-02*", "in_basic_creek_res_catchment": "no"}}, {"type": "Feature", "geometry": {"type": "Point", "coordinates": [-74.60416667, 42.63888889]}, "properties": {"STATE_ID": "159-3182", "FEDERAL_ID": "NY12704", "dam_name": "Carl Franzen Pond Dam", "alt_name": null, "county": "Schoharie", "Municipalities": "Not Found", "basin": "MOHAWK", "stream": "TR-COBLESKILL CREEK", "Owners": "CARL S FRANZEN", "transect": "T3 Potic/Cob Creek \u2192 Catskill village", "OwnerType": null, "Purposes": "Fire Protection, Stock, Or Small Farm Pond, Recreation", "hazard_class": "Low Hazard Dam", "hazard_code": "A", "LastConditionRating": "Not Rated", "LastInspection": "12/31/1901", "EAP_STATUS": null, "YEARBUILT": 1963.0, "ConstructionTypes": "RE - Earth", "height_ft": 10.0, "length_ft": 275.0, "normal_storage_acft": 21.0, "max_storage_acft": 24.0, "surface_area_ac": 3.0, "drainage_area_sqmi": 0.06, "spillway_type": "Culvert - No Control", "url": "https://dec.ny.gov/environmental-protection/water/water-quantity/dam-safety-coastal-flood-protection/dam-safety", "ref_lat": null, "ref_lon": null, "km_from_ref": 40.0, "aquifer_setting": "bedrock (outside mapped unconsolidated aquifer)", "km_to_nearest_valley_aquifer": 2.43, "dec_basin": "Schoharie Creek *", "dec_permit_basin": "12-02", "in_basic_creek_res_catchment": "no"}}, {"type": "Feature", "geometry": {"type": "Point", "coordinates": [-74.29388889, 42.37083333]}, "properties": {"STATE_ID": "175-3777", "FEDERAL_ID": "NY12902", "dam_name": "Carl Pond Dams A & B", "alt_name": null, "county": "Schoharie", "Municipalities": "Town of Conesville", "basin": "MOHAWK", "stream": "TR-EAST KILL", "Owners": "DEWITT CARL", "transect": null, "OwnerType": null, "Purposes": "Recreation", "hazard_class": "Low Hazard Dam", "hazard_code": "A", "LastConditionRating": "Not Rated", "LastInspection": "12/1/1970", "EAP_STATUS": null, "YEARBUILT": 1968.0, "ConstructionTypes": "RE - Earth", "height_ft": 11.0, "length_ft": 220.0, "normal_storage_acft": 3.0, "max_storage_acft": 4.0, "surface_area_ac": 1.0, "drainage_area_sqmi": 0.02, "spillway_type": "Drop Inlet or Riser", "url": "https://dec.ny.gov/environmental-protection/water/water-quantity/dam-safety-coastal-flood-protection/dam-safety", "ref_lat": null, "ref_lon": null, "km_from_ref": 20.1, "aquifer_setting": "bedrock (outside mapped unconsolidated aquifer)", "km_to_nearest_valley_aquifer": 3.57, "dec_basin": "Schoharie Creek * (w/I NY watershed)", "dec_permit_basin": "12-02*", "in_basic_creek_res_catchment": "no"}}, {"type": "Feature", "geometry": {"type": "Point", "coordinates": [-74.365, 42.71444444]}, "properties": {"STATE_ID": "174-0342", "FEDERAL_ID": "NY12880", "dam_name": "Central Bridge Reservoir #2 Dam", "alt_name": null, "county": "Schoharie", "Municipalities": "Town of Schoharie", "basin": "MOHAWK", "stream": "TR-COBLESKILL CREEK", "Owners": "CENTRAL BRIDGE WATER DISTRICT", "transect": "T3 Potic/Cob Creek \u2192 Catskill village", "OwnerType": "Public Utility", "Purposes": "Water Supply - Primary", "hazard_class": "Intermediate Hazard Dam", "hazard_code": "B", "LastConditionRating": "Unsound - Deficiency Recognized", "LastInspection": "10/22/2024", "EAP_STATUS": "On File", "YEARBUILT": 1880.0, "ConstructionTypes": "RE - Earth, CN - Concrete Gravity", "height_ft": 12.0, "length_ft": 800.0, "normal_storage_acft": 55.0, "max_storage_acft": 55.0, "surface_area_ac": 14.9, "drainage_area_sqmi": null, "spillway_type": "Culvert - No Control", "url": "https://dec.ny.gov/environmental-protection/water/water-quantity/dam-safety-coastal-flood-protection/dam-safety", "ref_lat": null, "ref_lon": null, "km_from_ref": 28.6, "aquifer_setting": "bedrock (outside mapped unconsolidated aquifer)", "km_to_nearest_valley_aquifer": 1.2, "dec_basin": "Schoharie Creek *", "dec_permit_basin": "12-02", "in_basic_creek_res_catchment": "no"}}, {"type": "Feature", "geometry": {"type": "Point", "coordinates": [-74.36083333, 42.71083333]}, "properties": {"STATE_ID": "174-0340", "FEDERAL_ID": "NY12879", "dam_name": "Central Bridge Reservoir Dam", "alt_name": null, "county": "Schoharie", "Municipalities": "Town of Schoharie", "basin": "MOHAWK", "stream": "TR-COBLESKILL CREEK", "Owners": "CENTRAL BRIDGE WATER DISTRICT", "transect": "T3 Potic/Cob Creek \u2192 Catskill village", "OwnerType": "Public Utility", "Purposes": "Water Supply - Primary", "hazard_class": "Intermediate Hazard Dam", "hazard_code": "B", "LastConditionRating": "Unsound - Deficiency Recognized", "LastInspection": "8/16/2023", "EAP_STATUS": "On File", "YEARBUILT": 1880.0, "ConstructionTypes": "ER - Rockfill, RE - Earth", "height_ft": 9.0, "length_ft": 600.0, "normal_storage_acft": 9.0, "max_storage_acft": 9.0, "surface_area_ac": 3.0, "drainage_area_sqmi": null, "spillway_type": "Drop Inlet or Riser", "url": "https://dec.ny.gov/environmental-protection/water/water-quantity/dam-safety-coastal-flood-protection/dam-safety", "ref_lat": null, "ref_lon": null, "km_from_ref": 28.0, "aquifer_setting": "bedrock (outside mapped unconsolidated aquifer)", "km_to_nearest_valley_aquifer": 0.83, "dec_basin": "Schoharie Creek *", "dec_permit_basin": "12-02", "in_basic_creek_res_catchment": "no"}}, {"type": "Feature", "geometry": {"type": "Point", "coordinates": [-74.61666667, 42.78333333]}, "properties": {"STATE_ID": "158-4267", "FEDERAL_ID": "NY12688", "dam_name": "Clausen Pond Dam", "alt_name": null, "county": "Schoharie", "Municipalities": "Not Found", "basin": "MOHAWK", "stream": "TR- WEST CREEK", "Owners": "SANDRA STUART", "transect": null, "OwnerType": null, "Purposes": "Fire Protection, Stock, Or Small Farm Pond", "hazard_class": "Low Hazard Dam", "hazard_code": "A", "LastConditionRating": "Not Rated", "LastInspection": "4/19/2001", "EAP_STATUS": null, "YEARBUILT": null, "ConstructionTypes": "RE - Earth", "height_ft": 12.0, "length_ft": 700.0, "normal_storage_acft": 18.0, "max_storage_acft": 19.0, "surface_area_ac": 11.0, "drainage_area_sqmi": null, "spillway_type": "Stop Log sluice", "url": "https://dec.ny.gov/environmental-protection/water/water-quantity/dam-safety-coastal-flood-protection/dam-safety", "ref_lat": null, "ref_lon": null, "km_from_ref": 48.8, "aquifer_setting": "bedrock (outside mapped unconsolidated aquifer)", "km_to_nearest_valley_aquifer": 0.49, "dec_basin": "Mohawk River Main Stem", "dec_permit_basin": "12-01", "in_basic_creek_res_catchment": "no"}}, {"type": "Feature", "geometry": {"type": "Point", "coordinates": [-74.44305556, 42.66666667]}, "properties": {"STATE_ID": "174-3138A", "FEDERAL_ID": "NY00657", "dam_name": "Cobleskill Lower Res Dam", "alt_name": "DOW Reservoir", "county": "Schoharie", "Municipalities": "Town of Cobleskill", "basin": "MOHAWK", "stream": "DOW BROOK", "Owners": "VILLAGE OF COBLESKILL", "transect": null, "OwnerType": "Local Government", "Purposes": "Water Supply - Primary", "hazard_class": "High Hazard Dam", "hazard_code": "C", "LastConditionRating": "No deficiencies noted", "LastInspection": "9/15/2025", "EAP_STATUS": "On File", "YEARBUILT": 1886.0, "ConstructionTypes": "RE - Earth", "height_ft": 20.0, "length_ft": 290.0, "normal_storage_acft": 270.0, "max_storage_acft": 300.0, "surface_area_ac": 30.0, "drainage_area_sqmi": 1.8, "spillway_type": "Uncontrolled Overflow", "url": "https://dec.ny.gov/environmental-protection/water/water-quantity/dam-safety-coastal-flood-protection/dam-safety", "ref_lat": null, "ref_lon": null, "km_from_ref": 29.7, "aquifer_setting": "bedrock (outside mapped unconsolidated aquifer)", "km_to_nearest_valley_aquifer": 1.51, "dec_basin": "Schoharie Creek *", "dec_permit_basin": "12-02", "in_basic_creek_res_catchment": "no"}}, {"type": "Feature", "geometry": {"type": "Point", "coordinates": [-74.44916667, 42.66305556]}, "properties": {"STATE_ID": "174-3138B", "FEDERAL_ID": "NY00656", "dam_name": "Cobleskill Upper Reservoir Dam", "alt_name": "Smith Reservoir", "county": "Schoharie", "Municipalities": "Town of Cobleskill", "basin": "MOHAWK", "stream": "SMITH BROOK", "Owners": "VILLAGE OF COBLESKILL", "transect": null, "OwnerType": "Local Government", "Purposes": "Water Supply - Primary", "hazard_class": "High Hazard Dam", "hazard_code": "C", "LastConditionRating": "No deficiencies noted", "LastInspection": "9/15/2025", "EAP_STATUS": "On File", "YEARBUILT": 1967.0, "ConstructionTypes": "RE - Earth", "height_ft": 30.0, "length_ft": 2200.0, "normal_storage_acft": 239.0, "max_storage_acft": 353.0, "surface_area_ac": 25.0, "drainage_area_sqmi": 1.1, "spillway_type": "Uncontrolled Overflow", "url": "https://dec.ny.gov/environmental-protection/water/water-quantity/dam-safety-coastal-flood-protection/dam-safety", "ref_lat": null, "ref_lon": null, "km_from_ref": 29.8, "aquifer_setting": "bedrock (outside mapped unconsolidated aquifer)", "km_to_nearest_valley_aquifer": 1.69, "dec_basin": "Schoharie Creek *", "dec_permit_basin": "12-02", "in_basic_creek_res_catchment": "no"}}, {"type": "Feature", "geometry": {"type": "Point", "coordinates": [-74.34, 42.45972222]}, "properties": {"STATE_ID": "175-0357A", "FEDERAL_ID": "NY12894", "dam_name": "Conigliaro Pond Dams A & B", "alt_name": null, "county": "Schoharie", "Municipalities": "Not Found", "basin": "MOHAWK", "stream": "TR-KEYSER KILL", "Owners": "VINCENT CONIGLIARO", "transect": null, "OwnerType": "Private", "Purposes": "Recreation", "hazard_class": "Low Hazard Dam", "hazard_code": "A", "LastConditionRating": "Not Rated", "LastInspection": "11/17/1970", "EAP_STATUS": null, "YEARBUILT": 1966.0, "ConstructionTypes": "RE - Earth", "height_ft": 9.0, "length_ft": 240.0, "normal_storage_acft": 5.0, "max_storage_acft": 6.0, "surface_area_ac": 2.0, "drainage_area_sqmi": 0.02, "spillway_type": "Drop Inlet or Riser", "url": "https://dec.ny.gov/environmental-protection/water/water-quantity/dam-safety-coastal-flood-protection/dam-safety", "ref_lat": null, "ref_lon": null, "km_from_ref": 17.1, "aquifer_setting": "bedrock (outside mapped unconsolidated aquifer)", "km_to_nearest_valley_aquifer": 4.63, "dec_basin": "Schoharie Creek *", "dec_permit_basin": "12-02", "in_basic_creek_res_catchment": "no"}}, {"type": "Feature", "geometry": {"type": "Point", "coordinates": [-74.39166667, 42.47444444]}, "properties": {"STATE_ID": "175-3038", "FEDERAL_ID": "NY12900", "dam_name": "Csantos Pond Dam", "alt_name": null, "county": "Schoharie", "Municipalities": "Not Found", "basin": "MOHAWK", "stream": "TR-SCHOHARIE CREEK", "Owners": "OLIVER CSANTOS", "transect": "Schoharie side (west of divide)", "OwnerType": null, "Purposes": "Fire Protection, Stock, Or Small Farm Pond, Recreation", "hazard_class": "Low Hazard Dam", "hazard_code": "A", "LastConditionRating": "Not Rated", "LastInspection": "5/30/2000", "EAP_STATUS": null, "YEARBUILT": 1962.0, "ConstructionTypes": "RE - Earth", "height_ft": 16.0, "length_ft": 660.0, "normal_storage_acft": 5.0, "max_storage_acft": 6.0, "surface_area_ac": 1.0, "drainage_area_sqmi": 0.02, "spillway_type": "Drop Inlet or Riser", "url": "https://dec.ny.gov/environmental-protection/water/water-quantity/dam-safety-coastal-flood-protection/dam-safety", "ref_lat": null, "ref_lon": null, "km_from_ref": 20.7, "aquifer_setting": "bedrock (outside mapped unconsolidated aquifer)", "km_to_nearest_valley_aquifer": 2.74, "dec_basin": "Schoharie Creek *", "dec_permit_basin": "12-02", "in_basic_creek_res_catchment": "no"}}, {"type": "Feature", "geometry": {"type": "Point", "coordinates": [-74.64694444, 42.76027778]}, "properties": {"STATE_ID": "158-5801", "FEDERAL_ID": "NY16954", "dam_name": "ENGLEVILLE LOWER DAM", "alt_name": null, "county": "Schoharie", "Municipalities": "Town of Sharon", "basin": null, "stream": null, "Owners": "Not Found", "transect": null, "OwnerType": "Not Found", "Purposes": "Not Found", "hazard_class": "Low Hazard Dam", "hazard_code": "A", "LastConditionRating": "Not Rated", "LastInspection": null, "EAP_STATUS": null, "YEARBUILT": null, "ConstructionTypes": "RE - Earth", "height_ft": null, "length_ft": null, "normal_storage_acft": null, "max_storage_acft": null, "surface_area_ac": null, "drainage_area_sqmi": null, "spillway_type": null, "url": "https://dec.ny.gov/environmental-protection/water/water-quantity/dam-safety-coastal-flood-protection/dam-safety", "ref_lat": null, "ref_lon": null, "km_from_ref": 49.3, "aquifer_setting": "bedrock (outside mapped unconsolidated aquifer)", "km_to_nearest_valley_aquifer": 0.47, "dec_basin": "Schoharie Creek *", "dec_permit_basin": "12-02", "in_basic_creek_res_catchment": "no"}}, {"type": "Feature", "geometry": {"type": "Point", "coordinates": [-74.19361111, 42.70694444]}, "properties": {"STATE_ID": "190-0253", "FEDERAL_ID": "NY13068", "dam_name": "Echo Pond Dam", "alt_name": null, "county": "Schoharie", "Municipalities": "Town of Wright", "basin": "MOHAWK", "stream": "TR-KING CREEK", "Owners": "Westfall Enterprises Inc", "transect": null, "OwnerType": "Private", "Purposes": "Recreation", "hazard_class": "Low Hazard Dam", "hazard_code": "A", "LastConditionRating": "Not Rated", "LastInspection": "6/30/2016", "EAP_STATUS": "On File", "YEARBUILT": null, "ConstructionTypes": "RE - Earth, MS - Masonry", "height_ft": 10.0, "length_ft": null, "normal_storage_acft": null, "max_storage_acft": null, "surface_area_ac": 12.5, "drainage_area_sqmi": null, "spillway_type": "Culvert - No Control", "url": "https://dec.ny.gov/environmental-protection/water/water-quantity/dam-safety-coastal-flood-protection/dam-safety", "ref_lat": null, "ref_lon": null, "km_from_ref": 21.7, "aquifer_setting": "bedrock (outside mapped unconsolidated aquifer)", "km_to_nearest_valley_aquifer": 1.46, "dec_basin": "Schoharie Creek *", "dec_permit_basin": "12-02", "in_basic_creek_res_catchment": "no"}}, {"type": "Feature", "geometry": {"type": "Point", "coordinates": [-74.4, 42.65]}, "properties": {"STATE_ID": "174-4706", "FEDERAL_ID": "NY12893", "dam_name": "Ecker Hollow Dam", "alt_name": null, "county": "Schoharie", "Municipalities": "Not Found", "basin": "MOHAWK", "stream": "TR-SCHOHARIE CREEK", "Owners": "JAMES BIXBY", "transect": "Schoharie side (west of divide)", "OwnerType": null, "Purposes": "Recreation", "hazard_class": "Low Hazard Dam", "hazard_code": "A", "LastConditionRating": "Not Rated", "LastInspection": "6/27/1980", "EAP_STATUS": null, "YEARBUILT": null, "ConstructionTypes": "RE - Earth", "height_ft": 2.0, "length_ft": 180.0, "normal_storage_acft": 4.0, "max_storage_acft": 15.0, "surface_area_ac": 6.0, "drainage_area_sqmi": null, "spillway_type": "Uncontrolled Overflow", "url": "https://dec.ny.gov/environmental-protection/water/water-quantity/dam-safety-coastal-flood-protection/dam-safety", "ref_lat": null, "ref_lon": null, "km_from_ref": 25.7, "aquifer_setting": "bedrock (outside mapped unconsolidated aquifer)", "km_to_nearest_valley_aquifer": 2.62, "dec_basin": "Schoharie Creek *", "dec_permit_basin": "12-02", "in_basic_creek_res_catchment": "no"}}, {"type": "Feature", "geometry": {"type": "Point", "coordinates": [-74.51, 42.78333333]}, "properties": {"STATE_ID": "158-1056", "FEDERAL_ID": "NY00209", "dam_name": "Edwin Vickery Dam", "alt_name": "Bear Swamp Pond", "county": "Schoharie", "Municipalities": "Town of Carlisle", "basin": "MOHAWK", "stream": "FLAT CREEK", "Owners": "ARTHUR GAULICH", "transect": null, "OwnerType": "Private", "Purposes": "Recreation, Water Supply - Secondary", "hazard_class": "Low Hazard Dam", "hazard_code": "A", "LastConditionRating": "Not Rated", "LastInspection": "11/13/1970", "EAP_STATUS": null, "YEARBUILT": 1935.0, "ConstructionTypes": "CN - Concrete Gravity", "height_ft": 13.0, "length_ft": 81.0, "normal_storage_acft": 56.0, "max_storage_acft": 73.0, "surface_area_ac": 16.0, "drainage_area_sqmi": 18.0, "spillway_type": "Uncontrolled Overflow", "url": "https://dec.ny.gov/environmental-protection/water/water-quantity/dam-safety-coastal-flood-protection/dam-safety", "ref_lat": null, "ref_lon": null, "km_from_ref": 42.2, "aquifer_setting": "bedrock (outside mapped unconsolidated aquifer)", "km_to_nearest_valley_aquifer": 3.02, "dec_basin": "Mohawk River Main Stem", "dec_permit_basin": "12-01", "in_basic_creek_res_catchment": "no"}}, {"type": "Feature", "geometry": {"type": "Point", "coordinates": [-74.65222222, 42.75527778]}, "properties": {"STATE_ID": "158-4283", "FEDERAL_ID": "NY00818", "dam_name": "Engleville Pond Dam", "alt_name": null, "county": "Schoharie", "Municipalities": "Town of Sharon", "basin": "MOHAWK", "stream": "TR-WEST CREEK", "Owners": "VILLAGE OF SHARON SPRINGS", "transect": null, "OwnerType": "Local Government", "Purposes": "Water Supply - Primary", "hazard_class": "Low Hazard Dam", "hazard_code": "A", "LastConditionRating": "Unsound - Deficiency Recognized", "LastInspection": "7/14/2015", "EAP_STATUS": null, "YEARBUILT": 1910.0, "ConstructionTypes": "RE - Earth", "height_ft": 15.0, "length_ft": 325.0, "normal_storage_acft": 165.0, "max_storage_acft": 205.0, "surface_area_ac": 30.0, "drainage_area_sqmi": null, "spillway_type": "Stop Log sluice", "url": "https://dec.ny.gov/environmental-protection/water/water-quantity/dam-safety-coastal-flood-protection/dam-safety", "ref_lat": null, "ref_lon": null, "km_from_ref": 49.4, "aquifer_setting": "bedrock (outside mapped unconsolidated aquifer)", "km_to_nearest_valley_aquifer": 0.78, "dec_basin": "Schoharie Creek *", "dec_permit_basin": "12-02", "in_basic_creek_res_catchment": "no"}}, {"type": "Feature", "geometry": {"type": "Point", "coordinates": [-74.57777778, 42.59722222]}, "properties": {"STATE_ID": "159-3452", "FEDERAL_ID": "NY12707", "dam_name": "Ernest Wharton Fish Pond Dam", "alt_name": null, "county": "Schoharie", "Municipalities": "Not Found", "basin": "MOHAWK", "stream": "COBLESKILL CREEK", "Owners": "ERNEST WHARTON", "transect": "T3 Potic/Cob Creek \u2192 Catskill village", "OwnerType": null, "Purposes": "Fire Protection, Stock, Or Small Farm Pond, Recreation", "hazard_class": "Low Hazard Dam", "hazard_code": "A", "LastConditionRating": "Not Rated", "LastInspection": "11/19/1970", "EAP_STATUS": null, "YEARBUILT": 1965.0, "ConstructionTypes": "RE - Earth", "height_ft": 12.0, "length_ft": 390.0, "normal_storage_acft": 8.0, "max_storage_acft": 10.0, "surface_area_ac": 2.0, "drainage_area_sqmi": 0.13, "spillway_type": "Uncontrolled Overflow", "url": "https://dec.ny.gov/environmental-protection/water/water-quantity/dam-safety-coastal-flood-protection/dam-safety", "ref_lat": null, "ref_lon": null, "km_from_ref": 36.6, "aquifer_setting": "bedrock (outside mapped unconsolidated aquifer)", "km_to_nearest_valley_aquifer": 2.31, "dec_basin": "Schoharie Creek *", "dec_permit_basin": "12-02", "in_basic_creek_res_catchment": "no"}}, {"type": "Feature", "geometry": {"type": "Point", "coordinates": [-74.51944444, 42.59388889]}, "properties": {"STATE_ID": "159-2768", "FEDERAL_ID": "NY12700", "dam_name": "Fairlands Wildlife Marsh Dam", "alt_name": null, "county": "Schoharie", "Municipalities": "Not Found", "basin": "MOHAWK", "stream": "TR-PANTHER CREEK", "Owners": "NYS DEC", "transect": null, "OwnerType": "State", "Purposes": "Other", "hazard_class": "Low Hazard Dam", "hazard_code": "A", "LastConditionRating": "Not Rated", "LastInspection": "1/20/1972", "EAP_STATUS": null, "YEARBUILT": 1959.0, "ConstructionTypes": "RE - Earth", "height_ft": 6.0, "length_ft": 200.0, "normal_storage_acft": 113.0, "max_storage_acft": 113.0, "surface_area_ac": 17.0, "drainage_area_sqmi": 0.58, "spillway_type": "Drop Inlet or Riser", "url": "https://dec.ny.gov/environmental-protection/water/water-quantity/dam-safety-coastal-flood-protection/dam-safety", "ref_lat": null, "ref_lon": null, "km_from_ref": 31.9, "aquifer_setting": "bedrock (outside mapped unconsolidated aquifer)", "km_to_nearest_valley_aquifer": 4.24, "dec_basin": "Schoharie Creek *", "dec_permit_basin": "12-02", "in_basic_creek_res_catchment": "no"}}, {"type": "Feature", "geometry": {"type": "Point", "coordinates": [-74.2575, 42.76611111]}, "properties": {"STATE_ID": "173-3596", "FEDERAL_ID": "NY12875", "dam_name": "Feuz Recreational Pond Dam", "alt_name": null, "county": "Schoharie", "Municipalities": "Not Found", "basin": "MOHAWK", "stream": "TR-SCHOHARIE CREEK", "Owners": "EDWARD G FEUZ", "transect": "Schoharie side (west of divide)", "OwnerType": null, "Purposes": "Recreation", "hazard_class": "Low Hazard Dam", "hazard_code": "A", "LastConditionRating": "Not Rated", "LastInspection": "11/20/1970", "EAP_STATUS": null, "YEARBUILT": 1966.0, "ConstructionTypes": "RE - Earth", "height_ft": 12.0, "length_ft": 580.0, "normal_storage_acft": 7.0, "max_storage_acft": 9.0, "surface_area_ac": 2.0, "drainage_area_sqmi": 0.03, "spillway_type": "Drop Inlet or Riser", "url": "https://dec.ny.gov/environmental-protection/water/water-quantity/dam-safety-coastal-flood-protection/dam-safety", "ref_lat": null, "ref_lon": null, "km_from_ref": 29.4, "aquifer_setting": "valley-fill aquifer: >100", "km_to_nearest_valley_aquifer": 0.0, "dec_basin": "Schoharie Creek *", "dec_permit_basin": "12-02", "in_basic_creek_res_catchment": "no"}}, {"type": "Feature", "geometry": {"type": "Point", "coordinates": [-74.56472222, 42.63777778]}, "properties": {"STATE_ID": "159-0447", "FEDERAL_ID": "NY12689", "dam_name": "Foster Mill Dam", "alt_name": null, "county": "Schoharie", "Municipalities": "Not Found", "basin": "MOHAWK", "stream": "COBLESKILL CREEK", "Owners": "RICHMONDVILLE CEMETARY ASSOCIATION", "transect": "T3 Potic/Cob Creek \u2192 Catskill village", "OwnerType": "Private", "Purposes": "Irrigation", "hazard_class": "Low Hazard Dam", "hazard_code": "A", "LastConditionRating": "Not Rated", "LastInspection": "12/31/1901", "EAP_STATUS": null, "YEARBUILT": 1915.0, "ConstructionTypes": "CN - Concrete Gravity", "height_ft": 8.0, "length_ft": 57.0, "normal_storage_acft": 1.0, "max_storage_acft": 1.0, "surface_area_ac": 1.0, "drainage_area_sqmi": null, "spillway_type": "Uncontrolled Overflow", "url": "https://dec.ny.gov/environmental-protection/water/water-quantity/dam-safety-coastal-flood-protection/dam-safety", "ref_lat": null, "ref_lon": null, "km_from_ref": 37.0, "aquifer_setting": "valley-fill aquifer: >100", "km_to_nearest_valley_aquifer": 0.0, "dec_basin": "Schoharie Creek *", "dec_permit_basin": "12-02", "in_basic_creek_res_catchment": "no"}}, {"type": "Feature", "geometry": {"type": "Point", "coordinates": [-74.615, 42.58833333]}, "properties": {"STATE_ID": "159-1024", "FEDERAL_ID": "NY01090", "dam_name": "Fox Vly Dam", "alt_name": null, "county": "Schoharie", "Municipalities": "Not Found", "basin": "SUSQUEHANNA", "stream": "CHARLOTTE CREEK", "Owners": "PETER ALAN MODEL", "transect": null, "OwnerType": null, "Purposes": "Recreation", "hazard_class": "Low Hazard Dam", "hazard_code": "A", "LastConditionRating": "Not Rated", "LastInspection": "7/1/1993", "EAP_STATUS": null, "YEARBUILT": 1820.0, "ConstructionTypes": "RE - Earth, ST - Laid Up Stone", "height_ft": 8.0, "length_ft": 51.0, "normal_storage_acft": 300.0, "max_storage_acft": 404.0, "surface_area_ac": 51.0, "drainage_area_sqmi": 0.96, "spillway_type": "Uncontrolled Overflow", "url": "https://dec.ny.gov/environmental-protection/water/water-quantity/dam-safety-coastal-flood-protection/dam-safety", "ref_lat": null, "ref_lon": null, "km_from_ref": 39.3, "aquifer_setting": "bedrock (outside mapped unconsolidated aquifer)", "km_to_nearest_valley_aquifer": 3.27, "dec_basin": "Upper Susquehanna/Unadilla River", "dec_permit_basin": "06-01", "in_basic_creek_res_catchment": "no"}}, {"type": "Feature", "geometry": {"type": "Point", "coordinates": [-74.26416667, 42.52777778]}, "properties": {"STATE_ID": "174-3579", "FEDERAL_ID": "NY12889", "dam_name": "Frankel Pond Dam", "alt_name": null, "county": "Schoharie", "Municipalities": "Not Found", "basin": "MOHAWK", "stream": "TR-CATSKILL CREEK", "Owners": "HANS FRANKEL", "transect": "T2 Ten Mile/Catskill Creek \u2192 Cairo \u2192 Catskill", "OwnerType": null, "Purposes": "Recreation", "hazard_class": "Low Hazard Dam", "hazard_code": "A", "LastConditionRating": "Not Rated", "LastInspection": "11/17/1970", "EAP_STATUS": null, "YEARBUILT": 1966.0, "ConstructionTypes": "RE - Earth", "height_ft": 9.0, "length_ft": 420.0, "normal_storage_acft": 5.0, "max_storage_acft": 6.0, "surface_area_ac": 2.0, "drainage_area_sqmi": 0.01, "spillway_type": "Drop Inlet or Riser", "url": "https://dec.ny.gov/environmental-protection/water/water-quantity/dam-safety-coastal-flood-protection/dam-safety", "ref_lat": null, "ref_lon": null, "km_from_ref": 9.9, "aquifer_setting": "bedrock (outside mapped unconsolidated aquifer)", "km_to_nearest_valley_aquifer": 1.46, "dec_basin": "Catskill Creek", "dec_permit_basin": "13-09", "in_basic_creek_res_catchment": "no"}}, {"type": "Feature", "geometry": {"type": "Point", "coordinates": [-74.47083333, 42.67027778]}, "properties": {"STATE_ID": "174-5861", "FEDERAL_ID": "NY17022", "dam_name": "GUILDFORD MILLS FIRE POND DAM", "alt_name": null, "county": "Schoharie", "Municipalities": "Town of Cobleskill", "basin": "MOHAWK", "stream": null, "Owners": "SCHOHARIE COUNTY DPW, BRUCE STACY", "transect": null, "OwnerType": "Local Government, Private", "Purposes": "Fire Protection, Stock, Or Small Farm Pond", "hazard_class": "Low Hazard Dam", "hazard_code": "A", "LastConditionRating": "Not Rated", "LastInspection": "10/31/2014", "EAP_STATUS": null, "YEARBUILT": null, "ConstructionTypes": "RE - Earth", "height_ft": 17.0, "length_ft": null, "normal_storage_acft": 8.6, "max_storage_acft": 10.4, "surface_area_ac": 1.0, "drainage_area_sqmi": null, "spillway_type": null, "url": "https://dec.ny.gov/environmental-protection/water/water-quantity/dam-safety-coastal-flood-protection/dam-safety", "ref_lat": null, "ref_lon": null, "km_from_ref": 31.8, "aquifer_setting": "bedrock (outside mapped unconsolidated aquifer)", "km_to_nearest_valley_aquifer": 0.49, "dec_basin": "Schoharie Creek *", "dec_permit_basin": "12-02", "in_basic_creek_res_catchment": "no"}}, {"type": "Feature", "geometry": {"type": "Point", "coordinates": [-74.45111111, 42.39111111]}, "properties": {"STATE_ID": "175-0465", "FEDERAL_ID": "NY00176", "dam_name": "Gilboa Dam", "alt_name": "Schoharie Reservoir", "county": "Schoharie", "Municipalities": "Town of Gilboa", "basin": "MOHAWK", "stream": "SCHOHARIE CREEK", "Owners": "NYCDEP DAMS WEST OF THE HUDSON RIVER", "transect": "Schoharie side (west of divide)", "OwnerType": "Local Government", "Purposes": "Water Supply - Primary", "hazard_class": "High Hazard Dam", "hazard_code": "C", "LastConditionRating": "No deficiencies noted", "LastInspection": "5/31/2024", "EAP_STATUS": "On File", "YEARBUILT": 1926.0, "ConstructionTypes": "CN - Concrete Gravity, RE - Earth", "height_ft": 183.0, "length_ft": 2273.0, "normal_storage_acft": 63922.0, "max_storage_acft": 95575.0, "surface_area_ac": 1159.0, "drainage_area_sqmi": 314.0, "spillway_type": "Uncontrolled Overflow", "url": "https://dec.ny.gov/environmental-protection/water/water-quantity/dam-safety-coastal-flood-protection/dam-safety", "ref_lat": null, "ref_lon": null, "km_from_ref": 28.6, "aquifer_setting": "bedrock (outside mapped unconsolidated aquifer)", "km_to_nearest_valley_aquifer": 0.02, "dec_basin": "Schoharie Creek * (w/I NY watershed)", "dec_permit_basin": "12-02*", "in_basic_creek_res_catchment": "no"}}, {"type": "Feature", "geometry": {"type": "Point", "coordinates": [-74.45166667, 42.39277778]}, "properties": {"STATE_ID": "175-0467", "FEDERAL_ID": "NY12896", "dam_name": "Gilboa Falls Dam", "alt_name": null, "county": "Schoharie", "Municipalities": "Not Found", "basin": "MOHAWK", "stream": "SCHOHARIE CREEK", "Owners": "NYCDEP DAMS WEST OF THE HUDSON RIVER", "transect": "Schoharie side (west of divide)", "OwnerType": "Local Government", "Purposes": "Other", "hazard_class": "Low Hazard Dam", "hazard_code": "A", "LastConditionRating": "Not Rated", "LastInspection": "12/31/1901", "EAP_STATUS": null, "YEARBUILT": 1913.0, "ConstructionTypes": "CB - Buttress, CN - Concrete Gravity", "height_ft": null, "length_ft": 210.0, "normal_storage_acft": 1.0, "max_storage_acft": null, "surface_area_ac": 1.0, "drainage_area_sqmi": null, "spillway_type": "Gated", "url": "https://dec.ny.gov/environmental-protection/water/water-quantity/dam-safety-coastal-flood-protection/dam-safety", "ref_lat": null, "ref_lon": null, "km_from_ref": 28.5, "aquifer_setting": "bedrock (outside mapped unconsolidated aquifer)", "km_to_nearest_valley_aquifer": 0.02, "dec_basin": "Schoharie Creek *", "dec_permit_basin": "12-02", "in_basic_creek_res_catchment": "no"}}, {"type": "Feature", "geometry": {"type": "Point", "coordinates": [-74.37333333, 42.44194444]}, "properties": {"STATE_ID": "175-5859", "FEDERAL_ID": "NY17009", "dam_name": "HUBBARD LAKE DAM", "alt_name": null, "county": "Schoharie", "Municipalities": "Town of Gilboa", "basin": "MOHAWK", "stream": "TRIB TO PLATTER KILL", "Owners": "HUBBARD LAKE COOPERATIVE ASSOCIATION", "transect": "T2 Ten Mile/Catskill Creek \u2192 Cairo \u2192 Catskill", "OwnerType": "Private", "Purposes": "Recreation", "hazard_class": "Low Hazard Dam", "hazard_code": "A", "LastConditionRating": "Not Rated", "LastInspection": "7/17/2018", "EAP_STATUS": null, "YEARBUILT": null, "ConstructionTypes": "RE - Earth", "height_ft": 10.0, "length_ft": 240.0, "normal_storage_acft": 17.8, "max_storage_acft": 23.3, "surface_area_ac": 6.7, "drainage_area_sqmi": 0.21, "spillway_type": "Stop Log sluice", "url": "https://dec.ny.gov/environmental-protection/water/water-quantity/dam-safety-coastal-flood-protection/dam-safety", "ref_lat": null, "ref_lon": null, "km_from_ref": 20.4, "aquifer_setting": "bedrock (outside mapped unconsolidated aquifer)", "km_to_nearest_valley_aquifer": 5.7, "dec_basin": "Schoharie Creek *", "dec_permit_basin": "12-02", "in_basic_creek_res_catchment": "no"}}, {"type": "Feature", "geometry": {"type": "Point", "coordinates": [-74.62777778, 42.75166667]}, "properties": {"STATE_ID": "158-2383", "FEDERAL_ID": "NY12685", "dam_name": "Harry Lane Farm Pond Dam", "alt_name": null, "county": "Schoharie", "Municipalities": "Not Found", "basin": "MOHAWK", "stream": "TR- WEST CREEK", "Owners": "HARRY LANE", "transect": null, "OwnerType": null, "Purposes": "Fire Protection, Stock, Or Small Farm Pond, Recreation", "hazard_class": "Low Hazard Dam", "hazard_code": "A", "LastConditionRating": "Not Rated", "LastInspection": "11/13/1970", "EAP_STATUS": null, "YEARBUILT": 1955.0, "ConstructionTypes": "RE - Earth", "height_ft": 13.0, "length_ft": 220.0, "normal_storage_acft": 8.0, "max_storage_acft": 8.0, "surface_area_ac": 2.0, "drainage_area_sqmi": 0.02, "spillway_type": "Drop Inlet or Riser", "url": "https://dec.ny.gov/environmental-protection/water/water-quantity/dam-safety-coastal-flood-protection/dam-safety", "ref_lat": null, "ref_lon": null, "km_from_ref": 47.5, "aquifer_setting": "valley-fill aquifer: 10-100", "km_to_nearest_valley_aquifer": 0.0, "dec_basin": "Schoharie Creek *", "dec_permit_basin": "12-02", "in_basic_creek_res_catchment": "no"}}, {"type": "Feature", "geometry": {"type": "Point", "coordinates": [-74.2625, 42.78333333]}, "properties": {"STATE_ID": "173-3913", "FEDERAL_ID": "NY12876", "dam_name": "Hewett Pond Dams A&b", "alt_name": null, "county": "Schoharie", "Municipalities": "Not Found", "basin": "MOHAWK", "stream": "TR-SCHOHARIE CREEK", "Owners": "MILTON E HEWITT", "transect": "Schoharie side (west of divide)", "OwnerType": null, "Purposes": "Recreation", "hazard_class": "Low Hazard Dam", "hazard_code": "A", "LastConditionRating": "Not Rated", "LastInspection": "12/31/1901", "EAP_STATUS": null, "YEARBUILT": 1973.0, "ConstructionTypes": "RE - Earth", "height_ft": 11.0, "length_ft": 650.0, "normal_storage_acft": 16.0, "max_storage_acft": 22.0, "surface_area_ac": 5.0, "drainage_area_sqmi": 0.14, "spillway_type": "Drop Inlet or Riser", "url": "https://dec.ny.gov/environmental-protection/water/water-quantity/dam-safety-coastal-flood-protection/dam-safety", "ref_lat": null, "ref_lon": null, "km_from_ref": 31.3, "aquifer_setting": "bedrock (outside mapped unconsolidated aquifer)", "km_to_nearest_valley_aquifer": 0.48, "dec_basin": "Schoharie Creek *", "dec_permit_basin": "12-02", "in_basic_creek_res_catchment": "no"}}, {"type": "Feature", "geometry": {"type": "Point", "coordinates": [-74.61833333, 42.47916667]}, "properties": {"STATE_ID": "160-0995", "FEDERAL_ID": "NY12720", "dam_name": "Jefferson Inn Pond Dam", "alt_name": null, "county": "Schoharie", "Municipalities": "Not Found", "basin": "MOHAWK", "stream": "TR-MIDDLE BROOK", "Owners": "JEFFERSON INN", "transect": null, "OwnerType": null, "Purposes": "Recreation", "hazard_class": "Low Hazard Dam", "hazard_code": "A", "LastConditionRating": "Not Rated", "LastInspection": "6/24/1981", "EAP_STATUS": null, "YEARBUILT": null, "ConstructionTypes": "MS - Masonry, RE - Earth", "height_ft": 12.0, "length_ft": 110.0, "normal_storage_acft": 7.0, "max_storage_acft": 8.0, "surface_area_ac": 2.0, "drainage_area_sqmi": null, "spillway_type": "Drop Structure", "url": "https://dec.ny.gov/environmental-protection/water/water-quantity/dam-safety-coastal-flood-protection/dam-safety", "ref_lat": null, "ref_lon": null, "km_from_ref": 39.0, "aquifer_setting": "bedrock (outside mapped unconsolidated aquifer)", "km_to_nearest_valley_aquifer": 3.87, "dec_basin": "Upper Susquehanna/Unadilla River", "dec_permit_basin": "06-01", "in_basic_creek_res_catchment": "no"}}, {"type": "Feature", "geometry": {"type": "Point", "coordinates": [-74.57083333, 42.70972222]}, "properties": {"STATE_ID": "159-1422", "FEDERAL_ID": "NY12695", "dam_name": "Jerry Bellinger Farm Pond Dam", "alt_name": null, "county": "Schoharie", "Municipalities": "Not Found", "basin": "MOHAWK", "stream": "TR-WEST CREEK", "Owners": "JERRY BELLINGER", "transect": null, "OwnerType": null, "Purposes": "Fire Protection, Stock, Or Small Farm Pond, Recreation", "hazard_class": "Low Hazard Dam", "hazard_code": "A", "LastConditionRating": "Not Rated", "LastInspection": "11/13/1970", "EAP_STATUS": null, "YEARBUILT": 1950.0, "ConstructionTypes": "RE - Earth", "height_ft": 11.0, "length_ft": 280.0, "normal_storage_acft": 3.0, "max_storage_acft": 5.0, "surface_area_ac": 1.0, "drainage_area_sqmi": 0.06, "spillway_type": "Culvert - No Control", "url": "https://dec.ny.gov/environmental-protection/water/water-quantity/dam-safety-coastal-flood-protection/dam-safety", "ref_lat": null, "ref_lon": null, "km_from_ref": 41.0, "aquifer_setting": "bedrock (outside mapped unconsolidated aquifer)", "km_to_nearest_valley_aquifer": 0.59, "dec_basin": "Schoharie Creek *", "dec_permit_basin": "12-02", "in_basic_creek_res_catchment": "no"}}, {"type": "Feature", "geometry": {"type": "Point", "coordinates": [-74.39305556, 42.66444444]}, "properties": {"STATE_ID": "174-3486", "FEDERAL_ID": "NY12887", "dam_name": "Keyser Farm Pond Dam", "alt_name": null, "county": "Schoharie", "Municipalities": "Town of Middleburgh", "basin": "MOHAWK", "stream": "TR-SCHOHARIE CREEK", "Owners": "CHRIS NUNAMANN", "transect": "Schoharie side (west of divide)", "OwnerType": "Private", "Purposes": "Fire Protection, Stock, Or Small Farm Pond, Recreation", "hazard_class": "Low Hazard Dam", "hazard_code": "A", "LastConditionRating": "Not Rated", "LastInspection": "7/15/2015", "EAP_STATUS": null, "YEARBUILT": 1965.0, "ConstructionTypes": "RE - Earth", "height_ft": 21.0, "length_ft": 560.0, "normal_storage_acft": 12.0, "max_storage_acft": 14.0, "surface_area_ac": 2.9, "drainage_area_sqmi": 0.17, "spillway_type": "Drop Inlet or Riser", "url": "https://dec.ny.gov/environmental-protection/water/water-quantity/dam-safety-coastal-flood-protection/dam-safety", "ref_lat": null, "ref_lon": null, "km_from_ref": 26.2, "aquifer_setting": "bedrock (outside mapped unconsolidated aquifer)", "km_to_nearest_valley_aquifer": 1.35, "dec_basin": "Schoharie Creek *", "dec_permit_basin": "12-02", "in_basic_creek_res_catchment": "no"}}, {"type": "Feature", "geometry": {"type": "Point", "coordinates": [-74.52833333, 42.41]}, "properties": {"STATE_ID": "160-3689", "FEDERAL_ID": "NY00563", "dam_name": "Lake In The Sky Dam", "alt_name": "Lake In The Sky", "county": "Schoharie", "Municipalities": "Not Found", "basin": "MOHAWK", "stream": "TR-BEAR KILL", "Owners": "LAKE IN THE SKY INC", "transect": null, "OwnerType": null, "Purposes": "Recreation", "hazard_class": "Low Hazard Dam", "hazard_code": "A", "LastConditionRating": "Not Rated", "LastInspection": "11/18/1970", "EAP_STATUS": null, "YEARBUILT": 1967.0, "ConstructionTypes": "RE - Earth", "height_ft": 17.0, "length_ft": 340.0, "normal_storage_acft": 60.0, "max_storage_acft": 68.0, "surface_area_ac": 14.0, "drainage_area_sqmi": 0.2, "spillway_type": "Drop Inlet or Riser", "url": "https://dec.ny.gov/environmental-protection/water/water-quantity/dam-safety-coastal-flood-protection/dam-safety", "ref_lat": null, "ref_lon": null, "km_from_ref": 33.5, "aquifer_setting": "bedrock (outside mapped unconsolidated aquifer)", "km_to_nearest_valley_aquifer": 1.31, "dec_basin": "Schoharie Creek * (w/I NY watershed)", "dec_permit_basin": "12-02*", "in_basic_creek_res_catchment": "no"}}, {"type": "Feature", "geometry": {"type": "Point", "coordinates": [-74.31666667, 42.42166667]}, "properties": {"STATE_ID": "175-2893", "FEDERAL_ID": "NY12899", "dam_name": "Lake Of Seven Birches Dam", "alt_name": null, "county": "Schoharie", "Municipalities": "Not Found", "basin": "MOHAWK", "stream": "TR-BEAR KILL CREEK", "Owners": "EARL V HUBBARD", "transect": null, "OwnerType": null, "Purposes": "Recreation", "hazard_class": "Low Hazard Dam", "hazard_code": "A", "LastConditionRating": "Not Rated", "LastInspection": "11/17/1970", "EAP_STATUS": null, "YEARBUILT": 1960.0, "ConstructionTypes": "RE - Earth", "height_ft": 10.0, "length_ft": 350.0, "normal_storage_acft": 19.0, "max_storage_acft": 21.0, "surface_area_ac": 6.0, "drainage_area_sqmi": 0.1, "spillway_type": "Drop Inlet or Riser", "url": "https://dec.ny.gov/environmental-protection/water/water-quantity/dam-safety-coastal-flood-protection/dam-safety", "ref_lat": null, "ref_lon": null, "km_from_ref": 17.5, "aquifer_setting": "bedrock (outside mapped unconsolidated aquifer)", "km_to_nearest_valley_aquifer": 5.74, "dec_basin": "Schoharie Creek * (w/I NY watershed)", "dec_permit_basin": "12-02*", "in_basic_creek_res_catchment": "no"}}, {"type": "Feature", "geometry": {"type": "Point", "coordinates": [-74.64583333, 42.74305556]}, "properties": {"STATE_ID": "159-3469", "FEDERAL_ID": "NY12708", "dam_name": "Lane Fish Pond Dam", "alt_name": null, "county": "Schoharie", "Municipalities": "Not Found", "basin": "MOHAWK", "stream": "TR-WEST CREEK", "Owners": "HARRY LANE & SON", "transect": null, "OwnerType": null, "Purposes": "Fire Protection, Stock, Or Small Farm Pond, Recreation", "hazard_class": "Low Hazard Dam", "hazard_code": "A", "LastConditionRating": "Not Rated", "LastInspection": "1/20/1972", "EAP_STATUS": null, "YEARBUILT": 1965.0, "ConstructionTypes": "RE - Earth", "height_ft": 14.0, "length_ft": 450.0, "normal_storage_acft": 18.0, "max_storage_acft": 23.0, "surface_area_ac": 5.0, "drainage_area_sqmi": 0.07, "spillway_type": "Culvert - No Control", "url": "https://dec.ny.gov/environmental-protection/water/water-quantity/dam-safety-coastal-flood-protection/dam-safety", "ref_lat": null, "ref_lon": null, "km_from_ref": 48.2, "aquifer_setting": "bedrock (outside mapped unconsolidated aquifer)", "km_to_nearest_valley_aquifer": 0.74, "dec_basin": "Schoharie Creek *", "dec_permit_basin": "12-02", "in_basic_creek_res_catchment": "no"}}, {"type": "Feature", "geometry": {"type": "Point", "coordinates": [-74.18555556, 42.68361111]}, "properties": {"STATE_ID": "190-5369", "FEDERAL_ID": "NY15057", "dam_name": "Loden Dam", "alt_name": null, "county": "Schoharie", "Municipalities": "Town of Wright", "basin": "MOHAWK", "stream": "TR-KING CREEK", "Owners": "BOB LODEN", "transect": null, "OwnerType": null, "Purposes": "Other", "hazard_class": "Low Hazard Dam", "hazard_code": "A", "LastConditionRating": "Not Rated", "LastInspection": "9/21/1999", "EAP_STATUS": null, "YEARBUILT": null, "ConstructionTypes": "RE - Earth", "height_ft": 12.0, "length_ft": 200.0, "normal_storage_acft": 8.0, "max_storage_acft": null, "surface_area_ac": null, "drainage_area_sqmi": null, "spillway_type": null, "url": "https://dec.ny.gov/environmental-protection/water/water-quantity/dam-safety-coastal-flood-protection/dam-safety", "ref_lat": null, "ref_lon": null, "km_from_ref": 19.0, "aquifer_setting": "bedrock (outside mapped unconsolidated aquifer)", "km_to_nearest_valley_aquifer": 2.57, "dec_basin": "Schoharie Creek *", "dec_permit_basin": "12-02", "in_basic_creek_res_catchment": "no"}}, {"type": "Feature", "geometry": {"type": "Point", "coordinates": [-74.48805556, 42.54833333]}, "properties": {"STATE_ID": "174-5273", "FEDERAL_ID": "NY14936", "dam_name": "Looking Glass Pond Dam", "alt_name": null, "county": "Schoharie", "Municipalities": "Town of Fulton", "basin": "MOHAWK", "stream": "TR-PANTHER CREEK", "Owners": "NYS DEC", "transect": null, "OwnerType": "State", "Purposes": "Fish and Wildlife Pond", "hazard_class": "Low Hazard Dam", "hazard_code": "A", "LastConditionRating": "Not Rated", "LastInspection": "12/31/1901", "EAP_STATUS": null, "YEARBUILT": null, "ConstructionTypes": "RE - Earth", "height_ft": 11.0, "length_ft": 600.0, "normal_storage_acft": 84.0, "max_storage_acft": 147.0, "surface_area_ac": 23.0, "drainage_area_sqmi": 0.26, "spillway_type": "Drop Inlet or Riser", "url": "https://dec.ny.gov/environmental-protection/water/water-quantity/dam-safety-coastal-flood-protection/dam-safety", "ref_lat": null, "ref_lon": null, "km_from_ref": 28.3, "aquifer_setting": "bedrock (outside mapped unconsolidated aquifer)", "km_to_nearest_valley_aquifer": 5.08, "dec_basin": "Schoharie Creek *", "dec_permit_basin": "12-02", "in_basic_creek_res_catchment": "no"}}, {"type": "Feature", "geometry": {"type": "Point", "coordinates": [-74.57916667, 42.60597222]}, "properties": {"STATE_ID": "159-0466", "FEDERAL_ID": "NY12692", "dam_name": "Makely Pond Dam", "alt_name": null, "county": "Schoharie", "Municipalities": "Town of Summit", "basin": "MOHAWK", "stream": "TR-BEAR GULCH CREEK", "Owners": "SCHOHARIE COUNTY CONSERVATION ASSOCIATION, ILDA SCHNEIDER, JOHN VALENTE", "transect": null, "OwnerType": "Private", "Purposes": "Recreation", "hazard_class": "Intermediate Hazard Dam", "hazard_code": "B", "LastConditionRating": "Not Rated", "LastInspection": "10/15/2021", "EAP_STATUS": null, "YEARBUILT": null, "ConstructionTypes": "RE - Earth, ER - Rockfill", "height_ft": 12.0, "length_ft": 250.0, "normal_storage_acft": 44.0, "max_storage_acft": 47.7, "surface_area_ac": 11.1, "drainage_area_sqmi": 0.15, "spillway_type": "Other - Uncontrolled", "url": "https://dec.ny.gov/environmental-protection/water/water-quantity/dam-safety-coastal-flood-protection/dam-safety", "ref_lat": null, "ref_lon": null, "km_from_ref": 37.0, "aquifer_setting": "bedrock (outside mapped unconsolidated aquifer)", "km_to_nearest_valley_aquifer": 2.57, "dec_basin": "Schoharie Creek *", "dec_permit_basin": "12-02", "in_basic_creek_res_catchment": "no"}}, {"type": "Feature", "geometry": {"type": "Point", "coordinates": [-74.325, 42.63333333]}, "properties": {"STATE_ID": "174-3165", "FEDERAL_ID": "NY12884", "dam_name": "Masick Farm Pond Dam", "alt_name": null, "county": "Schoharie", "Municipalities": "Not Found", "basin": "MOHAWK", "stream": "TR-SCHOHARIE CREEK", "Owners": "ALBERT MASICK", "transect": "Schoharie side (west of divide)", "OwnerType": null, "Purposes": "Recreation", "hazard_class": "Low Hazard Dam", "hazard_code": "A", "LastConditionRating": "Not Rated", "LastInspection": "5/30/2000", "EAP_STATUS": null, "YEARBUILT": 1963.0, "ConstructionTypes": "RE - Earth", "height_ft": 13.0, "length_ft": 660.0, "normal_storage_acft": 17.0, "max_storage_acft": 18.0, "surface_area_ac": 4.0, "drainage_area_sqmi": 0.04, "spillway_type": "Drop Inlet or Riser", "url": "https://dec.ny.gov/environmental-protection/water/water-quantity/dam-safety-coastal-flood-protection/dam-safety", "ref_lat": null, "ref_lon": null, "km_from_ref": 19.8, "aquifer_setting": "bedrock (outside mapped unconsolidated aquifer)", "km_to_nearest_valley_aquifer": 0.38, "dec_basin": "Schoharie Creek *", "dec_permit_basin": "12-02", "in_basic_creek_res_catchment": "no"}}, {"type": "Feature", "geometry": {"type": "Point", "coordinates": [-74.3975, 42.48833333]}, "properties": {"STATE_ID": "175-3843", "FEDERAL_ID": "NY12904", "dam_name": "Mattice Pond Dam", "alt_name": null, "county": "Schoharie", "Municipalities": "Not Found", "basin": "MOHAWK", "stream": "TR-SCHOHARIE CREEK", "Owners": "JAY R MATTICE", "transect": "Schoharie side (west of divide)", "OwnerType": null, "Purposes": "Recreation", "hazard_class": "Low Hazard Dam", "hazard_code": "A", "LastConditionRating": "Not Rated", "LastInspection": "7/16/1980", "EAP_STATUS": null, "YEARBUILT": 1970.0, "ConstructionTypes": "RE - Earth", "height_ft": 16.0, "length_ft": 700.0, "normal_storage_acft": 43.0, "max_storage_acft": 64.0, "surface_area_ac": 8.0, "drainage_area_sqmi": 0.12, "spillway_type": "Drop Inlet or Riser", "url": "https://dec.ny.gov/environmental-protection/water/water-quantity/dam-safety-coastal-flood-protection/dam-safety", "ref_lat": null, "ref_lon": null, "km_from_ref": 20.9, "aquifer_setting": "bedrock (outside mapped unconsolidated aquifer)", "km_to_nearest_valley_aquifer": 1.72, "dec_basin": "Schoharie Creek *", "dec_permit_basin": "12-02", "in_basic_creek_res_catchment": "no"}}, {"type": "Feature", "geometry": {"type": "Point", "coordinates": [-74.51555556, 42.60833333]}, "properties": {"STATE_ID": "159-3856", "FEDERAL_ID": "NY12710", "dam_name": "Mauhs Recreational Pond Dam", "alt_name": null, "county": "Schoharie", "Municipalities": "Not Found", "basin": "SUSQUEHANNA", "stream": "TR-HEATHEN CREEK", "Owners": "JOHN S MAUHS", "transect": null, "OwnerType": null, "Purposes": "Recreation", "hazard_class": "Low Hazard Dam", "hazard_code": "A", "LastConditionRating": "Not Rated", "LastInspection": "11/24/1970", "EAP_STATUS": null, "YEARBUILT": 1971.0, "ConstructionTypes": "RE - Earth", "height_ft": 14.0, "length_ft": 340.0, "normal_storage_acft": 12.0, "max_storage_acft": 14.0, "surface_area_ac": 2.0, "drainage_area_sqmi": 0.08, "spillway_type": "Culvert - No Control", "url": "https://dec.ny.gov/environmental-protection/water/water-quantity/dam-safety-coastal-flood-protection/dam-safety", "ref_lat": null, "ref_lon": null, "km_from_ref": 32.1, "aquifer_setting": "bedrock (outside mapped unconsolidated aquifer)", "km_to_nearest_valley_aquifer": 3.59, "dec_basin": "Schoharie Creek *", "dec_permit_basin": "12-02", "in_basic_creek_res_catchment": "no"}}, {"type": "Feature", "geometry": {"type": "Point", "coordinates": [-74.56083333, 42.41333333]}, "properties": {"STATE_ID": "160-0510", "FEDERAL_ID": "NY01416", "dam_name": "Mayham Pond Dam", "alt_name": null, "county": "Schoharie", "Municipalities": "Town of Gilboa", "basin": "MOHAWK", "stream": "BEAR KILL", "Owners": "PINE ISLAND FARM PROPERTY HOMEOWNERS ASSOCIATION", "transect": null, "OwnerType": "Private", "Purposes": "Recreation", "hazard_class": "Low Hazard Dam", "hazard_code": "A", "LastConditionRating": "Not Rated", "LastInspection": "7/16/2015", "EAP_STATUS": "On File", "YEARBUILT": 1813.0, "ConstructionTypes": "ST - Laid Up Stone, RE - Earth", "height_ft": 11.0, "length_ft": 109.0, "normal_storage_acft": 144.0, "max_storage_acft": 224.0, "surface_area_ac": 37.0, "drainage_area_sqmi": 3.87, "spillway_type": "Uncontrolled Overflow", "url": "https://dec.ny.gov/environmental-protection/water/water-quantity/dam-safety-coastal-flood-protection/dam-safety", "ref_lat": null, "ref_lon": null, "km_from_ref": 35.9, "aquifer_setting": "bedrock (outside mapped unconsolidated aquifer)", "km_to_nearest_valley_aquifer": 0.08, "dec_basin": "Schoharie Creek * (w/I NY watershed)", "dec_permit_basin": "12-02*", "in_basic_creek_res_catchment": "no"}}, {"type": "Feature", "geometry": {"type": "Point", "coordinates": [-74.56813889, 42.52644444]}, "properties": {"STATE_ID": "159-3167", "FEDERAL_ID": "NY12703", "dam_name": "Mereness Farm Pond Dam", "alt_name": null, "county": "Schoharie", "Municipalities": "Town of Jefferson", "basin": "MOHAWK", "stream": "TR-WEST KILL CREEK", "Owners": "Attila Turkkan", "transect": null, "OwnerType": "Private", "Purposes": "Recreation", "hazard_class": "Low Hazard Dam", "hazard_code": "A", "LastConditionRating": "Not Rated", "LastInspection": "7/17/2018", "EAP_STATUS": null, "YEARBUILT": 1963.0, "ConstructionTypes": "RE - Earth", "height_ft": 8.0, "length_ft": 440.0, "normal_storage_acft": 7.0, "max_storage_acft": 9.8, "surface_area_ac": 1.1, "drainage_area_sqmi": 0.01, "spillway_type": null, "url": "https://dec.ny.gov/environmental-protection/water/water-quantity/dam-safety-coastal-flood-protection/dam-safety", "ref_lat": null, "ref_lon": null, "km_from_ref": 34.7, "aquifer_setting": "valley-fill aquifer: >100", "km_to_nearest_valley_aquifer": 0.0, "dec_basin": "Schoharie Creek *", "dec_permit_basin": "12-02", "in_basic_creek_res_catchment": "no"}}, {"type": "Feature", "geometry": {"type": "Point", "coordinates": [-74.36666667, 42.64166667]}, "properties": {"STATE_ID": "174-1499", "FEDERAL_ID": "NY12881", "dam_name": "Middleburg Rod & Gun Club Pond Dam", "alt_name": null, "county": "Schoharie", "Municipalities": "Not Found", "basin": "MOHAWK", "stream": "TR-SCHOHARIE CREEK", "Owners": "MIDDLEBURG ROD & GUN CLUB", "transect": "Schoharie side (west of divide)", "OwnerType": "Private", "Purposes": "Recreation", "hazard_class": "Low Hazard Dam", "hazard_code": "A", "LastConditionRating": "Not Rated", "LastInspection": "11/12/1970", "EAP_STATUS": null, "YEARBUILT": 1951.0, "ConstructionTypes": "RE - Earth", "height_ft": 12.0, "length_ft": 350.0, "normal_storage_acft": 28.0, "max_storage_acft": 30.0, "surface_area_ac": 7.0, "drainage_area_sqmi": 0.06, "spillway_type": "Drop Inlet or Riser", "url": "https://dec.ny.gov/environmental-protection/water/water-quantity/dam-safety-coastal-flood-protection/dam-safety", "ref_lat": null, "ref_lon": null, "km_from_ref": 23.0, "aquifer_setting": "bedrock (outside mapped unconsolidated aquifer)", "km_to_nearest_valley_aquifer": 2.19, "dec_basin": "Schoharie Creek *", "dec_permit_basin": "12-02", "in_basic_creek_res_catchment": "no"}}, {"type": "Feature", "geometry": {"type": "Point", "coordinates": [-74.52527778, 42.63638889]}, "properties": {"STATE_ID": "159-2790", "FEDERAL_ID": "NY01087", "dam_name": "Morris Veley Dam", "alt_name": null, "county": "Schoharie", "Municipalities": "Town of Richmondville", "basin": "MOHAWK", "stream": "TR-COBLESKILL CREEK", "Owners": "TROUT HAVEN LAKE ASSOCIATION", "transect": "T3 Potic/Cob Creek \u2192 Catskill village", "OwnerType": "Private", "Purposes": "Recreation", "hazard_class": "Intermediate Hazard Dam", "hazard_code": "B", "LastConditionRating": "Not Rated", "LastInspection": "8/28/2023", "EAP_STATUS": "On File", "YEARBUILT": 1959.0, "ConstructionTypes": "RE - Earth", "height_ft": 26.0, "length_ft": 330.0, "normal_storage_acft": 51.0, "max_storage_acft": 51.0, "surface_area_ac": 9.0, "drainage_area_sqmi": 0.19, "spillway_type": "Drop Inlet or Riser", "url": "https://dec.ny.gov/environmental-protection/water/water-quantity/dam-safety-coastal-flood-protection/dam-safety", "ref_lat": null, "ref_lon": null, "km_from_ref": 33.9, "aquifer_setting": "bedrock (outside mapped unconsolidated aquifer)", "km_to_nearest_valley_aquifer": 1.3, "dec_basin": "Schoharie Creek *", "dec_permit_basin": "12-02", "in_basic_creek_res_catchment": "no"}}, {"type": "Feature", "geometry": {"type": "Point", "coordinates": [-74.60388889, 42.43305556]}, "properties": {"STATE_ID": "160-5072", "FEDERAL_ID": "NY01621", "dam_name": "Murphy Foundation Dam", "alt_name": null, "county": "Schoharie", "Municipalities": "Town of Jefferson", "basin": "DELAWARE", "stream": "MINE KILL", "Owners": "MURPHY FOUNDATION", "transect": null, "OwnerType": "Private", "Purposes": "Recreation, Water Supply - Secondary", "hazard_class": "Intermediate Hazard Dam", "hazard_code": "B", "LastConditionRating": "Unsound - More Analysis needed", "LastInspection": "8/28/2023", "EAP_STATUS": null, "YEARBUILT": null, "ConstructionTypes": "RE - Earth", "height_ft": 18.0, "length_ft": 500.0, "normal_storage_acft": 90.0, "max_storage_acft": 140.0, "surface_area_ac": 24.0, "drainage_area_sqmi": null, "spillway_type": "Uncontrolled Overflow", "url": "https://dec.ny.gov/environmental-protection/water/water-quantity/dam-safety-coastal-flood-protection/dam-safety", "ref_lat": null, "ref_lon": null, "km_from_ref": 38.7, "aquifer_setting": "valley-fill aquifer: 10-100", "km_to_nearest_valley_aquifer": 0.0, "dec_basin": "West Branch Delaware River", "dec_permit_basin": "14-04", "in_basic_creek_res_catchment": "no"}}, {"type": "Feature", "geometry": {"type": "Point", "coordinates": [-74.44027778, 42.64305556]}, "properties": {"STATE_ID": "174-3073", "FEDERAL_ID": "NY12883", "dam_name": "Palma Farm Pond Dam", "alt_name": null, "county": "Schoharie", "Municipalities": "Not Found", "basin": "MOHAWK", "stream": "TR-COBLESKILL CREEK", "Owners": "ABEL PALMA", "transect": "T3 Potic/Cob Creek \u2192 Catskill village", "OwnerType": null, "Purposes": "Fire Protection, Stock, Or Small Farm Pond, Recreation", "hazard_class": "Low Hazard Dam", "hazard_code": "A", "LastConditionRating": "Not Rated", "LastInspection": "11/12/1970", "EAP_STATUS": null, "YEARBUILT": 1962.0, "ConstructionTypes": "RE - Earth", "height_ft": 11.0, "length_ft": 450.0, "normal_storage_acft": 7.0, "max_storage_acft": 8.0, "surface_area_ac": 2.0, "drainage_area_sqmi": 0.02, "spillway_type": "Drop Inlet or Riser", "url": "https://dec.ny.gov/environmental-protection/water/water-quantity/dam-safety-coastal-flood-protection/dam-safety", "ref_lat": null, "ref_lon": null, "km_from_ref": 28.1, "aquifer_setting": "bedrock (outside mapped unconsolidated aquifer)", "km_to_nearest_valley_aquifer": 3.42, "dec_basin": "Schoharie Creek *", "dec_permit_basin": "12-02", "in_basic_creek_res_catchment": "no"}}, {"type": "Feature", "geometry": {"type": "Point", "coordinates": [-74.51805556, 42.79555556]}, "properties": {"STATE_ID": "158-3643", "FEDERAL_ID": "NY12687", "dam_name": "Pentecostal Ministers Association Dam", "alt_name": null, "county": "Schoharie", "Municipalities": "Not Found", "basin": "MOHAWK", "stream": "TR-FLAT CREEK", "Owners": "PENTECOSTAL MINISTERS ASSOCIATION", "transect": null, "OwnerType": "Private", "Purposes": "Recreation", "hazard_class": "Low Hazard Dam", "hazard_code": "A", "LastConditionRating": "Not Rated", "LastInspection": "11/13/1970", "EAP_STATUS": null, "YEARBUILT": 1967.0, "ConstructionTypes": "RE - Earth", "height_ft": 14.0, "length_ft": 700.0, "normal_storage_acft": 11.0, "max_storage_acft": 17.0, "surface_area_ac": 3.0, "drainage_area_sqmi": 0.19, "spillway_type": "Uncontrolled Overflow", "url": "https://dec.ny.gov/environmental-protection/water/water-quantity/dam-safety-coastal-flood-protection/dam-safety", "ref_lat": null, "ref_lon": null, "km_from_ref": 43.6, "aquifer_setting": "bedrock (outside mapped unconsolidated aquifer)", "km_to_nearest_valley_aquifer": 3.15, "dec_basin": "Mohawk River Main Stem", "dec_permit_basin": "12-01", "in_basic_creek_res_catchment": "no"}}, {"type": "Feature", "geometry": {"type": "Point", "coordinates": [-74.58138889, 42.77138889]}, "properties": {"STATE_ID": "158-1567", "FEDERAL_ID": "NY12684", "dam_name": "Pomella Brothers Farm Pond Dam", "alt_name": null, "county": "Schoharie", "Municipalities": "Not Found", "basin": "MOHAWK", "stream": "TR-WEST CREEK", "Owners": "POMELLA BROTHERS", "transect": null, "OwnerType": null, "Purposes": "Other", "hazard_class": "Low Hazard Dam", "hazard_code": "A", "LastConditionRating": "Not Rated", "LastInspection": "11/13/1970", "EAP_STATUS": null, "YEARBUILT": 1951.0, "ConstructionTypes": "RE - Earth", "height_ft": 8.0, "length_ft": 250.0, "normal_storage_acft": 9.0, "max_storage_acft": 12.0, "surface_area_ac": 3.0, "drainage_area_sqmi": 0.19, "spillway_type": "Culvert - No Control", "url": "https://dec.ny.gov/environmental-protection/water/water-quantity/dam-safety-coastal-flood-protection/dam-safety", "ref_lat": null, "ref_lon": null, "km_from_ref": 45.7, "aquifer_setting": "bedrock (outside mapped unconsolidated aquifer)", "km_to_nearest_valley_aquifer": 1.72, "dec_basin": "Schoharie Creek *", "dec_permit_basin": "12-02", "in_basic_creek_res_catchment": "no"}}, {"type": "Feature", "geometry": {"type": "Point", "coordinates": [-74.55305556, 42.40666667]}, "properties": {"STATE_ID": "160-3842", "FEDERAL_ID": "NY12728", "dam_name": "Prospect Farms Pond Dam", "alt_name": null, "county": "Schoharie", "Municipalities": "Not Found", "basin": "MOHAWK", "stream": "TR-BEAR KILL CREEK", "Owners": "FRED MURPHY", "transect": null, "OwnerType": null, "Purposes": "Fire Protection, Stock, Or Small Farm Pond, Recreation", "hazard_class": "Low Hazard Dam", "hazard_code": "A", "LastConditionRating": "Not Rated", "LastInspection": "11/18/1970", "EAP_STATUS": null, "YEARBUILT": 1969.0, "ConstructionTypes": "RE - Earth", "height_ft": 20.0, "length_ft": 400.0, "normal_storage_acft": 20.0, "max_storage_acft": 20.0, "surface_area_ac": 3.0, "drainage_area_sqmi": 0.34, "spillway_type": "Culvert - No Control", "url": "https://dec.ny.gov/environmental-protection/water/water-quantity/dam-safety-coastal-flood-protection/dam-safety", "ref_lat": null, "ref_lon": null, "km_from_ref": 35.5, "aquifer_setting": "valley-fill aquifer: >100", "km_to_nearest_valley_aquifer": 0.0, "dec_basin": "Schoharie Creek * (w/I NY watershed)", "dec_permit_basin": "12-02*", "in_basic_creek_res_catchment": "no"}}, {"type": "Feature", "geometry": {"type": "Point", "coordinates": [-74.61616667, 42.65025]}, "properties": {"STATE_ID": "159-0474A", "FEDERAL_ID": "NY12693", "dam_name": "Richmondville Water Supply Dam #1", "alt_name": null, "county": "Schoharie", "Municipalities": "Town of Richmondville", "basin": "MOHAWK", "stream": "SCHNEVUS CREEK", "Owners": "VILLAGE OF RICHMONDVILLE", "transect": null, "OwnerType": "Local Government", "Purposes": "Water Supply - Primary", "hazard_class": "Intermediate Hazard Dam", "hazard_code": "B", "LastConditionRating": "Unsound - More Analysis needed", "LastInspection": "6/22/2021", "EAP_STATUS": "On File", "YEARBUILT": 1916.0, "ConstructionTypes": "RE - Earth", "height_ft": 10.0, "length_ft": 165.0, "normal_storage_acft": 5.6, "max_storage_acft": 10.3, "surface_area_ac": 2.1, "drainage_area_sqmi": 1.83, "spillway_type": "Uncontrolled Overflow", "url": "https://dec.ny.gov/environmental-protection/water/water-quantity/dam-safety-coastal-flood-protection/dam-safety", "ref_lat": null, "ref_lon": null, "km_from_ref": 41.4, "aquifer_setting": "bedrock (outside mapped unconsolidated aquifer)", "km_to_nearest_valley_aquifer": 1.67, "dec_basin": "Schoharie Creek *", "dec_permit_basin": "12-02", "in_basic_creek_res_catchment": "no"}}, {"type": "Feature", "geometry": {"type": "Point", "coordinates": [-74.61736111, 42.65044444]}, "properties": {"STATE_ID": "159-0898", "FEDERAL_ID": "NY12694", "dam_name": "Richmondville Water Supply Dam #2", "alt_name": null, "county": "Schoharie", "Municipalities": "Town of Richmondville", "basin": "MOHAWK", "stream": "SCHNEVUS CREEK", "Owners": "VILLAGE OF RICHMONDVILLE", "transect": null, "OwnerType": "Local Government", "Purposes": "Water Supply - Primary", "hazard_class": "Low Hazard Dam", "hazard_code": "A", "LastConditionRating": "Not Rated", "LastInspection": "6/22/2021", "EAP_STATUS": null, "YEARBUILT": 1931.0, "ConstructionTypes": "RE - Earth", "height_ft": 4.0, "length_ft": 240.0, "normal_storage_acft": 0.3, "max_storage_acft": 0.7, "surface_area_ac": 0.4, "drainage_area_sqmi": 2.0, "spillway_type": "Other - Uncontrolled", "url": "https://dec.ny.gov/environmental-protection/water/water-quantity/dam-safety-coastal-flood-protection/dam-safety", "ref_lat": null, "ref_lon": null, "km_from_ref": 41.5, "aquifer_setting": "bedrock (outside mapped unconsolidated aquifer)", "km_to_nearest_valley_aquifer": 1.57, "dec_basin": "Schoharie Creek *", "dec_permit_basin": "12-02", "in_basic_creek_res_catchment": "no"}}, {"type": "Feature", "geometry": {"type": "Point", "coordinates": [-74.61888889, 42.65036111]}, "properties": {"STATE_ID": "159-3389", "FEDERAL_ID": "NY12706", "dam_name": "Richmondville Water Supply Dam #3", "alt_name": null, "county": "Schoharie", "Municipalities": "Town of Richmondville", "basin": "MOHAWK", "stream": "SCHNEVUS CREEK", "Owners": "VILLAGE OF RICHMONDVILLE", "transect": null, "OwnerType": "Local Government", "Purposes": "Water Supply - Primary", "hazard_class": "Low Hazard Dam", "hazard_code": "A", "LastConditionRating": "Not Rated", "LastInspection": "6/22/2021", "EAP_STATUS": null, "YEARBUILT": 1965.0, "ConstructionTypes": "RE - Earth", "height_ft": 5.0, "length_ft": 270.0, "normal_storage_acft": 1.8, "max_storage_acft": 3.3, "surface_area_ac": 1.8, "drainage_area_sqmi": 0.61, "spillway_type": "Gated", "url": "https://dec.ny.gov/environmental-protection/water/water-quantity/dam-safety-coastal-flood-protection/dam-safety", "ref_lat": null, "ref_lon": null, "km_from_ref": 41.6, "aquifer_setting": "bedrock (outside mapped unconsolidated aquifer)", "km_to_nearest_valley_aquifer": 1.45, "dec_basin": "Schoharie Creek *", "dec_permit_basin": "12-02", "in_basic_creek_res_catchment": "no"}}, {"type": "Feature", "geometry": {"type": "Point", "coordinates": [-74.40333333, 42.40833333]}, "properties": {"STATE_ID": "175-4260", "FEDERAL_ID": "NY00832", "dam_name": "Rocco Andriello Dam", "alt_name": null, "county": "Schoharie", "Municipalities": "Not Found", "basin": "MOHAWK", "stream": "TR-MANOR KILL", "Owners": "ROCCO ANDRIELLO", "transect": null, "OwnerType": null, "Purposes": "Recreation", "hazard_class": "Low Hazard Dam", "hazard_code": "A", "LastConditionRating": "Not Rated", "LastInspection": "1/1/1980", "EAP_STATUS": null, "YEARBUILT": 1977.0, "ConstructionTypes": "RE - Earth", "height_ft": 15.0, "length_ft": 950.0, "normal_storage_acft": 55.0, "max_storage_acft": 64.0, "surface_area_ac": 6.0, "drainage_area_sqmi": 0.05, "spillway_type": null, "url": "https://dec.ny.gov/environmental-protection/water/water-quantity/dam-safety-coastal-flood-protection/dam-safety", "ref_lat": null, "ref_lon": null, "km_from_ref": 24.2, "aquifer_setting": "bedrock (outside mapped unconsolidated aquifer)", "km_to_nearest_valley_aquifer": 3.36, "dec_basin": "Schoharie Creek * (w/I NY watershed)", "dec_permit_basin": "12-02*", "in_basic_creek_res_catchment": "no"}}, {"type": "Feature", "geometry": {"type": "Point", "coordinates": [-74.52833333, 42.595]}, "properties": {"STATE_ID": "159-4526", "FEDERAL_ID": "NY01275", "dam_name": "Rossman Fly Dam", "alt_name": "Rossman Fly", "county": "Schoharie", "Municipalities": "Not Found", "basin": "MOHAWK", "stream": "PANTHER CREEK", "Owners": "OTIS & RUTH PALMER", "transect": null, "OwnerType": null, "Purposes": "Recreation", "hazard_class": "Low Hazard Dam", "hazard_code": "A", "LastConditionRating": "Not Rated", "LastInspection": "4/2/1986", "EAP_STATUS": null, "YEARBUILT": 1920.0, "ConstructionTypes": "RE - Earth", "height_ft": 7.0, "length_ft": 80.0, "normal_storage_acft": 81.0, "max_storage_acft": 86.0, "surface_area_ac": 32.0, "drainage_area_sqmi": null, "spillway_type": "Drop Inlet or Riser", "url": "https://dec.ny.gov/environmental-protection/water/water-quantity/dam-safety-coastal-flood-protection/dam-safety", "ref_lat": null, "ref_lon": null, "km_from_ref": 32.6, "aquifer_setting": "bedrock (outside mapped unconsolidated aquifer)", "km_to_nearest_valley_aquifer": 3.81, "dec_basin": "Schoharie Creek *", "dec_permit_basin": "12-02", "in_basic_creek_res_catchment": "no"}}, {"type": "Feature", "geometry": {"type": "Point", "coordinates": [-74.63333333, 42.57777778]}, "properties": {"STATE_ID": "159-3324", "FEDERAL_ID": "NY12705", "dam_name": "Samuel Lape Farm Pond Dam", "alt_name": null, "county": "Schoharie", "Municipalities": "Not Found", "basin": "SUSQUEHANNA", "stream": "TR-CHARLOTTE CREEK", "Owners": "SAMUEL J LAPE", "transect": null, "OwnerType": null, "Purposes": "Other", "hazard_class": "Low Hazard Dam", "hazard_code": "A", "LastConditionRating": "Not Rated", "LastInspection": "11/19/1970", "EAP_STATUS": null, "YEARBUILT": 1964.0, "ConstructionTypes": "RE - Earth", "height_ft": 13.0, "length_ft": 360.0, "normal_storage_acft": 7.0, "max_storage_acft": 8.0, "surface_area_ac": 1.0, "drainage_area_sqmi": 0.01, "spillway_type": "Culvert - No Control", "url": "https://dec.ny.gov/environmental-protection/water/water-quantity/dam-safety-coastal-flood-protection/dam-safety", "ref_lat": null, "ref_lon": null, "km_from_ref": 40.6, "aquifer_setting": "bedrock (outside mapped unconsolidated aquifer)", "km_to_nearest_valley_aquifer": 4.36, "dec_basin": "Upper Susquehanna/Unadilla River", "dec_permit_basin": "06-01", "in_basic_creek_res_catchment": "no"}}, {"type": "Feature", "geometry": {"type": "Point", "coordinates": [-74.43444444, 42.63611111]}, "properties": {"STATE_ID": "174-3580", "FEDERAL_ID": "NY12890", "dam_name": "Savoca Pond Dam", "alt_name": null, "county": "Schoharie", "Municipalities": "Not Found", "basin": "MOHAWK", "stream": "TR-STONY CREEK", "Owners": "JAMES P SAVOCA", "transect": null, "OwnerType": null, "Purposes": "Recreation", "hazard_class": "Low Hazard Dam", "hazard_code": "A", "LastConditionRating": "Not Rated", "LastInspection": "11/12/1970", "EAP_STATUS": null, "YEARBUILT": 1966.0, "ConstructionTypes": "RE - Earth", "height_ft": 11.0, "length_ft": 700.0, "normal_storage_acft": 7.0, "max_storage_acft": 8.0, "surface_area_ac": 2.0, "drainage_area_sqmi": 0.03, "spillway_type": "Drop Inlet or Riser", "url": "https://dec.ny.gov/environmental-protection/water/water-quantity/dam-safety-coastal-flood-protection/dam-safety", "ref_lat": null, "ref_lon": null, "km_from_ref": 27.3, "aquifer_setting": "bedrock (outside mapped unconsolidated aquifer)", "km_to_nearest_valley_aquifer": 3.98, "dec_basin": "Schoharie Creek *", "dec_permit_basin": "12-02", "in_basic_creek_res_catchment": "no"}}, {"type": "Feature", "geometry": {"type": "Point", "coordinates": [-74.22583333, 42.65277778]}, "properties": {"STATE_ID": "190-3317", "FEDERAL_ID": "NY13085", "dam_name": "Schultz Farm Pond Dam", "alt_name": null, "county": "Schoharie", "Municipalities": "Not Found", "basin": "MOHAWK", "stream": "TR-FOX CREEK", "Owners": "OTTO SCHULTZ", "transect": "Schoharie side (west of divide)", "OwnerType": null, "Purposes": "Fire Protection, Stock, Or Small Farm Pond, Other, Recreation", "hazard_class": "Low Hazard Dam", "hazard_code": "A", "LastConditionRating": "Not Rated", "LastInspection": "5/30/2000", "EAP_STATUS": null, "YEARBUILT": 1964.0, "ConstructionTypes": "RE - Earth", "height_ft": 10.0, "length_ft": 560.0, "normal_storage_acft": 3.0, "max_storage_acft": 4.0, "surface_area_ac": 1.0, "drainage_area_sqmi": 0.02, "spillway_type": "Drop Inlet or Riser", "url": "https://dec.ny.gov/environmental-protection/water/water-quantity/dam-safety-coastal-flood-protection/dam-safety", "ref_lat": null, "ref_lon": null, "km_from_ref": 16.7, "aquifer_setting": "bedrock (outside mapped unconsolidated aquifer)", "km_to_nearest_valley_aquifer": 0.42, "dec_basin": "Schoharie Creek *", "dec_permit_basin": "12-02", "in_basic_creek_res_catchment": "no"}}, {"type": "Feature", "geometry": {"type": "Point", "coordinates": [-74.48361111, 42.715]}, "properties": {"STATE_ID": "174-0897", "FEDERAL_ID": "NY00208", "dam_name": "Schuyler Lake Dam", "alt_name": "Russell Lake", "county": "Schoharie", "Municipalities": "Town of Cobleskill", "basin": "MOHAWK", "stream": "TR-COBLESKILL CREEK", "Owners": "JOHN & DEBRA STANTON", "transect": "T3 Potic/Cob Creek \u2192 Catskill village", "OwnerType": "Private", "Purposes": "Recreation", "hazard_class": "Intermediate Hazard Dam", "hazard_code": "B", "LastConditionRating": "Unsound - More Analysis needed", "LastInspection": "6/22/2021", "EAP_STATUS": null, "YEARBUILT": 1931.0, "ConstructionTypes": "RE - Earth", "height_ft": 17.0, "length_ft": 270.0, "normal_storage_acft": 90.0, "max_storage_acft": 110.0, "surface_area_ac": 13.0, "drainage_area_sqmi": 0.33, "spillway_type": "Uncontrolled Overflow", "url": "https://dec.ny.gov/environmental-protection/water/water-quantity/dam-safety-coastal-flood-protection/dam-safety", "ref_lat": null, "ref_lon": null, "km_from_ref": 35.5, "aquifer_setting": "bedrock (outside mapped unconsolidated aquifer)", "km_to_nearest_valley_aquifer": 2.47, "dec_basin": "Schoharie Creek *", "dec_permit_basin": "12-02", "in_basic_creek_res_catchment": "no"}}, {"type": "Feature", "geometry": {"type": "Point", "coordinates": [-74.61583333, 42.71861111]}, "properties": {"STATE_ID": "159-0464", "FEDERAL_ID": "NY12691", "dam_name": "Sheffield Farms Pond Dam", "alt_name": null, "county": "Schoharie", "Municipalities": "Town of Seward", "basin": "MOHAWK", "stream": "WEST CREEK", "Owners": "Chad and Clarissa Kniskern", "transect": null, "OwnerType": "Private", "Purposes": "Fire Protection, Stock, Or Small Farm Pond", "hazard_class": "Intermediate Hazard Dam", "hazard_code": "B", "LastConditionRating": "Unsound - More Analysis needed", "LastInspection": "6/22/2021", "EAP_STATUS": "On File", "YEARBUILT": 1919.0, "ConstructionTypes": "CN - Concrete Gravity, RE - Earth", "height_ft": 9.0, "length_ft": 149.0, "normal_storage_acft": 15.8, "max_storage_acft": 28.0, "surface_area_ac": 11.9, "drainage_area_sqmi": 25.0, "spillway_type": "Uncontrolled Overflow", "url": "https://dec.ny.gov/environmental-protection/water/water-quantity/dam-safety-coastal-flood-protection/dam-safety", "ref_lat": null, "ref_lon": null, "km_from_ref": 44.7, "aquifer_setting": "valley-fill aquifer: 10-100", "km_to_nearest_valley_aquifer": 0.0, "dec_basin": "Schoharie Creek *", "dec_permit_basin": "12-02", "in_basic_creek_res_catchment": "no"}}, {"type": "Feature", "geometry": {"type": "Point", "coordinates": [-74.53138889, 42.4675]}, "properties": {"STATE_ID": "160-3471", "FEDERAL_ID": "NY12725", "dam_name": "Shelmandine Farm Pond Dam", "alt_name": null, "county": "Schoharie", "Municipalities": "Town of Blenheim", "basin": "MOHAWK", "stream": "TR-MILL CREEK", "Owners": "DR ROBERT SHELMANDINE", "transect": null, "OwnerType": "Private", "Purposes": "Recreation", "hazard_class": "Low Hazard Dam", "hazard_code": "A", "LastConditionRating": "Not Rated", "LastInspection": "11/18/1970", "EAP_STATUS": null, "YEARBUILT": 1965.0, "ConstructionTypes": "RE - Earth", "height_ft": 10.0, "length_ft": 580.0, "normal_storage_acft": 12.0, "max_storage_acft": 14.0, "surface_area_ac": 2.0, "drainage_area_sqmi": 0.07, "spillway_type": "Culvert - No Control", "url": "https://dec.ny.gov/environmental-protection/water/water-quantity/dam-safety-coastal-flood-protection/dam-safety", "ref_lat": null, "ref_lon": null, "km_from_ref": 32.1, "aquifer_setting": "bedrock (outside mapped unconsolidated aquifer)", "km_to_nearest_valley_aquifer": 1.78, "dec_basin": "Schoharie Creek *", "dec_permit_basin": "12-02", "in_basic_creek_res_catchment": "no"}}, {"type": "Feature", "geometry": {"type": "Point", "coordinates": [-74.595, 42.5675]}, "properties": {"STATE_ID": "159-5417", "FEDERAL_ID": "NY16028", "dam_name": "Simms Dam", "alt_name": null, "county": "Schoharie", "Municipalities": "Town of Jefferson", "basin": "MOHAWK", "stream": null, "Owners": "RANDY SIMMS", "transect": null, "OwnerType": null, "Purposes": "Other", "hazard_class": "Hazard Classification Not Assigned", "hazard_code": "0", "LastConditionRating": "Not Rated", "LastInspection": null, "EAP_STATUS": null, "YEARBUILT": null, "ConstructionTypes": "RE - Earth", "height_ft": 15.0, "length_ft": null, "normal_storage_acft": 24.0, "max_storage_acft": 45.0, "surface_area_ac": 6.0, "drainage_area_sqmi": 0.2, "spillway_type": null, "url": "https://dec.ny.gov/environmental-protection/water/water-quantity/dam-safety-coastal-flood-protection/dam-safety", "ref_lat": null, "ref_lon": null, "km_from_ref": 37.3, "aquifer_setting": "bedrock (outside mapped unconsolidated aquifer)", "km_to_nearest_valley_aquifer": 1.14, "dec_basin": "Schoharie Creek *", "dec_permit_basin": "12-02", "in_basic_creek_res_catchment": "no"}}, {"type": "Feature", "geometry": {"type": "Point", "coordinates": [-74.61722222, 42.44361111]}, "properties": {"STATE_ID": "160-0420C", "FEDERAL_ID": "NY00652", "dam_name": "Stamford Reservoir Dam", "alt_name": null, "county": "Schoharie", "Municipalities": "Town of Jefferson", "basin": "DELAWARE", "stream": "WEST BRANCH DELAWARE RIVER", "Owners": "VILLAGE OF STAMFORD", "transect": null, "OwnerType": "Local Government", "Purposes": "Other", "hazard_class": "Intermediate Hazard Dam", "hazard_code": "B", "LastConditionRating": "Unsound - More Analysis needed", "LastInspection": "8/29/2023", "EAP_STATUS": "On File", "YEARBUILT": 1893.0, "ConstructionTypes": "RE - Earth", "height_ft": 28.0, "length_ft": 550.0, "normal_storage_acft": 74.0, "max_storage_acft": 78.0, "surface_area_ac": 6.0, "drainage_area_sqmi": 1.5, "spillway_type": "Uncontrolled Overflow", "url": "https://dec.ny.gov/environmental-protection/water/water-quantity/dam-safety-coastal-flood-protection/dam-safety", "ref_lat": null, "ref_lon": null, "km_from_ref": 39.5, "aquifer_setting": "bedrock (outside mapped unconsolidated aquifer)", "km_to_nearest_valley_aquifer": 1.15, "dec_basin": "West Branch Delaware River", "dec_permit_basin": "14-04", "in_basic_creek_res_catchment": "no"}}, {"type": "Feature", "geometry": {"type": "Point", "coordinates": [-74.58319444, 42.57958333]}, "properties": {"STATE_ID": "159-0479A", "FEDERAL_ID": "NY01088", "dam_name": "Summit Lake Dam", "alt_name": null, "county": "Schoharie", "Municipalities": "Town of Summit", "basin": "MOHAWK", "stream": "TR-WEST KILL", "Owners": "Gregory Tobin, SCHOHARIE COUNTY DPW", "transect": null, "OwnerType": "Local Government, Private", "Purposes": "Recreation", "hazard_class": "Intermediate Hazard Dam", "hazard_code": "B", "LastConditionRating": "Unsound - More Analysis needed", "LastInspection": "8/29/2023", "EAP_STATUS": null, "YEARBUILT": 1920.0, "ConstructionTypes": "RE - Earth", "height_ft": 14.0, "length_ft": 80.0, "normal_storage_acft": 233.0, "max_storage_acft": 233.0, "surface_area_ac": 45.0, "drainage_area_sqmi": null, "spillway_type": "Drop Inlet or Riser", "url": "https://dec.ny.gov/environmental-protection/water/water-quantity/dam-safety-coastal-flood-protection/dam-safety", "ref_lat": null, "ref_lon": null, "km_from_ref": 36.6, "aquifer_setting": "bedrock (outside mapped unconsolidated aquifer)", "km_to_nearest_valley_aquifer": 1.02, "dec_basin": "Schoharie Creek *", "dec_permit_basin": "12-02", "in_basic_creek_res_catchment": "no"}}, {"type": "Feature", "geometry": {"type": "Point", "coordinates": [-74.30277778, 42.63472222]}, "properties": {"STATE_ID": "174-3297", "FEDERAL_ID": "NY12885", "dam_name": "Traver Farm Pond Dam", "alt_name": null, "county": "Schoharie", "Municipalities": "Not Found", "basin": "MOHAWK", "stream": "TR-SCHOHARIE CREEK", "Owners": "RICHARD TRAVER", "transect": "Schoharie side (west of divide)", "OwnerType": null, "Purposes": "Fire Protection, Stock, Or Small Farm Pond, Recreation", "hazard_class": "Low Hazard Dam", "hazard_code": "A", "LastConditionRating": "Not Rated", "LastInspection": "11/12/1970", "EAP_STATUS": null, "YEARBUILT": 1964.0, "ConstructionTypes": "RE - Earth", "height_ft": 11.0, "length_ft": 440.0, "normal_storage_acft": 3.0, "max_storage_acft": 4.0, "surface_area_ac": 1.0, "drainage_area_sqmi": 0.01, "spillway_type": "Drop Inlet or Riser", "url": "https://dec.ny.gov/environmental-protection/water/water-quantity/dam-safety-coastal-flood-protection/dam-safety", "ref_lat": null, "ref_lon": null, "km_from_ref": 18.5, "aquifer_setting": "bedrock (outside mapped unconsolidated aquifer)", "km_to_nearest_valley_aquifer": 1.61, "dec_basin": "Schoharie Creek *", "dec_permit_basin": "12-02", "in_basic_creek_res_catchment": "no"}}, {"type": "Feature", "geometry": {"type": "Point", "coordinates": [-74.62083333, 42.42361111]}, "properties": {"STATE_ID": "160-0716G", "FEDERAL_ID": "NY12719", "dam_name": "Utsayantha Lake Dam", "alt_name": null, "county": "Schoharie", "Municipalities": "Not Found", "basin": "MOHAWK", "stream": "WEST BRANCH DELAWARE RIVER", "Owners": "STAMFORD ROD & GUN CLUB", "transect": null, "OwnerType": "Private", "Purposes": "Other", "hazard_class": "Low Hazard Dam", "hazard_code": "A", "LastConditionRating": "Not Rated", "LastInspection": "4/4/1986", "EAP_STATUS": null, "YEARBUILT": 1914.0, "ConstructionTypes": "ER - Rockfill, RE - Earth", "height_ft": 4.0, "length_ft": 185.0, "normal_storage_acft": 3.0, "max_storage_acft": 3.0, "surface_area_ac": 2.0, "drainage_area_sqmi": null, "spillway_type": "Uncontrolled Overflow", "url": "https://dec.ny.gov/environmental-protection/water/water-quantity/dam-safety-coastal-flood-protection/dam-safety", "ref_lat": null, "ref_lon": null, "km_from_ref": 40.3, "aquifer_setting": "valley-fill aquifer: 10-100", "km_to_nearest_valley_aquifer": 0.0, "dec_basin": "West Branch Delaware River", "dec_permit_basin": "14-04", "in_basic_creek_res_catchment": "no"}}, {"type": "Feature", "geometry": {"type": "Point", "coordinates": [-74.44722222, 42.6675]}, "properties": {"STATE_ID": "174-4836", "FEDERAL_ID": "NY01554", "dam_name": "Village Of Cobleskill Holding Pond Dam", "alt_name": null, "county": "Schoharie", "Municipalities": "Town of Cobleskill", "basin": "MOHAWK", "stream": "TR-COBLESKILL CREEK", "Owners": "VILLAGE OF COBLESKILL", "transect": "T3 Potic/Cob Creek \u2192 Catskill village", "OwnerType": "Local Government", "Purposes": "Water Supply - Primary", "hazard_class": "High Hazard Dam", "hazard_code": "C", "LastConditionRating": "No deficiencies noted", "LastInspection": "9/15/2025", "EAP_STATUS": "On File", "YEARBUILT": 1986.0, "ConstructionTypes": "RE - Earth", "height_ft": 38.0, "length_ft": 3180.0, "normal_storage_acft": 311.0, "max_storage_acft": 325.0, "surface_area_ac": 16.0, "drainage_area_sqmi": 2.92, "spillway_type": "Drop Inlet or Riser", "url": "https://dec.ny.gov/environmental-protection/water/water-quantity/dam-safety-coastal-flood-protection/dam-safety", "ref_lat": null, "ref_lon": null, "km_from_ref": 30.0, "aquifer_setting": "bedrock (outside mapped unconsolidated aquifer)", "km_to_nearest_valley_aquifer": 1.45, "dec_basin": "Schoharie Creek *", "dec_permit_basin": "12-02", "in_basic_creek_res_catchment": "no"}}, {"type": "Feature", "geometry": {"type": "Point", "coordinates": [-74.59583333, 42.78916667]}, "properties": {"STATE_ID": "158-5317A", "FEDERAL_ID": "NY14996", "dam_name": "Walmart  Detention Pond A Dam", "alt_name": null, "county": "Schoharie", "Municipalities": "Town of Sharon", "basin": "MOHAWK", "stream": null, "Owners": "WALMART STORES INC", "transect": null, "OwnerType": "Private", "Purposes": "Flood Control and Storm Water Management", "hazard_class": "Low Hazard Dam", "hazard_code": "A", "LastConditionRating": "Not Rated", "LastInspection": null, "EAP_STATUS": null, "YEARBUILT": null, "ConstructionTypes": "RE - Earth", "height_ft": 31.0, "length_ft": null, "normal_storage_acft": 0.0, "max_storage_acft": 19.0, "surface_area_ac": 0.0, "drainage_area_sqmi": 0.065, "spillway_type": null, "url": "https://dec.ny.gov/environmental-protection/water/water-quantity/dam-safety-coastal-flood-protection/dam-safety", "ref_lat": null, "ref_lon": null, "km_from_ref": 47.9, "aquifer_setting": "bedrock (outside mapped unconsolidated aquifer)", "km_to_nearest_valley_aquifer": 1.86, "dec_basin": "Mohawk River Main Stem", "dec_permit_basin": "12-01", "in_basic_creek_res_catchment": "no"}}, {"type": "Feature", "geometry": {"type": "Point", "coordinates": [-74.60666667, 42.79]}, "properties": {"STATE_ID": "158-5317B", "FEDERAL_ID": "NY14997", "dam_name": "Walmart  Detention Pond B Dam", "alt_name": null, "county": "Schoharie", "Municipalities": "Town of Sharon", "basin": "MOHAWK", "stream": null, "Owners": "WALMART STORES INC", "transect": null, "OwnerType": "Private", "Purposes": "Flood Control and Storm Water Management", "hazard_class": "Low Hazard Dam", "hazard_code": "A", "LastConditionRating": "Not Rated", "LastInspection": null, "EAP_STATUS": null, "YEARBUILT": null, "ConstructionTypes": "RE - Earth", "height_ft": 5.0, "length_ft": null, "normal_storage_acft": 0.0, "max_storage_acft": 11.8, "surface_area_ac": 0.0, "drainage_area_sqmi": 0.04, "spillway_type": null, "url": "https://dec.ny.gov/environmental-protection/water/water-quantity/dam-safety-coastal-flood-protection/dam-safety", "ref_lat": null, "ref_lon": null, "km_from_ref": 48.6, "aquifer_setting": "bedrock (outside mapped unconsolidated aquifer)", "km_to_nearest_valley_aquifer": 1.21, "dec_basin": "Mohawk River Main Stem", "dec_permit_basin": "12-01", "in_basic_creek_res_catchment": "no"}}, {"type": "Feature", "geometry": {"type": "Point", "coordinates": [-74.60805556, 42.78722222]}, "properties": {"STATE_ID": "158-5317C", "FEDERAL_ID": "NY14998", "dam_name": "Walmart  Detention Pond C Dam", "alt_name": null, "county": "Schoharie", "Municipalities": "Town of Sharon", "basin": "MOHAWK", "stream": null, "Owners": "WALMART STORES INC", "transect": null, "OwnerType": "Private", "Purposes": "Flood Control and Storm Water Management", "hazard_class": "Low Hazard Dam", "hazard_code": "A", "LastConditionRating": "Not Rated", "LastInspection": null, "EAP_STATUS": null, "YEARBUILT": null, "ConstructionTypes": "RE - Earth", "height_ft": 5.0, "length_ft": null, "normal_storage_acft": 0.0, "max_storage_acft": 9.4, "surface_area_ac": 0.0, "drainage_area_sqmi": 0.013, "spillway_type": null, "url": "https://dec.ny.gov/environmental-protection/water/water-quantity/dam-safety-coastal-flood-protection/dam-safety", "ref_lat": null, "ref_lon": null, "km_from_ref": 48.5, "aquifer_setting": "bedrock (outside mapped unconsolidated aquifer)", "km_to_nearest_valley_aquifer": 1.1, "dec_basin": "Mohawk River Main Stem", "dec_permit_basin": "12-01", "in_basic_creek_res_catchment": "no"}}, {"type": "Feature", "geometry": {"type": "Point", "coordinates": [-74.60222222, 42.785]}, "properties": {"STATE_ID": "158-5317D", "FEDERAL_ID": "NY14999", "dam_name": "Walmart  Detention Pond D Dam", "alt_name": null, "county": "Schoharie", "Municipalities": "Town of Sharon", "basin": "MOHAWK", "stream": null, "Owners": "WALMART STORES INC", "transect": null, "OwnerType": "Private", "Purposes": "Flood Control and Storm Water Management", "hazard_class": "Low Hazard Dam", "hazard_code": "A", "LastConditionRating": "Not Rated", "LastInspection": null, "EAP_STATUS": null, "YEARBUILT": null, "ConstructionTypes": "RE - Earth", "height_ft": 20.0, "length_ft": null, "normal_storage_acft": 0.0, "max_storage_acft": 22.0, "surface_area_ac": 0.0, "drainage_area_sqmi": 0.116, "spillway_type": null, "url": "https://dec.ny.gov/environmental-protection/water/water-quantity/dam-safety-coastal-flood-protection/dam-safety", "ref_lat": null, "ref_lon": null, "km_from_ref": 48.0, "aquifer_setting": "bedrock (outside mapped unconsolidated aquifer)", "km_to_nearest_valley_aquifer": 1.43, "dec_basin": "Mohawk River Main Stem", "dec_permit_basin": "12-01", "in_basic_creek_res_catchment": "no"}}, {"type": "Feature", "geometry": {"type": "Point", "coordinates": [-74.59888889, 42.78416667]}, "properties": {"STATE_ID": "158-5317E", "FEDERAL_ID": "NY15000", "dam_name": "Walmart  Detention Pond E Dam", "alt_name": null, "county": "Schoharie", "Municipalities": "Town of Sharon", "basin": "MOHAWK", "stream": null, "Owners": "WALMART STORES INC", "transect": null, "OwnerType": "Private", "Purposes": "Flood Control and Storm Water Management", "hazard_class": "Low Hazard Dam", "hazard_code": "A", "LastConditionRating": "Not Rated", "LastInspection": null, "EAP_STATUS": null, "YEARBUILT": null, "ConstructionTypes": "RE - Earth", "height_ft": 5.0, "length_ft": null, "normal_storage_acft": 0.0, "max_storage_acft": 18.6, "surface_area_ac": 0.0, "drainage_area_sqmi": 0.057, "spillway_type": null, "url": "https://dec.ny.gov/environmental-protection/water/water-quantity/dam-safety-coastal-flood-protection/dam-safety", "ref_lat": null, "ref_lon": null, "km_from_ref": 47.7, "aquifer_setting": "bedrock (outside mapped unconsolidated aquifer)", "km_to_nearest_valley_aquifer": 1.4, "dec_basin": "Mohawk River Main Stem", "dec_permit_basin": "12-01", "in_basic_creek_res_catchment": "no"}}, {"type": "Feature", "geometry": {"type": "Point", "coordinates": [-74.41805556, 42.38333333]}, "properties": {"STATE_ID": "175-0459", "FEDERAL_ID": "NY12895", "dam_name": "West Conesville Reservoir Dam", "alt_name": null, "county": "Schoharie", "Municipalities": "Not Found", "basin": "MOHAWK", "stream": "TR-MANOR KILL BROOK", "Owners": "WEST CONESVILLE WATER COMPANY", "transect": null, "OwnerType": null, "Purposes": "Water Supply - Secondary", "hazard_class": "Low Hazard Dam", "hazard_code": "A", "LastConditionRating": "Not Rated", "LastInspection": "11/17/1970", "EAP_STATUS": null, "YEARBUILT": 1925.0, "ConstructionTypes": "RE - Earth", "height_ft": 9.0, "length_ft": 36.0, "normal_storage_acft": 3.0, "max_storage_acft": 3.0, "surface_area_ac": 1.0, "drainage_area_sqmi": null, "spillway_type": "Culvert - No Control", "url": "https://dec.ny.gov/environmental-protection/water/water-quantity/dam-safety-coastal-flood-protection/dam-safety", "ref_lat": null, "ref_lon": null, "km_from_ref": 26.7, "aquifer_setting": "bedrock (outside mapped unconsolidated aquifer)", "km_to_nearest_valley_aquifer": 2.27, "dec_basin": "Schoharie Creek * (w/I NY watershed)", "dec_permit_basin": "12-02*", "in_basic_creek_res_catchment": "no"}}, {"type": "Feature", "geometry": {"type": "Point", "coordinates": [-74.53472222, 42.56416667]}, "properties": {"STATE_ID": "159-2606", "FEDERAL_ID": "NY12699", "dam_name": "West Fulton State Marsh #2 Dam", "alt_name": null, "county": "Schoharie", "Municipalities": "Not Found", "basin": "MOHAWK", "stream": "TR-PANTHER CREEK", "Owners": "DEAN HANSEN", "transect": null, "OwnerType": "Private", "Purposes": "Other", "hazard_class": "Low Hazard Dam", "hazard_code": "A", "LastConditionRating": "Not Rated", "LastInspection": "11/19/1970", "EAP_STATUS": null, "YEARBUILT": 1957.0, "ConstructionTypes": "RE - Earth", "height_ft": 7.0, "length_ft": 200.0, "normal_storage_acft": 7.0, "max_storage_acft": 7.0, "surface_area_ac": 3.0, "drainage_area_sqmi": 0.05, "spillway_type": "Drop Inlet or Riser", "url": "https://dec.ny.gov/environmental-protection/water/water-quantity/dam-safety-coastal-flood-protection/dam-safety", "ref_lat": null, "ref_lon": null, "km_from_ref": 32.4, "aquifer_setting": "bedrock (outside mapped unconsolidated aquifer)", "km_to_nearest_valley_aquifer": 1.92, "dec_basin": "Schoharie Creek *", "dec_permit_basin": "12-02", "in_basic_creek_res_catchment": "no"}}, {"type": "Feature", "geometry": {"type": "Point", "coordinates": [-74.57694444, 42.44194444]}, "properties": {"STATE_ID": "160-3975", "FEDERAL_ID": "NY00568", "dam_name": "Whiting Hollow Dam", "alt_name": null, "county": "Schoharie", "Municipalities": "Town of Jefferson", "basin": "MOHAWK", "stream": "TR-MINE KILL", "Owners": "SHEILA M. LAZNOVSKY, NEIL ORLANDO, John Russell", "transect": null, "OwnerType": "Private", "Purposes": "Recreation", "hazard_class": "Intermediate Hazard Dam", "hazard_code": "B", "LastConditionRating": "Not Rated", "LastInspection": "8/29/2023", "EAP_STATUS": "On File", "YEARBUILT": 1971.0, "ConstructionTypes": "RE - Earth", "height_ft": 24.0, "length_ft": 1100.0, "normal_storage_acft": 213.0, "max_storage_acft": 480.0, "surface_area_ac": 37.0, "drainage_area_sqmi": 0.94, "spillway_type": "Drop Inlet or Riser", "url": "https://dec.ny.gov/environmental-protection/water/water-quantity/dam-safety-coastal-flood-protection/dam-safety", "ref_lat": null, "ref_lon": null, "km_from_ref": 36.3, "aquifer_setting": "bedrock (outside mapped unconsolidated aquifer)", "km_to_nearest_valley_aquifer": 1.3, "dec_basin": "Schoharie Creek *", "dec_permit_basin": "12-02", "in_basic_creek_res_catchment": "no"}}]}