{"type": "FeatureCollection", "name": "echo_cwa_permits", "features": [{"type": "Feature", "geometry": {"type": "Point", "coordinates": [-73.913426, 42.628658]}, "properties": {"npdes_id": "NYR20A463", "facility": "NEW SCOTLAND MS4 STORM SEWERS", "city": "NEW SCOTLAND", "county": "Albany", "tier": "MS4 municipal stormwater", "permit_type": "General Permit Covered Facility", "major_minor": "N", "permit_status": "Effective", "transect": "other / Albany metro", "receiving_water": null, "huc8": "Middle Hudson", "design_flow_mgd": null, "actual_flow_mgd": null, "compliance_status": "Significant/Category I Noncompliance", "snc_status": "Compliance/Permit Schedule - Reporting", "qtrs_noncompliance_12": 2, "qtrs_snc": 1, "missed_dmr_qtrs": null, "effluent_violations_3yr": 0, "pollutants_with_violation": null, "limited_pollutants": null, "dmr_pounds_yr": null, "dmr_toxic_weighted_lb": null, "penalties_usd": 0, "formal_actions_5yr": null, "informal_actions_5yr": 0, "inspections_5yr": 0, "last_inspection": "02/11/2014", "receiving_water_impaired": null, "impairment_causes": null, "sic": null, "naics": "924110", "permit_expires": "01/02/2029", "km_from_ref": 22.8, "in_echo_search_list": null, "dfr_url": "https://echo.epa.gov/detailed-facility-report?fid=NYR20A463&sys=ICP", "watchlist_note": null}}, {"type": "Feature", "geometry": {"type": "Point", "coordinates": [-73.818153, 42.577697]}, "properties": {"npdes_id": "NYR20A208", "facility": "BETHLEHEM MS4 STORM SEWERS", "city": "BETHLEHEM, TOWN OF", "county": "Albany", "tier": "MS4 municipal stormwater", "permit_type": "General Permit Covered Facility", "major_minor": "N", "permit_status": "Effective", "transect": "other / Albany metro", "receiving_water": null, "huc8": "Middle Hudson", "design_flow_mgd": null, "actual_flow_mgd": null, "compliance_status": "Significant/Category I Noncompliance", "snc_status": "Compliance/Permit Schedule - Reporting", "qtrs_noncompliance_12": 2, "qtrs_snc": 1, "missed_dmr_qtrs": null, "effluent_violations_3yr": 0, "pollutants_with_violation": null, "limited_pollutants": null, "dmr_pounds_yr": null, "dmr_toxic_weighted_lb": null, "penalties_usd": 0, "formal_actions_5yr": null, "informal_actions_5yr": 0, "inspections_5yr": 0, "last_inspection": "02/11/2020", "receiving_water_impaired": null, "impairment_causes": null, "sic": null, "naics": "924110", "permit_expires": "01/02/2029", "km_from_ref": 27.7, "in_echo_search_list": null, "dfr_url": "https://echo.epa.gov/detailed-facility-report?fid=NYR20A208&sys=ICP", "watchlist_note": null}}, {"type": "Feature", "geometry": {"type": "Point", "coordinates": [-73.9240189, 42.2350056]}, "properties": {"npdes_id": "NYR20A511", "facility": "NYS BRIDGE AUTHORITY MS4 STORM SEWERS", "city": "CATSKILL", "county": "Greene", "tier": "MS4 municipal stormwater", "permit_type": "General Permit Covered Facility", "major_minor": "N", "permit_status": "Effective", "transect": "other / Albany metro", "receiving_water": null, "huc8": null, "design_flow_mgd": null, "actual_flow_mgd": null, "compliance_status": "Significant/Category I Noncompliance", "snc_status": "Compliance/Permit Schedule - Reporting", "qtrs_noncompliance_12": 6, "qtrs_snc": 4, "missed_dmr_qtrs": null, "effluent_violations_3yr": 0, "pollutants_with_violation": null, "limited_pollutants": null, "dmr_pounds_yr": null, "dmr_toxic_weighted_lb": null, "penalties_usd": 3900, "formal_actions_5yr": 1.0, "informal_actions_5yr": 1, "inspections_5yr": 0, "last_inspection": null, "receiving_water_impaired": null, "impairment_causes": null, "sic": null, "naics": "237310", "permit_expires": "01/02/2029", "km_from_ref": 36.0, "in_echo_search_list": null, "dfr_url": "https://echo.epa.gov/detailed-facility-report?fid=NYR20A511&sys=ICP", "watchlist_note": null}}, {"type": "Feature", "geometry": {"type": "Point", "coordinates": [-73.934145, 42.652158]}, "properties": {"npdes_id": "NYR20A210", "facility": "VOORHEESVILLE MS4 STORM SEWERS", "city": "VOORHEESVILLE", "county": "Albany", "tier": "MS4 municipal stormwater", "permit_type": "General Permit Covered Facility", "major_minor": "N", "permit_status": "Effective", "transect": "other / Albany metro", "receiving_water": null, "huc8": "Middle Hudson", "design_flow_mgd": null, "actual_flow_mgd": null, "compliance_status": "Significant/Category I Noncompliance", "snc_status": "Compliance/Permit Schedule - Reporting", "qtrs_noncompliance_12": 2, "qtrs_snc": 1, "missed_dmr_qtrs": null, "effluent_violations_3yr": 0, "pollutants_with_violation": null, "limited_pollutants": null, "dmr_pounds_yr": null, "dmr_toxic_weighted_lb": null, "penalties_usd": 0, "formal_actions_5yr": null, "informal_actions_5yr": 0, "inspections_5yr": 0, "last_inspection": "06/18/2015", "receiving_water_impaired": null, "impairment_causes": null, "sic": null, "naics": "924110", "permit_expires": "01/02/2029", "km_from_ref": 23.0, "in_echo_search_list": null, "dfr_url": "https://echo.epa.gov/detailed-facility-report?fid=NYR20A210&sys=ICP", "watchlist_note": null}}, {"type": "Feature", "geometry": {"type": "Point", "coordinates": [-74.034346, 42.704818]}, "properties": {"npdes_id": "NYR20A550", "facility": "ALTAMONT MS4 STORMSEWERS", "city": "ALTAMONT", "county": "Albany", "tier": "MS4 municipal stormwater", "permit_type": "General Permit Covered Facility", "major_minor": "N", "permit_status": "Effective", "transect": "other / Albany metro", "receiving_water": null, "huc8": "Middle Hudson", "design_flow_mgd": null, "actual_flow_mgd": null, "compliance_status": "Significant/Category I Noncompliance", "snc_status": "Compliance/Permit Schedule - Reporting", "qtrs_noncompliance_12": 12, "qtrs_snc": 1, "missed_dmr_qtrs": null, "effluent_violations_3yr": 0, "pollutants_with_violation": null, "limited_pollutants": null, "dmr_pounds_yr": null, "dmr_toxic_weighted_lb": null, "penalties_usd": 0, "formal_actions_5yr": null, "informal_actions_5yr": 0, "inspections_5yr": 1, "last_inspection": "03/27/2025", "receiving_water_impaired": null, "impairment_causes": null, "sic": null, "naics": "924110", "permit_expires": "01/02/2029", "km_from_ref": 23.0, "in_echo_search_list": null, "dfr_url": "https://echo.epa.gov/detailed-facility-report?fid=NYR20A550&sys=ICP", "watchlist_note": null}}, {"type": "Feature", "geometry": {"type": "Point", "coordinates": [-73.8099782, 42.6530311]}, "properties": {"npdes_id": "NYR20A458", "facility": "NYS OFFICE OF MENTAL HEALTH MS4 STORM SEWERS", "city": "ALBANY", "county": "Albany", "tier": "MS4 municipal stormwater", "permit_type": "General Permit Covered Facility", "major_minor": "N", "permit_status": "Effective", "transect": "other / Albany metro", "receiving_water": null, "huc8": null, "design_flow_mgd": null, "actual_flow_mgd": null, "compliance_status": "Significant/Category I Noncompliance", "snc_status": "Compliance/Permit Schedule - Reporting", "qtrs_noncompliance_12": 2, "qtrs_snc": 1, "missed_dmr_qtrs": null, "effluent_violations_3yr": 0, "pollutants_with_violation": null, "limited_pollutants": null, "dmr_pounds_yr": null, "dmr_toxic_weighted_lb": null, "penalties_usd": 0, "formal_actions_5yr": null, "informal_actions_5yr": 0, "inspections_5yr": 0, "last_inspection": null, "receiving_water_impaired": null, "impairment_causes": null, "sic": null, "naics": "622210", "permit_expires": "01/02/2029", "km_from_ref": 31.4, "in_echo_search_list": null, "dfr_url": "https://echo.epa.gov/detailed-facility-report?fid=NYR20A458&sys=ICP", "watchlist_note": null}}, {"type": "Feature", "geometry": {"type": "Point", "coordinates": [-73.911112, 42.704102]}, "properties": {"npdes_id": "NYR20A211", "facility": "GUILDERLAND MS4 STORM SEWERS", "city": "GUILDERLAND", "county": "Albany", "tier": "MS4 municipal stormwater", "permit_type": "General Permit Covered Facility", "major_minor": "N", "permit_status": "Effective", "transect": "other / Albany metro", "receiving_water": null, "huc8": "Middle Hudson", "design_flow_mgd": null, "actual_flow_mgd": null, "compliance_status": "Significant/Category I Noncompliance", "snc_status": "Compliance/Permit Schedule - Violations", "qtrs_noncompliance_12": 11, "qtrs_snc": 10, "missed_dmr_qtrs": null, "effluent_violations_3yr": 0, "pollutants_with_violation": null, "limited_pollutants": null, "dmr_pounds_yr": null, "dmr_toxic_weighted_lb": null, "penalties_usd": 0, "formal_actions_5yr": 1.0, "informal_actions_5yr": 0, "inspections_5yr": 1, "last_inspection": "06/06/2023", "receiving_water_impaired": null, "impairment_causes": null, "sic": null, "naics": "924110", "permit_expires": "01/02/2029", "km_from_ref": 28.4, "in_echo_search_list": null, "dfr_url": "https://echo.epa.gov/detailed-facility-report?fid=NYR20A211&sys=ICP", "watchlist_note": null}}, {"type": "Feature", "geometry": {"type": "Point", "coordinates": [-73.83151, 42.68875]}, "properties": {"npdes_id": "NYR20A569", "facility": "SUNY POLYTECHNIC INSTITUTE", "city": "ALBANY", "county": "Albany", "tier": "MS4 municipal stormwater", "permit_type": "General Permit Covered Facility", "major_minor": "N", "permit_status": "Effective", "transect": "other / Albany metro", "receiving_water": null, "huc8": "Middle Hudson", "design_flow_mgd": null, "actual_flow_mgd": null, "compliance_status": "Significant/Category I Noncompliance", "snc_status": "Compliance/Permit Schedule - Reporting", "qtrs_noncompliance_12": 2, "qtrs_snc": 1, "missed_dmr_qtrs": null, "effluent_violations_3yr": 0, "pollutants_with_violation": null, "limited_pollutants": null, "dmr_pounds_yr": null, "dmr_toxic_weighted_lb": null, "penalties_usd": 0, "formal_actions_5yr": null, "informal_actions_5yr": 0, "inspections_5yr": 0, "last_inspection": null, "receiving_water_impaired": null, "impairment_causes": null, "sic": null, "naics": "611310", "permit_expires": "01/02/2029", "km_from_ref": 32.1, "in_echo_search_list": null, "dfr_url": "https://echo.epa.gov/detailed-facility-report?fid=NYR20A569&sys=ICP", "watchlist_note": null}}, {"type": "Feature", "geometry": {"type": "Point", "coordinates": [-73.8232301, 42.6852609]}, "properties": {"npdes_id": "NYR20A515", "facility": "STATE OFFICE BUILDING MS4 STORM SEWERS", "city": "ALBANY", "county": "Albany", "tier": "MS4 municipal stormwater", "permit_type": "General Permit Covered Facility", "major_minor": "N", "permit_status": "Effective", "transect": "other / Albany metro", "receiving_water": null, "huc8": null, "design_flow_mgd": null, "actual_flow_mgd": null, "compliance_status": "Significant/Category I Noncompliance", "snc_status": "Compliance/Permit Schedule - Reporting", "qtrs_noncompliance_12": 3, "qtrs_snc": 2, "missed_dmr_qtrs": null, "effluent_violations_3yr": 0, "pollutants_with_violation": null, "limited_pollutants": null, "dmr_pounds_yr": null, "dmr_toxic_weighted_lb": null, "penalties_usd": 0, "formal_actions_5yr": null, "informal_actions_5yr": 0, "inspections_5yr": 0, "last_inspection": null, "receiving_water_impaired": null, "impairment_causes": null, "sic": null, "naics": "924110", "permit_expires": "01/02/2029", "km_from_ref": 32.4, "in_echo_search_list": null, "dfr_url": "https://echo.epa.gov/detailed-facility-report?fid=NYR20A515&sys=ICP", "watchlist_note": null}}, {"type": "Feature", "geometry": {"type": "Point", "coordinates": [-73.80987, 42.6792959]}, "properties": {"npdes_id": "NYR20A502", "facility": "NYS DEPT CORRECTIONAL SER MS4 STORM SEWERS", "city": "ALBANY", "county": "Albany", "tier": "MS4 municipal stormwater", "permit_type": "General Permit Covered Facility", "major_minor": "N", "permit_status": "Effective", "transect": "other / Albany metro", "receiving_water": null, "huc8": null, "design_flow_mgd": null, "actual_flow_mgd": null, "compliance_status": "Significant/Category I Noncompliance", "snc_status": "Compliance/Permit Schedule - Reporting", "qtrs_noncompliance_12": 2, "qtrs_snc": 1, "missed_dmr_qtrs": null, "effluent_violations_3yr": 0, "pollutants_with_violation": null, "limited_pollutants": null, "dmr_pounds_yr": null, "dmr_toxic_weighted_lb": null, "penalties_usd": 0, "formal_actions_5yr": null, "informal_actions_5yr": 1, "inspections_5yr": 0, "last_inspection": null, "receiving_water_impaired": null, "impairment_causes": null, "sic": null, "naics": "922140", "permit_expires": "01/02/2029", "km_from_ref": 33.0, "in_echo_search_list": null, "dfr_url": "https://echo.epa.gov/detailed-facility-report?fid=NYR20A502&sys=ICP", "watchlist_note": null}}, {"type": "Feature", "geometry": {"type": "Point", "coordinates": [-73.80987, 42.6792959]}, "properties": {"npdes_id": "NYR20A514", "facility": "STATE CAMPUS MS4 STORM SEWERS", "city": "ALBANY", "county": "Albany", "tier": "MS4 municipal stormwater", "permit_type": "General Permit Covered Facility", "major_minor": "N", "permit_status": "Effective", "transect": "other / Albany metro", "receiving_water": null, "huc8": null, "design_flow_mgd": null, "actual_flow_mgd": null, "compliance_status": "Significant/Category I Noncompliance", "snc_status": "Compliance/Permit Schedule - Reporting", "qtrs_noncompliance_12": 2, "qtrs_snc": 1, "missed_dmr_qtrs": null, "effluent_violations_3yr": 0, "pollutants_with_violation": null, "limited_pollutants": null, "dmr_pounds_yr": null, "dmr_toxic_weighted_lb": null, "penalties_usd": 0, "formal_actions_5yr": null, "informal_actions_5yr": 0, "inspections_5yr": 0, "last_inspection": null, "receiving_water_impaired": null, "impairment_causes": null, "sic": null, "naics": "924110", "permit_expires": "01/02/2029", "km_from_ref": 33.0, "in_echo_search_list": null, "dfr_url": "https://echo.epa.gov/detailed-facility-report?fid=NYR20A514&sys=ICP", "watchlist_note": null}}, {"type": "Feature", "geometry": {"type": "Point", "coordinates": [-73.822842, 42.686739]}, "properties": {"npdes_id": "NYR20A234", "facility": "SUNY AT ALBANY MS4 STORM SEWERS", "city": "ALBANY", "county": "Albany", "tier": "MS4 municipal stormwater", "permit_type": "General Permit Covered Facility", "major_minor": "N", "permit_status": "Effective", "transect": "other / Albany metro", "receiving_water": null, "huc8": "Middle Hudson", "design_flow_mgd": null, "actual_flow_mgd": null, "compliance_status": "Significant/Category I Noncompliance", "snc_status": "Compliance/Permit Schedule - Reporting", "qtrs_noncompliance_12": 2, "qtrs_snc": 1, "missed_dmr_qtrs": null, "effluent_violations_3yr": 0, "pollutants_with_violation": null, "limited_pollutants": null, "dmr_pounds_yr": null, "dmr_toxic_weighted_lb": null, "penalties_usd": 0, "formal_actions_5yr": null, "informal_actions_5yr": 0, "inspections_5yr": 0, "last_inspection": "03/19/2015", "receiving_water_impaired": null, "impairment_causes": null, "sic": null, "naics": "611310", "permit_expires": "01/02/2029", "km_from_ref": 32.6, "in_echo_search_list": null, "dfr_url": "https://echo.epa.gov/detailed-facility-report?fid=NYR20A234&sys=ICP", "watchlist_note": null}}, {"type": "Feature", "geometry": {"type": "Point", "coordinates": [-73.774184, 42.659449]}, "properties": {"npdes_id": "NYR20A464", "facility": "ALBANY MS4 STORM SEWERS", "city": "ALBANY", "county": "Albany", "tier": "MS4 municipal stormwater", "permit_type": "General Permit Covered Facility", "major_minor": "N", "permit_status": "Effective", "transect": "other / Albany metro", "receiving_water": null, "huc8": "Middle Hudson", "design_flow_mgd": null, "actual_flow_mgd": null, "compliance_status": "Significant/Category I Noncompliance", "snc_status": "Compliance/Permit Schedule - Reporting", "qtrs_noncompliance_12": 2, "qtrs_snc": 1, "missed_dmr_qtrs": null, "effluent_violations_3yr": 0, "pollutants_with_violation": null, "limited_pollutants": null, "dmr_pounds_yr": null, "dmr_toxic_weighted_lb": null, "penalties_usd": 0, "formal_actions_5yr": null, "informal_actions_5yr": 0, "inspections_5yr": 0, "last_inspection": "06/05/2014", "receiving_water_impaired": null, "impairment_causes": null, "sic": null, "naics": "924110", "permit_expires": "01/02/2029", "km_from_ref": 34.3, "in_echo_search_list": null, "dfr_url": "https://echo.epa.gov/detailed-facility-report?fid=NYR20A464&sys=ICP", "watchlist_note": null}}, {"type": "Feature", "geometry": {"type": "Point", "coordinates": [-74.100303, 42.7648589]}, "properties": {"npdes_id": "NYR20A161", "facility": "PRINCETOWN MS4 STORM SEWERS", "city": "PRINCETOWN", "county": "Schenectady", "tier": "MS4 municipal stormwater", "permit_type": "General Permit Covered Facility", "major_minor": "N", "permit_status": "Expired", "transect": "other / Albany metro", "receiving_water": null, "huc8": null, "design_flow_mgd": null, "actual_flow_mgd": null, "compliance_status": "No Violation Identified", "snc_status": null, "qtrs_noncompliance_12": 0, "qtrs_snc": 0, "missed_dmr_qtrs": null, "effluent_violations_3yr": 0, "pollutants_with_violation": null, "limited_pollutants": null, "dmr_pounds_yr": null, "dmr_toxic_weighted_lb": null, "penalties_usd": 0, "formal_actions_5yr": null, "informal_actions_5yr": 0, "inspections_5yr": 0, "last_inspection": null, "receiving_water_impaired": null, "impairment_causes": null, "sic": null, "naics": null, "permit_expires": "04/30/2010", "km_from_ref": 28.0, "in_echo_search_list": null, "dfr_url": "https://echo.epa.gov/detailed-facility-report?fid=NYR20A161&sys=ICP", "watchlist_note": null}}, {"type": "Feature", "geometry": {"type": "Point", "coordinates": [-73.72425, 42.69231]}, "properties": {"npdes_id": "NYR20A144", "facility": "MENANDS MS4 STORM SEWERS", "city": "MENANDS", "county": "Albany", "tier": "MS4 municipal stormwater", "permit_type": "General Permit Covered Facility", "major_minor": "N", "permit_status": "Effective", "transect": "other / Albany metro", "receiving_water": null, "huc8": "Middle Hudson", "design_flow_mgd": null, "actual_flow_mgd": null, "compliance_status": "Significant/Category I Noncompliance", "snc_status": "Compliance/Permit Schedule - Reporting", "qtrs_noncompliance_12": 3, "qtrs_snc": 1, "missed_dmr_qtrs": null, "effluent_violations_3yr": 0, "pollutants_with_violation": null, "limited_pollutants": null, "dmr_pounds_yr": null, "dmr_toxic_weighted_lb": null, "penalties_usd": 0, "formal_actions_5yr": null, "informal_actions_5yr": 0, "inspections_5yr": 0, "last_inspection": "06/26/2019", "receiving_water_impaired": null, "impairment_causes": null, "sic": null, "naics": "924110", "permit_expires": "01/02/2029", "km_from_ref": 39.7, "in_echo_search_list": null, "dfr_url": "https://echo.epa.gov/detailed-facility-report?fid=NYR20A144&sys=ICP", "watchlist_note": null}}, {"type": "Feature", "geometry": {"type": "Point", "coordinates": [-73.8127, 42.7427]}, "properties": {"npdes_id": "NYR20A359", "facility": "ALBANY COUNTY MS4 STORM SEWERS", "city": "ALBANY", "county": "Albany", "tier": "MS4 municipal stormwater", "permit_type": "General Permit Covered Facility", "major_minor": "N", "permit_status": "Effective", "transect": "other / Albany metro", "receiving_water": null, "huc8": "Mohawk", "design_flow_mgd": null, "actual_flow_mgd": null, "compliance_status": "Significant/Category I Noncompliance", "snc_status": "Compliance/Permit Schedule - Reporting", "qtrs_noncompliance_12": 2, "qtrs_snc": 1, "missed_dmr_qtrs": null, "effluent_violations_3yr": 0, "pollutants_with_violation": null, "limited_pollutants": null, "dmr_pounds_yr": null, "dmr_toxic_weighted_lb": null, "penalties_usd": 0, "formal_actions_5yr": null, "informal_actions_5yr": 0, "inspections_5yr": 1, "last_inspection": "11/03/2021", "receiving_water_impaired": null, "impairment_causes": null, "sic": null, "naics": "924110", "permit_expires": "01/02/2029", "km_from_ref": 37.2, "in_echo_search_list": null, "dfr_url": "https://echo.epa.gov/detailed-facility-report?fid=NYR20A359&sys=ICP", "watchlist_note": null}}, {"type": "Feature", "geometry": {"type": "Point", "coordinates": [-73.771335, 42.723513]}, "properties": {"npdes_id": "NYR20A190", "facility": "COLONIE MS4 STORM SEWERS", "city": "COLONIE", "county": "Albany", "tier": "MS4 municipal stormwater", "permit_type": "General Permit Covered Facility", "major_minor": "N", "permit_status": "Effective", "transect": "other / Albany metro", "receiving_water": null, "huc8": "Mohawk", "design_flow_mgd": null, "actual_flow_mgd": null, "compliance_status": "Significant/Category I Noncompliance", "snc_status": "Compliance/Permit Schedule - Reporting", "qtrs_noncompliance_12": 2, "qtrs_snc": 1, "missed_dmr_qtrs": null, "effluent_violations_3yr": 0, "pollutants_with_violation": null, "limited_pollutants": null, "dmr_pounds_yr": null, "dmr_toxic_weighted_lb": null, "penalties_usd": 0, "formal_actions_5yr": 1.0, "informal_actions_5yr": 0, "inspections_5yr": 1, "last_inspection": "11/03/2021", "receiving_water_impaired": null, "impairment_causes": null, "sic": null, "naics": "924110", "permit_expires": "01/02/2029", "km_from_ref": 38.4, "in_echo_search_list": null, "dfr_url": "https://echo.epa.gov/detailed-facility-report?fid=NYR20A190&sys=ICP", "watchlist_note": null}}, {"type": "Feature", "geometry": {"type": "Point", "coordinates": [-73.770833, 42.723041]}, "properties": {"npdes_id": "NYR20A076", "facility": "COLONIE MS4 STORM SEWERS", "city": "COLONIE", "county": "Albany", "tier": "MS4 municipal stormwater", "permit_type": "General Permit Covered Facility", "major_minor": "N", "permit_status": "Effective", "transect": "other / Albany metro", "receiving_water": null, "huc8": "Mohawk", "design_flow_mgd": null, "actual_flow_mgd": null, "compliance_status": "Significant/Category I Noncompliance", "snc_status": "Compliance/Permit Schedule - Reporting", "qtrs_noncompliance_12": 2, "qtrs_snc": 1, "missed_dmr_qtrs": null, "effluent_violations_3yr": 0, "pollutants_with_violation": null, "limited_pollutants": null, "dmr_pounds_yr": null, "dmr_toxic_weighted_lb": null, "penalties_usd": 0, "formal_actions_5yr": null, "informal_actions_5yr": 0, "inspections_5yr": 0, "last_inspection": "01/29/2021", "receiving_water_impaired": null, "impairment_causes": null, "sic": null, "naics": "924110", "permit_expires": "01/02/2029", "km_from_ref": 38.4, "in_echo_search_list": null, "dfr_url": "https://echo.epa.gov/detailed-facility-report?fid=NYR20A076&sys=ICP", "watchlist_note": null}}, {"type": "Feature", "geometry": {"type": "Point", "coordinates": [-74.057314, 42.809638]}, "properties": {"npdes_id": "NYR20A145", "facility": "SCHENECTADY MS4 STORM SEWERS", "city": "SCHENECTADY", "county": "Schenectady", "tier": "MS4 municipal stormwater", "permit_type": "General Permit Covered Facility", "major_minor": "N", "permit_status": "Effective", "transect": "other / Albany metro", "receiving_water": null, "huc8": "Middle Hudson", "design_flow_mgd": null, "actual_flow_mgd": null, "compliance_status": "Significant/Category I Noncompliance", "snc_status": "Compliance/Permit Schedule - Reporting", "qtrs_noncompliance_12": 3, "qtrs_snc": 1, "missed_dmr_qtrs": null, "effluent_violations_3yr": 0, "pollutants_with_violation": null, "limited_pollutants": null, "dmr_pounds_yr": null, "dmr_toxic_weighted_lb": null, "penalties_usd": 0, "formal_actions_5yr": null, "informal_actions_5yr": 0, "inspections_5yr": 0, "last_inspection": "10/18/2018", "receiving_water_impaired": null, "impairment_causes": null, "sic": null, "naics": "924110", "permit_expires": "01/02/2029", "km_from_ref": 33.5, "in_echo_search_list": null, "dfr_url": "https://echo.epa.gov/detailed-facility-report?fid=NYR20A145&sys=ICP", "watchlist_note": null}}, {"type": "Feature", "geometry": {"type": "Point", "coordinates": [-73.705106, 42.712792]}, "properties": {"npdes_id": "NYR20A252", "facility": "NYSDEC HEADQUARTERS", "city": "ALBANY", "county": "Albany", "tier": "MS4 municipal stormwater", "permit_type": "General Permit Covered Facility", "major_minor": "N", "permit_status": "Effective", "transect": "other / Albany metro", "receiving_water": null, "huc8": "Middle Hudson", "design_flow_mgd": null, "actual_flow_mgd": null, "compliance_status": "Significant/Category I Noncompliance", "snc_status": "Compliance/Permit Schedule - Reporting", "qtrs_noncompliance_12": 3, "qtrs_snc": 1, "missed_dmr_qtrs": null, "effluent_violations_3yr": 0, "pollutants_with_violation": null, "limited_pollutants": null, "dmr_pounds_yr": null, "dmr_toxic_weighted_lb": null, "penalties_usd": 0, "formal_actions_5yr": null, "informal_actions_5yr": 0, "inspections_5yr": 0, "last_inspection": null, "receiving_water_impaired": null, "impairment_causes": null, "sic": null, "naics": "924110", "permit_expires": "01/02/2029", "km_from_ref": 42.2, "in_echo_search_list": null, "dfr_url": "https://echo.epa.gov/detailed-facility-report?fid=NYR20A252&sys=ICP", "watchlist_note": null}}, {"type": "Feature", "geometry": {"type": "Point", "coordinates": [-73.7175209, 42.7363417]}, "properties": {"npdes_id": "NYR20A087", "facility": "WATERVLIET MS4 STORM SEWERS", "city": "WATERVLIET", "county": "Albany", "tier": "MS4 municipal stormwater", "permit_type": "General Permit Covered Facility", "major_minor": "N", "permit_status": "Effective", "transect": "other / Albany metro", "receiving_water": null, "huc8": null, "design_flow_mgd": null, "actual_flow_mgd": null, "compliance_status": "Significant/Category I Noncompliance", "snc_status": "Compliance/Permit Schedule - Reporting", "qtrs_noncompliance_12": 2, "qtrs_snc": 1, "missed_dmr_qtrs": null, "effluent_violations_3yr": 0, "pollutants_with_violation": null, "limited_pollutants": null, "dmr_pounds_yr": null, "dmr_toxic_weighted_lb": null, "penalties_usd": 0, "formal_actions_5yr": null, "informal_actions_5yr": 0, "inspections_5yr": 0, "last_inspection": "01/25/2021", "receiving_water_impaired": null, "impairment_causes": null, "sic": null, "naics": "924110", "permit_expires": "01/02/2029", "km_from_ref": 42.8, "in_echo_search_list": null, "dfr_url": "https://echo.epa.gov/detailed-facility-report?fid=NYR20A087&sys=ICP", "watchlist_note": null}}, {"type": "Feature", "geometry": {"type": "Point", "coordinates": [-73.689864, 42.745241]}, "properties": {"npdes_id": "NYR20A377", "facility": "GREEN ISLAND MS4 STORM SEWERS", "city": "GREEN ISLAND", "county": "Albany", "tier": "MS4 municipal stormwater", "permit_type": "General Permit Covered Facility", "major_minor": "N", "permit_status": "Effective", "transect": "other / Albany metro", "receiving_water": null, "huc8": "Hudson-Hoosic", "design_flow_mgd": null, "actual_flow_mgd": null, "compliance_status": "Significant/Category I Noncompliance", "snc_status": "Compliance/Permit Schedule - Reporting", "qtrs_noncompliance_12": 2, "qtrs_snc": 1, "missed_dmr_qtrs": null, "effluent_violations_3yr": 0, "pollutants_with_violation": null, "limited_pollutants": null, "dmr_pounds_yr": null, "dmr_toxic_weighted_lb": null, "penalties_usd": 0, "formal_actions_5yr": null, "informal_actions_5yr": 0, "inspections_5yr": 0, "last_inspection": "07/07/2017", "receiving_water_impaired": "Y", "impairment_causes": "POLYCHLORINATED BIPHENYLS (PCBS)", "sic": null, "naics": "924110", "permit_expires": "01/02/2029", "km_from_ref": 45.2, "in_echo_search_list": null, "dfr_url": "https://echo.epa.gov/detailed-facility-report?fid=NYR20A377&sys=ICP", "watchlist_note": null}}, {"type": "Feature", "geometry": {"type": "Point", "coordinates": [-73.710184, 42.770526]}, "properties": {"npdes_id": "NYR20A531", "facility": "COHOES CITY SCHOOL DISTRICT MS4 STORM SEWERS", "city": "COHOES", "county": "Albany", "tier": "MS4 municipal stormwater", "permit_type": "General Permit Covered Facility", "major_minor": "N", "permit_status": "Effective", "transect": "other / Albany metro", "receiving_water": null, "huc8": "Mohawk", "design_flow_mgd": null, "actual_flow_mgd": null, "compliance_status": "Significant/Category I Noncompliance", "snc_status": "Compliance/Permit Schedule - Reporting", "qtrs_noncompliance_12": 6, "qtrs_snc": 5, "missed_dmr_qtrs": null, "effluent_violations_3yr": 0, "pollutants_with_violation": null, "limited_pollutants": null, "dmr_pounds_yr": null, "dmr_toxic_weighted_lb": null, "penalties_usd": 0, "formal_actions_5yr": null, "informal_actions_5yr": 0, "inspections_5yr": 0, "last_inspection": null, "receiving_water_impaired": "Y", "impairment_causes": "ALUMINUM, DISSOLVED", "sic": null, "naics": "611110", "permit_expires": "01/02/2029", "km_from_ref": 45.5, "in_echo_search_list": null, "dfr_url": "https://echo.epa.gov/detailed-facility-report?fid=NYR20A531&sys=ICP", "watchlist_note": null}}, {"type": "Feature", "geometry": {"type": "Point", "coordinates": [-73.698962, 42.773645]}, "properties": {"npdes_id": "NYR20A243", "facility": "COHOES MS4 STORM SEWERS", "city": "COHOES", "county": "Albany", "tier": "MS4 municipal stormwater", "permit_type": "General Permit Covered Facility", "major_minor": "N", "permit_status": "Effective", "transect": "other / Albany metro", "receiving_water": null, "huc8": "Mohawk", "design_flow_mgd": null, "actual_flow_mgd": null, "compliance_status": "Significant/Category I Noncompliance", "snc_status": "Compliance/Permit Schedule - Reporting", "qtrs_noncompliance_12": 2, "qtrs_snc": 1, "missed_dmr_qtrs": null, "effluent_violations_3yr": 0, "pollutants_with_violation": null, "limited_pollutants": null, "dmr_pounds_yr": null, "dmr_toxic_weighted_lb": null, "penalties_usd": 0, "formal_actions_5yr": null, "informal_actions_5yr": 0, "inspections_5yr": 0, "last_inspection": "07/16/2014", "receiving_water_impaired": "Y", "impairment_causes": "ALUMINUM, DISSOLVED", "sic": null, "naics": "924110", "permit_expires": "01/02/2029", "km_from_ref": 46.5, "in_echo_search_list": null, "dfr_url": "https://echo.epa.gov/detailed-facility-report?fid=NYR20A243&sys=ICP", "watchlist_note": null}}, {"type": "Feature", "geometry": {"type": "Point", "coordinates": [-74.0235331, 42.3620226]}, "properties": {"npdes_id": "NYR11P947", "facility": "TRUE BLUE SOLAR", "city": "CAIRO", "county": null, "tier": "construction stormwater GP", "permit_type": "General Permit Covered Facility", "major_minor": "N", "permit_status": "Effective", "transect": "Catskill Creek \u2014 other tribs / Potic", "receiving_water": "SHINGLE KILL AND TRIBS - 1309-0008", "huc8": null, "design_flow_mgd": null, "actual_flow_mgd": null, "compliance_status": "No Violation Identified", "snc_status": null, "qtrs_noncompliance_12": 0, "qtrs_snc": 0, "missed_dmr_qtrs": null, "effluent_violations_3yr": 0, "pollutants_with_violation": null, "limited_pollutants": null, "dmr_pounds_yr": null, "dmr_toxic_weighted_lb": null, "penalties_usd": 0, "formal_actions_5yr": null, "informal_actions_5yr": 0, "inspections_5yr": 0, "last_inspection": null, "receiving_water_impaired": null, "impairment_causes": null, "sic": null, "naics": null, "permit_expires": "01/28/2030", "km_from_ref": 19.7, "in_echo_search_list": null, "dfr_url": "https://echo.epa.gov/detailed-facility-report?fid=NYR11P947&sys=ICP", "watchlist_note": null}}, {"type": "Feature", "geometry": {"type": "Point", "coordinates": [-74.022474, 42.353338]}, "properties": {"npdes_id": "NYR11J478", "facility": "CAIRO SOLAR ARRAY", "city": "GREENVILLE", "county": null, "tier": "construction stormwater GP", "permit_type": "General Permit Covered Facility", "major_minor": "N", "permit_status": "Effective", "transect": "other / Albany metro", "receiving_water": "PLATTE KILL", "huc8": "Middle Hudson", "design_flow_mgd": null, "actual_flow_mgd": null, "compliance_status": "No Violation Identified", "snc_status": null, "qtrs_noncompliance_12": 0, "qtrs_snc": 0, "missed_dmr_qtrs": null, "effluent_violations_3yr": 0, "pollutants_with_violation": null, "limited_pollutants": null, "dmr_pounds_yr": null, "dmr_toxic_weighted_lb": null, "penalties_usd": 0, "formal_actions_5yr": null, "informal_actions_5yr": 0, "inspections_5yr": 0, "last_inspection": null, "receiving_water_impaired": null, "impairment_causes": null, "sic": null, "naics": null, "permit_expires": "01/28/2030", "km_from_ref": 20.6, "in_echo_search_list": null, "dfr_url": "https://echo.epa.gov/detailed-facility-report?fid=NYR11J478&sys=ICP", "watchlist_note": null}}, {"type": "Feature", "geometry": {"type": "Point", "coordinates": [-74.0719, 42.351794]}, "properties": {"npdes_id": "NYR11N504", "facility": "BLACKTHORNE RESORT", "city": "EAST DURHAM", "county": null, "tier": "construction stormwater GP", "permit_type": "General Permit Covered Facility", "major_minor": "N", "permit_status": "Effective", "transect": "Catskill Creek \u2014 other tribs / Potic", "receiving_water": "BOWERY CREEK", "huc8": "Middle Hudson", "design_flow_mgd": null, "actual_flow_mgd": null, "compliance_status": "No Violation Identified", "snc_status": null, "qtrs_noncompliance_12": 0, "qtrs_snc": 0, "missed_dmr_qtrs": null, "effluent_violations_3yr": 0, "pollutants_with_violation": null, "limited_pollutants": null, "dmr_pounds_yr": null, "dmr_toxic_weighted_lb": null, "penalties_usd": 0, "formal_actions_5yr": null, "informal_actions_5yr": 0, "inspections_5yr": 0, "last_inspection": null, "receiving_water_impaired": null, "impairment_causes": null, "sic": null, "naics": null, "permit_expires": "01/28/2030", "km_from_ref": 19.1, "in_echo_search_list": null, "dfr_url": "https://echo.epa.gov/detailed-facility-report?fid=NYR11N504&sys=ICP", "watchlist_note": null}}, {"type": "Feature", "geometry": {"type": "Point", "coordinates": [-74.14543, 42.3793]}, "properties": {"npdes_id": "NYR11K807", "facility": "ZOOM FLUME WATER PARK WATER EXPANSION PROJECT", "city": "EAST DURHAM", "county": null, "tier": "construction stormwater GP", "permit_type": "General Permit Covered Facility", "major_minor": "N", "permit_status": "Effective", "transect": "Catskill Creek main stem", "receiving_water": "UNNAMED TRIBUTARY OF THE CATSKILL CREEK", "huc8": "Middle Hudson", "design_flow_mgd": null, "actual_flow_mgd": null, "compliance_status": "No Violation Identified", "snc_status": null, "qtrs_noncompliance_12": 0, "qtrs_snc": 0, "missed_dmr_qtrs": null, "effluent_violations_3yr": 0, "pollutants_with_violation": null, "limited_pollutants": null, "dmr_pounds_yr": null, "dmr_toxic_weighted_lb": null, "penalties_usd": 0, "formal_actions_5yr": null, "informal_actions_5yr": 0, "inspections_5yr": 0, "last_inspection": null, "receiving_water_impaired": null, "impairment_causes": null, "sic": null, "naics": null, "permit_expires": "01/28/2030", "km_from_ref": 15.1, "in_echo_search_list": null, "dfr_url": "https://echo.epa.gov/detailed-facility-report?fid=NYR11K807&sys=ICP", "watchlist_note": null}}, {"type": "Feature", "geometry": {"type": "Point", "coordinates": [-74.07706, 42.34274]}, "properties": {"npdes_id": "NYR10G768", "facility": "DURHAM CONCERT SITE", "city": "EAST DURHAM", "county": "Greene", "tier": "construction stormwater GP", "permit_type": "General Permit Covered Facility", "major_minor": "N", "permit_status": "Expired", "transect": "Catskill Creek \u2014 other tribs / Potic", "receiving_water": "BOWERY CREEK", "huc8": "Middle Hudson", "design_flow_mgd": null, "actual_flow_mgd": null, "compliance_status": "No Violation Identified", "snc_status": null, "qtrs_noncompliance_12": 0, "qtrs_snc": 0, "missed_dmr_qtrs": null, "effluent_violations_3yr": 0, "pollutants_with_violation": null, "limited_pollutants": null, "dmr_pounds_yr": null, "dmr_toxic_weighted_lb": null, "penalties_usd": 0, "formal_actions_5yr": null, "informal_actions_5yr": 0, "inspections_5yr": 0, "last_inspection": null, "receiving_water_impaired": null, "impairment_causes": null, "sic": null, "naics": null, "permit_expires": "01/08/2008", "km_from_ref": 19.9, "in_echo_search_list": null, "dfr_url": "https://echo.epa.gov/detailed-facility-report?fid=NYR10G768&sys=ICP", "watchlist_note": null}}, {"type": "Feature", "geometry": {"type": "Point", "coordinates": [-73.93648, 42.50343]}, "properties": {"npdes_id": "NYR10L877", "facility": "CUMMINGS RESIDENCE POND CONSTRUCTION", "city": "ALCOVE", "county": null, "tier": "construction stormwater GP", "permit_type": "General Permit Covered Facility", "major_minor": "N", "permit_status": "Effective", "transect": "other / Albany metro", "receiving_water": "ALCOVE RESERVOIR", "huc8": "Middle Hudson", "design_flow_mgd": null, "actual_flow_mgd": null, "compliance_status": "No Violation Identified", "snc_status": null, "qtrs_noncompliance_12": 0, "qtrs_snc": 0, "missed_dmr_qtrs": null, "effluent_violations_3yr": 0, "pollutants_with_violation": null, "limited_pollutants": null, "dmr_pounds_yr": null, "dmr_toxic_weighted_lb": null, "penalties_usd": 0, "formal_actions_5yr": null, "informal_actions_5yr": 0, "inspections_5yr": 0, "last_inspection": null, "receiving_water_impaired": null, "impairment_causes": null, "sic": null, "naics": null, "permit_expires": "01/28/2030", "km_from_ref": 17.1, "in_echo_search_list": null, "dfr_url": "https://echo.epa.gov/detailed-facility-report?fid=NYR10L877&sys=ICP", "watchlist_note": null}}, {"type": "Feature", "geometry": {"type": "Point", "coordinates": [-74.151477, 42.364168]}, "properties": {"npdes_id": "NYR11N859", "facility": "BOSQUE SUBDIVISION", "city": "DURHAM", "county": null, "tier": "construction stormwater GP", "permit_type": "General Permit Covered Facility", "major_minor": "N", "permit_status": "Effective", "transect": "Catskill Creek \u2014 other tribs / Potic", "receiving_water": "UNNAMED TRIBUTARY TO THORP CREEK", "huc8": "Middle Hudson", "design_flow_mgd": null, "actual_flow_mgd": null, "compliance_status": "No Violation Identified", "snc_status": null, "qtrs_noncompliance_12": 0, "qtrs_snc": 0, "missed_dmr_qtrs": null, "effluent_violations_3yr": 0, "pollutants_with_violation": null, "limited_pollutants": null, "dmr_pounds_yr": null, "dmr_toxic_weighted_lb": null, "penalties_usd": 0, "formal_actions_5yr": null, "informal_actions_5yr": 0, "inspections_5yr": 0, "last_inspection": null, "receiving_water_impaired": null, "impairment_causes": null, "sic": null, "naics": null, "permit_expires": "01/28/2030", "km_from_ref": 16.8, "in_echo_search_list": null, "dfr_url": "https://echo.epa.gov/detailed-facility-report?fid=NYR11N859&sys=ICP", "watchlist_note": null}}, {"type": "Feature", "geometry": {"type": "Point", "coordinates": [-74.01045, 42.30507]}, "properties": {"npdes_id": "NYR11R126", "facility": "GREENE COUNTY - COMMUNITY SERVICES BUILDING", "city": "CAIRO", "county": null, "tier": "construction stormwater GP", "permit_type": "General Permit Covered Facility", "major_minor": "N", "permit_status": "Effective", "transect": "Catskill Creek \u2014 other tribs / Potic", "receiving_water": "SHINGLE KILL AND TRIBS - 1309-0008", "huc8": "Middle Hudson", "design_flow_mgd": null, "actual_flow_mgd": null, "compliance_status": "No Violation Identified", "snc_status": null, "qtrs_noncompliance_12": 0, "qtrs_snc": 0, "missed_dmr_qtrs": null, "effluent_violations_3yr": 0, "pollutants_with_violation": null, "limited_pollutants": null, "dmr_pounds_yr": null, "dmr_toxic_weighted_lb": null, "penalties_usd": 0, "formal_actions_5yr": null, "informal_actions_5yr": 0, "inspections_5yr": 0, "last_inspection": null, "receiving_water_impaired": null, "impairment_causes": null, "sic": null, "naics": null, "permit_expires": "01/28/2030", "km_from_ref": 25.8, "in_echo_search_list": null, "dfr_url": "https://echo.epa.gov/detailed-facility-report?fid=NYR11R126&sys=ICP", "watchlist_note": null}}, {"type": "Feature", "geometry": {"type": "Point", "coordinates": [-74.022447, 42.299274]}, "properties": {"npdes_id": "NYR11M644", "facility": "MONTEREY VALLEY SUBDIVISION", "city": "CAIRO", "county": null, "tier": "construction stormwater GP", "permit_type": "General Permit Covered Facility", "major_minor": "N", "permit_status": "Effective", "transect": "other / Albany metro", "receiving_water": "WETLAND", "huc8": "Middle Hudson", "design_flow_mgd": null, "actual_flow_mgd": null, "compliance_status": "No Violation Identified", "snc_status": null, "qtrs_noncompliance_12": 0, "qtrs_snc": 0, "missed_dmr_qtrs": null, "effluent_violations_3yr": 0, "pollutants_with_violation": null, "limited_pollutants": null, "dmr_pounds_yr": null, "dmr_toxic_weighted_lb": null, "penalties_usd": 0, "formal_actions_5yr": null, "informal_actions_5yr": 0, "inspections_5yr": 0, "last_inspection": null, "receiving_water_impaired": null, "impairment_causes": null, "sic": null, "naics": null, "permit_expires": "01/28/2030", "km_from_ref": 26.0, "in_echo_search_list": null, "dfr_url": "https://echo.epa.gov/detailed-facility-report?fid=NYR11M644&sys=ICP", "watchlist_note": null}}, {"type": "Feature", "geometry": {"type": "Point", "coordinates": [-74.210981, 42.522033]}, "properties": {"npdes_id": "NYR11Q458", "facility": "PROPOSED QUICKCHEK - WOLF ROAD", "city": "ALBANY", "county": null, "tier": "construction stormwater GP", "permit_type": "General Permit Covered Facility", "major_minor": "N", "permit_status": "Effective", "transect": "Hudson mainstem", "receiving_water": "TRIBUTARY TO THE HUDSON RIVER", "huc8": "Middle Hudson", "design_flow_mgd": null, "actual_flow_mgd": null, "compliance_status": "No Violation Identified", "snc_status": null, "qtrs_noncompliance_12": 0, "qtrs_snc": 0, "missed_dmr_qtrs": null, "effluent_violations_3yr": 0, "pollutants_with_violation": null, "limited_pollutants": null, "dmr_pounds_yr": null, "dmr_toxic_weighted_lb": null, "penalties_usd": 0, "formal_actions_5yr": null, "informal_actions_5yr": 0, "inspections_5yr": 0, "last_inspection": null, "receiving_water_impaired": null, "impairment_causes": null, "sic": null, "naics": null, "permit_expires": "01/28/2030", "km_from_ref": 5.5, "in_echo_search_list": null, "dfr_url": "https://echo.epa.gov/detailed-facility-report?fid=NYR11Q458&sys=ICP", "watchlist_note": null}}, {"type": "Feature", "geometry": {"type": "Point", "coordinates": [-74.06408, 42.29073]}, "properties": {"npdes_id": "NYR11I689", "facility": "DEMAREST SUBDIVISION", "city": "CAIRO", "county": null, "tier": "construction stormwater GP", "permit_type": "General Permit Covered Facility", "major_minor": "N", "permit_status": "Effective", "transect": "Catskill Creek \u2014 other tribs / Potic", "receiving_water": "UNNAMED TRIBUTARY OF THE SHINGLE KILL", "huc8": "Middle Hudson", "design_flow_mgd": null, "actual_flow_mgd": null, "compliance_status": "No Violation Identified", "snc_status": null, "qtrs_noncompliance_12": 0, "qtrs_snc": 0, "missed_dmr_qtrs": null, "effluent_violations_3yr": 0, "pollutants_with_violation": null, "limited_pollutants": null, "dmr_pounds_yr": null, "dmr_toxic_weighted_lb": null, "penalties_usd": 0, "formal_actions_5yr": null, "informal_actions_5yr": 0, "inspections_5yr": 0, "last_inspection": null, "receiving_water_impaired": null, "impairment_causes": null, "sic": null, "naics": null, "permit_expires": "01/28/2030", "km_from_ref": 25.8, "in_echo_search_list": null, "dfr_url": "https://echo.epa.gov/detailed-facility-report?fid=NYR11I689&sys=ICP", "watchlist_note": null}}, {"type": "Feature", "geometry": {"type": "Point", "coordinates": [-73.965626, 42.575602]}, "properties": {"npdes_id": "NYR11Q800", "facility": "GRS 924-340 NORMANSKILL STATION REBUILD PROJECT", "city": "ALBANY", "county": null, "tier": "construction stormwater GP", "permit_type": "General Permit Covered Facility", "major_minor": "N", "permit_status": "Effective", "transect": "other / Albany metro", "receiving_water": "NORMANS KILL, FIELD DELINEATED WETLANDS", "huc8": "Middle Hudson", "design_flow_mgd": null, "actual_flow_mgd": null, "compliance_status": "No Violation Identified", "snc_status": null, "qtrs_noncompliance_12": 0, "qtrs_snc": 0, "missed_dmr_qtrs": null, "effluent_violations_3yr": 0, "pollutants_with_violation": null, "limited_pollutants": null, "dmr_pounds_yr": null, "dmr_toxic_weighted_lb": null, "penalties_usd": 0, "formal_actions_5yr": null, "informal_actions_5yr": 0, "inspections_5yr": 0, "last_inspection": null, "receiving_water_impaired": null, "impairment_causes": null, "sic": null, "naics": null, "permit_expires": "01/28/2030", "km_from_ref": 16.2, "in_echo_search_list": null, "dfr_url": "https://echo.epa.gov/detailed-facility-report?fid=NYR11Q800&sys=ICP", "watchlist_note": null}}, {"type": "Feature", "geometry": {"type": "Point", "coordinates": [-74.04917, 42.28559]}, "properties": {"npdes_id": "NYR11K906", "facility": "WHIP O WILL CAMPGROUND", "city": "CAIRO", "county": null, "tier": "construction stormwater GP", "permit_type": "General Permit Covered Facility", "major_minor": "N", "permit_status": "Effective", "transect": "other / Albany metro", "receiving_water": "STREAM", "huc8": "Middle Hudson", "design_flow_mgd": null, "actual_flow_mgd": null, "compliance_status": "No Violation Identified", "snc_status": null, "qtrs_noncompliance_12": 0, "qtrs_snc": 0, "missed_dmr_qtrs": null, "effluent_violations_3yr": 0, "pollutants_with_violation": null, "limited_pollutants": null, "dmr_pounds_yr": null, "dmr_toxic_weighted_lb": null, "penalties_usd": 0, "formal_actions_5yr": null, "informal_actions_5yr": 0, "inspections_5yr": 0, "last_inspection": null, "receiving_water_impaired": null, "impairment_causes": null, "sic": null, "naics": null, "permit_expires": "01/28/2030", "km_from_ref": 26.7, "in_echo_search_list": null, "dfr_url": "https://echo.epa.gov/detailed-facility-report?fid=NYR11K906&sys=ICP", "watchlist_note": null}}, {"type": "Feature", "geometry": {"type": "Point", "coordinates": [-74.242449, 42.35928]}, "properties": {"npdes_id": "NYR11Q249", "facility": "ELUA CABINS", "city": "WINDHAM", "county": null, "tier": "construction stormwater GP", "permit_type": "General Permit Covered Facility", "major_minor": "N", "permit_status": "Effective", "transect": "Schoharie Creek basin", "receiving_water": "BATAVIA KILL, MIDDLE, AND TRIBS - 1202-0058", "huc8": "Schoharie", "design_flow_mgd": null, "actual_flow_mgd": null, "compliance_status": "No Violation Identified", "snc_status": null, "qtrs_noncompliance_12": 0, "qtrs_snc": 0, "missed_dmr_qtrs": null, "effluent_violations_3yr": 0, "pollutants_with_violation": null, "limited_pollutants": null, "dmr_pounds_yr": null, "dmr_toxic_weighted_lb": null, "penalties_usd": 0, "formal_actions_5yr": null, "informal_actions_5yr": 0, "inspections_5yr": 0, "last_inspection": null, "receiving_water_impaired": "Y", "impairment_causes": "MERCURY | PHOSPHORUS", "sic": null, "naics": null, "permit_expires": "01/28/2030", "km_from_ref": 19.1, "in_echo_search_list": null, "dfr_url": "https://echo.epa.gov/detailed-facility-report?fid=NYR11Q249&sys=ICP", "watchlist_note": null}}, {"type": "Feature", "geometry": {"type": "Point", "coordinates": [-73.851417, 42.522992]}, "properties": {"npdes_id": "NYR11I649", "facility": "FABCON PRECAST", "city": "COEYMANS", "county": null, "tier": "construction stormwater GP", "permit_type": "General Permit Covered Facility", "major_minor": "N", "permit_status": "Effective", "transect": "Albany-side creeks (Coeymans/Onesquethaw/Vloman)", "receiving_water": "FEURI SPRUYT", "huc8": "Middle Hudson", "design_flow_mgd": null, "actual_flow_mgd": null, "compliance_status": "No Violation Identified", "snc_status": null, "qtrs_noncompliance_12": 0, "qtrs_snc": 0, "missed_dmr_qtrs": null, "effluent_violations_3yr": 0, "pollutants_with_violation": null, "limited_pollutants": null, "dmr_pounds_yr": null, "dmr_toxic_weighted_lb": null, "penalties_usd": 0, "formal_actions_5yr": null, "informal_actions_5yr": 0, "inspections_5yr": 2, "last_inspection": "06/17/2026", "receiving_water_impaired": null, "impairment_causes": null, "sic": null, "naics": null, "permit_expires": "01/28/2030", "km_from_ref": 24.1, "in_echo_search_list": null, "dfr_url": "https://echo.epa.gov/detailed-facility-report?fid=NYR11I649&sys=ICP", "watchlist_note": null}}, {"type": "Feature", "geometry": {"type": "Point", "coordinates": [-74.24437, 42.35048]}, "properties": {"npdes_id": "NYR11Q589", "facility": "WINDHAM PINES", "city": "WINDHAM", "county": null, "tier": "construction stormwater GP", "permit_type": "General Permit Covered Facility", "major_minor": "N", "permit_status": "Effective", "transect": "other / Albany metro", "receiving_water": null, "huc8": "Schoharie", "design_flow_mgd": null, "actual_flow_mgd": null, "compliance_status": "No Violation Identified", "snc_status": null, "qtrs_noncompliance_12": 0, "qtrs_snc": 0, "missed_dmr_qtrs": null, "effluent_violations_3yr": 0, "pollutants_with_violation": null, "limited_pollutants": null, "dmr_pounds_yr": null, "dmr_toxic_weighted_lb": null, "penalties_usd": 0, "formal_actions_5yr": null, "informal_actions_5yr": 0, "inspections_5yr": 0, "last_inspection": null, "receiving_water_impaired": null, "impairment_causes": null, "sic": null, "naics": null, "permit_expires": "01/28/2030", "km_from_ref": 20.0, "in_echo_search_list": null, "dfr_url": "https://echo.epa.gov/detailed-facility-report?fid=NYR11Q589&sys=ICP", "watchlist_note": null}}, {"type": "Feature", "geometry": {"type": "Point", "coordinates": [-73.83119, 42.38766]}, "properties": {"npdes_id": "NYR11Q652", "facility": "NEW BALTIMORE CONVENIENT STORE", "city": "NEW BALTIMORE", "county": null, "tier": "construction stormwater GP", "permit_type": "General Permit Covered Facility", "major_minor": "N", "permit_status": "Effective", "transect": "other / Albany metro", "receiving_water": null, "huc8": "Middle Hudson", "design_flow_mgd": null, "actual_flow_mgd": null, "compliance_status": "No Violation Identified", "snc_status": null, "qtrs_noncompliance_12": 0, "qtrs_snc": 0, "missed_dmr_qtrs": null, "effluent_violations_3yr": 0, "pollutants_with_violation": null, "limited_pollutants": null, "dmr_pounds_yr": null, "dmr_toxic_weighted_lb": null, "penalties_usd": 0, "formal_actions_5yr": null, "informal_actions_5yr": 0, "inspections_5yr": 0, "last_inspection": null, "receiving_water_impaired": null, "impairment_causes": null, "sic": null, "naics": null, "permit_expires": "01/28/2030", "km_from_ref": 29.3, "in_echo_search_list": null, "dfr_url": "https://echo.epa.gov/detailed-facility-report?fid=NYR11Q652&sys=ICP", "watchlist_note": null}}, {"type": "Feature", "geometry": {"type": "Point", "coordinates": [-74.24406, 42.34524]}, "properties": {"npdes_id": "NYR11K431", "facility": "BOULDER BROOK PROPERTIES, LLC", "city": "WINDHAM", "county": null, "tier": "construction stormwater GP", "permit_type": "General Permit Covered Facility", "major_minor": "N", "permit_status": "Effective", "transect": "other / Albany metro", "receiving_water": "ISOLATED WETLAND", "huc8": "Schoharie", "design_flow_mgd": null, "actual_flow_mgd": null, "compliance_status": "No Violation Identified", "snc_status": null, "qtrs_noncompliance_12": 0, "qtrs_snc": 0, "missed_dmr_qtrs": null, "effluent_violations_3yr": 0, "pollutants_with_violation": null, "limited_pollutants": null, "dmr_pounds_yr": null, "dmr_toxic_weighted_lb": null, "penalties_usd": 0, "formal_actions_5yr": null, "informal_actions_5yr": 0, "inspections_5yr": 0, "last_inspection": null, "receiving_water_impaired": null, "impairment_causes": null, "sic": null, "naics": null, "permit_expires": "01/28/2030", "km_from_ref": 20.5, "in_echo_search_list": null, "dfr_url": "https://echo.epa.gov/detailed-facility-report?fid=NYR11K431&sys=ICP", "watchlist_note": null}}, {"type": "Feature", "geometry": {"type": "Point", "coordinates": [-74.20878, 42.31263]}, "properties": {"npdes_id": "NYR11K473", "facility": "MACDONALD SUBDIVISION", "city": "WINDHAM", "county": "Greene", "tier": "construction stormwater GP", "permit_type": "General Permit Covered Facility", "major_minor": "N", "permit_status": "Effective", "transect": "Schoharie Creek basin", "receiving_water": "UNNAMED TRIB TO BATAVIA KILL, FEDERAL WETLANDS", "huc8": "Schoharie", "design_flow_mgd": null, "actual_flow_mgd": null, "compliance_status": "No Violation Identified", "snc_status": null, "qtrs_noncompliance_12": 0, "qtrs_snc": 0, "missed_dmr_qtrs": null, "effluent_violations_3yr": 0, "pollutants_with_violation": null, "limited_pollutants": null, "dmr_pounds_yr": null, "dmr_toxic_weighted_lb": null, "penalties_usd": 0, "formal_actions_5yr": null, "informal_actions_5yr": 0, "inspections_5yr": 0, "last_inspection": null, "receiving_water_impaired": null, "impairment_causes": null, "sic": null, "naics": null, "permit_expires": "01/28/2030", "km_from_ref": 23.1, "in_echo_search_list": null, "dfr_url": "https://echo.epa.gov/detailed-facility-report?fid=NYR11K473&sys=ICP", "watchlist_note": null}}, {"type": "Feature", "geometry": {"type": "Point", "coordinates": [-73.814194, 42.458669]}, "properties": {"npdes_id": "NYR11L323", "facility": "CHPE NEW BALTIMORE LAYDOWN YARD", "city": "NEW BALTIMORE", "county": null, "tier": "construction stormwater GP", "permit_type": "General Permit Covered Facility", "major_minor": "N", "permit_status": "Effective", "transect": "Hannacroix Creek", "receiving_water": "UNNAMED TRIBUTARY TO HANNACROIS CREEK", "huc8": "Middle Hudson", "design_flow_mgd": null, "actual_flow_mgd": null, "compliance_status": "No Violation Identified", "snc_status": null, "qtrs_noncompliance_12": 0, "qtrs_snc": 0, "missed_dmr_qtrs": null, "effluent_violations_3yr": 0, "pollutants_with_violation": null, "limited_pollutants": null, "dmr_pounds_yr": null, "dmr_toxic_weighted_lb": null, "penalties_usd": 0, "formal_actions_5yr": null, "informal_actions_5yr": 0, "inspections_5yr": 0, "last_inspection": null, "receiving_water_impaired": null, "impairment_causes": null, "sic": null, "naics": null, "permit_expires": "01/28/2030", "km_from_ref": 27.8, "in_echo_search_list": null, "dfr_url": "https://echo.epa.gov/detailed-facility-report?fid=NYR11L323&sys=ICP", "watchlist_note": null}}, {"type": "Feature", "geometry": {"type": "Point", "coordinates": [-73.813446, 42.440549]}, "properties": {"npdes_id": "NYR11Q792", "facility": "ROUTE 9W SOLAR", "city": "TOWN OF NEW BALTMORE", "county": null, "tier": "construction stormwater GP", "permit_type": "General Permit Covered Facility", "major_minor": "N", "permit_status": "Effective", "transect": "Hannacroix Creek", "receiving_water": "HANNACROIS CREEK, LOWER, AND TRIBS", "huc8": "Middle Hudson", "design_flow_mgd": null, "actual_flow_mgd": null, "compliance_status": "No Violation Identified", "snc_status": null, "qtrs_noncompliance_12": 0, "qtrs_snc": 0, "missed_dmr_qtrs": null, "effluent_violations_3yr": 0, "pollutants_with_violation": null, "limited_pollutants": null, "dmr_pounds_yr": null, "dmr_toxic_weighted_lb": null, "penalties_usd": 0, "formal_actions_5yr": null, "informal_actions_5yr": 0, "inspections_5yr": 0, "last_inspection": null, "receiving_water_impaired": null, "impairment_causes": null, "sic": null, "naics": null, "permit_expires": "01/28/2030", "km_from_ref": 28.4, "in_echo_search_list": null, "dfr_url": "https://echo.epa.gov/detailed-facility-report?fid=NYR11Q792&sys=ICP", "watchlist_note": null}}, {"type": "Feature", "geometry": {"type": "Point", "coordinates": [-73.81485, 42.47225]}, "properties": {"npdes_id": "NYR11P522", "facility": "RAVENA WATER SYSTEM IMPROVEMENTS", "city": "RAVENA", "county": null, "tier": "construction stormwater GP", "permit_type": "General Permit Covered Facility", "major_minor": "N", "permit_status": "Effective", "transect": "Hannacroix Creek", "receiving_water": "HANNACROIS CREEK, LOWER, AND TRIBS - 1301-0230", "huc8": "Middle Hudson", "design_flow_mgd": null, "actual_flow_mgd": null, "compliance_status": "No Violation Identified", "snc_status": null, "qtrs_noncompliance_12": 0, "qtrs_snc": 0, "missed_dmr_qtrs": null, "effluent_violations_3yr": 0, "pollutants_with_violation": null, "limited_pollutants": null, "dmr_pounds_yr": null, "dmr_toxic_weighted_lb": null, "penalties_usd": 0, "formal_actions_5yr": null, "informal_actions_5yr": 0, "inspections_5yr": 0, "last_inspection": null, "receiving_water_impaired": null, "impairment_causes": null, "sic": null, "naics": null, "permit_expires": "01/28/2030", "km_from_ref": 27.5, "in_echo_search_list": null, "dfr_url": "https://echo.epa.gov/detailed-facility-report?fid=NYR11P522&sys=ICP", "watchlist_note": null}}, {"type": "Feature", "geometry": {"type": "Point", "coordinates": [-74.051658, 42.262319]}, "properties": {"npdes_id": "NYR11P211", "facility": "BLACKHEAD MOUNTAIN LODGE", "city": "CAIRO", "county": null, "tier": "construction stormwater GP", "permit_type": "General Permit Covered Facility", "major_minor": "N", "permit_status": "Effective", "transect": "Catskill Creek \u2014 other tribs / Potic", "receiving_water": "SHINGLE KILL AND TRIBS - 1309-0008", "huc8": "Middle Hudson", "design_flow_mgd": null, "actual_flow_mgd": null, "compliance_status": "No Violation Identified", "snc_status": null, "qtrs_noncompliance_12": 0, "qtrs_snc": 0, "missed_dmr_qtrs": null, "effluent_violations_3yr": 0, "pollutants_with_violation": null, "limited_pollutants": null, "dmr_pounds_yr": null, "dmr_toxic_weighted_lb": null, "penalties_usd": 0, "formal_actions_5yr": null, "informal_actions_5yr": 0, "inspections_5yr": 0, "last_inspection": null, "receiving_water_impaired": null, "impairment_causes": null, "sic": null, "naics": null, "permit_expires": "01/28/2030", "km_from_ref": 29.1, "in_echo_search_list": null, "dfr_url": "https://echo.epa.gov/detailed-facility-report?fid=NYR11P211&sys=ICP", "watchlist_note": null}}, {"type": "Feature", "geometry": {"type": "Point", "coordinates": [-73.9578, 42.27572]}, "properties": {"npdes_id": "NYR11K617", "facility": "PROPOSED GAS STATION AND RETAIL STORE", "city": "CAIRO", "county": null, "tier": "construction stormwater GP", "permit_type": "General Permit Covered Facility", "major_minor": "N", "permit_status": "Effective", "transect": "Catskill Creek main stem", "receiving_water": "CATSKILL CREEK", "huc8": "Middle Hudson", "design_flow_mgd": null, "actual_flow_mgd": null, "compliance_status": "No Violation Identified", "snc_status": null, "qtrs_noncompliance_12": 0, "qtrs_snc": 0, "missed_dmr_qtrs": null, "effluent_violations_3yr": 0, "pollutants_with_violation": null, "limited_pollutants": null, "dmr_pounds_yr": null, "dmr_toxic_weighted_lb": null, "penalties_usd": 0, "formal_actions_5yr": null, "informal_actions_5yr": 0, "inspections_5yr": 0, "last_inspection": null, "receiving_water_impaired": null, "impairment_causes": null, "sic": null, "naics": null, "permit_expires": "01/28/2030", "km_from_ref": 30.7, "in_echo_search_list": null, "dfr_url": "https://echo.epa.gov/detailed-facility-report?fid=NYR11K617&sys=ICP", "watchlist_note": null}}, {"type": "Feature", "geometry": {"type": "Point", "coordinates": [-73.808791, 42.425964]}, "properties": {"npdes_id": "NYR11R473", "facility": "HANNACROIX SOLAR FACILITY", "city": "COXSACKIE", "county": null, "tier": "construction stormwater GP", "permit_type": "General Permit Covered Facility", "major_minor": "N", "permit_status": "Effective", "transect": "other / Albany metro", "receiving_water": "SICKELS CVREEK", "huc8": "Middle Hudson", "design_flow_mgd": null, "actual_flow_mgd": null, "compliance_status": "No Violation Identified", "snc_status": null, "qtrs_noncompliance_12": 0, "qtrs_snc": 0, "missed_dmr_qtrs": null, "effluent_violations_3yr": 0, "pollutants_with_violation": null, "limited_pollutants": null, "dmr_pounds_yr": null, "dmr_toxic_weighted_lb": null, "penalties_usd": 0, "formal_actions_5yr": null, "informal_actions_5yr": 0, "inspections_5yr": 0, "last_inspection": null, "receiving_water_impaired": null, "impairment_causes": null, "sic": null, "naics": null, "permit_expires": "01/28/2030", "km_from_ref": 29.3, "in_echo_search_list": null, "dfr_url": "https://echo.epa.gov/detailed-facility-report?fid=NYR11R473&sys=ICP", "watchlist_note": null}}, {"type": "Feature", "geometry": {"type": "Point", "coordinates": [-73.845334, 42.343663]}, "properties": {"npdes_id": "NYR11G134", "facility": "COXSACKIE CORRECTIONAL FACILITY", "city": "COXSACKIE", "county": null, "tier": "construction stormwater GP", "permit_type": "General Permit Covered Facility", "major_minor": "N", "permit_status": "Effective", "transect": "Albany-side creeks (Coeymans/Onesquethaw/Vloman)", "receiving_water": "COXSACKIE CREEK", "huc8": "Middle Hudson", "design_flow_mgd": null, "actual_flow_mgd": null, "compliance_status": "No Violation Identified", "snc_status": null, "qtrs_noncompliance_12": 0, "qtrs_snc": 0, "missed_dmr_qtrs": null, "effluent_violations_3yr": 0, "pollutants_with_violation": null, "limited_pollutants": null, "dmr_pounds_yr": null, "dmr_toxic_weighted_lb": null, "penalties_usd": 0, "formal_actions_5yr": null, "informal_actions_5yr": 0, "inspections_5yr": 0, "last_inspection": null, "receiving_water_impaired": null, "impairment_causes": null, "sic": null, "naics": null, "permit_expires": "01/28/2030", "km_from_ref": 31.1, "in_echo_search_list": null, "dfr_url": "https://echo.epa.gov/detailed-facility-report?fid=NYR11G134&sys=ICP", "watchlist_note": null}}, {"type": "Feature", "geometry": {"type": "Point", "coordinates": [-73.845334, 42.343663]}, "properties": {"npdes_id": "NYR11C293", "facility": "COXSACKIE CORRECTIONAL FACILITY", "city": "COXSACKIE", "county": null, "tier": "construction stormwater GP", "permit_type": "General Permit Covered Facility", "major_minor": "N", "permit_status": "Effective", "transect": "other / Albany metro", "receiving_water": "UNNAMED POND/UNNAMED WETLAND", "huc8": "Middle Hudson", "design_flow_mgd": null, "actual_flow_mgd": null, "compliance_status": "No Violation Identified", "snc_status": null, "qtrs_noncompliance_12": 0, "qtrs_snc": 0, "missed_dmr_qtrs": null, "effluent_violations_3yr": 0, "pollutants_with_violation": null, "limited_pollutants": null, "dmr_pounds_yr": null, "dmr_toxic_weighted_lb": null, "penalties_usd": 0, "formal_actions_5yr": null, "informal_actions_5yr": 0, "inspections_5yr": 0, "last_inspection": null, "receiving_water_impaired": null, "impairment_causes": null, "sic": null, "naics": null, "permit_expires": "01/28/2030", "km_from_ref": 31.1, "in_echo_search_list": null, "dfr_url": "https://echo.epa.gov/detailed-facility-report?fid=NYR11C293&sys=ICP", "watchlist_note": null}}, {"type": "Feature", "geometry": {"type": "Point", "coordinates": [-74.02298, 42.26094]}, "properties": {"npdes_id": "NYR11N392", "facility": "ST. JOSEPH'S NOVITIATE", "city": "ROUND TOP", "county": null, "tier": "construction stormwater GP", "permit_type": "General Permit Covered Facility", "major_minor": "N", "permit_status": "Effective", "transect": "other / Albany metro", "receiving_water": "KISKATOM BROOK", "huc8": "Middle Hudson", "design_flow_mgd": null, "actual_flow_mgd": null, "compliance_status": "No Violation Identified", "snc_status": null, "qtrs_noncompliance_12": 0, "qtrs_snc": 0, "missed_dmr_qtrs": null, "effluent_violations_3yr": 0, "pollutants_with_violation": null, "limited_pollutants": null, "dmr_pounds_yr": null, "dmr_toxic_weighted_lb": null, "penalties_usd": 0, "formal_actions_5yr": null, "informal_actions_5yr": 0, "inspections_5yr": 0, "last_inspection": null, "receiving_water_impaired": null, "impairment_causes": null, "sic": null, "naics": null, "permit_expires": "01/28/2030", "km_from_ref": 29.9, "in_echo_search_list": null, "dfr_url": "https://echo.epa.gov/detailed-facility-report?fid=NYR11N392&sys=ICP", "watchlist_note": null}}, {"type": "Feature", "geometry": {"type": "Point", "coordinates": [-74.220216, 42.30763]}, "properties": {"npdes_id": "NYR11K927", "facility": "EASTVIEW SUBDIVISION - LOT 9", "city": "WINDHAM", "county": null, "tier": "construction stormwater GP", "permit_type": "General Permit Covered Facility", "major_minor": "N", "permit_status": "Effective", "transect": "Schoharie Creek basin", "receiving_water": "UNNAMED TRIBUTARY TO THE BATAVIA KILL", "huc8": "Schoharie", "design_flow_mgd": null, "actual_flow_mgd": null, "compliance_status": "No Violation Identified", "snc_status": null, "qtrs_noncompliance_12": 0, "qtrs_snc": 0, "missed_dmr_qtrs": null, "effluent_violations_3yr": 0, "pollutants_with_violation": null, "limited_pollutants": null, "dmr_pounds_yr": null, "dmr_toxic_weighted_lb": null, "penalties_usd": 0, "formal_actions_5yr": null, "informal_actions_5yr": 0, "inspections_5yr": 0, "last_inspection": null, "receiving_water_impaired": null, "impairment_causes": null, "sic": null, "naics": null, "permit_expires": "01/28/2030", "km_from_ref": 23.8, "in_echo_search_list": null, "dfr_url": "https://echo.epa.gov/detailed-facility-report?fid=NYR11K927&sys=ICP", "watchlist_note": null}}, {"type": "Feature", "geometry": {"type": "Point", "coordinates": [-73.857109, 42.561178]}, "properties": {"npdes_id": "NYR11R400", "facility": "ALBANY ROAD SOLAR", "city": "SELKIRK", "county": null, "tier": "construction stormwater GP", "permit_type": "General Permit Covered Facility", "major_minor": "N", "permit_status": "Effective", "transect": "other / Albany metro", "receiving_water": "ONSITE WETLANDS", "huc8": "Middle Hudson", "design_flow_mgd": null, "actual_flow_mgd": null, "compliance_status": "No Violation Identified", "snc_status": null, "qtrs_noncompliance_12": 0, "qtrs_snc": 0, "missed_dmr_qtrs": null, "effluent_violations_3yr": 0, "pollutants_with_violation": null, "limited_pollutants": null, "dmr_pounds_yr": null, "dmr_toxic_weighted_lb": null, "penalties_usd": 0, "formal_actions_5yr": null, "informal_actions_5yr": 0, "inspections_5yr": 0, "last_inspection": null, "receiving_water_impaired": null, "impairment_causes": null, "sic": null, "naics": null, "permit_expires": "01/28/2030", "km_from_ref": 24.1, "in_echo_search_list": null, "dfr_url": "https://echo.epa.gov/detailed-facility-report?fid=NYR11R400&sys=ICP", "watchlist_note": null}}, {"type": "Feature", "geometry": {"type": "Point", "coordinates": [-73.86527, 42.56865]}, "properties": {"npdes_id": "NYR11M163", "facility": "CHAMPLAIN HUDSON POWER EXPRESS SEGMENT 9 - PACKAGE 5B", "city": "FEURA BUSH", "county": null, "tier": "construction stormwater GP", "permit_type": "General Permit Covered Facility", "major_minor": "N", "permit_status": "Effective", "transect": "Albany-side creeks (Coeymans/Onesquethaw/Vloman)", "receiving_water": "COEYMANS CREEK, HUDSON RIVER", "huc8": "Middle Hudson", "design_flow_mgd": null, "actual_flow_mgd": null, "compliance_status": "No Violation Identified", "snc_status": null, "qtrs_noncompliance_12": 0, "qtrs_snc": 0, "missed_dmr_qtrs": null, "effluent_violations_3yr": 0, "pollutants_with_violation": null, "limited_pollutants": null, "dmr_pounds_yr": null, "dmr_toxic_weighted_lb": null, "penalties_usd": 0, "formal_actions_5yr": null, "informal_actions_5yr": 0, "inspections_5yr": 0, "last_inspection": null, "receiving_water_impaired": null, "impairment_causes": null, "sic": null, "naics": null, "permit_expires": "01/28/2030", "km_from_ref": 23.7, "in_echo_search_list": null, "dfr_url": "https://echo.epa.gov/detailed-facility-report?fid=NYR11M163&sys=ICP", "watchlist_note": null}}, {"type": "Feature", "geometry": {"type": "Point", "coordinates": [-73.842849, 42.547578]}, "properties": {"npdes_id": "NYR11J887", "facility": "SOUTH ALBANY ROAD SOLAR FARM", "city": "SELKIRK", "county": null, "tier": "construction stormwater GP", "permit_type": "General Permit Covered Facility", "major_minor": "N", "permit_status": "Effective", "transect": "other / Albany metro", "receiving_water": "ADJACENT FEDERAL WETLAND/", "huc8": "Middle Hudson", "design_flow_mgd": null, "actual_flow_mgd": null, "compliance_status": "No Violation Identified", "snc_status": null, "qtrs_noncompliance_12": 0, "qtrs_snc": 0, "missed_dmr_qtrs": null, "effluent_violations_3yr": 0, "pollutants_with_violation": null, "limited_pollutants": null, "dmr_pounds_yr": null, "dmr_toxic_weighted_lb": null, "penalties_usd": 0, "formal_actions_5yr": null, "informal_actions_5yr": 0, "inspections_5yr": 0, "last_inspection": null, "receiving_water_impaired": null, "impairment_causes": null, "sic": null, "naics": null, "permit_expires": "01/28/2030", "km_from_ref": 25.0, "in_echo_search_list": null, "dfr_url": "https://echo.epa.gov/detailed-facility-report?fid=NYR11J887&sys=ICP", "watchlist_note": null}}, {"type": "Feature", "geometry": {"type": "Point", "coordinates": [-73.82688, 42.349424]}, "properties": {"npdes_id": "NYR11P285", "facility": "45 ADDITIONS, FACILITY ACCESS RD AND OUTDOOR REC PENS, OGS 46133 AND 47268", "city": "COXSACKIE", "county": null, "tier": "construction stormwater GP", "permit_type": "General Permit Covered Facility", "major_minor": "N", "permit_status": "Effective", "transect": "Albany-side creeks (Coeymans/Onesquethaw/Vloman)", "receiving_water": "COXSACKIE CREEK AND MINOR TRIBS - 1301-0092", "huc8": "Middle Hudson", "design_flow_mgd": null, "actual_flow_mgd": null, "compliance_status": "No Violation Identified", "snc_status": null, "qtrs_noncompliance_12": 0, "qtrs_snc": 0, "missed_dmr_qtrs": null, "effluent_violations_3yr": 0, "pollutants_with_violation": null, "limited_pollutants": null, "dmr_pounds_yr": null, "dmr_toxic_weighted_lb": null, "penalties_usd": 0, "formal_actions_5yr": null, "informal_actions_5yr": 0, "inspections_5yr": 0, "last_inspection": null, "receiving_water_impaired": "Y", "impairment_causes": "PHOSPHORUS", "sic": null, "naics": null, "permit_expires": "01/28/2030", "km_from_ref": 31.9, "in_echo_search_list": null, "dfr_url": "https://echo.epa.gov/detailed-facility-report?fid=NYR11P285&sys=ICP", "watchlist_note": null}}, {"type": "Feature", "geometry": {"type": "Point", "coordinates": [-73.82688, 42.349424]}, "properties": {"npdes_id": "NYR11G024", "facility": "GREENE CORRECTIONAL FACILITY", "city": "COXSACKIE", "county": "Greene", "tier": "construction stormwater GP", "permit_type": "General Permit Covered Facility", "major_minor": "N", "permit_status": "Effective", "transect": "other / Albany metro", "receiving_water": "ON-SITE WETLANDS", "huc8": "Middle Hudson", "design_flow_mgd": null, "actual_flow_mgd": null, "compliance_status": "No Violation Identified", "snc_status": null, "qtrs_noncompliance_12": 0, "qtrs_snc": 0, "missed_dmr_qtrs": null, "effluent_violations_3yr": 0, "pollutants_with_violation": null, "limited_pollutants": null, "dmr_pounds_yr": null, "dmr_toxic_weighted_lb": null, "penalties_usd": 0, "formal_actions_5yr": null, "informal_actions_5yr": 0, "inspections_5yr": 0, "last_inspection": null, "receiving_water_impaired": null, "impairment_causes": null, "sic": null, "naics": null, "permit_expires": "01/28/2030", "km_from_ref": 31.9, "in_echo_search_list": null, "dfr_url": "https://echo.epa.gov/detailed-facility-report?fid=NYR11G024&sys=ICP", "watchlist_note": null}}, {"type": "Feature", "geometry": {"type": "Point", "coordinates": [-73.866873, 42.570533]}, "properties": {"npdes_id": "NYR11Q343", "facility": "WEST YARD ROAD COMMERCIAL WAREHOUSE", "city": "FEURA BUSH", "county": null, "tier": "construction stormwater GP", "permit_type": "General Permit Covered Facility", "major_minor": "N", "permit_status": "Effective", "transect": "Albany-side creeks (Coeymans/Onesquethaw/Vloman)", "receiving_water": "VLOMAN KILL, UPPER, AND TRIBS - 1301-0240", "huc8": "Middle Hudson", "design_flow_mgd": null, "actual_flow_mgd": null, "compliance_status": "No Violation Identified", "snc_status": null, "qtrs_noncompliance_12": 0, "qtrs_snc": 0, "missed_dmr_qtrs": null, "effluent_violations_3yr": 0, "pollutants_with_violation": null, "limited_pollutants": null, "dmr_pounds_yr": null, "dmr_toxic_weighted_lb": null, "penalties_usd": 0, "formal_actions_5yr": null, "informal_actions_5yr": 0, "inspections_5yr": 0, "last_inspection": null, "receiving_water_impaired": null, "impairment_causes": null, "sic": null, "naics": null, "permit_expires": "01/28/2030", "km_from_ref": 23.6, "in_echo_search_list": null, "dfr_url": "https://echo.epa.gov/detailed-facility-report?fid=NYR11Q343&sys=ICP", "watchlist_note": null}}, {"type": "Feature", "geometry": {"type": "Point", "coordinates": [-74.21109, 42.29306]}, "properties": {"npdes_id": "NYR11K223", "facility": "MCNAB SUBDIVISION", "city": "WINDHAM", "county": null, "tier": "construction stormwater GP", "permit_type": "General Permit Covered Facility", "major_minor": "N", "permit_status": "Effective", "transect": "Schoharie Creek basin", "receiving_water": "UNNAMED TRIBUTARY TO BATAVIA KILL FEDERAL WETLANDS", "huc8": "Schoharie", "design_flow_mgd": null, "actual_flow_mgd": null, "compliance_status": "No Violation Identified", "snc_status": null, "qtrs_noncompliance_12": 0, "qtrs_snc": 0, "missed_dmr_qtrs": null, "effluent_violations_3yr": 0, "pollutants_with_violation": null, "limited_pollutants": null, "dmr_pounds_yr": null, "dmr_toxic_weighted_lb": null, "penalties_usd": 0, "formal_actions_5yr": null, "informal_actions_5yr": 0, "inspections_5yr": 0, "last_inspection": null, "receiving_water_impaired": null, "impairment_causes": null, "sic": null, "naics": null, "permit_expires": "01/28/2030", "km_from_ref": 25.2, "in_echo_search_list": null, "dfr_url": "https://echo.epa.gov/detailed-facility-report?fid=NYR11K223&sys=ICP", "watchlist_note": null}}, {"type": "Feature", "geometry": {"type": "Point", "coordinates": [-73.804448, 42.379005]}, "properties": {"npdes_id": "NYR11M105", "facility": "CHAMPLAIN HUDSON POWER EXPRESS SEGMENT 10 (PACKAGE 6)", "city": "CATSKILL", "county": null, "tier": "construction stormwater GP", "permit_type": "General Permit Covered Facility", "major_minor": "N", "permit_status": "Effective", "transect": "Hannacroix Creek", "receiving_water": "HANNACROIS CRK, SICKLES CRK, COXSACKIE CRK", "huc8": "Middle Hudson", "design_flow_mgd": null, "actual_flow_mgd": null, "compliance_status": "No Violation Identified", "snc_status": null, "qtrs_noncompliance_12": 0, "qtrs_snc": 0, "missed_dmr_qtrs": null, "effluent_violations_3yr": 0, "pollutants_with_violation": null, "limited_pollutants": null, "dmr_pounds_yr": null, "dmr_toxic_weighted_lb": null, "penalties_usd": 0, "formal_actions_5yr": null, "informal_actions_5yr": 0, "inspections_5yr": 0, "last_inspection": null, "receiving_water_impaired": null, "impairment_causes": null, "sic": null, "naics": null, "permit_expires": "01/28/2030", "km_from_ref": 31.7, "in_echo_search_list": null, "dfr_url": "https://echo.epa.gov/detailed-facility-report?fid=NYR11M105&sys=ICP", "watchlist_note": null}}, {"type": "Feature", "geometry": {"type": "Point", "coordinates": [-74.227606, 42.300533]}, "properties": {"npdes_id": "NYR11N829", "facility": "WINDHAM COVE", "city": "WINDHAM", "county": null, "tier": "construction stormwater GP", "permit_type": "General Permit Covered Facility", "major_minor": "N", "permit_status": "Effective", "transect": "other / Albany metro", "receiving_water": "FEDERAL WETLANDS, UNNAMED CLASS C STREAM", "huc8": "Schoharie", "design_flow_mgd": null, "actual_flow_mgd": null, "compliance_status": "No Violation Identified", "snc_status": null, "qtrs_noncompliance_12": 0, "qtrs_snc": 0, "missed_dmr_qtrs": null, "effluent_violations_3yr": 0, "pollutants_with_violation": null, "limited_pollutants": null, "dmr_pounds_yr": null, "dmr_toxic_weighted_lb": null, "penalties_usd": 0, "formal_actions_5yr": null, "informal_actions_5yr": 0, "inspections_5yr": 0, "last_inspection": null, "receiving_water_impaired": null, "impairment_causes": null, "sic": null, "naics": null, "permit_expires": "01/28/2030", "km_from_ref": 24.8, "in_echo_search_list": null, "dfr_url": "https://echo.epa.gov/detailed-facility-report?fid=NYR11N829&sys=ICP", "watchlist_note": null}}, {"type": "Feature", "geometry": {"type": "Point", "coordinates": [-73.79507, 42.47911]}, "properties": {"npdes_id": "NYR10W424", "facility": "COEYMANS RECYCLING CENTER LLC", "city": "COEYMANS", "county": "Albany", "tier": "construction stormwater GP", "permit_type": "General Permit Covered Facility", "major_minor": "N", "permit_status": "Expired", "transect": "Albany-side creeks (Coeymans/Onesquethaw/Vloman)", "receiving_water": "COEYMANS CREEK", "huc8": "Middle Hudson", "design_flow_mgd": null, "actual_flow_mgd": null, "compliance_status": "No Violation Identified", "snc_status": null, "qtrs_noncompliance_12": 0, "qtrs_snc": 0, "missed_dmr_qtrs": null, "effluent_violations_3yr": 0, "pollutants_with_violation": null, "limited_pollutants": null, "dmr_pounds_yr": null, "dmr_toxic_weighted_lb": null, "penalties_usd": 0, "formal_actions_5yr": null, "informal_actions_5yr": 0, "inspections_5yr": 0, "last_inspection": null, "receiving_water_impaired": "Y", "impairment_causes": "POLYCHLORINATED BIPHENYLS (PCBS)", "sic": null, "naics": null, "permit_expires": "01/28/2020", "km_from_ref": 28.9, "in_echo_search_list": null, "dfr_url": "https://echo.epa.gov/detailed-facility-report?fid=NYR10W424&sys=ICP", "watchlist_note": null}}, {"type": "Feature", "geometry": {"type": "Point", "coordinates": [-73.788651, 42.4485016]}, "properties": {"npdes_id": "NYR11P061", "facility": "NEW BALTIMORE SOLAR", "city": "NEW BALTIMORE", "county": null, "tier": "construction stormwater GP", "permit_type": "General Permit Covered Facility", "major_minor": "N", "permit_status": "Effective", "transect": "other / Albany metro", "receiving_water": "UNNAMED WETLAND", "huc8": null, "design_flow_mgd": null, "actual_flow_mgd": null, "compliance_status": "No Violation Identified", "snc_status": null, "qtrs_noncompliance_12": 0, "qtrs_snc": 0, "missed_dmr_qtrs": null, "effluent_violations_3yr": 0, "pollutants_with_violation": null, "limited_pollutants": null, "dmr_pounds_yr": null, "dmr_toxic_weighted_lb": null, "penalties_usd": 0, "formal_actions_5yr": null, "informal_actions_5yr": 0, "inspections_5yr": 0, "last_inspection": null, "receiving_water_impaired": null, "impairment_causes": null, "sic": null, "naics": null, "permit_expires": "01/28/2030", "km_from_ref": 30.1, "in_echo_search_list": null, "dfr_url": "https://echo.epa.gov/detailed-facility-report?fid=NYR11P061&sys=ICP", "watchlist_note": null}}, {"type": "Feature", "geometry": {"type": "Point", "coordinates": [-73.79308, 42.47926]}, "properties": {"npdes_id": "NYR11K475", "facility": "P&M OFFSHORE WIND INFRASTRUCTURE PROJECT", "city": "COEYMANS", "county": null, "tier": "construction stormwater GP", "permit_type": "General Permit Covered Facility", "major_minor": "N", "permit_status": "Effective", "transect": "Hudson mainstem", "receiving_water": "HUDSON RIVER", "huc8": "Middle Hudson", "design_flow_mgd": null, "actual_flow_mgd": null, "compliance_status": "No Violation Identified", "snc_status": null, "qtrs_noncompliance_12": 0, "qtrs_snc": 0, "missed_dmr_qtrs": null, "effluent_violations_3yr": 0, "pollutants_with_violation": null, "limited_pollutants": null, "dmr_pounds_yr": null, "dmr_toxic_weighted_lb": null, "penalties_usd": 0, "formal_actions_5yr": null, "informal_actions_5yr": 0, "inspections_5yr": 1, "last_inspection": "08/08/2025", "receiving_water_impaired": "Y", "impairment_causes": "POLYCHLORINATED BIPHENYLS (PCBS)", "sic": null, "naics": null, "permit_expires": "01/28/2030", "km_from_ref": 29.1, "in_echo_search_list": null, "dfr_url": "https://echo.epa.gov/detailed-facility-report?fid=NYR11K475&sys=ICP", "watchlist_note": null}}, {"type": "Feature", "geometry": {"type": "Point", "coordinates": [-73.793181, 42.479548]}, "properties": {"npdes_id": "NYR11E251", "facility": "WM. BIERS, INC.", "city": "COEYMANS", "county": null, "tier": "construction stormwater GP", "permit_type": "General Permit Covered Facility", "major_minor": "N", "permit_status": "Effective", "transect": "other / Albany metro", "receiving_water": "ONSITE WETLANDS & STREAMS", "huc8": "Middle Hudson", "design_flow_mgd": null, "actual_flow_mgd": null, "compliance_status": "No Violation Identified", "snc_status": null, "qtrs_noncompliance_12": 0, "qtrs_snc": 0, "missed_dmr_qtrs": null, "effluent_violations_3yr": 0, "pollutants_with_violation": null, "limited_pollutants": null, "dmr_pounds_yr": null, "dmr_toxic_weighted_lb": null, "penalties_usd": 0, "formal_actions_5yr": null, "informal_actions_5yr": 0, "inspections_5yr": 0, "last_inspection": null, "receiving_water_impaired": null, "impairment_causes": null, "sic": null, "naics": null, "permit_expires": "01/28/2030", "km_from_ref": 29.1, "in_echo_search_list": null, "dfr_url": "https://echo.epa.gov/detailed-facility-report?fid=NYR11E251&sys=ICP", "watchlist_note": null}}, {"type": "Feature", "geometry": {"type": "Point", "coordinates": [-74.234893, 42.300753]}, "properties": {"npdes_id": "NYR10S508", "facility": "COPPER RIDGE", "city": "WINDHAM", "county": null, "tier": "construction stormwater GP", "permit_type": "General Permit Covered Facility", "major_minor": "N", "permit_status": "Effective", "transect": "Schoharie Creek basin", "receiving_water": "BATAVIA KILL", "huc8": "Schoharie", "design_flow_mgd": null, "actual_flow_mgd": null, "compliance_status": "No Violation Identified", "snc_status": null, "qtrs_noncompliance_12": 0, "qtrs_snc": 0, "missed_dmr_qtrs": null, "effluent_violations_3yr": 0, "pollutants_with_violation": null, "limited_pollutants": null, "dmr_pounds_yr": null, "dmr_toxic_weighted_lb": null, "penalties_usd": 0, "formal_actions_5yr": null, "informal_actions_5yr": 0, "inspections_5yr": 0, "last_inspection": null, "receiving_water_impaired": null, "impairment_causes": null, "sic": null, "naics": null, "permit_expires": "01/28/2030", "km_from_ref": 24.9, "in_echo_search_list": null, "dfr_url": "https://echo.epa.gov/detailed-facility-report?fid=NYR10S508&sys=ICP", "watchlist_note": null}}, {"type": "Feature", "geometry": {"type": "Point", "coordinates": [-74.234893, 42.300753]}, "properties": {"npdes_id": "NYR10Q525", "facility": "COPPER RIDGE", "city": "WINDHAM", "county": null, "tier": "construction stormwater GP", "permit_type": "General Permit Covered Facility", "major_minor": "N", "permit_status": "Effective", "transect": "Schoharie Creek basin", "receiving_water": "BATAVIA KILL", "huc8": "Schoharie", "design_flow_mgd": null, "actual_flow_mgd": null, "compliance_status": "No Violation Identified", "snc_status": null, "qtrs_noncompliance_12": 0, "qtrs_snc": 0, "missed_dmr_qtrs": null, "effluent_violations_3yr": 0, "pollutants_with_violation": null, "limited_pollutants": null, "dmr_pounds_yr": null, "dmr_toxic_weighted_lb": null, "penalties_usd": 0, "formal_actions_5yr": null, "informal_actions_5yr": 0, "inspections_5yr": 0, "last_inspection": null, "receiving_water_impaired": null, "impairment_causes": null, "sic": null, "naics": null, "permit_expires": "01/28/2030", "km_from_ref": 24.9, "in_echo_search_list": null, "dfr_url": "https://echo.epa.gov/detailed-facility-report?fid=NYR10Q525&sys=ICP", "watchlist_note": null}}, {"type": "Feature", "geometry": {"type": "Point", "coordinates": [-73.80971, 42.52487]}, "properties": {"npdes_id": "NYR11P816", "facility": "FINKE EQUIPMENT (PHASE II)", "city": "COEYMANS", "county": null, "tier": "construction stormwater GP", "permit_type": "General Permit Covered Facility", "major_minor": "N", "permit_status": "Effective", "transect": "Albany-side creeks (Coeymans/Onesquethaw/Vloman)", "receiving_water": "COEYMANS CREEK AND MINOR TRIBS - 1301-0095", "huc8": "Middle Hudson", "design_flow_mgd": null, "actual_flow_mgd": null, "compliance_status": "No Violation Identified", "snc_status": null, "qtrs_noncompliance_12": 0, "qtrs_snc": 0, "missed_dmr_qtrs": null, "effluent_violations_3yr": 0, "pollutants_with_violation": null, "limited_pollutants": null, "dmr_pounds_yr": null, "dmr_toxic_weighted_lb": null, "penalties_usd": 0, "formal_actions_5yr": null, "informal_actions_5yr": 0, "inspections_5yr": 0, "last_inspection": null, "receiving_water_impaired": null, "impairment_causes": null, "sic": null, "naics": null, "permit_expires": "01/28/2030", "km_from_ref": 27.5, "in_echo_search_list": null, "dfr_url": "https://echo.epa.gov/detailed-facility-report?fid=NYR11P816&sys=ICP", "watchlist_note": null}}, {"type": "Feature", "geometry": {"type": "Point", "coordinates": [-74.260466, 42.318554]}, "properties": {"npdes_id": "NYR11L256", "facility": "LYSYY SUBDIVISION", "city": "WINDHAM", "county": null, "tier": "construction stormwater GP", "permit_type": "General Permit Covered Facility", "major_minor": "N", "permit_status": "Effective", "transect": "other / Albany metro", "receiving_water": "CLASS C STREAM", "huc8": "Schoharie", "design_flow_mgd": null, "actual_flow_mgd": null, "compliance_status": "No Violation Identified", "snc_status": null, "qtrs_noncompliance_12": 0, "qtrs_snc": 0, "missed_dmr_qtrs": null, "effluent_violations_3yr": 0, "pollutants_with_violation": null, "limited_pollutants": null, "dmr_pounds_yr": null, "dmr_toxic_weighted_lb": null, "penalties_usd": 0, "formal_actions_5yr": null, "informal_actions_5yr": 0, "inspections_5yr": 0, "last_inspection": null, "receiving_water_impaired": null, "impairment_causes": null, "sic": null, "naics": null, "permit_expires": "01/28/2030", "km_from_ref": 23.8, "in_echo_search_list": null, "dfr_url": "https://echo.epa.gov/detailed-facility-report?fid=NYR11L256&sys=ICP", "watchlist_note": null}}, {"type": "Feature", "geometry": {"type": "Point", "coordinates": [-73.8135783, 42.5330101]}, "properties": {"npdes_id": "NYR11P143", "facility": "SELKIRK FIRE DISTRICT HEADQUARTERS BUILDING", "city": "SELKIRK", "county": null, "tier": "construction stormwater GP", "permit_type": "General Permit Covered Facility", "major_minor": "N", "permit_status": "Effective", "transect": "Albany-side creeks (Coeymans/Onesquethaw/Vloman)", "receiving_water": "VLOMAN KILL, UPPER, AND TRIBS - 1301-0240", "huc8": null, "design_flow_mgd": null, "actual_flow_mgd": null, "compliance_status": "No Violation Identified", "snc_status": null, "qtrs_noncompliance_12": 0, "qtrs_snc": 0, "missed_dmr_qtrs": null, "effluent_violations_3yr": 0, "pollutants_with_violation": null, "limited_pollutants": null, "dmr_pounds_yr": null, "dmr_toxic_weighted_lb": null, "penalties_usd": 0, "formal_actions_5yr": null, "informal_actions_5yr": 0, "inspections_5yr": 0, "last_inspection": null, "receiving_water_impaired": "Y", "impairment_causes": "HARMFUL ALGAL BLOOMS", "sic": null, "naics": null, "permit_expires": "01/28/2030", "km_from_ref": 27.2, "in_echo_search_list": null, "dfr_url": "https://echo.epa.gov/detailed-facility-report?fid=NYR11P143&sys=ICP", "watchlist_note": null}}, {"type": "Feature", "geometry": {"type": "Point", "coordinates": [-74.245045, 42.304079]}, "properties": {"npdes_id": "NYR11K085", "facility": "STONEWALL GLEN AT WINDHAM", "city": "WINDHAM", "county": null, "tier": "construction stormwater GP", "permit_type": "General Permit Covered Facility", "major_minor": "N", "permit_status": "Effective", "transect": "Schoharie Creek basin", "receiving_water": "BATAVIA KILL", "huc8": "Schoharie", "design_flow_mgd": null, "actual_flow_mgd": null, "compliance_status": "No Violation Identified", "snc_status": null, "qtrs_noncompliance_12": 0, "qtrs_snc": 0, "missed_dmr_qtrs": null, "effluent_violations_3yr": 0, "pollutants_with_violation": null, "limited_pollutants": null, "dmr_pounds_yr": null, "dmr_toxic_weighted_lb": null, "penalties_usd": 0, "formal_actions_5yr": null, "informal_actions_5yr": 0, "inspections_5yr": 0, "last_inspection": null, "receiving_water_impaired": null, "impairment_causes": null, "sic": null, "naics": null, "permit_expires": "01/28/2030", "km_from_ref": 24.8, "in_echo_search_list": null, "dfr_url": "https://echo.epa.gov/detailed-facility-report?fid=NYR11K085&sys=ICP", "watchlist_note": null}}, {"type": "Feature", "geometry": {"type": "Point", "coordinates": [-73.82025, 42.546]}, "properties": {"npdes_id": "NYR11P512", "facility": "SPEEDER ROAD TRANSLOADING FACILITY", "city": "BETHLEHEM", "county": null, "tier": "construction stormwater GP", "permit_type": "General Permit Covered Facility", "major_minor": "N", "permit_status": "Effective", "transect": "Albany-side creeks (Coeymans/Onesquethaw/Vloman)", "receiving_water": "VLOMAN KILL, LOWER, AND TRIBS - 1301-0239", "huc8": "Middle Hudson", "design_flow_mgd": null, "actual_flow_mgd": null, "compliance_status": "No Violation Identified", "snc_status": null, "qtrs_noncompliance_12": 0, "qtrs_snc": 0, "missed_dmr_qtrs": null, "effluent_violations_3yr": 0, "pollutants_with_violation": null, "limited_pollutants": null, "dmr_pounds_yr": null, "dmr_toxic_weighted_lb": null, "penalties_usd": 0, "formal_actions_5yr": null, "informal_actions_5yr": 0, "inspections_5yr": 0, "last_inspection": null, "receiving_water_impaired": null, "impairment_causes": null, "sic": null, "naics": null, "permit_expires": "01/28/2030", "km_from_ref": 26.8, "in_echo_search_list": null, "dfr_url": "https://echo.epa.gov/detailed-facility-report?fid=NYR11P512&sys=ICP", "watchlist_note": null}}, {"type": "Feature", "geometry": {"type": "Point", "coordinates": [-74.25403, 42.30735]}, "properties": {"npdes_id": "NYR11M924", "facility": "WINDHAM ASHLAND JEWITT CSD 2022 CAPITAL IMPROVEMENTS", "city": "WINDHAM", "county": null, "tier": "construction stormwater GP", "permit_type": "General Permit Covered Facility", "major_minor": "N", "permit_status": "Effective", "transect": "Schoharie Creek basin", "receiving_water": "BATAVIA KILL", "huc8": "Schoharie", "design_flow_mgd": null, "actual_flow_mgd": null, "compliance_status": "No Violation Identified", "snc_status": null, "qtrs_noncompliance_12": 0, "qtrs_snc": 0, "missed_dmr_qtrs": null, "effluent_violations_3yr": 0, "pollutants_with_violation": null, "limited_pollutants": null, "dmr_pounds_yr": null, "dmr_toxic_weighted_lb": null, "penalties_usd": 0, "formal_actions_5yr": null, "informal_actions_5yr": 0, "inspections_5yr": 0, "last_inspection": null, "receiving_water_impaired": null, "impairment_causes": null, "sic": null, "naics": null, "permit_expires": "01/28/2030", "km_from_ref": 24.7, "in_echo_search_list": null, "dfr_url": "https://echo.epa.gov/detailed-facility-report?fid=NYR11M924&sys=ICP", "watchlist_note": null}}, {"type": "Feature", "geometry": {"type": "Point", "coordinates": [-73.834991, 42.565267]}, "properties": {"npdes_id": "NYR11P368", "facility": "SOUTH ALBANY AIRPORT SRE BUILDING", "city": "SELKIRK", "county": null, "tier": "construction stormwater GP", "permit_type": "General Permit Covered Facility", "major_minor": "N", "permit_status": "Effective", "transect": "Albany-side creeks (Coeymans/Onesquethaw/Vloman)", "receiving_water": "COEYMANS CREEK AND MINOR TRIBS - 1301-0095", "huc8": "Middle Hudson", "design_flow_mgd": null, "actual_flow_mgd": null, "compliance_status": "No Violation Identified", "snc_status": null, "qtrs_noncompliance_12": 0, "qtrs_snc": 0, "missed_dmr_qtrs": null, "effluent_violations_3yr": 0, "pollutants_with_violation": null, "limited_pollutants": null, "dmr_pounds_yr": null, "dmr_toxic_weighted_lb": null, "penalties_usd": 0, "formal_actions_5yr": null, "informal_actions_5yr": 0, "inspections_5yr": 0, "last_inspection": null, "receiving_water_impaired": null, "impairment_causes": null, "sic": null, "naics": null, "permit_expires": "01/28/2030", "km_from_ref": 26.0, "in_echo_search_list": null, "dfr_url": "https://echo.epa.gov/detailed-facility-report?fid=NYR11P368&sys=ICP", "watchlist_note": null}}, {"type": "Feature", "geometry": {"type": "Point", "coordinates": [-73.834991, 42.565267]}, "properties": {"npdes_id": "NYR10Z502", "facility": "SOUTH ALBANY FUEL FARM AND APRON IMPROVEMENTS", "city": "SELKIRK", "county": null, "tier": "construction stormwater GP", "permit_type": "General Permit Covered Facility", "major_minor": "N", "permit_status": "Effective", "transect": "Albany-side creeks (Coeymans/Onesquethaw/Vloman)", "receiving_water": "UNIDENTIFIED TRIBUTARY TO COEYMANS CREEK", "huc8": "Middle Hudson", "design_flow_mgd": null, "actual_flow_mgd": null, "compliance_status": "No Violation Identified", "snc_status": null, "qtrs_noncompliance_12": 0, "qtrs_snc": 0, "missed_dmr_qtrs": null, "effluent_violations_3yr": 0, "pollutants_with_violation": null, "limited_pollutants": null, "dmr_pounds_yr": null, "dmr_toxic_weighted_lb": null, "penalties_usd": 0, "formal_actions_5yr": null, "informal_actions_5yr": 0, "inspections_5yr": 0, "last_inspection": null, "receiving_water_impaired": null, "impairment_causes": null, "sic": null, "naics": null, "permit_expires": "01/28/2030", "km_from_ref": 26.0, "in_echo_search_list": null, "dfr_url": "https://echo.epa.gov/detailed-facility-report?fid=NYR10Z502&sys=ICP", "watchlist_note": null}}, {"type": "Feature", "geometry": {"type": "Point", "coordinates": [-73.83332, 42.56551]}, "properties": {"npdes_id": "NYR11N910", "facility": "OPERATIONS AND VEHICLE PROCESSING CENTER", "city": "SELKIRK", "county": null, "tier": "construction stormwater GP", "permit_type": "General Permit Covered Facility", "major_minor": "N", "permit_status": "Effective", "transect": "Albany-side creeks (Coeymans/Onesquethaw/Vloman)", "receiving_water": "VLOMAN KILL, LOWER, AND TRIBS", "huc8": "Middle Hudson", "design_flow_mgd": null, "actual_flow_mgd": null, "compliance_status": "No Violation Identified", "snc_status": null, "qtrs_noncompliance_12": 0, "qtrs_snc": 0, "missed_dmr_qtrs": null, "effluent_violations_3yr": 0, "pollutants_with_violation": null, "limited_pollutants": null, "dmr_pounds_yr": null, "dmr_toxic_weighted_lb": null, "penalties_usd": 0, "formal_actions_5yr": null, "informal_actions_5yr": 0, "inspections_5yr": 0, "last_inspection": null, "receiving_water_impaired": null, "impairment_causes": null, "sic": null, "naics": null, "permit_expires": "01/28/2030", "km_from_ref": 26.1, "in_echo_search_list": null, "dfr_url": "https://echo.epa.gov/detailed-facility-report?fid=NYR11N910&sys=ICP", "watchlist_note": null}}, {"type": "Feature", "geometry": {"type": "Point", "coordinates": [-73.89429, 42.60817]}, "properties": {"npdes_id": "NYR11Q942", "facility": "PROVIDE ADDITION AND WILDLIFE TISSUE DIGESTER", "city": "DELMAR", "county": null, "tier": "construction stormwater GP", "permit_type": "General Permit Covered Facility", "major_minor": "N", "permit_status": "Effective", "transect": "other / Albany metro", "receiving_water": "VOLMAN KILL", "huc8": "Middle Hudson", "design_flow_mgd": null, "actual_flow_mgd": null, "compliance_status": "No Violation Identified", "snc_status": null, "qtrs_noncompliance_12": 0, "qtrs_snc": 0, "missed_dmr_qtrs": null, "effluent_violations_3yr": 0, "pollutants_with_violation": null, "limited_pollutants": null, "dmr_pounds_yr": null, "dmr_toxic_weighted_lb": null, "penalties_usd": 0, "formal_actions_5yr": null, "informal_actions_5yr": 0, "inspections_5yr": 0, "last_inspection": null, "receiving_water_impaired": null, "impairment_causes": null, "sic": null, "naics": null, "permit_expires": "01/28/2030", "km_from_ref": 23.0, "in_echo_search_list": null, "dfr_url": "https://echo.epa.gov/detailed-facility-report?fid=NYR11Q942&sys=ICP", "watchlist_note": null}}, {"type": "Feature", "geometry": {"type": "Point", "coordinates": [-73.805851, 42.533958]}, "properties": {"npdes_id": "NYR11N754", "facility": "US ROUTE 9W OVER CSX/CP RAILROAD BRIDGE REPLACEMENT", "city": "BETHLEHEM", "county": null, "tier": "construction stormwater GP", "permit_type": "General Permit Covered Facility", "major_minor": "N", "permit_status": "Effective", "transect": "Albany-side creeks (Coeymans/Onesquethaw/Vloman)", "receiving_water": "COEYMANS CREEK TO THE HUDSON RIVER", "huc8": "Middle Hudson", "design_flow_mgd": null, "actual_flow_mgd": null, "compliance_status": "No Violation Identified", "snc_status": null, "qtrs_noncompliance_12": 0, "qtrs_snc": 0, "missed_dmr_qtrs": null, "effluent_violations_3yr": 0, "pollutants_with_violation": null, "limited_pollutants": null, "dmr_pounds_yr": null, "dmr_toxic_weighted_lb": null, "penalties_usd": 0, "formal_actions_5yr": null, "informal_actions_5yr": 0, "inspections_5yr": 0, "last_inspection": null, "receiving_water_impaired": null, "impairment_causes": null, "sic": null, "naics": null, "permit_expires": "01/28/2030", "km_from_ref": 27.9, "in_echo_search_list": null, "dfr_url": "https://echo.epa.gov/detailed-facility-report?fid=NYR11N754&sys=ICP", "watchlist_note": null}}, {"type": "Feature", "geometry": {"type": "Point", "coordinates": [-74.256, 42.303]}, "properties": {"npdes_id": "NYR11N870", "facility": "WINDHAM MOUNTAIN CLUB - RESIDENTIAL DEVELOPMENT", "city": "WINDHAM", "county": null, "tier": "construction stormwater GP", "permit_type": "General Permit Covered Facility", "major_minor": "N", "permit_status": "Effective", "transect": "other / Albany metro", "receiving_water": "UNNAMED TRIBUTARIES AND FEDERAL WETLANDS", "huc8": "Schoharie", "design_flow_mgd": null, "actual_flow_mgd": null, "compliance_status": "No Violation Identified", "snc_status": null, "qtrs_noncompliance_12": 0, "qtrs_snc": 0, "missed_dmr_qtrs": null, "effluent_violations_3yr": 0, "pollutants_with_violation": null, "limited_pollutants": null, "dmr_pounds_yr": null, "dmr_toxic_weighted_lb": null, "penalties_usd": 0, "formal_actions_5yr": null, "informal_actions_5yr": 0, "inspections_5yr": 0, "last_inspection": null, "receiving_water_impaired": null, "impairment_causes": null, "sic": null, "naics": null, "permit_expires": "01/28/2030", "km_from_ref": 25.2, "in_echo_search_list": null, "dfr_url": "https://echo.epa.gov/detailed-facility-report?fid=NYR11N870&sys=ICP", "watchlist_note": null}}, {"type": "Feature", "geometry": {"type": "Point", "coordinates": [-74.264185, 42.308626]}, "properties": {"npdes_id": "NYR11K189", "facility": "RED ROCK ROAD DEVELOPMENT", "city": "WINDHAM", "county": null, "tier": "construction stormwater GP", "permit_type": "General Permit Covered Facility", "major_minor": "N", "permit_status": "Effective", "transect": "Schoharie Creek basin", "receiving_water": "BATAVIA KILL", "huc8": "Schoharie", "design_flow_mgd": null, "actual_flow_mgd": null, "compliance_status": "No Violation Identified", "snc_status": null, "qtrs_noncompliance_12": 0, "qtrs_snc": 0, "missed_dmr_qtrs": null, "effluent_violations_3yr": 0, "pollutants_with_violation": null, "limited_pollutants": null, "dmr_pounds_yr": null, "dmr_toxic_weighted_lb": null, "penalties_usd": 0, "formal_actions_5yr": null, "informal_actions_5yr": 0, "inspections_5yr": 0, "last_inspection": null, "receiving_water_impaired": null, "impairment_causes": null, "sic": null, "naics": null, "permit_expires": "01/28/2030", "km_from_ref": 24.9, "in_echo_search_list": null, "dfr_url": "https://echo.epa.gov/detailed-facility-report?fid=NYR11K189&sys=ICP", "watchlist_note": null}}, {"type": "Feature", "geometry": {"type": "Point", "coordinates": [-74.261186, 42.306855]}, "properties": {"npdes_id": "NYR11N864", "facility": "WINDHAM MOUNTAIN CLUB ADVENTURE CENTER", "city": "WINDHAM", "county": null, "tier": "construction stormwater GP", "permit_type": "General Permit Covered Facility", "major_minor": "N", "permit_status": "Effective", "transect": "Schoharie Creek basin", "receiving_water": "BATAVIA KILL, FEDERAL WETLANDS", "huc8": "Schoharie", "design_flow_mgd": null, "actual_flow_mgd": null, "compliance_status": "No Violation Identified", "snc_status": null, "qtrs_noncompliance_12": 0, "qtrs_snc": 0, "missed_dmr_qtrs": null, "effluent_violations_3yr": 0, "pollutants_with_violation": null, "limited_pollutants": null, "dmr_pounds_yr": null, "dmr_toxic_weighted_lb": null, "penalties_usd": 0, "formal_actions_5yr": null, "informal_actions_5yr": 0, "inspections_5yr": 0, "last_inspection": null, "receiving_water_impaired": null, "impairment_causes": null, "sic": null, "naics": null, "permit_expires": "01/28/2030", "km_from_ref": 25.0, "in_echo_search_list": null, "dfr_url": "https://echo.epa.gov/detailed-facility-report?fid=NYR11N864&sys=ICP", "watchlist_note": null}}, {"type": "Feature", "geometry": {"type": "Point", "coordinates": [-73.80002, 42.53396]}, "properties": {"npdes_id": "NYR11P724", "facility": "196 MAPLE AVENUE - REDEVELOPMENT", "city": "SELKIRK", "county": null, "tier": "construction stormwater GP", "permit_type": "General Permit Covered Facility", "major_minor": "N", "permit_status": "Effective", "transect": "other / Albany metro", "receiving_water": "ADJACENT WETLAND", "huc8": "Middle Hudson", "design_flow_mgd": null, "actual_flow_mgd": null, "compliance_status": "No Violation Identified", "snc_status": null, "qtrs_noncompliance_12": 0, "qtrs_snc": 0, "missed_dmr_qtrs": null, "effluent_violations_3yr": 0, "pollutants_with_violation": null, "limited_pollutants": null, "dmr_pounds_yr": null, "dmr_toxic_weighted_lb": null, "penalties_usd": 0, "formal_actions_5yr": null, "informal_actions_5yr": 0, "inspections_5yr": 0, "last_inspection": null, "receiving_water_impaired": "Y", "impairment_causes": "DISSOLVED OXYGEN | FECAL COLIFORM | PHOSPHORUS", "sic": null, "naics": null, "permit_expires": "01/28/2030", "km_from_ref": 28.3, "in_echo_search_list": null, "dfr_url": "https://echo.epa.gov/detailed-facility-report?fid=NYR11P724&sys=ICP", "watchlist_note": null}}, {"type": "Feature", "geometry": {"type": "Point", "coordinates": [-73.79553, 42.35061]}, "properties": {"npdes_id": "NYR11K519", "facility": "SOUTH RIVER STREET REDEVELOPMENT", "city": "COXSACKIE", "county": null, "tier": "construction stormwater GP", "permit_type": "General Permit Covered Facility", "major_minor": "N", "permit_status": "Effective", "transect": "Hudson mainstem", "receiving_water": "HUDSON RIVER", "huc8": "Middle Hudson", "design_flow_mgd": null, "actual_flow_mgd": null, "compliance_status": "No Violation Identified", "snc_status": null, "qtrs_noncompliance_12": 0, "qtrs_snc": 0, "missed_dmr_qtrs": null, "effluent_violations_3yr": 0, "pollutants_with_violation": null, "limited_pollutants": null, "dmr_pounds_yr": null, "dmr_toxic_weighted_lb": null, "penalties_usd": 0, "formal_actions_5yr": null, "informal_actions_5yr": 0, "inspections_5yr": 0, "last_inspection": null, "receiving_water_impaired": "Y", "impairment_causes": "POLYCHLORINATED BIPHENYLS (PCBS)", "sic": null, "naics": null, "permit_expires": "01/28/2030", "km_from_ref": 33.9, "in_echo_search_list": null, "dfr_url": "https://echo.epa.gov/detailed-facility-report?fid=NYR11K519&sys=ICP", "watchlist_note": null}}, {"type": "Feature", "geometry": {"type": "Point", "coordinates": [-73.90481, 42.62193]}, "properties": {"npdes_id": "NYR11Q588", "facility": "362 NEW SCOTLAND SOUTH ROAD", "city": "SLINGERLANDS", "county": null, "tier": "construction stormwater GP", "permit_type": "General Permit Covered Facility", "major_minor": "N", "permit_status": "Effective", "transect": "other / Albany metro", "receiving_water": null, "huc8": "Middle Hudson", "design_flow_mgd": null, "actual_flow_mgd": null, "compliance_status": "No Violation Identified", "snc_status": null, "qtrs_noncompliance_12": 0, "qtrs_snc": 0, "missed_dmr_qtrs": null, "effluent_violations_3yr": 0, "pollutants_with_violation": null, "limited_pollutants": null, "dmr_pounds_yr": null, "dmr_toxic_weighted_lb": null, "penalties_usd": 0, "formal_actions_5yr": null, "informal_actions_5yr": 0, "inspections_5yr": 0, "last_inspection": null, "receiving_water_impaired": null, "impairment_causes": null, "sic": null, "naics": null, "permit_expires": "01/28/2030", "km_from_ref": 23.0, "in_echo_search_list": null, "dfr_url": "https://echo.epa.gov/detailed-facility-report?fid=NYR11Q588&sys=ICP", "watchlist_note": null}}, {"type": "Feature", "geometry": {"type": "Point", "coordinates": [-73.85516, 42.28355]}, "properties": {"npdes_id": "NYR11K879", "facility": "CHAMPLAIN HUDSON POWER EXPRESS SEGMENT 10 - PACKAGE 6 - COXSACKIE LAYDOWN YARD", "city": "ATHENS", "county": null, "tier": "construction stormwater GP", "permit_type": "General Permit Covered Facility", "major_minor": "N", "permit_status": "Effective", "transect": "other / Albany metro", "receiving_water": "MURDERS CREEK AND TRIBUTARIES", "huc8": "Middle Hudson", "design_flow_mgd": null, "actual_flow_mgd": null, "compliance_status": "No Violation Identified", "snc_status": null, "qtrs_noncompliance_12": 0, "qtrs_snc": 0, "missed_dmr_qtrs": null, "effluent_violations_3yr": 0, "pollutants_with_violation": null, "limited_pollutants": null, "dmr_pounds_yr": null, "dmr_toxic_weighted_lb": null, "penalties_usd": 0, "formal_actions_5yr": null, "informal_actions_5yr": 0, "inspections_5yr": 0, "last_inspection": null, "receiving_water_impaired": null, "impairment_causes": null, "sic": null, "naics": null, "permit_expires": "01/28/2030", "km_from_ref": 35.0, "in_echo_search_list": null, "dfr_url": "https://echo.epa.gov/detailed-facility-report?fid=NYR11K879&sys=ICP", "watchlist_note": null}}, {"type": "Feature", "geometry": {"type": "Point", "coordinates": [-73.81611, 42.564782]}, "properties": {"npdes_id": "NYR11N760", "facility": "HOF SOLAR", "city": "BETHLEHEM", "county": null, "tier": "construction stormwater GP", "permit_type": "General Permit Covered Facility", "major_minor": "N", "permit_status": "Effective", "transect": "other / Albany metro", "receiving_water": "ON-SITE FEDERAL WETLANDS", "huc8": "Middle Hudson", "design_flow_mgd": null, "actual_flow_mgd": null, "compliance_status": "No Violation Identified", "snc_status": null, "qtrs_noncompliance_12": 0, "qtrs_snc": 0, "missed_dmr_qtrs": null, "effluent_violations_3yr": 0, "pollutants_with_violation": null, "limited_pollutants": null, "dmr_pounds_yr": null, "dmr_toxic_weighted_lb": null, "penalties_usd": 0, "formal_actions_5yr": null, "informal_actions_5yr": 0, "inspections_5yr": 0, "last_inspection": null, "receiving_water_impaired": null, "impairment_causes": null, "sic": null, "naics": null, "permit_expires": "01/28/2030", "km_from_ref": 27.5, "in_echo_search_list": null, "dfr_url": "https://echo.epa.gov/detailed-facility-report?fid=NYR11N760&sys=ICP", "watchlist_note": null}}, {"type": "Feature", "geometry": {"type": "Point", "coordinates": [-73.882341, 42.614269]}, "properties": {"npdes_id": "NYR11R282", "facility": "SINGLE LOT RESIDENTIAL DEVELOPMENT - 34 CAPRICORN LN.", "city": "DELMAR", "county": null, "tier": "construction stormwater GP", "permit_type": "General Permit Covered Facility", "major_minor": "N", "permit_status": "Effective", "transect": "other / Albany metro", "receiving_water": "PHILIPIN KILL CREEK", "huc8": "Middle Hudson", "design_flow_mgd": null, "actual_flow_mgd": null, "compliance_status": "No Violation Identified", "snc_status": null, "qtrs_noncompliance_12": 0, "qtrs_snc": 0, "missed_dmr_qtrs": null, "effluent_violations_3yr": 0, "pollutants_with_violation": null, "limited_pollutants": null, "dmr_pounds_yr": null, "dmr_toxic_weighted_lb": null, "penalties_usd": 0, "formal_actions_5yr": null, "informal_actions_5yr": 0, "inspections_5yr": 0, "last_inspection": null, "receiving_water_impaired": null, "impairment_causes": null, "sic": null, "naics": null, "permit_expires": "01/28/2030", "km_from_ref": 24.2, "in_echo_search_list": null, "dfr_url": "https://echo.epa.gov/detailed-facility-report?fid=NYR11R282&sys=ICP", "watchlist_note": null}}, {"type": "Feature", "geometry": {"type": "Point", "coordinates": [-73.882172, 42.615115]}, "properties": {"npdes_id": "NYR10R103", "facility": "MYSTIC WOODS", "city": "BETHLEHEM", "county": null, "tier": "construction stormwater GP", "permit_type": "General Permit Covered Facility", "major_minor": "N", "permit_status": "Effective", "transect": "other / Albany metro", "receiving_water": "TRIBUTARY ON PHILLIPIN KILL", "huc8": "Middle Hudson", "design_flow_mgd": null, "actual_flow_mgd": null, "compliance_status": "No Violation Identified", "snc_status": null, "qtrs_noncompliance_12": 0, "qtrs_snc": 0, "missed_dmr_qtrs": null, "effluent_violations_3yr": 0, "pollutants_with_violation": null, "limited_pollutants": null, "dmr_pounds_yr": null, "dmr_toxic_weighted_lb": null, "penalties_usd": 0, "formal_actions_5yr": null, "informal_actions_5yr": 0, "inspections_5yr": 0, "last_inspection": null, "receiving_water_impaired": null, "impairment_causes": null, "sic": null, "naics": null, "permit_expires": "01/28/2030", "km_from_ref": 24.2, "in_echo_search_list": null, "dfr_url": "https://echo.epa.gov/detailed-facility-report?fid=NYR10R103&sys=ICP", "watchlist_note": null}}, {"type": "Feature", "geometry": {"type": "Point", "coordinates": [-73.794368, 42.544307]}, "properties": {"npdes_id": "NYR11I412", "facility": "BEAVER DAM SOLAR 1, LLC", "city": "BETHLEHEM", "county": null, "tier": "construction stormwater GP", "permit_type": "General Permit Covered Facility", "major_minor": "N", "permit_status": "Effective", "transect": "Albany-side creeks (Coeymans/Onesquethaw/Vloman)", "receiving_water": "VLOMAN KILL", "huc8": "Middle Hudson", "design_flow_mgd": null, "actual_flow_mgd": null, "compliance_status": "No Violation Identified", "snc_status": null, "qtrs_noncompliance_12": 0, "qtrs_snc": 0, "missed_dmr_qtrs": null, "effluent_violations_3yr": 0, "pollutants_with_violation": null, "limited_pollutants": null, "dmr_pounds_yr": null, "dmr_toxic_weighted_lb": null, "penalties_usd": 0, "formal_actions_5yr": null, "informal_actions_5yr": 0, "inspections_5yr": 0, "last_inspection": null, "receiving_water_impaired": null, "impairment_causes": null, "sic": null, "naics": null, "permit_expires": "01/28/2030", "km_from_ref": 28.9, "in_echo_search_list": null, "dfr_url": "https://echo.epa.gov/detailed-facility-report?fid=NYR11I412&sys=ICP", "watchlist_note": null}}, {"type": "Feature", "geometry": {"type": "Point", "coordinates": [-73.81255, 42.31464]}, "properties": {"npdes_id": "NYR11E132", "facility": "SLEEPY HOLLOW LAKE DREDGING PROJECT", "city": "COXSACKIE", "county": null, "tier": "construction stormwater GP", "permit_type": "General Permit Covered Facility", "major_minor": "N", "permit_status": "Effective", "transect": "other / Albany metro", "receiving_water": "SLEEPY HOLLOW LAKE, MURDERERS CREEK", "huc8": "Middle Hudson", "design_flow_mgd": null, "actual_flow_mgd": null, "compliance_status": "No Violation Identified", "snc_status": null, "qtrs_noncompliance_12": 0, "qtrs_snc": 0, "missed_dmr_qtrs": null, "effluent_violations_3yr": 0, "pollutants_with_violation": null, "limited_pollutants": null, "dmr_pounds_yr": null, "dmr_toxic_weighted_lb": null, "penalties_usd": 0, "formal_actions_5yr": null, "informal_actions_5yr": 0, "inspections_5yr": 0, "last_inspection": null, "receiving_water_impaired": null, "impairment_causes": null, "sic": null, "naics": null, "permit_expires": "01/28/2030", "km_from_ref": 35.2, "in_echo_search_list": null, "dfr_url": "https://echo.epa.gov/detailed-facility-report?fid=NYR11E132&sys=ICP", "watchlist_note": null}}, {"type": "Feature", "geometry": {"type": "Point", "coordinates": [-73.84362, 42.28706]}, "properties": {"npdes_id": "NYR11R358", "facility": "ATHENS COMPRESSOR STATION", "city": "ATHENS", "county": null, "tier": "construction stormwater GP", "permit_type": "General Permit Covered Facility", "major_minor": "N", "permit_status": "Effective", "transect": "other / Albany metro", "receiving_water": "MURDERS CREEK AND TRIBS", "huc8": "Middle Hudson", "design_flow_mgd": null, "actual_flow_mgd": null, "compliance_status": "No Violation Identified", "snc_status": null, "qtrs_noncompliance_12": 0, "qtrs_snc": 0, "missed_dmr_qtrs": null, "effluent_violations_3yr": 0, "pollutants_with_violation": null, "limited_pollutants": null, "dmr_pounds_yr": null, "dmr_toxic_weighted_lb": null, "penalties_usd": 0, "formal_actions_5yr": null, "informal_actions_5yr": 0, "inspections_5yr": 0, "last_inspection": null, "receiving_water_impaired": null, "impairment_causes": null, "sic": null, "naics": null, "permit_expires": "01/28/2030", "km_from_ref": 35.4, "in_echo_search_list": null, "dfr_url": "https://echo.epa.gov/detailed-facility-report?fid=NYR11R358&sys=ICP", "watchlist_note": null}}, {"type": "Feature", "geometry": {"type": "Point", "coordinates": [-73.868541, 42.61335]}, "properties": {"npdes_id": "NYR11A393", "facility": "DELMAR POINTE", "city": "DELMAR", "county": "Albany", "tier": "construction stormwater GP", "permit_type": "General Permit Covered Facility", "major_minor": "N", "permit_status": "Effective", "transect": "other / Albany metro", "receiving_water": "FEDERAL WETLANDS & TRIBUTARY TO PHILIPIN", "huc8": "Middle Hudson", "design_flow_mgd": null, "actual_flow_mgd": null, "compliance_status": "No Violation Identified", "snc_status": null, "qtrs_noncompliance_12": 0, "qtrs_snc": 0, "missed_dmr_qtrs": null, "effluent_violations_3yr": 0, "pollutants_with_violation": null, "limited_pollutants": null, "dmr_pounds_yr": null, "dmr_toxic_weighted_lb": null, "penalties_usd": 0, "formal_actions_5yr": null, "informal_actions_5yr": 0, "inspections_5yr": 0, "last_inspection": null, "receiving_water_impaired": null, "impairment_causes": null, "sic": null, "naics": null, "permit_expires": "01/28/2030", "km_from_ref": 25.1, "in_echo_search_list": null, "dfr_url": "https://echo.epa.gov/detailed-facility-report?fid=NYR11A393&sys=ICP", "watchlist_note": null}}, {"type": "Feature", "geometry": {"type": "Point", "coordinates": [-73.81204, 42.57316]}, "properties": {"npdes_id": "NYR11M952", "facility": "CARRIAGE HILL SUBDIVISION - 55 BRIDLE PATH", "city": "BETHLEHEM", "county": null, "tier": "construction stormwater GP", "permit_type": "General Permit Covered Facility", "major_minor": "N", "permit_status": "Effective", "transect": "other / Albany metro", "receiving_water": "UNNAMED FEDERAL WETLAND", "huc8": "Middle Hudson", "design_flow_mgd": null, "actual_flow_mgd": null, "compliance_status": "No Violation Identified", "snc_status": null, "qtrs_noncompliance_12": 0, "qtrs_snc": 0, "missed_dmr_qtrs": null, "effluent_violations_3yr": 0, "pollutants_with_violation": null, "limited_pollutants": null, "dmr_pounds_yr": null, "dmr_toxic_weighted_lb": null, "penalties_usd": 0, "formal_actions_5yr": null, "informal_actions_5yr": 0, "inspections_5yr": 0, "last_inspection": null, "receiving_water_impaired": null, "impairment_causes": null, "sic": null, "naics": null, "permit_expires": "01/28/2030", "km_from_ref": 28.0, "in_echo_search_list": null, "dfr_url": "https://echo.epa.gov/detailed-facility-report?fid=NYR11M952&sys=ICP", "watchlist_note": null}}, {"type": "Feature", "geometry": {"type": "Point", "coordinates": [-73.817419, 42.57847]}, "properties": {"npdes_id": "NYR10U278", "facility": "ELM AVENUE EAST RESIDENTIAL DEVELOPMENT", "city": "BETHLEHEM", "county": null, "tier": "construction stormwater GP", "permit_type": "General Permit Covered Facility", "major_minor": "N", "permit_status": "Effective", "transect": "other / Albany metro", "receiving_water": "DOWEIS KIII", "huc8": "Middle Hudson", "design_flow_mgd": null, "actual_flow_mgd": null, "compliance_status": "No Violation Identified", "snc_status": null, "qtrs_noncompliance_12": 0, "qtrs_snc": 0, "missed_dmr_qtrs": null, "effluent_violations_3yr": 0, "pollutants_with_violation": null, "limited_pollutants": null, "dmr_pounds_yr": null, "dmr_toxic_weighted_lb": null, "penalties_usd": 0, "formal_actions_5yr": null, "informal_actions_5yr": 0, "inspections_5yr": 0, "last_inspection": null, "receiving_water_impaired": null, "impairment_causes": null, "sic": null, "naics": null, "permit_expires": "01/28/2030", "km_from_ref": 27.7, "in_echo_search_list": null, "dfr_url": "https://echo.epa.gov/detailed-facility-report?fid=NYR10U278&sys=ICP", "watchlist_note": null}}, {"type": "Feature", "geometry": {"type": "Point", "coordinates": [-73.941683, 42.646037]}, "properties": {"npdes_id": "NYR11M735", "facility": "SERENITY SUBDIVISION", "city": "VOORHEESVILLE", "county": null, "tier": "construction stormwater GP", "permit_type": "General Permit Covered Facility", "major_minor": "N", "permit_status": "Effective", "transect": "other / Albany metro", "receiving_water": "VLY CREEK", "huc8": "Middle Hudson", "design_flow_mgd": null, "actual_flow_mgd": null, "compliance_status": "No Violation Identified", "snc_status": null, "qtrs_noncompliance_12": 0, "qtrs_snc": 0, "missed_dmr_qtrs": null, "effluent_violations_3yr": 0, "pollutants_with_violation": null, "limited_pollutants": null, "dmr_pounds_yr": null, "dmr_toxic_weighted_lb": null, "penalties_usd": 0, "formal_actions_5yr": null, "informal_actions_5yr": 0, "inspections_5yr": 0, "last_inspection": null, "receiving_water_impaired": null, "impairment_causes": null, "sic": null, "naics": null, "permit_expires": "01/28/2030", "km_from_ref": 22.1, "in_echo_search_list": null, "dfr_url": "https://echo.epa.gov/detailed-facility-report?fid=NYR11M735&sys=ICP", "watchlist_note": null}}, {"type": "Feature", "geometry": {"type": "Point", "coordinates": [-73.89976, 42.63198]}, "properties": {"npdes_id": "NYR11D866", "facility": "MIXED USE DEVELOPMENT", "city": "SLINGERLANDS", "county": null, "tier": "construction stormwater GP", "permit_type": "General Permit Covered Facility", "major_minor": "N", "permit_status": "Effective", "transect": "other / Albany metro", "receiving_water": "UNNAMED TRIBUTARY OF THE PHILLIPIN KILL", "huc8": "Middle Hudson", "design_flow_mgd": null, "actual_flow_mgd": null, "compliance_status": "No Violation Identified", "snc_status": null, "qtrs_noncompliance_12": 0, "qtrs_snc": 0, "missed_dmr_qtrs": null, "effluent_violations_3yr": 0, "pollutants_with_violation": null, "limited_pollutants": null, "dmr_pounds_yr": null, "dmr_toxic_weighted_lb": null, "penalties_usd": 0, "formal_actions_5yr": null, "informal_actions_5yr": 0, "inspections_5yr": 0, "last_inspection": null, "receiving_water_impaired": null, "impairment_causes": null, "sic": null, "naics": null, "permit_expires": "01/28/2030", "km_from_ref": 23.9, "in_echo_search_list": null, "dfr_url": "https://echo.epa.gov/detailed-facility-report?fid=NYR11D866&sys=ICP", "watchlist_note": null}}, {"type": "Feature", "geometry": {"type": "Point", "coordinates": [-73.807064, 42.57216]}, "properties": {"npdes_id": "NYR11P329", "facility": "JERICHO ACRES", "city": "BETHLEHEM", "county": null, "tier": "construction stormwater GP", "permit_type": "General Permit Covered Facility", "major_minor": "N", "permit_status": "Effective", "transect": "other / Albany metro", "receiving_water": "DOWERS KILL", "huc8": "Middle Hudson", "design_flow_mgd": null, "actual_flow_mgd": null, "compliance_status": "No Violation Identified", "snc_status": null, "qtrs_noncompliance_12": 0, "qtrs_snc": 0, "missed_dmr_qtrs": null, "effluent_violations_3yr": 0, "pollutants_with_violation": null, "limited_pollutants": null, "dmr_pounds_yr": null, "dmr_toxic_weighted_lb": null, "penalties_usd": 0, "formal_actions_5yr": null, "informal_actions_5yr": 0, "inspections_5yr": 0, "last_inspection": null, "receiving_water_impaired": null, "impairment_causes": null, "sic": null, "naics": null, "permit_expires": "01/28/2030", "km_from_ref": 28.4, "in_echo_search_list": null, "dfr_url": "https://echo.epa.gov/detailed-facility-report?fid=NYR11P329&sys=ICP", "watchlist_note": null}}, {"type": "Feature", "geometry": {"type": "Point", "coordinates": [-73.807064, 42.57216]}, "properties": {"npdes_id": "NYR11R470", "facility": "JERICHO ACRES", "city": "BETHLEHEM", "county": null, "tier": "construction stormwater GP", "permit_type": "General Permit Covered Facility", "major_minor": "N", "permit_status": "Effective", "transect": "other / Albany metro", "receiving_water": "UNNAMED WETLAND", "huc8": "Middle Hudson", "design_flow_mgd": null, "actual_flow_mgd": null, "compliance_status": "No Violation Identified", "snc_status": null, "qtrs_noncompliance_12": 0, "qtrs_snc": 0, "missed_dmr_qtrs": null, "effluent_violations_3yr": 0, "pollutants_with_violation": null, "limited_pollutants": null, "dmr_pounds_yr": null, "dmr_toxic_weighted_lb": null, "penalties_usd": 0, "formal_actions_5yr": null, "informal_actions_5yr": 0, "inspections_5yr": 0, "last_inspection": null, "receiving_water_impaired": null, "impairment_causes": null, "sic": null, "naics": null, "permit_expires": "01/28/2030", "km_from_ref": 28.4, "in_echo_search_list": null, "dfr_url": "https://echo.epa.gov/detailed-facility-report?fid=NYR11R470&sys=ICP", "watchlist_note": null}}, {"type": "Feature", "geometry": {"type": "Point", "coordinates": [-73.804785, 42.568493]}, "properties": {"npdes_id": "NYR11K812", "facility": "SELKIRK RESERVE", "city": "BETHLEHEM", "county": null, "tier": "construction stormwater GP", "permit_type": "General Permit Covered Facility", "major_minor": "N", "permit_status": "Effective", "transect": "other / Albany metro", "receiving_water": "DOWERS KILL", "huc8": "Middle Hudson", "design_flow_mgd": null, "actual_flow_mgd": null, "compliance_status": "No Violation Identified", "snc_status": null, "qtrs_noncompliance_12": 0, "qtrs_snc": 0, "missed_dmr_qtrs": null, "effluent_violations_3yr": 0, "pollutants_with_violation": null, "limited_pollutants": null, "dmr_pounds_yr": null, "dmr_toxic_weighted_lb": null, "penalties_usd": 0, "formal_actions_5yr": null, "informal_actions_5yr": 0, "inspections_5yr": 0, "last_inspection": null, "receiving_water_impaired": null, "impairment_causes": null, "sic": null, "naics": null, "permit_expires": "01/28/2030", "km_from_ref": 28.5, "in_echo_search_list": null, "dfr_url": "https://echo.epa.gov/detailed-facility-report?fid=NYR11K812&sys=ICP", "watchlist_note": null}}, {"type": "Feature", "geometry": {"type": "Point", "coordinates": [-73.834762, 42.59614]}, "properties": {"npdes_id": "NYR11N722", "facility": "SINGLE FAMILY ELM AVE", "city": "DELMAR", "county": null, "tier": "construction stormwater GP", "permit_type": "General Permit Covered Facility", "major_minor": "N", "permit_status": "Effective", "transect": "other / Albany metro", "receiving_water": "DOWERSKILL", "huc8": "Middle Hudson", "design_flow_mgd": null, "actual_flow_mgd": null, "compliance_status": "No Violation Identified", "snc_status": null, "qtrs_noncompliance_12": 0, "qtrs_snc": 0, "missed_dmr_qtrs": null, "effluent_violations_3yr": 0, "pollutants_with_violation": null, "limited_pollutants": null, "dmr_pounds_yr": null, "dmr_toxic_weighted_lb": null, "penalties_usd": 0, "formal_actions_5yr": null, "informal_actions_5yr": 0, "inspections_5yr": 0, "last_inspection": null, "receiving_water_impaired": null, "impairment_causes": null, "sic": null, "naics": null, "permit_expires": "01/28/2030", "km_from_ref": 27.0, "in_echo_search_list": null, "dfr_url": "https://echo.epa.gov/detailed-facility-report?fid=NYR11N722&sys=ICP", "watchlist_note": null}}, {"type": "Feature", "geometry": {"type": "Point", "coordinates": [-73.851574, 42.60778]}, "properties": {"npdes_id": "NYR11J675", "facility": "VAN DYKE SPINNEY PHASES 3 & 4 SITE PLAN", "city": "BETHLEHEM", "county": "Albany", "tier": "construction stormwater GP", "permit_type": "General Permit Covered Facility", "major_minor": "N", "permit_status": "Effective", "transect": "other / Albany metro", "receiving_water": "UNNAMED FEDERAL WETLAND", "huc8": "Middle Hudson", "design_flow_mgd": null, "actual_flow_mgd": null, "compliance_status": "No Violation Identified", "snc_status": null, "qtrs_noncompliance_12": 0, "qtrs_snc": 0, "missed_dmr_qtrs": null, "effluent_violations_3yr": 0, "pollutants_with_violation": null, "limited_pollutants": null, "dmr_pounds_yr": null, "dmr_toxic_weighted_lb": null, "penalties_usd": 0, "formal_actions_5yr": null, "informal_actions_5yr": 0, "inspections_5yr": 0, "last_inspection": null, "receiving_water_impaired": null, "impairment_causes": null, "sic": null, "naics": null, "permit_expires": "01/28/2030", "km_from_ref": 26.1, "in_echo_search_list": null, "dfr_url": "https://echo.epa.gov/detailed-facility-report?fid=NYR11J675&sys=ICP", "watchlist_note": null}}, {"type": "Feature", "geometry": {"type": "Point", "coordinates": [-73.83993, 42.60119]}, "properties": {"npdes_id": "NYR11J387", "facility": "ELM AVENUE PARK MULTI-USE PATH", "city": "DELMAR", "county": "Albany", "tier": "construction stormwater GP", "permit_type": "General Permit Covered Facility", "major_minor": "N", "permit_status": "Effective", "transect": "Albany-side creeks (Coeymans/Onesquethaw/Vloman)", "receiving_water": "TRIBUTARY OF THE VLOMAN KILL", "huc8": "Middle Hudson", "design_flow_mgd": null, "actual_flow_mgd": null, "compliance_status": "No Violation Identified", "snc_status": null, "qtrs_noncompliance_12": 0, "qtrs_snc": 0, "missed_dmr_qtrs": null, "effluent_violations_3yr": 0, "pollutants_with_violation": null, "limited_pollutants": null, "dmr_pounds_yr": null, "dmr_toxic_weighted_lb": null, "penalties_usd": 0, "formal_actions_5yr": null, "informal_actions_5yr": 0, "inspections_5yr": 0, "last_inspection": null, "receiving_water_impaired": null, "impairment_causes": null, "sic": null, "naics": null, "permit_expires": "01/28/2030", "km_from_ref": 26.8, "in_echo_search_list": null, "dfr_url": "https://echo.epa.gov/detailed-facility-report?fid=NYR11J387&sys=ICP", "watchlist_note": null}}, {"type": "Feature", "geometry": {"type": "Point", "coordinates": [-74.152947, 42.227442]}, "properties": {"npdes_id": "NYR11M454", "facility": "LANDS OF LAURENT DUPRAS-BIOLEAU", "city": "TOWN OF JEWETT", "county": null, "tier": "construction stormwater GP", "permit_type": "General Permit Covered Facility", "major_minor": "N", "permit_status": "Effective", "transect": "Schoharie Creek basin", "receiving_water": "EAST KILL", "huc8": "Schoharie", "design_flow_mgd": null, "actual_flow_mgd": null, "compliance_status": "No Violation Identified", "snc_status": null, "qtrs_noncompliance_12": 0, "qtrs_snc": 0, "missed_dmr_qtrs": null, "effluent_violations_3yr": 0, "pollutants_with_violation": null, "limited_pollutants": null, "dmr_pounds_yr": null, "dmr_toxic_weighted_lb": null, "penalties_usd": 0, "formal_actions_5yr": null, "informal_actions_5yr": 0, "inspections_5yr": 0, "last_inspection": null, "receiving_water_impaired": null, "impairment_causes": null, "sic": null, "naics": null, "permit_expires": "01/28/2030", "km_from_ref": 32.0, "in_echo_search_list": null, "dfr_url": "https://echo.epa.gov/detailed-facility-report?fid=NYR11M454&sys=ICP", "watchlist_note": null}}, {"type": "Feature", "geometry": {"type": "Point", "coordinates": [-73.88549, 42.24783]}, "properties": {"npdes_id": "NYR11R080", "facility": "HAMPTON INN HOTEL", "city": "CATSKILL", "county": null, "tier": "construction stormwater GP", "permit_type": "General Permit Covered Facility", "major_minor": "N", "permit_status": "Effective", "transect": "Catskill Creek main stem", "receiving_water": "CATSKILL CREEK, MIDDLE", "huc8": "Middle Hudson", "design_flow_mgd": null, "actual_flow_mgd": null, "compliance_status": "No Violation Identified", "snc_status": null, "qtrs_noncompliance_12": 0, "qtrs_snc": 0, "missed_dmr_qtrs": null, "effluent_violations_3yr": 0, "pollutants_with_violation": null, "limited_pollutants": null, "dmr_pounds_yr": null, "dmr_toxic_weighted_lb": null, "penalties_usd": 0, "formal_actions_5yr": null, "informal_actions_5yr": 0, "inspections_5yr": 0, "last_inspection": null, "receiving_water_impaired": null, "impairment_causes": null, "sic": null, "naics": null, "permit_expires": "01/28/2030", "km_from_ref": 36.5, "in_echo_search_list": null, "dfr_url": "https://echo.epa.gov/detailed-facility-report?fid=NYR11R080&sys=ICP", "watchlist_note": null}}, {"type": "Feature", "geometry": {"type": "Point", "coordinates": [-73.82076, 42.5925]}, "properties": {"npdes_id": "NYR11B807", "facility": "NEWELL PLACE LOTS 41-49 EGMONT COURT", "city": "BETHLEHEM", "county": null, "tier": "construction stormwater GP", "permit_type": "General Permit Covered Facility", "major_minor": "N", "permit_status": "Effective", "transect": "other / Albany metro", "receiving_water": "DOWERS KILL", "huc8": "Middle Hudson", "design_flow_mgd": null, "actual_flow_mgd": null, "compliance_status": "No Violation Identified", "snc_status": null, "qtrs_noncompliance_12": 0, "qtrs_snc": 0, "missed_dmr_qtrs": null, "effluent_violations_3yr": 0, "pollutants_with_violation": null, "limited_pollutants": null, "dmr_pounds_yr": null, "dmr_toxic_weighted_lb": null, "penalties_usd": 0, "formal_actions_5yr": null, "informal_actions_5yr": 0, "inspections_5yr": 0, "last_inspection": null, "receiving_water_impaired": null, "impairment_causes": null, "sic": null, "naics": null, "permit_expires": "01/28/2030", "km_from_ref": 27.9, "in_echo_search_list": null, "dfr_url": "https://echo.epa.gov/detailed-facility-report?fid=NYR11B807&sys=ICP", "watchlist_note": null}}, {"type": "Feature", "geometry": {"type": "Point", "coordinates": [-73.82635, 42.59727]}, "properties": {"npdes_id": "NYR11C851", "facility": "STONEFIELD SUBDIVISION", "city": "BETHLEHEM", "county": null, "tier": "construction stormwater GP", "permit_type": "General Permit Covered Facility", "major_minor": "N", "permit_status": "Effective", "transect": "other / Albany metro", "receiving_water": "ACOE WETLANDS", "huc8": "Middle Hudson", "design_flow_mgd": null, "actual_flow_mgd": null, "compliance_status": "No Violation Identified", "snc_status": null, "qtrs_noncompliance_12": 0, "qtrs_snc": 0, "missed_dmr_qtrs": null, "effluent_violations_3yr": 0, "pollutants_with_violation": null, "limited_pollutants": null, "dmr_pounds_yr": null, "dmr_toxic_weighted_lb": null, "penalties_usd": 0, "formal_actions_5yr": null, "informal_actions_5yr": 0, "inspections_5yr": 0, "last_inspection": null, "receiving_water_impaired": null, "impairment_causes": null, "sic": null, "naics": null, "permit_expires": "01/28/2030", "km_from_ref": 27.6, "in_echo_search_list": null, "dfr_url": "https://echo.epa.gov/detailed-facility-report?fid=NYR11C851&sys=ICP", "watchlist_note": null}}, {"type": "Feature", "geometry": {"type": "Point", "coordinates": [-74.331851, 42.342951]}, "properties": {"npdes_id": "NYR11N105", "facility": "RNTMB, LLC", "city": "ASHLAND", "county": null, "tier": "construction stormwater GP", "permit_type": "General Permit Covered Facility", "major_minor": "N", "permit_status": "Effective", "transect": "Schoharie Creek basin", "receiving_water": "UNNAMED TRIBUARY THAT GOES TO BATAVIAKILL", "huc8": "Schoharie", "design_flow_mgd": null, "actual_flow_mgd": null, "compliance_status": "No Violation Identified", "snc_status": null, "qtrs_noncompliance_12": 0, "qtrs_snc": 0, "missed_dmr_qtrs": null, "effluent_violations_3yr": 0, "pollutants_with_violation": null, "limited_pollutants": null, "dmr_pounds_yr": null, "dmr_toxic_weighted_lb": null, "penalties_usd": 0, "formal_actions_5yr": null, "informal_actions_5yr": 0, "inspections_5yr": 0, "last_inspection": null, "receiving_water_impaired": null, "impairment_causes": null, "sic": null, "naics": null, "permit_expires": "01/28/2030", "km_from_ref": 24.5, "in_echo_search_list": null, "dfr_url": "https://echo.epa.gov/detailed-facility-report?fid=NYR11N105&sys=ICP", "watchlist_note": null}}, {"type": "Feature", "geometry": {"type": "Point", "coordinates": [-73.905837, 42.644818]}, "properties": {"npdes_id": "NYR11M019", "facility": "HILTON PARK", "city": "NEW SCOTLAND", "county": null, "tier": "construction stormwater GP", "permit_type": "General Permit Covered Facility", "major_minor": "N", "permit_status": "Effective", "transect": "other / Albany metro", "receiving_water": "FEDERAL WETLANDS", "huc8": "Middle Hudson", "design_flow_mgd": null, "actual_flow_mgd": null, "compliance_status": "No Violation Identified", "snc_status": null, "qtrs_noncompliance_12": 0, "qtrs_snc": 0, "missed_dmr_qtrs": null, "effluent_violations_3yr": 0, "pollutants_with_violation": null, "limited_pollutants": null, "dmr_pounds_yr": null, "dmr_toxic_weighted_lb": null, "penalties_usd": 0, "formal_actions_5yr": null, "informal_actions_5yr": 0, "inspections_5yr": 0, "last_inspection": null, "receiving_water_impaired": null, "impairment_causes": null, "sic": null, "naics": null, "permit_expires": "01/28/2030", "km_from_ref": 24.3, "in_echo_search_list": null, "dfr_url": "https://echo.epa.gov/detailed-facility-report?fid=NYR11M019&sys=ICP", "watchlist_note": null}}, {"type": "Feature", "geometry": {"type": "Point", "coordinates": [-73.93953, 42.65706]}, "properties": {"npdes_id": "NYR11P590", "facility": "ATLAS COPCO COMPTEC", "city": "VOORHEESVILLE", "county": "Albany", "tier": "construction stormwater GP", "permit_type": "General Permit Covered Facility", "major_minor": "N", "permit_status": "Effective", "transect": "other / Albany metro", "receiving_water": "BLACK CREEK/VLY CREEK", "huc8": "Middle Hudson", "design_flow_mgd": null, "actual_flow_mgd": null, "compliance_status": "No Violation Identified", "snc_status": null, "qtrs_noncompliance_12": 0, "qtrs_snc": 0, "missed_dmr_qtrs": null, "effluent_violations_3yr": 0, "pollutants_with_violation": null, "limited_pollutants": null, "dmr_pounds_yr": null, "dmr_toxic_weighted_lb": null, "penalties_usd": 0, "formal_actions_5yr": null, "informal_actions_5yr": 0, "inspections_5yr": 0, "last_inspection": null, "receiving_water_impaired": null, "impairment_causes": null, "sic": null, "naics": null, "permit_expires": "01/28/2030", "km_from_ref": 23.1, "in_echo_search_list": null, "dfr_url": "https://echo.epa.gov/detailed-facility-report?fid=NYR11P590&sys=ICP", "watchlist_note": null}}, {"type": "Feature", "geometry": {"type": "Point", "coordinates": [-73.80492, 42.58556]}, "properties": {"npdes_id": "NYR11G318", "facility": "WEMPLE ROAD APARTMENTS", "city": "GLENMONT", "county": null, "tier": "construction stormwater GP", "permit_type": "General Permit Covered Facility", "major_minor": "N", "permit_status": "Effective", "transect": "other / Albany metro", "receiving_water": "CENTRAL WETLAND", "huc8": "Middle Hudson", "design_flow_mgd": null, "actual_flow_mgd": null, "compliance_status": "No Violation Identified", "snc_status": null, "qtrs_noncompliance_12": 0, "qtrs_snc": 0, "missed_dmr_qtrs": null, "effluent_violations_3yr": 0, "pollutants_with_violation": null, "limited_pollutants": null, "dmr_pounds_yr": null, "dmr_toxic_weighted_lb": null, "penalties_usd": 0, "formal_actions_5yr": null, "informal_actions_5yr": 0, "inspections_5yr": 0, "last_inspection": null, "receiving_water_impaired": null, "impairment_causes": null, "sic": null, "naics": null, "permit_expires": "01/28/2030", "km_from_ref": 28.9, "in_echo_search_list": null, "dfr_url": "https://echo.epa.gov/detailed-facility-report?fid=NYR11G318&sys=ICP", "watchlist_note": null}}, {"type": "Feature", "geometry": {"type": "Point", "coordinates": [-73.901111, 42.645833]}, "properties": {"npdes_id": "NYR10T492", "facility": "KENSINGTON WOODS SUBDIVISION", "city": "NEW SCOTLAND", "county": "Albany", "tier": "construction stormwater GP", "permit_type": "General Permit Covered Facility", "major_minor": "N", "permit_status": "Effective", "transect": "other / Albany metro", "receiving_water": "VLY CREEK", "huc8": "Middle Hudson", "design_flow_mgd": null, "actual_flow_mgd": null, "compliance_status": "No Violation Identified", "snc_status": null, "qtrs_noncompliance_12": 0, "qtrs_snc": 0, "missed_dmr_qtrs": null, "effluent_violations_3yr": 0, "pollutants_with_violation": null, "limited_pollutants": null, "dmr_pounds_yr": null, "dmr_toxic_weighted_lb": null, "penalties_usd": 0, "formal_actions_5yr": null, "informal_actions_5yr": 0, "inspections_5yr": 0, "last_inspection": null, "receiving_water_impaired": null, "impairment_causes": null, "sic": null, "naics": null, "permit_expires": "01/28/2030", "km_from_ref": 24.7, "in_echo_search_list": null, "dfr_url": "https://echo.epa.gov/detailed-facility-report?fid=NYR10T492&sys=ICP", "watchlist_note": null}}, {"type": "Feature", "geometry": {"type": "Point", "coordinates": [-73.81818, 42.60153]}, "properties": {"npdes_id": "NYR11B132", "facility": "KENDALL COMMERCIAL", "city": "DELMAR", "county": null, "tier": "construction stormwater GP", "permit_type": "General Permit Covered Facility", "major_minor": "N", "permit_status": "Effective", "transect": "other / Albany metro", "receiving_water": "ON-SITE FEDERAL WETLANDS", "huc8": "Middle Hudson", "design_flow_mgd": null, "actual_flow_mgd": null, "compliance_status": "No Violation Identified", "snc_status": null, "qtrs_noncompliance_12": 0, "qtrs_snc": 0, "missed_dmr_qtrs": null, "effluent_violations_3yr": 0, "pollutants_with_violation": null, "limited_pollutants": null, "dmr_pounds_yr": null, "dmr_toxic_weighted_lb": null, "penalties_usd": 0, "formal_actions_5yr": null, "informal_actions_5yr": 0, "inspections_5yr": 0, "last_inspection": null, "receiving_water_impaired": null, "impairment_causes": null, "sic": null, "naics": null, "permit_expires": "01/28/2030", "km_from_ref": 28.4, "in_echo_search_list": null, "dfr_url": "https://echo.epa.gov/detailed-facility-report?fid=NYR11B132&sys=ICP", "watchlist_note": null}}, {"type": "Feature", "geometry": {"type": "Point", "coordinates": [-73.852887, 42.627449]}, "properties": {"npdes_id": "NYR11N695", "facility": "CHERRY AVENUE  MULTI-USE PATH", "city": "BETHLEHEM", "county": null, "tier": "construction stormwater GP", "permit_type": "General Permit Covered Facility", "major_minor": "N", "permit_status": "Effective", "transect": "other / Albany metro", "receiving_water": "NORMANSKILL", "huc8": "Middle Hudson", "design_flow_mgd": null, "actual_flow_mgd": null, "compliance_status": "No Violation Identified", "snc_status": null, "qtrs_noncompliance_12": 0, "qtrs_snc": 0, "missed_dmr_qtrs": null, "effluent_violations_3yr": 0, "pollutants_with_violation": null, "limited_pollutants": null, "dmr_pounds_yr": null, "dmr_toxic_weighted_lb": null, "penalties_usd": 0, "formal_actions_5yr": null, "informal_actions_5yr": 0, "inspections_5yr": 0, "last_inspection": null, "receiving_water_impaired": null, "impairment_causes": null, "sic": null, "naics": null, "permit_expires": "01/28/2030", "km_from_ref": 27.0, "in_echo_search_list": null, "dfr_url": "https://echo.epa.gov/detailed-facility-report?fid=NYR11N695&sys=ICP", "watchlist_note": null}}, {"type": "Feature", "geometry": {"type": "Point", "coordinates": [-74.0761, 42.67636]}, "properties": {"npdes_id": "NYR11N583", "facility": "KNOX II SOLAR", "city": "KNOX", "county": null, "tier": "construction stormwater GP", "permit_type": "General Permit Covered Facility", "major_minor": "N", "permit_status": "Effective", "transect": "other / Albany metro", "receiving_water": "WETLAND", "huc8": "Middle Hudson", "design_flow_mgd": null, "actual_flow_mgd": null, "compliance_status": "No Violation Identified", "snc_status": null, "qtrs_noncompliance_12": 0, "qtrs_snc": 0, "missed_dmr_qtrs": null, "effluent_violations_3yr": 0, "pollutants_with_violation": null, "limited_pollutants": null, "dmr_pounds_yr": null, "dmr_toxic_weighted_lb": null, "penalties_usd": 0, "formal_actions_5yr": null, "informal_actions_5yr": 0, "inspections_5yr": 0, "last_inspection": null, "receiving_water_impaired": null, "impairment_causes": null, "sic": null, "naics": null, "permit_expires": "01/28/2030", "km_from_ref": 18.8, "in_echo_search_list": null, "dfr_url": "https://echo.epa.gov/detailed-facility-report?fid=NYR11N583&sys=ICP", "watchlist_note": null}}, {"type": "Feature", "geometry": {"type": "Point", "coordinates": [-73.90446, 42.65334]}, "properties": {"npdes_id": "NYR11R249", "facility": "SINGLE FAMILY DEVELOPMENT 134 HILTON ROAD", "city": "SLINGERLANDS", "county": null, "tier": "construction stormwater GP", "permit_type": "General Permit Covered Facility", "major_minor": "N", "permit_status": "Effective", "transect": "other / Albany metro", "receiving_water": "VLY CREEK AND TRIBS", "huc8": "Middle Hudson", "design_flow_mgd": null, "actual_flow_mgd": null, "compliance_status": "No Violation Identified", "snc_status": null, "qtrs_noncompliance_12": 0, "qtrs_snc": 0, "missed_dmr_qtrs": null, "effluent_violations_3yr": 0, "pollutants_with_violation": null, "limited_pollutants": null, "dmr_pounds_yr": null, "dmr_toxic_weighted_lb": null, "penalties_usd": 0, "formal_actions_5yr": null, "informal_actions_5yr": 0, "inspections_5yr": 0, "last_inspection": null, "receiving_water_impaired": null, "impairment_causes": null, "sic": null, "naics": null, "permit_expires": "01/28/2030", "km_from_ref": 25.0, "in_echo_search_list": null, "dfr_url": "https://echo.epa.gov/detailed-facility-report?fid=NYR11R249&sys=ICP", "watchlist_note": null}}, {"type": "Feature", "geometry": {"type": "Point", "coordinates": [-74.14, 42.21]}, "properties": {"npdes_id": "NYR11M669", "facility": "110 MATTICE FARM ROAD, TANNERSVILLE, NY", "city": "TANNERSVILLE", "county": null, "tier": "construction stormwater GP", "permit_type": "General Permit Covered Facility", "major_minor": "N", "permit_status": "Effective", "transect": "other / Albany metro", "receiving_water": "SAWMILL CREEK", "huc8": "Schoharie", "design_flow_mgd": null, "actual_flow_mgd": null, "compliance_status": "No Violation Identified", "snc_status": null, "qtrs_noncompliance_12": 0, "qtrs_snc": 0, "missed_dmr_qtrs": null, "effluent_violations_3yr": 0, "pollutants_with_violation": null, "limited_pollutants": null, "dmr_pounds_yr": null, "dmr_toxic_weighted_lb": null, "penalties_usd": 0, "formal_actions_5yr": null, "informal_actions_5yr": 0, "inspections_5yr": 0, "last_inspection": null, "receiving_water_impaired": null, "impairment_causes": null, "sic": null, "naics": null, "permit_expires": "01/28/2030", "km_from_ref": 33.9, "in_echo_search_list": null, "dfr_url": "https://echo.epa.gov/detailed-facility-report?fid=NYR11M669&sys=ICP", "watchlist_note": null}}, {"type": "Feature", "geometry": {"type": "Point", "coordinates": [-73.78068, 42.57332]}, "properties": {"npdes_id": "NYR11Q533", "facility": "SINGLE-FAMILY DEVELOPMENT 577 WEMPLE ROAD", "city": "GLENMONT", "county": null, "tier": "construction stormwater GP", "permit_type": "General Permit Covered Facility", "major_minor": "N", "permit_status": "Effective", "transect": "other / Albany metro", "receiving_water": "VOLMAN KILL", "huc8": "Middle Hudson", "design_flow_mgd": null, "actual_flow_mgd": null, "compliance_status": "No Violation Identified", "snc_status": null, "qtrs_noncompliance_12": 0, "qtrs_snc": 0, "missed_dmr_qtrs": null, "effluent_violations_3yr": 0, "pollutants_with_violation": null, "limited_pollutants": null, "dmr_pounds_yr": null, "dmr_toxic_weighted_lb": null, "penalties_usd": 0, "formal_actions_5yr": null, "informal_actions_5yr": 0, "inspections_5yr": 0, "last_inspection": null, "receiving_water_impaired": null, "impairment_causes": null, "sic": null, "naics": null, "permit_expires": "01/28/2030", "km_from_ref": 30.5, "in_echo_search_list": null, "dfr_url": "https://echo.epa.gov/detailed-facility-report?fid=NYR11Q533&sys=ICP", "watchlist_note": null}}, {"type": "Feature", "geometry": {"type": "Point", "coordinates": [-74.095556, 42.201988]}, "properties": {"npdes_id": "NYR11M023", "facility": "LANDS IF KEVIN THOMPSON EXCAVATING, INC.", "city": "HAINES FALLS", "county": null, "tier": "construction stormwater GP", "permit_type": "General Permit Covered Facility", "major_minor": "N", "permit_status": "Effective", "transect": "other / Albany metro", "receiving_water": "KAATERSKILL CREEK", "huc8": "Middle Hudson", "design_flow_mgd": null, "actual_flow_mgd": null, "compliance_status": "No Violation Identified", "snc_status": null, "qtrs_noncompliance_12": 0, "qtrs_snc": 0, "missed_dmr_qtrs": null, "effluent_violations_3yr": 0, "pollutants_with_violation": null, "limited_pollutants": null, "dmr_pounds_yr": null, "dmr_toxic_weighted_lb": null, "penalties_usd": 0, "formal_actions_5yr": null, "informal_actions_5yr": 0, "inspections_5yr": 0, "last_inspection": null, "receiving_water_impaired": null, "impairment_causes": null, "sic": null, "naics": null, "permit_expires": "01/28/2030", "km_from_ref": 35.0, "in_echo_search_list": null, "dfr_url": "https://echo.epa.gov/detailed-facility-report?fid=NYR11M023&sys=ICP", "watchlist_note": null}}, {"type": "Feature", "geometry": {"type": "Point", "coordinates": [-74.27333, 42.262554]}, "properties": {"npdes_id": "NYR11K654", "facility": "BIRCH WOODS SUBDIVISION", "city": "JEWETT", "county": null, "tier": "construction stormwater GP", "permit_type": "General Permit Covered Facility", "major_minor": "N", "permit_status": "Effective", "transect": "Schoharie Creek basin", "receiving_water": "EXISTING ON-SITE POND, EAST KILL, ROARING BROOK", "huc8": "Schoharie", "design_flow_mgd": null, "actual_flow_mgd": null, "compliance_status": "No Violation Identified", "snc_status": null, "qtrs_noncompliance_12": 0, "qtrs_snc": 0, "missed_dmr_qtrs": null, "effluent_violations_3yr": 0, "pollutants_with_violation": null, "limited_pollutants": null, "dmr_pounds_yr": null, "dmr_toxic_weighted_lb": null, "penalties_usd": 0, "formal_actions_5yr": null, "informal_actions_5yr": 0, "inspections_5yr": 0, "last_inspection": null, "receiving_water_impaired": null, "impairment_causes": null, "sic": null, "naics": null, "permit_expires": "01/28/2030", "km_from_ref": 30.0, "in_echo_search_list": null, "dfr_url": "https://echo.epa.gov/detailed-facility-report?fid=NYR11K654&sys=ICP", "watchlist_note": null}}, {"type": "Feature", "geometry": {"type": "Point", "coordinates": [-73.87786, 42.23162]}, "properties": {"npdes_id": "NYR11Q027", "facility": "GREENE MEDICAL ARTS REDEVELOPMENT", "city": "CATSKILL", "county": "Greene", "tier": "construction stormwater GP", "permit_type": "General Permit Covered Facility", "major_minor": "N", "permit_status": "Effective", "transect": "Catskill Creek main stem", "receiving_water": "CATSKILL CREEK, LOWER, MAIN STEM - 1309-0010", "huc8": "Middle Hudson", "design_flow_mgd": null, "actual_flow_mgd": null, "compliance_status": "No Violation Identified", "snc_status": null, "qtrs_noncompliance_12": 0, "qtrs_snc": 0, "missed_dmr_qtrs": null, "effluent_violations_3yr": 0, "pollutants_with_violation": null, "limited_pollutants": null, "dmr_pounds_yr": null, "dmr_toxic_weighted_lb": null, "penalties_usd": 0, "formal_actions_5yr": null, "informal_actions_5yr": 0, "inspections_5yr": 0, "last_inspection": null, "receiving_water_impaired": null, "impairment_causes": null, "sic": null, "naics": null, "permit_expires": "01/28/2030", "km_from_ref": 38.3, "in_echo_search_list": null, "dfr_url": "https://echo.epa.gov/detailed-facility-report?fid=NYR11Q027&sys=ICP", "watchlist_note": null}}, {"type": "Feature", "geometry": {"type": "Point", "coordinates": [-74.050369, 42.195701]}, "properties": {"npdes_id": "NYR11N360", "facility": "REHABILITATE SOUTH LAKE DAM", "city": "HAINES FALLS", "county": null, "tier": "construction stormwater GP", "permit_type": "General Permit Covered Facility", "major_minor": "N", "permit_status": "Effective", "transect": "other / Albany metro", "receiving_water": "UNNAMED TRIBUTARY TO SPRUCE CREEK", "huc8": "Middle Hudson", "design_flow_mgd": null, "actual_flow_mgd": null, "compliance_status": "No Violation Identified", "snc_status": null, "qtrs_noncompliance_12": 0, "qtrs_snc": 0, "missed_dmr_qtrs": null, "effluent_violations_3yr": 0, "pollutants_with_violation": null, "limited_pollutants": null, "dmr_pounds_yr": null, "dmr_toxic_weighted_lb": null, "penalties_usd": 0, "formal_actions_5yr": null, "informal_actions_5yr": 0, "inspections_5yr": 0, "last_inspection": null, "receiving_water_impaired": "Y", "impairment_causes": "MERCURY", "sic": null, "naics": null, "permit_expires": "01/28/2030", "km_from_ref": 36.3, "in_echo_search_list": null, "dfr_url": "https://echo.epa.gov/detailed-facility-report?fid=NYR11N360&sys=ICP", "watchlist_note": null}}, {"type": "Feature", "geometry": {"type": "Point", "coordinates": [-73.798621, 42.600475]}, "properties": {"npdes_id": "NYR11I864", "facility": "THE RESERVE AT FEURA BUSH", "city": "BETHLEHEM", "county": null, "tier": "construction stormwater GP", "permit_type": "General Permit Covered Facility", "major_minor": "N", "permit_status": "Effective", "transect": "other / Albany metro", "receiving_water": "DOWERS KILL", "huc8": "Middle Hudson", "design_flow_mgd": null, "actual_flow_mgd": null, "compliance_status": "No Violation Identified", "snc_status": null, "qtrs_noncompliance_12": 0, "qtrs_snc": 0, "missed_dmr_qtrs": null, "effluent_violations_3yr": 0, "pollutants_with_violation": null, "limited_pollutants": null, "dmr_pounds_yr": null, "dmr_toxic_weighted_lb": null, "penalties_usd": 0, "formal_actions_5yr": null, "informal_actions_5yr": 0, "inspections_5yr": 0, "last_inspection": null, "receiving_water_impaired": null, "impairment_causes": null, "sic": null, "naics": null, "permit_expires": "01/28/2030", "km_from_ref": 29.9, "in_echo_search_list": null, "dfr_url": "https://echo.epa.gov/detailed-facility-report?fid=NYR11I864&sys=ICP", "watchlist_note": null}}, {"type": "Feature", "geometry": {"type": "Point", "coordinates": [-74.07058, 42.68593]}, "properties": {"npdes_id": "NYR11R267", "facility": "RESERVOIR ROAD SOLAR ARRAY", "city": "KNOX", "county": null, "tier": "construction stormwater GP", "permit_type": "General Permit Covered Facility", "major_minor": "N", "permit_status": "Effective", "transect": "other / Albany metro", "receiving_water": "WETLAND AND STREAM OFFSITE", "huc8": "Middle Hudson", "design_flow_mgd": null, "actual_flow_mgd": null, "compliance_status": "No Violation Identified", "snc_status": null, "qtrs_noncompliance_12": 0, "qtrs_snc": 0, "missed_dmr_qtrs": null, "effluent_violations_3yr": 0, "pollutants_with_violation": null, "limited_pollutants": null, "dmr_pounds_yr": null, "dmr_toxic_weighted_lb": null, "penalties_usd": 0, "formal_actions_5yr": null, "informal_actions_5yr": 0, "inspections_5yr": 0, "last_inspection": null, "receiving_water_impaired": null, "impairment_causes": null, "sic": null, "naics": null, "permit_expires": "01/28/2030", "km_from_ref": 19.9, "in_echo_search_list": null, "dfr_url": "https://echo.epa.gov/detailed-facility-report?fid=NYR11R267&sys=ICP", "watchlist_note": null}}, {"type": "Feature", "geometry": {"type": "Point", "coordinates": [-73.89913, 42.21785]}, "properties": {"npdes_id": "NYR11M846", "facility": "ELP CATSKILL SOLAR", "city": "CATSKILL", "county": null, "tier": "construction stormwater GP", "permit_type": "General Permit Covered Facility", "major_minor": "N", "permit_status": "Effective", "transect": "other / Albany metro", "receiving_water": "UNNAMED TRIBUTARY / WETLAND TO KAATERSKILL CREEK", "huc8": "Middle Hudson", "design_flow_mgd": null, "actual_flow_mgd": null, "compliance_status": "No Violation Identified", "snc_status": null, "qtrs_noncompliance_12": 0, "qtrs_snc": 0, "missed_dmr_qtrs": null, "effluent_violations_3yr": 0, "pollutants_with_violation": null, "limited_pollutants": null, "dmr_pounds_yr": null, "dmr_toxic_weighted_lb": null, "penalties_usd": 0, "formal_actions_5yr": null, "informal_actions_5yr": 0, "inspections_5yr": 0, "last_inspection": null, "receiving_water_impaired": null, "impairment_causes": null, "sic": null, "naics": null, "permit_expires": "01/28/2030", "km_from_ref": 38.7, "in_echo_search_list": null, "dfr_url": "https://echo.epa.gov/detailed-facility-report?fid=NYR11M846&sys=ICP", "watchlist_note": null}}, {"type": "Feature", "geometry": {"type": "Point", "coordinates": [-74.117269, 42.195687]}, "properties": {"npdes_id": "NYR11N510", "facility": "LOT 8, THE PATHS AT HUNTER FOREST", "city": "HUNTER", "county": null, "tier": "construction stormwater GP", "permit_type": "General Permit Covered Facility", "major_minor": "N", "permit_status": "Effective", "transect": "other / Albany metro", "receiving_water": "ACOE WETLAND", "huc8": "Schoharie", "design_flow_mgd": null, "actual_flow_mgd": null, "compliance_status": "No Violation Identified", "snc_status": null, "qtrs_noncompliance_12": 0, "qtrs_snc": 0, "missed_dmr_qtrs": null, "effluent_violations_3yr": 0, "pollutants_with_violation": null, "limited_pollutants": null, "dmr_pounds_yr": null, "dmr_toxic_weighted_lb": null, "penalties_usd": 0, "formal_actions_5yr": null, "informal_actions_5yr": 0, "inspections_5yr": 0, "last_inspection": null, "receiving_water_impaired": null, "impairment_causes": null, "sic": null, "naics": null, "permit_expires": "01/28/2030", "km_from_ref": 35.5, "in_echo_search_list": null, "dfr_url": "https://echo.epa.gov/detailed-facility-report?fid=NYR11N510&sys=ICP", "watchlist_note": null}}, {"type": "Feature", "geometry": {"type": "Point", "coordinates": [-73.7776927, 42.5881696]}, "properties": {"npdes_id": "NYR11P714", "facility": "PROPOSED GROCERY STORE AND 6,240 SF OUTPARCEL EXPANSION", "city": "BETHLETHEM", "county": null, "tier": "construction stormwater GP", "permit_type": "General Permit Covered Facility", "major_minor": "N", "permit_status": "Effective", "transect": "other / Albany metro", "receiving_water": "NORMANS KILL CREEK", "huc8": null, "design_flow_mgd": null, "actual_flow_mgd": null, "compliance_status": "No Violation Identified", "snc_status": null, "qtrs_noncompliance_12": 0, "qtrs_snc": 0, "missed_dmr_qtrs": null, "effluent_violations_3yr": 0, "pollutants_with_violation": null, "limited_pollutants": null, "dmr_pounds_yr": null, "dmr_toxic_weighted_lb": null, "penalties_usd": 0, "formal_actions_5yr": null, "informal_actions_5yr": 0, "inspections_5yr": 0, "last_inspection": null, "receiving_water_impaired": "Y", "impairment_causes": "DISSOLVED OXYGEN | FECAL COLIFORM | PHOSPHORUS", "sic": null, "naics": null, "permit_expires": "01/28/2030", "km_from_ref": 31.2, "in_echo_search_list": null, "dfr_url": "https://echo.epa.gov/detailed-facility-report?fid=NYR11P714&sys=ICP", "watchlist_note": null}}, {"type": "Feature", "geometry": {"type": "Point", "coordinates": [-73.820494, 42.626129]}, "properties": {"npdes_id": "NYR10U703", "facility": "DELAWARE AVENUE HEALTH PARK", "city": "BETHLEHEM", "county": null, "tier": "construction stormwater GP", "permit_type": "General Permit Covered Facility", "major_minor": "N", "permit_status": "Effective", "transect": "other / Albany metro", "receiving_water": "DISCHARGE VIA STORM SEWER TO AN UNNAMED", "huc8": "Middle Hudson", "design_flow_mgd": null, "actual_flow_mgd": null, "compliance_status": "No Violation Identified", "snc_status": null, "qtrs_noncompliance_12": 0, "qtrs_snc": 0, "missed_dmr_qtrs": null, "effluent_violations_3yr": 0, "pollutants_with_violation": null, "limited_pollutants": null, "dmr_pounds_yr": null, "dmr_toxic_weighted_lb": null, "penalties_usd": 0, "formal_actions_5yr": null, "informal_actions_5yr": 0, "inspections_5yr": 0, "last_inspection": null, "receiving_water_impaired": null, "impairment_causes": null, "sic": null, "naics": null, "permit_expires": "01/28/2030", "km_from_ref": 29.3, "in_echo_search_list": null, "dfr_url": "https://echo.epa.gov/detailed-facility-report?fid=NYR10U703&sys=ICP", "watchlist_note": null}}, {"type": "Feature", "geometry": {"type": "Point", "coordinates": [-74.32333, 42.59171]}, "properties": {"npdes_id": "NYR11Q936", "facility": "MIDDLEBURGH CENTRAL SCHOOL DISTRICT BUS GARAGE", "city": "MIDDLEBURGH", "county": null, "tier": "construction stormwater GP", "permit_type": "General Permit Covered Facility", "major_minor": "N", "permit_status": "Effective", "transect": "Schoharie Creek basin", "receiving_water": "MINOR TRIBS TO SCHOHARIE CREEK - 1202-0040", "huc8": "Schoharie", "design_flow_mgd": null, "actual_flow_mgd": null, "compliance_status": "No Violation Identified", "snc_status": null, "qtrs_noncompliance_12": 0, "qtrs_snc": 0, "missed_dmr_qtrs": null, "effluent_violations_3yr": 0, "pollutants_with_violation": null, "limited_pollutants": null, "dmr_pounds_yr": null, "dmr_toxic_weighted_lb": null, "penalties_usd": 0, "formal_actions_5yr": null, "informal_actions_5yr": 0, "inspections_5yr": 0, "last_inspection": null, "receiving_water_impaired": null, "impairment_causes": null, "sic": null, "naics": null, "permit_expires": "01/28/2030", "km_from_ref": 16.9, "in_echo_search_list": null, "dfr_url": "https://echo.epa.gov/detailed-facility-report?fid=NYR11Q936&sys=ICP", "watchlist_note": null}}, {"type": "Feature", "geometry": {"type": "Point", "coordinates": [-74.13771, 42.19555]}, "properties": {"npdes_id": "NYR11N961", "facility": "HUNTER TANNERSVILLE CSD - JR./SR. HIGH SCHOOL", "city": "TANNERSVILLE", "county": "Greene", "tier": "construction stormwater GP", "permit_type": "General Permit Covered Facility", "major_minor": "N", "permit_status": "Effective", "transect": "other / Albany metro", "receiving_water": "SAWMILL CREEK", "huc8": "Schoharie", "design_flow_mgd": null, "actual_flow_mgd": null, "compliance_status": "No Violation Identified", "snc_status": null, "qtrs_noncompliance_12": 0, "qtrs_snc": 0, "missed_dmr_qtrs": null, "effluent_violations_3yr": 0, "pollutants_with_violation": null, "limited_pollutants": null, "dmr_pounds_yr": null, "dmr_toxic_weighted_lb": null, "penalties_usd": 0, "formal_actions_5yr": null, "informal_actions_5yr": 0, "inspections_5yr": 0, "last_inspection": null, "receiving_water_impaired": null, "impairment_causes": null, "sic": null, "naics": null, "permit_expires": "01/28/2030", "km_from_ref": 35.5, "in_echo_search_list": null, "dfr_url": "https://echo.epa.gov/detailed-facility-report?fid=NYR11N961&sys=ICP", "watchlist_note": null}}, {"type": "Feature", "geometry": {"type": "Point", "coordinates": [-74.130416, 42.194205]}, "properties": {"npdes_id": "NYR11K732", "facility": "RIP VAN WINKLE LAKE PARK", "city": "TANNERSVILLE", "county": null, "tier": "construction stormwater GP", "permit_type": "General Permit Covered Facility", "major_minor": "N", "permit_status": "Effective", "transect": "other / Albany metro", "receiving_water": "RIP VAN WINKLE LAKE", "huc8": "Schoharie", "design_flow_mgd": null, "actual_flow_mgd": null, "compliance_status": "No Violation Identified", "snc_status": null, "qtrs_noncompliance_12": 0, "qtrs_snc": 0, "missed_dmr_qtrs": null, "effluent_violations_3yr": 0, "pollutants_with_violation": null, "limited_pollutants": null, "dmr_pounds_yr": null, "dmr_toxic_weighted_lb": null, "penalties_usd": 0, "formal_actions_5yr": null, "informal_actions_5yr": 0, "inspections_5yr": 0, "last_inspection": null, "receiving_water_impaired": null, "impairment_causes": null, "sic": null, "naics": null, "permit_expires": "01/28/2030", "km_from_ref": 35.7, "in_echo_search_list": null, "dfr_url": "https://echo.epa.gov/detailed-facility-report?fid=NYR11K732&sys=ICP", "watchlist_note": null}}, {"type": "Feature", "geometry": {"type": "Point", "coordinates": [-73.88736, 42.21716]}, "properties": {"npdes_id": "NYR11J754", "facility": "SITE PLAN FOR ZAXKILL, LLC", "city": "CATSKILL", "county": null, "tier": "construction stormwater GP", "permit_type": "General Permit Covered Facility", "major_minor": "N", "permit_status": "Effective", "transect": "Catskill Creek main stem", "receiving_water": "CATSKILL CREEK", "huc8": "Middle Hudson", "design_flow_mgd": null, "actual_flow_mgd": null, "compliance_status": "No Violation Identified", "snc_status": null, "qtrs_noncompliance_12": 0, "qtrs_snc": 0, "missed_dmr_qtrs": null, "effluent_violations_3yr": 0, "pollutants_with_violation": null, "limited_pollutants": null, "dmr_pounds_yr": null, "dmr_toxic_weighted_lb": null, "penalties_usd": 0, "formal_actions_5yr": null, "informal_actions_5yr": 0, "inspections_5yr": 0, "last_inspection": null, "receiving_water_impaired": null, "impairment_causes": null, "sic": null, "naics": null, "permit_expires": "01/28/2030", "km_from_ref": 39.2, "in_echo_search_list": null, "dfr_url": "https://echo.epa.gov/detailed-facility-report?fid=NYR11J754&sys=ICP", "watchlist_note": null}}, {"type": "Feature", "geometry": {"type": "Point", "coordinates": [-73.78342, 42.60068]}, "properties": {"npdes_id": "NYR11A779", "facility": "LEGENDS PRESERVE", "city": "BETHLEHEM", "county": null, "tier": "construction stormwater GP", "permit_type": "General Permit Covered Facility", "major_minor": "N", "permit_status": "Effective", "transect": "Hudson mainstem", "receiving_water": "TRIBUTARY TO NORMANSKILL & HUDSON RIVER", "huc8": "Middle Hudson", "design_flow_mgd": null, "actual_flow_mgd": null, "compliance_status": "No Violation Identified", "snc_status": null, "qtrs_noncompliance_12": 0, "qtrs_snc": 0, "missed_dmr_qtrs": null, "effluent_violations_3yr": 0, "pollutants_with_violation": null, "limited_pollutants": null, "dmr_pounds_yr": null, "dmr_toxic_weighted_lb": null, "penalties_usd": 0, "formal_actions_5yr": null, "informal_actions_5yr": 0, "inspections_5yr": 0, "last_inspection": null, "receiving_water_impaired": null, "impairment_causes": null, "sic": null, "naics": null, "permit_expires": "01/28/2030", "km_from_ref": 31.1, "in_echo_search_list": null, "dfr_url": "https://echo.epa.gov/detailed-facility-report?fid=NYR11A779&sys=ICP", "watchlist_note": null}}, {"type": "Feature", "geometry": {"type": "Point", "coordinates": [-73.80645, 42.62309]}, "properties": {"npdes_id": "NYR11J940", "facility": "WOOSTER SUBDIVISION - LOT 5", "city": "BETHLEHEM", "county": null, "tier": "construction stormwater GP", "permit_type": "General Permit Covered Facility", "major_minor": "N", "permit_status": "Effective", "transect": "other / Albany metro", "receiving_water": "ACOE WETLANDS", "huc8": "Middle Hudson", "design_flow_mgd": null, "actual_flow_mgd": null, "compliance_status": "No Violation Identified", "snc_status": null, "qtrs_noncompliance_12": 0, "qtrs_snc": 0, "missed_dmr_qtrs": null, "effluent_violations_3yr": 0, "pollutants_with_violation": null, "limited_pollutants": null, "dmr_pounds_yr": null, "dmr_toxic_weighted_lb": null, "penalties_usd": 0, "formal_actions_5yr": null, "informal_actions_5yr": 0, "inspections_5yr": 0, "last_inspection": null, "receiving_water_impaired": null, "impairment_causes": null, "sic": null, "naics": null, "permit_expires": "01/28/2030", "km_from_ref": 30.2, "in_echo_search_list": null, "dfr_url": "https://echo.epa.gov/detailed-facility-report?fid=NYR11J940&sys=ICP", "watchlist_note": null}}, {"type": "Feature", "geometry": {"type": "Point", "coordinates": [-73.87969, 42.21474]}, "properties": {"npdes_id": "NYR10P528", "facility": "CAUTERSKILL ESTATES SUBDIVISION", "city": "CATSKILL", "county": null, "tier": "construction stormwater GP", "permit_type": "General Permit Covered Facility", "major_minor": "N", "permit_status": "Effective", "transect": "Catskill Creek main stem", "receiving_water": "CATSKILL CREEK", "huc8": "Middle Hudson", "design_flow_mgd": null, "actual_flow_mgd": null, "compliance_status": "No Violation Identified", "snc_status": null, "qtrs_noncompliance_12": 0, "qtrs_snc": 0, "missed_dmr_qtrs": null, "effluent_violations_3yr": 0, "pollutants_with_violation": null, "limited_pollutants": null, "dmr_pounds_yr": null, "dmr_toxic_weighted_lb": null, "penalties_usd": 0, "formal_actions_5yr": null, "informal_actions_5yr": 0, "inspections_5yr": 0, "last_inspection": null, "receiving_water_impaired": null, "impairment_causes": null, "sic": null, "naics": null, "permit_expires": "01/28/2030", "km_from_ref": 39.8, "in_echo_search_list": null, "dfr_url": "https://echo.epa.gov/detailed-facility-report?fid=NYR10P528&sys=ICP", "watchlist_note": null}}, {"type": "Feature", "geometry": {"type": "Point", "coordinates": [-73.987663, 42.693536]}, "properties": {"npdes_id": "NYR11Q232", "facility": "CEEC LINE #13 REMOVAL PROJECT", "city": "ALTAMONT", "county": null, "tier": "construction stormwater GP", "permit_type": "General Permit Covered Facility", "major_minor": "N", "permit_status": "Effective", "transect": "other / Albany metro", "receiving_water": "SEE ADDITIONAL INFORMATION SECTION", "huc8": "Middle Hudson", "design_flow_mgd": null, "actual_flow_mgd": null, "compliance_status": "No Violation Identified", "snc_status": null, "qtrs_noncompliance_12": 0, "qtrs_snc": 0, "missed_dmr_qtrs": null, "effluent_violations_3yr": 0, "pollutants_with_violation": null, "limited_pollutants": null, "dmr_pounds_yr": null, "dmr_toxic_weighted_lb": null, "penalties_usd": 0, "formal_actions_5yr": null, "informal_actions_5yr": 0, "inspections_5yr": 0, "last_inspection": null, "receiving_water_impaired": "Y", "impairment_causes": "PH | PHOSPHORUS", "sic": null, "naics": null, "permit_expires": "01/28/2030", "km_from_ref": 23.7, "in_echo_search_list": null, "dfr_url": "https://echo.epa.gov/detailed-facility-report?fid=NYR11Q232&sys=ICP", "watchlist_note": null}}, {"type": "Feature", "geometry": {"type": "Point", "coordinates": [-73.79915, 42.61995]}, "properties": {"npdes_id": "NYR11Q544", "facility": "65 KENWOOD AVENUE SUBDIVISION", "city": "GLENMONT", "county": null, "tier": "construction stormwater GP", "permit_type": "General Permit Covered Facility", "major_minor": "N", "permit_status": "Effective", "transect": "other / Albany metro", "receiving_water": null, "huc8": "Middle Hudson", "design_flow_mgd": null, "actual_flow_mgd": null, "compliance_status": "No Violation Identified", "snc_status": null, "qtrs_noncompliance_12": 0, "qtrs_snc": 0, "missed_dmr_qtrs": null, "effluent_violations_3yr": 0, "pollutants_with_violation": null, "limited_pollutants": null, "dmr_pounds_yr": null, "dmr_toxic_weighted_lb": null, "penalties_usd": 0, "formal_actions_5yr": null, "informal_actions_5yr": 0, "inspections_5yr": 0, "last_inspection": null, "receiving_water_impaired": null, "impairment_causes": null, "sic": null, "naics": null, "permit_expires": "01/28/2030", "km_from_ref": 30.6, "in_echo_search_list": null, "dfr_url": "https://echo.epa.gov/detailed-facility-report?fid=NYR11Q544&sys=ICP", "watchlist_note": null}}, {"type": "Feature", "geometry": {"type": "Point", "coordinates": [-73.79915, 42.61995]}, "properties": {"npdes_id": "NYR11N896", "facility": "65 KENWOOD AVENUE SUBDIVISION", "city": "GLENMONT", "county": null, "tier": "construction stormwater GP", "permit_type": "General Permit Covered Facility", "major_minor": "N", "permit_status": "Effective", "transect": "other / Albany metro", "receiving_water": "UNNAMED TRIB TO NORMANS KILL", "huc8": "Middle Hudson", "design_flow_mgd": null, "actual_flow_mgd": null, "compliance_status": "No Violation Identified", "snc_status": null, "qtrs_noncompliance_12": 0, "qtrs_snc": 0, "missed_dmr_qtrs": null, "effluent_violations_3yr": 0, "pollutants_with_violation": null, "limited_pollutants": null, "dmr_pounds_yr": null, "dmr_toxic_weighted_lb": null, "penalties_usd": 0, "formal_actions_5yr": null, "informal_actions_5yr": 0, "inspections_5yr": 0, "last_inspection": null, "receiving_water_impaired": "Y", "impairment_causes": "PH", "sic": null, "naics": null, "permit_expires": "01/28/2030", "km_from_ref": 30.6, "in_echo_search_list": null, "dfr_url": "https://echo.epa.gov/detailed-facility-report?fid=NYR11N896&sys=ICP", "watchlist_note": null}}, {"type": "Feature", "geometry": {"type": "Point", "coordinates": [-73.855411, 42.224713]}, "properties": {"npdes_id": "NYR11L638", "facility": "CHAMPLAIN HUDSON POWER EXPRESS SEGMENT 11 (PACKAGE 7A)", "city": "CATSKILL", "county": null, "tier": "construction stormwater GP", "permit_type": "General Permit Covered Facility", "major_minor": "N", "permit_status": "Effective", "transect": "Catskill Creek main stem", "receiving_water": "HANS VOSEN KILL, CATSKILL CREEK, HUDSON RIVER", "huc8": "Middle Hudson", "design_flow_mgd": null, "actual_flow_mgd": null, "compliance_status": "No Violation Identified", "snc_status": null, "qtrs_noncompliance_12": 0, "qtrs_snc": 0, "missed_dmr_qtrs": null, "effluent_violations_3yr": 0, "pollutants_with_violation": null, "limited_pollutants": null, "dmr_pounds_yr": null, "dmr_toxic_weighted_lb": null, "penalties_usd": 0, "formal_actions_5yr": null, "informal_actions_5yr": 0, "inspections_5yr": 0, "last_inspection": null, "receiving_water_impaired": null, "impairment_causes": null, "sic": null, "naics": null, "permit_expires": "01/28/2030", "km_from_ref": 40.0, "in_echo_search_list": null, "dfr_url": "https://echo.epa.gov/detailed-facility-report?fid=NYR11L638&sys=ICP", "watchlist_note": null}}, {"type": "Feature", "geometry": {"type": "Point", "coordinates": [-74.1378, 42.18974]}, "properties": {"npdes_id": "NYR11P356", "facility": "COLD SPRING APARTMENTS", "city": "TANNERSVILLE", "county": null, "tier": "construction stormwater GP", "permit_type": "General Permit Covered Facility", "major_minor": "N", "permit_status": "Effective", "transect": "other / Albany metro", "receiving_water": "GOOSEBERRY CREEK", "huc8": "Schoharie", "design_flow_mgd": null, "actual_flow_mgd": null, "compliance_status": "No Violation Identified", "snc_status": null, "qtrs_noncompliance_12": 0, "qtrs_snc": 0, "missed_dmr_qtrs": null, "effluent_violations_3yr": 0, "pollutants_with_violation": null, "limited_pollutants": null, "dmr_pounds_yr": null, "dmr_toxic_weighted_lb": null, "penalties_usd": 0, "formal_actions_5yr": null, "informal_actions_5yr": 0, "inspections_5yr": 0, "last_inspection": null, "receiving_water_impaired": "Y", "impairment_causes": "DISSOLVED OXYGEN", "sic": null, "naics": null, "permit_expires": "01/28/2030", "km_from_ref": 36.1, "in_echo_search_list": null, "dfr_url": "https://echo.epa.gov/detailed-facility-report?fid=NYR11P356&sys=ICP", "watchlist_note": null}}, {"type": "Feature", "geometry": {"type": "Point", "coordinates": [-74.218105, 42.212889]}, "properties": {"npdes_id": "NYR11Q886", "facility": "HUNTER FIRE HOUSE RELOCATION", "city": "HUNTER", "county": null, "tier": "construction stormwater GP", "permit_type": "General Permit Covered Facility", "major_minor": "N", "permit_status": "Effective", "transect": "Schoharie Creek basin", "receiving_water": "SCHOHARIE CREEK", "huc8": "Schoharie", "design_flow_mgd": null, "actual_flow_mgd": null, "compliance_status": "No Violation Identified", "snc_status": null, "qtrs_noncompliance_12": 0, "qtrs_snc": 0, "missed_dmr_qtrs": null, "effluent_violations_3yr": 0, "pollutants_with_violation": null, "limited_pollutants": null, "dmr_pounds_yr": null, "dmr_toxic_weighted_lb": null, "penalties_usd": 0, "formal_actions_5yr": null, "informal_actions_5yr": 0, "inspections_5yr": 0, "last_inspection": null, "receiving_water_impaired": null, "impairment_causes": null, "sic": null, "naics": null, "permit_expires": "01/28/2030", "km_from_ref": 34.1, "in_echo_search_list": null, "dfr_url": "https://echo.epa.gov/detailed-facility-report?fid=NYR11Q886&sys=ICP", "watchlist_note": null}}, {"type": "Feature", "geometry": {"type": "Point", "coordinates": [-73.80835, 42.62772]}, "properties": {"npdes_id": "NYR11Q600", "facility": "ELSMERE SUBSTATION", "city": "DELMAR", "county": null, "tier": "construction stormwater GP", "permit_type": "General Permit Covered Facility", "major_minor": "N", "permit_status": "Effective", "transect": "other / Albany metro", "receiving_water": null, "huc8": "Middle Hudson", "design_flow_mgd": null, "actual_flow_mgd": null, "compliance_status": "No Violation Identified", "snc_status": null, "qtrs_noncompliance_12": 0, "qtrs_snc": 0, "missed_dmr_qtrs": null, "effluent_violations_3yr": 0, "pollutants_with_violation": null, "limited_pollutants": null, "dmr_pounds_yr": null, "dmr_toxic_weighted_lb": null, "penalties_usd": 0, "formal_actions_5yr": null, "informal_actions_5yr": 0, "inspections_5yr": 0, "last_inspection": null, "receiving_water_impaired": null, "impairment_causes": null, "sic": null, "naics": null, "permit_expires": "01/28/2030", "km_from_ref": 30.3, "in_echo_search_list": null, "dfr_url": "https://echo.epa.gov/detailed-facility-report?fid=NYR11Q600&sys=ICP", "watchlist_note": null}}, {"type": "Feature", "geometry": {"type": "Point", "coordinates": [-74.187709, 42.20124]}, "properties": {"npdes_id": "NYR10Y240", "facility": "NORTHGATE AT HUNTER MOUNTAIN", "city": "HUNTER", "county": null, "tier": "construction stormwater GP", "permit_type": "General Permit Covered Facility", "major_minor": "N", "permit_status": "Effective", "transect": "Schoharie Creek basin", "receiving_water": "SCHOHARIE CREEK", "huc8": "Schoharie", "design_flow_mgd": null, "actual_flow_mgd": null, "compliance_status": "No Violation Identified", "snc_status": null, "qtrs_noncompliance_12": 0, "qtrs_snc": 0, "missed_dmr_qtrs": null, "effluent_violations_3yr": 0, "pollutants_with_violation": null, "limited_pollutants": null, "dmr_pounds_yr": null, "dmr_toxic_weighted_lb": null, "penalties_usd": 0, "formal_actions_5yr": null, "informal_actions_5yr": 0, "inspections_5yr": 0, "last_inspection": null, "receiving_water_impaired": null, "impairment_causes": null, "sic": null, "naics": null, "permit_expires": "01/28/2030", "km_from_ref": 35.0, "in_echo_search_list": null, "dfr_url": "https://echo.epa.gov/detailed-facility-report?fid=NYR10Y240&sys=ICP", "watchlist_note": null}}, {"type": "Feature", "geometry": {"type": "Point", "coordinates": [-73.966026, 42.693256]}, "properties": {"npdes_id": "NYR11L805", "facility": "GUILDERLAND SOLAR FARM", "city": "GUILDERLAND", "county": "Albany", "tier": "construction stormwater GP", "permit_type": "General Permit Covered Facility", "major_minor": "N", "permit_status": "Effective", "transect": "other / Albany metro", "receiving_water": "ONSITE INTERMITTENT STREAM AND ONSITE POND", "huc8": "Middle Hudson", "design_flow_mgd": null, "actual_flow_mgd": null, "compliance_status": "No Violation Identified", "snc_status": null, "qtrs_noncompliance_12": 0, "qtrs_snc": 0, "missed_dmr_qtrs": null, "effluent_violations_3yr": 0, "pollutants_with_violation": null, "limited_pollutants": null, "dmr_pounds_yr": null, "dmr_toxic_weighted_lb": null, "penalties_usd": 0, "formal_actions_5yr": null, "informal_actions_5yr": 0, "inspections_5yr": 0, "last_inspection": null, "receiving_water_impaired": null, "impairment_causes": null, "sic": null, "naics": null, "permit_expires": "01/28/2030", "km_from_ref": 24.6, "in_echo_search_list": null, "dfr_url": "https://echo.epa.gov/detailed-facility-report?fid=NYR11L805&sys=ICP", "watchlist_note": null}}, {"type": "Feature", "geometry": {"type": "Point", "coordinates": [-73.83899, 42.64909]}, "properties": {"npdes_id": "NYR11G397", "facility": "NYSDOCCS TRAINING ACADEMY", "city": "ALBANY", "county": "Albany", "tier": "construction stormwater GP", "permit_type": "General Permit Covered Facility", "major_minor": "N", "permit_status": "Effective", "transect": "other / Albany metro", "receiving_water": "NYSDEC FRESHWATER WETLAND", "huc8": "Middle Hudson", "design_flow_mgd": null, "actual_flow_mgd": null, "compliance_status": "No Violation Identified", "snc_status": null, "qtrs_noncompliance_12": 0, "qtrs_snc": 0, "missed_dmr_qtrs": null, "effluent_violations_3yr": 0, "pollutants_with_violation": null, "limited_pollutants": null, "dmr_pounds_yr": null, "dmr_toxic_weighted_lb": null, "penalties_usd": 0, "formal_actions_5yr": null, "informal_actions_5yr": 0, "inspections_5yr": 0, "last_inspection": null, "receiving_water_impaired": null, "impairment_causes": null, "sic": null, "naics": null, "permit_expires": "01/28/2030", "km_from_ref": 29.2, "in_echo_search_list": null, "dfr_url": "https://echo.epa.gov/detailed-facility-report?fid=NYR11G397&sys=ICP", "watchlist_note": null}}, {"type": "Feature", "geometry": {"type": "Point", "coordinates": [-74.19615, 42.20243]}, "properties": {"npdes_id": "NYR11J287", "facility": "THE CABINS AT SCRIBNER'S", "city": "HUNTER", "county": null, "tier": "construction stormwater GP", "permit_type": "General Permit Covered Facility", "major_minor": "N", "permit_status": "Effective", "transect": "Schoharie Creek basin", "receiving_water": "RED KILL, SCHOHARIE CREEK", "huc8": "Schoharie", "design_flow_mgd": null, "actual_flow_mgd": null, "compliance_status": "No Violation Identified", "snc_status": null, "qtrs_noncompliance_12": 0, "qtrs_snc": 0, "missed_dmr_qtrs": null, "effluent_violations_3yr": 0, "pollutants_with_violation": null, "limited_pollutants": null, "dmr_pounds_yr": null, "dmr_toxic_weighted_lb": null, "penalties_usd": 0, "formal_actions_5yr": null, "informal_actions_5yr": 0, "inspections_5yr": 0, "last_inspection": null, "receiving_water_impaired": null, "impairment_causes": null, "sic": null, "naics": null, "permit_expires": "01/28/2030", "km_from_ref": 35.0, "in_echo_search_list": null, "dfr_url": "https://echo.epa.gov/detailed-facility-report?fid=NYR11J287&sys=ICP", "watchlist_note": null}}, {"type": "Feature", "geometry": {"type": "Point", "coordinates": [-74.2906177, 42.247485]}, "properties": {"npdes_id": "NYR11P148", "facility": "\"OOD\" CABINS - 219 & 221 CARR ROAD", "city": "JEWETT", "county": null, "tier": "construction stormwater GP", "permit_type": "General Permit Covered Facility", "major_minor": "N", "permit_status": "Effective", "transect": "other / Albany metro", "receiving_water": "STREAM", "huc8": null, "design_flow_mgd": null, "actual_flow_mgd": null, "compliance_status": "No Violation Identified", "snc_status": null, "qtrs_noncompliance_12": 0, "qtrs_snc": 0, "missed_dmr_qtrs": null, "effluent_violations_3yr": 0, "pollutants_with_violation": null, "limited_pollutants": null, "dmr_pounds_yr": null, "dmr_toxic_weighted_lb": null, "penalties_usd": 0, "formal_actions_5yr": null, "informal_actions_5yr": 0, "inspections_5yr": 0, "last_inspection": null, "receiving_water_impaired": null, "impairment_causes": null, "sic": null, "naics": null, "permit_expires": "01/28/2030", "km_from_ref": 32.0, "in_echo_search_list": null, "dfr_url": "https://echo.epa.gov/detailed-facility-report?fid=NYR11P148&sys=ICP", "watchlist_note": null}}, {"type": "Feature", "geometry": {"type": "Point", "coordinates": [-73.767908, 42.599526]}, "properties": {"npdes_id": "NYR11K128", "facility": "MARMEN WELCON TOWER MANUFACTURING PLANT", "city": "BETHLEHEM", "county": "Albany", "tier": "construction stormwater GP", "permit_type": "General Permit Covered Facility", "major_minor": "N", "permit_status": "Effective", "transect": "Hudson mainstem", "receiving_water": "HUDSON RIVER, NORMANS KILL, WETLAND", "huc8": "Middle Hudson", "design_flow_mgd": null, "actual_flow_mgd": null, "compliance_status": "No Violation Identified", "snc_status": null, "qtrs_noncompliance_12": 0, "qtrs_snc": 0, "missed_dmr_qtrs": null, "effluent_violations_3yr": 0, "pollutants_with_violation": null, "limited_pollutants": null, "dmr_pounds_yr": null, "dmr_toxic_weighted_lb": null, "penalties_usd": 0, "formal_actions_5yr": null, "informal_actions_5yr": 0, "inspections_5yr": 0, "last_inspection": null, "receiving_water_impaired": "Y", "impairment_causes": "POLYCHLORINATED BIPHENYLS (PCBS)", "sic": null, "naics": null, "permit_expires": "01/28/2030", "km_from_ref": 32.3, "in_echo_search_list": null, "dfr_url": "https://echo.epa.gov/detailed-facility-report?fid=NYR11K128&sys=ICP", "watchlist_note": null}}, {"type": "Feature", "geometry": {"type": "Point", "coordinates": [-73.76932, 42.60081]}, "properties": {"npdes_id": "NYR11N907", "facility": "RIVER ROAD SOLAR ARRAY", "city": "BETHLEHEM", "county": null, "tier": "construction stormwater GP", "permit_type": "General Permit Covered Facility", "major_minor": "N", "permit_status": "Effective", "transect": "Hudson mainstem", "receiving_water": "UNNAMED TRIB TO HUDSON RIVER", "huc8": "Middle Hudson", "design_flow_mgd": null, "actual_flow_mgd": null, "compliance_status": "No Violation Identified", "snc_status": null, "qtrs_noncompliance_12": 0, "qtrs_snc": 0, "missed_dmr_qtrs": null, "effluent_violations_3yr": 0, "pollutants_with_violation": null, "limited_pollutants": null, "dmr_pounds_yr": null, "dmr_toxic_weighted_lb": null, "penalties_usd": 0, "formal_actions_5yr": null, "informal_actions_5yr": 0, "inspections_5yr": 0, "last_inspection": null, "receiving_water_impaired": null, "impairment_causes": null, "sic": null, "naics": null, "permit_expires": "01/28/2030", "km_from_ref": 32.2, "in_echo_search_list": null, "dfr_url": "https://echo.epa.gov/detailed-facility-report?fid=NYR11N907&sys=ICP", "watchlist_note": null}}, {"type": "Feature", "geometry": {"type": "Point", "coordinates": [-73.80576, 42.63349]}, "properties": {"npdes_id": "NYR11P671", "facility": "E30 NORMANSKILL HDD PROJECT", "city": "ALBANY", "county": null, "tier": "construction stormwater GP", "permit_type": "General Permit Covered Facility", "major_minor": "N", "permit_status": "Effective", "transect": "other / Albany metro", "receiving_water": "NORMANS KILL, FIELD DELINEATED WETLANDS", "huc8": "Middle Hudson", "design_flow_mgd": null, "actual_flow_mgd": null, "compliance_status": "No Violation Identified", "snc_status": null, "qtrs_noncompliance_12": 0, "qtrs_snc": 0, "missed_dmr_qtrs": null, "effluent_violations_3yr": 0, "pollutants_with_violation": null, "limited_pollutants": null, "dmr_pounds_yr": null, "dmr_toxic_weighted_lb": null, "penalties_usd": 0, "formal_actions_5yr": null, "informal_actions_5yr": 0, "inspections_5yr": 0, "last_inspection": null, "receiving_water_impaired": "Y", "impairment_causes": "COPPER | DIOXIN | POLYCHLORINATED BIPHENYLS (PCBS)", "sic": null, "naics": null, "permit_expires": "01/28/2030", "km_from_ref": 30.7, "in_echo_search_list": null, "dfr_url": "https://echo.epa.gov/detailed-facility-report?fid=NYR11P671&sys=ICP", "watchlist_note": null}}, {"type": "Feature", "geometry": {"type": "Point", "coordinates": [-74.132468, 42.182041]}, "properties": {"npdes_id": "NYR11N246", "facility": "LOT 1 - THE PATHS AT HUNTER FOREST", "city": "ELKA PARK", "county": null, "tier": "construction stormwater GP", "permit_type": "General Permit Covered Facility", "major_minor": "N", "permit_status": "Effective", "transect": "other / Albany metro", "receiving_water": "ACOE WETLAND", "huc8": "Schoharie", "design_flow_mgd": null, "actual_flow_mgd": null, "compliance_status": "No Violation Identified", "snc_status": null, "qtrs_noncompliance_12": 0, "qtrs_snc": 0, "missed_dmr_qtrs": null, "effluent_violations_3yr": 0, "pollutants_with_violation": null, "limited_pollutants": null, "dmr_pounds_yr": null, "dmr_toxic_weighted_lb": null, "penalties_usd": 0, "formal_actions_5yr": null, "informal_actions_5yr": 0, "inspections_5yr": 0, "last_inspection": null, "receiving_water_impaired": null, "impairment_causes": null, "sic": null, "naics": null, "permit_expires": "01/28/2030", "km_from_ref": 37.0, "in_echo_search_list": null, "dfr_url": "https://echo.epa.gov/detailed-facility-report?fid=NYR11N246&sys=ICP", "watchlist_note": null}}, {"type": "Feature", "geometry": {"type": "Point", "coordinates": [-73.96746, 42.69972]}, "properties": {"npdes_id": "NYR11R434", "facility": "GUILDERLAND HIGH SCHOOL CAMPUS IMPROVEMENTS", "city": "GUILDERLAND CENTER", "county": "Albany", "tier": "construction stormwater GP", "permit_type": "General Permit Covered Facility", "major_minor": "N", "permit_status": "Effective", "transect": "other / Albany metro", "receiving_water": "BLACK CREEK", "huc8": "Middle Hudson", "design_flow_mgd": null, "actual_flow_mgd": null, "compliance_status": "No Violation Identified", "snc_status": null, "qtrs_noncompliance_12": 0, "qtrs_snc": 0, "missed_dmr_qtrs": null, "effluent_violations_3yr": 0, "pollutants_with_violation": null, "limited_pollutants": null, "dmr_pounds_yr": null, "dmr_toxic_weighted_lb": null, "penalties_usd": 0, "formal_actions_5yr": null, "informal_actions_5yr": 0, "inspections_5yr": 0, "last_inspection": null, "receiving_water_impaired": null, "impairment_causes": null, "sic": null, "naics": null, "permit_expires": "01/28/2030", "km_from_ref": 25.2, "in_echo_search_list": null, "dfr_url": "https://echo.epa.gov/detailed-facility-report?fid=NYR11R434&sys=ICP", "watchlist_note": null}}, {"type": "Feature", "geometry": {"type": "Point", "coordinates": [-74.133285, 42.180581]}, "properties": {"npdes_id": "NYR11N861", "facility": "LOT 5 - THE PATHS AT HUNTER FOREST", "city": "HUNTER", "county": null, "tier": "construction stormwater GP", "permit_type": "General Permit Covered Facility", "major_minor": "N", "permit_status": "Effective", "transect": "other / Albany metro", "receiving_water": "ACOE WETLAND", "huc8": "Schoharie", "design_flow_mgd": null, "actual_flow_mgd": null, "compliance_status": "No Violation Identified", "snc_status": null, "qtrs_noncompliance_12": 0, "qtrs_snc": 0, "missed_dmr_qtrs": null, "effluent_violations_3yr": 0, "pollutants_with_violation": null, "limited_pollutants": null, "dmr_pounds_yr": null, "dmr_toxic_weighted_lb": null, "penalties_usd": 0, "formal_actions_5yr": null, "informal_actions_5yr": 0, "inspections_5yr": 0, "last_inspection": null, "receiving_water_impaired": null, "impairment_causes": null, "sic": null, "naics": null, "permit_expires": "01/28/2030", "km_from_ref": 37.2, "in_echo_search_list": null, "dfr_url": "https://echo.epa.gov/detailed-facility-report?fid=NYR11N861&sys=ICP", "watchlist_note": null}}, {"type": "Feature", "geometry": {"type": "Point", "coordinates": [-73.783585, 42.621308]}, "properties": {"npdes_id": "NYR11B149", "facility": "CONTRACTOR'S YARD", "city": "GLENMONT", "county": null, "tier": "construction stormwater GP", "permit_type": "General Permit Covered Facility", "major_minor": "N", "permit_status": "Effective", "transect": "other / Albany metro", "receiving_water": "ON-SITE WETLAND", "huc8": "Middle Hudson", "design_flow_mgd": null, "actual_flow_mgd": null, "compliance_status": "No Violation Identified", "snc_status": null, "qtrs_noncompliance_12": 0, "qtrs_snc": 0, "missed_dmr_qtrs": null, "effluent_violations_3yr": 0, "pollutants_with_violation": null, "limited_pollutants": null, "dmr_pounds_yr": null, "dmr_toxic_weighted_lb": null, "penalties_usd": 0, "formal_actions_5yr": null, "informal_actions_5yr": 0, "inspections_5yr": 0, "last_inspection": null, "receiving_water_impaired": null, "impairment_causes": null, "sic": null, "naics": null, "permit_expires": "01/28/2030", "km_from_ref": 31.9, "in_echo_search_list": null, "dfr_url": "https://echo.epa.gov/detailed-facility-report?fid=NYR11B149&sys=ICP", "watchlist_note": null}}, {"type": "Feature", "geometry": {"type": "Point", "coordinates": [-73.962184, 42.179493]}, "properties": {"npdes_id": "NYR11L211", "facility": "THE NEST SUBDIVISION", "city": "CATSKILL", "county": null, "tier": "construction stormwater GP", "permit_type": "General Permit Covered Facility", "major_minor": "N", "permit_status": "Effective", "transect": "other / Albany metro", "receiving_water": "ON-SITE WETLAND", "huc8": "Middle Hudson", "design_flow_mgd": null, "actual_flow_mgd": null, "compliance_status": "No Violation Identified", "snc_status": null, "qtrs_noncompliance_12": 0, "qtrs_snc": 0, "missed_dmr_qtrs": null, "effluent_violations_3yr": 0, "pollutants_with_violation": null, "limited_pollutants": null, "dmr_pounds_yr": null, "dmr_toxic_weighted_lb": null, "penalties_usd": 0, "formal_actions_5yr": null, "informal_actions_5yr": 0, "inspections_5yr": 0, "last_inspection": null, "receiving_water_impaired": null, "impairment_causes": null, "sic": null, "naics": null, "permit_expires": "01/28/2030", "km_from_ref": 40.2, "in_echo_search_list": null, "dfr_url": "https://echo.epa.gov/detailed-facility-report?fid=NYR11L211&sys=ICP", "watchlist_note": null}}, {"type": "Feature", "geometry": {"type": "Point", "coordinates": [-74.337911, 42.607026]}, "properties": {"npdes_id": "NYR11C010", "facility": "MIDDLEBURGH MEADOWS", "city": "MIDDLEBURGH", "county": null, "tier": "construction stormwater GP", "permit_type": "General Permit Covered Facility", "major_minor": "N", "permit_status": "Effective", "transect": "Schoharie Creek basin", "receiving_water": "SCHOHARIE CREEK", "huc8": null, "design_flow_mgd": null, "actual_flow_mgd": null, "compliance_status": "No Violation Identified", "snc_status": null, "qtrs_noncompliance_12": 0, "qtrs_snc": 0, "missed_dmr_qtrs": null, "effluent_violations_3yr": 0, "pollutants_with_violation": null, "limited_pollutants": null, "dmr_pounds_yr": null, "dmr_toxic_weighted_lb": null, "penalties_usd": 0, "formal_actions_5yr": null, "informal_actions_5yr": 0, "inspections_5yr": 0, "last_inspection": null, "receiving_water_impaired": null, "impairment_causes": null, "sic": null, "naics": null, "permit_expires": "01/28/2030", "km_from_ref": 18.8, "in_echo_search_list": null, "dfr_url": "https://echo.epa.gov/detailed-facility-report?fid=NYR11C010&sys=ICP", "watchlist_note": null}}, {"type": "Feature", "geometry": {"type": "Point", "coordinates": [-74.41144, 42.37548]}, "properties": {"npdes_id": "NYR11Q796", "facility": "MANOR KILL STREAMBANK RESTORATION AT PANGMAN ROAD", "city": "GILBOA", "county": null, "tier": "construction stormwater GP", "permit_type": "General Permit Covered Facility", "major_minor": "N", "permit_status": "Effective", "transect": "other / Albany metro", "receiving_water": "MANOR KILL AND TRIBS", "huc8": "Schoharie", "design_flow_mgd": null, "actual_flow_mgd": null, "compliance_status": "No Violation Identified", "snc_status": null, "qtrs_noncompliance_12": 0, "qtrs_snc": 0, "missed_dmr_qtrs": null, "effluent_violations_3yr": 0, "pollutants_with_violation": null, "limited_pollutants": null, "dmr_pounds_yr": null, "dmr_toxic_weighted_lb": null, "penalties_usd": 0, "formal_actions_5yr": null, "informal_actions_5yr": 0, "inspections_5yr": 0, "last_inspection": null, "receiving_water_impaired": null, "impairment_causes": null, "sic": null, "naics": null, "permit_expires": "01/28/2030", "km_from_ref": 26.8, "in_echo_search_list": null, "dfr_url": "https://echo.epa.gov/detailed-facility-report?fid=NYR11Q796&sys=ICP", "watchlist_note": null}}, {"type": "Feature", "geometry": {"type": "Point", "coordinates": [-73.937685, 42.703014]}, "properties": {"npdes_id": "NYR11N472", "facility": "NY ROUTE 146 OVER NORMANS KILL BRIDGE REPLACEMENT", "city": "GUILDERLAND", "county": null, "tier": "construction stormwater GP", "permit_type": "General Permit Covered Facility", "major_minor": "N", "permit_status": "Effective", "transect": "other / Albany metro", "receiving_water": "NORMANS KILL", "huc8": "Middle Hudson", "design_flow_mgd": null, "actual_flow_mgd": null, "compliance_status": "No Violation Identified", "snc_status": null, "qtrs_noncompliance_12": 0, "qtrs_snc": 0, "missed_dmr_qtrs": null, "effluent_violations_3yr": 0, "pollutants_with_violation": null, "limited_pollutants": null, "dmr_pounds_yr": null, "dmr_toxic_weighted_lb": null, "penalties_usd": 0, "formal_actions_5yr": null, "informal_actions_5yr": 0, "inspections_5yr": 0, "last_inspection": null, "receiving_water_impaired": null, "impairment_causes": null, "sic": null, "naics": null, "permit_expires": "01/28/2030", "km_from_ref": 26.9, "in_echo_search_list": null, "dfr_url": "https://echo.epa.gov/detailed-facility-report?fid=NYR11N472&sys=ICP", "watchlist_note": null}}, {"type": "Feature", "geometry": {"type": "Point", "coordinates": [-73.98885, 42.71229]}, "properties": {"npdes_id": "NYR11E384", "facility": "PROPOSED MIX-USE DEVELOPMENT", "city": "GUILDERLAND", "county": null, "tier": "construction stormwater GP", "permit_type": "General Permit Covered Facility", "major_minor": "N", "permit_status": "Effective", "transect": "other / Albany metro", "receiving_water": "BLACK CREEK", "huc8": "Middle Hudson", "design_flow_mgd": null, "actual_flow_mgd": null, "compliance_status": "No Violation Identified", "snc_status": null, "qtrs_noncompliance_12": 0, "qtrs_snc": 0, "missed_dmr_qtrs": null, "effluent_violations_3yr": 0, "pollutants_with_violation": null, "limited_pollutants": null, "dmr_pounds_yr": null, "dmr_toxic_weighted_lb": null, "penalties_usd": 0, "formal_actions_5yr": null, "informal_actions_5yr": 0, "inspections_5yr": 0, "last_inspection": null, "receiving_water_impaired": null, "impairment_causes": null, "sic": null, "naics": null, "permit_expires": "01/28/2030", "km_from_ref": 25.4, "in_echo_search_list": null, "dfr_url": "https://echo.epa.gov/detailed-facility-report?fid=NYR11E384&sys=ICP", "watchlist_note": null}}, {"type": "Feature", "geometry": {"type": "Point", "coordinates": [-73.84358, 42.66979]}, "properties": {"npdes_id": "NYR11Q386", "facility": "PROPOSED RESIDENTIAL SUBDIVISION AT VAUGHN DRIVE", "city": "GUILDERLAND", "county": null, "tier": "construction stormwater GP", "permit_type": "General Permit Covered Facility", "major_minor": "N", "permit_status": "Effective", "transect": "other / Albany metro", "receiving_water": "NORMANS KILL, UPPER, AND TRIBS - 1311-0018", "huc8": "Middle Hudson", "design_flow_mgd": null, "actual_flow_mgd": null, "compliance_status": "No Violation Identified", "snc_status": null, "qtrs_noncompliance_12": 0, "qtrs_snc": 0, "missed_dmr_qtrs": null, "effluent_violations_3yr": 0, "pollutants_with_violation": null, "limited_pollutants": null, "dmr_pounds_yr": null, "dmr_toxic_weighted_lb": null, "penalties_usd": 0, "formal_actions_5yr": null, "informal_actions_5yr": 0, "inspections_5yr": 0, "last_inspection": null, "receiving_water_impaired": null, "impairment_causes": null, "sic": null, "naics": null, "permit_expires": "01/28/2030", "km_from_ref": 30.1, "in_echo_search_list": null, "dfr_url": "https://echo.epa.gov/detailed-facility-report?fid=NYR11Q386&sys=ICP", "watchlist_note": null}}, {"type": "Feature", "geometry": {"type": "Point", "coordinates": [-73.89516, 42.69202]}, "properties": {"npdes_id": "NYR11R429", "facility": "FARNSWORTH MIDDLE SCHOOL CAMPUS IMPROVEMENTS", "city": "GUILDERLAND", "county": "Albany", "tier": "construction stormwater GP", "permit_type": "General Permit Covered Facility", "major_minor": "N", "permit_status": "Effective", "transect": "other / Albany metro", "receiving_water": "BLOCKHOUSE CREEK", "huc8": "Middle Hudson", "design_flow_mgd": null, "actual_flow_mgd": null, "compliance_status": "No Violation Identified", "snc_status": null, "qtrs_noncompliance_12": 0, "qtrs_snc": 0, "missed_dmr_qtrs": null, "effluent_violations_3yr": 0, "pollutants_with_violation": null, "limited_pollutants": null, "dmr_pounds_yr": null, "dmr_toxic_weighted_lb": null, "penalties_usd": 0, "formal_actions_5yr": null, "informal_actions_5yr": 0, "inspections_5yr": 0, "last_inspection": null, "receiving_water_impaired": null, "impairment_causes": null, "sic": null, "naics": null, "permit_expires": "01/28/2030", "km_from_ref": 28.4, "in_echo_search_list": null, "dfr_url": "https://echo.epa.gov/detailed-facility-report?fid=NYR11R429&sys=ICP", "watchlist_note": null}}, {"type": "Feature", "geometry": {"type": "Point", "coordinates": [-73.89543, 42.69196]}, "properties": {"npdes_id": "NYR11I410", "facility": "HIAWATHA TRAILS", "city": "GUILDERLAND", "county": null, "tier": "construction stormwater GP", "permit_type": "General Permit Covered Facility", "major_minor": "N", "permit_status": "Effective", "transect": "other / Albany metro", "receiving_water": "KAIKOUT KILL", "huc8": "Middle Hudson", "design_flow_mgd": null, "actual_flow_mgd": null, "compliance_status": "No Violation Identified", "snc_status": null, "qtrs_noncompliance_12": 0, "qtrs_snc": 0, "missed_dmr_qtrs": null, "effluent_violations_3yr": 0, "pollutants_with_violation": null, "limited_pollutants": null, "dmr_pounds_yr": null, "dmr_toxic_weighted_lb": null, "penalties_usd": 0, "formal_actions_5yr": null, "informal_actions_5yr": 0, "inspections_5yr": 0, "last_inspection": null, "receiving_water_impaired": null, "impairment_causes": null, "sic": null, "naics": null, "permit_expires": "01/28/2030", "km_from_ref": 28.4, "in_echo_search_list": null, "dfr_url": "https://echo.epa.gov/detailed-facility-report?fid=NYR11I410&sys=ICP", "watchlist_note": null}}, {"type": "Feature", "geometry": {"type": "Point", "coordinates": [-74.023299, 42.716527]}, "properties": {"npdes_id": "NYR11L253", "facility": "GUILDERLAND", "city": "GUILDERLAND", "county": null, "tier": "construction stormwater GP", "permit_type": "General Permit Covered Facility", "major_minor": "N", "permit_status": "Effective", "transect": "other / Albany metro", "receiving_water": "BOZEN KILL", "huc8": "Middle Hudson", "design_flow_mgd": null, "actual_flow_mgd": null, "compliance_status": "No Violation Identified", "snc_status": null, "qtrs_noncompliance_12": 0, "qtrs_snc": 0, "missed_dmr_qtrs": null, "effluent_violations_3yr": 0, "pollutants_with_violation": null, "limited_pollutants": null, "dmr_pounds_yr": null, "dmr_toxic_weighted_lb": null, "penalties_usd": 0, "formal_actions_5yr": null, "informal_actions_5yr": 0, "inspections_5yr": 0, "last_inspection": null, "receiving_water_impaired": null, "impairment_causes": null, "sic": null, "naics": null, "permit_expires": "01/28/2030", "km_from_ref": 24.5, "in_echo_search_list": null, "dfr_url": "https://echo.epa.gov/detailed-facility-report?fid=NYR11L253&sys=ICP", "watchlist_note": null}}, {"type": "Feature", "geometry": {"type": "Point", "coordinates": [-73.773435, 42.631605]}, "properties": {"npdes_id": "NYR11N466", "facility": "280 MOUNT HOPE DRIVE", "city": "ALBANY", "county": null, "tier": "construction stormwater GP", "permit_type": "General Permit Covered Facility", "major_minor": "N", "permit_status": "Effective", "transect": "other / Albany metro", "receiving_water": "NORMANSKILL", "huc8": "Middle Hudson", "design_flow_mgd": null, "actual_flow_mgd": null, "compliance_status": "No Violation Identified", "snc_status": null, "qtrs_noncompliance_12": 0, "qtrs_snc": 0, "missed_dmr_qtrs": null, "effluent_violations_3yr": 0, "pollutants_with_violation": null, "limited_pollutants": null, "dmr_pounds_yr": null, "dmr_toxic_weighted_lb": null, "penalties_usd": 0, "formal_actions_5yr": null, "informal_actions_5yr": 0, "inspections_5yr": 0, "last_inspection": null, "receiving_water_impaired": null, "impairment_causes": null, "sic": null, "naics": null, "permit_expires": "01/28/2030", "km_from_ref": 33.1, "in_echo_search_list": null, "dfr_url": "https://echo.epa.gov/detailed-facility-report?fid=NYR11N466&sys=ICP", "watchlist_note": null}}, {"type": "Feature", "geometry": {"type": "Point", "coordinates": [-74.384244, 42.30769]}, "properties": {"npdes_id": "NYR11Q947", "facility": "BATAVIA KILL RESTORATION AT RED FALLS PROJECT 4", "city": "PRATTSVILLE", "county": null, "tier": "construction stormwater GP", "permit_type": "General Permit Covered Facility", "major_minor": "N", "permit_status": "Effective", "transect": "Schoharie Creek basin", "receiving_water": "BATAVIA KILL, LOWER, AND TRIBS - 1202-0001", "huc8": "Schoharie", "design_flow_mgd": null, "actual_flow_mgd": null, "compliance_status": "No Violation Identified", "snc_status": null, "qtrs_noncompliance_12": 0, "qtrs_snc": 0, "missed_dmr_qtrs": null, "effluent_violations_3yr": 0, "pollutants_with_violation": null, "limited_pollutants": null, "dmr_pounds_yr": null, "dmr_toxic_weighted_lb": null, "penalties_usd": 0, "formal_actions_5yr": null, "informal_actions_5yr": 0, "inspections_5yr": 0, "last_inspection": null, "receiving_water_impaired": null, "impairment_causes": null, "sic": null, "naics": null, "permit_expires": "01/28/2030", "km_from_ref": 30.2, "in_echo_search_list": null, "dfr_url": "https://echo.epa.gov/detailed-facility-report?fid=NYR11Q947&sys=ICP", "watchlist_note": null}}, {"type": "Feature", "geometry": {"type": "Point", "coordinates": [-73.75983, 42.6224]}, "properties": {"npdes_id": "NYR11K378", "facility": "700 SMITH BLVD", "city": "ALBANY", "county": null, "tier": "construction stormwater GP", "permit_type": "General Permit Covered Facility", "major_minor": "N", "permit_status": "Effective", "transect": "Hudson mainstem", "receiving_water": "HUDSON RIVER", "huc8": "Middle Hudson", "design_flow_mgd": null, "actual_flow_mgd": null, "compliance_status": "No Violation Identified", "snc_status": null, "qtrs_noncompliance_12": 0, "qtrs_snc": 0, "missed_dmr_qtrs": null, "effluent_violations_3yr": 0, "pollutants_with_violation": null, "limited_pollutants": null, "dmr_pounds_yr": null, "dmr_toxic_weighted_lb": null, "penalties_usd": 0, "formal_actions_5yr": null, "informal_actions_5yr": 0, "inspections_5yr": 0, "last_inspection": null, "receiving_water_impaired": "Y", "impairment_causes": "POLYCHLORINATED BIPHENYLS (PCBS)", "sic": null, "naics": null, "permit_expires": "01/28/2030", "km_from_ref": 33.7, "in_echo_search_list": null, "dfr_url": "https://echo.epa.gov/detailed-facility-report?fid=NYR11K378&sys=ICP", "watchlist_note": null}}, {"type": "Feature", "geometry": {"type": "Point", "coordinates": [-73.91745, 42.70648]}, "properties": {"npdes_id": "NYR11R140", "facility": "A-METRO SELF STORAGE", "city": "GUILDERLAND", "county": null, "tier": "construction stormwater GP", "permit_type": "General Permit Covered Facility", "major_minor": "N", "permit_status": "Effective", "transect": "other / Albany metro", "receiving_water": "HUNGER KILL", "huc8": "Middle Hudson", "design_flow_mgd": null, "actual_flow_mgd": null, "compliance_status": "No Violation Identified", "snc_status": null, "qtrs_noncompliance_12": 0, "qtrs_snc": 0, "missed_dmr_qtrs": null, "effluent_violations_3yr": 0, "pollutants_with_violation": null, "limited_pollutants": null, "dmr_pounds_yr": null, "dmr_toxic_weighted_lb": null, "penalties_usd": 0, "formal_actions_5yr": null, "informal_actions_5yr": 0, "inspections_5yr": 0, "last_inspection": null, "receiving_water_impaired": null, "impairment_causes": null, "sic": null, "naics": null, "permit_expires": "01/28/2030", "km_from_ref": 28.3, "in_echo_search_list": null, "dfr_url": "https://echo.epa.gov/detailed-facility-report?fid=NYR11R140&sys=ICP", "watchlist_note": null}}, {"type": "Feature", "geometry": {"type": "Point", "coordinates": [-73.858625, 42.687831]}, "properties": {"npdes_id": "NYR11P599", "facility": "COSTCO CROSSGATES MALL", "city": "ALBANY", "county": null, "tier": "construction stormwater GP", "permit_type": "General Permit Covered Facility", "major_minor": "N", "permit_status": "Effective", "transect": "other / Albany metro", "receiving_water": "KRUM KILL, UPPER, AND TRIBS - 1311-0004", "huc8": "Middle Hudson", "design_flow_mgd": null, "actual_flow_mgd": null, "compliance_status": "No Violation Identified", "snc_status": null, "qtrs_noncompliance_12": 0, "qtrs_snc": 0, "missed_dmr_qtrs": null, "effluent_violations_3yr": 0, "pollutants_with_violation": null, "limited_pollutants": null, "dmr_pounds_yr": null, "dmr_toxic_weighted_lb": null, "penalties_usd": 0, "formal_actions_5yr": null, "informal_actions_5yr": 0, "inspections_5yr": 0, "last_inspection": null, "receiving_water_impaired": "Y", "impairment_causes": "DISSOLVED OXYGEN | FECAL COLIFORM | PHOSPHORUS", "sic": null, "naics": null, "permit_expires": "01/28/2030", "km_from_ref": 30.3, "in_echo_search_list": null, "dfr_url": "https://echo.epa.gov/detailed-facility-report?fid=NYR11P599&sys=ICP", "watchlist_note": null}}, {"type": "Feature", "geometry": {"type": "Point", "coordinates": [-73.92626, 42.71079]}, "properties": {"npdes_id": "NYR11H727", "facility": "STORE AWAY AT WESTERN AVE", "city": "ALTAMONT", "county": null, "tier": "construction stormwater GP", "permit_type": "General Permit Covered Facility", "major_minor": "N", "permit_status": "Effective", "transect": "other / Albany metro", "receiving_water": "UNNAMED STREAM", "huc8": "Middle Hudson", "design_flow_mgd": null, "actual_flow_mgd": null, "compliance_status": "No Violation Identified", "snc_status": null, "qtrs_noncompliance_12": 0, "qtrs_snc": 0, "missed_dmr_qtrs": null, "effluent_violations_3yr": 0, "pollutants_with_violation": null, "limited_pollutants": null, "dmr_pounds_yr": null, "dmr_toxic_weighted_lb": null, "penalties_usd": 0, "formal_actions_5yr": null, "informal_actions_5yr": 0, "inspections_5yr": 0, "last_inspection": null, "receiving_water_impaired": null, "impairment_causes": null, "sic": null, "naics": null, "permit_expires": "01/28/2030", "km_from_ref": 28.2, "in_echo_search_list": null, "dfr_url": "https://echo.epa.gov/detailed-facility-report?fid=NYR11H727&sys=ICP", "watchlist_note": null}}, {"type": "Feature", "geometry": {"type": "Point", "coordinates": [-73.84924, 42.68479]}, "properties": {"npdes_id": "NYR11N679", "facility": "1583 WESTERN AVE SELF STORAGE FACILITY", "city": "GUILDERLAND", "county": null, "tier": "construction stormwater GP", "permit_type": "General Permit Covered Facility", "major_minor": "N", "permit_status": "Effective", "transect": "other / Albany metro", "receiving_water": "UNNAMED TRIBUTARY OF THE KRUM KILL", "huc8": "Middle Hudson", "design_flow_mgd": null, "actual_flow_mgd": null, "compliance_status": "No Violation Identified", "snc_status": null, "qtrs_noncompliance_12": 0, "qtrs_snc": 0, "missed_dmr_qtrs": null, "effluent_violations_3yr": 0, "pollutants_with_violation": null, "limited_pollutants": null, "dmr_pounds_yr": null, "dmr_toxic_weighted_lb": null, "penalties_usd": 0, "formal_actions_5yr": null, "informal_actions_5yr": 0, "inspections_5yr": 0, "last_inspection": null, "receiving_water_impaired": null, "impairment_causes": null, "sic": null, "naics": null, "permit_expires": "01/28/2030", "km_from_ref": 30.7, "in_echo_search_list": null, "dfr_url": "https://echo.epa.gov/detailed-facility-report?fid=NYR11N679&sys=ICP", "watchlist_note": null}}, {"type": "Feature", "geometry": {"type": "Point", "coordinates": [-73.94421, 42.71563]}, "properties": {"npdes_id": "NYR11P887", "facility": "MIXED USE BUILDING", "city": "ALTAMONT", "county": null, "tier": "construction stormwater GP", "permit_type": "General Permit Covered Facility", "major_minor": "N", "permit_status": "Effective", "transect": "other / Albany metro", "receiving_water": "HUNGER KILL", "huc8": "Middle Hudson", "design_flow_mgd": null, "actual_flow_mgd": null, "compliance_status": "No Violation Identified", "snc_status": null, "qtrs_noncompliance_12": 0, "qtrs_snc": 0, "missed_dmr_qtrs": null, "effluent_violations_3yr": 0, "pollutants_with_violation": null, "limited_pollutants": null, "dmr_pounds_yr": null, "dmr_toxic_weighted_lb": null, "penalties_usd": 0, "formal_actions_5yr": null, "informal_actions_5yr": 0, "inspections_5yr": 0, "last_inspection": null, "receiving_water_impaired": null, "impairment_causes": null, "sic": null, "naics": null, "permit_expires": "01/28/2030", "km_from_ref": 27.7, "in_echo_search_list": null, "dfr_url": "https://echo.epa.gov/detailed-facility-report?fid=NYR11P887&sys=ICP", "watchlist_note": null}}, {"type": "Feature", "geometry": {"type": "Point", "coordinates": [-73.851149, 42.687301]}, "properties": {"npdes_id": "NYR11P167", "facility": "4 CROSSGATES MALL ROAD", "city": "GUILDERLAND", "county": null, "tier": "construction stormwater GP", "permit_type": "General Permit Covered Facility", "major_minor": "N", "permit_status": "Effective", "transect": "other / Albany metro", "receiving_water": "WETLAND", "huc8": "Middle Hudson", "design_flow_mgd": null, "actual_flow_mgd": null, "compliance_status": "No Violation Identified", "snc_status": null, "qtrs_noncompliance_12": 0, "qtrs_snc": 0, "missed_dmr_qtrs": null, "effluent_violations_3yr": 0, "pollutants_with_violation": null, "limited_pollutants": null, "dmr_pounds_yr": null, "dmr_toxic_weighted_lb": null, "penalties_usd": 0, "formal_actions_5yr": null, "informal_actions_5yr": 0, "inspections_5yr": 0, "last_inspection": null, "receiving_water_impaired": "Y", "impairment_causes": "HARMFUL ALGAL BLOOMS", "sic": null, "naics": null, "permit_expires": "01/28/2030", "km_from_ref": 30.7, "in_echo_search_list": null, "dfr_url": "https://echo.epa.gov/detailed-facility-report?fid=NYR11P167&sys=ICP", "watchlist_note": null}}, {"type": "Feature", "geometry": {"type": "Point", "coordinates": [-73.8993642, 42.7046689]}, "properties": {"npdes_id": "NYR11Q418", "facility": "BARTH MEADOWS RESIDENTIAL CLUSTER SUBDIVISION", "city": "GUILDERLAND", "county": null, "tier": "construction stormwater GP", "permit_type": "General Permit Covered Facility", "major_minor": "N", "permit_status": "Effective", "transect": "other / Albany metro", "receiving_water": "UNNAMED WETLANDS ON-SITE", "huc8": null, "design_flow_mgd": null, "actual_flow_mgd": null, "compliance_status": "No Violation Identified", "snc_status": null, "qtrs_noncompliance_12": 0, "qtrs_snc": 0, "missed_dmr_qtrs": null, "effluent_violations_3yr": 0, "pollutants_with_violation": null, "limited_pollutants": null, "dmr_pounds_yr": null, "dmr_toxic_weighted_lb": null, "penalties_usd": 0, "formal_actions_5yr": null, "informal_actions_5yr": 0, "inspections_5yr": 0, "last_inspection": null, "receiving_water_impaired": null, "impairment_causes": null, "sic": null, "naics": null, "permit_expires": "01/28/2030", "km_from_ref": 29.1, "in_echo_search_list": null, "dfr_url": "https://echo.epa.gov/detailed-facility-report?fid=NYR11Q418&sys=ICP", "watchlist_note": null}}, {"type": "Feature", "geometry": {"type": "Point", "coordinates": [-73.8993642, 42.7046689]}, "properties": {"npdes_id": "NYR10I158", "facility": "PRESCOTT WOODS PHASES B, C, & D", "city": "GUILDERLAND", "county": "Albany", "tier": "construction stormwater GP", "permit_type": "General Permit Covered Facility", "major_minor": "N", "permit_status": "Expired", "transect": "other / Albany metro", "receiving_water": "BLACKHOUSE CREEK", "huc8": null, "design_flow_mgd": null, "actual_flow_mgd": null, "compliance_status": "No Violation Identified", "snc_status": null, "qtrs_noncompliance_12": 0, "qtrs_snc": 0, "missed_dmr_qtrs": null, "effluent_violations_3yr": 0, "pollutants_with_violation": null, "limited_pollutants": null, "dmr_pounds_yr": null, "dmr_toxic_weighted_lb": null, "penalties_usd": 0, "formal_actions_5yr": null, "informal_actions_5yr": 0, "inspections_5yr": 0, "last_inspection": null, "receiving_water_impaired": null, "impairment_causes": null, "sic": null, "naics": null, "permit_expires": "01/08/2008", "km_from_ref": 29.1, "in_echo_search_list": null, "dfr_url": "https://echo.epa.gov/detailed-facility-report?fid=NYR10I158&sys=ICP", "watchlist_note": null}}, {"type": "Feature", "geometry": {"type": "Point", "coordinates": [-73.940934, 42.718632]}, "properties": {"npdes_id": "NYR11Q065", "facility": "DELLA ROCCA RESIDENTIAL SUBDIVISION", "city": "ALTAMONT", "county": null, "tier": "construction stormwater GP", "permit_type": "General Permit Covered Facility", "major_minor": "N", "permit_status": "Effective", "transect": "other / Albany metro", "receiving_water": "UNNAMED TRIBUTARY OF NORMANSKILL", "huc8": "Middle Hudson", "design_flow_mgd": null, "actual_flow_mgd": null, "compliance_status": "No Violation Identified", "snc_status": null, "qtrs_noncompliance_12": 0, "qtrs_snc": 0, "missed_dmr_qtrs": null, "effluent_violations_3yr": 0, "pollutants_with_violation": null, "limited_pollutants": null, "dmr_pounds_yr": null, "dmr_toxic_weighted_lb": null, "penalties_usd": 0, "formal_actions_5yr": null, "informal_actions_5yr": 0, "inspections_5yr": 0, "last_inspection": null, "receiving_water_impaired": null, "impairment_causes": null, "sic": null, "naics": null, "permit_expires": "01/28/2030", "km_from_ref": 28.1, "in_echo_search_list": null, "dfr_url": "https://echo.epa.gov/detailed-facility-report?fid=NYR11Q065&sys=ICP", "watchlist_note": null}}, {"type": "Feature", "geometry": {"type": "Point", "coordinates": [-73.94301, 42.71943]}, "properties": {"npdes_id": "NYR11P757", "facility": "PROPOSED DELLA ROCCA RESIDENTIAL SUBDIVISION", "city": "ALTAMONT", "county": null, "tier": "construction stormwater GP", "permit_type": "General Permit Covered Facility", "major_minor": "N", "permit_status": "Effective", "transect": "other / Albany metro", "receiving_water": "UNNAMED TRIBUTARY OF NORMANSKILL", "huc8": "Middle Hudson", "design_flow_mgd": null, "actual_flow_mgd": null, "compliance_status": "No Violation Identified", "snc_status": null, "qtrs_noncompliance_12": 0, "qtrs_snc": 0, "missed_dmr_qtrs": null, "effluent_violations_3yr": 0, "pollutants_with_violation": null, "limited_pollutants": null, "dmr_pounds_yr": null, "dmr_toxic_weighted_lb": null, "penalties_usd": 0, "formal_actions_5yr": null, "informal_actions_5yr": 0, "inspections_5yr": 0, "last_inspection": null, "receiving_water_impaired": null, "impairment_causes": null, "sic": null, "naics": null, "permit_expires": "01/28/2030", "km_from_ref": 28.1, "in_echo_search_list": null, "dfr_url": "https://echo.epa.gov/detailed-facility-report?fid=NYR11P757&sys=ICP", "watchlist_note": null}}, {"type": "Feature", "geometry": {"type": "Point", "coordinates": [-74.43925, 42.394528]}, "properties": {"npdes_id": "NYR11Q461", "facility": "GILBOA-CONESVILLE CSD - 2025 CAPITAL IMPROVEMENT PROJECT", "city": "GILBOA", "county": null, "tier": "construction stormwater GP", "permit_type": "General Permit Covered Facility", "major_minor": "N", "permit_status": "Effective", "transect": "Schoharie Creek basin", "receiving_water": "LITTLE SCHOHARIE CREEK, LOWER, AND TRIBS", "huc8": "Schoharie", "design_flow_mgd": null, "actual_flow_mgd": null, "compliance_status": "No Violation Identified", "snc_status": null, "qtrs_noncompliance_12": 0, "qtrs_snc": 0, "missed_dmr_qtrs": null, "effluent_violations_3yr": 0, "pollutants_with_violation": null, "limited_pollutants": null, "dmr_pounds_yr": null, "dmr_toxic_weighted_lb": null, "penalties_usd": 0, "formal_actions_5yr": null, "informal_actions_5yr": 0, "inspections_5yr": 0, "last_inspection": null, "receiving_water_impaired": null, "impairment_causes": null, "sic": null, "naics": null, "permit_expires": "01/28/2030", "km_from_ref": 27.6, "in_echo_search_list": null, "dfr_url": "https://echo.epa.gov/detailed-facility-report?fid=NYR11Q461&sys=ICP", "watchlist_note": null}}, {"type": "Feature", "geometry": {"type": "Point", "coordinates": [-73.85593, 42.69347]}, "properties": {"npdes_id": "NYR11P906", "facility": "RAPP ROAD OFFSITE IMPROVEMENTS", "city": "GUILDERLAND", "county": null, "tier": "construction stormwater GP", "permit_type": "General Permit Covered Facility", "major_minor": "N", "permit_status": "Effective", "transect": "other / Albany metro", "receiving_water": "UNNAMED TRIB", "huc8": "Middle Hudson", "design_flow_mgd": null, "actual_flow_mgd": null, "compliance_status": "No Violation Identified", "snc_status": null, "qtrs_noncompliance_12": 0, "qtrs_snc": 0, "missed_dmr_qtrs": null, "effluent_violations_3yr": 0, "pollutants_with_violation": null, "limited_pollutants": null, "dmr_pounds_yr": null, "dmr_toxic_weighted_lb": null, "penalties_usd": 0, "formal_actions_5yr": null, "informal_actions_5yr": 0, "inspections_5yr": 0, "last_inspection": null, "receiving_water_impaired": null, "impairment_causes": null, "sic": null, "naics": null, "permit_expires": "01/28/2030", "km_from_ref": 30.9, "in_echo_search_list": null, "dfr_url": "https://echo.epa.gov/detailed-facility-report?fid=NYR11P906&sys=ICP", "watchlist_note": null}}, {"type": "Feature", "geometry": {"type": "Point", "coordinates": [-73.85593, 42.69347]}, "properties": {"npdes_id": "NYR11K638", "facility": "THE APEX AT CROSSGATES", "city": "GUILDERLAND", "county": null, "tier": "construction stormwater GP", "permit_type": "General Permit Covered Facility", "major_minor": "N", "permit_status": "Effective", "transect": "other / Albany metro", "receiving_water": "MCKOWNVILLE RESERVOIR", "huc8": "Middle Hudson", "design_flow_mgd": null, "actual_flow_mgd": null, "compliance_status": "No Violation Identified", "snc_status": null, "qtrs_noncompliance_12": 0, "qtrs_snc": 0, "missed_dmr_qtrs": null, "effluent_violations_3yr": 0, "pollutants_with_violation": null, "limited_pollutants": null, "dmr_pounds_yr": null, "dmr_toxic_weighted_lb": null, "penalties_usd": 0, "formal_actions_5yr": null, "informal_actions_5yr": 0, "inspections_5yr": 0, "last_inspection": null, "receiving_water_impaired": null, "impairment_causes": null, "sic": null, "naics": null, "permit_expires": "01/28/2030", "km_from_ref": 30.9, "in_echo_search_list": null, "dfr_url": "https://echo.epa.gov/detailed-facility-report?fid=NYR11K638&sys=ICP", "watchlist_note": null}}, {"type": "Feature", "geometry": {"type": "Point", "coordinates": [-73.7983532, 42.6657453]}, "properties": {"npdes_id": "NYR11P771", "facility": "TL470 DELMAR", "city": "ALBANY", "county": null, "tier": "construction stormwater GP", "permit_type": "General Permit Covered Facility", "major_minor": "N", "permit_status": "Effective", "transect": "other / Albany metro", "receiving_water": "NORMANS KILL, LOWER, AND MINOR TRIBS - 1311-0010", "huc8": null, "design_flow_mgd": null, "actual_flow_mgd": null, "compliance_status": "No Violation Identified", "snc_status": null, "qtrs_noncompliance_12": 0, "qtrs_snc": 0, "missed_dmr_qtrs": null, "effluent_violations_3yr": 0, "pollutants_with_violation": null, "limited_pollutants": null, "dmr_pounds_yr": null, "dmr_toxic_weighted_lb": null, "penalties_usd": 0, "formal_actions_5yr": null, "informal_actions_5yr": 0, "inspections_5yr": 0, "last_inspection": null, "receiving_water_impaired": "Y", "impairment_causes": "AMMONIA | DISSOLVED OXYGEN", "sic": null, "naics": null, "permit_expires": "01/28/2030", "km_from_ref": 33.0, "in_echo_search_list": null, "dfr_url": "https://echo.epa.gov/detailed-facility-report?fid=NYR11P771&sys=ICP", "watchlist_note": null}}, {"type": "Feature", "geometry": {"type": "Point", "coordinates": [-73.961524, 42.726045]}, "properties": {"npdes_id": "NYR11I729", "facility": "A-METRO ALTAMONT SELF STORAGE", "city": "GUILDERLAND", "county": null, "tier": "construction stormwater GP", "permit_type": "General Permit Covered Facility", "major_minor": "N", "permit_status": "Effective", "transect": "other / Albany metro", "receiving_water": "ON-SITE FEDERAL JURISDICTION WETLAND", "huc8": "Middle Hudson", "design_flow_mgd": null, "actual_flow_mgd": null, "compliance_status": "No Violation Identified", "snc_status": null, "qtrs_noncompliance_12": 0, "qtrs_snc": 0, "missed_dmr_qtrs": null, "effluent_violations_3yr": 0, "pollutants_with_violation": null, "limited_pollutants": null, "dmr_pounds_yr": null, "dmr_toxic_weighted_lb": null, "penalties_usd": 0, "formal_actions_5yr": null, "informal_actions_5yr": 0, "inspections_5yr": 0, "last_inspection": null, "receiving_water_impaired": "Y", "impairment_causes": "DISSOLVED OXYGEN | IRON, TOTAL | MANGANESE, TOTAL", "sic": null, "naics": null, "permit_expires": "01/28/2030", "km_from_ref": 27.8, "in_echo_search_list": null, "dfr_url": "https://echo.epa.gov/detailed-facility-report?fid=NYR11I729&sys=ICP", "watchlist_note": null}}, {"type": "Feature", "geometry": {"type": "Point", "coordinates": [-73.8769, 42.70572]}, "properties": {"npdes_id": "NYR11K946", "facility": "CORPORATE CIRCLE STORAGE AND WHOLESALE DISTRIBUTION OPERATION", "city": "ALBANY", "county": null, "tier": "construction stormwater GP", "permit_type": "General Permit Covered Facility", "major_minor": "N", "permit_status": "Effective", "transect": "other / Albany metro", "receiving_water": "KAIKOUT KILL", "huc8": "Middle Hudson", "design_flow_mgd": null, "actual_flow_mgd": null, "compliance_status": "No Violation Identified", "snc_status": null, "qtrs_noncompliance_12": 0, "qtrs_snc": 0, "missed_dmr_qtrs": null, "effluent_violations_3yr": 0, "pollutants_with_violation": null, "limited_pollutants": null, "dmr_pounds_yr": null, "dmr_toxic_weighted_lb": null, "penalties_usd": 0, "formal_actions_5yr": null, "informal_actions_5yr": 0, "inspections_5yr": 0, "last_inspection": null, "receiving_water_impaired": null, "impairment_causes": null, "sic": null, "naics": null, "permit_expires": "01/28/2030", "km_from_ref": 30.5, "in_echo_search_list": null, "dfr_url": "https://echo.epa.gov/detailed-facility-report?fid=NYR11K946&sys=ICP", "watchlist_note": null}}, {"type": "Feature", "geometry": {"type": "Point", "coordinates": [-73.83282, 42.688275]}, "properties": {"npdes_id": "NYR11E879", "facility": "SANDIDGE WAY", "city": "ALBANY", "county": null, "tier": "construction stormwater GP", "permit_type": "General Permit Covered Facility", "major_minor": "N", "permit_status": "Effective", "transect": "other / Albany metro", "receiving_water": "KRUMKILL", "huc8": "Middle Hudson", "design_flow_mgd": null, "actual_flow_mgd": null, "compliance_status": "No Violation Identified", "snc_status": null, "qtrs_noncompliance_12": 0, "qtrs_snc": 0, "missed_dmr_qtrs": null, "effluent_violations_3yr": 0, "pollutants_with_violation": null, "limited_pollutants": null, "dmr_pounds_yr": null, "dmr_toxic_weighted_lb": null, "penalties_usd": 0, "formal_actions_5yr": null, "informal_actions_5yr": 0, "inspections_5yr": 0, "last_inspection": null, "receiving_water_impaired": null, "impairment_causes": null, "sic": null, "naics": null, "permit_expires": "01/28/2030", "km_from_ref": 32.0, "in_echo_search_list": null, "dfr_url": "https://echo.epa.gov/detailed-facility-report?fid=NYR11E879&sys=ICP", "watchlist_note": null}}, {"type": "Feature", "geometry": {"type": "Point", "coordinates": [-73.755438, 42.639616]}, "properties": {"npdes_id": "NYR11Q381", "facility": "STEAMBOAT SQUARE REVITALIZATION - PHASE 2", "city": "ALBANY", "county": null, "tier": "construction stormwater GP", "permit_type": "General Permit Covered Facility", "major_minor": "N", "permit_status": "Effective", "transect": "Hudson mainstem", "receiving_water": "HUDSON RIVER (CLASS C) - 1301-0002", "huc8": "Middle Hudson", "design_flow_mgd": null, "actual_flow_mgd": null, "compliance_status": "No Violation Identified", "snc_status": null, "qtrs_noncompliance_12": 0, "qtrs_snc": 0, "missed_dmr_qtrs": null, "effluent_violations_3yr": 0, "pollutants_with_violation": null, "limited_pollutants": null, "dmr_pounds_yr": null, "dmr_toxic_weighted_lb": null, "penalties_usd": 0, "formal_actions_5yr": null, "informal_actions_5yr": 0, "inspections_5yr": 0, "last_inspection": null, "receiving_water_impaired": null, "impairment_causes": null, "sic": null, "naics": null, "permit_expires": "01/28/2030", "km_from_ref": 34.8, "in_echo_search_list": null, "dfr_url": "https://echo.epa.gov/detailed-facility-report?fid=NYR11Q381&sys=ICP", "watchlist_note": null}}, {"type": "Feature", "geometry": {"type": "Point", "coordinates": [-73.83152, 42.68874]}, "properties": {"npdes_id": "NYR11M257", "facility": "SUNY NANOFAB REFLECTION BUILDING AND UTILITIES PROJECT", "city": "ALBANY", "county": null, "tier": "construction stormwater GP", "permit_type": "General Permit Covered Facility", "major_minor": "N", "permit_status": "Effective", "transect": "other / Albany metro", "receiving_water": "PATROON CREEK THROUGH COUNTY CONVEYANCE", "huc8": "Middle Hudson", "design_flow_mgd": null, "actual_flow_mgd": null, "compliance_status": "No Violation Identified", "snc_status": null, "qtrs_noncompliance_12": 0, "qtrs_snc": 0, "missed_dmr_qtrs": null, "effluent_violations_3yr": 0, "pollutants_with_violation": null, "limited_pollutants": null, "dmr_pounds_yr": null, "dmr_toxic_weighted_lb": null, "penalties_usd": 0, "formal_actions_5yr": null, "informal_actions_5yr": 0, "inspections_5yr": 0, "last_inspection": null, "receiving_water_impaired": null, "impairment_causes": null, "sic": null, "naics": null, "permit_expires": "01/28/2030", "km_from_ref": 32.1, "in_echo_search_list": null, "dfr_url": "https://echo.epa.gov/detailed-facility-report?fid=NYR11M257&sys=ICP", "watchlist_note": null}}, {"type": "Feature", "geometry": {"type": "Point", "coordinates": [-73.83152, 42.68874]}, "properties": {"npdes_id": "NYR11P207", "facility": "SUNY NFR PARKING GARAGE", "city": "ALBANY", "county": null, "tier": "construction stormwater GP", "permit_type": "General Permit Covered Facility", "major_minor": "N", "permit_status": "Effective", "transect": "other / Albany metro", "receiving_water": "ON-SITE DETENTION POND", "huc8": "Middle Hudson", "design_flow_mgd": null, "actual_flow_mgd": null, "compliance_status": "No Violation Identified", "snc_status": null, "qtrs_noncompliance_12": 0, "qtrs_snc": 0, "missed_dmr_qtrs": null, "effluent_violations_3yr": 0, "pollutants_with_violation": null, "limited_pollutants": null, "dmr_pounds_yr": null, "dmr_toxic_weighted_lb": null, "penalties_usd": 0, "formal_actions_5yr": null, "informal_actions_5yr": 0, "inspections_5yr": 0, "last_inspection": null, "receiving_water_impaired": null, "impairment_causes": null, "sic": null, "naics": null, "permit_expires": "01/28/2030", "km_from_ref": 32.1, "in_echo_search_list": null, "dfr_url": "https://echo.epa.gov/detailed-facility-report?fid=NYR11P207&sys=ICP", "watchlist_note": null}}, {"type": "Feature", "geometry": {"type": "Point", "coordinates": [-74.31144, 42.66443]}, "properties": {"npdes_id": "NYR11J290", "facility": "VILLAGE OF SCHOHARIE WATER SYSTEM IMPROVEMENTS PROJECT", "city": "SCHOHARIE", "county": null, "tier": "construction stormwater GP", "permit_type": "General Permit Covered Facility", "major_minor": "N", "permit_status": "Effective", "transect": "Schoharie side (Fox Creek/Switz Kill)", "receiving_water": "FOX CREEK & SCHOHARIE CREEK", "huc8": "Schoharie", "design_flow_mgd": null, "actual_flow_mgd": null, "compliance_status": "No Violation Identified", "snc_status": null, "qtrs_noncompliance_12": 0, "qtrs_snc": 0, "missed_dmr_qtrs": null, "effluent_violations_3yr": 0, "pollutants_with_violation": null, "limited_pollutants": null, "dmr_pounds_yr": null, "dmr_toxic_weighted_lb": null, "penalties_usd": 0, "formal_actions_5yr": null, "informal_actions_5yr": 0, "inspections_5yr": 0, "last_inspection": null, "receiving_water_impaired": null, "impairment_causes": null, "sic": null, "naics": null, "permit_expires": "01/28/2030", "km_from_ref": 21.5, "in_echo_search_list": null, "dfr_url": "https://echo.epa.gov/detailed-facility-report?fid=NYR11J290&sys=ICP", "watchlist_note": null}}, {"type": "Feature", "geometry": {"type": "Point", "coordinates": [-74.447901, 42.39757]}, "properties": {"npdes_id": "NYR11N160", "facility": "GILBOA DAM AND ASSOCIATED FACILITIES", "city": "GILBOA", "county": null, "tier": "construction stormwater GP", "permit_type": "General Permit Covered Facility", "major_minor": "N", "permit_status": "Effective", "transect": "Schoharie Creek basin", "receiving_water": "UNNAMED STREAM (ON SITE) SCHOHARIE CREEK", "huc8": "Schoharie", "design_flow_mgd": null, "actual_flow_mgd": null, "compliance_status": "No Violation Identified", "snc_status": null, "qtrs_noncompliance_12": 0, "qtrs_snc": 0, "missed_dmr_qtrs": null, "effluent_violations_3yr": 0, "pollutants_with_violation": null, "limited_pollutants": null, "dmr_pounds_yr": null, "dmr_toxic_weighted_lb": null, "penalties_usd": 0, "formal_actions_5yr": null, "informal_actions_5yr": 0, "inspections_5yr": 0, "last_inspection": null, "receiving_water_impaired": null, "impairment_causes": null, "sic": null, "naics": null, "permit_expires": "01/28/2030", "km_from_ref": 28.0, "in_echo_search_list": null, "dfr_url": "https://echo.epa.gov/detailed-facility-report?fid=NYR11N160&sys=ICP", "watchlist_note": null}}, {"type": "Feature", "geometry": {"type": "Point", "coordinates": [-73.952863, 42.728763]}, "properties": {"npdes_id": "NYR11I984", "facility": "W OLD STATE ROAD 4-LOT SUBDIVISION", "city": "GUILDERLAND", "county": null, "tier": "construction stormwater GP", "permit_type": "General Permit Covered Facility", "major_minor": "N", "permit_status": "Effective", "transect": "other / Albany metro", "receiving_water": "DEC WETLAND IN THE REAR OF THE SITE", "huc8": "Middle Hudson", "design_flow_mgd": null, "actual_flow_mgd": null, "compliance_status": "No Violation Identified", "snc_status": null, "qtrs_noncompliance_12": 0, "qtrs_snc": 0, "missed_dmr_qtrs": null, "effluent_violations_3yr": 0, "pollutants_with_violation": null, "limited_pollutants": null, "dmr_pounds_yr": null, "dmr_toxic_weighted_lb": null, "penalties_usd": 0, "formal_actions_5yr": null, "informal_actions_5yr": 0, "inspections_5yr": 0, "last_inspection": null, "receiving_water_impaired": null, "impairment_causes": null, "sic": null, "naics": null, "permit_expires": "01/28/2030", "km_from_ref": 28.5, "in_echo_search_list": null, "dfr_url": "https://echo.epa.gov/detailed-facility-report?fid=NYR11I984&sys=ICP", "watchlist_note": null}}, {"type": "Feature", "geometry": {"type": "Point", "coordinates": [-73.80421, 42.68041]}, "properties": {"npdes_id": "NYR11P306", "facility": "NYS LIFE SCIENCES PUBLIC HEALTH LABORATORY", "city": "ALBANY", "county": null, "tier": "construction stormwater GP", "permit_type": "General Permit Covered Facility", "major_minor": "N", "permit_status": "Effective", "transect": "other / Albany metro", "receiving_water": "NORMANS KILL, LOWER, AND MINOR TRIBS - 1311-0010", "huc8": "Middle Hudson", "design_flow_mgd": null, "actual_flow_mgd": null, "compliance_status": "No Violation Identified", "snc_status": null, "qtrs_noncompliance_12": 0, "qtrs_snc": 0, "missed_dmr_qtrs": null, "effluent_violations_3yr": 0, "pollutants_with_violation": null, "limited_pollutants": null, "dmr_pounds_yr": null, "dmr_toxic_weighted_lb": null, "penalties_usd": 0, "formal_actions_5yr": null, "informal_actions_5yr": 0, "inspections_5yr": 0, "last_inspection": null, "receiving_water_impaired": null, "impairment_causes": null, "sic": null, "naics": null, "permit_expires": "01/28/2030", "km_from_ref": 33.4, "in_echo_search_list": null, "dfr_url": "https://echo.epa.gov/detailed-facility-report?fid=NYR11P306&sys=ICP", "watchlist_note": null}}, {"type": "Feature", "geometry": {"type": "Point", "coordinates": [-73.82238, 42.69053]}, "properties": {"npdes_id": "NYR11R170", "facility": "UALBANY PARKER POND INFRASTRUCTURE IMPROVEMENTS", "city": "ALBANY", "county": null, "tier": "construction stormwater GP", "permit_type": "General Permit Covered Facility", "major_minor": "N", "permit_status": "Effective", "transect": "other / Albany metro", "receiving_water": "PARKER POND", "huc8": "Middle Hudson", "design_flow_mgd": null, "actual_flow_mgd": null, "compliance_status": "No Violation Identified", "snc_status": null, "qtrs_noncompliance_12": 0, "qtrs_snc": 0, "missed_dmr_qtrs": null, "effluent_violations_3yr": 0, "pollutants_with_violation": null, "limited_pollutants": null, "dmr_pounds_yr": null, "dmr_toxic_weighted_lb": null, "penalties_usd": 0, "formal_actions_5yr": null, "informal_actions_5yr": 0, "inspections_5yr": 0, "last_inspection": null, "receiving_water_impaired": null, "impairment_causes": null, "sic": null, "naics": null, "permit_expires": "01/28/2030", "km_from_ref": 32.8, "in_echo_search_list": null, "dfr_url": "https://echo.epa.gov/detailed-facility-report?fid=NYR11R170&sys=ICP", "watchlist_note": null}}, {"type": "Feature", "geometry": {"type": "Point", "coordinates": [-74.22541, 42.714]}, "properties": {"npdes_id": "NYR11Q221", "facility": "BARTON HILL MANOR", "city": "DELANSON", "county": null, "tier": "construction stormwater GP", "permit_type": "General Permit Covered Facility", "major_minor": "N", "permit_status": "Effective", "transect": "Schoharie Creek basin", "receiving_water": "MINOR TRIBS TO SCHOHARIE CREEK - 1202-0040", "huc8": "Schoharie", "design_flow_mgd": null, "actual_flow_mgd": null, "compliance_status": "No Violation Identified", "snc_status": null, "qtrs_noncompliance_12": 0, "qtrs_snc": 0, "missed_dmr_qtrs": null, "effluent_violations_3yr": 0, "pollutants_with_violation": null, "limited_pollutants": null, "dmr_pounds_yr": null, "dmr_toxic_weighted_lb": null, "penalties_usd": 0, "formal_actions_5yr": null, "informal_actions_5yr": 0, "inspections_5yr": 0, "last_inspection": null, "receiving_water_impaired": null, "impairment_causes": null, "sic": null, "naics": null, "permit_expires": "01/28/2030", "km_from_ref": 23.1, "in_echo_search_list": null, "dfr_url": "https://echo.epa.gov/detailed-facility-report?fid=NYR11Q221&sys=ICP", "watchlist_note": null}}, {"type": "Feature", "geometry": {"type": "Point", "coordinates": [-74.417712, 42.305647]}, "properties": {"npdes_id": "NYR11R208", "facility": "DISCOVER LIFE CHURCH", "city": "PRATTSVILLE", "county": null, "tier": "construction stormwater GP", "permit_type": "General Permit Covered Facility", "major_minor": "N", "permit_status": "Effective", "transect": "Schoharie Creek basin", "receiving_water": "SCHOHARIE CREEK, UPPER, MAIN STEM", "huc8": "Schoharie", "design_flow_mgd": null, "actual_flow_mgd": null, "compliance_status": "No Violation Identified", "snc_status": null, "qtrs_noncompliance_12": 0, "qtrs_snc": 0, "missed_dmr_qtrs": null, "effluent_violations_3yr": 0, "pollutants_with_violation": null, "limited_pollutants": null, "dmr_pounds_yr": null, "dmr_toxic_weighted_lb": null, "penalties_usd": 0, "formal_actions_5yr": null, "informal_actions_5yr": 0, "inspections_5yr": 0, "last_inspection": null, "receiving_water_impaired": null, "impairment_causes": null, "sic": null, "naics": null, "permit_expires": "01/28/2030", "km_from_ref": 32.2, "in_echo_search_list": null, "dfr_url": "https://echo.epa.gov/detailed-facility-report?fid=NYR11R208&sys=ICP", "watchlist_note": null}}, {"type": "Feature", "geometry": {"type": "Point", "coordinates": [-73.95131, 42.73333]}, "properties": {"npdes_id": "NYR11H860", "facility": "FULLER STATION ROAD SUBDIVISION", "city": "SCHENECTADY", "county": null, "tier": "construction stormwater GP", "permit_type": "General Permit Covered Facility", "major_minor": "N", "permit_status": "Effective", "transect": "other / Albany metro", "receiving_water": "UNNAMED TRIBUTARY TO BOZEN KILL", "huc8": "Middle Hudson", "design_flow_mgd": null, "actual_flow_mgd": null, "compliance_status": "No Violation Identified", "snc_status": null, "qtrs_noncompliance_12": 0, "qtrs_snc": 0, "missed_dmr_qtrs": null, "effluent_violations_3yr": 0, "pollutants_with_violation": null, "limited_pollutants": null, "dmr_pounds_yr": null, "dmr_toxic_weighted_lb": null, "penalties_usd": 0, "formal_actions_5yr": null, "informal_actions_5yr": 0, "inspections_5yr": 0, "last_inspection": null, "receiving_water_impaired": null, "impairment_causes": null, "sic": null, "naics": null, "permit_expires": "01/28/2030", "km_from_ref": 29.0, "in_echo_search_list": null, "dfr_url": "https://echo.epa.gov/detailed-facility-report?fid=NYR11H860&sys=ICP", "watchlist_note": null}}, {"type": "Feature", "geometry": {"type": "Point", "coordinates": [-73.92284, 42.72759]}, "properties": {"npdes_id": "NYR10H090", "facility": "PATRIOT WOODS", "city": "GUILDERLAND", "county": null, "tier": "construction stormwater GP", "permit_type": "General Permit Covered Facility", "major_minor": "N", "permit_status": "Effective", "transect": "other / Albany metro", "receiving_water": "HUNGER KILL", "huc8": "Middle Hudson", "design_flow_mgd": null, "actual_flow_mgd": null, "compliance_status": "No Violation Identified", "snc_status": null, "qtrs_noncompliance_12": 0, "qtrs_snc": 0, "missed_dmr_qtrs": null, "effluent_violations_3yr": 0, "pollutants_with_violation": null, "limited_pollutants": null, "dmr_pounds_yr": null, "dmr_toxic_weighted_lb": null, "penalties_usd": 0, "formal_actions_5yr": null, "informal_actions_5yr": 0, "inspections_5yr": 0, "last_inspection": null, "receiving_water_impaired": null, "impairment_causes": null, "sic": null, "naics": null, "permit_expires": "01/28/2030", "km_from_ref": 29.8, "in_echo_search_list": null, "dfr_url": "https://echo.epa.gov/detailed-facility-report?fid=NYR10H090&sys=ICP", "watchlist_note": null}}, {"type": "Feature", "geometry": {"type": "Point", "coordinates": [-73.92284, 42.72759]}, "properties": {"npdes_id": "NYR10I061", "facility": "PINE BUSH MANOR", "city": "SCHENECTADY", "county": null, "tier": "construction stormwater GP", "permit_type": "General Permit Covered Facility", "major_minor": "N", "permit_status": "Effective", "transect": "other / Albany metro", "receiving_water": "HUNGER KILL", "huc8": "Middle Hudson", "design_flow_mgd": null, "actual_flow_mgd": null, "compliance_status": "No Violation Identified", "snc_status": null, "qtrs_noncompliance_12": 0, "qtrs_snc": 0, "missed_dmr_qtrs": null, "effluent_violations_3yr": 0, "pollutants_with_violation": null, "limited_pollutants": null, "dmr_pounds_yr": null, "dmr_toxic_weighted_lb": null, "penalties_usd": 0, "formal_actions_5yr": null, "informal_actions_5yr": 0, "inspections_5yr": 0, "last_inspection": null, "receiving_water_impaired": null, "impairment_causes": null, "sic": null, "naics": null, "permit_expires": "01/28/2030", "km_from_ref": 29.8, "in_echo_search_list": null, "dfr_url": "https://echo.epa.gov/detailed-facility-report?fid=NYR10I061&sys=ICP", "watchlist_note": null}}, {"type": "Feature", "geometry": {"type": "Point", "coordinates": [-74.361193, 42.241642]}, "properties": {"npdes_id": "NYR11Q890", "facility": "NEW HIGHWAY GARAGE", "city": "LEXINGTON", "county": null, "tier": "construction stormwater GP", "permit_type": "General Permit Covered Facility", "major_minor": "N", "permit_status": "Effective", "transect": "Schoharie Creek basin", "receiving_water": "TRIBUTARY TO SCHOHARIE CREEK", "huc8": "Schoharie", "design_flow_mgd": null, "actual_flow_mgd": null, "compliance_status": "No Violation Identified", "snc_status": null, "qtrs_noncompliance_12": 0, "qtrs_snc": 0, "missed_dmr_qtrs": null, "effluent_violations_3yr": 0, "pollutants_with_violation": null, "limited_pollutants": null, "dmr_pounds_yr": null, "dmr_toxic_weighted_lb": null, "penalties_usd": 0, "formal_actions_5yr": null, "informal_actions_5yr": 0, "inspections_5yr": 0, "last_inspection": null, "receiving_water_impaired": null, "impairment_causes": null, "sic": null, "naics": null, "permit_expires": "01/28/2030", "km_from_ref": 35.2, "in_echo_search_list": null, "dfr_url": "https://echo.epa.gov/detailed-facility-report?fid=NYR11Q890&sys=ICP", "watchlist_note": null}}, {"type": "Feature", "geometry": {"type": "Point", "coordinates": [-73.7937, 42.680175]}, "properties": {"npdes_id": "NYR11M877", "facility": "FREEDOMSPRINGS", "city": "ALBANY", "county": null, "tier": "construction stormwater GP", "permit_type": "General Permit Covered Facility", "major_minor": "N", "permit_status": "Effective", "transect": "other / Albany metro", "receiving_water": "PATROON CREEK", "huc8": "Middle Hudson", "design_flow_mgd": null, "actual_flow_mgd": null, "compliance_status": "No Violation Identified", "snc_status": null, "qtrs_noncompliance_12": 0, "qtrs_snc": 0, "missed_dmr_qtrs": null, "effluent_violations_3yr": 0, "pollutants_with_violation": null, "limited_pollutants": null, "dmr_pounds_yr": null, "dmr_toxic_weighted_lb": null, "penalties_usd": 0, "formal_actions_5yr": null, "informal_actions_5yr": 0, "inspections_5yr": 0, "last_inspection": null, "receiving_water_impaired": "Y", "impairment_causes": "DISSOLVED OXYGEN", "sic": null, "naics": null, "permit_expires": "01/28/2030", "km_from_ref": 34.1, "in_echo_search_list": null, "dfr_url": "https://echo.epa.gov/detailed-facility-report?fid=NYR11M877&sys=ICP", "watchlist_note": null}}, {"type": "Feature", "geometry": {"type": "Point", "coordinates": [-73.82458, 42.69702]}, "properties": {"npdes_id": "NYR11J459", "facility": "WAREHOUSE - 70 RAILROAD AVE", "city": "ALBANY", "county": null, "tier": "construction stormwater GP", "permit_type": "General Permit Covered Facility", "major_minor": "N", "permit_status": "Effective", "transect": "Hudson mainstem", "receiving_water": "TRIBUTARY OF HUDSON RIVER", "huc8": "Middle Hudson", "design_flow_mgd": null, "actual_flow_mgd": null, "compliance_status": "No Violation Identified", "snc_status": null, "qtrs_noncompliance_12": 0, "qtrs_snc": 0, "missed_dmr_qtrs": null, "effluent_violations_3yr": 0, "pollutants_with_violation": null, "limited_pollutants": null, "dmr_pounds_yr": null, "dmr_toxic_weighted_lb": null, "penalties_usd": 0, "formal_actions_5yr": null, "informal_actions_5yr": 0, "inspections_5yr": 0, "last_inspection": null, "receiving_water_impaired": "Y", "impairment_causes": "DISSOLVED OXYGEN", "sic": null, "naics": null, "permit_expires": "01/28/2030", "km_from_ref": 33.1, "in_echo_search_list": null, "dfr_url": "https://echo.epa.gov/detailed-facility-report?fid=NYR11J459&sys=ICP", "watchlist_note": null}}, {"type": "Feature", "geometry": {"type": "Point", "coordinates": [-73.74875, 42.6548]}, "properties": {"npdes_id": "NYR11C715", "facility": "QUACKENBUSH SQUARE", "city": "ALBANY", "county": null, "tier": "construction stormwater GP", "permit_type": "General Permit Covered Facility", "major_minor": "N", "permit_status": "Effective", "transect": "Hudson mainstem", "receiving_water": "HUDSON RIVER", "huc8": "Middle Hudson", "design_flow_mgd": null, "actual_flow_mgd": null, "compliance_status": "No Violation Identified", "snc_status": null, "qtrs_noncompliance_12": 0, "qtrs_snc": 0, "missed_dmr_qtrs": null, "effluent_violations_3yr": 0, "pollutants_with_violation": null, "limited_pollutants": null, "dmr_pounds_yr": null, "dmr_toxic_weighted_lb": null, "penalties_usd": 0, "formal_actions_5yr": null, "informal_actions_5yr": 0, "inspections_5yr": 0, "last_inspection": null, "receiving_water_impaired": "Y", "impairment_causes": "DISSOLVED OXYGEN", "sic": null, "naics": null, "permit_expires": "01/28/2030", "km_from_ref": 36.0, "in_echo_search_list": null, "dfr_url": "https://echo.epa.gov/detailed-facility-report?fid=NYR11C715&sys=ICP", "watchlist_note": null}}, {"type": "Feature", "geometry": {"type": "Point", "coordinates": [-73.76906, 42.66975]}, "properties": {"npdes_id": "NYR11P175", "facility": "ALBANY WEST COMMUNITY CENTER", "city": "ALBANY", "county": null, "tier": "construction stormwater GP", "permit_type": "General Permit Covered Facility", "major_minor": "N", "permit_status": "Effective", "transect": "other / Albany metro", "receiving_water": "PATROON CREEK AND TRIBS - 1301-0030", "huc8": "Middle Hudson", "design_flow_mgd": null, "actual_flow_mgd": null, "compliance_status": "No Violation Identified", "snc_status": null, "qtrs_noncompliance_12": 0, "qtrs_snc": 0, "missed_dmr_qtrs": null, "effluent_violations_3yr": 0, "pollutants_with_violation": null, "limited_pollutants": null, "dmr_pounds_yr": null, "dmr_toxic_weighted_lb": null, "penalties_usd": 0, "formal_actions_5yr": null, "informal_actions_5yr": 0, "inspections_5yr": 0, "last_inspection": null, "receiving_water_impaired": "Y", "impairment_causes": "SEDIMENTATION/SILTATION", "sic": null, "naics": null, "permit_expires": "01/28/2030", "km_from_ref": 35.3, "in_echo_search_list": null, "dfr_url": "https://echo.epa.gov/detailed-facility-report?fid=NYR11P175&sys=ICP", "watchlist_note": null}}, {"type": "Feature", "geometry": {"type": "Point", "coordinates": [-73.76349, 42.6665]}, "properties": {"npdes_id": "NYR11P495", "facility": "TIVOLI PARK ENHANCEMENT PROJECT", "city": "ALBANY", "county": null, "tier": "construction stormwater GP", "permit_type": "General Permit Covered Facility", "major_minor": "N", "permit_status": "Effective", "transect": "other / Albany metro", "receiving_water": "TIVOLI LAKE", "huc8": "Middle Hudson", "design_flow_mgd": null, "actual_flow_mgd": null, "compliance_status": "No Violation Identified", "snc_status": null, "qtrs_noncompliance_12": 0, "qtrs_snc": 0, "missed_dmr_qtrs": null, "effluent_violations_3yr": 0, "pollutants_with_violation": null, "limited_pollutants": null, "dmr_pounds_yr": null, "dmr_toxic_weighted_lb": null, "penalties_usd": 0, "formal_actions_5yr": null, "informal_actions_5yr": 0, "inspections_5yr": 0, "last_inspection": null, "receiving_water_impaired": null, "impairment_causes": null, "sic": null, "naics": null, "permit_expires": "01/28/2030", "km_from_ref": 35.5, "in_echo_search_list": null, "dfr_url": "https://echo.epa.gov/detailed-facility-report?fid=NYR11P495&sys=ICP", "watchlist_note": null}}, {"type": "Feature", "geometry": {"type": "Point", "coordinates": [-73.91411, 42.14586]}, "properties": {"npdes_id": "NYR11K829", "facility": "CEMENTON TRANSITIONAL HORIZONTAL DIRECTIONAL DRILL (HDD) PROJECT", "city": "CEMENTON", "county": null, "tier": "construction stormwater GP", "permit_type": "General Permit Covered Facility", "major_minor": "N", "permit_status": "Effective", "transect": "Hudson mainstem", "receiving_water": "HUDSON RIVER", "huc8": "Middle Hudson", "design_flow_mgd": null, "actual_flow_mgd": null, "compliance_status": "No Violation Identified", "snc_status": null, "qtrs_noncompliance_12": 0, "qtrs_snc": 0, "missed_dmr_qtrs": null, "effluent_violations_3yr": 0, "pollutants_with_violation": null, "limited_pollutants": null, "dmr_pounds_yr": null, "dmr_toxic_weighted_lb": null, "penalties_usd": 0, "formal_actions_5yr": null, "informal_actions_5yr": 0, "inspections_5yr": 0, "last_inspection": null, "receiving_water_impaired": "Y", "impairment_causes": "POLYCHLORINATED BIPHENYLS (PCBS)", "sic": null, "naics": null, "permit_expires": "01/28/2030", "km_from_ref": 45.2, "in_echo_search_list": null, "dfr_url": "https://echo.epa.gov/detailed-facility-report?fid=NYR11K829&sys=ICP", "watchlist_note": null}}, {"type": "Feature", "geometry": {"type": "Point", "coordinates": [-73.74392, 42.65621]}, "properties": {"npdes_id": "NYR11M360", "facility": "LIVINGSTON AVENUE BRIDGE REPLACEMENT", "city": "ALBANY", "county": null, "tier": "construction stormwater GP", "permit_type": "General Permit Covered Facility", "major_minor": "N", "permit_status": "Effective", "transect": "Hudson mainstem", "receiving_water": "HUDSON RIVER", "huc8": "Middle Hudson", "design_flow_mgd": null, "actual_flow_mgd": null, "compliance_status": "No Violation Identified", "snc_status": null, "qtrs_noncompliance_12": 0, "qtrs_snc": 0, "missed_dmr_qtrs": null, "effluent_violations_3yr": 0, "pollutants_with_violation": null, "limited_pollutants": null, "dmr_pounds_yr": null, "dmr_toxic_weighted_lb": null, "penalties_usd": 0, "formal_actions_5yr": null, "informal_actions_5yr": 0, "inspections_5yr": 0, "last_inspection": null, "receiving_water_impaired": "Y", "impairment_causes": "POLYCHLORINATED BIPHENYLS (PCBS)", "sic": null, "naics": null, "permit_expires": "01/28/2030", "km_from_ref": 36.4, "in_echo_search_list": null, "dfr_url": "https://echo.epa.gov/detailed-facility-report?fid=NYR11M360&sys=ICP", "watchlist_note": null}}, {"type": "Feature", "geometry": {"type": "Point", "coordinates": [-74.33583, 42.20897]}, "properties": {"npdes_id": "NYR11H313", "facility": "SLEEPER HARDWOOD DRIVE", "city": "LEXINGTON", "county": null, "tier": "construction stormwater GP", "permit_type": "General Permit Covered Facility", "major_minor": "N", "permit_status": "Effective", "transect": "other / Albany metro", "receiving_water": "UNNAMED WATERCOURSE", "huc8": "Schoharie", "design_flow_mgd": null, "actual_flow_mgd": null, "compliance_status": "No Violation Identified", "snc_status": null, "qtrs_noncompliance_12": 0, "qtrs_snc": 0, "missed_dmr_qtrs": null, "effluent_violations_3yr": 0, "pollutants_with_violation": null, "limited_pollutants": null, "dmr_pounds_yr": null, "dmr_toxic_weighted_lb": null, "penalties_usd": 0, "formal_actions_5yr": null, "informal_actions_5yr": 0, "inspections_5yr": 0, "last_inspection": null, "receiving_water_impaired": null, "impairment_causes": null, "sic": null, "naics": null, "permit_expires": "01/28/2030", "km_from_ref": 37.4, "in_echo_search_list": null, "dfr_url": "https://echo.epa.gov/detailed-facility-report?fid=NYR11H313&sys=ICP", "watchlist_note": null}}, {"type": "Feature", "geometry": {"type": "Point", "coordinates": [-74.30923, 42.19195]}, "properties": {"npdes_id": "NYR11N949", "facility": "BAKER ROAD - POND SITE", "city": "WEST KILL", "county": null, "tier": "construction stormwater GP", "permit_type": "General Permit Covered Facility", "major_minor": "N", "permit_status": "Effective", "transect": "Schoharie Creek basin", "receiving_water": "UNT OF WEST KILL", "huc8": "Schoharie", "design_flow_mgd": null, "actual_flow_mgd": null, "compliance_status": "No Violation Identified", "snc_status": null, "qtrs_noncompliance_12": 0, "qtrs_snc": 0, "missed_dmr_qtrs": null, "effluent_violations_3yr": 0, "pollutants_with_violation": null, "limited_pollutants": null, "dmr_pounds_yr": null, "dmr_toxic_weighted_lb": null, "penalties_usd": 0, "formal_actions_5yr": null, "informal_actions_5yr": 0, "inspections_5yr": 0, "last_inspection": null, "receiving_water_impaired": null, "impairment_causes": null, "sic": null, "naics": null, "permit_expires": "01/28/2030", "km_from_ref": 38.3, "in_echo_search_list": null, "dfr_url": "https://echo.epa.gov/detailed-facility-report?fid=NYR11N949&sys=ICP", "watchlist_note": null}}, {"type": "Feature", "geometry": {"type": "Point", "coordinates": [-73.78879, 42.68872]}, "properties": {"npdes_id": "NYR11I400", "facility": "FIRST PRIZE CENTER SITE", "city": "COLONIE", "county": null, "tier": "construction stormwater GP", "permit_type": "General Permit Covered Facility", "major_minor": "N", "permit_status": "Effective", "transect": "other / Albany metro", "receiving_water": "PATROON CREEK", "huc8": "Middle Hudson", "design_flow_mgd": null, "actual_flow_mgd": null, "compliance_status": "No Violation Identified", "snc_status": null, "qtrs_noncompliance_12": 0, "qtrs_snc": 0, "missed_dmr_qtrs": null, "effluent_violations_3yr": 0, "pollutants_with_violation": null, "limited_pollutants": null, "dmr_pounds_yr": null, "dmr_toxic_weighted_lb": null, "penalties_usd": 0, "formal_actions_5yr": null, "informal_actions_5yr": 0, "inspections_5yr": 0, "last_inspection": null, "receiving_water_impaired": "Y", "impairment_causes": "DISSOLVED OXYGEN", "sic": null, "naics": null, "permit_expires": "01/28/2030", "km_from_ref": 35.0, "in_echo_search_list": null, "dfr_url": "https://echo.epa.gov/detailed-facility-report?fid=NYR11I400&sys=ICP", "watchlist_note": null}}, {"type": "Feature", "geometry": {"type": "Point", "coordinates": [-73.7556, 42.6693]}, "properties": {"npdes_id": "NYR11Q775", "facility": "KIPP MIDDLE SCHOOL PARKING LOT EXPANSION", "city": "ALBANY", "county": null, "tier": "construction stormwater GP", "permit_type": "General Permit Covered Facility", "major_minor": "N", "permit_status": "Effective", "transect": "other / Albany metro", "receiving_water": "PATROON CREEK AND TRIBS -", "huc8": "Middle Hudson", "design_flow_mgd": null, "actual_flow_mgd": null, "compliance_status": "No Violation Identified", "snc_status": null, "qtrs_noncompliance_12": 0, "qtrs_snc": 0, "missed_dmr_qtrs": null, "effluent_violations_3yr": 0, "pollutants_with_violation": null, "limited_pollutants": null, "dmr_pounds_yr": null, "dmr_toxic_weighted_lb": null, "penalties_usd": 0, "formal_actions_5yr": null, "informal_actions_5yr": 0, "inspections_5yr": 0, "last_inspection": null, "receiving_water_impaired": "Y", "impairment_causes": "DISSOLVED OXYGEN", "sic": null, "naics": null, "permit_expires": "01/28/2030", "km_from_ref": 36.2, "in_echo_search_list": null, "dfr_url": "https://echo.epa.gov/detailed-facility-report?fid=NYR11Q775&sys=ICP", "watchlist_note": null}}, {"type": "Feature", "geometry": {"type": "Point", "coordinates": [-73.76569, 42.6802]}, "properties": {"npdes_id": "NYR10F041", "facility": "BETHLEHEM TOWN CENTER", "city": "ALBANY", "county": "Albany", "tier": "construction stormwater GP", "permit_type": "General Permit Covered Facility", "major_minor": "N", "permit_status": "Expired", "transect": "other / Albany metro", "receiving_water": null, "huc8": "Middle Hudson", "design_flow_mgd": null, "actual_flow_mgd": null, "compliance_status": "No Violation Identified", "snc_status": null, "qtrs_noncompliance_12": 0, "qtrs_snc": 0, "missed_dmr_qtrs": null, "effluent_violations_3yr": 0, "pollutants_with_violation": null, "limited_pollutants": null, "dmr_pounds_yr": null, "dmr_toxic_weighted_lb": null, "penalties_usd": 0, "formal_actions_5yr": null, "informal_actions_5yr": 0, "inspections_5yr": 0, "last_inspection": null, "receiving_water_impaired": null, "impairment_causes": null, "sic": null, "naics": null, "permit_expires": "01/08/2008", "km_from_ref": 36.1, "in_echo_search_list": null, "dfr_url": "https://echo.epa.gov/detailed-facility-report?fid=NYR10F041&sys=ICP", "watchlist_note": null}}, {"type": "Feature", "geometry": {"type": "Point", "coordinates": [-73.86143, 42.72696]}, "properties": {"npdes_id": "NYR10T829", "facility": "OUTDOOR STORAGE PADS", "city": "COLONIE", "county": null, "tier": "construction stormwater GP", "permit_type": "General Permit Covered Facility", "major_minor": "N", "permit_status": "Effective", "transect": "other / Albany metro", "receiving_water": "LISHA KILL", "huc8": "Mohawk", "design_flow_mgd": null, "actual_flow_mgd": null, "compliance_status": "No Violation Identified", "snc_status": null, "qtrs_noncompliance_12": 0, "qtrs_snc": 0, "missed_dmr_qtrs": null, "effluent_violations_3yr": 0, "pollutants_with_violation": null, "limited_pollutants": null, "dmr_pounds_yr": null, "dmr_toxic_weighted_lb": null, "penalties_usd": 0, "formal_actions_5yr": null, "informal_actions_5yr": 0, "inspections_5yr": 0, "last_inspection": null, "receiving_water_impaired": null, "impairment_causes": null, "sic": null, "naics": null, "permit_expires": "01/28/2030", "km_from_ref": 33.1, "in_echo_search_list": null, "dfr_url": "https://echo.epa.gov/detailed-facility-report?fid=NYR10T829&sys=ICP", "watchlist_note": null}}, {"type": "Feature", "geometry": {"type": "Point", "coordinates": [-73.92541, 42.74548]}, "properties": {"npdes_id": "NYR11Q776", "facility": "SHADY ACRES", "city": "SCHENECTADY", "county": "Albany", "tier": "construction stormwater GP", "permit_type": "General Permit Covered Facility", "major_minor": "N", "permit_status": "Effective", "transect": "other / Albany metro", "receiving_water": "HUNGER KILL", "huc8": "Middle Hudson", "design_flow_mgd": null, "actual_flow_mgd": null, "compliance_status": "No Violation Identified", "snc_status": null, "qtrs_noncompliance_12": 0, "qtrs_snc": 0, "missed_dmr_qtrs": null, "effluent_violations_3yr": 0, "pollutants_with_violation": null, "limited_pollutants": null, "dmr_pounds_yr": null, "dmr_toxic_weighted_lb": null, "penalties_usd": 0, "formal_actions_5yr": null, "informal_actions_5yr": 0, "inspections_5yr": 0, "last_inspection": null, "receiving_water_impaired": null, "impairment_causes": null, "sic": null, "naics": null, "permit_expires": "01/28/2030", "km_from_ref": 31.3, "in_echo_search_list": null, "dfr_url": "https://echo.epa.gov/detailed-facility-report?fid=NYR11Q776&sys=ICP", "watchlist_note": null}}, {"type": "Feature", "geometry": {"type": "Point", "coordinates": [-73.86039, 42.72973]}, "properties": {"npdes_id": "NYR10U012", "facility": "SELF STORAGE EXPANSION", "city": "COLONIE", "county": null, "tier": "construction stormwater GP", "permit_type": "General Permit Covered Facility", "major_minor": "N", "permit_status": "Effective", "transect": "other / Albany metro", "receiving_water": null, "huc8": "Mohawk", "design_flow_mgd": null, "actual_flow_mgd": null, "compliance_status": "No Violation Identified", "snc_status": null, "qtrs_noncompliance_12": 0, "qtrs_snc": 0, "missed_dmr_qtrs": null, "effluent_violations_3yr": 0, "pollutants_with_violation": null, "limited_pollutants": null, "dmr_pounds_yr": null, "dmr_toxic_weighted_lb": null, "penalties_usd": 0, "formal_actions_5yr": null, "informal_actions_5yr": 0, "inspections_5yr": 0, "last_inspection": null, "receiving_water_impaired": null, "impairment_causes": null, "sic": null, "naics": null, "permit_expires": "01/28/2030", "km_from_ref": 33.4, "in_echo_search_list": null, "dfr_url": "https://echo.epa.gov/detailed-facility-report?fid=NYR10U012&sys=ICP", "watchlist_note": null}}, {"type": "Feature", "geometry": {"type": "Point", "coordinates": [-73.85172, 42.72784]}, "properties": {"npdes_id": "NYR11Q712", "facility": "A+ MEDITRANS FACILITY", "city": "COLONIE", "county": null, "tier": "construction stormwater GP", "permit_type": "General Permit Covered Facility", "major_minor": "N", "permit_status": "Effective", "transect": "other / Albany metro", "receiving_water": "STUMP POND", "huc8": "Middle Hudson", "design_flow_mgd": null, "actual_flow_mgd": null, "compliance_status": "No Violation Identified", "snc_status": null, "qtrs_noncompliance_12": 0, "qtrs_snc": 0, "missed_dmr_qtrs": null, "effluent_violations_3yr": 0, "pollutants_with_violation": null, "limited_pollutants": null, "dmr_pounds_yr": null, "dmr_toxic_weighted_lb": null, "penalties_usd": 0, "formal_actions_5yr": null, "informal_actions_5yr": 0, "inspections_5yr": 0, "last_inspection": null, "receiving_water_impaired": "Y", "impairment_causes": "DISSOLVED OXYGEN", "sic": null, "naics": null, "permit_expires": "01/28/2030", "km_from_ref": 33.7, "in_echo_search_list": null, "dfr_url": "https://echo.epa.gov/detailed-facility-report?fid=NYR11Q712&sys=ICP", "watchlist_note": null}}, {"type": "Feature", "geometry": {"type": "Point", "coordinates": [-73.85409, 42.72991]}, "properties": {"npdes_id": "NYR11D083", "facility": "340 & 344 NEW KARNER ROAD", "city": "ALBANY", "county": null, "tier": "construction stormwater GP", "permit_type": "General Permit Covered Facility", "major_minor": "N", "permit_status": "Effective", "transect": "other / Albany metro", "receiving_water": "NYS WETLAND", "huc8": "Mohawk", "design_flow_mgd": null, "actual_flow_mgd": null, "compliance_status": "No Violation Identified", "snc_status": null, "qtrs_noncompliance_12": 0, "qtrs_snc": 0, "missed_dmr_qtrs": null, "effluent_violations_3yr": 0, "pollutants_with_violation": null, "limited_pollutants": null, "dmr_pounds_yr": null, "dmr_toxic_weighted_lb": null, "penalties_usd": 0, "formal_actions_5yr": null, "informal_actions_5yr": 0, "inspections_5yr": 0, "last_inspection": null, "receiving_water_impaired": null, "impairment_causes": null, "sic": null, "naics": null, "permit_expires": "01/28/2030", "km_from_ref": 33.7, "in_echo_search_list": null, "dfr_url": "https://echo.epa.gov/detailed-facility-report?fid=NYR11D083&sys=ICP", "watchlist_note": null}}, {"type": "Feature", "geometry": {"type": "Point", "coordinates": [-73.748259, 42.675257]}, "properties": {"npdes_id": "NYR11P630", "facility": "NORTH GATE LANDING", "city": "ALBANY", "county": null, "tier": "construction stormwater GP", "permit_type": "General Permit Covered Facility", "major_minor": "N", "permit_status": "Effective", "transect": "other / Albany metro", "receiving_water": "PATROON CREEK AND TRIBS - 1301-0030", "huc8": "Middle Hudson", "design_flow_mgd": null, "actual_flow_mgd": null, "compliance_status": "No Violation Identified", "snc_status": null, "qtrs_noncompliance_12": 0, "qtrs_snc": 0, "missed_dmr_qtrs": null, "effluent_violations_3yr": 0, "pollutants_with_violation": null, "limited_pollutants": null, "dmr_pounds_yr": null, "dmr_toxic_weighted_lb": null, "penalties_usd": 0, "formal_actions_5yr": null, "informal_actions_5yr": 0, "inspections_5yr": 0, "last_inspection": null, "receiving_water_impaired": null, "impairment_causes": null, "sic": null, "naics": null, "permit_expires": "01/28/2030", "km_from_ref": 37.0, "in_echo_search_list": null, "dfr_url": "https://echo.epa.gov/detailed-facility-report?fid=NYR11P630&sys=ICP", "watchlist_note": null}}, {"type": "Feature", "geometry": {"type": "Point", "coordinates": [-74.310543, 42.703865]}, "properties": {"npdes_id": "NYR11Q302", "facility": "DAN8 LAST MILE DELIVERY STATION", "city": "SCHOHARIE", "county": null, "tier": "construction stormwater GP", "permit_type": "General Permit Covered Facility", "major_minor": "N", "permit_status": "Effective", "transect": "Schoharie Creek basin", "receiving_water": "MINOR TRIB TO SCHOHARIE CREEK - 1202-0065", "huc8": "Schoharie", "design_flow_mgd": null, "actual_flow_mgd": null, "compliance_status": "No Violation Identified", "snc_status": null, "qtrs_noncompliance_12": 0, "qtrs_snc": 0, "missed_dmr_qtrs": null, "effluent_violations_3yr": 0, "pollutants_with_violation": null, "limited_pollutants": null, "dmr_pounds_yr": null, "dmr_toxic_weighted_lb": null, "penalties_usd": 0, "formal_actions_5yr": null, "informal_actions_5yr": 0, "inspections_5yr": 0, "last_inspection": null, "receiving_water_impaired": null, "impairment_causes": null, "sic": null, "naics": null, "permit_expires": "01/28/2030", "km_from_ref": 25.0, "in_echo_search_list": null, "dfr_url": "https://echo.epa.gov/detailed-facility-report?fid=NYR11Q302&sys=ICP", "watchlist_note": null}}, {"type": "Feature", "geometry": {"type": "Point", "coordinates": [-73.81012, 42.71635]}, "properties": {"npdes_id": "NYR10T333", "facility": "CHIPOTLE MEXICAN GRILL", "city": "ALBANY", "county": null, "tier": "construction stormwater GP", "permit_type": "General Permit Covered Facility", "major_minor": "N", "permit_status": "Effective", "transect": "other / Albany metro", "receiving_water": "SHAKER CREEK, VIA TOWN OF COLONIE", "huc8": "Mohawk", "design_flow_mgd": null, "actual_flow_mgd": null, "compliance_status": "No Violation Identified", "snc_status": null, "qtrs_noncompliance_12": 0, "qtrs_snc": 0, "missed_dmr_qtrs": null, "effluent_violations_3yr": 0, "pollutants_with_violation": null, "limited_pollutants": null, "dmr_pounds_yr": null, "dmr_toxic_weighted_lb": null, "penalties_usd": 0, "formal_actions_5yr": null, "informal_actions_5yr": 0, "inspections_5yr": 0, "last_inspection": null, "receiving_water_impaired": null, "impairment_causes": null, "sic": null, "naics": null, "permit_expires": "01/28/2030", "km_from_ref": 35.4, "in_echo_search_list": null, "dfr_url": "https://echo.epa.gov/detailed-facility-report?fid=NYR10T333&sys=ICP", "watchlist_note": null}}, {"type": "Feature", "geometry": {"type": "Point", "coordinates": [-73.81012, 42.71635]}, "properties": {"npdes_id": "NYR10W508", "facility": "TEXAS ROADHOUSE RESTAURANT", "city": "ALBANY", "county": null, "tier": "construction stormwater GP", "permit_type": "General Permit Covered Facility", "major_minor": "N", "permit_status": "Effective", "transect": "other / Albany metro", "receiving_water": "SHAKER CREEK VIA TOWN OF COLONIE", "huc8": "Mohawk", "design_flow_mgd": null, "actual_flow_mgd": null, "compliance_status": "No Violation Identified", "snc_status": null, "qtrs_noncompliance_12": 0, "qtrs_snc": 0, "missed_dmr_qtrs": null, "effluent_violations_3yr": 0, "pollutants_with_violation": null, "limited_pollutants": null, "dmr_pounds_yr": null, "dmr_toxic_weighted_lb": null, "penalties_usd": 0, "formal_actions_5yr": null, "informal_actions_5yr": 0, "inspections_5yr": 0, "last_inspection": null, "receiving_water_impaired": null, "impairment_causes": null, "sic": null, "naics": null, "permit_expires": "01/28/2030", "km_from_ref": 35.4, "in_echo_search_list": null, "dfr_url": "https://echo.epa.gov/detailed-facility-report?fid=NYR10W508&sys=ICP", "watchlist_note": null}}, {"type": "Feature", "geometry": {"type": "Point", "coordinates": [-73.85126, 42.73375]}, "properties": {"npdes_id": "NYR11Q731", "facility": "1867 CENTRAL AVENUE", "city": "ALBANY", "county": null, "tier": "construction stormwater GP", "permit_type": "General Permit Covered Facility", "major_minor": "N", "permit_status": "Effective", "transect": "other / Albany metro", "receiving_water": "MINOR TRIBS TO MOHAWK RIVER", "huc8": "Mohawk", "design_flow_mgd": null, "actual_flow_mgd": null, "compliance_status": "No Violation Identified", "snc_status": null, "qtrs_noncompliance_12": 0, "qtrs_snc": 0, "missed_dmr_qtrs": null, "effluent_violations_3yr": 0, "pollutants_with_violation": null, "limited_pollutants": null, "dmr_pounds_yr": null, "dmr_toxic_weighted_lb": null, "penalties_usd": 0, "formal_actions_5yr": null, "informal_actions_5yr": 0, "inspections_5yr": 0, "last_inspection": null, "receiving_water_impaired": null, "impairment_causes": null, "sic": null, "naics": null, "permit_expires": "01/28/2030", "km_from_ref": 34.2, "in_echo_search_list": null, "dfr_url": "https://echo.epa.gov/detailed-facility-report?fid=NYR11Q731&sys=ICP", "watchlist_note": null}}, {"type": "Feature", "geometry": {"type": "Point", "coordinates": [-73.85315, 42.73542]}, "properties": {"npdes_id": "NYR11K098", "facility": "1893 CENTRAL AVENUE", "city": "ALBANY", "county": null, "tier": "construction stormwater GP", "permit_type": "General Permit Covered Facility", "major_minor": "N", "permit_status": "Effective", "transect": "other / Albany metro", "receiving_water": "LISHAL KILL", "huc8": "Mohawk", "design_flow_mgd": null, "actual_flow_mgd": null, "compliance_status": "No Violation Identified", "snc_status": null, "qtrs_noncompliance_12": 0, "qtrs_snc": 0, "missed_dmr_qtrs": null, "effluent_violations_3yr": 0, "pollutants_with_violation": null, "limited_pollutants": null, "dmr_pounds_yr": null, "dmr_toxic_weighted_lb": null, "penalties_usd": 0, "formal_actions_5yr": null, "informal_actions_5yr": 0, "inspections_5yr": 0, "last_inspection": null, "receiving_water_impaired": null, "impairment_causes": null, "sic": null, "naics": null, "permit_expires": "01/28/2030", "km_from_ref": 34.2, "in_echo_search_list": null, "dfr_url": "https://echo.epa.gov/detailed-facility-report?fid=NYR11K098&sys=ICP", "watchlist_note": null}}, {"type": "Feature", "geometry": {"type": "Point", "coordinates": [-73.941542, 42.759607]}, "properties": {"npdes_id": "NYR11L905", "facility": "310 WAYTO ROAD WREHOUSE", "city": "SCHENECTADY", "county": null, "tier": "construction stormwater GP", "permit_type": "General Permit Covered Facility", "major_minor": "N", "permit_status": "Effective", "transect": "other / Albany metro", "receiving_water": "MOHAWK RIVER", "huc8": "Middle Hudson", "design_flow_mgd": null, "actual_flow_mgd": null, "compliance_status": "No Violation Identified", "snc_status": null, "qtrs_noncompliance_12": 0, "qtrs_snc": 0, "missed_dmr_qtrs": null, "effluent_violations_3yr": 0, "pollutants_with_violation": null, "limited_pollutants": null, "dmr_pounds_yr": null, "dmr_toxic_weighted_lb": null, "penalties_usd": 0, "formal_actions_5yr": null, "informal_actions_5yr": 0, "inspections_5yr": 0, "last_inspection": null, "receiving_water_impaired": null, "impairment_causes": null, "sic": null, "naics": null, "permit_expires": "01/28/2030", "km_from_ref": 31.9, "in_echo_search_list": null, "dfr_url": "https://echo.epa.gov/detailed-facility-report?fid=NYR11L905&sys=ICP", "watchlist_note": null}}, {"type": "Feature", "geometry": {"type": "Point", "coordinates": [-73.90633, 42.75212]}, "properties": {"npdes_id": "NYR11Q445", "facility": "ROTTERDAM-WOODLAWN #35 CCR PROJECT", "city": "SCHENECTADY", "county": null, "tier": "construction stormwater GP", "permit_type": "General Permit Covered Facility", "major_minor": "N", "permit_status": "Effective", "transect": "other / Albany metro", "receiving_water": "LISHA KILL AND TRIBS - 1201-0074", "huc8": "Mohawk", "design_flow_mgd": null, "actual_flow_mgd": null, "compliance_status": "No Violation Identified", "snc_status": null, "qtrs_noncompliance_12": 0, "qtrs_snc": 0, "missed_dmr_qtrs": null, "effluent_violations_3yr": 0, "pollutants_with_violation": null, "limited_pollutants": null, "dmr_pounds_yr": null, "dmr_toxic_weighted_lb": null, "penalties_usd": 0, "formal_actions_5yr": null, "informal_actions_5yr": 0, "inspections_5yr": 0, "last_inspection": null, "receiving_water_impaired": null, "impairment_causes": null, "sic": null, "naics": null, "permit_expires": "01/28/2030", "km_from_ref": 32.8, "in_echo_search_list": null, "dfr_url": "https://echo.epa.gov/detailed-facility-report?fid=NYR11Q445&sys=ICP", "watchlist_note": null}}, {"type": "Feature", "geometry": {"type": "Point", "coordinates": [-73.76934, 42.69807]}, "properties": {"npdes_id": "NYR11N204", "facility": "4 LOT MINOR SUBDIVISION", "city": "ALBANY", "county": null, "tier": "construction stormwater GP", "permit_type": "General Permit Covered Facility", "major_minor": "N", "permit_status": "Effective", "transect": "other / Albany metro", "receiving_water": "UNNAMED TRIBUTARY OF THE SAND CREEK", "huc8": "Middle Hudson", "design_flow_mgd": null, "actual_flow_mgd": null, "compliance_status": "No Violation Identified", "snc_status": null, "qtrs_noncompliance_12": 0, "qtrs_snc": 0, "missed_dmr_qtrs": null, "effluent_violations_3yr": 0, "pollutants_with_violation": null, "limited_pollutants": null, "dmr_pounds_yr": null, "dmr_toxic_weighted_lb": null, "penalties_usd": 0, "formal_actions_5yr": null, "informal_actions_5yr": 0, "inspections_5yr": 0, "last_inspection": null, "receiving_water_impaired": null, "impairment_causes": null, "sic": null, "naics": null, "permit_expires": "01/28/2030", "km_from_ref": 36.9, "in_echo_search_list": null, "dfr_url": "https://echo.epa.gov/detailed-facility-report?fid=NYR11N204&sys=ICP", "watchlist_note": null}}, {"type": "Feature", "geometry": {"type": "Point", "coordinates": [-74.493455, 42.3952]}, "properties": {"npdes_id": "NYR11I134", "facility": "OORAH INC.", "city": "GILBOA", "county": "Schoharie", "tier": "construction stormwater GP", "permit_type": "General Permit Covered Facility", "major_minor": "N", "permit_status": "Admin Continued", "transect": "other / Albany metro", "receiving_water": null, "huc8": "Schoharie", "design_flow_mgd": null, "actual_flow_mgd": null, "compliance_status": "No Violation Identified", "snc_status": null, "qtrs_noncompliance_12": 0, "qtrs_snc": 0, "missed_dmr_qtrs": null, "effluent_violations_3yr": 0, "pollutants_with_violation": null, "limited_pollutants": null, "dmr_pounds_yr": null, "dmr_toxic_weighted_lb": null, "penalties_usd": 60189, "formal_actions_5yr": 1.0, "informal_actions_5yr": 0, "inspections_5yr": 0, "last_inspection": null, "receiving_water_impaired": null, "impairment_causes": null, "sic": null, "naics": null, "permit_expires": "01/28/2025", "km_from_ref": 31.5, "in_echo_search_list": null, "dfr_url": "https://echo.epa.gov/detailed-facility-report?fid=NYR11I134&sys=ICP", "watchlist_note": null}}, {"type": "Feature", "geometry": {"type": "Point", "coordinates": [-73.86537, 42.74263]}, "properties": {"npdes_id": "NYR11R002", "facility": "WOODLAWN - STATE CAMPUS #12 CCR PHASE 2", "city": "ALBANY", "county": null, "tier": "construction stormwater GP", "permit_type": "General Permit Covered Facility", "major_minor": "N", "permit_status": "Effective", "transect": "other / Albany metro", "receiving_water": "SAND CREEK AND TRIBS - 1104-0147", "huc8": "Mohawk", "design_flow_mgd": null, "actual_flow_mgd": null, "compliance_status": "No Violation Identified", "snc_status": null, "qtrs_noncompliance_12": 0, "qtrs_snc": 0, "missed_dmr_qtrs": null, "effluent_violations_3yr": 0, "pollutants_with_violation": null, "limited_pollutants": null, "dmr_pounds_yr": null, "dmr_toxic_weighted_lb": null, "penalties_usd": 0, "formal_actions_5yr": null, "informal_actions_5yr": 0, "inspections_5yr": 0, "last_inspection": null, "receiving_water_impaired": null, "impairment_causes": null, "sic": null, "naics": null, "permit_expires": "01/28/2030", "km_from_ref": 34.1, "in_echo_search_list": null, "dfr_url": "https://echo.epa.gov/detailed-facility-report?fid=NYR11R002&sys=ICP", "watchlist_note": null}}, {"type": "Feature", "geometry": {"type": "Point", "coordinates": [-73.86212, 42.74326]}, "properties": {"npdes_id": "NYR11Q039", "facility": "AUTOMOTIVE CENTER FACILITY", "city": "ALBANY", "county": null, "tier": "construction stormwater GP", "permit_type": "General Permit Covered Facility", "major_minor": "N", "permit_status": "Effective", "transect": "other / Albany metro", "receiving_water": "LISHA KILL AND TRIBS - 1201-0074", "huc8": "Mohawk", "design_flow_mgd": null, "actual_flow_mgd": null, "compliance_status": "No Violation Identified", "snc_status": null, "qtrs_noncompliance_12": 0, "qtrs_snc": 0, "missed_dmr_qtrs": null, "effluent_violations_3yr": 0, "pollutants_with_violation": null, "limited_pollutants": null, "dmr_pounds_yr": null, "dmr_toxic_weighted_lb": null, "penalties_usd": 0, "formal_actions_5yr": null, "informal_actions_5yr": 0, "inspections_5yr": 0, "last_inspection": null, "receiving_water_impaired": null, "impairment_causes": null, "sic": null, "naics": null, "permit_expires": "01/28/2030", "km_from_ref": 34.3, "in_echo_search_list": null, "dfr_url": "https://echo.epa.gov/detailed-facility-report?fid=NYR11Q039&sys=ICP", "watchlist_note": null}}, {"type": "Feature", "geometry": {"type": "Point", "coordinates": [-73.80482, 42.71964]}, "properties": {"npdes_id": "NYR11E429", "facility": "PROPOSED REDEVELOPMENT AT 144 WOLF ROAD", "city": "ALBANY", "county": null, "tier": "construction stormwater GP", "permit_type": "General Permit Covered Facility", "major_minor": "N", "permit_status": "Effective", "transect": "other / Albany metro", "receiving_water": "UNNAMED TRIBUTARIES OF THE SHAKERS KILL", "huc8": "Mohawk", "design_flow_mgd": null, "actual_flow_mgd": null, "compliance_status": "No Violation Identified", "snc_status": null, "qtrs_noncompliance_12": 0, "qtrs_snc": 0, "missed_dmr_qtrs": null, "effluent_violations_3yr": 0, "pollutants_with_violation": null, "limited_pollutants": null, "dmr_pounds_yr": null, "dmr_toxic_weighted_lb": null, "penalties_usd": 0, "formal_actions_5yr": null, "informal_actions_5yr": 0, "inspections_5yr": 0, "last_inspection": null, "receiving_water_impaired": null, "impairment_causes": null, "sic": null, "naics": null, "permit_expires": "01/28/2030", "km_from_ref": 36.0, "in_echo_search_list": null, "dfr_url": "https://echo.epa.gov/detailed-facility-report?fid=NYR11E429&sys=ICP", "watchlist_note": null}}, {"type": "Feature", "geometry": {"type": "Point", "coordinates": [-73.821659, 42.728604]}, "properties": {"npdes_id": "NYR11E202", "facility": "BRITISH AMERICAN PLAZA", "city": "COLONIE", "county": null, "tier": "construction stormwater GP", "permit_type": "General Permit Covered Facility", "major_minor": "N", "permit_status": "Effective", "transect": "other / Albany metro", "receiving_water": "SHAKERS CREEK", "huc8": "Mohawk", "design_flow_mgd": null, "actual_flow_mgd": null, "compliance_status": "No Violation Identified", "snc_status": null, "qtrs_noncompliance_12": 0, "qtrs_snc": 0, "missed_dmr_qtrs": null, "effluent_violations_3yr": 0, "pollutants_with_violation": null, "limited_pollutants": null, "dmr_pounds_yr": null, "dmr_toxic_weighted_lb": null, "penalties_usd": 0, "formal_actions_5yr": null, "informal_actions_5yr": 0, "inspections_5yr": 0, "last_inspection": null, "receiving_water_impaired": null, "impairment_causes": null, "sic": null, "naics": null, "permit_expires": "01/28/2030", "km_from_ref": 35.6, "in_echo_search_list": null, "dfr_url": "https://echo.epa.gov/detailed-facility-report?fid=NYR11E202&sys=ICP", "watchlist_note": null}}, {"type": "Feature", "geometry": {"type": "Point", "coordinates": [-73.80267, 42.71946]}, "properties": {"npdes_id": "NYR11Q849", "facility": "WOODLAWN - STATE CAMPUS #12 CCR PHASE 1", "city": "COLONIE", "county": null, "tier": "construction stormwater GP", "permit_type": "General Permit Covered Facility", "major_minor": "N", "permit_status": "Effective", "transect": "other / Albany metro", "receiving_water": "SAND CREEK AND TRIBS -", "huc8": "Mohawk", "design_flow_mgd": null, "actual_flow_mgd": null, "compliance_status": "No Violation Identified", "snc_status": null, "qtrs_noncompliance_12": 0, "qtrs_snc": 0, "missed_dmr_qtrs": null, "effluent_violations_3yr": 0, "pollutants_with_violation": null, "limited_pollutants": null, "dmr_pounds_yr": null, "dmr_toxic_weighted_lb": null, "penalties_usd": 0, "formal_actions_5yr": null, "informal_actions_5yr": 0, "inspections_5yr": 0, "last_inspection": null, "receiving_water_impaired": null, "impairment_causes": null, "sic": null, "naics": null, "permit_expires": "01/28/2030", "km_from_ref": 36.1, "in_echo_search_list": null, "dfr_url": "https://echo.epa.gov/detailed-facility-report?fid=NYR11Q849&sys=ICP", "watchlist_note": null}}, {"type": "Feature", "geometry": {"type": "Point", "coordinates": [-74.317, 42.711]}, "properties": {"npdes_id": "NYR11F990", "facility": "AMERICAN RECYCLING MANAGEMENT LLC", "city": "SCHOHARIE", "county": null, "tier": "construction stormwater GP", "permit_type": "General Permit Covered Facility", "major_minor": "N", "permit_status": "Effective", "transect": "other / Albany metro", "receiving_water": "WETLAND", "huc8": "Schoharie", "design_flow_mgd": null, "actual_flow_mgd": null, "compliance_status": "No Violation Identified", "snc_status": null, "qtrs_noncompliance_12": 0, "qtrs_snc": 0, "missed_dmr_qtrs": null, "effluent_violations_3yr": 0, "pollutants_with_violation": null, "limited_pollutants": null, "dmr_pounds_yr": null, "dmr_toxic_weighted_lb": null, "penalties_usd": 0, "formal_actions_5yr": null, "informal_actions_5yr": 0, "inspections_5yr": 0, "last_inspection": null, "receiving_water_impaired": null, "impairment_causes": null, "sic": null, "naics": null, "permit_expires": "01/28/2030", "km_from_ref": 25.9, "in_echo_search_list": null, "dfr_url": "https://echo.epa.gov/detailed-facility-report?fid=NYR11F990&sys=ICP", "watchlist_note": null}}, {"type": "Feature", "geometry": {"type": "Point", "coordinates": [-74.320664, 42.709205]}, "properties": {"npdes_id": "NYR11Q850", "facility": "MDRM INDUSTRIES", "city": "SCHOHARIE", "county": null, "tier": "construction stormwater GP", "permit_type": "General Permit Covered Facility", "major_minor": "N", "permit_status": "Effective", "transect": "Schoharie Creek basin", "receiving_water": "MINOR TRIBS TO SCHOHARIE CREEK", "huc8": "Schoharie", "design_flow_mgd": null, "actual_flow_mgd": null, "compliance_status": "No Violation Identified", "snc_status": null, "qtrs_noncompliance_12": 0, "qtrs_snc": 0, "missed_dmr_qtrs": null, "effluent_violations_3yr": 0, "pollutants_with_violation": null, "limited_pollutants": null, "dmr_pounds_yr": null, "dmr_toxic_weighted_lb": null, "penalties_usd": 0, "formal_actions_5yr": null, "informal_actions_5yr": 0, "inspections_5yr": 1, "last_inspection": "05/27/2026", "receiving_water_impaired": null, "impairment_causes": null, "sic": null, "naics": null, "permit_expires": "01/28/2030", "km_from_ref": 25.9, "in_echo_search_list": null, "dfr_url": "https://echo.epa.gov/detailed-facility-report?fid=NYR11Q850&sys=ICP", "watchlist_note": null}}, {"type": "Feature", "geometry": {"type": "Point", "coordinates": [-73.78096, 42.71094]}, "properties": {"npdes_id": "NYR11J880", "facility": "COLD SPRING", "city": "COLONIE", "county": null, "tier": "construction stormwater GP", "permit_type": "General Permit Covered Facility", "major_minor": "N", "permit_status": "Effective", "transect": "other / Albany metro", "receiving_water": "WETLAND", "huc8": "Middle Hudson", "design_flow_mgd": null, "actual_flow_mgd": null, "compliance_status": "No Violation Identified", "snc_status": null, "qtrs_noncompliance_12": 0, "qtrs_snc": 0, "missed_dmr_qtrs": null, "effluent_violations_3yr": 0, "pollutants_with_violation": null, "limited_pollutants": null, "dmr_pounds_yr": null, "dmr_toxic_weighted_lb": null, "penalties_usd": 0, "formal_actions_5yr": null, "informal_actions_5yr": 0, "inspections_5yr": 0, "last_inspection": null, "receiving_water_impaired": "Y", "impairment_causes": "DISSOLVED OXYGEN", "sic": null, "naics": null, "permit_expires": "01/28/2030", "km_from_ref": 36.9, "in_echo_search_list": null, "dfr_url": "https://echo.epa.gov/detailed-facility-report?fid=NYR11J880&sys=ICP", "watchlist_note": null}}, {"type": "Feature", "geometry": {"type": "Point", "coordinates": [-73.87325, 42.7497]}, "properties": {"npdes_id": "NYR11K934", "facility": "WOODLAWN SUBSTATION #188 REBUILD", "city": "COLONIE", "county": null, "tier": "construction stormwater GP", "permit_type": "General Permit Covered Facility", "major_minor": "N", "permit_status": "Effective", "transect": "other / Albany metro", "receiving_water": "WETLAND ON SITE - TO LISHA KILL", "huc8": "Mohawk", "design_flow_mgd": null, "actual_flow_mgd": null, "compliance_status": "No Violation Identified", "snc_status": null, "qtrs_noncompliance_12": 0, "qtrs_snc": 0, "missed_dmr_qtrs": null, "effluent_violations_3yr": 0, "pollutants_with_violation": null, "limited_pollutants": null, "dmr_pounds_yr": null, "dmr_toxic_weighted_lb": null, "penalties_usd": 0, "formal_actions_5yr": null, "informal_actions_5yr": 0, "inspections_5yr": 0, "last_inspection": null, "receiving_water_impaired": null, "impairment_causes": null, "sic": null, "naics": null, "permit_expires": "01/28/2030", "km_from_ref": 34.3, "in_echo_search_list": null, "dfr_url": "https://echo.epa.gov/detailed-facility-report?fid=NYR11K934&sys=ICP", "watchlist_note": null}}, {"type": "Feature", "geometry": {"type": "Point", "coordinates": [-73.89247, 42.75763]}, "properties": {"npdes_id": "NYR11E749", "facility": "LUPE WAY SUBDIVISION", "city": "COLONIE", "county": null, "tier": "construction stormwater GP", "permit_type": "General Permit Covered Facility", "major_minor": "N", "permit_status": "Effective", "transect": "other / Albany metro", "receiving_water": "UNNAMED TRIBUTARY TO LISHA KILL", "huc8": "Mohawk", "design_flow_mgd": null, "actual_flow_mgd": null, "compliance_status": "No Violation Identified", "snc_status": null, "qtrs_noncompliance_12": 0, "qtrs_snc": 0, "missed_dmr_qtrs": null, "effluent_violations_3yr": 0, "pollutants_with_violation": null, "limited_pollutants": null, "dmr_pounds_yr": null, "dmr_toxic_weighted_lb": null, "penalties_usd": 0, "formal_actions_5yr": null, "informal_actions_5yr": 0, "inspections_5yr": 0, "last_inspection": null, "receiving_water_impaired": null, "impairment_causes": null, "sic": null, "naics": null, "permit_expires": "01/28/2030", "km_from_ref": 34.0, "in_echo_search_list": null, "dfr_url": "https://echo.epa.gov/detailed-facility-report?fid=NYR11E749&sys=ICP", "watchlist_note": null}}, {"type": "Feature", "geometry": {"type": "Point", "coordinates": [-73.823712, 42.73411]}, "properties": {"npdes_id": "NYR11M927", "facility": "AL-FATEMAH ISLAMIC EDUCATIONAL CENTER", "city": "LATHAM", "county": null, "tier": "construction stormwater GP", "permit_type": "General Permit Covered Facility", "major_minor": "N", "permit_status": "Effective", "transect": "other / Albany metro", "receiving_water": "SHAKER CREEK", "huc8": "Mohawk", "design_flow_mgd": null, "actual_flow_mgd": null, "compliance_status": "No Violation Identified", "snc_status": null, "qtrs_noncompliance_12": 0, "qtrs_snc": 0, "missed_dmr_qtrs": null, "effluent_violations_3yr": 0, "pollutants_with_violation": null, "limited_pollutants": null, "dmr_pounds_yr": null, "dmr_toxic_weighted_lb": null, "penalties_usd": 0, "formal_actions_5yr": null, "informal_actions_5yr": 0, "inspections_5yr": 0, "last_inspection": null, "receiving_water_impaired": null, "impairment_causes": null, "sic": null, "naics": null, "permit_expires": "01/28/2030", "km_from_ref": 35.8, "in_echo_search_list": null, "dfr_url": "https://echo.epa.gov/detailed-facility-report?fid=NYR11M927&sys=ICP", "watchlist_note": null}}, {"type": "Feature", "geometry": {"type": "Point", "coordinates": [-73.79621, 42.72656]}, "properties": {"npdes_id": "NYR10N521", "facility": "BURKE FAST FOOD RESTAURANTS", "city": "ALBANY", "county": null, "tier": "construction stormwater GP", "permit_type": "General Permit Covered Facility", "major_minor": "N", "permit_status": "Effective", "transect": "other / Albany metro", "receiving_water": "UNNAMED TRIBUTARY OF SHAKER CREEK", "huc8": "Mohawk", "design_flow_mgd": null, "actual_flow_mgd": null, "compliance_status": "No Violation Identified", "snc_status": null, "qtrs_noncompliance_12": 0, "qtrs_snc": 0, "missed_dmr_qtrs": null, "effluent_violations_3yr": 0, "pollutants_with_violation": null, "limited_pollutants": null, "dmr_pounds_yr": null, "dmr_toxic_weighted_lb": null, "penalties_usd": 0, "formal_actions_5yr": null, "informal_actions_5yr": 0, "inspections_5yr": 0, "last_inspection": null, "receiving_water_impaired": null, "impairment_causes": null, "sic": null, "naics": null, "permit_expires": "01/28/2030", "km_from_ref": 37.0, "in_echo_search_list": null, "dfr_url": "https://echo.epa.gov/detailed-facility-report?fid=NYR10N521&sys=ICP", "watchlist_note": null}}, {"type": "Feature", "geometry": {"type": "Point", "coordinates": [-73.7630788, 42.7097304]}, "properties": {"npdes_id": "NYR11P651", "facility": "ALBANY AIRPORT SOUTH SIDE SERVICE RD.", "city": "ALBANY", "county": null, "tier": "construction stormwater GP", "permit_type": "General Permit Covered Facility", "major_minor": "N", "permit_status": "Effective", "transect": "other / Albany metro", "receiving_water": "SHAKER CREEK AND TRIBS - 1201-0079", "huc8": null, "design_flow_mgd": null, "actual_flow_mgd": null, "compliance_status": "No Violation Identified", "snc_status": null, "qtrs_noncompliance_12": 0, "qtrs_snc": 0, "missed_dmr_qtrs": null, "effluent_violations_3yr": 0, "pollutants_with_violation": null, "limited_pollutants": null, "dmr_pounds_yr": null, "dmr_toxic_weighted_lb": null, "penalties_usd": 0, "formal_actions_5yr": null, "informal_actions_5yr": 0, "inspections_5yr": 0, "last_inspection": null, "receiving_water_impaired": null, "impairment_causes": null, "sic": null, "naics": null, "permit_expires": "01/28/2030", "km_from_ref": 38.0, "in_echo_search_list": null, "dfr_url": "https://echo.epa.gov/detailed-facility-report?fid=NYR11P651&sys=ICP", "watchlist_note": null}}, {"type": "Feature", "geometry": {"type": "Point", "coordinates": [-73.7630788, 42.7097304]}, "properties": {"npdes_id": "NYR11Q335", "facility": "GA APRON REHABILITATION", "city": "LOUDONVILLE", "county": null, "tier": "construction stormwater GP", "permit_type": "General Permit Covered Facility", "major_minor": "N", "permit_status": "Effective", "transect": "other / Albany metro", "receiving_water": "SHAKER CREEK AND TRIBS - 1201-0079", "huc8": null, "design_flow_mgd": null, "actual_flow_mgd": null, "compliance_status": "No Violation Identified", "snc_status": null, "qtrs_noncompliance_12": 0, "qtrs_snc": 0, "missed_dmr_qtrs": null, "effluent_violations_3yr": 0, "pollutants_with_violation": null, "limited_pollutants": null, "dmr_pounds_yr": null, "dmr_toxic_weighted_lb": null, "penalties_usd": 0, "formal_actions_5yr": null, "informal_actions_5yr": 0, "inspections_5yr": 0, "last_inspection": null, "receiving_water_impaired": "Y", "impairment_causes": "PHOSPHORUS | SEDIMENTATION/SILTATION", "sic": null, "naics": null, "permit_expires": "01/28/2030", "km_from_ref": 38.0, "in_echo_search_list": null, "dfr_url": "https://echo.epa.gov/detailed-facility-report?fid=NYR11Q335&sys=ICP", "watchlist_note": null}}, {"type": "Feature", "geometry": {"type": "Point", "coordinates": [-73.7337511, 42.6915162]}, "properties": {"npdes_id": "NYR11Q220", "facility": "SOUTH END WATER AND SEWER IMPROVEMENTS", "city": "MENANDS", "county": null, "tier": "construction stormwater GP", "permit_type": "General Permit Covered Facility", "major_minor": "N", "permit_status": "Effective", "transect": "Hudson mainstem", "receiving_water": "HUDSON RIVER (CLASS C) - 1301-0002", "huc8": null, "design_flow_mgd": null, "actual_flow_mgd": null, "compliance_status": "No Violation Identified", "snc_status": null, "qtrs_noncompliance_12": 0, "qtrs_snc": 0, "missed_dmr_qtrs": null, "effluent_violations_3yr": 0, "pollutants_with_violation": null, "limited_pollutants": null, "dmr_pounds_yr": null, "dmr_toxic_weighted_lb": null, "penalties_usd": 0, "formal_actions_5yr": null, "informal_actions_5yr": 0, "inspections_5yr": 0, "last_inspection": null, "receiving_water_impaired": null, "impairment_causes": null, "sic": null, "naics": null, "permit_expires": "01/28/2030", "km_from_ref": 39.0, "in_echo_search_list": null, "dfr_url": "https://echo.epa.gov/detailed-facility-report?fid=NYR11Q220&sys=ICP", "watchlist_note": null}}, {"type": "Feature", "geometry": {"type": "Point", "coordinates": [-73.88546, 42.76383]}, "properties": {"npdes_id": "NYR11L430", "facility": "STANFORD HEIGHTS FIRE STATION", "city": "SCHENECTADY", "county": null, "tier": "construction stormwater GP", "permit_type": "General Permit Covered Facility", "major_minor": "N", "permit_status": "Effective", "transect": "other / Albany metro", "receiving_water": "LISHA KILL", "huc8": "Mohawk", "design_flow_mgd": null, "actual_flow_mgd": null, "compliance_status": "No Violation Identified", "snc_status": null, "qtrs_noncompliance_12": 0, "qtrs_snc": 0, "missed_dmr_qtrs": null, "effluent_violations_3yr": 0, "pollutants_with_violation": null, "limited_pollutants": null, "dmr_pounds_yr": null, "dmr_toxic_weighted_lb": null, "penalties_usd": 0, "formal_actions_5yr": null, "informal_actions_5yr": 0, "inspections_5yr": 0, "last_inspection": null, "receiving_water_impaired": null, "impairment_causes": null, "sic": null, "naics": null, "permit_expires": "01/28/2030", "km_from_ref": 34.9, "in_echo_search_list": null, "dfr_url": "https://echo.epa.gov/detailed-facility-report?fid=NYR11L430&sys=ICP", "watchlist_note": null}}, {"type": "Feature", "geometry": {"type": "Point", "coordinates": [-73.754001, 42.708137]}, "properties": {"npdes_id": "NYR11P152", "facility": "VAN BUREN ACRES SUBDIVISION - 36 BURTON LANE", "city": "LOUDONVILLE", "county": null, "tier": "construction stormwater GP", "permit_type": "General Permit Covered Facility", "major_minor": "N", "permit_status": "Effective", "transect": "other / Albany metro", "receiving_water": "UNNAMED WETLAND", "huc8": "Middle Hudson", "design_flow_mgd": null, "actual_flow_mgd": null, "compliance_status": "No Violation Identified", "snc_status": null, "qtrs_noncompliance_12": 0, "qtrs_snc": 0, "missed_dmr_qtrs": null, "effluent_violations_3yr": 0, "pollutants_with_violation": null, "limited_pollutants": null, "dmr_pounds_yr": null, "dmr_toxic_weighted_lb": null, "penalties_usd": 0, "formal_actions_5yr": null, "informal_actions_5yr": 0, "inspections_5yr": 0, "last_inspection": null, "receiving_water_impaired": null, "impairment_causes": null, "sic": null, "naics": null, "permit_expires": "01/28/2030", "km_from_ref": 38.5, "in_echo_search_list": null, "dfr_url": "https://echo.epa.gov/detailed-facility-report?fid=NYR11P152&sys=ICP", "watchlist_note": null}}, {"type": "Feature", "geometry": {"type": "Point", "coordinates": [-74.236355, 42.76194]}, "properties": {"npdes_id": "NYR11R212", "facility": "MARDON SOLAR LLC", "city": "DELANSON", "county": null, "tier": "construction stormwater GP", "permit_type": "General Permit Covered Facility", "major_minor": "N", "permit_status": "Effective", "transect": "other / Albany metro", "receiving_water": "ON SITE POND", "huc8": "Schoharie", "design_flow_mgd": null, "actual_flow_mgd": null, "compliance_status": "No Violation Identified", "snc_status": null, "qtrs_noncompliance_12": 0, "qtrs_snc": 0, "missed_dmr_qtrs": null, "effluent_violations_3yr": 0, "pollutants_with_violation": null, "limited_pollutants": null, "dmr_pounds_yr": null, "dmr_toxic_weighted_lb": null, "penalties_usd": 0, "formal_actions_5yr": null, "informal_actions_5yr": 0, "inspections_5yr": 0, "last_inspection": null, "receiving_water_impaired": null, "impairment_causes": null, "sic": null, "naics": null, "permit_expires": "01/28/2030", "km_from_ref": 28.4, "in_echo_search_list": null, "dfr_url": "https://echo.epa.gov/detailed-facility-report?fid=NYR11R212&sys=ICP", "watchlist_note": null}}, {"type": "Feature", "geometry": {"type": "Point", "coordinates": [-73.756329, 42.715607]}, "properties": {"npdes_id": "NYR11N800", "facility": "SINGLE FAMILY CONSTRUCTION", "city": "LOUDONVILLE", "county": null, "tier": "construction stormwater GP", "permit_type": "General Permit Covered Facility", "major_minor": "N", "permit_status": "Effective", "transect": "Hudson mainstem", "receiving_water": "UNNAMED TRIBUTARY OF THE HUDSON RIVER", "huc8": "Middle Hudson", "design_flow_mgd": null, "actual_flow_mgd": null, "compliance_status": "No Violation Identified", "snc_status": null, "qtrs_noncompliance_12": 0, "qtrs_snc": 0, "missed_dmr_qtrs": null, "effluent_violations_3yr": 0, "pollutants_with_violation": null, "limited_pollutants": null, "dmr_pounds_yr": null, "dmr_toxic_weighted_lb": null, "penalties_usd": 0, "formal_actions_5yr": null, "informal_actions_5yr": 0, "inspections_5yr": 0, "last_inspection": null, "receiving_water_impaired": null, "impairment_causes": null, "sic": null, "naics": null, "permit_expires": "01/28/2030", "km_from_ref": 38.9, "in_echo_search_list": null, "dfr_url": "https://echo.epa.gov/detailed-facility-report?fid=NYR11N800&sys=ICP", "watchlist_note": null}}, {"type": "Feature", "geometry": {"type": "Point", "coordinates": [-73.85512, 42.75982]}, "properties": {"npdes_id": "NYR11M853", "facility": "THREE LOT SUBDIVISION", "city": "COLONIE", "county": null, "tier": "construction stormwater GP", "permit_type": "General Permit Covered Facility", "major_minor": "N", "permit_status": "Effective", "transect": "other / Albany metro", "receiving_water": "LISHA KILL", "huc8": "Mohawk", "design_flow_mgd": null, "actual_flow_mgd": null, "compliance_status": "No Violation Identified", "snc_status": null, "qtrs_noncompliance_12": 0, "qtrs_snc": 0, "missed_dmr_qtrs": null, "effluent_violations_3yr": 0, "pollutants_with_violation": null, "limited_pollutants": null, "dmr_pounds_yr": null, "dmr_toxic_weighted_lb": null, "penalties_usd": 0, "formal_actions_5yr": null, "informal_actions_5yr": 0, "inspections_5yr": 0, "last_inspection": null, "receiving_water_impaired": null, "impairment_causes": null, "sic": null, "naics": null, "permit_expires": "01/28/2030", "km_from_ref": 36.1, "in_echo_search_list": null, "dfr_url": "https://echo.epa.gov/detailed-facility-report?fid=NYR11M853&sys=ICP", "watchlist_note": null}}, {"type": "Feature", "geometry": {"type": "Point", "coordinates": [-74.265431, 42.127039]}, "properties": {"npdes_id": "NYR11P028", "facility": "HOLLOW TREE BROOK STREAM RESTORATION PROJECT", "city": "LANESVILLE", "county": null, "tier": "construction stormwater GP", "permit_type": "General Permit Covered Facility", "major_minor": "N", "permit_status": "Effective", "transect": "other / Albany metro", "receiving_water": "HOLLOW TREE BROOK", "huc8": "Middle Hudson", "design_flow_mgd": null, "actual_flow_mgd": null, "compliance_status": "No Violation Identified", "snc_status": null, "qtrs_noncompliance_12": 0, "qtrs_snc": 0, "missed_dmr_qtrs": null, "effluent_violations_3yr": 0, "pollutants_with_violation": null, "limited_pollutants": null, "dmr_pounds_yr": null, "dmr_toxic_weighted_lb": null, "penalties_usd": 0, "formal_actions_5yr": null, "informal_actions_5yr": 0, "inspections_5yr": 0, "last_inspection": null, "receiving_water_impaired": null, "impairment_causes": null, "sic": null, "naics": null, "permit_expires": "01/28/2030", "km_from_ref": 44.2, "in_echo_search_list": null, "dfr_url": "https://echo.epa.gov/detailed-facility-report?fid=NYR11P028&sys=ICP", "watchlist_note": null}}, {"type": "Feature", "geometry": {"type": "Point", "coordinates": [-73.72379, 42.695443]}, "properties": {"npdes_id": "NYR10L689", "facility": "JONES COURT SUBDIVISION", "city": "MENANDS", "county": null, "tier": "construction stormwater GP", "permit_type": "General Permit Covered Facility", "major_minor": "N", "permit_status": "Effective", "transect": "Hudson mainstem", "receiving_water": "HUDSON R VER", "huc8": "Middle Hudson", "design_flow_mgd": null, "actual_flow_mgd": null, "compliance_status": "No Violation Identified", "snc_status": null, "qtrs_noncompliance_12": 0, "qtrs_snc": 0, "missed_dmr_qtrs": null, "effluent_violations_3yr": 0, "pollutants_with_violation": null, "limited_pollutants": null, "dmr_pounds_yr": null, "dmr_toxic_weighted_lb": null, "penalties_usd": 0, "formal_actions_5yr": null, "informal_actions_5yr": 0, "inspections_5yr": 0, "last_inspection": null, "receiving_water_impaired": null, "impairment_causes": null, "sic": null, "naics": null, "permit_expires": "01/28/2030", "km_from_ref": 39.9, "in_echo_search_list": null, "dfr_url": "https://echo.epa.gov/detailed-facility-report?fid=NYR10L689&sys=ICP", "watchlist_note": null}}, {"type": "Feature", "geometry": {"type": "Point", "coordinates": [-73.75536, 42.71829]}, "properties": {"npdes_id": "NYR11D110", "facility": "STEEPLE VIEW ESTATES RESIDENTIAL SUBDIVISION", "city": "COLONIE", "county": null, "tier": "construction stormwater GP", "permit_type": "General Permit Covered Facility", "major_minor": "N", "permit_status": "Effective", "transect": "other / Albany metro", "receiving_water": "FEDERAL WETLAND / CEMETERY BROOK", "huc8": "Middle Hudson", "design_flow_mgd": null, "actual_flow_mgd": null, "compliance_status": "No Violation Identified", "snc_status": null, "qtrs_noncompliance_12": 0, "qtrs_snc": 0, "missed_dmr_qtrs": null, "effluent_violations_3yr": 0, "pollutants_with_violation": null, "limited_pollutants": null, "dmr_pounds_yr": null, "dmr_toxic_weighted_lb": null, "penalties_usd": 0, "formal_actions_5yr": null, "informal_actions_5yr": 0, "inspections_5yr": 0, "last_inspection": null, "receiving_water_impaired": null, "impairment_causes": null, "sic": null, "naics": null, "permit_expires": "01/28/2030", "km_from_ref": 39.1, "in_echo_search_list": null, "dfr_url": "https://echo.epa.gov/detailed-facility-report?fid=NYR11D110&sys=ICP", "watchlist_note": null}}, {"type": "Feature", "geometry": {"type": "Point", "coordinates": [-73.750693, 42.718245]}, "properties": {"npdes_id": "NYR11L287", "facility": "SIENA COLLEGE - NOBEL HALL", "city": "COLONIE", "county": null, "tier": "construction stormwater GP", "permit_type": "General Permit Covered Facility", "major_minor": "N", "permit_status": "Effective", "transect": "other / Albany metro", "receiving_water": "WETLANDS", "huc8": "Middle Hudson", "design_flow_mgd": null, "actual_flow_mgd": null, "compliance_status": "No Violation Identified", "snc_status": null, "qtrs_noncompliance_12": 0, "qtrs_snc": 0, "missed_dmr_qtrs": null, "effluent_violations_3yr": 0, "pollutants_with_violation": null, "limited_pollutants": null, "dmr_pounds_yr": null, "dmr_toxic_weighted_lb": null, "penalties_usd": 0, "formal_actions_5yr": null, "informal_actions_5yr": 0, "inspections_5yr": 0, "last_inspection": null, "receiving_water_impaired": null, "impairment_causes": null, "sic": null, "naics": null, "permit_expires": "01/28/2030", "km_from_ref": 39.4, "in_echo_search_list": null, "dfr_url": "https://echo.epa.gov/detailed-facility-report?fid=NYR11L287&sys=ICP", "watchlist_note": null}}, {"type": "Feature", "geometry": {"type": "Point", "coordinates": [-73.7931, 42.74347]}, "properties": {"npdes_id": "NYR11G421", "facility": "LATHAM HQ", "city": "LATHAM", "county": null, "tier": "construction stormwater GP", "permit_type": "General Permit Covered Facility", "major_minor": "N", "permit_status": "Effective", "transect": "other / Albany metro", "receiving_water": "SHAKERS CREEK", "huc8": "Mohawk", "design_flow_mgd": null, "actual_flow_mgd": null, "compliance_status": "No Violation Identified", "snc_status": null, "qtrs_noncompliance_12": 0, "qtrs_snc": 0, "missed_dmr_qtrs": null, "effluent_violations_3yr": 0, "pollutants_with_violation": null, "limited_pollutants": null, "dmr_pounds_yr": null, "dmr_toxic_weighted_lb": null, "penalties_usd": 0, "formal_actions_5yr": null, "informal_actions_5yr": 0, "inspections_5yr": 0, "last_inspection": null, "receiving_water_impaired": null, "impairment_causes": null, "sic": null, "naics": null, "permit_expires": "01/28/2030", "km_from_ref": 38.4, "in_echo_search_list": null, "dfr_url": "https://echo.epa.gov/detailed-facility-report?fid=NYR11G421&sys=ICP", "watchlist_note": null}}, {"type": "Feature", "geometry": {"type": "Point", "coordinates": [-73.802576, 42.74801]}, "properties": {"npdes_id": "NYR11L695", "facility": "ALBANY AIRPORT TERMINAL IMPROVEMENTS", "city": "LOUDONVILLE", "county": null, "tier": "construction stormwater GP", "permit_type": "General Permit Covered Facility", "major_minor": "N", "permit_status": "Effective", "transect": "other / Albany metro", "receiving_water": "SHAKERS CREEK", "huc8": "Mohawk", "design_flow_mgd": null, "actual_flow_mgd": null, "compliance_status": "No Violation Identified", "snc_status": null, "qtrs_noncompliance_12": 0, "qtrs_snc": 0, "missed_dmr_qtrs": null, "effluent_violations_3yr": 0, "pollutants_with_violation": null, "limited_pollutants": null, "dmr_pounds_yr": null, "dmr_toxic_weighted_lb": null, "penalties_usd": 0, "formal_actions_5yr": null, "informal_actions_5yr": 0, "inspections_5yr": 0, "last_inspection": null, "receiving_water_impaired": null, "impairment_causes": null, "sic": null, "naics": null, "permit_expires": "01/28/2030", "km_from_ref": 38.2, "in_echo_search_list": "yes", "dfr_url": "https://echo.epa.gov/detailed-facility-report?fid=NYR11L695&sys=ICP", "watchlist_note": null}}, {"type": "Feature", "geometry": {"type": "Point", "coordinates": [-73.83908, 42.76276]}, "properties": {"npdes_id": "NYR10Z783", "facility": "TULIP TREE SUBDIVISION", "city": "COLONIE", "county": null, "tier": "construction stormwater GP", "permit_type": "General Permit Covered Facility", "major_minor": "N", "permit_status": "Effective", "transect": "other / Albany metro", "receiving_water": "UNNAMED TRIBUTARY TO THE LISHA KILL", "huc8": "Mohawk", "design_flow_mgd": null, "actual_flow_mgd": null, "compliance_status": "No Violation Identified", "snc_status": null, "qtrs_noncompliance_12": 0, "qtrs_snc": 0, "missed_dmr_qtrs": null, "effluent_violations_3yr": 0, "pollutants_with_violation": null, "limited_pollutants": null, "dmr_pounds_yr": null, "dmr_toxic_weighted_lb": null, "penalties_usd": 0, "formal_actions_5yr": null, "informal_actions_5yr": 0, "inspections_5yr": 0, "last_inspection": null, "receiving_water_impaired": null, "impairment_causes": null, "sic": null, "naics": null, "permit_expires": "01/28/2030", "km_from_ref": 37.2, "in_echo_search_list": null, "dfr_url": "https://echo.epa.gov/detailed-facility-report?fid=NYR10Z783&sys=ICP", "watchlist_note": null}}, {"type": "Feature", "geometry": {"type": "Point", "coordinates": [-73.763544, 42.730737]}, "properties": {"npdes_id": "NYR11F480", "facility": "VILLAGE AT NEW LOUDON", "city": "ALBANY", "county": null, "tier": "construction stormwater GP", "permit_type": "General Permit Covered Facility", "major_minor": "N", "permit_status": "Effective", "transect": "other / Albany metro", "receiving_water": "TRIBUTARY TO SHAKER'S CREEK", "huc8": "Mohawk", "design_flow_mgd": null, "actual_flow_mgd": null, "compliance_status": "No Violation Identified", "snc_status": null, "qtrs_noncompliance_12": 0, "qtrs_snc": 0, "missed_dmr_qtrs": null, "effluent_violations_3yr": 0, "pollutants_with_violation": null, "limited_pollutants": null, "dmr_pounds_yr": null, "dmr_toxic_weighted_lb": null, "penalties_usd": 0, "formal_actions_5yr": null, "informal_actions_5yr": 0, "inspections_5yr": 0, "last_inspection": null, "receiving_water_impaired": null, "impairment_causes": null, "sic": null, "naics": null, "permit_expires": "01/28/2030", "km_from_ref": 39.4, "in_echo_search_list": null, "dfr_url": "https://echo.epa.gov/detailed-facility-report?fid=NYR11F480&sys=ICP", "watchlist_note": null}}, {"type": "Feature", "geometry": {"type": "Point", "coordinates": [-73.84003, 42.7654]}, "properties": {"npdes_id": "NYR11N606", "facility": "RIDGEWOOD SUBDIVISION", "city": "COLONIE", "county": null, "tier": "construction stormwater GP", "permit_type": "General Permit Covered Facility", "major_minor": "N", "permit_status": "Effective", "transect": "other / Albany metro", "receiving_water": "WETLANDS", "huc8": "Mohawk", "design_flow_mgd": null, "actual_flow_mgd": null, "compliance_status": "No Violation Identified", "snc_status": null, "qtrs_noncompliance_12": 0, "qtrs_snc": 0, "missed_dmr_qtrs": null, "effluent_violations_3yr": 0, "pollutants_with_violation": null, "limited_pollutants": null, "dmr_pounds_yr": null, "dmr_toxic_weighted_lb": null, "penalties_usd": 0, "formal_actions_5yr": null, "informal_actions_5yr": 0, "inspections_5yr": 0, "last_inspection": null, "receiving_water_impaired": null, "impairment_causes": null, "sic": null, "naics": null, "permit_expires": "01/28/2030", "km_from_ref": 37.4, "in_echo_search_list": null, "dfr_url": "https://echo.epa.gov/detailed-facility-report?fid=NYR11N606&sys=ICP", "watchlist_note": null}}, {"type": "Feature", "geometry": {"type": "Point", "coordinates": [-73.786, 42.74512]}, "properties": {"npdes_id": "NYR11B225", "facility": "MEADOWDALE ESTATES", "city": "COLONIE", "county": null, "tier": "construction stormwater GP", "permit_type": "General Permit Covered Facility", "major_minor": "N", "permit_status": "Effective", "transect": "other / Albany metro", "receiving_water": "UNNAMED TRIBUTARY TO SHAKER CREEK", "huc8": "Mohawk", "design_flow_mgd": null, "actual_flow_mgd": null, "compliance_status": "No Violation Identified", "snc_status": null, "qtrs_noncompliance_12": 0, "qtrs_snc": 0, "missed_dmr_qtrs": null, "effluent_violations_3yr": 0, "pollutants_with_violation": null, "limited_pollutants": null, "dmr_pounds_yr": null, "dmr_toxic_weighted_lb": null, "penalties_usd": 0, "formal_actions_5yr": null, "informal_actions_5yr": 0, "inspections_5yr": 0, "last_inspection": null, "receiving_water_impaired": null, "impairment_causes": null, "sic": null, "naics": null, "permit_expires": "01/28/2030", "km_from_ref": 39.0, "in_echo_search_list": null, "dfr_url": "https://echo.epa.gov/detailed-facility-report?fid=NYR11B225&sys=ICP", "watchlist_note": null}}, {"type": "Feature", "geometry": {"type": "Point", "coordinates": [-73.716264, 42.709403]}, "properties": {"npdes_id": "NYR11G582", "facility": "LINCOLN AVE. INDUSTRIAL COMPLEX", "city": "WATERVLIET", "county": null, "tier": "construction stormwater GP", "permit_type": "General Permit Covered Facility", "major_minor": "N", "permit_status": "Effective", "transect": "Hudson mainstem", "receiving_water": "UNNAMED TRIBUTARIES OF THE HUDSON RIVER", "huc8": "Middle Hudson", "design_flow_mgd": null, "actual_flow_mgd": null, "compliance_status": "No Violation Identified", "snc_status": null, "qtrs_noncompliance_12": 0, "qtrs_snc": 0, "missed_dmr_qtrs": null, "effluent_violations_3yr": 0, "pollutants_with_violation": null, "limited_pollutants": null, "dmr_pounds_yr": null, "dmr_toxic_weighted_lb": null, "penalties_usd": 0, "formal_actions_5yr": null, "informal_actions_5yr": 0, "inspections_5yr": 0, "last_inspection": null, "receiving_water_impaired": null, "impairment_causes": null, "sic": null, "naics": null, "permit_expires": "01/28/2030", "km_from_ref": 41.2, "in_echo_search_list": null, "dfr_url": "https://echo.epa.gov/detailed-facility-report?fid=NYR11G582&sys=ICP", "watchlist_note": null}}, {"type": "Feature", "geometry": {"type": "Point", "coordinates": [-73.747765, 42.731211]}, "properties": {"npdes_id": "NYR11Q044", "facility": "NCCSD: CAMPUS IMPROVEMENTS AT SHAKER HIGH SCHOOL", "city": "LATHAM", "county": null, "tier": "construction stormwater GP", "permit_type": "General Permit Covered Facility", "major_minor": "N", "permit_status": "Effective", "transect": "Hudson mainstem", "receiving_water": "UNKNOWN TRIBUTARIES TO HUDSON RIVER", "huc8": "Middle Hudson", "design_flow_mgd": null, "actual_flow_mgd": null, "compliance_status": "No Violation Identified", "snc_status": null, "qtrs_noncompliance_12": 0, "qtrs_snc": 0, "missed_dmr_qtrs": null, "effluent_violations_3yr": 0, "pollutants_with_violation": null, "limited_pollutants": null, "dmr_pounds_yr": null, "dmr_toxic_weighted_lb": null, "penalties_usd": 0, "formal_actions_5yr": null, "informal_actions_5yr": 0, "inspections_5yr": 0, "last_inspection": null, "receiving_water_impaired": null, "impairment_causes": null, "sic": null, "naics": null, "permit_expires": "01/28/2030", "km_from_ref": 40.4, "in_echo_search_list": null, "dfr_url": "https://echo.epa.gov/detailed-facility-report?fid=NYR11Q044&sys=ICP", "watchlist_note": null}}, {"type": "Feature", "geometry": {"type": "Point", "coordinates": [-73.82744, 42.76852]}, "properties": {"npdes_id": "NYR11K250", "facility": "4 LOT MINOR SUBDIVISION", "city": "SCHENECTADY", "county": null, "tier": "construction stormwater GP", "permit_type": "General Permit Covered Facility", "major_minor": "N", "permit_status": "Effective", "transect": "other / Albany metro", "receiving_water": "SHAKERS CREEK", "huc8": "Mohawk", "design_flow_mgd": null, "actual_flow_mgd": null, "compliance_status": "No Violation Identified", "snc_status": null, "qtrs_noncompliance_12": 0, "qtrs_snc": 0, "missed_dmr_qtrs": null, "effluent_violations_3yr": 0, "pollutants_with_violation": null, "limited_pollutants": null, "dmr_pounds_yr": null, "dmr_toxic_weighted_lb": null, "penalties_usd": 0, "formal_actions_5yr": null, "informal_actions_5yr": 0, "inspections_5yr": 0, "last_inspection": null, "receiving_water_impaired": null, "impairment_causes": null, "sic": null, "naics": null, "permit_expires": "01/28/2030", "km_from_ref": 38.3, "in_echo_search_list": null, "dfr_url": "https://echo.epa.gov/detailed-facility-report?fid=NYR11K250&sys=ICP", "watchlist_note": null}}, {"type": "Feature", "geometry": {"type": "Point", "coordinates": [-73.79674, 42.75685]}, "properties": {"npdes_id": "NYR11G129", "facility": "PROPOSED BUILDING ADDITION", "city": "LATHAM", "county": null, "tier": "construction stormwater GP", "permit_type": "General Permit Covered Facility", "major_minor": "N", "permit_status": "Effective", "transect": "other / Albany metro", "receiving_water": "UNNAMED TRIBUTARIES OF THE SHAKERS KILL", "huc8": "Mohawk", "design_flow_mgd": null, "actual_flow_mgd": null, "compliance_status": "No Violation Identified", "snc_status": null, "qtrs_noncompliance_12": 0, "qtrs_snc": 0, "missed_dmr_qtrs": null, "effluent_violations_3yr": 0, "pollutants_with_violation": null, "limited_pollutants": null, "dmr_pounds_yr": null, "dmr_toxic_weighted_lb": null, "penalties_usd": 0, "formal_actions_5yr": null, "informal_actions_5yr": 0, "inspections_5yr": 0, "last_inspection": null, "receiving_water_impaired": null, "impairment_causes": null, "sic": null, "naics": null, "permit_expires": "01/28/2030", "km_from_ref": 39.2, "in_echo_search_list": null, "dfr_url": "https://echo.epa.gov/detailed-facility-report?fid=NYR11G129&sys=ICP", "watchlist_note": null}}, {"type": "Feature", "geometry": {"type": "Point", "coordinates": [-73.73567, 42.72846]}, "properties": {"npdes_id": "NYR11Q436", "facility": "358 WATERVLIET SHAKER ROAD", "city": "WATERVLIET", "county": null, "tier": "construction stormwater GP", "permit_type": "General Permit Covered Facility", "major_minor": "N", "permit_status": "Effective", "transect": "Hudson mainstem", "receiving_water": "UNNAMED TRIB TO HUDSON RIVER", "huc8": "Middle Hudson", "design_flow_mgd": null, "actual_flow_mgd": null, "compliance_status": "No Violation Identified", "snc_status": null, "qtrs_noncompliance_12": 0, "qtrs_snc": 0, "missed_dmr_qtrs": null, "effluent_violations_3yr": 0, "pollutants_with_violation": null, "limited_pollutants": null, "dmr_pounds_yr": null, "dmr_toxic_weighted_lb": null, "penalties_usd": 0, "formal_actions_5yr": null, "informal_actions_5yr": 0, "inspections_5yr": 0, "last_inspection": null, "receiving_water_impaired": null, "impairment_causes": null, "sic": null, "naics": null, "permit_expires": "01/28/2030", "km_from_ref": 41.1, "in_echo_search_list": null, "dfr_url": "https://echo.epa.gov/detailed-facility-report?fid=NYR11Q436&sys=ICP", "watchlist_note": null}}, {"type": "Feature", "geometry": {"type": "Point", "coordinates": [-73.814, 42.76637]}, "properties": {"npdes_id": "NYR11L550", "facility": "KEELER HONDA FACILITY", "city": "LATHAM", "county": "Albany", "tier": "construction stormwater GP", "permit_type": "General Permit Covered Facility", "major_minor": "N", "permit_status": "Effective", "transect": "other / Albany metro", "receiving_water": "UNNAMED TRIBUTARY OF THE MOHAWK RIVER", "huc8": "Mohawk", "design_flow_mgd": null, "actual_flow_mgd": null, "compliance_status": "No Violation Identified", "snc_status": null, "qtrs_noncompliance_12": 0, "qtrs_snc": 0, "missed_dmr_qtrs": null, "effluent_violations_3yr": 0, "pollutants_with_violation": null, "limited_pollutants": null, "dmr_pounds_yr": null, "dmr_toxic_weighted_lb": null, "penalties_usd": 0, "formal_actions_5yr": null, "informal_actions_5yr": 0, "inspections_5yr": 0, "last_inspection": null, "receiving_water_impaired": null, "impairment_causes": null, "sic": null, "naics": null, "permit_expires": "01/28/2030", "km_from_ref": 38.9, "in_echo_search_list": null, "dfr_url": "https://echo.epa.gov/detailed-facility-report?fid=NYR11L550&sys=ICP", "watchlist_note": null}}, {"type": "Feature", "geometry": {"type": "Point", "coordinates": [-73.7809, 42.75247]}, "properties": {"npdes_id": "NYR11L414", "facility": "MIXED USE OFFICE & WAREHOUSE", "city": "LATHAM", "county": null, "tier": "construction stormwater GP", "permit_type": "General Permit Covered Facility", "major_minor": "N", "permit_status": "Effective", "transect": "other / Albany metro", "receiving_water": "UNNAMED TRIBUTARY OF THE SHAKERS CREEK", "huc8": "Mohawk", "design_flow_mgd": null, "actual_flow_mgd": null, "compliance_status": "No Violation Identified", "snc_status": null, "qtrs_noncompliance_12": 0, "qtrs_snc": 0, "missed_dmr_qtrs": null, "effluent_violations_3yr": 0, "pollutants_with_violation": null, "limited_pollutants": null, "dmr_pounds_yr": null, "dmr_toxic_weighted_lb": null, "penalties_usd": 0, "formal_actions_5yr": null, "informal_actions_5yr": 0, "inspections_5yr": 0, "last_inspection": null, "receiving_water_impaired": null, "impairment_causes": null, "sic": null, "naics": null, "permit_expires": "01/28/2030", "km_from_ref": 39.8, "in_echo_search_list": null, "dfr_url": "https://echo.epa.gov/detailed-facility-report?fid=NYR11L414&sys=ICP", "watchlist_note": null}}, {"type": "Feature", "geometry": {"type": "Point", "coordinates": [-73.75522, 42.74087]}, "properties": {"npdes_id": "NYR11G501", "facility": "LOUDON HILLS EAST SUBDIVISION", "city": "LATHAM", "county": null, "tier": "construction stormwater GP", "permit_type": "General Permit Covered Facility", "major_minor": "N", "permit_status": "Effective", "transect": "other / Albany metro", "receiving_water": "ONSITE WETLAND TO THE KROMMA KILL", "huc8": "Middle Hudson", "design_flow_mgd": null, "actual_flow_mgd": null, "compliance_status": "No Violation Identified", "snc_status": null, "qtrs_noncompliance_12": 0, "qtrs_snc": 0, "missed_dmr_qtrs": null, "effluent_violations_3yr": 0, "pollutants_with_violation": null, "limited_pollutants": null, "dmr_pounds_yr": null, "dmr_toxic_weighted_lb": null, "penalties_usd": 0, "formal_actions_5yr": null, "informal_actions_5yr": 0, "inspections_5yr": 0, "last_inspection": null, "receiving_water_impaired": null, "impairment_causes": null, "sic": null, "naics": null, "permit_expires": "01/28/2030", "km_from_ref": 40.6, "in_echo_search_list": null, "dfr_url": "https://echo.epa.gov/detailed-facility-report?fid=NYR11G501&sys=ICP", "watchlist_note": null}}, {"type": "Feature", "geometry": {"type": "Point", "coordinates": [-73.80049, 42.76352]}, "properties": {"npdes_id": "NYR11N351", "facility": "LEXUS OF LATHAM", "city": "COLONIE", "county": null, "tier": "construction stormwater GP", "permit_type": "General Permit Covered Facility", "major_minor": "N", "permit_status": "Effective", "transect": "other / Albany metro", "receiving_water": "MOHAWK RIVER", "huc8": "Mohawk", "design_flow_mgd": null, "actual_flow_mgd": null, "compliance_status": "No Violation Identified", "snc_status": null, "qtrs_noncompliance_12": 0, "qtrs_snc": 0, "missed_dmr_qtrs": null, "effluent_violations_3yr": 0, "pollutants_with_violation": null, "limited_pollutants": null, "dmr_pounds_yr": null, "dmr_toxic_weighted_lb": null, "penalties_usd": 0, "formal_actions_5yr": null, "informal_actions_5yr": 0, "inspections_5yr": 0, "last_inspection": null, "receiving_water_impaired": null, "impairment_causes": null, "sic": null, "naics": null, "permit_expires": "01/28/2030", "km_from_ref": 39.5, "in_echo_search_list": null, "dfr_url": "https://echo.epa.gov/detailed-facility-report?fid=NYR11N351&sys=ICP", "watchlist_note": null}}, {"type": "Feature", "geometry": {"type": "Point", "coordinates": [-73.717936, 42.721261]}, "properties": {"npdes_id": "NYR11P292", "facility": "PROPOSED PALETTE STORAGE", "city": "WATERVLIET", "county": null, "tier": "construction stormwater GP", "permit_type": "General Permit Covered Facility", "major_minor": "N", "permit_status": "Effective", "transect": "other / Albany metro", "receiving_water": "GASHOUSE CREEK", "huc8": "Middle Hudson", "design_flow_mgd": null, "actual_flow_mgd": null, "compliance_status": "No Violation Identified", "snc_status": null, "qtrs_noncompliance_12": 0, "qtrs_snc": 0, "missed_dmr_qtrs": null, "effluent_violations_3yr": 0, "pollutants_with_violation": null, "limited_pollutants": null, "dmr_pounds_yr": null, "dmr_toxic_weighted_lb": null, "penalties_usd": 0, "formal_actions_5yr": null, "informal_actions_5yr": 0, "inspections_5yr": 0, "last_inspection": null, "receiving_water_impaired": "Y", "impairment_causes": "DISSOLVED OXYGEN | FECAL COLIFORM", "sic": null, "naics": null, "permit_expires": "01/28/2030", "km_from_ref": 41.8, "in_echo_search_list": null, "dfr_url": "https://echo.epa.gov/detailed-facility-report?fid=NYR11P292&sys=ICP", "watchlist_note": null}}, {"type": "Feature", "geometry": {"type": "Point", "coordinates": [-73.78319, 42.75865]}, "properties": {"npdes_id": "NYR11P159", "facility": "PORSCHE LATHAM", "city": "COLONIE", "county": null, "tier": "construction stormwater GP", "permit_type": "General Permit Covered Facility", "major_minor": "N", "permit_status": "Effective", "transect": "other / Albany metro", "receiving_water": "UNNAMED OFFSITE STREAM", "huc8": "Mohawk", "design_flow_mgd": null, "actual_flow_mgd": null, "compliance_status": "No Violation Identified", "snc_status": null, "qtrs_noncompliance_12": 0, "qtrs_snc": 0, "missed_dmr_qtrs": null, "effluent_violations_3yr": 0, "pollutants_with_violation": null, "limited_pollutants": null, "dmr_pounds_yr": null, "dmr_toxic_weighted_lb": null, "penalties_usd": 0, "formal_actions_5yr": null, "informal_actions_5yr": 0, "inspections_5yr": 0, "last_inspection": null, "receiving_water_impaired": "Y", "impairment_causes": "PH", "sic": null, "naics": null, "permit_expires": "01/28/2030", "km_from_ref": 40.1, "in_echo_search_list": null, "dfr_url": "https://echo.epa.gov/detailed-facility-report?fid=NYR11P159&sys=ICP", "watchlist_note": null}}, {"type": "Feature", "geometry": {"type": "Point", "coordinates": [-73.815193, 42.77219]}, "properties": {"npdes_id": "NYR11M289", "facility": "RIVER ROAD CLEARWELL STORAGE TANK", "city": "LATHAM", "county": null, "tier": "construction stormwater GP", "permit_type": "General Permit Covered Facility", "major_minor": "N", "permit_status": "Effective", "transect": "other / Albany metro", "receiving_water": "MOHAWK RIVER", "huc8": "Mohawk", "design_flow_mgd": null, "actual_flow_mgd": null, "compliance_status": "No Violation Identified", "snc_status": null, "qtrs_noncompliance_12": 0, "qtrs_snc": 0, "missed_dmr_qtrs": null, "effluent_violations_3yr": 0, "pollutants_with_violation": null, "limited_pollutants": null, "dmr_pounds_yr": null, "dmr_toxic_weighted_lb": null, "penalties_usd": 0, "formal_actions_5yr": null, "informal_actions_5yr": 0, "inspections_5yr": 0, "last_inspection": null, "receiving_water_impaired": null, "impairment_causes": null, "sic": null, "naics": null, "permit_expires": "01/28/2030", "km_from_ref": 39.3, "in_echo_search_list": null, "dfr_url": "https://echo.epa.gov/detailed-facility-report?fid=NYR11M289&sys=ICP", "watchlist_note": null}}, {"type": "Feature", "geometry": {"type": "Point", "coordinates": [-73.76664, 42.75191]}, "properties": {"npdes_id": "NYR11Q004", "facility": "PROPOSED QSR - LATHAM FARMS", "city": "LATHAM", "county": null, "tier": "construction stormwater GP", "permit_type": "General Permit Covered Facility", "major_minor": "N", "permit_status": "Effective", "transect": "other / Albany metro", "receiving_water": "MINOR TRIBS TO MOHAWK RIVER - 1201-0022", "huc8": "Mohawk", "design_flow_mgd": null, "actual_flow_mgd": null, "compliance_status": "No Violation Identified", "snc_status": null, "qtrs_noncompliance_12": 0, "qtrs_snc": 0, "missed_dmr_qtrs": null, "effluent_violations_3yr": 0, "pollutants_with_violation": null, "limited_pollutants": null, "dmr_pounds_yr": null, "dmr_toxic_weighted_lb": null, "penalties_usd": 0, "formal_actions_5yr": null, "informal_actions_5yr": 0, "inspections_5yr": 0, "last_inspection": null, "receiving_water_impaired": null, "impairment_causes": null, "sic": null, "naics": null, "permit_expires": "01/28/2030", "km_from_ref": 40.7, "in_echo_search_list": null, "dfr_url": "https://echo.epa.gov/detailed-facility-report?fid=NYR11Q004&sys=ICP", "watchlist_note": null}}, {"type": "Feature", "geometry": {"type": "Point", "coordinates": [-73.760266, 42.749955]}, "properties": {"npdes_id": "NYR11Q101", "facility": "ALDI - LATHAM, NY", "city": "LATHAM", "county": null, "tier": "construction stormwater GP", "permit_type": "General Permit Covered Facility", "major_minor": "N", "permit_status": "Effective", "transect": "other / Albany metro", "receiving_water": "MOHAWK RIVER", "huc8": "Mohawk", "design_flow_mgd": null, "actual_flow_mgd": null, "compliance_status": "No Violation Identified", "snc_status": null, "qtrs_noncompliance_12": 0, "qtrs_snc": 0, "missed_dmr_qtrs": null, "effluent_violations_3yr": 0, "pollutants_with_violation": null, "limited_pollutants": null, "dmr_pounds_yr": null, "dmr_toxic_weighted_lb": null, "penalties_usd": 0, "formal_actions_5yr": null, "informal_actions_5yr": 0, "inspections_5yr": 0, "last_inspection": null, "receiving_water_impaired": null, "impairment_causes": null, "sic": null, "naics": null, "permit_expires": "01/28/2030", "km_from_ref": 40.9, "in_echo_search_list": null, "dfr_url": "https://echo.epa.gov/detailed-facility-report?fid=NYR11Q101&sys=ICP", "watchlist_note": null}}, {"type": "Feature", "geometry": {"type": "Point", "coordinates": [-73.74485, 42.74299]}, "properties": {"npdes_id": "NYR10M859", "facility": "AL-HIDAYA CENTER", "city": "COLONIE", "county": "Albany", "tier": "construction stormwater GP", "permit_type": "General Permit Covered Facility", "major_minor": "N", "permit_status": "Effective", "transect": "other / Albany metro", "receiving_water": "BLUE CREEK", "huc8": "Middle Hudson", "design_flow_mgd": null, "actual_flow_mgd": null, "compliance_status": "No Violation Identified", "snc_status": null, "qtrs_noncompliance_12": 0, "qtrs_snc": 0, "missed_dmr_qtrs": null, "effluent_violations_3yr": 0, "pollutants_with_violation": null, "limited_pollutants": null, "dmr_pounds_yr": null, "dmr_toxic_weighted_lb": null, "penalties_usd": 0, "formal_actions_5yr": null, "informal_actions_5yr": 0, "inspections_5yr": 0, "last_inspection": null, "receiving_water_impaired": null, "impairment_causes": null, "sic": null, "naics": null, "permit_expires": "01/28/2030", "km_from_ref": 41.4, "in_echo_search_list": null, "dfr_url": "https://echo.epa.gov/detailed-facility-report?fid=NYR10M859&sys=ICP", "watchlist_note": null}}, {"type": "Feature", "geometry": {"type": "Point", "coordinates": [-73.74144, 42.74226]}, "properties": {"npdes_id": "NYR11E771", "facility": "PROPOSED ON THE FARM ESTATES", "city": "LATHAM", "county": null, "tier": "construction stormwater GP", "permit_type": "General Permit Covered Facility", "major_minor": "N", "permit_status": "Effective", "transect": "other / Albany metro", "receiving_water": "UNNAMED TRIBUTARY TO THE DRY CREEK", "huc8": "Middle Hudson", "design_flow_mgd": null, "actual_flow_mgd": null, "compliance_status": "No Violation Identified", "snc_status": null, "qtrs_noncompliance_12": 0, "qtrs_snc": 0, "missed_dmr_qtrs": null, "effluent_violations_3yr": 0, "pollutants_with_violation": null, "limited_pollutants": null, "dmr_pounds_yr": null, "dmr_toxic_weighted_lb": null, "penalties_usd": 0, "formal_actions_5yr": null, "informal_actions_5yr": 0, "inspections_5yr": 0, "last_inspection": null, "receiving_water_impaired": null, "impairment_causes": null, "sic": null, "naics": null, "permit_expires": "01/28/2030", "km_from_ref": 41.6, "in_echo_search_list": null, "dfr_url": "https://echo.epa.gov/detailed-facility-report?fid=NYR11E771&sys=ICP", "watchlist_note": null}}, {"type": "Feature", "geometry": {"type": "Point", "coordinates": [-74.270983, 42.782774]}, "properties": {"npdes_id": "NYR11Q596", "facility": "NEW YORK STATE OFF-ROAD PARK", "city": "ESPERANCE", "county": null, "tier": "construction stormwater GP", "permit_type": "General Permit Covered Facility", "major_minor": "N", "permit_status": "Effective", "transect": "other / Albany metro", "receiving_water": null, "huc8": "Schoharie", "design_flow_mgd": null, "actual_flow_mgd": null, "compliance_status": "No Violation Identified", "snc_status": null, "qtrs_noncompliance_12": 0, "qtrs_snc": 0, "missed_dmr_qtrs": null, "effluent_violations_3yr": 0, "pollutants_with_violation": null, "limited_pollutants": null, "dmr_pounds_yr": null, "dmr_toxic_weighted_lb": null, "penalties_usd": 0, "formal_actions_5yr": null, "informal_actions_5yr": 0, "inspections_5yr": 0, "last_inspection": null, "receiving_water_impaired": null, "impairment_causes": null, "sic": null, "naics": null, "permit_expires": "01/28/2030", "km_from_ref": 31.5, "in_echo_search_list": null, "dfr_url": "https://echo.epa.gov/detailed-facility-report?fid=NYR11Q596&sys=ICP", "watchlist_note": null}}, {"type": "Feature", "geometry": {"type": "Point", "coordinates": [-73.76209, 42.75901]}, "properties": {"npdes_id": "NYR11G087", "facility": "UPSTATE VETERINARY SPECIALTIES", "city": "LATHAM", "county": null, "tier": "construction stormwater GP", "permit_type": "General Permit Covered Facility", "major_minor": "N", "permit_status": "Effective", "transect": "other / Albany metro", "receiving_water": "TRIBUTARY OF DELPHUS KILL", "huc8": "Mohawk", "design_flow_mgd": null, "actual_flow_mgd": null, "compliance_status": "No Violation Identified", "snc_status": null, "qtrs_noncompliance_12": 0, "qtrs_snc": 0, "missed_dmr_qtrs": null, "effluent_violations_3yr": 0, "pollutants_with_violation": null, "limited_pollutants": null, "dmr_pounds_yr": null, "dmr_toxic_weighted_lb": null, "penalties_usd": 0, "formal_actions_5yr": null, "informal_actions_5yr": 0, "inspections_5yr": 0, "last_inspection": null, "receiving_water_impaired": null, "impairment_causes": null, "sic": null, "naics": null, "permit_expires": "01/28/2030", "km_from_ref": 41.5, "in_echo_search_list": null, "dfr_url": "https://echo.epa.gov/detailed-facility-report?fid=NYR11G087&sys=ICP", "watchlist_note": null}}, {"type": "Feature", "geometry": {"type": "Point", "coordinates": [-73.75428, 42.757177]}, "properties": {"npdes_id": "NYR11P951", "facility": "CATHOLIC CENTRAL SITE PLAN", "city": "LATHAM", "county": null, "tier": "construction stormwater GP", "permit_type": "General Permit Covered Facility", "major_minor": "N", "permit_status": "Effective", "transect": "other / Albany metro", "receiving_water": "DELPHUS KILL", "huc8": "Mohawk", "design_flow_mgd": null, "actual_flow_mgd": null, "compliance_status": "No Violation Identified", "snc_status": null, "qtrs_noncompliance_12": 0, "qtrs_snc": 0, "missed_dmr_qtrs": null, "effluent_violations_3yr": 0, "pollutants_with_violation": null, "limited_pollutants": null, "dmr_pounds_yr": null, "dmr_toxic_weighted_lb": null, "penalties_usd": 0, "formal_actions_5yr": null, "informal_actions_5yr": 0, "inspections_5yr": 0, "last_inspection": null, "receiving_water_impaired": null, "impairment_causes": null, "sic": null, "naics": null, "permit_expires": "01/28/2030", "km_from_ref": 41.8, "in_echo_search_list": null, "dfr_url": "https://echo.epa.gov/detailed-facility-report?fid=NYR11P951&sys=ICP", "watchlist_note": null}}, {"type": "Feature", "geometry": {"type": "Point", "coordinates": [-73.72127, 42.74735]}, "properties": {"npdes_id": "NYR11H061", "facility": "36 HASWELL RD", "city": "WATERVLIET", "county": null, "tier": "construction stormwater GP", "permit_type": "General Permit Covered Facility", "major_minor": "N", "permit_status": "Effective", "transect": "other / Albany metro", "receiving_water": null, "huc8": "Middle Hudson", "design_flow_mgd": null, "actual_flow_mgd": null, "compliance_status": "No Violation Identified", "snc_status": null, "qtrs_noncompliance_12": 0, "qtrs_snc": 0, "missed_dmr_qtrs": null, "effluent_violations_3yr": 0, "pollutants_with_violation": null, "limited_pollutants": null, "dmr_pounds_yr": null, "dmr_toxic_weighted_lb": null, "penalties_usd": 0, "formal_actions_5yr": null, "informal_actions_5yr": 0, "inspections_5yr": 0, "last_inspection": null, "receiving_water_impaired": null, "impairment_causes": null, "sic": null, "naics": null, "permit_expires": "01/28/2030", "km_from_ref": 43.2, "in_echo_search_list": null, "dfr_url": "https://echo.epa.gov/detailed-facility-report?fid=NYR11H061&sys=ICP", "watchlist_note": null}}, {"type": "Feature", "geometry": {"type": "Point", "coordinates": [-73.75792, 42.76727]}, "properties": {"npdes_id": "NYR10R497", "facility": "CENTURY HILL PLAZA 14 PLAZA DRIVE", "city": "COLONIE", "county": null, "tier": "construction stormwater GP", "permit_type": "General Permit Covered Facility", "major_minor": "N", "permit_status": "Effective", "transect": "other / Albany metro", "receiving_water": "DELPHUS KILL", "huc8": "Mohawk", "design_flow_mgd": null, "actual_flow_mgd": null, "compliance_status": "No Violation Identified", "snc_status": null, "qtrs_noncompliance_12": 0, "qtrs_snc": 0, "missed_dmr_qtrs": null, "effluent_violations_3yr": 0, "pollutants_with_violation": null, "limited_pollutants": null, "dmr_pounds_yr": null, "dmr_toxic_weighted_lb": null, "penalties_usd": 0, "formal_actions_5yr": null, "informal_actions_5yr": 0, "inspections_5yr": 0, "last_inspection": null, "receiving_water_impaired": null, "impairment_causes": null, "sic": null, "naics": null, "permit_expires": "01/28/2030", "km_from_ref": 42.3, "in_echo_search_list": null, "dfr_url": "https://echo.epa.gov/detailed-facility-report?fid=NYR10R497&sys=ICP", "watchlist_note": null}}, {"type": "Feature", "geometry": {"type": "Point", "coordinates": [-73.75797, 42.76728]}, "properties": {"npdes_id": "NYR11J430", "facility": "MEDICAL FACILITY", "city": "LATHAM", "county": null, "tier": "construction stormwater GP", "permit_type": "General Permit Covered Facility", "major_minor": "N", "permit_status": "Effective", "transect": "other / Albany metro", "receiving_water": "DELPHUS KILL", "huc8": "Mohawk", "design_flow_mgd": null, "actual_flow_mgd": null, "compliance_status": "No Violation Identified", "snc_status": null, "qtrs_noncompliance_12": 0, "qtrs_snc": 0, "missed_dmr_qtrs": null, "effluent_violations_3yr": 0, "pollutants_with_violation": null, "limited_pollutants": null, "dmr_pounds_yr": null, "dmr_toxic_weighted_lb": null, "penalties_usd": 0, "formal_actions_5yr": null, "informal_actions_5yr": 0, "inspections_5yr": 0, "last_inspection": null, "receiving_water_impaired": null, "impairment_causes": null, "sic": null, "naics": null, "permit_expires": "01/28/2030", "km_from_ref": 42.3, "in_echo_search_list": null, "dfr_url": "https://echo.epa.gov/detailed-facility-report?fid=NYR11J430&sys=ICP", "watchlist_note": null}}, {"type": "Feature", "geometry": {"type": "Point", "coordinates": [-74.48301, 42.6687]}, "properties": {"npdes_id": "NYR11N064", "facility": "BACKYARD OUTFITTERS", "city": "COBLESKILL", "county": null, "tier": "construction stormwater GP", "permit_type": "General Permit Covered Facility", "major_minor": "N", "permit_status": "Effective", "transect": "Schoharie Creek basin", "receiving_water": "COBLESKILL CREEK", "huc8": "Schoharie", "design_flow_mgd": null, "actual_flow_mgd": null, "compliance_status": "No Violation Identified", "snc_status": null, "qtrs_noncompliance_12": 0, "qtrs_snc": 0, "missed_dmr_qtrs": null, "effluent_violations_3yr": 0, "pollutants_with_violation": null, "limited_pollutants": null, "dmr_pounds_yr": null, "dmr_toxic_weighted_lb": null, "penalties_usd": 0, "formal_actions_5yr": null, "informal_actions_5yr": 0, "inspections_5yr": 0, "last_inspection": null, "receiving_water_impaired": "Y", "impairment_causes": "FECAL COLIFORM", "sic": null, "naics": null, "permit_expires": "01/28/2030", "km_from_ref": 32.5, "in_echo_search_list": null, "dfr_url": "https://echo.epa.gov/detailed-facility-report?fid=NYR11N064&sys=ICP", "watchlist_note": null}}, {"type": "Feature", "geometry": {"type": "Point", "coordinates": [-74.48301, 42.6687]}, "properties": {"npdes_id": "NYR11Q227", "facility": "BACKYARD OUTFITTERS", "city": "COBLESKILL", "county": null, "tier": "construction stormwater GP", "permit_type": "General Permit Covered Facility", "major_minor": "N", "permit_status": "Effective", "transect": "Schoharie Creek basin", "receiving_water": "COBLESKILL CREEK, LOWER, AND TRIBS - 1202-0019", "huc8": "Schoharie", "design_flow_mgd": null, "actual_flow_mgd": null, "compliance_status": "No Violation Identified", "snc_status": null, "qtrs_noncompliance_12": 0, "qtrs_snc": 0, "missed_dmr_qtrs": null, "effluent_violations_3yr": 0, "pollutants_with_violation": null, "limited_pollutants": null, "dmr_pounds_yr": null, "dmr_toxic_weighted_lb": null, "penalties_usd": 0, "formal_actions_5yr": null, "informal_actions_5yr": 0, "inspections_5yr": 0, "last_inspection": null, "receiving_water_impaired": null, "impairment_causes": null, "sic": null, "naics": null, "permit_expires": "01/28/2030", "km_from_ref": 32.5, "in_echo_search_list": null, "dfr_url": "https://echo.epa.gov/detailed-facility-report?fid=NYR11Q227&sys=ICP", "watchlist_note": null}}, {"type": "Feature", "geometry": {"type": "Point", "coordinates": [-73.75358, 42.76644]}, "properties": {"npdes_id": "NYR11Q739", "facility": "NEW YORK STATE INSURANCE FUND", "city": "COHOES", "county": null, "tier": "construction stormwater GP", "permit_type": "General Permit Covered Facility", "major_minor": "N", "permit_status": "Effective", "transect": "other / Albany metro", "receiving_water": "SALT KILL AND TRIBS", "huc8": "Mohawk", "design_flow_mgd": null, "actual_flow_mgd": null, "compliance_status": "No Violation Identified", "snc_status": null, "qtrs_noncompliance_12": 0, "qtrs_snc": 0, "missed_dmr_qtrs": null, "effluent_violations_3yr": 0, "pollutants_with_violation": null, "limited_pollutants": null, "dmr_pounds_yr": null, "dmr_toxic_weighted_lb": null, "penalties_usd": 0, "formal_actions_5yr": null, "informal_actions_5yr": 0, "inspections_5yr": 0, "last_inspection": null, "receiving_water_impaired": null, "impairment_causes": null, "sic": null, "naics": null, "permit_expires": "01/28/2030", "km_from_ref": 42.5, "in_echo_search_list": null, "dfr_url": "https://echo.epa.gov/detailed-facility-report?fid=NYR11Q739&sys=ICP", "watchlist_note": null}}, {"type": "Feature", "geometry": {"type": "Point", "coordinates": [-74.46801, 42.68204]}, "properties": {"npdes_id": "NYR11E205", "facility": "SUPERIOR HOUSING MULTI-FAMILY DEVELOPMENT", "city": "COBLESKILL", "county": null, "tier": "construction stormwater GP", "permit_type": "General Permit Covered Facility", "major_minor": "N", "permit_status": "Effective", "transect": "Schoharie Creek basin", "receiving_water": "TRIBUTARY TO COBLESKILL CREEK", "huc8": "Schoharie", "design_flow_mgd": null, "actual_flow_mgd": null, "compliance_status": "No Violation Identified", "snc_status": null, "qtrs_noncompliance_12": 0, "qtrs_snc": 0, "missed_dmr_qtrs": null, "effluent_violations_3yr": 0, "pollutants_with_violation": null, "limited_pollutants": null, "dmr_pounds_yr": null, "dmr_toxic_weighted_lb": null, "penalties_usd": 0, "formal_actions_5yr": null, "informal_actions_5yr": 0, "inspections_5yr": 0, "last_inspection": null, "receiving_water_impaired": "Y", "impairment_causes": "FECAL COLIFORM", "sic": null, "naics": null, "permit_expires": "01/28/2030", "km_from_ref": 32.3, "in_echo_search_list": null, "dfr_url": "https://echo.epa.gov/detailed-facility-report?fid=NYR11E205&sys=ICP", "watchlist_note": null}}, {"type": "Feature", "geometry": {"type": "Point", "coordinates": [-73.73726, 42.75949]}, "properties": {"npdes_id": "NYR11N654", "facility": "JOHNSON ROAD- MAPLEWOOD #12 CCR PROJECT", "city": "COLONIE", "county": null, "tier": "construction stormwater GP", "permit_type": "General Permit Covered Facility", "major_minor": "N", "permit_status": "Effective", "transect": "other / Albany metro", "receiving_water": "SALT KILL, WETLAND 017, WETLAND018, TN-11", "huc8": "Middle Hudson", "design_flow_mgd": null, "actual_flow_mgd": null, "compliance_status": "No Violation Identified", "snc_status": null, "qtrs_noncompliance_12": 0, "qtrs_snc": 0, "missed_dmr_qtrs": null, "effluent_violations_3yr": 0, "pollutants_with_violation": null, "limited_pollutants": null, "dmr_pounds_yr": null, "dmr_toxic_weighted_lb": null, "penalties_usd": 0, "formal_actions_5yr": null, "informal_actions_5yr": 0, "inspections_5yr": 0, "last_inspection": null, "receiving_water_impaired": null, "impairment_causes": null, "sic": null, "naics": null, "permit_expires": "01/28/2030", "km_from_ref": 43.0, "in_echo_search_list": null, "dfr_url": "https://echo.epa.gov/detailed-facility-report?fid=NYR11N654&sys=ICP", "watchlist_note": null}}, {"type": "Feature", "geometry": {"type": "Point", "coordinates": [-74.47408, 42.68585]}, "properties": {"npdes_id": "NYR11E836", "facility": "CRABAPPLE LANE CLEARING, GRADING, LEVELING", "city": "COBLESKILL", "county": null, "tier": "construction stormwater GP", "permit_type": "General Permit Covered Facility", "major_minor": "N", "permit_status": "Effective", "transect": "Schoharie Creek basin", "receiving_water": "TRIBUTARY TO THE COBLESKILL CREEK", "huc8": "Schoharie", "design_flow_mgd": null, "actual_flow_mgd": null, "compliance_status": "No Violation Identified", "snc_status": null, "qtrs_noncompliance_12": 0, "qtrs_snc": 0, "missed_dmr_qtrs": null, "effluent_violations_3yr": 0, "pollutants_with_violation": null, "limited_pollutants": null, "dmr_pounds_yr": null, "dmr_toxic_weighted_lb": null, "penalties_usd": 0, "formal_actions_5yr": null, "informal_actions_5yr": 0, "inspections_5yr": 0, "last_inspection": null, "receiving_water_impaired": "Y", "impairment_causes": "FECAL COLIFORM", "sic": null, "naics": null, "permit_expires": "01/28/2030", "km_from_ref": 33.0, "in_echo_search_list": null, "dfr_url": "https://echo.epa.gov/detailed-facility-report?fid=NYR11E836&sys=ICP", "watchlist_note": null}}, {"type": "Feature", "geometry": {"type": "Point", "coordinates": [-73.72228, 42.75569]}, "properties": {"npdes_id": "NYR11P187", "facility": "SINGLE FAMILY BOGHT ROAD", "city": "WATERVLIET", "county": null, "tier": "construction stormwater GP", "permit_type": "General Permit Covered Facility", "major_minor": "N", "permit_status": "Effective", "transect": "other / Albany metro", "receiving_water": "SALT KILL AND TRIBS - 1301-0275", "huc8": "Mohawk", "design_flow_mgd": null, "actual_flow_mgd": null, "compliance_status": "No Violation Identified", "snc_status": null, "qtrs_noncompliance_12": 0, "qtrs_snc": 0, "missed_dmr_qtrs": null, "effluent_violations_3yr": 0, "pollutants_with_violation": null, "limited_pollutants": null, "dmr_pounds_yr": null, "dmr_toxic_weighted_lb": null, "penalties_usd": 0, "formal_actions_5yr": null, "informal_actions_5yr": 0, "inspections_5yr": 0, "last_inspection": null, "receiving_water_impaired": null, "impairment_causes": null, "sic": null, "naics": null, "permit_expires": "01/28/2030", "km_from_ref": 43.7, "in_echo_search_list": null, "dfr_url": "https://echo.epa.gov/detailed-facility-report?fid=NYR11P187&sys=ICP", "watchlist_note": null}}, {"type": "Feature", "geometry": {"type": "Point", "coordinates": [-73.72783, 42.76308]}, "properties": {"npdes_id": "NYR10J306", "facility": "MANCHESTER HEIGHTS", "city": "COLONIE", "county": "Albany", "tier": "construction stormwater GP", "permit_type": "General Permit Covered Facility", "major_minor": "N", "permit_status": "Expired", "transect": "Hudson mainstem", "receiving_water": "HUDSON RIVER", "huc8": "Middle Hudson", "design_flow_mgd": null, "actual_flow_mgd": null, "compliance_status": "No Violation Identified", "snc_status": null, "qtrs_noncompliance_12": 0, "qtrs_snc": 0, "missed_dmr_qtrs": null, "effluent_violations_3yr": 0, "pollutants_with_violation": null, "limited_pollutants": null, "dmr_pounds_yr": null, "dmr_toxic_weighted_lb": null, "penalties_usd": 0, "formal_actions_5yr": null, "informal_actions_5yr": 0, "inspections_5yr": 0, "last_inspection": null, "receiving_water_impaired": null, "impairment_causes": null, "sic": null, "naics": null, "permit_expires": "01/08/2008", "km_from_ref": 43.9, "in_echo_search_list": null, "dfr_url": "https://echo.epa.gov/detailed-facility-report?fid=NYR10J306&sys=ICP", "watchlist_note": null}}, {"type": "Feature", "geometry": {"type": "Point", "coordinates": [-73.7556, 42.77775]}, "properties": {"npdes_id": "NYR11K284", "facility": "14 LOT CONSERVATION SUBDIVISION", "city": "LATHAM", "county": null, "tier": "construction stormwater GP", "permit_type": "General Permit Covered Facility", "major_minor": "N", "permit_status": "Effective", "transect": "other / Albany metro", "receiving_water": "DELPHUS KILL", "huc8": "Mohawk", "design_flow_mgd": null, "actual_flow_mgd": null, "compliance_status": "No Violation Identified", "snc_status": null, "qtrs_noncompliance_12": 0, "qtrs_snc": 0, "missed_dmr_qtrs": null, "effluent_violations_3yr": 0, "pollutants_with_violation": null, "limited_pollutants": null, "dmr_pounds_yr": null, "dmr_toxic_weighted_lb": null, "penalties_usd": 0, "formal_actions_5yr": null, "informal_actions_5yr": 0, "inspections_5yr": 0, "last_inspection": null, "receiving_water_impaired": null, "impairment_causes": null, "sic": null, "naics": null, "permit_expires": "01/28/2030", "km_from_ref": 43.2, "in_echo_search_list": null, "dfr_url": "https://echo.epa.gov/detailed-facility-report?fid=NYR11K284&sys=ICP", "watchlist_note": null}}, {"type": "Feature", "geometry": {"type": "Point", "coordinates": [-73.75056, 42.77645]}, "properties": {"npdes_id": "NYR10T864", "facility": "CANTERBURY CROSSING", "city": "COLONIE", "county": "Albany", "tier": "construction stormwater GP", "permit_type": "General Permit Covered Facility", "major_minor": "N", "permit_status": "Expired", "transect": "other / Albany metro", "receiving_water": null, "huc8": "Mohawk", "design_flow_mgd": null, "actual_flow_mgd": null, "compliance_status": "No Violation Identified", "snc_status": null, "qtrs_noncompliance_12": 0, "qtrs_snc": 0, "missed_dmr_qtrs": null, "effluent_violations_3yr": 0, "pollutants_with_violation": null, "limited_pollutants": null, "dmr_pounds_yr": null, "dmr_toxic_weighted_lb": null, "penalties_usd": 0, "formal_actions_5yr": null, "informal_actions_5yr": 0, "inspections_5yr": 0, "last_inspection": null, "receiving_water_impaired": null, "impairment_causes": null, "sic": null, "naics": null, "permit_expires": "01/28/2015", "km_from_ref": 43.4, "in_echo_search_list": null, "dfr_url": "https://echo.epa.gov/detailed-facility-report?fid=NYR10T864&sys=ICP", "watchlist_note": null}}, {"type": "Feature", "geometry": {"type": "Point", "coordinates": [-74.5988459, 42.4231741]}, "properties": {"npdes_id": "NYR11P967", "facility": "BRUCE HILL ROAD A SOLAR AND BRUCE HILL ROAD B SOLAR", "city": "HARPERSFIELD", "county": null, "tier": "construction stormwater GP", "permit_type": "General Permit Covered Facility", "major_minor": "N", "permit_status": "Effective", "transect": "other / Albany metro", "receiving_water": "ACOE WETLAND", "huc8": null, "design_flow_mgd": null, "actual_flow_mgd": null, "compliance_status": "No Violation Identified", "snc_status": null, "qtrs_noncompliance_12": 0, "qtrs_snc": 0, "missed_dmr_qtrs": null, "effluent_violations_3yr": 0, "pollutants_with_violation": null, "limited_pollutants": null, "dmr_pounds_yr": null, "dmr_toxic_weighted_lb": null, "penalties_usd": 0, "formal_actions_5yr": null, "informal_actions_5yr": 0, "inspections_5yr": 0, "last_inspection": null, "receiving_water_impaired": null, "impairment_causes": null, "sic": null, "naics": null, "permit_expires": "01/28/2030", "km_from_ref": 38.5, "in_echo_search_list": null, "dfr_url": "https://echo.epa.gov/detailed-facility-report?fid=NYR11P967&sys=ICP", "watchlist_note": null}}, {"type": "Feature", "geometry": {"type": "Point", "coordinates": [-73.72193, 42.764571]}, "properties": {"npdes_id": "NYR10Y306", "facility": "THE RESIDENCE AT LEXINGTON HILLS", "city": "COHOES", "county": null, "tier": "construction stormwater GP", "permit_type": "General Permit Covered Facility", "major_minor": "N", "permit_status": "Effective", "transect": "other / Albany metro", "receiving_water": "SALT KILL CREEK", "huc8": "Mohawk", "design_flow_mgd": null, "actual_flow_mgd": null, "compliance_status": "No Violation Identified", "snc_status": null, "qtrs_noncompliance_12": 0, "qtrs_snc": 0, "missed_dmr_qtrs": null, "effluent_violations_3yr": 0, "pollutants_with_violation": null, "limited_pollutants": null, "dmr_pounds_yr": null, "dmr_toxic_weighted_lb": null, "penalties_usd": 0, "formal_actions_5yr": null, "informal_actions_5yr": 0, "inspections_5yr": 0, "last_inspection": null, "receiving_water_impaired": null, "impairment_causes": null, "sic": null, "naics": null, "permit_expires": "01/28/2030", "km_from_ref": 44.4, "in_echo_search_list": null, "dfr_url": "https://echo.epa.gov/detailed-facility-report?fid=NYR10Y306&sys=ICP", "watchlist_note": null}}, {"type": "Feature", "geometry": {"type": "Point", "coordinates": [-73.702722, 42.754611]}, "properties": {"npdes_id": "NYR10Q976", "facility": "NORLITE SOUTHERN OVERBURDEN STORAGE AREA", "city": "COHOES", "county": "Albany", "tier": "construction stormwater GP", "permit_type": "General Permit Covered Facility", "major_minor": "N", "permit_status": "Effective", "transect": "other / Albany metro", "receiving_water": "SALT KILL", "huc8": "Mohawk", "design_flow_mgd": null, "actual_flow_mgd": null, "compliance_status": "No Violation Identified", "snc_status": null, "qtrs_noncompliance_12": 0, "qtrs_snc": 0, "missed_dmr_qtrs": null, "effluent_violations_3yr": 0, "pollutants_with_violation": null, "limited_pollutants": null, "dmr_pounds_yr": null, "dmr_toxic_weighted_lb": null, "penalties_usd": 0, "formal_actions_5yr": null, "informal_actions_5yr": 0, "inspections_5yr": 0, "last_inspection": null, "receiving_water_impaired": null, "impairment_causes": null, "sic": null, "naics": null, "permit_expires": "01/28/2030", "km_from_ref": 44.9, "in_echo_search_list": null, "dfr_url": "https://echo.epa.gov/detailed-facility-report?fid=NYR10Q976&sys=ICP", "watchlist_note": null}}, {"type": "Feature", "geometry": {"type": "Point", "coordinates": [-73.690815, 42.750925]}, "properties": {"npdes_id": "NYR11L431", "facility": "147 CANNON STREET DEVELOPMENT", "city": "GREEN ISLAND", "county": null, "tier": "construction stormwater GP", "permit_type": "General Permit Covered Facility", "major_minor": "N", "permit_status": "Effective", "transect": "Hudson mainstem", "receiving_water": "HUDSON RIVER", "huc8": "Hudson-Hoosic", "design_flow_mgd": null, "actual_flow_mgd": null, "compliance_status": "No Violation Identified", "snc_status": null, "qtrs_noncompliance_12": 0, "qtrs_snc": 0, "missed_dmr_qtrs": null, "effluent_violations_3yr": 0, "pollutants_with_violation": null, "limited_pollutants": null, "dmr_pounds_yr": null, "dmr_toxic_weighted_lb": null, "penalties_usd": 0, "formal_actions_5yr": null, "informal_actions_5yr": 0, "inspections_5yr": 0, "last_inspection": null, "receiving_water_impaired": "Y", "impairment_causes": "POLYCHLORINATED BIPHENYLS (PCBS)", "sic": null, "naics": null, "permit_expires": "01/28/2030", "km_from_ref": 45.5, "in_echo_search_list": null, "dfr_url": "https://echo.epa.gov/detailed-facility-report?fid=NYR11L431&sys=ICP", "watchlist_note": null}}, {"type": "Feature", "geometry": {"type": "Point", "coordinates": [-73.745999, 42.783012]}, "properties": {"npdes_id": "NYR11I384", "facility": "CGM RESIDENTIAL SUBDIVISION", "city": "COLONIE", "county": null, "tier": "construction stormwater GP", "permit_type": "General Permit Covered Facility", "major_minor": "N", "permit_status": "Effective", "transect": "other / Albany metro", "receiving_water": "ARMY CORP OF ENGINEERS WETLANDS", "huc8": "Mohawk", "design_flow_mgd": null, "actual_flow_mgd": null, "compliance_status": "No Violation Identified", "snc_status": null, "qtrs_noncompliance_12": 0, "qtrs_snc": 0, "missed_dmr_qtrs": null, "effluent_violations_3yr": 0, "pollutants_with_violation": null, "limited_pollutants": null, "dmr_pounds_yr": null, "dmr_toxic_weighted_lb": null, "penalties_usd": 0, "formal_actions_5yr": null, "informal_actions_5yr": 0, "inspections_5yr": 0, "last_inspection": null, "receiving_water_impaired": null, "impairment_causes": null, "sic": null, "naics": null, "permit_expires": "01/28/2030", "km_from_ref": 44.2, "in_echo_search_list": null, "dfr_url": "https://echo.epa.gov/detailed-facility-report?fid=NYR11I384&sys=ICP", "watchlist_note": null}}, {"type": "Feature", "geometry": {"type": "Point", "coordinates": [-73.6896, 42.75422]}, "properties": {"npdes_id": "NYR11N395", "facility": "FACTORY TOWN RESIDENTIAL DEVELOPMENT", "city": "GREEN ISLAND", "county": null, "tier": "construction stormwater GP", "permit_type": "General Permit Covered Facility", "major_minor": "N", "permit_status": "Effective", "transect": "Hudson mainstem", "receiving_water": "HUDSON RIVER, EXISTING SMALL WETLANDS/DEPRESSIONS", "huc8": "Hudson-Hoosic", "design_flow_mgd": null, "actual_flow_mgd": null, "compliance_status": "No Violation Identified", "snc_status": null, "qtrs_noncompliance_12": 0, "qtrs_snc": 0, "missed_dmr_qtrs": null, "effluent_violations_3yr": 0, "pollutants_with_violation": null, "limited_pollutants": null, "dmr_pounds_yr": null, "dmr_toxic_weighted_lb": null, "penalties_usd": 0, "formal_actions_5yr": null, "informal_actions_5yr": 0, "inspections_5yr": 0, "last_inspection": null, "receiving_water_impaired": "Y", "impairment_causes": "ALUMINUM, DISSOLVED | IRON, TOTAL | PHENOL | POLYCHLORINATED BIPHENYLS (PCBS)", "sic": null, "naics": null, "permit_expires": "01/28/2030", "km_from_ref": 45.8, "in_echo_search_list": null, "dfr_url": "https://echo.epa.gov/detailed-facility-report?fid=NYR11N395&sys=ICP", "watchlist_note": null}}, {"type": "Feature", "geometry": {"type": "Point", "coordinates": [-74.53365, 42.64473]}, "properties": {"npdes_id": "NYR11E255", "facility": "RICHMONDVILLE SPOIL AREA", "city": "RICHMONDVILLE", "county": null, "tier": "construction stormwater GP", "permit_type": "General Permit Covered Facility", "major_minor": "N", "permit_status": "Effective", "transect": "Schoharie Creek basin", "receiving_water": "COBLESKILL CREEK", "huc8": "Schoharie", "design_flow_mgd": null, "actual_flow_mgd": null, "compliance_status": "No Violation Identified", "snc_status": null, "qtrs_noncompliance_12": 0, "qtrs_snc": 0, "missed_dmr_qtrs": null, "effluent_violations_3yr": 0, "pollutants_with_violation": null, "limited_pollutants": null, "dmr_pounds_yr": null, "dmr_toxic_weighted_lb": null, "penalties_usd": 0, "formal_actions_5yr": null, "informal_actions_5yr": 0, "inspections_5yr": 0, "last_inspection": null, "receiving_water_impaired": null, "impairment_causes": null, "sic": null, "naics": null, "permit_expires": "01/28/2030", "km_from_ref": 34.9, "in_echo_search_list": null, "dfr_url": "https://echo.epa.gov/detailed-facility-report?fid=NYR11E255&sys=ICP", "watchlist_note": null}}, {"type": "Feature", "geometry": {"type": "Point", "coordinates": [-74.6066, 42.48152]}, "properties": {"npdes_id": "NYR11N651", "facility": "JEFFERSON CENTRAL SCHOOL DISTRICT 2023 CAPITAL PROJECT", "city": "JEFFERSON", "county": null, "tier": "construction stormwater GP", "permit_type": "General Permit Covered Facility", "major_minor": "N", "permit_status": "Effective", "transect": "other / Albany metro", "receiving_water": "MIDDLE BROOK", "huc8": "Upper Susquehanna", "design_flow_mgd": null, "actual_flow_mgd": null, "compliance_status": "No Violation Identified", "snc_status": null, "qtrs_noncompliance_12": 0, "qtrs_snc": 0, "missed_dmr_qtrs": null, "effluent_violations_3yr": 0, "pollutants_with_violation": null, "limited_pollutants": null, "dmr_pounds_yr": null, "dmr_toxic_weighted_lb": null, "penalties_usd": 0, "formal_actions_5yr": null, "informal_actions_5yr": 0, "inspections_5yr": 0, "last_inspection": null, "receiving_water_impaired": null, "impairment_causes": null, "sic": null, "naics": null, "permit_expires": "01/28/2030", "km_from_ref": 38.0, "in_echo_search_list": null, "dfr_url": "https://echo.epa.gov/detailed-facility-report?fid=NYR11N651&sys=ICP", "watchlist_note": null}}, {"type": "Feature", "geometry": {"type": "Point", "coordinates": [-73.745993, 42.789891]}, "properties": {"npdes_id": "NYR11I974", "facility": "DUTCH MEADOWS (FORMERLY RIDGEVIEW MEADOWS)", "city": "TOWN OF COLONIE", "county": null, "tier": "construction stormwater GP", "permit_type": "General Permit Covered Facility", "major_minor": "N", "permit_status": "Effective", "transect": "other / Albany metro", "receiving_water": "ACOE REGULATED WETLAND", "huc8": "Mohawk", "design_flow_mgd": null, "actual_flow_mgd": null, "compliance_status": "No Violation Identified", "snc_status": null, "qtrs_noncompliance_12": 0, "qtrs_snc": 0, "missed_dmr_qtrs": null, "effluent_violations_3yr": 0, "pollutants_with_violation": null, "limited_pollutants": null, "dmr_pounds_yr": null, "dmr_toxic_weighted_lb": null, "penalties_usd": 0, "formal_actions_5yr": null, "informal_actions_5yr": 0, "inspections_5yr": 0, "last_inspection": null, "receiving_water_impaired": null, "impairment_causes": null, "sic": null, "naics": null, "permit_expires": "01/28/2030", "km_from_ref": 44.7, "in_echo_search_list": null, "dfr_url": "https://echo.epa.gov/detailed-facility-report?fid=NYR11I974&sys=ICP", "watchlist_note": null}}, {"type": "Feature", "geometry": {"type": "Point", "coordinates": [-73.72224, 42.77902]}, "properties": {"npdes_id": "NYR11M243", "facility": "CITY OF COHOES FLOATING SOLAR", "city": "COHOES", "county": "Albany", "tier": "construction stormwater GP", "permit_type": "General Permit Covered Facility", "major_minor": "N", "permit_status": "Effective", "transect": "other / Albany metro", "receiving_water": "CITY OF COHOES RESERVOIR", "huc8": "Mohawk", "design_flow_mgd": null, "actual_flow_mgd": null, "compliance_status": "No Violation Identified", "snc_status": null, "qtrs_noncompliance_12": 0, "qtrs_snc": 0, "missed_dmr_qtrs": null, "effluent_violations_3yr": 0, "pollutants_with_violation": null, "limited_pollutants": null, "dmr_pounds_yr": null, "dmr_toxic_weighted_lb": null, "penalties_usd": 0, "formal_actions_5yr": null, "informal_actions_5yr": 0, "inspections_5yr": 0, "last_inspection": null, "receiving_water_impaired": "Y", "impairment_causes": "ALUMINUM, DISSOLVED", "sic": null, "naics": null, "permit_expires": "01/28/2030", "km_from_ref": 45.4, "in_echo_search_list": null, "dfr_url": "https://echo.epa.gov/detailed-facility-report?fid=NYR11M243&sys=ICP", "watchlist_note": null}}, {"type": "Feature", "geometry": {"type": "Point", "coordinates": [-73.7262194, 42.7840544]}, "properties": {"npdes_id": "NYR10I154", "facility": "VANDENBERGH ESTATES", "city": "COLONIE", "county": "Albany", "tier": "construction stormwater GP", "permit_type": "General Permit Covered Facility", "major_minor": "N", "permit_status": "Expired", "transect": "other / Albany metro", "receiving_water": null, "huc8": null, "design_flow_mgd": null, "actual_flow_mgd": null, "compliance_status": "No Violation Identified", "snc_status": null, "qtrs_noncompliance_12": 0, "qtrs_snc": 0, "missed_dmr_qtrs": null, "effluent_violations_3yr": 0, "pollutants_with_violation": null, "limited_pollutants": null, "dmr_pounds_yr": null, "dmr_toxic_weighted_lb": null, "penalties_usd": 0, "formal_actions_5yr": null, "informal_actions_5yr": 0, "inspections_5yr": 0, "last_inspection": null, "receiving_water_impaired": null, "impairment_causes": null, "sic": null, "naics": null, "permit_expires": "01/08/2008", "km_from_ref": 45.5, "in_echo_search_list": null, "dfr_url": "https://echo.epa.gov/detailed-facility-report?fid=NYR10I154&sys=ICP", "watchlist_note": null}}, {"type": "Feature", "geometry": {"type": "Point", "coordinates": [-73.6868, 42.76277]}, "properties": {"npdes_id": "NYR11E546", "facility": "ADMIRALS WATCH", "city": "COHOES", "county": null, "tier": "construction stormwater GP", "permit_type": "General Permit Covered Facility", "major_minor": "N", "permit_status": "Effective", "transect": "Hudson mainstem", "receiving_water": "HUDSON RIVER", "huc8": "Hudson-Hoosic", "design_flow_mgd": null, "actual_flow_mgd": null, "compliance_status": "No Violation Identified", "snc_status": null, "qtrs_noncompliance_12": 0, "qtrs_snc": 0, "missed_dmr_qtrs": null, "effluent_violations_3yr": 0, "pollutants_with_violation": null, "limited_pollutants": null, "dmr_pounds_yr": null, "dmr_toxic_weighted_lb": null, "penalties_usd": 0, "formal_actions_5yr": null, "informal_actions_5yr": 0, "inspections_5yr": 0, "last_inspection": null, "receiving_water_impaired": "Y", "impairment_causes": "ALUMINUM, DISSOLVED | IRON, TOTAL | PHENOL | POLYCHLORINATED BIPHENYLS (PCBS)", "sic": null, "naics": null, "permit_expires": "01/28/2030", "km_from_ref": 46.5, "in_echo_search_list": null, "dfr_url": "https://echo.epa.gov/detailed-facility-report?fid=NYR11E546&sys=ICP", "watchlist_note": null}}, {"type": "Feature", "geometry": {"type": "Point", "coordinates": [-73.71679, 42.78776]}, "properties": {"npdes_id": "NYR11R027", "facility": "MANOR SITES APTS SITE IMPROVEMENTS", "city": "COHOES", "county": null, "tier": "construction stormwater GP", "permit_type": "General Permit Covered Facility", "major_minor": "N", "permit_status": "Effective", "transect": "other / Albany metro", "receiving_water": "MINOR TRIBS TO MOHAWK RIVER - 1201-0095", "huc8": "Mohawk", "design_flow_mgd": null, "actual_flow_mgd": null, "compliance_status": "No Violation Identified", "snc_status": null, "qtrs_noncompliance_12": 0, "qtrs_snc": 0, "missed_dmr_qtrs": null, "effluent_violations_3yr": 0, "pollutants_with_violation": null, "limited_pollutants": null, "dmr_pounds_yr": null, "dmr_toxic_weighted_lb": null, "penalties_usd": 0, "formal_actions_5yr": null, "informal_actions_5yr": 0, "inspections_5yr": 0, "last_inspection": null, "receiving_water_impaired": null, "impairment_causes": null, "sic": null, "naics": null, "permit_expires": "01/28/2030", "km_from_ref": 46.3, "in_echo_search_list": null, "dfr_url": "https://echo.epa.gov/detailed-facility-report?fid=NYR11R027&sys=ICP", "watchlist_note": null}}, {"type": "Feature", "geometry": {"type": "Point", "coordinates": [-74.502141, 42.71788]}, "properties": {"npdes_id": "NYR11P948", "facility": "5191 STATE ROUTE 145 COBLESKILL", "city": "COBLESKILL", "county": null, "tier": "construction stormwater GP", "permit_type": "General Permit Covered Facility", "major_minor": "N", "permit_status": "Effective", "transect": "other / Albany metro", "receiving_water": "PANTHER CREEK AND TRIBS - 1202-0033", "huc8": "Schoharie", "design_flow_mgd": null, "actual_flow_mgd": null, "compliance_status": "No Violation Identified", "snc_status": null, "qtrs_noncompliance_12": 0, "qtrs_snc": 0, "missed_dmr_qtrs": null, "effluent_violations_3yr": 0, "pollutants_with_violation": null, "limited_pollutants": null, "dmr_pounds_yr": null, "dmr_toxic_weighted_lb": null, "penalties_usd": 0, "formal_actions_5yr": null, "informal_actions_5yr": 0, "inspections_5yr": 0, "last_inspection": null, "receiving_water_impaired": "Y", "impairment_causes": "PHOSPHORUS | SEDIMENTATION/SILTATION", "sic": null, "naics": null, "permit_expires": "01/28/2030", "km_from_ref": 36.9, "in_echo_search_list": null, "dfr_url": "https://echo.epa.gov/detailed-facility-report?fid=NYR11P948&sys=ICP", "watchlist_note": null}}, {"type": "Feature", "geometry": {"type": "Point", "coordinates": [-73.73381, 42.80597]}, "properties": {"npdes_id": "NYR11P200", "facility": "SHELTER COVE PDD", "city": "COHOES", "county": "Albany", "tier": "construction stormwater GP", "permit_type": "General Permit Covered Facility", "major_minor": "N", "permit_status": "Effective", "transect": "other / Albany metro", "receiving_water": "MOHAWK RIVER", "huc8": "Mohawk", "design_flow_mgd": null, "actual_flow_mgd": null, "compliance_status": "No Violation Identified", "snc_status": null, "qtrs_noncompliance_12": 0, "qtrs_snc": 0, "missed_dmr_qtrs": null, "effluent_violations_3yr": 0, "pollutants_with_violation": null, "limited_pollutants": null, "dmr_pounds_yr": null, "dmr_toxic_weighted_lb": null, "penalties_usd": 0, "formal_actions_5yr": null, "informal_actions_5yr": 0, "inspections_5yr": 0, "last_inspection": null, "receiving_water_impaired": "Y", "impairment_causes": "AMMONIA | FECAL COLIFORM | PHOSPHORUS | TOTAL DISSOLVED SOLIDS (TDS)", "sic": null, "naics": null, "permit_expires": "01/28/2030", "km_from_ref": 46.7, "in_echo_search_list": null, "dfr_url": "https://echo.epa.gov/detailed-facility-report?fid=NYR11P200&sys=ICP", "watchlist_note": null}}, {"type": "Feature", "geometry": {"type": "Point", "coordinates": [-73.680218, 42.783103]}, "properties": {"npdes_id": "NYR11K636", "facility": "CAPTAIN'S LOOKOUT", "city": "COHOES", "county": null, "tier": "construction stormwater GP", "permit_type": "General Permit Covered Facility", "major_minor": "N", "permit_status": "Effective", "transect": "Hudson mainstem", "receiving_water": "HUDSON RIVER", "huc8": "Mohawk", "design_flow_mgd": null, "actual_flow_mgd": null, "compliance_status": "No Violation Identified", "snc_status": null, "qtrs_noncompliance_12": 0, "qtrs_snc": 0, "missed_dmr_qtrs": null, "effluent_violations_3yr": 0, "pollutants_with_violation": null, "limited_pollutants": null, "dmr_pounds_yr": null, "dmr_toxic_weighted_lb": null, "penalties_usd": 0, "formal_actions_5yr": null, "informal_actions_5yr": 0, "inspections_5yr": 0, "last_inspection": null, "receiving_water_impaired": "Y", "impairment_causes": "ALUMINUM, DISSOLVED | IRON, TOTAL | PHENOL | POLYCHLORINATED BIPHENYLS (PCBS)", "sic": null, "naics": null, "permit_expires": "01/28/2030", "km_from_ref": 48.3, "in_echo_search_list": null, "dfr_url": "https://echo.epa.gov/detailed-facility-report?fid=NYR11K636&sys=ICP", "watchlist_note": null}}, {"type": "Feature", "geometry": {"type": "Point", "coordinates": [-73.73144, 42.8133]}, "properties": {"npdes_id": "NYR11P076", "facility": "MOHAWK RIVERFRONT ESTATES PDD", "city": "COHOES", "county": null, "tier": "construction stormwater GP", "permit_type": "General Permit Covered Facility", "major_minor": "N", "permit_status": "Effective", "transect": "other / Albany metro", "receiving_water": "MOHAWK RIVER", "huc8": "Mohawk", "design_flow_mgd": null, "actual_flow_mgd": null, "compliance_status": "No Violation Identified", "snc_status": null, "qtrs_noncompliance_12": 0, "qtrs_snc": 0, "missed_dmr_qtrs": null, "effluent_violations_3yr": 0, "pollutants_with_violation": null, "limited_pollutants": null, "dmr_pounds_yr": null, "dmr_toxic_weighted_lb": null, "penalties_usd": 0, "formal_actions_5yr": null, "informal_actions_5yr": 0, "inspections_5yr": 0, "last_inspection": null, "receiving_water_impaired": null, "impairment_causes": null, "sic": null, "naics": null, "permit_expires": "01/28/2030", "km_from_ref": 47.4, "in_echo_search_list": null, "dfr_url": "https://echo.epa.gov/detailed-facility-report?fid=NYR11P076&sys=ICP", "watchlist_note": null}}, {"type": "Feature", "geometry": {"type": "Point", "coordinates": [-73.5042, 42.18]}, "properties": {"npdes_id": "NYR10H311", "facility": "GREENE COUNTY HIGHWAY FACILITIES", "city": "ATHENS", "county": null, "tier": "construction stormwater GP", "permit_type": "General Permit Covered Facility", "major_minor": "N", "permit_status": "Effective", "transect": "other / Albany metro", "receiving_water": "MURDERERS CREEK", "huc8": null, "design_flow_mgd": null, "actual_flow_mgd": null, "compliance_status": "No Violation Identified", "snc_status": null, "qtrs_noncompliance_12": 0, "qtrs_snc": 0, "missed_dmr_qtrs": null, "effluent_violations_3yr": 0, "pollutants_with_violation": null, "limited_pollutants": null, "dmr_pounds_yr": null, "dmr_toxic_weighted_lb": null, "penalties_usd": 0, "formal_actions_5yr": null, "informal_actions_5yr": 0, "inspections_5yr": 0, "last_inspection": null, "receiving_water_impaired": null, "impairment_causes": null, "sic": null, "naics": null, "permit_expires": "01/28/2030", "km_from_ref": 64.3, "in_echo_search_list": null, "dfr_url": "https://echo.epa.gov/detailed-facility-report?fid=NYR10H311&sys=ICP", "watchlist_note": null}}, {"type": "Feature", "geometry": {"type": "Point", "coordinates": [-74.607223, 42.79072]}, "properties": {"npdes_id": "NYR11P491", "facility": "06041-1006 SHARON SPRINGS WALMART DISTRIBUTION CENTER", "city": "SHARON SPRINGS", "county": null, "tier": "construction stormwater GP", "permit_type": "General Permit Covered Facility", "major_minor": "N", "permit_status": "Effective", "transect": "other / Albany metro", "receiving_water": "BRIMSTONE CREEK AND TRIBS - 1201-0128", "huc8": "Mohawk", "design_flow_mgd": null, "actual_flow_mgd": null, "compliance_status": "No Violation Identified", "snc_status": null, "qtrs_noncompliance_12": 0, "qtrs_snc": 0, "missed_dmr_qtrs": null, "effluent_violations_3yr": 0, "pollutants_with_violation": null, "limited_pollutants": null, "dmr_pounds_yr": null, "dmr_toxic_weighted_lb": null, "penalties_usd": 0, "formal_actions_5yr": null, "informal_actions_5yr": 0, "inspections_5yr": 0, "last_inspection": null, "receiving_water_impaired": null, "impairment_causes": null, "sic": null, "naics": null, "permit_expires": "01/28/2030", "km_from_ref": 48.7, "in_echo_search_list": null, "dfr_url": "https://echo.epa.gov/detailed-facility-report?fid=NYR11P491&sys=ICP", "watchlist_note": null}}, {"type": "Feature", "geometry": {"type": "Point", "coordinates": [-73.448968, 44.759076]}, "properties": {"npdes_id": "NYR11M352", "facility": "WASTE STORAGE FACILITY BUBBINS SATELLITE SITE", "city": "BEEKMAN", "county": null, "tier": "construction stormwater GP", "permit_type": "General Permit Covered Facility", "major_minor": "N", "permit_status": "Effective", "transect": "other / Albany metro", "receiving_water": "DEAD CREEK", "huc8": null, "design_flow_mgd": null, "actual_flow_mgd": null, "compliance_status": "No Violation Identified", "snc_status": null, "qtrs_noncompliance_12": 0, "qtrs_snc": 0, "missed_dmr_qtrs": null, "effluent_violations_3yr": 0, "pollutants_with_violation": null, "limited_pollutants": null, "dmr_pounds_yr": null, "dmr_toxic_weighted_lb": null, "penalties_usd": 0, "formal_actions_5yr": null, "informal_actions_5yr": 0, "inspections_5yr": 0, "last_inspection": null, "receiving_water_impaired": null, "impairment_causes": null, "sic": null, "naics": null, "permit_expires": "01/28/2030", "km_from_ref": 255.7, "in_echo_search_list": null, "dfr_url": "https://echo.epa.gov/detailed-facility-report?fid=NYR11M352&sys=ICP", "watchlist_note": null}}, {"type": "Feature", "geometry": {"type": "Point", "coordinates": [-73.762417, 42.612083]}, "properties": {"npdes_id": "NY0260738", "facility": "PORT ALBANY VENTURES", "city": "ALBANY", "county": "Albany", "tier": "individual SPDES permit", "permit_type": "NPDES Individual Permit", "major_minor": "N", "permit_status": "Expired", "transect": "Hudson mainstem", "receiving_water": "HUDSON R", "huc8": "Middle Hudson", "design_flow_mgd": null, "actual_flow_mgd": null, "compliance_status": "Violation Identified", "snc_status": null, "qtrs_noncompliance_12": 12, "qtrs_snc": 9, "missed_dmr_qtrs": null, "effluent_violations_3yr": 38, "pollutants_with_violation": "Cyanide|Mercury|Solids, total dissolved", "limited_pollutants": "Aluminum, total [as Al];Chloride [as Cl];Chromium, total [as Cr];Copper, total [as Cu];Cyanide, free [amenable to chlorination];Cyanide, total [as CN];Flow rate;Iron, total [as Fe];Lead, total [as Pb];Mercury, total [as Hg];Oil & Grease;Oxygen demand, chem. [high level] [COD];Solids, settleable;Solids, total dissolved;Solids, total dissolved [TDS];Solids, total suspended;Zinc, total [as Zn];pH", "dmr_pounds_yr": 4673683.45578339, "dmr_toxic_weighted_lb": 260.03554778672, "penalties_usd": 0, "formal_actions_5yr": null, "informal_actions_5yr": 2, "inspections_5yr": 4, "last_inspection": "03/11/2026", "receiving_water_impaired": "Y", "impairment_causes": "POLYCHLORINATED BIPHENYLS (PCBS)", "sic": "5169", "naics": null, "permit_expires": "11/30/2022", "km_from_ref": 33.1, "in_echo_search_list": "yes", "dfr_url": "https://echo.epa.gov/detailed-facility-report?fid=NY0260738&sys=ICP", "watchlist_note": "Port Albany Ventures \u2014 cyanide, mercury, oil & grease, TDS violations (21 E90)"}}, {"type": "Feature", "geometry": {"type": "Point", "coordinates": [-73.7874, 42.46563]}, "properties": {"npdes_id": "NY0022772", "facility": "COEYMANS-RAVENA WPCF", "city": "RAVENA", "county": "Albany", "tier": "individual SPDES permit", "permit_type": "NPDES Individual Permit", "major_minor": "N", "permit_status": "Effective", "transect": "Hudson mainstem", "receiving_water": "HUDSON R", "huc8": "Middle Hudson", "design_flow_mgd": 0.82, "actual_flow_mgd": null, "compliance_status": "Significant/Category I Noncompliance", "snc_status": "Effluent - Non-monthly Average Limit", "qtrs_noncompliance_12": 5, "qtrs_snc": 4, "missed_dmr_qtrs": null, "effluent_violations_3yr": 37, "pollutants_with_violation": "BOD, 5-day, 20 deg. C|BOD, 5-day, percent removal|Coliform, fecal general|Flow, in conduit or thru treatment plant|Solids, settleable|Solids, suspended percent removal|Solids, total suspended", "limited_pollutants": "BOD, 5-day, 20 deg. C;BOD, 5-day, percent removal;Chlorine, total residual;Coliform, fecal general;Flow, in conduit or thru treatment plant;Solids, settleable;Solids, suspended percent removal;Solids, total suspended;Temperature, water deg. fahrenheit;pH", "dmr_pounds_yr": 29771.8218, "dmr_toxic_weighted_lb": 0.0, "penalties_usd": 0, "formal_actions_5yr": null, "informal_actions_5yr": 1, "inspections_5yr": 5, "last_inspection": "03/30/2026", "receiving_water_impaired": "Y", "impairment_causes": "POLYCHLORINATED BIPHENYLS (PCBS)", "sic": "4952", "naics": null, "permit_expires": "04/30/2028", "km_from_ref": 29.8, "in_echo_search_list": "yes", "dfr_url": "https://echo.epa.gov/detailed-facility-report?fid=NY0022772&sys=ICP", "watchlist_note": "Coeymans-Ravena WPCF \u2014 municipal plant receiving the cement plant's sanitary flow; BOD 13,000\u201315,700 kg/yr"}}, {"type": "Feature", "geometry": {"type": "Point", "coordinates": [-74.208028, 42.205889]}, "properties": {"npdes_id": "NY0061131", "facility": "HUNTER HIGHLANDS WWTP", "city": "HUNTER", "county": "Greene", "tier": "individual SPDES permit", "permit_type": "NPDES Individual Permit", "major_minor": "N", "permit_status": "Effective", "transect": "other / Albany metro", "receiving_water": "SHANTY HOLLOW CK", "huc8": "Schoharie", "design_flow_mgd": 0.048, "actual_flow_mgd": 0.048, "compliance_status": "Violation Identified", "snc_status": null, "qtrs_noncompliance_12": 12, "qtrs_snc": 7, "missed_dmr_qtrs": null, "effluent_violations_3yr": 37, "pollutants_with_violation": "Ammonia|BOD, carbonaceous [5 day, 20 C]|BOD, carbonaceous, percent removal|Chlorine|Turbidity|Turbidity, time above limit|pH", "limited_pollutants": "BOD, carbonaceous [5 day, 20 C];Carbonaceous oxygen demand, % removal;Chlorine, total residual;Coliform, fecal general;Flow, in conduit or thru treatment plant;Nitrogen, ammonia, total [as NH3];Oxygen, dissolved [DO];Phosphorus, total [as P];Solids, settleable;Solids, suspended percent removal;Solids, total suspended;Temperature, water deg. fahrenheit;Turbidity;Turbidity, time above limit;pH", "dmr_pounds_yr": 234.03029936895, "dmr_toxic_weighted_lb": 2.68270884736029, "penalties_usd": 150092, "formal_actions_5yr": 1.0, "informal_actions_5yr": 1, "inspections_5yr": 3, "last_inspection": "02/11/2026", "receiving_water_impaired": null, "impairment_causes": null, "sic": "8999", "naics": null, "permit_expires": "02/28/2031", "km_from_ref": 34.7, "in_echo_search_list": null, "dfr_url": "https://echo.epa.gov/detailed-facility-report?fid=NY0061131&sys=ICP", "watchlist_note": null}}, {"type": "Feature", "geometry": {"type": "Point", "coordinates": [-73.8072, 42.524557]}, "properties": {"npdes_id": "NY0078328", "facility": "ROLLING HILLS MOBILE HOME PARK", "city": "SELKIRK", "county": "Albany", "tier": "individual SPDES permit", "permit_type": "NPDES Individual Permit", "major_minor": "N", "permit_status": "Effective", "transect": "Albany-side creeks (Coeymans/Onesquethaw/Vloman)", "receiving_water": "COEYMANS CK TR", "huc8": "Middle Hudson", "design_flow_mgd": null, "actual_flow_mgd": null, "compliance_status": "Violation Identified", "snc_status": null, "qtrs_noncompliance_12": 12, "qtrs_snc": 4, "missed_dmr_qtrs": null, "effluent_violations_3yr": 34, "pollutants_with_violation": "Ammonia|BOD, 5-day, 20 deg. C|Chlorine|Flow rate|Oxygen|Solids, total suspended", "limited_pollutants": "BOD, 5-day, 20 deg. C;Chlorine, total residual;Coliform, fecal general;Flow rate;Nitrogen, ammonia, total [as NH3];Oxygen, dissolved [DO];Solids, settleable;Solids, total suspended;Temperature, water deg. centigrade;pH", "dmr_pounds_yr": 151.173466073123, "dmr_toxic_weighted_lb": 0.0066936650935659, "penalties_usd": 1300, "formal_actions_5yr": 1.0, "informal_actions_5yr": 2, "inspections_5yr": 3, "last_inspection": "03/18/2026", "receiving_water_impaired": null, "impairment_causes": null, "sic": "8999", "naics": null, "permit_expires": "09/30/2030", "km_from_ref": 27.7, "in_echo_search_list": null, "dfr_url": "https://echo.epa.gov/detailed-facility-report?fid=NY0078328&sys=ICP", "watchlist_note": null}}, {"type": "Feature", "geometry": {"type": "Point", "coordinates": [-73.812556, 42.747889]}, "properties": {"npdes_id": "NY0212245", "facility": "ALBANY INTERNATIONAL AIRPORT", "city": "ALBANY", "county": "Albany", "tier": "individual SPDES permit", "permit_type": "NPDES Individual Permit", "major_minor": "N", "permit_status": "Admin Continued", "transect": "other / Albany metro", "receiving_water": "SHAKER CK, SHAKERS CK", "huc8": "Mohawk", "design_flow_mgd": null, "actual_flow_mgd": null, "compliance_status": "Significant/Category I Noncompliance", "snc_status": "Effluent - Non-monthly Average Limit", "qtrs_noncompliance_12": 12, "qtrs_snc": 4, "missed_dmr_qtrs": null, "effluent_violations_3yr": 32, "pollutants_with_violation": "BOD, 5-day, 20 deg. C|Ethylene glycol|Solids, total suspended", "limited_pollutants": "1,1,1-Trichloroethane;BOD, 5-day;Benzene;Ethylbenzene;Flow rate;Glycol, total;Nitrogen, ammonia, total [as NH3];Oil & Grease;Oxygen demand, ultimate;Propylene glycol, total;Solids, total suspended;Toluene;Xylene [mix of m+o+p];pH", "dmr_pounds_yr": 1373556.5753617, "dmr_toxic_weighted_lb": 0.0270974986100255, "penalties_usd": 18200, "formal_actions_5yr": 1.0, "informal_actions_5yr": 0, "inspections_5yr": 4, "last_inspection": "03/16/2026", "receiving_water_impaired": null, "impairment_causes": null, "sic": "4581", "naics": null, "permit_expires": "02/28/2023", "km_from_ref": 37.6, "in_echo_search_list": "yes", "dfr_url": "https://echo.epa.gov/detailed-facility-report?fid=NY0212245&sys=ICP", "watchlist_note": "Albany International Airport \u2014 glycol/deicer, most E90s in region (27)"}}, {"type": "Feature", "geometry": {"type": "Point", "coordinates": [-73.85131, 42.6874]}, "properties": {"npdes_id": "NY0107930", "facility": "CROSSGATES MALL", "city": "ALBANY", "county": "Albany", "tier": "individual SPDES permit", "permit_type": "NPDES Individual Permit", "major_minor": "N", "permit_status": "Effective", "transect": "other / Albany metro", "receiving_water": "KRUM KILL", "huc8": "Middle Hudson", "design_flow_mgd": null, "actual_flow_mgd": 3.0, "compliance_status": "Significant/Category I Noncompliance", "snc_status": "Effluent - Non-monthly Average Limit", "qtrs_noncompliance_12": 10, "qtrs_snc": 7, "missed_dmr_qtrs": null, "effluent_violations_3yr": 26, "pollutants_with_violation": "Sodium chloride|Solids, settleable|Solids, total suspended", "limited_pollutants": "Flow, in conduit or thru treatment plant;Oil & Grease;Sodium chloride [salt];Solids, settleable;Solids, total suspended", "dmr_pounds_yr": 2268359.90402175, "dmr_toxic_weighted_lb": null, "penalties_usd": 0, "formal_actions_5yr": 1.0, "informal_actions_5yr": 0, "inspections_5yr": 4, "last_inspection": "06/05/2023", "receiving_water_impaired": null, "impairment_causes": null, "sic": "5999 7521", "naics": null, "permit_expires": "01/31/2029", "km_from_ref": 30.7, "in_echo_search_list": "yes", "dfr_url": "https://echo.epa.gov/detailed-facility-report?fid=NY0107930&sys=ICP", "watchlist_note": null}}, {"type": "Feature", "geometry": {"type": "Point", "coordinates": [-73.759417, 42.629722]}, "properties": {"npdes_id": "NY0026867", "facility": "ALBANY COUNTY WATER PURIFICATION DISTRICT - SOUTH WWTP", "city": "ALBANY COUNTY", "county": "Albany", "tier": "individual SPDES permit", "permit_type": "NPDES Individual Permit", "major_minor": "M", "permit_status": "Effective", "transect": "Hudson mainstem", "receiving_water": "HUDSON R", "huc8": "Middle Hudson", "design_flow_mgd": 29.0, "actual_flow_mgd": 29.0, "compliance_status": "Significant/Category I Noncompliance", "snc_status": "Effluent - Non-monthly Average Limit", "qtrs_noncompliance_12": 10, "qtrs_snc": 5, "missed_dmr_qtrs": null, "effluent_violations_3yr": 25, "pollutants_with_violation": "BOD, carbonaceous [5 day, 20 C]|Coliform, fecal general|Solids, settleable", "limited_pollutants": "BOD, carbonaceous [5 day, 20 C];Carbonaceous oxygen demand, % removal;Chlorine, total residual;Coliform, fecal general;Copper, total [as Cu];Flow, in conduit or thru treatment plant;Mercury, total [as Hg];Nitrogen, Kjeldahl, total [as N];Solids, settleable;Solids, suspended percent removal;Solids, total suspended;Temperature, water deg. fahrenheit;Toxicity [acute], Ceriodaphnia dubia;Toxicity [acute], Pimephales promelas [Fathead Minnow];Toxicity [chronic], Ceriodaphnia dubia;Toxicity [chronic], Pimephales promelas [Fathead Minnow];Zinc, total [as Zn];pH", "dmr_pounds_yr": 957214.843411445, "dmr_toxic_weighted_lb": 416.194097107131, "penalties_usd": 0, "formal_actions_5yr": 3.0, "informal_actions_5yr": 1, "inspections_5yr": 5, "last_inspection": "03/24/2026", "receiving_water_impaired": "Y", "impairment_causes": "POLYCHLORINATED BIPHENYLS (PCBS)", "sic": "4952", "naics": "221320", "permit_expires": "02/28/2030", "km_from_ref": 34.1, "in_echo_search_list": "yes", "dfr_url": "https://echo.epa.gov/detailed-facility-report?fid=NY0026867&sys=ICP", "watchlist_note": "Albany County South WWTP \u2014 copper, zinc, fecal coliform exceedances"}}, {"type": "Feature", "geometry": {"type": "Point", "coordinates": [-73.874028, 42.582361]}, "properties": {"npdes_id": "NY0260860", "facility": "NSM - ALBANY, NY", "city": "FEURA BUSH", "county": "Albany", "tier": "individual SPDES permit", "permit_type": "NPDES Individual Permit", "major_minor": "N", "permit_status": "Effective", "transect": "Albany-side creeks (Coeymans/Onesquethaw/Vloman)", "receiving_water": "COEYMANS CK TR", "huc8": "Middle Hudson", "design_flow_mgd": null, "actual_flow_mgd": null, "compliance_status": "Significant/Category I Noncompliance", "snc_status": "Effluent - Non-monthly Average Limit", "qtrs_noncompliance_12": 9, "qtrs_snc": 1, "missed_dmr_qtrs": null, "effluent_violations_3yr": 23, "pollutants_with_violation": "Chlorine|Flow rate|Iron|pH", "limited_pollutants": "BOD, 5-day, 20 deg. C;Chlorine, total residual;Flow rate;Fluoride, total [as F];Iron, total [as Fe];Nitrogen, ammonia, total [as NH3];Oil & Grease;Solids, settleable;Solids, total suspended;Temperature, water deg. fahrenheit;pH", "dmr_pounds_yr": 338.958908360573, "dmr_toxic_weighted_lb": 5.93282051997804, "penalties_usd": 1390, "formal_actions_5yr": 1.0, "informal_actions_5yr": 1, "inspections_5yr": 5, "last_inspection": "03/30/2026", "receiving_water_impaired": null, "impairment_causes": null, "sic": "2813", "naics": null, "permit_expires": "06/30/2028", "km_from_ref": 23.4, "in_echo_search_list": "yes", "dfr_url": "https://echo.epa.gov/detailed-facility-report?fid=NY0260860&sys=ICP", "watchlist_note": null}}, {"type": "Feature", "geometry": {"type": "Point", "coordinates": [-74.614778, 42.717917]}, "properties": {"npdes_id": "NY0212199", "facility": "SEWARD (T) STP", "city": "SEWARD", "county": "Schoharie", "tier": "individual SPDES permit", "permit_type": "NPDES Individual Permit", "major_minor": "N", "permit_status": "Effective", "transect": "other / Albany metro", "receiving_water": "WEST CK", "huc8": "Schoharie", "design_flow_mgd": 0.016, "actual_flow_mgd": 0.016, "compliance_status": "Significant/Category I Noncompliance", "snc_status": "Effluent - Non-monthly Average Limit", "qtrs_noncompliance_12": 11, "qtrs_snc": 4, "missed_dmr_qtrs": null, "effluent_violations_3yr": 23, "pollutants_with_violation": "Ammonia|BOD, 5-day, 20 deg. C|Oxygen|Solids, total suspended", "limited_pollutants": "BOD, 5-day, 20 deg. C;Flow, in conduit or thru treatment plant;Nitrogen, ammonia total [as N];Oxygen, dissolved [DO];Solids, settleable;Solids, total suspended;Temperature, water deg. centigrade;pH", "dmr_pounds_yr": 541.60713369, "dmr_toxic_weighted_lb": 0.18279864202635, "penalties_usd": 103279, "formal_actions_5yr": 1.0, "informal_actions_5yr": 1, "inspections_5yr": 2, "last_inspection": "03/14/2025", "receiving_water_impaired": null, "impairment_causes": null, "sic": "4952", "naics": null, "permit_expires": "11/30/2029", "km_from_ref": 44.6, "in_echo_search_list": null, "dfr_url": "https://echo.epa.gov/detailed-facility-report?fid=NY0212199&sys=ICP", "watchlist_note": null}}, {"type": "Feature", "geometry": {"type": "Point", "coordinates": [-74.038889, 42.416667]}, "properties": {"npdes_id": "NY0269093", "facility": "CAMP MALKA", "city": "GREENVILLE", "county": "Greene", "tier": "individual SPDES permit", "permit_type": "NPDES Individual Permit", "major_minor": "N", "permit_status": "Effective", "transect": "Hannacroix \u2014 Basic Creek (upstream of reservoir/Alcove)", "receiving_water": "BASIC CK TRIB, UNNAMED TRIBUTARY TO BASIC CREEK", "huc8": "Middle Hudson", "design_flow_mgd": 0.027, "actual_flow_mgd": null, "compliance_status": "Violation Identified", "snc_status": null, "qtrs_noncompliance_12": 8, "qtrs_snc": 4, "missed_dmr_qtrs": null, "effluent_violations_3yr": 22, "pollutants_with_violation": "BOD, 5-day, 20 deg. C|Coliform, fecal general|Oxygen|Solids, settleable|Solids, total suspended", "limited_pollutants": "BOD, 5-day, 20 deg. C;Chlorine, total residual;Coliform, fecal general;Flow, in conduit or thru treatment plant;Nitrogen, ammonia total [as N];Oxygen, dissolved [DO];Solids, settleable;Solids, total suspended;pH", "dmr_pounds_yr": 0.0, "dmr_toxic_weighted_lb": 0.0, "penalties_usd": 0, "formal_actions_5yr": null, "informal_actions_5yr": 2, "inspections_5yr": 2, "last_inspection": "08/14/2025", "receiving_water_impaired": null, "impairment_causes": null, "sic": "8999", "naics": null, "permit_expires": "10/31/2029", "km_from_ref": 14.0, "in_echo_search_list": null, "dfr_url": "https://echo.epa.gov/detailed-facility-report?fid=NY0269093&sys=ICP", "watchlist_note": "Camp Malka \u2014 failing package plant, 22 E90s, Basic Creek trib \u2192 Alcove"}}, {"type": "Feature", "geometry": {"type": "Point", "coordinates": [-73.730722, 42.677222]}, "properties": {"npdes_id": "NY0026875", "facility": "ALBANY COUNTY WATER PURIFICATION DISTRICT - NORTH WASTEWATER TREATMENT PLANT", "city": "MENANDS", "county": "Albany", "tier": "individual SPDES permit", "permit_type": "NPDES Individual Permit", "major_minor": "M", "permit_status": "Effective", "transect": "Hudson mainstem", "receiving_water": "HUDSON R", "huc8": "Middle Hudson", "design_flow_mgd": 35.0, "actual_flow_mgd": 35.0, "compliance_status": "Violation Identified", "snc_status": null, "qtrs_noncompliance_12": 8, "qtrs_snc": 1, "missed_dmr_qtrs": null, "effluent_violations_3yr": 22, "pollutants_with_violation": "BOD, carbonaceous [5 day, 20 C]|Coliform, fecal general|Flow, in conduit or thru treatment plant|Nitrogen|Solids, settleable|Solids, total suspended", "limited_pollutants": "BOD, carbonaceous [5 day, 20 C];Carbonaceous oxygen demand, % removal;Chlorine, total residual;Coliform, fecal general;Copper, total [as Cu];Flow, in conduit or thru treatment plant;Mercury, total [as Hg];Nitrogen, Kjeldahl, total [as N];Solids, settleable;Solids, suspended percent removal;Solids, total suspended;Temperature, water deg. fahrenheit;Toxicity [acute], Ceriodaphnia dubia;Toxicity [acute], Pimephales promelas [Fathead Minnow];Toxicity [chronic], Ceriodaphnia dubia;Toxicity [chronic], Pimephales promelas [Fathead Minnow];Zinc, total [as Zn];pH", "dmr_pounds_yr": 1643831.55730325, "dmr_toxic_weighted_lb": 8498.73396591611, "penalties_usd": 0, "formal_actions_5yr": 3.0, "informal_actions_5yr": 2, "inspections_5yr": 5, "last_inspection": "03/24/2026", "receiving_water_impaired": "Y", "impairment_causes": "POLYCHLORINATED BIPHENYLS (PCBS)", "sic": "4952", "naics": "221320", "permit_expires": "02/28/2030", "km_from_ref": 38.4, "in_echo_search_list": "yes", "dfr_url": "https://echo.epa.gov/detailed-facility-report?fid=NY0026875&sys=ICP", "watchlist_note": "Albany County North WWTP \u2014 TSS 298,000 kg/yr, copper"}}, {"type": "Feature", "geometry": {"type": "Point", "coordinates": [-74.15207, 42.20568]}, "properties": {"npdes_id": "NY0282561", "facility": "VILLAGE OF TANNERSVILLE WATER TREATMENT PLANT", "city": "HUNTER, TOWN OF", "county": "Greene", "tier": "individual SPDES permit", "permit_type": "NPDES Individual Permit", "major_minor": "N", "permit_status": "Effective", "transect": "other / Albany metro", "receiving_water": "ALLEN BROOK", "huc8": "Schoharie", "design_flow_mgd": null, "actual_flow_mgd": null, "compliance_status": "Violation Identified", "snc_status": null, "qtrs_noncompliance_12": 6, "qtrs_snc": 1, "missed_dmr_qtrs": null, "effluent_violations_3yr": 18, "pollutants_with_violation": "Aluminum|Solids, total suspended", "limited_pollutants": "Aluminum, total [as Al];Chlorine, total residual;Flow rate;Oxygen, dissolved [DO];Solids, settleable;Solids, total suspended;Temperature, water deg. fahrenheit;pH", "dmr_pounds_yr": 129.54136168512, "dmr_toxic_weighted_lb": 1.3014387070272, "penalties_usd": 0, "formal_actions_5yr": null, "informal_actions_5yr": 1, "inspections_5yr": 1, "last_inspection": "07/15/2025", "receiving_water_impaired": null, "impairment_causes": null, "sic": "4941", "naics": null, "permit_expires": "11/30/2030", "km_from_ref": 34.4, "in_echo_search_list": "yes", "dfr_url": "https://echo.epa.gov/detailed-facility-report?fid=NY0282561&sys=ICP", "watchlist_note": null}}, {"type": "Feature", "geometry": {"type": "Point", "coordinates": [-74.115556, 42.389722]}, "properties": {"npdes_id": "NY0191973", "facility": "HALEON OAK HILL", "city": "EAST DURHAM", "county": "Greene", "tier": "individual SPDES permit", "permit_type": "NPDES Individual Permit", "major_minor": "N", "permit_status": "Effective", "transect": "Catskill Creek main stem", "receiving_water": "CATSKILL CREEK", "huc8": "Middle Hudson", "design_flow_mgd": 0.075, "actual_flow_mgd": null, "compliance_status": "Violation Identified", "snc_status": null, "qtrs_noncompliance_12": 9, "qtrs_snc": 2, "missed_dmr_qtrs": null, "effluent_violations_3yr": 17, "pollutants_with_violation": "Aluminum|BOD, carbonaceous [5 day, 20 C]|Oxygen demand, ultimate", "limited_pollutants": "Aluminum, total [as Al];BOD, carbonaceous [5 day, 20 C];Chlorine, total residual;Coliform, fecal general;Copper, total [as Cu];Flow rate;Fluoride, total [as F];Iron, total [as Fe];Mercury, total [as Hg];Methylene chloride;Nitrogen, Kjeldahl, total [as N];Nitrogen, ammonia total [as N];Nitrogen, organic total [as N];Oil & Grease;Oxygen demand, chem. [high level] [COD];Oxygen demand, ultimate;Oxygen, dissolved [DO];Phosphorus, total [as P];Selenium, total [as Se];Solids, settleable;Solids, total dissolved;Solids, total suspended;Temperature, water deg. fahrenheit;Thallium, total [as Tl];Total phenols;Toxicity [acute], Ceriodaphnia dubia;Toxicity [acute], Pimephales promelas [Fathead Minnow];Toxicity [chronic], Ceriodaphnia dubia;Toxicity [chronic], Pimephales promelas [Fathead Minnow];Zinc, total [as Zn];pH", "dmr_pounds_yr": 87336.6242739157, "dmr_toxic_weighted_lb": 14.7156206649926, "penalties_usd": 0, "formal_actions_5yr": null, "informal_actions_5yr": 0, "inspections_5yr": 5, "last_inspection": "03/24/2026", "receiving_water_impaired": null, "impairment_causes": null, "sic": "2834", "naics": null, "permit_expires": "02/28/2030", "km_from_ref": 14.1, "in_echo_search_list": "yes", "dfr_url": "https://echo.epa.gov/detailed-facility-report?fid=NY0191973&sys=ICP", "watchlist_note": "Haleon (ex-GSK) Oak Hill pharma \u2014 only phosphorus-limited discharger within 20 km; P median rising since 2023"}}, {"type": "Feature", "geometry": {"type": "Point", "coordinates": [-73.93953, 42.65706]}, "properties": {"npdes_id": "NY0084999", "facility": "ATLAS COPCO", "city": "VOORHEESVILLE", "county": "Albany", "tier": "individual SPDES permit", "permit_type": "NPDES Individual Permit", "major_minor": "N", "permit_status": "Effective", "transect": "other / Albany metro", "receiving_water": "BLACK CK", "huc8": "Middle Hudson", "design_flow_mgd": null, "actual_flow_mgd": null, "compliance_status": "Violation Identified", "snc_status": null, "qtrs_noncompliance_12": 8, "qtrs_snc": 2, "missed_dmr_qtrs": null, "effluent_violations_3yr": 15, "pollutants_with_violation": "Ammonia|BOD, carbonaceous [5 day, 20 C]|Solids, total suspended", "limited_pollutants": "BOD, carbonaceous [5 day, 20 C];Chlorine, total residual;Coliform, fecal general;Flow rate;Nitrogen, ammonia, total [as NH3];Oil & Grease;Outfall observation,visual, y/n response;Oxygen, dissolved [DO];Solids, settleable;Solids, total suspended;Temperature, water deg. fahrenheit;pH", "dmr_pounds_yr": 547.609562929792, "dmr_toxic_weighted_lb": 0.0897592697845547, "penalties_usd": 0, "formal_actions_5yr": null, "informal_actions_5yr": 0, "inspections_5yr": 3, "last_inspection": "03/18/2026", "receiving_water_impaired": null, "impairment_causes": null, "sic": "9999", "naics": null, "permit_expires": "10/31/2026", "km_from_ref": 23.1, "in_echo_search_list": "yes", "dfr_url": "https://echo.epa.gov/detailed-facility-report?fid=NY0084999&sys=ICP", "watchlist_note": "Atlas Copco, Voorheesville \u2014 CBOD, ammonia, TSS exceedances (13)"}}, {"type": "Feature", "geometry": {"type": "Point", "coordinates": [-73.918665, 42.132297]}, "properties": {"npdes_id": "NY0007242", "facility": "LEHIGH NORTHEAST CEMENT CO", "city": "CATSKILL", "county": "Greene", "tier": "individual SPDES permit", "permit_type": "NPDES Individual Permit", "major_minor": "N", "permit_status": "Admin Continued", "transect": "Hudson mainstem", "receiving_water": "HUDSON R", "huc8": "Middle Hudson", "design_flow_mgd": null, "actual_flow_mgd": null, "compliance_status": "Violation Identified", "snc_status": null, "qtrs_noncompliance_12": 10, "qtrs_snc": 0, "missed_dmr_qtrs": null, "effluent_violations_3yr": 15, "pollutants_with_violation": "Mercury|pH", "limited_pollutants": "Arsenic, total [as As];Flow rate;Iron, total [as Fe];Mercury, total [as Hg];Oil & Grease;Pump hours;Solids, settleable;Solids, total dissolved;Solids, total suspended;Temperature, water deg. fahrenheit;Toxicity [acute], Ceriodaphnia dubia;Toxicity [acute], Pimephales promelas [Fathead Minnow];Toxicity [chronic], Ceriodaphnia dubia;Toxicity [chronic], Pimephales promelas [Fathead Minnow];pH", "dmr_pounds_yr": 943299.234875256, "dmr_toxic_weighted_lb": 6.48894052311246, "penalties_usd": 0, "formal_actions_5yr": null, "informal_actions_5yr": 0, "inspections_5yr": 5, "last_inspection": "04/30/2026", "receiving_water_impaired": "Y", "impairment_causes": "POLYCHLORINATED BIPHENYLS (PCBS)", "sic": "3241", "naics": null, "permit_expires": "09/30/2023", "km_from_ref": 46.4, "in_echo_search_list": null, "dfr_url": "https://echo.epa.gov/detailed-facility-report?fid=NY0007242&sys=ICP", "watchlist_note": null}}, {"type": "Feature", "geometry": {"type": "Point", "coordinates": [-74.146639, 42.626]}, "properties": {"npdes_id": "NY0268976", "facility": "BERNE WWTP", "city": "BERNE", "county": "Albany", "tier": "individual SPDES permit", "permit_type": "NPDES Individual Permit", "major_minor": "N", "permit_status": "Effective", "transect": "Schoharie side (Fox Creek/Switz Kill)", "receiving_water": "FOX CK", "huc8": "Schoharie", "design_flow_mgd": 0.03, "actual_flow_mgd": null, "compliance_status": "Violation Identified", "snc_status": null, "qtrs_noncompliance_12": 11, "qtrs_snc": 2, "missed_dmr_qtrs": null, "effluent_violations_3yr": 14, "pollutants_with_violation": "BOD, 5-day, 20 deg. C|BOD, 5-day, percent removal|Chlorine|Coliform, fecal general|Oxygen demand, ultimate", "limited_pollutants": "BOD, 5-day, 20 deg. C;BOD, 5-day, percent removal;BOD, carbonaceous [5 day, 20 C];Carbonaceous oxygen demand, % removal;Chlorine, total residual;Coliform, fecal general;Flow rate;Nitrogen, Kjeldahl, total [as N];Oxygen demand, ultimate;Oxygen, dissolved [DO];Solids, settleable;Solids, suspended percent removal;Solids, total suspended;pH", "dmr_pounds_yr": 410.687063830852, "dmr_toxic_weighted_lb": null, "penalties_usd": 0, "formal_actions_5yr": null, "informal_actions_5yr": 0, "inspections_5yr": 5, "last_inspection": "05/27/2026", "receiving_water_impaired": null, "impairment_causes": null, "sic": "4952", "naics": null, "permit_expires": "09/30/2029", "km_from_ref": 12.3, "in_echo_search_list": "yes", "dfr_url": "https://echo.epa.gov/detailed-facility-report?fid=NY0268976&sys=ICP", "watchlist_note": "Berne WWTP \u2014 load quadrupled 2017\u21922026"}}, {"type": "Feature", "geometry": {"type": "Point", "coordinates": [-73.813652, 42.49756]}, "properties": {"npdes_id": "NY0005037", "facility": "RAVENA CEMENT PLANT", "city": "RAVENA", "county": "Albany", "tier": "individual SPDES permit", "permit_type": "NPDES Individual Permit", "major_minor": "M", "permit_status": "Admin Continued", "transect": "Albany-side creeks (Coeymans/Onesquethaw/Vloman)", "receiving_water": "COEYMAN'S CK", "huc8": "Middle Hudson", "design_flow_mgd": null, "actual_flow_mgd": 13.0, "compliance_status": "Violation Identified", "snc_status": null, "qtrs_noncompliance_12": 9, "qtrs_snc": 0, "missed_dmr_qtrs": null, "effluent_violations_3yr": 13, "pollutants_with_violation": "Ammonia|BOD, 5-day, 20 deg. C|Coliform, fecal general|Mercury|Solids, total suspended", "limited_pollutants": "Aluminum, total [as Al];BOD, 5-day, 20 deg. C;Chlorine, total residual;Coliform, fecal general;Flow rate;Mercury, total [as Hg];Molybdenum, total [as Mo];Nitrogen, ammonia total [as N];Oil & Grease;Oxygen, dissolved [DO];Solids, settleable;Solids, total dissolved;Solids, total suspended;Sulfate, total [as SO4];Sulfite [as SO3];Temp. diff. between samp. & upstrm deg. F;Temp. diff. between up/down stream deg. F;Temperature, water deg. fahrenheit;pH", "dmr_pounds_yr": 5649067.96296193, "dmr_toxic_weighted_lb": 31.7870511951652, "penalties_usd": 0, "formal_actions_5yr": null, "informal_actions_5yr": 0, "inspections_5yr": 4, "last_inspection": "04/23/2026", "receiving_water_impaired": "Y", "impairment_causes": "POLYCHLORINATED BIPHENYLS (PCBS)", "sic": "3241", "naics": null, "permit_expires": "09/30/2020", "km_from_ref": 27.2, "in_echo_search_list": "yes", "dfr_url": "https://echo.epa.gov/detailed-facility-report?fid=NY0005037&sys=ICP", "watchlist_note": "Ravena cement plant (Holcim \u2192 Amrize) \u2014 cooling-water dissolved solids in the millions of kg; mercury; EPA outlier flag"}}, {"type": "Feature", "geometry": {"type": "Point", "coordinates": [-73.79787, 42.27621]}, "properties": {"npdes_id": "NY0020877", "facility": "BRICK ROW STP", "city": "ATHENS", "county": "Greene", "tier": "individual SPDES permit", "permit_type": "NPDES Individual Permit", "major_minor": "N", "permit_status": "Effective", "transect": "Hudson mainstem", "receiving_water": "HUDSON R", "huc8": "Middle Hudson", "design_flow_mgd": 0.017, "actual_flow_mgd": 0.017, "compliance_status": "No Violation Identified", "snc_status": null, "qtrs_noncompliance_12": 7, "qtrs_snc": 0, "missed_dmr_qtrs": null, "effluent_violations_3yr": 13, "pollutants_with_violation": "BOD, 5-day, percent removal|Coliform, fecal general|Flow, in conduit or thru treatment plant|Solids, suspended percent removal", "limited_pollutants": "BOD, 5-day, 20 deg. C;BOD, 5-day, percent removal;Chlorine, total residual;Coliform, fecal general;Flow, in conduit or thru treatment plant;Solids, settleable;Solids, suspended percent removal;Solids, total suspended;Temperature, water deg. fahrenheit;pH", "dmr_pounds_yr": 306.48335319, "dmr_toxic_weighted_lb": 16.406419365, "penalties_usd": 0, "formal_actions_5yr": null, "informal_actions_5yr": 1, "inspections_5yr": 6, "last_inspection": "05/19/2026", "receiving_water_impaired": "Y", "impairment_causes": "POLYCHLORINATED BIPHENYLS (PCBS)", "sic": "4952", "naics": null, "permit_expires": "03/31/2031", "km_from_ref": 38.9, "in_echo_search_list": "yes", "dfr_url": "https://echo.epa.gov/detailed-facility-report?fid=NY0020877&sys=ICP", "watchlist_note": null}}, {"type": "Feature", "geometry": {"type": "Point", "coordinates": [-74.168818, 42.20168]}, "properties": {"npdes_id": "NY0103187", "facility": "HUNTER (T) LANDFILL LEACHATE TREATMENT SYSTEM", "city": "TANNERSVILLE", "county": "Greene", "tier": "individual SPDES permit", "permit_type": "NPDES Individual Permit", "major_minor": "N", "permit_status": "Effective", "transect": "Schoharie Creek basin", "receiving_water": "SCHOHARIE CK TR", "huc8": "Schoharie", "design_flow_mgd": null, "actual_flow_mgd": null, "compliance_status": "Violation Identified", "snc_status": null, "qtrs_noncompliance_12": 9, "qtrs_snc": 0, "missed_dmr_qtrs": null, "effluent_violations_3yr": 13, "pollutants_with_violation": "Cyanide|Oxygen|Phenol|Total phenols|Toxicity|Zinc", "limited_pollutants": ".alpha.-Terpineol;11-Chloroeicosafluoro-3-oxaundecane-1-sulfonic acid (11Cl-PF3OUdS);1H,1H, 2H, 2H-Perfluorodecane sulfonic acid (8:2 FTS);1H,1H,2H,2H-Perfluorohexane sulfonic acid (4:2 FTS);1H,1H,2H,2H-Perfluorooctane sulfonic acid (6:2 FTS);2H,2H,3H,3H-Perfluorooctanoic acid (5:3 FTCA);3-Perfluoroheptyl propanoic acid (7:3 FTCA);3-Perfluoropropyl propanoic acid (3:3 FTCA);4,8-Dioxa-3H-perfluorononanoic acid (ADONA);4-Methylphenol;9-Chlorohexadecafluoro-3-oxanonane-1-sulfonic acid (9Cl-PF3ONS);Aluminum, total [as Al];BOD, 5-day, 20 deg. C;Benzoic acids, total;Beryllium, total [as Be];Boron, total [as B];Cadmium, total [as Cd];Chlorinated phenols;Chromium, total [as Cr];Copper, total [as Cu];Cyanide, free [as free];Flow rate;Hexafluoropropylene oxide dimer acid (HFPO-DA);Iron, total [as Fe];Lead, total [as Pb];Manganese, total [as Mn];N-ethyl perfluorooctanesulfonamide (NEtFOSA);N-ethyl perfluorooctanesulfonamidoacetic acid (NEtFOSAA);N-ethyl perfluorooctanesulfonamidoethanol (NEtFOSE);N-methyl perfluorooctanesulfonamide (NMeFOSA);N-methyl perfluorooctanesulfonamidoacetic acid (NMeFOSAA);N-methyl perfluorooctanesulfonamidoethanol (NMeFOSE);Nickel, total [as Ni];Nitrogen, ammonia total [as N];Nitrogen, nitrite total [as N];Nonafluoro-3,6-dioxaheptanoic acid (NFDHA);Oil & Grease;Oxygen, dissolved [DO];Perfluoro(2-ethoxyethane)sulfonic acid (PFEESA);Perfluoro-3-methoxypropanoic acid (PFMPA);Perfluoro-4-methoxybutanoic acid (PFMBA);Perfluorobutanesulfonic acid (PFBS);Perfluorobutanoic acid (PFBA);Perfluorodecanesulfonic acid (PFDS);Perfluorodecanoic acid (PFDA);Perfluorododecanesulfonic acid (PFDoS);Perfluorododecanoic acid (PFDoA);Perfluoroheptanesulfonic acid (PFHpS);Perfluoroheptanoic acid (PFHpA);Perfluorohexanesulfonic acid (PFHxS);Perfluorohexanoic acid (PFHxA);Perfluorononanesulfonic acid (PFNS);Perfluorononanoic acid (PFNA);Perfluorooctanesulfonamide (PFOSA);Perfluorooctanesulfonic acid (PFOS);Perfluorooctanoic acid (PFOA);Perfluoropentanesulfonic acid (PFPeS);Perfluoropentanoic acid (PFPeA);Perfluorotetradecanoic acid (PFTeDA);Perfluorotridecanoic acid (PFTrDA);Perfluoroundecanoic acid (PFUnA);Phenol;Selenium, total [as Se];Solids, total dissolved;Solids, total suspended;Total phenols;Toxicity [acute], Ceriodaphnia dubia;Toxicity [acute], Pimephales promelas [Fathead Minnow];Toxicity [chronic], Ceriodaphnia dubia;Toxicity [chronic], Pimephales promelas [Fathead Minnow];Zinc, total [as Zn];pH", "dmr_pounds_yr": 13351.9960837496, "dmr_toxic_weighted_lb": 1.04137279765666, "penalties_usd": 0, "formal_actions_5yr": null, "informal_actions_5yr": 1, "inspections_5yr": 2, "last_inspection": "03/30/2026", "receiving_water_impaired": null, "impairment_causes": null, "sic": "4953", "naics": "562212", "permit_expires": "06/30/2031", "km_from_ref": 34.9, "in_echo_search_list": "yes", "dfr_url": "https://echo.epa.gov/detailed-facility-report?fid=NY0103187&sys=ICP", "watchlist_note": null}}, {"type": "Feature", "geometry": {"type": "Point", "coordinates": [-73.805472, 42.262806]}, "properties": {"npdes_id": "NY0020869", "facility": "ATHENS - V MAIN STP", "city": "ATHENS", "county": "Greene", "tier": "individual SPDES permit", "permit_type": "NPDES Individual Permit", "major_minor": "N", "permit_status": "Effective", "transect": "Hudson mainstem", "receiving_water": "HUDSON R", "huc8": "Middle Hudson", "design_flow_mgd": 0.4, "actual_flow_mgd": 0.4, "compliance_status": "No Violation Identified", "snc_status": null, "qtrs_noncompliance_12": 2, "qtrs_snc": 0, "missed_dmr_qtrs": null, "effluent_violations_3yr": 12, "pollutants_with_violation": "BOD, 5-day, percent removal|Flow, in conduit or thru treatment plant|Solids, suspended percent removal", "limited_pollutants": "BOD, 5-day, 20 deg. C;BOD, 5-day, percent removal;Chlorine, total residual;Coliform, fecal general;Flow, in conduit or thru treatment plant;Solids, settleable;Solids, suspended percent removal;Solids, total suspended;Temperature, water deg. fahrenheit;pH", "dmr_pounds_yr": 9169.7803848, "dmr_toxic_weighted_lb": 972.88447725, "penalties_usd": 0, "formal_actions_5yr": null, "informal_actions_5yr": 1, "inspections_5yr": 6, "last_inspection": "05/14/2026", "receiving_water_impaired": "Y", "impairment_causes": "POLYCHLORINATED BIPHENYLS (PCBS)", "sic": "4952", "naics": null, "permit_expires": "03/31/2031", "km_from_ref": 39.5, "in_echo_search_list": "yes", "dfr_url": "https://echo.epa.gov/detailed-facility-report?fid=NY0020869&sys=ICP", "watchlist_note": null}}, {"type": "Feature", "geometry": {"type": "Point", "coordinates": [-73.823611, 42.498889]}, "properties": {"npdes_id": "NY0102962", "facility": "RAVENA COEYMANS JUNIOR SENIOR HIGH SCHOOLS CAMPUS", "city": "RAVENA", "county": "Albany", "tier": "individual SPDES permit", "permit_type": "NPDES Individual Permit", "major_minor": "N", "permit_status": "Effective", "transect": "Albany-side creeks (Coeymans/Onesquethaw/Vloman)", "receiving_water": "MOSHER BROOK", "huc8": "Middle Hudson", "design_flow_mgd": null, "actual_flow_mgd": null, "compliance_status": "No Violation Identified", "snc_status": null, "qtrs_noncompliance_12": 7, "qtrs_snc": 0, "missed_dmr_qtrs": null, "effluent_violations_3yr": 11, "pollutants_with_violation": "Alkyl benzene sulfonated [ABS]|Cadmium|Chlorine|Solids, total dissolved|Solids, total suspended", "limited_pollutants": "Alkyl bensene sulfonates, linear [LAS];Arsenic, total [as As];BOD, 5-day, 20 deg. C;Benzene;Cadmium, total [as Cd];Chlorine, total residual;Flow rate;Iron, total [as Fe];Lead, total [as Pb];Methyl tert-butyl ether [MTBE];Oil & Grease;Outfall observation,visual, y/n response;Solids, settleable;Solids, total dissolved;Solids, total suspended;Temperature, water deg. centigrade;Toluene;Xylene [mix of m+o+p];Zinc, total [as Zn];pH", "dmr_pounds_yr": 650.061723834338, "dmr_toxic_weighted_lb": 0.0, "penalties_usd": 0, "formal_actions_5yr": null, "informal_actions_5yr": 0, "inspections_5yr": 2, "last_inspection": "08/07/2025", "receiving_water_impaired": null, "impairment_causes": null, "sic": "8211 8222", "naics": null, "permit_expires": "03/31/2031", "km_from_ref": 26.4, "in_echo_search_list": "yes", "dfr_url": "https://echo.epa.gov/detailed-facility-report?fid=NY0102962&sys=ICP", "watchlist_note": null}}, {"type": "Feature", "geometry": {"type": "Point", "coordinates": [-73.91818, 42.16392]}, "properties": {"npdes_id": "NY0006874", "facility": "AMRIZE - CATSKILL PLANT", "city": "CATSKILL", "county": "Greene", "tier": "individual SPDES permit", "permit_type": "NPDES Individual Permit", "major_minor": "N", "permit_status": "Effective", "transect": "Hudson mainstem", "receiving_water": "HUDSON R, TRIB OF POST CK", "huc8": "Middle Hudson", "design_flow_mgd": null, "actual_flow_mgd": null, "compliance_status": "Violation Identified", "snc_status": null, "qtrs_noncompliance_12": 4, "qtrs_snc": 3, "missed_dmr_qtrs": null, "effluent_violations_3yr": 11, "pollutants_with_violation": "Mercury|Solids, total suspended|pH", "limited_pollutants": "Flow, in conduit or thru treatment plant;Mercury, total [as Hg];Oil & Grease;Selenium, total [as Se];Solids, settleable;Solids, total suspended;pH", "dmr_pounds_yr": 3046.10021462099, "dmr_toxic_weighted_lb": 2.87176625538076, "penalties_usd": 0, "formal_actions_5yr": null, "informal_actions_5yr": 0, "inspections_5yr": 5, "last_inspection": "09/23/2025", "receiving_water_impaired": "Y", "impairment_causes": "POLYCHLORINATED BIPHENYLS (PCBS)", "sic": "3241", "naics": "327310", "permit_expires": "06/30/2030", "km_from_ref": 43.2, "in_echo_search_list": "yes", "dfr_url": "https://echo.epa.gov/detailed-facility-report?fid=NY0006874&sys=ICP", "watchlist_note": "Amrize Catskill plant \u2014 mercury, TSS, pH exceedances"}}, {"type": "Feature", "geometry": {"type": "Point", "coordinates": [-74.272844, 42.302929]}, "properties": {"npdes_id": "NY0262935", "facility": "WINDHAM (T) WWTF", "city": "WINDHAM", "county": "Greene", "tier": "individual SPDES permit", "permit_type": "NPDES Individual Permit", "major_minor": "N", "permit_status": "Effective", "transect": "Schoharie Creek basin", "receiving_water": "BATAVIA KILL", "huc8": "Schoharie", "design_flow_mgd": 0.445, "actual_flow_mgd": null, "compliance_status": "No Violation Identified", "snc_status": null, "qtrs_noncompliance_12": 10, "qtrs_snc": 0, "missed_dmr_qtrs": null, "effluent_violations_3yr": 10, "pollutants_with_violation": "BOD, 5-day, 20 deg. C|BOD, 5-day, percent removal|Solids, suspended percent removal", "limited_pollutants": "BOD, 5-day, 20 deg. C;BOD, 5-day, percent removal;Chlorine, total residual;Coliform, fecal general;Copper, total [as Cu];Flow, in conduit or thru treatment plant;Nitrogen, ammonia total [as N];Oxygen, dissolved [DO];Phosphorus, total [as P];Solids, settleable;Solids, suspended percent removal;Solids, total suspended;Temperature, water deg. fahrenheit;Turbidity;Turbidity, time above limit;pH", "dmr_pounds_yr": 3225.154727025, "dmr_toxic_weighted_lb": 0.1378294999326, "penalties_usd": 0, "formal_actions_5yr": null, "informal_actions_5yr": 0, "inspections_5yr": 5, "last_inspection": "02/05/2026", "receiving_water_impaired": null, "impairment_causes": null, "sic": "4952", "naics": "221320", "permit_expires": "11/30/2029", "km_from_ref": 25.8, "in_echo_search_list": "yes", "dfr_url": "https://echo.epa.gov/detailed-facility-report?fid=NY0262935&sys=ICP", "watchlist_note": null}}, {"type": "Feature", "geometry": {"type": "Point", "coordinates": [-74.090452, 42.19205]}, "properties": {"npdes_id": "NY0122530", "facility": "TWILIGHT COTTAGERS", "city": "HAINES FALLS", "county": "Greene", "tier": "individual SPDES permit", "permit_type": "NPDES Individual Permit", "major_minor": "N", "permit_status": "Effective", "transect": "other / Albany metro", "receiving_water": "GROUNDWATER, KAATERSKILL CREEK", "huc8": "Middle Hudson", "design_flow_mgd": 0.03, "actual_flow_mgd": 0.03, "compliance_status": "No Violation Identified", "snc_status": null, "qtrs_noncompliance_12": 3, "qtrs_snc": 3, "missed_dmr_qtrs": null, "effluent_violations_3yr": 10, "pollutants_with_violation": "Ammonia|BOD, 5-day, 20 deg. C|Solids, settleable", "limited_pollutants": "BOD, 5-day, 20 deg. C;Chlorine, total residual;Coliform, fecal general;Flow rate;Nitrogen, ammonia total [as N];Oxygen, dissolved [DO];Phosphorus, total [as P];Solids, settleable;Solids, total suspended;Temperature, water deg. fahrenheit;pH", "dmr_pounds_yr": 145.196111056991, "dmr_toxic_weighted_lb": 0.0232695465037309, "penalties_usd": 0, "formal_actions_5yr": null, "informal_actions_5yr": 2, "inspections_5yr": 3, "last_inspection": "10/09/2024", "receiving_water_impaired": null, "impairment_causes": null, "sic": "8999", "naics": null, "permit_expires": "10/31/2028", "km_from_ref": 36.2, "in_echo_search_list": null, "dfr_url": "https://echo.epa.gov/detailed-facility-report?fid=NY0122530&sys=ICP", "watchlist_note": null}}, {"type": "Feature", "geometry": {"type": "Point", "coordinates": [-74.024167, 42.71]}, "properties": {"npdes_id": "NY0031534", "facility": "ALTAMONT (V) STP", "city": "ALTAMONT", "county": "Albany", "tier": "individual SPDES permit", "permit_type": "NPDES Individual Permit", "major_minor": "N", "permit_status": "Effective", "transect": "other / Albany metro", "receiving_water": "TRIB 3A OF BOZEN KILL", "huc8": "Middle Hudson", "design_flow_mgd": 0.42, "actual_flow_mgd": 0.42, "compliance_status": "Violation Identified", "snc_status": null, "qtrs_noncompliance_12": 8, "qtrs_snc": 0, "missed_dmr_qtrs": null, "effluent_violations_3yr": 10, "pollutants_with_violation": "Flow, in conduit or thru treatment plant", "limited_pollutants": "BOD, carbonaceous [5 day, 20 C];Carbonaceous oxygen demand, % removal;Chlorine, total residual;Coliform, fecal general;Flow, in conduit or thru treatment plant;Nitrogen, ammonia, total [as NH3];Oxygen, dissolved [DO];Phosphorus, total [as P];Solids, settleable;Solids, suspended percent removal;Solids, total suspended;Temperature, water deg. centigrade;pH", "dmr_pounds_yr": 3200.5008756, "dmr_toxic_weighted_lb": 0.0, "penalties_usd": 0, "formal_actions_5yr": null, "informal_actions_5yr": 0, "inspections_5yr": 5, "last_inspection": "06/10/2026", "receiving_water_impaired": null, "impairment_causes": null, "sic": "4952", "naics": null, "permit_expires": "10/31/2030", "km_from_ref": 23.8, "in_echo_search_list": "yes", "dfr_url": "https://echo.epa.gov/detailed-facility-report?fid=NY0031534&sys=ICP", "watchlist_note": null}}, {"type": "Feature", "geometry": {"type": "Point", "coordinates": [-73.998111, 42.312528]}, "properties": {"npdes_id": "NY0260819", "facility": "CAIRO WWTP", "city": "CAIRO", "county": "Greene", "tier": "individual SPDES permit", "permit_type": "NPDES Individual Permit", "major_minor": "N", "permit_status": "Effective", "transect": "Catskill Creek main stem", "receiving_water": "CATSKILL CK", "huc8": "Middle Hudson", "design_flow_mgd": 0.089, "actual_flow_mgd": null, "compliance_status": "No Violation Identified", "snc_status": null, "qtrs_noncompliance_12": 0, "qtrs_snc": 0, "missed_dmr_qtrs": null, "effluent_violations_3yr": 9, "pollutants_with_violation": "Ammonia|Flow, in conduit or thru treatment plant|Oxygen demand, ultimate|Solids, suspended percent removal|Solids, total suspended", "limited_pollutants": "BOD, carbonaceous [5 day, 20 C];Carbonaceous oxygen demand, % removal;Coliform, fecal general;Flow, in conduit or thru treatment plant;Nitrogen, Kjeldahl, total [as N];Nitrogen, ammonia, total [as NH3];Oxygen demand, ultimate;Oxygen, dissolved [DO];Solids, settleable;Solids, suspended percent removal;Solids, total suspended;pH", "dmr_pounds_yr": 5045.2843229964, "dmr_toxic_weighted_lb": 0.049028966998956, "penalties_usd": 0, "formal_actions_5yr": null, "informal_actions_5yr": 4, "inspections_5yr": 6, "last_inspection": "05/26/2026", "receiving_water_impaired": null, "impairment_causes": null, "sic": "4952", "naics": null, "permit_expires": "12/31/2029", "km_from_ref": 25.5, "in_echo_search_list": "yes", "dfr_url": "https://echo.epa.gov/detailed-facility-report?fid=NY0260819&sys=ICP", "watchlist_note": "Cairo WWTP \u2014 Catskill Creek transect municipal plant"}}, {"type": "Feature", "geometry": {"type": "Point", "coordinates": [-73.900278, 42.689627]}, "properties": {"npdes_id": "NY0022217", "facility": "PARK GUILDERLAND NE IND WWTP", "city": "GUILDERLAND", "county": "Albany", "tier": "individual SPDES permit", "permit_type": "NPDES Individual Permit", "major_minor": "N", "permit_status": "Effective", "transect": "other / Albany metro", "receiving_water": "NORMANSKILL CK", "huc8": "Middle Hudson", "design_flow_mgd": 0.36, "actual_flow_mgd": null, "compliance_status": "No Violation Identified", "snc_status": null, "qtrs_noncompliance_12": 7, "qtrs_snc": 0, "missed_dmr_qtrs": null, "effluent_violations_3yr": 9, "pollutants_with_violation": "BOD, 5-day, 20 deg. C|BOD, 5-day, percent removal|Chlorine|Flow, in conduit or thru treatment plant", "limited_pollutants": "BOD, 5-day, 20 deg. C;BOD, 5-day, percent removal;Chlorine, total residual;Coliform, fecal general;Copper, total [as Cu];Flow, in conduit or thru treatment plant;Nitrogen, ammonia total [as N];Oxygen, dissolved [DO];Solids, settleable;Solids, suspended percent removal;Solids, total suspended;Temperature, water deg. centigrade;pH", "dmr_pounds_yr": 3638.21270889914, "dmr_toxic_weighted_lb": 23.9135195993558, "penalties_usd": 0, "formal_actions_5yr": null, "informal_actions_5yr": 1, "inspections_5yr": 6, "last_inspection": "07/09/2026", "receiving_water_impaired": null, "impairment_causes": null, "sic": "4952", "naics": null, "permit_expires": "03/31/2027", "km_from_ref": 27.9, "in_echo_search_list": "yes", "dfr_url": "https://echo.epa.gov/detailed-facility-report?fid=NY0022217&sys=ICP", "watchlist_note": null}}, {"type": "Feature", "geometry": {"type": "Point", "coordinates": [-74.020861, 42.424]}, "properties": {"npdes_id": "NY0094854", "facility": "GREENVILLE (T) WWTP", "city": "GREENVILLE, TOWN OF", "county": "Greene", "tier": "individual SPDES permit", "permit_type": "NPDES Individual Permit", "major_minor": "N", "permit_status": "Effective", "transect": "Hannacroix \u2014 Basic Creek (upstream of reservoir/Alcove)", "receiving_water": "BASIC CK TR", "huc8": "Middle Hudson", "design_flow_mgd": 0.02, "actual_flow_mgd": 0.02, "compliance_status": "No Violation Identified", "snc_status": null, "qtrs_noncompliance_12": 0, "qtrs_snc": 0, "missed_dmr_qtrs": null, "effluent_violations_3yr": 7, "pollutants_with_violation": "Ammonia|BOD, 5-day, 20 deg. C|Solids, suspended percent removal", "limited_pollutants": "BOD, 5-day, 20 deg. C;BOD, 5-day, percent removal;Chlorine, total residual;Coliform, fecal general;Flow rate;Nitrogen, ammonia total [as N];Nitrogen, nitrite total [as N];Oxygen, dissolved [DO];Solids, settleable;Solids, suspended percent removal;Solids, total dissolved;Solids, total suspended;Temperature, water deg. centigrade;pH", "dmr_pounds_yr": 63378.15514191, "dmr_toxic_weighted_lb": 3.7783556493291, "penalties_usd": 0, "formal_actions_5yr": null, "informal_actions_5yr": 0, "inspections_5yr": 6, "last_inspection": "05/21/2026", "receiving_water_impaired": null, "impairment_causes": null, "sic": "8999", "naics": null, "permit_expires": "03/31/2027", "km_from_ref": 14.3, "in_echo_search_list": "yes", "dfr_url": "https://echo.epa.gov/detailed-facility-report?fid=NY0094854&sys=ICP", "watchlist_note": "Greenville (T) WWTP \u2014 sewage plant on Basic Creek below the dam, drains to Alcove"}}, {"type": "Feature", "geometry": {"type": "Point", "coordinates": [-73.840556, 42.2425]}, "properties": {"npdes_id": "NY0261009", "facility": "NEW ATHENS GENERATING CO, LLC", "city": "ATHENS", "county": "Greene", "tier": "individual SPDES permit", "permit_type": "NPDES Individual Permit", "major_minor": "M", "permit_status": "Admin Continued", "transect": "Hudson mainstem", "receiving_water": "HUDSON R", "huc8": "Middle Hudson", "design_flow_mgd": null, "actual_flow_mgd": null, "compliance_status": "No Violation Identified", "snc_status": null, "qtrs_noncompliance_12": 2, "qtrs_snc": 0, "missed_dmr_qtrs": null, "effluent_violations_3yr": 7, "pollutants_with_violation": "Chlorine|Iron|Oil and grease|Solids, total suspended", "limited_pollutants": "Chlorine, total residual;Flow rate;Flow, in conduit or thru treatment plant;Iron, total [as Fe];Oil & Grease;Solids, total suspended;Temperature, water deg. fahrenheit;pH", "dmr_pounds_yr": 1176.51415771468, "dmr_toxic_weighted_lb": 0.281451191435648, "penalties_usd": 0, "formal_actions_5yr": null, "informal_actions_5yr": 0, "inspections_5yr": 4, "last_inspection": "10/28/2025", "receiving_water_impaired": "Y", "impairment_causes": "POLYCHLORINATED BIPHENYLS (PCBS)", "sic": "4911", "naics": null, "permit_expires": "06/30/2020", "km_from_ref": 39.2, "in_echo_search_list": "yes", "dfr_url": "https://echo.epa.gov/detailed-facility-report?fid=NY0261009&sys=ICP", "watchlist_note": "New Athens Generating (gas plant) \u2014 chlorine, iron, oil & grease"}}, {"type": "Feature", "geometry": {"type": "Point", "coordinates": [-73.918333, 42.132722]}, "properties": {"npdes_id": "NY0205044", "facility": "CATSKILL (T) SD#4", "city": "CEMENTON", "county": "Greene", "tier": "individual SPDES permit", "permit_type": "NPDES Individual Permit", "major_minor": "N", "permit_status": "Effective", "transect": "Hudson mainstem", "receiving_water": "HUDSON R TR", "huc8": "Middle Hudson", "design_flow_mgd": 0.026, "actual_flow_mgd": null, "compliance_status": "Violation Identified", "snc_status": null, "qtrs_noncompliance_12": 4, "qtrs_snc": 0, "missed_dmr_qtrs": null, "effluent_violations_3yr": 7, "pollutants_with_violation": "Ammonia|BOD, 5-day, percent removal|Flow, in conduit or thru treatment plant|Oxygen demand, ultimate", "limited_pollutants": "BOD, 5-day, 20 deg. C;BOD, 5-day, percent removal;BOD, carbonaceous [5 day, 20 C];Chlorine, total residual;Coliform, fecal general;Flow, in conduit or thru treatment plant;Nitrogen, Kjeldahl, total [as N];Nitrogen, ammonia, total [as NH3];Oxygen demand, ultimate;Oxygen, dissolved [DO];Solids, settleable;Solids, suspended percent removal;Solids, total suspended;pH", "dmr_pounds_yr": 588.7264068, "dmr_toxic_weighted_lb": 0.0, "penalties_usd": 0, "formal_actions_5yr": null, "informal_actions_5yr": 0, "inspections_5yr": 5, "last_inspection": "04/30/2026", "receiving_water_impaired": null, "impairment_causes": null, "sic": "4952", "naics": null, "permit_expires": "12/31/2026", "km_from_ref": 46.4, "in_echo_search_list": null, "dfr_url": "https://echo.epa.gov/detailed-facility-report?fid=NY0205044&sys=ICP", "watchlist_note": null}}, {"type": "Feature", "geometry": {"type": "Point", "coordinates": [-73.778972, 42.790944]}, "properties": {"npdes_id": "NY0027758", "facility": "MOHAWK VIEW WPCP", "city": "LATHAM", "county": "Albany", "tier": "individual SPDES permit", "permit_type": "NPDES Individual Permit", "major_minor": "M", "permit_status": "Admin Continued", "transect": "other / Albany metro", "receiving_water": "MOHAWK R", "huc8": "Mohawk", "design_flow_mgd": 6.0, "actual_flow_mgd": null, "compliance_status": "Violation Identified", "snc_status": null, "qtrs_noncompliance_12": 12, "qtrs_snc": 0, "missed_dmr_qtrs": null, "effluent_violations_3yr": 7, "pollutants_with_violation": "Coliform, fecal general|Flow, in conduit or thru treatment plant|Solids, settleable", "limited_pollutants": "BOD, 5-day, 20 deg. C;BOD, 5-day, percent removal;Chlorine, total residual;Coliform, fecal general;Flow, in conduit or thru treatment plant;Mercury, total [as Hg];Solids, settleable;Solids, suspended percent removal;Solids, total suspended;Temperature, water deg. centigrade;Toxicity [acute], Ceriodaphnia dubia;Toxicity [acute], Pimephales promelas [Fathead Minnow];Toxicity [chronic], Ceriodaphnia dubia;Toxicity [chronic], Pimephales promelas [Fathead Minnow];pH", "dmr_pounds_yr": 168958.692567, "dmr_toxic_weighted_lb": 0.0, "penalties_usd": 0, "formal_actions_5yr": null, "informal_actions_5yr": 0, "inspections_5yr": 4, "last_inspection": "02/13/2026", "receiving_water_impaired": null, "impairment_causes": null, "sic": "4952", "naics": null, "permit_expires": "08/31/2024", "km_from_ref": 42.9, "in_echo_search_list": null, "dfr_url": "https://echo.epa.gov/detailed-facility-report?fid=NY0027758&sys=ICP", "watchlist_note": null}}, {"type": "Feature", "geometry": {"type": "Point", "coordinates": [-74.03199, 42.68675]}, "properties": {"npdes_id": "NY0282472", "facility": "CAMP WILDWOOD ", "city": "ALTAMONT", "county": "Albany", "tier": "individual SPDES permit", "permit_type": "NPDES Individual Permit", "major_minor": "N", "permit_status": "Effective", "transect": "other / Albany metro", "receiving_water": "TRIB OF BLACK CREEK", "huc8": "Middle Hudson", "design_flow_mgd": null, "actual_flow_mgd": null, "compliance_status": "No Violation Identified", "snc_status": null, "qtrs_noncompliance_12": 3, "qtrs_snc": 0, "missed_dmr_qtrs": null, "effluent_violations_3yr": 6, "pollutants_with_violation": "Coliform, fecal general|Phosphorus|Solids, total suspended", "limited_pollutants": "BOD, 5-day, 20 deg. C;Chlorine, total residual;Coliform, fecal general;Flow rate;Nitrogen, ammonia total [as N];Oxygen, dissolved [DO];Phosphorus, total [as P];Solids, settleable;Solids, total suspended;pH", "dmr_pounds_yr": 5.92733547, "dmr_toxic_weighted_lb": 0.0, "penalties_usd": 0, "formal_actions_5yr": null, "informal_actions_5yr": 0, "inspections_5yr": 1, "last_inspection": "08/02/2023", "receiving_water_impaired": null, "impairment_causes": null, "sic": "8999", "naics": null, "permit_expires": "12/31/2026", "km_from_ref": 21.2, "in_echo_search_list": null, "dfr_url": "https://echo.epa.gov/detailed-facility-report?fid=NY0282472&sys=ICP", "watchlist_note": null}}, {"type": "Feature", "geometry": {"type": "Point", "coordinates": [-73.731389, 42.727167]}, "properties": {"npdes_id": "NY0100153", "facility": "WATERVLIET (C) WTP", "city": "WATERVLIET", "county": "Albany", "tier": "individual SPDES permit", "permit_type": "NPDES Individual Permit", "major_minor": "N", "permit_status": "Effective", "transect": "other / Albany metro", "receiving_water": "KROMMA KILL", "huc8": "Middle Hudson", "design_flow_mgd": null, "actual_flow_mgd": null, "compliance_status": "Violation Identified", "snc_status": null, "qtrs_noncompliance_12": 7, "qtrs_snc": 0, "missed_dmr_qtrs": null, "effluent_violations_3yr": 6, "pollutants_with_violation": "Aluminum|Chlorine|Solids, total suspended", "limited_pollutants": "Aluminum, total [as Al];Chlorine, total residual;Flow rate;Solids, settleable;Solids, total suspended;pH", "dmr_pounds_yr": 1426.91816316013, "dmr_toxic_weighted_lb": 17.3154370791058, "penalties_usd": 0, "formal_actions_5yr": null, "informal_actions_5yr": 0, "inspections_5yr": 4, "last_inspection": "12/09/2025", "receiving_water_impaired": null, "impairment_causes": null, "sic": "4941", "naics": null, "permit_expires": "12/31/2030", "km_from_ref": 41.3, "in_echo_search_list": "yes", "dfr_url": "https://echo.epa.gov/detailed-facility-report?fid=NY0100153&sys=ICP", "watchlist_note": null}}, {"type": "Feature", "geometry": {"type": "Point", "coordinates": [-73.708712, 42.719762]}, "properties": {"npdes_id": "NY0023361", "facility": "US ARMY WATERVLIET ARSENAL", "city": "WATERVLIET", "county": "Albany", "tier": "individual SPDES permit", "permit_type": "NPDES Individual Permit", "major_minor": "N", "permit_status": "Effective", "transect": "Hudson mainstem", "receiving_water": "HUDSON R, KROMMA KILL", "huc8": "Middle Hudson", "design_flow_mgd": null, "actual_flow_mgd": 0.45, "compliance_status": "Violation Identified", "snc_status": null, "qtrs_noncompliance_12": 7, "qtrs_snc": 0, "missed_dmr_qtrs": null, "effluent_violations_3yr": 6, "pollutants_with_violation": "Iron|Manganese", "limited_pollutants": "Barium, total [as Ba];Cadmium, total [as Cd];Chromium, hexavalent [as Cr];Chromium, total [as Cr];Copper, total [as Cu];Cyanide, total [as CN];Flow rate;Glycol [total];Iron, total [as Fe];Lead, total [as Pb];Manganese, total [as Mn];Nickel, total [as Ni];Oil & Grease;Organics, total toxic [TTO];Phosphorus, total [as P];Silver, total [as Ag];Solids, settleable;Solids, total dissolved;Solids, total suspended;Sulfite [as SO3];Temperature, water deg. fahrenheit;Toxicity [acute], Ceriodaphnia dubia;Toxicity [acute], Pimephales promelas [Fathead Minnow];Toxicity [chronic], Ceriodaphnia dubia;Toxicity [chronic], Pimephales promelas [Fathead Minnow];Zinc, total [as Zn];pH", "dmr_pounds_yr": 62857.2208139191, "dmr_toxic_weighted_lb": 101.499910176887, "penalties_usd": 6950, "formal_actions_5yr": 1.0, "informal_actions_5yr": 0, "inspections_5yr": 3, "last_inspection": "03/24/2025", "receiving_water_impaired": "Y", "impairment_causes": "POLYCHLORINATED BIPHENYLS (PCBS)", "sic": "3471", "naics": null, "permit_expires": "09/30/2029", "km_from_ref": 42.4, "in_echo_search_list": "yes", "dfr_url": "https://echo.epa.gov/detailed-facility-report?fid=NY0023361&sys=ICP", "watchlist_note": null}}, {"type": "Feature", "geometry": {"type": "Point", "coordinates": [-73.928556, 42.648944]}, "properties": {"npdes_id": "NY0030139", "facility": "VOORHEESVILLE (V) SD#1 STP", "city": "VOORHEESVILLE", "county": "Albany", "tier": "individual SPDES permit", "permit_type": "NPDES Individual Permit", "major_minor": "N", "permit_status": "Effective", "transect": "other / Albany metro", "receiving_water": "VLY CK", "huc8": "Middle Hudson", "design_flow_mgd": 0.11, "actual_flow_mgd": 0.11, "compliance_status": "Violation Identified", "snc_status": null, "qtrs_noncompliance_12": 12, "qtrs_snc": 3, "missed_dmr_qtrs": null, "effluent_violations_3yr": 5, "pollutants_with_violation": "Ammonia|Flow, in conduit or thru treatment plant|pH", "limited_pollutants": "BOD, 5-day, 20 deg. C;BOD, 5-day, percent removal;Chlorine, total residual;Coliform, fecal general;Flow, in conduit or thru treatment plant;Nitrogen, ammonia total [as N];Oxygen, dissolved [DO];Solids, settleable;Solids, suspended percent removal;Solids, total suspended;Temperature, water deg. fahrenheit;pH", "dmr_pounds_yr": 0.0, "dmr_toxic_weighted_lb": 0.0, "penalties_usd": 0, "formal_actions_5yr": null, "informal_actions_5yr": 0, "inspections_5yr": 4, "last_inspection": "02/11/2026", "receiving_water_impaired": null, "impairment_causes": null, "sic": "4952", "naics": "221320", "permit_expires": "03/31/2030", "km_from_ref": 23.1, "in_echo_search_list": "yes", "dfr_url": "https://echo.epa.gov/detailed-facility-report?fid=NY0030139&sys=ICP", "watchlist_note": null}}, {"type": "Feature", "geometry": {"type": "Point", "coordinates": [-73.76625, 42.54322]}, "properties": {"npdes_id": "NY0025739", "facility": "CEDAR HILL WPCP", "city": "SELKIRK", "county": "Albany", "tier": "individual SPDES permit", "permit_type": "NPDES Individual Permit", "major_minor": "M", "permit_status": "Effective", "transect": "Hudson mainstem", "receiving_water": "HUDSON R", "huc8": "Middle Hudson", "design_flow_mgd": 6.0, "actual_flow_mgd": null, "compliance_status": "No Violation Identified", "snc_status": null, "qtrs_noncompliance_12": 4, "qtrs_snc": 0, "missed_dmr_qtrs": null, "effluent_violations_3yr": 5, "pollutants_with_violation": "Flow, in conduit or thru treatment plant", "limited_pollutants": "BOD, 5-day, 20 deg. C;BOD, 5-day, percent removal;Chlorine, total residual;Coliform, fecal general;Copper, total [as Cu];Flow, in conduit or thru treatment plant;Nitrogen, ammonia total [as N];Solids, settleable;Solids, suspended percent removal;Solids, total suspended;Temperature, water deg. centigrade;Zinc, total [as Zn];pH", "dmr_pounds_yr": 127300.0254372, "dmr_toxic_weighted_lb": 143.5464104886, "penalties_usd": 0, "formal_actions_5yr": null, "informal_actions_5yr": 0, "inspections_5yr": 4, "last_inspection": "12/08/2025", "receiving_water_impaired": "Y", "impairment_causes": "POLYCHLORINATED BIPHENYLS (PCBS)", "sic": "4952", "naics": "221320", "permit_expires": "04/30/2030", "km_from_ref": 31.2, "in_echo_search_list": "yes", "dfr_url": "https://echo.epa.gov/detailed-facility-report?fid=NY0025739&sys=ICP", "watchlist_note": null}}, {"type": "Feature", "geometry": {"type": "Point", "coordinates": [-74.309961, 42.703233]}, "properties": {"npdes_id": "NY0249572", "facility": "SCHOHARIE BUSINESS PARK", "city": "SCHOHARIE", "county": "Schoharie", "tier": "individual SPDES permit", "permit_type": "NPDES Individual Permit", "major_minor": "N", "permit_status": "Admin Continued", "transect": "Schoharie Creek basin", "receiving_water": "SCHOHARIE CK", "huc8": "Schoharie", "design_flow_mgd": null, "actual_flow_mgd": null, "compliance_status": "Violation Identified", "snc_status": null, "qtrs_noncompliance_12": 3, "qtrs_snc": 0, "missed_dmr_qtrs": null, "effluent_violations_3yr": 5, "pollutants_with_violation": "Coliform, fecal general|Solids, total suspended", "limited_pollutants": "BOD, 5-day, 20 deg. C;Chloride [as Cl];Chlorine, total residual;Coliform, fecal general;Flow rate;Iron, total [as Fe];Manganese, total [as Mn];Solids, settleable;Solids, total suspended;pH", "dmr_pounds_yr": 627.4806867, "dmr_toxic_weighted_lb": 0.0, "penalties_usd": 0, "formal_actions_5yr": null, "informal_actions_5yr": 0, "inspections_5yr": 4, "last_inspection": "01/21/2026", "receiving_water_impaired": null, "impairment_causes": null, "sic": "8999", "naics": null, "permit_expires": "08/31/2026", "km_from_ref": 24.9, "in_echo_search_list": null, "dfr_url": "https://echo.epa.gov/detailed-facility-report?fid=NY0249572&sys=ICP", "watchlist_note": null}}, {"type": "Feature", "geometry": {"type": "Point", "coordinates": [-73.6999, 42.75949]}, "properties": {"npdes_id": "NY0006912", "facility": "MOHAWK FINE PAPERS, INC", "city": "WATERFORD", "county": "Saratoga", "tier": "individual SPDES permit", "permit_type": "NPDES Individual Permit", "major_minor": "M", "permit_status": "Admin Continued", "transect": "other / Albany metro", "receiving_water": "MOHAWK R", "huc8": "Mohawk", "design_flow_mgd": null, "actual_flow_mgd": 0.901, "compliance_status": "Violation Identified", "snc_status": null, "qtrs_noncompliance_12": 2, "qtrs_snc": 0, "missed_dmr_qtrs": null, "effluent_violations_3yr": 5, "pollutants_with_violation": "BOD, 5-day, 20 deg. C|Solids, total suspended", "limited_pollutants": "BOD, 5-day, 20 deg. C;Chlorine, total residual;Flow, in conduit or thru treatment plant;Solids, settleable;Solids, total suspended;Temperature, water deg. fahrenheit;pH", "dmr_pounds_yr": 315079.789934322, "dmr_toxic_weighted_lb": 52.563637161, "penalties_usd": 0, "formal_actions_5yr": null, "informal_actions_5yr": 0, "inspections_5yr": 4, "last_inspection": "10/30/2025", "receiving_water_impaired": null, "impairment_causes": null, "sic": "2621", "naics": null, "permit_expires": "01/31/2019", "km_from_ref": 45.5, "in_echo_search_list": null, "dfr_url": "https://echo.epa.gov/detailed-facility-report?fid=NY0006912&sys=ICP", "watchlist_note": "Mohawk Fine Papers, Waterford \u2014 BOD 90,000 kg/yr"}}, {"type": "Feature", "geometry": {"type": "Point", "coordinates": [-74.7615, 42.5885]}, "properties": {"npdes_id": "NY0022519", "facility": "RICHMONDVILLE (V) STP", "city": "RICHMONDVILLE", "county": "Schoharie", "tier": "individual SPDES permit", "permit_type": "NPDES Individual Permit", "major_minor": "N", "permit_status": "Effective", "transect": "Schoharie Creek basin", "receiving_water": "COBLESKILL CK", "huc8": "Upper Susquehanna", "design_flow_mgd": 0.2, "actual_flow_mgd": 0.2, "compliance_status": "No Violation Identified", "snc_status": null, "qtrs_noncompliance_12": 5, "qtrs_snc": 0, "missed_dmr_qtrs": null, "effluent_violations_3yr": 5, "pollutants_with_violation": "Ammonia|Coliform, fecal general|Flow, in conduit or thru treatment plant|Solids, total suspended", "limited_pollutants": "BOD, carbonaceous [5 day, 20 C];Carbonaceous oxygen demand, % removal;Chlorine, total residual;Coliform, fecal general;Copper, total [as Cu];Flow, in conduit or thru treatment plant;Nitrogen, ammonia total [as N];Oxygen, dissolved [DO];Solids, settleable;Solids, suspended percent removal;Solids, total dissolved;Solids, total suspended;Temperature, water deg. fahrenheit;Zinc, total [as Zn];pH", "dmr_pounds_yr": 220631.55864521, "dmr_toxic_weighted_lb": 5.92606453940696, "penalties_usd": 0, "formal_actions_5yr": null, "informal_actions_5yr": 0, "inspections_5yr": 4, "last_inspection": "11/10/2025", "receiving_water_impaired": null, "impairment_causes": null, "sic": "4952", "naics": "221320", "permit_expires": "03/31/2031", "km_from_ref": 51.1, "in_echo_search_list": null, "dfr_url": "https://echo.epa.gov/detailed-facility-report?fid=NY0022519&sys=ICP", "watchlist_note": null}}, {"type": "Feature", "geometry": {"type": "Point", "coordinates": [-73.914722, 42.330556]}, "properties": {"npdes_id": "NY0261076", "facility": "POTIC RESERVOIR WTP", "city": "EARLTON", "county": "Greene", "tier": "individual SPDES permit", "permit_type": "NPDES Individual Permit", "major_minor": "N", "permit_status": "Effective", "transect": "Catskill Creek \u2014 other tribs / Potic", "receiving_water": "POTIC CK TR", "huc8": "Middle Hudson", "design_flow_mgd": null, "actual_flow_mgd": null, "compliance_status": "Violation Identified", "snc_status": null, "qtrs_noncompliance_12": 8, "qtrs_snc": 0, "missed_dmr_qtrs": null, "effluent_violations_3yr": 4, "pollutants_with_violation": "Aluminum|Flow rate", "limited_pollutants": "Aluminum, total [as Al];Chlorine, total residual;Flow rate;Iron, total [as Fe];Solids, settleable;Solids, total suspended;Temperature, water deg. fahrenheit;pH", "dmr_pounds_yr": 2830.9386279762, "dmr_toxic_weighted_lb": 31.2790899587242, "penalties_usd": 10799, "formal_actions_5yr": 1.0, "informal_actions_5yr": 0, "inspections_5yr": 2, "last_inspection": "03/18/2026", "receiving_water_impaired": null, "impairment_causes": null, "sic": "4941", "naics": null, "permit_expires": "09/30/2029", "km_from_ref": 27.8, "in_echo_search_list": "yes", "dfr_url": "https://echo.epa.gov/detailed-facility-report?fid=NY0261076&sys=ICP", "watchlist_note": null}}, {"type": "Feature", "geometry": {"type": "Point", "coordinates": [-73.79325, 42.34925]}, "properties": {"npdes_id": "NY0033545", "facility": "COXSACKIE (V) STP", "city": "COXSACKIE", "county": "Greene", "tier": "individual SPDES permit", "permit_type": "NPDES Individual Permit", "major_minor": "M", "permit_status": "Admin Continued", "transect": "Hudson mainstem", "receiving_water": "HUDSON R", "huc8": "Middle Hudson", "design_flow_mgd": 1.25, "actual_flow_mgd": null, "compliance_status": "Violation Identified", "snc_status": null, "qtrs_noncompliance_12": 12, "qtrs_snc": 0, "missed_dmr_qtrs": null, "effluent_violations_3yr": 4, "pollutants_with_violation": "Flow, in conduit or thru treatment plant", "limited_pollutants": "BOD, 5-day, 20 deg. C;BOD, 5-day, percent removal;Chlorine, total residual;Coliform, fecal general;Flow, in conduit or thru treatment plant;Mercury, total [as Hg];Nitrogen, Kjeldahl, total [as N];Nitrogen, ammonia total [as N];Solids, settleable;Solids, suspended percent removal;Solids, total suspended;Temperature, water deg. centigrade;Temperature, water deg. fahrenheit;pH", "dmr_pounds_yr": 100241.86780022, "dmr_toxic_weighted_lb": 85.0748647626609, "penalties_usd": 39414, "formal_actions_5yr": 1.0, "informal_actions_5yr": 0, "inspections_5yr": 5, "last_inspection": "02/04/2026", "receiving_water_impaired": "Y", "impairment_causes": "POLYCHLORINATED BIPHENYLS (PCBS)", "sic": "4952", "naics": null, "permit_expires": "02/28/2024", "km_from_ref": 34.2, "in_echo_search_list": "yes", "dfr_url": "https://echo.epa.gov/detailed-facility-report?fid=NY0033545&sys=ICP", "watchlist_note": null}}, {"type": "Feature", "geometry": {"type": "Point", "coordinates": [-73.85914, 42.2351]}, "properties": {"npdes_id": "NY0191574", "facility": "MEADOW WOOD APARTMENTS", "city": "CATSKILL, TOWN OF", "county": "Greene", "tier": "individual SPDES permit", "permit_type": "NPDES Individual Permit", "major_minor": "N", "permit_status": "Effective", "transect": "other / Albany metro", "receiving_water": "TRIB TO CORLAER KILL", "huc8": "Middle Hudson", "design_flow_mgd": null, "actual_flow_mgd": null, "compliance_status": "No Violation Identified", "snc_status": null, "qtrs_noncompliance_12": 3, "qtrs_snc": 0, "missed_dmr_qtrs": null, "effluent_violations_3yr": 4, "pollutants_with_violation": "Ammonia|BOD, 5-day, 20 deg. C|Coliform, fecal general", "limited_pollutants": "BOD, 5-day, 20 deg. C;Coliform, fecal general;Flow rate;Nitrogen, ammonia, total [as NH3];Oxygen, dissolved [DO];Solids, total suspended;pH", "dmr_pounds_yr": 23.042058355071, "dmr_toxic_weighted_lb": 0.0032227073941425, "penalties_usd": 0, "formal_actions_5yr": null, "informal_actions_5yr": 1, "inspections_5yr": 2, "last_inspection": "05/15/2025", "receiving_water_impaired": null, "impairment_causes": null, "sic": "8999", "naics": null, "permit_expires": "03/31/2028", "km_from_ref": 38.9, "in_echo_search_list": null, "dfr_url": "https://echo.epa.gov/detailed-facility-report?fid=NY0191574&sys=ICP", "watchlist_note": null}}, {"type": "Feature", "geometry": {"type": "Point", "coordinates": [-73.752083, 42.634611]}, "properties": {"npdes_id": "NY0104060", "facility": "EMPIRE STATE PLAZA", "city": "ALBANY", "county": "Albany", "tier": "individual SPDES permit", "permit_type": "NPDES Individual Permit", "major_minor": "N", "permit_status": "Effective", "transect": "Hudson mainstem", "receiving_water": "HUDSON R", "huc8": "Middle Hudson", "design_flow_mgd": null, "actual_flow_mgd": 108.0, "compliance_status": "Violation Identified", "snc_status": null, "qtrs_noncompliance_12": 12, "qtrs_snc": 5, "missed_dmr_qtrs": null, "effluent_violations_3yr": 4, "pollutants_with_violation": "Temperature, water deg. fahrenheit", "limited_pollutants": "Chlorine, total residual;Flow, in conduit or thru treatment plant;Temp. diff. between intake and discharge;Temperature, water deg. fahrenheit;pH", "dmr_pounds_yr": 0.0, "dmr_toxic_weighted_lb": 0.0, "penalties_usd": 0, "formal_actions_5yr": null, "informal_actions_5yr": 0, "inspections_5yr": 3, "last_inspection": "02/25/2026", "receiving_water_impaired": "Y", "impairment_causes": "POLYCHLORINATED BIPHENYLS (PCBS)", "sic": "9999", "naics": null, "permit_expires": "07/31/2029", "km_from_ref": 34.8, "in_echo_search_list": "yes", "dfr_url": "https://echo.epa.gov/detailed-facility-report?fid=NY0104060&sys=ICP", "watchlist_note": null}}, {"type": "Feature", "geometry": {"type": "Point", "coordinates": [-74.3145, 42.678361]}, "properties": {"npdes_id": "NY0023655", "facility": "SCHOHARIE (V) WWTP", "city": "SCHOHARIE", "county": "Schoharie", "tier": "individual SPDES permit", "permit_type": "NPDES Individual Permit", "major_minor": "N", "permit_status": "Effective", "transect": "Schoharie Creek basin", "receiving_water": "SCHOHARIE CK", "huc8": "Schoharie", "design_flow_mgd": 0.325, "actual_flow_mgd": 0.325, "compliance_status": "Violation Identified", "snc_status": null, "qtrs_noncompliance_12": 5, "qtrs_snc": 2, "missed_dmr_qtrs": null, "effluent_violations_3yr": 4, "pollutants_with_violation": "Chlorine", "limited_pollutants": "BOD, 5-day, 20 deg. C;BOD, 5-day, percent removal;Chlorine, total residual;Coliform, fecal general;Flow, in conduit or thru treatment plant;Nitrogen, ammonia total [as N];Solids, settleable;Solids, suspended percent removal;Solids, total dissolved;Solids, total suspended;Temperature, water deg. fahrenheit;pH", "dmr_pounds_yr": 2008.9873188, "dmr_toxic_weighted_lb": 0.0, "penalties_usd": 0, "formal_actions_5yr": null, "informal_actions_5yr": 0, "inspections_5yr": 4, "last_inspection": "06/02/2025", "receiving_water_impaired": null, "impairment_causes": null, "sic": "4952", "naics": "221320", "permit_expires": "07/31/2030", "km_from_ref": 22.8, "in_echo_search_list": "yes", "dfr_url": "https://echo.epa.gov/detailed-facility-report?fid=NY0023655&sys=ICP", "watchlist_note": null}}, {"type": "Feature", "geometry": {"type": "Point", "coordinates": [-74.493333, 42.391667]}, "properties": {"npdes_id": "NY0069957", "facility": "THE ZONE GIRLS DIVISION STP", "city": "GILBOA", "county": "Schoharie", "tier": "individual SPDES permit", "permit_type": "NPDES Individual Permit", "major_minor": "N", "permit_status": "Effective", "transect": "Schoharie Creek basin", "receiving_water": "SCHOHARIE CK TR, TRIB TO SCHOHARIE RESERVOIR", "huc8": "Schoharie", "design_flow_mgd": null, "actual_flow_mgd": 0.025, "compliance_status": "No Violation Identified", "snc_status": null, "qtrs_noncompliance_12": 2, "qtrs_snc": 0, "missed_dmr_qtrs": null, "effluent_violations_3yr": 4, "pollutants_with_violation": "Flow rate", "limited_pollutants": "BOD, carbonaceous [5 day, 20 C];Chlorine, total residual;Coliform, fecal general;Flow rate;Nitrogen, ammonia total [as N];Nitrogen, nitrate total [as N];Oxygen, dissolved [DO];Phosphorus, total [as P];Solids, settleable;Solids, total dissolved;Solids, total suspended;Turbidity;Turbidity, time above limit;pH", "dmr_pounds_yr": 8300.22109278632, "dmr_toxic_weighted_lb": 0.237166689352082, "penalties_usd": 0, "formal_actions_5yr": null, "informal_actions_5yr": 2, "inspections_5yr": 4, "last_inspection": "08/05/2025", "receiving_water_impaired": null, "impairment_causes": null, "sic": "7032 8999", "naics": null, "permit_expires": "08/31/2029", "km_from_ref": 31.6, "in_echo_search_list": null, "dfr_url": "https://echo.epa.gov/detailed-facility-report?fid=NY0069957&sys=ICP", "watchlist_note": null}}, {"type": "Feature", "geometry": {"type": "Point", "coordinates": [-74.475722, 42.674861]}, "properties": {"npdes_id": "NY0024201", "facility": "COBLESKILL (V) WPCP", "city": "COBLESKILL", "county": "Schoharie", "tier": "individual SPDES permit", "permit_type": "NPDES Individual Permit", "major_minor": "M", "permit_status": "Admin Continued", "transect": "Schoharie Creek basin", "receiving_water": "COBLESKILL CK", "huc8": "Schoharie", "design_flow_mgd": 1.8, "actual_flow_mgd": null, "compliance_status": "No Violation Identified", "snc_status": null, "qtrs_noncompliance_12": 1, "qtrs_snc": 0, "missed_dmr_qtrs": null, "effluent_violations_3yr": 4, "pollutants_with_violation": "Ammonia|Oxygen demand, ultimate|Toxicity", "limited_pollutants": "BOD, carbonaceous [5 day, 20 C];Carbonaceous oxygen demand, % removal;Chlorine, total residual;Coliform, fecal general;Flow, in conduit or thru treatment plant;Mercury, total [as Hg];Nitrogen, Kjeldahl, total [as N];Nitrogen, ammonia total [as N];Oxygen demand, ultimate;Oxygen, dissolved [DO];Phosphorus, total [as P];Solids, settleable;Solids, suspended percent removal;Solids, total suspended;Temperature, water deg. fahrenheit;pH", "dmr_pounds_yr": 26973.530829, "dmr_toxic_weighted_lb": 0.44547514893, "penalties_usd": 0, "formal_actions_5yr": null, "informal_actions_5yr": 0, "inspections_5yr": 6, "last_inspection": "07/06/2026", "receiving_water_impaired": "Y", "impairment_causes": "FECAL COLIFORM", "sic": "4952", "naics": null, "permit_expires": "01/31/2022", "km_from_ref": 32.4, "in_echo_search_list": null, "dfr_url": "https://echo.epa.gov/detailed-facility-report?fid=NY0024201&sys=ICP", "watchlist_note": null}}, {"type": "Feature", "geometry": {"type": "Point", "coordinates": [-73.7896, 42.4463]}, "properties": {"npdes_id": "NY0109151", "facility": "NEW BALTIMORE (T) SD STP", "city": "NEW BALTIMORE", "county": "Greene", "tier": "individual SPDES permit", "permit_type": "NPDES Individual Permit", "major_minor": "N", "permit_status": "Effective", "transect": "Hudson mainstem", "receiving_water": "HUDSON R", "huc8": "Middle Hudson", "design_flow_mgd": 0.06, "actual_flow_mgd": null, "compliance_status": "Violation Identified", "snc_status": null, "qtrs_noncompliance_12": 4, "qtrs_snc": 0, "missed_dmr_qtrs": null, "effluent_violations_3yr": 3, "pollutants_with_violation": "BOD, 5-day, 20 deg. C|Coliform, fecal general", "limited_pollutants": "BOD, 5-day, 20 deg. C;BOD, 5-day, percent removal;Chlorine, total residual;Coliform, fecal general;Flow, in conduit or thru treatment plant;Solids, settleable;Solids, suspended percent removal;Solids, total suspended;Temperature, water deg. centigrade;pH", "dmr_pounds_yr": 1114.0207281, "dmr_toxic_weighted_lb": 0.0, "penalties_usd": 0, "formal_actions_5yr": null, "informal_actions_5yr": 1, "inspections_5yr": 4, "last_inspection": "03/05/2026", "receiving_water_impaired": "Y", "impairment_causes": "POLYCHLORINATED BIPHENYLS (PCBS)", "sic": "4952", "naics": null, "permit_expires": "12/31/2026", "km_from_ref": 30.1, "in_echo_search_list": "yes", "dfr_url": "https://echo.epa.gov/detailed-facility-report?fid=NY0109151&sys=ICP", "watchlist_note": null}}, {"type": "Feature", "geometry": {"type": "Point", "coordinates": [-74.2408, 42.2164]}, "properties": {"npdes_id": "NY0241075", "facility": "HUNTER (V) WWTF", "city": "HUNTER", "county": "Greene", "tier": "individual SPDES permit", "permit_type": "NPDES Individual Permit", "major_minor": "N", "permit_status": "Expired", "transect": "Schoharie Creek basin", "receiving_water": "SCHOHARIE CK", "huc8": "Schoharie", "design_flow_mgd": 0.326, "actual_flow_mgd": null, "compliance_status": "Violation Identified", "snc_status": null, "qtrs_noncompliance_12": 2, "qtrs_snc": 0, "missed_dmr_qtrs": null, "effluent_violations_3yr": 3, "pollutants_with_violation": "Ammonia|BOD, 5-day, 20 deg. C", "limited_pollutants": "BOD, 5-day, 20 deg. C;BOD, 5-day, percent removal;Chlorine, total residual;Coliform, fecal general;Flow, in conduit or thru treatment plant;Nitrogen, Kjeldahl, total [as N];Nitrogen, ammonia total [as N];Nitrogen, nitrate total [as N];Nitrogen, nitrite total [as N];Nitrogen, total [as N];Phosphorus, dissolved reactive [drp as P];Phosphorus, total [as P];Solids, settleable;Solids, suspended percent removal;Solids, total suspended;Temperature, water deg. fahrenheit;Turbidity;Turbidity, time above limit;pH", "dmr_pounds_yr": 1830.86302628565, "dmr_toxic_weighted_lb": 5.738744374272, "penalties_usd": 0, "formal_actions_5yr": null, "informal_actions_5yr": 1, "inspections_5yr": 5, "last_inspection": "02/05/2026", "receiving_water_impaired": null, "impairment_causes": null, "sic": "4952", "naics": null, "permit_expires": "09/30/2024", "km_from_ref": 34.1, "in_echo_search_list": "yes", "dfr_url": "https://echo.epa.gov/detailed-facility-report?fid=NY0241075&sys=ICP", "watchlist_note": null}}, {"type": "Feature", "geometry": {"type": "Point", "coordinates": [-74.333333, 42.716667]}, "properties": {"npdes_id": "NY0263087", "facility": "CENTRAL BRIDGE SD WWTP", "city": "CENTRAL BRIDGE", "county": "Schoharie", "tier": "individual SPDES permit", "permit_type": "NPDES Individual Permit", "major_minor": "N", "permit_status": "Effective", "transect": "Schoharie Creek basin", "receiving_water": "COBLESKILL CK, COBLESKILL CREEK", "huc8": "Schoharie", "design_flow_mgd": 0.06, "actual_flow_mgd": null, "compliance_status": "Violation Identified", "snc_status": null, "qtrs_noncompliance_12": 9, "qtrs_snc": 0, "missed_dmr_qtrs": null, "effluent_violations_3yr": 3, "pollutants_with_violation": "BOD, 5-day, 20 deg. C|BOD, 5-day, percent removal", "limited_pollutants": "BOD, 5-day, 20 deg. C;BOD, 5-day, percent removal;Coliform, fecal general;Flow, in conduit or thru treatment plant;Nitrogen, ammonia total [as N];Solids, settleable;Solids, suspended percent removal;Solids, total suspended;Temperature, water deg. centigrade;pH", "dmr_pounds_yr": 1359.0426213, "dmr_toxic_weighted_lb": 0.0, "penalties_usd": 0, "formal_actions_5yr": null, "informal_actions_5yr": 0, "inspections_5yr": 5, "last_inspection": "06/02/2025", "receiving_water_impaired": null, "impairment_causes": null, "sic": "4941 4952", "naics": null, "permit_expires": "11/30/2029", "km_from_ref": 27.2, "in_echo_search_list": "yes", "dfr_url": "https://echo.epa.gov/detailed-facility-report?fid=NY0263087&sys=ICP", "watchlist_note": null}}, {"type": "Feature", "geometry": {"type": "Point", "coordinates": [-73.858333, 42.365]}, "properties": {"npdes_id": "NY0268267", "facility": "COXSACKIE (V) WTP", "city": "CLIMAX", "county": "Greene", "tier": "individual SPDES permit", "permit_type": "NPDES Individual Permit", "major_minor": "N", "permit_status": "Effective", "transect": "Albany-side creeks (Coeymans/Onesquethaw/Vloman)", "receiving_water": "CLIMAX CK", "huc8": "Middle Hudson", "design_flow_mgd": null, "actual_flow_mgd": null, "compliance_status": "Violation Identified", "snc_status": null, "qtrs_noncompliance_12": 1, "qtrs_snc": 0, "missed_dmr_qtrs": null, "effluent_violations_3yr": 2, "pollutants_with_violation": "Aluminum|Flow rate", "limited_pollutants": "Aluminum, total [as Al];Chlorine, total residual;Flow rate;Solids, settleable;Solids, total suspended;Temperature, water deg. fahrenheit;pH", "dmr_pounds_yr": 3039.8253462801, "dmr_toxic_weighted_lb": 18.444538650321, "penalties_usd": 0, "formal_actions_5yr": null, "informal_actions_5yr": 0, "inspections_5yr": 4, "last_inspection": "02/04/2026", "receiving_water_impaired": null, "impairment_causes": null, "sic": "4941", "naics": null, "permit_expires": "12/31/2029", "km_from_ref": 28.8, "in_echo_search_list": "yes", "dfr_url": "https://echo.epa.gov/detailed-facility-report?fid=NY0268267&sys=ICP", "watchlist_note": null}}, {"type": "Feature", "geometry": {"type": "Point", "coordinates": [-73.817528, 42.511667]}, "properties": {"npdes_id": "NY0036757", "facility": "PINE RIDGE ESTATES", "city": "SELKIRK", "county": "Albany", "tier": "individual SPDES permit", "permit_type": "NPDES Individual Permit", "major_minor": "N", "permit_status": "Expired", "transect": "Albany-side creeks (Coeymans/Onesquethaw/Vloman)", "receiving_water": "COEYMAN'S CK", "huc8": "Middle Hudson", "design_flow_mgd": null, "actual_flow_mgd": null, "compliance_status": "No Violation Identified", "snc_status": null, "qtrs_noncompliance_12": 5, "qtrs_snc": 2, "missed_dmr_qtrs": null, "effluent_violations_3yr": 2, "pollutants_with_violation": "Solids, total suspended", "limited_pollutants": "BOD, carbonaceous [5 day, 20 C];Chlorine, total residual;Coliform, fecal general;Flow rate;Nitrogen, Kjeldahl, total [as N];Oxygen demand, ultimate;Oxygen, dissolved [DO];Solids, settleable;Solids, total suspended;pH", "dmr_pounds_yr": 605.34302472, "dmr_toxic_weighted_lb": 0.0, "penalties_usd": 1300, "formal_actions_5yr": 1.0, "informal_actions_5yr": 2, "inspections_5yr": 3, "last_inspection": "03/18/2026", "receiving_water_impaired": null, "impairment_causes": null, "sic": "8999", "naics": null, "permit_expires": "12/31/2024", "km_from_ref": 26.8, "in_echo_search_list": null, "dfr_url": "https://echo.epa.gov/detailed-facility-report?fid=NY0036757&sys=ICP", "watchlist_note": null}}, {"type": "Feature", "geometry": {"type": "Point", "coordinates": [-74.150778, 42.186917]}, "properties": {"npdes_id": "NY0026573", "facility": "TANNERSVILLE (V) STP", "city": "TANNERSVILLE", "county": "Greene", "tier": "individual SPDES permit", "permit_type": "NPDES Individual Permit", "major_minor": "N", "permit_status": "Effective", "transect": "other / Albany metro", "receiving_water": "GOOSEBERRY CK", "huc8": "Schoharie", "design_flow_mgd": 0.8, "actual_flow_mgd": null, "compliance_status": "No Violation Identified", "snc_status": null, "qtrs_noncompliance_12": 0, "qtrs_snc": 0, "missed_dmr_qtrs": null, "effluent_violations_3yr": 2, "pollutants_with_violation": "Ammonia|BOD, carbonaceous [5 day, 20 C]", "limited_pollutants": "BOD, carbonaceous [5 day, 20 C];Carbonaceous oxygen demand, % removal;Chlorine, total residual;Coliform, fecal general;Flow, in conduit or thru treatment plant;Nitrogen, ammonia total [as N];Oxygen, dissolved [DO];Phosphorus, total [as P];Solids, settleable;Solids, suspended percent removal;Solids, total suspended;Temperature, water deg. fahrenheit;Turbidity;Turbidity, time above limit;pH", "dmr_pounds_yr": 0.0, "dmr_toxic_weighted_lb": 0.0, "penalties_usd": 0, "formal_actions_5yr": null, "informal_actions_5yr": 0, "inspections_5yr": 5, "last_inspection": "02/11/2026", "receiving_water_impaired": null, "impairment_causes": null, "sic": "4952", "naics": null, "permit_expires": "11/30/2029", "km_from_ref": 36.5, "in_echo_search_list": "yes", "dfr_url": "https://echo.epa.gov/detailed-facility-report?fid=NY0026573&sys=ICP", "watchlist_note": null}}, {"type": "Feature", "geometry": {"type": "Point", "coordinates": [-74.156583, 42.163111]}, "properties": {"npdes_id": "NY0092991", "facility": "ELKA PARK ASSOC", "city": "ELKA PARK", "county": "Greene", "tier": "individual SPDES permit", "permit_type": "NPDES Individual Permit", "major_minor": "N", "permit_status": "Effective", "transect": "other / Albany metro", "receiving_water": "COOK BROOK", "huc8": "Schoharie", "design_flow_mgd": null, "actual_flow_mgd": 0.01, "compliance_status": "Violation Identified", "snc_status": null, "qtrs_noncompliance_12": 8, "qtrs_snc": 4, "missed_dmr_qtrs": null, "effluent_violations_3yr": 2, "pollutants_with_violation": "BOD, carbonaceous [5 day, 20 C]|pH", "limited_pollutants": "BOD, carbonaceous [5 day, 20 C];Chlorine, total residual;Coliform, fecal general;Flow, in conduit or thru treatment plant;Nitrogen, ammonia, total [as NH3];Oxygen, dissolved [DO];Phosphorus, total [as P];Solids, settleable;Solids, total suspended;Temperature, water deg. fahrenheit;Turbidity;Turbidity, time above limit;pH", "dmr_pounds_yr": 6.14696446688625, "dmr_toxic_weighted_lb": 0.0012591907541821, "penalties_usd": 0, "formal_actions_5yr": null, "informal_actions_5yr": 2, "inspections_5yr": 0, "last_inspection": "07/08/2009", "receiving_water_impaired": null, "impairment_causes": null, "sic": "8999", "naics": null, "permit_expires": "06/30/2029", "km_from_ref": 39.1, "in_echo_search_list": null, "dfr_url": "https://echo.epa.gov/detailed-facility-report?fid=NY0092991&sys=ICP", "watchlist_note": null}}, {"type": "Feature", "geometry": {"type": "Point", "coordinates": [-74.11517, 42.14801]}, "properties": {"npdes_id": "NY0263061", "facility": "CAMP MACHNE TASHBAR", "city": "ELKA PARK", "county": "Greene", "tier": "individual SPDES permit", "permit_type": "NPDES Individual Permit", "major_minor": "N", "permit_status": "Effective", "transect": "Schoharie Creek basin", "receiving_water": "SCHOHARIE CK, SCHOHARIE CREEK", "huc8": "Schoharie", "design_flow_mgd": null, "actual_flow_mgd": null, "compliance_status": "No Violation Identified", "snc_status": null, "qtrs_noncompliance_12": 2, "qtrs_snc": 0, "missed_dmr_qtrs": null, "effluent_violations_3yr": 2, "pollutants_with_violation": "Temperature, water deg. fahrenheit", "limited_pollutants": "BOD, carbonaceous [5 day, 20 C];Chlorine, total residual;Coliform, fecal general;Flow rate;Nitrogen, ammonia, total [as NH3];Outfall observation,visual, y/n response;Oxygen, dissolved [DO];Phosphorus, total [as P];Solids, settleable;Solids, total suspended;Temperature, water deg. fahrenheit;Turbidity;Turbidity, time above limit;pH", "dmr_pounds_yr": 141.24396951, "dmr_toxic_weighted_lb": 0.016267787928, "penalties_usd": 0, "formal_actions_5yr": null, "informal_actions_5yr": 1, "inspections_5yr": 2, "last_inspection": "07/15/2025", "receiving_water_impaired": null, "impairment_causes": null, "sic": "8999", "naics": null, "permit_expires": "03/31/2028", "km_from_ref": 40.8, "in_echo_search_list": null, "dfr_url": "https://echo.epa.gov/detailed-facility-report?fid=NY0263061&sys=ICP", "watchlist_note": null}}, {"type": "Feature", "geometry": {"type": "Point", "coordinates": [-74.55295, 42.30048]}, "properties": {"npdes_id": "NY0263028", "facility": "PRATTSVILLE (T) STP", "city": "PRATTSVILLE", "county": "Greene", "tier": "individual SPDES permit", "permit_type": "NPDES Individual Permit", "major_minor": "N", "permit_status": "Effective", "transect": "Schoharie Creek basin", "receiving_water": "SCHOHARIE CK", "huc8": "East Branch Delaware", "design_flow_mgd": 0.086, "actual_flow_mgd": null, "compliance_status": "Violation Identified", "snc_status": null, "qtrs_noncompliance_12": 2, "qtrs_snc": 0, "missed_dmr_qtrs": null, "effluent_violations_3yr": 2, "pollutants_with_violation": "Oxygen demand, ultimate|Phosphorus", "limited_pollutants": "BOD, carbonaceous [5 day, 20 C];Carbonaceous oxygen demand, % removal;Chlorine, total residual;Coliform, fecal general;Flow, in conduit or thru treatment plant;Nitrogen, Kjeldahl, total [as N];Oxygen demand, ultimate;Phosphorus, total [as P];Solids, settleable;Solids, suspended percent removal;Solids, total suspended;Temperature, water deg. fahrenheit;Turbidity;Turbidity, time above limit;pH", "dmr_pounds_yr": 1776.74671692, "dmr_toxic_weighted_lb": 0.0, "penalties_usd": 0, "formal_actions_5yr": null, "informal_actions_5yr": 0, "inspections_5yr": 5, "last_inspection": "02/17/2026", "receiving_water_impaired": null, "impairment_causes": null, "sic": "4952", "naics": null, "permit_expires": "09/30/2029", "km_from_ref": 41.0, "in_echo_search_list": "yes", "dfr_url": "https://echo.epa.gov/detailed-facility-report?fid=NY0263028&sys=ICP", "watchlist_note": null}}, {"type": "Feature", "geometry": {"type": "Point", "coordinates": [-74.6125, 42.802306]}, "properties": {"npdes_id": "NY0033588", "facility": "SHARON SPRINGS (V) STP", "city": "SHARON SPRINGS", "county": "Schoharie", "tier": "individual SPDES permit", "permit_type": "NPDES Individual Permit", "major_minor": "N", "permit_status": "Effective", "transect": "other / Albany metro", "receiving_water": "BRIMSTONE CK", "huc8": "Mohawk", "design_flow_mgd": 0.43, "actual_flow_mgd": null, "compliance_status": "Violation Identified", "snc_status": null, "qtrs_noncompliance_12": 12, "qtrs_snc": 0, "missed_dmr_qtrs": null, "effluent_violations_3yr": 2, "pollutants_with_violation": "BOD, carbonaceous, percent removal|Oxygen demand, ultimate", "limited_pollutants": "BOD, carbonaceous [5 day, 20 C];Carbonaceous oxygen demand, % removal;Chlorine, total residual;Coliform, fecal general;Flow, in conduit or thru treatment plant;Nitrogen, Kjeldahl, total [as N];Nitrogen, ammonia total [as N];Oxygen demand, ultimate;Oxygen, dissolved [DO];Solids, settleable;Solids, suspended percent removal;Solids, total suspended;Temperature, water deg. fahrenheit;pH", "dmr_pounds_yr": 4083.07922505, "dmr_toxic_weighted_lb": 0.0, "penalties_usd": 0, "formal_actions_5yr": null, "informal_actions_5yr": 5, "inspections_5yr": 5, "last_inspection": "11/14/2025", "receiving_water_impaired": null, "impairment_causes": null, "sic": "4952", "naics": null, "permit_expires": "12/31/2026", "km_from_ref": 49.8, "in_echo_search_list": null, "dfr_url": "https://echo.epa.gov/detailed-facility-report?fid=NY0033588&sys=ICP", "watchlist_note": null}}, {"type": "Feature", "geometry": {"type": "Point", "coordinates": [-73.99382, 42.38777]}, "properties": {"npdes_id": "NY0110485", "facility": "ROYAL METAL PRODUCTS, INC.", "city": "SURPRISE", "county": "Greene", "tier": "individual SPDES permit", "permit_type": "NPDES Individual Permit", "major_minor": "N", "permit_status": "Effective", "transect": "Catskill Creek \u2014 other tribs / Potic", "receiving_water": "JAN DE BAKKER KILLS TRIB", "huc8": "Middle Hudson", "design_flow_mgd": null, "actual_flow_mgd": null, "compliance_status": "No Violation Identified", "snc_status": null, "qtrs_noncompliance_12": 1, "qtrs_snc": 0, "missed_dmr_qtrs": null, "effluent_violations_3yr": 1, "pollutants_with_violation": "Copper", "limited_pollutants": "Cadmium, total [as Cd];Chromium, total [as Cr];Copper, total [as Cu];Cyanide, free [as free];Cyanide, total [as CN];Flow rate;Lead, total [as Pb];Nickel, total [as Ni];Oil & Grease;Oxygen, dissolved [DO];Solids, total suspended;Temperature, water deg. fahrenheit;Total toxic organics [TTO] [40 CFR433];Zinc, total [as Zn];pH", "dmr_pounds_yr": 4.74528476590088, "dmr_toxic_weighted_lb": 0.103250535431227, "penalties_usd": 0, "formal_actions_5yr": null, "informal_actions_5yr": 0, "inspections_5yr": 1, "last_inspection": "08/01/2024", "receiving_water_impaired": null, "impairment_causes": null, "sic": "2514 3471", "naics": "332813 337124", "permit_expires": "07/31/2031", "km_from_ref": 18.8, "in_echo_search_list": "yes", "dfr_url": "https://echo.epa.gov/detailed-facility-report?fid=NY0110485&sys=ICP", "watchlist_note": null}}, {"type": "Feature", "geometry": {"type": "Point", "coordinates": [-73.847801, 42.481662]}, "properties": {"npdes_id": "NY0242101", "facility": "COEYMANS LEACHATE TRT PLT", "city": "COEYMANS", "county": "Albany", "tier": "individual SPDES permit", "permit_type": "NPDES Individual Permit", "major_minor": "N", "permit_status": "Effective", "transect": "Hannacroix Creek", "receiving_water": "HANNACROIS CK TR", "huc8": "Middle Hudson", "design_flow_mgd": null, "actual_flow_mgd": null, "compliance_status": "Violation Identified", "snc_status": null, "qtrs_noncompliance_12": 12, "qtrs_snc": 0, "missed_dmr_qtrs": null, "effluent_violations_3yr": 1, "pollutants_with_violation": "Benzene", "limited_pollutants": ".alpha.-Terpineol;Aluminum, total [as Al];Arsenic, total [as As];BOD, 5-day, 20 deg. C;Barium, total [as Ba];Benzene;Benzoic acids, total;Boron, total [as B];Cadmium, total [as Cd];Chlorine, total residual;Chromium, total [as Cr];Copper, total [as Cu];Flow rate;Iron, total [as Fe];Manganese, total [as Mn];Nickel, total [as Ni];Nitrogen, ammonia, total [as NH3];Oil & Grease;Oxygen demand, ultimate;Solids, total dissolved;Solids, total suspended;Vanadium, total [as V];Zinc, total [as Zn];p-Cresol", "dmr_pounds_yr": 2010.56642970716, "dmr_toxic_weighted_lb": 0.49636406046046, "penalties_usd": 0, "formal_actions_5yr": null, "informal_actions_5yr": 1, "inspections_5yr": 2, "last_inspection": "11/14/2024", "receiving_water_impaired": null, "impairment_causes": null, "sic": "4953", "naics": null, "permit_expires": "10/31/2026", "km_from_ref": 24.6, "in_echo_search_list": "yes", "dfr_url": "https://echo.epa.gov/detailed-facility-report?fid=NY0242101&sys=ICP", "watchlist_note": "Coeymans landfill leachate plant"}}, {"type": "Feature", "geometry": {"type": "Point", "coordinates": [-73.80725, 42.426917]}, "properties": {"npdes_id": "NY0027359", "facility": "NYS NEW BALTIMORE SERVICE AREA", "city": "NEW BALTIMORE", "county": "Greene", "tier": "individual SPDES permit", "permit_type": "NPDES Individual Permit", "major_minor": "N", "permit_status": "Effective", "transect": "Albany-side creeks (Coeymans/Onesquethaw/Vloman)", "receiving_water": "SICKLES CK", "huc8": "Middle Hudson", "design_flow_mgd": null, "actual_flow_mgd": null, "compliance_status": "No Violation Identified", "snc_status": null, "qtrs_noncompliance_12": 1, "qtrs_snc": 0, "missed_dmr_qtrs": null, "effluent_violations_3yr": 1, "pollutants_with_violation": "Coliform, fecal general", "limited_pollutants": "BOD, 5-day, 20 deg. C;BOD, 5-day, percent removal;Coliform, fecal general;Flow, in conduit or thru treatment plant;Nitrogen, ammonia, total [as NH3];Oxygen, dissolved [DO];Solids, settleable;Solids, suspended percent removal;Solids, total suspended;Temperature, water deg. fahrenheit;pH", "dmr_pounds_yr": 479.7928296, "dmr_toxic_weighted_lb": 0.0, "penalties_usd": 0, "formal_actions_5yr": null, "informal_actions_5yr": 0, "inspections_5yr": 4, "last_inspection": "03/03/2026", "receiving_water_impaired": null, "impairment_causes": null, "sic": "8999", "naics": null, "permit_expires": "09/30/2030", "km_from_ref": 29.3, "in_echo_search_list": null, "dfr_url": "https://echo.epa.gov/detailed-facility-report?fid=NY0027359&sys=ICP", "watchlist_note": null}}, {"type": "Feature", "geometry": {"type": "Point", "coordinates": [-73.797694, 42.274639]}, "properties": {"npdes_id": "NY0025291", "facility": "SLEEPY HOLLOW LAKE STP", "city": "ATHENS", "county": "Greene", "tier": "individual SPDES permit", "permit_type": "NPDES Individual Permit", "major_minor": "N", "permit_status": "Effective", "transect": "Hudson mainstem", "receiving_water": "HUDSON R, HUDSON RIVER", "huc8": "Middle Hudson", "design_flow_mgd": null, "actual_flow_mgd": 0.6, "compliance_status": "No Violation Identified", "snc_status": null, "qtrs_noncompliance_12": 5, "qtrs_snc": 0, "missed_dmr_qtrs": null, "effluent_violations_3yr": 1, "pollutants_with_violation": "Coliform, fecal general", "limited_pollutants": "Aluminum, total [as Al];BOD, 5-day, 20 deg. C;BOD, 5-day, percent removal;Chlorine, total residual;Coliform, fecal general;Copper, total [as Cu];Flow rate;Oxygen, dissolved [DO];Solids, settleable;Solids, suspended percent removal;Solids, total suspended;Temperature, water deg. fahrenheit;pH", "dmr_pounds_yr": 2356.509424185, "dmr_toxic_weighted_lb": 249.18460062867, "penalties_usd": 0, "formal_actions_5yr": null, "informal_actions_5yr": 0, "inspections_5yr": 4, "last_inspection": "09/11/2025", "receiving_water_impaired": "Y", "impairment_causes": "POLYCHLORINATED BIPHENYLS (PCBS)", "sic": "8999", "naics": null, "permit_expires": "08/31/2029", "km_from_ref": 39.0, "in_echo_search_list": null, "dfr_url": "https://echo.epa.gov/detailed-facility-report?fid=NY0025291&sys=ICP", "watchlist_note": null}}, {"type": "Feature", "geometry": {"type": "Point", "coordinates": [-73.758611, 42.585278]}, "properties": {"npdes_id": "NY0072532", "facility": "AIR PRODUCTS & CHEMICALS", "city": "GLENMONT", "county": "Albany", "tier": "individual SPDES permit", "permit_type": "NPDES Individual Permit", "major_minor": "N", "permit_status": "Effective", "transect": "Hudson mainstem", "receiving_water": "GW, HUDSON R, HUDSON RIVER", "huc8": "Middle Hudson", "design_flow_mgd": null, "actual_flow_mgd": null, "compliance_status": "No Violation Identified", "snc_status": null, "qtrs_noncompliance_12": 1, "qtrs_snc": 0, "missed_dmr_qtrs": null, "effluent_violations_3yr": 1, "pollutants_with_violation": "pH", "limited_pollutants": "Chlorine, total residual;Flow rate;Nitrogen, ammonia total [as N];Oil & Grease;Solids, total suspended;Surfactants [MBAS];Temperature, water deg. fahrenheit;pH", "dmr_pounds_yr": 17.36217466578, "dmr_toxic_weighted_lb": 3.09064130071832, "penalties_usd": 0, "formal_actions_5yr": null, "informal_actions_5yr": 0, "inspections_5yr": 1, "last_inspection": "06/01/2023", "receiving_water_impaired": "Y", "impairment_causes": "POLYCHLORINATED BIPHENYLS (PCBS)", "sic": "2813", "naics": null, "permit_expires": "09/30/2030", "km_from_ref": 32.6, "in_echo_search_list": "yes", "dfr_url": "https://echo.epa.gov/detailed-facility-report?fid=NY0072532&sys=ICP", "watchlist_note": null}}, {"type": "Feature", "geometry": {"type": "Point", "coordinates": [-73.76745, 42.59523]}, "properties": {"npdes_id": "NY0005959", "facility": "BETHLEHEM ENERGY CENTER", "city": "GLENMONT", "county": "Albany", "tier": "individual SPDES permit", "permit_type": "NPDES Individual Permit", "major_minor": "M", "permit_status": "Effective", "transect": "Hudson mainstem", "receiving_water": "HUDSON R", "huc8": "Middle Hudson", "design_flow_mgd": null, "actual_flow_mgd": 515.3, "compliance_status": "No Violation Identified", "snc_status": null, "qtrs_noncompliance_12": 2, "qtrs_snc": 0, "missed_dmr_qtrs": null, "effluent_violations_3yr": 1, "pollutants_with_violation": "Solids, total suspended", "limited_pollutants": "Chlorine, total residual;Flow rate;Oil & Grease;Solids, total suspended;Temperature, water deg. fahrenheit;pH", "dmr_pounds_yr": 51426.250299307, "dmr_toxic_weighted_lb": 1.06174667986873, "penalties_usd": 0, "formal_actions_5yr": null, "informal_actions_5yr": 0, "inspections_5yr": 3, "last_inspection": "03/27/2025", "receiving_water_impaired": "Y", "impairment_causes": "POLYCHLORINATED BIPHENYLS (PCBS)", "sic": "4911", "naics": null, "permit_expires": "06/30/2027", "km_from_ref": 32.2, "in_echo_search_list": "yes", "dfr_url": "https://echo.epa.gov/detailed-facility-report?fid=NY0005959&sys=ICP", "watchlist_note": null}}, {"type": "Feature", "geometry": {"type": "Point", "coordinates": [-74.337833, 42.594389]}, "properties": {"npdes_id": "NY0192309", "facility": "MIDDLEBURGH (V) WWTP", "city": "MIDDLEBURGH", "county": "Schoharie", "tier": "individual SPDES permit", "permit_type": "NPDES Individual Permit", "major_minor": "N", "permit_status": "Effective", "transect": "Schoharie Creek basin", "receiving_water": "SCHOHARIE CK", "huc8": "Schoharie", "design_flow_mgd": 0.09, "actual_flow_mgd": null, "compliance_status": "Violation Identified", "snc_status": null, "qtrs_noncompliance_12": 6, "qtrs_snc": 0, "missed_dmr_qtrs": null, "effluent_violations_3yr": 1, "pollutants_with_violation": "Copper", "limited_pollutants": "BOD, 5-day, 20 deg. C;BOD, 5-day, percent removal;Chlorine, total residual;Coliform, fecal general;Copper, total [as Cu];Flow, in conduit or thru treatment plant;Mercury, total [as Hg];Nitrogen, ammonia total [as N];Solids, settleable;Solids, suspended percent removal;Solids, total suspended;Temperature, water deg. fahrenheit;pH", "dmr_pounds_yr": 2139.39470556, "dmr_toxic_weighted_lb": 5.616674818398, "penalties_usd": 0, "formal_actions_5yr": null, "informal_actions_5yr": 0, "inspections_5yr": 6, "last_inspection": "06/17/2026", "receiving_water_impaired": null, "impairment_causes": null, "sic": "4952", "naics": null, "permit_expires": "04/30/2027", "km_from_ref": 18.1, "in_echo_search_list": "yes", "dfr_url": "https://echo.epa.gov/detailed-facility-report?fid=NY0192309&sys=ICP", "watchlist_note": null}}, {"type": "Feature", "geometry": {"type": "Point", "coordinates": [-73.911333, 42.687861]}, "properties": {"npdes_id": "NY0022225", "facility": "NOTT ROAD STP", "city": "GUILDERLAND", "county": "Albany", "tier": "individual SPDES permit", "permit_type": "NPDES Individual Permit", "major_minor": "M", "permit_status": "Admin Continued", "transect": "other / Albany metro", "receiving_water": "NORMANSKILL CK", "huc8": "Middle Hudson", "design_flow_mgd": 3.6, "actual_flow_mgd": null, "compliance_status": "Violation Identified", "snc_status": null, "qtrs_noncompliance_12": 2, "qtrs_snc": 0, "missed_dmr_qtrs": null, "effluent_violations_3yr": 1, "pollutants_with_violation": "Coliform, fecal general", "limited_pollutants": "BOD, carbonaceous [5 day, 20 C];Carbonaceous oxygen demand, % removal;Coliform, fecal general;Coliform, total general;Flow, in conduit or thru treatment plant;Nitrogen, Kjeldahl, total [as N];Nitrogen, ammonia, total [as NH3];Oxygen demand, ultimate;Oxygen, dissolved [DO];Solids, settleable;Solids, suspended percent removal;Solids, total suspended;Temperature, water deg. centigrade;pH", "dmr_pounds_yr": 40417.400394, "dmr_toxic_weighted_lb": 0.0, "penalties_usd": 0, "formal_actions_5yr": null, "informal_actions_5yr": 0, "inspections_5yr": 6, "last_inspection": "07/09/2026", "receiving_water_impaired": null, "impairment_causes": null, "sic": "4952", "naics": null, "permit_expires": "12/31/2016", "km_from_ref": 27.1, "in_echo_search_list": "yes", "dfr_url": "https://echo.epa.gov/detailed-facility-report?fid=NY0022225&sys=ICP", "watchlist_note": null}}, {"type": "Feature", "geometry": {"type": "Point", "coordinates": [-74.069166, 42.351944]}, "properties": {"npdes_id": "NY0305154", "facility": "ADDVANCE RESORT", "city": "EAST DURHAM", "county": null, "tier": "individual SPDES permit", "permit_type": "NPDES Individual Permit", "major_minor": "N", "permit_status": "Effective", "transect": "Catskill Creek \u2014 other tribs / Potic", "receiving_water": "BOWERY CK", "huc8": "Middle Hudson", "design_flow_mgd": null, "actual_flow_mgd": null, "compliance_status": "No Violation Identified", "snc_status": null, "qtrs_noncompliance_12": 0, "qtrs_snc": 0, "missed_dmr_qtrs": null, "effluent_violations_3yr": 0, "pollutants_with_violation": null, "limited_pollutants": null, "dmr_pounds_yr": null, "dmr_toxic_weighted_lb": null, "penalties_usd": 0, "formal_actions_5yr": null, "informal_actions_5yr": 0, "inspections_5yr": 0, "last_inspection": null, "receiving_water_impaired": null, "impairment_causes": null, "sic": "7011", "naics": "721110", "permit_expires": "02/28/2031", "km_from_ref": 19.2, "in_echo_search_list": null, "dfr_url": "https://echo.epa.gov/detailed-facility-report?fid=NY0305154&sys=ICP", "watchlist_note": null}}, {"type": "Feature", "geometry": {"type": "Point", "coordinates": [-74.164485, 42.398079]}, "properties": {"npdes_id": "NY0242098", "facility": "MARILYN A NOONN SCHOOL AT DURHAM", "city": "DURHAM", "county": null, "tier": "individual SPDES permit", "permit_type": "NPDES Individual Permit", "major_minor": "N", "permit_status": "Effective", "transect": "Catskill Creek main stem", "receiving_water": "TRIB OF CATSKILL CREEK", "huc8": "Middle Hudson", "design_flow_mgd": null, "actual_flow_mgd": null, "compliance_status": "No Violation Identified", "snc_status": null, "qtrs_noncompliance_12": 0, "qtrs_snc": 0, "missed_dmr_qtrs": null, "effluent_violations_3yr": 0, "pollutants_with_violation": null, "limited_pollutants": null, "dmr_pounds_yr": null, "dmr_toxic_weighted_lb": null, "penalties_usd": 0, "formal_actions_5yr": null, "informal_actions_5yr": 0, "inspections_5yr": 0, "last_inspection": null, "receiving_water_impaired": null, "impairment_causes": null, "sic": "8999", "naics": null, "permit_expires": "02/28/2029", "km_from_ref": 13.1, "in_echo_search_list": null, "dfr_url": "https://echo.epa.gov/detailed-facility-report?fid=NY0242098&sys=ICP", "watchlist_note": null}}, {"type": "Feature", "geometry": {"type": "Point", "coordinates": [-73.91947, 42.40284]}, "properties": {"npdes_id": "NY0124451", "facility": "BAME PROPERTY AT HONEY HOLLOW LAKE", "city": "EARLTON", "county": null, "tier": "individual SPDES permit", "permit_type": "NPDES Individual Permit", "major_minor": "N", "permit_status": "Effective", "transect": "Catskill Creek \u2014 other tribs / Potic", "receiving_water": "POTIC CREEK", "huc8": "Middle Hudson", "design_flow_mgd": null, "actual_flow_mgd": null, "compliance_status": "No Violation Identified", "snc_status": null, "qtrs_noncompliance_12": 0, "qtrs_snc": 0, "missed_dmr_qtrs": null, "effluent_violations_3yr": 0, "pollutants_with_violation": null, "limited_pollutants": null, "dmr_pounds_yr": null, "dmr_toxic_weighted_lb": null, "penalties_usd": 0, "formal_actions_5yr": null, "informal_actions_5yr": 0, "inspections_5yr": 0, "last_inspection": null, "receiving_water_impaired": null, "impairment_causes": null, "sic": "8999", "naics": null, "permit_expires": "03/31/2030", "km_from_ref": 22.3, "in_echo_search_list": null, "dfr_url": "https://echo.epa.gov/detailed-facility-report?fid=NY0124451&sys=ICP", "watchlist_note": null}}, {"type": "Feature", "geometry": {"type": "Point", "coordinates": [-74.143313, 42.521485]}, "properties": {"npdes_id": "NY0240788", "facility": "CAREY INSTITUTE FOR GLOBAL GOOD INC", "city": "RENSSELAERVILLE", "county": null, "tier": "individual SPDES permit", "permit_type": "NPDES Individual Permit", "major_minor": "N", "permit_status": "Effective", "transect": "Schoharie side (Fox Creek/Switz Kill)", "receiving_water": "TRIBUTARY TO SWITZKILL", "huc8": "Middle Hudson", "design_flow_mgd": null, "actual_flow_mgd": null, "compliance_status": "No Violation Identified", "snc_status": null, "qtrs_noncompliance_12": 0, "qtrs_snc": 0, "missed_dmr_qtrs": null, "effluent_violations_3yr": 0, "pollutants_with_violation": null, "limited_pollutants": null, "dmr_pounds_yr": null, "dmr_toxic_weighted_lb": null, "penalties_usd": 0, "formal_actions_5yr": null, "informal_actions_5yr": 0, "inspections_5yr": 0, "last_inspection": null, "receiving_water_impaired": null, "impairment_causes": null, "sic": "8999", "naics": null, "permit_expires": "01/31/2029", "km_from_ref": 0.7, "in_echo_search_list": null, "dfr_url": "https://echo.epa.gov/detailed-facility-report?fid=NY0240788&sys=ICP", "watchlist_note": "Carey Institute, Rensselaerville \u2014 the permittee nearest the reference point (0.7 km)"}}, {"type": "Feature", "geometry": {"type": "Point", "coordinates": [-74.181583, 42.50308]}, "properties": {"npdes_id": "NY0031836", "facility": "CASS RESIDENTIAL CENTER", "city": "RENSSELAERVILLE", "county": "Albany", "tier": "individual SPDES permit", "permit_type": "NPDES Individual Permit", "major_minor": "N", "permit_status": "Expired", "transect": "Schoharie side (Fox Creek/Switz Kill)", "receiving_water": "TRIB OF FOX CK, TRIB TO FOX CREEK", "huc8": "Middle Hudson", "design_flow_mgd": null, "actual_flow_mgd": null, "compliance_status": "No Violation Identified", "snc_status": null, "qtrs_noncompliance_12": 0, "qtrs_snc": 0, "missed_dmr_qtrs": null, "effluent_violations_3yr": 0, "pollutants_with_violation": null, "limited_pollutants": null, "dmr_pounds_yr": null, "dmr_toxic_weighted_lb": null, "penalties_usd": 0, "formal_actions_5yr": null, "informal_actions_5yr": 1, "inspections_5yr": 0, "last_inspection": "08/09/2018", "receiving_water_impaired": null, "impairment_causes": null, "sic": "8999", "naics": null, "permit_expires": "01/01/2011", "km_from_ref": 3.3, "in_echo_search_list": null, "dfr_url": "https://echo.epa.gov/detailed-facility-report?fid=NY0031836&sys=ICP", "watchlist_note": null}}, {"type": "Feature", "geometry": {"type": "Point", "coordinates": [-73.909361, 42.356777]}, "properties": {"npdes_id": "NY0124516", "facility": "CHURCH OF GOD OF PROPHECY - WILDWOOD ACRES CAMP", "city": "EARLTON", "county": null, "tier": "individual SPDES permit", "permit_type": "NPDES Individual Permit", "major_minor": "N", "permit_status": "Effective", "transect": "Catskill Creek \u2014 other tribs / Potic", "receiving_water": "GRAPEVILLE CREEK", "huc8": "Middle Hudson", "design_flow_mgd": null, "actual_flow_mgd": null, "compliance_status": "No Violation Identified", "snc_status": null, "qtrs_noncompliance_12": 0, "qtrs_snc": 0, "missed_dmr_qtrs": null, "effluent_violations_3yr": 0, "pollutants_with_violation": null, "limited_pollutants": null, "dmr_pounds_yr": null, "dmr_toxic_weighted_lb": null, "penalties_usd": 0, "formal_actions_5yr": null, "informal_actions_5yr": 0, "inspections_5yr": 0, "last_inspection": null, "receiving_water_impaired": null, "impairment_causes": null, "sic": "8999", "naics": null, "permit_expires": "03/31/2030", "km_from_ref": 26.1, "in_echo_search_list": null, "dfr_url": "https://echo.epa.gov/detailed-facility-report?fid=NY0124516&sys=ICP", "watchlist_note": null}}, {"type": "Feature", "geometry": {"type": "Point", "coordinates": [-73.998611, 42.312222]}, "properties": {"npdes_id": "NY0124133", "facility": "EAST VIEW GARDEN APARTMENTS", "city": "CAIRO", "county": "Greene", "tier": "individual SPDES permit", "permit_type": "NPDES Individual Permit", "major_minor": "N", "permit_status": "Effective", "transect": "Catskill Creek \u2014 other tribs / Potic", "receiving_water": "TRIB TO SHINGLE KILL, TRIBUTARY TO SHINGLE KILL", "huc8": "Middle Hudson", "design_flow_mgd": null, "actual_flow_mgd": null, "compliance_status": "Violation Identified", "snc_status": null, "qtrs_noncompliance_12": 7, "qtrs_snc": 0, "missed_dmr_qtrs": null, "effluent_violations_3yr": 0, "pollutants_with_violation": null, "limited_pollutants": null, "dmr_pounds_yr": 0.0, "dmr_toxic_weighted_lb": 0.0, "penalties_usd": 0, "formal_actions_5yr": null, "informal_actions_5yr": 0, "inspections_5yr": 0, "last_inspection": null, "receiving_water_impaired": null, "impairment_causes": null, "sic": "8999", "naics": null, "permit_expires": "01/31/2029", "km_from_ref": 25.5, "in_echo_search_list": null, "dfr_url": "https://echo.epa.gov/detailed-facility-report?fid=NY0124133&sys=ICP", "watchlist_note": null}}, {"type": "Feature", "geometry": {"type": "Point", "coordinates": [-73.993638, 42.30175]}, "properties": {"npdes_id": "NY0124958", "facility": "NYSDOT MAINTENANCE HQ", "city": "CAIRO", "county": null, "tier": "individual SPDES permit", "permit_type": "NPDES Individual Permit", "major_minor": "N", "permit_status": "Effective", "transect": "Catskill Creek \u2014 other tribs / Potic", "receiving_water": "TRIB OF SHINGLEKILL", "huc8": "Middle Hudson", "design_flow_mgd": null, "actual_flow_mgd": null, "compliance_status": "No Violation Identified", "snc_status": null, "qtrs_noncompliance_12": 0, "qtrs_snc": 0, "missed_dmr_qtrs": null, "effluent_violations_3yr": 0, "pollutants_with_violation": null, "limited_pollutants": null, "dmr_pounds_yr": null, "dmr_toxic_weighted_lb": null, "penalties_usd": 0, "formal_actions_5yr": null, "informal_actions_5yr": 0, "inspections_5yr": 0, "last_inspection": null, "receiving_water_impaired": null, "impairment_causes": null, "sic": "4231", "naics": null, "permit_expires": "07/31/2031", "km_from_ref": 26.7, "in_echo_search_list": "yes", "dfr_url": "https://echo.epa.gov/detailed-facility-report?fid=NY0124958&sys=ICP", "watchlist_note": null}}, {"type": "Feature", "geometry": {"type": "Point", "coordinates": [-74.16675, 42.32126]}, "properties": {"npdes_id": "NY0205460", "facility": "CAMP OH-NEH-TAH WWTP", "city": "WINDHAM", "county": "Greene", "tier": "individual SPDES permit", "permit_type": "NPDES Individual Permit", "major_minor": "N", "permit_status": "Effective", "transect": "other / Albany metro", "receiving_water": "BROOKSBURG STR", "huc8": "Schoharie", "design_flow_mgd": null, "actual_flow_mgd": 0.0163, "compliance_status": "No Violation Identified", "snc_status": null, "qtrs_noncompliance_12": 3, "qtrs_snc": 1, "missed_dmr_qtrs": null, "effluent_violations_3yr": 0, "pollutants_with_violation": null, "limited_pollutants": "BOD, carbonaceous [5 day, 20 C];Chlorine, total residual;Coliform, fecal general;Flow rate;Nitrogen, ammonia total [as N];Oxygen, dissolved [DO];Phosphorus, total [as P];Solids, settleable;Solids, total suspended;Temperature, water deg. fahrenheit;Turbidity;Turbidity, time above limit;pH", "dmr_pounds_yr": 0.0, "dmr_toxic_weighted_lb": 0.0, "penalties_usd": 0, "formal_actions_5yr": null, "informal_actions_5yr": 0, "inspections_5yr": 1, "last_inspection": "07/19/2023", "receiving_water_impaired": null, "impairment_causes": null, "sic": "8999", "naics": "721214", "permit_expires": "05/31/2030", "km_from_ref": 21.6, "in_echo_search_list": null, "dfr_url": "https://echo.epa.gov/detailed-facility-report?fid=NY0205460&sys=ICP", "watchlist_note": null}}, {"type": "Feature", "geometry": {"type": "Point", "coordinates": [-74.07835, 42.58511]}, "properties": {"npdes_id": "NY0034185", "facility": "WOODSTOCK LAKE ASSOC", "city": "BERNE", "county": "Albany", "tier": "individual SPDES permit", "permit_type": "NPDES Individual Permit", "major_minor": "N", "permit_status": "Effective", "transect": "Schoharie side (Fox Creek/Switz Kill)", "receiving_water": "SWITZ KILL TRIB", "huc8": "Schoharie", "design_flow_mgd": null, "actual_flow_mgd": null, "compliance_status": "No Violation Identified", "snc_status": null, "qtrs_noncompliance_12": 0, "qtrs_snc": 0, "missed_dmr_qtrs": null, "effluent_violations_3yr": 0, "pollutants_with_violation": null, "limited_pollutants": null, "dmr_pounds_yr": null, "dmr_toxic_weighted_lb": null, "penalties_usd": 0, "formal_actions_5yr": null, "informal_actions_5yr": 0, "inspections_5yr": 0, "last_inspection": null, "receiving_water_impaired": null, "impairment_causes": null, "sic": "7033", "naics": null, "permit_expires": "07/31/2029", "km_from_ref": 9.5, "in_echo_search_list": null, "dfr_url": "https://echo.epa.gov/detailed-facility-report?fid=NY0034185&sys=ICP", "watchlist_note": null}}, {"type": "Feature", "geometry": {"type": "Point", "coordinates": [-73.987139, 42.59285]}, "properties": {"npdes_id": "NY0242446", "facility": "STEWARTS SHOP 277", "city": "CLARKSVILLE", "county": "Albany", "tier": "individual SPDES permit", "permit_type": "NPDES Individual Permit", "major_minor": "N", "permit_status": "Effective", "transect": "Albany-side creeks (Coeymans/Onesquethaw/Vloman)", "receiving_water": "ONESQUETHAW CREEK", "huc8": "Middle Hudson", "design_flow_mgd": null, "actual_flow_mgd": null, "compliance_status": "No Violation Identified", "snc_status": null, "qtrs_noncompliance_12": 0, "qtrs_snc": 0, "missed_dmr_qtrs": null, "effluent_violations_3yr": 0, "pollutants_with_violation": null, "limited_pollutants": null, "dmr_pounds_yr": null, "dmr_toxic_weighted_lb": null, "penalties_usd": 0, "formal_actions_5yr": null, "informal_actions_5yr": 0, "inspections_5yr": 0, "last_inspection": null, "receiving_water_impaired": null, "impairment_causes": null, "sic": "8999", "naics": null, "permit_expires": "11/30/2030", "km_from_ref": 15.6, "in_echo_search_list": null, "dfr_url": "https://echo.epa.gov/detailed-facility-report?fid=NY0242446&sys=ICP", "watchlist_note": null}}, {"type": "Feature", "geometry": {"type": "Point", "coordinates": [-74.12, 42.593056]}, "properties": {"npdes_id": "NY0268534", "facility": "TENZIN GYATSO INSTITUTE FOR WISDOM & COMPASSION", "city": "BERNE", "county": "Albany", "tier": "individual SPDES permit", "permit_type": "NPDES Individual Permit", "major_minor": "N", "permit_status": "Expired", "transect": "Schoharie side (Fox Creek/Switz Kill)", "receiving_water": "TRIB #7 OF SWITZ KILL", "huc8": "Schoharie", "design_flow_mgd": null, "actual_flow_mgd": 0.0188, "compliance_status": "No Violation Identified", "snc_status": null, "qtrs_noncompliance_12": 0, "qtrs_snc": 0, "missed_dmr_qtrs": null, "effluent_violations_3yr": 0, "pollutants_with_violation": null, "limited_pollutants": null, "dmr_pounds_yr": null, "dmr_toxic_weighted_lb": null, "penalties_usd": 0, "formal_actions_5yr": null, "informal_actions_5yr": 0, "inspections_5yr": 0, "last_inspection": "03/07/2007", "receiving_water_impaired": null, "impairment_causes": null, "sic": "8999", "naics": null, "permit_expires": "05/31/2025", "km_from_ref": 8.9, "in_echo_search_list": null, "dfr_url": "https://echo.epa.gov/detailed-facility-report?fid=NY0268534&sys=ICP", "watchlist_note": null}}, {"type": "Feature", "geometry": {"type": "Point", "coordinates": [-73.867028, 42.536278]}, "properties": {"npdes_id": "NY0100145", "facility": "FEURA BUSH FILTRATION PLT", "city": "FEURA BUSH", "county": "Albany", "tier": "individual SPDES permit", "permit_type": "NPDES Individual Permit", "major_minor": "N", "permit_status": "Effective", "transect": "Albany-side creeks (Coeymans/Onesquethaw/Vloman)", "receiving_water": "ONESQUETHAW CK", "huc8": "Middle Hudson", "design_flow_mgd": null, "actual_flow_mgd": 0.55, "compliance_status": "Violation Identified", "snc_status": null, "qtrs_noncompliance_12": 12, "qtrs_snc": 0, "missed_dmr_qtrs": null, "effluent_violations_3yr": 0, "pollutants_with_violation": null, "limited_pollutants": "Aluminum, total [as Al];Chlorine, total residual;Flow rate;Solids, settleable;Solids, total suspended;Temperature, water deg. fahrenheit;pH", "dmr_pounds_yr": 956.657817216557, "dmr_toxic_weighted_lb": 27.2492208841833, "penalties_usd": 0, "formal_actions_5yr": null, "informal_actions_5yr": 0, "inspections_5yr": 1, "last_inspection": "10/25/2023", "receiving_water_impaired": null, "impairment_causes": null, "sic": "4941", "naics": null, "permit_expires": "10/31/2028", "km_from_ref": 22.9, "in_echo_search_list": "yes", "dfr_url": "https://echo.epa.gov/detailed-facility-report?fid=NY0100145&sys=ICP", "watchlist_note": null}}, {"type": "Feature", "geometry": {"type": "Point", "coordinates": [-73.83148, 42.38924]}, "properties": {"npdes_id": "NY0260487", "facility": "BEST WESTERN NEW BALTIMORE INN", "city": "WEST COXSACKIE", "county": "Greene", "tier": "individual SPDES permit", "permit_type": "NPDES Individual Permit", "major_minor": "N", "permit_status": "Effective", "transect": "Albany-side creeks (Coeymans/Onesquethaw/Vloman)", "receiving_water": "TRIB TO COXSACKIE CREEK", "huc8": "Middle Hudson", "design_flow_mgd": null, "actual_flow_mgd": null, "compliance_status": "No Violation Identified", "snc_status": null, "qtrs_noncompliance_12": 2, "qtrs_snc": 2, "missed_dmr_qtrs": null, "effluent_violations_3yr": 0, "pollutants_with_violation": null, "limited_pollutants": "BOD, 5-day, 20 deg. C;Flow rate;Nitrogen, ammonia, total [as NH3];Oxygen, dissolved [DO];Solids, total suspended;pH", "dmr_pounds_yr": 39.27812081025, "dmr_toxic_weighted_lb": 0.00083882221479, "penalties_usd": 0, "formal_actions_5yr": null, "informal_actions_5yr": 1, "inspections_5yr": 1, "last_inspection": "03/14/2024", "receiving_water_impaired": null, "impairment_causes": null, "sic": "7011", "naics": null, "permit_expires": "03/31/2028", "km_from_ref": 29.2, "in_echo_search_list": null, "dfr_url": "https://echo.epa.gov/detailed-facility-report?fid=NY0260487&sys=ICP", "watchlist_note": null}}, {"type": "Feature", "geometry": {"type": "Point", "coordinates": [-73.83231, 42.38713]}, "properties": {"npdes_id": "NY0268828", "facility": "BRISTOL MANOR", "city": "WEST COXSACKIE", "county": "Greene", "tier": "individual SPDES permit", "permit_type": "NPDES Individual Permit", "major_minor": "N", "permit_status": "Effective", "transect": "Albany-side creeks (Coeymans/Onesquethaw/Vloman)", "receiving_water": "TRIB TO COXSACKIE CREEK", "huc8": "Middle Hudson", "design_flow_mgd": null, "actual_flow_mgd": null, "compliance_status": "No Violation Identified", "snc_status": null, "qtrs_noncompliance_12": 1, "qtrs_snc": 0, "missed_dmr_qtrs": null, "effluent_violations_3yr": 0, "pollutants_with_violation": null, "limited_pollutants": "BOD, 5-day, 20 deg. C;BOD, 5-day, percent removal;Flow rate;Nitrogen, ammonia, total [as NH3];Oxygen, dissolved [DO];Solids, settleable;Solids, suspended percent removal;Solids, total suspended;pH", "dmr_pounds_yr": 0.0, "dmr_toxic_weighted_lb": 0.0, "penalties_usd": 0, "formal_actions_5yr": null, "informal_actions_5yr": 0, "inspections_5yr": 0, "last_inspection": null, "receiving_water_impaired": null, "impairment_causes": null, "sic": "8059", "naics": null, "permit_expires": "09/30/2028", "km_from_ref": 29.3, "in_echo_search_list": null, "dfr_url": "https://echo.epa.gov/detailed-facility-report?fid=NY0268828&sys=ICP", "watchlist_note": null}}, {"type": "Feature", "geometry": {"type": "Point", "coordinates": [-73.850556, 42.525]}, "properties": {"npdes_id": "NY0268909", "facility": "FABCON PRECAST", "city": "COEYMANS", "county": "Albany", "tier": "individual SPDES permit", "permit_type": "NPDES Individual Permit", "major_minor": "N", "permit_status": "Effective", "transect": "Albany-side creeks (Coeymans/Onesquethaw/Vloman)", "receiving_water": "SPRUYT KILL", "huc8": "Middle Hudson", "design_flow_mgd": null, "actual_flow_mgd": null, "compliance_status": "No Violation Identified", "snc_status": null, "qtrs_noncompliance_12": 0, "qtrs_snc": 0, "missed_dmr_qtrs": null, "effluent_violations_3yr": 0, "pollutants_with_violation": null, "limited_pollutants": null, "dmr_pounds_yr": null, "dmr_toxic_weighted_lb": null, "penalties_usd": 0, "formal_actions_5yr": null, "informal_actions_5yr": 8, "inspections_5yr": 2, "last_inspection": "03/13/2026", "receiving_water_impaired": null, "impairment_causes": null, "sic": "3272 8999", "naics": null, "permit_expires": "07/31/2028", "km_from_ref": 24.1, "in_echo_search_list": "yes", "dfr_url": "https://echo.epa.gov/detailed-facility-report?fid=NY0268909&sys=ICP", "watchlist_note": null}}, {"type": "Feature", "geometry": {"type": "Point", "coordinates": [-73.82638, 42.39666]}, "properties": {"npdes_id": "NY0093815", "facility": "21B TRAVEL PLAZA", "city": "NEW BALTIMORE", "county": null, "tier": "individual SPDES permit", "permit_type": "NPDES Individual Permit", "major_minor": "N", "permit_status": "Effective", "transect": "Albany-side creeks (Coeymans/Onesquethaw/Vloman)", "receiving_water": "COXSACKIE CREEK", "huc8": "Middle Hudson", "design_flow_mgd": null, "actual_flow_mgd": null, "compliance_status": "No Violation Identified", "snc_status": null, "qtrs_noncompliance_12": 0, "qtrs_snc": 0, "missed_dmr_qtrs": null, "effluent_violations_3yr": 0, "pollutants_with_violation": null, "limited_pollutants": null, "dmr_pounds_yr": null, "dmr_toxic_weighted_lb": null, "penalties_usd": 0, "formal_actions_5yr": null, "informal_actions_5yr": 0, "inspections_5yr": 1, "last_inspection": "05/05/2026", "receiving_water_impaired": null, "impairment_causes": null, "sic": "5541", "naics": null, "permit_expires": "05/31/2029", "km_from_ref": 29.2, "in_echo_search_list": null, "dfr_url": "https://echo.epa.gov/detailed-facility-report?fid=NY0093815&sys=ICP", "watchlist_note": null}}, {"type": "Feature", "geometry": {"type": "Point", "coordinates": [-73.822028, 42.469167]}, "properties": {"npdes_id": "NY0106992", "facility": "RAVENA WATER TREATMENT PLANT", "city": "RAVENA", "county": "Albany", "tier": "individual SPDES permit", "permit_type": "NPDES Individual Permit", "major_minor": "N", "permit_status": "Effective", "transect": "Hannacroix Creek", "receiving_water": "HANNACROIS CK TR", "huc8": "Middle Hudson", "design_flow_mgd": null, "actual_flow_mgd": 0.036, "compliance_status": "No Violation Identified", "snc_status": null, "qtrs_noncompliance_12": 0, "qtrs_snc": 0, "missed_dmr_qtrs": null, "effluent_violations_3yr": 0, "pollutants_with_violation": null, "limited_pollutants": "Aluminum, total [as Al];Chlorine, total residual;Flow, in conduit or thru treatment plant;Solids, settleable;Solids, total suspended;pH", "dmr_pounds_yr": 37.2708234805287, "dmr_toxic_weighted_lb": 0.285669220859335, "penalties_usd": 0, "formal_actions_5yr": null, "informal_actions_5yr": 0, "inspections_5yr": 2, "last_inspection": "03/06/2026", "receiving_water_impaired": null, "impairment_causes": null, "sic": "4941", "naics": null, "permit_expires": "12/31/2029", "km_from_ref": 26.9, "in_echo_search_list": "yes", "dfr_url": "https://echo.epa.gov/detailed-facility-report?fid=NY0106992&sys=ICP", "watchlist_note": null}}, {"type": "Feature", "geometry": {"type": "Point", "coordinates": [-73.821039, 42.41655]}, "properties": {"npdes_id": "NY0268500", "facility": "W & W TRUCK TRANSMISSION REPAIR INC", "city": "HANNACROIX", "county": "Greene", "tier": "individual SPDES permit", "permit_type": "NPDES Individual Permit", "major_minor": "N", "permit_status": "Effective", "transect": "Albany-side creeks (Coeymans/Onesquethaw/Vloman)", "receiving_water": "SICKLES CREEK", "huc8": "Middle Hudson", "design_flow_mgd": null, "actual_flow_mgd": null, "compliance_status": "No Violation Identified", "snc_status": null, "qtrs_noncompliance_12": 0, "qtrs_snc": 0, "missed_dmr_qtrs": null, "effluent_violations_3yr": 0, "pollutants_with_violation": null, "limited_pollutants": null, "dmr_pounds_yr": null, "dmr_toxic_weighted_lb": null, "penalties_usd": 0, "formal_actions_5yr": null, "informal_actions_5yr": 0, "inspections_5yr": 0, "last_inspection": null, "receiving_water_impaired": null, "impairment_causes": null, "sic": "4231", "naics": null, "permit_expires": "12/31/2029", "km_from_ref": 28.7, "in_echo_search_list": "yes", "dfr_url": "https://echo.epa.gov/detailed-facility-report?fid=NY0268500&sys=ICP", "watchlist_note": null}}, {"type": "Feature", "geometry": {"type": "Point", "coordinates": [-73.883444, 42.311929]}, "properties": {"npdes_id": "NY0102041", "facility": "ATHENS (V) WFP", "city": "ATHENS, TOWN OF", "county": "Greene", "tier": "individual SPDES permit", "permit_type": "NPDES Individual Permit", "major_minor": "N", "permit_status": "Effective", "transect": "other / Albany metro", "receiving_water": "HOLLISTER L", "huc8": "Middle Hudson", "design_flow_mgd": null, "actual_flow_mgd": null, "compliance_status": "No Violation Identified", "snc_status": null, "qtrs_noncompliance_12": 0, "qtrs_snc": 0, "missed_dmr_qtrs": null, "effluent_violations_3yr": 0, "pollutants_with_violation": null, "limited_pollutants": "Aluminum, total [as Al];Chlorine, total residual;Flow rate;Solids, settleable;Solids, total suspended;Temperature, water deg. fahrenheit;pH", "dmr_pounds_yr": 25.7522022292138, "dmr_toxic_weighted_lb": 0.0077136993149265, "penalties_usd": 0, "formal_actions_5yr": null, "informal_actions_5yr": 1, "inspections_5yr": 6, "last_inspection": "05/19/2026", "receiving_water_impaired": null, "impairment_causes": null, "sic": "4941", "naics": null, "permit_expires": "09/30/2030", "km_from_ref": 31.1, "in_echo_search_list": "yes", "dfr_url": "https://echo.epa.gov/detailed-facility-report?fid=NY0102041&sys=ICP", "watchlist_note": null}}, {"type": "Feature", "geometry": {"type": "Point", "coordinates": [-73.958056, 42.272222]}, "properties": {"npdes_id": "NY0191477", "facility": "COUNTRY ESTATES MHC", "city": "CAIRO", "county": "Greene", "tier": "individual SPDES permit", "permit_type": "NPDES Individual Permit", "major_minor": "N", "permit_status": "Effective", "transect": "Catskill Creek main stem", "receiving_water": "TRIB TO CATSKILL CK", "huc8": "Middle Hudson", "design_flow_mgd": null, "actual_flow_mgd": null, "compliance_status": "No Violation Identified", "snc_status": null, "qtrs_noncompliance_12": 0, "qtrs_snc": 0, "missed_dmr_qtrs": null, "effluent_violations_3yr": 0, "pollutants_with_violation": null, "limited_pollutants": null, "dmr_pounds_yr": null, "dmr_toxic_weighted_lb": null, "penalties_usd": 0, "formal_actions_5yr": null, "informal_actions_5yr": 0, "inspections_5yr": 1, "last_inspection": "06/04/2024", "receiving_water_impaired": null, "impairment_causes": null, "sic": "8999", "naics": null, "permit_expires": "05/31/2031", "km_from_ref": 31.0, "in_echo_search_list": null, "dfr_url": "https://echo.epa.gov/detailed-facility-report?fid=NY0191477&sys=ICP", "watchlist_note": null}}, {"type": "Feature", "geometry": {"type": "Point", "coordinates": [-73.97545, 42.61637]}, "properties": {"npdes_id": "NY0282511", "facility": "TOWN OF NEW SCOTLAND HIGHWAY GARAGE", "city": "VOORHEESVILLE", "county": "Albany", "tier": "individual SPDES permit", "permit_type": "NPDES Individual Permit", "major_minor": "N", "permit_status": "Effective", "transect": "other / Albany metro", "receiving_water": null, "huc8": "Middle Hudson", "design_flow_mgd": null, "actual_flow_mgd": null, "compliance_status": "Violation Identified", "snc_status": null, "qtrs_noncompliance_12": 6, "qtrs_snc": 0, "missed_dmr_qtrs": null, "effluent_violations_3yr": 0, "pollutants_with_violation": null, "limited_pollutants": null, "dmr_pounds_yr": null, "dmr_toxic_weighted_lb": null, "penalties_usd": 0, "formal_actions_5yr": null, "informal_actions_5yr": 0, "inspections_5yr": 0, "last_inspection": null, "receiving_water_impaired": null, "impairment_causes": null, "sic": "7699", "naics": null, "permit_expires": "03/31/2029", "km_from_ref": 17.9, "in_echo_search_list": "yes", "dfr_url": "https://echo.epa.gov/detailed-facility-report?fid=NY0282511&sys=ICP", "watchlist_note": null}}, {"type": "Feature", "geometry": {"type": "Point", "coordinates": [-73.848722, 42.551111]}, "properties": {"npdes_id": "NY0191825", "facility": "SOUTH ALBANY SD", "city": "DELMAR", "county": "Albany", "tier": "individual SPDES permit", "permit_type": "NPDES Individual Permit", "major_minor": "N", "permit_status": "Effective", "transect": "Albany-side creeks (Coeymans/Onesquethaw/Vloman)", "receiving_water": "COEYMANS CK TR", "huc8": "Middle Hudson", "design_flow_mgd": 0.0085, "actual_flow_mgd": null, "compliance_status": "Significant/Category I Noncompliance", "snc_status": "Effluent - Monthly Average Limit", "qtrs_noncompliance_12": 12, "qtrs_snc": 12, "missed_dmr_qtrs": null, "effluent_violations_3yr": 0, "pollutants_with_violation": null, "limited_pollutants": "BOD, 5-day, 20 deg. C;BOD, 5-day, percent removal;Chlorine, total residual;Coliform, fecal general;Flow rate;Nitrogen, ammonia, total [as NH3];Oxygen, dissolved [DO];Solids, settleable;Solids, suspended percent removal;Solids, total suspended;Temperature, water deg. centigrade;pH", "dmr_pounds_yr": 22.8554184359828, "dmr_toxic_weighted_lb": 0.0007100370255409, "penalties_usd": 1390, "formal_actions_5yr": 1.0, "informal_actions_5yr": 1, "inspections_5yr": 4, "last_inspection": "12/08/2025", "receiving_water_impaired": null, "impairment_causes": null, "sic": "4952", "naics": null, "permit_expires": "11/30/2026", "km_from_ref": 24.6, "in_echo_search_list": "yes", "dfr_url": "https://echo.epa.gov/detailed-facility-report?fid=NY0191825&sys=ICP", "watchlist_note": null}}, {"type": "Feature", "geometry": {"type": "Point", "coordinates": [-73.87089, 42.57522]}, "properties": {"npdes_id": "NY0282740", "facility": "LINDE INC - SELKIRK NY", "city": "FEURA BUSH", "county": "Albany", "tier": "individual SPDES permit", "permit_type": "NPDES Individual Permit", "major_minor": "N", "permit_status": "Effective", "transect": "Albany-side creeks (Coeymans/Onesquethaw/Vloman)", "receiving_water": "UNNAMED TRIB OF COEYMANS CK", "huc8": "Middle Hudson", "design_flow_mgd": null, "actual_flow_mgd": null, "compliance_status": "No Violation Identified", "snc_status": null, "qtrs_noncompliance_12": 1, "qtrs_snc": 0, "missed_dmr_qtrs": null, "effluent_violations_3yr": 0, "pollutants_with_violation": null, "limited_pollutants": "Copper, total [as Cu];Flow rate;Nickel, total [as Ni];Oil & Grease;Solids, total suspended;Temperature, water deg. fahrenheit;Zinc, total [as Zn];pH", "dmr_pounds_yr": 0.0073430995168125, "dmr_toxic_weighted_lb": 0.0018678547579348, "penalties_usd": 0, "formal_actions_5yr": null, "informal_actions_5yr": 0, "inspections_5yr": 2, "last_inspection": "12/07/2023", "receiving_water_impaired": null, "impairment_causes": null, "sic": "2813", "naics": "325120", "permit_expires": "01/31/2031", "km_from_ref": 23.4, "in_echo_search_list": "yes", "dfr_url": "https://echo.epa.gov/detailed-facility-report?fid=NY0282740&sys=ICP", "watchlist_note": "Linde industrial gases, Selkirk \u2014 new permit"}}, {"type": "Feature", "geometry": {"type": "Point", "coordinates": [-73.957417, 42.617694]}, "properties": {"npdes_id": "NY0099651", "facility": "BETHLEHEM (T) VLY WTP", "city": "VOORHEESVILLE", "county": "Albany", "tier": "individual SPDES permit", "permit_type": "NPDES Individual Permit", "major_minor": "N", "permit_status": "Expired", "transect": "other / Albany metro", "receiving_water": "VLY CK", "huc8": "Middle Hudson", "design_flow_mgd": null, "actual_flow_mgd": 0.04, "compliance_status": "No Violation Identified", "snc_status": null, "qtrs_noncompliance_12": 0, "qtrs_snc": 0, "missed_dmr_qtrs": null, "effluent_violations_3yr": 0, "pollutants_with_violation": null, "limited_pollutants": "Aluminum, total [as Al];Chlorine, total residual;Flow rate;Solids, settleable;Solids, total suspended;pH", "dmr_pounds_yr": 0.0, "dmr_toxic_weighted_lb": 0.0, "penalties_usd": 0, "formal_actions_5yr": null, "informal_actions_5yr": 0, "inspections_5yr": 2, "last_inspection": "06/08/2023", "receiving_water_impaired": null, "impairment_causes": null, "sic": "4941", "naics": null, "permit_expires": "04/30/2023", "km_from_ref": 19.1, "in_echo_search_list": "yes", "dfr_url": "https://echo.epa.gov/detailed-facility-report?fid=NY0099651&sys=ICP", "watchlist_note": null}}, {"type": "Feature", "geometry": {"type": "Point", "coordinates": [-73.813572, 42.515985]}, "properties": {"npdes_id": "NY0104051", "facility": "FLEMING'S MOBILE HOME PARK", "city": "SELKIRK", "county": "Albany", "tier": "individual SPDES permit", "permit_type": "NPDES Individual Permit", "major_minor": "N", "permit_status": "Expired", "transect": "Albany-side creeks (Coeymans/Onesquethaw/Vloman)", "receiving_water": "COEYMANS CREEK", "huc8": "Middle Hudson", "design_flow_mgd": null, "actual_flow_mgd": null, "compliance_status": "Violation Identified", "snc_status": null, "qtrs_noncompliance_12": 1, "qtrs_snc": 0, "missed_dmr_qtrs": null, "effluent_violations_3yr": 0, "pollutants_with_violation": null, "limited_pollutants": null, "dmr_pounds_yr": null, "dmr_toxic_weighted_lb": null, "penalties_usd": 0, "formal_actions_5yr": null, "informal_actions_5yr": 1, "inspections_5yr": 0, "last_inspection": null, "receiving_water_impaired": null, "impairment_causes": null, "sic": null, "naics": null, "permit_expires": "08/31/2022", "km_from_ref": 27.1, "in_echo_search_list": null, "dfr_url": "https://echo.epa.gov/detailed-facility-report?fid=NY0104051&sys=ICP", "watchlist_note": null}}, {"type": "Feature", "geometry": {"type": "Point", "coordinates": [-74.07853, 42.63001]}, "properties": {"npdes_id": "NY0124478", "facility": "MAPLE INN", "city": "EAST BERNE", "county": "Albany", "tier": "individual SPDES permit", "permit_type": "NPDES Individual Permit", "major_minor": "N", "permit_status": "Effective", "transect": "Schoharie side (Fox Creek/Switz Kill)", "receiving_water": "TRIB OF FOX CK", "huc8": "Schoharie", "design_flow_mgd": null, "actual_flow_mgd": null, "compliance_status": "No Violation Identified", "snc_status": null, "qtrs_noncompliance_12": 0, "qtrs_snc": 0, "missed_dmr_qtrs": null, "effluent_violations_3yr": 0, "pollutants_with_violation": null, "limited_pollutants": null, "dmr_pounds_yr": null, "dmr_toxic_weighted_lb": null, "penalties_usd": 0, "formal_actions_5yr": null, "informal_actions_5yr": 0, "inspections_5yr": 0, "last_inspection": null, "receiving_water_impaired": null, "impairment_causes": null, "sic": "8999", "naics": null, "permit_expires": "05/31/2031", "km_from_ref": 13.9, "in_echo_search_list": null, "dfr_url": "https://echo.epa.gov/detailed-facility-report?fid=NY0124478&sys=ICP", "watchlist_note": null}}, {"type": "Feature", "geometry": {"type": "Point", "coordinates": [-73.844778, 42.560722]}, "properties": {"npdes_id": "NY0072371", "facility": "CSX SELKIRK YARD", "city": "SELKIRK", "county": "Albany", "tier": "individual SPDES permit", "permit_type": "NPDES Individual Permit", "major_minor": "N", "permit_status": "Effective", "transect": "Hudson mainstem", "receiving_water": "HUDSON R", "huc8": "Middle Hudson", "design_flow_mgd": null, "actual_flow_mgd": 0.146, "compliance_status": "No Violation Identified", "snc_status": null, "qtrs_noncompliance_12": 2, "qtrs_snc": 0, "missed_dmr_qtrs": null, "effluent_violations_3yr": 0, "pollutants_with_violation": null, "limited_pollutants": "BOD, 5-day, 20 deg. C;Benzene;Coliform, fecal general;Ethylbenzene;Flow rate;Iron, total [as Fe];Lead, total [as Pb];Naphthalene;Nitrogen, ammonia, total [as NH3];Oil & Grease;Phenols;Phosphorus, total [as P];Solids, settleable;Solids, total suspended;Surfactants [MBAS];Toluene;Xylene [mix of m+o+p];Zinc, total [as Zn];pH", "dmr_pounds_yr": 1823.55538145053, "dmr_toxic_weighted_lb": 0.363609629235481, "penalties_usd": 0, "formal_actions_5yr": null, "informal_actions_5yr": 0, "inspections_5yr": 3, "last_inspection": "12/13/2024", "receiving_water_impaired": null, "impairment_causes": null, "sic": "4013", "naics": null, "permit_expires": "10/31/2027", "km_from_ref": 25.1, "in_echo_search_list": "yes", "dfr_url": "https://echo.epa.gov/detailed-facility-report?fid=NY0072371&sys=ICP", "watchlist_note": "CSX Selkirk rail yard \u2014 phosphorus rising 205\u2192384 kg/yr; ammonia fell to zero"}}, {"type": "Feature", "geometry": {"type": "Point", "coordinates": [-73.8692, 42.58222]}, "properties": {"npdes_id": "NY0007072", "facility": "SHPP US, LLC", "city": "SELKIRK", "county": "Albany", "tier": "individual SPDES permit", "permit_type": "NPDES Individual Permit", "major_minor": "M", "permit_status": "Admin Continued", "transect": "Hudson mainstem", "receiving_water": "HUDSON R", "huc8": "Middle Hudson", "design_flow_mgd": null, "actual_flow_mgd": 1.006, "compliance_status": "No Violation Identified", "snc_status": null, "qtrs_noncompliance_12": 0, "qtrs_snc": 0, "missed_dmr_qtrs": null, "effluent_violations_3yr": 0, "pollutants_with_violation": null, "limited_pollutants": "1,1,1-Trichloroethane;1,1-Dichloroethane;1,2-Dichloroethane;1,2-Dichloroethane, total weight;Acrylonitrile;Antimony, total [as Sb];Arsenic, total [as As];BOD, 5-day, 20 deg. C;Barium, total [as Ba];Benzene;Beryllium, total [as Be];Cadmium, total [as Cd];Carbon, tot organic [TOC];Chlorine, total residual;Chloroform;Chromium, total [as Cr];Copper, dissolved [as Cu];Copper, total [as Cu];Cyanide, total [as CN];Di-n-butyl phthalate;Di[2-ethylhexyl] phthalate [DEHP];Ethylbenzene;Flow;Flow rate;Flow, in conduit or thru treatment plant;Lead, total [as Pb];Mercury, total [as Hg];Methylene chloride;Nickel, total [as Ni];Oil & Grease;Phenolics, total recoverable;Phosphate, total [as PO4];Selenium, total [as Se];Solids, settleable;Solids, total dissolved;Solids, total suspended;Styrene;Temperature, water deg. fahrenheit;Toluene;Trichloroethylene;Xylene [mix of m+o+p];Zinc, total [as Zn];pH;trans-1,2-Dichloroethylene", "dmr_pounds_yr": 8148318.65924021, "dmr_toxic_weighted_lb": 198.854949574321, "penalties_usd": 0, "formal_actions_5yr": null, "informal_actions_5yr": 0, "inspections_5yr": 4, "last_inspection": "09/25/2024", "receiving_water_impaired": null, "impairment_causes": null, "sic": "2821", "naics": null, "permit_expires": "01/31/2015", "km_from_ref": 23.8, "in_echo_search_list": "yes", "dfr_url": "https://echo.epa.gov/detailed-facility-report?fid=NY0007072&sys=ICP", "watchlist_note": "SABIC / SHPP US plastics, Selkirk \u2014 largest industrial process discharger; phosphate, BOD, TDS, mercury; DMRs 2009\u20132026"}}, {"type": "Feature", "geometry": {"type": "Point", "coordinates": [-73.845278, 42.566944]}, "properties": {"npdes_id": "NY0268585", "facility": "3D RIGGING AND CONSTRUCTION INC", "city": "SELKIRK", "county": "Albany", "tier": "individual SPDES permit", "permit_type": "NPDES Individual Permit", "major_minor": "N", "permit_status": "Effective", "transect": "Albany-side creeks (Coeymans/Onesquethaw/Vloman)", "receiving_water": "VLOMAN KILL", "huc8": "Middle Hudson", "design_flow_mgd": null, "actual_flow_mgd": null, "compliance_status": "No Violation Identified", "snc_status": null, "qtrs_noncompliance_12": 0, "qtrs_snc": 0, "missed_dmr_qtrs": null, "effluent_violations_3yr": 0, "pollutants_with_violation": null, "limited_pollutants": null, "dmr_pounds_yr": null, "dmr_toxic_weighted_lb": null, "penalties_usd": 0, "formal_actions_5yr": null, "informal_actions_5yr": 0, "inspections_5yr": 0, "last_inspection": null, "receiving_water_impaired": null, "impairment_causes": null, "sic": "8999", "naics": null, "permit_expires": "06/30/2028", "km_from_ref": 25.2, "in_echo_search_list": "yes", "dfr_url": "https://echo.epa.gov/detailed-facility-report?fid=NY0268585&sys=ICP", "watchlist_note": null}}, {"type": "Feature", "geometry": {"type": "Point", "coordinates": [-74.110555, 42.247777]}, "properties": {"npdes_id": "NY0305065", "facility": "CHADWICK PROPERTY", "city": "HUNTER", "county": null, "tier": "individual SPDES permit", "permit_type": "NPDES Individual Permit", "major_minor": "N", "permit_status": "Effective", "transect": "other / Albany metro", "receiving_water": "TRIB TO SAWMILL CREEK", "huc8": "Schoharie", "design_flow_mgd": null, "actual_flow_mgd": null, "compliance_status": "No Violation Identified", "snc_status": null, "qtrs_noncompliance_12": 0, "qtrs_snc": 0, "missed_dmr_qtrs": null, "effluent_violations_3yr": 0, "pollutants_with_violation": null, "limited_pollutants": null, "dmr_pounds_yr": null, "dmr_toxic_weighted_lb": null, "penalties_usd": 0, "formal_actions_5yr": null, "informal_actions_5yr": 0, "inspections_5yr": 0, "last_inspection": null, "receiving_water_impaired": null, "impairment_causes": null, "sic": "8999", "naics": null, "permit_expires": "04/30/2029", "km_from_ref": 29.8, "in_echo_search_list": null, "dfr_url": "https://echo.epa.gov/detailed-facility-report?fid=NY0305065&sys=ICP", "watchlist_note": null}}, {"type": "Feature", "geometry": {"type": "Point", "coordinates": [-73.83867, 42.56244]}, "properties": {"npdes_id": "NY0260576", "facility": "FORMER JERICHO SCHOOL", "city": "BETHLEHEM", "county": null, "tier": "individual SPDES permit", "permit_type": "NPDES Individual Permit", "major_minor": "N", "permit_status": "Effective", "transect": "Albany-side creeks (Coeymans/Onesquethaw/Vloman)", "receiving_water": "COEYMANS CREEK", "huc8": "Middle Hudson", "design_flow_mgd": null, "actual_flow_mgd": null, "compliance_status": "No Violation Identified", "snc_status": null, "qtrs_noncompliance_12": 0, "qtrs_snc": 0, "missed_dmr_qtrs": null, "effluent_violations_3yr": 0, "pollutants_with_violation": null, "limited_pollutants": null, "dmr_pounds_yr": null, "dmr_toxic_weighted_lb": null, "penalties_usd": 0, "formal_actions_5yr": null, "informal_actions_5yr": 0, "inspections_5yr": 0, "last_inspection": null, "receiving_water_impaired": null, "impairment_causes": null, "sic": "8999", "naics": "531110", "permit_expires": "06/30/2030", "km_from_ref": 25.6, "in_echo_search_list": null, "dfr_url": "https://echo.epa.gov/detailed-facility-report?fid=NY0260576&sys=ICP", "watchlist_note": null}}, {"type": "Feature", "geometry": {"type": "Point", "coordinates": [-73.947817, 42.250831]}, "properties": {"npdes_id": "NY0282596", "facility": "GETAWAY EASTERN CATSKILLS", "city": "CATSKILL", "county": null, "tier": "individual SPDES permit", "permit_type": "NPDES Individual Permit", "major_minor": "N", "permit_status": "Effective", "transect": "Catskill Creek main stem", "receiving_water": "UNNAMED TRIB TO CATSKILL CREEK", "huc8": "Middle Hudson", "design_flow_mgd": null, "actual_flow_mgd": null, "compliance_status": "No Violation Identified", "snc_status": null, "qtrs_noncompliance_12": 0, "qtrs_snc": 0, "missed_dmr_qtrs": null, "effluent_violations_3yr": 0, "pollutants_with_violation": null, "limited_pollutants": null, "dmr_pounds_yr": null, "dmr_toxic_weighted_lb": null, "penalties_usd": 0, "formal_actions_5yr": null, "informal_actions_5yr": 0, "inspections_5yr": 1, "last_inspection": "05/22/2025", "receiving_water_impaired": null, "impairment_causes": null, "sic": "8999", "naics": null, "permit_expires": "02/28/2030", "km_from_ref": 33.5, "in_echo_search_list": null, "dfr_url": "https://echo.epa.gov/detailed-facility-report?fid=NY0282596&sys=ICP", "watchlist_note": null}}, {"type": "Feature", "geometry": {"type": "Point", "coordinates": [-74.1925, 42.262167]}, "properties": {"npdes_id": "NY0263052", "facility": "MOUNTAIN VIEW ESTATES", "city": "EAST JEWETT", "county": "Greene", "tier": "individual SPDES permit", "permit_type": "NPDES Individual Permit", "major_minor": "N", "permit_status": "Effective", "transect": "Schoharie Creek basin", "receiving_water": "EAST KILL UN TR", "huc8": "Schoharie", "design_flow_mgd": null, "actual_flow_mgd": null, "compliance_status": "No Violation Identified", "snc_status": null, "qtrs_noncompliance_12": 7, "qtrs_snc": 0, "missed_dmr_qtrs": null, "effluent_violations_3yr": 0, "pollutants_with_violation": null, "limited_pollutants": "BOD, carbonaceous [5 day, 20 C];Chlorine, total residual;Coliform, fecal general;Flow rate;Nitrogen, ammonia total [as N];Oxygen, dissolved [DO];Phosphorus, total [as P];Solids, settleable;Solids, total suspended;Temperature, water deg. fahrenheit;Turbidity;Turbidity, time above limit;pH", "dmr_pounds_yr": 18.256694693265, "dmr_toxic_weighted_lb": 0.00057715089138, "penalties_usd": 0, "formal_actions_5yr": null, "informal_actions_5yr": 1, "inspections_5yr": 0, "last_inspection": null, "receiving_water_impaired": null, "impairment_causes": null, "sic": "8641", "naics": "813990", "permit_expires": "06/30/2029", "km_from_ref": 28.4, "in_echo_search_list": null, "dfr_url": "https://echo.epa.gov/detailed-facility-report?fid=NY0263052&sys=ICP", "watchlist_note": null}}, {"type": "Feature", "geometry": {"type": "Point", "coordinates": [-74.165693, 42.629997]}, "properties": {"npdes_id": "NY0241849", "facility": "JR/SR HIGH & BERNE ELEM SCHOOLS", "city": "BERNE", "county": "Albany", "tier": "individual SPDES permit", "permit_type": "NPDES Individual Permit", "major_minor": "N", "permit_status": "Effective", "transect": "Schoharie side (Fox Creek/Switz Kill)", "receiving_water": "FOX CREEK", "huc8": "Schoharie", "design_flow_mgd": null, "actual_flow_mgd": null, "compliance_status": "No Violation Identified", "snc_status": null, "qtrs_noncompliance_12": 0, "qtrs_snc": 0, "missed_dmr_qtrs": null, "effluent_violations_3yr": 0, "pollutants_with_violation": null, "limited_pollutants": null, "dmr_pounds_yr": null, "dmr_toxic_weighted_lb": null, "penalties_usd": 0, "formal_actions_5yr": null, "informal_actions_5yr": 0, "inspections_5yr": 0, "last_inspection": null, "receiving_water_impaired": null, "impairment_causes": null, "sic": "8999", "naics": null, "permit_expires": "05/31/2031", "km_from_ref": 12.9, "in_echo_search_list": null, "dfr_url": "https://echo.epa.gov/detailed-facility-report?fid=NY0241849&sys=ICP", "watchlist_note": null}}, {"type": "Feature", "geometry": {"type": "Point", "coordinates": [-73.981941, 42.237069]}, "properties": {"npdes_id": "NY0124591", "facility": "NORTH POINT CREEK", "city": "CATSKILL", "county": "Greene", "tier": "individual SPDES permit", "permit_type": "NPDES Individual Permit", "major_minor": "N", "permit_status": "Effective", "transect": "other / Albany metro", "receiving_water": "VLY CK", "huc8": "Middle Hudson", "design_flow_mgd": null, "actual_flow_mgd": null, "compliance_status": "No Violation Identified", "snc_status": null, "qtrs_noncompliance_12": 0, "qtrs_snc": 0, "missed_dmr_qtrs": null, "effluent_violations_3yr": 0, "pollutants_with_violation": null, "limited_pollutants": null, "dmr_pounds_yr": null, "dmr_toxic_weighted_lb": null, "penalties_usd": 0, "formal_actions_5yr": null, "informal_actions_5yr": 0, "inspections_5yr": 0, "last_inspection": "01/09/2002", "receiving_water_impaired": null, "impairment_causes": null, "sic": "8999", "naics": null, "permit_expires": "09/30/2030", "km_from_ref": 33.6, "in_echo_search_list": null, "dfr_url": "https://echo.epa.gov/detailed-facility-report?fid=NY0124591&sys=ICP", "watchlist_note": null}}, {"type": "Feature", "geometry": {"type": "Point", "coordinates": [-74.05462, 42.65299]}, "properties": {"npdes_id": "NY0205087", "facility": "GREEN ACRES TRAILER PARK", "city": "EAST BERNE", "county": null, "tier": "individual SPDES permit", "permit_type": "NPDES Individual Permit", "major_minor": "N", "permit_status": "Effective", "transect": "Schoharie side (Fox Creek/Switz Kill)", "receiving_water": "UNNAMED TRIB TO THOMPSON LAKE", "huc8": "Middle Hudson", "design_flow_mgd": null, "actual_flow_mgd": null, "compliance_status": "No Violation Identified", "snc_status": null, "qtrs_noncompliance_12": 0, "qtrs_snc": 0, "missed_dmr_qtrs": null, "effluent_violations_3yr": 0, "pollutants_with_violation": null, "limited_pollutants": null, "dmr_pounds_yr": null, "dmr_toxic_weighted_lb": null, "penalties_usd": 0, "formal_actions_5yr": null, "informal_actions_5yr": 0, "inspections_5yr": 0, "last_inspection": null, "receiving_water_impaired": null, "impairment_causes": null, "sic": "8999", "naics": null, "permit_expires": "03/31/2031", "km_from_ref": 17.0, "in_echo_search_list": null, "dfr_url": "https://echo.epa.gov/detailed-facility-report?fid=NY0205087&sys=ICP", "watchlist_note": null}}, {"type": "Feature", "geometry": {"type": "Point", "coordinates": [-73.83993, 42.60119]}, "properties": {"npdes_id": "NY0084948", "facility": "ELM AVENUE PARK", "city": "DELMAR", "county": "Albany", "tier": "individual SPDES permit", "permit_type": "NPDES Individual Permit", "major_minor": "N", "permit_status": "Effective", "transect": "other / Albany metro", "receiving_water": "UNNAMED TRIB OF PHILLIPINKILL", "huc8": "Middle Hudson", "design_flow_mgd": null, "actual_flow_mgd": null, "compliance_status": "No Violation Identified", "snc_status": null, "qtrs_noncompliance_12": 0, "qtrs_snc": 0, "missed_dmr_qtrs": null, "effluent_violations_3yr": 0, "pollutants_with_violation": null, "limited_pollutants": null, "dmr_pounds_yr": null, "dmr_toxic_weighted_lb": null, "penalties_usd": 0, "formal_actions_5yr": null, "informal_actions_5yr": 0, "inspections_5yr": 0, "last_inspection": null, "receiving_water_impaired": null, "impairment_causes": null, "sic": "8999", "naics": null, "permit_expires": "02/28/2031", "km_from_ref": 26.8, "in_echo_search_list": null, "dfr_url": "https://echo.epa.gov/detailed-facility-report?fid=NY0084948&sys=ICP", "watchlist_note": null}}, {"type": "Feature", "geometry": {"type": "Point", "coordinates": [-73.802318, 42.569255]}, "properties": {"npdes_id": "NY0212164", "facility": "THE CORNERS MARKET", "city": "SELKIRK", "county": null, "tier": "individual SPDES permit", "permit_type": "NPDES Individual Permit", "major_minor": "N", "permit_status": "Effective", "transect": "Albany-side creeks (Coeymans/Onesquethaw/Vloman)", "receiving_water": "TRIB OF MOSHER CREEK", "huc8": "Middle Hudson", "design_flow_mgd": null, "actual_flow_mgd": null, "compliance_status": "No Violation Identified", "snc_status": null, "qtrs_noncompliance_12": 0, "qtrs_snc": 0, "missed_dmr_qtrs": null, "effluent_violations_3yr": 0, "pollutants_with_violation": null, "limited_pollutants": null, "dmr_pounds_yr": null, "dmr_toxic_weighted_lb": null, "penalties_usd": 0, "formal_actions_5yr": null, "informal_actions_5yr": 0, "inspections_5yr": 0, "last_inspection": null, "receiving_water_impaired": null, "impairment_causes": null, "sic": "8999", "naics": null, "permit_expires": "08/31/2028", "km_from_ref": 28.7, "in_echo_search_list": null, "dfr_url": "https://echo.epa.gov/detailed-facility-report?fid=NY0212164&sys=ICP", "watchlist_note": null}}, {"type": "Feature", "geometry": {"type": "Point", "coordinates": [-73.886388, 42.247777]}, "properties": {"npdes_id": "NY0241563", "facility": "CATSKILL MAINTENANCE FACILITY", "city": "CATSKILL", "county": null, "tier": "individual SPDES permit", "permit_type": "NPDES Individual Permit", "major_minor": "N", "permit_status": "Effective", "transect": "Catskill Creek main stem", "receiving_water": "TRIB OF CATSKILL CREEK", "huc8": "Middle Hudson", "design_flow_mgd": null, "actual_flow_mgd": null, "compliance_status": "No Violation Identified", "snc_status": null, "qtrs_noncompliance_12": 0, "qtrs_snc": 0, "missed_dmr_qtrs": null, "effluent_violations_3yr": 0, "pollutants_with_violation": null, "limited_pollutants": null, "dmr_pounds_yr": null, "dmr_toxic_weighted_lb": null, "penalties_usd": 0, "formal_actions_5yr": null, "informal_actions_5yr": 0, "inspections_5yr": 0, "last_inspection": null, "receiving_water_impaired": null, "impairment_causes": null, "sic": "7542", "naics": null, "permit_expires": "02/28/2030", "km_from_ref": 36.5, "in_echo_search_list": "yes", "dfr_url": "https://echo.epa.gov/detailed-facility-report?fid=NY0241563&sys=ICP", "watchlist_note": null}}, {"type": "Feature", "geometry": {"type": "Point", "coordinates": [-73.921803, 42.650234]}, "properties": {"npdes_id": "NY0223891", "facility": "NYSDOT REGION 1 MAINTENANCE HEADQUARTERS", "city": "VOORHEESVILLE", "county": null, "tier": "individual SPDES permit", "permit_type": "NPDES Individual Permit", "major_minor": "N", "permit_status": "Effective", "transect": "other / Albany metro", "receiving_water": "VLY CREEK", "huc8": "Middle Hudson", "design_flow_mgd": null, "actual_flow_mgd": null, "compliance_status": "No Violation Identified", "snc_status": null, "qtrs_noncompliance_12": 0, "qtrs_snc": 0, "missed_dmr_qtrs": null, "effluent_violations_3yr": 0, "pollutants_with_violation": null, "limited_pollutants": null, "dmr_pounds_yr": null, "dmr_toxic_weighted_lb": null, "penalties_usd": 0, "formal_actions_5yr": null, "informal_actions_5yr": 0, "inspections_5yr": 0, "last_inspection": null, "receiving_water_impaired": null, "impairment_causes": null, "sic": "7539", "naics": null, "permit_expires": "08/30/2029", "km_from_ref": 23.7, "in_echo_search_list": "yes", "dfr_url": "https://echo.epa.gov/detailed-facility-report?fid=NY0223891&sys=ICP", "watchlist_note": null}}, {"type": "Feature", "geometry": {"type": "Point", "coordinates": [-73.901111, 42.645833]}, "properties": {"npdes_id": "NY0282227", "facility": "KENSINGTON WOODS", "city": "NEW SCOTLAND", "county": "Albany", "tier": "individual SPDES permit", "permit_type": "NPDES Individual Permit", "major_minor": "N", "permit_status": "Effective", "transect": "other / Albany metro", "receiving_water": "NORMANS KILL TRIB", "huc8": "Middle Hudson", "design_flow_mgd": null, "actual_flow_mgd": null, "compliance_status": "No Violation Identified", "snc_status": null, "qtrs_noncompliance_12": 0, "qtrs_snc": 0, "missed_dmr_qtrs": null, "effluent_violations_3yr": 0, "pollutants_with_violation": null, "limited_pollutants": "BOD, carbonaceous [5 day, 20 C];Chlorine, total residual;Coliform, fecal general;Flow rate;Nitrogen, Kjeldahl, total [as N];Nitrogen, ammonia, total [as NH3];Oxygen demand, ultimate;Oxygen, dissolved [DO];Solids, settleable;Solids, total suspended;pH", "dmr_pounds_yr": 0.0, "dmr_toxic_weighted_lb": 0.0, "penalties_usd": 0, "formal_actions_5yr": null, "informal_actions_5yr": 3, "inspections_5yr": 3, "last_inspection": "03/10/2026", "receiving_water_impaired": null, "impairment_causes": null, "sic": "8999", "naics": null, "permit_expires": "08/31/2031", "km_from_ref": 24.7, "in_echo_search_list": null, "dfr_url": "https://echo.epa.gov/detailed-facility-report?fid=NY0282227&sys=ICP", "watchlist_note": null}}, {"type": "Feature", "geometry": {"type": "Point", "coordinates": [-74.10883, 42.66951]}, "properties": {"npdes_id": "NY0103403", "facility": "KNOX ESTATES MHP", "city": "KNOX", "county": "Albany", "tier": "individual SPDES permit", "permit_type": "NPDES Individual Permit", "major_minor": "N", "permit_status": "Expired", "transect": "other / Albany metro", "receiving_water": "TRIBUTARY OF BEAVER DAM CREEK", "huc8": "Schoharie", "design_flow_mgd": null, "actual_flow_mgd": null, "compliance_status": "No Violation Identified", "snc_status": null, "qtrs_noncompliance_12": 0, "qtrs_snc": 0, "missed_dmr_qtrs": null, "effluent_violations_3yr": 0, "pollutants_with_violation": null, "limited_pollutants": null, "dmr_pounds_yr": null, "dmr_toxic_weighted_lb": null, "penalties_usd": 0, "formal_actions_5yr": null, "informal_actions_5yr": 0, "inspections_5yr": 0, "last_inspection": null, "receiving_water_impaired": null, "impairment_causes": null, "sic": "8999", "naics": null, "permit_expires": "09/30/2020", "km_from_ref": 17.4, "in_echo_search_list": null, "dfr_url": "https://echo.epa.gov/detailed-facility-report?fid=NY0103403&sys=ICP", "watchlist_note": null}}, {"type": "Feature", "geometry": {"type": "Point", "coordinates": [-73.93953, 42.65828]}, "properties": {"npdes_id": "NY0212555", "facility": "VOORHEESVILLE PUBLIC LIBRARY", "city": "VOORHEESVILLE", "county": "Albany", "tier": "individual SPDES permit", "permit_type": "NPDES Individual Permit", "major_minor": "N", "permit_status": "Effective", "transect": "other / Albany metro", "receiving_water": "UNNAMED TRIB OF VLY CREEK", "huc8": "Middle Hudson", "design_flow_mgd": null, "actual_flow_mgd": null, "compliance_status": "No Violation Identified", "snc_status": null, "qtrs_noncompliance_12": 0, "qtrs_snc": 0, "missed_dmr_qtrs": null, "effluent_violations_3yr": 0, "pollutants_with_violation": null, "limited_pollutants": null, "dmr_pounds_yr": null, "dmr_toxic_weighted_lb": null, "penalties_usd": 0, "formal_actions_5yr": null, "informal_actions_5yr": 0, "inspections_5yr": 0, "last_inspection": null, "receiving_water_impaired": null, "impairment_causes": null, "sic": "8999", "naics": null, "permit_expires": "10/31/2030", "km_from_ref": 23.2, "in_echo_search_list": null, "dfr_url": "https://echo.epa.gov/detailed-facility-report?fid=NY0212555&sys=ICP", "watchlist_note": null}}, {"type": "Feature", "geometry": {"type": "Point", "coordinates": [-73.77344, 42.57417]}, "properties": {"npdes_id": "NY0223573", "facility": "EASTERN NY LABORER'S TRAINING CENTER INC", "city": "GLENMONT", "county": "Albany", "tier": "individual SPDES permit", "permit_type": "NPDES Individual Permit", "major_minor": "N", "permit_status": "Effective", "transect": "Hudson mainstem", "receiving_water": "TRIB TO HUDSON RIVER", "huc8": "Middle Hudson", "design_flow_mgd": null, "actual_flow_mgd": null, "compliance_status": "No Violation Identified", "snc_status": null, "qtrs_noncompliance_12": 0, "qtrs_snc": 0, "missed_dmr_qtrs": null, "effluent_violations_3yr": 0, "pollutants_with_violation": null, "limited_pollutants": null, "dmr_pounds_yr": null, "dmr_toxic_weighted_lb": null, "penalties_usd": 0, "formal_actions_5yr": null, "informal_actions_5yr": 0, "inspections_5yr": 0, "last_inspection": null, "receiving_water_impaired": null, "impairment_causes": null, "sic": "8249", "naics": null, "permit_expires": "04/30/2029", "km_from_ref": 31.1, "in_echo_search_list": null, "dfr_url": "https://echo.epa.gov/detailed-facility-report?fid=NY0223573&sys=ICP", "watchlist_note": null}}, {"type": "Feature", "geometry": {"type": "Point", "coordinates": [-74.054639, 42.195639]}, "properties": {"npdes_id": "NY0033570", "facility": "NORTH/SOUTH LAKE CAMPGROUND", "city": "HAINES FALLS", "county": "Greene", "tier": "individual SPDES permit", "permit_type": "NPDES Individual Permit", "major_minor": "N", "permit_status": "Effective", "transect": "other / Albany metro", "receiving_water": "GROUNDWATER, KAATERSKILL CREEK", "huc8": "Middle Hudson", "design_flow_mgd": null, "actual_flow_mgd": null, "compliance_status": "No Violation Identified", "snc_status": null, "qtrs_noncompliance_12": 1, "qtrs_snc": 1, "missed_dmr_qtrs": null, "effluent_violations_3yr": 0, "pollutants_with_violation": null, "limited_pollutants": "BOD, 5-day, 20 deg. C;Chlorine, total residual;Coliform, fecal general;Flow rate;Mercury, total [as Hg];Nitrogen, ammonia total [as N];Oxygen, dissolved [DO];Solids, settleable;Solids, total suspended;Temperature, water deg. fahrenheit;pH", "dmr_pounds_yr": 0.0, "dmr_toxic_weighted_lb": 0.0, "penalties_usd": 0, "formal_actions_5yr": null, "informal_actions_5yr": 2, "inspections_5yr": 4, "last_inspection": "07/07/2025", "receiving_water_impaired": null, "impairment_causes": null, "sic": "7033", "naics": "721211", "permit_expires": "02/28/2030", "km_from_ref": 36.2, "in_echo_search_list": null, "dfr_url": "https://echo.epa.gov/detailed-facility-report?fid=NY0033570&sys=ICP", "watchlist_note": null}}, {"type": "Feature", "geometry": {"type": "Point", "coordinates": [-74.09972, 42.1977]}, "properties": {"npdes_id": "NY0069345", "facility": "PEACE VILLAGE", "city": "HAINES FALLS", "county": null, "tier": "individual SPDES permit", "permit_type": "NPDES Individual Permit", "major_minor": "N", "permit_status": "Effective", "transect": "other / Albany metro", "receiving_water": "O'HARA BROOK", "huc8": "Middle Hudson", "design_flow_mgd": null, "actual_flow_mgd": null, "compliance_status": "No Violation Identified", "snc_status": null, "qtrs_noncompliance_12": 0, "qtrs_snc": 0, "missed_dmr_qtrs": null, "effluent_violations_3yr": 0, "pollutants_with_violation": null, "limited_pollutants": null, "dmr_pounds_yr": null, "dmr_toxic_weighted_lb": null, "penalties_usd": 0, "formal_actions_5yr": null, "informal_actions_5yr": 0, "inspections_5yr": 0, "last_inspection": null, "receiving_water_impaired": null, "impairment_causes": null, "sic": "7011", "naics": "721110", "permit_expires": "06/30/2031", "km_from_ref": 35.4, "in_echo_search_list": null, "dfr_url": "https://echo.epa.gov/detailed-facility-report?fid=NY0069345&sys=ICP", "watchlist_note": null}}, {"type": "Feature", "geometry": {"type": "Point", "coordinates": [-74.0997, 42.1953]}, "properties": {"npdes_id": "NY0192007", "facility": "RIP VAN WINKLE RANCH", "city": "HAINES FALLS", "county": null, "tier": "individual SPDES permit", "permit_type": "NPDES Individual Permit", "major_minor": "N", "permit_status": "Effective", "transect": "other / Albany metro", "receiving_water": "TRIB TO KAATERSKILL CK", "huc8": "Middle Hudson", "design_flow_mgd": null, "actual_flow_mgd": null, "compliance_status": "No Violation Identified", "snc_status": null, "qtrs_noncompliance_12": 0, "qtrs_snc": 0, "missed_dmr_qtrs": null, "effluent_violations_3yr": 0, "pollutants_with_violation": null, "limited_pollutants": null, "dmr_pounds_yr": null, "dmr_toxic_weighted_lb": null, "penalties_usd": 0, "formal_actions_5yr": null, "informal_actions_5yr": 0, "inspections_5yr": 0, "last_inspection": null, "receiving_water_impaired": null, "impairment_causes": null, "sic": "8999", "naics": null, "permit_expires": "06/30/2031", "km_from_ref": 35.7, "in_echo_search_list": null, "dfr_url": "https://echo.epa.gov/detailed-facility-report?fid=NY0192007&sys=ICP", "watchlist_note": null}}, {"type": "Feature", "geometry": {"type": "Point", "coordinates": [-74.1, 42.194444]}, "properties": {"npdes_id": "NY0096199", "facility": "CATSKILL HOTEL", "city": "HAINES FALLS", "county": "Greene", "tier": "individual SPDES permit", "permit_type": "NPDES Individual Permit", "major_minor": "N", "permit_status": "Expired", "transect": "other / Albany metro", "receiving_water": "O'HARA BROOK", "huc8": "Middle Hudson", "design_flow_mgd": null, "actual_flow_mgd": null, "compliance_status": "No Violation Identified", "snc_status": null, "qtrs_noncompliance_12": 0, "qtrs_snc": 0, "missed_dmr_qtrs": null, "effluent_violations_3yr": 0, "pollutants_with_violation": null, "limited_pollutants": null, "dmr_pounds_yr": null, "dmr_toxic_weighted_lb": null, "penalties_usd": 0, "formal_actions_5yr": null, "informal_actions_5yr": 0, "inspections_5yr": 0, "last_inspection": "12/17/2009", "receiving_water_impaired": null, "impairment_causes": null, "sic": "8999", "naics": null, "permit_expires": "03/31/2021", "km_from_ref": 35.8, "in_echo_search_list": null, "dfr_url": "https://echo.epa.gov/detailed-facility-report?fid=NY0096199&sys=ICP", "watchlist_note": null}}, {"type": "Feature", "geometry": {"type": "Point", "coordinates": [-73.76653, 42.58633]}, "properties": {"npdes_id": "NY0212105", "facility": "CITGO HOLDING TERMINALS, LLC - GLENMONT TERMINAL", "city": "GLENMONT", "county": "Albany", "tier": "individual SPDES permit", "permit_type": "NPDES Individual Permit", "major_minor": "N", "permit_status": "Effective", "transect": "other / Albany metro", "receiving_water": "MUDDERKILL", "huc8": "Middle Hudson", "design_flow_mgd": null, "actual_flow_mgd": null, "compliance_status": "No Violation Identified", "snc_status": null, "qtrs_noncompliance_12": 0, "qtrs_snc": 0, "missed_dmr_qtrs": null, "effluent_violations_3yr": 0, "pollutants_with_violation": null, "limited_pollutants": "Benzene;Ethylbenzene;Flow rate;Lead, total [as Pb];Methyl tert-butyl ether [MTBE];Oil & Grease;Phenolics, total;Toluene;Xylene [mix of m+o+p];pH", "dmr_pounds_yr": 0.0, "dmr_toxic_weighted_lb": 0.0, "penalties_usd": 0, "formal_actions_5yr": null, "informal_actions_5yr": 0, "inspections_5yr": 5, "last_inspection": "11/05/2025", "receiving_water_impaired": null, "impairment_causes": null, "sic": "5171", "naics": null, "permit_expires": "09/30/2029", "km_from_ref": 32.0, "in_echo_search_list": "yes", "dfr_url": "https://echo.epa.gov/detailed-facility-report?fid=NY0212105&sys=ICP", "watchlist_note": null}}, {"type": "Feature", "geometry": {"type": "Point", "coordinates": [-73.75925, 42.586583]}, "properties": {"npdes_id": "NY0004839", "facility": "NORTH ALBANY TERMINAL CO-GLENMONT TERMINAL ", "city": "GLENMONT", "county": "Albany", "tier": "individual SPDES permit", "permit_type": "NPDES Individual Permit", "major_minor": "N", "permit_status": "Effective", "transect": "other / Albany metro", "receiving_water": "GROUNDWATER, MUDDER KILL CK", "huc8": "Middle Hudson", "design_flow_mgd": null, "actual_flow_mgd": 0.221, "compliance_status": "No Violation Identified", "snc_status": null, "qtrs_noncompliance_12": 0, "qtrs_snc": 0, "missed_dmr_qtrs": null, "effluent_violations_3yr": 0, "pollutants_with_violation": null, "limited_pollutants": "Benzene;Ethylbenzene;Flow rate;Oil & Grease;Toluene;Xylene [mix of m+o+p];pH", "dmr_pounds_yr": 2340.08038934224, "dmr_toxic_weighted_lb": 0.0, "penalties_usd": 0, "formal_actions_5yr": null, "informal_actions_5yr": 0, "inspections_5yr": 5, "last_inspection": "10/29/2025", "receiving_water_impaired": "Y", "impairment_causes": "POLYCHLORINATED BIPHENYLS (PCBS)", "sic": "5171", "naics": null, "permit_expires": "03/31/2027", "km_from_ref": 32.6, "in_echo_search_list": "yes", "dfr_url": "https://echo.epa.gov/detailed-facility-report?fid=NY0004839&sys=ICP", "watchlist_note": null}}, {"type": "Feature", "geometry": {"type": "Point", "coordinates": [-74.34775, 42.297111]}, "properties": {"npdes_id": "NY0263214", "facility": "ASHLAND (T) WWTP", "city": "ASHLAND", "county": "Greene", "tier": "individual SPDES permit", "permit_type": "NPDES Individual Permit", "major_minor": "N", "permit_status": "Effective", "transect": "Schoharie Creek basin", "receiving_water": "BATAVIA KILL", "huc8": "Schoharie", "design_flow_mgd": 0.026, "actual_flow_mgd": null, "compliance_status": "No Violation Identified", "snc_status": null, "qtrs_noncompliance_12": 1, "qtrs_snc": 0, "missed_dmr_qtrs": null, "effluent_violations_3yr": 0, "pollutants_with_violation": null, "limited_pollutants": "BOD, 5-day, 20 deg. C;BOD, 5-day, percent removal;Chlorine, total residual;Coliform, fecal general;Flow, in conduit or thru treatment plant;Nitrogen, ammonia total [as N];Phosphorus, total [as P];Solids, settleable;Solids, suspended percent removal;Solids, total suspended;Temperature, water deg. fahrenheit;Turbidity;Turbidity, time above limit;pH", "dmr_pounds_yr": 104.5264407075, "dmr_toxic_weighted_lb": 0.014426790992775, "penalties_usd": 0, "formal_actions_5yr": null, "informal_actions_5yr": 0, "inspections_5yr": 5, "last_inspection": "02/17/2026", "receiving_water_impaired": null, "impairment_causes": null, "sic": "4952", "naics": null, "permit_expires": "04/30/2030", "km_from_ref": 29.4, "in_echo_search_list": "yes", "dfr_url": "https://echo.epa.gov/detailed-facility-report?fid=NY0263214&sys=ICP", "watchlist_note": null}}, {"type": "Feature", "geometry": {"type": "Point", "coordinates": [-74.209515, 42.205415]}, "properties": {"npdes_id": "NY0305073", "facility": "HUNTER MOUNTAIN RESORT SKI LIFT REPLACEMENTS", "city": "HUNTER", "county": null, "tier": "individual SPDES permit", "permit_type": "NPDES Individual Permit", "major_minor": "N", "permit_status": "Effective", "transect": "other / Albany metro", "receiving_water": "SHANTY HOLLOW BROOK", "huc8": "Schoharie", "design_flow_mgd": null, "actual_flow_mgd": null, "compliance_status": "No Violation Identified", "snc_status": null, "qtrs_noncompliance_12": 0, "qtrs_snc": 0, "missed_dmr_qtrs": null, "effluent_violations_3yr": 0, "pollutants_with_violation": null, "limited_pollutants": null, "dmr_pounds_yr": null, "dmr_toxic_weighted_lb": null, "penalties_usd": 0, "formal_actions_5yr": null, "informal_actions_5yr": 0, "inspections_5yr": 0, "last_inspection": null, "receiving_water_impaired": null, "impairment_causes": null, "sic": "7999", "naics": null, "permit_expires": "04/30/2029", "km_from_ref": 34.8, "in_echo_search_list": null, "dfr_url": "https://echo.epa.gov/detailed-facility-report?fid=NY0305073&sys=ICP", "watchlist_note": null}}, {"type": "Feature", "geometry": {"type": "Point", "coordinates": [-73.767908, 42.599526]}, "properties": {"npdes_id": "NY0312924", "facility": "MARMEN-WELCOM MANUFACTURING PLANT", "city": "ALBANY", "county": "Albany", "tier": "individual SPDES permit", "permit_type": "NPDES Individual Permit", "major_minor": "N", "permit_status": "Effective", "transect": "Hudson mainstem", "receiving_water": "HUDSON RIVER", "huc8": "Middle Hudson", "design_flow_mgd": null, "actual_flow_mgd": null, "compliance_status": "Violation Identified", "snc_status": null, "qtrs_noncompliance_12": 10, "qtrs_snc": 0, "missed_dmr_qtrs": null, "effluent_violations_3yr": 0, "pollutants_with_violation": null, "limited_pollutants": "BOD, 5-day, 20 deg. C;BOD, 5-day, percent removal;Chlorine, total residual;Coliform, fecal general;Floating solids, waste or visible foam-visual;Flow rate;Nitrogen, ammonia total [as N];Oil & Grease;Oxygen, dissolved [DO];Solids, settleable;Solids, suspended percent removal;Solids, total suspended;Temperature, water deg. fahrenheit;pH", "dmr_pounds_yr": 0.0, "dmr_toxic_weighted_lb": 0.0, "penalties_usd": 0, "formal_actions_5yr": null, "informal_actions_5yr": 0, "inspections_5yr": 0, "last_inspection": null, "receiving_water_impaired": "Y", "impairment_causes": "POLYCHLORINATED BIPHENYLS (PCBS)", "sic": "3999", "naics": null, "permit_expires": "09/30/2028", "km_from_ref": 32.3, "in_echo_search_list": null, "dfr_url": "https://echo.epa.gov/detailed-facility-report?fid=NY0312924&sys=ICP", "watchlist_note": null}}, {"type": "Feature", "geometry": {"type": "Point", "coordinates": [-74.207986, 42.199666]}, "properties": {"npdes_id": "NY0282626", "facility": "HUNTER PEAKS", "city": "HUNTER", "county": null, "tier": "individual SPDES permit", "permit_type": "NPDES Individual Permit", "major_minor": "N", "permit_status": "Effective", "transect": "Schoharie Creek basin", "receiving_water": "SCHOHARIE CREEK", "huc8": "Schoharie", "design_flow_mgd": null, "actual_flow_mgd": null, "compliance_status": "No Violation Identified", "snc_status": null, "qtrs_noncompliance_12": 0, "qtrs_snc": 0, "missed_dmr_qtrs": null, "effluent_violations_3yr": 0, "pollutants_with_violation": null, "limited_pollutants": null, "dmr_pounds_yr": null, "dmr_toxic_weighted_lb": null, "penalties_usd": 0, "formal_actions_5yr": null, "informal_actions_5yr": 0, "inspections_5yr": 0, "last_inspection": null, "receiving_water_impaired": null, "impairment_causes": null, "sic": "1522", "naics": null, "permit_expires": "08/31/2029", "km_from_ref": 35.4, "in_echo_search_list": null, "dfr_url": "https://echo.epa.gov/detailed-facility-report?fid=NY0282626&sys=ICP", "watchlist_note": null}}, {"type": "Feature", "geometry": {"type": "Point", "coordinates": [-73.853556, 42.212111]}, "properties": {"npdes_id": "NY0020389", "facility": "CATSKILL (V) WWTP", "city": "CATSKILL", "county": "Greene", "tier": "individual SPDES permit", "permit_type": "NPDES Individual Permit", "major_minor": "M", "permit_status": "Effective", "transect": "Catskill Creek main stem", "receiving_water": "CATSKILL CK, HUDSON R", "huc8": "Middle Hudson", "design_flow_mgd": 1.55, "actual_flow_mgd": 1.55, "compliance_status": "Violation Identified", "snc_status": null, "qtrs_noncompliance_12": 3, "qtrs_snc": 0, "missed_dmr_qtrs": null, "effluent_violations_3yr": 0, "pollutants_with_violation": null, "limited_pollutants": "BOD, carbonaceous [5 day, 20 C];Carbonaceous oxygen demand, % removal;Chlorine, total residual;Coliform, fecal general;Copper, total [as Cu];Di[2-ethylhexyl] phthalate [DEHP];Flow, in conduit or thru treatment plant;Mercury, total [as Hg];Nitrogen, ammonia total [as N];Solids, settleable;Solids, suspended percent removal;Solids, total suspended;Temperature, water deg. fahrenheit;pH", "dmr_pounds_yr": 329392.025340131, "dmr_toxic_weighted_lb": 1084.52645138534, "penalties_usd": 0, "formal_actions_5yr": 4.0, "informal_actions_5yr": 0, "inspections_5yr": 5, "last_inspection": "04/02/2026", "receiving_water_impaired": "Y", "impairment_causes": "POLYCHLORINATED BIPHENYLS (PCBS)", "sic": "4952", "naics": "221320", "permit_expires": "12/31/2030", "km_from_ref": 41.3, "in_echo_search_list": "yes", "dfr_url": "https://echo.epa.gov/detailed-facility-report?fid=NY0020389&sys=ICP", "watchlist_note": null}}, {"type": "Feature", "geometry": {"type": "Point", "coordinates": [-73.85589, 42.21114]}, "properties": {"npdes_id": "NY0224936", "facility": "R E SMITH FUEL DIV MAIN BROTHERS", "city": "CATSKILL", "county": "Greene", "tier": "individual SPDES permit", "permit_type": "NPDES Individual Permit", "major_minor": "N", "permit_status": "Effective", "transect": "Catskill Creek main stem", "receiving_water": "CATSKILL CK", "huc8": "Middle Hudson", "design_flow_mgd": null, "actual_flow_mgd": null, "compliance_status": "No Violation Identified", "snc_status": null, "qtrs_noncompliance_12": 0, "qtrs_snc": 0, "missed_dmr_qtrs": null, "effluent_violations_3yr": 0, "pollutants_with_violation": null, "limited_pollutants": "Benzene;Ethylbenzene;Flow rate;Oil & Grease;Toluene;Xylene [mix of m+o+p];pH", "dmr_pounds_yr": 316.494209579625, "dmr_toxic_weighted_lb": null, "penalties_usd": 0, "formal_actions_5yr": null, "informal_actions_5yr": 0, "inspections_5yr": 0, "last_inspection": "11/15/2019", "receiving_water_impaired": "Y", "impairment_causes": "POLYCHLORINATED BIPHENYLS (PCBS)", "sic": "5171 5989", "naics": null, "permit_expires": "08/31/2029", "km_from_ref": 41.2, "in_echo_search_list": "yes", "dfr_url": "https://echo.epa.gov/detailed-facility-report?fid=NY0224936&sys=ICP", "watchlist_note": null}}, {"type": "Feature", "geometry": {"type": "Point", "coordinates": [-73.76422, 42.61622]}, "properties": {"npdes_id": "NY0028592", "facility": "BUCKEYE ALBANY TERMINAL, LLC", "city": "ALBANY", "county": "Albany", "tier": "individual SPDES permit", "permit_type": "NPDES Individual Permit", "major_minor": "N", "permit_status": "Admin Continued", "transect": "Hudson mainstem", "receiving_water": "HUDSON R", "huc8": "Middle Hudson", "design_flow_mgd": null, "actual_flow_mgd": 0.027, "compliance_status": "No Violation Identified", "snc_status": null, "qtrs_noncompliance_12": 4, "qtrs_snc": 0, "missed_dmr_qtrs": null, "effluent_violations_3yr": 0, "pollutants_with_violation": null, "limited_pollutants": "Benzene;Ethylbenzene;Flow rate;Oil & Grease;Toluene;Xylene [mix of m+o+p];Zinc, total [as Zn]", "dmr_pounds_yr": 0.0, "dmr_toxic_weighted_lb": 0.0, "penalties_usd": 0, "formal_actions_5yr": null, "informal_actions_5yr": 1, "inspections_5yr": 5, "last_inspection": "10/27/2025", "receiving_water_impaired": "Y", "impairment_causes": "POLYCHLORINATED BIPHENYLS (PCBS)", "sic": "4226 5171", "naics": null, "permit_expires": "02/28/2026", "km_from_ref": 33.1, "in_echo_search_list": "yes", "dfr_url": "https://echo.epa.gov/detailed-facility-report?fid=NY0028592&sys=ICP", "watchlist_note": "Buckeye Albany petroleum terminal"}}, {"type": "Feature", "geometry": {"type": "Point", "coordinates": [-73.77639, 42.62974]}, "properties": {"npdes_id": "NY0241555", "facility": "BERKSHIRE MAINTENANCE FACILITY", "city": "ALBANY", "county": null, "tier": "individual SPDES permit", "permit_type": "NPDES Individual Permit", "major_minor": "N", "permit_status": "Effective", "transect": "other / Albany metro", "receiving_water": "TRIB OF COTTER BROOK", "huc8": "Middle Hudson", "design_flow_mgd": null, "actual_flow_mgd": null, "compliance_status": "No Violation Identified", "snc_status": null, "qtrs_noncompliance_12": 0, "qtrs_snc": 0, "missed_dmr_qtrs": null, "effluent_violations_3yr": 0, "pollutants_with_violation": null, "limited_pollutants": null, "dmr_pounds_yr": null, "dmr_toxic_weighted_lb": null, "penalties_usd": 0, "formal_actions_5yr": null, "informal_actions_5yr": 0, "inspections_5yr": 0, "last_inspection": null, "receiving_water_impaired": null, "impairment_causes": null, "sic": "7542", "naics": null, "permit_expires": "02/28/2030", "km_from_ref": 32.8, "in_echo_search_list": null, "dfr_url": "https://echo.epa.gov/detailed-facility-report?fid=NY0241555&sys=ICP", "watchlist_note": null}}, {"type": "Feature", "geometry": {"type": "Point", "coordinates": [-74.134722, 42.710277]}, "properties": {"npdes_id": "NY0103179", "facility": "KOUNTRY KNOLLS TRAILER COURT", "city": "KNOX", "county": "Albany", "tier": "individual SPDES permit", "permit_type": "NPDES Individual Permit", "major_minor": "N", "permit_status": "Effective", "transect": "other / Albany metro", "receiving_water": "UNNAMED TRIB OF BOZENKILL", "huc8": "Middle Hudson", "design_flow_mgd": null, "actual_flow_mgd": null, "compliance_status": "No Violation Identified", "snc_status": null, "qtrs_noncompliance_12": 0, "qtrs_snc": 0, "missed_dmr_qtrs": null, "effluent_violations_3yr": 0, "pollutants_with_violation": null, "limited_pollutants": null, "dmr_pounds_yr": null, "dmr_toxic_weighted_lb": null, "penalties_usd": 0, "formal_actions_5yr": null, "informal_actions_5yr": 0, "inspections_5yr": 0, "last_inspection": null, "receiving_water_impaired": null, "impairment_causes": null, "sic": "8999", "naics": null, "permit_expires": "03/31/2030", "km_from_ref": 21.7, "in_echo_search_list": null, "dfr_url": "https://echo.epa.gov/detailed-facility-report?fid=NY0103179&sys=ICP", "watchlist_note": null}}, {"type": "Feature", "geometry": {"type": "Point", "coordinates": [-73.77639, 42.62974]}, "properties": {"npdes_id": "NY0313165", "facility": "NYS THRUWAY AUTHORITY MS4", "city": "VARIOUS", "county": "Albany", "tier": "individual SPDES permit", "permit_type": "NPDES Individual Permit", "major_minor": "N", "permit_status": "Effective", "transect": "other / Albany metro", "receiving_water": null, "huc8": "Middle Hudson", "design_flow_mgd": null, "actual_flow_mgd": null, "compliance_status": "Violation Identified", "snc_status": null, "qtrs_noncompliance_12": 2, "qtrs_snc": 0, "missed_dmr_qtrs": null, "effluent_violations_3yr": 0, "pollutants_with_violation": null, "limited_pollutants": null, "dmr_pounds_yr": null, "dmr_toxic_weighted_lb": null, "penalties_usd": 0, "formal_actions_5yr": null, "informal_actions_5yr": 0, "inspections_5yr": 0, "last_inspection": null, "receiving_water_impaired": null, "impairment_causes": null, "sic": null, "naics": null, "permit_expires": "06/30/2030", "km_from_ref": 32.8, "in_echo_search_list": null, "dfr_url": "https://echo.epa.gov/detailed-facility-report?fid=NY0313165&sys=ICP", "watchlist_note": null}}, {"type": "Feature", "geometry": {"type": "Point", "coordinates": [-73.75933, 42.62297]}, "properties": {"npdes_id": "NY0241652", "facility": "SALT STORAGE PAD", "city": "ALBANY", "county": "Albany", "tier": "individual SPDES permit", "permit_type": "NPDES Individual Permit", "major_minor": "N", "permit_status": "Effective", "transect": "Hudson mainstem", "receiving_water": "HUDSON R", "huc8": "Middle Hudson", "design_flow_mgd": 0.03, "actual_flow_mgd": null, "compliance_status": "No Violation Identified", "snc_status": null, "qtrs_noncompliance_12": 0, "qtrs_snc": 0, "missed_dmr_qtrs": null, "effluent_violations_3yr": 0, "pollutants_with_violation": null, "limited_pollutants": "Chloride [as Cl];Cyanide, free [as free];Flow rate;Oil & Grease;Solids, total dissolved;Solids, total suspended;pH", "dmr_pounds_yr": 0.0, "dmr_toxic_weighted_lb": 0.0, "penalties_usd": 0, "formal_actions_5yr": null, "informal_actions_5yr": 1, "inspections_5yr": 2, "last_inspection": "06/07/2023", "receiving_water_impaired": "Y", "impairment_causes": "POLYCHLORINATED BIPHENYLS (PCBS)", "sic": "5169", "naics": null, "permit_expires": "02/28/2030", "km_from_ref": 33.8, "in_echo_search_list": "yes", "dfr_url": "https://echo.epa.gov/detailed-facility-report?fid=NY0241652&sys=ICP", "watchlist_note": null}}, {"type": "Feature", "geometry": {"type": "Point", "coordinates": [-73.754222, 42.630917]}, "properties": {"npdes_id": "NY0021016", "facility": "ALBANY TERMINAL", "city": "ALBANY", "county": "Albany", "tier": "individual SPDES permit", "permit_type": "NPDES Individual Permit", "major_minor": "N", "permit_status": "Effective", "transect": "Hudson mainstem", "receiving_water": "HUDSON R", "huc8": "Middle Hudson", "design_flow_mgd": null, "actual_flow_mgd": null, "compliance_status": "No Violation Identified", "snc_status": null, "qtrs_noncompliance_12": 0, "qtrs_snc": 0, "missed_dmr_qtrs": null, "effluent_violations_3yr": 0, "pollutants_with_violation": null, "limited_pollutants": "2-Butanone;Acetone;BOD, 5-day, 20 deg. C;Benzene;Ethanol;Ethylbenzene;Flow rate;Methyl tert-butyl ether [MTBE];Oil & Grease;Temperature, water deg. fahrenheit;Toluene;Xylene [mix of m+o+p];pH", "dmr_pounds_yr": 6571.68469108701, "dmr_toxic_weighted_lb": 0.187722867004933, "penalties_usd": 0, "formal_actions_5yr": null, "informal_actions_5yr": 1, "inspections_5yr": 5, "last_inspection": "10/31/2025", "receiving_water_impaired": "Y", "impairment_causes": "POLYCHLORINATED BIPHENYLS (PCBS)", "sic": "5171", "naics": null, "permit_expires": "07/31/2027", "km_from_ref": 34.5, "in_echo_search_list": "yes", "dfr_url": "https://echo.epa.gov/detailed-facility-report?fid=NY0021016&sys=ICP", "watchlist_note": null}}, {"type": "Feature", "geometry": {"type": "Point", "coordinates": [-74.43925, 42.394528]}, "properties": {"npdes_id": "NY0282391", "facility": "GILBOA CONESVILLE CSD", "city": "SOUTH GILBOA", "county": "Schoharie", "tier": "individual SPDES permit", "permit_type": "NPDES Individual Permit", "major_minor": "N", "permit_status": "Effective", "transect": "Schoharie Creek basin", "receiving_water": "SCHOHARIE CK TRIB, TRIB TO SCHOHARIE CREEK", "huc8": "Schoharie", "design_flow_mgd": 0.88, "actual_flow_mgd": null, "compliance_status": "No Violation Identified", "snc_status": null, "qtrs_noncompliance_12": 0, "qtrs_snc": 0, "missed_dmr_qtrs": null, "effluent_violations_3yr": 0, "pollutants_with_violation": null, "limited_pollutants": "BOD, 5-day, 20 deg. C;Chlorine, total residual;Coliform, fecal general;Flow, in conduit or thru treatment plant;Nitrogen, ammonia total [as N];Oxygen, dissolved [DO];Solids, settleable;Solids, total suspended;pH", "dmr_pounds_yr": 0.0, "dmr_toxic_weighted_lb": 0.0, "penalties_usd": 0, "formal_actions_5yr": null, "informal_actions_5yr": 0, "inspections_5yr": 2, "last_inspection": "08/05/2025", "receiving_water_impaired": null, "impairment_causes": null, "sic": null, "naics": null, "permit_expires": "12/31/2030", "km_from_ref": 27.6, "in_echo_search_list": null, "dfr_url": "https://echo.epa.gov/detailed-facility-report?fid=NY0282391&sys=ICP", "watchlist_note": null}}, {"type": "Feature", "geometry": {"type": "Point", "coordinates": [-74.449016, 42.434153]}, "properties": {"npdes_id": "NY0192392", "facility": "BLENHEIM GILBOA PUMPED STORAGE", "city": "GILBOA", "county": "Schoharie", "tier": "individual SPDES permit", "permit_type": "NPDES Individual Permit", "major_minor": "N", "permit_status": "Effective", "transect": "Schoharie Creek basin", "receiving_water": "SCHOHARIE CK", "huc8": "Schoharie", "design_flow_mgd": null, "actual_flow_mgd": null, "compliance_status": "No Violation Identified", "snc_status": null, "qtrs_noncompliance_12": 1, "qtrs_snc": 1, "missed_dmr_qtrs": null, "effluent_violations_3yr": 0, "pollutants_with_violation": null, "limited_pollutants": "1,1,1-Trichloroethane;BOD, 5-day, 20 deg. C;BOD, 5-day, percent removal;Carbon, tot organic [TOC];Chlorine, total residual;Coliform, fecal general;Copper, total [as Cu];Flow rate;Oil & Grease;Solids, settleable;Solids, suspended percent removal;Solids, total suspended;Temp. diff. between intake and discharge;Temperature, water deg. fahrenheit;pH", "dmr_pounds_yr": 13619.6088056044, "dmr_toxic_weighted_lb": 0.0, "penalties_usd": 0, "formal_actions_5yr": null, "informal_actions_5yr": 0, "inspections_5yr": 0, "last_inspection": "08/03/1993", "receiving_water_impaired": null, "impairment_causes": null, "sic": "4911", "naics": null, "permit_expires": "03/31/2028", "km_from_ref": 26.5, "in_echo_search_list": null, "dfr_url": "https://echo.epa.gov/detailed-facility-report?fid=NY0192392&sys=ICP", "watchlist_note": null}}, {"type": "Feature", "geometry": {"type": "Point", "coordinates": [-74.4577, 42.4369]}, "properties": {"npdes_id": "NY0020010", "facility": "NYS MINE KILL STATE PARK", "city": "NORTH BLENHEIM", "county": null, "tier": "individual SPDES permit", "permit_type": "NPDES Individual Permit", "major_minor": "N", "permit_status": "Effective", "transect": "other / Albany metro", "receiving_water": "BLENHEIM GILBOA LOWER RES", "huc8": "Schoharie", "design_flow_mgd": null, "actual_flow_mgd": null, "compliance_status": "No Violation Identified", "snc_status": null, "qtrs_noncompliance_12": 0, "qtrs_snc": 0, "missed_dmr_qtrs": null, "effluent_violations_3yr": 0, "pollutants_with_violation": null, "limited_pollutants": null, "dmr_pounds_yr": null, "dmr_toxic_weighted_lb": null, "penalties_usd": 0, "formal_actions_5yr": null, "informal_actions_5yr": 0, "inspections_5yr": 0, "last_inspection": null, "receiving_water_impaired": null, "impairment_causes": null, "sic": "8999", "naics": null, "permit_expires": "05/31/2029", "km_from_ref": 27.0, "in_echo_search_list": null, "dfr_url": "https://echo.epa.gov/detailed-facility-report?fid=NY0020010&sys=ICP", "watchlist_note": null}}, {"type": "Feature", "geometry": {"type": "Point", "coordinates": [-73.73849, 42.66569]}, "properties": {"npdes_id": "NY0025747", "facility": "CITY OF ALBANY COMBINED SEWER OVERFLOWS", "city": "ALBANY, CITY OF", "county": "Albany", "tier": "individual SPDES permit", "permit_type": "NPDES Individual Permit", "major_minor": "N", "permit_status": "Effective", "transect": "Hudson mainstem", "receiving_water": "HUDSON RIVER, KRUM KILL", "huc8": "Middle Hudson", "design_flow_mgd": 100.0, "actual_flow_mgd": 100.0, "compliance_status": "Violation Identified", "snc_status": null, "qtrs_noncompliance_12": 11, "qtrs_snc": 1, "missed_dmr_qtrs": null, "effluent_violations_3yr": 0, "pollutants_with_violation": null, "limited_pollutants": "Chlorine, total residual;Coliform, fecal general;Flow, in conduit or thru treatment plant", "dmr_pounds_yr": 0.0, "dmr_toxic_weighted_lb": 0.0, "penalties_usd": 0, "formal_actions_5yr": 3.0, "informal_actions_5yr": 0, "inspections_5yr": 4, "last_inspection": "03/06/2026", "receiving_water_impaired": "Y", "impairment_causes": "POLYCHLORINATED BIPHENYLS (PCBS)", "sic": "4952", "naics": "221320", "permit_expires": "04/30/2031", "km_from_ref": 37.3, "in_echo_search_list": "yes", "dfr_url": "https://echo.epa.gov/detailed-facility-report?fid=NY0025747&sys=ICP", "watchlist_note": null}}, {"type": "Feature", "geometry": {"type": "Point", "coordinates": [-74.277242, 42.718629]}, "properties": {"npdes_id": "NY0073440", "facility": "SCHOHARIE CAREER AND TECHNICAL EDUCATION CENTER", "city": "SCHOHARIE", "county": null, "tier": "individual SPDES permit", "permit_type": "NPDES Individual Permit", "major_minor": "N", "permit_status": "Effective", "transect": "Schoharie Creek basin", "receiving_water": "SCHOHARIE CREEK", "huc8": "Schoharie", "design_flow_mgd": null, "actual_flow_mgd": null, "compliance_status": "No Violation Identified", "snc_status": null, "qtrs_noncompliance_12": 0, "qtrs_snc": 0, "missed_dmr_qtrs": null, "effluent_violations_3yr": 0, "pollutants_with_violation": null, "limited_pollutants": null, "dmr_pounds_yr": null, "dmr_toxic_weighted_lb": null, "penalties_usd": 0, "formal_actions_5yr": null, "informal_actions_5yr": 0, "inspections_5yr": 0, "last_inspection": null, "receiving_water_impaired": null, "impairment_causes": null, "sic": "8999", "naics": null, "permit_expires": "03/31/2031", "km_from_ref": 25.1, "in_echo_search_list": null, "dfr_url": "https://echo.epa.gov/detailed-facility-report?fid=NY0073440&sys=ICP", "watchlist_note": null}}, {"type": "Feature", "geometry": {"type": "Point", "coordinates": [-74.265278, 42.755556]}, "properties": {"npdes_id": "NY0249254", "facility": "CREEKSIDE VILLAGE", "city": "ESPERANCE", "county": "Schoharie", "tier": "individual SPDES permit", "permit_type": "NPDES Individual Permit", "major_minor": "N", "permit_status": "Effective", "transect": "Schoharie Creek basin", "receiving_water": "SCHOHARIE CREEK", "huc8": "Schoharie", "design_flow_mgd": null, "actual_flow_mgd": null, "compliance_status": "No Violation Identified", "snc_status": null, "qtrs_noncompliance_12": 0, "qtrs_snc": 0, "missed_dmr_qtrs": null, "effluent_violations_3yr": 0, "pollutants_with_violation": null, "limited_pollutants": null, "dmr_pounds_yr": null, "dmr_toxic_weighted_lb": null, "penalties_usd": 0, "formal_actions_5yr": null, "informal_actions_5yr": 0, "inspections_5yr": 0, "last_inspection": null, "receiving_water_impaired": null, "impairment_causes": null, "sic": "8999", "naics": null, "permit_expires": "06/30/2027", "km_from_ref": 28.5, "in_echo_search_list": null, "dfr_url": "https://echo.epa.gov/detailed-facility-report?fid=NY0249254&sys=ICP", "watchlist_note": null}}, {"type": "Feature", "geometry": {"type": "Point", "coordinates": [-74.398785, 42.684851]}, "properties": {"npdes_id": "NY0206113", "facility": "UPC - ALBANY INC", "city": "HOWES CAVE", "county": null, "tier": "individual SPDES permit", "permit_type": "NPDES Individual Permit", "major_minor": "N", "permit_status": "Effective", "transect": "Schoharie Creek basin", "receiving_water": "TRIB OF COBLESKILL CREEK", "huc8": "Schoharie", "design_flow_mgd": null, "actual_flow_mgd": null, "compliance_status": "No Violation Identified", "snc_status": null, "qtrs_noncompliance_12": 0, "qtrs_snc": 0, "missed_dmr_qtrs": null, "effluent_violations_3yr": 0, "pollutants_with_violation": null, "limited_pollutants": null, "dmr_pounds_yr": null, "dmr_toxic_weighted_lb": null, "penalties_usd": 0, "formal_actions_5yr": null, "informal_actions_5yr": 0, "inspections_5yr": 0, "last_inspection": null, "receiving_water_impaired": "Y", "impairment_causes": "FECAL COLIFORM", "sic": "8999", "naics": null, "permit_expires": "05/31/2030", "km_from_ref": 28.1, "in_echo_search_list": null, "dfr_url": "https://echo.epa.gov/detailed-facility-report?fid=NY0206113&sys=ICP", "watchlist_note": null}}, {"type": "Feature", "geometry": {"type": "Point", "coordinates": [-74.3425, 42.147778]}, "properties": {"npdes_id": "NY0240664", "facility": "CAMP TIMBER LAKE", "city": "LEXINGTON", "county": "Greene", "tier": "individual SPDES permit", "permit_type": "NPDES Individual Permit", "major_minor": "N", "permit_status": "Effective", "transect": "other / Albany metro", "receiving_water": "BROAD ST HOLW TR", "huc8": "Middle Hudson", "design_flow_mgd": null, "actual_flow_mgd": 0.0355, "compliance_status": "No Violation Identified", "snc_status": null, "qtrs_noncompliance_12": 0, "qtrs_snc": 0, "missed_dmr_qtrs": null, "effluent_violations_3yr": 0, "pollutants_with_violation": null, "limited_pollutants": "BOD, carbonaceous [5 day, 20 C];Chlorine, total residual;Coliform, fecal general;Flow rate;Nitrogen, ammonia total [as N];Oxygen, dissolved [DO];Phosphorus, total [as P];Solids, settleable;Solids, total suspended;Temperature, water deg. fahrenheit;Turbidity, lab, NTU;Turbidity, time above limit;pH", "dmr_pounds_yr": 108.760131837967, "dmr_toxic_weighted_lb": 0.0099568784849297, "penalties_usd": 0, "formal_actions_5yr": null, "informal_actions_5yr": 1, "inspections_5yr": 0, "last_inspection": "07/06/2009", "receiving_water_impaired": "Y", "impairment_causes": "SEDIMENTATION/SILTATION", "sic": "8999", "naics": null, "permit_expires": "10/31/2028", "km_from_ref": 43.9, "in_echo_search_list": null, "dfr_url": "https://echo.epa.gov/detailed-facility-report?fid=NY0240664&sys=ICP", "watchlist_note": null}}, {"type": "Feature", "geometry": {"type": "Point", "coordinates": [-74.32219, 42.75717]}, "properties": {"npdes_id": "NY0242411", "facility": "DAIRY CARNIVAL", "city": "SLOANSVILLE", "county": "Schoharie", "tier": "individual SPDES permit", "permit_type": "NPDES Individual Permit", "major_minor": "N", "permit_status": "Effective", "transect": "other / Albany metro", "receiving_water": "DITCH TO TRIB TO FLY CREEK", "huc8": "Schoharie", "design_flow_mgd": null, "actual_flow_mgd": null, "compliance_status": "No Violation Identified", "snc_status": null, "qtrs_noncompliance_12": 0, "qtrs_snc": 0, "missed_dmr_qtrs": null, "effluent_violations_3yr": 0, "pollutants_with_violation": null, "limited_pollutants": null, "dmr_pounds_yr": null, "dmr_toxic_weighted_lb": null, "penalties_usd": 0, "formal_actions_5yr": null, "informal_actions_5yr": 0, "inspections_5yr": 0, "last_inspection": null, "receiving_water_impaired": null, "impairment_causes": null, "sic": "8999", "naics": null, "permit_expires": "05/31/2030", "km_from_ref": 30.6, "in_echo_search_list": null, "dfr_url": "https://echo.epa.gov/detailed-facility-report?fid=NY0242411&sys=ICP", "watchlist_note": null}}, {"type": "Feature", "geometry": {"type": "Point", "coordinates": [-74.536056, 42.566472]}, "properties": {"npdes_id": "NY0030660", "facility": "NYS SUMMIT SHOCK CORRECTIONAL FACILITY", "city": "SUMMIT", "county": "Schoharie", "tier": "individual SPDES permit", "permit_type": "NPDES Individual Permit", "major_minor": "N", "permit_status": "Expired", "transect": "other / Albany metro", "receiving_water": "PANTHER CK TR", "huc8": "Schoharie", "design_flow_mgd": null, "actual_flow_mgd": 0.03, "compliance_status": "No Violation Identified", "snc_status": null, "qtrs_noncompliance_12": 0, "qtrs_snc": 0, "missed_dmr_qtrs": null, "effluent_violations_3yr": 0, "pollutants_with_violation": null, "limited_pollutants": "BOD, carbonaceous [5 day, 20 C];Flow rate;Nitrogen, ammonia, total [as NH3];Outfall observation,visual, y/n response;Oxygen, dissolved [DO];Solids, settleable;Solids, total suspended;pH", "dmr_pounds_yr": 0.0, "dmr_toxic_weighted_lb": 0.0, "penalties_usd": 0, "formal_actions_5yr": null, "informal_actions_5yr": 0, "inspections_5yr": 0, "last_inspection": "03/10/2020", "receiving_water_impaired": null, "impairment_causes": null, "sic": "9223", "naics": null, "permit_expires": "02/28/2017", "km_from_ref": 32.5, "in_echo_search_list": null, "dfr_url": "https://echo.epa.gov/detailed-facility-report?fid=NY0030660&sys=ICP", "watchlist_note": null}}, {"type": "Feature", "geometry": {"type": "Point", "coordinates": [-73.70014, 42.72572]}, "properties": {"npdes_id": "NY0030899", "facility": "COMBINED SEWER OVERFLOWS", "city": "WATERVLIET", "county": "Albany", "tier": "individual SPDES permit", "permit_type": "NPDES Individual Permit", "major_minor": "N", "permit_status": "Effective", "transect": "Hudson mainstem", "receiving_water": "HUDSON R, HUDSON RIVER", "huc8": "Middle Hudson", "design_flow_mgd": 0.0, "actual_flow_mgd": null, "compliance_status": "Violation Identified", "snc_status": null, "qtrs_noncompliance_12": 9, "qtrs_snc": 0, "missed_dmr_qtrs": null, "effluent_violations_3yr": 0, "pollutants_with_violation": null, "limited_pollutants": null, "dmr_pounds_yr": null, "dmr_toxic_weighted_lb": null, "penalties_usd": 0, "formal_actions_5yr": 3.0, "informal_actions_5yr": 0, "inspections_5yr": 5, "last_inspection": "12/09/2025", "receiving_water_impaired": "Y", "impairment_causes": "POLYCHLORINATED BIPHENYLS (PCBS)", "sic": "4952", "naics": null, "permit_expires": "01/31/2029", "km_from_ref": 43.3, "in_echo_search_list": "yes", "dfr_url": "https://echo.epa.gov/detailed-facility-report?fid=NY0030899&sys=ICP", "watchlist_note": null}}, {"type": "Feature", "geometry": {"type": "Point", "coordinates": [-73.69213, 42.74197]}, "properties": {"npdes_id": "NY0033031", "facility": "COMBINED SEWER OVERFLOWS", "city": "GREEN ISLAND", "county": "Albany", "tier": "individual SPDES permit", "permit_type": "NPDES Individual Permit", "major_minor": "N", "permit_status": "Effective", "transect": "Hudson mainstem", "receiving_water": "HUDSON R, HUDSON RIVER", "huc8": "Hudson-Hoosic", "design_flow_mgd": 0.0, "actual_flow_mgd": null, "compliance_status": "Violation Identified", "snc_status": null, "qtrs_noncompliance_12": 9, "qtrs_snc": 0, "missed_dmr_qtrs": null, "effluent_violations_3yr": 0, "pollutants_with_violation": null, "limited_pollutants": null, "dmr_pounds_yr": null, "dmr_toxic_weighted_lb": null, "penalties_usd": 0, "formal_actions_5yr": 3.0, "informal_actions_5yr": 1, "inspections_5yr": 4, "last_inspection": "11/13/2025", "receiving_water_impaired": "Y", "impairment_causes": "POLYCHLORINATED BIPHENYLS (PCBS)", "sic": "4952", "naics": null, "permit_expires": "12/31/2028", "km_from_ref": 44.8, "in_echo_search_list": null, "dfr_url": "https://echo.epa.gov/detailed-facility-report?fid=NY0033031&sys=ICP", "watchlist_note": null}}, {"type": "Feature", "geometry": {"type": "Point", "coordinates": [-73.778972, 42.790944]}, "properties": {"npdes_id": "NY0102148", "facility": "MOHAWK VIEW WATER TREATMENT PLT", "city": "LATHAM", "county": "Albany", "tier": "individual SPDES permit", "permit_type": "NPDES Individual Permit", "major_minor": "N", "permit_status": "Effective", "transect": "other / Albany metro", "receiving_water": "MOHAWK R, MOHAWK RIVER", "huc8": "Mohawk", "design_flow_mgd": null, "actual_flow_mgd": 0.375, "compliance_status": "No Violation Identified", "snc_status": null, "qtrs_noncompliance_12": 0, "qtrs_snc": 0, "missed_dmr_qtrs": null, "effluent_violations_3yr": 0, "pollutants_with_violation": null, "limited_pollutants": "Aluminum, total [as Al];Flow rate;Solids, settleable;Solids, total suspended;pH", "dmr_pounds_yr": 3323.38705621988, "dmr_toxic_weighted_lb": 21.2452069530089, "penalties_usd": 0, "formal_actions_5yr": null, "informal_actions_5yr": 0, "inspections_5yr": 4, "last_inspection": "11/19/2024", "receiving_water_impaired": null, "impairment_causes": null, "sic": "4941", "naics": null, "permit_expires": "11/30/2029", "km_from_ref": 42.9, "in_echo_search_list": null, "dfr_url": "https://echo.epa.gov/detailed-facility-report?fid=NY0102148&sys=ICP", "watchlist_note": null}}, {"type": "Feature", "geometry": {"type": "Point", "coordinates": [-73.702722, 42.754611]}, "properties": {"npdes_id": "NY0004880", "facility": "NORLITE LLC", "city": "COHOES", "county": "Albany", "tier": "individual SPDES permit", "permit_type": "NPDES Individual Permit", "major_minor": "M", "permit_status": "Admin Continued", "transect": "other / Albany metro", "receiving_water": "SAW KILL CK", "huc8": "Mohawk", "design_flow_mgd": null, "actual_flow_mgd": 0.22, "compliance_status": "Significant/Category I Noncompliance", "snc_status": "Compliance/Permit Schedule - Violations", "qtrs_noncompliance_12": 12, "qtrs_snc": 10, "missed_dmr_qtrs": null, "effluent_violations_3yr": 0, "pollutants_with_violation": null, "limited_pollutants": "Chlorine, total residual;Copper, total [as Cu];Flow rate;Solids, settleable;Solids, total suspended;Temperature, water deg. fahrenheit;Zinc, total [as Zn];pH", "dmr_pounds_yr": 7046.9079382789, "dmr_toxic_weighted_lb": 7.44586163944875, "penalties_usd": 230687, "formal_actions_5yr": 3.0, "informal_actions_5yr": 1, "inspections_5yr": 2, "last_inspection": "10/20/2022", "receiving_water_impaired": null, "impairment_causes": null, "sic": "1422 4953", "naics": null, "permit_expires": "10/31/2022", "km_from_ref": 44.9, "in_echo_search_list": null, "dfr_url": "https://echo.epa.gov/detailed-facility-report?fid=NY0004880&sys=ICP", "watchlist_note": "Norlite, Cohoes \u2014 hazardous-waste-fuelled aggregate kiln; the region's PFAS-incineration controversy site"}}, {"type": "Feature", "geometry": {"type": "Point", "coordinates": [-74.60767, 42.481467]}, "properties": {"npdes_id": "NY0212903", "facility": "JEFFERSON CENTRAL SCHOOL", "city": "JEFFERSON", "county": null, "tier": "individual SPDES permit", "permit_type": "NPDES Individual Permit", "major_minor": "N", "permit_status": "Effective", "transect": "other / Albany metro", "receiving_water": "MIDDLEBROOK", "huc8": "Upper Susquehanna", "design_flow_mgd": null, "actual_flow_mgd": null, "compliance_status": "No Violation Identified", "snc_status": null, "qtrs_noncompliance_12": 0, "qtrs_snc": 0, "missed_dmr_qtrs": null, "effluent_violations_3yr": 0, "pollutants_with_violation": null, "limited_pollutants": null, "dmr_pounds_yr": null, "dmr_toxic_weighted_lb": null, "penalties_usd": 0, "formal_actions_5yr": null, "informal_actions_5yr": 0, "inspections_5yr": 0, "last_inspection": null, "receiving_water_impaired": null, "impairment_causes": null, "sic": "8211", "naics": null, "permit_expires": "07/31/2029", "km_from_ref": 38.1, "in_echo_search_list": null, "dfr_url": "https://echo.epa.gov/detailed-facility-report?fid=NY0212903&sys=ICP", "watchlist_note": null}}, {"type": "Feature", "geometry": {"type": "Point", "coordinates": [-73.74472, 42.79515]}, "properties": {"npdes_id": "NY0191493", "facility": "COLONIE MOHAWK RIVER PARK", "city": "COHOES", "county": "Albany", "tier": "individual SPDES permit", "permit_type": "NPDES Individual Permit", "major_minor": "N", "permit_status": "Effective", "transect": "other / Albany metro", "receiving_water": "MOHAWK R", "huc8": "Mohawk", "design_flow_mgd": null, "actual_flow_mgd": null, "compliance_status": "No Violation Identified", "snc_status": null, "qtrs_noncompliance_12": 0, "qtrs_snc": 0, "missed_dmr_qtrs": null, "effluent_violations_3yr": 0, "pollutants_with_violation": null, "limited_pollutants": null, "dmr_pounds_yr": 0.0, "dmr_toxic_weighted_lb": 0.0, "penalties_usd": 0, "formal_actions_5yr": null, "informal_actions_5yr": 0, "inspections_5yr": 0, "last_inspection": "08/14/1992", "receiving_water_impaired": null, "impairment_causes": null, "sic": "8999", "naics": null, "permit_expires": "06/30/2030", "km_from_ref": 45.2, "in_echo_search_list": null, "dfr_url": "https://echo.epa.gov/detailed-facility-report?fid=NY0191493&sys=ICP", "watchlist_note": null}}, {"type": "Feature", "geometry": {"type": "Point", "coordinates": [-73.70009, 42.77462]}, "properties": {"npdes_id": "NY0031046", "facility": "COHOES (C)", "city": "COHOES", "county": "Albany", "tier": "individual SPDES permit", "permit_type": "NPDES Individual Permit", "major_minor": "N", "permit_status": "Effective", "transect": "Hudson mainstem", "receiving_water": "HUDSON RIVER, MOHAWK R, MOHAWK RIVER", "huc8": "Mohawk", "design_flow_mgd": 0.0, "actual_flow_mgd": null, "compliance_status": "Violation Identified", "snc_status": null, "qtrs_noncompliance_12": 9, "qtrs_snc": 0, "missed_dmr_qtrs": null, "effluent_violations_3yr": 0, "pollutants_with_violation": null, "limited_pollutants": null, "dmr_pounds_yr": null, "dmr_toxic_weighted_lb": null, "penalties_usd": 0, "formal_actions_5yr": 3.0, "informal_actions_5yr": 0, "inspections_5yr": 4, "last_inspection": "03/20/2026", "receiving_water_impaired": "Y", "impairment_causes": "ALUMINUM, DISSOLVED | IRON, TOTAL | PHENOL | POLYCHLORINATED BIPHENYLS (PCBS)", "sic": "4952", "naics": null, "permit_expires": "12/31/2028", "km_from_ref": 46.5, "in_echo_search_list": null, "dfr_url": "https://echo.epa.gov/detailed-facility-report?fid=NY0031046&sys=ICP", "watchlist_note": null}}, {"type": "Feature", "geometry": {"type": "Point", "coordinates": [-73.72838, 42.79963]}, "properties": {"npdes_id": "NY0223913", "facility": "AQUATIC DEVELOPMENT GROUP", "city": "COHOES", "county": "Albany", "tier": "individual SPDES permit", "permit_type": "NPDES Individual Permit", "major_minor": "N", "permit_status": "Effective", "transect": "other / Albany metro", "receiving_water": "UNNAMED TRIB TO MOHAWK RIVER", "huc8": "Mohawk", "design_flow_mgd": null, "actual_flow_mgd": null, "compliance_status": "No Violation Identified", "snc_status": null, "qtrs_noncompliance_12": 0, "qtrs_snc": 0, "missed_dmr_qtrs": null, "effluent_violations_3yr": 0, "pollutants_with_violation": null, "limited_pollutants": null, "dmr_pounds_yr": null, "dmr_toxic_weighted_lb": null, "penalties_usd": 0, "formal_actions_5yr": null, "informal_actions_5yr": 0, "inspections_5yr": 0, "last_inspection": null, "receiving_water_impaired": null, "impairment_causes": null, "sic": "8999", "naics": null, "permit_expires": "04/30/2030", "km_from_ref": 46.5, "in_echo_search_list": null, "dfr_url": "https://echo.epa.gov/detailed-facility-report?fid=NY0223913&sys=ICP", "watchlist_note": null}}, {"type": "Feature", "geometry": {"type": "Point", "coordinates": [-74.575992, 42.640402]}, "properties": {"npdes_id": "NY0103713", "facility": "RICHMONDVILLE (V) WTP", "city": "RICHMONDVILLE", "county": "Schoharie", "tier": "individual SPDES permit", "permit_type": "NPDES Individual Permit", "major_minor": "N", "permit_status": "Effective", "transect": "Schoharie Creek basin", "receiving_water": "COBLESKILL CK", "huc8": "Schoharie", "design_flow_mgd": null, "actual_flow_mgd": 0.003, "compliance_status": "No Violation Identified", "snc_status": null, "qtrs_noncompliance_12": 0, "qtrs_snc": 0, "missed_dmr_qtrs": null, "effluent_violations_3yr": 0, "pollutants_with_violation": null, "limited_pollutants": null, "dmr_pounds_yr": null, "dmr_toxic_weighted_lb": null, "penalties_usd": 0, "formal_actions_5yr": null, "informal_actions_5yr": 0, "inspections_5yr": 0, "last_inspection": "01/24/1989", "receiving_water_impaired": null, "impairment_causes": null, "sic": "4941", "naics": null, "permit_expires": "07/31/2029", "km_from_ref": 37.9, "in_echo_search_list": null, "dfr_url": "https://echo.epa.gov/detailed-facility-report?fid=NY0103713&sys=ICP", "watchlist_note": null}}, {"type": "Feature", "geometry": {"type": "Point", "coordinates": [-74.58333, 42.75]}, "properties": {"npdes_id": "NY0223433", "facility": "KELLEY PROPERTY", "city": "SHARON SPRINGS", "county": null, "tier": "individual SPDES permit", "permit_type": "NPDES Individual Permit", "major_minor": "N", "permit_status": "Effective", "transect": "other / Albany metro", "receiving_water": "UNNAMED TRIB OF FLAT CK", "huc8": "Schoharie", "design_flow_mgd": null, "actual_flow_mgd": null, "compliance_status": "No Violation Identified", "snc_status": null, "qtrs_noncompliance_12": 0, "qtrs_snc": 0, "missed_dmr_qtrs": null, "effluent_violations_3yr": 0, "pollutants_with_violation": null, "limited_pollutants": null, "dmr_pounds_yr": null, "dmr_toxic_weighted_lb": null, "penalties_usd": 0, "formal_actions_5yr": null, "informal_actions_5yr": 0, "inspections_5yr": 0, "last_inspection": null, "receiving_water_impaired": null, "impairment_causes": null, "sic": "8999", "naics": null, "permit_expires": "07/31/2031", "km_from_ref": 44.4, "in_echo_search_list": null, "dfr_url": "https://echo.epa.gov/detailed-facility-report?fid=NY0223433&sys=ICP", "watchlist_note": null}}, {"type": "Feature", "geometry": {"type": "Point", "coordinates": [-73.708712, 42.719762]}, "properties": {"npdes_id": "NYR00G293", "facility": "WATERVLIET ARSENAL", "city": "WATERVLIET", "county": "Albany", "tier": "industrial stormwater MSGP", "permit_type": "General Permit Covered Facility", "major_minor": "N", "permit_status": "Effective", "transect": "Hudson mainstem", "receiving_water": "HUDSON RIVER, HUDSON RIVER (CLASS C), MINOR TRIBS TO WEST OF HUDSON", "huc8": "Middle Hudson", "design_flow_mgd": null, "actual_flow_mgd": null, "compliance_status": "Violation Identified", "snc_status": null, "qtrs_noncompliance_12": 8, "qtrs_snc": 2, "missed_dmr_qtrs": null, "effluent_violations_3yr": 5, "pollutants_with_violation": "Copper|Solids, total suspended", "limited_pollutants": "Aluminum, total recoverable;Cadmium, total recoverable;Chemical Oxygen Demand [COD];Chromium, total recoverable;Copper, total recoverable;Iron, total recoverable;Lead, total recoverable;Nitrogen, total [as N];Oil & Grease;Solids, total suspended;Zinc, total recoverable", "dmr_pounds_yr": 0.0, "dmr_toxic_weighted_lb": 0.0, "penalties_usd": 6950, "formal_actions_5yr": 1.0, "informal_actions_5yr": 0, "inspections_5yr": 2, "last_inspection": "03/12/2026", "receiving_water_impaired": "Y", "impairment_causes": "POLYCHLORINATED BIPHENYLS (PCBS)", "sic": "3471 5093", "naics": null, "permit_expires": "03/07/2028", "km_from_ref": 42.4, "in_echo_search_list": null, "dfr_url": "https://echo.epa.gov/detailed-facility-report?fid=NYR00G293&sys=ICP", "watchlist_note": null}}, {"type": "Feature", "geometry": {"type": "Point", "coordinates": [-74.115556, 42.389722]}, "properties": {"npdes_id": "NYR00F828", "facility": "HALEON OAK HILL", "city": "EAST DURHAM", "county": "Greene", "tier": "industrial stormwater MSGP", "permit_type": "General Permit Covered Facility", "major_minor": "N", "permit_status": "Effective", "transect": "Catskill Creek \u2014 other tribs / Potic", "receiving_water": "THORP CREEK AND TRIBS", "huc8": "Middle Hudson", "design_flow_mgd": null, "actual_flow_mgd": null, "compliance_status": "No Violation Identified", "snc_status": null, "qtrs_noncompliance_12": 4, "qtrs_snc": 0, "missed_dmr_qtrs": null, "effluent_violations_3yr": 0, "pollutants_with_violation": null, "limited_pollutants": "Nitrogen, total [as N];Zinc, total recoverable", "dmr_pounds_yr": 0.0, "dmr_toxic_weighted_lb": 0.0, "penalties_usd": 0, "formal_actions_5yr": null, "informal_actions_5yr": 1, "inspections_5yr": 0, "last_inspection": "03/31/2021", "receiving_water_impaired": null, "impairment_causes": null, "sic": "2834 2841 2844", "naics": null, "permit_expires": "03/07/2028", "km_from_ref": 14.1, "in_echo_search_list": null, "dfr_url": "https://echo.epa.gov/detailed-facility-report?fid=NYR00F828&sys=ICP", "watchlist_note": null}}, {"type": "Feature", "geometry": {"type": "Point", "coordinates": [-74.041, 42.513]}, "properties": {"npdes_id": "NYR00A856", "facility": "HANNAY REELS, INC.", "city": "WESTERLO", "county": "Albany", "tier": "industrial stormwater MSGP", "permit_type": "General Permit Covered Facility", "major_minor": "N", "permit_status": "Effective", "transect": "Hannacroix \u2014 Basic Creek (upstream of reservoir/Alcove)", "receiving_water": "BASIC CREEK, UPPER, AND TRIBS", "huc8": "Middle Hudson", "design_flow_mgd": null, "actual_flow_mgd": null, "compliance_status": "Violation Identified", "snc_status": null, "qtrs_noncompliance_12": 12, "qtrs_snc": 0, "missed_dmr_qtrs": null, "effluent_violations_3yr": 0, "pollutants_with_violation": null, "limited_pollutants": "Aluminum, total recoverable;Iron, total recoverable;Nitrogen, total [as N];Zinc, total recoverable", "dmr_pounds_yr": 0.0, "dmr_toxic_weighted_lb": 0.0, "penalties_usd": 0, "formal_actions_5yr": null, "informal_actions_5yr": 0, "inspections_5yr": 0, "last_inspection": null, "receiving_water_impaired": null, "impairment_causes": null, "sic": "3499 3569", "naics": null, "permit_expires": "03/07/2028", "km_from_ref": 8.5, "in_echo_search_list": null, "dfr_url": "https://echo.epa.gov/detailed-facility-report?fid=NYR00A856&sys=ICP", "watchlist_note": "Hannay Reels, Westerlo \u2014 stormwater general permit; the only industrial permittee on the plateau"}}, {"type": "Feature", "geometry": {"type": "Point", "coordinates": [-73.934091, 42.459305]}, "properties": {"npdes_id": "NYR00E831", "facility": "MOSSY HILL QUARRY", "city": "ALCOVE", "county": "Albany", "tier": "industrial stormwater MSGP", "permit_type": "General Permit Covered Facility", "major_minor": "N", "permit_status": "Effective", "transect": "Hannacroix Creek", "receiving_water": "HANNACROIS CREEK, MIDDLE, AND TRIBS", "huc8": "Middle Hudson", "design_flow_mgd": null, "actual_flow_mgd": null, "compliance_status": "Violation Identified", "snc_status": null, "qtrs_noncompliance_12": 12, "qtrs_snc": 0, "missed_dmr_qtrs": null, "effluent_violations_3yr": 0, "pollutants_with_violation": null, "limited_pollutants": "Solids, total suspended", "dmr_pounds_yr": 0.0, "dmr_toxic_weighted_lb": 0.0, "penalties_usd": 1300, "formal_actions_5yr": 1.0, "informal_actions_5yr": 2, "inspections_5yr": 0, "last_inspection": "05/22/2013", "receiving_water_impaired": null, "impairment_causes": null, "sic": "1411", "naics": null, "permit_expires": "03/07/2028", "km_from_ref": 18.3, "in_echo_search_list": null, "dfr_url": "https://echo.epa.gov/detailed-facility-report?fid=NYR00E831&sys=ICP", "watchlist_note": null}}, {"type": "Feature", "geometry": {"type": "Point", "coordinates": [-73.964198, 42.520932]}, "properties": {"npdes_id": "NYR00C400", "facility": "ZABEL'S AUTO REPAIR", "city": "FEURA BUSH", "county": "Albany", "tier": "industrial stormwater MSGP", "permit_type": "General Permit Covered Facility", "major_minor": "N", "permit_status": "Effective", "transect": "Hannacroix Creek", "receiving_water": "HANNACROIS CREEK, MIDDLE, AND TRIBS", "huc8": "Middle Hudson", "design_flow_mgd": null, "actual_flow_mgd": null, "compliance_status": "Violation Identified", "snc_status": null, "qtrs_noncompliance_12": 12, "qtrs_snc": 0, "missed_dmr_qtrs": null, "effluent_violations_3yr": 0, "pollutants_with_violation": null, "limited_pollutants": "Aluminum, total recoverable;Benzene;Ethylbenzene;Iron, total recoverable;Lead, total recoverable;Oil & Grease;Solids, total suspended;Toluene;Xylene [mix of m+o+p]", "dmr_pounds_yr": 0.0, "dmr_toxic_weighted_lb": 0.0, "penalties_usd": 1160, "formal_actions_5yr": 1.0, "informal_actions_5yr": 2, "inspections_5yr": 0, "last_inspection": null, "receiving_water_impaired": null, "impairment_causes": null, "sic": "5015 5093", "naics": null, "permit_expires": "03/07/2028", "km_from_ref": 14.8, "in_echo_search_list": null, "dfr_url": "https://echo.epa.gov/detailed-facility-report?fid=NYR00C400&sys=ICP", "watchlist_note": null}}, {"type": "Feature", "geometry": {"type": "Point", "coordinates": [-74.188774, 42.398537]}, "properties": {"npdes_id": "NYR00F180", "facility": "TEATOR SHALE MINE", "city": "DURHAM", "county": "Greene", "tier": "industrial stormwater MSGP", "permit_type": "General Permit Covered Facility", "major_minor": "N", "permit_status": "Effective", "transect": "Catskill Creek main stem", "receiving_water": "CATSKILL CREEK, UPPER, AND MINOR TRIBS", "huc8": "Middle Hudson", "design_flow_mgd": null, "actual_flow_mgd": null, "compliance_status": "Violation Identified", "snc_status": null, "qtrs_noncompliance_12": 12, "qtrs_snc": 0, "missed_dmr_qtrs": null, "effluent_violations_3yr": 0, "pollutants_with_violation": null, "limited_pollutants": "Solids, total suspended", "dmr_pounds_yr": 0.0, "dmr_toxic_weighted_lb": 0.0, "penalties_usd": 0, "formal_actions_5yr": null, "informal_actions_5yr": 3, "inspections_5yr": 0, "last_inspection": null, "receiving_water_impaired": null, "impairment_causes": null, "sic": "1429", "naics": null, "permit_expires": "03/07/2028", "km_from_ref": 13.4, "in_echo_search_list": null, "dfr_url": "https://echo.epa.gov/detailed-facility-report?fid=NYR00F180&sys=ICP", "watchlist_note": null}}, {"type": "Feature", "geometry": {"type": "Point", "coordinates": [-73.851342, 42.523187]}, "properties": {"npdes_id": "NYR00B546", "facility": "CALLANAN INDUSTRIES SOUTH BETHLEHEM FACILITY", "city": "SOUTH BETHLEHEM", "county": "Albany", "tier": "industrial stormwater MSGP", "permit_type": "General Permit Covered Facility", "major_minor": "N", "permit_status": "Effective", "transect": "Albany-side creeks (Coeymans/Onesquethaw/Vloman)", "receiving_water": "COEYMANS CREEK AND MINOR TRIBS", "huc8": "Middle Hudson", "design_flow_mgd": null, "actual_flow_mgd": null, "compliance_status": "Violation Identified", "snc_status": null, "qtrs_noncompliance_12": 7, "qtrs_snc": 0, "missed_dmr_qtrs": null, "effluent_violations_3yr": 0, "pollutants_with_violation": null, "limited_pollutants": "Solids, total suspended", "dmr_pounds_yr": 0.0, "dmr_toxic_weighted_lb": 0.0, "penalties_usd": 0, "formal_actions_5yr": null, "informal_actions_5yr": 0, "inspections_5yr": 0, "last_inspection": null, "receiving_water_impaired": null, "impairment_causes": null, "sic": "1422 2951", "naics": null, "permit_expires": "03/07/2028", "km_from_ref": 24.1, "in_echo_search_list": null, "dfr_url": "https://echo.epa.gov/detailed-facility-report?fid=NYR00B546&sys=ICP", "watchlist_note": null}}, {"type": "Feature", "geometry": {"type": "Point", "coordinates": [-73.850425, 42.522971]}, "properties": {"npdes_id": "NYR00G553", "facility": "FABCON PRECAST", "city": "SELKIRK", "county": "Albany", "tier": "industrial stormwater MSGP", "permit_type": "General Permit Covered Facility", "major_minor": "N", "permit_status": "Effective", "transect": "Albany-side creeks (Coeymans/Onesquethaw/Vloman)", "receiving_water": "COEYMANS CREEK AND MINOR TRIBS", "huc8": "Middle Hudson", "design_flow_mgd": null, "actual_flow_mgd": null, "compliance_status": "No Violation Identified", "snc_status": null, "qtrs_noncompliance_12": 4, "qtrs_snc": 1, "missed_dmr_qtrs": null, "effluent_violations_3yr": 0, "pollutants_with_violation": null, "limited_pollutants": "Iron, total recoverable;Solids, total suspended;pH", "dmr_pounds_yr": 0.0, "dmr_toxic_weighted_lb": 0.0, "penalties_usd": 1300, "formal_actions_5yr": 1.0, "informal_actions_5yr": 3, "inspections_5yr": 3, "last_inspection": "06/17/2026", "receiving_water_impaired": null, "impairment_causes": null, "sic": "3272", "naics": null, "permit_expires": "03/07/2028", "km_from_ref": 24.1, "in_echo_search_list": null, "dfr_url": "https://echo.epa.gov/detailed-facility-report?fid=NYR00G553&sys=ICP", "watchlist_note": null}}, {"type": "Feature", "geometry": {"type": "Point", "coordinates": [-73.817091, 42.45787]}, "properties": {"npdes_id": "NYR00E968", "facility": "RAVENA PLANT", "city": "NEW BALTIMORE", "county": "Greene", "tier": "industrial stormwater MSGP", "permit_type": "General Permit Covered Facility", "major_minor": "N", "permit_status": "Effective", "transect": "Hannacroix Creek", "receiving_water": "HANNACROIS CREEK, LOWER, AND TRIBS", "huc8": "Middle Hudson", "design_flow_mgd": null, "actual_flow_mgd": null, "compliance_status": "Violation Identified", "snc_status": null, "qtrs_noncompliance_12": 9, "qtrs_snc": 0, "missed_dmr_qtrs": null, "effluent_violations_3yr": 0, "pollutants_with_violation": null, "limited_pollutants": "Iron, total recoverable;Solids, total suspended;pH", "dmr_pounds_yr": 0.0, "dmr_toxic_weighted_lb": 0.0, "penalties_usd": 3900, "formal_actions_5yr": 2.0, "informal_actions_5yr": 2, "inspections_5yr": 0, "last_inspection": null, "receiving_water_impaired": null, "impairment_causes": null, "sic": "2899 3272", "naics": null, "permit_expires": "03/07/2028", "km_from_ref": 27.6, "in_echo_search_list": null, "dfr_url": "https://echo.epa.gov/detailed-facility-report?fid=NYR00E968&sys=ICP", "watchlist_note": null}}, {"type": "Feature", "geometry": {"type": "Point", "coordinates": [-73.975886, 42.273519]}, "properties": {"npdes_id": "NYR00G794", "facility": "POST BROTHERS AUTO PARTS, INC.", "city": "CAIRO", "county": null, "tier": "industrial stormwater MSGP", "permit_type": "General Permit Covered Facility", "major_minor": "N", "permit_status": "Effective", "transect": "Catskill Creek main stem", "receiving_water": "CATSKILL CREEK, MIDDLE, AND MINOR TRIBS", "huc8": "Middle Hudson", "design_flow_mgd": null, "actual_flow_mgd": null, "compliance_status": "Significant/Category I Noncompliance", "snc_status": "Failure to Report DMR - Not Received", "qtrs_noncompliance_12": 6, "qtrs_snc": 3, "missed_dmr_qtrs": null, "effluent_violations_3yr": 0, "pollutants_with_violation": null, "limited_pollutants": "Aluminum, total recoverable;Benzene;Ethylbenzene;Iron, total recoverable;Lead, total recoverable;Oil & Grease;Solids, total suspended;Toluene;Xylene [mix of m+o+p]", "dmr_pounds_yr": 0.0, "dmr_toxic_weighted_lb": 0.0, "penalties_usd": 3900, "formal_actions_5yr": 2.0, "informal_actions_5yr": 2, "inspections_5yr": 0, "last_inspection": null, "receiving_water_impaired": null, "impairment_causes": null, "sic": "5015", "naics": null, "permit_expires": "03/07/2028", "km_from_ref": 30.2, "in_echo_search_list": null, "dfr_url": "https://echo.epa.gov/detailed-facility-report?fid=NYR00G794&sys=ICP", "watchlist_note": null}}, {"type": "Feature", "geometry": {"type": "Point", "coordinates": [-73.964, 42.266]}, "properties": {"npdes_id": "NYR00E961", "facility": "COUNTY WASTE & RECYCLING SERVICE INC.", "city": "SOUTH CAIRO", "county": "Greene", "tier": "industrial stormwater MSGP", "permit_type": "General Permit Covered Facility", "major_minor": "N", "permit_status": "Effective", "transect": "Catskill Creek main stem", "receiving_water": "CATSKILL CREEK, MIDDLE, AND MINOR TRIBS", "huc8": "Middle Hudson", "design_flow_mgd": null, "actual_flow_mgd": null, "compliance_status": "Violation Identified", "snc_status": null, "qtrs_noncompliance_12": 12, "qtrs_snc": 0, "missed_dmr_qtrs": null, "effluent_violations_3yr": 0, "pollutants_with_violation": null, "limited_pollutants": "Aluminum, total recoverable;Benzene;Cadmium, total recoverable;Chemical Oxygen Demand [COD];Chromium, total recoverable;Copper, total recoverable;Ethylbenzene;Iron, total recoverable;Lead, total recoverable;Oil & Grease;Solids, total suspended;Toluene;Xylene [mix of m+o+p];Zinc, total recoverable", "dmr_pounds_yr": 0.0, "dmr_toxic_weighted_lb": 0.0, "penalties_usd": 0, "formal_actions_5yr": null, "informal_actions_5yr": 0, "inspections_5yr": 0, "last_inspection": null, "receiving_water_impaired": null, "impairment_causes": null, "sic": "4212 5093", "naics": null, "permit_expires": "03/07/2028", "km_from_ref": 31.4, "in_echo_search_list": null, "dfr_url": "https://echo.epa.gov/detailed-facility-report?fid=NYR00E961&sys=ICP", "watchlist_note": null}}, {"type": "Feature", "geometry": {"type": "Point", "coordinates": [-73.802352, 42.48972]}, "properties": {"npdes_id": "NYR00H098", "facility": "HEIDELBERG MATERIALS CIP NORTH PAD", "city": "COEYMANS", "county": "Albany", "tier": "industrial stormwater MSGP", "permit_type": "General Permit Covered Facility", "major_minor": "N", "permit_status": "Effective", "transect": "Albany-side creeks (Coeymans/Onesquethaw/Vloman)", "receiving_water": "COEYMANS CREEK AND MINOR TRIBS", "huc8": "Middle Hudson", "design_flow_mgd": null, "actual_flow_mgd": null, "compliance_status": "No Violation Identified", "snc_status": null, "qtrs_noncompliance_12": 1, "qtrs_snc": 0, "missed_dmr_qtrs": null, "effluent_violations_3yr": 0, "pollutants_with_violation": null, "limited_pollutants": "Aluminum, total recoverable;Cadmium, total recoverable;Chemical Oxygen Demand [COD];Chromium, total recoverable;Copper, total recoverable;Iron, total recoverable;Lead, total recoverable;Oil & Grease;Solids, total suspended;Zinc, total recoverable;pH", "dmr_pounds_yr": 0.0, "dmr_toxic_weighted_lb": 0.0, "penalties_usd": 0, "formal_actions_5yr": null, "informal_actions_5yr": 0, "inspections_5yr": 1, "last_inspection": "08/01/2025", "receiving_water_impaired": null, "impairment_causes": null, "sic": "2951 5093", "naics": null, "permit_expires": "03/07/2028", "km_from_ref": 28.2, "in_echo_search_list": null, "dfr_url": "https://echo.epa.gov/detailed-facility-report?fid=NYR00H098&sys=ICP", "watchlist_note": null}}, {"type": "Feature", "geometry": {"type": "Point", "coordinates": [-73.80137, 42.48441]}, "properties": {"npdes_id": "NYR00F504", "facility": "TCI OF NY, LLC", "city": "COEYMANS", "county": "Albany", "tier": "industrial stormwater MSGP", "permit_type": "General Permit Covered Facility", "major_minor": "N", "permit_status": "Effective", "transect": "Albany-side creeks (Coeymans/Onesquethaw/Vloman)", "receiving_water": "COEYMANS CREEK, COEYMANS CREEK AND MINOR TRIBS", "huc8": "Middle Hudson", "design_flow_mgd": null, "actual_flow_mgd": null, "compliance_status": "No Violation Identified", "snc_status": null, "qtrs_noncompliance_12": 3, "qtrs_snc": 0, "missed_dmr_qtrs": null, "effluent_violations_3yr": 0, "pollutants_with_violation": null, "limited_pollutants": "Aluminum, total recoverable;Arsenic, total recoverable;Benzene;Cadmium, total recoverable;Chemical Oxygen Demand [COD];Chromium, total recoverable;Copper, total recoverable;Cyanide, total [as CN];Ethylbenzene;Iron, total recoverable;Lead, total recoverable;Magnesium, total recoverable;Nitrogen, total [as N];Oil & Grease;Selenium, total recoverable;Silver total recoverable;Solids, total suspended;Toluene;Xylene [mix of m+o+p];Zinc, total recoverable", "dmr_pounds_yr": 0.0, "dmr_toxic_weighted_lb": 0.0, "penalties_usd": 0, "formal_actions_5yr": null, "informal_actions_5yr": 0, "inspections_5yr": 1, "last_inspection": "03/26/2026", "receiving_water_impaired": null, "impairment_causes": null, "sic": "4212 5093", "naics": null, "permit_expires": "03/07/2028", "km_from_ref": 28.3, "in_echo_search_list": null, "dfr_url": "https://echo.epa.gov/detailed-facility-report?fid=NYR00F504&sys=ICP", "watchlist_note": null}}, {"type": "Feature", "geometry": {"type": "Point", "coordinates": [-73.79507, 42.47911]}, "properties": {"npdes_id": "NYR00F372", "facility": "COEYMANS RECYCLING CENTER, LLC", "city": "RAVENA", "county": "Albany", "tier": "industrial stormwater MSGP", "permit_type": "General Permit Covered Facility", "major_minor": "N", "permit_status": "Effective", "transect": "Albany-side creeks (Coeymans/Onesquethaw/Vloman)", "receiving_water": "COEYMANS CREEK AND MINOR TRIBS", "huc8": "Middle Hudson", "design_flow_mgd": null, "actual_flow_mgd": null, "compliance_status": "Violation Identified", "snc_status": null, "qtrs_noncompliance_12": 12, "qtrs_snc": 0, "missed_dmr_qtrs": null, "effluent_violations_3yr": 0, "pollutants_with_violation": null, "limited_pollutants": "Aluminum, total recoverable;Benzene;Cadmium, total recoverable;Chemical Oxygen Demand [COD];Chromium, total recoverable;Copper, total recoverable;Ethylbenzene;Iron, total recoverable;Lead, total recoverable;Nitrogen, total [as N];Oil & Grease;Solids, total suspended;Toluene;Xylene [mix of m+o+p];Zinc, total recoverable;pH", "dmr_pounds_yr": 0.0, "dmr_toxic_weighted_lb": 0.0, "penalties_usd": 650, "formal_actions_5yr": 1.0, "informal_actions_5yr": 1, "inspections_5yr": 1, "last_inspection": "08/08/2025", "receiving_water_impaired": "Y", "impairment_causes": "POLYCHLORINATED BIPHENYLS (PCBS)", "sic": "2821 3295 3441 4225 5093", "naics": null, "permit_expires": "03/07/2028", "km_from_ref": 28.9, "in_echo_search_list": null, "dfr_url": "https://echo.epa.gov/detailed-facility-report?fid=NYR00F372&sys=ICP", "watchlist_note": null}}, {"type": "Feature", "geometry": {"type": "Point", "coordinates": [-73.872528, 42.582912]}, "properties": {"npdes_id": "NYR00F831", "facility": "NSM -ALBANY", "city": "FEURA BUSH", "county": "Albany", "tier": "industrial stormwater MSGP", "permit_type": "General Permit Covered Facility", "major_minor": "N", "permit_status": "Effective", "transect": "Albany-side creeks (Coeymans/Onesquethaw/Vloman)", "receiving_water": "COEYMANS CREEK AND MINOR TRIBS", "huc8": "Middle Hudson", "design_flow_mgd": null, "actual_flow_mgd": null, "compliance_status": "No Violation Identified", "snc_status": null, "qtrs_noncompliance_12": 3, "qtrs_snc": 0, "missed_dmr_qtrs": null, "effluent_violations_3yr": 0, "pollutants_with_violation": null, "limited_pollutants": "Aluminum, total recoverable;Iron, total recoverable;Nitrogen, total [as N]", "dmr_pounds_yr": 0.0, "dmr_toxic_weighted_lb": 0.0, "penalties_usd": 0, "formal_actions_5yr": null, "informal_actions_5yr": 0, "inspections_5yr": 1, "last_inspection": "12/13/2022", "receiving_water_impaired": null, "impairment_causes": null, "sic": "2813", "naics": null, "permit_expires": "03/07/2028", "km_from_ref": 23.6, "in_echo_search_list": null, "dfr_url": "https://echo.epa.gov/detailed-facility-report?fid=NYR00F831&sys=ICP", "watchlist_note": null}}, {"type": "Feature", "geometry": {"type": "Point", "coordinates": [-73.79308, 42.47926]}, "properties": {"npdes_id": "NYR00F440", "facility": "PORT OF COEYMANS", "city": "COEYMANS", "county": "Albany", "tier": "industrial stormwater MSGP", "permit_type": "General Permit Covered Facility", "major_minor": "N", "permit_status": "Effective", "transect": "Hudson mainstem", "receiving_water": "HUDSON RIVER (CLASS C)", "huc8": "Middle Hudson", "design_flow_mgd": null, "actual_flow_mgd": null, "compliance_status": "Violation Identified", "snc_status": null, "qtrs_noncompliance_12": 12, "qtrs_snc": 0, "missed_dmr_qtrs": null, "effluent_violations_3yr": 0, "pollutants_with_violation": null, "limited_pollutants": "Aluminum, total recoverable;Iron, total recoverable;Lead, total recoverable;Nitrogen, total [as N];Solids, total suspended;Zinc, total recoverable;pH", "dmr_pounds_yr": 0.0, "dmr_toxic_weighted_lb": 0.0, "penalties_usd": 0, "formal_actions_5yr": null, "informal_actions_5yr": 0, "inspections_5yr": 3, "last_inspection": "07/30/2025", "receiving_water_impaired": "Y", "impairment_causes": "POLYCHLORINATED BIPHENYLS (PCBS)", "sic": "1422 1429 1442 3272 3441 3731 4491", "naics": null, "permit_expires": "03/07/2028", "km_from_ref": 29.1, "in_echo_search_list": null, "dfr_url": "https://echo.epa.gov/detailed-facility-report?fid=NYR00F440&sys=ICP", "watchlist_note": null}}, {"type": "Feature", "geometry": {"type": "Point", "coordinates": [-73.867541, 42.583541]}, "properties": {"npdes_id": "NYR00A849", "facility": "OWENS CORNING INSULATING SYSTEMS", "city": "FEURA BUSH", "county": "Albany", "tier": "industrial stormwater MSGP", "permit_type": "General Permit Covered Facility", "major_minor": "N", "permit_status": "Effective", "transect": "other / Albany metro", "receiving_water": "VOLMAN KILL, UPPER, AND TRIBS", "huc8": "Middle Hudson", "design_flow_mgd": null, "actual_flow_mgd": null, "compliance_status": "No Violation Identified", "snc_status": null, "qtrs_noncompliance_12": 5, "qtrs_snc": 0, "missed_dmr_qtrs": null, "effluent_violations_3yr": 0, "pollutants_with_violation": null, "limited_pollutants": null, "dmr_pounds_yr": null, "dmr_toxic_weighted_lb": null, "penalties_usd": 0, "formal_actions_5yr": null, "informal_actions_5yr": 0, "inspections_5yr": 1, "last_inspection": "06/17/2025", "receiving_water_impaired": null, "impairment_causes": null, "sic": "3296", "naics": null, "permit_expires": "03/07/2028", "km_from_ref": 24.0, "in_echo_search_list": null, "dfr_url": "https://echo.epa.gov/detailed-facility-report?fid=NYR00A849&sys=ICP", "watchlist_note": "Owens Corning insulation, Feura Bush \u2014 stormwater general permit only; process water goes to the Bethlehem sewer (no DMR loads to show)"}}, {"type": "Feature", "geometry": {"type": "Point", "coordinates": [-73.81484, 42.54471]}, "properties": {"npdes_id": "NYR00H218", "facility": "DIVERSIFIED AUTOMOTIVE BRIDGE STREET SHOP", "city": "SELKIRK", "county": "Albany", "tier": "industrial stormwater MSGP", "permit_type": "General Permit Covered Facility", "major_minor": "N", "permit_status": "Effective", "transect": "Albany-side creeks (Coeymans/Onesquethaw/Vloman)", "receiving_water": "VLOMAN KILL, UPPER, AND TRIBS", "huc8": "Middle Hudson", "design_flow_mgd": null, "actual_flow_mgd": null, "compliance_status": "No Violation Identified", "snc_status": null, "qtrs_noncompliance_12": 0, "qtrs_snc": 0, "missed_dmr_qtrs": null, "effluent_violations_3yr": 0, "pollutants_with_violation": null, "limited_pollutants": "Benzene;Chemical Oxygen Demand [COD];Ethylbenzene;Oil & Grease;Toluene;Xylene [mix of m+o+p]", "dmr_pounds_yr": null, "dmr_toxic_weighted_lb": null, "penalties_usd": 0, "formal_actions_5yr": null, "informal_actions_5yr": 0, "inspections_5yr": 0, "last_inspection": null, "receiving_water_impaired": null, "impairment_causes": null, "sic": "4231", "naics": null, "permit_expires": "03/07/2028", "km_from_ref": 27.2, "in_echo_search_list": null, "dfr_url": "https://echo.epa.gov/detailed-facility-report?fid=NYR00H218&sys=ICP", "watchlist_note": null}}, {"type": "Feature", "geometry": {"type": "Point", "coordinates": [-73.83332, 42.56551]}, "properties": {"npdes_id": "NYR00H217", "facility": "DIVERSIFIED AUTOMOTIVE OPERATIONS CENTER", "city": "SELKIRK", "county": "Albany", "tier": "industrial stormwater MSGP", "permit_type": "General Permit Covered Facility", "major_minor": "N", "permit_status": "Effective", "transect": "Albany-side creeks (Coeymans/Onesquethaw/Vloman)", "receiving_water": "VLOMAN KILL, UPPER, AND TRIBS", "huc8": "Middle Hudson", "design_flow_mgd": null, "actual_flow_mgd": null, "compliance_status": "No Violation Identified", "snc_status": null, "qtrs_noncompliance_12": 0, "qtrs_snc": 0, "missed_dmr_qtrs": null, "effluent_violations_3yr": 0, "pollutants_with_violation": null, "limited_pollutants": "Benzene;Chemical Oxygen Demand [COD];Ethylbenzene;Oil & Grease;Toluene;Xylene [mix of m+o+p]", "dmr_pounds_yr": null, "dmr_toxic_weighted_lb": null, "penalties_usd": 0, "formal_actions_5yr": null, "informal_actions_5yr": 0, "inspections_5yr": 0, "last_inspection": null, "receiving_water_impaired": null, "impairment_causes": null, "sic": "4213", "naics": null, "permit_expires": "03/07/2028", "km_from_ref": 26.1, "in_echo_search_list": null, "dfr_url": "https://echo.epa.gov/detailed-facility-report?fid=NYR00H217&sys=ICP", "watchlist_note": null}}, {"type": "Feature", "geometry": {"type": "Point", "coordinates": [-73.839693, 42.28652]}, "properties": {"npdes_id": "NYR00G736", "facility": "CULPEPER WOOD PRESERVERS - ATHENS", "city": "ATHENS", "county": "Greene", "tier": "industrial stormwater MSGP", "permit_type": "General Permit Covered Facility", "major_minor": "N", "permit_status": "Effective", "transect": "other / Albany metro", "receiving_water": "MURDERS CREEK AND TRIBS", "huc8": "Middle Hudson", "design_flow_mgd": null, "actual_flow_mgd": null, "compliance_status": "No Violation Identified", "snc_status": null, "qtrs_noncompliance_12": 9, "qtrs_snc": 6, "missed_dmr_qtrs": null, "effluent_violations_3yr": 0, "pollutants_with_violation": null, "limited_pollutants": "Arsenic, total recoverable;Chromium, total recoverable;Copper, total recoverable", "dmr_pounds_yr": 0.0, "dmr_toxic_weighted_lb": 0.0, "penalties_usd": 4080, "formal_actions_5yr": 2.0, "informal_actions_5yr": 1, "inspections_5yr": 0, "last_inspection": null, "receiving_water_impaired": null, "impairment_causes": null, "sic": "2491", "naics": null, "permit_expires": "03/07/2028", "km_from_ref": 35.6, "in_echo_search_list": null, "dfr_url": "https://echo.epa.gov/detailed-facility-report?fid=NYR00G736&sys=ICP", "watchlist_note": null}}, {"type": "Feature", "geometry": {"type": "Point", "coordinates": [-73.84048, 42.28558]}, "properties": {"npdes_id": "NYR00E800", "facility": "ATHENS PLANT #60", "city": "ATHENS", "county": "Greene", "tier": "industrial stormwater MSGP", "permit_type": "General Permit Covered Facility", "major_minor": "N", "permit_status": "Effective", "transect": "other / Albany metro", "receiving_water": "MURDERS CREEK AND TRIBS", "huc8": "Middle Hudson", "design_flow_mgd": null, "actual_flow_mgd": null, "compliance_status": "Violation Identified", "snc_status": null, "qtrs_noncompliance_12": 12, "qtrs_snc": 0, "missed_dmr_qtrs": null, "effluent_violations_3yr": 0, "pollutants_with_violation": null, "limited_pollutants": "Benzene;Chemical Oxygen Demand [COD];Ethylbenzene;Oil & Grease;Solids, total suspended;Toluene;Xylene [mix of m+o+p]", "dmr_pounds_yr": 0.0, "dmr_toxic_weighted_lb": 0.0, "penalties_usd": 0, "formal_actions_5yr": null, "informal_actions_5yr": 0, "inspections_5yr": 1, "last_inspection": "11/21/2023", "receiving_water_impaired": null, "impairment_causes": null, "sic": "2951 4011", "naics": null, "permit_expires": "03/07/2028", "km_from_ref": 35.7, "in_echo_search_list": null, "dfr_url": "https://echo.epa.gov/detailed-facility-report?fid=NYR00E800&sys=ICP", "watchlist_note": null}}, {"type": "Feature", "geometry": {"type": "Point", "coordinates": [-73.90332, 42.24088]}, "properties": {"npdes_id": "NYR00G216", "facility": "CALVETTA AUTO SALES", "city": "CATSKILL", "county": "Greene", "tier": "industrial stormwater MSGP", "permit_type": "General Permit Covered Facility", "major_minor": "N", "permit_status": "Effective", "transect": "Catskill Creek main stem", "receiving_water": "CATSKILL CREEK, MIDDLE, AND MINOR TRIBS", "huc8": "Middle Hudson", "design_flow_mgd": null, "actual_flow_mgd": null, "compliance_status": "Violation Identified", "snc_status": null, "qtrs_noncompliance_12": 12, "qtrs_snc": 4, "missed_dmr_qtrs": null, "effluent_violations_3yr": 0, "pollutants_with_violation": null, "limited_pollutants": "Aluminum, total recoverable;Cadmium, total recoverable;Chemical Oxygen Demand [COD];Chromium, total recoverable;Copper, total recoverable;Iron, total recoverable;Lead, total recoverable;Oil & Grease;Solids, total suspended;Zinc, total recoverable", "dmr_pounds_yr": 0.0, "dmr_toxic_weighted_lb": 0.0, "penalties_usd": 0, "formal_actions_5yr": null, "informal_actions_5yr": 1, "inspections_5yr": 0, "last_inspection": null, "receiving_water_impaired": null, "impairment_causes": null, "sic": "5015 5093", "naics": null, "permit_expires": "03/07/2028", "km_from_ref": 36.3, "in_echo_search_list": null, "dfr_url": "https://echo.epa.gov/detailed-facility-report?fid=NYR00G216&sys=ICP", "watchlist_note": null}}, {"type": "Feature", "geometry": {"type": "Point", "coordinates": [-73.86449, 42.23726]}, "properties": {"npdes_id": "NYR00E351", "facility": "FIRST STUDENT, INC. #20655", "city": "CATSKILL", "county": "Greene", "tier": "industrial stormwater MSGP", "permit_type": "General Permit Covered Facility", "major_minor": "N", "permit_status": "Effective", "transect": "other / Albany metro", "receiving_water": "VAN HOZEN KILL AND TRIBS", "huc8": "Middle Hudson", "design_flow_mgd": null, "actual_flow_mgd": null, "compliance_status": "No Violation Identified", "snc_status": null, "qtrs_noncompliance_12": 3, "qtrs_snc": 0, "missed_dmr_qtrs": null, "effluent_violations_3yr": 0, "pollutants_with_violation": null, "limited_pollutants": "Benzene;Chemical Oxygen Demand [COD];Ethylbenzene;Oil & Grease;Toluene;Xylene [mix of m+o+p]", "dmr_pounds_yr": 0.0, "dmr_toxic_weighted_lb": 0.0, "penalties_usd": 0, "formal_actions_5yr": null, "informal_actions_5yr": 0, "inspections_5yr": 0, "last_inspection": null, "receiving_water_impaired": null, "impairment_causes": null, "sic": "4151", "naics": null, "permit_expires": "03/07/2028", "km_from_ref": 38.5, "in_echo_search_list": null, "dfr_url": "https://echo.epa.gov/detailed-facility-report?fid=NYR00E351&sys=ICP", "watchlist_note": null}}, {"type": "Feature", "geometry": {"type": "Point", "coordinates": [-73.86311, 42.23709]}, "properties": {"npdes_id": "NYR00H267", "facility": "HUDSON WASTE CONTAINER, INC.", "city": "CATSKILL", "county": "Greene", "tier": "industrial stormwater MSGP", "permit_type": "General Permit Covered Facility", "major_minor": "N", "permit_status": "Effective", "transect": "other / Albany metro", "receiving_water": "VAN HOZEN KILL AND TRIBS", "huc8": "Middle Hudson", "design_flow_mgd": null, "actual_flow_mgd": null, "compliance_status": "No Violation Identified", "snc_status": null, "qtrs_noncompliance_12": 0, "qtrs_snc": 0, "missed_dmr_qtrs": null, "effluent_violations_3yr": 0, "pollutants_with_violation": null, "limited_pollutants": "Aluminum, total recoverable;Cadmium, total recoverable;Chemical Oxygen Demand [COD];Chromium, total recoverable;Copper, total recoverable;Iron, total recoverable;Lead, total recoverable;Oil & Grease;Solids, total suspended;Zinc, total recoverable", "dmr_pounds_yr": null, "dmr_toxic_weighted_lb": null, "penalties_usd": 0, "formal_actions_5yr": null, "informal_actions_5yr": 0, "inspections_5yr": 0, "last_inspection": null, "receiving_water_impaired": null, "impairment_causes": null, "sic": "5093", "naics": null, "permit_expires": "03/07/2028", "km_from_ref": 38.6, "in_echo_search_list": null, "dfr_url": "https://echo.epa.gov/detailed-facility-report?fid=NYR00H267&sys=ICP", "watchlist_note": null}}, {"type": "Feature", "geometry": {"type": "Point", "coordinates": [-73.868886, 42.645591]}, "properties": {"npdes_id": "NYR00H085", "facility": "PLUG POWER INC.", "city": "SLINGERLANDS", "county": "Albany", "tier": "industrial stormwater MSGP", "permit_type": "General Permit Covered Facility", "major_minor": "N", "permit_status": "Effective", "transect": "other / Albany metro", "receiving_water": "NORMANS KILL, LOWER, AND MINOR TRIBS", "huc8": "Middle Hudson", "design_flow_mgd": null, "actual_flow_mgd": null, "compliance_status": "No Violation Identified", "snc_status": null, "qtrs_noncompliance_12": 1, "qtrs_snc": 0, "missed_dmr_qtrs": null, "effluent_violations_3yr": 0, "pollutants_with_violation": null, "limited_pollutants": "Copper, total recoverable;Lead, total recoverable;Solids, total suspended", "dmr_pounds_yr": 0.0, "dmr_toxic_weighted_lb": 0.0, "penalties_usd": 0, "formal_actions_5yr": null, "informal_actions_5yr": 0, "inspections_5yr": 0, "last_inspection": null, "receiving_water_impaired": null, "impairment_causes": null, "sic": "3629", "naics": null, "permit_expires": "03/07/2028", "km_from_ref": 26.9, "in_echo_search_list": null, "dfr_url": "https://echo.epa.gov/detailed-facility-report?fid=NYR00H085&sys=ICP", "watchlist_note": null}}, {"type": "Feature", "geometry": {"type": "Point", "coordinates": [-73.859, 42.239]}, "properties": {"npdes_id": "NYR00G610", "facility": "CATSKILL TRANSFER STATION", "city": "CATSKILL", "county": "Greene", "tier": "industrial stormwater MSGP", "permit_type": "General Permit Covered Facility", "major_minor": "N", "permit_status": "Effective", "transect": "Hudson mainstem", "receiving_water": "MINOR TRIBS TO WEST OF HUDSON", "huc8": "Middle Hudson", "design_flow_mgd": null, "actual_flow_mgd": null, "compliance_status": "No Violation Identified", "snc_status": null, "qtrs_noncompliance_12": 3, "qtrs_snc": 0, "missed_dmr_qtrs": null, "effluent_violations_3yr": 0, "pollutants_with_violation": null, "limited_pollutants": "Aluminum, total recoverable;Benzene;Cadmium, total recoverable;Chemical Oxygen Demand [COD];Chromium, total recoverable;Copper, total recoverable;Ethylbenzene;Iron, total recoverable;Lead, total recoverable;Oil & Grease;Solids, total suspended;Toluene;Xylene [mix of m+o+p];Zinc, total recoverable", "dmr_pounds_yr": 0.0, "dmr_toxic_weighted_lb": 0.0, "penalties_usd": 0, "formal_actions_5yr": null, "informal_actions_5yr": 1, "inspections_5yr": 0, "last_inspection": null, "receiving_water_impaired": null, "impairment_causes": null, "sic": "5093", "naics": null, "permit_expires": "03/07/2028", "km_from_ref": 38.6, "in_echo_search_list": null, "dfr_url": "https://echo.epa.gov/detailed-facility-report?fid=NYR00G610&sys=ICP", "watchlist_note": null}}, {"type": "Feature", "geometry": {"type": "Point", "coordinates": [-73.865605, 42.231917]}, "properties": {"npdes_id": "NYR00G827", "facility": "POST BROTHERS AUTO PARTS, INC.", "city": "CATSKILL", "county": null, "tier": "industrial stormwater MSGP", "permit_type": "General Permit Covered Facility", "major_minor": "N", "permit_status": "Effective", "transect": "other / Albany metro", "receiving_water": "VAN HOZEN KILL AND TRIBS", "huc8": "Middle Hudson", "design_flow_mgd": null, "actual_flow_mgd": null, "compliance_status": "Significant/Category I Noncompliance", "snc_status": "Failure to Report DMR - Not Received", "qtrs_noncompliance_12": 6, "qtrs_snc": 3, "missed_dmr_qtrs": null, "effluent_violations_3yr": 0, "pollutants_with_violation": null, "limited_pollutants": "Aluminum, total recoverable;Benzene;Ethylbenzene;Iron, total recoverable;Lead, total recoverable;Oil & Grease;Solids, total suspended;Toluene;Xylene [mix of m+o+p]", "dmr_pounds_yr": 0.0, "dmr_toxic_weighted_lb": 0.0, "penalties_usd": 1300, "formal_actions_5yr": 1.0, "informal_actions_5yr": 2, "inspections_5yr": 0, "last_inspection": null, "receiving_water_impaired": null, "impairment_causes": null, "sic": "5015", "naics": null, "permit_expires": "03/07/2028", "km_from_ref": 38.9, "in_echo_search_list": null, "dfr_url": "https://echo.epa.gov/detailed-facility-report?fid=NYR00G827&sys=ICP", "watchlist_note": null}}, {"type": "Feature", "geometry": {"type": "Point", "coordinates": [-73.903798, 42.210841]}, "properties": {"npdes_id": "NYR00B419", "facility": "CATSKILL PLANT #51", "city": "CATSKILL", "county": "Greene", "tier": "industrial stormwater MSGP", "permit_type": "General Permit Covered Facility", "major_minor": "N", "permit_status": "Effective", "transect": "other / Albany metro", "receiving_water": "KAATERSKILL CR, LOWER, AND TRIBS", "huc8": "Middle Hudson", "design_flow_mgd": null, "actual_flow_mgd": null, "compliance_status": "No Violation Identified", "snc_status": null, "qtrs_noncompliance_12": 3, "qtrs_snc": 0, "missed_dmr_qtrs": null, "effluent_violations_3yr": 0, "pollutants_with_violation": null, "limited_pollutants": "Solids, total suspended", "dmr_pounds_yr": 0.0, "dmr_toxic_weighted_lb": 0.0, "penalties_usd": 0, "formal_actions_5yr": null, "informal_actions_5yr": 0, "inspections_5yr": 0, "last_inspection": null, "receiving_water_impaired": null, "impairment_causes": null, "sic": "1422", "naics": null, "permit_expires": "03/07/2028", "km_from_ref": 39.1, "in_echo_search_list": null, "dfr_url": "https://echo.epa.gov/detailed-facility-report?fid=NYR00B419&sys=ICP", "watchlist_note": null}}, {"type": "Feature", "geometry": {"type": "Point", "coordinates": [-74.148597, 42.197858]}, "properties": {"npdes_id": "NYR00F855", "facility": "TANNERSVILLE TERMINALS LLC", "city": "TANNERSVILLE", "county": "Greene", "tier": "industrial stormwater MSGP", "permit_type": "General Permit Covered Facility", "major_minor": "N", "permit_status": "Effective", "transect": "Schoharie Creek basin", "receiving_water": "MINOR TRIBS TO SCHOHARIE CREEK", "huc8": "Schoharie", "design_flow_mgd": null, "actual_flow_mgd": null, "compliance_status": "Violation Identified", "snc_status": null, "qtrs_noncompliance_12": 8, "qtrs_snc": 0, "missed_dmr_qtrs": null, "effluent_violations_3yr": 0, "pollutants_with_violation": null, "limited_pollutants": "Benzene;Chemical Oxygen Demand [COD];Ethylbenzene;Oil & Grease;Toluene;Xylene [mix of m+o+p]", "dmr_pounds_yr": 0.0, "dmr_toxic_weighted_lb": 0.0, "penalties_usd": 0, "formal_actions_5yr": null, "informal_actions_5yr": 2, "inspections_5yr": 0, "last_inspection": null, "receiving_water_impaired": null, "impairment_causes": null, "sic": "5171", "naics": null, "permit_expires": "03/07/2028", "km_from_ref": 35.2, "in_echo_search_list": null, "dfr_url": "https://echo.epa.gov/detailed-facility-report?fid=NYR00F855&sys=ICP", "watchlist_note": null}}, {"type": "Feature", "geometry": {"type": "Point", "coordinates": [-73.76851, 42.589053]}, "properties": {"npdes_id": "NYR00G112", "facility": "AIR PRODUCTS AND CHEMICALS, INC.", "city": "GLENMONT", "county": "Albany", "tier": "industrial stormwater MSGP", "permit_type": "General Permit Covered Facility", "major_minor": "N", "permit_status": "Effective", "transect": "Hudson mainstem", "receiving_water": "MINOR TRIBS TO WEST OF HUDSON", "huc8": "Middle Hudson", "design_flow_mgd": null, "actual_flow_mgd": null, "compliance_status": "No Violation Identified", "snc_status": null, "qtrs_noncompliance_12": 3, "qtrs_snc": 0, "missed_dmr_qtrs": null, "effluent_violations_3yr": 0, "pollutants_with_violation": null, "limited_pollutants": "Aluminum, total recoverable;Iron, total recoverable;Nitrogen, total [as N]", "dmr_pounds_yr": 0.0, "dmr_toxic_weighted_lb": 0.0, "penalties_usd": 0, "formal_actions_5yr": null, "informal_actions_5yr": 0, "inspections_5yr": 1, "last_inspection": "06/01/2023", "receiving_water_impaired": null, "impairment_causes": null, "sic": "2813", "naics": null, "permit_expires": "03/07/2028", "km_from_ref": 31.9, "in_echo_search_list": null, "dfr_url": "https://echo.epa.gov/detailed-facility-report?fid=NYR00G112&sys=ICP", "watchlist_note": null}}, {"type": "Feature", "geometry": {"type": "Point", "coordinates": [-73.892016, 42.212642]}, "properties": {"npdes_id": "NYR00D071", "facility": "CRANESVILLE BLOCK CO.-CATSKILL", "city": "CATSKILL", "county": "Greene", "tier": "industrial stormwater MSGP", "permit_type": "General Permit Covered Facility", "major_minor": "N", "permit_status": "Effective", "transect": "other / Albany metro", "receiving_water": "KAATERSKILL CR, LOWER, AND TRIBS", "huc8": "Middle Hudson", "design_flow_mgd": null, "actual_flow_mgd": null, "compliance_status": "Violation Identified", "snc_status": null, "qtrs_noncompliance_12": 4, "qtrs_snc": 0, "missed_dmr_qtrs": null, "effluent_violations_3yr": 0, "pollutants_with_violation": null, "limited_pollutants": "Benzene;Chemical Oxygen Demand [COD];Ethylbenzene;Iron, total recoverable;Oil & Grease;Solids, total suspended;Toluene;Xylene [mix of m+o+p];pH", "dmr_pounds_yr": 0.0, "dmr_toxic_weighted_lb": 0.0, "penalties_usd": 0, "formal_actions_5yr": null, "informal_actions_5yr": 0, "inspections_5yr": 0, "last_inspection": null, "receiving_water_impaired": null, "impairment_causes": null, "sic": "3271 3273 4212", "naics": null, "permit_expires": "03/07/2028", "km_from_ref": 39.5, "in_echo_search_list": null, "dfr_url": "https://echo.epa.gov/detailed-facility-report?fid=NYR00D071&sys=ICP", "watchlist_note": null}}, {"type": "Feature", "geometry": {"type": "Point", "coordinates": [-73.96, 42.688]}, "properties": {"npdes_id": "NYR00G713", "facility": "MCLANE ALBANY", "city": "GUILDERLAND CENTER", "county": "Albany", "tier": "industrial stormwater MSGP", "permit_type": "General Permit Covered Facility", "major_minor": "N", "permit_status": "Effective", "transect": "other / Albany metro", "receiving_water": "BLACK CREEK AND TRIBS", "huc8": "Middle Hudson", "design_flow_mgd": null, "actual_flow_mgd": null, "compliance_status": "Violation Identified", "snc_status": null, "qtrs_noncompliance_12": 8, "qtrs_snc": 0, "missed_dmr_qtrs": null, "effluent_violations_3yr": 0, "pollutants_with_violation": null, "limited_pollutants": "Benzene;Chemical Oxygen Demand [COD];Ethylbenzene;Oil & Grease;Toluene;Xylene [mix of m+o+p]", "dmr_pounds_yr": 0.0, "dmr_toxic_weighted_lb": 0.0, "penalties_usd": 0, "formal_actions_5yr": null, "informal_actions_5yr": 1, "inspections_5yr": 0, "last_inspection": null, "receiving_water_impaired": null, "impairment_causes": null, "sic": "2015 4225 5141", "naics": null, "permit_expires": "03/07/2028", "km_from_ref": 24.5, "in_echo_search_list": null, "dfr_url": "https://echo.epa.gov/detailed-facility-report?fid=NYR00G713&sys=ICP", "watchlist_note": null}}, {"type": "Feature", "geometry": {"type": "Point", "coordinates": [-73.7672, 42.5906]}, "properties": {"npdes_id": "NYR00G771", "facility": "INNOVATIVE SURFACE SOLUTIONS", "city": "GLENMONT", "county": "Albany", "tier": "industrial stormwater MSGP", "permit_type": "General Permit Covered Facility", "major_minor": "N", "permit_status": "Effective", "transect": "Hudson mainstem", "receiving_water": "MINOR TRIBS TO WEST OF HUDSON", "huc8": "Middle Hudson", "design_flow_mgd": null, "actual_flow_mgd": null, "compliance_status": "No Violation Identified", "snc_status": null, "qtrs_noncompliance_12": 4, "qtrs_snc": 0, "missed_dmr_qtrs": null, "effluent_violations_3yr": 0, "pollutants_with_violation": null, "limited_pollutants": "Aluminum, total recoverable;Iron, total recoverable;Nitrogen, total [as N]", "dmr_pounds_yr": 0.0, "dmr_toxic_weighted_lb": 0.0, "penalties_usd": 0, "formal_actions_5yr": null, "informal_actions_5yr": 2, "inspections_5yr": 0, "last_inspection": null, "receiving_water_impaired": "Y", "impairment_causes": "POLYCHLORINATED BIPHENYLS (PCBS)", "sic": "2819", "naics": null, "permit_expires": "03/07/2028", "km_from_ref": 32.1, "in_echo_search_list": null, "dfr_url": "https://echo.epa.gov/detailed-facility-report?fid=NYR00G771&sys=ICP", "watchlist_note": null}}, {"type": "Feature", "geometry": {"type": "Point", "coordinates": [-74.065345, 42.181355]}, "properties": {"npdes_id": "NYR00F189", "facility": "HAINES FALLS AUTO SERVICE & SALES INC", "city": "HAINES FALLS", "county": "Greene", "tier": "industrial stormwater MSGP", "permit_type": "General Permit Covered Facility", "major_minor": "N", "permit_status": "Effective", "transect": "other / Albany metro", "receiving_water": "KAATERSKILL CR, UPPER, AND MINOR TRIBS", "huc8": "Middle Hudson", "design_flow_mgd": null, "actual_flow_mgd": null, "compliance_status": "Violation Identified", "snc_status": null, "qtrs_noncompliance_12": 8, "qtrs_snc": 0, "missed_dmr_qtrs": null, "effluent_violations_3yr": 0, "pollutants_with_violation": null, "limited_pollutants": "Aluminum, total recoverable;Cadmium, total recoverable;Chemical Oxygen Demand [COD];Chromium, total recoverable;Copper, total recoverable;Iron, total recoverable;Lead, total recoverable;Oil & Grease;Solids, total suspended;Zinc, total recoverable", "dmr_pounds_yr": 0.0, "dmr_toxic_weighted_lb": 0.0, "penalties_usd": 0, "formal_actions_5yr": null, "informal_actions_5yr": 0, "inspections_5yr": 1, "last_inspection": "12/06/2022", "receiving_water_impaired": null, "impairment_causes": null, "sic": "5015 5093", "naics": null, "permit_expires": "03/07/2028", "km_from_ref": 37.6, "in_echo_search_list": null, "dfr_url": "https://echo.epa.gov/detailed-facility-report?fid=NYR00F189&sys=ICP", "watchlist_note": null}}, {"type": "Feature", "geometry": {"type": "Point", "coordinates": [-73.966026, 42.693256]}, "properties": {"npdes_id": "NYR00D880", "facility": "PURINA ANIMAL NUTRITION LLC", "city": "GUILDERLAND", "county": "Albany", "tier": "industrial stormwater MSGP", "permit_type": "General Permit Covered Facility", "major_minor": "N", "permit_status": "Effective", "transect": "other / Albany metro", "receiving_water": "BLACK CREEK AND TRIBS", "huc8": "Middle Hudson", "design_flow_mgd": null, "actual_flow_mgd": null, "compliance_status": "Violation Identified", "snc_status": null, "qtrs_noncompliance_12": 12, "qtrs_snc": 0, "missed_dmr_qtrs": null, "effluent_violations_3yr": 0, "pollutants_with_violation": null, "limited_pollutants": "Nitrogen, total [as N];Phosphorus, total [as P];Solids, total suspended", "dmr_pounds_yr": 0.0, "dmr_toxic_weighted_lb": 0.0, "penalties_usd": 0, "formal_actions_5yr": null, "informal_actions_5yr": 1, "inspections_5yr": 0, "last_inspection": null, "receiving_water_impaired": null, "impairment_causes": null, "sic": "2048", "naics": null, "permit_expires": "03/07/2028", "km_from_ref": 24.6, "in_echo_search_list": null, "dfr_url": "https://echo.epa.gov/detailed-facility-report?fid=NYR00D880&sys=ICP", "watchlist_note": null}}, {"type": "Feature", "geometry": {"type": "Point", "coordinates": [-73.78308, 42.62103]}, "properties": {"npdes_id": "NYR00H040", "facility": "ESTES EXPRESS LINES - 081 ALBANY", "city": "GLENMONT", "county": "Albany", "tier": "industrial stormwater MSGP", "permit_type": "General Permit Covered Facility", "major_minor": "N", "permit_status": "Effective", "transect": "other / Albany metro", "receiving_water": "NORMANS KILL, LOWER, AND MINOR TRIBS", "huc8": "Middle Hudson", "design_flow_mgd": null, "actual_flow_mgd": null, "compliance_status": "No Violation Identified", "snc_status": null, "qtrs_noncompliance_12": 5, "qtrs_snc": 3, "missed_dmr_qtrs": null, "effluent_violations_3yr": 0, "pollutants_with_violation": null, "limited_pollutants": "Benzene;Chemical Oxygen Demand [COD];Ethylbenzene;Oil & Grease;Toluene;Xylene [mix of m+o+p]", "dmr_pounds_yr": 0.0, "dmr_toxic_weighted_lb": 0.0, "penalties_usd": 0, "formal_actions_5yr": null, "informal_actions_5yr": 0, "inspections_5yr": 0, "last_inspection": null, "receiving_water_impaired": null, "impairment_causes": null, "sic": "4213", "naics": null, "permit_expires": "03/07/2028", "km_from_ref": 31.9, "in_echo_search_list": null, "dfr_url": "https://echo.epa.gov/detailed-facility-report?fid=NYR00H040&sys=ICP", "watchlist_note": null}}, {"type": "Feature", "geometry": {"type": "Point", "coordinates": [-73.768932, 42.61393]}, "properties": {"npdes_id": "NYR00G462", "facility": "RIVER ROAD C&D FACILITY", "city": "BETHLEHEM, TOWN OF", "county": "Albany", "tier": "industrial stormwater MSGP", "permit_type": "General Permit Covered Facility", "major_minor": "N", "permit_status": "Effective", "transect": "other / Albany metro", "receiving_water": "NORMANS KILL, LOWER, AND MINOR TRIBS", "huc8": "Middle Hudson", "design_flow_mgd": null, "actual_flow_mgd": null, "compliance_status": "No Violation Identified", "snc_status": null, "qtrs_noncompliance_12": 3, "qtrs_snc": 0, "missed_dmr_qtrs": null, "effluent_violations_3yr": 0, "pollutants_with_violation": null, "limited_pollutants": "Aluminum, total recoverable;Cadmium, total recoverable;Chemical Oxygen Demand [COD];Chromium, total recoverable;Copper, total recoverable;Iron, total recoverable;Lead, total recoverable;Oil & Grease;Solids, total suspended;Zinc, total recoverable", "dmr_pounds_yr": 0.0, "dmr_toxic_weighted_lb": 0.0, "penalties_usd": 5200, "formal_actions_5yr": 2.0, "informal_actions_5yr": 2, "inspections_5yr": 0, "last_inspection": null, "receiving_water_impaired": "Y", "impairment_causes": "POLYCHLORINATED BIPHENYLS (PCBS)", "sic": "5093", "naics": null, "permit_expires": "03/07/2028", "km_from_ref": 32.7, "in_echo_search_list": null, "dfr_url": "https://echo.epa.gov/detailed-facility-report?fid=NYR00G462&sys=ICP", "watchlist_note": null}}, {"type": "Feature", "geometry": {"type": "Point", "coordinates": [-73.911568, 42.187754]}, "properties": {"npdes_id": "NYR00B420", "facility": "CATSKILL PLANT", "city": "CATSKILL", "county": "Greene", "tier": "industrial stormwater MSGP", "permit_type": "General Permit Covered Facility", "major_minor": "N", "permit_status": "Effective", "transect": "Hudson mainstem", "receiving_water": "MINOR TRIBS TO WEST OF HUDSON", "huc8": "Middle Hudson", "design_flow_mgd": null, "actual_flow_mgd": null, "compliance_status": "No Violation Identified", "snc_status": null, "qtrs_noncompliance_12": 4, "qtrs_snc": 0, "missed_dmr_qtrs": null, "effluent_violations_3yr": 0, "pollutants_with_violation": null, "limited_pollutants": "Aluminum, total recoverable;Cadmium, total recoverable;Chemical Oxygen Demand [COD];Chromium, total recoverable;Copper, total recoverable;Iron, total recoverable;Lead, total recoverable;Nitrogen, total [as N];Oil & Grease;Phosphorus, total [as P];Solids, total suspended;Zinc, total recoverable", "dmr_pounds_yr": 0.0, "dmr_toxic_weighted_lb": 0.0, "penalties_usd": 0, "formal_actions_5yr": null, "informal_actions_5yr": 1, "inspections_5yr": 1, "last_inspection": "05/28/2024", "receiving_water_impaired": null, "impairment_causes": null, "sic": "1422 2951", "naics": null, "permit_expires": "03/07/2028", "km_from_ref": 41.1, "in_echo_search_list": null, "dfr_url": "https://echo.epa.gov/detailed-facility-report?fid=NYR00B420&sys=ICP", "watchlist_note": null}}, {"type": "Feature", "geometry": {"type": "Point", "coordinates": [-73.76839, 42.62391]}, "properties": {"npdes_id": "NYR00E981", "facility": "COUNTY WASTE", "city": "ALBANY", "county": "Albany", "tier": "industrial stormwater MSGP", "permit_type": "General Permit Covered Facility", "major_minor": "N", "permit_status": "Effective", "transect": "other / Albany metro", "receiving_water": "NORMANS KILL, LOWER, AND MINOR TRIBS", "huc8": "Middle Hudson", "design_flow_mgd": null, "actual_flow_mgd": null, "compliance_status": "No Violation Identified", "snc_status": null, "qtrs_noncompliance_12": 3, "qtrs_snc": 0, "missed_dmr_qtrs": null, "effluent_violations_3yr": 0, "pollutants_with_violation": null, "limited_pollutants": "Benzene;Chemical Oxygen Demand [COD];Ethylbenzene;Oil & Grease;Toluene;Xylene [mix of m+o+p]", "dmr_pounds_yr": 0.0, "dmr_toxic_weighted_lb": 0.0, "penalties_usd": 0, "formal_actions_5yr": null, "informal_actions_5yr": 0, "inspections_5yr": 1, "last_inspection": "02/28/2023", "receiving_water_impaired": "Y", "impairment_causes": "POLYCHLORINATED BIPHENYLS (PCBS)", "sic": "4212 5093", "naics": null, "permit_expires": "03/07/2028", "km_from_ref": 33.1, "in_echo_search_list": null, "dfr_url": "https://echo.epa.gov/detailed-facility-report?fid=NYR00E981&sys=ICP", "watchlist_note": null}}, {"type": "Feature", "geometry": {"type": "Point", "coordinates": [-73.763, 42.621]}, "properties": {"npdes_id": "NYR00D756", "facility": "ARDENT MILLS LLC", "city": "ALBANY", "county": "Albany", "tier": "industrial stormwater MSGP", "permit_type": "General Permit Covered Facility", "major_minor": "N", "permit_status": "Effective", "transect": "Hudson mainstem", "receiving_water": "HUDSON RIVER (CLASS C)", "huc8": "Middle Hudson", "design_flow_mgd": null, "actual_flow_mgd": null, "compliance_status": "Violation Identified", "snc_status": null, "qtrs_noncompliance_12": 12, "qtrs_snc": 0, "missed_dmr_qtrs": null, "effluent_violations_3yr": 0, "pollutants_with_violation": null, "limited_pollutants": "Nitrogen, total [as N];Phosphorus, total [as P];Solids, total suspended", "dmr_pounds_yr": 0.0, "dmr_toxic_weighted_lb": 0.0, "penalties_usd": 7790, "formal_actions_5yr": 3.0, "informal_actions_5yr": 2, "inspections_5yr": 0, "last_inspection": null, "receiving_water_impaired": "Y", "impairment_causes": "POLYCHLORINATED BIPHENYLS (PCBS)", "sic": "2041", "naics": null, "permit_expires": "03/07/2028", "km_from_ref": 33.4, "in_echo_search_list": null, "dfr_url": "https://echo.epa.gov/detailed-facility-report?fid=NYR00D756&sys=ICP", "watchlist_note": null}}, {"type": "Feature", "geometry": {"type": "Point", "coordinates": [-73.76051, 42.6178]}, "properties": {"npdes_id": "NYR00F648", "facility": "CALLANAN INDUSTRIES DUNHAM DRIVE FACILITY", "city": "ALBANY", "county": "Albany", "tier": "industrial stormwater MSGP", "permit_type": "General Permit Covered Facility", "major_minor": "N", "permit_status": "Effective", "transect": "Hudson mainstem", "receiving_water": "HUDSON RIVER (CLASS C)", "huc8": "Middle Hudson", "design_flow_mgd": null, "actual_flow_mgd": null, "compliance_status": "Violation Identified", "snc_status": null, "qtrs_noncompliance_12": 12, "qtrs_snc": 0, "missed_dmr_qtrs": null, "effluent_violations_3yr": 0, "pollutants_with_violation": null, "limited_pollutants": "Solids, total suspended", "dmr_pounds_yr": 0.0, "dmr_toxic_weighted_lb": 0.0, "penalties_usd": 0, "formal_actions_5yr": null, "informal_actions_5yr": 0, "inspections_5yr": 0, "last_inspection": null, "receiving_water_impaired": "Y", "impairment_causes": "POLYCHLORINATED BIPHENYLS (PCBS)", "sic": "2951", "naics": null, "permit_expires": "03/07/2028", "km_from_ref": 33.5, "in_echo_search_list": null, "dfr_url": "https://echo.epa.gov/detailed-facility-report?fid=NYR00F648&sys=ICP", "watchlist_note": null}}, {"type": "Feature", "geometry": {"type": "Point", "coordinates": [-73.763127, 42.620373]}, "properties": {"npdes_id": "NYR00C208", "facility": "CARGILL ANIMAL NUTRITION", "city": "ALBANY", "county": "Albany", "tier": "industrial stormwater MSGP", "permit_type": "General Permit Covered Facility", "major_minor": "N", "permit_status": "Effective", "transect": "Hudson mainstem", "receiving_water": "NORMANS KILL AND HUDSON RIVER", "huc8": "Middle Hudson", "design_flow_mgd": null, "actual_flow_mgd": null, "compliance_status": "Violation Identified", "snc_status": null, "qtrs_noncompliance_12": 12, "qtrs_snc": 0, "missed_dmr_qtrs": null, "effluent_violations_3yr": 0, "pollutants_with_violation": null, "limited_pollutants": "Nitrogen, total [as N];Phosphorus, total [as P];Solids, total suspended", "dmr_pounds_yr": 0.0, "dmr_toxic_weighted_lb": 0.0, "penalties_usd": 2900, "formal_actions_5yr": 2.0, "informal_actions_5yr": 2, "inspections_5yr": 0, "last_inspection": null, "receiving_water_impaired": "Y", "impairment_causes": "POLYCHLORINATED BIPHENYLS (PCBS)", "sic": "2048", "naics": null, "permit_expires": "03/07/2028", "km_from_ref": 33.4, "in_echo_search_list": null, "dfr_url": "https://echo.epa.gov/detailed-facility-report?fid=NYR00C208&sys=ICP", "watchlist_note": null}}, {"type": "Feature", "geometry": {"type": "Point", "coordinates": [-73.766939, 42.62426]}, "properties": {"npdes_id": "NYR00G519", "facility": "QUALITY CARRIERS, INC.", "city": "ALBANY", "county": "Albany", "tier": "industrial stormwater MSGP", "permit_type": "General Permit Covered Facility", "major_minor": "N", "permit_status": "Effective", "transect": "other / Albany metro", "receiving_water": "NORMANS KILL, LOWER, AND MINOR TRIBS", "huc8": "Middle Hudson", "design_flow_mgd": null, "actual_flow_mgd": null, "compliance_status": "No Violation Identified", "snc_status": null, "qtrs_noncompliance_12": 3, "qtrs_snc": 0, "missed_dmr_qtrs": null, "effluent_violations_3yr": 0, "pollutants_with_violation": null, "limited_pollutants": "Benzene;Chemical Oxygen Demand [COD];Ethylbenzene;Oil & Grease;Toluene;Xylene [mix of m+o+p]", "dmr_pounds_yr": 0.0, "dmr_toxic_weighted_lb": 0.0, "penalties_usd": 0, "formal_actions_5yr": null, "informal_actions_5yr": 1, "inspections_5yr": 1, "last_inspection": "03/01/2023", "receiving_water_impaired": "Y", "impairment_causes": "POLYCHLORINATED BIPHENYLS (PCBS)", "sic": "4231", "naics": null, "permit_expires": "03/07/2028", "km_from_ref": 33.3, "in_echo_search_list": null, "dfr_url": "https://echo.epa.gov/detailed-facility-report?fid=NYR00G519&sys=ICP", "watchlist_note": null}}, {"type": "Feature", "geometry": {"type": "Point", "coordinates": [-73.761425, 42.622556]}, "properties": {"npdes_id": "NYR00F750", "facility": "ALBANY PORT RAILROAD", "city": "ALBANY", "county": "Albany", "tier": "industrial stormwater MSGP", "permit_type": "General Permit Covered Facility", "major_minor": "N", "permit_status": "Effective", "transect": "Hudson mainstem", "receiving_water": "HUDSON RIVER (CLASS C)", "huc8": "Middle Hudson", "design_flow_mgd": null, "actual_flow_mgd": null, "compliance_status": "No Violation Identified", "snc_status": null, "qtrs_noncompliance_12": 3, "qtrs_snc": 0, "missed_dmr_qtrs": null, "effluent_violations_3yr": 0, "pollutants_with_violation": null, "limited_pollutants": "Benzene;Chemical Oxygen Demand [COD];Ethylbenzene;Oil & Grease;Toluene;Xylene [mix of m+o+p]", "dmr_pounds_yr": 0.0, "dmr_toxic_weighted_lb": 0.0, "penalties_usd": 0, "formal_actions_5yr": null, "informal_actions_5yr": 0, "inspections_5yr": 0, "last_inspection": null, "receiving_water_impaired": "Y", "impairment_causes": "POLYCHLORINATED BIPHENYLS (PCBS)", "sic": "4011 4013", "naics": null, "permit_expires": "03/07/2028", "km_from_ref": 33.6, "in_echo_search_list": null, "dfr_url": "https://echo.epa.gov/detailed-facility-report?fid=NYR00F750&sys=ICP", "watchlist_note": null}}, {"type": "Feature", "geometry": {"type": "Point", "coordinates": [-74.325288, 42.636984]}, "properties": {"npdes_id": "NYR00G880", "facility": "MASICK MINE (MIDDLEBURGH QUARRY)", "city": "SCHOHARIE", "county": "Schoharie", "tier": "industrial stormwater MSGP", "permit_type": "General Permit Covered Facility", "major_minor": "N", "permit_status": "Effective", "transect": "Schoharie Creek basin", "receiving_water": "MINOR TRIBS TO SCHOHARIE CREEK", "huc8": "Schoharie", "design_flow_mgd": null, "actual_flow_mgd": null, "compliance_status": "Violation Identified", "snc_status": null, "qtrs_noncompliance_12": 8, "qtrs_snc": 0, "missed_dmr_qtrs": null, "effluent_violations_3yr": 0, "pollutants_with_violation": null, "limited_pollutants": "Benzene;Chemical Oxygen Demand [COD];Ethylbenzene;Iron, total recoverable;Nitrogen, total [as N];Oil & Grease;Phosphorus, total [as P];Solids, total suspended;Toluene;Xylene [mix of m+o+p];Zinc, total recoverable", "dmr_pounds_yr": 0.0, "dmr_toxic_weighted_lb": 0.0, "penalties_usd": 0, "formal_actions_5yr": null, "informal_actions_5yr": 0, "inspections_5yr": 0, "last_inspection": null, "receiving_water_impaired": null, "impairment_causes": null, "sic": "1442", "naics": null, "permit_expires": "03/07/2028", "km_from_ref": 20.0, "in_echo_search_list": null, "dfr_url": "https://echo.epa.gov/detailed-facility-report?fid=NYR00G880&sys=ICP", "watchlist_note": null}}, {"type": "Feature", "geometry": {"type": "Point", "coordinates": [-74.325288, 42.636984]}, "properties": {"npdes_id": "NYR00H289", "facility": "MASICK MINE SITE", "city": "MIDDLEBURGH", "county": "Schoharie", "tier": "industrial stormwater MSGP", "permit_type": "General Permit Covered Facility", "major_minor": "N", "permit_status": "Effective", "transect": "Schoharie Creek basin", "receiving_water": "MINOR TRIBS TO SCHOHARIE CREEK", "huc8": "Schoharie", "design_flow_mgd": null, "actual_flow_mgd": null, "compliance_status": "No Violation Identified", "snc_status": null, "qtrs_noncompliance_12": 0, "qtrs_snc": 0, "missed_dmr_qtrs": null, "effluent_violations_3yr": 0, "pollutants_with_violation": null, "limited_pollutants": "Benzene;Chemical Oxygen Demand [COD];Ethylbenzene;Oil & Grease;Solids, total suspended;Toluene;Xylene [mix of m+o+p];pH", "dmr_pounds_yr": null, "dmr_toxic_weighted_lb": null, "penalties_usd": 0, "formal_actions_5yr": null, "informal_actions_5yr": 0, "inspections_5yr": 0, "last_inspection": null, "receiving_water_impaired": null, "impairment_causes": null, "sic": "1422 2951 4212", "naics": null, "permit_expires": "03/07/2028", "km_from_ref": 20.0, "in_echo_search_list": null, "dfr_url": "https://echo.epa.gov/detailed-facility-report?fid=NYR00H289&sys=ICP", "watchlist_note": null}}, {"type": "Feature", "geometry": {"type": "Point", "coordinates": [-73.75908, 42.62347]}, "properties": {"npdes_id": "NYR00C306", "facility": "WESTWAY FEED PRODUCTS LLC - ALBANY PLANT", "city": "ALBANY", "county": "Albany", "tier": "industrial stormwater MSGP", "permit_type": "General Permit Covered Facility", "major_minor": "N", "permit_status": "Effective", "transect": "Hudson mainstem", "receiving_water": "HUDSON RIVER (CLASS C)", "huc8": "Middle Hudson", "design_flow_mgd": null, "actual_flow_mgd": null, "compliance_status": "No Violation Identified", "snc_status": null, "qtrs_noncompliance_12": 4, "qtrs_snc": 1, "missed_dmr_qtrs": null, "effluent_violations_3yr": 0, "pollutants_with_violation": null, "limited_pollutants": "Nitrogen, total [as N];Phosphorus, total [as P];Solids, total suspended", "dmr_pounds_yr": 0.0, "dmr_toxic_weighted_lb": 0.0, "penalties_usd": 1300, "formal_actions_5yr": 1.0, "informal_actions_5yr": 1, "inspections_5yr": 0, "last_inspection": null, "receiving_water_impaired": "Y", "impairment_causes": "POLYCHLORINATED BIPHENYLS (PCBS)", "sic": "2048", "naics": null, "permit_expires": "03/07/2028", "km_from_ref": 33.8, "in_echo_search_list": null, "dfr_url": "https://echo.epa.gov/detailed-facility-report?fid=NYR00C306&sys=ICP", "watchlist_note": null}}, {"type": "Feature", "geometry": {"type": "Point", "coordinates": [-73.759507, 42.625161]}, "properties": {"npdes_id": "NYR00F370", "facility": "BEN WEITSMAN OF ALBANY", "city": "ALBANY", "county": "Albany", "tier": "industrial stormwater MSGP", "permit_type": "General Permit Covered Facility", "major_minor": "N", "permit_status": "Effective", "transect": "Hudson mainstem", "receiving_water": "HUDSON RIVER (CLASS C)", "huc8": "Middle Hudson", "design_flow_mgd": null, "actual_flow_mgd": null, "compliance_status": "No Violation Identified", "snc_status": null, "qtrs_noncompliance_12": 3, "qtrs_snc": 0, "missed_dmr_qtrs": null, "effluent_violations_3yr": 0, "pollutants_with_violation": null, "limited_pollutants": "Aluminum, total recoverable;Benzene;Cadmium, total recoverable;Chemical Oxygen Demand [COD];Chromium, total recoverable;Copper, total recoverable;Ethylbenzene;Iron, total recoverable;Lead, total recoverable;Oil & Grease;Solids, total suspended;Toluene;Xylene [mix of m+o+p];Zinc, total recoverable", "dmr_pounds_yr": 0.0, "dmr_toxic_weighted_lb": 0.0, "penalties_usd": 0, "formal_actions_5yr": null, "informal_actions_5yr": 0, "inspections_5yr": 0, "last_inspection": null, "receiving_water_impaired": "Y", "impairment_causes": "POLYCHLORINATED BIPHENYLS (PCBS)", "sic": "4212 5015 5093", "naics": null, "permit_expires": "03/07/2028", "km_from_ref": 33.9, "in_echo_search_list": null, "dfr_url": "https://echo.epa.gov/detailed-facility-report?fid=NYR00F370&sys=ICP", "watchlist_note": null}}, {"type": "Feature", "geometry": {"type": "Point", "coordinates": [-73.75882, 42.62808]}, "properties": {"npdes_id": "NYR00C619", "facility": "PORT OF ALBANY HAULING AND TRANSFER STATION", "city": "ALBANY", "county": "Albany", "tier": "industrial stormwater MSGP", "permit_type": "General Permit Covered Facility", "major_minor": "N", "permit_status": "Effective", "transect": "Hudson mainstem", "receiving_water": "HUDSON RIVER, HUDSON RIVER (CLASS C)", "huc8": "Middle Hudson", "design_flow_mgd": null, "actual_flow_mgd": null, "compliance_status": "No Violation Identified", "snc_status": null, "qtrs_noncompliance_12": 3, "qtrs_snc": 0, "missed_dmr_qtrs": null, "effluent_violations_3yr": 0, "pollutants_with_violation": null, "limited_pollutants": "Benzene;Chemical Oxygen Demand [COD];Ethylbenzene;Oil & Grease;Toluene;Xylene [mix of m+o+p]", "dmr_pounds_yr": 0.0, "dmr_toxic_weighted_lb": 0.0, "penalties_usd": 0, "formal_actions_5yr": null, "informal_actions_5yr": 1, "inspections_5yr": 0, "last_inspection": null, "receiving_water_impaired": "Y", "impairment_causes": "POLYCHLORINATED BIPHENYLS (PCBS)", "sic": "4212 5093", "naics": null, "permit_expires": "03/07/2028", "km_from_ref": 34.0, "in_echo_search_list": null, "dfr_url": "https://echo.epa.gov/detailed-facility-report?fid=NYR00C619&sys=ICP", "watchlist_note": null}}, {"type": "Feature", "geometry": {"type": "Point", "coordinates": [-73.761, 42.633]}, "properties": {"npdes_id": "NYR00B760", "facility": "CPKC - KENWOOD YARD", "city": "ALBANY", "county": "Albany", "tier": "industrial stormwater MSGP", "permit_type": "General Permit Covered Facility", "major_minor": "N", "permit_status": "Effective", "transect": "Hudson mainstem", "receiving_water": "HUDSON RIVER (CLASS C)", "huc8": "Middle Hudson", "design_flow_mgd": null, "actual_flow_mgd": null, "compliance_status": "No Violation Identified", "snc_status": null, "qtrs_noncompliance_12": 3, "qtrs_snc": 0, "missed_dmr_qtrs": null, "effluent_violations_3yr": 0, "pollutants_with_violation": null, "limited_pollutants": "Benzene;Chemical Oxygen Demand [COD];Ethylbenzene;Oil & Grease;Toluene;Xylene [mix of m+o+p]", "dmr_pounds_yr": 0.0, "dmr_toxic_weighted_lb": 0.0, "penalties_usd": 0, "formal_actions_5yr": null, "informal_actions_5yr": 0, "inspections_5yr": 0, "last_inspection": null, "receiving_water_impaired": null, "impairment_causes": null, "sic": "4011 4013", "naics": null, "permit_expires": "03/07/2028", "km_from_ref": 34.1, "in_echo_search_list": null, "dfr_url": "https://echo.epa.gov/detailed-facility-report?fid=NYR00B760&sys=ICP", "watchlist_note": null}}, {"type": "Feature", "geometry": {"type": "Point", "coordinates": [-73.87914, 42.7008]}, "properties": {"npdes_id": "NYR00B822", "facility": "USPS ALBANY VEHICLE MAINTENANCE FACILITY", "city": "ALBANY", "county": "Albany", "tier": "industrial stormwater MSGP", "permit_type": "General Permit Covered Facility", "major_minor": "N", "permit_status": "Effective", "transect": "other / Albany metro", "receiving_water": "PATROON CREEK AND TRIBS", "huc8": "Middle Hudson", "design_flow_mgd": null, "actual_flow_mgd": null, "compliance_status": "Significant/Category I Noncompliance", "snc_status": "Failure to Report DMR - Not Received", "qtrs_noncompliance_12": 4, "qtrs_snc": 1, "missed_dmr_qtrs": null, "effluent_violations_3yr": 0, "pollutants_with_violation": null, "limited_pollutants": "Benzene;Chemical Oxygen Demand [COD];Ethylbenzene;Oil & Grease;Toluene;Xylene [mix of m+o+p]", "dmr_pounds_yr": 0.0, "dmr_toxic_weighted_lb": 0.0, "penalties_usd": 0, "formal_actions_5yr": null, "informal_actions_5yr": 0, "inspections_5yr": 0, "last_inspection": "05/10/2018", "receiving_water_impaired": "Y", "impairment_causes": "DISSOLVED OXYGEN", "sic": "4311", "naics": null, "permit_expires": "03/07/2028", "km_from_ref": 30.0, "in_echo_search_list": null, "dfr_url": "https://echo.epa.gov/detailed-facility-report?fid=NYR00B822&sys=ICP", "watchlist_note": null}}, {"type": "Feature", "geometry": {"type": "Point", "coordinates": [-73.756343, 42.635758]}, "properties": {"npdes_id": "NYR00F742", "facility": "KENWOOD YARD FUEL UNLOADING FACILITY", "city": "ALBANY", "county": "Albany", "tier": "industrial stormwater MSGP", "permit_type": "General Permit Covered Facility", "major_minor": "N", "permit_status": "Effective", "transect": "Hudson mainstem", "receiving_water": "HUDSON RIVER (CLASS C)", "huc8": "Middle Hudson", "design_flow_mgd": null, "actual_flow_mgd": null, "compliance_status": "No Violation Identified", "snc_status": null, "qtrs_noncompliance_12": 3, "qtrs_snc": 0, "missed_dmr_qtrs": null, "effluent_violations_3yr": 0, "pollutants_with_violation": null, "limited_pollutants": "Benzene;Chemical Oxygen Demand [COD];Ethylbenzene;Oil & Grease;Toluene;Xylene [mix of m+o+p]", "dmr_pounds_yr": 0.0, "dmr_toxic_weighted_lb": 0.0, "penalties_usd": 0, "formal_actions_5yr": null, "informal_actions_5yr": 0, "inspections_5yr": 0, "last_inspection": null, "receiving_water_impaired": "Y", "impairment_causes": "POLYCHLORINATED BIPHENYLS (PCBS)", "sic": "4013", "naics": null, "permit_expires": "03/07/2028", "km_from_ref": 34.5, "in_echo_search_list": null, "dfr_url": "https://echo.epa.gov/detailed-facility-report?fid=NYR00F742&sys=ICP", "watchlist_note": null}}, {"type": "Feature", "geometry": {"type": "Point", "coordinates": [-73.910631, 42.163889]}, "properties": {"npdes_id": "NYR00G234", "facility": "CATSKILL FACILITY", "city": "CATSKILL", "county": "Greene", "tier": "industrial stormwater MSGP", "permit_type": "General Permit Covered Facility", "major_minor": "N", "permit_status": "Effective", "transect": "Hudson mainstem", "receiving_water": "HUDSON RIVER (CLASS A)", "huc8": "Middle Hudson", "design_flow_mgd": null, "actual_flow_mgd": null, "compliance_status": "No Violation Identified", "snc_status": null, "qtrs_noncompliance_12": 4, "qtrs_snc": 0, "missed_dmr_qtrs": null, "effluent_violations_3yr": 0, "pollutants_with_violation": null, "limited_pollutants": "Aluminum, total recoverable;Cadmium, total recoverable;Chemical Oxygen Demand [COD];Chromium, total recoverable;Copper, total recoverable;Iron, total recoverable;Lead, total recoverable;Oil & Grease;Solids, total suspended;Zinc, total recoverable", "dmr_pounds_yr": 0.0, "dmr_toxic_weighted_lb": 0.0, "penalties_usd": 0, "formal_actions_5yr": null, "informal_actions_5yr": 1, "inspections_5yr": 0, "last_inspection": null, "receiving_water_impaired": "Y", "impairment_causes": "POLYCHLORINATED BIPHENYLS (PCBS)", "sic": "2951", "naics": null, "permit_expires": "03/07/2028", "km_from_ref": 43.5, "in_echo_search_list": null, "dfr_url": "https://echo.epa.gov/detailed-facility-report?fid=NYR00G234&sys=ICP", "watchlist_note": null}}, {"type": "Feature", "geometry": {"type": "Point", "coordinates": [-74.302661, 42.668994]}, "properties": {"npdes_id": "NYR00F929", "facility": "SCHOHARIE QUARRY", "city": "SCHOHARIE", "county": "Schoharie", "tier": "industrial stormwater MSGP", "permit_type": "General Permit Covered Facility", "major_minor": "N", "permit_status": "Effective", "transect": "Schoharie side (Fox Creek/Switz Kill)", "receiving_water": "FOX CREEK, LOWER, AND TRIBS", "huc8": "Schoharie", "design_flow_mgd": null, "actual_flow_mgd": null, "compliance_status": "No Violation Identified", "snc_status": null, "qtrs_noncompliance_12": 3, "qtrs_snc": 0, "missed_dmr_qtrs": null, "effluent_violations_3yr": 0, "pollutants_with_violation": null, "limited_pollutants": "Solids, total suspended", "dmr_pounds_yr": 0.0, "dmr_toxic_weighted_lb": 0.0, "penalties_usd": 0, "formal_actions_5yr": null, "informal_actions_5yr": 1, "inspections_5yr": 0, "last_inspection": null, "receiving_water_impaired": null, "impairment_causes": null, "sic": "1422 1429 2951", "naics": null, "permit_expires": "03/07/2028", "km_from_ref": 21.4, "in_echo_search_list": null, "dfr_url": "https://echo.epa.gov/detailed-facility-report?fid=NYR00F929&sys=ICP", "watchlist_note": null}}, {"type": "Feature", "geometry": {"type": "Point", "coordinates": [-73.84958, 42.70324]}, "properties": {"npdes_id": "NYR00D198", "facility": "CITY OF ALBANY LANDFILL", "city": "ALBANY", "county": "Albany", "tier": "industrial stormwater MSGP", "permit_type": "General Permit Covered Facility", "major_minor": "N", "permit_status": "Effective", "transect": "other / Albany metro", "receiving_water": "PATROON CREEK AND TRIBS", "huc8": "Middle Hudson", "design_flow_mgd": null, "actual_flow_mgd": null, "compliance_status": "No Violation Identified", "snc_status": null, "qtrs_noncompliance_12": 3, "qtrs_snc": 0, "missed_dmr_qtrs": null, "effluent_violations_3yr": 0, "pollutants_with_violation": null, "limited_pollutants": "Iron, total recoverable;Nitrogen, total [as N];Phosphorus, total [as P];Solids, total suspended", "dmr_pounds_yr": 0.0, "dmr_toxic_weighted_lb": 0.0, "penalties_usd": 0, "formal_actions_5yr": null, "informal_actions_5yr": 0, "inspections_5yr": 1, "last_inspection": "01/08/2026", "receiving_water_impaired": null, "impairment_causes": null, "sic": "4953", "naics": null, "permit_expires": "03/07/2028", "km_from_ref": 32.0, "in_echo_search_list": null, "dfr_url": "https://echo.epa.gov/detailed-facility-report?fid=NYR00D198&sys=ICP", "watchlist_note": null}}, {"type": "Feature", "geometry": {"type": "Point", "coordinates": [-74.4016, 42.2803]}, "properties": {"npdes_id": "NYR00G219", "facility": "LEXINGTON SCRAP METAL RECYCLING FACILITY", "city": "LEXINGTON", "county": "Greene", "tier": "industrial stormwater MSGP", "permit_type": "General Permit Covered Facility", "major_minor": "N", "permit_status": "Expired", "transect": "Schoharie Creek basin", "receiving_water": "SCHOHARIE CREEK", "huc8": "Schoharie", "design_flow_mgd": null, "actual_flow_mgd": null, "compliance_status": "Significant/Category I Noncompliance", "snc_status": "Failure to Report DMR - Not Received", "qtrs_noncompliance_12": 6, "qtrs_snc": 2, "missed_dmr_qtrs": null, "effluent_violations_3yr": 0, "pollutants_with_violation": null, "limited_pollutants": "Aluminum, total recoverable;Cadmium, total recoverable;Chemical Oxygen Demand [COD];Chromium, total recoverable;Copper, total recoverable;Iron, total recoverable;Lead, total recoverable;Oil & Grease;Solids, total suspended;Zinc, total recoverable", "dmr_pounds_yr": 0.0, "dmr_toxic_weighted_lb": 0.0, "penalties_usd": 0, "formal_actions_5yr": null, "informal_actions_5yr": 1, "inspections_5yr": 0, "last_inspection": null, "receiving_water_impaired": null, "impairment_causes": null, "sic": "5093", "naics": null, "permit_expires": "02/28/2023", "km_from_ref": 33.5, "in_echo_search_list": null, "dfr_url": "https://echo.epa.gov/detailed-facility-report?fid=NYR00G219&sys=ICP", "watchlist_note": null}}, {"type": "Feature", "geometry": {"type": "Point", "coordinates": [-74.405348, 42.279018]}, "properties": {"npdes_id": "NYR00G730", "facility": "FALKE QUARRY", "city": "PRATTSVILLE", "county": "Greene", "tier": "industrial stormwater MSGP", "permit_type": "General Permit Covered Facility", "major_minor": "N", "permit_status": "Effective", "transect": "Schoharie Creek basin", "receiving_water": "SCHOHARIE CREEK, UPPER, MAIN STEM", "huc8": "Schoharie", "design_flow_mgd": null, "actual_flow_mgd": null, "compliance_status": "No Violation Identified", "snc_status": null, "qtrs_noncompliance_12": 3, "qtrs_snc": 0, "missed_dmr_qtrs": null, "effluent_violations_3yr": 0, "pollutants_with_violation": null, "limited_pollutants": "Solids, total suspended", "dmr_pounds_yr": 0.0, "dmr_toxic_weighted_lb": 0.0, "penalties_usd": 0, "formal_actions_5yr": null, "informal_actions_5yr": 0, "inspections_5yr": 0, "last_inspection": null, "receiving_water_impaired": null, "impairment_causes": null, "sic": "1422", "naics": null, "permit_expires": "03/07/2028", "km_from_ref": 33.8, "in_echo_search_list": null, "dfr_url": "https://echo.epa.gov/detailed-facility-report?fid=NYR00G730&sys=ICP", "watchlist_note": null}}, {"type": "Feature", "geometry": {"type": "Point", "coordinates": [-73.77154, 42.67505]}, "properties": {"npdes_id": "NYR00D067", "facility": "CAPITAL DISTRICT CONCRETE BATCHING", "city": "ALBANY", "county": "Albany", "tier": "industrial stormwater MSGP", "permit_type": "General Permit Covered Facility", "major_minor": "N", "permit_status": "Effective", "transect": "other / Albany metro", "receiving_water": "PATROON CREEK AND TRIBS", "huc8": "Middle Hudson", "design_flow_mgd": null, "actual_flow_mgd": null, "compliance_status": "Violation Identified", "snc_status": null, "qtrs_noncompliance_12": 4, "qtrs_snc": 0, "missed_dmr_qtrs": null, "effluent_violations_3yr": 0, "pollutants_with_violation": null, "limited_pollutants": "Benzene;Chemical Oxygen Demand [COD];Ethylbenzene;Iron, total recoverable;Oil & Grease;Solids, total suspended;Toluene;Xylene [mix of m+o+p];pH", "dmr_pounds_yr": 0.0, "dmr_toxic_weighted_lb": 0.0, "penalties_usd": 1300, "formal_actions_5yr": 1.0, "informal_actions_5yr": 2, "inspections_5yr": 0, "last_inspection": null, "receiving_water_impaired": "Y", "impairment_causes": "DISSOLVED OXYGEN", "sic": "3271 3273 4212", "naics": null, "permit_expires": "03/07/2028", "km_from_ref": 35.4, "in_echo_search_list": null, "dfr_url": "https://echo.epa.gov/detailed-facility-report?fid=NYR00D067&sys=ICP", "watchlist_note": null}}, {"type": "Feature", "geometry": {"type": "Point", "coordinates": [-73.77869, 42.6795]}, "properties": {"npdes_id": "NYR00H219", "facility": "SARK WIRE CORPORATION", "city": "ALBANY", "county": "Albany", "tier": "industrial stormwater MSGP", "permit_type": "General Permit Covered Facility", "major_minor": "N", "permit_status": "Effective", "transect": "other / Albany metro", "receiving_water": "PATROON CREEK AND TRIBS", "huc8": "Middle Hudson", "design_flow_mgd": null, "actual_flow_mgd": null, "compliance_status": "No Violation Identified", "snc_status": null, "qtrs_noncompliance_12": 0, "qtrs_snc": 0, "missed_dmr_qtrs": null, "effluent_violations_3yr": 0, "pollutants_with_violation": null, "limited_pollutants": "Copper, total recoverable;Zinc, total recoverable", "dmr_pounds_yr": null, "dmr_toxic_weighted_lb": null, "penalties_usd": 0, "formal_actions_5yr": null, "informal_actions_5yr": 0, "inspections_5yr": 0, "last_inspection": null, "receiving_water_impaired": "Y", "impairment_causes": "DISSOLVED OXYGEN", "sic": "3351", "naics": null, "permit_expires": "03/07/2028", "km_from_ref": 35.1, "in_echo_search_list": null, "dfr_url": "https://echo.epa.gov/detailed-facility-report?fid=NYR00H219&sys=ICP", "watchlist_note": null}}, {"type": "Feature", "geometry": {"type": "Point", "coordinates": [-73.74182, 42.65829]}, "properties": {"npdes_id": "NYR00E181", "facility": "MOMENT METALS LLC - (EMPIRE-ALBANY)", "city": "ALBANY", "county": "Albany", "tier": "industrial stormwater MSGP", "permit_type": "General Permit Covered Facility", "major_minor": "N", "permit_status": "Effective", "transect": "Hudson mainstem", "receiving_water": "HUDSON RIVER (CLASS C)", "huc8": "Middle Hudson", "design_flow_mgd": null, "actual_flow_mgd": null, "compliance_status": "Violation Identified", "snc_status": null, "qtrs_noncompliance_12": 12, "qtrs_snc": 0, "missed_dmr_qtrs": null, "effluent_violations_3yr": 0, "pollutants_with_violation": null, "limited_pollutants": "Aluminum, total recoverable;Cadmium, total recoverable;Chemical Oxygen Demand [COD];Chromium, total recoverable;Copper, total recoverable;Iron, total recoverable;Lead, total recoverable;Oil & Grease;Solids, total suspended;Zinc, total recoverable", "dmr_pounds_yr": 0.0, "dmr_toxic_weighted_lb": 0.0, "penalties_usd": 0, "formal_actions_5yr": null, "informal_actions_5yr": 0, "inspections_5yr": 0, "last_inspection": null, "receiving_water_impaired": "Y", "impairment_causes": "POLYCHLORINATED BIPHENYLS (PCBS)", "sic": "5093", "naics": null, "permit_expires": "03/07/2028", "km_from_ref": 36.7, "in_echo_search_list": null, "dfr_url": "https://echo.epa.gov/detailed-facility-report?fid=NYR00E181&sys=ICP", "watchlist_note": null}}, {"type": "Feature", "geometry": {"type": "Point", "coordinates": [-73.77891, 42.68311]}, "properties": {"npdes_id": "NYR00D483", "facility": "TRANSFLO ALBANY TERMINAL", "city": "ALBANY", "county": "Albany", "tier": "industrial stormwater MSGP", "permit_type": "General Permit Covered Facility", "major_minor": "N", "permit_status": "Effective", "transect": "other / Albany metro", "receiving_water": "PATROON CREEK AND TRIBS", "huc8": "Middle Hudson", "design_flow_mgd": null, "actual_flow_mgd": null, "compliance_status": "No Violation Identified", "snc_status": null, "qtrs_noncompliance_12": 3, "qtrs_snc": 0, "missed_dmr_qtrs": null, "effluent_violations_3yr": 0, "pollutants_with_violation": null, "limited_pollutants": "Benzene;Chemical Oxygen Demand [COD];Ethylbenzene;Oil & Grease;Toluene;Xylene [mix of m+o+p]", "dmr_pounds_yr": 0.0, "dmr_toxic_weighted_lb": 0.0, "penalties_usd": 0, "formal_actions_5yr": null, "informal_actions_5yr": 0, "inspections_5yr": 0, "last_inspection": null, "receiving_water_impaired": "Y", "impairment_causes": "DISSOLVED OXYGEN", "sic": "4212", "naics": null, "permit_expires": "03/07/2028", "km_from_ref": 35.3, "in_echo_search_list": null, "dfr_url": "https://echo.epa.gov/detailed-facility-report?fid=NYR00D483&sys=ICP", "watchlist_note": null}}, {"type": "Feature", "geometry": {"type": "Point", "coordinates": [-73.85792, 42.723]}, "properties": {"npdes_id": "NYR00G475", "facility": "CONTRACTOR SALES, CO., INC.", "city": "ALBANY", "county": "Albany", "tier": "industrial stormwater MSGP", "permit_type": "General Permit Covered Facility", "major_minor": "N", "permit_status": "Effective", "transect": "other / Albany metro", "receiving_water": "PATROON CREEK AND TRIBS", "huc8": "Middle Hudson", "design_flow_mgd": null, "actual_flow_mgd": null, "compliance_status": "No Violation Identified", "snc_status": null, "qtrs_noncompliance_12": 5, "qtrs_snc": 0, "missed_dmr_qtrs": null, "effluent_violations_3yr": 0, "pollutants_with_violation": null, "limited_pollutants": null, "dmr_pounds_yr": null, "dmr_toxic_weighted_lb": null, "penalties_usd": 0, "formal_actions_5yr": null, "informal_actions_5yr": 1, "inspections_5yr": 0, "last_inspection": null, "receiving_water_impaired": null, "impairment_causes": null, "sic": "3599", "naics": null, "permit_expires": "03/07/2028", "km_from_ref": 33.0, "in_echo_search_list": null, "dfr_url": "https://echo.epa.gov/detailed-facility-report?fid=NYR00G475&sys=ICP", "watchlist_note": null}}, {"type": "Feature", "geometry": {"type": "Point", "coordinates": [-73.730722, 42.677222]}, "properties": {"npdes_id": "NYR00B263", "facility": "ALBANY COUNTY NORTH PLANT", "city": "MENANDS", "county": "Albany", "tier": "industrial stormwater MSGP", "permit_type": "General Permit Covered Facility", "major_minor": "N", "permit_status": "Effective", "transect": "Hudson mainstem", "receiving_water": "HUDSON RIVER (CLASS C)", "huc8": "Middle Hudson", "design_flow_mgd": null, "actual_flow_mgd": null, "compliance_status": "No Violation Identified", "snc_status": null, "qtrs_noncompliance_12": 3, "qtrs_snc": 0, "missed_dmr_qtrs": null, "effluent_violations_3yr": 0, "pollutants_with_violation": null, "limited_pollutants": "Chemical Oxygen Demand [COD]", "dmr_pounds_yr": 0.0, "dmr_toxic_weighted_lb": 0.0, "penalties_usd": 0, "formal_actions_5yr": null, "informal_actions_5yr": 0, "inspections_5yr": 3, "last_inspection": "03/04/2025", "receiving_water_impaired": "Y", "impairment_causes": "POLYCHLORINATED BIPHENYLS (PCBS)", "sic": "4952", "naics": null, "permit_expires": "03/07/2028", "km_from_ref": 38.4, "in_echo_search_list": null, "dfr_url": "https://echo.epa.gov/detailed-facility-report?fid=NYR00B263&sys=ICP", "watchlist_note": null}}, {"type": "Feature", "geometry": {"type": "Point", "coordinates": [-73.730722, 42.677222]}, "properties": {"npdes_id": "NYR00B262", "facility": "ALBANY COUNTY SOUTH PLANT", "city": "ALBANY", "county": "Albany", "tier": "industrial stormwater MSGP", "permit_type": "General Permit Covered Facility", "major_minor": "N", "permit_status": "Effective", "transect": "Hudson mainstem", "receiving_water": "HUDSON RIVER (CLASS C)", "huc8": "Middle Hudson", "design_flow_mgd": null, "actual_flow_mgd": null, "compliance_status": "No Violation Identified", "snc_status": null, "qtrs_noncompliance_12": 3, "qtrs_snc": 0, "missed_dmr_qtrs": null, "effluent_violations_3yr": 0, "pollutants_with_violation": null, "limited_pollutants": "Chemical Oxygen Demand [COD]", "dmr_pounds_yr": 0.0, "dmr_toxic_weighted_lb": 0.0, "penalties_usd": 0, "formal_actions_5yr": null, "informal_actions_5yr": 1, "inspections_5yr": 3, "last_inspection": "03/04/2025", "receiving_water_impaired": "Y", "impairment_causes": "POLYCHLORINATED BIPHENYLS (PCBS)", "sic": "4952", "naics": null, "permit_expires": "03/07/2028", "km_from_ref": 38.4, "in_echo_search_list": null, "dfr_url": "https://echo.epa.gov/detailed-facility-report?fid=NYR00B262&sys=ICP", "watchlist_note": null}}, {"type": "Feature", "geometry": {"type": "Point", "coordinates": [-73.90335, 42.75615]}, "properties": {"npdes_id": "NYR00B833", "facility": "KING ROAD MATERIALS CORDELL ROAD FACILITY", "city": "COLONIE", "county": "Albany", "tier": "industrial stormwater MSGP", "permit_type": "General Permit Covered Facility", "major_minor": "N", "permit_status": "Effective", "transect": "other / Albany metro", "receiving_water": "LISHA KILL AND TRIBS", "huc8": "Mohawk", "design_flow_mgd": null, "actual_flow_mgd": null, "compliance_status": "No Violation Identified", "snc_status": null, "qtrs_noncompliance_12": 3, "qtrs_snc": 0, "missed_dmr_qtrs": null, "effluent_violations_3yr": 0, "pollutants_with_violation": null, "limited_pollutants": "Iron, total recoverable;Nitrogen, total [as N];Phosphorus, total [as P];Solids, total suspended;Zinc, total recoverable;pH", "dmr_pounds_yr": 0.0, "dmr_toxic_weighted_lb": 0.0, "penalties_usd": 0, "formal_actions_5yr": null, "informal_actions_5yr": 0, "inspections_5yr": 0, "last_inspection": null, "receiving_water_impaired": null, "impairment_causes": null, "sic": "1442 2951 3273", "naics": null, "permit_expires": "03/07/2028", "km_from_ref": 33.3, "in_echo_search_list": null, "dfr_url": "https://echo.epa.gov/detailed-facility-report?fid=NYR00B833&sys=ICP", "watchlist_note": null}}, {"type": "Feature", "geometry": {"type": "Point", "coordinates": [-74.383841, 42.691285]}, "properties": {"npdes_id": "NYR00E229", "facility": "HOWES CAVE QUARRY", "city": "COBLESKILL", "county": "Schoharie", "tier": "industrial stormwater MSGP", "permit_type": "General Permit Covered Facility", "major_minor": "N", "permit_status": "Effective", "transect": "Schoharie Creek basin", "receiving_water": "COBLESKILL CREEK, LOWER, AND TRIBS", "huc8": "Schoharie", "design_flow_mgd": null, "actual_flow_mgd": null, "compliance_status": "No Violation Identified", "snc_status": null, "qtrs_noncompliance_12": 3, "qtrs_snc": 0, "missed_dmr_qtrs": null, "effluent_violations_3yr": 0, "pollutants_with_violation": null, "limited_pollutants": "Solids, total suspended", "dmr_pounds_yr": 0.0, "dmr_toxic_weighted_lb": 0.0, "penalties_usd": 0, "formal_actions_5yr": null, "informal_actions_5yr": 1, "inspections_5yr": 0, "last_inspection": null, "receiving_water_impaired": "Y", "impairment_causes": "FECAL COLIFORM", "sic": "1422", "naics": null, "permit_expires": "03/07/2028", "km_from_ref": 27.7, "in_echo_search_list": null, "dfr_url": "https://echo.epa.gov/detailed-facility-report?fid=NYR00E229&sys=ICP", "watchlist_note": null}}, {"type": "Feature", "geometry": {"type": "Point", "coordinates": [-73.79684, 42.73916]}, "properties": {"npdes_id": "NYR00D199", "facility": "LATHAM POOL PRODUCTS, INC.", "city": "LATHAM", "county": "Albany", "tier": "industrial stormwater MSGP", "permit_type": "General Permit Covered Facility", "major_minor": "N", "permit_status": "Effective", "transect": "other / Albany metro", "receiving_water": "SHAKER CREEK AND TRIBS", "huc8": "Mohawk", "design_flow_mgd": null, "actual_flow_mgd": null, "compliance_status": "Violation Identified", "snc_status": null, "qtrs_noncompliance_12": 7, "qtrs_snc": 0, "missed_dmr_qtrs": null, "effluent_violations_3yr": 0, "pollutants_with_violation": null, "limited_pollutants": null, "dmr_pounds_yr": null, "dmr_toxic_weighted_lb": null, "penalties_usd": 0, "formal_actions_5yr": null, "informal_actions_5yr": 0, "inspections_5yr": 0, "last_inspection": null, "receiving_water_impaired": null, "impairment_causes": null, "sic": "3089", "naics": null, "permit_expires": "03/07/2028", "km_from_ref": 37.9, "in_echo_search_list": null, "dfr_url": "https://echo.epa.gov/detailed-facility-report?fid=NYR00D199&sys=ICP", "watchlist_note": null}}, {"type": "Feature", "geometry": {"type": "Point", "coordinates": [-73.71944, 42.69652]}, "properties": {"npdes_id": "NYR00G307", "facility": "MIDLAND FARMS, INC.", "city": "MENANDS", "county": "Albany", "tier": "industrial stormwater MSGP", "permit_type": "General Permit Covered Facility", "major_minor": "N", "permit_status": "Effective", "transect": "Hudson mainstem", "receiving_water": "MINOR TRIBS TO WEST OF HUDSON, MINOR TRIBS TO WEST OF HUDSON RIVER", "huc8": "Middle Hudson", "design_flow_mgd": null, "actual_flow_mgd": null, "compliance_status": "No Violation Identified", "snc_status": null, "qtrs_noncompliance_12": 5, "qtrs_snc": 0, "missed_dmr_qtrs": null, "effluent_violations_3yr": 0, "pollutants_with_violation": null, "limited_pollutants": null, "dmr_pounds_yr": null, "dmr_toxic_weighted_lb": null, "penalties_usd": 1950, "formal_actions_5yr": 1.0, "informal_actions_5yr": 3, "inspections_5yr": 0, "last_inspection": null, "receiving_water_impaired": null, "impairment_causes": null, "sic": "2026", "naics": null, "permit_expires": "03/07/2028", "km_from_ref": 40.3, "in_echo_search_list": null, "dfr_url": "https://echo.epa.gov/detailed-facility-report?fid=NYR00G307&sys=ICP", "watchlist_note": null}}, {"type": "Feature", "geometry": {"type": "Point", "coordinates": [-74.406791, 42.682243]}, "properties": {"npdes_id": "NYR00F583", "facility": "SCHOHARIE TRANSFER STATION", "city": "COBLESKILL", "county": "Schoharie", "tier": "industrial stormwater MSGP", "permit_type": "General Permit Covered Facility", "major_minor": "N", "permit_status": "Effective", "transect": "Schoharie Creek basin", "receiving_water": "COBLESKILL CREEK, LOWER, AND TRIBS", "huc8": "Schoharie", "design_flow_mgd": null, "actual_flow_mgd": null, "compliance_status": "No Violation Identified", "snc_status": null, "qtrs_noncompliance_12": 3, "qtrs_snc": 0, "missed_dmr_qtrs": null, "effluent_violations_3yr": 0, "pollutants_with_violation": null, "limited_pollutants": null, "dmr_pounds_yr": null, "dmr_toxic_weighted_lb": null, "penalties_usd": 0, "formal_actions_5yr": null, "informal_actions_5yr": 0, "inspections_5yr": 0, "last_inspection": "03/26/2021", "receiving_water_impaired": "Y", "impairment_causes": "FECAL COLIFORM", "sic": "5093", "naics": null, "permit_expires": "03/07/2028", "km_from_ref": 28.4, "in_echo_search_list": null, "dfr_url": "https://echo.epa.gov/detailed-facility-report?fid=NYR00F583&sys=ICP", "watchlist_note": null}}, {"type": "Feature", "geometry": {"type": "Point", "coordinates": [-73.71609, 42.70226]}, "properties": {"npdes_id": "NYR00E673", "facility": "CORCRAFT PRODUCTS", "city": "MENANDS", "county": "Albany", "tier": "industrial stormwater MSGP", "permit_type": "General Permit Covered Facility", "major_minor": "N", "permit_status": "Effective", "transect": "Hudson mainstem", "receiving_water": "HUDSON RIVER", "huc8": "Middle Hudson", "design_flow_mgd": null, "actual_flow_mgd": null, "compliance_status": "Violation Identified", "snc_status": null, "qtrs_noncompliance_12": 7, "qtrs_snc": 0, "missed_dmr_qtrs": null, "effluent_violations_3yr": 0, "pollutants_with_violation": null, "limited_pollutants": "Benzene;Chemical Oxygen Demand [COD];Ethylbenzene;Oil & Grease;Toluene;Xylene [mix of m+o+p]", "dmr_pounds_yr": 0.0, "dmr_toxic_weighted_lb": 0.0, "penalties_usd": 0, "formal_actions_5yr": null, "informal_actions_5yr": 2, "inspections_5yr": 0, "last_inspection": null, "receiving_water_impaired": null, "impairment_causes": null, "sic": "4225", "naics": null, "permit_expires": "03/07/2028", "km_from_ref": 40.8, "in_echo_search_list": null, "dfr_url": "https://echo.epa.gov/detailed-facility-report?fid=NYR00E673&sys=ICP", "watchlist_note": null}}, {"type": "Feature", "geometry": {"type": "Point", "coordinates": [-73.800963, 42.751812]}, "properties": {"npdes_id": "NYR00G350", "facility": "LATHAM HAULING DIVISION", "city": "LATHAM", "county": "Albany", "tier": "industrial stormwater MSGP", "permit_type": "General Permit Covered Facility", "major_minor": "N", "permit_status": "Effective", "transect": "other / Albany metro", "receiving_water": "SHAKER CREEK AND TRIBS", "huc8": "Mohawk", "design_flow_mgd": null, "actual_flow_mgd": null, "compliance_status": "No Violation Identified", "snc_status": null, "qtrs_noncompliance_12": 3, "qtrs_snc": 0, "missed_dmr_qtrs": null, "effluent_violations_3yr": 0, "pollutants_with_violation": null, "limited_pollutants": "Benzene;Chemical Oxygen Demand [COD];Ethylbenzene;Oil & Grease;Toluene;Xylene [mix of m+o+p]", "dmr_pounds_yr": 0.0, "dmr_toxic_weighted_lb": 0.0, "penalties_usd": 0, "formal_actions_5yr": null, "informal_actions_5yr": 0, "inspections_5yr": 0, "last_inspection": null, "receiving_water_impaired": null, "impairment_causes": null, "sic": "4212", "naics": null, "permit_expires": "03/07/2028", "km_from_ref": 38.5, "in_echo_search_list": null, "dfr_url": "https://echo.epa.gov/detailed-facility-report?fid=NYR00G350&sys=ICP", "watchlist_note": null}}, {"type": "Feature", "geometry": {"type": "Point", "coordinates": [-73.79865, 42.751381]}, "properties": {"npdes_id": "NYR00G832", "facility": "PITT OHIO - ALBANY", "city": "LATHAM", "county": "Albany", "tier": "industrial stormwater MSGP", "permit_type": "General Permit Covered Facility", "major_minor": "N", "permit_status": "Effective", "transect": "other / Albany metro", "receiving_water": "SHAKER CREEK AND TRIBS", "huc8": "Mohawk", "design_flow_mgd": null, "actual_flow_mgd": null, "compliance_status": "No Violation Identified", "snc_status": null, "qtrs_noncompliance_12": 3, "qtrs_snc": 0, "missed_dmr_qtrs": null, "effluent_violations_3yr": 0, "pollutants_with_violation": null, "limited_pollutants": "Benzene;Chemical Oxygen Demand [COD];Ethylbenzene;Oil & Grease;Toluene;Xylene [mix of m+o+p]", "dmr_pounds_yr": 0.0, "dmr_toxic_weighted_lb": 0.0, "penalties_usd": 0, "formal_actions_5yr": null, "informal_actions_5yr": 0, "inspections_5yr": 0, "last_inspection": null, "receiving_water_impaired": null, "impairment_causes": null, "sic": "4212", "naics": null, "permit_expires": "03/07/2028", "km_from_ref": 38.7, "in_echo_search_list": null, "dfr_url": "https://echo.epa.gov/detailed-facility-report?fid=NYR00G832&sys=ICP", "watchlist_note": null}}, {"type": "Feature", "geometry": {"type": "Point", "coordinates": [-73.79038, 42.7511]}, "properties": {"npdes_id": "NYR00D546", "facility": "CB MANUFACTURING COMPANY, INC.", "city": "LATHAM", "county": "Albany", "tier": "industrial stormwater MSGP", "permit_type": "General Permit Covered Facility", "major_minor": "N", "permit_status": "Effective", "transect": "other / Albany metro", "receiving_water": "SHAKER CREEK AND TRIBS", "huc8": "Mohawk", "design_flow_mgd": null, "actual_flow_mgd": null, "compliance_status": "No Violation Identified", "snc_status": null, "qtrs_noncompliance_12": 3, "qtrs_snc": 0, "missed_dmr_qtrs": null, "effluent_violations_3yr": 0, "pollutants_with_violation": null, "limited_pollutants": null, "dmr_pounds_yr": null, "dmr_toxic_weighted_lb": null, "penalties_usd": 0, "formal_actions_5yr": null, "informal_actions_5yr": 0, "inspections_5yr": 0, "last_inspection": null, "receiving_water_impaired": null, "impairment_causes": null, "sic": "2086", "naics": null, "permit_expires": "03/07/2028", "km_from_ref": 39.1, "in_echo_search_list": null, "dfr_url": "https://echo.epa.gov/detailed-facility-report?fid=NYR00D546&sys=ICP", "watchlist_note": null}}, {"type": "Feature", "geometry": {"type": "Point", "coordinates": [-73.79674, 42.75685]}, "properties": {"npdes_id": "NYR00D511", "facility": "PHILIPS MEDICAL SYSTEMS MR INC", "city": "LATHAM", "county": "Albany", "tier": "industrial stormwater MSGP", "permit_type": "General Permit Covered Facility", "major_minor": "N", "permit_status": "Effective", "transect": "other / Albany metro", "receiving_water": "SHAKER CREEK AND TRIBS", "huc8": "Mohawk", "design_flow_mgd": null, "actual_flow_mgd": null, "compliance_status": "No Violation Identified", "snc_status": null, "qtrs_noncompliance_12": 3, "qtrs_snc": 0, "missed_dmr_qtrs": null, "effluent_violations_3yr": 0, "pollutants_with_violation": null, "limited_pollutants": "Aluminum, total recoverable;Copper, total recoverable;Iron, total recoverable;Lead, total recoverable;Nitrogen, total [as N];Solids, total suspended;Zinc, total recoverable", "dmr_pounds_yr": 0.0, "dmr_toxic_weighted_lb": 0.0, "penalties_usd": 0, "formal_actions_5yr": null, "informal_actions_5yr": 1, "inspections_5yr": 0, "last_inspection": null, "receiving_water_impaired": null, "impairment_causes": null, "sic": "3443 3499 3845", "naics": null, "permit_expires": "03/07/2028", "km_from_ref": 39.2, "in_echo_search_list": null, "dfr_url": "https://echo.epa.gov/detailed-facility-report?fid=NYR00D511&sys=ICP", "watchlist_note": null}}, {"type": "Feature", "geometry": {"type": "Point", "coordinates": [-73.77844, 42.74765]}, "properties": {"npdes_id": "NYR00C054", "facility": "UPS-ALBANY HUB", "city": "LATHAM", "county": "Albany", "tier": "industrial stormwater MSGP", "permit_type": "General Permit Covered Facility", "major_minor": "N", "permit_status": "Effective", "transect": "other / Albany metro", "receiving_water": "SHAKER CREEK AND TRIBS", "huc8": "Mohawk", "design_flow_mgd": null, "actual_flow_mgd": null, "compliance_status": "No Violation Identified", "snc_status": null, "qtrs_noncompliance_12": 3, "qtrs_snc": 0, "missed_dmr_qtrs": null, "effluent_violations_3yr": 0, "pollutants_with_violation": null, "limited_pollutants": "Benzene;Chemical Oxygen Demand [COD];Ethylbenzene;Oil & Grease;Toluene;Xylene [mix of m+o+p]", "dmr_pounds_yr": 0.0, "dmr_toxic_weighted_lb": 0.0, "penalties_usd": 0, "formal_actions_5yr": null, "informal_actions_5yr": 0, "inspections_5yr": 0, "last_inspection": null, "receiving_water_impaired": null, "impairment_causes": null, "sic": "4215", "naics": null, "permit_expires": "03/07/2028", "km_from_ref": 39.6, "in_echo_search_list": null, "dfr_url": "https://echo.epa.gov/detailed-facility-report?fid=NYR00C054&sys=ICP", "watchlist_note": null}}, {"type": "Feature", "geometry": {"type": "Point", "coordinates": [-73.81556, 42.76479]}, "properties": {"npdes_id": "NYR00G831", "facility": "PLUG POWER LATHAM", "city": "LATHAM", "county": "Albany", "tier": "industrial stormwater MSGP", "permit_type": "General Permit Covered Facility", "major_minor": "N", "permit_status": "Effective", "transect": "other / Albany metro", "receiving_water": "MOHAWK RIVER/NYS BARGE CANAL, MAIN STEM, SHAKER CREEK AND TRIBS", "huc8": "Mohawk", "design_flow_mgd": null, "actual_flow_mgd": null, "compliance_status": "No Violation Identified", "snc_status": null, "qtrs_noncompliance_12": 4, "qtrs_snc": 0, "missed_dmr_qtrs": null, "effluent_violations_3yr": 0, "pollutants_with_violation": null, "limited_pollutants": "Copper, total recoverable;Lead, total recoverable;Solids, total suspended", "dmr_pounds_yr": 0.0, "dmr_toxic_weighted_lb": 0.0, "penalties_usd": 0, "formal_actions_5yr": null, "informal_actions_5yr": 1, "inspections_5yr": 0, "last_inspection": null, "receiving_water_impaired": null, "impairment_causes": null, "sic": "3629", "naics": null, "permit_expires": "03/07/2028", "km_from_ref": 38.7, "in_echo_search_list": null, "dfr_url": "https://echo.epa.gov/detailed-facility-report?fid=NYR00G831&sys=ICP", "watchlist_note": null}}, {"type": "Feature", "geometry": {"type": "Point", "coordinates": [-73.720551, 42.720746]}, "properties": {"npdes_id": "NYR00B057", "facility": "COLONIE PLANT", "city": "WATERVLIET", "county": "Albany", "tier": "industrial stormwater MSGP", "permit_type": "General Permit Covered Facility", "major_minor": "N", "permit_status": "Effective", "transect": "Hudson mainstem", "receiving_water": "MINOR TRIBS TO WEST OF HUDSON, MINOR TRIBUTARY TO WEST OF HUDSON", "huc8": "Middle Hudson", "design_flow_mgd": null, "actual_flow_mgd": null, "compliance_status": "No Violation Identified", "snc_status": null, "qtrs_noncompliance_12": 5, "qtrs_snc": 1, "missed_dmr_qtrs": null, "effluent_violations_3yr": 0, "pollutants_with_violation": null, "limited_pollutants": "Iron, total recoverable;Nitrogen, total [as N];Phosphorus, total [as P];Solids, total suspended;Zinc, total recoverable;pH", "dmr_pounds_yr": 0.0, "dmr_toxic_weighted_lb": 0.0, "penalties_usd": 0, "formal_actions_5yr": null, "informal_actions_5yr": 0, "inspections_5yr": 1, "last_inspection": "11/05/2021", "receiving_water_impaired": null, "impairment_causes": null, "sic": "1442 3273 4953", "naics": null, "permit_expires": "03/07/2028", "km_from_ref": 41.6, "in_echo_search_list": null, "dfr_url": "https://echo.epa.gov/detailed-facility-report?fid=NYR00B057&sys=ICP", "watchlist_note": null}}, {"type": "Feature", "geometry": {"type": "Point", "coordinates": [-74.551202, 42.404713]}, "properties": {"npdes_id": "NYR00A05F", "facility": "FULMONT READY MIX - STAMFORD", "city": "STAMFORD", "county": "Delaware", "tier": "industrial stormwater MSGP", "permit_type": "General Permit Covered Facility", "major_minor": "N", "permit_status": "Effective", "transect": "other / Albany metro", "receiving_water": "BEAR CREEK AND TRIBS", "huc8": "Schoharie", "design_flow_mgd": null, "actual_flow_mgd": null, "compliance_status": "Violation Identified", "snc_status": null, "qtrs_noncompliance_12": 7, "qtrs_snc": 0, "missed_dmr_qtrs": null, "effluent_violations_3yr": 0, "pollutants_with_violation": null, "limited_pollutants": "Benzene;Chemical Oxygen Demand [COD];Ethylbenzene;Iron, total recoverable;Oil & Grease;Solids, total suspended;Toluene;Xylene [mix of m+o+p];pH", "dmr_pounds_yr": 0.0, "dmr_toxic_weighted_lb": 0.0, "penalties_usd": 0, "formal_actions_5yr": null, "informal_actions_5yr": 3, "inspections_5yr": 0, "last_inspection": null, "receiving_water_impaired": null, "impairment_causes": null, "sic": "3271 3273 4212", "naics": null, "permit_expires": "03/07/2028", "km_from_ref": 35.4, "in_echo_search_list": null, "dfr_url": "https://echo.epa.gov/detailed-facility-report?fid=NYR00A05F&sys=ICP", "watchlist_note": null}}, {"type": "Feature", "geometry": {"type": "Point", "coordinates": [-73.7057, 42.71152]}, "properties": {"npdes_id": "NYR00A978", "facility": "PASSONNO PAINTS", "city": "WATERVLIET", "county": "Albany", "tier": "industrial stormwater MSGP", "permit_type": "General Permit Covered Facility", "major_minor": "N", "permit_status": "Expired", "transect": "Hudson mainstem", "receiving_water": "HUDSON RIVER", "huc8": "Middle Hudson", "design_flow_mgd": null, "actual_flow_mgd": null, "compliance_status": "Violation Identified", "snc_status": null, "qtrs_noncompliance_12": 12, "qtrs_snc": 0, "missed_dmr_qtrs": null, "effluent_violations_3yr": 0, "pollutants_with_violation": null, "limited_pollutants": null, "dmr_pounds_yr": null, "dmr_toxic_weighted_lb": null, "penalties_usd": 0, "formal_actions_5yr": null, "informal_actions_5yr": 2, "inspections_5yr": 0, "last_inspection": null, "receiving_water_impaired": "Y", "impairment_causes": "POLYCHLORINATED BIPHENYLS (PCBS)", "sic": "2851", "naics": null, "permit_expires": "02/28/2023", "km_from_ref": 42.1, "in_echo_search_list": null, "dfr_url": "https://echo.epa.gov/detailed-facility-report?fid=NYR00A978&sys=ICP", "watchlist_note": null}}, {"type": "Feature", "geometry": {"type": "Point", "coordinates": [-73.71096, 42.73279]}, "properties": {"npdes_id": "NYR00C456", "facility": "HIGHLAND TANK OF NEW YORK", "city": "WATERVLIET", "county": "Albany", "tier": "industrial stormwater MSGP", "permit_type": "General Permit Covered Facility", "major_minor": "N", "permit_status": "Effective", "transect": "Hudson mainstem", "receiving_water": "MINOR TRIBS TO WEST OF HUDSON", "huc8": "Middle Hudson", "design_flow_mgd": null, "actual_flow_mgd": null, "compliance_status": "No Violation Identified", "snc_status": null, "qtrs_noncompliance_12": 3, "qtrs_snc": 0, "missed_dmr_qtrs": null, "effluent_violations_3yr": 0, "pollutants_with_violation": null, "limited_pollutants": "Aluminum, total recoverable;Iron, total recoverable;Nitrogen, total [as N];Zinc, total recoverable", "dmr_pounds_yr": 0.0, "dmr_toxic_weighted_lb": 0.0, "penalties_usd": 0, "formal_actions_5yr": null, "informal_actions_5yr": 0, "inspections_5yr": 0, "last_inspection": null, "receiving_water_impaired": null, "impairment_causes": null, "sic": "3443", "naics": null, "permit_expires": "03/07/2028", "km_from_ref": 43.0, "in_echo_search_list": null, "dfr_url": "https://echo.epa.gov/detailed-facility-report?fid=NYR00C456&sys=ICP", "watchlist_note": null}}, {"type": "Feature", "geometry": {"type": "Point", "coordinates": [-73.71, 42.738]}, "properties": {"npdes_id": "NYR00A989", "facility": "SAINT-GOBAIN ABRASIVES, INC.", "city": "WATERVLIET", "county": "Albany", "tier": "industrial stormwater MSGP", "permit_type": "General Permit Covered Facility", "major_minor": "N", "permit_status": "Effective", "transect": "Hudson mainstem", "receiving_water": "HUDSON RIVER (CLASS C)", "huc8": "Mohawk", "design_flow_mgd": null, "actual_flow_mgd": null, "compliance_status": "No Violation Identified", "snc_status": null, "qtrs_noncompliance_12": 3, "qtrs_snc": 0, "missed_dmr_qtrs": null, "effluent_violations_3yr": 0, "pollutants_with_violation": null, "limited_pollutants": null, "dmr_pounds_yr": null, "dmr_toxic_weighted_lb": null, "penalties_usd": 0, "formal_actions_5yr": null, "informal_actions_5yr": 0, "inspections_5yr": 0, "last_inspection": "09/10/2014", "receiving_water_impaired": null, "impairment_causes": null, "sic": "2261 2262 3291", "naics": null, "permit_expires": "03/07/2028", "km_from_ref": 43.4, "in_echo_search_list": null, "dfr_url": "https://echo.epa.gov/detailed-facility-report?fid=NYR00A989&sys=ICP", "watchlist_note": null}}, {"type": "Feature", "geometry": {"type": "Point", "coordinates": [-73.710348, 42.745278]}, "properties": {"npdes_id": "NYR00B551", "facility": "CALLANAN INDUSTRIES WATERVLIET FACILITY", "city": "WATERVLIET", "county": "Albany", "tier": "industrial stormwater MSGP", "permit_type": "General Permit Covered Facility", "major_minor": "N", "permit_status": "Effective", "transect": "Hudson mainstem", "receiving_water": "MINOR TRIBS TO WEST OF HUDSON", "huc8": "Mohawk", "design_flow_mgd": null, "actual_flow_mgd": null, "compliance_status": "Violation Identified", "snc_status": null, "qtrs_noncompliance_12": 12, "qtrs_snc": 0, "missed_dmr_qtrs": null, "effluent_violations_3yr": 0, "pollutants_with_violation": null, "limited_pollutants": "Solids, total suspended", "dmr_pounds_yr": 0.0, "dmr_toxic_weighted_lb": 0.0, "penalties_usd": 2320, "formal_actions_5yr": 1.0, "informal_actions_5yr": 0, "inspections_5yr": 0, "last_inspection": null, "receiving_water_impaired": null, "impairment_causes": null, "sic": "2951", "naics": null, "permit_expires": "03/07/2028", "km_from_ref": 43.8, "in_echo_search_list": null, "dfr_url": "https://echo.epa.gov/detailed-facility-report?fid=NYR00B551&sys=ICP", "watchlist_note": null}}, {"type": "Feature", "geometry": {"type": "Point", "coordinates": [-74.466, 42.689]}, "properties": {"npdes_id": "NYR00D028", "facility": "COBLESKILL QUARRY", "city": "COBLESKILL", "county": "Schoharie", "tier": "industrial stormwater MSGP", "permit_type": "General Permit Covered Facility", "major_minor": "N", "permit_status": "Effective", "transect": "Schoharie Creek basin", "receiving_water": "COBLESKILL CREEK, LOWER, AND TRIBS", "huc8": "Schoharie", "design_flow_mgd": null, "actual_flow_mgd": null, "compliance_status": "No Violation Identified", "snc_status": null, "qtrs_noncompliance_12": 3, "qtrs_snc": 0, "missed_dmr_qtrs": null, "effluent_violations_3yr": 0, "pollutants_with_violation": null, "limited_pollutants": "Benzene;Chemical Oxygen Demand [COD];Ethylbenzene;Oil & Grease;Solids, total suspended;Toluene;Xylene [mix of m+o+p]", "dmr_pounds_yr": 0.0, "dmr_toxic_weighted_lb": 0.0, "penalties_usd": 0, "formal_actions_5yr": null, "informal_actions_5yr": 1, "inspections_5yr": 0, "last_inspection": null, "receiving_water_impaired": "Y", "impairment_causes": "FECAL COLIFORM", "sic": "1422 1429 4212", "naics": null, "permit_expires": "03/07/2028", "km_from_ref": 32.6, "in_echo_search_list": null, "dfr_url": "https://echo.epa.gov/detailed-facility-report?fid=NYR00D028&sys=ICP", "watchlist_note": null}}, {"type": "Feature", "geometry": {"type": "Point", "coordinates": [-74.46609, 42.688942]}, "properties": {"npdes_id": "NYR00D074", "facility": "CRANESVILLE BLOCK CO. - COBLESKILL", "city": "COBLESKILL", "county": "Schoharie", "tier": "industrial stormwater MSGP", "permit_type": "General Permit Covered Facility", "major_minor": "N", "permit_status": "Effective", "transect": "Schoharie Creek basin", "receiving_water": "COBLESKILL CREEK, LOWER, AND TRIBS", "huc8": "Schoharie", "design_flow_mgd": null, "actual_flow_mgd": null, "compliance_status": "Violation Identified", "snc_status": null, "qtrs_noncompliance_12": 4, "qtrs_snc": 0, "missed_dmr_qtrs": null, "effluent_violations_3yr": 0, "pollutants_with_violation": null, "limited_pollutants": "Benzene;Chemical Oxygen Demand [COD];Ethylbenzene;Iron, total recoverable;Oil & Grease;Solids, total suspended;Toluene;Xylene [mix of m+o+p];pH", "dmr_pounds_yr": 0.0, "dmr_toxic_weighted_lb": 0.0, "penalties_usd": 0, "formal_actions_5yr": null, "informal_actions_5yr": 0, "inspections_5yr": 0, "last_inspection": null, "receiving_water_impaired": "Y", "impairment_causes": "FECAL COLIFORM", "sic": "3271 3273 4212", "naics": null, "permit_expires": "03/07/2028", "km_from_ref": 32.6, "in_echo_search_list": null, "dfr_url": "https://echo.epa.gov/detailed-facility-report?fid=NYR00D074&sys=ICP", "watchlist_note": null}}, {"type": "Feature", "geometry": {"type": "Point", "coordinates": [-73.69702, 42.74945]}, "properties": {"npdes_id": "NYR00G732", "facility": "ROSS PRECISION MFG", "city": "GREEN ISLAND", "county": "Albany", "tier": "industrial stormwater MSGP", "permit_type": "General Permit Covered Facility", "major_minor": "N", "permit_status": "Effective", "transect": "other / Albany metro", "receiving_water": "MINOR TRIBS TO MOHAWK RIVER", "huc8": "Mohawk", "design_flow_mgd": null, "actual_flow_mgd": null, "compliance_status": "No Violation Identified", "snc_status": null, "qtrs_noncompliance_12": 4, "qtrs_snc": 0, "missed_dmr_qtrs": null, "effluent_violations_3yr": 0, "pollutants_with_violation": null, "limited_pollutants": null, "dmr_pounds_yr": null, "dmr_toxic_weighted_lb": null, "penalties_usd": 0, "formal_actions_5yr": null, "informal_actions_5yr": 1, "inspections_5yr": 0, "last_inspection": null, "receiving_water_impaired": null, "impairment_causes": null, "sic": "3599", "naics": null, "permit_expires": "03/07/2028", "km_from_ref": 45.0, "in_echo_search_list": null, "dfr_url": "https://echo.epa.gov/detailed-facility-report?fid=NYR00G732&sys=ICP", "watchlist_note": null}}, {"type": "Feature", "geometry": {"type": "Point", "coordinates": [-73.73215, 42.797825]}, "properties": {"npdes_id": "NYR00E086", "facility": "CLEMENTE LATHAM FONDA ROAD", "city": "COHOES", "county": "Albany", "tier": "industrial stormwater MSGP", "permit_type": "General Permit Covered Facility", "major_minor": "N", "permit_status": "Effective", "transect": "other / Albany metro", "receiving_water": "MINOR TRIBS TO MOHAWK RIVER", "huc8": "Mohawk", "design_flow_mgd": null, "actual_flow_mgd": null, "compliance_status": "No Violation Identified", "snc_status": null, "qtrs_noncompliance_12": 3, "qtrs_snc": 0, "missed_dmr_qtrs": null, "effluent_violations_3yr": 0, "pollutants_with_violation": null, "limited_pollutants": "Iron, total recoverable;Solids, total suspended;pH", "dmr_pounds_yr": 0.0, "dmr_toxic_weighted_lb": 0.0, "penalties_usd": 0, "formal_actions_5yr": null, "informal_actions_5yr": 0, "inspections_5yr": 0, "last_inspection": null, "receiving_water_impaired": null, "impairment_causes": null, "sic": "3273", "naics": null, "permit_expires": "03/07/2028", "km_from_ref": 46.2, "in_echo_search_list": null, "dfr_url": "https://echo.epa.gov/detailed-facility-report?fid=NYR00E086&sys=ICP", "watchlist_note": null}}, {"type": "Feature", "geometry": {"type": "Point", "coordinates": [-73.731028, 42.799175]}, "properties": {"npdes_id": "NYR00G667", "facility": "AMAZON.COM SERVICES LLC - DBU9", "city": "COHOES", "county": "Albany", "tier": "industrial stormwater MSGP", "permit_type": "General Permit Covered Facility", "major_minor": "N", "permit_status": "Effective", "transect": "other / Albany metro", "receiving_water": "MOHAWK RIVER/NYS BARGE CANAL, MAIN STEM", "huc8": "Mohawk", "design_flow_mgd": null, "actual_flow_mgd": null, "compliance_status": "No Violation Identified", "snc_status": null, "qtrs_noncompliance_12": 3, "qtrs_snc": 0, "missed_dmr_qtrs": null, "effluent_violations_3yr": 0, "pollutants_with_violation": null, "limited_pollutants": "Benzene;Chemical Oxygen Demand [COD];Ethylbenzene;Oil & Grease;Toluene;Xylene [mix of m+o+p]", "dmr_pounds_yr": 0.0, "dmr_toxic_weighted_lb": 0.0, "penalties_usd": 0, "formal_actions_5yr": null, "informal_actions_5yr": 0, "inspections_5yr": 0, "last_inspection": null, "receiving_water_impaired": null, "impairment_causes": null, "sic": "4225", "naics": null, "permit_expires": "03/07/2028", "km_from_ref": 46.3, "in_echo_search_list": null, "dfr_url": "https://echo.epa.gov/detailed-facility-report?fid=NYR00G667&sys=ICP", "watchlist_note": null}}, {"type": "Feature", "geometry": {"type": "Point", "coordinates": [-73.730756, 42.802609]}, "properties": {"npdes_id": "NYR00D652", "facility": "COLONIE TOWN LANDFILL", "city": "COHOES", "county": "Albany", "tier": "industrial stormwater MSGP", "permit_type": "General Permit Covered Facility", "major_minor": "N", "permit_status": "Effective", "transect": "other / Albany metro", "receiving_water": "MOHAWK RIVER/NYS BARGE CANAL, MAIN STEM", "huc8": "Mohawk", "design_flow_mgd": null, "actual_flow_mgd": null, "compliance_status": "No Violation Identified", "snc_status": null, "qtrs_noncompliance_12": 3, "qtrs_snc": 0, "missed_dmr_qtrs": null, "effluent_violations_3yr": 0, "pollutants_with_violation": null, "limited_pollutants": "Iron, total recoverable;Nitrogen, total [as N];Phosphorus, total [as P];Solids, total suspended", "dmr_pounds_yr": 0.0, "dmr_toxic_weighted_lb": 0.0, "penalties_usd": 0, "formal_actions_5yr": null, "informal_actions_5yr": 0, "inspections_5yr": 1, "last_inspection": "10/30/2025", "receiving_water_impaired": null, "impairment_causes": null, "sic": "4212 4953 5093", "naics": null, "permit_expires": "03/07/2028", "km_from_ref": 46.6, "in_echo_search_list": null, "dfr_url": "https://echo.epa.gov/detailed-facility-report?fid=NYR00D652&sys=ICP", "watchlist_note": null}}, {"type": "Feature", "geometry": {"type": "Point", "coordinates": [-75.705992, 42.355693]}, "properties": {"npdes_id": "NYR00F993", "facility": "GREENE PLANT", "city": "GREENE", "county": "Chenango", "tier": "industrial stormwater MSGP", "permit_type": "General Permit Covered Facility", "major_minor": "N", "permit_status": "Effective", "transect": "other / Albany metro", "receiving_water": "MINOR TRIBS TO MIDDLE CHENANGO RIVER", "huc8": "Chenango", "design_flow_mgd": null, "actual_flow_mgd": null, "compliance_status": "Violation Identified", "snc_status": null, "qtrs_noncompliance_12": 8, "qtrs_snc": 0, "missed_dmr_qtrs": null, "effluent_violations_3yr": 0, "pollutants_with_violation": null, "limited_pollutants": "Iron, total recoverable;Solids, total suspended;pH", "dmr_pounds_yr": 0.0, "dmr_toxic_weighted_lb": 0.0, "penalties_usd": 0, "formal_actions_5yr": null, "informal_actions_5yr": 0, "inspections_5yr": 0, "last_inspection": null, "receiving_water_impaired": null, "impairment_causes": null, "sic": "1442 3271 3273", "naics": null, "permit_expires": "03/07/2028", "km_from_ref": 129.1, "in_echo_search_list": null, "dfr_url": "https://echo.epa.gov/detailed-facility-report?fid=NYR00F993&sys=ICP", "watchlist_note": null}}, {"type": "Feature", "geometry": {"type": "Point", "coordinates": [-73.82762, 42.37133]}, "properties": {"npdes_id": "NYR00G195", "facility": "SAVE-A-LOT DISTRIBUTION CENTER 31", "city": "WEST COXSACKIE", "county": "Greene", "tier": "no-exposure certification", "permit_type": "General Permit Covered Facility", "major_minor": "N", "permit_status": "Expired", "transect": "other / Albany metro", "receiving_water": null, "huc8": "Middle Hudson", "design_flow_mgd": null, "actual_flow_mgd": null, "compliance_status": "No Violation Identified", "snc_status": null, "qtrs_noncompliance_12": 0, "qtrs_snc": 0, "missed_dmr_qtrs": null, "effluent_violations_3yr": 0, "pollutants_with_violation": null, "limited_pollutants": null, "dmr_pounds_yr": null, "dmr_toxic_weighted_lb": null, "penalties_usd": 0, "formal_actions_5yr": null, "informal_actions_5yr": 0, "inspections_5yr": 0, "last_inspection": null, "receiving_water_impaired": null, "impairment_causes": null, "sic": "4225", "naics": null, "permit_expires": "10/24/2023", "km_from_ref": 30.5, "in_echo_search_list": null, "dfr_url": "https://echo.epa.gov/detailed-facility-report?fid=NYR00G195&sys=ICP", "watchlist_note": null}}, {"type": "Feature", "geometry": {"type": "Point", "coordinates": [-73.80538, 42.48549]}, "properties": {"npdes_id": "NYR00H254", "facility": "CURALEAF", "city": "COEYMANS", "county": "Albany", "tier": "no-exposure certification", "permit_type": "General Permit Covered Facility", "major_minor": "N", "permit_status": "Effective", "transect": "other / Albany metro", "receiving_water": null, "huc8": "Middle Hudson", "design_flow_mgd": null, "actual_flow_mgd": null, "compliance_status": "Unknown", "snc_status": null, "qtrs_noncompliance_12": 0, "qtrs_snc": 0, "missed_dmr_qtrs": 1.0, "effluent_violations_3yr": 0, "pollutants_with_violation": null, "limited_pollutants": null, "dmr_pounds_yr": null, "dmr_toxic_weighted_lb": null, "penalties_usd": 0, "formal_actions_5yr": null, "informal_actions_5yr": 0, "inspections_5yr": 0, "last_inspection": null, "receiving_water_impaired": null, "impairment_causes": null, "sic": "0191", "naics": null, "permit_expires": "05/07/2031", "km_from_ref": 28.0, "in_echo_search_list": null, "dfr_url": "https://echo.epa.gov/detailed-facility-report?fid=NYR00H254&sys=ICP", "watchlist_note": null}}, {"type": "Feature", "geometry": {"type": "Point", "coordinates": [-73.87089, 42.57522]}, "properties": {"npdes_id": "NYR00G731", "facility": "LINDA INC. - SELKIRK", "city": "FEURA BUSH", "county": "Albany", "tier": "no-exposure certification", "permit_type": "General Permit Covered Facility", "major_minor": "N", "permit_status": "Effective", "transect": "other / Albany metro", "receiving_water": null, "huc8": "Middle Hudson", "design_flow_mgd": null, "actual_flow_mgd": null, "compliance_status": "Unknown", "snc_status": null, "qtrs_noncompliance_12": 0, "qtrs_snc": 0, "missed_dmr_qtrs": 12.0, "effluent_violations_3yr": 0, "pollutants_with_violation": null, "limited_pollutants": null, "dmr_pounds_yr": null, "dmr_toxic_weighted_lb": null, "penalties_usd": 0, "formal_actions_5yr": null, "informal_actions_5yr": 0, "inspections_5yr": 0, "last_inspection": null, "receiving_water_impaired": null, "impairment_causes": null, "sic": null, "naics": null, "permit_expires": "12/09/2027", "km_from_ref": 23.4, "in_echo_search_list": null, "dfr_url": "https://echo.epa.gov/detailed-facility-report?fid=NYR00G731&sys=ICP", "watchlist_note": null}}, {"type": "Feature", "geometry": {"type": "Point", "coordinates": [-73.87089, 42.57522]}, "properties": {"npdes_id": "NYR00G437", "facility": "MESSER LLC", "city": "FEURA BUSH", "county": "Albany", "tier": "no-exposure certification", "permit_type": "General Permit Covered Facility", "major_minor": "N", "permit_status": "Effective", "transect": "other / Albany metro", "receiving_water": null, "huc8": "Middle Hudson", "design_flow_mgd": null, "actual_flow_mgd": null, "compliance_status": "Unknown", "snc_status": null, "qtrs_noncompliance_12": 0, "qtrs_snc": 0, "missed_dmr_qtrs": 4.0, "effluent_violations_3yr": 0, "pollutants_with_violation": null, "limited_pollutants": null, "dmr_pounds_yr": null, "dmr_toxic_weighted_lb": null, "penalties_usd": 0, "formal_actions_5yr": null, "informal_actions_5yr": 0, "inspections_5yr": 0, "last_inspection": null, "receiving_water_impaired": null, "impairment_causes": null, "sic": "2813", "naics": null, "permit_expires": "09/04/2030", "km_from_ref": 23.4, "in_echo_search_list": null, "dfr_url": "https://echo.epa.gov/detailed-facility-report?fid=NYR00G437&sys=ICP", "watchlist_note": null}}, {"type": "Feature", "geometry": {"type": "Point", "coordinates": [-73.81947, 42.35463]}, "properties": {"npdes_id": "NYR00E539", "facility": "DYNABIL INDUSTRIES INC", "city": "COXSACKIE", "county": "Greene", "tier": "no-exposure certification", "permit_type": "General Permit Covered Facility", "major_minor": "N", "permit_status": "Admin Continued", "transect": "other / Albany metro", "receiving_water": null, "huc8": "Middle Hudson", "design_flow_mgd": null, "actual_flow_mgd": null, "compliance_status": "No Violation Identified", "snc_status": null, "qtrs_noncompliance_12": 0, "qtrs_snc": 0, "missed_dmr_qtrs": null, "effluent_violations_3yr": 0, "pollutants_with_violation": null, "limited_pollutants": null, "dmr_pounds_yr": null, "dmr_toxic_weighted_lb": null, "penalties_usd": 0, "formal_actions_5yr": null, "informal_actions_5yr": 0, "inspections_5yr": 0, "last_inspection": null, "receiving_water_impaired": null, "impairment_causes": null, "sic": "3444", "naics": null, "permit_expires": "03/31/2012", "km_from_ref": 32.1, "in_echo_search_list": null, "dfr_url": "https://echo.epa.gov/detailed-facility-report?fid=NYR00E539&sys=ICP", "watchlist_note": null}}, {"type": "Feature", "geometry": {"type": "Point", "coordinates": [-73.815097, 42.348051]}, "properties": {"npdes_id": "NYR00F791", "facility": "DUCOMMUN INCORPORATED NEW YORK NEW YORK INC", "city": "COXSACKIE", "county": "Greene", "tier": "no-exposure certification", "permit_type": "General Permit Covered Facility", "major_minor": "N", "permit_status": "Expired", "transect": "other / Albany metro", "receiving_water": null, "huc8": "Middle Hudson", "design_flow_mgd": null, "actual_flow_mgd": null, "compliance_status": "No Violation Identified", "snc_status": null, "qtrs_noncompliance_12": 0, "qtrs_snc": 0, "missed_dmr_qtrs": null, "effluent_violations_3yr": 0, "pollutants_with_violation": null, "limited_pollutants": null, "dmr_pounds_yr": null, "dmr_toxic_weighted_lb": null, "penalties_usd": 0, "formal_actions_5yr": null, "informal_actions_5yr": 0, "inspections_5yr": 1, "last_inspection": "08/20/2026", "receiving_water_impaired": null, "impairment_causes": null, "sic": "3444 3728", "naics": null, "permit_expires": "06/04/2025", "km_from_ref": 32.8, "in_echo_search_list": null, "dfr_url": "https://echo.epa.gov/detailed-facility-report?fid=NYR00F791&sys=ICP", "watchlist_note": null}}, {"type": "Feature", "geometry": {"type": "Point", "coordinates": [-73.81711, 42.3419]}, "properties": {"npdes_id": "NYR00E288", "facility": "DUCOMMUN AEROSTRUCTURES", "city": "COXSACKIE", "county": "Greene", "tier": "no-exposure certification", "permit_type": "General Permit Covered Facility", "major_minor": "N", "permit_status": "Expired", "transect": "other / Albany metro", "receiving_water": "SLEEPY HOLLOW LAKE", "huc8": "Middle Hudson", "design_flow_mgd": null, "actual_flow_mgd": null, "compliance_status": "No Violation Identified", "snc_status": null, "qtrs_noncompliance_12": 0, "qtrs_snc": 0, "missed_dmr_qtrs": null, "effluent_violations_3yr": 0, "pollutants_with_violation": null, "limited_pollutants": null, "dmr_pounds_yr": null, "dmr_toxic_weighted_lb": null, "penalties_usd": 0, "formal_actions_5yr": null, "informal_actions_5yr": 0, "inspections_5yr": 0, "last_inspection": "04/29/2015", "receiving_water_impaired": null, "impairment_causes": null, "sic": "3444", "naics": null, "permit_expires": "09/30/2017", "km_from_ref": 33.0, "in_echo_search_list": null, "dfr_url": "https://echo.epa.gov/detailed-facility-report?fid=NYR00E288&sys=ICP", "watchlist_note": null}}, {"type": "Feature", "geometry": {"type": "Point", "coordinates": [-73.76625, 42.54322]}, "properties": {"npdes_id": "NYR00G246", "facility": "CEDAR HILL WPCP", "city": "SELKIRK", "county": "Albany", "tier": "no-exposure certification", "permit_type": "General Permit Covered Facility", "major_minor": "N", "permit_status": "Expired", "transect": "other / Albany metro", "receiving_water": null, "huc8": "Middle Hudson", "design_flow_mgd": null, "actual_flow_mgd": null, "compliance_status": "No Violation Identified", "snc_status": null, "qtrs_noncompliance_12": 0, "qtrs_snc": 0, "missed_dmr_qtrs": null, "effluent_violations_3yr": 0, "pollutants_with_violation": null, "limited_pollutants": null, "dmr_pounds_yr": null, "dmr_toxic_weighted_lb": null, "penalties_usd": 0, "formal_actions_5yr": null, "informal_actions_5yr": 0, "inspections_5yr": 0, "last_inspection": null, "receiving_water_impaired": "Y", "impairment_causes": "POLYCHLORINATED BIPHENYLS (PCBS)", "sic": "4952", "naics": null, "permit_expires": "05/22/2024", "km_from_ref": 31.2, "in_echo_search_list": null, "dfr_url": "https://echo.epa.gov/detailed-facility-report?fid=NYR00G246&sys=ICP", "watchlist_note": null}}, {"type": "Feature", "geometry": {"type": "Point", "coordinates": [-73.77517, 42.57422]}, "properties": {"npdes_id": "NYR00D122", "facility": "SAINT-GOBAIN ABRASIVES - BETHLEHEM", "city": "GLENMONT", "county": "Albany", "tier": "no-exposure certification", "permit_type": "General Permit Covered Facility", "major_minor": "N", "permit_status": "Expired", "transect": "other / Albany metro", "receiving_water": null, "huc8": "Middle Hudson", "design_flow_mgd": null, "actual_flow_mgd": null, "compliance_status": "No Violation Identified", "snc_status": null, "qtrs_noncompliance_12": 0, "qtrs_snc": 0, "missed_dmr_qtrs": null, "effluent_violations_3yr": 0, "pollutants_with_violation": null, "limited_pollutants": null, "dmr_pounds_yr": null, "dmr_toxic_weighted_lb": null, "penalties_usd": 0, "formal_actions_5yr": null, "informal_actions_5yr": 0, "inspections_5yr": 0, "last_inspection": null, "receiving_water_impaired": null, "impairment_causes": null, "sic": "3291", "naics": null, "permit_expires": "03/31/2012", "km_from_ref": 31.0, "in_echo_search_list": null, "dfr_url": "https://echo.epa.gov/detailed-facility-report?fid=NYR00D122&sys=ICP", "watchlist_note": null}}, {"type": "Feature", "geometry": {"type": "Point", "coordinates": [-73.8, 42.6]}, "properties": {"npdes_id": "NYR00G525", "facility": "FIRST STUDENT, INC. #12699", "city": "ALBANY", "county": "Albany", "tier": "no-exposure certification", "permit_type": "General Permit Covered Facility", "major_minor": "N", "permit_status": "Effective", "transect": "other / Albany metro", "receiving_water": null, "huc8": "Middle Hudson", "design_flow_mgd": null, "actual_flow_mgd": null, "compliance_status": "No Violation Identified", "snc_status": null, "qtrs_noncompliance_12": 0, "qtrs_snc": 0, "missed_dmr_qtrs": null, "effluent_violations_3yr": 0, "pollutants_with_violation": null, "limited_pollutants": null, "dmr_pounds_yr": null, "dmr_toxic_weighted_lb": null, "penalties_usd": 0, "formal_actions_5yr": null, "informal_actions_5yr": 0, "inspections_5yr": 0, "last_inspection": null, "receiving_water_impaired": null, "impairment_causes": null, "sic": "4151", "naics": null, "permit_expires": "09/10/2031", "km_from_ref": 29.8, "in_echo_search_list": null, "dfr_url": "https://echo.epa.gov/detailed-facility-report?fid=NYR00G525&sys=ICP", "watchlist_note": null}}, {"type": "Feature", "geometry": {"type": "Point", "coordinates": [-73.8, 42.6]}, "properties": {"npdes_id": "NYR00G650", "facility": "QUALITY CARRIERS, INC", "city": "ALBANY", "county": "Albany", "tier": "no-exposure certification", "permit_type": "General Permit Covered Facility", "major_minor": "N", "permit_status": "Effective", "transect": "other / Albany metro", "receiving_water": null, "huc8": "Middle Hudson", "design_flow_mgd": null, "actual_flow_mgd": null, "compliance_status": "Unknown", "snc_status": null, "qtrs_noncompliance_12": 0, "qtrs_snc": 0, "missed_dmr_qtrs": 12.0, "effluent_violations_3yr": 0, "pollutants_with_violation": null, "limited_pollutants": null, "dmr_pounds_yr": null, "dmr_toxic_weighted_lb": null, "penalties_usd": 0, "formal_actions_5yr": null, "informal_actions_5yr": 0, "inspections_5yr": 0, "last_inspection": null, "receiving_water_impaired": null, "impairment_causes": null, "sic": "4213", "naics": null, "permit_expires": "05/17/2027", "km_from_ref": 29.8, "in_echo_search_list": null, "dfr_url": "https://echo.epa.gov/detailed-facility-report?fid=NYR00G650&sys=ICP", "watchlist_note": null}}, {"type": "Feature", "geometry": {"type": "Point", "coordinates": [-73.817572, 42.61566]}, "properties": {"npdes_id": "NYR00G942", "facility": "CEDAR HILL WCPC", "city": "DELMAR", "county": "Albany", "tier": "no-exposure certification", "permit_type": "General Permit Covered Facility", "major_minor": "N", "permit_status": "Effective", "transect": "other / Albany metro", "receiving_water": null, "huc8": "Middle Hudson", "design_flow_mgd": null, "actual_flow_mgd": null, "compliance_status": "Unknown", "snc_status": null, "qtrs_noncompliance_12": 0, "qtrs_snc": 0, "missed_dmr_qtrs": 10.0, "effluent_violations_3yr": 0, "pollutants_with_violation": null, "limited_pollutants": null, "dmr_pounds_yr": null, "dmr_toxic_weighted_lb": null, "penalties_usd": 0, "formal_actions_5yr": null, "informal_actions_5yr": 0, "inspections_5yr": 0, "last_inspection": null, "receiving_water_impaired": null, "impairment_causes": null, "sic": "4952", "naics": null, "permit_expires": "01/02/2029", "km_from_ref": 29.1, "in_echo_search_list": null, "dfr_url": "https://echo.epa.gov/detailed-facility-report?fid=NYR00G942&sys=ICP", "watchlist_note": null}}, {"type": "Feature", "geometry": {"type": "Point", "coordinates": [-73.958708, 42.688411]}, "properties": {"npdes_id": "NYR00H211", "facility": "PPG GUILDERLAND DC", "city": "GUILDERLAND", "county": "Albany", "tier": "no-exposure certification", "permit_type": "General Permit Covered Facility", "major_minor": "N", "permit_status": "Effective", "transect": "other / Albany metro", "receiving_water": null, "huc8": "Middle Hudson", "design_flow_mgd": null, "actual_flow_mgd": null, "compliance_status": "Unknown", "snc_status": null, "qtrs_noncompliance_12": 0, "qtrs_snc": 0, "missed_dmr_qtrs": 2.0, "effluent_violations_3yr": 0, "pollutants_with_violation": null, "limited_pollutants": null, "dmr_pounds_yr": null, "dmr_toxic_weighted_lb": null, "penalties_usd": 0, "formal_actions_5yr": null, "informal_actions_5yr": 0, "inspections_5yr": 0, "last_inspection": null, "receiving_water_impaired": null, "impairment_causes": null, "sic": "7359", "naics": null, "permit_expires": "01/07/2031", "km_from_ref": 24.6, "in_echo_search_list": null, "dfr_url": "https://echo.epa.gov/detailed-facility-report?fid=NYR00H211&sys=ICP", "watchlist_note": null}}, {"type": "Feature", "geometry": {"type": "Point", "coordinates": [-73.895, 42.199]}, "properties": {"npdes_id": "NYR00F631", "facility": "VP AUTO PARTS INC", "city": "CATSKILL", "county": "Greene", "tier": "no-exposure certification", "permit_type": "General Permit Covered Facility", "major_minor": "N", "permit_status": "Expired", "transect": "other / Albany metro", "receiving_water": null, "huc8": "Middle Hudson", "design_flow_mgd": null, "actual_flow_mgd": null, "compliance_status": "No Violation Identified", "snc_status": null, "qtrs_noncompliance_12": 0, "qtrs_snc": 0, "missed_dmr_qtrs": null, "effluent_violations_3yr": 0, "pollutants_with_violation": null, "limited_pollutants": null, "dmr_pounds_yr": null, "dmr_toxic_weighted_lb": null, "penalties_usd": 0, "formal_actions_5yr": null, "informal_actions_5yr": 0, "inspections_5yr": 0, "last_inspection": null, "receiving_water_impaired": null, "impairment_causes": null, "sic": "5015", "naics": null, "permit_expires": "03/11/2025", "km_from_ref": 40.6, "in_echo_search_list": null, "dfr_url": "https://echo.epa.gov/detailed-facility-report?fid=NYR00F631&sys=ICP", "watchlist_note": null}}, {"type": "Feature", "geometry": {"type": "Point", "coordinates": [-73.85661, 42.21143]}, "properties": {"npdes_id": "NYR00F647", "facility": "VILLAGE OF CATSKILL WASTEWATER TREATMENT PLANT", "city": "CATSKILL", "county": "Greene", "tier": "no-exposure certification", "permit_type": "General Permit Covered Facility", "major_minor": "N", "permit_status": "Admin Continued", "transect": "other / Albany metro", "receiving_water": null, "huc8": "Middle Hudson", "design_flow_mgd": null, "actual_flow_mgd": null, "compliance_status": "No Violation Identified", "snc_status": null, "qtrs_noncompliance_12": 0, "qtrs_snc": 0, "missed_dmr_qtrs": null, "effluent_violations_3yr": 0, "pollutants_with_violation": null, "limited_pollutants": null, "dmr_pounds_yr": null, "dmr_toxic_weighted_lb": null, "penalties_usd": 0, "formal_actions_5yr": null, "informal_actions_5yr": 0, "inspections_5yr": 0, "last_inspection": null, "receiving_water_impaired": "Y", "impairment_causes": "POLYCHLORINATED BIPHENYLS (PCBS)", "sic": "4952", "naics": null, "permit_expires": "09/30/2017", "km_from_ref": 41.2, "in_echo_search_list": null, "dfr_url": "https://echo.epa.gov/detailed-facility-report?fid=NYR00F647&sys=ICP", "watchlist_note": null}}, {"type": "Feature", "geometry": {"type": "Point", "coordinates": [-73.76477, 42.6141]}, "properties": {"npdes_id": "NYR00G197", "facility": "SPARTAN MATERIALS", "city": "ALBANY", "county": "Albany", "tier": "no-exposure certification", "permit_type": "General Permit Covered Facility", "major_minor": "N", "permit_status": "Expired", "transect": "other / Albany metro", "receiving_water": null, "huc8": "Middle Hudson", "design_flow_mgd": null, "actual_flow_mgd": null, "compliance_status": "No Violation Identified", "snc_status": null, "qtrs_noncompliance_12": 0, "qtrs_snc": 0, "missed_dmr_qtrs": null, "effluent_violations_3yr": 0, "pollutants_with_violation": null, "limited_pollutants": null, "dmr_pounds_yr": null, "dmr_toxic_weighted_lb": null, "penalties_usd": 0, "formal_actions_5yr": null, "informal_actions_5yr": 0, "inspections_5yr": 0, "last_inspection": null, "receiving_water_impaired": "Y", "impairment_causes": "POLYCHLORINATED BIPHENYLS (PCBS)", "sic": "3272", "naics": null, "permit_expires": "10/31/2023", "km_from_ref": 33.0, "in_echo_search_list": null, "dfr_url": "https://echo.epa.gov/detailed-facility-report?fid=NYR00G197&sys=ICP", "watchlist_note": null}}, {"type": "Feature", "geometry": {"type": "Point", "coordinates": [-73.757539, 42.626659]}, "properties": {"npdes_id": "NYR00F699", "facility": "ALBANY DISTRIBUTION CENTER", "city": "ALBANY", "county": "Albany", "tier": "no-exposure certification", "permit_type": "General Permit Covered Facility", "major_minor": "N", "permit_status": "Expired", "transect": "other / Albany metro", "receiving_water": null, "huc8": "Middle Hudson", "design_flow_mgd": null, "actual_flow_mgd": null, "compliance_status": "No Violation Identified", "snc_status": null, "qtrs_noncompliance_12": 0, "qtrs_snc": 0, "missed_dmr_qtrs": null, "effluent_violations_3yr": 0, "pollutants_with_violation": null, "limited_pollutants": null, "dmr_pounds_yr": null, "dmr_toxic_weighted_lb": null, "penalties_usd": 0, "formal_actions_5yr": null, "informal_actions_5yr": 0, "inspections_5yr": 0, "last_inspection": null, "receiving_water_impaired": "Y", "impairment_causes": "POLYCHLORINATED BIPHENYLS (PCBS)", "sic": "4225", "naics": null, "permit_expires": "10/19/2025", "km_from_ref": 34.1, "in_echo_search_list": null, "dfr_url": "https://echo.epa.gov/detailed-facility-report?fid=NYR00F699&sys=ICP", "watchlist_note": null}}, {"type": "Feature", "geometry": {"type": "Point", "coordinates": [-73.757516, 42.626705]}, "properties": {"npdes_id": "NYR00F653", "facility": "CENTRAL OFFICE OPERATIONS SUPPORT FACILITY", "city": "ALBANY", "county": "Albany", "tier": "no-exposure certification", "permit_type": "General Permit Covered Facility", "major_minor": "N", "permit_status": "Admin Continued", "transect": "other / Albany metro", "receiving_water": null, "huc8": "Middle Hudson", "design_flow_mgd": null, "actual_flow_mgd": null, "compliance_status": "No Violation Identified", "snc_status": null, "qtrs_noncompliance_12": 0, "qtrs_snc": 0, "missed_dmr_qtrs": null, "effluent_violations_3yr": 0, "pollutants_with_violation": null, "limited_pollutants": null, "dmr_pounds_yr": null, "dmr_toxic_weighted_lb": null, "penalties_usd": 0, "formal_actions_5yr": null, "informal_actions_5yr": 0, "inspections_5yr": 0, "last_inspection": null, "receiving_water_impaired": "Y", "impairment_causes": "POLYCHLORINATED BIPHENYLS (PCBS)", "sic": "4173", "naics": null, "permit_expires": "09/30/2017", "km_from_ref": 34.1, "in_echo_search_list": null, "dfr_url": "https://echo.epa.gov/detailed-facility-report?fid=NYR00F653&sys=ICP", "watchlist_note": null}}, {"type": "Feature", "geometry": {"type": "Point", "coordinates": [-73.87493, 42.70458]}, "properties": {"npdes_id": "NYR00G001", "facility": "CURIA GLOBAL, INC", "city": "ALBANY", "county": "Albany", "tier": "no-exposure certification", "permit_type": "General Permit Covered Facility", "major_minor": "N", "permit_status": "Effective", "transect": "other / Albany metro", "receiving_water": null, "huc8": "Middle Hudson", "design_flow_mgd": null, "actual_flow_mgd": null, "compliance_status": "Unknown", "snc_status": null, "qtrs_noncompliance_12": 0, "qtrs_snc": 0, "missed_dmr_qtrs": 12.0, "effluent_violations_3yr": 0, "pollutants_with_violation": null, "limited_pollutants": null, "dmr_pounds_yr": null, "dmr_toxic_weighted_lb": null, "penalties_usd": 0, "formal_actions_5yr": null, "informal_actions_5yr": 0, "inspections_5yr": 0, "last_inspection": null, "receiving_water_impaired": null, "impairment_causes": null, "sic": "2834", "naics": null, "permit_expires": "11/15/2027", "km_from_ref": 30.5, "in_echo_search_list": null, "dfr_url": "https://echo.epa.gov/detailed-facility-report?fid=NYR00G001&sys=ICP", "watchlist_note": null}}, {"type": "Feature", "geometry": {"type": "Point", "coordinates": [-73.7514, 42.64635]}, "properties": {"npdes_id": "NYR00E790", "facility": "GREYHOUND LINES INC", "city": "ALBANY", "county": "Albany", "tier": "no-exposure certification", "permit_type": "General Permit Covered Facility", "major_minor": "N", "permit_status": "Expired", "transect": "other / Albany metro", "receiving_water": null, "huc8": "Middle Hudson", "design_flow_mgd": null, "actual_flow_mgd": null, "compliance_status": "No Violation Identified", "snc_status": null, "qtrs_noncompliance_12": 0, "qtrs_snc": 0, "missed_dmr_qtrs": null, "effluent_violations_3yr": 0, "pollutants_with_violation": null, "limited_pollutants": null, "dmr_pounds_yr": null, "dmr_toxic_weighted_lb": null, "penalties_usd": 0, "formal_actions_5yr": null, "informal_actions_5yr": 0, "inspections_5yr": 0, "last_inspection": null, "receiving_water_impaired": "Y", "impairment_causes": "POLYCHLORINATED BIPHENYLS (PCBS)", "sic": "4131", "naics": null, "permit_expires": "03/31/2012", "km_from_ref": 35.4, "in_echo_search_list": null, "dfr_url": "https://echo.epa.gov/detailed-facility-report?fid=NYR00E790&sys=ICP", "watchlist_note": null}}, {"type": "Feature", "geometry": {"type": "Point", "coordinates": [-73.82859, 42.69585]}, "properties": {"npdes_id": "NYR00F773", "facility": "ULTREPET LLC", "city": "ALBANY", "county": "Albany", "tier": "no-exposure certification", "permit_type": "General Permit Covered Facility", "major_minor": "N", "permit_status": "Admin Continued", "transect": "other / Albany metro", "receiving_water": null, "huc8": "Middle Hudson", "design_flow_mgd": null, "actual_flow_mgd": null, "compliance_status": "No Violation Identified", "snc_status": null, "qtrs_noncompliance_12": 0, "qtrs_snc": 0, "missed_dmr_qtrs": null, "effluent_violations_3yr": 0, "pollutants_with_violation": null, "limited_pollutants": null, "dmr_pounds_yr": null, "dmr_toxic_weighted_lb": null, "penalties_usd": 0, "formal_actions_5yr": null, "informal_actions_5yr": 0, "inspections_5yr": 0, "last_inspection": null, "receiving_water_impaired": "Y", "impairment_causes": "DISSOLVED OXYGEN", "sic": "5093", "naics": null, "permit_expires": "03/10/2021", "km_from_ref": 32.8, "in_echo_search_list": null, "dfr_url": "https://echo.epa.gov/detailed-facility-report?fid=NYR00F773&sys=ICP", "watchlist_note": null}}, {"type": "Feature", "geometry": {"type": "Point", "coordinates": [-73.81338, 42.69456]}, "properties": {"npdes_id": "NYR00G177", "facility": "ARCTIC GLACIER - ALBANY", "city": "ALBANY", "county": "Albany", "tier": "no-exposure certification", "permit_type": "General Permit Covered Facility", "major_minor": "N", "permit_status": "Expired", "transect": "other / Albany metro", "receiving_water": null, "huc8": "Middle Hudson", "design_flow_mgd": null, "actual_flow_mgd": null, "compliance_status": "No Violation Identified", "snc_status": null, "qtrs_noncompliance_12": 0, "qtrs_snc": 0, "missed_dmr_qtrs": null, "effluent_violations_3yr": 0, "pollutants_with_violation": null, "limited_pollutants": null, "dmr_pounds_yr": null, "dmr_toxic_weighted_lb": null, "penalties_usd": 0, "formal_actions_5yr": null, "informal_actions_5yr": 0, "inspections_5yr": 0, "last_inspection": null, "receiving_water_impaired": "Y", "impairment_causes": "DISSOLVED OXYGEN", "sic": "4222", "naics": null, "permit_expires": "09/18/2023", "km_from_ref": 33.7, "in_echo_search_list": null, "dfr_url": "https://echo.epa.gov/detailed-facility-report?fid=NYR00G177&sys=ICP", "watchlist_note": null}}, {"type": "Feature", "geometry": {"type": "Point", "coordinates": [-73.82775, 42.7033]}, "properties": {"npdes_id": "NYR00G145", "facility": "ALBANY NY DISTRIBUTION WAREHOUSE", "city": "ALBANY", "county": "Albany", "tier": "no-exposure certification", "permit_type": "General Permit Covered Facility", "major_minor": "N", "permit_status": "Expired", "transect": "other / Albany metro", "receiving_water": null, "huc8": "Middle Hudson", "design_flow_mgd": null, "actual_flow_mgd": null, "compliance_status": "No Violation Identified", "snc_status": null, "qtrs_noncompliance_12": 0, "qtrs_snc": 0, "missed_dmr_qtrs": null, "effluent_violations_3yr": 0, "pollutants_with_violation": null, "limited_pollutants": null, "dmr_pounds_yr": null, "dmr_toxic_weighted_lb": null, "penalties_usd": 0, "formal_actions_5yr": null, "informal_actions_5yr": 0, "inspections_5yr": 0, "last_inspection": null, "receiving_water_impaired": "Y", "impairment_causes": "DISSOLVED OXYGEN", "sic": "2086", "naics": null, "permit_expires": "02/28/2023", "km_from_ref": 33.4, "in_echo_search_list": null, "dfr_url": "https://echo.epa.gov/detailed-facility-report?fid=NYR00G145&sys=ICP", "watchlist_note": null}}, {"type": "Feature", "geometry": {"type": "Point", "coordinates": [-73.775003, 42.673661]}, "properties": {"npdes_id": "NYR00C386", "facility": "BIMBO BAKERIES USA INC - ALBANY CAKE", "city": "ALBANY", "county": "Albany", "tier": "no-exposure certification", "permit_type": "General Permit Covered Facility", "major_minor": "N", "permit_status": "Effective", "transect": "other / Albany metro", "receiving_water": null, "huc8": "Middle Hudson", "design_flow_mgd": null, "actual_flow_mgd": null, "compliance_status": "Unknown", "snc_status": null, "qtrs_noncompliance_12": 0, "qtrs_snc": 0, "missed_dmr_qtrs": 2.0, "effluent_violations_3yr": 0, "pollutants_with_violation": null, "limited_pollutants": null, "dmr_pounds_yr": null, "dmr_toxic_weighted_lb": null, "penalties_usd": 0, "formal_actions_5yr": null, "informal_actions_5yr": 0, "inspections_5yr": 0, "last_inspection": null, "receiving_water_impaired": "Y", "impairment_causes": "DISSOLVED OXYGEN", "sic": "2051", "naics": null, "permit_expires": "01/14/2031", "km_from_ref": 35.1, "in_echo_search_list": null, "dfr_url": "https://echo.epa.gov/detailed-facility-report?fid=NYR00C386&sys=ICP", "watchlist_note": null}}, {"type": "Feature", "geometry": {"type": "Point", "coordinates": [-73.768559, 42.673412]}, "properties": {"npdes_id": "NYR00C387", "facility": "BIMBO BAKERIES USA, INC. - ALBANY BREAD", "city": "ALBANY", "county": "Albany", "tier": "no-exposure certification", "permit_type": "General Permit Covered Facility", "major_minor": "N", "permit_status": "Effective", "transect": "other / Albany metro", "receiving_water": null, "huc8": "Middle Hudson", "design_flow_mgd": null, "actual_flow_mgd": null, "compliance_status": "Unknown", "snc_status": null, "qtrs_noncompliance_12": 0, "qtrs_snc": 0, "missed_dmr_qtrs": 9.0, "effluent_violations_3yr": 0, "pollutants_with_violation": null, "limited_pollutants": null, "dmr_pounds_yr": null, "dmr_toxic_weighted_lb": null, "penalties_usd": 0, "formal_actions_5yr": null, "informal_actions_5yr": 0, "inspections_5yr": 0, "last_inspection": null, "receiving_water_impaired": null, "impairment_causes": null, "sic": "2051", "naics": null, "permit_expires": "05/28/2029", "km_from_ref": 35.5, "in_echo_search_list": null, "dfr_url": "https://echo.epa.gov/detailed-facility-report?fid=NYR00C387&sys=ICP", "watchlist_note": null}}, {"type": "Feature", "geometry": {"type": "Point", "coordinates": [-73.77869, 42.6795]}, "properties": {"npdes_id": "NYR00C190", "facility": "SARK WIRE CORP", "city": "ALBANY", "county": "Albany", "tier": "no-exposure certification", "permit_type": "General Permit Covered Facility", "major_minor": "N", "permit_status": "Expired", "transect": "other / Albany metro", "receiving_water": null, "huc8": "Middle Hudson", "design_flow_mgd": null, "actual_flow_mgd": null, "compliance_status": "No Violation Identified", "snc_status": null, "qtrs_noncompliance_12": 0, "qtrs_snc": 0, "missed_dmr_qtrs": null, "effluent_violations_3yr": 0, "pollutants_with_violation": null, "limited_pollutants": null, "dmr_pounds_yr": null, "dmr_toxic_weighted_lb": null, "penalties_usd": 0, "formal_actions_5yr": null, "informal_actions_5yr": 0, "inspections_5yr": 0, "last_inspection": null, "receiving_water_impaired": "Y", "impairment_causes": "DISSOLVED OXYGEN", "sic": "2754", "naics": null, "permit_expires": "03/31/2012", "km_from_ref": 35.1, "in_echo_search_list": null, "dfr_url": "https://echo.epa.gov/detailed-facility-report?fid=NYR00C190&sys=ICP", "watchlist_note": null}}, {"type": "Feature", "geometry": {"type": "Point", "coordinates": [-73.871, 42.723]}, "properties": {"npdes_id": "NYR00G634", "facility": "TFORCE FREIGHT - ALBANY", "city": "ALBANY", "county": "Albany", "tier": "no-exposure certification", "permit_type": "General Permit Covered Facility", "major_minor": "N", "permit_status": "Effective", "transect": "other / Albany metro", "receiving_water": null, "huc8": "Middle Hudson", "design_flow_mgd": null, "actual_flow_mgd": null, "compliance_status": "No Violation Identified", "snc_status": null, "qtrs_noncompliance_12": 5, "qtrs_snc": 2, "missed_dmr_qtrs": null, "effluent_violations_3yr": 0, "pollutants_with_violation": null, "limited_pollutants": null, "dmr_pounds_yr": 0.0, "dmr_toxic_weighted_lb": 0.0, "penalties_usd": 1950, "formal_actions_5yr": 1.0, "informal_actions_5yr": 1, "inspections_5yr": 0, "last_inspection": null, "receiving_water_impaired": null, "impairment_causes": null, "sic": "4213 4215", "naics": null, "permit_expires": "07/14/2031", "km_from_ref": 32.2, "in_echo_search_list": null, "dfr_url": "https://echo.epa.gov/detailed-facility-report?fid=NYR00G634&sys=ICP", "watchlist_note": null}}, {"type": "Feature", "geometry": {"type": "Point", "coordinates": [-73.851404, 42.723425]}, "properties": {"npdes_id": "NYR00G397", "facility": "AMAZON.COM SERVICES LLC - HAL1", "city": "COLONIE", "county": "Albany", "tier": "no-exposure certification", "permit_type": "General Permit Covered Facility", "major_minor": "N", "permit_status": "Effective", "transect": "other / Albany metro", "receiving_water": null, "huc8": "Middle Hudson", "design_flow_mgd": null, "actual_flow_mgd": null, "compliance_status": "Unknown", "snc_status": null, "qtrs_noncompliance_12": 0, "qtrs_snc": 0, "missed_dmr_qtrs": 11.0, "effluent_violations_3yr": 0, "pollutants_with_violation": null, "limited_pollutants": null, "dmr_pounds_yr": null, "dmr_toxic_weighted_lb": null, "penalties_usd": 0, "formal_actions_5yr": null, "informal_actions_5yr": 0, "inspections_5yr": 0, "last_inspection": null, "receiving_water_impaired": "Y", "impairment_causes": "DISSOLVED OXYGEN", "sic": "4225", "naics": null, "permit_expires": "12/18/2028", "km_from_ref": 33.4, "in_echo_search_list": null, "dfr_url": "https://echo.epa.gov/detailed-facility-report?fid=NYR00G397&sys=ICP", "watchlist_note": null}}, {"type": "Feature", "geometry": {"type": "Point", "coordinates": [-73.744054, 42.665618]}, "properties": {"npdes_id": "NYR00G883", "facility": "DURHAM SCHOOL SERVICES CSC 4030 ALBANY", "city": "ALBANY, CITY OF", "county": "Albany", "tier": "no-exposure certification", "permit_type": "General Permit Covered Facility", "major_minor": "N", "permit_status": "Effective", "transect": "other / Albany metro", "receiving_water": null, "huc8": "Middle Hudson", "design_flow_mgd": null, "actual_flow_mgd": null, "compliance_status": "Unknown", "snc_status": null, "qtrs_noncompliance_12": 0, "qtrs_snc": 0, "missed_dmr_qtrs": 12.0, "effluent_violations_3yr": 0, "pollutants_with_violation": null, "limited_pollutants": null, "dmr_pounds_yr": null, "dmr_toxic_weighted_lb": null, "penalties_usd": 0, "formal_actions_5yr": null, "informal_actions_5yr": 0, "inspections_5yr": 0, "last_inspection": null, "receiving_water_impaired": "Y", "impairment_causes": "POLYCHLORINATED BIPHENYLS (PCBS)", "sic": "4151", "naics": null, "permit_expires": "07/09/2028", "km_from_ref": 36.9, "in_echo_search_list": null, "dfr_url": "https://echo.epa.gov/detailed-facility-report?fid=NYR00G883&sys=ICP", "watchlist_note": null}}, {"type": "Feature", "geometry": {"type": "Point", "coordinates": [-73.7448, 42.665]}, "properties": {"npdes_id": "NYR00G649", "facility": "RADIANT POOLS", "city": "MENANDS", "county": "Albany", "tier": "no-exposure certification", "permit_type": "General Permit Covered Facility", "major_minor": "N", "permit_status": "Effective", "transect": "other / Albany metro", "receiving_water": null, "huc8": "Middle Hudson", "design_flow_mgd": null, "actual_flow_mgd": null, "compliance_status": "Unknown", "snc_status": null, "qtrs_noncompliance_12": 0, "qtrs_snc": 0, "missed_dmr_qtrs": 12.0, "effluent_violations_3yr": 0, "pollutants_with_violation": null, "limited_pollutants": null, "dmr_pounds_yr": null, "dmr_toxic_weighted_lb": null, "penalties_usd": 0, "formal_actions_5yr": null, "informal_actions_5yr": 0, "inspections_5yr": 0, "last_inspection": null, "receiving_water_impaired": "Y", "impairment_causes": "POLYCHLORINATED BIPHENYLS (PCBS)", "sic": "3441", "naics": null, "permit_expires": "06/07/2027", "km_from_ref": 36.8, "in_echo_search_list": null, "dfr_url": "https://echo.epa.gov/detailed-facility-report?fid=NYR00G649&sys=ICP", "watchlist_note": null}}, {"type": "Feature", "geometry": {"type": "Point", "coordinates": [-73.85309, 42.72782]}, "properties": {"npdes_id": "NYR00G398", "facility": "SAIA LTL FREIGHT - ABY", "city": "COLONIE", "county": "Albany", "tier": "no-exposure certification", "permit_type": "General Permit Covered Facility", "major_minor": "N", "permit_status": "Effective", "transect": "other / Albany metro", "receiving_water": null, "huc8": "Mohawk", "design_flow_mgd": null, "actual_flow_mgd": null, "compliance_status": "Unknown", "snc_status": null, "qtrs_noncompliance_12": 0, "qtrs_snc": 0, "missed_dmr_qtrs": 1.0, "effluent_violations_3yr": 0, "pollutants_with_violation": null, "limited_pollutants": null, "dmr_pounds_yr": null, "dmr_toxic_weighted_lb": null, "penalties_usd": 0, "formal_actions_5yr": null, "informal_actions_5yr": 0, "inspections_5yr": 0, "last_inspection": null, "receiving_water_impaired": null, "impairment_causes": null, "sic": "4213", "naics": null, "permit_expires": "04/22/2031", "km_from_ref": 33.6, "in_echo_search_list": null, "dfr_url": "https://echo.epa.gov/detailed-facility-report?fid=NYR00G398&sys=ICP", "watchlist_note": null}}, {"type": "Feature", "geometry": {"type": "Point", "coordinates": [-73.79243, 42.73456]}, "properties": {"npdes_id": "NYR00F351", "facility": "RUAN TRANSPORTATION CORPORATION", "city": "COLONIE", "county": "Albany", "tier": "no-exposure certification", "permit_type": "General Permit Covered Facility", "major_minor": "N", "permit_status": "Admin Continued", "transect": "other / Albany metro", "receiving_water": null, "huc8": "Mohawk", "design_flow_mgd": null, "actual_flow_mgd": null, "compliance_status": "No Violation Identified", "snc_status": null, "qtrs_noncompliance_12": 0, "qtrs_snc": 0, "missed_dmr_qtrs": null, "effluent_violations_3yr": 0, "pollutants_with_violation": null, "limited_pollutants": null, "dmr_pounds_yr": null, "dmr_toxic_weighted_lb": null, "penalties_usd": 0, "formal_actions_5yr": null, "informal_actions_5yr": 0, "inspections_5yr": 0, "last_inspection": null, "receiving_water_impaired": null, "impairment_causes": null, "sic": "4231", "naics": null, "permit_expires": "09/30/2017", "km_from_ref": 37.8, "in_echo_search_list": null, "dfr_url": "https://echo.epa.gov/detailed-facility-report?fid=NYR00F351&sys=ICP", "watchlist_note": null}}, {"type": "Feature", "geometry": {"type": "Point", "coordinates": [-73.720838, 42.694016]}, "properties": {"npdes_id": "NYR00G904", "facility": "FIRST STUDENT, INC. #12756", "city": "MENANDS", "county": "Albany", "tier": "no-exposure certification", "permit_type": "General Permit Covered Facility", "major_minor": "N", "permit_status": "Effective", "transect": "other / Albany metro", "receiving_water": null, "huc8": "Middle Hudson", "design_flow_mgd": null, "actual_flow_mgd": null, "compliance_status": "Unknown", "snc_status": null, "qtrs_noncompliance_12": 0, "qtrs_snc": 0, "missed_dmr_qtrs": 11.0, "effluent_violations_3yr": 0, "pollutants_with_violation": null, "limited_pollutants": null, "dmr_pounds_yr": null, "dmr_toxic_weighted_lb": null, "penalties_usd": 0, "formal_actions_5yr": null, "informal_actions_5yr": 0, "inspections_5yr": 0, "last_inspection": null, "receiving_water_impaired": null, "impairment_causes": null, "sic": "4151", "naics": null, "permit_expires": "10/24/2028", "km_from_ref": 40.0, "in_echo_search_list": null, "dfr_url": "https://echo.epa.gov/detailed-facility-report?fid=NYR00G904&sys=ICP", "watchlist_note": null}}, {"type": "Feature", "geometry": {"type": "Point", "coordinates": [-73.82055, 42.75964]}, "properties": {"npdes_id": "NYR00F819", "facility": "ACCUMETRICS, INC", "city": "LATHAM", "county": "Albany", "tier": "no-exposure certification", "permit_type": "General Permit Covered Facility", "major_minor": "N", "permit_status": "Effective", "transect": "other / Albany metro", "receiving_water": null, "huc8": "Mohawk", "design_flow_mgd": null, "actual_flow_mgd": null, "compliance_status": "Unknown", "snc_status": null, "qtrs_noncompliance_12": 0, "qtrs_snc": 0, "missed_dmr_qtrs": 10.0, "effluent_violations_3yr": 0, "pollutants_with_violation": null, "limited_pollutants": null, "dmr_pounds_yr": null, "dmr_toxic_weighted_lb": null, "penalties_usd": 0, "formal_actions_5yr": null, "informal_actions_5yr": 0, "inspections_5yr": 0, "last_inspection": null, "receiving_water_impaired": null, "impairment_causes": null, "sic": "3679", "naics": null, "permit_expires": "01/12/2029", "km_from_ref": 38.0, "in_echo_search_list": null, "dfr_url": "https://echo.epa.gov/detailed-facility-report?fid=NYR00F819&sys=ICP", "watchlist_note": null}}, {"type": "Feature", "geometry": {"type": "Point", "coordinates": [-73.71487, 42.70374]}, "properties": {"npdes_id": "NYR00B973", "facility": "BLASCH PRECISION CERAMICS", "city": "ALBANY", "county": "Albany", "tier": "no-exposure certification", "permit_type": "General Permit Covered Facility", "major_minor": "N", "permit_status": "Admin Continued", "transect": "other / Albany metro", "receiving_water": "KROMMA KILL", "huc8": "Middle Hudson", "design_flow_mgd": null, "actual_flow_mgd": null, "compliance_status": "No Violation Identified", "snc_status": null, "qtrs_noncompliance_12": 0, "qtrs_snc": 0, "missed_dmr_qtrs": null, "effluent_violations_3yr": 0, "pollutants_with_violation": null, "limited_pollutants": null, "dmr_pounds_yr": null, "dmr_toxic_weighted_lb": null, "penalties_usd": 0, "formal_actions_5yr": null, "informal_actions_5yr": 0, "inspections_5yr": 0, "last_inspection": null, "receiving_water_impaired": null, "impairment_causes": null, "sic": "3255", "naics": null, "permit_expires": "03/31/2012", "km_from_ref": 41.0, "in_echo_search_list": null, "dfr_url": "https://echo.epa.gov/detailed-facility-report?fid=NYR00B973&sys=ICP", "watchlist_note": null}}, {"type": "Feature", "geometry": {"type": "Point", "coordinates": [-73.717, 42.706]}, "properties": {"npdes_id": "NYR00B906", "facility": "FEDEX EXPRESS ALBA/ALBRT", "city": "MENANDS", "county": "Albany", "tier": "no-exposure certification", "permit_type": "General Permit Covered Facility", "major_minor": "N", "permit_status": "Effective", "transect": "other / Albany metro", "receiving_water": null, "huc8": "Middle Hudson", "design_flow_mgd": null, "actual_flow_mgd": null, "compliance_status": "Unknown", "snc_status": null, "qtrs_noncompliance_12": 0, "qtrs_snc": 0, "missed_dmr_qtrs": 9.0, "effluent_violations_3yr": 0, "pollutants_with_violation": null, "limited_pollutants": null, "dmr_pounds_yr": null, "dmr_toxic_weighted_lb": null, "penalties_usd": 0, "formal_actions_5yr": null, "informal_actions_5yr": 0, "inspections_5yr": 0, "last_inspection": null, "receiving_water_impaired": null, "impairment_causes": null, "sic": "4215", "naics": null, "permit_expires": "06/17/2029", "km_from_ref": 41.0, "in_echo_search_list": null, "dfr_url": "https://echo.epa.gov/detailed-facility-report?fid=NYR00B906&sys=ICP", "watchlist_note": null}}, {"type": "Feature", "geometry": {"type": "Point", "coordinates": [-73.8008, 42.7581]}, "properties": {"npdes_id": "NYR00G752", "facility": "FEDEX EXPRESS - ALBR", "city": "LATHAM", "county": "Albany", "tier": "no-exposure certification", "permit_type": "General Permit Covered Facility", "major_minor": "N", "permit_status": "Effective", "transect": "other / Albany metro", "receiving_water": null, "huc8": "Mohawk", "design_flow_mgd": null, "actual_flow_mgd": null, "compliance_status": "Unknown", "snc_status": null, "qtrs_noncompliance_12": 0, "qtrs_snc": 0, "missed_dmr_qtrs": 12.0, "effluent_violations_3yr": 0, "pollutants_with_violation": null, "limited_pollutants": null, "dmr_pounds_yr": null, "dmr_toxic_weighted_lb": null, "penalties_usd": 0, "formal_actions_5yr": null, "informal_actions_5yr": 0, "inspections_5yr": 0, "last_inspection": null, "receiving_water_impaired": null, "impairment_causes": null, "sic": "4215", "naics": null, "permit_expires": "01/16/2028", "km_from_ref": 39.0, "in_echo_search_list": null, "dfr_url": "https://echo.epa.gov/detailed-facility-report?fid=NYR00G752&sys=ICP", "watchlist_note": null}}, {"type": "Feature", "geometry": {"type": "Point", "coordinates": [-73.815516, 42.765054]}, "properties": {"npdes_id": "NYR00E528", "facility": "PLUG POWER INC", "city": "LATHAM", "county": "Albany", "tier": "no-exposure certification", "permit_type": "General Permit Covered Facility", "major_minor": "N", "permit_status": "Admin Continued", "transect": "other / Albany metro", "receiving_water": null, "huc8": "Mohawk", "design_flow_mgd": null, "actual_flow_mgd": null, "compliance_status": "No Violation Identified", "snc_status": null, "qtrs_noncompliance_12": 0, "qtrs_snc": 0, "missed_dmr_qtrs": null, "effluent_violations_3yr": 0, "pollutants_with_violation": null, "limited_pollutants": null, "dmr_pounds_yr": null, "dmr_toxic_weighted_lb": null, "penalties_usd": 0, "formal_actions_5yr": null, "informal_actions_5yr": 0, "inspections_5yr": 0, "last_inspection": null, "receiving_water_impaired": null, "impairment_causes": null, "sic": "3629", "naics": null, "permit_expires": "03/31/2012", "km_from_ref": 38.7, "in_echo_search_list": null, "dfr_url": "https://echo.epa.gov/detailed-facility-report?fid=NYR00E528&sys=ICP", "watchlist_note": null}}, {"type": "Feature", "geometry": {"type": "Point", "coordinates": [-73.776095, 42.750565]}, "properties": {"npdes_id": "NYR00E697", "facility": "DHL EXPRESS", "city": "LATHAM", "county": "Albany", "tier": "no-exposure certification", "permit_type": "General Permit Covered Facility", "major_minor": "N", "permit_status": "Expired", "transect": "other / Albany metro", "receiving_water": null, "huc8": null, "design_flow_mgd": null, "actual_flow_mgd": null, "compliance_status": "No Violation Identified", "snc_status": null, "qtrs_noncompliance_12": 0, "qtrs_snc": 0, "missed_dmr_qtrs": null, "effluent_violations_3yr": 0, "pollutants_with_violation": null, "limited_pollutants": null, "dmr_pounds_yr": null, "dmr_toxic_weighted_lb": null, "penalties_usd": 0, "formal_actions_5yr": null, "informal_actions_5yr": 0, "inspections_5yr": 0, "last_inspection": null, "receiving_water_impaired": null, "impairment_causes": null, "sic": "4215", "naics": null, "permit_expires": "03/31/2012", "km_from_ref": 40.0, "in_echo_search_list": null, "dfr_url": "https://echo.epa.gov/detailed-facility-report?fid=NYR00E697&sys=ICP", "watchlist_note": null}}, {"type": "Feature", "geometry": {"type": "Point", "coordinates": [-73.77651, 42.75338]}, "properties": {"npdes_id": "NYR00F781", "facility": "UPS - CAPITOL SOUTH", "city": "LATHAM", "county": "Albany", "tier": "no-exposure certification", "permit_type": "General Permit Covered Facility", "major_minor": "N", "permit_status": "Effective", "transect": "other / Albany metro", "receiving_water": null, "huc8": "Mohawk", "design_flow_mgd": null, "actual_flow_mgd": null, "compliance_status": "Unknown", "snc_status": null, "qtrs_noncompliance_12": 0, "qtrs_snc": 0, "missed_dmr_qtrs": 12.0, "effluent_violations_3yr": 0, "pollutants_with_violation": null, "limited_pollutants": null, "dmr_pounds_yr": null, "dmr_toxic_weighted_lb": null, "penalties_usd": 0, "formal_actions_5yr": null, "informal_actions_5yr": 0, "inspections_5yr": 0, "last_inspection": null, "receiving_water_impaired": null, "impairment_causes": null, "sic": "4215", "naics": null, "permit_expires": "06/06/2028", "km_from_ref": 40.1, "in_echo_search_list": null, "dfr_url": "https://echo.epa.gov/detailed-facility-report?fid=NYR00F781&sys=ICP", "watchlist_note": null}}, {"type": "Feature", "geometry": {"type": "Point", "coordinates": [-73.70449, 42.74709]}, "properties": {"npdes_id": "NYR00E629", "facility": "COMFORTEX WINDOW FASHIONS", "city": "WATERVLIET", "county": "Albany", "tier": "no-exposure certification", "permit_type": "General Permit Covered Facility", "major_minor": "N", "permit_status": "Expired", "transect": "other / Albany metro", "receiving_water": null, "huc8": "Mohawk", "design_flow_mgd": null, "actual_flow_mgd": null, "compliance_status": "No Violation Identified", "snc_status": null, "qtrs_noncompliance_12": 0, "qtrs_snc": 0, "missed_dmr_qtrs": null, "effluent_violations_3yr": 0, "pollutants_with_violation": null, "limited_pollutants": null, "dmr_pounds_yr": null, "dmr_toxic_weighted_lb": null, "penalties_usd": 0, "formal_actions_5yr": null, "informal_actions_5yr": 0, "inspections_5yr": 0, "last_inspection": null, "receiving_water_impaired": null, "impairment_causes": null, "sic": "2591", "naics": null, "permit_expires": "05/03/2024", "km_from_ref": 44.3, "in_echo_search_list": null, "dfr_url": "https://echo.epa.gov/detailed-facility-report?fid=NYR00E629&sys=ICP", "watchlist_note": null}}, {"type": "Feature", "geometry": {"type": "Point", "coordinates": [-73.778972, 42.790944]}, "properties": {"npdes_id": "NYR00H190", "facility": "MOHAWK VIEW WATER POLLUTION CONTROL PLANT", "city": "LATHAM", "county": "Albany", "tier": "no-exposure certification", "permit_type": "General Permit Covered Facility", "major_minor": "N", "permit_status": "Effective", "transect": "other / Albany metro", "receiving_water": null, "huc8": "Mohawk", "design_flow_mgd": null, "actual_flow_mgd": null, "compliance_status": "Unknown", "snc_status": null, "qtrs_noncompliance_12": 0, "qtrs_snc": 0, "missed_dmr_qtrs": 3.0, "effluent_violations_3yr": 0, "pollutants_with_violation": null, "limited_pollutants": null, "dmr_pounds_yr": null, "dmr_toxic_weighted_lb": null, "penalties_usd": 0, "formal_actions_5yr": null, "informal_actions_5yr": 0, "inspections_5yr": 0, "last_inspection": null, "receiving_water_impaired": null, "impairment_causes": null, "sic": "4952", "naics": null, "permit_expires": "11/19/2030", "km_from_ref": 42.9, "in_echo_search_list": null, "dfr_url": "https://echo.epa.gov/detailed-facility-report?fid=NYR00H190&sys=ICP", "watchlist_note": null}}, {"type": "Feature", "geometry": {"type": "Point", "coordinates": [-73.69427, 42.75267]}, "properties": {"npdes_id": "NYR00F796", "facility": "CRYSTAL IS, INCORPORATED", "city": "GREEN ISLAND", "county": "Albany", "tier": "no-exposure certification", "permit_type": "General Permit Covered Facility", "major_minor": "N", "permit_status": "Effective", "transect": "other / Albany metro", "receiving_water": null, "huc8": "Mohawk", "design_flow_mgd": null, "actual_flow_mgd": null, "compliance_status": "Unknown", "snc_status": null, "qtrs_noncompliance_12": 0, "qtrs_snc": 0, "missed_dmr_qtrs": 9.0, "effluent_violations_3yr": 0, "pollutants_with_violation": null, "limited_pollutants": null, "dmr_pounds_yr": null, "dmr_toxic_weighted_lb": null, "penalties_usd": 0, "formal_actions_5yr": null, "informal_actions_5yr": 0, "inspections_5yr": 0, "last_inspection": null, "receiving_water_impaired": null, "impairment_causes": null, "sic": "3674", "naics": null, "permit_expires": "04/11/2029", "km_from_ref": 45.4, "in_echo_search_list": null, "dfr_url": "https://echo.epa.gov/detailed-facility-report?fid=NYR00F796&sys=ICP", "watchlist_note": null}}, {"type": "Feature", "geometry": {"type": "Point", "coordinates": [-73.691, 42.756]}, "properties": {"npdes_id": "NYR00F608", "facility": "SEALY ALBANY PLANT", "city": "GREEN ISLAND", "county": "Albany", "tier": "no-exposure certification", "permit_type": "General Permit Covered Facility", "major_minor": "N", "permit_status": "Admin Continued", "transect": "other / Albany metro", "receiving_water": null, "huc8": "Mohawk", "design_flow_mgd": null, "actual_flow_mgd": null, "compliance_status": "No Violation Identified", "snc_status": null, "qtrs_noncompliance_12": 0, "qtrs_snc": 0, "missed_dmr_qtrs": null, "effluent_violations_3yr": 0, "pollutants_with_violation": null, "limited_pollutants": null, "dmr_pounds_yr": null, "dmr_toxic_weighted_lb": null, "penalties_usd": 0, "formal_actions_5yr": null, "informal_actions_5yr": 0, "inspections_5yr": 0, "last_inspection": null, "receiving_water_impaired": "Y", "impairment_causes": "ALUMINUM, DISSOLVED", "sic": "2515", "naics": null, "permit_expires": "08/20/2026", "km_from_ref": 45.8, "in_echo_search_list": null, "dfr_url": "https://echo.epa.gov/detailed-facility-report?fid=NYR00F608&sys=ICP", "watchlist_note": null}}, {"type": "Feature", "geometry": {"type": "Point", "coordinates": [-73.70837, 42.77271]}, "properties": {"npdes_id": "NYR00F688", "facility": "ADIRONDACK TRANSIT LINES INC", "city": "ALBANY", "county": "Albany", "tier": "no-exposure certification", "permit_type": "General Permit Covered Facility", "major_minor": "N", "permit_status": "Expired", "transect": "other / Albany metro", "receiving_water": null, "huc8": "Mohawk", "design_flow_mgd": null, "actual_flow_mgd": null, "compliance_status": "No Violation Identified", "snc_status": null, "qtrs_noncompliance_12": 0, "qtrs_snc": 0, "missed_dmr_qtrs": null, "effluent_violations_3yr": 0, "pollutants_with_violation": null, "limited_pollutants": null, "dmr_pounds_yr": null, "dmr_toxic_weighted_lb": null, "penalties_usd": 0, "formal_actions_5yr": null, "informal_actions_5yr": 0, "inspections_5yr": 0, "last_inspection": null, "receiving_water_impaired": "Y", "impairment_causes": "POLYCHLORINATED BIPHENYLS (PCBS)", "sic": "4131", "naics": null, "permit_expires": "07/23/2025", "km_from_ref": 45.8, "in_echo_search_list": null, "dfr_url": "https://echo.epa.gov/detailed-facility-report?fid=NYR00F688&sys=ICP", "watchlist_note": null}}, {"type": "Feature", "geometry": {"type": "Point", "coordinates": [-73.699278, 42.777722]}, "properties": {"npdes_id": "NYR00F107", "facility": "VAN ALSTINES & SONS INC/MACARAN PRINTED PRODUCTS", "city": "COHOES", "county": "Albany", "tier": "no-exposure certification", "permit_type": "General Permit Covered Facility", "major_minor": "N", "permit_status": "Effective", "transect": "other / Albany metro", "receiving_water": null, "huc8": "Mohawk", "design_flow_mgd": null, "actual_flow_mgd": null, "compliance_status": "No Violation Identified", "snc_status": null, "qtrs_noncompliance_12": 0, "qtrs_snc": 0, "missed_dmr_qtrs": null, "effluent_violations_3yr": 0, "pollutants_with_violation": null, "limited_pollutants": null, "dmr_pounds_yr": null, "dmr_toxic_weighted_lb": null, "penalties_usd": 0, "formal_actions_5yr": null, "informal_actions_5yr": 0, "inspections_5yr": 0, "last_inspection": null, "receiving_water_impaired": "Y", "impairment_causes": "ALUMINUM, DISSOLVED", "sic": "2759", "naics": null, "permit_expires": "03/02/2027", "km_from_ref": 46.7, "in_echo_search_list": null, "dfr_url": "https://echo.epa.gov/detailed-facility-report?fid=NYR00F107&sys=ICP", "watchlist_note": null}}, {"type": "Feature", "geometry": {"type": "Point", "coordinates": [-73.724531, 42.79915]}, "properties": {"npdes_id": "NYR00F591", "facility": "ABF FREIGHT SYSTEM, INC.", "city": "COHOES", "county": "Albany", "tier": "no-exposure certification", "permit_type": "General Permit Covered Facility", "major_minor": "N", "permit_status": "Effective", "transect": "other / Albany metro", "receiving_water": null, "huc8": "Mohawk", "design_flow_mgd": null, "actual_flow_mgd": null, "compliance_status": "Unknown", "snc_status": null, "qtrs_noncompliance_12": 0, "qtrs_snc": 0, "missed_dmr_qtrs": 7.0, "effluent_violations_3yr": 0, "pollutants_with_violation": null, "limited_pollutants": null, "dmr_pounds_yr": null, "dmr_toxic_weighted_lb": null, "penalties_usd": 535000, "formal_actions_5yr": 1.0, "informal_actions_5yr": 0, "inspections_5yr": 0, "last_inspection": null, "receiving_water_impaired": null, "impairment_causes": null, "sic": "4213", "naics": null, "permit_expires": "12/03/2029", "km_from_ref": 46.7, "in_echo_search_list": null, "dfr_url": "https://echo.epa.gov/detailed-facility-report?fid=NYR00F591&sys=ICP", "watchlist_note": null}}, {"type": "Feature", "geometry": {"type": "Point", "coordinates": [-73.727215, 42.800775]}, "properties": {"npdes_id": "NYR00C098", "facility": "SAFETY-KLEEN SYSTEMS, INC ", "city": "COLONIE", "county": "Albany", "tier": "no-exposure certification", "permit_type": "General Permit Covered Facility", "major_minor": "N", "permit_status": "Effective", "transect": "other / Albany metro", "receiving_water": null, "huc8": "Mohawk", "design_flow_mgd": null, "actual_flow_mgd": null, "compliance_status": "Unknown", "snc_status": null, "qtrs_noncompliance_12": 0, "qtrs_snc": 0, "missed_dmr_qtrs": 12.0, "effluent_violations_3yr": 0, "pollutants_with_violation": null, "limited_pollutants": null, "dmr_pounds_yr": null, "dmr_toxic_weighted_lb": null, "penalties_usd": 0, "formal_actions_5yr": null, "informal_actions_5yr": 0, "inspections_5yr": 0, "last_inspection": null, "receiving_water_impaired": null, "impairment_causes": null, "sic": "4953", "naics": null, "permit_expires": "05/12/2030", "km_from_ref": 46.7, "in_echo_search_list": null, "dfr_url": "https://echo.epa.gov/detailed-facility-report?fid=NYR00C098&sys=ICP", "watchlist_note": null}}, {"type": "Feature", "geometry": {"type": "Point", "coordinates": [-73.726352, 42.803672]}, "properties": {"npdes_id": "NYR00G186", "facility": "LES - COLONIE", "city": "COHOES", "county": "Albany", "tier": "no-exposure certification", "permit_type": "General Permit Covered Facility", "major_minor": "N", "permit_status": "Effective", "transect": "other / Albany metro", "receiving_water": null, "huc8": "Mohawk", "design_flow_mgd": null, "actual_flow_mgd": null, "compliance_status": "Unknown", "snc_status": null, "qtrs_noncompliance_12": 0, "qtrs_snc": 0, "missed_dmr_qtrs": 9.0, "effluent_violations_3yr": 0, "pollutants_with_violation": null, "limited_pollutants": null, "dmr_pounds_yr": null, "dmr_toxic_weighted_lb": null, "penalties_usd": 0, "formal_actions_5yr": null, "informal_actions_5yr": 0, "inspections_5yr": 0, "last_inspection": null, "receiving_water_impaired": null, "impairment_causes": null, "sic": "4911", "naics": null, "permit_expires": "04/19/2029", "km_from_ref": 46.9, "in_echo_search_list": null, "dfr_url": "https://echo.epa.gov/detailed-facility-report?fid=NYR00G186&sys=ICP", "watchlist_note": null}}, {"type": "Feature", "geometry": {"type": "Point", "coordinates": [-74.607223, 42.79072]}, "properties": {"npdes_id": "NYR00D857", "facility": "WALMART DISTRIBUTION CENTER # 6041", "city": "SHARON SPRINGS", "county": "Schoharie", "tier": "no-exposure certification", "permit_type": "General Permit Covered Facility", "major_minor": "N", "permit_status": "Effective", "transect": "other / Albany metro", "receiving_water": null, "huc8": "Mohawk", "design_flow_mgd": null, "actual_flow_mgd": null, "compliance_status": "Unknown", "snc_status": null, "qtrs_noncompliance_12": 0, "qtrs_snc": 0, "missed_dmr_qtrs": 12.0, "effluent_violations_3yr": 0, "pollutants_with_violation": null, "limited_pollutants": null, "dmr_pounds_yr": null, "dmr_toxic_weighted_lb": null, "penalties_usd": 0, "formal_actions_5yr": null, "informal_actions_5yr": 0, "inspections_5yr": 0, "last_inspection": null, "receiving_water_impaired": null, "impairment_causes": null, "sic": "4225", "naics": null, "permit_expires": "09/25/2029", "km_from_ref": 48.7, "in_echo_search_list": null, "dfr_url": "https://echo.epa.gov/detailed-facility-report?fid=NYR00D857&sys=ICP", "watchlist_note": null}}, {"type": "Feature", "geometry": {"type": "Point", "coordinates": [-74.62906, 42.78911]}, "properties": {"npdes_id": "NYR00F544", "facility": "AMT INC", "city": "SHARON SPRINGS", "county": "Schoharie", "tier": "no-exposure certification", "permit_type": "General Permit Covered Facility", "major_minor": "N", "permit_status": "Admin Continued", "transect": "other / Albany metro", "receiving_water": null, "huc8": "Mohawk", "design_flow_mgd": null, "actual_flow_mgd": null, "compliance_status": "No Violation Identified", "snc_status": null, "qtrs_noncompliance_12": 0, "qtrs_snc": 0, "missed_dmr_qtrs": null, "effluent_violations_3yr": 0, "pollutants_with_violation": null, "limited_pollutants": null, "dmr_pounds_yr": null, "dmr_toxic_weighted_lb": null, "penalties_usd": 0, "formal_actions_5yr": null, "informal_actions_5yr": 0, "inspections_5yr": 0, "last_inspection": null, "receiving_water_impaired": null, "impairment_causes": null, "sic": "3324 3365 3366", "naics": null, "permit_expires": "09/30/2017", "km_from_ref": 50.0, "in_echo_search_list": null, "dfr_url": "https://echo.epa.gov/detailed-facility-report?fid=NYR00F544&sys=ICP", "watchlist_note": null}}, {"type": "Feature", "geometry": {"type": "Point", "coordinates": [-73.836841, 41.066079]}, "properties": {"npdes_id": "NYR00E657", "facility": "SIEMENS HEALTHCARE DIAGNOSTICS INC", "city": "TARRYTOWN", "county": "Albany", "tier": "no-exposure certification", "permit_type": "General Permit Covered Facility", "major_minor": "N", "permit_status": "Effective", "transect": "other / Albany metro", "receiving_water": null, "huc8": "Lower Hudson", "design_flow_mgd": null, "actual_flow_mgd": null, "compliance_status": "Unknown", "snc_status": null, "qtrs_noncompliance_12": 0, "qtrs_snc": 0, "missed_dmr_qtrs": 6.0, "effluent_violations_3yr": 0, "pollutants_with_violation": null, "limited_pollutants": null, "dmr_pounds_yr": null, "dmr_toxic_weighted_lb": null, "penalties_usd": 0, "formal_actions_5yr": null, "informal_actions_5yr": 0, "inspections_5yr": 0, "last_inspection": null, "receiving_water_impaired": null, "impairment_causes": null, "sic": "3841", "naics": null, "permit_expires": "01/17/2030", "km_from_ref": 162.9, "in_echo_search_list": null, "dfr_url": "https://echo.epa.gov/detailed-facility-report?fid=NYR00E657&sys=ICP", "watchlist_note": null}}, {"type": "Feature", "geometry": {"type": "Point", "coordinates": [-73.292057, 40.773384]}, "properties": {"npdes_id": "NYR00G520", "facility": "AMETEK INTROTEK INTERNATIONAL", "city": "EDGEWOOD", "county": "Greene", "tier": "no-exposure certification", "permit_type": "General Permit Covered Facility", "major_minor": "N", "permit_status": "Admin Continued", "transect": "other / Albany metro", "receiving_water": null, "huc8": "Southern Long Island", "design_flow_mgd": null, "actual_flow_mgd": null, "compliance_status": "No Violation Identified", "snc_status": null, "qtrs_noncompliance_12": 0, "qtrs_snc": 0, "missed_dmr_qtrs": null, "effluent_violations_3yr": 0, "pollutants_with_violation": null, "limited_pollutants": null, "dmr_pounds_yr": null, "dmr_toxic_weighted_lb": null, "penalties_usd": 0, "formal_actions_5yr": null, "informal_actions_5yr": 0, "inspections_5yr": 0, "last_inspection": null, "receiving_water_impaired": null, "impairment_causes": null, "sic": "3829", "naics": null, "permit_expires": "05/24/2026", "km_from_ref": 205.7, "in_echo_search_list": null, "dfr_url": "https://echo.epa.gov/detailed-facility-report?fid=NYR00G520&sys=ICP", "watchlist_note": null}}, {"type": "Feature", "geometry": {"type": "Point", "coordinates": [-73.898, 42.50482]}, "properties": {"npdes_id": "NYA00E102", "facility": "STANTON FARMS", "city": "COEYMANS HOLLOW", "county": "Albany", "tier": "other general permit", "permit_type": "General Permit Covered Facility", "major_minor": "N", "permit_status": "Admin Continued", "transect": "other / Albany metro", "receiving_water": null, "huc8": "Middle Hudson", "design_flow_mgd": null, "actual_flow_mgd": null, "compliance_status": "No Violation Identified", "snc_status": null, "qtrs_noncompliance_12": 0, "qtrs_snc": 0, "missed_dmr_qtrs": null, "effluent_violations_3yr": 0, "pollutants_with_violation": null, "limited_pollutants": null, "dmr_pounds_yr": null, "dmr_toxic_weighted_lb": null, "penalties_usd": 0, "formal_actions_5yr": null, "informal_actions_5yr": 0, "inspections_5yr": 1, "last_inspection": "02/25/2026", "receiving_water_impaired": null, "impairment_causes": null, "sic": "0291", "naics": null, "permit_expires": "06/30/2022", "km_from_ref": 20.3, "in_echo_search_list": null, "dfr_url": "https://echo.epa.gov/detailed-facility-report?fid=NYA00E102&sys=ICP", "watchlist_note": null}}, {"type": "Feature", "geometry": {"type": "Point", "coordinates": [-73.97352, 42.2247]}, "properties": {"npdes_id": "NYA00E181", "facility": "SUNRISE FARMS, INC.", "city": "CATSKILL", "county": "Greene", "tier": "other general permit", "permit_type": "General Permit Covered Facility", "major_minor": "N", "permit_status": "Admin Continued", "transect": "other / Albany metro", "receiving_water": null, "huc8": "Middle Hudson", "design_flow_mgd": null, "actual_flow_mgd": null, "compliance_status": "No Violation Identified", "snc_status": null, "qtrs_noncompliance_12": 0, "qtrs_snc": 0, "missed_dmr_qtrs": null, "effluent_violations_3yr": 0, "pollutants_with_violation": null, "limited_pollutants": null, "dmr_pounds_yr": null, "dmr_toxic_weighted_lb": null, "penalties_usd": 0, "formal_actions_5yr": null, "informal_actions_5yr": 0, "inspections_5yr": 0, "last_inspection": null, "receiving_water_impaired": null, "impairment_causes": null, "sic": "0291", "naics": null, "permit_expires": "06/30/2022", "km_from_ref": 35.2, "in_echo_search_list": null, "dfr_url": "https://echo.epa.gov/detailed-facility-report?fid=NYA00E181&sys=ICP", "watchlist_note": null}}, {"type": "Feature", "geometry": {"type": "Point", "coordinates": [-74.39846, 42.62013]}, "properties": {"npdes_id": "NYA00E058", "facility": "CROSSBROOK FARM", "city": "MIDDLEBURGH", "county": "Schoharie", "tier": "other general permit", "permit_type": "General Permit Covered Facility", "major_minor": "N", "permit_status": "Admin Continued", "transect": "other / Albany metro", "receiving_water": null, "huc8": "Schoharie", "design_flow_mgd": null, "actual_flow_mgd": null, "compliance_status": "No Violation Identified", "snc_status": null, "qtrs_noncompliance_12": 0, "qtrs_snc": 0, "missed_dmr_qtrs": null, "effluent_violations_3yr": 0, "pollutants_with_violation": null, "limited_pollutants": null, "dmr_pounds_yr": null, "dmr_toxic_weighted_lb": null, "penalties_usd": 0, "formal_actions_5yr": null, "informal_actions_5yr": 0, "inspections_5yr": 0, "last_inspection": null, "receiving_water_impaired": null, "impairment_causes": null, "sic": "0291", "naics": null, "permit_expires": "06/30/2022", "km_from_ref": 23.8, "in_echo_search_list": null, "dfr_url": "https://echo.epa.gov/detailed-facility-report?fid=NYA00E058&sys=ICP", "watchlist_note": null}}, {"type": "Feature", "geometry": {"type": "Point", "coordinates": [-74.372704, 42.658948]}, "properties": {"npdes_id": "NYA00E006", "facility": "STANTON FAMILY FARM LLC", "city": "SCHOHARIE", "county": "Schoharie", "tier": "other general permit", "permit_type": "General Permit Covered Facility", "major_minor": "N", "permit_status": "Admin Continued", "transect": "other / Albany metro", "receiving_water": null, "huc8": "Schoharie", "design_flow_mgd": null, "actual_flow_mgd": null, "compliance_status": "No Violation Identified", "snc_status": null, "qtrs_noncompliance_12": 0, "qtrs_snc": 0, "missed_dmr_qtrs": null, "effluent_violations_3yr": 0, "pollutants_with_violation": null, "limited_pollutants": null, "dmr_pounds_yr": null, "dmr_toxic_weighted_lb": null, "penalties_usd": 0, "formal_actions_5yr": null, "informal_actions_5yr": 0, "inspections_5yr": 1, "last_inspection": "07/15/2026", "receiving_water_impaired": null, "impairment_causes": null, "sic": "0291", "naics": null, "permit_expires": "06/30/2022", "km_from_ref": 24.6, "in_echo_search_list": null, "dfr_url": "https://echo.epa.gov/detailed-facility-report?fid=NYA00E006&sys=ICP", "watchlist_note": null}}, {"type": "Feature", "geometry": {"type": "Point", "coordinates": [-74.45112, 42.70334]}, "properties": {"npdes_id": "NYA00E274", "facility": "EUREKA FARM, INC.", "city": "COBLESKILL", "county": "Schoharie", "tier": "other general permit", "permit_type": "General Permit Covered Facility", "major_minor": "N", "permit_status": "Admin Continued", "transect": "other / Albany metro", "receiving_water": null, "huc8": "Schoharie", "design_flow_mgd": null, "actual_flow_mgd": null, "compliance_status": "No Violation Identified", "snc_status": null, "qtrs_noncompliance_12": 0, "qtrs_snc": 0, "missed_dmr_qtrs": null, "effluent_violations_3yr": 0, "pollutants_with_violation": null, "limited_pollutants": null, "dmr_pounds_yr": null, "dmr_toxic_weighted_lb": null, "penalties_usd": 0, "formal_actions_5yr": null, "informal_actions_5yr": 0, "inspections_5yr": 0, "last_inspection": null, "receiving_water_impaired": "Y", "impairment_causes": "FECAL COLIFORM", "sic": "0291", "naics": null, "permit_expires": "06/30/2022", "km_from_ref": 32.7, "in_echo_search_list": null, "dfr_url": "https://echo.epa.gov/detailed-facility-report?fid=NYA00E274&sys=ICP", "watchlist_note": null}}, {"type": "Feature", "geometry": {"type": "Point", "coordinates": [-74.50378, 42.67141]}, "properties": {"npdes_id": "NYA00E303", "facility": "SUNY COBLESKILL CAMPUS FARM", "city": "COBLESKILL", "county": "Schoharie", "tier": "other general permit", "permit_type": "General Permit Covered Facility", "major_minor": "N", "permit_status": "Admin Continued", "transect": "other / Albany metro", "receiving_water": null, "huc8": "Schoharie", "design_flow_mgd": null, "actual_flow_mgd": null, "compliance_status": "No Violation Identified", "snc_status": null, "qtrs_noncompliance_12": 0, "qtrs_snc": 0, "missed_dmr_qtrs": null, "effluent_violations_3yr": 0, "pollutants_with_violation": null, "limited_pollutants": null, "dmr_pounds_yr": null, "dmr_toxic_weighted_lb": null, "penalties_usd": 0, "formal_actions_5yr": null, "informal_actions_5yr": 0, "inspections_5yr": 1, "last_inspection": "01/13/2023", "receiving_water_impaired": null, "impairment_causes": null, "sic": "0291", "naics": null, "permit_expires": "06/30/2022", "km_from_ref": 34.1, "in_echo_search_list": null, "dfr_url": "https://echo.epa.gov/detailed-facility-report?fid=NYA00E303&sys=ICP", "watchlist_note": null}}, {"type": "Feature", "geometry": {"type": "Point", "coordinates": [-74.457038, 42.764356]}, "properties": {"npdes_id": "NYA00E275", "facility": "CDS TILLAPAUGH", "city": "CARLISLE", "county": "Schoharie", "tier": "other general permit", "permit_type": "General Permit Covered Facility", "major_minor": "N", "permit_status": "Admin Continued", "transect": "other / Albany metro", "receiving_water": null, "huc8": "Mohawk", "design_flow_mgd": null, "actual_flow_mgd": null, "compliance_status": "No Violation Identified", "snc_status": null, "qtrs_noncompliance_12": 0, "qtrs_snc": 0, "missed_dmr_qtrs": null, "effluent_violations_3yr": 0, "pollutants_with_violation": null, "limited_pollutants": null, "dmr_pounds_yr": null, "dmr_toxic_weighted_lb": null, "penalties_usd": 0, "formal_actions_5yr": null, "informal_actions_5yr": 0, "inspections_5yr": 0, "last_inspection": null, "receiving_water_impaired": null, "impairment_causes": null, "sic": "0291", "naics": null, "permit_expires": "06/30/2022", "km_from_ref": 37.7, "in_echo_search_list": null, "dfr_url": "https://echo.epa.gov/detailed-facility-report?fid=NYA00E275&sys=ICP", "watchlist_note": null}}, {"type": "Feature", "geometry": {"type": "Point", "coordinates": [-74.51001, 42.78345]}, "properties": {"npdes_id": "NYA00E014", "facility": "ARGUS ACRES LLC", "city": "SHARON SPRINGS", "county": "Schoharie", "tier": "other general permit", "permit_type": "General Permit Covered Facility", "major_minor": "N", "permit_status": "Admin Continued", "transect": "other / Albany metro", "receiving_water": null, "huc8": "Mohawk", "design_flow_mgd": null, "actual_flow_mgd": null, "compliance_status": "No Violation Identified", "snc_status": null, "qtrs_noncompliance_12": 0, "qtrs_snc": 0, "missed_dmr_qtrs": null, "effluent_violations_3yr": 0, "pollutants_with_violation": null, "limited_pollutants": null, "dmr_pounds_yr": null, "dmr_toxic_weighted_lb": null, "penalties_usd": 0, "formal_actions_5yr": null, "informal_actions_5yr": 0, "inspections_5yr": 1, "last_inspection": "03/25/2025", "receiving_water_impaired": null, "impairment_causes": null, "sic": "0291", "naics": null, "permit_expires": "06/30/2022", "km_from_ref": 42.2, "in_echo_search_list": null, "dfr_url": "https://echo.epa.gov/detailed-facility-report?fid=NYA00E014&sys=ICP", "watchlist_note": null}}]}