{"type": "FeatureCollection", "name": "nys_unconsolidated_aquifers_250k_clip.geojson", "crs": {"type": "name", "properties": {"name": "EPSG:4326"}}, "features": [{"type": "Feature", "properties": {"OBJECTID": 25, "Aquifer_Type": " ", "GPM": " ", "AREA": 401847, "PERIMETER": 5026, "Comments": "G"}, "geometry": {"type": "Polygon", "coordinates": [[[-74.0360849848058, 42.8417352920986], [-74.0336686549129, 42.8417959542957], [-74.031648081327, 42.8398337851306], [-74.0307225571612, 42.8378807664222], [-74.030772015293, 42.8361882731686], [-74.0370739763777, 42.8401946672949], [-74.0360849848058, 42.8417352920986]]]}}, {"type": "Feature", "properties": {"OBJECTID": 29, "Aquifer_Type": " ", "GPM": "10-100", "AREA": 28855549, "PERIMETER": 98061, "Comments": " "}, "geometry": {"type": "MultiPolygon", "coordinates": [[[[-74.7470449473618, 42.8054704293598], [-74.74337555787, 42.8047958219028], [-74.7411049329874, 42.8034309028901], [-74.7412469336715, 42.8010808434935], [-74.7433439475452, 42.7991223352202], [-74.7469895049939, 42.7963568079924], [-74.7485333271381, 42.7946221587181], [-74.7478921388627, 42.7919911637697], [-74.7478060782909, 42.7902169086997], [-74.7499635626326, 42.7865924742542], [-74.75, 42.786545602370175], [-74.75, 42.804971940926805], [-74.7470449473618, 42.8054704293598]]], [[[-74.7484899716496, 42.7403371779395], [-74.7453284838599, 42.7448149139926], [-74.7413732093886, 42.7482191541427], [-74.7364186048228, 42.7528727370656], [-74.7329361050006, 42.7562147429789], [-74.7306761280478, 42.7563895230973], [-74.7298842398327, 42.7547307194667], [-74.7306497948411, 42.7518597309424], [-74.7332003882994, 42.7487047912475], [-74.7397817660837, 42.7429473326009], [-74.7443468148719, 42.7382837240153], [-74.7468145805527, 42.7343808036181], [-74.75, 42.72907517709376], [-74.75, 42.738164483781844], [-74.7484899716496, 42.7403371779395]]], [[[-74.7468105038028, 42.7219351877825], [-74.7425332974262, 42.7228712201382], [-74.7383435984756, 42.725122190891], [-74.7336126307813, 42.7285244013056], [-74.7294221910923, 42.7309460209404], [-74.7240577060849, 42.7320499481724], [-74.714955638468, 42.7343151297598], [-74.7077202080643, 42.7355396701536], [-74.7005680678731, 42.7372952770913], [-74.6947474825737, 42.7408641789117], [-74.6913391146395, 42.7444842371071], [-74.6890965480155, 42.7476481754138], [-74.6871584694242, 42.7488045477117], [-74.6863725642959, 42.7477667999163], [-74.6861211112304, 42.7452446388021], [-74.6846225523631, 42.7423227091813], [-74.6848492057786, 42.7403781836931], [-74.6876434190167, 42.7386477713299], [-74.6929309835637, 42.7363926067677], [-74.6996173631054, 42.7346541732749], [-74.7056837263031, 42.7331390289012], [-74.7147076582264, 42.7309914373459], [-74.7227197221706, 42.7292460337451], [-74.7264439369867, 42.7273367549855], [-74.7324949301244, 42.7235957011526], [-74.737234647517, 42.7216254114505], [-74.7415018736611, 42.7194287672091], [-74.7414078561958, 42.7174292846091], [-74.7384433423101, 42.7161708593774], [-74.7324349846321, 42.7141307888146], [-74.7243229041795, 42.7124455061667], [-74.7174664769053, 42.7109699288444], [-74.711457387181, 42.7093880336614], [-74.7038290437265, 42.708900370307], [-74.6937858229848, 42.7092792175506], [-74.6848361844301, 42.7096421917642], [-74.6813243967129, 42.709254319049], [-74.6811619872892, 42.7078759403123], [-74.6830243489781, 42.7060349884565], [-74.6876878396274, 42.7053362357775], [-74.6932938130949, 42.7053783951464], [-74.7010846223167, 42.7055791554529], [-74.7068445250357, 42.7056750756818], [-74.7122887301471, 42.705544730043], [-74.7213317500491, 42.7068278775594], [-74.7300666309689, 42.7093882920902], [-74.7377133762025, 42.7111891518104], [-74.747472648758, 42.7156867351716], [-74.75, 42.716663380998945], [-74.75, 42.721351477074926], [-74.7468105038028, 42.7219351877825]]]]}}, {"type": "Feature", "properties": {"OBJECTID": 30, "Aquifer_Type": " ", "GPM": "10-100", "AREA": 9980910, "PERIMETER": 23374, "Comments": " "}, "geometry": {"type": "Polygon", "coordinates": [[[-74.4378162636134, 42.7955101551773], [-74.4428933664521, 42.7974621775092], [-74.4492871223939, 42.7997443507794], [-74.4542791855402, 42.7997952607297], [-74.4589603404641, 42.7999075095164], [-74.4643429047825, 42.8007612296149], [-74.4685586955247, 42.8025910344928], [-74.4770603416161, 42.8048814194029], [-74.4809693498986, 42.8063670504118], [-74.4810462716624, 42.8083126130081], [-74.4772265146452, 42.8091237433554], [-74.4717673141898, 42.8098100586744], [-74.4692775994314, 42.8095285306183], [-74.4652930481334, 42.8067182691469], [-74.4603728303847, 42.8046599394991], [-74.4550731460537, 42.8049591497284], [-74.4506258369688, 42.8037581659074], [-74.4466420299891, 42.8029014747364], [-74.4436099360301, 42.8033100391583], [-74.4446258719931, 42.8059446323554], [-74.4490014679377, 42.8092076719551], [-74.4495479058591, 42.810696241765], [-74.4493143455139, 42.811523623269], [-74.4472106277021, 42.8115044832919], [-74.4416730098672, 42.8096134365023], [-74.4335556892033, 42.8073313318897], [-74.4257477314997, 42.8050411096336], [-74.4178702207699, 42.8035514946513], [-74.4106941743285, 42.801155414049], [-74.4018774943599, 42.7974265341565], [-74.3959510168487, 42.7952521330233], [-74.3883038757462, 42.7919877297335], [-74.3857252015643, 42.7888939922815], [-74.3815900477528, 42.7854497560602], [-74.3749637217604, 42.7834506452927], [-74.3699699916845, 42.782189521766], [-74.3669346329578, 42.7813262678676], [-74.3664637256756, 42.7795496019828], [-74.3678620373871, 42.7765134941202], [-74.3705859366237, 42.7726650653451], [-74.3722259073481, 42.7716924976077], [-74.3756583912039, 42.7746740681934], [-74.3807258154553, 42.7770790663047], [-74.3882872873363, 42.7785694610616], [-74.3932012951473, 42.7809730865919], [-74.3973362897077, 42.783669520231], [-74.4020148372534, 42.7856751895587], [-74.4069273012465, 42.7873937660197], [-74.4172288723336, 42.7900851458437], [-74.4223769876689, 42.7916781176578], [-74.4258830786809, 42.7936859837602], [-74.4315007453742, 42.7941371778324], [-74.4346224307724, 42.7940806042673], [-74.4378162636134, 42.7955101551773]]]}}, {"type": "Feature", "properties": {"OBJECTID": 32, "Aquifer_Type": " ", "GPM": "10-100", "AREA": 21036666, "PERIMETER": 85524, "Comments": " "}, "geometry": {"type": "MultiPolygon", "coordinates": [[[[-74.1935583180571, 42.7397042088756], [-74.20151503933, 42.7375354413044], [-74.2075114187122, 42.7369736697401], [-74.2149080915271, 42.7366372790007], [-74.2205968178661, 42.7364780554123], [-74.2235577134483, 42.737335592094], [-74.2235537007359, 42.7388844550796], [-74.2223034358502, 42.7414065240488], [-74.2228517674263, 42.7434725204429], [-74.2235477119895, 42.744846057854], [-74.2223737056569, 42.7462790270263], [-74.2174640111713, 42.7480557563356], [-74.2145802909843, 42.749143727204], [-74.2125616352875, 42.746103939254], [-74.2101526533616, 42.7439711458389], [-74.2088278025221, 42.7426021878455], [-74.2052443921558, 42.7426494054511], [-74.2015789022915, 42.7439658955094], [-74.198538534933, 42.7464300994172], [-74.1965940624456, 42.7455069320552], [-74.1922266484934, 42.7442965605986], [-74.1864617780258, 42.7461199470302], [-74.1812368014527, 42.7505314703407], [-74.1770173329122, 42.7556883648772], [-74.1738893255822, 42.759808383044], [-74.1710022764901, 42.762786426524], [-74.166554344754, 42.7651316194892], [-74.1558003382879, 42.7667190451254], [-74.1484746009611, 42.7677364077457], [-74.1397406826499, 42.7684727159631], [-74.1340510476069, 42.7685739803418], [-74.1302379629375, 42.768220955127], [-74.1281362784764, 42.7675296178954], [-74.1270829980508, 42.766702091272], [-74.130007808075, 42.765121267362], [-74.1343759418402, 42.7630110750144], [-74.1367982393305, 42.7612913129223], [-74.1402339822596, 42.7580841623016], [-74.1435097416733, 42.7563706614975], [-74.1471740902203, 42.7561548223654], [-74.1504455332242, 42.7575388564008], [-74.1536344304745, 42.7599489518467], [-74.1576042970722, 42.7612208939317], [-74.1621183386391, 42.7614520892573], [-74.1654745477187, 42.7611162732725], [-74.1684412548814, 42.7598590783492], [-74.1704705332267, 42.7578566374199], [-74.1722674893309, 42.7545916209118], [-74.1739094407822, 42.7524150689773], [-74.175936189225, 42.7494308489487], [-74.1729775732427, 42.750120984889], [-74.1677526534799, 42.7521724125244], [-74.1633863724973, 42.7537166739283], [-74.1608889254068, 42.7535993623087], [-74.1635509271167, 42.7506740383019], [-74.1683859446484, 42.7477553571305], [-74.1719689625601, 42.746043268179], [-74.1753219103682, 42.7442753881559], [-74.1773576361968, 42.742209659864], [-74.1734549904074, 42.7428390018286], [-74.1661318411078, 42.7458118395536], [-74.1590344171854, 42.7478582260305], [-74.1525675742314, 42.7487652947281], [-74.148830350712, 42.7485304070913], [-74.1461844381429, 42.7463494930635], [-74.1466523377952, 42.7449751624172], [-74.1531224531841, 42.7450411078391], [-74.1601373227906, 42.7437868868962], [-74.1670723164029, 42.742081475481], [-74.1723745473743, 42.7401385855521], [-74.1783772588782, 42.7372819289912], [-74.1828978635197, 42.7356212345533], [-74.1932635237142, 42.7319664176296], [-74.200119430511, 42.7308886937621], [-74.2057247330663, 42.7310086475928], [-74.2112588768067, 42.7308398113405], [-74.2173351775101, 42.7299357563819], [-74.2211557323388, 42.7302770183764], [-74.2249648135904, 42.7308070609417], [-74.2266006402192, 42.7314935710697], [-74.2249612260767, 42.7329233365749], [-74.220212243325, 42.7325760639507], [-74.2120344837953, 42.7332495643321], [-74.2036192907984, 42.7343351762281], [-74.1969148622281, 42.7357021953862], [-74.1926283286709, 42.7372391340991], [-74.1892020044204, 42.7388449393306], [-74.1886938344083, 42.7397598880327], [-74.1935583180571, 42.7397042088756]]], [[[-74.2632981785728, 42.7190824326941], [-74.254655045195, 42.7213139760598], [-74.2396163526814, 42.7238809162656], [-74.2341669268905, 42.7249072155388], [-74.2289409830566, 42.7266193051581], [-74.2250500416765, 42.7277637843383], [-74.2199044877232, 42.728503433391], [-74.2135238460517, 42.7282618056287], [-74.2073662216538, 42.7270576180238], [-74.1983342231263, 42.7279584110507], [-74.1864956936955, 42.7293159611199], [-74.1801800989443, 42.7311981489], [-74.1765172298501, 42.7320004726339], [-74.1704408193417, 42.7327402040811], [-74.1625691378981, 42.7355917086441], [-74.1548485875296, 42.7385069014679], [-74.1480707595179, 42.740554968703], [-74.1437832404973, 42.7409462533351], [-74.1430024599317, 42.7402020292917], [-74.1463575006553, 42.7382008286246], [-74.1494027956282, 42.7356299118695], [-74.1503448181041, 42.7337366949817], [-74.1477753664123, 42.7327000170042], [-74.1404488916553, 42.7335999163046], [-74.1347586954534, 42.7349710824937], [-74.1311005977319, 42.7364562605305], [-74.1306267855897, 42.73811868846], [-74.1343580836285, 42.7392725814374], [-74.1355251083773, 42.741226530828], [-74.1320181240835, 42.7423618276575], [-74.1296776453949, 42.7416686157412], [-74.1265646755899, 42.7406273314813], [-74.124705982656, 42.7387941474028], [-74.123771516563, 42.7368417760313], [-74.1244757169821, 42.7352982740914], [-74.1259591453187, 42.7335174398652], [-74.1267484087182, 42.7314612779277], [-74.1281528393825, 42.7298509696849], [-74.1332963695974, 42.7280257235532], [-74.1359477683457, 42.728090775877], [-74.1379711233482, 42.7299341149447], [-74.1422483860738, 42.7302273338907], [-74.1474758457846, 42.7286002490806], [-74.1522283776566, 42.7287526639354], [-74.1566639864781, 42.7281818996787], [-74.1579956740954, 42.7266968287692], [-74.1559733713038, 42.7242865326363], [-74.1592493939657, 42.7222842747149], [-74.165637008167, 42.7219436511461], [-74.1692153229794, 42.7228702961668], [-74.1701511828074, 42.7231021713012], [-74.1710793564443, 42.7250541239697], [-74.1757556781973, 42.7256370946953], [-74.1801101138981, 42.7258664293014], [-74.19023685858, 42.7249657259601], [-74.2015329009419, 42.7246396929972], [-74.2137588613366, 42.7245351100645], [-74.2193704338796, 42.7248345106831], [-74.2243485014627, 42.7248952526555], [-74.2296470904875, 42.7234721570672], [-74.2351003065504, 42.7215183639534], [-74.2473338144966, 42.7187266215535], [-74.2566772545165, 42.7162659920647], [-74.2611202263529, 42.7157003207109], [-74.264077636215, 42.7155302841288], [-74.2653202741517, 42.7165648575345], [-74.264891377264, 42.7175887911575], [-74.2632981785728, 42.7190824326941]]], [[[-74.1791545393752, 42.8206598644871], [-74.181872351019, 42.8249118452039], [-74.1845205613575, 42.8273801280833], [-74.1850640565928, 42.8297883715157], [-74.180999775311, 42.8339109542697], [-74.1741298184861, 42.8358518188577], [-74.1677365927685, 42.8364089357853], [-74.1643808463895, 42.8357271529537], [-74.1655526359321, 42.8345739848856], [-74.1736708140935, 42.8312647614833], [-74.1762500231457, 42.8300586069823], [-74.1756289872223, 42.8289104279469], [-74.1678302501969, 42.8294215005578], [-74.161507536836, 42.8298077181462], [-74.1544072331074, 42.8314575127326], [-74.1484775273186, 42.8321430267371], [-74.14418218094, 42.8327595190887], [-74.1397747780871, 42.8328435358109], [-74.1391147044684, 42.8311455663888], [-74.1391992613453, 42.8301196291086], [-74.1424729109926, 42.8298379864156], [-74.148404085843, 42.828468352711], [-74.1542621576735, 42.8273949843565], [-74.1611271174358, 42.8269412027181], [-74.1665054440496, 42.8268363356364], [-74.1707199777805, 42.8264977055309], [-74.1737600701572, 42.8257000993189], [-74.1758740631837, 42.8243825519349], [-74.1759497097109, 42.8228341403258], [-74.1711207618845, 42.8208812769341], [-74.164022101898, 42.8196589477076], [-74.1572457028835, 42.8180423985488], [-74.1527979839982, 42.8173523231072], [-74.1486658925131, 42.8172856609474], [-74.1430528822477, 42.8159560235353], [-74.1365896362564, 42.8137641935072], [-74.1330068683028, 42.8122693745463], [-74.1306689337134, 42.8100903644675], [-74.1274753262048, 42.8080128301878], [-74.1242833539129, 42.805827266753], [-74.1245267959381, 42.8034246583402], [-74.1257778526463, 42.8016421625507], [-74.1284300064733, 42.8025087986694], [-74.1320860877988, 42.8053913037791], [-74.1373030158979, 42.8094109878491], [-74.141034319378, 42.8119965675728], [-74.1450890540699, 42.8130985962247], [-74.1501575579463, 42.8144240040644], [-74.1580290554977, 42.8154096047018], [-74.1635628738622, 42.8167379298358], [-74.1673838284043, 42.8174321248803], [-74.1697232217226, 42.81674666148], [-74.1732336383362, 42.817330277957], [-74.1765876567218, 42.8180749045062], [-74.1794710517334, 42.8185638739665], [-74.1791545393752, 42.8206598644871]]]]}}, {"type": "Feature", "properties": {"OBJECTID": 39, "Aquifer_Type": " ", "GPM": ">100", "AREA": 920978, "PERIMETER": 4748, "Comments": " "}, "geometry": {"type": "Polygon", "coordinates": [[[-74.0784587615397, 42.730200720363], [-74.0758905146942, 42.7301981232378], [-74.0716128049199, 42.7289298547886], [-74.0691979551061, 42.729099418913], [-74.0663963228887, 42.7281670723128], [-74.061805466742, 42.7276432714491], [-74.0565032332486, 42.7279149288309], [-74.0551058576527, 42.7269308408101], [-74.0563561971536, 42.7253291465713], [-74.0593987192545, 42.7241385099773], [-74.0630697741409, 42.7214488846554], [-74.0660290671559, 42.7211127312775], [-74.0682849163005, 42.7227791247837], [-74.0700753496508, 42.7238203568337], [-74.0721663145992, 42.7250889956583], [-74.0742693128718, 42.7271051717438], [-74.0783114293622, 42.7280832403446], [-74.0793621247156, 42.7294065760879], [-74.0784587615397, 42.730200720363]]]}}, {"type": "Feature", "properties": {"OBJECTID": 43, "Aquifer_Type": " ", "GPM": "10-100", "AREA": 82983442, "PERIMETER": 150940, "Comments": " "}, "geometry": {"type": "MultiPolygon", "coordinates": [[[[-74.0038771129948, 42.6542462447843], [-74.00604897301, 42.6570027722639], [-74.0082846359426, 42.6611376437224], [-74.012087902352, 42.6636740715291], [-74.0133193091434, 42.6655667232687], [-74.0150829592488, 42.6711383369948], [-74.0186356066944, 42.6773466033893], [-74.0200239075334, 42.6807355810956], [-74.0198154433532, 42.684200922671], [-74.0165911077745, 42.6826693151244], [-74.0126403993184, 42.6781867131018], [-74.0093169076024, 42.6732409375184], [-74.0066908658129, 42.6697421501846], [-74.0012660421421, 42.6644448474884], [-73.9975434242335, 42.6607020944247], [-73.9923573701955, 42.6566761538699], [-73.9855184171168, 42.6546436212647], [-73.9793739379872, 42.6537065874548], [-73.973224772473, 42.6540929930633], [-73.9705868583453, 42.6537901126575], [-73.96396782169, 42.6540007278485], [-73.9601598698549, 42.6528945146858], [-73.9549587291667, 42.6516766131551], [-73.9490439680661, 42.6518206694804], [-73.9441453321564, 42.6515776295851], [-73.9404957002578, 42.6502471302426], [-73.9297040192625, 42.6457882117347], [-73.9263672825885, 42.6447483931749], [-73.9225623064175, 42.6430107004422], [-73.9187619080952, 42.6415610416117], [-73.9156641248081, 42.6397757701212], [-73.9133265423864, 42.6397085099289], [-73.9122235483491, 42.6424537997815], [-73.9114273703612, 42.6450938599975], [-73.9091730711522, 42.6459999736372], [-73.9057315754527, 42.6483446602572], [-73.9014336562091, 42.6526262741012], [-73.8989325032531, 42.6542773007477], [-73.8951822436989, 42.6569608365187], [-73.8931615017103, 42.6564370329669], [-73.8926280325391, 42.654189604246], [-73.8912347967906, 42.6528703259571], [-73.8889917614569, 42.6513086050448], [-73.8883869564987, 42.6487902637396], [-73.887237262816, 42.645456115314], [-73.8860924660185, 42.6423560068437], [-73.88479266252, 42.6383900224937], [-73.8824002258927, 42.6356830673077], [-73.8792997526219, 42.6341218786192], [-73.8766597898, 42.632736192592], [-73.873559266584, 42.6312829824923], [-73.8720024073156, 42.6312226439457], [-73.8726110574077, 42.6339842151476], [-73.8739942998057, 42.6367444849962], [-73.8723498241441, 42.6385655100247], [-73.868448022264, 42.6397608974554], [-73.8637082891941, 42.6397319860848], [-73.8569491035971, 42.6383320128528], [-73.852222595338, 42.6358443041079], [-73.844778175559, 42.631798036069], [-73.8392613545301, 42.6319495317369], [-73.8360027915963, 42.6310069138368], [-73.8331295254144, 42.6298520413347], [-73.8297890629612, 42.6299531099612], [-73.8269918836807, 42.6295372528266], [-73.824108174224, 42.6297508765904], [-73.820916690566, 42.6301953557678], [-73.8167232678071, 42.6295398649659], [-73.8141706388013, 42.6278114129477], [-73.8120891888978, 42.6252773690943], [-73.808370946516, 42.6229063451687], [-73.8055089171912, 42.6211204578514], [-73.801331036472, 42.618573431116], [-73.7993996953208, 42.6170762399231], [-73.7989455421139, 42.6158106917827], [-73.8008206974343, 42.6136419871737], [-73.8029935669462, 42.6146192853871], [-73.8046192910643, 42.6154376798152], [-73.8066610191654, 42.613153570354], [-73.8075366347458, 42.6106321063237], [-73.8087176370075, 42.6079967636758], [-73.8116026679554, 42.6068649792704], [-73.8155647808004, 42.6073472855346], [-73.8190572731372, 42.6077614973992], [-73.820541481688, 42.6065610165848], [-73.8188434740229, 42.6055258316758], [-73.8133420192348, 42.6029745868922], [-73.8074436562552, 42.6012833932277], [-73.7990549544228, 42.6008446156883], [-73.7939312648468, 42.600412631984], [-73.788346216974, 42.5985526832282], [-73.785093136808, 42.596753141294], [-73.7797672362172, 42.5924279617107], [-73.7781650854808, 42.5888086736628], [-73.776800021332, 42.5842102156852], [-73.7768181966726, 42.5813377672222], [-73.7780848186766, 42.5791088103943], [-73.7808997067553, 42.5763740173828], [-73.7821663543507, 42.5741361005142], [-73.7822532275268, 42.5720207808526], [-73.7826140390404, 42.5662339360445], [-73.784106948112, 42.5637732131256], [-73.786527672771, 42.5622319510388], [-73.7886334744004, 42.561380689344], [-73.7886423400809, 42.5596607008856], [-73.7869556980734, 42.5569590996497], [-73.7882168316736, 42.5549011244278], [-73.7905470216809, 42.5543944323169], [-73.7926994488436, 42.5575059717757], [-73.7966965897607, 42.5632035654698], [-73.7985254393792, 42.5679687365373], [-73.7982777317938, 42.5703165720597], [-73.7988073609637, 42.5717629981546], [-73.8000511270961, 42.5718750733715], [-73.803249265544, 42.5696571333839], [-73.8053706177084, 42.5667974356628], [-73.8075677178688, 42.5635422294468], [-73.8088997406265, 42.5626825380586], [-73.8105101579073, 42.5654459618902], [-73.8116474891936, 42.5690689967388], [-73.8115561411225, 42.5714725960638], [-73.8099048806976, 42.5740490799192], [-73.8085687322729, 42.5759893685852], [-73.8086177736487, 42.5794931499877], [-73.8104529488659, 42.5831143503767], [-73.8109033270097, 42.586270967749], [-73.8110455266298, 42.5881636792782], [-73.8142935566672, 42.589440037878], [-73.8158441186819, 42.5909959849906], [-73.8193777367726, 42.5961205559726], [-73.8218583216118, 42.5971636947278], [-73.8233335761444, 42.5972238754933], [-73.8231189615788, 42.5943039207474], [-73.8212244085332, 42.5884397560929], [-73.8188643492617, 42.5814361925532], [-73.8195084072245, 42.5780566977253], [-73.8219395259505, 42.5747406057657], [-73.8245293807677, 42.5711379687125], [-73.8263380303886, 42.5679324390144], [-73.8281501371029, 42.5650151260993], [-73.8312757607436, 42.5624444186083], [-73.8342379927979, 42.5611956991724], [-73.8370293944984, 42.5612690862885], [-73.8384140776461, 42.5642009909107], [-73.8382156362665, 42.5698814444274], [-73.8383464462637, 42.5736651660188], [-73.8392631699941, 42.5755656995335], [-73.8408827634558, 42.5779234364918], [-73.8407125626845, 42.5800380483966], [-73.8403702809652, 42.5842852594718], [-73.8410547528982, 42.5866427049102], [-73.8425206835748, 42.5881883427221], [-73.8453918402878, 42.5889558023773], [-73.8471711561544, 42.5902795347953], [-73.8488544211573, 42.5938445667801], [-73.8506258004483, 42.5960327046651], [-73.8521753613148, 42.5971919851687], [-73.8535669462921, 42.5972508481495], [-73.8559873055721, 42.5957081221486], [-73.8573150933442, 42.5950819282294], [-73.8587051287503, 42.5964736266975], [-73.8619523960939, 42.5996308590603], [-73.8642698755733, 42.6011397439832], [-73.865505802717, 42.6029800185114], [-73.8671913685164, 42.6070042588679], [-73.8714228573182, 42.6130976966704], [-73.8752705088554, 42.6191331838695], [-73.876574809191, 42.6219557702019], [-73.8785950023783, 42.6229390507586], [-73.8806157577026, 42.6220312529705], [-73.8817238524126, 42.6193944437936], [-73.8816582945685, 42.6174395478106], [-73.8838332946766, 42.6183703153507], [-73.887402660911, 42.6192425634413], [-73.8906675555555, 42.6198324569596], [-73.8932164476762, 42.6219644301104], [-73.8964651094306, 42.6251296931251], [-73.8984013177473, 42.6260578839497], [-73.8991938687827, 42.6241652694843], [-73.8984354322416, 42.621015052509], [-73.8968923454312, 42.618541649256], [-73.8950457247094, 42.6156601290684], [-73.8929639681874, 42.6125601266623], [-73.8925850235346, 42.6103772021547], [-73.8940799925879, 42.6081401708861], [-73.8960207509875, 42.6082669350717], [-73.8987253664972, 42.6116610821446], [-73.9018744737355, 42.6178690382361], [-73.904336063776, 42.6222963270266], [-73.9087356140958, 42.6275884760167], [-73.9135317847733, 42.6318486992323], [-73.9161623194238, 42.6342690533071], [-73.9183314053891, 42.6350820614154], [-73.9206718841569, 42.6349779054479], [-73.9235395189353, 42.6363106955751], [-73.9267131343064, 42.6385557440583], [-73.9283449094407, 42.6395977128142], [-73.9282715110475, 42.6381020526312], [-73.9237836906112, 42.634701057242], [-73.9187490222347, 42.6311234743428], [-73.9155663898632, 42.6293373069956], [-73.9114055984076, 42.6236964546508], [-73.9052256056164, 42.6161630342354], [-73.9004465307785, 42.6088588166836], [-73.8973661059898, 42.604830740005], [-73.8921905915768, 42.599017243939], [-73.8888009833596, 42.5945267497863], [-73.8868060747183, 42.5901037367936], [-73.8851243009331, 42.5850531997162], [-73.8841434002728, 42.581549466947], [-73.8840032282404, 42.5780449134795], [-73.8855762595206, 42.5757638115244], [-73.8886091299349, 42.5753158917914], [-73.8927208593124, 42.5756169037555], [-73.8963064973195, 42.5750029593939], [-73.899633465573, 42.5771422957785], [-73.901155183227, 42.5825962636395], [-73.9021308641507, 42.5874146213413], [-73.903130574962, 42.5899997242047], [-73.9055742264887, 42.5962640493737], [-73.9071069759097, 42.6007903710221], [-73.9116573983137, 42.6060929586584], [-73.9149815946855, 42.6094836051414], [-73.9183183534746, 42.6112801629306], [-73.9246098312496, 42.6118796183988], [-73.9262390271396, 42.6130296415727], [-73.9236484053388, 42.6164634829873], [-73.9208417080943, 42.6184542723887], [-73.9188817563858, 42.6212635914166], [-73.918945272346, 42.623839794498], [-73.9194010573212, 42.6261314884449], [-73.9262776715154, 42.6337337838348], [-73.9296802399782, 42.636332131507], [-73.9327685154664, 42.6400172572959], [-73.93424058745, 42.6418499790555], [-73.9382077717195, 42.6426703220273], [-73.9442594839549, 42.6442931698313], [-73.9493936512063, 42.6443672938895], [-73.9552292019174, 42.6438172398061], [-73.9617713281966, 42.6430391073999], [-73.9697868846598, 42.641751557885], [-73.9743820792006, 42.6415856167046], [-73.9778079967727, 42.6405715391391], [-73.9789792975523, 42.639996654929], [-73.9775828174229, 42.6386783916083], [-73.9762772710885, 42.6351725721439], [-73.975762944822, 42.6288010858601], [-73.9756479550475, 42.6201996060046], [-73.9740355379542, 42.6175016124297], [-73.9700833884506, 42.613530704754], [-73.9658265880461, 42.610133328453], [-73.9592385319634, 42.6063814084992], [-73.9549012423436, 42.6027577996847], [-73.9518998417895, 42.5980925431943], [-73.9505213047957, 42.5939012749305], [-73.9487522735344, 42.5896524730826], [-73.9472947107855, 42.5870094459855], [-73.9474575363632, 42.5846605056609], [-73.9497005098148, 42.5870765454623], [-73.9542493164034, 42.5940885194328], [-73.9605149503606, 42.5999089415849], [-73.9644667206777, 42.6028985931093], [-73.9663987105055, 42.6050322835883], [-73.9692457657917, 42.610254181161], [-73.9721858549943, 42.6127390697626], [-73.9752097896404, 42.6148644831175], [-73.9798442075961, 42.6211286006466], [-73.9834640167692, 42.6290046476951], [-73.9863951445854, 42.6340016650503], [-73.9886996181412, 42.6399746566556], [-73.9913194164676, 42.645608233609], [-73.9973574944237, 42.6520731360227], [-74.0038771129948, 42.6542462447843]]], [[[-74.0399707087669, 42.71456674043], [-74.0320294376877, 42.7145991185425], [-74.0224534485955, 42.7141216256251], [-74.016219442654, 42.7145005101225], [-74.0120920897333, 42.7156358103155], [-74.0076334858669, 42.7190643679869], [-74.0024767702133, 42.7223787184307], [-73.9985806059564, 42.7224797708574], [-73.9959421946911, 42.7212589226402], [-73.9948647463696, 42.7192593188662], [-73.9947219349114, 42.7160971752927], [-73.994499792596, 42.713969926326], [-73.9938832060567, 42.7128297875962], [-73.9902901563322, 42.7144192647927], [-73.9879615186357, 42.7131469415316], [-73.9823707695491, 42.7097474335024], [-73.9791145826238, 42.7078993674268], [-73.9785665190679, 42.7066967318013], [-73.9804396937821, 42.7060200549001], [-73.9828527488225, 42.7073382999312], [-73.984875547615, 42.7074012638438], [-73.98643964474, 42.7051726782455], [-73.9859095278945, 42.702025095987], [-73.9848346566423, 42.6994309960965], [-73.9853104267969, 42.6977691821544], [-73.9849316235135, 42.6958206837302], [-73.9867247225004, 42.69422455209], [-73.9902276253331, 42.6957773709147], [-73.9931661269051, 42.6986579285236], [-73.9949469042164, 42.7011320975828], [-73.99727782874, 42.7028004595442], [-74.0002325176126, 42.7022408741712], [-74.0039029738696, 42.7011022052161], [-74.0058440526701, 42.7013980925843], [-74.0089498654431, 42.7025507310483], [-74.0105816685362, 42.7038706340245], [-74.0123718994517, 42.7038769917271], [-74.0128576453138, 42.7000989392563], [-74.0114665080363, 42.6968810208418], [-74.0100085864606, 42.6935543727483], [-74.008382609397, 42.691018839749], [-74.0059776237319, 42.6896921955743], [-74.0038848428418, 42.6877377820978], [-74.0022562128336, 42.6868141484418], [-74.0004590424471, 42.6881312878481], [-73.9985783439657, 42.6909336279407], [-73.9970841852449, 42.6932259339763], [-73.9958401429258, 42.6939084930808], [-73.9950602317682, 42.6937305841108], [-73.9928916540026, 42.6916582587164], [-73.9925126756067, 42.6886741825646], [-73.9915920337539, 42.6862615700706], [-73.9893500481609, 42.6825314993945], [-73.9872692568552, 42.6788570095303], [-73.9883652059488, 42.6768494266173], [-73.9915705571966, 42.6741040261265], [-73.9948488301343, 42.6722235250092], [-73.9989706179138, 42.6732682112465], [-74.0064134252742, 42.6783400399878], [-74.0105182559882, 42.682419023806], [-74.0174950509531, 42.6897824783667], [-74.0204370524213, 42.6934637842363], [-74.0233742767502, 42.698351818063], [-74.0255420899089, 42.7016212209164], [-74.0303475136736, 42.7071372853681], [-74.0333738843507, 42.7089279357977], [-74.0371817716979, 42.7104278691885], [-74.0406849898449, 42.7110155799722], [-74.0430157482778, 42.7117104402407], [-74.0432489496677, 42.7132252650077], [-74.0399707087669, 42.71456674043]]], [[[-73.9552848162089, 42.6640711625266], [-73.9549535125731, 42.6677333508932], [-73.9553025594465, 42.6750220200867], [-73.9570645078817, 42.6799550570034], [-73.9573550537277, 42.6843793875295], [-73.9588950767737, 42.6882747714958], [-73.9633750792313, 42.6934034443682], [-73.9653074652798, 42.6965007856402], [-73.9656836400158, 42.6990257356134], [-73.9652871963738, 42.7005710460885], [-73.9619429298064, 42.7002256577671], [-73.9600655181281, 42.7017035855993], [-73.9592737759643, 42.7035965143975], [-73.9588725997282, 42.7066908277481], [-73.9586298403539, 42.7086966930064], [-73.957918778868, 42.7099600024307], [-73.9569878847414, 42.7105010180919], [-73.9538808248087, 42.708455424845], [-73.9492391964719, 42.7032168676756], [-73.9478581943746, 42.6986833882804], [-73.9485841481253, 42.6947276555699], [-73.9496151376684, 42.69106291845], [-73.9491660845594, 42.6869252361857], [-73.9480178893649, 42.68325850176], [-73.9454760723414, 42.6786603807042], [-73.9433932657983, 42.6758945355288], [-73.9391883125599, 42.6756485847285], [-73.9350046306848, 42.6728270949996], [-73.9288858406315, 42.6672407187617], [-73.92634101151, 42.662930342121], [-73.9241090369696, 42.6594242625187], [-73.9227973230044, 42.6577549904693], [-73.9227186235375, 42.6568356057245], [-73.9277810590897, 42.6558204023077], [-73.9322237646245, 42.6550964106587], [-73.9345619171857, 42.6538393918591], [-73.9357274846437, 42.6540753190781], [-73.9377456545696, 42.655742084466], [-73.9376545594479, 42.6578665563707], [-73.9367036955227, 42.6609556252371], [-73.9361432025101, 42.6637691063388], [-73.9375329918513, 42.6658982261333], [-73.9396323523932, 42.6659627885531], [-73.9418785396585, 42.6673433829832], [-73.943422838447, 42.6694739468622], [-73.9455164902608, 42.6713122482901], [-73.946992009845, 42.6720102798892], [-73.9482390742923, 42.6716074801466], [-73.9494918968039, 42.6694936647773], [-73.9498210071979, 42.6659934501242], [-73.949916402688, 42.6635898974914], [-73.9514868179146, 42.6609025531422], [-73.9538614224967, 42.6602759113869], [-73.9552848162089, 42.6640711625266]]]]}}, {"type": "Feature", "properties": {"OBJECTID": 52, "Aquifer_Type": " ", "GPM": "10-100", "AREA": 106454749, "PERIMETER": 227131, "Comments": " "}, "geometry": {"type": "MultiPolygon", "coordinates": [[[[-73.9725479612769, 42.4464707687686], [-73.9710058164871, 42.4443946575747], [-73.9698574339214, 42.4405479152963], [-73.9693285068532, 42.4383188099291], [-73.9669328881614, 42.4371535529271], [-73.9632846943907, 42.4369135212107], [-73.9604783408979, 42.440004031119], [-73.958053391741, 42.444178687572], [-73.9559556248402, 42.4453754077043], [-73.9548742077435, 42.444050697865], [-73.9552009174821, 42.4415861303349], [-73.9546694827762, 42.4391767658498], [-73.9517265939396, 42.437844127255], [-73.950027577281, 42.4364687901441], [-73.950976778688, 42.4337756480558], [-73.952530317977, 42.4332045046647], [-73.954611639892, 42.4351598191552], [-73.9575516703626, 42.4357538491843], [-73.9589517259622, 42.4347218382514], [-73.9572627703003, 42.4326442958379], [-73.9551722256097, 42.4306890346573], [-73.952314266142, 42.4294741467106], [-73.9470491743292, 42.4271025927791], [-73.9433300651785, 42.4271494039037], [-73.9409930277244, 42.4293162619663], [-73.9388159654703, 42.4310881961582], [-73.9369540934652, 42.4311971791179], [-73.9360298095224, 42.4292432859231], [-73.9360467040895, 42.4268930336049], [-73.9369047491102, 42.4249466723989], [-73.9361379815328, 42.4237418432107], [-73.934831966488, 42.4215503790232], [-73.9328958286132, 42.4210370590103], [-73.9304042191678, 42.4232562883175], [-73.928139244326, 42.426170982037], [-73.9258022726951, 42.4287517155869], [-73.9233162109659, 42.4291967784137], [-73.9223134782818, 42.4277644499834], [-73.9240356552022, 42.4250699701444], [-73.9273908104824, 42.4215890369767], [-73.9304356937588, 42.4172947450078], [-73.9314584700265, 42.4147736999129], [-73.930691110637, 42.4136228506402], [-73.9282858985583, 42.4139065253469], [-73.925703305161, 42.4187095021359], [-73.9233573925799, 42.4222628102373], [-73.9214108960596, 42.4236853336688], [-73.9188530095732, 42.4239045240892], [-73.91815935417, 42.4220067751008], [-73.9189532950095, 42.4185109797202], [-73.9203838201194, 42.413409181451], [-73.9212638934569, 42.4084284178865], [-73.9219880425816, 42.404013343122], [-73.9216851327293, 42.4018311526266], [-73.9199058257984, 42.4012470561863], [-73.9174962747294, 42.4031425499154], [-73.9128934206637, 42.4087996320033], [-73.9113382553272, 42.4085057471085], [-73.9108900254835, 42.4063220600915], [-73.9103650478345, 42.4032191384383], [-73.9085927026336, 42.4012660466287], [-73.9067417612897, 42.3994833441938], [-73.9057387197128, 42.3985551802494], [-73.9034905359634, 42.3983175088982], [-73.9005462493655, 42.3990548317906], [-73.8979102984454, 42.3989215611582], [-73.8949767987858, 42.396794925198], [-73.8926956466901, 42.3899645834176], [-73.8916587724772, 42.3827859728768], [-73.8907580409404, 42.3769325328838], [-73.890486633677, 42.3713103651235], [-73.8904283371217, 42.3676355004484], [-73.8915342648065, 42.3648362894813], [-73.893957039568, 42.3612844293409], [-73.8956698480802, 42.3589954386728], [-73.896455794674, 42.3572828610833], [-73.8938385439138, 42.3553214825729], [-73.8931518116394, 42.3535405930089], [-73.8938568715779, 42.3515932336723], [-73.896971475989, 42.3484530687712], [-73.9000894632378, 42.3451869721029], [-73.9023556573589, 42.3421106381104], [-73.9035357428826, 42.3380333286275], [-73.9050661426901, 42.3289790602942], [-73.9065579794253, 42.3247425217934], [-73.9074226533733, 42.3229135538128], [-73.909141841599, 42.3201651019788], [-73.9117221730426, 42.3157587562528], [-73.9149941880318, 42.3118721336149], [-73.917561506026, 42.3090686319866], [-73.9193588841171, 42.306672011098], [-73.9235948355927, 42.2968773688548], [-73.9258665025093, 42.2909818188709], [-73.9304120957136, 42.2805053825897], [-73.9307427512494, 42.276374797425], [-73.9296862698623, 42.2728705725198], [-73.9243016091933, 42.2671105001833], [-73.9186748205722, 42.2634191407319], [-73.9131201316536, 42.2613944266681], [-73.909184851583, 42.2596008696984], [-73.9071789462517, 42.2576364907123], [-73.9049527767685, 42.2554447764943], [-73.9030275002481, 42.2538323500784], [-73.9025684854954, 42.2526842351357], [-73.905443838404, 42.2511537047598], [-73.9083007593314, 42.2515591152814], [-73.9123857545594, 42.2534171531631], [-73.9183379232433, 42.2547612389355], [-73.9218048151229, 42.2563789986325], [-73.9244254111804, 42.2580516584732], [-73.9280524404007, 42.2592653579138], [-73.9300585052093, 42.2608240921986], [-73.9336901759593, 42.2614162723375], [-73.9361678233618, 42.2610791126223], [-73.9383961881976, 42.2632162157527], [-73.9386955912828, 42.2659657395851], [-73.942401466126, 42.2810037657429], [-73.9421620994249, 42.2829019036913], [-73.940615112522, 42.2832929030339], [-73.9374484251206, 42.281102046734], [-73.9348230100766, 42.2806364822263], [-73.9338113960843, 42.2812035319968], [-73.9334110704246, 42.2843518333601], [-73.9319204934074, 42.288768852652], [-73.9273675493435, 42.2996504538157], [-73.9244672927902, 42.3062877489909], [-73.9226550866886, 42.3125928517694], [-73.9198985360125, 42.3206091855094], [-73.9151968357642, 42.3309755075033], [-73.9139782978605, 42.3409513778552], [-73.9156560602502, 42.3446866888474], [-73.9168889992976, 42.3460672427972], [-73.9172155785835, 42.34365676749], [-73.9183078338479, 42.341992037461], [-73.9195502856007, 42.3414904265314], [-73.92033088507, 42.3399397023987], [-73.9209005176857, 42.3354691909247], [-73.9216901946994, 42.3321444517759], [-73.9238693880821, 42.3304358570353], [-73.9252713443232, 42.329179149597], [-73.9269960526842, 42.325628931975], [-73.9280035074234, 42.3243684972015], [-73.9293868711803, 42.3264438285849], [-73.9300507002125, 42.3322948099879], [-73.932111945669, 42.3384379350951], [-73.9338722003404, 42.3410299546774], [-73.9350318096864, 42.3426348267038], [-73.9365140820959, 42.3397756310113], [-73.9381740354537, 42.3340993979685], [-73.940217224895, 42.327634131403], [-73.9437541233365, 42.3189850284905], [-73.9475170130249, 42.3101038574216], [-73.9491593338364, 42.305751070547], [-73.95057797839, 42.3005946551101], [-73.95099400475, 42.2955461939156], [-73.9504028652125, 42.2907856512976], [-73.9495676854528, 42.2877520411331], [-73.9491895138291, 42.2859654672781], [-73.9495779548664, 42.2847621881818], [-73.9511379470252, 42.2832183733002], [-73.9524498412693, 42.2834555611428], [-73.9542930915151, 42.2855798277257], [-73.9561200122225, 42.2910990517239], [-73.9567936754609, 42.2960313061627], [-73.9557653829295, 42.3004438299848], [-73.9515385039307, 42.3096093618043], [-73.9497411038681, 42.3134474304425], [-73.9498050972821, 42.3151590835531], [-73.9494091830633, 42.3171727558294], [-73.945271073373, 42.3250688918274], [-73.9416519466199, 42.3354373382636], [-73.9402971899901, 42.342656512201], [-73.9386268440881, 42.3511966170979], [-73.9391227730653, 42.3593424713732], [-73.9404076719814, 42.3658834206312], [-73.944077378337, 42.374734012886], [-73.9483848360888, 42.3810055229371], [-73.9530029299283, 42.3857128133055], [-73.9568660923029, 42.3881975026901], [-73.9698566025173, 42.3939255094465], [-73.9761217366135, 42.396701231806], [-73.9794467461197, 42.3991174116635], [-73.9818253667281, 42.4037134419273], [-73.9841988061711, 42.4086516186201], [-73.9856622611769, 42.4118165380826], [-73.9872028583867, 42.4138834451822], [-73.9891390937399, 42.4144047635749], [-73.9912384476016, 42.4125231327241], [-73.9932736604515, 42.4077138583057], [-73.995077261566, 42.4030197456177], [-73.9957966334507, 42.3996308839492], [-73.9964974750639, 42.3976827754311], [-73.9984372575604, 42.3969972417601], [-73.9996637289778, 42.4003941155495], [-73.9994910495967, 42.4045713086607], [-73.9979198953662, 42.4087001761112], [-73.997286780771, 42.4125941186692], [-73.9965711643783, 42.4153525516587], [-73.9926011878303, 42.4199287037645], [-73.9853721042558, 42.4239716849201], [-73.9799355585756, 42.4261298708795], [-73.9758154222684, 42.4273809769062], [-73.9732557867874, 42.4286369192962], [-73.9725476850551, 42.4304046372933], [-73.9748656212886, 42.431677130981], [-73.9780407956209, 42.4334166090877], [-73.9782587798232, 42.435246638737], [-73.9770843527987, 42.4376496897243], [-73.9769112657592, 42.4410973121603], [-73.9772865745505, 42.4441895763187], [-73.976890288914, 42.4463114338885], [-73.9750632104707, 42.4474297944575], [-73.9725479612769, 42.4464707687686]]], [[[-74.0484003333521, 42.4860469896817], [-74.0462966166263, 42.4881638895238], [-74.0440620398326, 42.4847771627845], [-74.0426019835491, 42.4806945539262], [-74.0402806241649, 42.4783426605217], [-74.0359496438988, 42.476144997681], [-74.0313695771588, 42.4761334815019], [-74.0284981601788, 42.476928718252], [-74.0255461847647, 42.4774349808231], [-74.0241556936176, 42.4760003422432], [-74.0253324503872, 42.472390130258], [-74.0261294716565, 42.4672817460172], [-74.0252955933103, 42.4632130500409], [-74.0229760645907, 42.4599422299688], [-74.0212781539527, 42.4588471740157], [-74.0195670913165, 42.4591837949435], [-74.0190972159345, 42.4615301763009], [-74.015956019201, 42.4692030945581], [-74.0134428898553, 42.4768272997133], [-74.0121821017207, 42.4808960439637], [-74.0119210615171, 42.4871436166007], [-74.0129205214215, 42.4904212916459], [-74.0156201157774, 42.4936414516445], [-74.0223582874595, 42.4966978935242], [-74.0265419864073, 42.4984355216343], [-74.0290971767841, 42.5011318166871], [-74.0341938088852, 42.5069384766535], [-74.0363555429773, 42.5106130774641], [-74.0367279629916, 42.5140024002833], [-74.0362520525359, 42.5167540453122], [-74.0367925814783, 42.5184156694636], [-74.0389557417888, 42.5194515429314], [-74.0421402967896, 42.5199824250687], [-74.044473170794, 42.5195876321691], [-74.0464955840254, 42.5171818862932], [-74.0465848466629, 42.5144268918978], [-74.0462875523962, 42.5111642801575], [-74.0467604796818, 42.5089798116431], [-74.0483931452825, 42.5088763304738], [-74.0566103247198, 42.5124474271907], [-74.0618025463644, 42.5150476170236], [-74.0655937197177, 42.5169426741352], [-74.0678448018969, 42.5189603264039], [-74.0720199050069, 42.5236141186232], [-74.0742543794963, 42.5288465313095], [-74.0747859130504, 42.5321108645654], [-74.073457384729, 42.5335411134899], [-74.0707452031877, 42.5323933942122], [-74.0688094815384, 42.530432479426], [-74.0677337431484, 42.5274429019457], [-74.066426005193, 42.5238930017494], [-74.0652743637819, 42.5218212689379], [-74.0641077163247, 42.5201546678837], [-74.0624048623215, 42.5197445761959], [-74.0609292771177, 42.5208311497269], [-74.0574080745975, 42.5266740445459], [-74.0556789233523, 42.5326396536366], [-74.0558971601532, 42.5361356795488], [-74.0555758660141, 42.539978589066], [-74.0570324450416, 42.5439350017476], [-74.0579511178233, 42.5481302576985], [-74.0578567017876, 42.5523712003062], [-74.0560743373926, 42.5530499178098], [-74.0556089595439, 42.5511008898522], [-74.0525034717165, 42.5508681635673], [-74.0507121580082, 42.5521231509984], [-74.0489855710365, 42.5569358891226], [-74.0488954354639, 42.5602582798743], [-74.0481919426626, 42.5617474369788], [-74.0468623512132, 42.5626639596277], [-74.0463164086678, 42.5650098689516], [-74.0447942329745, 42.5669604748662], [-74.0428966945412, 42.5650624778672], [-74.0409641178656, 42.5614980857315], [-74.0388794042407, 42.5586258599141], [-74.0362499979842, 42.5556409674018], [-74.0358774543206, 42.5521435289733], [-74.0357334549807, 42.5494406206356], [-74.0350365859285, 42.5485251837254], [-74.033705833371, 42.5510986162256], [-74.0323850642491, 42.5514387109343], [-74.0320779305545, 42.5498331602653], [-74.0328671636235, 42.5467418666635], [-74.0325835608907, 42.5410567734691], [-74.0325188522321, 42.5372738794919], [-74.0330097062547, 42.5320005789998], [-74.0336473002768, 42.5267826227137], [-74.033584779821, 42.5233419769819], [-74.032197754921, 42.5215021201486], [-74.0305630292973, 42.5217224033966], [-74.0302578458673, 42.5200087192875], [-74.0313587520197, 42.517307315519], [-74.0306703088614, 42.5147888637136], [-74.0272801279678, 42.5081229012202], [-74.0246559377135, 42.5043903508392], [-74.0227977449847, 42.5026634139452], [-74.0210924577232, 42.5029459895023], [-74.0183705494581, 42.5040215454075], [-74.0160521391982, 42.5020743720807], [-74.0138968925489, 42.4975890880707], [-74.0108835931195, 42.4950595760501], [-74.008491768207, 42.4914367918151], [-74.007885754106, 42.4872439036363], [-74.0078277349139, 42.4831188719852], [-74.0073739373225, 42.4800800694114], [-74.0076963681083, 42.4782456937031], [-74.0094154038926, 42.4750365162752], [-74.0109029795815, 42.4718253127714], [-74.0119251723714, 42.4691955163508], [-74.0125576744696, 42.4658148414383], [-74.0154584312106, 42.4586532647855], [-74.0193715827349, 42.4508699013833], [-74.0222573137355, 42.4466348486902], [-74.0249958374402, 42.4417680956433], [-74.0247015523615, 42.4368304861081], [-74.0248822671163, 42.4311494896501], [-74.0268486219639, 42.4242768482659], [-74.0279512901154, 42.4203776358717], [-74.0264066303387, 42.419454937283], [-74.0229076818716, 42.4201367551649], [-74.0206665878388, 42.4192620642671], [-74.0212994397202, 42.4168629369191], [-74.0226358338821, 42.4127947795981], [-74.0244248072377, 42.4103874746526], [-74.0273026578714, 42.4079892962923], [-74.0290910060253, 42.4070768581138], [-74.0301707341996, 42.4075903164102], [-74.0298492618989, 42.4104064108291], [-74.0296068244868, 42.4126377274344], [-74.030611833576, 42.4135648253934], [-74.0322493586952, 42.4119035458087], [-74.0344272557195, 42.408868991857], [-74.0362903580067, 42.4081282381706], [-74.0383077295605, 42.4084243071076], [-74.040396324534, 42.4096305279586], [-74.0418657590116, 42.4098048926613], [-74.0427241152732, 42.4082000651673], [-74.0431319773481, 42.4042498689662], [-74.0432988376518, 42.400865186263], [-74.0446249135837, 42.3984626991525], [-74.0464845488291, 42.3989284769638], [-74.0477207866514, 42.3998392528224], [-74.047710290112, 42.4025408418102], [-74.047081443098, 42.4053545245217], [-74.0475310979482, 42.4077627113556], [-74.0464345366877, 42.4108516261064], [-74.0455706894692, 42.4149240005368], [-74.0456373811711, 42.4181395473833], [-74.0491152985418, 42.4204378344331], [-74.0564616790368, 42.4240737823143], [-74.060024665903, 42.4268317339004], [-74.0611766166039, 42.4293627587289], [-74.0598475846196, 42.4330802600594], [-74.0600674717735, 42.4369814427779], [-74.0608286040541, 42.4392300463458], [-74.0611351766892, 42.440889660334], [-74.0598112168388, 42.4432382236403], [-74.0585636473128, 42.4435252054646], [-74.0571804045855, 42.4415055776101], [-74.0564936009015, 42.4379517077628], [-74.0558050787997, 42.4349112279225], [-74.0541095189123, 42.4321595701109], [-74.0515626973636, 42.4285271826373], [-74.0484707969353, 42.4262862017112], [-74.046385866637, 42.4247919409288], [-74.0456958554102, 42.4228950767931], [-74.0450071172281, 42.4200255103746], [-74.0434644502715, 42.4183556308946], [-74.0399748594709, 42.419037958438], [-74.0378035344759, 42.419145809716], [-74.036090096701, 42.4201131261515], [-74.0335182926372, 42.4227481159537], [-74.0309513527012, 42.4255543452164], [-74.0300176560195, 42.4269782706861], [-74.0294511202976, 42.4327731576437], [-74.0286465276878, 42.4403941050667], [-74.0293930681371, 42.4464793123045], [-74.0326148032607, 42.4549177339929], [-74.0346886492768, 42.4601405202728], [-74.037850225911, 42.4655433878711], [-74.0416328143625, 42.4702578725181], [-74.0467388399389, 42.4737676175742], [-74.0502252546611, 42.4752104571052], [-74.0510781511309, 42.4764241452846], [-74.0507517335659, 42.4807172360838], [-74.0500387810746, 42.4834129678007], [-74.0504192704294, 42.4853072233427], [-74.0484003333521, 42.4860469896817]]], [[[-74.0590632938031, 42.4136934940803], [-74.0582989071734, 42.4106613081816], [-74.0585480217318, 42.4048726496234], [-74.0584120069548, 42.4005668581699], [-74.0577280802277, 42.3972381875492], [-74.0563401725049, 42.3945880304256], [-74.0537131881096, 42.3922339528855], [-74.0522537295574, 42.3893040255474], [-74.0512595454051, 42.385234228058], [-74.0498771296407, 42.3811521982269], [-74.0506678944517, 42.378348923119], [-74.0525278845837, 42.3778419811632], [-74.0534531954008, 42.3788132469111], [-74.0536751218589, 42.3820301802491], [-74.0550525366629, 42.3858689218305], [-74.0568285332327, 42.3883421197202], [-74.0584488174664, 42.3892650346856], [-74.0602387752179, 42.3877756756884], [-74.0613394382588, 42.3833088371868], [-74.0625192786035, 42.3791308550384], [-74.0649252930978, 42.3771241262533], [-74.0673300333525, 42.3767294347255], [-74.0705077739964, 42.3772504703326], [-74.072441070927, 42.3769149682947], [-74.0729902045988, 42.3746769308709], [-74.0717694110585, 42.3711818210359], [-74.0703797784446, 42.369162277784], [-74.067444090956, 42.3673823576159], [-74.0597800406844, 42.3652936473936], [-74.0512716822997, 42.362350780765], [-74.0493354624592, 42.3623977709734], [-74.0484707144511, 42.3654885634053], [-74.0469844536249, 42.3678987817275], [-74.0469761253406, 42.3710597049263], [-74.0478888893139, 42.3749577942401], [-74.0467966041003, 42.3773082480784], [-74.0454645984993, 42.3807463743638], [-74.0453709225948, 42.3853295893349], [-74.0457452726124, 42.3891780908273], [-74.0463529832031, 42.3918758247431], [-74.0465774758716, 42.3947955609787], [-74.0447903765515, 42.3961675840767], [-74.041846081287, 42.3959269143361], [-74.0382775317632, 42.3971758829354], [-74.0364945839502, 42.3967737346208], [-74.0363461433989, 42.394367944164], [-74.0374506746082, 42.3907569457671], [-74.0389269891379, 42.3880674711435], [-74.0394870236929, 42.3851994039548], [-74.0391143775451, 42.3813508943914], [-74.0388914906988, 42.3777466579795], [-74.0404583379667, 42.3736711900102], [-74.0425668058654, 42.3682943529429], [-74.042505474025, 42.3647365752922], [-74.040585113166, 42.3617486123184], [-74.0364893701711, 42.3582921480549], [-74.0348684660126, 42.3563961960337], [-74.034883103751, 42.3533523744507], [-74.0345121657482, 42.3489364925777], [-74.0334384623656, 42.3470992397954], [-74.0317415237768, 42.3451396602377], [-74.0271039682483, 42.3423716877867], [-74.0244739732933, 42.3415027680139], [-74.0206012238035, 42.3425866292268], [-74.0182695606291, 42.3433232180866], [-74.0158005713396, 42.3420592049865], [-74.0143385516787, 42.338894554443], [-74.0125617201783, 42.3376275952395], [-74.0128835266537, 42.3353878758719], [-74.0120501563204, 42.3314361461054], [-74.0104316817507, 42.3289005664034], [-74.012371953842, 42.3286200673027], [-74.0145493880509, 42.3268466079796], [-74.0164808835776, 42.3270343616976], [-74.0193288999516, 42.3307150884357], [-74.0238074664493, 42.3341664330873], [-74.0309139995247, 42.3382523085602], [-74.0350111128349, 42.3410244962351], [-74.0378640192431, 42.3424083725348], [-74.039138337403, 42.3433285713616], [-74.0388053812568, 42.3398855541684], [-74.0382827376365, 42.3352432075391], [-74.0372156605124, 42.3313977470794], [-74.0358255148171, 42.3290356106161], [-74.0328890230024, 42.3275970403778], [-74.0285696112722, 42.3242644492621], [-74.0232402531232, 42.320517816441], [-74.018843159663, 42.3184359597851], [-74.0136570213007, 42.3168695737373], [-74.0096404074166, 42.3150248355767], [-74.007875058585, 42.3122087242243], [-74.0070364387226, 42.3091124784934], [-74.0077449796285, 42.3071643364012], [-74.0117580459033, 42.3087209766973], [-74.0195622959935, 42.3127593726762], [-74.0271258460872, 42.3185154495328], [-74.0314446434916, 42.3222623754233], [-74.0384649821571, 42.3272746746285], [-74.0427974791477, 42.3298054480916], [-74.0451060927319, 42.3320490939485], [-74.0456350066563, 42.3362952821242], [-74.0467873273781, 42.3391686482473], [-74.0487940984866, 42.3404370767245], [-74.0547406962899, 42.3444037950996], [-74.0600685455976, 42.3484911014535], [-74.0643145065933, 42.3538392815922], [-74.0655395051617, 42.357001269943], [-74.0656952201476, 42.3574528368262], [-74.0670119243585, 42.3559685987895], [-74.0680959536432, 42.356769871579], [-74.0677785541631, 42.3598653521539], [-74.068467650664, 42.3613027936318], [-74.0707084438379, 42.3625187108569], [-74.0782135518027, 42.3666588099744], [-74.0806837664751, 42.3691372275127], [-74.0842297710779, 42.3734432952085], [-74.0873260231798, 42.3759175616029], [-74.0897966237971, 42.3763243818474], [-74.1014168041063, 42.377559756349], [-74.1090091238121, 42.3784924163717], [-74.119305011698, 42.3802380081943], [-74.1246555432254, 42.380476988591], [-74.1311676182863, 42.379742896081], [-74.1367435480246, 42.3787223494872], [-74.141859663822, 42.3785624884942], [-74.1460418478125, 42.378395625403], [-74.1569724454939, 42.3778459646399], [-74.1640198172069, 42.377339133139], [-74.1692122519421, 42.3772418168775], [-74.1709932931912, 42.3773627590061], [-74.1707611211594, 42.378504787659], [-74.1694380524694, 42.38062063872], [-74.1702123972069, 42.3821211151718], [-74.1740785489939, 42.3837250281469], [-74.1771005299464, 42.3851155699336], [-74.1780302940414, 42.3871755442757], [-74.1759354532995, 42.3874576418569], [-74.1705126511678, 42.3863019296055], [-74.1638539188652, 42.3846866563324], [-74.1575756892564, 42.3851900360663], [-74.1524572307669, 42.386611339228], [-74.147104110529, 42.3876343961128], [-74.1447087289432, 42.3874634800591], [-74.1433940076464, 42.3865440658904], [-74.1447079487063, 42.3851670601621], [-74.1460303931523, 42.3832765953871], [-74.1456466512195, 42.3820129767602], [-74.142166914415, 42.380861384608], [-74.136195609783, 42.3814739392961], [-74.1311555530009, 42.3834802416397], [-74.1278993085562, 42.3835275501407], [-74.1241012528991, 42.384201186693], [-74.1210823392423, 42.3844301968615], [-74.1111666372553, 42.3819403693286], [-74.1020305034993, 42.3810587099193], [-74.0986967852727, 42.3812217253845], [-74.097376201036, 42.3828863730976], [-74.098216906052, 42.3860990887839], [-74.103938774956, 42.3889806135319], [-74.1086661213105, 42.390710512152], [-74.1095882655063, 42.392086573716], [-74.1050154598611, 42.3930506913481], [-74.0997450589158, 42.3936127893668], [-74.0972595912287, 42.3931430383845], [-74.0963409097539, 42.3900558529573], [-74.095655008567, 42.3883303877824], [-74.0911614699162, 42.3859083093455], [-74.0873757723745, 42.3841221606589], [-74.0828871393973, 42.3830777878333], [-74.0783103106648, 42.383293197498], [-74.0758268709062, 42.3847862564652], [-74.0731162078226, 42.3839719195099], [-74.0704814744284, 42.3836713689924], [-74.0676112954434, 42.3853321919206], [-74.0634042422108, 42.3923224540798], [-74.0623666801311, 42.4008063681559], [-74.0622651634252, 42.4076228917279], [-74.062247234588, 42.4119814392639], [-74.0617748356454, 42.414111988673], [-74.0604961913049, 42.41550642145], [-74.0590632938031, 42.4136934940803]]]]}}, {"type": "Feature", "properties": {"OBJECTID": 54, "Aquifer_Type": " ", "GPM": "10-100", "AREA": 97103200, "PERIMETER": 373378, "Comments": " "}, "geometry": {"type": "MultiPolygon", "coordinates": [[[[-74.7497976732757, 42.3458344515851], [-74.7444558761061, 42.3454445807157], [-74.7405734442936, 42.3448323958821], [-74.7373419224886, 42.3471937044864], [-74.7349698222377, 42.3518982928756], [-74.7352192304584, 42.3549968771576], [-74.7363238462556, 42.3581965673117], [-74.7377387443303, 42.3608295067278], [-74.7377812600719, 42.3671967811339], [-74.737195168587, 42.3728781064709], [-74.7363098221626, 42.3798195982471], [-74.7360592545868, 42.3881314481637], [-74.7373218474585, 42.3925382178711], [-74.7397455163199, 42.3958578332006], [-74.7425623397833, 42.3995115237357], [-74.7428166363469, 42.4032405518056], [-74.7421610233039, 42.4088676864408], [-74.7404922320234, 42.4149429112166], [-74.73967121119, 42.4193087922354], [-74.7372778891362, 42.4213747393899], [-74.733254107463, 42.4220228414075], [-74.7289942204595, 42.423642872338], [-74.7222716811583, 42.427039988029], [-74.7207968379579, 42.4270454095472], [-74.7217114371681, 42.424526020173], [-74.7244142516994, 42.4223351752788], [-74.7298162361161, 42.4188808008857], [-74.7355358626719, 42.4154178994892], [-74.7366856295569, 42.4133492260405], [-74.7378952600114, 42.4085338620601], [-74.7373185438036, 42.404236825146], [-74.73552836115, 42.4024134123969], [-74.7331220625866, 42.4021287059418], [-74.7311044713987, 42.4011603628561], [-74.7304629749371, 42.3977726480252], [-74.7315930457839, 42.3934704802602], [-74.7313341833469, 42.3890030661685], [-74.7316010185108, 42.3823573174975], [-74.7325815453362, 42.3785140836398], [-74.7330852772, 42.3727155404868], [-74.7317790046433, 42.3625178840378], [-74.729416281965, 42.3559829839987], [-74.7288530452145, 42.3526585385218], [-74.7296801895819, 42.3484187579384], [-74.7284926030977, 42.3447504904685], [-74.7253143913062, 42.3436171148988], [-74.7216730579933, 42.3443108478843], [-74.7174995161935, 42.3449040185069], [-74.7121697407929, 42.3470973517267], [-74.7076092831583, 42.3495713538763], [-74.7042896421143, 42.3507876915159], [-74.7005101275915, 42.3528042925477], [-74.6977232288066, 42.3534994019409], [-74.6938533912348, 42.3533991816418], [-74.6897514221173, 42.3548380230744], [-74.6886007384899, 42.3567351626834], [-74.6887795957171, 42.3598337435185], [-74.6926842099019, 42.3653288548254], [-74.6935444079633, 42.3676185957384], [-74.692164692207, 42.3706588733797], [-74.6890289749356, 42.3763510823197], [-74.688034974805, 42.3789871612035], [-74.6874389729102, 42.382831060397], [-74.6871495737462, 42.3866667875981], [-74.6888707723218, 42.3895892865038], [-74.6920597298593, 42.3921014259704], [-74.6939457007453, 42.3962222070815], [-74.6925555830936, 42.3978395135729], [-74.6904626472635, 42.3969243673405], [-74.6882764949413, 42.3942887671993], [-74.6854744016509, 42.3915523003377], [-74.6838540810855, 42.3930428115037], [-74.6840973604732, 42.3953940290399], [-74.6845850154854, 42.3996280638556], [-74.6827457758772, 42.4031982824844], [-74.6801894723939, 42.4034884081269], [-74.678474652011, 42.4010881378999], [-74.6786086548811, 42.3974681076102], [-74.6802752249047, 42.3913938518249], [-74.6815794470991, 42.3881733442972], [-74.6836404315695, 42.383297956114], [-74.6839274982706, 42.379966555762], [-74.6845271719733, 42.3757264055449], [-74.6821932709862, 42.3736666348055], [-74.6790896177413, 42.3728745321643], [-74.6758322142772, 42.3718477098284], [-74.6720201388316, 42.370657132615], [-74.6679301394606, 42.3726716727392], [-74.6650810733527, 42.3762386954102], [-74.6622270133454, 42.378995159923], [-74.6580626837746, 42.3817025411399], [-74.652194714954, 42.3856745672514], [-74.6460909274433, 42.3898705770306], [-74.6409135033069, 42.3928625111288], [-74.6373729561904, 42.3968859678238], [-74.6339782062796, 42.4008467472174], [-74.6319822086434, 42.4042354748797], [-74.63115785138, 42.4093481876567], [-74.6300164094605, 42.4143337199232], [-74.6284129948224, 42.4193267431213], [-74.625253518327, 42.4235222086752], [-74.6212388628393, 42.4263367667552], [-74.6166732564974, 42.428239832778], [-74.6116409620071, 42.4303663302992], [-74.6085473807651, 42.4324991518288], [-74.6052201853226, 42.4338205334466], [-74.6022700638118, 42.4341165661301], [-74.5972346761068, 42.4353868450545], [-74.5920453352168, 42.4369444857878], [-74.5930516225195, 42.4352819393879], [-74.5942833653266, 42.4335032177673], [-74.5951234378555, 42.4312007697057], [-74.5969072383028, 42.4300542570812], [-74.6004651793127, 42.4278153174153], [-74.6023096388395, 42.4254621962048], [-74.6060981785186, 42.4229805881682], [-74.6101925624087, 42.4189060684606], [-74.6126580839004, 42.4157533354255], [-74.615669365604, 42.4129897381673], [-74.6155803696075, 42.4111522293259], [-74.6117773484146, 42.4097885185734], [-74.6075070108312, 42.4078468142806], [-74.6089674765428, 42.406293722776], [-74.6127558237363, 42.4035958746675], [-74.6195601223586, 42.4001964365494], [-74.6310017422683, 42.3937496461994], [-74.640036095841, 42.3882848140689], [-74.6489230906223, 42.3828097192217], [-74.651860404763, 42.3805131461396], [-74.6551705829477, 42.3774701782022], [-74.6599564003686, 42.373783104717], [-74.6625039825405, 42.3718273486436], [-74.6624152150636, 42.3697016379296], [-74.6611669881093, 42.3683381354129], [-74.6597636197831, 42.36650584824], [-74.6584348865968, 42.3643314248671], [-74.6532345964027, 42.3620463845138], [-74.6472671146949, 42.3618300878778], [-74.6398261728161, 42.3615637500181], [-74.6291971413911, 42.3582607840196], [-74.6214392393968, 42.3559840088622], [-74.619883860449, 42.354159732838], [-74.6225185026956, 42.3534569205712], [-74.6288736729692, 42.3544232941512], [-74.6347625726289, 42.3560092152978], [-74.6436794772172, 42.3579465358958], [-74.6522103380147, 42.3589542835611], [-74.6594958687268, 42.3607142421552], [-74.6640076999991, 42.3634562902163], [-74.6655645650004, 42.3650008383272], [-74.6669642625, 42.3655632659616], [-74.6704462980062, 42.3650419867038], [-74.6744823815093, 42.3660080573388], [-74.6788964905124, 42.3666869983835], [-74.6815210453197, 42.364902113642], [-74.6817424969362, 42.3622549386913], [-74.6801687799976, 42.3591705645958], [-74.6790721280676, 42.3566548622647], [-74.6806045270804, 42.3537773277384], [-74.6833012699146, 42.351137013065], [-74.6868580759826, 42.349120551075], [-74.6921961626465, 42.3484144834978], [-74.7013946491078, 42.3451785391004], [-74.7062533904421, 42.3430387054914], [-74.7098849003612, 42.3411927090246], [-74.7152242403102, 42.3399812399677], [-74.7233395569637, 42.3385781600342], [-74.7302956928929, 42.336028058541], [-74.7333847111334, 42.3348194325214], [-74.7370324783765, 42.3360706291087], [-74.7395234743159, 42.3376613410783], [-74.7438675798914, 42.3386257619751], [-74.7495181929478, 42.3386652577698], [-74.75, 42.338610193402836], [-74.75, 42.34578997923856], [-74.7497976732757, 42.3458344515851]]], [[[-74.7481997664063, 42.2691271940082], [-74.7425682487251, 42.2716723917607], [-74.7380222459554, 42.2742649085628], [-74.7357137226356, 42.2757005846862], [-74.7338474408817, 42.2746785924571], [-74.7295807030463, 42.2727953378602], [-74.7259305604257, 42.2709134883117], [-74.7232194715681, 42.2695470429648], [-74.7229743951207, 42.2675381096081], [-74.7245933627212, 42.2669656374388], [-74.7268451454833, 42.2679346736212], [-74.7305611473287, 42.2687809634379], [-74.7346682041724, 42.2696281273007], [-74.7404646774841, 42.2684615443], [-74.7467178456296, 42.2663770474115], [-74.75, 42.26497298021019], [-74.75, 42.26846928889653], [-74.7481997664063, 42.2691271940082]]]]}}, {"type": "Feature", "properties": {"OBJECTID": 55, "Aquifer_Type": " ", "GPM": ">100", "AREA": 8017806, "PERIMETER": 36612, "Comments": " "}, "geometry": {"type": "Polygon", "coordinates": [[[-73.9870949400046, 42.4037870486583], [-73.9860162123854, 42.4012649259374], [-73.9860345450833, 42.3977618728653], [-73.9880847910657, 42.3897468152898], [-73.988351405845, 42.3826887870168], [-73.9882971462901, 42.3774649371108], [-73.9880087838992, 42.3728244633295], [-73.9892749370256, 42.3679003844838], [-73.9918601724965, 42.361078748219], [-73.994062625319, 42.3535692818846], [-73.9945421468504, 42.3509977611829], [-73.9931476124866, 42.3509856128952], [-73.9916697788225, 42.3527648109026], [-73.9905775668443, 42.3545293766843], [-73.9886299222633, 42.3562502815915], [-73.9875503140091, 42.3548629393159], [-73.9878690935625, 42.3526862100563], [-73.989592322784, 42.3491441404196], [-73.9952755760842, 42.3426829087126], [-73.9978461789246, 42.3395353090968], [-73.9986343612101, 42.3355796396589], [-73.9983490901891, 42.3312724299634], [-73.9969132691579, 42.3231905934943], [-73.9947597652452, 42.3199115843394], [-73.9912096752083, 42.31736778352], [-73.9836503094338, 42.3116634946552], [-73.9797997887674, 42.3076937399778], [-73.9771966831774, 42.3009791551297], [-73.9738170008652, 42.2956265612732], [-73.9715922451915, 42.293211054844], [-73.9691985218385, 42.291145240508], [-73.9676706430633, 42.2875831957404], [-73.9666700179635, 42.2856288161541], [-73.9642038456825, 42.2843007710069], [-73.9605003153692, 42.282799296713], [-73.9564780122461, 42.2820873562847], [-73.9532314807875, 42.2823099759546], [-73.9502154869376, 42.2811566043184], [-73.9462076723737, 42.2786703296306], [-73.9436663204482, 42.27625136688], [-73.9439923501836, 42.2729851952438], [-73.94462674808, 42.2700280942472], [-73.9468710519368, 42.2706971229788], [-73.9490241394273, 42.2717435412767], [-73.951957597571, 42.2736436343192], [-73.9570480761234, 42.2769321162798], [-73.9634549251982, 42.279764056791], [-73.9685549536945, 42.2810438951879], [-73.9709402398143, 42.2835238459819], [-73.9769370950497, 42.2908812962294], [-73.9792391333285, 42.2956479434763], [-73.9824615027278, 42.301287207815], [-73.9855325529386, 42.3062856496281], [-73.9892334783893, 42.3093983139916], [-73.9955728604641, 42.3119936587412], [-73.9970333114556, 42.3131501579535], [-73.9974122720201, 42.314981686779], [-73.9971655121922, 42.3179064352355], [-73.9980116806736, 42.3194627355591], [-74.0000921443312, 42.3214172509216], [-74.0021690808487, 42.32457825831], [-74.0037779883802, 42.3296265812794], [-74.0034273311588, 42.3385753092179], [-74.0027892443028, 42.3429375036493], [-74.0018391967779, 42.3474592302472], [-74.0019800826138, 42.3501531502563], [-74.0017349355443, 42.3525105535458], [-74.0002569210661, 42.3547941828834], [-73.9979898990936, 42.3591512158774], [-73.9945547587986, 42.3657314360682], [-73.9922047025319, 42.3704837977835], [-73.9910208732505, 42.3750123602043], [-73.9913107172251, 42.3799499737932], [-73.9930691816171, 42.3848826636777], [-73.9936704434103, 42.3887873467148], [-73.9919448676795, 42.3933651718305], [-73.9912244145184, 42.3979518165229], [-73.9911360717164, 42.4015712179997], [-73.9902680521269, 42.4051208133122], [-73.9885115206068, 42.4073208673299], [-73.9870949400046, 42.4037870486583]]]}}, {"type": "Feature", "properties": {"OBJECTID": 56, "Aquifer_Type": " ", "GPM": "10-100", "AREA": 3953626, "PERIMETER": 9551, "Comments": " "}, "geometry": {"type": "Polygon", "coordinates": [[[-73.6528106067415, 42.3826972394864], [-73.6530858201616, 42.3789179820498], [-73.6536647233405, 42.3748451561863], [-73.655162782924, 42.3730165576749], [-73.6571659187269, 42.3734903311121], [-73.6598787314862, 42.3735040696145], [-73.6617697231626, 42.3702480676362], [-73.6640613768497, 42.3658439168584], [-73.6654780592829, 42.3636720776026], [-73.6682606982004, 42.3637403638627], [-73.6705799559876, 42.3646138430826], [-73.6716743202493, 42.3635367705549], [-73.6720193270672, 42.3599835424583], [-73.6719225263618, 42.3575958101073], [-73.6729024015556, 42.3568327197778], [-73.6747563661003, 42.3570162394703], [-73.6764457460387, 42.3584586655473], [-73.6772771846083, 42.3603594715719], [-73.6784708237174, 42.3648940756508], [-73.6780452101431, 42.3689688054303], [-73.6763910751931, 42.37205673774], [-73.6734831024313, 42.3757605125311], [-73.6706565927064, 42.3803388147296], [-73.6687415417771, 42.385602931589], [-73.6666214959013, 42.3884060862599], [-73.6629060230069, 42.3886690325142], [-73.6577262694473, 42.387374767767], [-73.6529376999173, 42.3861929142398], [-73.6528106067415, 42.3826972394864]]]}}, {"type": "Feature", "properties": {"OBJECTID": 81, "Aquifer_Type": " ", "GPM": "10-100", "AREA": 21991541, "PERIMETER": 65325, "Comments": " "}, "geometry": {"type": "MultiPolygon", "coordinates": [[[[-74.0744293845365, 42.1302469588496], [-74.0717253543303, 42.1297207706437], [-74.0681035047049, 42.1278271160393], [-74.0652532504671, 42.1256333919267], [-74.0624104112913, 42.1236739555227], [-74.0586344352393, 42.1213103266091], [-74.0557081276299, 42.1191878674307], [-74.052547832919, 42.1183692364821], [-74.0497722797047, 42.117508682702], [-74.0486952903008, 42.1161217956708], [-74.0453027794278, 42.1153731661226], [-74.0417505716357, 42.1161001146122], [-74.0365671982062, 42.1180921798094], [-74.0334003395276, 42.118723054858], [-74.0289992106198, 42.1191632224925], [-74.0252979049961, 42.1201225156302], [-74.0222060705924, 42.1198890147328], [-74.0212892037155, 42.1174676272277], [-74.0220773083919, 42.1142049867581], [-74.0245663947829, 42.1091645507819], [-74.030301685671, 42.1017829810559], [-74.0324703779884, 42.1000450420364], [-74.0331660435664, 42.1008254767851], [-74.0346987551855, 42.1035222755839], [-74.0360788014806, 42.1047316608319], [-74.0388657974397, 42.1031878893171], [-74.0420310297474, 42.1021065295126], [-74.043886427015, 42.1022841772176], [-74.0448043718017, 42.1040660776622], [-74.048575348739, 42.1066552377757], [-74.0536560470594, 42.1100565759257], [-74.0545001728155, 42.1115495539668], [-74.0562664289707, 42.1131581666606], [-74.0625911477901, 42.1139845829719], [-74.0643652512329, 42.1154850810866], [-74.0679019847287, 42.119503683551], [-74.0740600973319, 42.1249752573327], [-74.0759758094345, 42.1285301964943], [-74.0757050950059, 42.1301942112871], [-74.0744293845365, 42.1302469588496]]], [[[-74.1643426278846, 42.05905687333], [-74.165259116198, 42.0617473756617], [-74.1680309282793, 42.0658294943814], [-74.1710377816828, 42.0676704592719], [-74.1728889142711, 42.0688186697751], [-74.1705711096789, 42.0692792764038], [-74.1681784657678, 42.0692169352387], [-74.1647828521964, 42.0693723645201], [-74.1622376618315, 42.0703445912074], [-74.1580725899403, 42.0713138028786], [-74.155132758796, 42.0735438019558], [-74.1515799846334, 42.0758323171003], [-74.1479531367661, 42.0766340502875], [-74.1414750809733, 42.0788553801118], [-74.1355220595165, 42.0824491785986], [-74.1235455614325, 42.089653669288], [-74.1196888464155, 42.0915874160248], [-74.118261849721, 42.0914775000636], [-74.1184520625586, 42.0898667808404], [-74.1212420511538, 42.0863756715342], [-74.1262714778894, 42.0813434991166], [-74.1330711638502, 42.0764234477264], [-74.1377811828637, 42.0743153861463], [-74.1431017720632, 42.0737518392283], [-74.1502803496046, 42.0718687749038], [-74.1530587137097, 42.0696377981975], [-74.1532251818489, 42.0668920759269], [-74.1521497519368, 42.0647045648172], [-74.153695466174, 42.0627616090391], [-74.1548583880118, 42.0596089210086], [-74.1572531349328, 42.0566274457667], [-74.1644626596611, 42.0576167336747], [-74.1643426278846, 42.05905687333]]]]}}, {"type": "Feature", "properties": {"OBJECTID": 310, "Aquifer_Type": " ", "GPM": ">100", "AREA": 134070142, "PERIMETER": 136959, "Comments": " "}, "geometry": {"type": "Polygon", "coordinates": [[[-73.9086202999807, 42.8026890738823], [-73.9011491138925, 42.800996637164], [-73.8957034582444, 42.7993143535192], [-73.8902545865746, 42.7970554688847], [-73.8845267703998, 42.7912905443919], [-73.8828330131771, 42.7879060187447], [-73.884100584405, 42.7842981780515], [-73.8873929736637, 42.7821329200319], [-73.8911299879952, 42.7824302707666], [-73.8947785737445, 42.7849690493414], [-73.896964664968, 42.7847558588637], [-73.8958879982812, 42.7823952177628], [-73.8961384642069, 42.779299717886], [-73.8938165737094, 42.7762515129554], [-73.8911150105811, 42.7727404053576], [-73.8880170325529, 42.768937092683], [-73.8860951585124, 42.7652622768587], [-73.8843796548677, 42.7657679590721], [-73.8831162196242, 42.7682321426513], [-73.8820697877387, 42.7724724759963], [-73.8796332319773, 42.7767712316484], [-73.8774304851222, 42.7787668859994], [-73.874915856192, 42.778309949745], [-73.8720678919822, 42.7770211756518], [-73.8713030198045, 42.7742130183432], [-73.869991456135, 42.773398593218], [-73.8697909856483, 42.7661036138194], [-73.8668921510543, 42.7609293806515], [-73.8620127434713, 42.7550002701271], [-73.8650850821243, 42.7506202129835], [-73.8720923787883, 42.7492192617087], [-73.8840722849962, 42.7486014027885], [-73.8910004322443, 42.7516089845504], [-73.893940082513, 42.7545777832516], [-73.8968926472499, 42.7568115824592], [-73.8989265489977, 42.7546257475481], [-73.897036032921, 42.7487269075488], [-73.9009989634551, 42.7502351031568], [-73.9039649373709, 42.7517337130488], [-73.9070083493459, 42.7488224319687], [-73.903097299829, 42.7443744795116], [-73.8981767306382, 42.7406518212185], [-73.8873401077634, 42.7331962876641], [-73.8793643461441, 42.7331186087539], [-73.8763070690053, 42.736764074402], [-73.8702982880537, 42.7381752337459], [-73.8663502763293, 42.7359309849882], [-73.8634666028362, 42.7300217426396], [-73.8606239204469, 42.7219075004546], [-73.8547380176936, 42.7167031702789], [-73.8418629343318, 42.7121632994775], [-73.8398148808418, 42.7150829532616], [-73.8417535864566, 42.718042867562], [-73.8397464142381, 42.7187576904248], [-73.8287964751192, 42.7179112715094], [-73.825709205629, 42.7230253634862], [-73.8226354235493, 42.7274043669], [-73.8235629051117, 42.7310893198791], [-73.8264287527003, 42.7377344244906], [-73.8312342771984, 42.747339719682], [-73.835222997789, 42.7473803601494], [-73.8392117283176, 42.7474207716968], [-73.8481321367063, 42.7504511228401], [-73.8540207118136, 42.7556557944547], [-73.8488573639324, 42.7651602213765], [-73.8467941018648, 42.7688148627015], [-73.843733430695, 42.7724595761303], [-73.8417518054639, 42.7717044154226], [-73.8397979670663, 42.7694794153797], [-73.8368464905177, 42.7672442510627], [-73.829836305044, 42.7686430062088], [-73.8248904150313, 42.7663872258016], [-73.82293725103, 42.7641618542134], [-73.8210258309989, 42.7597317441204], [-73.8201262027088, 42.7545768052725], [-73.8202377361527, 42.7486972301647], [-73.82034923443, 42.7428177387991], [-73.818536400575, 42.733242897144], [-73.8165984534243, 42.7302825161587], [-73.8025178555889, 42.7289384967789], [-73.7976343198133, 42.7264470118302], [-73.788931602567, 42.7233025730475], [-73.7831838506995, 42.7217287823649], [-73.7803947484325, 42.7203933309727], [-73.771075423088, 42.7128964889649], [-73.7662523628247, 42.7047586368912], [-73.7564930606908, 42.6943619298804], [-73.7556142784099, 42.6884716128892], [-73.757811573141, 42.6782041000844], [-73.7617374824501, 42.6811870036367], [-73.7656345619562, 42.6856396573225], [-73.7676269509708, 42.6856610229378], [-73.773603923139, 42.6857251798452], [-73.7785270613796, 42.6887180902449], [-73.7864682369013, 42.6902726125885], [-73.7914355204039, 42.6910600990853], [-73.8062949074186, 42.6956263401435], [-73.8179885499394, 42.6971439869209], [-73.8340964456507, 42.701058097816], [-73.8420679772745, 42.7011388805676], [-73.8489889102165, 42.7041489429884], [-73.848087360775, 42.6989942428607], [-73.8311975904827, 42.693681177142], [-73.826322644587, 42.6899301289477], [-73.8208897762741, 42.687785132515], [-73.8106313426822, 42.6855538551004], [-73.8062011056555, 42.6845622954915], [-73.7984301610015, 42.6831483216846], [-73.7901928329384, 42.6810985541588], [-73.7864645964316, 42.6806718683012], [-73.7796955227686, 42.6775016292828], [-73.7756105456332, 42.6749460292892], [-73.7719794834203, 42.6724037941677], [-73.7609908135366, 42.6650632066182], [-73.7588202455756, 42.6631575004744], [-73.7584412443847, 42.661892616742], [-73.7603976449709, 42.6605269800686], [-73.7606570482049, 42.6576029798325], [-73.763329274067, 42.6545159785233], [-73.7640444775029, 42.6520561626681], [-73.764757778177, 42.6504519373985], [-73.766633543309, 42.6500668063287], [-73.7685844374262, 42.6492682861218], [-73.7688299964617, 42.6474878451566], [-73.7703968468882, 42.6461268480664], [-73.7751456096997, 42.6457994838139], [-73.7762488788947, 42.6444334477844], [-73.7756380585707, 42.6427698885664], [-73.7778211543888, 42.6412262079807], [-73.782736890302, 42.6398195994599], [-73.7859980139395, 42.6405295731882], [-73.8031369390256, 42.6475448793383], [-73.8091079257688, 42.6496422987943], [-73.8117492565344, 42.6501109983059], [-73.8183660084589, 42.6496210411228], [-73.8208471141001, 42.650267951555], [-73.8234193082106, 42.650285307889], [-73.827695974176, 42.6498428701007], [-73.8304159459459, 42.6506000611082], [-73.8336893295407, 42.6503902493976], [-73.8341366933547, 42.6525651335643], [-73.8317029670952, 42.6554851599998], [-73.8278715135648, 42.6582737904397], [-73.8278552217176, 42.6602818852208], [-73.8293359473829, 42.6606932781646], [-73.8318270399826, 42.6596109941585], [-73.8353443552498, 42.6579626804474], [-73.8377560998691, 42.6582663805481], [-73.8396280631331, 42.6568354131916], [-73.8411983952691, 42.6548971593335], [-73.8434525815752, 42.6557124424783], [-73.8454586150981, 42.6582361446572], [-73.8490903327373, 42.6620998718259], [-73.8527986139606, 42.6648117831519], [-73.858778403761, 42.6666094906023], [-73.8627364871966, 42.667954565965], [-73.8633471190828, 42.6701939782843], [-73.8631443462542, 42.6719390300994], [-73.8621660899651, 42.6728838814954], [-73.8593561245417, 42.6739636480117], [-73.8549083496218, 42.6752611678818], [-73.8539606750712, 42.6774400189383], [-73.8538701406541, 42.6790421172319], [-73.8553533864638, 42.679273036681], [-73.8582307898095, 42.6787703630863], [-73.8615024531452, 42.6787309020479], [-73.8670261806065, 42.6792718702989], [-73.8698295894255, 42.6784710534882], [-73.8710432951975, 42.6769881518507], [-73.8730370644148, 42.6755669358035], [-73.8760700964565, 42.6758037324323], [-73.8806571896195, 42.6776047196993], [-73.8843097670259, 42.6775052122408], [-73.8871281176312, 42.6749930672873], [-73.8883914534514, 42.6724207522115], [-73.8917994749763, 42.6747230531693], [-73.8960715910689, 42.6767545603045], [-73.8976137455049, 42.6789306438907], [-73.8951951949813, 42.6798980093694], [-73.8898886845705, 42.6818819694022], [-73.8872899541446, 42.6863505480062], [-73.8875061942743, 42.6894505201828], [-73.8901051693948, 42.6914929033059], [-73.8912152569438, 42.6935928519259], [-73.8925197479118, 42.6965232706559], [-73.8940674936702, 42.6984834533349], [-73.8970260953284, 42.6986019301272], [-73.8987427503948, 42.6974927289749], [-73.9042713550893, 42.6974286184528], [-73.9085407865471, 42.6989373314617], [-73.909307148653, 42.7021505425548], [-73.9092407669195, 42.7054188443648], [-73.9077089818082, 42.7083400457137], [-73.9044213763541, 42.7110193517493], [-73.9051186102869, 42.7123407221509], [-73.9079153877187, 42.7129347409047], [-73.9121926346079, 42.7139750243258], [-73.9134182922633, 42.7174807664814], [-73.9141648455825, 42.7231612656797], [-73.915937153582, 42.7265010002393], [-73.9184982854549, 42.7269034540611], [-73.9202324750669, 42.7239300052861], [-73.9204118078, 42.7194019112789], [-73.9199798258013, 42.7129770281397], [-73.9198648683549, 42.7066630802731], [-73.9204557555155, 42.6994372330106], [-73.9215695570696, 42.694170622978], [-73.92352588916, 42.6931983596458], [-73.925858509251, 42.6936705300719], [-73.9283491539665, 42.6930454215109], [-73.9301340050803, 42.6943138799891], [-73.9306641247161, 42.6972995652889], [-73.9315818277528, 42.6997666539706], [-73.9331125746523, 42.7041305629533], [-73.9348041352572, 42.7085589697493], [-73.9378744582989, 42.7158458151233], [-73.9415852235945, 42.7210763137098], [-73.9463901316885, 42.7250018784892], [-73.949562708607, 42.7286240752563], [-73.9496330393257, 42.7313264187715], [-73.9497691212807, 42.7347587418748], [-73.9524974506057, 42.7344234980838], [-73.9565527154189, 42.7327223821448], [-73.9596687959798, 42.7328407663389], [-73.9621521713202, 42.7350876284432], [-73.9649401551804, 42.7376793231596], [-73.967979906851, 42.737805796063], [-73.9712454143998, 42.7392490046711], [-73.9751321773029, 42.741093928251], [-73.9812636552426, 42.7451920398032], [-73.985524983896, 42.7493902260287], [-73.9905544538465, 42.7564588682279], [-73.9936560758694, 42.7599082282791], [-73.9953609460771, 42.7619854552516], [-73.9970837475943, 42.7604966078075], [-73.9991243351963, 42.756714071374], [-74.0047849045585, 42.7468124215318], [-74.0082294144723, 42.742861923753], [-74.0113466369443, 42.7430419372186], [-74.0121132559085, 42.7450567055197], [-74.0088133138959, 42.7510708321765], [-74.0072353728978, 42.7560552087524], [-74.0077623267417, 42.7596078877585], [-74.0109423597166, 42.7626071917334], [-74.0034825679048, 42.765873641563], [-74.002449677038, 42.7680699703761], [-74.0074257633989, 42.7688481664771], [-74.0113926155472, 42.7703526659644], [-74.0142524792014, 42.7736222761922], [-74.0144796649309, 42.7750020380278], [-74.0150141718265, 42.7775281586434], [-74.0102546785964, 42.7791640219589], [-74.0062871960019, 42.7776594799292], [-74.0023082069953, 42.7768898352741], [-74.0022373979642, 42.7812997620316], [-74.0011923811518, 42.7842310118603], [-73.9992205579616, 42.782743615083], [-73.9952887763802, 42.7790337783608], [-73.9913215725826, 42.7775288107117], [-73.9873666417594, 42.7752885871111], [-73.9834119956805, 42.7730483190467], [-73.9764767997773, 42.7700462665634], [-73.9745058182594, 42.7685584496296], [-73.9676327871105, 42.7618809127895], [-73.9618564955223, 42.7493322488433], [-73.9539156511042, 42.7470547513262], [-73.9420240892431, 42.742535035328], [-73.9419240895318, 42.748414860472], [-73.9448783175243, 42.7506473530154], [-73.9458133774581, 42.7543313839124], [-73.9427215002296, 42.7601836178086], [-73.9416490369453, 42.7645843505883], [-73.9415864710464, 42.7682591825963], [-73.9375962651973, 42.7682223220807], [-73.9335809500364, 42.7696551801622], [-73.9334926692976, 42.7748000346629], [-73.9314343224229, 42.7784563382623], [-73.9264836811713, 42.7762048098826], [-73.9245900294759, 42.7703063215818], [-73.9226458783918, 42.7673476844449], [-73.9196150385763, 42.7695244459889], [-73.9185406688798, 42.7739249344492], [-73.918451233215, 42.7790695806016], [-73.9203573235162, 42.7842332349286], [-73.9173255705376, 42.7864098286151], [-73.9162507242209, 42.7908101877274], [-73.9212276695156, 42.7915923178697], [-73.923147100997, 42.7960208192514], [-73.9161097290019, 42.7988948567152], [-73.9129514236636, 42.8028472300022], [-73.9086202999807, 42.8026890738823]]]}}, {"type": "Feature", "properties": {"OBJECTID": 311, "Aquifer_Type": " ", "GPM": "10-100", "AREA": 160472870, "PERIMETER": 632730, "Comments": " "}, "geometry": {"type": "MultiPolygon", "coordinates": [[[[-74.7494383602874, 42.1193097251414], [-74.7455146835381, 42.1207061743417], [-74.7417279233628, 42.1205986622293], [-74.7358689194689, 42.1218733481293], [-74.7291707207847, 42.1236139974186], [-74.7244742992208, 42.1259266409588], [-74.7209287595903, 42.1269627892537], [-74.7132909932728, 42.1272232826034], [-74.7064127334826, 42.126089136081], [-74.7030957113072, 42.1258734949434], [-74.7000147094061, 42.1272524629774], [-74.6981799804547, 42.1301837883658], [-74.6972757728948, 42.1346035715542], [-74.6973785590578, 42.1387287632571], [-74.6965683835337, 42.1459048191505], [-74.6956680362558, 42.149739110008], [-74.693758360352, 42.153588800841], [-74.691237069925, 42.1584094866493], [-74.6887934761781, 42.1627168832258], [-74.6860373393807, 42.1668523723017], [-74.6826599246381, 42.1704186089583], [-74.679691042287, 42.1781648040304], [-74.6781060526448, 42.1844738974389], [-74.6787839894597, 42.1950221633629], [-74.6800413690569, 42.1987453511656], [-74.681683376762, 42.2028206757315], [-74.68224509008, 42.2058573795586], [-74.6829068108743, 42.2134155091049], [-74.682686922893, 42.2158915839054], [-74.6820017650044, 42.2175468714969], [-74.6796020038031, 42.2173871170642], [-74.6754365576284, 42.2192848065351], [-74.67151011028, 42.2214801754368], [-74.6708836183311, 42.2205057167069], [-74.6713327927015, 42.2171206011026], [-74.6743863378582, 42.2111491625467], [-74.6771418954807, 42.2065006381817], [-74.6772756366653, 42.2025382251037], [-74.676943865436, 42.1984124174076], [-74.6750417060385, 42.1899320854651], [-74.6746334864795, 42.1854098467559], [-74.6749136999827, 42.1803581081154], [-74.6770407775825, 42.1734110783145], [-74.681782790057, 42.1657779332101], [-74.6864589235789, 42.1592881605039], [-74.6883618107887, 42.1550963135447], [-74.6914822599084, 42.1471791823667], [-74.6929934105361, 42.1415541035016], [-74.6943592365314, 42.1371897072202], [-74.6945643722507, 42.13289415451], [-74.693928707266, 42.1292269524005], [-74.692675471564, 42.1263054748167], [-74.6898804668677, 42.1244696557577], [-74.6837008912254, 42.1233451294625], [-74.6794585594397, 42.1237566640584], [-74.6739139914547, 42.1265240099834], [-74.6704572268183, 42.1293423048995], [-74.6663917886406, 42.1339958457495], [-74.6637809607935, 42.1366361198994], [-74.6591671782044, 42.1400899988412], [-74.6555554188227, 42.1430783744988], [-74.6519454114494, 42.1468141998877], [-74.6480917139216, 42.1488289266623], [-74.6433889267517, 42.1500483939587], [-74.6366796006949, 42.1513242738784], [-74.6317527498863, 42.1543167249108], [-74.6277539556833, 42.1584558279133], [-74.6257623728074, 42.1610972304439], [-74.6233064894259, 42.1644216005963], [-74.6200771403564, 42.1669507765934], [-74.6078368783056, 42.1761501427197], [-74.6068436736509, 42.1789026708723], [-74.6059241845047, 42.1807368006659], [-74.6038504240786, 42.1829272129559], [-74.6027759215129, 42.184823901767], [-74.6027819285851, 42.1865441469129], [-74.6036404252007, 42.1882042172893], [-74.6032606288635, 42.189869100521], [-74.6024231183168, 42.1921087747104], [-74.6011230630491, 42.1958868751844], [-74.6016757549629, 42.1985276545784], [-74.6034696281843, 42.2019652138843], [-74.6053423455665, 42.2063756792946], [-74.6048951566425, 42.2091301429448], [-74.6025250902236, 42.2140033741008], [-74.5998307911081, 42.2178576451398], [-74.5985337917025, 42.2210594244286], [-74.5987035922762, 42.2246174114135], [-74.6029896746521, 42.2319543877925], [-74.6039326590411, 42.2349836818007], [-74.6046469061937, 42.2402007965197], [-74.6043604557205, 42.2453064020856], [-74.603685225214, 42.2488614489695], [-74.6022250015608, 42.2519094325176], [-74.6001538906406, 42.255693809447], [-74.5988649346985, 42.2598861733104], [-74.5982538796729, 42.2628020004585], [-74.5982629818199, 42.264927430694], [-74.595952880511, 42.2673418582232], [-74.5914015749354, 42.2698745154853], [-74.5867629328452, 42.2703983391208], [-74.5829769681155, 42.2721767779786], [-74.5778924371093, 42.2772376370391], [-74.5718123507039, 42.2848161348323], [-74.5667281173143, 42.2904438518556], [-74.5639601818374, 42.2953775590391], [-74.5611196742292, 42.2995634662563], [-74.5583528328701, 42.3053076936999], [-74.558048671628, 42.3078282734471], [-74.5562907851297, 42.3123603828916], [-74.5551469965902, 42.3183899208815], [-74.5547779532354, 42.3227473822629], [-74.5539333969434, 42.3244102551429], [-74.5515444505315, 42.3264721954293], [-74.549382232486, 42.3292916068126], [-74.5479193691309, 42.3312401390885], [-74.5469042005485, 42.3287144813334], [-74.5467344916113, 42.3244720682894], [-74.5481879484451, 42.3206322477649], [-74.5518051811882, 42.3136938565149], [-74.5522480063732, 42.3088144353865], [-74.5514621244127, 42.3045695159297], [-74.5513667722316, 42.3004985546612], [-74.5525985481947, 42.2974592705534], [-74.5562102456007, 42.2910340273419], [-74.558123848526, 42.2871328064385], [-74.5608997196922, 42.2834600553834], [-74.5654515582896, 42.280064107751], [-74.56968593684, 42.2758111911815], [-74.581716301941, 42.2661652704253], [-74.5862638958483, 42.2630565199277], [-74.589355961275, 42.2611584301767], [-74.5922799504692, 42.2589713368417], [-74.5953596842246, 42.25536184202], [-74.5971883312325, 42.2499646390988], [-74.5983964915399, 42.2427368812342], [-74.5992247740563, 42.2382636743498], [-74.5985935134359, 42.2345959387948], [-74.5958654541473, 42.2293267717985], [-74.5941456615166, 42.2251418227022], [-74.593972101878, 42.2207911530749], [-74.5949589137755, 42.2168859820657], [-74.5964118986621, 42.2134416699498], [-74.5991757838631, 42.2095967230514], [-74.5998607367336, 42.2071313454865], [-74.5992357675614, 42.2048955996751], [-74.5977437714287, 42.1999639293474], [-74.5977058803255, 42.1913717884241], [-74.599531730327, 42.1848846592069], [-74.6014416392521, 42.179658690728], [-74.6030474294262, 42.1760436252201], [-74.60642436861, 42.1720835380576], [-74.6115843720835, 42.1680031547035], [-74.6166569622763, 42.1632288031459], [-74.6196583051526, 42.1600774708074], [-74.6211838388044, 42.1569753123843], [-74.622012184844, 42.1520426391728], [-74.6213756505241, 42.1491764540463], [-74.6195176823006, 42.1476932864573], [-74.6165814817436, 42.1476384888497], [-74.6121850332963, 42.1489116378986], [-74.6060232567186, 42.1510973964442], [-74.5995455839296, 42.1534076050649], [-74.5913701722251, 42.1554233563493], [-74.583266868296, 42.1569883778085], [-74.5718463045368, 42.1590178262892], [-74.5629665308251, 42.1593717205276], [-74.5567890346871, 42.1599606030573], [-74.5528462488699, 42.1590446678074], [-74.5466594027581, 42.1577325563385], [-74.5397075373674, 42.1570024311322], [-74.5332969964965, 42.1571837280567], [-74.5280471040026, 42.158162028117], [-74.5252778479933, 42.1606363997239], [-74.5229036389841, 42.1656790021245], [-74.5199778496966, 42.1691793793672], [-74.5157381093069, 42.1716563576826], [-74.5097257612389, 42.1757286924347], [-74.5059542072414, 42.1792249061879], [-74.4974713059795, 42.1842856967177], [-74.4889037233192, 42.1891653862881], [-74.4832038551073, 42.193300738774], [-74.4802006416926, 42.1965744394262], [-74.4768916734741, 42.202368460235], [-74.4749780160031, 42.2096546910859], [-74.4738257819563, 42.2138373881029], [-74.4730642591639, 42.2167068550961], [-74.4711336616873, 42.2175715818875], [-74.4691208099389, 42.2163103944838], [-74.4684880126763, 42.2128671310369], [-74.4696404886549, 42.2085043993018], [-74.4720215316663, 42.2033458252321], [-74.4739344306108, 42.1970953286107], [-74.4760912902144, 42.1931333182549], [-74.4810988274374, 42.1891123389731], [-74.4865766608258, 42.1851021578888], [-74.491979977836, 42.1823432791961], [-74.4973012554267, 42.1795836946864], [-74.5017742631885, 42.176829275394], [-74.5065518273493, 42.1736075749559], [-74.5131020194508, 42.1696457437331], [-74.517106193063, 42.1656909452192], [-74.5193335889717, 42.1609178046575], [-74.5207834266881, 42.1562766195052], [-74.5215446385849, 42.1520288338314], [-74.5226920360757, 42.1497369984621], [-74.5240841637777, 42.149508662794], [-74.5268635576533, 42.1508800281282], [-74.5323563990819, 42.1521904711632], [-74.5392289585926, 42.1520740238177], [-74.5474930567843, 42.1528543841236], [-74.5548333877279, 42.1539998463019], [-74.562567362771, 42.155821772335], [-74.5692019912772, 42.155576559026], [-74.5787802523605, 42.1554499520602], [-74.58703437849, 42.1532552895824], [-74.5933598432981, 42.1518728099623], [-74.5982176567981, 42.150710145312], [-74.6010697958982, 42.14921597326], [-74.6037609792792, 42.1465774117035], [-74.6045181967008, 42.1435358443351], [-74.6036576427134, 42.1410651675765], [-74.5990153761746, 42.1388964895501], [-74.5912091485723, 42.1374190235511], [-74.5819345742578, 42.1341163965752], [-74.5772125647352, 42.1322888994927], [-74.5737329469174, 42.1299433827485], [-74.5704014582642, 42.1261032792681], [-74.5689974989962, 42.1223782989028], [-74.5662038663879, 42.1187112656508], [-74.5634813720267, 42.1145940216959], [-74.5590734602456, 42.1122446093794], [-74.5528954803867, 42.1113921884668], [-74.5472682218909, 42.1122078246417], [-74.5432529281577, 42.1119306879831], [-74.5414697237113, 42.1099151835034], [-74.5421597907974, 42.1081436658985], [-74.5481727611362, 42.1070417403561], [-74.5535783255925, 42.1071528530807], [-74.5572778611248, 42.1076084139378], [-74.5595914593354, 42.1062303318224], [-74.5585769720446, 42.10404695067], [-74.5568701928037, 42.1010140911251], [-74.5542940319811, 42.0939071867377], [-74.5529656095084, 42.0882910337832], [-74.5516371314207, 42.0839898128193], [-74.548542187228, 42.0820413132906], [-74.546992631801, 42.0808373150052], [-74.5476848222052, 42.0784893732652], [-74.5486731606014, 42.0752779619182], [-74.5468843726568, 42.0712090775796], [-74.5457110047554, 42.067709896651], [-74.5456233494863, 42.0649625748622], [-74.5470886690671, 42.0639235509715], [-74.5497197401061, 42.066392638747], [-74.5535227976063, 42.0734956334518], [-74.5556423379183, 42.0832938410409], [-74.5581378749026, 42.0889053730317], [-74.5589991069821, 42.0930967555527], [-74.5590857472595, 42.0960781704263], [-74.5611889465929, 42.1006073780331], [-74.5626738129308, 42.105818812501], [-74.5673320840176, 42.11200572814], [-74.5715188406957, 42.1176143929288], [-74.5747864726264, 42.1239220375912], [-74.5785085517204, 42.1279794711805], [-74.5817613956381, 42.131017642052], [-74.5857854064611, 42.1327253744671], [-74.5911185356272, 42.1336360492231], [-74.5998554414269, 42.135918360971], [-74.6064343113694, 42.1394534483053], [-74.6117672110187, 42.1420293713113], [-74.6155563782062, 42.1430509142074], [-74.6216583484771, 42.1430981213356], [-74.6272961922483, 42.1433687019444], [-74.631621903719, 42.1434726279132], [-74.6384226960696, 42.144899246899], [-74.6448366421998, 42.1454595557796], [-74.6482256720426, 42.1440109829596], [-74.6510687549515, 42.1414257110533], [-74.6543681741099, 42.1380403333947], [-74.6572914255295, 42.135905466695], [-74.6612981971431, 42.133890967676], [-74.6659891497526, 42.1303200731431], [-74.6728231345931, 42.1248637846028], [-74.6779023017694, 42.1216898862024], [-74.6831528930481, 42.1210468970178], [-74.690557182449, 42.1212021725536], [-74.695656014627, 42.1215940045245], [-74.7058392754469, 42.1205936737243], [-74.7110897989398, 42.1212014989736], [-74.7157284675676, 42.121708339256], [-74.719192311293, 42.1201497026463], [-74.7254930400299, 42.1162291110555], [-74.7298744736082, 42.1136905644087], [-74.7348777308117, 42.1111533775807], [-74.739498191083, 42.1098849390873], [-74.7433592176171, 42.1105600741004], [-74.75, 42.11178651460836], [-74.75, 42.11914210665754], [-74.7494383602874, 42.1193097251414]]], [[[-74.5135099176722, 42.2717144142076], [-74.5155048626207, 42.2665444401177], [-74.5171882217147, 42.261850438726], [-74.5171807405435, 42.2588604085047], [-74.5191068072639, 42.2566890755266], [-74.5246663290093, 42.2533529783975], [-74.5303026613319, 42.250188008304], [-74.5343857462275, 42.2465751568956], [-74.540014447932, 42.2430584109568], [-74.548351758258, 42.238642366378], [-74.5569195112444, 42.2338033925151], [-74.560771258221, 42.2299634943063], [-74.5652298448126, 42.2250180381822], [-74.5673831838956, 42.2206582068791], [-74.5678287310039, 42.2172824915192], [-74.5685736237413, 42.2108548413315], [-74.5708035582124, 42.2064952234337], [-74.5744003570045, 42.1987451319033], [-74.5811557973667, 42.1880164541827], [-74.5825855483662, 42.1869769622417], [-74.5831723085332, 42.1889243407518], [-74.5817899683059, 42.1921436447092], [-74.5801091903738, 42.1963254106102], [-74.5770455915686, 42.2023574337251], [-74.5734436775488, 42.2097562292487], [-74.5726817692228, 42.2129145948416], [-74.5713071476813, 42.2173315619705], [-74.5697764709954, 42.2217479238723], [-74.5680218630987, 42.2262804760752], [-74.564561895592, 42.2305273084423], [-74.5599339680593, 42.2342653092692], [-74.5527587392463, 42.2388668266963], [-74.5443496627699, 42.2440302736593], [-74.5386450758745, 42.2492581263828], [-74.5342527156449, 42.2520773042109], [-74.5292312131734, 42.2544885327566], [-74.5236812701143, 42.2595990267343], [-74.5213716707447, 42.2625884145871], [-74.5192213175425, 42.266947358796], [-74.5181431284497, 42.2699868549688], [-74.5166848520055, 42.2733669037541], [-74.5147572834294, 42.2746916817472], [-74.5132865962899, 42.2747214673741], [-74.5135099176722, 42.2717144142076]]], [[[-74.2945870973191, 42.0500598750336], [-74.3012188925008, 42.0555132482398], [-74.305305820809, 42.0571231529295], [-74.3071588991941, 42.0582692144686], [-74.3081595495124, 42.0614274259441], [-74.3089373117649, 42.0661875667474], [-74.3097106761056, 42.0699748082821], [-74.3093237316671, 42.0751332260319], [-74.3101734959907, 42.076912612854], [-74.3153398451429, 42.0790419947023], [-74.3228971998797, 42.0793299592141], [-74.3262968330784, 42.0788095986576], [-74.331072612613, 42.0786393439556], [-74.3334667166055, 42.0801933389489], [-74.3354022509728, 42.0831226997698], [-74.3380981127482, 42.0873622662618], [-74.3398750710303, 42.0901733930661], [-74.3451305449916, 42.0957424312938], [-74.3511487156906, 42.1004419124538], [-74.3560132711162, 42.1038826948126], [-74.3606438109399, 42.1084117947028], [-74.3652823613945, 42.1108242164265], [-74.3733848894263, 42.1132913481752], [-74.3799472772635, 42.1144978650721], [-74.3852718457174, 42.1144363776825], [-74.3917559476777, 42.1150203028326], [-74.4024125981204, 42.1157067096488], [-74.4129846924732, 42.1154100116294], [-74.4183031242771, 42.1142031953526], [-74.4252490017871, 42.1114011139335], [-74.4308726295801, 42.1086371728235], [-74.4346531367478, 42.1058278697144], [-74.4395823810744, 42.101645988268], [-74.4432059716581, 42.1000964614761], [-74.4458189468407, 42.0972271762489], [-74.4476585432312, 42.0914809083294], [-74.4488794815908, 42.0842005734035], [-74.4507917975814, 42.0780133613507], [-74.4552552863753, 42.0713608203384], [-74.4575577726467, 42.0660758914339], [-74.4563095410864, 42.0611435181962], [-74.4536750347371, 42.0559883330924], [-74.44989309070313, 42.05], [-74.45798579815819, 42.05], [-74.459676075175, 42.0514594595097], [-74.4610715489825, 42.0552397140489], [-74.4621597415574, 42.0582169110843], [-74.4645679062538, 42.0637851501457], [-74.4646511385017, 42.0668207495923], [-74.4631964690062, 42.0707227089054], [-74.4598941154297, 42.0765164020994], [-74.4563655590987, 42.084317322087], [-74.4542987046936, 42.0925213773393], [-74.4541645039069, 42.1009507034554], [-74.4544084011904, 42.105653180286], [-74.455652432324, 42.1091986259475], [-74.4576690458163, 42.1133240057738], [-74.4609161553583, 42.116257432187], [-74.4655518113466, 42.1202598742181], [-74.4716597541265, 42.1238727134846], [-74.4748348846013, 42.1265080784571], [-74.4756883732744, 42.1292048954659], [-74.4726004846581, 42.1282270723289], [-74.4670378048032, 42.126454117592], [-74.4653333612408, 42.1251943690384], [-74.4625463192087, 42.1223262597699], [-74.4589135442235, 42.1195263138628], [-74.4549632169024, 42.1143019628162], [-74.4517977448881, 42.110873504395], [-74.4496304926933, 42.1093770078061], [-74.4428323331147, 42.1077140934862], [-74.4387475795454, 42.108351704094], [-74.4363600829275, 42.1100782538826], [-74.4342018654998, 42.1125443514241], [-74.4305808968075, 42.1145438327264], [-74.4241014995552, 42.1168982574352], [-74.4195499039605, 42.1172446012312], [-74.4122140322526, 42.1189635144983], [-74.4062019443043, 42.1202294917425], [-74.4014145586443, 42.121321457306], [-74.3991721183283, 42.1211565684442], [-74.3950835647021, 42.1206308295359], [-74.3921553475943, 42.1206963964583], [-74.3886019867043, 42.1203443475067], [-74.3861281433879, 42.1203491484363], [-74.3821922841509, 42.1198325915648], [-74.3751671620804, 42.11948848515], [-74.3730094345839, 42.1193145425993], [-74.3719293394697, 42.1182819319051], [-74.3688393711652, 42.1162205736682], [-74.3638191879518, 42.1142655064712], [-74.3604975906477, 42.1131753149961], [-74.3554023564109, 42.1110572873684], [-74.3514613130703, 42.1074416132433], [-74.3494530244659, 42.1039448314432], [-74.3454429917341, 42.100499643434], [-74.3394956719015, 42.0955660621632], [-74.3364832429702, 42.0936663564334], [-74.3340889041813, 42.0912027787439], [-74.3330874789237, 42.0878195960065], [-74.3310039207128, 42.0860421997521], [-74.328535802234, 42.0848929299792], [-74.3242848713553, 42.083859368715], [-74.3229056872967, 42.0850671362496], [-74.3225955888769, 42.0860920146632], [-74.3232101660025, 42.0882751217459], [-74.3236776493566, 42.0905114759618], [-74.3241423156732, 42.0937204910192], [-74.3240623462356, 42.0961337981787], [-74.3225245853463, 42.0985923546345], [-74.320438989865, 42.1003723908162], [-74.3163461864793, 42.1016900370457], [-74.3117153776048, 42.1024279258698], [-74.3060903137189, 42.1035198039075], [-74.300302121016, 42.1047185558555], [-74.2962877199459, 42.1065493138953], [-74.2931977749014, 42.1081515102051], [-74.2901936523585, 42.1096460080222], [-74.2877187713103, 42.1119272923978], [-74.2817767989888, 42.117663360728], [-74.278067599121, 42.1229987943125], [-74.2759841021522, 42.1265432798546], [-74.2751350361836, 42.1282041234277], [-74.2735180622736, 42.1272931700869], [-74.2718927178504, 42.12487819969], [-74.2692732498381, 42.1242401419653], [-74.2666438694869, 42.1264209295412], [-74.2649430714816, 42.1285986047149], [-74.2626334129136, 42.1297996697869], [-74.2600009619065, 42.1307734028226], [-74.2547564456016, 42.1305952958163], [-74.2480381361422, 42.1308667107142], [-74.2390874927469, 42.1321227250094], [-74.2336022518052, 42.1338334580715], [-74.2281953316967, 42.1363009259673], [-74.2243302631288, 42.1388146799192], [-74.2211654975444, 42.1393245979011], [-74.2157590456262, 42.1397201683817], [-74.2125968321037, 42.1406351605738], [-74.2124402453068, 42.1395983849739], [-74.2139090625958, 42.1376541149904], [-74.2169237647805, 42.1361616086604], [-74.2211680521393, 42.1346864702848], [-74.2275046983248, 42.1317661840042], [-74.2312136657297, 42.1293684229818], [-74.236770112635, 42.1286218528623], [-74.2447992307111, 42.1286299584466], [-74.2547574642246, 42.1271549319395], [-74.2594652594445, 42.1260056362428], [-74.2627058197551, 42.1240720654828], [-74.2655680299795, 42.1204519462609], [-74.2714321989417, 42.1161031133156], [-74.2739032777988, 42.1136960952264], [-74.2773762286521, 42.110772979457], [-74.2853312615304, 42.10493262708], [-74.2903434447413, 42.0996048260244], [-74.2908054719739, 42.09748223433], [-74.2888803067518, 42.0959392660209], [-74.2854075485735, 42.0959897297139], [-74.2787693613472, 42.0963265727781], [-74.2741464619889, 42.0956939354878], [-74.2749147325358, 42.0950053469021], [-74.2778502251225, 42.0942042580254], [-74.2825489084912, 42.0934591553096], [-74.2888786820794, 42.0932373317134], [-74.2931953660551, 42.0938133719989], [-74.2977539860977, 42.0961650009934], [-74.3006847763778, 42.0978310139337], [-74.3045433883979, 42.0982957800863], [-74.30739464458, 42.0987003138197], [-74.3098629515732, 42.0983008825935], [-74.3152647757357, 42.0966940436786], [-74.3185064070339, 42.0952092998461], [-74.3200512403652, 42.0928046847142], [-74.3194275776192, 42.0893605906674], [-74.3178075598651, 42.0851179836203], [-74.3154153997252, 42.0833924972262], [-74.3116413807389, 42.082307193673], [-74.3082415396277, 42.0808637470322], [-74.3043119302791, 42.0779939850425], [-74.3016090241199, 42.0744921398692], [-74.3008381809656, 42.0706506543968], [-74.3016855794055, 42.0688816266703], [-74.3045365512513, 42.0650351292339], [-74.3057685396419, 42.0626288874279], [-74.3050791731961, 42.0611386749924], [-74.3038471013309, 42.0594109559379], [-74.2999906331812, 42.057577288949], [-74.2948985802765, 42.0552224609444], [-74.2910436066001, 42.0519473031341], [-74.28788812841539, 42.05], [-74.2945246371123, 42.05], [-74.2945870973191, 42.0500598750336]]], [[[-74.2677593161303, 42.051468114502], [-74.2622784294412, 42.0557020405295], [-74.2571872579702, 42.0585692435971], [-74.2495483383442, 42.0627435427686], [-74.2437670788329, 42.0654886606508], [-74.2384440074155, 42.0665161883419], [-74.2308812260607, 42.0679428753921], [-74.2271052423933, 42.0698268506291], [-74.2242457740082, 42.0713747242109], [-74.2213916914305, 42.072454231577], [-74.2174534411359, 42.0744627610235], [-74.2118207910309, 42.0761174431863], [-74.2048043772193, 42.0767355604357], [-74.1978607220833, 42.0764891336669], [-74.193310679891, 42.0751693079323], [-74.1869211971287, 42.0717739542361], [-74.1802909691237, 42.0691780268258], [-74.1771277680158, 42.0685428946319], [-74.17643179683, 42.0679074875338], [-74.1767442666295, 42.0667658715652], [-74.1795273022915, 42.0640749562895], [-74.1802995324259, 42.0625313164419], [-74.1805330857244, 42.0598850797764], [-74.1811543518294, 42.0587996817396], [-74.2035841521478, 42.0676127015127], [-74.2119136006432, 42.0692281864381], [-74.2190096958675, 42.0683220259463], [-74.2247176722434, 42.0666134681339], [-74.2306587652841, 42.0640956798169], [-74.2357466400358, 42.0635261828492], [-74.2424607049954, 42.0617604023387], [-74.2471614991308, 42.0600440716207], [-74.2552656585649, 42.054954293211], [-74.2620520946817, 42.050720010264], [-74.2632645890619, 42.05], [-74.27024502659133, 42.05], [-74.2677593161303, 42.051468114502]]]]}}, {"type": "Feature", "properties": {"OBJECTID": 313, "Aquifer_Type": " ", "GPM": "10-100", "AREA": 23235254, "PERIMETER": 75836, "Comments": " "}, "geometry": {"type": "MultiPolygon", "coordinates": [[[[-74.2802259087313, 42.3018431217683], [-74.2754942496402, 42.3023737522414], [-74.2706016027587, 42.3026219589999], [-74.261184927885, 42.3032912927303], [-74.2308858331588, 42.303463413162], [-74.228405548131, 42.3020328983022], [-74.2249309880229, 42.3009378666875], [-74.2210586884896, 42.299389544584], [-74.2183500830492, 42.29720081151], [-74.2151111189067, 42.2945039638901], [-74.2127053822947, 42.2933527524429], [-74.2104657573588, 42.2944450625462], [-74.2036448167663, 42.2996483847497], [-74.1994622341145, 42.3033657607702], [-74.1966754966496, 42.3049764057682], [-74.1939647239122, 42.3049032674837], [-74.1930402339379, 42.3030686281966], [-74.1962956723168, 42.2990658597469], [-74.201483208535, 42.2945360282973], [-74.204663351396, 42.291622190393], [-74.2055942390199, 42.2893321877118], [-74.2044410916411, 42.2866313678612], [-74.1998045428817, 42.2835281016209], [-74.1937699766031, 42.28024383547], [-74.1920756790057, 42.2784126809364], [-74.1901443076613, 42.2765168866629], [-74.1867408113459, 42.275367082589], [-74.1857338668998, 42.2739820068601], [-74.1860504615226, 42.2715256258389], [-74.1877578656309, 42.269232264883], [-74.1913129457321, 42.2706082173329], [-74.1961047248527, 42.2716504805553], [-74.2003563854962, 42.272859950616], [-74.2059262470999, 42.2751050713535], [-74.2093231323178, 42.2781544419724], [-74.2129573516769, 42.2806740855533], [-74.2158183377777, 42.282116635512], [-74.218676537431, 42.2826945018178], [-74.2221587391374, 42.2833304670486], [-74.2243231294255, 42.2851103316201], [-74.2247899074858, 42.2872298590573], [-74.2240102769341, 42.2918175891799], [-74.2250165637799, 42.2945712438032], [-74.2277179203255, 42.2960123266402], [-74.2307404450693, 42.2963568869967], [-74.2395583996055, 42.2965956963078], [-74.2483032777091, 42.2958607049206], [-74.254882149473, 42.2938593053664], [-74.2596017745434, 42.2940429482423], [-74.2616897778596, 42.295992604247], [-74.2645504276127, 42.2969657116485], [-74.2669559073937, 42.2968009379412], [-74.2698938263335, 42.2972609809774], [-74.2712089608735, 42.2974944539048], [-74.2747696883466, 42.2980123544625], [-74.2816560006795, 42.2973261704733], [-74.2905583656379, 42.2949319710609], [-74.2802259087313, 42.3018431217683]]], [[[-74.331082713013, 42.2382395366157], [-74.3344830688536, 42.2354223000432], [-74.3374169351591, 42.2330167406315], [-74.3412818843134, 42.2321022727603], [-74.3468445907169, 42.232962580476], [-74.3504800698011, 42.2341720770641], [-74.3565196909824, 42.2373221848938], [-74.331082713013, 42.2382395366157]]], [[[-74.3006966315801, 42.2557644217977], [-74.3033959015092, 42.2594371608021], [-74.3051818558205, 42.2624199731035], [-74.3057218323691, 42.2650079434839], [-74.3045616217723, 42.2676936648005], [-74.3022439597491, 42.2683911116954], [-74.2987560408129, 42.2675862794862], [-74.2974404227813, 42.2660923292424], [-74.296511791616, 42.2630516298998], [-74.2948132746012, 42.2606996166182], [-74.2923362537299, 42.258459921809], [-74.2895551972284, 42.2572539727108], [-74.3006966315801, 42.2557644217977]]], [[[-74.3010087415303, 42.298661527259], [-74.3013114234512, 42.3005005190815], [-74.2999951591225, 42.3051395177445], [-74.2986036567087, 42.3090396860747], [-74.2982934285541, 42.3133425542415], [-74.2986045155782, 42.3180995237804], [-74.2982194827486, 42.3228613246807], [-74.2962856902525, 42.3263526698335], [-74.2932603413459, 42.3273248018104], [-74.2904004017755, 42.3253168373729], [-74.2890848933095, 42.3218234104959], [-74.2892397069754, 42.3168351069087], [-74.2892406110505, 42.3125843747168], [-74.2885445389081, 42.3088065449872], [-74.2845177218981, 42.307196466449], [-74.3010087415303, 42.298661527259]]], [[[-74.2696545475139, 42.3079853652474], [-74.2673311195684, 42.3103302048093], [-74.2643938076729, 42.311193998039], [-74.2623799282477, 42.3114152623367], [-74.2589769158443, 42.311240159292], [-74.2550996129944, 42.3119265548765], [-74.2530886144105, 42.3158849853828], [-74.2526230866451, 42.3213845459261], [-74.2528476394485, 42.3296984617666], [-74.2513720918642, 42.3391089782785], [-74.2505924007377, 42.3436878453975], [-74.2495011381066, 42.3459861478243], [-74.2472190736739, 42.3479885818463], [-74.2453281859719, 42.3443107149147], [-74.2423106089318, 42.3375454801329], [-74.2392941391903, 42.3312395623626], [-74.2386832239918, 42.3256698057894], [-74.2388380863653, 42.3212580309357], [-74.2393851120916, 42.3174161230312], [-74.2404751787639, 42.3126592832992], [-74.239547441184, 42.3097262064394], [-74.2696545475139, 42.3079853652474]]], [[[-74.2512138282734, 42.2296317112889], [-74.2512088702378, 42.232612673719], [-74.2504371486304, 42.235480664181], [-74.2492791207629, 42.2383459390619], [-74.2474951800335, 42.2394330537975], [-74.2447159561387, 42.2401173074604], [-74.2426270043622, 42.2378159693137], [-74.2401524575758, 42.2343232796936], [-74.2372149555912, 42.231565997259], [-74.232815315376, 42.2296092629245], [-74.2311144822198, 42.2277156858654], [-74.2305009337457, 42.2255950873088], [-74.2321278181251, 42.2228410986534], [-74.2359148030361, 42.2206688631676], [-74.239235919817, 42.2203306718229], [-74.243492487459, 42.2214215251075], [-74.2468855801204, 42.2240645867626], [-74.2494009485743, 42.2267919402473], [-74.2512138282734, 42.2296317112889]]], [[[-74.4266523489812, 42.3223590444748], [-74.4244114366088, 42.3247073901674], [-74.4216269696915, 42.326602555919], [-74.4178468370029, 42.333770185506], [-74.4141382368041, 42.338875621483], [-74.410188301593, 42.3400261942149], [-74.4049263921652, 42.3406023817291], [-74.3994314817153, 42.3444462796292], [-74.393484306988, 42.351214345945], [-74.3901525399701, 42.3553394296198], [-74.3881422260057, 42.3566615239984], [-74.3865147992241, 42.3566888446695], [-74.3854293691528, 42.3549989717422], [-74.3855797711604, 42.3521810038457], [-74.3902177651153, 42.344676871008], [-74.3950152523862, 42.3395689625494], [-74.3994242801902, 42.3354943939945], [-74.4037551454056, 42.3332025407163], [-74.4073155614541, 42.3316538969331], [-74.413345234624, 42.3272359852342], [-74.4170554893023, 42.3227069367276], [-74.4208369450438, 42.3186373422457], [-74.4217636441887, 42.315994306817], [-74.4266523489812, 42.3223590444748]]], [[[-74.3812703879768, 42.3089477162144], [-74.376315796977, 42.3090650343279], [-74.3718224859176, 42.3076265633504], [-74.3671806170741, 42.3040798195241], [-74.3619881991436, 42.2995479938406], [-74.3593537202403, 42.2971919160627], [-74.3812703879768, 42.3089477162144]]]]}}, {"type": "Feature", "properties": {"OBJECTID": 314, "Aquifer_Type": " ", "GPM": ">100", "AREA": 620363, "PERIMETER": 3854, "Comments": " "}, "geometry": {"type": "Polygon", "coordinates": [[[-73.9930563297358, 42.2164361398742], [-73.9949964775428, 42.2154714110802], [-73.9974793128067, 42.2140971935346], [-74.0003418525361, 42.2135908300422], [-74.0021097143935, 42.2150922137974], [-74.0027887159895, 42.2184213577985], [-74.0036214422114, 42.2222022289906], [-74.0046872482168, 42.227434994832], [-73.9930563297358, 42.2164361398742]]]}}, {"type": "Feature", "properties": {"OBJECTID": 315, "Aquifer_Type": " ", "GPM": "10-100", "AREA": 7148308, "PERIMETER": 27475, "Comments": " "}, "geometry": {"type": "MultiPolygon", "coordinates": [[[[-74.0012575621841, 42.2340698302207], [-73.9977823095069, 42.2324543930678], [-73.99354134767, 42.2300305668166], [-73.9903855700641, 42.2272110361567], [-73.9886261346649, 42.2231877927053], [-73.9866345032804, 42.2196848101947], [-73.9849404544667, 42.2168959501508], [-73.9836442925793, 42.2137683353851], [-73.9818098874301, 42.2087086324623], [-73.9802113946811, 42.2043444223114], [-73.9795351027448, 42.1995200766491], [-73.9791745200482, 42.1946445968885], [-73.9785834565861, 42.1894247126314], [-73.9785875612809, 42.1871912091146], [-73.9805255581594, 42.1857584712917], [-73.9825354605833, 42.1855961386956], [-73.9843128503141, 42.1865216043513], [-73.985849935342, 42.188471419479], [-73.9876252287319, 42.1890544684792], [-73.9893266350113, 42.1874575041078], [-73.9911986807117, 42.1833940877317], [-73.992145578103, 42.179439660842], [-73.9943461697178, 42.1706688595587], [-73.9966352832055, 42.1692750283094], [-73.997747161178, 42.170446499818], [-73.9970378789679, 42.1734844268458], [-73.9961745076534, 42.1780160027584], [-73.9962308690776, 42.1822043577855], [-73.9957493382813, 42.1854694631557], [-73.9943502491932, 42.1878708365317], [-73.9919423239988, 42.1907946790171], [-73.9889938047102, 42.1934166515958], [-73.9860341848079, 42.1990913847231], [-73.9861521570782, 42.2056308648216], [-73.9870591571386, 42.2110246604312], [-73.9902017730535, 42.2155644551205], [-73.9919792510002, 42.2165437361443], [-73.9930563297358, 42.2164361398742], [-74.0046872482168, 42.227434994832], [-74.0048982892838, 42.2320210243574], [-74.0036518830426, 42.2345048548373], [-74.0012575621841, 42.2340698302207]]], [[[-73.9817323404412, 42.2427241769541], [-73.9817390984013, 42.240886906345], [-73.9825280212659, 42.2373365717871], [-73.9829303557855, 42.2333233112489], [-73.9817801850382, 42.2321153495669], [-73.9793068065916, 42.2328498182546], [-73.9775942219247, 42.2349600358333], [-73.9752547534255, 42.2391990105191], [-73.9735383914467, 42.2411470527005], [-73.9704451890412, 42.2415876419757], [-73.9684425967326, 42.2402637517868], [-73.9673000120585, 42.23665111254], [-73.968019043277, 42.2322354716511], [-73.9685768443201, 42.2291424609897], [-73.9675873412354, 42.2260984671], [-73.9645828986034, 42.2240179456376], [-73.9628884152109, 42.2217782037074], [-73.9629805392757, 42.2194823892496], [-73.9642978004262, 42.2188548935229], [-73.9663822335356, 42.218918718665], [-73.9682361300427, 42.2198450290204], [-73.9706982652685, 42.2222088206089], [-73.9718569154153, 42.221921979197], [-73.9733295090872, 42.2207823444816], [-73.9753388572739, 42.2211875893595], [-73.9763348188838, 42.2229165820908], [-73.9777167399205, 42.2255046891759], [-73.9791804522777, 42.2263102879489], [-73.9804977183659, 42.2262589738918], [-73.9823452576703, 42.2271219696192], [-73.9848105780213, 42.2283956901716], [-73.9851120232082, 42.229713171081], [-73.9860369122571, 42.2315495913148], [-73.9873372981402, 42.2345421433563], [-73.9867718047309, 42.2390131978994], [-73.9850540353589, 42.2429607197054], [-73.9828457094836, 42.2443370937184], [-73.9817323404412, 42.2427241769541]]]]}}, {"type": "Feature", "properties": {"OBJECTID": 316, "Aquifer_Type": " ", "GPM": ">100", "AREA": 30803486, "PERIMETER": 114583, "Comments": " "}, "geometry": {"type": "MultiPolygon", "coordinates": [[[[-74.216337148742, 42.5445389113223], [-74.2185230778261, 42.5392043483354], [-74.2248186278003, 42.531015816561], [-74.2301888157955, 42.5249369083838], [-74.233377623891, 42.5209327142677], [-74.2351674765399, 42.5174323249638], [-74.2340776135868, 42.5142190094637], [-74.2314412556765, 42.5124362237047], [-74.2281861108442, 42.5118561013012], [-74.2178599600549, 42.5119032309716], [-74.208850814221, 42.5109228959631], [-74.2034878405576, 42.5144701288245], [-74.1978966782435, 42.5195015207741], [-74.1945486570903, 42.5212791850789], [-74.1903628776087, 42.520988663996], [-74.1863235923562, 42.5194920529888], [-74.1833756810917, 42.5173007740985], [-74.1816716390644, 42.5151812457439], [-74.1827680505723, 42.5117398391844], [-74.1826967659609, 42.5089294682315], [-74.1996063091906, 42.5092322283149], [-74.2120090210606, 42.5020378471747], [-74.2161621056468, 42.5030209286805], [-74.2229122303825, 42.5052552233274], [-74.2325393499856, 42.5073912810712], [-74.2399844406469, 42.509115904931], [-74.2465804921746, 42.5101049654449], [-74.2519417667799, 42.5085100099029], [-74.2542727580636, 42.5062107318889], [-74.2577727489761, 42.4997402372243], [-74.2611101432664, 42.4939441475552], [-74.2631274539279, 42.4905620010006], [-74.264605217305, 42.4871223307815], [-74.2625176270923, 42.4846053536891], [-74.2577027009661, 42.4821247300237], [-74.2514193165112, 42.4758160788774], [-74.2476285248687, 42.4724862418528], [-74.2446777192956, 42.4705306088553], [-74.2408749206606, 42.4706406344709], [-74.2378467093017, 42.4700712027856], [-74.2367699135841, 42.4684611407274], [-74.2362239921761, 42.4657107358114], [-74.2340523176128, 42.4645075308817], [-74.2298669019299, 42.4632367479251], [-74.2251372557218, 42.460242003616], [-74.2193994636541, 42.4564569401945], [-74.2154500109189, 42.4536381812943], [-74.2122711502612, 42.4522025626941], [-74.2103284234375, 42.4531708153594], [-74.2086937594163, 42.4571851575821], [-74.2068324443581, 42.4578206731763], [-74.2051247220147, 42.4566650595317], [-74.2045882580739, 42.4532842835163], [-74.2031977441902, 42.4496633730464], [-74.2017268497389, 42.4481762945409], [-74.1989374501973, 42.4477064504482], [-74.1941255796705, 42.4489696630064], [-74.1901661102126, 42.4518866190322], [-74.1861242218376, 42.4569192487346], [-74.1840169618978, 42.4620824820511], [-74.1843189526877, 42.4681004879143], [-74.1846941998886, 42.4730381658814], [-74.1842199439059, 42.4792307158392], [-74.1830460010894, 42.4857604225888], [-74.1822619607502, 42.4924729725721], [-74.1811637487649, 42.4966617927869], [-74.1796806902957, 42.5012981340584], [-74.1720602509434, 42.5059025212916], [-74.1715266636414, 42.5055263514246], [-74.1689562613366, 42.5052375316723], [-74.1676410846889, 42.5042553797646], [-74.170288971493, 42.5015727637423], [-74.1741792764215, 42.49716109819], [-74.1781515923234, 42.4907505524517], [-74.1797893343142, 42.4848455872612], [-74.1800296375997, 42.4793898964803], [-74.1802800849812, 42.4697556928695], [-74.1802934520937, 42.4645415634415], [-74.1802246025797, 42.4592097885558], [-74.1823273780221, 42.4531279082696], [-74.1869921093151, 42.4470641832976], [-74.1911088981444, 42.4427705546893], [-74.1958513850073, 42.4384721615055], [-74.1980238479209, 42.4352092718118], [-74.1997366531299, 42.4310245343262], [-74.2010559236697, 42.427413557302], [-74.2019208540486, 42.425005948436], [-74.2015288758355, 42.422364570601], [-74.1999905063943, 42.4196702655708], [-74.1943307157452, 42.4190902899247], [-74.1885082593879, 42.4199408037645], [-74.1851021126394, 42.4201598405061], [-74.1827734125853, 42.4192967882774], [-74.1776013844466, 42.4174916648191], [-74.1785133840131, 42.4113358906627], [-74.1810844901308, 42.4122423614006], [-74.1891357745525, 42.4155774492894], [-74.1955748655428, 42.4154247258365], [-74.2003813382013, 42.4160616295782], [-74.2040968024521, 42.4176724785861], [-74.2089089080316, 42.4181289813675], [-74.2133960432802, 42.419051356496], [-74.2161904292529, 42.4214660368894], [-74.2161035572258, 42.4241671210173], [-74.2137814232722, 42.4265106476445], [-74.2092043244325, 42.4271367311337], [-74.2067929582882, 42.4285699070476], [-74.2065575539305, 42.4325308819467], [-74.2071735084245, 42.4357411344213], [-74.2086392004879, 42.4388401083583], [-74.2160040867342, 42.4438348494692], [-74.2304970494835, 42.4532537005665], [-74.2383270789987, 42.4584301117496], [-74.2470117778237, 42.4639448436446], [-74.2563141409917, 42.4728940866406], [-74.2610411256985, 42.4781208805586], [-74.2712802995479, 42.4832294978963], [-74.2774939395182, 42.485015885265], [-74.2805163018239, 42.4856472616236], [-74.2826932174931, 42.4850755563626], [-74.2871130016481, 42.4850760313276], [-74.2899872619141, 42.4864537493108], [-74.2935557639011, 42.4919601388061], [-74.2962681507192, 42.4988481338591], [-74.2970432332322, 42.5021759918009], [-74.2974322292365, 42.5053304011429], [-74.2993724466396, 42.5088275380436], [-74.3063583866356, 42.5158855667883], [-74.3082222108414, 42.5192110111111], [-74.3089217419434, 42.5231057513129], [-74.3073717035972, 42.5262033865106], [-74.3054303564841, 42.5276415414934], [-74.3042614237552, 42.5264277419128], [-74.3047289065086, 42.524080008083], [-74.3040320570972, 42.5206445511467], [-74.298210583438, 42.515133561167], [-74.2930897937023, 42.5093924015734], [-74.2919242841873, 42.5050894100445], [-74.2919243440521, 42.500388342055], [-74.2916114089118, 42.4972434759453], [-74.2899093443484, 42.4933334939864], [-74.2875031604203, 42.4894372063371], [-74.2839336393582, 42.4880641788742], [-74.2799753119833, 42.4875980929828], [-74.2725191201401, 42.4882805107662], [-74.2682505211592, 42.4892439557759], [-74.265072443219, 42.4927988364285], [-74.261341411565, 42.5011680945791], [-74.2585410102536, 42.5079404466005], [-74.2544246996576, 42.5128579068682], [-74.2497654563169, 42.5146378349742], [-74.2433161945915, 42.5187020436924], [-74.2373334533917, 42.5229942707122], [-74.2311159489704, 42.5301034667601], [-74.22690806723, 42.5364602875335], [-74.2227099879304, 42.5420786919041], [-74.2198354269288, 42.5443105832853], [-74.2174235097933, 42.545563956853], [-74.216337148742, 42.5445389113223]]], [[[-74.1287471440989, 42.5644045250034], [-74.1311628502181, 42.562522694004], [-74.1312439288679, 42.5606321385386], [-74.1301668007359, 42.5568415334344], [-74.1290210784172, 42.5508710062463], [-74.1280178549707, 42.5461714550249], [-74.1285754472688, 42.5411234358942], [-74.1294392058914, 42.5402024199428], [-74.1305929683745, 42.542840766279], [-74.1318235215777, 42.5467495886953], [-74.13328753786, 42.5516237572266], [-74.1340561121514, 42.5564746418706], [-74.134973402232, 42.5599487798234], [-74.135751242747, 42.5619539569015], [-74.138776761537, 42.5624180166469], [-74.1419649151991, 42.5617933878045], [-74.1437593089782, 42.5589879711707], [-74.1439180986161, 42.5558371728801], [-74.1436218059564, 42.5510168952339], [-74.1440234820614, 42.5459136144671], [-74.1438010887261, 42.5412650449012], [-74.1410959794556, 42.5361565187327], [-74.1387028718317, 42.5307621442963], [-74.1360647981708, 42.5285808962592], [-74.1367723546642, 42.526055588533], [-74.1375577221439, 42.5229635236798], [-74.1397273752481, 42.5242226432544], [-74.1422016069303, 42.5264655197326], [-74.1466164238208, 42.532730450087], [-74.1480049143369, 42.536397088266], [-74.1486232523073, 42.5398418936787], [-74.1480557951872, 42.5474115690751], [-74.1473526920276, 42.5507384962903], [-74.1469557900193, 42.5537164565842], [-74.1473358924173, 42.555322334867], [-74.1492001974942, 42.5576235363986], [-74.1517578889895, 42.5590023540582], [-74.155407604662, 42.5596956905925], [-74.1607743823375, 42.5597621357759], [-74.1641160072482, 42.5592551535468], [-74.1686163825452, 42.5581711461521], [-74.1710275990878, 42.5594943577369], [-74.1730421404964, 42.5615622465226], [-74.174279532341, 42.5640297668666], [-74.1768428344192, 42.5667858349835], [-74.1796344951663, 42.5680486595266], [-74.1812670222101, 42.5679342829233], [-74.1823468946646, 42.5693197641588], [-74.1850704012686, 42.5711583066948], [-74.1893368867371, 42.5732238037966], [-74.1892551354971, 42.5747182249203], [-74.1872339297916, 42.574947099047], [-74.18265303394, 42.5737347380417], [-74.1781506154167, 42.5714332002543], [-74.1734985696257, 42.5680406686642], [-74.1721773833534, 42.5667253009812], [-74.1696198320285, 42.5653919604482], [-74.1659619426839, 42.5652754446704], [-74.1636269068074, 42.5680321525189], [-74.1617558220975, 42.5701438384631], [-74.1597389222554, 42.5689403767741], [-74.1553998987421, 42.5660086921604], [-74.1513597706466, 42.5637635306308], [-74.1457618588788, 42.5640911813789], [-74.1413343693904, 42.5654630485229], [-74.1376818215993, 42.5655167428169], [-74.1341849253621, 42.5649860660023], [-74.1306117147218, 42.5660126404616], [-74.1266827404133, 42.566442137584], [-74.1287471440989, 42.5644045250034]]], [[[-74.1752451131676, 42.5446645128462], [-74.1713761650449, 42.5438613646151], [-74.1732347954864, 42.5435520904834], [-74.1762611882208, 42.5433306912575], [-74.180303500589, 42.5429364062103], [-74.1844193909811, 42.5440374193838], [-74.1875200085427, 42.5452390465391], [-74.1918679572117, 42.5474852916191], [-74.1948920799941, 42.5492085862483], [-74.1972215854265, 42.5496752147211], [-74.2007203395965, 42.5495555214391], [-74.2041319203494, 42.5506599142554], [-74.2091062919795, 42.5512345901072], [-74.2127605172259, 42.5515839845781], [-74.2126746725883, 42.552844209522], [-74.2108092796096, 42.5535878836888], [-74.2073137572537, 42.5541581020946], [-74.2045203475217, 42.5554176552595], [-74.2017968465951, 42.5572989842367], [-74.1993098992071, 42.5582722394788], [-74.1950346055024, 42.5593050122102], [-74.1901346370154, 42.5600991108774], [-74.1895921852134, 42.5589516029169], [-74.1886638822004, 42.5577382441829], [-74.1854094078185, 42.5552115352737], [-74.1826893903098, 42.551995156823], [-74.1800553145277, 42.5500221349591], [-74.1780246629997, 42.549536593191], [-74.1752451131676, 42.5446645128462]]]]}}, {"type": "Feature", "properties": {"OBJECTID": 317, "Aquifer_Type": " ", "GPM": "10-100", "AREA": 41160979, "PERIMETER": 103687, "Comments": " "}, "geometry": {"type": "MultiPolygon", "coordinates": [[[[-74.1776013844466, 42.4174916648191], [-74.1738697368619, 42.4161891326173], [-74.1657319798906, 42.4140499798009], [-74.159137880274, 42.4143261267903], [-74.1557248429142, 42.4150665669135], [-74.1540175932312, 42.4169541132927], [-74.1529272363978, 42.4187292303413], [-74.1501321789994, 42.4200414162724], [-74.1477974002849, 42.4230229806385], [-74.1460888278615, 42.4278913735209], [-74.1436702739358, 42.4326463854438], [-74.1431102977426, 42.4384959179504], [-74.1459719015979, 42.443893592527], [-74.1482125176567, 42.4476835890645], [-74.1457233183286, 42.4502047421523], [-74.140056980403, 42.4529451552536], [-74.1367151799468, 42.4556307856813], [-74.135850641241, 42.4578036048385], [-74.1378608216071, 42.463204135956], [-74.1404821582256, 42.4680867989051], [-74.1425018496865, 42.4689483944389], [-74.1470804283493, 42.4656865516307], [-74.1495705132591, 42.4643721009386], [-74.1512705957195, 42.466032707822], [-74.151270956999, 42.4676988121411], [-74.1476930701684, 42.4706171118544], [-74.1470640668676, 42.4737103493009], [-74.1482056997589, 42.4823732970571], [-74.149121406024, 42.4888640453694], [-74.1490399437851, 42.4921865369764], [-74.1474076390939, 42.4927507494291], [-74.1442256011235, 42.4926370825093], [-74.1436796306676, 42.4941818668691], [-74.1441380038948, 42.4968239931325], [-74.1457571161948, 42.5016991109148], [-74.1452874757933, 42.5043343080618], [-74.1436572786805, 42.5042771181142], [-74.1406360040325, 42.5008322798924], [-74.139093339515, 42.4978398505759], [-74.1370049192334, 42.4957168565658], [-74.1356756035384, 42.4984716846203], [-74.1364398652109, 42.5031694064394], [-74.1381365685682, 42.50678447923], [-74.1387490214258, 42.5099410945611], [-74.1361041697001, 42.5134965605396], [-74.1321270946586, 42.5192753050638], [-74.1313383119402, 42.5238082053352], [-74.1300912938673, 42.5272479650977], [-74.1267397734263, 42.5319415122806], [-74.1225370027967, 42.535547882769], [-74.1195784526414, 42.5370291101892], [-74.1160840819831, 42.5363359204923], [-74.1195870700114, 42.5346787097286], [-74.1232514216539, 42.5298707186297], [-74.1252036806319, 42.5251124857868], [-74.1230388376892, 42.521898917614], [-74.1204041820028, 42.5195462589553], [-74.1205617168317, 42.5176472804167], [-74.1236803278497, 42.5146721430062], [-74.1262457935478, 42.5125033261483], [-74.1273455796125, 42.5084860458449], [-74.1272029939982, 42.5043062299897], [-74.1263572548715, 42.4995988224845], [-74.1241913130624, 42.496952684589], [-74.1237319533336, 42.4948869070597], [-74.1233511289387, 42.4923084108445], [-74.1228114271714, 42.490007819427], [-74.1207996208531, 42.4890919158201], [-74.1194045065707, 42.4878204686762], [-74.1195618496469, 42.4859304836679], [-74.1216678282778, 42.4834700988548], [-74.1236139756646, 42.4807832633395], [-74.1243163486583, 42.4779699345485], [-74.1237018151104, 42.4760199259848], [-74.120748288168, 42.477339168985], [-74.1165563207527, 42.4805310795887], [-74.1140701196007, 42.4809351646469], [-74.1113520196285, 42.4807519596485], [-74.1075442208687, 42.4835052303413], [-74.1041849903396, 42.489224635124], [-74.1006665437851, 42.4980495899927], [-74.0976168373107, 42.5059507087573], [-74.0969049611957, 42.5102588862121], [-74.097204429919, 42.5157638157288], [-74.0995877020071, 42.5209337995406], [-74.1011306333171, 42.5260342036187], [-74.1013524239666, 42.5283864131828], [-74.1008829154525, 42.5304540782534], [-74.0987481086659, 42.5310497526128], [-74.0975510359769, 42.5287798118779], [-74.095691623555, 42.5257933244289], [-74.0948518697398, 42.5224095976061], [-74.0932203791235, 42.5224057030257], [-74.0893205383722, 42.5268687170461], [-74.0871512732301, 42.527211703415], [-74.0883257938854, 42.5239969353864], [-74.0909030727137, 42.519019248098], [-74.0930136210948, 42.5148302412682], [-74.0934980714745, 42.5080706835147], [-74.0924182202171, 42.5051982541834], [-74.0906505674677, 42.5002580942984], [-74.0908945041226, 42.497288186897], [-74.0924561667424, 42.4940675154564], [-74.0957240244662, 42.4903469794037], [-74.100010831841, 42.485544693796], [-74.1058452986105, 42.4806281827664], [-74.1098878768612, 42.477822946725], [-74.1166470515796, 42.4745160350248], [-74.1197548343787, 42.4721713563399], [-74.1220966303482, 42.4687941802998], [-74.1238930463271, 42.4646112504685], [-74.1240584637986, 42.4582997107847], [-74.1244634571618, 42.4541151256504], [-74.1266464150684, 42.4505114406633], [-74.1278146695293, 42.4480437776692], [-74.1281276598116, 42.4455245786927], [-74.1285272753912, 42.4422586108813], [-74.1280687667659, 42.4391571918102], [-74.1252810147077, 42.4375419643478], [-74.1234943286449, 42.4378255394122], [-74.1213925925551, 42.4406371691124], [-74.1196885186892, 42.4410923942727], [-74.1175160362629, 42.4401661904926], [-74.1141728241052, 42.4423917721911], [-74.1092800438669, 42.4460553231979], [-74.106091330906, 42.4497768951912], [-74.1021895219214, 42.456995985636], [-74.0983048261265, 42.4601985599312], [-74.093479541154, 42.4633395411676], [-74.0909153502506, 42.4659128327334], [-74.0885776072762, 42.4684879574367], [-74.0875618961844, 42.4719290350293], [-74.0896464388847, 42.4746832737124], [-74.0930537617722, 42.4761871213288], [-74.0932802759903, 42.4781882476441], [-74.0919495493201, 42.4820861584214], [-74.0921707539701, 42.4854109165791], [-74.0930956402396, 42.4877146110528], [-74.0926206470498, 42.4900614253318], [-74.0895084728098, 42.4932066762756], [-74.0843666441563, 42.4987582439832], [-74.084124795614, 42.5026017157166], [-74.0826402000599, 42.505291652602], [-74.0808465697019, 42.5063220071641], [-74.0762718516515, 42.5057899169789], [-74.0737842617988, 42.506814564839], [-74.071842763525, 42.506925001124], [-74.0714601050087, 42.5050306256686], [-74.07209749028, 42.5006139542932], [-74.0729668543003, 42.4961451296959], [-74.0732916213844, 42.4929958331076], [-74.071747311391, 42.4908670461114], [-74.0695763619748, 42.4892554706956], [-74.067242123838, 42.4898219335614], [-74.0643642257798, 42.4926892827955], [-74.063807583407, 42.4967552417286], [-74.0665099841559, 42.4995689589334], [-74.0668131068113, 42.5026154793712], [-74.0645595870755, 42.5033535271471], [-74.0623922727357, 42.5025974026834], [-74.0617769777734, 42.4997916020031], [-74.0617113468901, 42.495945660674], [-74.0618828019561, 42.4917053942717], [-74.0626812678528, 42.4857952471835], [-74.0640881403661, 42.4821324976805], [-74.067355664128, 42.4811594243711], [-74.0702169082101, 42.4841004984794], [-74.0730819159938, 42.4857717025345], [-74.0760273073865, 42.4867499969632], [-74.077651135798, 42.4887623168517], [-74.0795111631843, 42.4905423177132], [-74.0818276805143, 42.4921008474436], [-74.0836893685162, 42.4922147916988], [-74.0836983742195, 42.4899274981805], [-74.0846444713256, 42.4860805520074], [-74.0862861332706, 42.4825904782978], [-74.0868396684032, 42.4791457370744], [-74.084430155002, 42.4789735360989], [-74.0811738619905, 42.4793077245234], [-74.080169364852, 42.4776966894995], [-74.0793975246996, 42.4755741965437], [-74.0764561209929, 42.4748750532147], [-74.0718758141253, 42.4753875644159], [-74.0689310349255, 42.4749223941605], [-74.0673010188456, 42.4738825065388], [-74.0684727261512, 42.4719918360804], [-74.0732913637082, 42.4699415248053], [-74.0758530378394, 42.4686293484872], [-74.0778818884627, 42.4661151177032], [-74.0788952053083, 42.4634756410833], [-74.0793751539057, 42.460201409434], [-74.0792281954525, 42.4565348780763], [-74.0795576540179, 42.4518906425979], [-74.081888319991, 42.4498920752447], [-74.08445505266, 42.4492101131591], [-74.0864641664441, 42.4501806602654], [-74.0878602018338, 42.4513895833384], [-74.0897229604987, 42.4501975836491], [-74.0947803120992, 42.4442938087042], [-74.1009194247146, 42.4411001348598], [-74.1066634410053, 42.4388214638369], [-74.1145810668703, 42.4358569087786], [-74.1197015742077, 42.4340861747395], [-74.1232749889824, 42.4318620976394], [-74.1249910608991, 42.4302000956464], [-74.1257725302531, 42.4261264970075], [-74.1245434614761, 42.423487477841], [-74.1236948895858, 42.4212566278622], [-74.12486172208, 42.4188519098104], [-74.1258036944277, 42.4154639282646], [-74.1261997658063, 42.4125400803106], [-74.1282938450991, 42.4101965916734], [-74.1311728127987, 42.4085343220393], [-74.1375272254067, 42.4076366075817], [-74.1433406053109, 42.4079863384933], [-74.1468275921851, 42.4075980657323], [-74.1497800540098, 42.4042697547928], [-74.1562166518316, 42.4019577860947], [-74.1585389585966, 42.4054960929789], [-74.1606273457075, 42.4074476469863], [-74.1687657620498, 42.4093529703922], [-74.1751914238683, 42.4101648235018], [-74.1785133840131, 42.4113358906627], [-74.1776013844466, 42.4174916648191]]], [[[-74.1996063091906, 42.5092322283149], [-74.1826967659609, 42.5089294682315], [-74.1805225142366, 42.5084727477326], [-74.1764030193635, 42.5085243408168], [-74.1732998537983, 42.5075473982945], [-74.1729979715597, 42.5065636093753], [-74.1720602509434, 42.5059025212916], [-74.1796806902957, 42.5012981340584], [-74.1805291189432, 42.5026190527296], [-74.1843298027168, 42.5045732843109], [-74.1891449718338, 42.504589357236], [-74.195512715606, 42.5028781026546], [-74.2038255277068, 42.5013329106209], [-74.2072346588286, 42.5012214842614], [-74.2120090210606, 42.5020378471747], [-74.1996063091906, 42.5092322283149]]], [[[-74.1712117076078, 42.5438888080496], [-74.1713761650449, 42.5438613646151], [-74.1752451131676, 42.5446645128462], [-74.1780246629997, 42.549536593191], [-74.1757844966024, 42.5490009767451], [-74.1718976775418, 42.5492250616009], [-74.1685588542796, 42.5502546983329], [-74.1659871791762, 42.5523162663164], [-74.1637376716456, 42.5522548513503], [-74.1611775436974, 42.55219120877], [-74.1597016459672, 42.5515590365992], [-74.1592421504577, 42.5494933274311], [-74.1604077449634, 42.547952845382], [-74.1626655886477, 42.5468076847127], [-74.162591388563, 42.544852848274], [-74.1611158055911, 42.5418161164051], [-74.1598856478225, 42.5384299212366], [-74.1566319056395, 42.5354341919374], [-74.154922439455, 42.533197182673], [-74.1548577938539, 42.5288469159415], [-74.1540148759587, 42.5253464558897], [-74.153320727757, 42.5229908550948], [-74.1546362352672, 42.5235138809599], [-74.155645038852, 42.5248810903406], [-74.1572688403925, 42.5277028967987], [-74.1584235964178, 42.5298817777493], [-74.1609018245015, 42.5336102831733], [-74.1645476531486, 42.5361945723102], [-74.1671046633058, 42.5387257259815], [-74.1688841190218, 42.5414763721424], [-74.1701254958174, 42.543601735606], [-74.1712117076078, 42.5438888080496]]]]}}, {"type": "Feature", "properties": {"OBJECTID": 318, "Aquifer_Type": " ", "GPM": "10-100", "AREA": 25101106, "PERIMETER": 65534, "Comments": " "}, "geometry": {"type": "MultiPolygon", "coordinates": [[[[-74.5891924018532, 42.713867678474], [-74.5863619088986, 42.7101727301719], [-74.5835425069591, 42.7048986807133], [-74.5792924702526, 42.7001457577569], [-74.5750498540927, 42.6943398971579], [-74.5715186633348, 42.6890628053692], [-74.5658325178003, 42.6858831559124], [-74.5642340625481, 42.6832572694162], [-74.5648549602099, 42.6819898326646], [-74.5666438069743, 42.6810149365479], [-74.5727929454378, 42.680713809728], [-74.5798728408187, 42.680181582947], [-74.5880307225973, 42.6783380742685], [-74.5933247649285, 42.6780957928213], [-74.5961314043754, 42.6791144123241], [-74.5958356028709, 42.6830757358145], [-74.5921090526643, 42.6852599795152], [-74.5872168806478, 42.6876199799201], [-74.5855176868668, 42.691405134071], [-74.5870135243304, 42.6938690044009], [-74.5904511901309, 42.6967361560162], [-74.5931706297638, 42.6969529323521], [-74.5997961581982, 42.6973455157181], [-74.6022189760731, 42.6993442265183], [-74.6012914939781, 42.701178119706], [-74.5991251781256, 42.7043405840192], [-74.6012319002805, 42.7057076777292], [-74.6048912377071, 42.7058194001205], [-74.6205341485826, 42.7038910262272], [-74.6368110049906, 42.7048263363935], [-74.6418764945507, 42.7059589263125], [-74.6457838225512, 42.7086366229223], [-74.6441619605091, 42.7103697604737], [-74.63878559732, 42.7106680614558], [-74.6318531020256, 42.7105650457724], [-74.6236058509089, 42.7115648428097], [-74.619416927985, 42.7140995867764], [-74.618189755911, 42.7192647909138], [-74.6171349585411, 42.7256822443826], [-74.6170757589244, 42.7303289305321], [-74.6188010057268, 42.732333859473], [-74.62238528145, 42.7335253934582], [-74.622324619299, 42.736965311503], [-74.6212480196781, 42.7392041165686], [-74.6222738196442, 42.7417830890605], [-74.6267963340169, 42.742977663956], [-74.6341953905851, 42.7432986548796], [-74.6368540222274, 42.7438654319831], [-74.6367839274979, 42.7454141971632], [-74.6384333033557, 42.7485713217488], [-74.6414087346685, 42.7517146623686], [-74.6426661124491, 42.754348103939], [-74.6421388442235, 42.7570390827179], [-74.6403617424305, 42.7597982599989], [-74.6396741946599, 42.7632362016907], [-74.6403145984235, 42.766624294613], [-74.6430572566208, 42.7687309864362], [-74.6446184753964, 42.7701047507489], [-74.6461196477219, 42.7734864715939], [-74.6461449954445, 42.778700713096], [-74.646936523689, 42.7813956807323], [-74.6506134139438, 42.7832801536321], [-74.6587273106952, 42.7845743068087], [-74.6635758126315, 42.7866868485652], [-74.6668592699547, 42.7894251624451], [-74.6688355611441, 42.7934382057634], [-74.6676767437426, 42.7952089123228], [-74.6642363027169, 42.7937311146376], [-74.6623644744333, 42.7939056822157], [-74.6637809286427, 42.7959720273798], [-74.6661394202497, 42.7994010032758], [-74.6677955193996, 42.8032961680265], [-74.6682067941336, 42.8075928655862], [-74.6661081644878, 42.8080641337353], [-74.6636699353471, 42.8052023322424], [-74.6600630109951, 42.8013733634604], [-74.6564419376904, 42.7949507586429], [-74.656039335277, 42.79174355867], [-74.6556353888638, 42.7890587382615], [-74.6524300781368, 42.7874551516983], [-74.6500998922877, 42.7890060351177], [-74.6495656886472, 42.7915889673681], [-74.6493483827223, 42.7954335472771], [-74.6493704174025, 42.7985854931943], [-74.6480403832127, 42.7988696172013], [-74.6462411573776, 42.7969909714226], [-74.6458313765195, 42.7940720092457], [-74.6445644429378, 42.7902857723374], [-74.641673935522, 42.7879443883971], [-74.638455802757, 42.7846833497788], [-74.6377377592692, 42.7812499943198], [-74.6373188590458, 42.7747107087177], [-74.6368268181684, 42.7710439626279], [-74.6344057406185, 42.7696134197852], [-74.6327808150777, 42.7725980477364], [-74.6325748221772, 42.7774692343], [-74.632285793496, 42.7816648801112], [-74.6310622156562, 42.7864788526073], [-74.6289875939759, 42.7919835095861], [-74.626497055871, 42.7941187128075], [-74.6248574736401, 42.7930327448537], [-74.622668545833, 42.7915486076236], [-74.6214809331123, 42.7890321510987], [-74.623013273179, 42.7823101807413], [-74.6231486036804, 42.7778979664936], [-74.6212454430448, 42.7714797753113], [-74.6172486309074, 42.7664504878702], [-74.6119415585196, 42.765135837719], [-74.6066474290163, 42.7664146566017], [-74.6029064132113, 42.7675184641607], [-74.6018135675991, 42.7661368469989], [-74.6031281590996, 42.7643583349583], [-74.6076410438002, 42.7626808457004], [-74.6139407759344, 42.7603157558785], [-74.6184520495222, 42.7575571284152], [-74.6201470704195, 42.7531410806508], [-74.6200429807874, 42.7484398476547], [-74.6178414412252, 42.7433443839169], [-74.6132829937202, 42.7364129272036], [-74.6102261385931, 42.7314944897719], [-74.6093435529866, 42.7251876526371], [-74.6087836361276, 42.7217456168178], [-74.6061201368651, 42.7185395511039], [-74.5997953197393, 42.7156898382028], [-74.5959802299672, 42.7154693598033], [-74.5917014032934, 42.716390840216], [-74.5885912524844, 42.7187572235742], [-74.5891924018532, 42.713867678474]]], [[[-74.2213901422693, 42.6645651664744], [-74.2167289067183, 42.6623810497639], [-74.2109710537464, 42.6607115897618], [-74.2035846681739, 42.6578327641267], [-74.1994624170355, 42.6542739386162], [-74.1983404786942, 42.6511501706188], [-74.2066203540885, 42.6555354597066], [-74.2194092194416, 42.6593078267515], [-74.2250885329678, 42.6614519080383], [-74.2244270018443, 42.6645676707594], [-74.2213901422693, 42.6645651664744]]], [[[-74.2566032923006, 42.7695688211237], [-74.2609396866097, 42.7653858316176], [-74.2652568370692, 42.7627816876348], [-74.2703644475491, 42.7625521592028], [-74.2665408512827, 42.7656436004519], [-74.2653738262517, 42.7692563641955], [-74.2636491304507, 42.7745314567148], [-74.2609199910368, 42.7776298250584], [-74.2574170110316, 42.7771659886736], [-74.2549178932773, 42.7737817075854], [-74.2520819935778, 42.7721152098633], [-74.2566032923006, 42.7695688211237]]]]}}, {"type": "Feature", "properties": {"OBJECTID": 321, "Aquifer_Type": " ", "GPM": "10-100", "AREA": 53282630, "PERIMETER": 116834, "Comments": " "}, "geometry": {"type": "MultiPolygon", "coordinates": [[[[-73.7560207851541, 42.5334658683914], [-73.7535303596898, 42.536142735971], [-73.7423234325475, 42.535342194763], [-73.741647423752, 42.5328491830191], [-73.7400341275224, 42.5311744832034], [-73.7348331064081, 42.5310361392679], [-73.7276075482329, 42.5312803548661], [-73.7210006799758, 42.5321614697188], [-73.7183622865971, 42.5322670446868], [-73.7174157020638, 42.533526258156], [-73.717308994346, 42.537253354005], [-73.7178332668451, 42.5388622569429], [-73.7184854586982, 42.5398691538174], [-73.7088804406473, 42.5442109003113], [-73.7021128463463, 42.5472889999128], [-73.6947538812665, 42.5494585935459], [-73.6886321803507, 42.5507407854281], [-73.6788729311835, 42.551079305607], [-73.6724550920391, 42.5571313638804], [-73.6698059391215, 42.5576949744679], [-73.665678884096, 42.5582954326852], [-73.6591485101013, 42.5590567192016], [-73.6517557318533, 42.5600415843745], [-73.642484658787, 42.5627419910566], [-73.6378739739773, 42.5655239786989], [-73.6309993756681, 42.5697196142016], [-73.6264489375205, 42.5736006691079], [-73.6247352631026, 42.5745076716959], [-73.6226146846087, 42.5762652890623], [-73.6228287236338, 42.5785102346271], [-73.6228637931452, 42.5821759703658], [-73.6209168707913, 42.5827378800027], [-73.6190663808031, 42.5813467569487], [-73.6164447064689, 42.579559044317], [-73.6141822867009, 42.5807474671689], [-73.6106600512093, 42.5829021561803], [-73.6083262815642, 42.5827657845543], [-73.6074126128419, 42.5810436208282], [-73.6100481557777, 42.5749248433991], [-73.6138433981958, 42.5681265699243], [-73.6151194132698, 42.565377411605], [-73.6148253635578, 42.5632485289024], [-73.6157728819354, 42.5616569593114], [-73.6161925375377, 42.5591314424212], [-73.6177532564801, 42.5581686959508], [-73.6201500624624, 42.5592692118919], [-73.6235358147479, 42.562218773844], [-73.6248710287784, 42.5609109902042], [-73.626231266616, 42.557072902335], [-73.6272720006193, 42.5536992529226], [-73.6261429730661, 42.5501916379492], [-73.6267059065125, 42.5484783119483], [-73.628561856845, 42.5491669098502], [-73.6322665695964, 42.5516606651283], [-73.6335068073533, 42.552242790273], [-73.6335286636017, 42.5494963682478], [-73.6319464452754, 42.5451188627317], [-73.6318167553152, 42.5421364407019], [-73.6338256111023, 42.5437003242409], [-73.6362713117868, 42.5471605211693], [-73.6409777348506, 42.550917794784], [-73.6468661468702, 42.5518699485312], [-73.6550136555119, 42.5531276378522], [-73.6632288558665, 42.5552950068281], [-73.6659394107424, 42.5554256422985], [-73.6675982319373, 42.552743280002], [-73.6700559424214, 42.5477107342265], [-73.674231901984, 42.5415992054089], [-73.6769959697413, 42.5362818326222], [-73.6778948883542, 42.5314111686394], [-73.6783216792849, 42.5273365652963], [-73.6782683870396, 42.5251024694317], [-73.6763436919313, 42.5231981870916], [-73.6727892479783, 42.5209416860212], [-73.6721050979368, 42.5193307222591], [-73.6736036220382, 42.5167544425065], [-73.6726162300122, 42.5145186176605], [-73.6714027679889, 42.5123252718759], [-73.6692242165834, 42.5042759675819], [-73.6697154551096, 42.5011296123672], [-73.6731735574844, 42.4973062511367], [-73.6742861997687, 42.4943293144747], [-73.672220558032, 42.4908743033478], [-73.6697939107614, 42.485010585404], [-73.6690429110946, 42.4822011260913], [-73.6706018664743, 42.4811204807572], [-73.6738660608724, 42.4813114578316], [-73.6778185396125, 42.4811049309099], [-73.678824382543, 42.4818009149773], [-73.6800425139675, 42.4848408793293], [-73.6807040548253, 42.4878833366848], [-73.6824692052543, 42.4903081239653], [-73.6859466550182, 42.4918159507102], [-73.6865510720909, 42.4936059119958], [-73.6874707080645, 42.4953815629122], [-73.6899505255946, 42.4958061988208], [-73.6928969869666, 42.4961010476752], [-73.69552222999, 42.4977249136984], [-73.6984749610155, 42.4964796730024], [-73.7024004457681, 42.4920303702283], [-73.7035989237999, 42.4879103541702], [-73.7027859400606, 42.4838306877165], [-73.7002662149959, 42.4791102213771], [-73.6973524280571, 42.4753668197922], [-73.7008357749496, 42.4761357664161], [-73.7064137822204, 42.4773155282593], [-73.7129119421795, 42.4795320690769], [-73.7207937808855, 42.4828442496242], [-73.721011986923, 42.4849719593258], [-73.7188262562281, 42.4861003085908], [-73.7159420576634, 42.4877521095186], [-73.7156159806783, 42.4896396269708], [-73.7151288868143, 42.4915883639008], [-73.7120106879343, 42.4932914629094], [-73.7095862425735, 42.495056313923], [-73.7108981392592, 42.4967280586854], [-73.7148420584358, 42.4980151594754], [-73.7212694197602, 42.4996539132444], [-73.7283857065677, 42.5024438921137], [-73.7338007674839, 42.5048272081465], [-73.7390523977864, 42.5077219589729], [-73.7411234333409, 42.5104283243469], [-73.7387317397271, 42.5094385233299], [-73.7325347131767, 42.5078571400071], [-73.7231523148013, 42.5062581594648], [-73.7191148145425, 42.5067534191325], [-73.7186384494426, 42.5081800629153], [-73.7212614312867, 42.5095241040925], [-73.7263756087826, 42.5104095948255], [-73.7332749021485, 42.5121070318474], [-73.740779799526, 42.5144411591587], [-73.7460379871825, 42.5175157367455], [-73.7476380725954, 42.5213605817517], [-73.7457669733024, 42.521700359334], [-73.7430633384572, 42.520076696406], [-73.7377343868383, 42.5171183450378], [-73.7231691188012, 42.5129765566429], [-73.7138684026772, 42.5116028216078], [-73.7061151124426, 42.5104618181438], [-73.7043199775152, 42.5117743693909], [-73.7049949471922, 42.5142405841105], [-73.7059797182687, 42.5174667928129], [-73.7073543733202, 42.5193643767229], [-73.7100699046314, 42.520070445027], [-73.7137208400456, 42.5199133137755], [-73.7190014066448, 42.5195401962553], [-73.7248226315786, 42.5195149996041], [-73.7272134661696, 42.521306690267], [-73.7262600529663, 42.5241149202639], [-73.7253896126832, 42.5262846128767], [-73.7279388677446, 42.5271054579466], [-73.731504238986, 42.5278112660673], [-73.7367851647895, 42.5281308084891], [-73.7442360913072, 42.5286900017041], [-73.7516025266035, 42.5295359120436], [-73.7587426252435, 42.5297394468142], [-73.7560207851541, 42.5334658683914]]], [[[-73.8492235127887, 42.5348893108674], [-73.8402550064209, 42.5332941675068], [-73.8386532400984, 42.5288111407963], [-73.837443973981, 42.5239359028532], [-73.838332223102, 42.5189466945232], [-73.8382114514916, 42.5150459895563], [-73.8383336948936, 42.5084460456485], [-73.8391206589695, 42.506445707412], [-73.8416810553578, 42.5072010207427], [-73.8443968109744, 42.507039359029], [-73.8495575490585, 42.512683770549], [-73.8524098738085, 42.5156301642858], [-73.8554366950141, 42.516615026781], [-73.8580749389685, 42.5160559169492], [-73.8627933715147, 42.5193447713486], [-73.8671146769281, 42.5227377317013], [-73.870054472952, 42.5243607116292], [-73.8726240940474, 42.5237375647972], [-73.8751902501791, 42.5229521660871], [-73.8753229976369, 42.5263306344706], [-73.8752282209892, 42.5289774669342], [-73.87487335696, 42.5358543600013], [-73.8737028292852, 42.5368784815969], [-73.8705176178663, 42.5376756610877], [-73.866936679378, 42.5377124263632], [-73.8642110081458, 42.5391984444072], [-73.8638005005158, 42.5430308152951], [-73.8638463567496, 42.5477951912506], [-73.8622922082775, 42.5477888637515], [-73.8577321005491, 42.5451318466865], [-73.8539445987985, 42.5419600653213], [-73.8482185012291, 42.5384355462145], [-73.8450529527101, 42.5360083033048], [-73.8492235127887, 42.5348893108674]]], [[[-73.9349612898471, 42.5814561831662], [-73.9311665465775, 42.5797817948574], [-73.9276787801628, 42.5783354298675], [-73.9247412438816, 42.5754531567506], [-73.9225088588506, 42.5720641347615], [-73.9202694372666, 42.5695394565794], [-73.9181080371332, 42.5666553181659], [-73.915180353158, 42.5619447565556], [-73.9125629497664, 42.5589480561055], [-73.9080710635052, 42.5565819923951], [-73.9026401001034, 42.5553504255208], [-73.8973693209501, 42.55332762774], [-73.8918613687186, 42.5516444383066], [-73.8895433120649, 42.5492806431973], [-73.8896307597767, 42.5477864960313], [-73.8928936695439, 42.5483763963724], [-73.8974598458051, 42.5503476044591], [-73.9004795085738, 42.5519615645442], [-73.9021924526514, 42.5521400580436], [-73.9025167126185, 42.5490992419806], [-73.9018406441862, 42.5462379205676], [-73.9012313728398, 42.543476457094], [-73.8979746471853, 42.5422023814674], [-73.8951859751328, 42.5411580031208], [-73.8933365673965, 42.5390868308643], [-73.8928068150508, 42.5375326925627], [-73.8926630770039, 42.535586113889], [-73.8920634988201, 42.531446741953], [-73.8913039844131, 42.5288727576608], [-73.889454859376, 42.5268015220906], [-73.8875191566805, 42.525242815674], [-73.8874570276757, 42.5235221154709], [-73.8876925204949, 42.5224257502511], [-73.8911766442704, 42.5239363319866], [-73.894958859908, 42.5272779154209], [-73.8964140520709, 42.5315876781974], [-73.8977070460393, 42.535436572656], [-73.8992393920776, 42.5389364215684], [-73.9020276166524, 42.540440163035], [-73.9049796243327, 42.5410266505673], [-73.9062059835781, 42.5433257886725], [-73.9070446554967, 42.5463056865016], [-73.912053741167, 42.5522430315114], [-73.9152920242589, 42.5558579752032], [-73.9207019827066, 42.5615015137301], [-73.9248774589196, 42.5647916858983], [-73.9278020248833, 42.5692768748332], [-73.9289517472031, 42.5726647735733], [-73.9308775447455, 42.5754834806333], [-73.9345944864567, 42.5779585824039], [-73.9365273824001, 42.580372088692], [-73.9362902493138, 42.5810632686002], [-73.9349612898471, 42.5814561831662]]], [[[-73.9056414244958, 42.4941672682243], [-73.9056729011121, 42.488431085565], [-73.9069466222842, 42.4836792663933], [-73.9071249898696, 42.4795473534507], [-73.9058225400427, 42.4771394286261], [-73.9024911587625, 42.4754595837894], [-73.8994636792364, 42.4759619633438], [-73.8971989989455, 42.4791012033678], [-73.8949467641735, 42.4792685914813], [-73.8941817560578, 42.4766856377067], [-73.8939696596422, 42.4733605984586], [-73.8922000283002, 42.4711730161825], [-73.8873901575203, 42.4710994999058], [-73.8768329388262, 42.4721944058645], [-73.8716217316472, 42.4746468485535], [-73.8678821739596, 42.476348086024], [-73.8637700810962, 42.4761003902285], [-73.8570376119997, 42.4737730076879], [-73.8496921211878, 42.4695030525859], [-73.8456903528651, 42.4657525656486], [-73.8427626674231, 42.46200369315], [-73.8406855927433, 42.4602806863025], [-73.8405396887051, 42.4589643642163], [-73.8411740721845, 42.4559809298356], [-73.8414872498605, 42.4553176239303], [-73.8456726890211, 42.4570348601426], [-73.851936048662, 42.459124021808], [-73.8555735898473, 42.4604031272842], [-73.8575130662182, 42.4603504458978], [-73.8589048597901, 42.4615620174774], [-73.8605854403998, 42.4651359261178], [-73.8658448691742, 42.4677366601639], [-73.8699565235366, 42.4676331224794], [-73.8797327435123, 42.4676749888313], [-73.8940016922286, 42.4680835172505], [-73.9034642287533, 42.468408546814], [-73.9158695712612, 42.4697692030504], [-73.922537354366, 42.4710116910385], [-73.924618461434, 42.4730844980635], [-73.9241444843847, 42.4755385763976], [-73.9211188643382, 42.4744475786548], [-73.9166266060088, 42.4733965789627], [-73.9138256327569, 42.4745318450829], [-73.9131070110997, 42.4785415086836], [-73.9122274957788, 42.4829549952646], [-73.9112586963694, 42.4889164769076], [-73.9107738471405, 42.4927572622018], [-73.9095196824516, 42.4951588335921], [-73.9078053847521, 42.4960340744326], [-73.9056414244958, 42.4941672682243]]]]}}, {"type": "Feature", "properties": {"OBJECTID": 322, "Aquifer_Type": " ", "GPM": "10-100", "AREA": 218437651, "PERIMETER": 392512, "Comments": " "}, "geometry": {"type": "MultiPolygon", "coordinates": [[[[-73.669658257478, 42.410820584685], [-73.673268259525, 42.412665111714], [-73.673192173142, 42.41626941632], [-73.670588704724, 42.424350907271], [-73.669219884068, 42.43154555673], [-73.665494322456, 42.435107411092], [-73.6617873117, 42.437768155696], [-73.658123429887, 42.447600357853], [-73.655335086934, 42.44763070301], [-73.653805225684, 42.445109207191], [-73.651732106792, 42.44319365677], [-73.651406738829, 42.4450359902], [-73.651761632995, 42.447903947063], [-73.651641832082, 42.452432399254], [-73.651051929329, 42.457252443921], [-73.650951937103, 42.459709868835], [-73.648859579792, 42.458955724667], [-73.647092003519, 42.45751207701], [-73.647352282596, 42.455101567386], [-73.647711020742, 42.449945578707], [-73.64814864299, 42.445006608481], [-73.648953001263, 42.442089283529], [-73.647970702817, 42.438934793537], [-73.647075947102, 42.435312944276], [-73.64853913072, 42.428612017925], [-73.649970095174, 42.424882525833], [-73.6536402, 42.421872731121], [-73.657242489178, 42.418393726846], [-73.657489685974, 42.416559456382], [-73.656749406628, 42.412885543212], [-73.655920438036, 42.410867492517], [-73.653064068962, 42.409816424247], [-73.651496254563, 42.410959590674], [-73.650632145811, 42.412786677617], [-73.64959454413, 42.415476184012], [-73.647576765557, 42.41598371612], [-73.645093080145, 42.416251603378], [-73.644177206323, 42.414691733585], [-73.642881092994, 42.412163840995], [-73.639561641125, 42.411115866636], [-73.633053631825, 42.410552222991], [-73.629564039525, 42.410987851987], [-73.627475906727, 42.410116315295], [-73.625415313962, 42.407642096014], [-73.624853680735, 42.409292447018], [-73.624121157542, 42.412849849903], [-73.62105461774, 42.417189813761], [-73.619165206601, 42.419580571043], [-73.616123166093, 42.421741380408], [-73.613307850021, 42.423733507509], [-73.612990631594, 42.424819413443], [-73.603248745429, 42.426969913015], [-73.592471844427, 42.439474959676], [-73.592254251977, 42.449192884275], [-73.593348950879, 42.458926997946], [-73.594509184823, 42.465745541544], [-73.587360074664, 42.472776531182], [-73.585184916681, 42.472938867422], [-73.583695669771, 42.474244306177], [-73.582355612559, 42.476479055804], [-73.58013441851, 42.480756198096], [-73.577936313337, 42.483331587608], [-73.575694100611, 42.48268238667], [-73.572125486021, 42.482313747318], [-73.568686022685, 42.48441419728], [-73.565713550166, 42.487033697243], [-73.565601355672, 42.489950068933], [-73.565711352033, 42.494256076129], [-73.564130778231, 42.503827215398], [-73.56318028924, 42.505544388043], [-73.562577860868, 42.503816748851], [-73.562002907862, 42.499621960675], [-73.560562889606, 42.496343875325], [-73.556543335176, 42.49505051675], [-73.552585033007, 42.494793498143], [-73.55, 42.495964273659], [-73.55, 42.491913989611], [-73.5509183736, 42.491683589389], [-73.556622983625, 42.487883140221], [-73.562878928795, 42.483630034041], [-73.56647342631, 42.481468761195], [-73.5675000041, 42.479869553776], [-73.565111186534, 42.478191696673], [-73.562881624971, 42.476398646694], [-73.564003350988, 42.473305846171], [-73.567075376716, 42.468688415356], [-73.571748966072, 42.459822232173], [-73.575575368852, 42.450846273308], [-73.575635793646, 42.444759233247], [-73.575356493975, 42.442063059817], [-73.571553417735, 42.442610157882], [-73.568885059837, 42.44552167764], [-73.567015920655, 42.445903585681], [-73.564863408585, 42.444453768579], [-73.561682110955, 42.444783134944], [-73.556079031503, 42.446000501493], [-73.55492968974, 42.444617155686], [-73.558144852776, 42.441487746829], [-73.562921829345, 42.437161954334], [-73.567111647267, 42.437304363919], [-73.570111827932, 42.439098043314], [-73.571605991038, 42.437621669873], [-73.57481969549, 42.434428650702], [-73.576547361589, 42.4320906498], [-73.577273390242, 42.429686168397], [-73.580230383494, 42.429020352847], [-73.582439598192, 42.424851066976], [-73.585742496526, 42.421082493713], [-73.589767582903, 42.421276152566], [-73.59277522792, 42.422736009282], [-73.594380499928, 42.424808871375], [-73.596949911134, 42.423858837171], [-73.599458328272, 42.421403894378], [-73.601045317781, 42.418028164785], [-73.600763999053, 42.41475567325], [-73.600873235479, 42.411893215337], [-73.603215073844, 42.410417759151], [-73.607382747295, 42.412449700796], [-73.61108222874, 42.414079643521], [-73.613421102466, 42.41300921179], [-73.614215499737, 42.410947461974], [-73.613317993066, 42.407559496458], [-73.615063492921, 42.403960381092], [-73.617125017705, 42.39966256078], [-73.616211378176, 42.398111497267], [-73.610741143267, 42.394920410219], [-73.607423110242, 42.392835885905], [-73.60607337093, 42.388983067439], [-73.605585178978, 42.38387088345], [-73.606683657174, 42.374986589135], [-73.605939217781, 42.371717460818], [-73.602951290387, 42.369051465999], [-73.599773065042, 42.368742567941], [-73.597045963485, 42.370339218495], [-73.593845866466, 42.373118889376], [-73.590024878513, 42.375278291662], [-73.583481522216, 42.378160560472], [-73.582247594292, 42.378208333625], [-73.576335724647, 42.379999335437], [-73.571978846258, 42.382034512751], [-73.567526847373, 42.385103969778], [-73.561671434466, 42.388903068835], [-73.554497594864, 42.393270771573], [-73.55, 42.397771163564], [-73.55, 42.367168317328], [-73.553305942314, 42.36785068164], [-73.558423400392, 42.367653946425], [-73.562151413968, 42.366475955836], [-73.568693487182, 42.363369783154], [-73.573238065331, 42.358752457871], [-73.575836076466, 42.354407914361], [-73.573538309688, 42.352389097049], [-73.569511554043, 42.35247398083], [-73.565701815837, 42.35348020773], [-73.556323299577, 42.354623313624], [-73.550120594696, 42.354806237379], [-73.55, 42.354722826674], [-73.55, 42.352091511546], [-73.554724576088, 42.351739353423], [-73.563966097936, 42.349793123075], [-73.566623282118, 42.347529902815], [-73.565870805859, 42.345052939486], [-73.562582374656, 42.341184322509], [-73.558134165816, 42.337823352943], [-73.55, 42.327935727064], [-73.55, 42.310074386801], [-73.552088549631, 42.310072485467], [-73.553529135207, 42.313062552323], [-73.555351217606, 42.316291603323], [-73.557081437126, 42.320492087189], [-73.559577407915, 42.326251132322], [-73.565694925195, 42.332766805247], [-73.57190357846, 42.33872512289], [-73.577116507768, 42.343806089534], [-73.581036451423, 42.346700399798], [-73.584892488877, 42.347648647093], [-73.587690861723, 42.346638418456], [-73.592208434762, 42.344199326495], [-73.601242840218, 42.339383801382], [-73.610043534033, 42.33457354734], [-73.610516289024, 42.333426488975], [-73.609221069284, 42.331690738476], [-73.606766995051, 42.329382463757], [-73.607024224579, 42.326800972372], [-73.611241851942, 42.322871618889], [-73.613727991824, 42.321910988527], [-73.614751759845, 42.320608497084], [-73.615788950187, 42.317513986379], [-73.615607192306, 42.31286478201], [-73.617343679814, 42.309202341977], [-73.620322860102, 42.305780024929], [-73.625946578911, 42.300543058107], [-73.632962441799, 42.294908135473], [-73.636780543557, 42.292873279907], [-73.640057246762, 42.289561932849], [-73.641799002057, 42.285556917759], [-73.640881006066, 42.284114111077], [-73.638882119923, 42.283649197961], [-73.640989441556, 42.281251538642], [-73.644049297928, 42.277199068224], [-73.644242794067, 42.27284244339], [-73.645058355916, 42.268943555326], [-73.64934696528, 42.265013585856], [-73.656745746179, 42.259894996265], [-73.66228076993, 42.25522250453], [-73.666261785437, 42.251117129225], [-73.669513288365, 42.250623472216], [-73.672528931042, 42.25104560045], [-73.670246841911, 42.254873678808], [-73.668878964891, 42.260252400948], [-73.667829318388, 42.265472632943], [-73.666755772771, 42.272980172037], [-73.666959718618, 42.275738359109], [-73.668322892906, 42.278672086781], [-73.667179252003, 42.285025907968], [-73.664937964909, 42.293447431884], [-73.6626861703, 42.302264957236], [-73.661242290283, 42.307138244855], [-73.659125669322, 42.31067994993], [-73.65772332187, 42.311005786638], [-73.657133340269, 42.308369048129], [-73.656871894295, 42.303259661321], [-73.659505657887, 42.294563863287], [-73.660246927176, 42.290492842509], [-73.658418218319, 42.287436524636], [-73.656406356331, 42.287142843426], [-73.653466665753, 42.287000219926], [-73.651069991642, 42.287053266575], [-73.649187328609, 42.289444572908], [-73.648061451075, 42.293736090097], [-73.646476945853, 42.297977248996], [-73.641750520717, 42.306783117884], [-73.638138720545, 42.312089792735], [-73.634318192161, 42.314475905493], [-73.628950275454, 42.317536979235], [-73.625356293778, 42.320213719175], [-73.625644811949, 42.322846819574], [-73.626220130518, 42.326870343268], [-73.62702993579, 42.331067657805], [-73.628622312278, 42.334806115751], [-73.630992513928, 42.337797320596], [-73.633426649184, 42.341779862769], [-73.634147987858, 42.34729101411], [-73.635952442004, 42.352977212277], [-73.637591326079, 42.359588824622], [-73.637938174264, 42.363834652727], [-73.636583229594, 42.367663982521], [-73.636089977337, 42.370188783271], [-73.637702457312, 42.37186496624], [-73.637670093144, 42.375187691153], [-73.635511686529, 42.381889267658], [-73.635089394751, 42.384982244148], [-73.636705082135, 42.386595447963], [-73.640712240697, 42.388579253799], [-73.643476974382, 42.390998512837], [-73.646303685319, 42.395498715574], [-73.648534263842, 42.397290176633], [-73.650269356939, 42.39442871788], [-73.652741472389, 42.395016227255], [-73.65294115588, 42.397891384162], [-73.653855004478, 42.399901362922], [-73.656639556698, 42.400663443201], [-73.658949761829, 42.401942317755], [-73.661788427994, 42.404884318025], [-73.664966696379, 42.405362664892], [-73.666978952839, 42.40537708071], [-73.670461856241, 42.405966775681], [-73.674875724762, 42.406342122336], [-73.669658257478, 42.410820584685]]], [[[-73.738862578437, 42.340139116755], [-73.737912130401, 42.343092173679], [-73.731657332959, 42.352036229669], [-73.726652056895, 42.35919137993], [-73.721664003094, 42.365445187508], [-73.713084457002, 42.368954504241], [-73.710654107627, 42.368927194964], [-73.704559527104, 42.369759878852], [-73.700783551572, 42.376026270473], [-73.698278484121, 42.379603242011], [-73.698148157611, 42.385910875577], [-73.695375338432, 42.391723400478], [-73.694258747234, 42.397583723642], [-73.695343674183, 42.40390526155], [-73.687543703911, 42.402804437257], [-73.688109795525, 42.400055158472], [-73.687828151216, 42.396953932149], [-73.689789617895, 42.386124479258], [-73.69019769187, 42.383148185479], [-73.689144731294, 42.380038227819], [-73.688635474121, 42.376709289794], [-73.68920664777, 42.372978432336], [-73.690794691809, 42.368520766721], [-73.692823681832, 42.3673821299], [-73.695481777017, 42.364530485806], [-73.697433744195, 42.362994622888], [-73.699368886362, 42.363007590583], [-73.702466088711, 42.363132818423], [-73.705910156624, 42.359146037983], [-73.708107430664, 42.355766657562], [-73.716306515222, 42.346131484596], [-73.724605049709, 42.331127577193], [-73.728498178294, 42.318230919846], [-73.731452924145, 42.314004066953], [-73.734481739947, 42.309670532851], [-73.73463290164, 42.302123938358], [-73.734057971115, 42.294569409988], [-73.737285347863, 42.278429991253], [-73.736441114048, 42.284351475201], [-73.739140508201, 42.294625321337], [-73.740431424108, 42.30272686232], [-73.740356194284, 42.306500213922], [-73.742373834846, 42.314609788811], [-73.745742169261, 42.318757791495], [-73.738862578437, 42.340139116755]]], [[[-73.62260239501, 42.483082230868], [-73.622590717703, 42.482100852078], [-73.633569686596, 42.480798610485], [-73.631113413128, 42.472992847257], [-73.623653159159, 42.46665291973], [-73.625160085351, 42.463104755971], [-73.630415245419, 42.457287068554], [-73.633300214753, 42.456393840122], [-73.636626580888, 42.456811623364], [-73.637072224865, 42.45905033799], [-73.638529761797, 42.460607596577], [-73.64132004212, 42.460514656589], [-73.644406286775, 42.462424372217], [-73.645778333472, 42.465070175455], [-73.646825654486, 42.468747843742], [-73.649824486296, 42.47163798143], [-73.652115917531, 42.475321154664], [-73.652392659053, 42.478935677498], [-73.652303900233, 42.488174294649], [-73.649991630041, 42.494694217278], [-73.647881569362, 42.495831102687], [-73.645873907333, 42.494618619886], [-73.644425239065, 42.492314067932], [-73.642024805613, 42.491835364778], [-73.639622742574, 42.491419618176], [-73.637627048768, 42.489396787371], [-73.635384778427, 42.488010168215], [-73.634111611794, 42.491156065474], [-73.62260239501, 42.483082230868]]], [[[-73.748558686532, 42.381296158511], [-73.747071589438, 42.382774943644], [-73.743975737386, 42.382533881401], [-73.739871764357, 42.382506938601], [-73.738385120431, 42.384336681571], [-73.737196720175, 42.387484728973], [-73.734702047993, 42.389132326899], [-73.729961523829, 42.390079527681], [-73.726862048671, 42.390756642641], [-73.724347582345, 42.394177943265], [-73.722528734004, 42.398642490874], [-73.720236887331, 42.40357011413], [-73.713081698082, 42.415800874899], [-73.711399113551, 42.421473558247], [-73.710742361347, 42.425942040054], [-73.712492224766, 42.429906162151], [-73.715313687175, 42.434908990768], [-73.715738358107, 42.440308100268], [-73.713367173444, 42.444775367223], [-73.712970355574, 42.445743516655], [-73.710094695323, 42.44699001489], [-73.707073628078, 42.446739878248], [-73.703648997823, 42.447700808034], [-73.700284486132, 42.450598609599], [-73.695520585019, 42.454993226054], [-73.691389950091, 42.456459151017], [-73.687119747205, 42.457184827661], [-73.679808972902, 42.459199201871], [-73.673904877874, 42.460535914107], [-73.66869075119, 42.461943365047], [-73.664899832743, 42.460827711027], [-73.663524918849, 42.458641298115], [-73.664109664133, 42.454802732776], [-73.668376252817, 42.446225026174], [-73.671896740974, 42.442978727795], [-73.671761434846, 42.440968925024], [-73.669761482264, 42.439522840338], [-73.675339862735, 42.429813864989], [-73.681686104961, 42.417268722984], [-73.69760768138, 42.41204269139], [-73.707410128536, 42.408548372232], [-73.711168834218, 42.403182904016], [-73.70759512053, 42.399537377397], [-73.710156049435, 42.393257031473], [-73.7077927626, 42.389168256653], [-73.714491199891, 42.381695415359], [-73.719326757906, 42.376358019371], [-73.727101993677, 42.369435425307], [-73.73081262803, 42.36570252052], [-73.734940400478, 42.359278281089], [-73.741229609049, 42.348483376108], [-73.74133886866, 42.348295850483], [-73.744996829447, 42.344578277385], [-73.744912695749, 42.344791923313], [-73.747873444846, 42.341654138282], [-73.750624894415, 42.33742440744], [-73.752361476698, 42.333012398504], [-73.75222504736, 42.330552341944], [-73.750944148702, 42.325900374744], [-73.752059446191, 42.322121064461], [-73.754411829334, 42.318913533065], [-73.756745341931, 42.317038537757], [-73.759145761271, 42.317622887859], [-73.760057844685, 42.319064772135], [-73.759875488122, 42.322791229962], [-73.759764249936, 42.327373935259], [-73.760908706615, 42.329043427033], [-73.763630134975, 42.327514733766], [-73.763743673276, 42.323265291993], [-73.764398438333, 42.318571204374], [-73.767061760561, 42.314394132239], [-73.768606281958, 42.315383357638], [-73.769821475638, 42.318251254351], [-73.771019447588, 42.323649563085], [-73.771818136558, 42.330079322258], [-73.770935714193, 42.334257589438], [-73.771048634606, 42.338743746073], [-73.769338732589, 42.339824085302], [-73.765646576425, 42.337046695486], [-73.764022407098, 42.336921147821], [-73.763931328681, 42.338469142079], [-73.765149367522, 42.340823784729], [-73.766523820949, 42.343477232018], [-73.766032977307, 42.347317507543], [-73.764912416624, 42.350979829493], [-73.765583195026, 42.354084998889], [-73.762918933477, 42.3586042391], [-73.759779394925, 42.363802761022], [-73.756964804799, 42.367284490419], [-73.753082542252, 42.368304987319], [-73.750962525694, 42.371325997983], [-73.751025527466, 42.372821626512], [-73.749143827933, 42.376367341395], [-73.748558686532, 42.381296158511]]], [[[-73.748382074498, 42.32771863817], [-73.748406432893, 42.333455692408], [-73.748277607393, 42.328288178409], [-73.749209070272, 42.32089218581], [-73.748382074498, 42.32771863817]]]]}}, {"type": "Feature", "properties": {"OBJECTID": 332, "Aquifer_Type": " ", "GPM": ">100", "AREA": 37728213, "PERIMETER": 139120, "Comments": " "}, "geometry": {"type": "MultiPolygon", "coordinates": [[[[-74.4217636441887, 42.315994306817], [-74.4213726071135, 42.3124981274561], [-74.4209010398449, 42.3093437009817], [-74.4185750567837, 42.3074496717773], [-74.416174973749, 42.3070502018604], [-74.4109127216828, 42.3087794892813], [-74.40565086226, 42.3104364125966], [-74.4003882580019, 42.3111835652489], [-74.3945040711379, 42.3107834695186], [-74.3910206861126, 42.3100986157007], [-74.3901676707021, 42.3090584080058], [-74.3920249077711, 42.3075732859399], [-74.3969047773545, 42.307166757172], [-74.4010860188513, 42.3075129164606], [-74.40495070792, 42.3069925974138], [-74.4088169454677, 42.3055086052989], [-74.4109864243132, 42.3033313621544], [-74.4127589293755, 42.2999451956418], [-74.4137586631703, 42.2967891639419], [-74.4134457107322, 42.2947252141923], [-74.4104249293656, 42.2924852941795], [-74.4075589084341, 42.2900840168312], [-74.4014342834533, 42.2869271689049], [-74.3984922208637, 42.2846333179188], [-74.3977162881906, 42.2826838581277], [-74.3991843622865, 42.2797646962822], [-74.400186761571, 42.2763747632412], [-74.4006406150733, 42.2731079252507], [-74.3997091341061, 42.2692124502859], [-74.3969971074065, 42.2668566378675], [-74.3825232926132, 42.2596379886666], [-74.3772619640562, 42.2560251692359], [-74.3734703214542, 42.2532758316924], [-74.3716095876876, 42.2506899475025], [-74.3687461425783, 42.2475940918138], [-74.366348534517, 42.2450681950576], [-74.3637128766998, 42.2445581818864], [-74.3604677877727, 42.242720975143], [-74.3556725866265, 42.2404786053698], [-74.3521143548912, 42.2392247774975], [-74.3493254115124, 42.2395062252093], [-74.3482456948851, 42.2412202951083], [-74.3445349712685, 42.2419737073715], [-74.33734443327, 42.2444360616132], [-74.3325538228826, 42.2454080408672], [-74.3269832106375, 42.2453484750376], [-74.3218825764767, 42.2435622157739], [-74.3168562879808, 42.2408125215652], [-74.3133004398484, 42.2408092962055], [-74.3099740248756, 42.2436803718982], [-74.3045624560703, 42.2492855108143], [-74.301154103124, 42.2533085677088], [-74.3006966315801, 42.2557644217977], [-74.2895551972284, 42.2572539727108], [-74.2818252816508, 42.2553506601529], [-74.2785766085888, 42.2526555251336], [-74.2759432756947, 42.2506486054394], [-74.271303411036, 42.2492052630396], [-74.2673628307003, 42.2491531456398], [-74.2634925574175, 42.2503441281133], [-74.2592367986717, 42.2522350998876], [-74.2559178020524, 42.2530331924697], [-74.2535161809023, 42.253026590606], [-74.2474126481976, 42.2509603605792], [-74.2428503101822, 42.2475170471916], [-74.2377463892823, 42.2463034877207], [-74.2324923498534, 42.2467547745186], [-74.2279190013171, 42.2492728543849], [-74.2241312092389, 42.2505893023579], [-74.2197242568119, 42.2514960391066], [-74.2062653655932, 42.2517099223581], [-74.1952109659799, 42.2511197274066], [-74.1890237690775, 42.2504187361946], [-74.184466007797, 42.2486393031888], [-74.1772799840455, 42.2442650790241], [-74.1733416875754, 42.2417330986449], [-74.170482751739, 42.2408118402249], [-74.1689738731988, 42.2396571835702], [-74.1715666563853, 42.2391445928712], [-74.175976747053, 42.2391582632429], [-74.1843994146896, 42.2419292310535], [-74.1914322886408, 42.2450320466845], [-74.1962232174688, 42.2465878193116], [-74.206272795835, 42.2468918311967], [-74.2143896933088, 42.2459299547645], [-74.2249936172678, 42.2436514177578], [-74.2321030147828, 42.2426274463733], [-74.237829888356, 42.2418910894862], [-74.2439397213972, 42.2420665040746], [-74.2470248069386, 42.244077126406], [-74.2495789145118, 42.2455168267437], [-74.2546863041725, 42.2464327390127], [-74.2621052272177, 42.2458682318728], [-74.2703828134403, 42.2455969403247], [-74.2769503667755, 42.2460618278624], [-74.2809755013728, 42.2481224816777], [-74.2877808529865, 42.2507676570506], [-74.2911851971836, 42.2520316212077], [-74.2945085976956, 42.2514667378438], [-74.3004600471727, 42.2479726663284], [-74.3079597388203, 42.2420650943613], [-74.3110494143677, 42.2396611539243], [-74.310663662079, 42.2382267766697], [-74.3044010345062, 42.2359825298772], [-74.2934223636834, 42.2323130328014], [-74.2819823623738, 42.2298913893314], [-74.2737867575648, 42.2273001000837], [-74.264976185833, 42.2252896625694], [-74.2589518818307, 42.2240171158744], [-74.2538474903201, 42.2228672074183], [-74.25013870166, 42.2215372026231], [-74.2477411630287, 42.219359994416], [-74.2444946927147, 42.2193027293406], [-74.2421005473441, 42.2195300540546], [-74.2318959618945, 42.2178502042085], [-74.2231685593438, 42.2168097678875], [-74.2178279591518, 42.2162241158485], [-74.2141217707289, 42.2147849099806], [-74.2098810675571, 42.2112794429794], [-74.2024620977928, 42.2059954503258], [-74.1966728114336, 42.2020824296839], [-74.1897210417511, 42.1994938351116], [-74.1765984399657, 42.1936815838575], [-74.1696492606801, 42.1917221914894], [-74.1662492803658, 42.1899864158659], [-74.1642456958973, 42.1885488644943], [-74.1641683859561, 42.1868371870787], [-74.1671853196685, 42.1866068249374], [-74.1721281014774, 42.1891373740952], [-74.1794589590574, 42.1907030625074], [-74.1839404971992, 42.1903117329225], [-74.1877327611658, 42.1884202504153], [-74.1899765722352, 42.185671210133], [-74.1911400842511, 42.1829774536093], [-74.191919469477, 42.1809746821313], [-74.1948486891537, 42.1816706128003], [-74.1968625102657, 42.1817297518624], [-74.19816816285, 42.1817839078722], [-74.1960835553398, 42.1843091155252], [-74.1898161520371, 42.1896867818059], [-74.18826490953, 42.1924948366329], [-74.189194156581, 42.1938163271242], [-74.1929785506893, 42.1944553158924], [-74.1942910240463, 42.1958876030967], [-74.195213631426, 42.1970377326792], [-74.2012397334233, 42.2003761057814], [-74.2066353852637, 42.205024719284], [-74.2128924565635, 42.2085351595211], [-74.2187642266124, 42.211412233994], [-74.2260252249141, 42.2134246905793], [-74.2349948081862, 42.2153311285257], [-74.2397047043868, 42.2159748337367], [-74.2468907638588, 42.2164904696937], [-74.2492905574651, 42.2165512231099], [-74.2522268486905, 42.2181104282695], [-74.2604165783183, 42.2210364751335], [-74.2706234811146, 42.2233983189156], [-74.2833711450727, 42.2261624359342], [-74.2926503283846, 42.2284715874684], [-74.3020854000654, 42.2311141901954], [-74.3067189333367, 42.2309980401702], [-74.3084990013089, 42.2314050691879], [-74.3118996008268, 42.2329566294552], [-74.3213377696535, 42.2377139711986], [-74.3251262249338, 42.2396095991911], [-74.3282162800298, 42.2399519879974], [-74.331082713013, 42.2382395366157], [-74.3565196909824, 42.2373221848938], [-74.3594533015319, 42.2387616613408], [-74.365027433832, 42.2400804653824], [-74.3697408023, 42.2412863095707], [-74.3748495670947, 42.242205793843], [-74.379797525779, 42.2416291813992], [-74.3831167976527, 42.2397918139915], [-74.3858213304949, 42.2355554365267], [-74.3867400854914, 42.229697305937], [-74.3851082463197, 42.2233392780065], [-74.3840154852589, 42.218578171847], [-74.3838578532281, 42.2150198503309], [-74.3837040484257, 42.2119839852328], [-74.3813036588101, 42.2095213128387], [-74.3778952662909, 42.207170274607], [-74.3744184733735, 42.2048728784369], [-74.3699319434897, 42.203497383771], [-74.3661473961644, 42.2028100242783], [-74.3643648879949, 42.2010350163497], [-74.3675355670501, 42.200106893157], [-74.3727158738273, 42.201261075477], [-74.3786637774234, 42.2033829324708], [-74.3833803984197, 42.2040116825248], [-74.3863914017027, 42.2036135325431], [-74.3873249026856, 42.2057350211388], [-74.3888745352204, 42.2110028797812], [-74.3886485982492, 42.2137035515639], [-74.3892728857278, 42.2174354372698], [-74.3909809050386, 42.2223618425603], [-74.3917591571998, 42.2277517011808], [-74.3921549343339, 42.2322839250096], [-74.3914614214975, 42.2363510540797], [-74.388456976607, 42.2407660535213], [-74.3842040715653, 42.2442107146744], [-74.3818873911629, 42.2459273673963], [-74.380187701007, 42.248052685984], [-74.3830551103164, 42.2501755337527], [-74.3879283025955, 42.2523540530082], [-74.3948155026705, 42.2550474342827], [-74.3971436993289, 42.257221108128], [-74.4024865125234, 42.2612926636222], [-74.4080560617846, 42.2650230622752], [-74.409761324834, 42.2677696291274], [-74.4098442333711, 42.2713904405661], [-74.4082313775599, 42.2759211360323], [-74.4070770970716, 42.2790672376478], [-74.4067662501848, 42.2818214101849], [-74.4080847862045, 42.2833142998964], [-74.4141226317332, 42.2858398670285], [-74.4172212207313, 42.2880170568602], [-74.4190903814339, 42.2916829304024], [-74.4216478335883, 42.2958655803962], [-74.4236684802624, 42.2981001811118], [-74.4256140408642, 42.3036035671449], [-74.4280179481375, 42.3087669484525], [-74.4305767425716, 42.3111212516283], [-74.4370196009866, 42.317763299008], [-74.4394252393619, 42.3220618475393], [-74.4402106805253, 42.3282618004531], [-74.4409173545205, 42.3318674982654], [-74.4411540080028, 42.3339310800135], [-74.4376692800765, 42.3349046025321], [-74.4335664676589, 42.3342270971082], [-74.4310047443827, 42.3319269694216], [-74.4292977790466, 42.3274065344048], [-74.4283583865142, 42.3245919798554], [-74.4266523489812, 42.3223590444748], [-74.4217636441887, 42.315994306817]]], [[[-74.3812703879768, 42.3089477162144], [-74.3593537202403, 42.2971919160627], [-74.357576689662, 42.2955338247512], [-74.3537031724313, 42.2953049606154], [-74.3499875038413, 42.2963916704494], [-74.3460429159744, 42.2986207712289], [-74.3412507521416, 42.30315033086], [-74.3382275370468, 42.3048170875783], [-74.3345145266129, 42.3041291921216], [-74.3212020147048, 42.2997643059098], [-74.313771008167, 42.2974146166804], [-74.3084349511048, 42.2964280139761], [-74.3048756745561, 42.2972890962893], [-74.3010087415303, 42.298661527259], [-74.2845177218981, 42.307196466449], [-74.2798743592799, 42.3070143280113], [-74.2755429465129, 42.3071312034069], [-74.2715156024469, 42.3075830968739], [-74.2696545475139, 42.3079853652474], [-74.239547441184, 42.3097262064394], [-74.2373048011575, 42.3084145167029], [-74.2329699974733, 42.308178504879], [-74.2289459134152, 42.3077102178928], [-74.2271670269702, 42.3063293227006], [-74.2283355848645, 42.3046982347007], [-74.2308858331588, 42.303463413162], [-74.261184927885, 42.3032912927303], [-74.2706016027587, 42.3026219589999], [-74.2754942496402, 42.3023737522414], [-74.2802259087313, 42.3018431217683], [-74.2905583656379, 42.2949319710609], [-74.2980664100301, 42.2922943495327], [-74.3046426048655, 42.2896686874666], [-74.3085850677966, 42.2897825686013], [-74.3173307832544, 42.2929960187939], [-74.3280857741867, 42.2978686505532], [-74.3328844984699, 42.2993645489565], [-74.3378375868841, 42.2986187960033], [-74.3406257470864, 42.296500480847], [-74.3478930168205, 42.2909942976311], [-74.3527663757071, 42.2897971383446], [-74.3571029054507, 42.290541876967], [-74.3619804989137, 42.2917488634863], [-74.369338255009, 42.2940951193421], [-74.3728209884723, 42.2962756165259], [-74.374445937285, 42.298625973329], [-74.3763039052257, 42.3007524671469], [-74.3793275967834, 42.3020117373474], [-74.3832756849673, 42.3024112197149], [-74.3849750616541, 42.3035641632438], [-74.384674043925, 42.305967058416], [-74.3830837226344, 42.3077686486706], [-74.3812703879768, 42.3089477162144]]]]}}, {"type": "Feature", "properties": {"OBJECTID": 333, "Aquifer_Type": " ", "GPM": ">100", "AREA": 6409818, "PERIMETER": 23653, "Comments": " "}, "geometry": {"type": "MultiPolygon", "coordinates": [[[[-74.4989404536617, 42.3676546163207], [-74.4961484107989, 42.3667416882727], [-74.4916516482153, 42.3660015008515], [-74.4849894755329, 42.3659447557207], [-74.4773122833769, 42.3636044814573], [-74.4704908714447, 42.3613757893326], [-74.4668398272127, 42.3573063339348], [-74.463502271768, 42.3535263638598], [-74.4593906808899, 42.3492833411583], [-74.4566642488727, 42.3461904602638], [-74.4555050843664, 42.3447620198621], [-74.4585249202883, 42.344064893793], [-74.4609992808945, 42.3432659897119], [-74.4627770137216, 42.3435534638948], [-74.4654196579372, 42.3454390606945], [-74.4696122654524, 42.349448044539], [-74.4724029075229, 42.3521987513492], [-74.4753563894173, 42.3549500434276], [-74.4776827065099, 42.3570139912485], [-74.4804722943669, 42.3581523745013], [-74.4869808854459, 42.3581545795783], [-74.4930201556574, 42.3568755580292], [-74.4978159326822, 42.3593054767141], [-74.4977955386737, 42.3618664616018], [-74.49985547824, 42.3634122184224], [-74.5039956077122, 42.3639424542625], [-74.5039794904368, 42.3659912967456], [-74.5011906068589, 42.3689702204619], [-74.4989404536617, 42.3676546163207]]], [[[-74.5160731505096, 42.3722759735374], [-74.5170861801381, 42.3737932235184], [-74.5224427501588, 42.3773729553603], [-74.5318407441054, 42.3841840502139], [-74.53821693307, 42.3889379243083], [-74.5445126573483, 42.3950599378251], [-74.5486350197404, 42.3992368955546], [-74.5554729212407, 42.4043878907929], [-74.5599825499381, 42.4072421428559], [-74.5643268576104, 42.4083844358476], [-74.5678190382776, 42.4088389492664], [-74.5668965172827, 42.4106725868949], [-74.5656650988909, 42.4123430629357], [-74.5650030794499, 42.4131690258253], [-74.558761170836, 42.4120104658962], [-74.5523926169089, 42.4077801111428], [-74.5477265925736, 42.4041144793577], [-74.5387906476568, 42.3978739190796], [-74.5324927270423, 42.3928952981107], [-74.5262787990047, 42.3883758876015], [-74.5185882553592, 42.3822560234245], [-74.5160731505096, 42.3722759735374]]]]}}, {"type": "Feature", "properties": {"OBJECTID": 334, "Aquifer_Type": " ", "GPM": "10-100", "AREA": 3000658, "PERIMETER": 10095, "Comments": " "}, "geometry": {"type": "Polygon", "coordinates": [[[-74.5185882553592, 42.3822560234245], [-74.5148605768287, 42.3795024917549], [-74.5075569926461, 42.3733204870421], [-74.5032123069431, 42.3707440956196], [-74.5011906068589, 42.3689702204619], [-74.5039794904368, 42.3659912967456], [-74.5039956077122, 42.3639424542625], [-74.49985547824, 42.3634122184224], [-74.4977955386737, 42.3618664616018], [-74.4978159326822, 42.3593054767141], [-74.4930201556574, 42.3568755580292], [-74.4956529183359, 42.355446309986], [-74.4982741697653, 42.353548550848], [-74.5010636518047, 42.352804186573], [-74.5044727991896, 42.3535394005335], [-74.5081252729774, 42.3559507073526], [-74.5092156410767, 42.3593865351829], [-74.509532983368, 42.3623058060927], [-74.5112483354932, 42.3638532151082], [-74.5148044073012, 42.363742079152], [-74.5187564309522, 42.3642450538027], [-74.5217854819988, 42.3663650780582], [-74.5245883663536, 42.3691145594569], [-74.5256003088525, 42.3710099084046], [-74.5236664265854, 42.3715783397293], [-74.5190870856855, 42.3704425198869], [-74.5173100070632, 42.3709572968932], [-74.5160731505096, 42.3722759735374], [-74.5185882553592, 42.3822560234245]]]}}, {"type": "Feature", "properties": {"OBJECTID": 335, "Aquifer_Type": " ", "GPM": "10-100", "AREA": 1734335, "PERIMETER": 5827, "Comments": " "}, "geometry": {"type": "Polygon", "coordinates": [[[-74.4077800073704, 42.526954818709], [-74.4066946864397, 42.5281019814891], [-74.4055250988316, 42.5291316456437], [-74.4036594965013, 42.5278160180868], [-74.4007853114914, 42.5259819556917], [-74.3965894935523, 42.5240867544205], [-74.3960477491931, 42.5226609141408], [-74.3972040619393, 42.5181280998336], [-74.3987459386304, 42.5130208602566], [-74.4013104631073, 42.5099272809289], [-74.4062690412869, 42.5078546975356], [-74.4089450446426, 42.5069602970724], [-74.4077800073704, 42.526954818709]]]}}, {"type": "Feature", "properties": {"OBJECTID": 533, "Aquifer_Type": " ", "GPM": "10-100", "AREA": 1422266, "PERIMETER": 8151, "Comments": " "}, "geometry": {"type": "Polygon", "coordinates": [[[-74.7479176443657, 42.5895166686282], [-74.75, 42.5889447203579], [-74.75, 42.592732534853305], [-74.7471766841427, 42.5924707450497], [-74.7432124354495, 42.5926601046294], [-74.7479176443657, 42.5895166686282]]]}}, {"type": "Feature", "properties": {"OBJECTID": 534, "Aquifer_Type": " ", "GPM": "10-100", "AREA": 689337, "PERIMETER": 5313, "Comments": " "}, "geometry": {"type": "Polygon", "coordinates": [[[-74.7431162409364, 42.5132609377978], [-74.7358432401285, 42.5137121631294], [-74.7238231674968, 42.5153210271315], [-74.7178164836063, 42.5153063945152], [-74.7177567533085, 42.5152404282023], [-74.7196417185785, 42.5144254193321], [-74.7241324063053, 42.5126351535173], [-74.7307957361723, 42.511002904028], [-74.7395643537087, 42.5103477735878], [-74.7453903497136, 42.5107210261108], [-74.7490434460374, 42.511341537661], [-74.7431162409364, 42.5132609377978]]]}}, {"type": "Feature", "properties": {"OBJECTID": 540, "Aquifer_Type": " ", "GPM": ">100", "AREA": 225680615, "PERIMETER": 685636, "Comments": " "}, "geometry": {"type": "MultiPolygon", "coordinates": [[[[-74.7479176443657, 42.5895166686282], [-74.7432124354495, 42.5926601046294], [-74.7397158926807, 42.5922739618735], [-74.7322581354159, 42.5933285101812], [-74.7249564118663, 42.594040711066], [-74.7174970415537, 42.5953283951643], [-74.7074891598846, 42.5985634096149], [-74.6957860464583, 42.6048460014251], [-74.6901381484805, 42.608937439093], [-74.685654179553, 42.6138784282519], [-74.6815713290945, 42.6203692837582], [-74.6805803951527, 42.6236986675297], [-74.6801330632383, 42.6276598285627], [-74.6803917885222, 42.6316140422758], [-74.68237189078, 42.6379145717001], [-74.6870105147378, 42.6459783675576], [-74.6901384773213, 42.6492379637997], [-74.6943634692543, 42.6534099680095], [-74.6976513434865, 42.6574801229141], [-74.6993921649151, 42.661429172944], [-74.699724298279, 42.6646901323817], [-74.6978049053408, 42.669169864299], [-74.6949461937481, 42.6735301044795], [-74.6925419828203, 42.6753788120136], [-74.6892054042597, 42.6762973748954], [-74.6874071508029, 42.6746985461309], [-74.6875463716049, 42.6718981254913], [-74.6883035020436, 42.667874603581], [-74.6919223774785, 42.661274270615], [-74.6910455151327, 42.6584711920365], [-74.6896351256432, 42.6556666611972], [-74.6862658347878, 42.652406394069], [-74.6840658995354, 42.6489691812565], [-74.6815812203437, 42.6488092368856], [-74.677856937115, 42.6512212971653], [-74.6720403497989, 42.6541677612916], [-74.6669922885363, 42.6564677125459], [-74.6612508646889, 42.6594137540176], [-74.6544966843853, 42.6617260118167], [-74.6519947116601, 42.660187525839], [-74.6523706142873, 42.6581803736346], [-74.6543831119238, 42.655817926838], [-74.6595910840312, 42.6539153538942], [-74.6682835213145, 42.6511400435061], [-74.6740304564388, 42.6483738262149], [-74.6761182649939, 42.6460112071885], [-74.6773441549128, 42.6427996772688], [-74.6762232471423, 42.6378703479412], [-74.6745656465571, 42.6332366975319], [-74.6743083520848, 42.6279587316005], [-74.6751278744766, 42.6222243537606], [-74.674335702192, 42.6198176278094], [-74.6727833103961, 42.6202274720779], [-74.6710860308212, 42.6221227825778], [-74.6692349663197, 42.6251073590351], [-74.6669918500351, 42.6275234324343], [-74.663665261359, 42.6312511142883], [-74.6567776038999, 42.6375797314816], [-74.6512809460309, 42.6425252234196], [-74.6465563840562, 42.64643721342], [-74.6401150553656, 42.6498934365873], [-74.6375568602098, 42.6516144599662], [-74.6369302567136, 42.6500184438381], [-74.6364474199779, 42.6478375438991], [-74.6365170822487, 42.6463427732148], [-74.642332113371, 42.6414620160201], [-74.6510947364331, 42.6357613513072], [-74.6575211408623, 42.6304674065246], [-74.6613036155721, 42.6254174173689], [-74.6647035446765, 42.6210506515468], [-74.6703561059417, 42.6166181645166], [-74.6752346511506, 42.6137323160577], [-74.6822823185437, 42.6086187068302], [-74.6861588058827, 42.6059637059221], [-74.6915844840298, 42.6030875672267], [-74.7034306368797, 42.5960583597368], [-74.7122820336923, 42.5932800892398], [-74.7204250237705, 42.5913550473167], [-74.7264107250496, 42.5907120322498], [-74.7299036220674, 42.5902970455652], [-74.7335427437852, 42.5879370914849], [-74.7378078528983, 42.5860826725396], [-74.7440899669011, 42.5845209219671], [-74.75, 42.58434816543203], [-74.75, 42.5889447203579], [-74.7479176443657, 42.5895166686282]]], [[[-74.7474723493194, 42.5196053925626], [-74.7442101035816, 42.5194991132791], [-74.7404721917331, 42.518482080316], [-74.734567323361, 42.5182704680661], [-74.7262631765972, 42.5187552483446], [-74.7162599036196, 42.5204510433056], [-74.7047035575895, 42.5232947556912], [-74.6955620052069, 42.525729466829], [-74.6920018099804, 42.5282686240452], [-74.6898323937228, 42.5290102841695], [-74.6892755400162, 42.5274147097578], [-74.6914370615142, 42.5248808834959], [-74.6924314936946, 42.5222988687718], [-74.6993283578129, 42.5191831474513], [-74.707627422868, 42.5181868975741], [-74.7157684452787, 42.516099988871], [-74.7177567533085, 42.5152404282023], [-74.7178164836063, 42.5153063945152], [-74.7238231674968, 42.5153210271315], [-74.7358432401285, 42.5137121631294], [-74.7431162409364, 42.5132609377978], [-74.7490434460374, 42.511341537661], [-74.75, 42.511051446077964], [-74.75, 42.51892265877501], [-74.7474723493194, 42.5196053925626]]], [[[-74.7498125529721, 42.4523554990413], [-74.7464298574306, 42.4563737136984], [-74.7419508305441, 42.460002006541], [-74.7353009574225, 42.4635801976759], [-74.7294884144763, 42.4646292905426], [-74.7225218167432, 42.4663146804452], [-74.7162374490186, 42.4673710515897], [-74.709962569071, 42.4681298768187], [-74.7037578161821, 42.4684922702027], [-74.7003395677108, 42.4678709261744], [-74.6981629477348, 42.4674149207787], [-74.6960067390427, 42.4693185382755], [-74.6936845565277, 42.4703028957936], [-74.6915022246631, 42.4694505686714], [-74.6865468451831, 42.4703196136978], [-74.6812019975233, 42.4718269219256], [-74.6791703550606, 42.4703443140498], [-74.6802497682043, 42.4689064073776], [-74.6852008015031, 42.4661373094992], [-74.6916351402799, 42.4646868640335], [-74.6993851845779, 42.4639689356385], [-74.7050509774571, 42.4644699671176], [-74.7107041020586, 42.462971416862], [-74.7156655617254, 42.4625516346703], [-74.7242777812268, 42.4624104214515], [-74.7307098764425, 42.4607866969618], [-74.7395303391005, 42.4569165877743], [-74.7446993281795, 42.4527675076364], [-74.75, 42.44822887071], [-74.75, 42.45217990601556], [-74.7498125529721, 42.4523554990413]]], [[[-74.7458491354691, 42.4395226554075], [-74.7405585734195, 42.4362147491265], [-74.7370925536344, 42.4344505946119], [-74.7407709819647, 42.4333513722015], [-74.7441094663755, 42.4345385966642], [-74.7483131363719, 42.4371595536478], [-74.75, 42.437970483423726], [-74.75, 42.44204350112164], [-74.7458491354691, 42.4395226554075]]]]}}, {"type": "Feature", "properties": {"OBJECTID": 643, "Aquifer_Type": " ", "GPM": "10-100", "AREA": 241709675, "PERIMETER": 498705, "Comments": " "}, "geometry": {"type": "Polygon", "coordinates": [[[-73.7502179748439, 42.7988197745179], [-73.7543757029942, 42.7959203363415], [-73.7615155307467, 42.7906214864125], [-73.7634872100029, 42.7879322251965], [-73.7655812501827, 42.786072653636], [-73.7695120803111, 42.7852144400407], [-73.7762346337144, 42.7820355255621], [-73.7800835585796, 42.7789516816521], [-73.780639307358, 42.7771835621115], [-73.7805963545154, 42.7734548660388], [-73.778914869378, 42.7685111554119], [-73.7783051360628, 42.766730609572], [-73.777660352742, 42.7632386672559], [-73.7775042716568, 42.7605263265361], [-73.7771305139683, 42.7586402492172], [-73.7749072684134, 42.7540958391354], [-73.7752317951831, 42.7521992151913], [-73.7774087490083, 42.7523305205014], [-73.7792733596684, 42.7538271642257], [-73.7804204035541, 42.7562438564959], [-73.7816286384234, 42.7607774536415], [-73.782813227886, 42.7633205671237], [-73.7835424680778, 42.7653183527761], [-73.7860848039772, 42.7694608163693], [-73.7866002879197, 42.7727982800984], [-73.7861834339668, 42.7766930768829], [-73.7840454125348, 42.7804616539535], [-73.7814472182446, 42.7842973196706], [-73.7793148103478, 42.7876697117491], [-73.7800056035061, 42.7885324904787], [-73.7831283419588, 42.7880344277593], [-73.785476227708, 42.7866094424298], [-73.7896887841227, 42.7816380515283], [-73.792090772025, 42.778664637864], [-73.7963178208548, 42.7756472571162], [-73.8015628384202, 42.7733789304836], [-73.8083491554938, 42.7723779837248], [-73.8138751620193, 42.773209836643], [-73.8199322178421, 42.7763341362932], [-73.8247307641468, 42.7804268511579], [-73.8301474937155, 42.7867048757431], [-73.8321451809988, 42.7902644321608], [-73.8357183967498, 42.792642076115], [-73.8360453802785, 42.7946806275591], [-73.8344405506125, 42.7990768839514], [-73.8340162181781, 42.7981540340958], [-73.8315609472949, 42.798660387453], [-73.8292046548313, 42.800482470677], [-73.8264610897314, 42.8030569124248], [-73.8237238370036, 42.8036681576604], [-73.8213074963592, 42.8033191848686], [-73.8132989069091, 42.8005889146584], [-73.8075354739233, 42.7998177652223], [-73.8023969217535, 42.7997911437632], [-73.7963855143343, 42.8006287214101], [-73.7925550067253, 42.8018761481121], [-73.7902857311549, 42.8027798168858], [-73.7901923088182, 42.8040394873507], [-73.7954067142178, 42.8053822235514], [-73.8024944517151, 42.8063930172672], [-73.8077096523008, 42.8073929816913], [-73.8093372684686, 42.8091749472673], [-73.8073714830546, 42.8112256312257], [-73.8036865284275, 42.8129884084065], [-73.8033594592988, 42.8146509798942], [-73.8047458082295, 42.8172949021617], [-73.8049672876571, 42.8191342664879], [-73.8032249614491, 42.8221058224062], [-73.8000098534546, 42.82404436091], [-73.7963339836754, 42.8252936183786], [-73.7945354637762, 42.8263192680184], [-73.7941256273215, 42.828206111667], [-73.7972288129069, 42.8307961625211], [-73.8017392578868, 42.8325994758984], [-73.8028151956162, 42.834384755609], [-73.8020831322893, 42.8377629938487], [-73.801519413208, 42.8403415978843], [-73.8035313664719, 42.8420646373112], [-73.8071170276712, 42.8426063321692], [-73.8093826905316, 42.8416393675042], [-73.8112818863397, 42.8385522227239], [-73.8135003058399, 42.8339736139288], [-73.8143173025843, 42.8293893665255], [-73.8149012741835, 42.8249197421595], [-73.8160186951064, 42.8216534399272], [-73.8193318119886, 42.8170229044839], [-73.8212959530411, 42.8149629063209], [-73.823950980231, 42.8146840028207], [-73.8278344203725, 42.8163086955107], [-73.8300541458632, 42.8188438877142], [-73.8310055791086, 42.8198801733374], [-73.8315189781394, 42.823550516025], [-73.8316602219325, 42.8259653154773], [-73.8332006417836, 42.8287817077318], [-73.8339544057425, 42.8324545737914], [-73.835117819166, 42.8333759377919], [-73.8367765634681, 42.8298266539383], [-73.8372702665828, 42.826733873944], [-73.8383786322832, 42.8243857871013], [-73.8398090280555, 42.8214105339213], [-73.8409087853221, 42.8199177444209], [-73.841925361178, 42.8195227887339], [-73.8437830074868, 42.8219999409363], [-73.8450899743275, 42.8244084856196], [-73.8487151136368, 42.8291366621489], [-73.8504055713578, 42.833152052009], [-73.8519404939521, 42.8357429608138], [-73.8554466996577, 42.8369576884393], [-73.858398086237, 42.8391484155394], [-73.8625109917996, 42.8415756972859], [-73.8681164578284, 42.8430360495675], [-73.8710800124477, 42.8433354107879], [-73.8733449725379, 42.8431146313982], [-73.8745242746559, 42.8415141772906], [-73.87818765907966, 42.85], [-73.86913385688068, 42.85], [-73.8683079241682, 42.8492245145529], [-73.8626973780615, 42.8483404271862], [-73.8552973477274, 42.8467089152563], [-73.850241061941, 42.8445059934278], [-73.8472877412311, 42.8428284096119], [-73.8452720745546, 42.8417364271128], [-73.8439594328342, 42.83920169682], [-73.8420147229929, 42.8389120324818], [-73.8381082670021, 42.8396378304051], [-73.8350696132505, 42.8392828303947], [-73.8321012240509, 42.8396669226595], [-73.8306754048942, 42.8431644008314], [-73.8297790908454, 42.8474596587932], [-73.82823472168687, 42.85], [-73.78900309595421, 42.85], [-73.787888863466, 42.8475958792157], [-73.7840235152828, 42.8409392297175], [-73.7836321778609, 42.8354219569146], [-73.7837691010161, 42.8284402202286], [-73.7808314643045, 42.8254686544833], [-73.7773442909313, 42.8250640397554], [-73.7753256618186, 42.8261451080919], [-73.7752603644719, 42.8294522475615], [-73.7766493749832, 42.834980128032], [-73.7765768781145, 42.8386547035394], [-73.7729800163515, 42.8437618946077], [-73.7714600978192, 42.8448481441072], [-73.76328720183143, 42.85], [-73.76236546658168, 42.85], [-73.7559431057938, 42.8465183387968], [-73.7500320952864, 42.8424111838557], [-73.745538118464, 42.8423620292222], [-73.7335840921963, 42.8407602629515], [-73.7291052248513, 42.8399756886028], [-73.7246265788744, 42.839190760536], [-73.7216004049673, 42.8406271629007], [-73.7225612630277, 42.8424755595998], [-73.7230783108349, 42.8464483754174], [-73.7215227239925, 42.8479512263147], [-73.7164247612115, 42.849390173505], [-73.71159850244459, 42.85], [-73.70798738741443, 42.85], [-73.7044932466817, 42.8466831646898], [-73.7021272283566, 42.8404081464024], [-73.7017355933313, 42.8352582094864], [-73.702787915734, 42.8326974336121], [-73.700837047962, 42.8304700324395], [-73.6964536940603, 42.8309274562324], [-73.6978385238646, 42.8289261059956], [-73.6976659844408, 42.8267989024554], [-73.697143671022, 42.823929263009], [-73.6971891907309, 42.8195712559547], [-73.6976228320301, 42.8151546367156], [-73.6974079489001, 42.8128648859633], [-73.695863990094, 42.8112533522472], [-73.6897315188314, 42.8085808194681], [-73.6874210683738, 42.8062131174806], [-73.6863501321897, 42.8035081933354], [-73.6855220076515, 42.8005269418819], [-73.6851496064241, 42.7986225903662], [-73.6826600173534, 42.7980986966657], [-73.6798370347807, 42.7997411723949], [-73.6762097794705, 42.8045441012381], [-73.6742777604498, 42.8103301827585], [-73.6751861972373, 42.8204806442294], [-73.6766050882256, 42.8268005694101], [-73.6771260916921, 42.8370095332072], [-73.67793539466, 42.8416655891956], [-73.6812336928401, 42.8477550321401], [-73.68229591554181, 42.85], [-73.66969144877974, 42.85], [-73.6707714778586, 42.8474810669658], [-73.6712723261146, 42.8447313268316], [-73.6699736762752, 42.8411681286305], [-73.6687659544182, 42.8377141015909], [-73.6666044481549, 42.8352395908022], [-73.665307815793, 42.8323068623997], [-73.6630075459466, 42.8280475540307], [-73.6601621372292, 42.8238448413165], [-73.658147789149, 42.8221733669366], [-73.6575592824322, 42.8191857293375], [-73.6580742022924, 42.8136175185498], [-73.6594688710839, 42.807375168287], [-73.6609903389881, 42.8026832173296], [-73.6638929293924, 42.8006368966666], [-73.6691386577109, 42.7989419718136], [-73.6727430469722, 42.7967235115269], [-73.6761969197325, 42.7938817824804], [-73.6764696184218, 42.7905529579141], [-73.6744546962191, 42.7892869095076], [-73.6717204053681, 42.789723488416], [-73.6673443312213, 42.7910235079923], [-73.6642995611878, 42.7911140757184], [-73.6642503623109, 42.7887090551131], [-73.6652201439022, 42.7847490536556], [-73.6675918852645, 42.7812646287375], [-73.6698950137894, 42.7770408949195], [-73.6718176227842, 42.7710206560155], [-73.6726243763182, 42.7685086009026], [-73.6758328079209, 42.7668616567332], [-73.6762394599193, 42.7649122532128], [-73.6776058306091, 42.7605064510134], [-73.677707255985, 42.7586704698465], [-73.675294631322, 42.7579132140346], [-73.6767343593841, 42.7540755743276], [-73.6786541301144, 42.7484062965942], [-73.6831108134169, 42.7388040242856], [-73.6853423654037, 42.7333633809063], [-73.6864718783487, 42.7294050822853], [-73.6870386290294, 42.7272953107124], [-73.6903353888558, 42.7239290177297], [-73.6957482098557, 42.7198302716527], [-73.6976559689452, 42.7157635773443], [-73.6982403346446, 42.7111774361941], [-73.6993753251299, 42.7065976322463], [-73.699316584917, 42.704588727192], [-73.6990222862693, 42.7019468977286], [-73.7002039758227, 42.7007535712312], [-73.7032681729715, 42.6976183391307], [-73.7125420211758, 42.6877990681155], [-73.7192351491909, 42.679291907619], [-73.7246677139742, 42.6716978605463], [-73.727824980776, 42.6670051852631], [-73.7336241826724, 42.6622785435175], [-73.7394231458401, 42.6571463465987], [-73.7451608429588, 42.6500050103107], [-73.7466067139992, 42.6447435404433], [-73.7472757428218, 42.6395186632708], [-73.74667773966, 42.6357388727633], [-73.7457929857701, 42.6304519665996], [-73.7466001045447, 42.627299795069], [-73.7478945544691, 42.6210552314815], [-73.7486677239044, 42.6118240122414], [-73.7477133318098, 42.60499634711], [-73.7452006765242, 42.5986109780686], [-73.7429175002901, 42.5932636738142], [-73.7410981186835, 42.5875251641727], [-73.7399051195181, 42.5817845975532], [-73.7397289259253, 42.5751814808492], [-73.7407117607218, 42.568645304942], [-73.7433372394679, 42.5611453720627], [-73.7468924278069, 42.5543940290643], [-73.7492639194868, 42.5494759679965], [-73.7502185005966, 42.5469557810802], [-73.7489133937064, 42.5449962688659], [-73.7446759192758, 42.5410775710453], [-73.741511453736, 42.5384852392324], [-73.7384902736017, 42.5380107390342], [-73.7349809633452, 42.5390167579414], [-73.7266519383488, 42.5421304762106], [-73.7206434185135, 42.5447382959162], [-73.7147217259473, 42.546878396015], [-73.7095659944258, 42.5504677816881], [-73.7075851976066, 42.554299786644], [-73.70648292279, 42.5563586623724], [-73.7057807959532, 42.5562967104111], [-73.7024373263337, 42.5575376966189], [-73.6999154662317, 42.5608502201684], [-73.6973244284347, 42.5638196666054], [-73.6952986321457, 42.5644899928151], [-73.6923713952545, 42.5624664327433], [-73.689727079353, 42.5619949480544], [-73.6878694739142, 42.5616945722048], [-73.6883666085944, 42.5583141350966], [-73.68738591508, 42.5552680090095], [-73.6848163187634, 42.5553105711427], [-73.6816029770478, 42.5587408030139], [-73.6800132731771, 42.5625679076858], [-73.6805314500409, 42.5651494863807], [-73.6831380310953, 42.5693039977408], [-73.6865889646872, 42.5737383317144], [-73.6891838309264, 42.5794325631691], [-73.6899143621565, 42.5844839901573], [-73.6901357431704, 42.5856931986108], [-73.686870468961, 42.5857279376423], [-73.6830456461303, 42.5873050601627], [-73.6790588312953, 42.5902669357608], [-73.6769409938305, 42.5915753137275], [-73.6762553631282, 42.5907119516318], [-73.6761123777577, 42.5890442552774], [-73.6730738295766, 42.5896575464837], [-73.6698821906616, 42.5901608455812], [-73.6685734808298, 42.589515293745], [-73.6697536588837, 42.5874577037139], [-73.6720320359807, 42.5851246264583], [-73.6719718973822, 42.5832237867608], [-73.6704397864759, 42.5806935309541], [-73.6719418009887, 42.5784685783213], [-73.6745714233837, 42.5792284225904], [-73.6761139976567, 42.5806150939132], [-73.6791395966327, 42.581316382359], [-73.6819490324749, 42.5801329683412], [-73.6827555145275, 42.5772064023031], [-73.6796711976508, 42.5741000882478], [-73.6786056334554, 42.5713951482956], [-73.6765342364205, 42.568741609706], [-73.6729499238226, 42.5699250148009], [-73.6691233153258, 42.5719699406369], [-73.666803130479, 42.5712134815589], [-73.6672864691323, 42.5692558430703], [-73.6715979797983, 42.5651002741272], [-73.6755163409204, 42.5612822260052], [-73.677327091163, 42.5593939908935], [-73.6764926723264, 42.5571600694715], [-73.674949583694, 42.5558904423033], [-73.6724550920391, 42.5571313638804], [-73.6788729311835, 42.551079305607], [-73.6886321803507, 42.5507407854281], [-73.6947538812665, 42.5494585935459], [-73.7021128463463, 42.5472889999128], [-73.7088804406473, 42.5442109003113], [-73.7184854586982, 42.5398691538174], [-73.723812054105, 42.5391811121297], [-73.725815302325, 42.5384777917633], [-73.7302759520075, 42.5369114895388], [-73.7346379232879, 42.5357754755223], [-73.7402250953186, 42.5355352342194], [-73.7423234325475, 42.535342194763], [-73.7535303596898, 42.536142735971], [-73.7560207851541, 42.5334658683914], [-73.7587426252435, 42.5297394468142], [-73.7607917358005, 42.5262494174884], [-73.7626936580722, 42.521496953869], [-73.7637419161283, 42.5165730877019], [-73.767129017491, 42.5106207663553], [-73.7683393770774, 42.5056986820575], [-73.7690760768416, 42.5000239929913], [-73.770803512827, 42.488335252969], [-73.7728156987697, 42.4787027600802], [-73.7748523882806, 42.4662066923595], [-73.7749064486739, 42.4598493326423], [-73.772777292135, 42.4538107586972], [-73.7725487069296, 42.4441181805187], [-73.772764380685, 42.4362585084195], [-73.7759638137596, 42.4238287972909], [-73.7778777422362, 42.4171308973495], [-73.7787677724199, 42.4117460008377], [-73.779185842434, 42.4081301264682], [-73.7828986460969, 42.3993169556535], [-73.7845779206801, 42.3922652648742], [-73.7868026877038, 42.3849400994492], [-73.7869900175432, 42.3808084160858], [-73.7869597130569, 42.3805615639534], [-73.7862628834008, 42.3748929812609], [-73.7862988193697, 42.3701923420212], [-73.7862972813805, 42.3607272482597], [-73.7869282437963, 42.3583833214748], [-73.7892452585782, 42.359767791172], [-73.7905544370516, 42.3602858387092], [-73.7906571341528, 42.3569097619087], [-73.7886526278696, 42.3560960595098], [-73.7862516779784, 42.3554492928601], [-73.7837151131473, 42.3530268729752], [-73.7831305504696, 42.349418313089], [-73.7821340072496, 42.3471113269037], [-73.7812277811171, 42.3449312583686], [-73.7788386644215, 42.342447266093], [-73.7762312023485, 42.3393395192358], [-73.7747571327473, 42.3299216809696], [-73.7744055436768, 42.3254419739527], [-73.7758227686409, 42.3222960347993], [-73.7758423780025, 42.3197206117019], [-73.7742562978391, 42.3152367137307], [-73.7717427690921, 42.3101755980445], [-73.7721757968351, 42.3042093115455], [-73.7724225523133, 42.3022036660816], [-73.7746494749416, 42.2941941485441], [-73.7789055226965, 42.2843960899014], [-73.7812799589837, 42.2779370691242], [-73.7835030248479, 42.2696211582252], [-73.7847529487121, 42.2683105212009], [-73.7870912654996, 42.2664351178985], [-73.7877280053702, 42.2637399536069], [-73.7895290837303, 42.2609402061813], [-73.7940188948089, 42.260095912039], [-73.7969596568552, 42.2604599571215], [-73.8003755180099, 42.2582352280441], [-73.8054284147848, 42.2543614045553], [-73.8119528620414, 42.2504394893687], [-73.8180855771241, 42.2468554132839], [-73.8216624609204, 42.2445236493969], [-73.8261698386295, 42.2409314288827], [-73.8314607799493, 42.2370587862984], [-73.8350429791303, 42.2330605007431], [-73.8383356812061, 42.2255017510401], [-73.8411499091782, 42.2210362642363], [-73.8442176184834, 42.2185904935621], [-73.8453396785268, 42.2195114109962], [-73.8467842398276, 42.22302024565], [-73.8490639846203, 42.2287620469502], [-73.8510478235075, 42.2318710402538], [-73.8522892404019, 42.2321626931713], [-73.8505700575938, 42.2339917159559], [-73.8480820875506, 42.2366774938522], [-73.8437274449803, 42.2407855465549], [-73.8374248836634, 42.2467198439266], [-73.8315103951429, 42.2522524599467], [-73.8280121900612, 42.2540179739686], [-73.8256152448221, 42.2538313769234], [-73.8234660094575, 42.2514136759662], [-73.8221574245935, 42.2514633635628], [-73.8195135851174, 42.25322838543], [-73.8172561087366, 42.2554026116002], [-73.813676417027, 42.2582475347408], [-73.8108848596746, 42.2597856303756], [-73.807135951939, 42.2645829590507], [-73.8020537841101, 42.2719598147892], [-73.7991567360588, 42.2765315653874], [-73.7959447602112, 42.2822526508888], [-73.7939135421818, 42.2845369190364], [-73.7947521342746, 42.285806503434], [-73.7946585681064, 42.2883272334701], [-73.791602015983, 42.2938697332202], [-73.7881645383215, 42.2975889169778], [-73.7852751442335, 42.3016469565269], [-73.7850993162642, 42.3043919936532], [-73.7852961064273, 42.3081224311357], [-73.7865075311995, 42.3120888918323], [-73.7864592560761, 42.3186266507015], [-73.7877276538847, 42.3251692383092], [-73.7877557796917, 42.3313656345821], [-73.7894144037002, 42.3368857560259], [-73.7922307817495, 42.3440119592201], [-73.796891964689, 42.3522383107332], [-73.7995658456068, 42.3567241757094], [-73.7993694334582, 42.3621705789735], [-73.7981711208299, 42.3672193030702], [-73.7993015830924, 42.3718691443378], [-73.7983969895442, 42.3792624428228], [-73.7972920585991, 42.3817053595008], [-73.7970511041407, 42.3822382119168], [-73.794928342288, 42.3867548545553], [-73.795594735661, 42.3906613270537], [-73.7962677431998, 42.3942257093452], [-73.7948297680056, 42.4000012681633], [-73.7916714489813, 42.4073887667771], [-73.7854316045302, 42.4219301809679], [-73.7836111611654, 42.4271342645345], [-73.7831769541241, 42.4331543927186], [-73.7846106142617, 42.4381587912017], [-73.7864651283274, 42.4496335394887], [-73.786876424413, 42.4567524452762], [-73.7881521448557, 42.46225941843], [-73.7925363209557, 42.4668804962816], [-73.7966161409281, 42.4711380517294], [-73.8026195382836, 42.47759479038], [-73.808937087141, 42.4842256393305], [-73.8117004019484, 42.4884149364979], [-73.8120648289481, 42.4915796207457], [-73.8126593182074, 42.4953681336593], [-73.8142480007354, 42.5004187417154], [-73.8154704676563, 42.5027817559869], [-73.8177987465992, 42.5034812697263], [-73.8208986806002, 42.5038373482543], [-73.8246879701991, 42.5054072040256], [-73.826223420015, 42.5083947586546], [-73.8288329284104, 42.5127081980787], [-73.8294260915088, 42.5165506227444], [-73.8288471445648, 42.5218851609351], [-73.8299714236188, 42.5267146027911], [-73.8334396933895, 42.5305684024951], [-73.8384741050607, 42.5330600355761], [-73.8402550064209, 42.5332941675068], [-73.8492235127887, 42.5348893108674], [-73.8450529527101, 42.5360083033048], [-73.8456443159561, 42.5404269481689], [-73.8451650704356, 42.5421512126897], [-73.8424541653065, 42.5406470512394], [-73.8370412117065, 42.537350231786], [-73.8274456983826, 42.5327767271226], [-73.8237503045362, 42.5286322937255], [-73.8228431196932, 42.5254710948757], [-73.8233630178622, 42.5171550797595], [-73.8223104042201, 42.5130827173262], [-73.818920071044, 42.5096166325352], [-73.8147358375872, 42.5081686461219], [-73.8115502945357, 42.5085499204222], [-73.8099295282621, 42.5068851220958], [-73.8093431176534, 42.5031506197304], [-73.8080710432115, 42.4964372522422], [-73.8054647356192, 42.491664257807], [-73.802330999369, 42.4853906837852], [-73.7997323349965, 42.4798700370415], [-73.796102494035, 42.4777877160976], [-73.7940820436934, 42.4784689572774], [-73.791261697152, 42.4816723650228], [-73.7892048083802, 42.486990949519], [-73.7883970331172, 42.4911700280073], [-73.7869830748792, 42.4935776537961], [-73.7836893640767, 42.4976852427414], [-73.7807741631492, 42.5029497062051], [-73.7804711896954, 42.5121232104311], [-73.780911928007, 42.5157482563584], [-73.7796546081913, 42.5171757571197], [-73.7782678069573, 42.515332930307], [-73.7766287927219, 42.5165852548994], [-73.7716943903285, 42.5222330636074], [-73.765563914654, 42.5316141716848], [-73.7612665738387, 42.5440407619862], [-73.7605544395893, 42.5456360050863], [-73.7628985779042, 42.5440402968757], [-73.7646078354399, 42.5440587392088], [-73.7639704394825, 42.5465733768698], [-73.7613068859187, 42.5486249372981], [-73.7599173762756, 42.547754366479], [-73.7595208237671, 42.5490198777955], [-73.758560149125, 42.5526298038942], [-73.7561750104351, 42.5590339801935], [-73.7548907916714, 42.5648827425339], [-73.7542677708465, 42.5739985727202], [-73.7554685516364, 42.5789377512638], [-73.758306407264, 42.5837684357945], [-73.7632142219642, 42.5918813908701], [-73.7663587881636, 42.5968954337152], [-73.7689568217749, 42.6029210233984], [-73.7686695035264, 42.6092307011657], [-73.7672266973158, 42.6153120341948], [-73.7714895131073, 42.6162492849042], [-73.77590918878, 42.6178184910332], [-73.7814955450904, 42.6192828942654], [-73.7915080182137, 42.6224236521731], [-73.8025907777117, 42.6271238111772], [-73.8098834833693, 42.629279930579], [-73.8119638388888, 42.6314718624719], [-73.8146621637712, 42.6345256808039], [-73.8180686908505, 42.6370642610597], [-73.8205579788965, 42.6368468199164], [-73.8243041468834, 42.6353722637167], [-73.8274958739237, 42.6349276934618], [-73.8316103199159, 42.6364916254448], [-73.8378222100288, 42.6368700357997], [-73.8438441975144, 42.6378674476458], [-73.846063706185, 42.6380518037165], [-73.8492411522582, 42.6396147534247], [-73.8528048539953, 42.6417487153749], [-73.857536149188, 42.6434890516594], [-73.8607890323285, 42.6456286679084], [-73.8621734466385, 42.6478127615031], [-73.8653559914618, 42.6491500422011], [-73.8683846101262, 42.649225020917], [-73.872605291178, 42.6467090580629], [-73.8755712259654, 42.6455223555025], [-73.8786674136697, 42.6477680597501], [-73.8832318330449, 42.651063605564], [-73.886247184426, 42.6541097326063], [-73.8863771127369, 42.6580193935267], [-73.8879167164091, 42.6612313695174], [-73.8903974803912, 42.6629032758103], [-73.8947444627511, 42.6641880774419], [-73.8988591467215, 42.665515409472], [-73.9010256959764, 42.668336981202], [-73.9045093303222, 42.6707026561576], [-73.9091628348126, 42.6740430312886], [-73.9148028843525, 42.6807786533901], [-73.9166498486915, 42.684686513844], [-73.9176821323023, 42.6872718491257], [-73.9170904034247, 42.6883018521887], [-73.9154514237286, 42.688925781473], [-73.9138913650113, 42.6900097088911], [-73.9138729067947, 42.6928192010228], [-73.9131546730439, 42.6962073781164], [-73.9116691277608, 42.6964185416049], [-73.9103576801749, 42.6947040310232], [-73.9092928702201, 42.6913708438408], [-73.9079855840025, 42.6876931957756], [-73.9076122492833, 42.685051035923], [-73.9088743999778, 42.6820732331336], [-73.9081121054113, 42.6796074386605], [-73.9045513472664, 42.6762054503228], [-73.9010032278429, 42.6717767872783], [-73.8974407710021, 42.6686087431575], [-73.8912227771723, 42.6674410919872], [-73.8843013281255, 42.6675811454301], [-73.8807901150382, 42.6680781949314], [-73.8776937100285, 42.6661207583954], [-73.8776350284536, 42.6633645284687], [-73.880674967736, 42.6614850517971], [-73.8826330585181, 42.6598921567882], [-73.8817184974939, 42.6578210347323], [-73.877448555588, 42.6551676672451], [-73.8722464855452, 42.654576258385], [-73.86920401336, 42.6557620265172], [-73.8639729564237, 42.6584390924965], [-73.8600115766565, 42.6577242809511], [-73.8573749604903, 42.6557078429712], [-73.855919704267, 42.6530637095262], [-73.8552382650495, 42.6501390864019], [-73.8532258126705, 42.648290942959], [-73.8502733218678, 42.6474778473032], [-73.8464046497229, 42.6447644133043], [-73.8406726510667, 42.6414105709001], [-73.8343013101754, 42.6408146933029], [-73.824094589871, 42.6427727486575], [-73.8194216101466, 42.6437242680642], [-73.8150029431559, 42.641868635649], [-73.81216083822, 42.6365799773037], [-73.8096931834711, 42.6335826106055], [-73.8046567718377, 42.6317200669002], [-73.8000038613852, 42.6295822066604], [-73.7956692069798, 42.6270963589677], [-73.7886811981604, 42.6252215814825], [-73.7771799708831, 42.6245321527039], [-73.7696358832443, 42.6250097800186], [-73.7647990142796, 42.62647970679], [-73.7630590307164, 42.6299100566765], [-73.7615408581889, 42.635351041038], [-73.7575848940883, 42.6430799713729], [-73.7533016478072, 42.6530926542689], [-73.7488102435843, 42.6604101727222], [-73.7420189772995, 42.671736689703], [-73.7379304330415, 42.6773291291447], [-73.7312903277731, 42.6889898572535], [-73.7239569528066, 42.7000210268706], [-73.7170157631254, 42.7099663971265], [-73.7141651680957, 42.7154007383089], [-73.7134369238421, 42.7184363792978], [-73.7126343946178, 42.7215882241053], [-73.710260133004, 42.7253617103536], [-73.7097659016352, 42.728282912635], [-73.7087970182551, 42.7320092544469], [-73.7065863842077, 42.7356674557882], [-73.7037518802615, 42.7392015066202], [-73.7027733983086, 42.7437291715786], [-73.7025914602633, 42.746887959629], [-73.7022189214977, 42.7532504499679], [-73.7027149024212, 42.7584701525913], [-73.7037682718106, 42.7626065631848], [-73.705876189003, 42.7709873115616], [-73.7070035300514, 42.7757008304333], [-73.705771061636, 42.7823507914599], [-73.703237027911, 42.7869778762183], [-73.7006310428264, 42.7905775166678], [-73.6983540235169, 42.7921726258032], [-73.6958452010981, 42.7944584013459], [-73.695901674335, 42.7965752934236], [-73.6976604967985, 42.800026236397], [-73.7018259172798, 42.8047022722556], [-73.707946128713, 42.809147956862], [-73.7130778911721, 42.8107186820096], [-73.7172703777026, 42.8127018160971], [-73.7209899197335, 42.8157601002188], [-73.7247865693579, 42.8188732310159], [-73.7290672021805, 42.8195872586274], [-73.7343078869285, 42.8178352762196], [-73.7376861902532, 42.8144145563474], [-73.7416452431838, 42.8083524915002], [-73.7455048917388, 42.8033879673893], [-73.7478235937499, 42.80120697601], [-73.7502179748439, 42.7988197745179]], [[-73.6886358528489, 42.7537352164245], [-73.6873459295353, 42.7582589886989], [-73.6870507570776, 42.7645683705238], [-73.6864613542386, 42.7693254192804], [-73.6851722859804, 42.7729938374063], [-73.6820790381033, 42.7786496100644], [-73.6806448545819, 42.7818570362937], [-73.6807749840867, 42.7841458524287], [-73.6821637833887, 42.7852425248325], [-73.6836815434579, 42.7861694174842], [-73.6867709686978, 42.7847549841114], [-73.6915599722729, 42.7815139306779], [-73.6947755856791, 42.7792362124471], [-73.6972150661551, 42.7764363791798], [-73.6984193740323, 42.7727758662709], [-73.6986962977255, 42.7688167824434], [-73.6978791082478, 42.7648000601908], [-73.6969818628378, 42.7609535748597], [-73.69544841396, 42.7582435431447], [-73.6934512668778, 42.7553660471846], [-73.6917554387665, 42.7533475574254], [-73.6899292121085, 42.7527413633368], [-73.6886358528489, 42.7537352164245]], [[-73.7218049217985, 42.8307060504263], [-73.7308062577681, 42.8300709793166], [-73.7398524181669, 42.8272305889558], [-73.7477953569833, 42.8295228433946], [-73.756634132943, 42.8369699662725], [-73.7625669775488, 42.8399744705402], [-73.7616123977393, 42.8377588678323], [-73.7676477126906, 42.8356187111346], [-73.7716565698597, 42.834926758617], [-73.7696740715484, 42.8341704366689], [-73.7597476255352, 42.8311231050415], [-73.7538154573939, 42.8281183701705], [-73.7509384780536, 42.8222063786686], [-73.751981356438, 42.8200125555398], [-73.7550056286178, 42.8185752301157], [-73.7601293460313, 42.8120151437833], [-73.7601880720363, 42.8090753621609], [-73.7623159939481, 42.8024826861354], [-73.7673062704643, 42.8025365214007], [-73.7702421930915, 42.805508335006], [-73.7752906232931, 42.8026221142908], [-73.7784148288987, 42.7960396915814], [-73.7744955849939, 42.7923224338487], [-73.7715455304144, 42.7900856118221], [-73.7614060483346, 42.7980624367625], [-73.7532747544871, 42.8053250159413], [-73.7461248718265, 42.8133328829495], [-73.7419980620936, 42.8199033862146], [-73.7249212482194, 42.8248600784848], [-73.715013694367, 42.8210739545581], [-73.7080256459983, 42.8209953999769], [-73.7129256279005, 42.8254609759355], [-73.7098693988639, 42.8283668929478], [-73.7218049217985, 42.8307060504263]]]}}, {"type": "Feature", "properties": {"OBJECTID": 646, "Aquifer_Type": " ", "GPM": "10-100", "AREA": 4660114, "PERIMETER": 18472, "Comments": " "}, "geometry": {"type": "Polygon", "coordinates": [[[-73.8745242746559, 42.8415141772906], [-73.8739181618867, 42.8389237980221], [-73.867474886009, 42.8347718073565], [-73.8576950089738, 42.8279028413239], [-73.8531284231005, 42.8236968102176], [-73.8457800122643, 42.8157523727032], [-73.8426114065863, 42.8111007367371], [-73.8390592362554, 42.8067242277809], [-73.8360469132925, 42.8029204914117], [-73.8344261180696, 42.8007427317737], [-73.8344405506125, 42.7990768839514], [-73.8360453802785, 42.7946806275591], [-73.8395866543073, 42.7963285460989], [-73.8428394071099, 42.7988648696836], [-73.8456287637309, 42.8020898738663], [-73.8543564227153, 42.8139924508234], [-73.8596967722171, 42.8205024659556], [-73.8665041499198, 42.8283865418938], [-73.8716247002929, 42.8326515196291], [-73.8754789638647, 42.8360214130311], [-73.8772927101318, 42.8375520516088], [-73.8782900419759, 42.8391556959313], [-73.8796800269152, 42.8417988325867], [-73.8809831663264, 42.8453687195516], [-73.8815941966343, 42.847202734406], [-73.8824457540044, 42.8487508958067], [-73.8850159491382, 42.8496854754473], [-73.8882891144137, 42.8496362756246], [-73.8925024302502, 42.8495418811423], [-73.8972613156622, 42.8493897441086], [-73.89919172847088, 42.85], [-73.87818765907966, 42.85], [-73.8745242746559, 42.8415141772906]]]}}, {"type": "Feature", "properties": {"OBJECTID": 647, "Aquifer_Type": " ", "GPM": "10-100", "AREA": 32752870, "PERIMETER": 52572, "Comments": " "}, "geometry": {"type": "MultiPolygon", "coordinates": [[[[-73.7313802905521, 42.8492940718928], [-73.7310855417867, 42.8473996558639], [-73.7282122666868, 42.8465212801632], [-73.7254763689136, 42.846562880278], [-73.7232118773134, 42.847474354299], [-73.72202203788773, 42.85], [-73.71159850244459, 42.85], [-73.7164247612115, 42.849390173505], [-73.7215227239925, 42.8479512263147], [-73.7230783108349, 42.8464483754174], [-73.7225612630277, 42.8424755595998], [-73.7216004049673, 42.8406271629007], [-73.7246265788744, 42.839190760536], [-73.7291052248513, 42.8399756886028], [-73.7335840921963, 42.8407602629515], [-73.745538118464, 42.8423620292222], [-73.7500320952864, 42.8424111838557], [-73.7559431057938, 42.8465183387968], [-73.76236546658168, 42.85], [-73.73124240910252, 42.85], [-73.7313802905521, 42.8492940718928]]], [[[-73.6987743702633, 42.8488381636969], [-73.6988757379839, 42.8461917999806], [-73.6979703117232, 42.8437771678557], [-73.6950412722951, 42.839691509988], [-73.6938188109906, 42.8368769923131], [-73.6943955797105, 42.8341819403513], [-73.6964536940603, 42.8309274562324], [-73.700837047962, 42.8304700324395], [-73.702787915734, 42.8326974336121], [-73.7017355933313, 42.8352582094864], [-73.7021272283566, 42.8404081464024], [-73.7044932466817, 42.8466831646898], [-73.70798738741443, 42.85], [-73.69884614316385, 42.85], [-73.6987743702633, 42.8488381636969]]], [[[-73.7714600978192, 42.8448481441072], [-73.7729800163515, 42.8437618946077], [-73.7765768781145, 42.8386547035394], [-73.7766493749832, 42.834980128032], [-73.7752603644719, 42.8294522475615], [-73.7753256618186, 42.8261451080919], [-73.7773442909313, 42.8250640397554], [-73.7808314643045, 42.8254686544833], [-73.7837691010161, 42.8284402202286], [-73.7836321778609, 42.8354219569146], [-73.7840235152828, 42.8409392297175], [-73.787888863466, 42.8475958792157], [-73.78900309595421, 42.85], [-73.76328720183143, 42.85], [-73.7714600978192, 42.8448481441072]]]]}}, {"type": "Feature", "properties": {"OBJECTID": 648, "Aquifer_Type": " ", "GPM": "10-100", "AREA": 77216603, "PERIMETER": 153841, "Comments": " "}, "geometry": {"type": "MultiPolygon", "coordinates": [[[[-73.9726132180335, 42.7931044444367], [-73.9662440657575, 42.7895261326832], [-73.959085408446, 42.7866966734361], [-73.9548859085253, 42.7862171607959], [-73.9485569832154, 42.7876902617208], [-73.9411337848271, 42.790935944863], [-73.9325984623336, 42.7973855559702], [-73.9226506613784, 42.8054963301662], [-73.9174919518409, 42.8105446995001], [-73.9171734191046, 42.8079392449043], [-73.9157779562936, 42.8054675602574], [-73.9129514236636, 42.8028472300022], [-73.9161097290019, 42.7988948567152], [-73.923147100997, 42.7960208192514], [-73.9212276695156, 42.7915923178697], [-73.9162507242209, 42.7908101877274], [-73.9173255705376, 42.7864098286151], [-73.9203573235162, 42.7842332349286], [-73.918451233215, 42.7790695806016], [-73.9185406688798, 42.7739249344492], [-73.9196150385763, 42.7695244459889], [-73.9226458783918, 42.7673476844449], [-73.9245900294759, 42.7703063215818], [-73.9264836811713, 42.7762048098826], [-73.9314343224229, 42.7784563382623], [-73.9334926692976, 42.7748000346629], [-73.9335809500364, 42.7696551801622], [-73.9375962651973, 42.7682223220807], [-73.9415864710464, 42.7682591825963], [-73.9416490369453, 42.7645843505883], [-73.9427215002296, 42.7601836178086], [-73.9458133774581, 42.7543313839124], [-73.9448783175243, 42.7506473530154], [-73.9419240895318, 42.748414860472], [-73.9420240892431, 42.742535035328], [-73.9539156511042, 42.7470547513262], [-73.9618564955223, 42.7493322488433], [-73.9676327871105, 42.7618809127895], [-73.9745058182594, 42.7685584496296], [-73.9764767997773, 42.7700462665634], [-73.9834119956805, 42.7730483190467], [-73.9873666417594, 42.7752885871111], [-73.9913215725826, 42.7775288107117], [-73.9952887763802, 42.7790337783608], [-73.9992205579616, 42.782743615083], [-74.0011923811518, 42.7842310118603], [-74.0022373979642, 42.7812997620316], [-74.0023082069953, 42.7768898352741], [-74.0062871960019, 42.7776594799292], [-74.0102546785964, 42.7791640219589], [-74.0150141718265, 42.7775281586434], [-74.0172698448722, 42.7771242846883], [-74.0220269687466, 42.7762194636301], [-74.0302999448548, 42.7749298392009], [-74.0409806779254, 42.7743262468056], [-74.0483806614836, 42.7757207719845], [-74.0492991094472, 42.7780156529789], [-74.0467203158302, 42.7796693164329], [-74.0414967648842, 42.780697399443], [-74.0333872438934, 42.7824483891582], [-74.0285404703888, 42.7856494420721], [-74.0237564511055, 42.7911379779741], [-74.0220007168616, 42.8011190159359], [-74.0220459759212, 42.8096024643271], [-74.0216318994032, 42.8152182513073], [-74.019751367935, 42.8167601235439], [-74.017961386483, 42.8159523017937], [-74.016106003719, 42.8129106750066], [-74.0151079044972, 42.8082643250725], [-74.0146897651648, 42.7974182153741], [-74.0129090268556, 42.7941519936299], [-74.0091700030691, 42.7935073734679], [-74.0037051090269, 42.7952701033964], [-74.0004963643107, 42.7988172376033], [-74.0027477265385, 42.7993951728862], [-74.0072832349983, 42.7978587070112], [-74.0082125115253, 42.798434068695], [-74.0059334651458, 42.8021605580893], [-74.0022558508448, 42.8057576865177], [-73.9999008780636, 42.8093123224281], [-73.9989438086036, 42.8128250284948], [-73.9726132180335, 42.7931044444367]]], [[[-73.8672631515548, 42.7726962862466], [-73.8642261757843, 42.7719997656181], [-73.8629932974369, 42.7698173323365], [-73.8622420297866, 42.7663698190449], [-73.8618160134316, 42.763772041587], [-73.8613375558342, 42.7610295926742], [-73.8593245235733, 42.7599289594213], [-73.8582210702581, 42.7617011041167], [-73.8569057503294, 42.7636962098792], [-73.8567963417466, 42.7649108583311], [-73.8549862988783, 42.7675493409716], [-73.8520775232318, 42.7708522256543], [-73.8486990948293, 42.7747446322656], [-73.8458050972928, 42.7763905028642], [-73.8419864955896, 42.7763160246575], [-73.8353732141291, 42.7750872361191], [-73.8285240504627, 42.7735045172385], [-73.8256504483209, 42.7719443130101], [-73.821075834629, 42.7692857594002], [-73.8166341205693, 42.7689788425154], [-73.8124228708825, 42.7696466982629], [-73.8087584014853, 42.7692844204954], [-73.802988224184, 42.7698907730331], [-73.7987811040062, 42.7694684801357], [-73.7964645552111, 42.7672739603838], [-73.7977193895239, 42.7661344288478], [-73.8017745971434, 42.7656365464057], [-73.8049003382769, 42.7640482261839], [-73.8090612264724, 42.7636052990948], [-73.8109091224239, 42.763156232343], [-73.8131920251445, 42.7606493077974], [-73.8131361794197, 42.7574878755119], [-73.8126217708208, 42.7530699330872], [-73.8121934319536, 42.7475091629187], [-73.8134773002292, 42.7424074912864], [-73.8138115689042, 42.7395382035784], [-73.8116225762874, 42.7404520535995], [-73.8088823063625, 42.742557866203], [-73.8072308417375, 42.7444948874443], [-73.8074455138884, 42.7470816688033], [-73.8075668191152, 42.751270369024], [-73.8044159702384, 42.756586757827], [-73.8019038648282, 42.7589289584431], [-73.7979968497191, 42.7606350484247], [-73.7962806969773, 42.7602747995747], [-73.7934977484072, 42.7573458506927], [-73.7914120890696, 42.7557209666518], [-73.7886227472381, 42.7535302070528], [-73.7858309354394, 42.7513934631266], [-73.7867785818926, 42.7497915219716], [-73.7905996390307, 42.7495796631426], [-73.7941780291406, 42.7506890854875], [-73.7962866791627, 42.7491533056615], [-73.7963060507246, 42.7469652099154], [-73.7956986701028, 42.745130753311], [-73.7965812483361, 42.7415828375365], [-73.7995835978055, 42.7355718230005], [-73.8016337790929, 42.7330627666978], [-73.8032025944038, 42.7308908670052], [-73.8025178555889, 42.7289384967789], [-73.8165984534243, 42.7302825161587], [-73.818536400575, 42.733242897144], [-73.82034923443, 42.7428177387991], [-73.8202377361527, 42.7486972301647], [-73.8201262027088, 42.7545768052725], [-73.8210258309989, 42.7597317441204], [-73.82293725103, 42.7641618542134], [-73.8248904150313, 42.7663872258016], [-73.829836305044, 42.7686430062088], [-73.8368464905177, 42.7672442510627], [-73.8397979670663, 42.7694794153797], [-73.8417518054639, 42.7717044154226], [-73.843733430695, 42.7724595761303], [-73.8467941018648, 42.7688148627015], [-73.8488573639324, 42.7651602213765], [-73.8540207118136, 42.7556557944547], [-73.8481321367063, 42.7504511228401], [-73.8392117283176, 42.7474207716968], [-73.835222997789, 42.7473803601494], [-73.8312342771984, 42.747339719682], [-73.8264287527003, 42.7377344244906], [-73.8235629051117, 42.7310893198791], [-73.8226354235493, 42.7274043669], [-73.825709205629, 42.7230253634862], [-73.8287964751192, 42.7179112715094], [-73.8397464142381, 42.7187576904248], [-73.8417535864566, 42.718042867562], [-73.8398148808418, 42.7150829532616], [-73.8418629343318, 42.7121632994775], [-73.8547380176936, 42.7167031702789], [-73.8606239204469, 42.7219075004546], [-73.8634666028362, 42.7300217426396], [-73.8663502763293, 42.7359309849882], [-73.8702982880537, 42.7381752337459], [-73.8763070690053, 42.736764074402], [-73.8793643461441, 42.7331186087539], [-73.8873401077634, 42.7331962876641], [-73.8981767306382, 42.7406518212185], [-73.903097299829, 42.7443744795116], [-73.9070083493459, 42.7488224319687], [-73.9039649373709, 42.7517337130488], [-73.9009989634551, 42.7502351031568], [-73.897036032921, 42.7487269075488], [-73.8989265489977, 42.7546257475481], [-73.8968926472499, 42.7568115824592], [-73.893940082513, 42.7545777832516], [-73.8910004322443, 42.7516089845504], [-73.8840722849962, 42.7486014027885], [-73.8720923787883, 42.7492192617087], [-73.8650850821243, 42.7506202129835], [-73.8620127434713, 42.7550002701271], [-73.8668921510543, 42.7609293806515], [-73.8697909856483, 42.7661036138194], [-73.869991456135, 42.773398593218], [-73.8672631515548, 42.7726962862466]]], [[[-73.7792812820869, 42.7229120000695], [-73.7789485961895, 42.7253219384965], [-73.7793880760852, 42.7289916880309], [-73.7785800129107, 42.7321980481122], [-73.7773298820266, 42.732716005132], [-73.7750130665869, 42.730575060134], [-73.772012024647, 42.726661591778], [-73.7670814550194, 42.7195214898754], [-73.7629173776766, 42.7143434893091], [-73.7602083584943, 42.7125492306372], [-73.758010654004, 42.7150649555987], [-73.7552442551929, 42.7195826942722], [-73.7530224852456, 42.7247906508251], [-73.751474244699, 42.7324102917111], [-73.7522181281301, 42.7366599511252], [-73.7520311834053, 42.7409533927645], [-73.7503796031159, 42.7424392354237], [-73.7488339594368, 42.7414588947756], [-73.7473721805448, 42.7392726214012], [-73.7458513787913, 42.7342669571075], [-73.7437111811702, 42.7296148856418], [-73.7419076728589, 42.7221476489322], [-73.7410009923606, 42.7190488461638], [-73.7397545703894, 42.7193863644691], [-73.738788223148, 42.7222483899703], [-73.7376031266662, 42.7240725002535], [-73.7356693670046, 42.7226912756698], [-73.7344532677791, 42.7195800018827], [-73.733873452416, 42.7145305383015], [-73.7342896064151, 42.7115544294795], [-73.7339243465719, 42.7085695906498], [-73.7328753417871, 42.7040913323961], [-73.7334517228906, 42.7001354271414], [-73.7363588528942, 42.6967634761352], [-73.7375575313651, 42.6937868837787], [-73.7387550782735, 42.6901888381096], [-73.7417933990019, 42.6897989995989], [-73.7433292962736, 42.6916439470492], [-73.744232719004, 42.6956613423104], [-73.7437318420825, 42.6993840421223], [-73.7437751307254, 42.7037431364704], [-73.744448652473, 42.7073616647006], [-73.7470067775842, 42.7081191483162], [-73.7497544858629, 42.7052133910285], [-73.7501836545441, 42.7008594569549], [-73.7499238403941, 42.6944898443873], [-73.7488709582195, 42.6808801590433], [-73.7491486409646, 42.6755519873765], [-73.7512785416259, 42.6721170379978], [-73.7545706866068, 42.6695052840154], [-73.7598551065139, 42.6703280194689], [-73.7641022740135, 42.6745434951676], [-73.7691972491928, 42.6795062188874], [-73.7711319550017, 42.6804274430068], [-73.7736301940388, 42.679922918181], [-73.7758103787244, 42.6797661701924], [-73.7789074415901, 42.6815552018038], [-73.7818463783106, 42.683801830721], [-73.7841799202903, 42.6846280357764], [-73.7863673877136, 42.6833184343242], [-73.7888547087905, 42.6833807783786], [-73.7937459886191, 42.6853594366444], [-73.8005783934362, 42.6875113803137], [-73.8083421603496, 42.6897266332502], [-73.8138444648703, 42.6926204206167], [-73.8185086297052, 42.6944246897689], [-73.8202940917955, 42.6942629331686], [-73.8238807774728, 42.6939936090839], [-73.8287699636358, 42.6957906773994], [-73.8315824676048, 42.6950539198149], [-73.8311975904827, 42.693681177142], [-73.848087360775, 42.6989942428607], [-73.8489889102165, 42.7041489429884], [-73.8420679772745, 42.7011388805676], [-73.8340964456507, 42.701058097816], [-73.8179885499394, 42.6971439869209], [-73.8062949074186, 42.6956263401435], [-73.7914355204039, 42.6910600990853], [-73.7864682369013, 42.6902726125885], [-73.7785270613796, 42.6887180902449], [-73.773603923139, 42.6857251798452], [-73.7676269509708, 42.6856610229378], [-73.7656345619562, 42.6856396573225], [-73.7617374824501, 42.6811870036367], [-73.757811573141, 42.6782041000844], [-73.7556142784099, 42.6884716128892], [-73.7564930606908, 42.6943619298804], [-73.7662523628247, 42.7047586368912], [-73.771075423088, 42.7128964889649], [-73.7803947484325, 42.7203933309727], [-73.7792812820869, 42.7229120000695]]], [[[-73.7823473769113, 42.679160313706], [-73.7796955227686, 42.6775016292828], [-73.7864645964316, 42.6806718683012], [-73.7823473769113, 42.679160313706]]], [[[-74.0113926155472, 42.7703526659644], [-74.0074257633989, 42.7688481664771], [-74.002449677038, 42.7680699703761], [-74.0034825679048, 42.765873641563], [-74.0109423597166, 42.7626071917334], [-74.0138308247991, 42.7624429390092], [-74.0172731647076, 42.7588342950509], [-74.0225355668787, 42.7497927806368], [-74.0252659558815, 42.7483662118147], [-74.0279043321576, 42.7503697789223], [-74.0289050010849, 42.7542776135933], [-74.0323049807341, 42.760772285778], [-74.0347020924305, 42.7647908046312], [-74.0390497593828, 42.7687628120399], [-74.0402877601237, 42.7710065172851], [-74.0342055418643, 42.7717838855017], [-74.0287486897794, 42.7728004165635], [-74.0225861814693, 42.7742789394746], [-74.017209445973, 42.7731163051905], [-74.0142524792014, 42.7736222761922], [-74.0113926155472, 42.7703526659644]]]]}}, {"type": "Feature", "properties": {"OBJECTID": 650, "Aquifer_Type": " ", "GPM": "10-100", "AREA": 250427910, "PERIMETER": 470309, "Comments": " "}, "geometry": {"type": "Polygon", "coordinates": [[[-73.6092847172751, 42.8495696494125], [-73.6222326044891, 42.8492488576645], [-73.6266182742631, 42.8480138141644], [-73.6295291150485, 42.8457433124665], [-73.6318955680941, 42.843115102565], [-73.6319255130275, 42.8407110360651], [-73.6318799841385, 42.8370904391348], [-73.6332575612985, 42.8323971668203], [-73.6348361866699, 42.8309210899478], [-73.6377114685236, 42.8319638927874], [-73.6404912155729, 42.834851530777], [-73.6423980358574, 42.8386473602427], [-73.6412015802079, 42.8411006140477], [-73.6387629011245, 42.8431518582423], [-73.63795964315, 42.8451053853279], [-73.6384916875373, 42.8466516396509], [-73.6409035512321, 42.8472385937058], [-73.6405698289439, 42.85], [-73.60341997265145, 42.85], [-73.6092847172751, 42.8495696494125]]]}}, {"type": "Feature", "properties": {"OBJECTID": 820, "Aquifer_Type": " ", "GPM": "10-100", "AREA": 100453531, "PERIMETER": 207735, "Comments": " "}, "geometry": {"type": "MultiPolygon", "coordinates": [[[[-73.699316584917, 42.704588727192], [-73.6954898639347, 42.7051936359558], [-73.6919796704686, 42.7065585087972], [-73.687922046564, 42.707394619035], [-73.6812090135333, 42.7091365834351], [-73.6781671151675, 42.7096328114824], [-73.6741204458162, 42.7092077940947], [-73.6705450981894, 42.7092384629296], [-73.6699827094507, 42.7105557203107], [-73.6690233768657, 42.7133091939005], [-73.6658751703997, 42.7169016960985], [-73.664991198357, 42.7194759396747], [-73.6641297007152, 42.7202763887695], [-73.6608524852708, 42.7208234303259], [-73.6533762920695, 42.721186025605], [-73.6492439134093, 42.7211014337554], [-73.6465040089424, 42.7229781842013], [-73.6447446437257, 42.7272169261255], [-73.6432406930226, 42.7300177475189], [-73.6389452420768, 42.7313625832768], [-73.635215345685, 42.730651843832], [-73.6329883011645, 42.7271402138935], [-73.630588717557, 42.7255176573188], [-73.6282434554164, 42.7267053277169], [-73.6252715611009, 42.7277772974591], [-73.6228683763905, 42.7263256021566], [-73.6227416565532, 42.7236314974862], [-73.625262842274, 42.7211852930516], [-73.6296560610701, 42.7182301520521], [-73.6319441782876, 42.7149706030345], [-73.6311057275313, 42.7132495579242], [-73.628157289945, 42.7122507215224], [-73.6234876678466, 42.712050632539], [-73.6190522896039, 42.7116189961693], [-73.6129137507755, 42.7104912193976], [-73.6100903942834, 42.7122490435288], [-73.6101501749029, 42.7140868423455], [-73.6115299267619, 42.7165619825976], [-73.6134386033208, 42.7196200043813], [-73.6120867699918, 42.7221881686816], [-73.6108812851894, 42.7258566055498], [-73.6108389931975, 42.7298095172207], [-73.6105073043628, 42.7321558486695], [-73.6078268890146, 42.7347797646938], [-73.6031411152504, 42.7365238436884], [-73.5977484584253, 42.7379797884845], [-73.5940973479638, 42.7371606330152], [-73.5870878821518, 42.73670512855], [-73.5830453549468, 42.7363940774081], [-73.5819747106305, 42.7343185831737], [-73.5838688283148, 42.7322077531883], [-73.5889489976404, 42.7305234339302], [-73.5932599238671, 42.7278569766198], [-73.5970802550994, 42.728056812355], [-73.5996609701996, 42.7267467035099], [-73.6014907858913, 42.7229777918054], [-73.6024658139293, 42.7192614432571], [-73.6017270679147, 42.7155782833435], [-73.5990121191557, 42.7141853039929], [-73.5958019371435, 42.7158840192822], [-73.5922804656507, 42.7176959532463], [-73.587685080989, 42.7178464510123], [-73.5822268229081, 42.7181482378511], [-73.577062924298, 42.7208668932843], [-73.5735014537501, 42.725658346654], [-73.5717268749319, 42.7316698051606], [-73.5727700245474, 42.7359242474987], [-73.5764728585655, 42.7388700799209], [-73.5821394331308, 42.7406964160233], [-73.5833002716267, 42.7418995082599], [-73.5834288138064, 42.7443684915163], [-73.5825665183298, 42.7444748659849], [-73.5785623550756, 42.7472078325147], [-73.5768256416445, 42.7498879200528], [-73.5742836743377, 42.753773599297], [-73.5719105255876, 42.7571480388134], [-73.5721246298411, 42.7593299863049], [-73.5713916709743, 42.7614460997118], [-73.5671525771491, 42.7646260747547], [-73.5658344339174, 42.7642133318091], [-73.5627791120128, 42.7653996658244], [-73.5579916289806, 42.7684104415161], [-73.5524179382923, 42.7720953364263], [-73.5510593586769, 42.7751219270599], [-73.55, 42.77616363339702], [-73.55, 42.76616967135668], [-73.5543946576293, 42.7625836418659], [-73.5561363799402, 42.7600751208374], [-73.5590747419468, 42.755159178558], [-73.5632539409923, 42.7506009514595], [-73.5687865151489, 42.7438082720712], [-73.5698294423282, 42.7413538206018], [-73.5678064372467, 42.7405360531491], [-73.5638934161303, 42.7427473579448], [-73.5601934725022, 42.7456996683427], [-73.5580863490579, 42.7462675607513], [-73.5575573704581, 42.7446489239122], [-73.5585186785653, 42.7423105928412], [-73.559491281922, 42.7388198648287], [-73.5626030187314, 42.732420152765], [-73.5628837266174, 42.7280021700244], [-73.562609348017, 42.725071971059], [-73.564890442039, 42.7226781092912], [-73.570460046032, 42.7192717134611], [-73.5743957111693, 42.7153404284564], [-73.5766373875416, 42.7095598945958], [-73.5773765089863, 42.7060660002156], [-73.5759456135646, 42.7021579844536], [-73.5696891292906, 42.6970639836728], [-73.5670721976477, 42.6949240888902], [-73.5623469537745, 42.69277560478], [-73.5579257329011, 42.6915402876219], [-73.5536441929799, 42.6913333252425], [-73.55, 42.69038264769511], [-73.55, 42.685702735044295], [-73.5525308609695, 42.6865103932247], [-73.5544729174661, 42.6869851879229], [-73.5586758622117, 42.6865518803993], [-73.5691812289124, 42.6871428805866], [-73.573284632804, 42.6890580720495], [-73.5754588873737, 42.6899316479292], [-73.5757848696429, 42.6878194255237], [-73.5754484788651, 42.6835737707378], [-73.574320053951, 42.6800026144823], [-73.5746061508321, 42.67496320493], [-73.5764277323941, 42.672221143539], [-73.5782745068068, 42.6741802962013], [-73.5785479563853, 42.677110380781], [-73.5794701008085, 42.6781484055332], [-73.582960459187, 42.6793713775661], [-73.5844847460619, 42.6822538917122], [-73.5843670650073, 42.6860977547561], [-73.5861353000071, 42.6880557158023], [-73.5934665981895, 42.6867861869913], [-73.6003334441709, 42.6853934652152], [-73.6042365825419, 42.6841623290178], [-73.6034060861128, 42.6814595159981], [-73.6013431025983, 42.6780662955603], [-73.6021518316526, 42.6748613630578], [-73.6052095050303, 42.6729264136802], [-73.6055357777005, 42.6714985508897], [-73.6014159903584, 42.6710070526309], [-73.6003418863446, 42.669859213701], [-73.6031663984124, 42.6676333532277], [-73.6075890809048, 42.6683535600261], [-73.6117764832288, 42.6703316030591], [-73.6143556328901, 42.6686247883074], [-73.6144706082535, 42.6655823442075], [-73.6108504333431, 42.6621165073309], [-73.6087865186297, 42.658092968615], [-73.6064260619772, 42.6534896444477], [-73.60480979165, 42.6516417909589], [-73.597764024965, 42.6483318347428], [-73.5925815661852, 42.6459358924889], [-73.586162823454, 42.6423987416269], [-73.5823821652181, 42.6400197212526], [-73.582208243377, 42.6415664567779], [-73.5837222295943, 42.6451333218315], [-73.5850179726908, 42.6474366974747], [-73.5869931807116, 42.6519277591721], [-73.5871038151806, 42.6562787512211], [-73.5847297178497, 42.6598245760827], [-73.5799270525682, 42.6580720997345], [-73.5769834468832, 42.6566757560868], [-73.5721707228189, 42.655787442557], [-73.5672613089771, 42.6566626855189], [-73.563287312763, 42.6569821414062], [-73.5626045062837, 42.6553705794427], [-73.5644323333171, 42.6523496676228], [-73.5691476533179, 42.6480230298126], [-73.5710438078561, 42.6453901957625], [-73.5709251156348, 42.6421827177692], [-73.5682249631866, 42.6399786822872], [-73.5644416064716, 42.6374818995141], [-73.5631616231956, 42.6338096709269], [-73.5640344719804, 42.631578180564], [-73.5694446533822, 42.6279986970831], [-73.5735380692032, 42.6267709645514], [-73.5740287879766, 42.628316962101], [-73.5747087462702, 42.6304507269061], [-73.5770846874674, 42.6335602199528], [-73.5795532037205, 42.6353558348297], [-73.5853811774873, 42.6359142445436], [-73.5904915936864, 42.6376702824878], [-73.5918740145164, 42.6395152867723], [-73.5948120977943, 42.6411363625469], [-73.5989160863208, 42.6425914678522], [-73.6037202408914, 42.6442351261358], [-73.6062234078604, 42.6435091311651], [-73.6088104023612, 42.6413432527413], [-73.6085915170749, 42.6397375932838], [-73.6077549725903, 42.638007379787], [-73.609554590495, 42.636813482095], [-73.6129833700697, 42.6366119558923], [-73.6172439697662, 42.6376090289084], [-73.6192826197628, 42.6360756364421], [-73.6231359376515, 42.6320335679634], [-73.627218325155, 42.6281561764856], [-73.6299132719427, 42.623577593193], [-73.6312728138442, 42.6194063451322], [-73.633493773749, 42.6152812808315], [-73.6345785990266, 42.6159246528198], [-73.6371305633849, 42.6168015659034], [-73.6396887332524, 42.6176784967331], [-73.6381143776187, 42.6192176905789], [-73.6359115286504, 42.6222442536578], [-73.6341668599531, 42.6259067604974], [-73.6314787291964, 42.6301883142398], [-73.6300444842293, 42.6334492091561], [-73.6273027641762, 42.6352083741658], [-73.6239393461618, 42.6370862375874], [-73.6196359946511, 42.6394028578749], [-73.6169638959396, 42.6421983859563], [-73.61560852255, 42.6452888846183], [-73.6146471482843, 42.6485552894968], [-73.6155276327091, 42.6538880467538], [-73.61547806098, 42.657849924337], [-73.6173142457911, 42.661708349532], [-73.6180597415483, 42.6640587250675], [-73.6202124255292, 42.6670024656066], [-73.6232011410109, 42.6716041391751], [-73.6247084642814, 42.6763771174852], [-73.6292830810871, 42.6854193012187], [-73.6338326682868, 42.6896881290837], [-73.6409588445176, 42.6934559914538], [-73.6464048677575, 42.6933224108389], [-73.6476658373307, 42.6916082674997], [-73.6493162526036, 42.6905830630329], [-73.651825979963, 42.6881363001348], [-73.652953176096, 42.6844122810716], [-73.6546432067639, 42.6786325960714], [-73.6564468233139, 42.6772669494821], [-73.6571329188077, 42.6792742366047], [-73.6567797982275, 42.6830614033575], [-73.6557334363294, 42.6870114997665], [-73.6559335484191, 42.6903998110327], [-73.6580330482461, 42.6907576525679], [-73.6613050197388, 42.6900304637944], [-73.6628902720051, 42.6873382849582], [-73.6633187158291, 42.6832189386808], [-73.6648199722286, 42.6811561779821], [-73.6663510554871, 42.6831191462733], [-73.6667248493169, 42.6851856727371], [-73.6664659079327, 42.6878753498489], [-73.6706144009929, 42.6856721504879], [-73.6741992299508, 42.6847771545808], [-73.6717454336574, 42.6889452792937], [-73.6689153753405, 42.6918572118641], [-73.6652419552539, 42.6936605451643], [-73.6601692180624, 42.6952403163959], [-73.6574245854075, 42.6974054863193], [-73.6578004135852, 42.6986615624657], [-73.659421500368, 42.6997072224229], [-73.6625414142567, 42.6996175606271], [-73.6672156920904, 42.6985554356818], [-73.6681726792715, 42.6965493265305], [-73.6716199322256, 42.6937616211134], [-73.6792175857676, 42.6885904311767], [-73.6860287440475, 42.6846162764117], [-73.687061387617, 42.6823857811056], [-73.6882673181687, 42.6780859899629], [-73.690907928721, 42.6708218648251], [-73.6940182109863, 42.6625182477751], [-73.6975981143766, 42.6535896208994], [-73.6998715777638, 42.6429890184492], [-73.7021007722387, 42.6374939030389], [-73.7041413064917, 42.6358420597219], [-73.7048227330141, 42.6376868682243], [-73.7035073629557, 42.6458219832022], [-73.701902358919, 42.6511439416053], [-73.7001316249696, 42.6576709247007], [-73.6996044004389, 42.664382976437], [-73.7005106374332, 42.6673740810732], [-73.7020427423473, 42.6701289946668], [-73.7017730221232, 42.6733409382378], [-73.7022242605323, 42.6751831428954], [-73.7032897816005, 42.6779418425665], [-73.701551335171, 42.6806868740488], [-73.7005160691082, 42.6831515638068], [-73.6986236024744, 42.6861739107488], [-73.6958881869713, 42.6872504143333], [-73.6926015386266, 42.6890681252555], [-73.69181492338, 42.6907791826215], [-73.6932789283397, 42.692281751823], [-73.6967667992407, 42.6933931871215], [-73.6986212879201, 42.6948370153712], [-73.6961103654552, 42.6973479962066], [-73.6930513977559, 42.6998526675808], [-73.6906340944992, 42.7000682415709], [-73.6879996488891, 42.698561151187], [-73.6838143895308, 42.6966401215738], [-73.6811560638034, 42.6977171557491], [-73.6798208539546, 42.6996559895732], [-73.6818325333879, 42.7005886091372], [-73.6845492334291, 42.7015203791129], [-73.6853095947357, 42.7033121700645], [-73.6846649578312, 42.7059434329676], [-73.6859110557125, 42.7060567763151], [-73.6898149164497, 42.7047687116676], [-73.6948961165195, 42.7027914805753], [-73.6990222862693, 42.7019468977286], [-73.699316584917, 42.704588727192]]], [[[-73.5501343529967, 42.7947957248457], [-73.5529967430954, 42.7965879511351], [-73.5542176775699, 42.7988366567536], [-73.5540125620734, 42.8033097208219], [-73.5552447473584, 42.8047570778631], [-73.5572048658332, 42.8036200951069], [-73.5589439589945, 42.801336691006], [-73.5631435510438, 42.795635068997], [-73.5679660631365, 42.7899320762717], [-73.5768439593008, 42.7833338177542], [-73.5820304809118, 42.7791836822996], [-73.5854606040303, 42.7796043433521], [-73.5866060616878, 42.7814465360665], [-73.5878091650163, 42.7855318110353], [-73.5890285113819, 42.7878880828375], [-73.5897121166212, 42.789958728548], [-73.5887547723851, 42.7921352018079], [-73.5892749463518, 42.7937985929391], [-73.5911336046009, 42.7950732174593], [-73.5950094489147, 42.7970480154538], [-73.5962384398373, 42.799008177816], [-73.5965157884282, 42.8022264977537], [-73.5979681930549, 42.80492783291], [-73.6011556024734, 42.8058673371259], [-73.6058233478576, 42.8068698947277], [-73.6097148228976, 42.8075204412202], [-73.6159536992491, 42.8077941052937], [-73.6223520423584, 42.8070878923766], [-73.622840994501, 42.8050315549809], [-73.6205984897314, 42.8032395398083], [-73.6222520006084, 42.8014673294212], [-73.6240701669807, 42.7989587069646], [-73.6237915909665, 42.7961457660382], [-73.6263106575739, 42.7938616088889], [-73.6317966153449, 42.7908565139711], [-73.6343667160526, 42.7911663015453], [-73.6352877270505, 42.7927172221664], [-73.6354880771402, 42.795988468604], [-73.6358478235774, 42.7990275236726], [-73.6366636073815, 42.8025943829991], [-73.6359280479827, 42.8063678460791], [-73.6338042608248, 42.8079093774847], [-73.629657667212, 42.8093187267702], [-73.6217610372663, 42.8113312632867], [-73.6149585399444, 42.8134104259949], [-73.6086785856424, 42.8173325751415], [-73.6077098246736, 42.8203645561729], [-73.6065193897186, 42.8218990064132], [-73.6046437039338, 42.8226956442317], [-73.6019202579711, 42.8218790384403], [-73.5998826592126, 42.8226646173683], [-73.5978657206642, 42.8222526994456], [-73.5965766737082, 42.8187428922675], [-73.5942130601387, 42.8137339682677], [-73.5927710453785, 42.8101682154574], [-73.590376041475, 42.8075722582763], [-73.5878668035121, 42.8092793422304], [-73.5845586229549, 42.8123543673564], [-73.5810395596372, 42.8130762699967], [-73.5766258164793, 42.810463992493], [-73.575294656324, 42.8105734813787], [-73.5737941485875, 42.8123378200362], [-73.5710274828397, 42.8157613212079], [-73.5686016831627, 42.8162623942333], [-73.5667482785774, 42.8147533870939], [-73.5654580515032, 42.8117654977894], [-73.5640768861874, 42.8093438419186], [-73.5605837412323, 42.8083453534262], [-73.5565229771286, 42.8088886275235], [-73.5528437908477, 42.8098417308649], [-73.55, 42.81003005701952], [-73.55, 42.79465240143896], [-73.5501343529967, 42.7947957248457]]]]}}, {"type": "Feature", "properties": {"OBJECTID": 824, "Aquifer_Type": " ", "GPM": ">100", "AREA": 706299001, "PERIMETER": 1197207, "Comments": " "}, "geometry": {"type": "MultiPolygon", "coordinates": [[[[-73.9007072484884, 42.848315198831], [-73.9014990246235, 42.8461975524026], [-73.9044764888136, 42.8439117653622], [-73.910110249647, 42.8412999041339], [-73.9169187617855, 42.8380505493257], [-73.9195801780432, 42.8355901292816], [-73.9221078079189, 42.8309582065701], [-73.9247094142832, 42.8260928309474], [-73.9292692703999, 42.8189403047521], [-73.9335886837215, 42.8147661130857], [-73.9387517849098, 42.8112929327653], [-73.9433670375364, 42.8088951454569], [-73.9459443163231, 42.8080994069484], [-73.949926114545, 42.8063348541744], [-73.9574246778964, 42.8037828343044], [-73.9617975821313, 42.803282090375], [-73.9600131354401, 42.802302347232], [-73.9569756463691, 42.8010320616042], [-73.9536989198709, 42.8009031278687], [-73.950348010491, 42.8016379322789], [-73.946013485719, 42.8016792363729], [-73.9443423909538, 42.8017898895761], [-73.9405228089467, 42.8013133518982], [-73.9384129718818, 42.8016001077745], [-73.9377870807747, 42.8028010352002], [-73.9376958247794, 42.8049164480442], [-73.9370558641963, 42.8073779029541], [-73.9353360769516, 42.8089829031985], [-73.9314995149184, 42.811603718748], [-73.9264861020937, 42.8149698431029], [-73.9237289794893, 42.8194917681834], [-73.9212061684842, 42.824763204747], [-73.9202661228445, 42.8256188503891], [-73.9191038450956, 42.8241219609459], [-73.9177942520277, 42.8217051391428], [-73.9175000755425, 42.8181452881396], [-73.9176075883075, 42.8137337264849], [-73.9174919518409, 42.8105446995001], [-73.9226506613784, 42.8054963301662], [-73.9325984623336, 42.7973855559702], [-73.9411337848271, 42.790935944863], [-73.9485569832154, 42.7876902617208], [-73.9548859085253, 42.7862171607959], [-73.959085408446, 42.7866966734361], [-73.9662440657575, 42.7895261326832], [-73.9726132180335, 42.7931044444367], [-73.9989438086036, 42.8128250284948], [-74.0030075941132, 42.811212494032], [-74.0050296280778, 42.8120135630033], [-74.0051872085069, 42.8133387093338], [-74.0047251641426, 42.8164145022776], [-74.003517754224, 42.8201052238186], [-74.0028751157843, 42.8233685955429], [-74.0042597069123, 42.8276129772421], [-74.0074392611643, 42.8318100692632], [-74.0097697855453, 42.8342256987742], [-74.0098341076726, 42.8365225758267], [-74.0072644335304, 42.8369145703233], [-74.0032792972412, 42.8378164812241], [-74.0024935238357, 42.839313567046], [-74.0045104737295, 42.8420146772275], [-74.0080778226307, 42.845350607844], [-74.0141498641526, 42.8485817928131], [-74.01675604484728, 42.85], [-73.90043582887424, 42.85], [-73.9007072484884, 42.848315198831]]], [[[-74.2629000214673, 42.8496497408534], [-74.2593169870023, 42.8463217248073], [-74.2543283385486, 42.8405889013786], [-74.2531608332405, 42.8361686996151], [-74.2534010717593, 42.8310642231726], [-74.2540287086079, 42.8240081523099], [-74.2526253338691, 42.8179923278242], [-74.2520874566129, 42.812999892566], [-74.2545898953389, 42.8064062017532], [-74.2562286334736, 42.8024545046784], [-74.2542844549391, 42.7975789719994], [-74.2509316964304, 42.7934415794719], [-74.2449339279702, 42.7874136723235], [-74.2424405715241, 42.783686937507], [-74.2431496402216, 42.7803055754457], [-74.2463435476252, 42.7767604256928], [-74.2501732815404, 42.7682123805837], [-74.2516534058695, 42.7644307501222], [-74.2502615119038, 42.7589823182517], [-74.2456601731343, 42.7562234777296], [-74.2403696108741, 42.7549008149581], [-74.2387338472072, 42.7535210480976], [-74.2415406029534, 42.7518106228527], [-74.246293559634, 42.7520941025307], [-74.2532987975599, 42.7547425686016], [-74.2589110824394, 42.7558866444272], [-74.266386494407, 42.7563040125309], [-74.2772989129326, 42.7568775971809], [-74.2822818883573, 42.7574042215535], [-74.2880521018251, 42.7564225633701], [-74.2928802829633, 42.753507763226], [-74.2973282180193, 42.7493204666624], [-74.3052742727486, 42.7464061293562], [-74.3108796112062, 42.745431320911], [-74.3193765765398, 42.7424471962557], [-74.3217875747983, 42.7383190248816], [-74.3227956404029, 42.7292024247654], [-74.3232657953504, 42.7202536930827], [-74.3226412551414, 42.7163596140711], [-74.3202249429897, 42.7103385969613], [-74.3160942823245, 42.7059194080987], [-74.3113438479559, 42.7029371096505], [-74.3014604403271, 42.6992119542021], [-74.2986600863537, 42.6973128021539], [-74.2970961336544, 42.6944484174465], [-74.2967119813559, 42.6899702363583], [-74.2973350974302, 42.6849310008504], [-74.2963191520982, 42.6815386515566], [-74.2925909615951, 42.680272906271], [-74.2865922379489, 42.6787858356888], [-74.2801320822255, 42.678439292436], [-74.270638259336, 42.6785413909107], [-74.2670573383955, 42.6784284971376], [-74.2629312971351, 42.6800320512729], [-74.2582589855094, 42.6845586617899], [-74.2505521225312, 42.6911456538177], [-74.2446255421204, 42.6971585435512], [-74.2415854203488, 42.7011729974886], [-74.2384765045479, 42.7011703769342], [-74.2377001748825, 42.6986437360777], [-74.2382438895637, 42.6961257855836], [-74.2433915128335, 42.6903331747889], [-74.2487628160756, 42.685919808263], [-74.2561601688326, 42.6810599009952], [-74.2582655235791, 42.6781287134007], [-74.2553894234454, 42.6756064830856], [-74.2486178290605, 42.6735451624998], [-74.2406860952051, 42.669980691435], [-74.2356262192862, 42.666876231684], [-74.2307268339629, 42.6651503748553], [-74.2244270018443, 42.6645676707594], [-74.2250885329678, 42.6614519080383], [-74.2194092194416, 42.6593078267515], [-74.2066203540885, 42.6555354597066], [-74.1983404786942, 42.6511501706188], [-74.1968260703135, 42.6496265747934], [-74.193796976954, 42.6477862713879], [-74.1910742088498, 42.6470285901695], [-74.1875732722625, 42.6474901065302], [-74.183680180476, 42.6508666527303], [-74.1814225246973, 42.6510397102372], [-74.1804125715266, 42.6482857198776], [-74.1792594185026, 42.6440358025193], [-74.1790318390307, 42.6408192941322], [-74.1785686211135, 42.6372136639644], [-74.177644484527, 42.6344603475885], [-74.1753889488969, 42.6334805520422], [-74.1728964144554, 42.6339309584502], [-74.1683044561441, 42.6355277526597], [-74.1657338993397, 42.6383908020235], [-74.1625464807082, 42.6387909008956], [-74.162938138917, 42.6349483516302], [-74.1623232947903, 42.6322601984994], [-74.1599116893618, 42.6319093095077], [-74.1559479416532, 42.6330420178316], [-74.152979378498, 42.6365412941918], [-74.1525896947961, 42.6396364214521], [-74.1529677821671, 42.64255697065], [-74.1536560126554, 42.6477853941893], [-74.1541906488562, 42.6528864432919], [-74.1536325156203, 42.6580425329608], [-74.152230997265, 42.6602745437904], [-74.1492673700694, 42.661189227588], [-74.1481022918289, 42.6607302934843], [-74.1478786099889, 42.6573425130439], [-74.148664494897, 42.6519630522004], [-74.1486827927737, 42.6438130113338], [-74.1490187642183, 42.6361878970376], [-74.1517495510737, 42.6307956336106], [-74.1553299248199, 42.6288047963797], [-74.1610122903449, 42.6284051886545], [-74.1676196113356, 42.6288225414181], [-74.1758627932115, 42.6298096176506], [-74.1796722774965, 42.6303952824012], [-74.1817657715413, 42.6325716978699], [-74.1832405620105, 42.6353198146645], [-74.1847146925519, 42.6392837739853], [-74.1862649968993, 42.6409518465159], [-74.1923273110705, 42.6435342561024], [-74.1945027099421, 42.6448643901695], [-74.1963658154588, 42.6463002466489], [-74.2010307454897, 42.6491156637184], [-74.2064678799343, 42.6521612459136], [-74.2126896927862, 42.6545816122649], [-74.2275469585195, 42.658491970812], [-74.2317485259152, 42.6608525519959], [-74.2367244823868, 42.6638936900833], [-74.2406900156172, 42.6671620142058], [-74.2443394258715, 42.6684829524901], [-74.2504899657463, 42.6699821444892], [-74.2558608070087, 42.670503451722], [-74.2612306787671, 42.671258597411], [-74.2659745652028, 42.6730901977218], [-74.2709503973543, 42.6743017312785], [-74.2765581199762, 42.6747064377916], [-74.2842638433535, 42.6744306216217], [-74.2883057877338, 42.6739695154961], [-74.2918841737819, 42.6741447553226], [-74.2945339060404, 42.6756379841124], [-74.2968709180207, 42.6759224648336], [-74.2999813937161, 42.6743205775872], [-74.3066708447042, 42.6672107759587], [-74.3078414555468, 42.6650925244266], [-74.3110301662568, 42.6640580404833], [-74.3156234864446, 42.6649771253315], [-74.319125381475, 42.6636020542144], [-74.321463062022, 42.6601577694773], [-74.3202941116176, 42.6586739556109], [-74.3175654496486, 42.6595313650447], [-74.315935559208, 42.6590713665675], [-74.3143755308934, 42.6565494552331], [-74.3141471625005, 42.6526486541024], [-74.3153859051733, 42.649837259282], [-74.3196632618064, 42.6469178818941], [-74.3255737992181, 42.6419906759489], [-74.3283738990045, 42.6379725354075], [-74.329697842131, 42.6336756721251], [-74.3296940354682, 42.6261018409575], [-74.3296909503078, 42.618591031875], [-74.327589111424, 42.6109689621346], [-74.3239352061967, 42.6052917969959], [-74.3191931810202, 42.6008150145411], [-74.3165475244989, 42.5976562936093], [-74.316160638424, 42.5934753027949], [-74.3132033854782, 42.5857306895098], [-74.3095510668423, 42.5836014753179], [-74.3034846319971, 42.5829703235416], [-74.296261803337, 42.5845202300079], [-74.2894199045237, 42.5853696539909], [-74.28296669577, 42.5852574192659], [-74.2761320057014, 42.5833593795916], [-74.2717797610893, 42.5789369276347], [-74.2706974917864, 42.5756159022817], [-74.2725608566106, 42.5750424060872], [-74.2750479178825, 42.5767602603139], [-74.2764464161271, 42.579632957948], [-74.2807166360076, 42.5817040809007], [-74.2877134506395, 42.5823331326634], [-74.293147531609, 42.5814842271978], [-74.3013887165434, 42.5794183254606], [-74.3120366852645, 42.5779877524018], [-74.3170125698121, 42.5785668463984], [-74.3213655578351, 42.5802857992193], [-74.3246247174598, 42.5816108873692], [-74.3290566576364, 42.5825284879527], [-74.3340348091779, 42.5845296468886], [-74.3364411337326, 42.5845887177047], [-74.3384569132881, 42.5819526084061], [-74.341488022666, 42.5785118626272], [-74.3464633834888, 42.5741005384928], [-74.3493367327646, 42.5716943064366], [-74.3528320679131, 42.572434592522], [-74.3592019414244, 42.5746136779846], [-74.3629385016865, 42.575472055333], [-74.3648756742862, 42.5751855913603], [-74.3684531567206, 42.5755295957647], [-74.3703953587556, 42.574900738248], [-74.373653592295, 42.5716855708689], [-74.3790148088253, 42.5655547384042], [-74.3853710343217, 42.558789621863], [-74.3934413738819, 42.5490884060238], [-74.3977815705119, 42.5425009717762], [-74.40569363809, 42.5342928664758], [-74.4093372712931, 42.5315918813178], [-74.411193659807, 42.5290707825528], [-74.4098003911602, 42.5275236679145], [-74.4077800073704, 42.526954818709], [-74.4089450446426, 42.5069602970724], [-74.4105412673351, 42.5064266584468], [-74.4137170588589, 42.5024713758604], [-74.4172000328375, 42.4960411011666], [-74.4196780775564, 42.4937481078928], [-74.4227826984795, 42.4922599353997], [-74.426341519088, 42.4893329482485], [-74.4311557831084, 42.488465366089], [-74.4351863732535, 42.4861167905144], [-74.4371234632522, 42.4829653652402], [-74.4378133580722, 42.4792853790875], [-74.4367976168503, 42.4753900157729], [-74.4383380671803, 42.4706335311878], [-74.4405802618199, 42.4669612075535], [-74.4457727523108, 42.4650592032381], [-74.4517458445389, 42.4630526509601], [-74.4544524047779, 42.4609311510163], [-74.4528212380224, 42.4582937356355], [-74.4508767197444, 42.4564022237192], [-74.4504037564896, 42.453995507827], [-74.4504646614301, 42.4487724389661], [-74.4496784354993, 42.4441308390215], [-74.4487449518911, 42.4396595086898], [-74.4474153948905, 42.4354744813698], [-74.4486368258448, 42.4273932245554], [-74.4506317678468, 42.4190725419338], [-74.4530956696907, 42.411789707624], [-74.4537051638953, 42.4073796786191], [-74.4518481745272, 42.4045071327951], [-74.44765305315, 42.403253155996], [-74.443699209656, 42.4017120642326], [-74.4437721104546, 42.3996411007729], [-74.4450034577033, 42.3948830517031], [-74.4443722476257, 42.3918990719995], [-74.4461535979979, 42.3903496082664], [-74.4502606214864, 42.3901172587763], [-74.4513471363865, 42.3919505826017], [-74.4515882215007, 42.3944194206631], [-74.4520609988574, 42.3976907361164], [-74.4544749628769, 42.401295541807], [-74.4579644647747, 42.4038786406155], [-74.4604547019638, 42.4059347824879], [-74.4609180864153, 42.4085755407948], [-74.4596888963376, 42.4116136974911], [-74.4576038588282, 42.4160888158659], [-74.4553045004992, 42.4268667564991], [-74.4539326979955, 42.4362711533963], [-74.4542461450185, 42.4391995210609], [-74.456657604982, 42.4417235721081], [-74.4594606212562, 42.4452129478266], [-74.4611740012241, 42.4488864010587], [-74.4603324576152, 42.4534122183102], [-74.4605670919322, 42.4556466961152], [-74.4625157166545, 42.4581684383813], [-74.4641521975627, 42.4618413886406], [-74.4628413086021, 42.4643569323269], [-74.4592767932207, 42.4683205988807], [-74.4585074234569, 42.4714780208996], [-74.4608435092817, 42.4728488264327], [-74.4649599826236, 42.4747952536926], [-74.4707082205266, 42.4774876827871], [-74.4773095559641, 42.4797153252756], [-74.4840684128921, 42.481889182676], [-74.4925218646799, 42.4825663010791], [-74.5009908999834, 42.4834139412843], [-74.5088280127453, 42.4832316983884], [-74.5108767155131, 42.4820606601157], [-74.5134815842375, 42.4828912946332], [-74.5169819251834, 42.4847702072601], [-74.52117839023, 42.4867150414704], [-74.5252173024813, 42.4888301445137], [-74.5295745807703, 42.4911174891077], [-74.5340771646751, 42.4925407816761], [-74.5377236691354, 42.4924835153257], [-74.5406007596386, 42.4942601441911], [-74.5477563585731, 42.49762972831], [-74.5576990957615, 42.4991544653582], [-74.5608023225757, 42.4985269340819], [-74.5618195512786, 42.499899709116], [-74.5629912967057, 42.5024797836465], [-74.5608961169415, 42.5037956363464], [-74.5589686133359, 42.5055174561668], [-74.5590520537013, 42.5076971990899], [-74.5648255777387, 42.5154283167139], [-74.5691102859991, 42.5196682822794], [-74.5706837099278, 42.5247625221195], [-74.5699375285911, 42.5310187511354], [-74.5680954641855, 42.5379013013514], [-74.5680482930469, 42.5458082200516], [-74.5687004863135, 42.5521237943159], [-74.5718322673926, 42.5578992298695], [-74.5758051103435, 42.561678459331], [-74.5811038950365, 42.5653993770926], [-74.5810367527662, 42.5672362010237], [-74.577857559427, 42.5682693475626], [-74.5745936023526, 42.569193864379], [-74.5732596411556, 42.5662710038049], [-74.5692011397472, 42.561401711476], [-74.5659314013991, 42.5588317156106], [-74.5617272017867, 42.5583834340931], [-74.5576159585121, 42.5587909102531], [-74.5572194328728, 42.5558714745317], [-74.5589020443676, 42.5498440635357], [-74.5631138419049, 42.5347574104171], [-74.5634726021145, 42.5265544447064], [-74.5613497865154, 42.5206564717916], [-74.5526973135873, 42.5110407912815], [-74.5477875777329, 42.5059422717909], [-74.5417202023292, 42.5017664194152], [-74.5325368397193, 42.4959296590993], [-74.5234454104513, 42.4922179420919], [-74.5146684270629, 42.4893082836704], [-74.5013056407685, 42.4866844078974], [-74.4930788855134, 42.4864681459196], [-74.480275250939, 42.4855643308964], [-74.475379721922, 42.4842452651894], [-74.4701757521621, 42.4820149770516], [-74.4593028451059, 42.4786952811815], [-74.4537126093274, 42.4765884776092], [-74.4499829651897, 42.4737159063121], [-74.4470272719797, 42.4716033806318], [-74.4446227729209, 42.4719970267643], [-74.4437766483164, 42.4741272443508], [-74.4435488713516, 42.478890089118], [-74.4428638649966, 42.4828942787742], [-74.4409248988261, 42.4862889919755], [-74.4386827892409, 42.4883492296732], [-74.4351902371362, 42.4900702980708], [-74.4310026817713, 42.4924270058363], [-74.4262030120821, 42.4959783910123], [-74.4232633225808, 42.5021775716403], [-74.4217979682351, 42.5077988577037], [-74.4211118692328, 42.5125504911235], [-74.420175285267, 42.5142749714793], [-74.4177830934002, 42.5221339399622], [-74.4171735542256, 42.5271201195112], [-74.4147731373712, 42.5315387349088], [-74.407330191615, 42.5402001876809], [-74.4056265260621, 42.5429471090869], [-74.4057096668436, 42.5454151584673], [-74.4035357137684, 42.5489161160947], [-74.4007518312228, 42.5551696723929], [-74.3967233910954, 42.5607951570234], [-74.3924518434049, 42.5639425933506], [-74.3887270175668, 42.5674982313507], [-74.3847659340483, 42.5730606144494], [-74.3770910109934, 42.5839070859535], [-74.3748376264493, 42.5863714163982], [-74.3712665261041, 42.5882071219633], [-74.3656663573396, 42.5886625525926], [-74.3585964699258, 42.5890645617535], [-74.353076508527, 42.5899791122301], [-74.3488786547454, 42.5932514633499], [-74.3442986813788, 42.5976111174729], [-74.3431366907212, 42.6005943664347], [-74.3438341444952, 42.6048310662086], [-74.3452369725531, 42.6090807950992], [-74.345937410784, 42.6153888204516], [-74.3450923897882, 42.6244437144291], [-74.3433859677757, 42.6284054325387], [-74.3409756249957, 42.6291480910188], [-74.3381719314572, 42.6284564631483], [-74.3384850765563, 42.6304035416639], [-74.3404267354689, 42.6341881343453], [-74.3400454254158, 42.6380853865936], [-74.337709913294, 42.6427908764211], [-74.3335945609481, 42.6466304373356], [-74.3301664912279, 42.6499065410568], [-74.3297820464187, 42.653173376238], [-74.329319566749, 42.6566108223155], [-74.3276809800492, 42.6606176975507], [-74.323952661023, 42.6685387603674], [-74.3184261583467, 42.6750710753273], [-74.3122768473916, 42.6823558687851], [-74.3101015962207, 42.6869896888236], [-74.3075349424006, 42.6912428524296], [-74.3046560425447, 42.6936479448527], [-74.3021584262969, 42.6964516290176], [-74.3056598640322, 42.6974904142298], [-74.3093236772306, 42.6983500873922], [-74.3146130600281, 42.699615634456], [-74.322169993574, 42.7019118852274], [-74.3298755795129, 42.7041995922983], [-74.3326818757241, 42.7042609951177], [-74.3376583897069, 42.7028850367911], [-74.3424089250524, 42.7009401532089], [-74.3465381224412, 42.6982440425828], [-74.3515154671557, 42.6968674846358], [-74.3548646356531, 42.6960578774909], [-74.3585186747198, 42.6934847967872], [-74.3614802936509, 42.6890705338836], [-74.3644311188514, 42.6870066390123], [-74.3697997190914, 42.685739407597], [-74.3757964158897, 42.6829895559513], [-74.3801503948562, 42.6807528167668], [-74.3890974167842, 42.6805756097235], [-74.3945513886747, 42.6815501384342], [-74.3971240448706, 42.6832657702297], [-74.4004729096107, 42.6840668504635], [-74.4054479102513, 42.6849302163331], [-74.411603238809, 42.6855564260054], [-74.4171319504004, 42.6861250055419], [-74.4218781492012, 42.6868694455087], [-74.4283423939478, 42.6861183854318], [-74.4364312021183, 42.6847355210039], [-74.4449910546667, 42.6852455091355], [-74.4491997904449, 42.6853559519651], [-74.4545631095588, 42.6843189067523], [-74.4584539855007, 42.6818517997776], [-74.462806081143, 42.6787563715257], [-74.4683297479002, 42.677079986847], [-74.477897338604, 42.6748365948406], [-74.4864503549133, 42.6723625845739], [-74.4935941520244, 42.6686300105961], [-74.5003603192205, 42.6647152675071], [-74.5058714285419, 42.6614430753097], [-74.5109245652212, 42.6594834818848], [-74.5176836303517, 42.6560358725698], [-74.5268500276931, 42.6527599895578], [-74.5308176441008, 42.6516056358878], [-74.5362493575637, 42.6483856703197], [-74.5418318405513, 42.6434459623219], [-74.5481170647401, 42.6388419834635], [-74.5551105627441, 42.6356812867861], [-74.5630372178479, 42.6341177604241], [-74.5696552326576, 42.6358899111341], [-74.5730878169066, 42.6389196601576], [-74.574494980778, 42.6413744701805], [-74.5744242086397, 42.6428151754925], [-74.5717054106008, 42.6428140471324], [-74.5697536596569, 42.6415009131645], [-74.5650015732645, 42.6399069417056], [-74.5590848855158, 42.6389477464308], [-74.5545769561253, 42.6399209073612], [-74.5484433248428, 42.6430308473557], [-74.543246732177, 42.6469999174069], [-74.5382058165608, 42.6518787587921], [-74.5323064794295, 42.6556102121701], [-74.5279624505084, 42.6592937562682], [-74.5233810138663, 42.6616522306344], [-74.5192677524487, 42.6645799043967], [-74.5173230114553, 42.6665259923132], [-74.520675386525, 42.6669813427042], [-74.5258852394006, 42.6674893168026], [-74.5301704757658, 42.6686327126879], [-74.5353104794771, 42.670346654579], [-74.5393733719608, 42.6731547673552], [-74.5444426276613, 42.676290966708], [-74.5505218112423, 42.6780080457576], [-74.5601834443846, 42.6817107928093], [-74.5642340625481, 42.6832572694162], [-74.5658325178003, 42.6858831559124], [-74.5715186633348, 42.6890628053692], [-74.5750498540927, 42.6943398971579], [-74.5792924702526, 42.7001457577569], [-74.5835425069591, 42.7048986807133], [-74.5863619088986, 42.7101727301719], [-74.5891924018532, 42.713867678474], [-74.5885912524844, 42.7187572235742], [-74.5856553752655, 42.7240328810579], [-74.5837347424883, 42.7294833109522], [-74.5817111234422, 42.7304665214854], [-74.5807709702735, 42.7294905083776], [-74.5810724736721, 42.7262225598678], [-74.5819092295916, 42.7219209608126], [-74.5839874458817, 42.7159488219552], [-74.5831192704043, 42.7136042568024], [-74.5797545103259, 42.7100526991356], [-74.5758409000849, 42.7042208026442], [-74.5734037680146, 42.6988353670225], [-74.5712951573909, 42.6954503806207], [-74.5680146956944, 42.693393761326], [-74.5630227663099, 42.6910515057605], [-74.558026845655, 42.6873940227189], [-74.5491302738226, 42.6816228012184], [-74.5385229266382, 42.6761322157259], [-74.528622806469, 42.6703554353629], [-74.5232488819962, 42.6689372542017], [-74.5167074423767, 42.6680272942838], [-74.5130490139486, 42.667111245809], [-74.5073622111461, 42.6659703744053], [-74.5026191295397, 42.6679850872964], [-74.4961754186833, 42.6714330953636], [-74.4889418336298, 42.6737965885636], [-74.4810106977129, 42.6759763898547], [-74.4737713688704, 42.67781658953], [-74.4641381140905, 42.6823017065389], [-74.4572170044347, 42.6849529495336], [-74.4500563931616, 42.6873592533896], [-74.4420437183244, 42.6880589881444], [-74.4295087989971, 42.6890419447217], [-74.4228185621573, 42.6889363985282], [-74.4297508508248, 42.6904210774397], [-74.435971408938, 42.6900106054638], [-74.4471855745527, 42.6903443013724], [-74.4559021982592, 42.68994476614], [-74.4631337261846, 42.6872951498928], [-74.4727764123179, 42.6837827477316], [-74.4771419154665, 42.6844691239095], [-74.4724001180473, 42.6869419526239], [-74.4639236797591, 42.6901626620966], [-74.4577006045334, 42.6917724949488], [-74.4506149747409, 42.6944133706382], [-74.4429897446097, 42.6957363735865], [-74.4350530983472, 42.6955175187933], [-74.4258614354907, 42.6943730936445], [-74.410985795304, 42.691920136265], [-74.4046803488151, 42.6906628545009], [-74.4000041435284, 42.6883690709298], [-74.3946361226258, 42.6864857021771], [-74.3864623948409, 42.6867664366181], [-74.3813252693626, 42.6873422333312], [-74.37587439731, 42.6867723507606], [-74.370975775707, 42.6875830787742], [-74.3675472397627, 42.6907251300705], [-74.3652991979933, 42.6953776003054], [-74.363042581373, 42.6984719774141], [-74.3597697292418, 42.7007682180556], [-74.3565051475844, 42.7007680213633], [-74.3529995037952, 42.7001899540975], [-74.3508220202929, 42.7008800105861], [-74.3476332267692, 42.7039778868296], [-74.343740944762, 42.7069003932538], [-74.3386031989028, 42.7103380641012], [-74.3340878712847, 42.7141842865974], [-74.3316720329639, 42.7195194660599], [-74.3310478845802, 42.722037385062], [-74.3331525715743, 42.7246702589039], [-74.3365835353323, 42.7280582660681], [-74.3364273571422, 42.7325331578943], [-74.3344859135049, 42.7370066004273], [-74.3319115111403, 42.7398103757748], [-74.3286469609332, 42.7439968741862], [-74.3265376589441, 42.7473795714022], [-74.3259200421758, 42.7492670545932], [-74.3228015281611, 42.753580288863], [-74.3186726727724, 42.7563835585277], [-74.31306489113, 42.7576379324306], [-74.3072221335601, 42.7574676825369], [-74.3028559857706, 42.7573510617783], [-74.298957718309, 42.7581557743387], [-74.2940520963662, 42.759008261367], [-74.2890657660297, 42.7592926309957], [-74.2805713635187, 42.7597528777388], [-74.2749573528308, 42.7606632081497], [-74.2703644475491, 42.7625521592028], [-74.2652568370692, 42.7627816876348], [-74.2609396866097, 42.7653858316176], [-74.2566032923006, 42.7695688211237], [-74.2520819935778, 42.7721152098633], [-74.2511021706315, 42.7729193066384], [-74.2500884223344, 42.7765328211366], [-74.2503224966138, 42.7803166535774], [-74.2514048646065, 42.7858800885688], [-74.2538958234414, 42.790471130188], [-74.2561574370155, 42.7961412276281], [-74.2588040175873, 42.8021109729791], [-74.258252798672, 42.804745972415], [-74.2573147290551, 42.8090534705654], [-74.256998879536, 42.8127166547733], [-74.2591039976827, 42.8179984183596], [-74.260194133738, 42.8217247158029], [-74.2604262720189, 42.8257336632975], [-74.2597164378427, 42.8298624802002], [-74.2586230949647, 42.8348534089384], [-74.2583049895657, 42.8380662131584], [-74.259318677794, 42.841044545629], [-74.2631387783961, 42.8446082698327], [-74.2695397936966, 42.849368080333], [-74.27020719554001, 42.85], [-74.26296641802881, 42.85], [-74.2629000214673, 42.8496497408534]]]]}}, {"type": "Feature", "properties": {"OBJECTID": 825, "Aquifer_Type": " ", "GPM": " ", "AREA": 934804, "PERIMETER": 4701, "Comments": "G"}, "geometry": {"type": "Polygon", "coordinates": [[[-73.8409087853221, 42.8199177444209], [-73.8398090280555, 42.8214105339213], [-73.8383786322832, 42.8243857871013], [-73.8372702665828, 42.826733873944], [-73.8367765634681, 42.8298266539383], [-73.835117819166, 42.8333759377919], [-73.8339544057425, 42.8324545737914], [-73.8332006417836, 42.8287817077318], [-73.8316602219325, 42.8259653154773], [-73.8315189781394, 42.823550516025], [-73.8310055791086, 42.8198801733374], [-73.8300541458632, 42.8188438877142], [-73.8311762346636, 42.8173964376591], [-73.8322034239343, 42.8156238855196], [-73.8335287894384, 42.8157995470355], [-73.835403992064, 42.8160976518358], [-73.8385132233873, 42.8176061537032], [-73.841925361178, 42.8195227887339], [-73.8409087853221, 42.8199177444209]]]}}, {"type": "Feature", "properties": {"OBJECTID": 826, "Aquifer_Type": " ", "GPM": " ", "AREA": 5296349, "PERIMETER": 16487, "Comments": "G"}, "geometry": {"type": "MultiPolygon", "coordinates": [[[[-73.7637529028503, 42.7835585263335], [-73.7625725515297, 42.7843561754487], [-73.7593575542368, 42.7859514570152], [-73.755519280422, 42.7880530693195], [-73.7514325153089, 42.7917097950086], [-73.7479022790723, 42.7942647678601], [-73.7479812772671, 42.7857196758454], [-73.7508879673408, 42.7832119152268], [-73.7539449858793, 42.7810479362238], [-73.7549719186912, 42.7801315725137], [-73.7561519299093, 42.7785863529069], [-73.756636778517, 42.7768086674189], [-73.756022552794, 42.775658288257], [-73.7554939020358, 42.773824484107], [-73.7555826537976, 42.7724476516522], [-73.7566796544095, 42.7715320324544], [-73.7579319650835, 42.7714825099241], [-73.7593387264949, 42.7709664670546], [-73.7620759539402, 42.7695461761858], [-73.7643481216476, 42.7689222886783], [-73.7668512964984, 42.7675084503694], [-73.7679561672179, 42.765791319273], [-73.7686792335734, 42.7633766243913], [-73.777660352742, 42.7632386672559], [-73.7783051360628, 42.766730609572], [-73.778914869378, 42.7685111554119], [-73.7805963545154, 42.7734548660388], [-73.780639307358, 42.7771835621115], [-73.7800835585796, 42.7789516816521], [-73.7762346337144, 42.7820355255621], [-73.7695120803111, 42.7852144400407], [-73.7655812501827, 42.786072653636], [-73.7637529028503, 42.7835585263335]]], [[[-73.8729978421834, 42.8152308590874], [-73.8719799541825, 42.8156350828981], [-73.8702035706741, 42.812925006288], [-73.8688160238598, 42.8102817684097], [-73.8681406934095, 42.8072404009024], [-73.8683915342026, 42.8045502248675], [-73.8698133409156, 42.8015204779135], [-73.8716979236343, 42.7995127512373], [-73.8732011657354, 42.7971141830512], [-73.8732106275164, 42.7953313244048], [-73.872914965032, 42.7932661751361], [-73.8726946500513, 42.7912557871478], [-73.8734047167129, 42.7897679327976], [-73.8741876930836, 42.7894064018089], [-73.8747918921454, 42.8143569865238], [-73.8729978421834, 42.8152308590874]]]]}}, {"type": "Feature", "properties": {"OBJECTID": 848, "Aquifer_Type": " ", "GPM": "10-100", "AREA": 108036665, "PERIMETER": 268083, "Comments": " "}, "geometry": {"type": "MultiPolygon", "coordinates": [[[[-73.6299099472098, 42.0559040529622], [-73.6271301958405, 42.0570326779659], [-73.6242535115859, 42.0590786187982], [-73.6237651116829, 42.061477495259], [-73.6245228283061, 42.0633238518788], [-73.6258137791456, 42.0653927872043], [-73.6267205984286, 42.0671237654942], [-73.6251540206417, 42.0696357988324], [-73.623030621177, 42.0730057363809], [-73.6209336433395, 42.0752231101295], [-73.6209167493936, 42.0767720318036], [-73.6209030744379, 42.0783840221741], [-73.6189554815872, 42.0800356935302], [-73.6155514469522, 42.0813276882533], [-73.6122184832642, 42.0827464124258], [-73.6093441943985, 42.084675027151], [-73.6073291262294, 42.085181937696], [-73.6040692461238, 42.087105737827], [-73.5996363318293, 42.0914377715598], [-73.5925280393886, 42.0993573306755], [-73.5913557769892, 42.1006128341866], [-73.588889364151, 42.1006545603029], [-73.5864191690177, 42.1005251945348], [-73.5841838467258, 42.1005696664234], [-73.5831196661433, 42.0994127015251], [-73.5825164372044, 42.097856224111], [-73.580677065288, 42.0966986599677], [-73.5788912155438, 42.0975411564626], [-73.5763243476167, 42.0997068557186], [-73.5752968333959, 42.1017115344497], [-73.5750525659805, 42.1033656687814], [-73.5767275164706, 42.1049895103551], [-73.579180975646, 42.106893191735], [-73.5799931910886, 42.1101184420241], [-73.5791995049712, 42.1122881244683], [-73.575311472756, 42.1154191710898], [-73.5726515876227, 42.118664418163], [-73.5708278304135, 42.1228385551238], [-73.5697249723899, 42.125076349198], [-73.5677970732196, 42.1250613916372], [-73.5648649807058, 42.1245834464732], [-73.5643427856924, 42.1231989765438], [-73.5652225726242, 42.1203369642009], [-73.5665046937206, 42.1163272316219], [-73.5663520158528, 42.1155868760354], [-73.5640312101386, 42.1163143074016], [-73.5606918883918, 42.1179476333312], [-73.5562106536002, 42.1187199051907], [-73.5531783674779, 42.120996362977], [-73.55, 42.12487292901348], [-73.55, 42.08581210624288], [-73.5514247483236, 42.0840308045128], [-73.5523788365881, 42.0808906728148], [-73.5542970332466, 42.0748805496638], [-73.5568080259709, 42.0707694046298], [-73.5603858856898, 42.0680403552421], [-73.565883749396, 42.0658396335622], [-73.5685127812872, 42.0656291619614], [-73.5699677198837, 42.0665029057436], [-73.5712582559633, 42.0681761583196], [-73.5714082848465, 42.0686283379479], [-73.5710660142709, 42.0719564367487], [-73.5701689120053, 42.0763132189003], [-73.5686715097537, 42.0797980792214], [-73.5705754890312, 42.0818211554807], [-73.5733409067454, 42.0831073686852], [-73.5759488795945, 42.0838693042876], [-73.5792487299569, 42.0856664333403], [-73.580943094725, 42.0857954539691], [-73.5858156523909, 42.0845676217314], [-73.5921458676502, 42.084321310555], [-73.5957743321448, 42.0837803070316], [-73.5976632236165, 42.0802909621571], [-73.5987718699401, 42.0773684310225], [-73.5986392073027, 42.075709635099], [-73.5972784818815, 42.0726579725506], [-73.5964040688935, 42.0677748851406], [-73.5969655731206, 42.0652600563887], [-73.5978468933065, 42.0622175990469], [-73.5988703592522, 42.060338804052], [-73.5979591444648, 42.0588416682266], [-73.5951928274877, 42.0583034051582], [-73.5909513026349, 42.0585577319574], [-73.5855946044848, 42.062022295724], [-73.5832771125923, 42.0623539746502], [-73.5790392571461, 42.062094471499], [-73.5739586436244, 42.0610767012476], [-73.5709640266134, 42.0600848847379], [-73.5690423497321, 42.0595475929531], [-73.5656329335407, 42.0606758729175], [-73.5630658813691, 42.063237575112], [-73.5620596775935, 42.0632339747195], [-73.562471405614, 42.0605912879206], [-73.5659912627616, 42.0559701249479], [-73.5695519165316, 42.0546184267199], [-73.5748682826874, 42.0550628532814], [-73.5780253312783, 42.0559486182368], [-73.5829467235594, 42.0568379981992], [-73.5867248781787, 42.0570377594014], [-73.5918942958109, 42.0561555722649], [-73.6020187088768, 42.0542799214167], [-73.6097494275446, 42.0524374299151], [-73.612385161654, 42.050848166825], [-73.61291419676743, 42.05], [-73.62983720552666, 42.05], [-73.6299701076007, 42.0502217730591], [-73.63019713557865, 42.05], [-73.63862199718857, 42.05], [-73.6327835554247, 42.0539119587233], [-73.6299099472098, 42.0559040529622]]], [[[-73.6120962290547, 42.1506426461814], [-73.6139525966301, 42.1503588536889], [-73.6167888254154, 42.1514197618819], [-73.6201055395773, 42.1519549451071], [-73.6210259692395, 42.1524163197792], [-73.6208544795881, 42.1542515918475], [-73.6192071546083, 42.1568795862617], [-73.6164014031704, 42.1593315122241], [-73.6136653026885, 42.1621263721877], [-73.6119417033654, 42.1646903961685], [-73.6088915439749, 42.1688051514716], [-73.6074633891088, 42.1722371889952], [-73.6053530592666, 42.1741209108496], [-73.6022644564796, 42.1740382943175], [-73.5973310981029, 42.1739511493089], [-73.5928515908528, 42.1734639879275], [-73.5884440982696, 42.1746347765051], [-73.5852353939508, 42.1781706650244], [-73.5838775326568, 42.1821795401178], [-73.5832960015697, 42.1858469108524], [-73.5815754249827, 42.1877890268238], [-73.5795034329667, 42.1869618249041], [-73.5773697422072, 42.1843687142026], [-73.5736858455523, 42.1823325699787], [-73.5676801839598, 42.180636692451], [-73.563430398118, 42.180889779719], [-73.558404088159, 42.1811420466307], [-73.5513016432242, 42.1810345513668], [-73.55, 42.18110062713367], [-73.55, 42.17692149751824], [-73.5524384519637, 42.1763927981229], [-73.5576956912707, 42.1760896706978], [-73.5641753801548, 42.1761979779087], [-73.5689728917538, 42.1754742909688], [-73.5713822144468, 42.174000338928], [-73.5773543147689, 42.1716338647763], [-73.5800063043672, 42.1692440326606], [-73.5798062833437, 42.1668909856779], [-73.5779909594711, 42.1634912540691], [-73.5758554725342, 42.1610150515323], [-73.5730108146188, 42.1597369252137], [-73.570319843929, 42.1590279142744], [-73.5686384509002, 42.1572327380405], [-73.5681464841008, 42.1531559312942], [-73.5692655504587, 42.1498916044289], [-73.5712072761343, 42.1489881816528], [-73.5727454083432, 42.1489983250934], [-73.5756704423683, 42.150115289489], [-73.5787984993996, 42.1531801668676], [-73.5813795670223, 42.1573729174357], [-73.584189520316, 42.1612982149484], [-73.5862339721182, 42.1644126269828], [-73.5925481013423, 42.1660031775448], [-73.5975580528637, 42.1671813441346], [-73.6019598589287, 42.1665774930319], [-73.6076471329827, 42.1624857781216], [-73.6106940847751, 42.158433952577], [-73.6111158589148, 42.1553410333784], [-73.6111889098068, 42.1523518517649], [-73.6120962290547, 42.1506426461814]]]]}}, {"type": "Feature", "properties": {"OBJECTID": 850, "Aquifer_Type": " ", "GPM": ">100", "AREA": 96783175, "PERIMETER": 271111, "Comments": " "}, "geometry": {"type": "MultiPolygon", "coordinates": [[[[-73.7717427690921, 42.3101755980445], [-73.7681838552489, 42.3093538774853], [-73.7647663459762, 42.3107760526064], [-73.7608893914168, 42.3124093510109], [-73.7555276722641, 42.3143326414447], [-73.7510145289329, 42.3173545169077], [-73.7492090702721, 42.3208921858099], [-73.7482776073928, 42.3282881784086], [-73.7484064328928, 42.3334556924075], [-73.7468049743416, 42.3399853498382], [-73.7449968294471, 42.3445782773847], [-73.7413388686596, 42.3482958504831], [-73.7412296090488, 42.3484833761084], [-73.7349404004777, 42.3592782810889], [-73.73081262803, 42.3657025205203], [-73.7271019936769, 42.3694354253066], [-73.7193267579057, 42.3763580193708], [-73.7144911998908, 42.3816954153592], [-73.7077927625998, 42.3891682566527], [-73.7101560494353, 42.3932570314734], [-73.7075951205303, 42.399537377397], [-73.7111688342178, 42.403182904016], [-73.7074101285364, 42.4085483722321], [-73.6976076813798, 42.4120426913898], [-73.6816861049614, 42.4172687229838], [-73.6753398627354, 42.4298138649893], [-73.6697614822643, 42.4395228403377], [-73.6686663337569, 42.440140488915], [-73.6666161147834, 42.4432866631799], [-73.6645719032523, 42.4464328695386], [-73.6621487290672, 42.4489441602862], [-73.660832541529, 42.4483615420272], [-73.658123429887, 42.4476003578531], [-73.6617873117002, 42.4377681556955], [-73.6654943224559, 42.4351074110918], [-73.6692198840684, 42.4315455567303], [-73.670588704724, 42.4243509072707], [-73.6731921731419, 42.4162694163204], [-73.673268259525, 42.4126651117135], [-73.6696582574783, 42.4108205846846], [-73.6748757247622, 42.4063421223364], [-73.6792338722204, 42.4051252038692], [-73.684660905277, 42.4038161242123], [-73.6875437039108, 42.4028044372565], [-73.6953436741831, 42.4039052615497], [-73.694258747234, 42.397583723642], [-73.6953753384325, 42.3917234004784], [-73.6981481576115, 42.3859108755768], [-73.6982784841211, 42.3796032420105], [-73.7007835515723, 42.3760262704732], [-73.7045595271044, 42.3697598788519], [-73.7106541076266, 42.3689271949639], [-73.7130844570024, 42.3689545042414], [-73.7216640030944, 42.3654451875078], [-73.7266520568947, 42.3591913799295], [-73.7316573329595, 42.3520362296686], [-73.7379121304009, 42.3430921736789], [-73.7457421692615, 42.3187577914954], [-73.7423738348465, 42.314609788811], [-73.7403561942838, 42.3065002139223], [-73.7404314241082, 42.3027268623197], [-73.7391405082012, 42.2946253213368], [-73.7364411140477, 42.2843514752011], [-73.737285347863, 42.2784299912525], [-73.7340579711151, 42.2945694099884], [-73.7346329016397, 42.3021239383577], [-73.7344817399475, 42.3096705328514], [-73.7314529241455, 42.314004066953], [-73.7284981782936, 42.3182309198464], [-73.7246050497087, 42.3311275771929], [-73.7163065152218, 42.3461314845958], [-73.7081074306636, 42.3557666575623], [-73.7046289350491, 42.3547187704973], [-73.7025476997181, 42.3535605427612], [-73.7026737444844, 42.3481675438397], [-73.703421685286, 42.3422051345671], [-73.704588693694, 42.3330323591987], [-73.7058321698467, 42.3242656047326], [-73.7073975483888, 42.3133141825476], [-73.7070290304342, 42.3113107509245], [-73.705176413329, 42.3103802476762], [-73.7012965746692, 42.311336004391], [-73.697795230296, 42.3137279445033], [-73.6948211124878, 42.3170893981508], [-73.6929423205444, 42.3192564447204], [-73.6920359255487, 42.3172467447079], [-73.6922993889849, 42.3134582976496], [-73.6938822134533, 42.3099730168211], [-73.6951198849905, 42.3097530021017], [-73.6967537990818, 42.308555758925], [-73.6978722810787, 42.3055785560223], [-73.7005271744113, 42.3026636933966], [-73.7047205616207, 42.301027008212], [-73.7096022274452, 42.2996861385287], [-73.7121815272047, 42.2967161262715], [-73.7123669972456, 42.29326889924], [-73.710669332775, 42.2840278509828], [-73.7091470178294, 42.2816601851718], [-73.705365215287, 42.2801495997504], [-73.7030278998547, 42.2822036002041], [-73.6999864393277, 42.2851681752191], [-73.6988348714674, 42.2834349584911], [-73.6993263695205, 42.2809189180167], [-73.7002080548805, 42.2769663593952], [-73.7015613132759, 42.2725596495394], [-73.7035311951681, 42.2688985958346], [-73.7056967667712, 42.2691391596092], [-73.7073039081101, 42.2708143292952], [-73.7089708176394, 42.2747776607297], [-73.711421610449, 42.2780653711364], [-73.7135856529848, 42.27772941152], [-73.7146104420319, 42.2757865466929], [-73.7168877214428, 42.271732435273], [-73.7208110832754, 42.2657873089462], [-73.7304844157647, 42.2553397141337], [-73.733907531355, 42.2527747980169], [-73.7399746638802, 42.2492031027301], [-73.7439411411981, 42.2459504355489], [-73.7465158771536, 42.2430966206808], [-73.7502288473319, 42.2428939390306], [-73.753484037325, 42.2421638259854], [-73.7563058538995, 42.237187109542], [-73.7564972692267, 42.2330013952428], [-73.7549114258095, 42.2282920680099], [-73.7526114011921, 42.2258623960915], [-73.7506106671431, 42.2247058996891], [-73.7458497273422, 42.221123542151], [-73.7426931630336, 42.2189275958568], [-73.7398538729639, 42.2166179927537], [-73.7373964056189, 42.2152310491645], [-73.7347683625222, 42.215102951366], [-73.7274245515182, 42.2153460361217], [-73.7221477184781, 42.217547977701], [-73.7137571058958, 42.2222634526664], [-73.7067028941069, 42.2252642984048], [-73.7011906745137, 42.2276426989295], [-73.6957547067916, 42.2304178850059], [-73.6919355767454, 42.2339498819217], [-73.6891970633683, 42.2371517645984], [-73.6874142520307, 42.2381671291098], [-73.6858706599424, 42.2376451248895], [-73.6860414847845, 42.2356928045168], [-73.688626248831, 42.232092962646], [-73.696489479341, 42.2257792380771], [-73.7042550211017, 42.2223186598263], [-73.7123297219588, 42.2176093399791], [-73.7214152735318, 42.2122712338209], [-73.7263083498321, 42.2100021218415], [-73.7295450593597, 42.21087550894], [-73.7322502655843, 42.211301720554], [-73.7369610707183, 42.2116148182548], [-73.7445865310837, 42.214634386002], [-73.7507447074114, 42.2171422378415], [-73.7532957998751, 42.2177193479859], [-73.7555490299066, 42.2161947215668], [-73.757185110652, 42.2147085661668], [-73.7555707427959, 42.2135472473264], [-73.7546594844106, 42.2109075632876], [-73.7538422589781, 42.2071161631234], [-73.7522487793166, 42.2040637600394], [-73.7484817771932, 42.2008346543595], [-73.7434755436704, 42.1992579224497], [-73.7381384230754, 42.200027906228], [-73.7362902846293, 42.1989357765091], [-73.7392458033821, 42.1973382524095], [-73.7436539217148, 42.1964499020684], [-73.7491404794243, 42.1963027680376], [-73.7534602359338, 42.1975925708688], [-73.7546788250391, 42.1993710128579], [-73.7573224613674, 42.2066225785562], [-73.7603818990973, 42.2109965668391], [-73.7626145184508, 42.2117502030047], [-73.7631035502586, 42.209116678733], [-73.763008703009, 42.2017215922981], [-73.7618085699704, 42.1966562335417], [-73.7553602203723, 42.1908856288516], [-73.7477575292238, 42.1861467437253], [-73.7459332826926, 42.1819479949131], [-73.7465164981548, 42.1765597814074], [-73.7460625572894, 42.1754109980514], [-73.7437463065552, 42.1755117155856], [-73.74206595638, 42.1737821155181], [-73.7427822398041, 42.1706289022742], [-73.7432057191959, 42.1666708182046], [-73.739769625923, 42.1616076979111], [-73.7382570799144, 42.1577004665755], [-73.7396227037926, 42.1508798103093], [-73.7405739642773, 42.1478461471969], [-73.7405241712965, 42.1453239230131], [-73.7378453205477, 42.1424934866467], [-73.7333784467234, 42.1402918454645], [-73.7306184693219, 42.1384421824146], [-73.7256181903672, 42.1363963251323], [-73.7246303321242, 42.1346742425077], [-73.7232055494542, 42.1291015094818], [-73.7214009844001, 42.1237047003032], [-73.7191080454404, 42.1216258471794], [-73.714250796248, 42.1202114881396], [-73.711018250704, 42.1189955478445], [-73.7075684340652, 42.1167952268388], [-73.7008849750046, 42.1134775225469], [-73.6968768220511, 42.112657597356], [-73.6925568228701, 42.1127435156681], [-73.6890834073913, 42.1128390366371], [-73.6862367123592, 42.1120139960854], [-73.6818514705242, 42.1104415910736], [-73.6793967167697, 42.1088824311157], [-73.6776097276295, 42.1098975363105], [-73.6748076392302, 42.1127471577792], [-73.6733949678425, 42.1156668987761], [-73.6704161802544, 42.1200094560577], [-73.6664451287093, 42.1243404020684], [-73.663168659943, 42.1274725337834], [-73.6614588518395, 42.1287314897876], [-73.6603913796869, 42.1272869733666], [-73.660878290888, 42.124996089427], [-73.662066351735, 42.1217946637044], [-73.6624734049544, 42.1196199860306], [-73.6600351577543, 42.1165023955252], [-73.6559681544158, 42.1141223230454], [-73.6526634801659, 42.112381369845], [-73.6518194450443, 42.1116869402809], [-73.6514573217899, 42.1095122622093], [-73.650705182193, 42.1069186144398], [-73.6552467955589, 42.1082688404958], [-73.6623406975547, 42.1091172332458], [-73.6678081486295, 42.1098921978018], [-73.6702928926482, 42.1089933871292], [-73.6733250769467, 42.1064887034115], [-73.6764988706665, 42.1053004875362], [-73.6794094956791, 42.1070993430128], [-73.6853345111709, 42.1088513955051], [-73.6881887830955, 42.1089291773993], [-73.6919805002226, 42.1079817115769], [-73.6978532858901, 42.1069857229118], [-73.7016224044413, 42.1086134868574], [-73.7109199991912, 42.1132574582], [-73.7212209782838, 42.117848743528], [-73.724516503815, 42.1204522280597], [-73.7274202801465, 42.1239067814951], [-73.7287058833874, 42.1268390043975], [-73.7305257633312, 42.1307498697468], [-73.7325087195465, 42.1341490760976], [-73.7344234377125, 42.1356742190644], [-73.7358901639591, 42.1353121157194], [-73.7428918083999, 42.1375569509816], [-73.7465109207167, 42.1411269952087], [-73.745829039494, 42.1489653359484], [-73.7446665034899, 42.1544445695393], [-73.7440617869568, 42.1583607949108], [-73.7465528861673, 42.1626186522867], [-73.7466925044618, 42.1645113630372], [-73.7485938014876, 42.1683147603253], [-73.7502691524017, 42.1710708889494], [-73.7521695869483, 42.175324521469], [-73.7533711589884, 42.1798675802243], [-73.7550381023517, 42.1830828537385], [-73.7597887772856, 42.1882227550101], [-73.7648483620191, 42.193410895597], [-73.7696701757019, 42.1998030181781], [-73.7697048253632, 42.2043333681013], [-73.770157124819, 42.2059953716733], [-73.771643971977, 42.2042821180375], [-73.7726629705246, 42.2017082491693], [-73.7738469196006, 42.198109551236], [-73.7757444698992, 42.1930684011892], [-73.7773357732644, 42.1875645498339], [-73.7772901626348, 42.1830970110776], [-73.7762588532232, 42.1767727063504], [-73.77713863547, 42.1721979720179], [-73.7791363403503, 42.1639426197381], [-73.781511578475, 42.1563216271361], [-73.7837108739851, 42.1514635978496], [-73.7854138854701, 42.1503828358492], [-73.7865722743456, 42.1513588344802], [-73.7865467606244, 42.1538803340763], [-73.7857457310811, 42.1575552815886], [-73.7829791850534, 42.1664240879754], [-73.7814723761077, 42.171991877753], [-73.780972752231, 42.1759402926205], [-73.7816058577669, 42.1846650270803], [-73.7820369257038, 42.1886232300708], [-73.779989300347, 42.1935458366748], [-73.7762001315757, 42.2037364470771], [-73.771898486612, 42.2105981202696], [-73.7684024811699, 42.2127581313559], [-73.7644359904327, 42.2165790309188], [-73.76325728352, 42.2189259899226], [-73.76167619643, 42.2231057338507], [-73.7618819354676, 42.226377136524], [-73.7614546086016, 42.2316501042025], [-73.7599392040547, 42.2375506061961], [-73.7592896891395, 42.2421325073783], [-73.7591180755682, 42.24334163134], [-73.7589022767156, 42.2507963370999], [-73.7592299716501, 42.2584279046547], [-73.7598721543097, 42.2648562090071], [-73.7583699220171, 42.2696671096955], [-73.7560980488202, 42.2728125070345], [-73.751030217842, 42.2775936643372], [-73.7463536530587, 42.2823338492553], [-73.7426136803969, 42.2853008362109], [-73.7437752722704, 42.2853585880178], [-73.7454788721828, 42.2848549067151], [-73.7470319116998, 42.2842864362747], [-73.7506884611954, 42.2816155334044], [-73.7561323806956, 42.2785407185839], [-73.7581295204292, 42.2795890228776], [-73.7574197235152, 42.2819949056484], [-73.7547567054131, 42.2854243444163], [-73.7514829536589, 42.2889010047028], [-73.7492886869966, 42.2924434635872], [-73.7483304355841, 42.2956571284106], [-73.7484375207615, 42.3015031665291], [-73.7481828029206, 42.3042561063683], [-73.7471509765604, 42.3078022848816], [-73.7458232332595, 42.309057623432], [-73.7460440428661, 42.3099245264564], [-73.7466488342244, 42.3117053147641], [-73.748513389021, 42.3113744298389], [-73.7506904305399, 42.3103535111849], [-73.7545497445428, 42.310773671738], [-73.7571754813523, 42.3119908898511], [-73.7590492896995, 42.310336145361], [-73.7620812568789, 42.3081714579312], [-73.7655736380634, 42.3068762267296], [-73.7691400960585, 42.306203059], [-73.7721757968351, 42.3042093115455], [-73.7717427690921, 42.3101755980445]]], [[[-73.632747184111, 42.4956245113479], [-73.630995216325, 42.500142420089], [-73.630901575388, 42.5015731779805], [-73.630407115706, 42.5047823504285], [-73.6295959078519, 42.5079335288975], [-73.6298027561291, 42.5112051034842], [-73.6317833808592, 42.5150651995781], [-73.6321970033498, 42.5198250405256], [-73.6302371710264, 42.5217649039121], [-73.6292450296521, 42.5204382167616], [-73.6268682448267, 42.5174379669156], [-73.6249356197414, 42.5160549482217], [-73.6248099631994, 42.5132436259882], [-73.6250762619755, 42.5099146956404], [-73.6229816167513, 42.509610424364], [-73.6212559211799, 42.5114988379101], [-73.6195923996814, 42.5146938849383], [-73.6185579273242, 42.5171038870601], [-73.6154169897102, 42.5210375455409], [-73.6127438204047, 42.5241121449941], [-73.6109230596258, 42.5274311160501], [-73.6108100944343, 42.5308158839362], [-73.6123334863339, 42.5339862913512], [-73.6119141717979, 42.5371871811441], [-73.6100115712318, 42.5406762990514], [-73.6081141263621, 42.5435891155024], [-73.6059949768748, 42.5456436664592], [-73.6016314011154, 42.5475086482844], [-73.6002802973258, 42.5497885525422], [-73.601430998548, 42.5515767906865], [-73.6034160954544, 42.5552031273296], [-73.6036852322497, 42.5583673458553], [-73.6035004718547, 42.5614630941091], [-73.6024673741467, 42.564089034818], [-73.6002946376776, 42.5633871417015], [-73.5988885680388, 42.5646396579094], [-73.5988642063525, 42.5668187075844], [-73.6002377089099, 42.5690689577803], [-73.5992157755573, 42.5704343033395], [-73.5962498263428, 42.5712805429686], [-73.5947275157659, 42.5687403030141], [-73.5933672282104, 42.5648873098563], [-73.593394553096, 42.5623120435701], [-73.5954977894341, 42.5612842324205], [-73.5956064829436, 42.5585388009369], [-73.5954967172547, 42.5544670524715], [-73.5941197519373, 42.5523878601394], [-73.5925943146782, 42.5500816437583], [-73.5948949118516, 42.5453909345313], [-73.5997345281501, 42.5430727470996], [-73.6035369782082, 42.5428129388054], [-73.6068309391047, 42.5400252323691], [-73.6082630217456, 42.5368817798104], [-73.6054212758498, 42.5335961492801], [-73.6013372732675, 42.5312140329802], [-73.5995818583401, 42.5277614358482], [-73.6009376411406, 42.5241576737957], [-73.6044941393751, 42.5182123619915], [-73.6037429285537, 42.5162040103581], [-73.6016676681608, 42.5143504840701], [-73.6012979026176, 42.5125088377481], [-73.6044248771298, 42.5098993111747], [-73.610034416174, 42.5086076517426], [-73.6119967327422, 42.5065601144333], [-73.6122480851054, 42.5042127165248], [-73.6139867497644, 42.5011268159747], [-73.6176883826697, 42.4965515823367], [-73.6192163199671, 42.4907164381806], [-73.621404201125, 42.4822415401548], [-73.6216664316791, 42.479029691444], [-73.6169616081928, 42.4759021533202], [-73.6110910796616, 42.4734536862367], [-73.6069686088288, 42.4743492314033], [-73.6052181562998, 42.4717523880895], [-73.6040015029528, 42.4688197851893], [-73.6018317242954, 42.4684060765756], [-73.5991704468303, 42.4710842756842], [-73.5972771880685, 42.4742220978784], [-73.594150166159, 42.4765522393103], [-73.5915310031011, 42.474133608758], [-73.5873600746645, 42.4727765311818], [-73.5945091848229, 42.4657455415444], [-73.5933489508791, 42.4589269979456], [-73.5922542519767, 42.4491928842752], [-73.592471844427, 42.4394749596761], [-73.6032487454293, 42.4269699130154], [-73.6129906315939, 42.424819413443], [-73.6138248130078, 42.4268918540156], [-73.6131927140002, 42.4279197482347], [-73.6108467763394, 42.4296294542555], [-73.6056926318434, 42.4333223082065], [-73.6015990202979, 42.4389729848018], [-73.6004802949577, 42.4424625646505], [-73.5988033935615, 42.4466386081111], [-73.599933086057, 42.4503807426096], [-73.6023760009626, 42.453724618799], [-73.6039745934161, 42.4568239689176], [-73.6050398477918, 42.4585570400143], [-73.606750629766, 42.4580555368217], [-73.6101873836174, 42.4559538953078], [-73.6130752384335, 42.4539085344065], [-73.6157028828107, 42.4548408718851], [-73.615292922782, 42.457303521809], [-73.6133260910631, 42.4603866168489], [-73.6133807537165, 42.4624586186127], [-73.6149785579511, 42.4649364459218], [-73.6180706353085, 42.466558725019], [-73.6211600140987, 42.4680188189362], [-73.6229435096001, 42.468022256234], [-73.623653159159, 42.4666529197304], [-73.6311134131282, 42.4729928472567], [-73.6335696865962, 42.4807986104849], [-73.6225907177032, 42.4821008520784], [-73.6226023950096, 42.4830822308681], [-73.6341116117945, 42.4911560654739], [-73.632747184111, 42.4956245113479]]], [[[-73.7974957849874, 42.093028921342], [-73.7948257521386, 42.094962353469], [-73.7932757678563, 42.093376942323], [-73.785843748286, 42.0933059228142], [-73.7818437299724, 42.0925431678508], [-73.7803038769792, 42.0915000287277], [-73.7834015922119, 42.0901999817967], [-73.7890481427329, 42.0879901318981], [-73.7945393849469, 42.0863007214519], [-73.7997360860181, 42.0830589224181], [-73.8087228883767, 42.0775325918323], [-73.8118906165514, 42.0760613207544], [-73.8113705938097, 42.0734801933687], [-73.8097614562729, 42.0724998505301], [-73.8116272862945, 42.069520052803], [-73.8131387385423, 42.063906784574], [-73.8142450670511, 42.0596671803039], [-73.8154861037397, 42.0593827571084], [-73.8170946889399, 42.0607773149384], [-73.8168442664052, 42.0631164524839], [-73.8160473589174, 42.0671339801778], [-73.8149226296498, 42.0726883368615], [-73.8146651478316, 42.0873209758023], [-73.8149247303073, 42.0940873816529], [-73.8159793788897, 42.0975926408661], [-73.8192831380061, 42.1004816456674], [-73.8225933643262, 42.1016414021421], [-73.8262213971157, 42.1014894805212], [-73.8293007788788, 42.1018991290471], [-73.8321423722119, 42.1039815589578], [-73.834826707546, 42.1058281149299], [-73.838728161748, 42.1109021598359], [-73.8439282412931, 42.1184388262614], [-73.8454528517452, 42.1212551955837], [-73.8456609883018, 42.1254450807966], [-73.8453695360142, 42.1334127026215], [-73.8450850565301, 42.1419027289817], [-73.8458307279804, 42.1452335858533], [-73.847207145106, 42.1481653975937], [-73.8504197743433, 42.1528809206381], [-73.8544625593122, 42.160072210952], [-73.8585034216337, 42.1683531346594], [-73.8620826637221, 42.1757647276473], [-73.8636879386723, 42.1784104586901], [-73.861817732351, 42.1802382644648], [-73.86049693372, 42.1818912307701], [-73.8594211328495, 42.1805206083849], [-73.8567470850024, 42.1770535969457], [-73.8541517504357, 42.1721734413685], [-73.8497811148178, 42.1664107441859], [-73.8420569011369, 42.1558228335726], [-73.8355521571498, 42.1475884635122], [-73.8342574080747, 42.1443690211371], [-73.8353425045394, 42.1435154383311], [-73.8390445804669, 42.1443995568963], [-73.8411142686384, 42.1468702255926], [-73.8415101836669, 42.1453251041426], [-73.8411497381151, 42.1415387961336], [-73.8400320382295, 42.1353943135343], [-73.8405164765049, 42.1324722280673], [-73.842698230582, 42.1286935722451], [-73.8426369071122, 42.1265764591073], [-73.8400208368341, 42.1250731286335], [-73.8389547705202, 42.1237474260792], [-73.8389672999683, 42.1217391097935], [-73.8372258637876, 42.1161646421708], [-73.8348623472122, 42.1127092439113], [-73.8311191255619, 42.1074204843419], [-73.828813578145, 42.1058570282427], [-73.8192518780555, 42.1046061848851], [-73.8126191915918, 42.1036551190347], [-73.8098431229705, 42.1033561325385], [-73.8084635668981, 42.102432272021], [-73.8072442595941, 42.1003031020985], [-73.8071083559253, 42.0977168636626], [-73.8090113550378, 42.0907838184891], [-73.8102044156771, 42.0861489758402], [-73.8084365224315, 42.0841852089935], [-73.8057377455764, 42.0844093679817], [-73.8016371927395, 42.0865101370025], [-73.7979911468904, 42.0888677350813], [-73.7974957849874, 42.093028921342]]]]}}, {"type": "Feature", "properties": {"OBJECTID": 851, "Aquifer_Type": " ", "GPM": "10-100", "AREA": 12494284, "PERIMETER": 30152, "Comments": " "}, "geometry": {"type": "Polygon", "coordinates": [[[-73.7440617869568, 42.1583607949108], [-73.7446665034899, 42.1544445695393], [-73.745829039494, 42.1489653359484], [-73.7465109207167, 42.1411269952087], [-73.7428918083999, 42.1375569509816], [-73.7358901639591, 42.1353121157194], [-73.7380730204382, 42.1333187114242], [-73.7397983768413, 42.1296001274125], [-73.7414400070866, 42.1274296264591], [-73.7435957593325, 42.1275523039656], [-73.7450550383536, 42.1291624162631], [-73.7457324842448, 42.1314663092908], [-73.7461658818674, 42.1347943928653], [-73.7475447030075, 42.1361242769935], [-73.7492387866486, 42.136358864671], [-73.7522591844593, 42.135518147929], [-73.7542051894281, 42.1334679225689], [-73.7570045048703, 42.1301570192405], [-73.7625225913246, 42.1257674983161], [-73.7661119977064, 42.1213661659781], [-73.7739969821915, 42.1091932192168], [-73.7763438698118, 42.1050122924621], [-73.7820095750519, 42.1010918834894], [-73.7852638072704, 42.0996132715997], [-73.7865088995601, 42.0975009417129], [-73.7863729104326, 42.0949687056823], [-73.785843748286, 42.0933059228142], [-73.7932757678563, 42.093376942323], [-73.7948257521386, 42.094962353469], [-73.7974957849874, 42.093028921342], [-73.7979911468904, 42.0888677350813], [-73.799138275252, 42.0903927705767], [-73.7995134449888, 42.0916575046551], [-73.8007356659563, 42.0940119922159], [-73.8010868288098, 42.0985547301638], [-73.8009049677705, 42.1025066945861], [-73.8011112558525, 42.1054357522546], [-73.8024183547308, 42.1065932405133], [-73.8052718939766, 42.1067130335146], [-73.8069599028429, 42.1076403197499], [-73.8055523560622, 42.1098142095429], [-73.8028368141096, 42.1125507259771], [-73.8010391783985, 42.1153509791683], [-73.8015653051206, 42.1167974578937], [-73.8026224434886, 42.1202398204257], [-73.8027581628286, 42.1236276275749], [-73.8016539989354, 42.1263719977337], [-73.8013872082673, 42.1307282561873], [-73.8006841287406, 42.1321618866974], [-73.7972704571439, 42.1347198743979], [-73.7933773927801, 42.1390110197323], [-73.7896405426428, 42.1431775246413], [-73.7881019747782, 42.1420806628341], [-73.7881218455042, 42.1402435239647], [-73.786425521978, 42.1397212552568], [-73.784572018628, 42.139827784631], [-73.783348241401, 42.1387250088743], [-73.7829784800364, 42.1363163691796], [-73.7831594308873, 42.1324726822973], [-73.7827388751514, 42.1271906385977], [-73.7831578394209, 42.123007121988], [-73.7845865117666, 42.1169340948297], [-73.7839839766695, 42.1155497607016], [-73.7809642011362, 42.1163463033276], [-73.7777852742772, 42.1187351278985], [-73.7739688290557, 42.1229634100295], [-73.7702344038557, 42.1270662886277], [-73.7660251991204, 42.131749402401], [-73.75911541093, 42.1369885545097], [-73.7527517651827, 42.1413145038245], [-73.7501797767208, 42.1443396317026], [-73.7503687805001, 42.1495652248369], [-73.7490055860805, 42.1556386771439], [-73.7478905395759, 42.159931410771], [-73.7465528861673, 42.1626186522867], [-73.7440617869568, 42.1583607949108]]]}}]}