{"type": "FeatureCollection", "name": "usgs_wells", "features": [{"type": "Feature", "geometry": {"type": "Point", "coordinates": [-74.022, 42.415]}, "properties": {"site_id": "USGS_422455074012101", "zone": "plateau (Hilltowns)", "sid": 422455074012101, "km_from_ref": 15.0, "aquifer": null, "yr": 2008, "first": "2008-08-27", "last": "2008-08-27", "n_results": 257, "n_chars": 240, "nitrate_mgL_N": null, "chloride_mgL": 62.4, "sodium_mgL": 109.0, "iron_ugL": 22.2, "manganese_ugL": 81.0, "arsenic_ugL": null, "radon_pCiL": 153.0, "ra226_pCiL": null, "ra228_pCiL": null, "uranium_ugL": 0.104, "barium_ugL": 164.0, "fluoride_mgL": 0.6, "hardness_mgL": 144.0, "ph": 7.9, "spc_uScm": 744.0, "methane_mgL": null, "tds_mgL": 420.0, "sulfate_mgL": 30.1, "strontium_ugL": 587.0, "boron_ugL": 329.0, "lithium_ugL": 242.0, "calcium_mgL": 39.3, "magnesium_mgL": 11.2, "potassium_mgL": 0.74, "alkalinity_mgL": 266.0, "ammonia_mgL": 0.218, "doc_mgL": 2.4, "temp_C": 10.6, "aquifer_setting": "valley-fill aquifer: 10-100", "km_to_nearest_valley_aquifer": 0.0, "dec_basin": "Catskill Creek", "dec_permit_basin": "13-09", "in_basic_creek_res_catchment": "no"}}, {"type": "Feature", "geometry": {"type": "Point", "coordinates": [-73.993, 42.479]}, "properties": {"site_id": "USGS_422846073593501", "zone": "plateau (Hilltowns)", "sid": 422846073593501, "km_from_ref": 13.1, "aquifer": null, "yr": 1994, "first": "1994-11-28", "last": "1994-11-28", "n_results": 203, "n_chars": 189, "nitrate_mgL_N": null, "chloride_mgL": 1.4, "sodium_mgL": 59.0, "iron_ugL": 500.0, "manganese_ugL": 47.0, "arsenic_ugL": null, "radon_pCiL": 90.0, "ra226_pCiL": null, "ra228_pCiL": null, "uranium_ugL": null, "barium_ugL": null, "fluoride_mgL": 0.1, "hardness_mgL": 135.0, "ph": 7.8, "spc_uScm": 482.0, "methane_mgL": null, "tds_mgL": 283.0, "sulfate_mgL": 15.0, "strontium_ugL": null, "boron_ugL": null, "lithium_ugL": null, "calcium_mgL": 31.0, "magnesium_mgL": 14.0, "potassium_mgL": 0.6, "alkalinity_mgL": 250.0, "ammonia_mgL": 0.361, "doc_mgL": 0.3, "temp_C": 10.2, "aquifer_setting": "bedrock (outside mapped unconsolidated aquifer)", "km_to_nearest_valley_aquifer": 1.18, "dec_basin": "Lower Hudson Main Stem", "dec_permit_basin": "13-01", "in_basic_creek_res_catchment": "no"}}, {"type": "Feature", "geometry": {"type": "Point", "coordinates": [-73.987, 42.497]}, "properties": {"site_id": "USGS_422950073591201", "zone": "plateau (Hilltowns)", "sid": 422950073591201, "km_from_ref": 13.1, "aquifer": null, "yr": 1994, "first": "1994-11-16", "last": "1994-11-16", "n_results": 206, "n_chars": 192, "nitrate_mgL_N": 9.52, "chloride_mgL": 20.0, "sodium_mgL": 17.0, "iron_ugL": 53.0, "manganese_ugL": 67.0, "arsenic_ugL": null, "radon_pCiL": 360.0, "ra226_pCiL": null, "ra228_pCiL": null, "uranium_ugL": null, "barium_ugL": null, "fluoride_mgL": null, "hardness_mgL": 42.7, "ph": 6.4, "spc_uScm": 185.0, "methane_mgL": null, "tds_mgL": 103.0, "sulfate_mgL": 13.0, "strontium_ugL": null, "boron_ugL": null, "lithium_ugL": null, "calcium_mgL": 11.0, "magnesium_mgL": 3.7, "potassium_mgL": 0.9, "alkalinity_mgL": 32.0, "ammonia_mgL": null, "doc_mgL": 0.9, "temp_C": 10.1, "aquifer_setting": "bedrock (outside mapped unconsolidated aquifer)", "km_to_nearest_valley_aquifer": 1.82, "dec_basin": "Lower Hudson Main Stem", "dec_permit_basin": "13-01", "in_basic_creek_res_catchment": "no"}}, {"type": "Feature", "geometry": {"type": "Point", "coordinates": [-74.005, 42.519]}, "properties": {"site_id": "USGS_423110074001801", "zone": "plateau (Hilltowns)", "sid": 423110074001801, "km_from_ref": 11.5, "aquifer": null, "yr": 2008, "first": "2008-08-18", "last": "2008-08-18", "n_results": 255, "n_chars": 240, "nitrate_mgL_N": null, "chloride_mgL": 5.65, "sodium_mgL": 139.0, "iron_ugL": 82.5, "manganese_ugL": 5.59, "arsenic_ugL": null, "radon_pCiL": 56.0, "ra226_pCiL": null, "ra228_pCiL": null, "uranium_ugL": null, "barium_ugL": 27.0, "fluoride_mgL": 0.67, "hardness_mgL": 37.4, "ph": 9.0, "spc_uScm": 642.0, "methane_mgL": null, "tds_mgL": 399.0, "sulfate_mgL": 22.6, "strontium_ugL": 520.0, "boron_ugL": 611.0, "lithium_ugL": 448.0, "calcium_mgL": 9.78, "magnesium_mgL": 3.16, "potassium_mgL": 0.58, "alkalinity_mgL": 332.0, "ammonia_mgL": 0.374, "doc_mgL": null, "temp_C": 10.8, "aquifer_setting": "bedrock (outside mapped unconsolidated aquifer)", "km_to_nearest_valley_aquifer": 1.64, "dec_basin": "Lower Hudson Main Stem", "dec_permit_basin": "13-01", "in_basic_creek_res_catchment": "no"}}, {"type": "Feature", "geometry": {"type": "Point", "coordinates": [-74.139, 42.516]}, "properties": {"site_id": "USGS_423057074081900", "zone": "plateau (Hilltowns)", "sid": 423057074081900, "km_from_ref": 0.5, "aquifer": null, "yr": 1974, "first": "1974-06-21", "last": "1975-03-20", "n_results": 275, "n_chars": 80, "nitrate_mgL_N": 0.22, "chloride_mgL": 9.9, "sodium_mgL": 9.0, "iron_ugL": 230.0, "manganese_ugL": 20.0, "arsenic_ugL": 2.0, "radon_pCiL": null, "ra226_pCiL": null, "ra228_pCiL": null, "uranium_ugL": null, "barium_ugL": null, "fluoride_mgL": 0.2, "hardness_mgL": 39.0, "ph": 8.3, "spc_uScm": 120.0, "methane_mgL": null, "tds_mgL": 69.0, "sulfate_mgL": 9.2, "strontium_ugL": 40.0, "boron_ugL": null, "lithium_ugL": null, "calcium_mgL": 19.0, "magnesium_mgL": 1.7, "potassium_mgL": 0.9, "alkalinity_mgL": 42.0, "ammonia_mgL": null, "doc_mgL": 4.7, "temp_C": null, "aquifer_setting": "bedrock (outside mapped unconsolidated aquifer)", "km_to_nearest_valley_aquifer": 0.31, "dec_basin": "Catskill Creek", "dec_permit_basin": "13-09", "in_basic_creek_res_catchment": "no"}}, {"type": "Feature", "geometry": {"type": "Point", "coordinates": [-74.139, 42.516]}, "properties": {"site_id": "USGS_423057074081900", "zone": "plateau (Hilltowns)", "sid": 423057074081900, "km_from_ref": 0.5, "aquifer": null, "yr": 1975, "first": "1974-06-21", "last": "1975-03-20", "n_results": 275, "n_chars": 80, "nitrate_mgL_N": 0.28, "chloride_mgL": 8.4, "sodium_mgL": 4.9, "iron_ugL": 70.0, "manganese_ugL": null, "arsenic_ugL": null, "radon_pCiL": null, "ra226_pCiL": null, "ra228_pCiL": null, "uranium_ugL": null, "barium_ugL": null, "fluoride_mgL": 0.2, "hardness_mgL": 35.0, "ph": 8.3, "spc_uScm": 90.0, "methane_mgL": null, "tds_mgL": 70.0, "sulfate_mgL": 8.3, "strontium_ugL": 30.0, "boron_ugL": null, "lithium_ugL": null, "calcium_mgL": 12.0, "magnesium_mgL": 1.1, "potassium_mgL": 0.7, "alkalinity_mgL": 26.0, "ammonia_mgL": null, "doc_mgL": null, "temp_C": null, "aquifer_setting": "bedrock (outside mapped unconsolidated aquifer)", "km_to_nearest_valley_aquifer": 0.31, "dec_basin": "Catskill Creek", "dec_permit_basin": "13-09", "in_basic_creek_res_catchment": "no"}}, {"type": "Feature", "geometry": {"type": "Point", "coordinates": [-74.139, 42.516]}, "properties": {"site_id": "USGS_423057074082000", "zone": "plateau (Hilltowns)", "sid": 423057074082000, "km_from_ref": 0.5, "aquifer": null, "yr": 1972, "first": "1972-06-07", "last": "1972-06-07", "n_results": 53, "n_chars": 52, "nitrate_mgL_N": 0.08, "chloride_mgL": 8.5, "sodium_mgL": 6.0, "iron_ugL": 60.0, "manganese_ugL": 10.0, "arsenic_ugL": 1.0, "radon_pCiL": null, "ra226_pCiL": null, "ra228_pCiL": null, "uranium_ugL": null, "barium_ugL": null, "fluoride_mgL": 0.1, "hardness_mgL": 37.0, "ph": 7.9, "spc_uScm": 111.0, "methane_mgL": null, "tds_mgL": 59.0, "sulfate_mgL": 8.4, "strontium_ugL": 30.0, "boron_ugL": null, "lithium_ugL": null, "calcium_mgL": 13.0, "magnesium_mgL": 1.2, "potassium_mgL": 0.6, "alkalinity_mgL": 30.0, "ammonia_mgL": null, "doc_mgL": null, "temp_C": null, "aquifer_setting": "bedrock (outside mapped unconsolidated aquifer)", "km_to_nearest_valley_aquifer": 0.31, "dec_basin": "Catskill Creek", "dec_permit_basin": "13-09", "in_basic_creek_res_catchment": "no"}}, {"type": "Feature", "geometry": {"type": "Point", "coordinates": [-74.114, 42.545]}, "properties": {"site_id": "USGS_423241074064901", "zone": "plateau (Hilltowns)", "sid": 423241074064901, "km_from_ref": 4.2, "aquifer": null, "yr": 1994, "first": "1994-11-28", "last": "1994-11-28", "n_results": 205, "n_chars": 191, "nitrate_mgL_N": 3.32, "chloride_mgL": 5.1, "sodium_mgL": 5.5, "iron_ugL": 28.0, "manganese_ugL": 2.0, "arsenic_ugL": null, "radon_pCiL": 460.0, "ra226_pCiL": null, "ra228_pCiL": null, "uranium_ugL": null, "barium_ugL": null, "fluoride_mgL": null, "hardness_mgL": 87.6, "ph": 6.9, "spc_uScm": 209.0, "methane_mgL": null, "tds_mgL": 116.0, "sulfate_mgL": 18.0, "strontium_ugL": null, "boron_ugL": null, "lithium_ugL": null, "calcium_mgL": 27.0, "magnesium_mgL": 4.9, "potassium_mgL": 0.6, "alkalinity_mgL": 74.0, "ammonia_mgL": null, "doc_mgL": 0.8, "temp_C": 9.6, "aquifer_setting": "bedrock (outside mapped unconsolidated aquifer)", "km_to_nearest_valley_aquifer": 0.73, "dec_basin": "Schoharie Creek *", "dec_permit_basin": "12-02", "in_basic_creek_res_catchment": "no"}}, {"type": "Feature", "geometry": {"type": "Point", "coordinates": [-74.104, 42.557]}, "properties": {"site_id": "USGS_423324074061601", "zone": "plateau (Hilltowns)", "sid": 423324074061601, "km_from_ref": 5.7, "aquifer": null, "yr": 2021, "first": "2021-09-22", "last": "2021-09-22", "n_results": 268, "n_chars": 255, "nitrate_mgL_N": 0.685, "chloride_mgL": 1.67, "sodium_mgL": 114.0, "iron_ugL": 78.6, "manganese_ugL": 8.9, "arsenic_ugL": 5.9, "radon_pCiL": 57.0, "ra226_pCiL": null, "ra228_pCiL": null, "uranium_ugL": 0.036, "barium_ugL": 94.1, "fluoride_mgL": 0.43, "hardness_mgL": 29.8, "ph": 8.6, "spc_uScm": 512.0, "methane_mgL": null, "tds_mgL": 318.0, "sulfate_mgL": 13.2, "strontium_ugL": 400.0, "boron_ugL": 644.0, "lithium_ugL": 220.0, "calcium_mgL": 8.43, "magnesium_mgL": 2.12, "potassium_mgL": 0.67, "alkalinity_mgL": 264.0, "ammonia_mgL": null, "doc_mgL": null, "temp_C": 16.8, "aquifer_setting": "bedrock (outside mapped unconsolidated aquifer)", "km_to_nearest_valley_aquifer": 1.96, "dec_basin": "Schoharie Creek *", "dec_permit_basin": "12-02", "in_basic_creek_res_catchment": "no"}}, {"type": "Feature", "geometry": {"type": "Point", "coordinates": [-74.177, 42.355]}, "properties": {"site_id": "USGS_422118074103801", "zone": "plateau (Hilltowns)", "sid": 422118074103801, "km_from_ref": 18.0, "aquifer": null, "yr": 2013, "first": "2013-07-09", "last": "2013-07-09", "n_results": 180, "n_chars": 160, "nitrate_mgL_N": null, "chloride_mgL": 5.03, "sodium_mgL": 14.6, "iron_ugL": 17.9, "manganese_ugL": 49.6, "arsenic_ugL": 3.0, "radon_pCiL": 1830.0, "ra226_pCiL": null, "ra228_pCiL": null, "uranium_ugL": 3.34, "barium_ugL": 33.0, "fluoride_mgL": 0.12, "hardness_mgL": 129.0, "ph": 7.8, "spc_uScm": 302.0, "methane_mgL": null, "tds_mgL": 183.0, "sulfate_mgL": 9.76, "strontium_ugL": 262.0, "boron_ugL": 34.0, "lithium_ugL": 3.4, "calcium_mgL": 34.9, "magnesium_mgL": 10.1, "potassium_mgL": 0.63, "alkalinity_mgL": 144.0, "ammonia_mgL": null, "doc_mgL": null, "temp_C": 11.3, "aquifer_setting": "bedrock (outside mapped unconsolidated aquifer)", "km_to_nearest_valley_aquifer": 1.9, "dec_basin": "Catskill Creek", "dec_permit_basin": "13-09", "in_basic_creek_res_catchment": "no"}}, {"type": "Feature", "geometry": {"type": "Point", "coordinates": [-74.026, 42.306]}, "properties": {"site_id": "USGS_421820074013201", "zone": "Catskill Creek valley / Greene", "sid": 421820074013201, "km_from_ref": 25.2, "aquifer": null, "yr": 2018, "first": "2018-10-04", "last": "2018-10-04", "n_results": 441, "n_chars": 403, "nitrate_mgL_N": null, "chloride_mgL": 82.1, "sodium_mgL": 63.8, "iron_ugL": 879.0, "manganese_ugL": 744.0, "arsenic_ugL": 5.9, "radon_pCiL": 900.0, "ra226_pCiL": null, "ra228_pCiL": null, "uranium_ugL": 0.336, "barium_ugL": 283.0, "fluoride_mgL": 0.1, "hardness_mgL": 153.0, "ph": 8.2, "spc_uScm": 607.0, "methane_mgL": 0.044, "tds_mgL": 326.0, "sulfate_mgL": 19.0, "strontium_ugL": 785.0, "boron_ugL": 74.0, "lithium_ugL": 46.7, "calcium_mgL": 49.7, "magnesium_mgL": 6.99, "potassium_mgL": 0.7, "alkalinity_mgL": 157.0, "ammonia_mgL": 0.079, "doc_mgL": null, "temp_C": 10.4, "aquifer_setting": "bedrock (outside mapped unconsolidated aquifer)", "km_to_nearest_valley_aquifer": 0.76, "dec_basin": "Catskill Creek", "dec_permit_basin": "13-09", "in_basic_creek_res_catchment": "no"}}, {"type": "Feature", "geometry": {"type": "Point", "coordinates": [-74.001, 42.3]}, "properties": {"site_id": "USGS_421759074000500", "zone": "Catskill Creek valley / Greene", "sid": 421759074000500, "km_from_ref": 26.6, "aquifer": null, "yr": 1971, "first": "1971-11-30", "last": "1971-11-30", "n_results": 54, "n_chars": 53, "nitrate_mgL_N": 0.0, "chloride_mgL": 8.6, "sodium_mgL": 6.4, "iron_ugL": 270.0, "manganese_ugL": 40.0, "arsenic_ugL": 1.0, "radon_pCiL": null, "ra226_pCiL": null, "ra228_pCiL": null, "uranium_ugL": null, "barium_ugL": null, "fluoride_mgL": 0.1, "hardness_mgL": 33.0, "ph": 7.1, "spc_uScm": 101.0, "methane_mgL": null, "tds_mgL": 63.0, "sulfate_mgL": 15.0, "strontium_ugL": 30.0, "boron_ugL": 10.0, "lithium_ugL": null, "calcium_mgL": 10.0, "magnesium_mgL": 1.9, "potassium_mgL": 0.8, "alkalinity_mgL": 24.0, "ammonia_mgL": null, "doc_mgL": null, "temp_C": null, "aquifer_setting": "bedrock (outside mapped unconsolidated aquifer)", "km_to_nearest_valley_aquifer": 0.81, "dec_basin": "Catskill Creek", "dec_permit_basin": "13-09", "in_basic_creek_res_catchment": "no"}}, {"type": "Feature", "geometry": {"type": "Point", "coordinates": [-73.999, 42.299]}, "properties": {"site_id": "USGS_421756073595601", "zone": "Catskill Creek valley / Greene", "sid": 421756073595601, "km_from_ref": 26.8, "aquifer": null, "yr": 2008, "first": "2008-11-20", "last": "2008-11-20", "n_results": 257, "n_chars": 239, "nitrate_mgL_N": 0.965, "chloride_mgL": 13.1, "sodium_mgL": 10.2, "iron_ugL": 5.3, "manganese_ugL": 0.5, "arsenic_ugL": 0.23, "radon_pCiL": 500.0, "ra226_pCiL": null, "ra228_pCiL": null, "uranium_ugL": 0.037, "barium_ugL": 12.1, "fluoride_mgL": null, "hardness_mgL": 64.6, "ph": 8.2, "spc_uScm": 183.0, "methane_mgL": null, "tds_mgL": 97.0, "sulfate_mgL": 7.2, "strontium_ugL": 45.4, "boron_ugL": 9.8, "lithium_ugL": 0.75, "calcium_mgL": 22.5, "magnesium_mgL": 2.02, "potassium_mgL": 0.72, "alkalinity_mgL": 62.7, "ammonia_mgL": null, "doc_mgL": 1.5, "temp_C": 11.2, "aquifer_setting": "bedrock (outside mapped unconsolidated aquifer)", "km_to_nearest_valley_aquifer": 0.98, "dec_basin": "Catskill Creek", "dec_permit_basin": "13-09", "in_basic_creek_res_catchment": "no"}}, {"type": "Feature", "geometry": {"type": "Point", "coordinates": [-73.914, 42.331]}, "properties": {"site_id": "USGS_421950073544901", "zone": "Catskill Creek valley / Greene", "sid": 421950073544901, "km_from_ref": 27.9, "aquifer": null, "yr": 1971, "first": "1971-11-29", "last": "1971-11-29", "n_results": 54, "n_chars": 53, "nitrate_mgL_N": 0.0, "chloride_mgL": 9.0, "sodium_mgL": 4.0, "iron_ugL": 200.0, "manganese_ugL": 40.0, "arsenic_ugL": 3.0, "radon_pCiL": null, "ra226_pCiL": null, "ra228_pCiL": null, "uranium_ugL": null, "barium_ugL": null, "fluoride_mgL": 0.1, "hardness_mgL": 69.0, "ph": 7.1, "spc_uScm": 160.0, "methane_mgL": null, "tds_mgL": 89.0, "sulfate_mgL": 22.0, "strontium_ugL": 50.0, "boron_ugL": 10.0, "lithium_ugL": null, "calcium_mgL": 22.0, "magnesium_mgL": 3.3, "potassium_mgL": 1.2, "alkalinity_mgL": 39.0, "ammonia_mgL": null, "doc_mgL": null, "temp_C": null, "aquifer_setting": "valley-fill aquifer: 10-100", "km_to_nearest_valley_aquifer": 0.0, "dec_basin": "Catskill Creek", "dec_permit_basin": "13-09", "in_basic_creek_res_catchment": "no"}}, {"type": "Feature", "geometry": {"type": "Point", "coordinates": [-73.86, 42.365]}, "properties": {"site_id": "USGS_422154073513500", "zone": "Catskill Creek valley / Greene", "sid": 422154073513500, "km_from_ref": 28.7, "aquifer": null, "yr": 1971, "first": "1971-11-29", "last": "1971-11-29", "n_results": 54, "n_chars": 53, "nitrate_mgL_N": 0.0, "chloride_mgL": 5.4, "sodium_mgL": 3.4, "iron_ugL": 370.0, "manganese_ugL": 350.0, "arsenic_ugL": 2.0, "radon_pCiL": null, "ra226_pCiL": null, "ra228_pCiL": null, "uranium_ugL": null, "barium_ugL": null, "fluoride_mgL": 0.1, "hardness_mgL": 65.0, "ph": 7.3, "spc_uScm": 155.0, "methane_mgL": null, "tds_mgL": 88.0, "sulfate_mgL": 22.0, "strontium_ugL": 80.0, "boron_ugL": 10.0, "lithium_ugL": null, "calcium_mgL": 20.0, "magnesium_mgL": 3.7, "potassium_mgL": 1.3, "alkalinity_mgL": 46.0, "ammonia_mgL": null, "doc_mgL": null, "temp_C": null, "aquifer_setting": "bedrock (outside mapped unconsolidated aquifer)", "km_to_nearest_valley_aquifer": 2.51, "dec_basin": "Lower Hudson Main Stem", "dec_permit_basin": "13-01", "in_basic_creek_res_catchment": "no"}}, {"type": "Feature", "geometry": {"type": "Point", "coordinates": [-73.86, 42.365]}, "properties": {"site_id": "USGS_422154073513501", "zone": "Catskill Creek valley / Greene", "sid": 422154073513501, "km_from_ref": 28.7, "aquifer": null, "yr": 1971, "first": "1971-11-29", "last": "1971-11-29", "n_results": 54, "n_chars": 53, "nitrate_mgL_N": 0.1, "chloride_mgL": 9.1, "sodium_mgL": 7.7, "iron_ugL": 220.0, "manganese_ugL": 240.0, "arsenic_ugL": 2.0, "radon_pCiL": null, "ra226_pCiL": null, "ra228_pCiL": null, "uranium_ugL": null, "barium_ugL": null, "fluoride_mgL": 0.2, "hardness_mgL": 68.0, "ph": 7.7, "spc_uScm": 172.0, "methane_mgL": null, "tds_mgL": 101.0, "sulfate_mgL": 22.0, "strontium_ugL": 70.0, "boron_ugL": 20.0, "lithium_ugL": null, "calcium_mgL": 21.0, "magnesium_mgL": 3.7, "potassium_mgL": 1.3, "alkalinity_mgL": 52.0, "ammonia_mgL": null, "doc_mgL": null, "temp_C": null, "aquifer_setting": "bedrock (outside mapped unconsolidated aquifer)", "km_to_nearest_valley_aquifer": 2.51, "dec_basin": "Lower Hudson Main Stem", "dec_permit_basin": "13-01", "in_basic_creek_res_catchment": "no"}}, {"type": "Feature", "geometry": {"type": "Point", "coordinates": [-73.926, 42.571]}, "properties": {"site_id": "USGS_423416073553201", "zone": "Albany lowland / Hudson", "sid": 423416073553201, "km_from_ref": 19.0, "aquifer": null, "yr": 1994, "first": "1994-11-16", "last": "1994-11-16", "n_results": 205, "n_chars": 191, "nitrate_mgL_N": null, "chloride_mgL": 49.0, "sodium_mgL": 41.0, "iron_ugL": 33.0, "manganese_ugL": 21.0, "arsenic_ugL": null, "radon_pCiL": 280.0, "ra226_pCiL": null, "ra228_pCiL": null, "uranium_ugL": null, "barium_ugL": null, "fluoride_mgL": 0.1, "hardness_mgL": 252.0, "ph": 7.4, "spc_uScm": 660.0, "methane_mgL": null, "tds_mgL": 368.0, "sulfate_mgL": 17.0, "strontium_ugL": null, "boron_ugL": null, "lithium_ugL": null, "calcium_mgL": 88.0, "magnesium_mgL": 7.8, "potassium_mgL": 2.2, "alkalinity_mgL": 256.0, "ammonia_mgL": 0.155, "doc_mgL": 1.1, "temp_C": 10.7, "aquifer_setting": "valley-fill aquifer: 10-100", "km_to_nearest_valley_aquifer": 0.0, "dec_basin": "Lower Hudson Main Stem", "dec_permit_basin": "13-01", "in_basic_creek_res_catchment": "no"}}, {"type": "Feature", "geometry": {"type": "Point", "coordinates": [-73.821, 42.469]}, "properties": {"site_id": "USGS_422809073491401", "zone": "Albany lowland / Hudson", "sid": 422809073491401, "km_from_ref": 27.0, "aquifer": null, "yr": 1971, "first": "1971-12-08", "last": "1975-03-20", "n_results": 330, "n_chars": 81, "nitrate_mgL_N": 0.4, "chloride_mgL": 14.0, "sodium_mgL": 8.4, "iron_ugL": 10.0, "manganese_ugL": null, "arsenic_ugL": 2.0, "radon_pCiL": null, "ra226_pCiL": null, "ra228_pCiL": null, "uranium_ugL": null, "barium_ugL": null, "fluoride_mgL": 0.8, "hardness_mgL": 150.0, "ph": 7.3, "spc_uScm": 328.0, "methane_mgL": null, "tds_mgL": 186.0, "sulfate_mgL": 36.0, "strontium_ugL": 130.0, "boron_ugL": 20.0, "lithium_ugL": null, "calcium_mgL": 52.0, "magnesium_mgL": 4.8, "potassium_mgL": 1.5, "alkalinity_mgL": 107.0, "ammonia_mgL": null, "doc_mgL": null, "temp_C": null, "aquifer_setting": "bedrock (outside mapped unconsolidated aquifer)", "km_to_nearest_valley_aquifer": 1.58, "dec_basin": "Lower Hudson Main Stem", "dec_permit_basin": "13-01", "in_basic_creek_res_catchment": "no"}}, {"type": "Feature", "geometry": {"type": "Point", "coordinates": [-73.821, 42.469]}, "properties": {"site_id": "USGS_422809073491401", "zone": "Albany lowland / Hudson", "sid": 422809073491401, "km_from_ref": 27.0, "aquifer": null, "yr": 1974, "first": "1971-12-08", "last": "1975-03-20", "n_results": 330, "n_chars": 81, "nitrate_mgL_N": 0.53, "chloride_mgL": 20.0, "sodium_mgL": 11.0, "iron_ugL": 60.0, "manganese_ugL": 20.0, "arsenic_ugL": 1.0, "radon_pCiL": null, "ra226_pCiL": null, "ra228_pCiL": null, "uranium_ugL": null, "barium_ugL": null, "fluoride_mgL": 0.4, "hardness_mgL": 170.0, "ph": 8.2, "spc_uScm": 450.0, "methane_mgL": null, "tds_mgL": 224.0, "sulfate_mgL": 44.0, "strontium_ugL": 120.0, "boron_ugL": 10.0, "lithium_ugL": null, "calcium_mgL": 62.0, "magnesium_mgL": 4.5, "potassium_mgL": 2.0, "alkalinity_mgL": 121.0, "ammonia_mgL": null, "doc_mgL": 3.7, "temp_C": null, "aquifer_setting": "bedrock (outside mapped unconsolidated aquifer)", "km_to_nearest_valley_aquifer": 1.58, "dec_basin": "Lower Hudson Main Stem", "dec_permit_basin": "13-01", "in_basic_creek_res_catchment": "no"}}, {"type": "Feature", "geometry": {"type": "Point", "coordinates": [-73.821, 42.469]}, "properties": {"site_id": "USGS_422809073491401", "zone": "Albany lowland / Hudson", "sid": 422809073491401, "km_from_ref": 27.0, "aquifer": null, "yr": 1975, "first": "1971-12-08", "last": "1975-03-20", "n_results": 330, "n_chars": 81, "nitrate_mgL_N": 0.5, "chloride_mgL": 16.0, "sodium_mgL": 7.9, "iron_ugL": 60.0, "manganese_ugL": null, "arsenic_ugL": null, "radon_pCiL": null, "ra226_pCiL": null, "ra228_pCiL": null, "uranium_ugL": null, "barium_ugL": null, "fluoride_mgL": 0.7, "hardness_mgL": 130.0, "ph": 7.1, "spc_uScm": 270.0, "methane_mgL": null, "tds_mgL": 183.0, "sulfate_mgL": 47.0, "strontium_ugL": 90.0, "boron_ugL": null, "lithium_ugL": null, "calcium_mgL": 45.0, "magnesium_mgL": 3.5, "potassium_mgL": 1.1, "alkalinity_mgL": 78.0, "ammonia_mgL": null, "doc_mgL": null, "temp_C": null, "aquifer_setting": "bedrock (outside mapped unconsolidated aquifer)", "km_to_nearest_valley_aquifer": 1.58, "dec_basin": "Lower Hudson Main Stem", "dec_permit_basin": "13-01", "in_basic_creek_res_catchment": "no"}}, {"type": "Feature", "geometry": {"type": "Point", "coordinates": [-73.869, 42.551]}, "properties": {"site_id": "USGS_423303073520900", "zone": "Albany lowland / Hudson", "sid": 423303073520900, "km_from_ref": 23.0, "aquifer": null, "yr": 1971, "first": "1971-01-26", "last": "1973-04-30", "n_results": 1543, "n_chars": 85, "nitrate_mgL_N": 0.5, "chloride_mgL": 7.5, "sodium_mgL": 3.9, "iron_ugL": 10.0, "manganese_ugL": 30.0, "arsenic_ugL": 0.0, "radon_pCiL": null, "ra226_pCiL": null, "ra228_pCiL": null, "uranium_ugL": null, "barium_ugL": 12.0, "fluoride_mgL": 0.1, "hardness_mgL": 48.0, "ph": 7.1, "spc_uScm": 127.0, "methane_mgL": null, "tds_mgL": 72.0, "sulfate_mgL": 18.0, "strontium_ugL": 50.0, "boron_ugL": 20.0, "lithium_ugL": null, "calcium_mgL": 16.0, "magnesium_mgL": 2.0, "potassium_mgL": 0.8, "alkalinity_mgL": 28.0, "ammonia_mgL": 0.12, "doc_mgL": 3.0, "temp_C": 3.5, "aquifer_setting": "bedrock (outside mapped unconsolidated aquifer)", "km_to_nearest_valley_aquifer": 0.5, "dec_basin": "Lower Hudson Main Stem", "dec_permit_basin": "13-01", "in_basic_creek_res_catchment": "no"}}, {"type": "Feature", "geometry": {"type": "Point", "coordinates": [-73.869, 42.551]}, "properties": {"site_id": "USGS_423303073520900", "zone": "Albany lowland / Hudson", "sid": 423303073520900, "km_from_ref": 23.0, "aquifer": null, "yr": 1972, "first": "1971-01-26", "last": "1973-04-30", "n_results": 1543, "n_chars": 85, "nitrate_mgL_N": 0.3, "chloride_mgL": 12.0, "sodium_mgL": 6.0, "iron_ugL": 240.0, "manganese_ugL": 760.0, "arsenic_ugL": 5.0, "radon_pCiL": null, "ra226_pCiL": null, "ra228_pCiL": null, "uranium_ugL": null, "barium_ugL": null, "fluoride_mgL": 0.3, "hardness_mgL": 49.0, "ph": 7.6, "spc_uScm": 132.0, "methane_mgL": null, "tds_mgL": 72.0, "sulfate_mgL": 18.0, "strontium_ugL": 80.0, "boron_ugL": 10.0, "lithium_ugL": null, "calcium_mgL": 16.0, "magnesium_mgL": 2.4, "potassium_mgL": 1.0, "alkalinity_mgL": 30.0, "ammonia_mgL": 0.515, "doc_mgL": 1.0, "temp_C": null, "aquifer_setting": "bedrock (outside mapped unconsolidated aquifer)", "km_to_nearest_valley_aquifer": 0.5, "dec_basin": "Lower Hudson Main Stem", "dec_permit_basin": "13-01", "in_basic_creek_res_catchment": "no"}}, {"type": "Feature", "geometry": {"type": "Point", "coordinates": [-73.869, 42.551]}, "properties": {"site_id": "USGS_423303073520900", "zone": "Albany lowland / Hudson", "sid": 423303073520900, "km_from_ref": 23.0, "aquifer": null, "yr": 1973, "first": "1971-01-26", "last": "1973-04-30", "n_results": 1543, "n_chars": 85, "nitrate_mgL_N": 0.4, "chloride_mgL": 10.0, "sodium_mgL": 5.6, "iron_ugL": 80.0, "manganese_ugL": 60.0, "arsenic_ugL": 10.0, "radon_pCiL": null, "ra226_pCiL": null, "ra228_pCiL": null, "uranium_ugL": null, "barium_ugL": null, "fluoride_mgL": 0.2, "hardness_mgL": 51.0, "ph": 7.8, "spc_uScm": 124.0, "methane_mgL": null, "tds_mgL": 71.0, "sulfate_mgL": 17.0, "strontium_ugL": 50.0, "boron_ugL": null, "lithium_ugL": null, "calcium_mgL": 17.0, "magnesium_mgL": 2.2, "potassium_mgL": 0.9, "alkalinity_mgL": 29.0, "ammonia_mgL": null, "doc_mgL": 14.0, "temp_C": null, "aquifer_setting": "bedrock (outside mapped unconsolidated aquifer)", "km_to_nearest_valley_aquifer": 0.5, "dec_basin": "Lower Hudson Main Stem", "dec_permit_basin": "13-01", "in_basic_creek_res_catchment": "no"}}, {"type": "Feature", "geometry": {"type": "Point", "coordinates": [-73.884, 42.316]}, "properties": {"site_id": "USGS_421857073530301", "zone": "Catskill Creek valley / Greene", "sid": 421857073530301, "km_from_ref": 30.8, "aquifer": null, "yr": 2013, "first": "2013-07-11", "last": "2013-07-11", "n_results": 213, "n_chars": 176, "nitrate_mgL_N": null, "chloride_mgL": 11.0, "sodium_mgL": 116.0, "iron_ugL": 233.0, "manganese_ugL": 9.3, "arsenic_ugL": null, "radon_pCiL": 100.0, "ra226_pCiL": null, "ra228_pCiL": null, "uranium_ugL": 0.1, "barium_ugL": 312.0, "fluoride_mgL": 0.78, "hardness_mgL": 104.0, "ph": 8.2, "spc_uScm": 620.0, "methane_mgL": 48.9, "tds_mgL": 379.0, "sulfate_mgL": 6.34, "strontium_ugL": 1650.0, "boron_ugL": 542.0, "lithium_ugL": 416.0, "calcium_mgL": 16.9, "magnesium_mgL": 15.0, "potassium_mgL": 0.88, "alkalinity_mgL": 326.0, "ammonia_mgL": 0.649, "doc_mgL": 1.4, "temp_C": 13.2, "aquifer_setting": "bedrock (outside mapped unconsolidated aquifer)", "km_to_nearest_valley_aquifer": 1.99, "dec_basin": "Catskill Creek", "dec_permit_basin": "13-09", "in_basic_creek_res_catchment": "no"}}, {"type": "Feature", "geometry": {"type": "Point", "coordinates": [-74.259, 42.528]}, "properties": {"site_id": "USGS_423141074153301", "zone": "Albany lowland / Hudson", "sid": 423141074153301, "km_from_ref": 9.4, "aquifer": null, "yr": 2018, "first": "2018-08-01", "last": "2018-08-01", "n_results": 436, "n_chars": 401, "nitrate_mgL_N": null, "chloride_mgL": 9.08, "sodium_mgL": 65.3, "iron_ugL": 31.9, "manganese_ugL": 14.0, "arsenic_ugL": 3.1, "radon_pCiL": 165.0, "ra226_pCiL": null, "ra228_pCiL": null, "uranium_ugL": null, "barium_ugL": 262.0, "fluoride_mgL": 0.22, "hardness_mgL": 23.6, "ph": 8.5, "spc_uScm": 327.0, "methane_mgL": 0.005, "tds_mgL": 194.0, "sulfate_mgL": 12.1, "strontium_ugL": 638.0, "boron_ugL": 412.0, "lithium_ugL": 113.0, "calcium_mgL": 7.85, "magnesium_mgL": 0.968, "potassium_mgL": 1.16, "alkalinity_mgL": 147.0, "ammonia_mgL": 0.324, "doc_mgL": null, "temp_C": 10.3, "aquifer_setting": "bedrock (outside mapped unconsolidated aquifer)", "km_to_nearest_valley_aquifer": 1.29, "dec_basin": "Catskill Creek", "dec_permit_basin": "13-09", "in_basic_creek_res_catchment": "no"}}, {"type": "Feature", "geometry": {"type": "Point", "coordinates": [-73.959, 42.273]}, "properties": {"site_id": "USGS_421622073573401", "zone": "Catskill Creek valley / Greene", "sid": 421622073573401, "km_from_ref": 30.9, "aquifer": "Hamilton Group", "yr": 1979, "first": "1979-08-31", "last": "1979-08-31", "n_results": 11, "n_chars": 11, "nitrate_mgL_N": null, "chloride_mgL": 9.7, "sodium_mgL": 81.0, "iron_ugL": 250.0, "manganese_ugL": 70.0, "arsenic_ugL": null, "radon_pCiL": null, "ra226_pCiL": null, "ra228_pCiL": null, "uranium_ugL": null, "barium_ugL": null, "fluoride_mgL": null, "hardness_mgL": 7.0, "ph": null, "spc_uScm": 440.0, "methane_mgL": null, "tds_mgL": null, "sulfate_mgL": null, "strontium_ugL": null, "boron_ugL": null, "lithium_ugL": null, "calcium_mgL": 2.2, "magnesium_mgL": 0.4, "potassium_mgL": null, "alkalinity_mgL": 190.0, "ammonia_mgL": null, "doc_mgL": null, "temp_C": null, "aquifer_setting": "bedrock (outside mapped unconsolidated aquifer)", "km_to_nearest_valley_aquifer": 0.36, "dec_basin": "Catskill Creek", "dec_permit_basin": "13-09", "in_basic_creek_res_catchment": "no"}}, {"type": "Feature", "geometry": {"type": "Point", "coordinates": [-73.841, 42.536]}, "properties": {"site_id": "USGS_423208073502901", "zone": "Albany lowland / Hudson", "sid": 423208073502901, "km_from_ref": 25.0, "aquifer": null, "yr": 2006, "first": "2006-05-02", "last": "2006-05-02", "n_results": 253, "n_chars": 232, "nitrate_mgL_N": null, "chloride_mgL": 15.5, "sodium_mgL": 4.9, "iron_ugL": 451.0, "manganese_ugL": 43.9, "arsenic_ugL": 9.2, "radon_pCiL": 40.0, "ra226_pCiL": 0.16, "ra228_pCiL": 0.24, "uranium_ugL": 0.538, "barium_ugL": 132.0, "fluoride_mgL": 0.11, "hardness_mgL": 242.0, "ph": 7.5, "spc_uScm": 468.0, "methane_mgL": null, "tds_mgL": 280.0, "sulfate_mgL": 36.2, "strontium_ugL": 279.0, "boron_ugL": 14.0, "lithium_ugL": 6.57, "calcium_mgL": 74.1, "magnesium_mgL": 13.6, "potassium_mgL": 0.73, "alkalinity_mgL": 182.0, "ammonia_mgL": 0.031, "doc_mgL": 0.63, "temp_C": 11.0, "aquifer_setting": "valley-fill aquifer: 10-100", "km_to_nearest_valley_aquifer": 0.0, "dec_basin": "Lower Hudson Main Stem", "dec_permit_basin": "13-01", "in_basic_creek_res_catchment": "no"}}, {"type": "Feature", "geometry": {"type": "Point", "coordinates": [-73.959, 42.271]}, "properties": {"site_id": "USGS_421616073573100", "zone": "Catskill Creek valley / Greene", "sid": 421616073573100, "km_from_ref": 31.1, "aquifer": null, "yr": 1974, "first": "1974-12-13", "last": "1975-06-30", "n_results": 36, "n_chars": 22, "nitrate_mgL_N": 0.26, "chloride_mgL": 3.1, "sodium_mgL": null, "iron_ugL": 1100.0, "manganese_ugL": 1200.0, "arsenic_ugL": null, "radon_pCiL": null, "ra226_pCiL": null, "ra228_pCiL": null, "uranium_ugL": null, "barium_ugL": null, "fluoride_mgL": null, "hardness_mgL": null, "ph": null, "spc_uScm": null, "methane_mgL": null, "tds_mgL": null, "sulfate_mgL": 15.0, "strontium_ugL": null, "boron_ugL": null, "lithium_ugL": null, "calcium_mgL": null, "magnesium_mgL": null, "potassium_mgL": null, "alkalinity_mgL": null, "ammonia_mgL": 0.167, "doc_mgL": 2.2, "temp_C": null, "aquifer_setting": "bedrock (outside mapped unconsolidated aquifer)", "km_to_nearest_valley_aquifer": 0.5, "dec_basin": "Catskill Creek", "dec_permit_basin": "13-09", "in_basic_creek_res_catchment": "no"}}, {"type": "Feature", "geometry": {"type": "Point", "coordinates": [-73.959, 42.271]}, "properties": {"site_id": "USGS_421616073573101", "zone": "Catskill Creek valley / Greene", "sid": 421616073573101, "km_from_ref": 31.1, "aquifer": "Holocene Alluvium", "yr": 1974, "first": "1974-12-13", "last": "1975-06-30", "n_results": 36, "n_chars": 22, "nitrate_mgL_N": 0.01, "chloride_mgL": 7.6, "sodium_mgL": null, "iron_ugL": 22000.0, "manganese_ugL": 9800.0, "arsenic_ugL": null, "radon_pCiL": null, "ra226_pCiL": null, "ra228_pCiL": null, "uranium_ugL": null, "barium_ugL": null, "fluoride_mgL": null, "hardness_mgL": null, "ph": null, "spc_uScm": null, "methane_mgL": null, "tds_mgL": null, "sulfate_mgL": 7.4, "strontium_ugL": null, "boron_ugL": null, "lithium_ugL": null, "calcium_mgL": null, "magnesium_mgL": null, "potassium_mgL": null, "alkalinity_mgL": null, "ammonia_mgL": 0.721, "doc_mgL": 3.0, "temp_C": null, "aquifer_setting": "bedrock (outside mapped unconsolidated aquifer)", "km_to_nearest_valley_aquifer": 0.5, "dec_basin": "Catskill Creek", "dec_permit_basin": "13-09", "in_basic_creek_res_catchment": "no"}}, {"type": "Feature", "geometry": {"type": "Point", "coordinates": [-73.959, 42.271]}, "properties": {"site_id": "USGS_421616073573100", "zone": "Catskill Creek valley / Greene", "sid": 421616073573100, "km_from_ref": 31.1, "aquifer": null, "yr": 1975, "first": "1974-12-13", "last": "1975-06-30", "n_results": 36, "n_chars": 22, "nitrate_mgL_N": 0.0, "chloride_mgL": 5.5, "sodium_mgL": null, "iron_ugL": 3000.0, "manganese_ugL": 7500.0, "arsenic_ugL": null, "radon_pCiL": null, "ra226_pCiL": null, "ra228_pCiL": null, "uranium_ugL": null, "barium_ugL": null, "fluoride_mgL": null, "hardness_mgL": null, "ph": 6.8, "spc_uScm": 239.0, "methane_mgL": null, "tds_mgL": null, "sulfate_mgL": 9.5, "strontium_ugL": null, "boron_ugL": null, "lithium_ugL": null, "calcium_mgL": 25.0, "magnesium_mgL": null, "potassium_mgL": null, "alkalinity_mgL": 101.0, "ammonia_mgL": null, "doc_mgL": 0.1, "temp_C": null, "aquifer_setting": "bedrock (outside mapped unconsolidated aquifer)", "km_to_nearest_valley_aquifer": 0.5, "dec_basin": "Catskill Creek", "dec_permit_basin": "13-09", "in_basic_creek_res_catchment": "no"}}, {"type": "Feature", "geometry": {"type": "Point", "coordinates": [-73.959, 42.271]}, "properties": {"site_id": "USGS_421616073573101", "zone": "Catskill Creek valley / Greene", "sid": 421616073573101, "km_from_ref": 31.1, "aquifer": "Holocene Alluvium", "yr": 1975, "first": "1974-12-13", "last": "1975-06-30", "n_results": 36, "n_chars": 22, "nitrate_mgL_N": 0.8, "chloride_mgL": 14.0, "sodium_mgL": null, "iron_ugL": 24000.0, "manganese_ugL": 16000.0, "arsenic_ugL": null, "radon_pCiL": null, "ra226_pCiL": null, "ra228_pCiL": null, "uranium_ugL": null, "barium_ugL": null, "fluoride_mgL": null, "hardness_mgL": null, "ph": 6.9, "spc_uScm": 620.0, "methane_mgL": null, "tds_mgL": null, "sulfate_mgL": 0.6, "strontium_ugL": null, "boron_ugL": null, "lithium_ugL": null, "calcium_mgL": 83.0, "magnesium_mgL": null, "potassium_mgL": null, "alkalinity_mgL": 281.0, "ammonia_mgL": null, "doc_mgL": 3.6, "temp_C": null, "aquifer_setting": "bedrock (outside mapped unconsolidated aquifer)", "km_to_nearest_valley_aquifer": 0.5, "dec_basin": "Catskill Creek", "dec_permit_basin": "13-09", "in_basic_creek_res_catchment": "no"}}, {"type": "Feature", "geometry": {"type": "Point", "coordinates": [-73.959, 42.27]}, "properties": {"site_id": "USGS_421613073573401", "zone": "Catskill Creek valley / Greene", "sid": 421613073573401, "km_from_ref": 31.2, "aquifer": "Ice-Contact Deposits, Pleistocene", "yr": 1974, "first": "1974-12-11", "last": "1975-06-12", "n_results": 37, "n_chars": 22, "nitrate_mgL_N": 0.01, "chloride_mgL": 11.0, "sodium_mgL": null, "iron_ugL": 7200.0, "manganese_ugL": 12000.0, "arsenic_ugL": null, "radon_pCiL": null, "ra226_pCiL": null, "ra228_pCiL": null, "uranium_ugL": null, "barium_ugL": null, "fluoride_mgL": null, "hardness_mgL": null, "ph": null, "spc_uScm": null, "methane_mgL": null, "tds_mgL": null, "sulfate_mgL": 0.1, "strontium_ugL": null, "boron_ugL": null, "lithium_ugL": null, "calcium_mgL": null, "magnesium_mgL": null, "potassium_mgL": null, "alkalinity_mgL": null, "ammonia_mgL": 0.348, "doc_mgL": 5.1, "temp_C": null, "aquifer_setting": "bedrock (outside mapped unconsolidated aquifer)", "km_to_nearest_valley_aquifer": 0.57, "dec_basin": "Catskill Creek", "dec_permit_basin": "13-09", "in_basic_creek_res_catchment": "no"}}, {"type": "Feature", "geometry": {"type": "Point", "coordinates": [-73.959, 42.27]}, "properties": {"site_id": "USGS_421613073573401", "zone": "Catskill Creek valley / Greene", "sid": 421613073573401, "km_from_ref": 31.2, "aquifer": "Ice-Contact Deposits, Pleistocene", "yr": 1975, "first": "1974-12-11", "last": "1975-06-12", "n_results": 37, "n_chars": 22, "nitrate_mgL_N": 0.2, "chloride_mgL": 19.0, "sodium_mgL": null, "iron_ugL": 1400.0, "manganese_ugL": 18000.0, "arsenic_ugL": null, "radon_pCiL": null, "ra226_pCiL": null, "ra228_pCiL": null, "uranium_ugL": null, "barium_ugL": null, "fluoride_mgL": null, "hardness_mgL": null, "ph": 6.9, "spc_uScm": 730.0, "methane_mgL": null, "tds_mgL": null, "sulfate_mgL": 0.4, "strontium_ugL": null, "boron_ugL": null, "lithium_ugL": null, "calcium_mgL": 55.0, "magnesium_mgL": null, "potassium_mgL": null, "alkalinity_mgL": 355.0, "ammonia_mgL": null, "doc_mgL": 40.0, "temp_C": null, "aquifer_setting": "bedrock (outside mapped unconsolidated aquifer)", "km_to_nearest_valley_aquifer": 0.57, "dec_basin": "Catskill Creek", "dec_permit_basin": "13-09", "in_basic_creek_res_catchment": "no"}}, {"type": "Feature", "geometry": {"type": "Point", "coordinates": [-73.959, 42.27]}, "properties": {"site_id": "USGS_421612073573201", "zone": "Catskill Creek valley / Greene", "sid": 421612073573201, "km_from_ref": 31.2, "aquifer": null, "yr": 1974, "first": "1974-12-11", "last": "1975-06-13", "n_results": 32, "n_chars": 23, "nitrate_mgL_N": 41.0, "chloride_mgL": null, "sodium_mgL": null, "iron_ugL": 220000.0, "manganese_ugL": 4200.0, "arsenic_ugL": null, "radon_pCiL": null, "ra226_pCiL": null, "ra228_pCiL": null, "uranium_ugL": null, "barium_ugL": null, "fluoride_mgL": null, "hardness_mgL": null, "ph": null, "spc_uScm": null, "methane_mgL": null, "tds_mgL": null, "sulfate_mgL": null, "strontium_ugL": null, "boron_ugL": null, "lithium_ugL": null, "calcium_mgL": null, "magnesium_mgL": null, "potassium_mgL": null, "alkalinity_mgL": null, "ammonia_mgL": 240.0, "doc_mgL": 14.0, "temp_C": null, "aquifer_setting": "bedrock (outside mapped unconsolidated aquifer)", "km_to_nearest_valley_aquifer": 0.57, "dec_basin": "Catskill Creek", "dec_permit_basin": "13-09", "in_basic_creek_res_catchment": "no"}}, {"type": "Feature", "geometry": {"type": "Point", "coordinates": [-73.959, 42.27]}, "properties": {"site_id": "USGS_421612073573201", "zone": "Catskill Creek valley / Greene", "sid": 421612073573201, "km_from_ref": 31.2, "aquifer": null, "yr": 1975, "first": "1974-12-11", "last": "1975-06-13", "n_results": 32, "n_chars": 23, "nitrate_mgL_N": 0.01, "chloride_mgL": 11.0, "sodium_mgL": null, "iron_ugL": 32000.0, "manganese_ugL": 30000.0, "arsenic_ugL": null, "radon_pCiL": null, "ra226_pCiL": null, "ra228_pCiL": null, "uranium_ugL": null, "barium_ugL": null, "fluoride_mgL": null, "hardness_mgL": null, "ph": 6.7, "spc_uScm": 480.0, "methane_mgL": null, "tds_mgL": null, "sulfate_mgL": 0.7, "strontium_ugL": null, "boron_ugL": null, "lithium_ugL": null, "calcium_mgL": 51.0, "magnesium_mgL": null, "potassium_mgL": null, "alkalinity_mgL": 212.0, "ammonia_mgL": null, "doc_mgL": 24.0, "temp_C": null, "aquifer_setting": "bedrock (outside mapped unconsolidated aquifer)", "km_to_nearest_valley_aquifer": 0.57, "dec_basin": "Catskill Creek", "dec_permit_basin": "13-09", "in_basic_creek_res_catchment": "no"}}, {"type": "Feature", "geometry": {"type": "Point", "coordinates": [-73.96, 42.269]}, "properties": {"site_id": "USGS_421609073573501", "zone": "Catskill Creek valley / Greene", "sid": 421609073573501, "km_from_ref": 31.2, "aquifer": "Artificial Fill", "yr": 1974, "first": "1974-12-12", "last": "1975-06-13", "n_results": 35, "n_chars": 22, "nitrate_mgL_N": 1.3, "chloride_mgL": 65.0, "sodium_mgL": null, "iron_ugL": 1400000.0, "manganese_ugL": 220000.0, "arsenic_ugL": null, "radon_pCiL": null, "ra226_pCiL": null, "ra228_pCiL": null, "uranium_ugL": null, "barium_ugL": null, "fluoride_mgL": null, "hardness_mgL": null, "ph": null, "spc_uScm": null, "methane_mgL": null, "tds_mgL": null, "sulfate_mgL": 4.5, "strontium_ugL": null, "boron_ugL": null, "lithium_ugL": null, "calcium_mgL": null, "magnesium_mgL": null, "potassium_mgL": null, "alkalinity_mgL": null, "ammonia_mgL": 773.0, "doc_mgL": 13000.0, "temp_C": null, "aquifer_setting": "bedrock (outside mapped unconsolidated aquifer)", "km_to_nearest_valley_aquifer": 0.68, "dec_basin": "Catskill Creek", "dec_permit_basin": "13-09", "in_basic_creek_res_catchment": "no"}}, {"type": "Feature", "geometry": {"type": "Point", "coordinates": [-73.96, 42.269]}, "properties": {"site_id": "USGS_421609073573501", "zone": "Catskill Creek valley / Greene", "sid": 421609073573501, "km_from_ref": 31.2, "aquifer": "Artificial Fill", "yr": 1975, "first": "1974-12-12", "last": "1975-06-13", "n_results": 35, "n_chars": 22, "nitrate_mgL_N": 0.19, "chloride_mgL": 1300.0, "sodium_mgL": null, "iron_ugL": 2300000.0, "manganese_ugL": 260000.0, "arsenic_ugL": null, "radon_pCiL": null, "ra226_pCiL": null, "ra228_pCiL": null, "uranium_ugL": null, "barium_ugL": null, "fluoride_mgL": null, "hardness_mgL": null, "ph": 5.8, "spc_uScm": 9600.0, "methane_mgL": null, "tds_mgL": null, "sulfate_mgL": null, "strontium_ugL": null, "boron_ugL": null, "lithium_ugL": null, "calcium_mgL": 2000.0, "magnesium_mgL": null, "potassium_mgL": null, "alkalinity_mgL": 6760.0, "ammonia_mgL": null, "doc_mgL": 10000.0, "temp_C": null, "aquifer_setting": "bedrock (outside mapped unconsolidated aquifer)", "km_to_nearest_valley_aquifer": 0.68, "dec_basin": "Catskill Creek", "dec_permit_basin": "13-09", "in_basic_creek_res_catchment": "no"}}, {"type": "Feature", "geometry": {"type": "Point", "coordinates": [-73.959, 42.269]}, "properties": {"site_id": "USGS_421609073573401", "zone": "Catskill Creek valley / Greene", "sid": 421609073573401, "km_from_ref": 31.3, "aquifer": "Ice-Contact Deposits, Pleistocene", "yr": 1974, "first": "1974-12-12", "last": "1975-06-12", "n_results": 37, "n_chars": 22, "nitrate_mgL_N": 0.1, "chloride_mgL": 4.8, "sodium_mgL": null, "iron_ugL": 290.0, "manganese_ugL": 1900.0, "arsenic_ugL": null, "radon_pCiL": null, "ra226_pCiL": null, "ra228_pCiL": null, "uranium_ugL": null, "barium_ugL": null, "fluoride_mgL": null, "hardness_mgL": null, "ph": null, "spc_uScm": null, "methane_mgL": null, "tds_mgL": null, "sulfate_mgL": 19.0, "strontium_ugL": null, "boron_ugL": null, "lithium_ugL": null, "calcium_mgL": null, "magnesium_mgL": null, "potassium_mgL": null, "alkalinity_mgL": null, "ammonia_mgL": 0.09, "doc_mgL": 1.7, "temp_C": null, "aquifer_setting": "bedrock (outside mapped unconsolidated aquifer)", "km_to_nearest_valley_aquifer": 0.63, "dec_basin": "Catskill Creek", "dec_permit_basin": "13-09", "in_basic_creek_res_catchment": "no"}}, {"type": "Feature", "geometry": {"type": "Point", "coordinates": [-73.959, 42.269]}, "properties": {"site_id": "USGS_421609073573401", "zone": "Catskill Creek valley / Greene", "sid": 421609073573401, "km_from_ref": 31.3, "aquifer": "Ice-Contact Deposits, Pleistocene", "yr": 1975, "first": "1974-12-12", "last": "1975-06-12", "n_results": 37, "n_chars": 22, "nitrate_mgL_N": 0.1, "chloride_mgL": 5.0, "sodium_mgL": null, "iron_ugL": 80.0, "manganese_ugL": 900.0, "arsenic_ugL": null, "radon_pCiL": null, "ra226_pCiL": null, "ra228_pCiL": null, "uranium_ugL": null, "barium_ugL": null, "fluoride_mgL": null, "hardness_mgL": null, "ph": 6.4, "spc_uScm": 200.0, "methane_mgL": null, "tds_mgL": null, "sulfate_mgL": 17.0, "strontium_ugL": null, "boron_ugL": null, "lithium_ugL": null, "calcium_mgL": 28.0, "magnesium_mgL": null, "potassium_mgL": null, "alkalinity_mgL": 90.0, "ammonia_mgL": null, "doc_mgL": 3.9, "temp_C": null, "aquifer_setting": "bedrock (outside mapped unconsolidated aquifer)", "km_to_nearest_valley_aquifer": 0.63, "dec_basin": "Catskill Creek", "dec_permit_basin": "13-09", "in_basic_creek_res_catchment": "no"}}, {"type": "Feature", "geometry": {"type": "Point", "coordinates": [-73.959, 42.269]}, "properties": {"site_id": "USGS_421607073573301", "zone": "Catskill Creek valley / Greene", "sid": 421607073573301, "km_from_ref": 31.3, "aquifer": "Ice-Contact Deposits, Pleistocene", "yr": 1974, "first": "1974-12-13", "last": "1975-06-12", "n_results": 37, "n_chars": 22, "nitrate_mgL_N": 0.27, "chloride_mgL": 3.0, "sodium_mgL": null, "iron_ugL": 100.0, "manganese_ugL": 20.0, "arsenic_ugL": null, "radon_pCiL": null, "ra226_pCiL": null, "ra228_pCiL": null, "uranium_ugL": null, "barium_ugL": null, "fluoride_mgL": null, "hardness_mgL": null, "ph": null, "spc_uScm": null, "methane_mgL": null, "tds_mgL": null, "sulfate_mgL": 18.0, "strontium_ugL": null, "boron_ugL": null, "lithium_ugL": null, "calcium_mgL": null, "magnesium_mgL": null, "potassium_mgL": null, "alkalinity_mgL": null, "ammonia_mgL": 0.013, "doc_mgL": 2.7, "temp_C": null, "aquifer_setting": "bedrock (outside mapped unconsolidated aquifer)", "km_to_nearest_valley_aquifer": 0.63, "dec_basin": "Catskill Creek", "dec_permit_basin": "13-09", "in_basic_creek_res_catchment": "no"}}, {"type": "Feature", "geometry": {"type": "Point", "coordinates": [-73.959, 42.269]}, "properties": {"site_id": "USGS_421607073573301", "zone": "Catskill Creek valley / Greene", "sid": 421607073573301, "km_from_ref": 31.3, "aquifer": "Ice-Contact Deposits, Pleistocene", "yr": 1975, "first": "1974-12-13", "last": "1975-06-12", "n_results": 37, "n_chars": 22, "nitrate_mgL_N": 1.5, "chloride_mgL": 2.3, "sodium_mgL": null, "iron_ugL": 30.0, "manganese_ugL": null, "arsenic_ugL": null, "radon_pCiL": null, "ra226_pCiL": null, "ra228_pCiL": null, "uranium_ugL": null, "barium_ugL": null, "fluoride_mgL": null, "hardness_mgL": null, "ph": 6.4, "spc_uScm": 165.0, "methane_mgL": null, "tds_mgL": null, "sulfate_mgL": 19.0, "strontium_ugL": null, "boron_ugL": null, "lithium_ugL": null, "calcium_mgL": 22.0, "magnesium_mgL": null, "potassium_mgL": null, "alkalinity_mgL": 56.0, "ammonia_mgL": null, "doc_mgL": 0.8, "temp_C": null, "aquifer_setting": "bedrock (outside mapped unconsolidated aquifer)", "km_to_nearest_valley_aquifer": 0.63, "dec_basin": "Catskill Creek", "dec_permit_basin": "13-09", "in_basic_creek_res_catchment": "no"}}, {"type": "Feature", "geometry": {"type": "Point", "coordinates": [-73.851, 42.553]}, "properties": {"site_id": "USGS_423311073510200", "zone": "Albany lowland / Hudson", "sid": 423311073510200, "km_from_ref": 24.4, "aquifer": null, "yr": 1973, "first": "1973-01-11", "last": "1973-01-11", "n_results": 54, "n_chars": 52, "nitrate_mgL_N": 0.0, "chloride_mgL": 45.0, "sodium_mgL": 100.0, "iron_ugL": 500.0, "manganese_ugL": 30.0, "arsenic_ugL": null, "radon_pCiL": null, "ra226_pCiL": null, "ra228_pCiL": null, "uranium_ugL": null, "barium_ugL": 200.0, "fluoride_mgL": 0.5, "hardness_mgL": 260.0, "ph": 8.2, "spc_uScm": 831.0, "methane_mgL": null, "tds_mgL": 526.0, "sulfate_mgL": 110.0, "strontium_ugL": 2900.0, "boron_ugL": 100.0, "lithium_ugL": 120.0, "calcium_mgL": 55.0, "magnesium_mgL": 30.0, "potassium_mgL": 3.0, "alkalinity_mgL": 282.0, "ammonia_mgL": null, "doc_mgL": null, "temp_C": null, "aquifer_setting": "bedrock (outside mapped unconsolidated aquifer)", "km_to_nearest_valley_aquifer": 0.85, "dec_basin": "Lower Hudson Main Stem", "dec_permit_basin": "13-01", "in_basic_creek_res_catchment": "no"}}, {"type": "Feature", "geometry": {"type": "Point", "coordinates": [-73.845, 42.553]}, "properties": {"site_id": "USGS_423311073504201", "zone": "Albany lowland / Hudson", "sid": 423311073504201, "km_from_ref": 24.9, "aquifer": null, "yr": 2006, "first": "2006-06-27", "last": "2006-08-30", "n_results": 243, "n_chars": 230, "nitrate_mgL_N": null, "chloride_mgL": 35.2, "sodium_mgL": 93.3, "iron_ugL": 38.1, "manganese_ugL": 24.2, "arsenic_ugL": 0.21, "radon_pCiL": 60.0, "ra226_pCiL": 0.191, "ra228_pCiL": 0.3, "uranium_ugL": null, "barium_ugL": 235.0, "fluoride_mgL": 0.94, "hardness_mgL": 31.6, "ph": 8.4, "spc_uScm": 466.0, "methane_mgL": null, "tds_mgL": 264.0, "sulfate_mgL": null, "strontium_ugL": 326.0, "boron_ugL": 303.0, "lithium_ugL": 62.4, "calcium_mgL": 8.64, "magnesium_mgL": 2.3, "potassium_mgL": 1.17, "alkalinity_mgL": 194.0, "ammonia_mgL": 0.183, "doc_mgL": 0.32, "temp_C": 13.6, "aquifer_setting": "bedrock (outside mapped unconsolidated aquifer)", "km_to_nearest_valley_aquifer": 0.89, "dec_basin": "Lower Hudson Main Stem", "dec_permit_basin": "13-01", "in_basic_creek_res_catchment": "no"}}, {"type": "Feature", "geometry": {"type": "Point", "coordinates": [-74.233, 42.308]}, "properties": {"site_id": "USGS_421828074135901", "zone": "Catskill Creek valley / Greene", "sid": 421828074135901, "km_from_ref": 24.1, "aquifer": null, "yr": 1992, "first": "1992-05-28", "last": "1992-09-02", "n_results": 151, "n_chars": 32, "nitrate_mgL_N": null, "chloride_mgL": 210.0, "sodium_mgL": 210.0, "iron_ugL": 30.0, "manganese_ugL": 29.0, "arsenic_ugL": null, "radon_pCiL": null, "ra226_pCiL": null, "ra228_pCiL": null, "uranium_ugL": null, "barium_ugL": null, "fluoride_mgL": 0.7, "hardness_mgL": 22.7, "ph": 9.1, "spc_uScm": 1020.0, "methane_mgL": null, "tds_mgL": 544.0, "sulfate_mgL": 20.0, "strontium_ugL": null, "boron_ugL": 160.0, "lithium_ugL": null, "calcium_mgL": 7.7, "magnesium_mgL": 0.85, "potassium_mgL": 0.5, "alkalinity_mgL": 156.0, "ammonia_mgL": 0.09, "doc_mgL": null, "temp_C": 9.6, "aquifer_setting": "valley-fill aquifer: >100", "km_to_nearest_valley_aquifer": 0.0, "dec_basin": "Schoharie Creek * (w/I NY watershed)", "dec_permit_basin": "12-02*", "in_basic_creek_res_catchment": "no"}}, {"type": "Feature", "geometry": {"type": "Point", "coordinates": [-73.844, 42.552]}, "properties": {"site_id": "USGS_423308073503801", "zone": "Albany lowland / Hudson", "sid": 423308073503801, "km_from_ref": 25.0, "aquifer": null, "yr": 2013, "first": "2013-07-09", "last": "2013-07-09", "n_results": 180, "n_chars": 160, "nitrate_mgL_N": null, "chloride_mgL": 35.9, "sodium_mgL": 89.0, "iron_ugL": 359.0, "manganese_ugL": 24.9, "arsenic_ugL": 0.56, "radon_pCiL": 38.0, "ra226_pCiL": null, "ra228_pCiL": null, "uranium_ugL": 0.024, "barium_ugL": 146.0, "fluoride_mgL": 0.96, "hardness_mgL": 28.6, "ph": 8.5, "spc_uScm": 475.0, "methane_mgL": 31.4, "tds_mgL": 268.0, "sulfate_mgL": null, "strontium_ugL": 293.0, "boron_ugL": 267.0, "lithium_ugL": 59.4, "calcium_mgL": 7.94, "magnesium_mgL": 2.13, "potassium_mgL": 0.91, "alkalinity_mgL": 194.0, "ammonia_mgL": 0.2, "doc_mgL": null, "temp_C": 15.1, "aquifer_setting": "bedrock (outside mapped unconsolidated aquifer)", "km_to_nearest_valley_aquifer": 0.81, "dec_basin": "Lower Hudson Main Stem", "dec_permit_basin": "13-01", "in_basic_creek_res_catchment": "no"}}, {"type": "Feature", "geometry": {"type": "Point", "coordinates": [-74.251, 42.319]}, "properties": {"site_id": "USGS_421910074150201", "zone": "Catskill Creek valley / Greene", "sid": 421910074150201, "km_from_ref": 23.4, "aquifer": null, "yr": 1991, "first": "1991-06-26", "last": "1992-01-07", "n_results": 51, "n_chars": 23, "nitrate_mgL_N": null, "chloride_mgL": 15.0, "sodium_mgL": 8.8, "iron_ugL": 3900.0, "manganese_ugL": 130.0, "arsenic_ugL": null, "radon_pCiL": null, "ra226_pCiL": null, "ra228_pCiL": null, "uranium_ugL": null, "barium_ugL": null, "fluoride_mgL": 0.1, "hardness_mgL": 61.0, "ph": 7.4, "spc_uScm": 179.0, "methane_mgL": null, "tds_mgL": 92.0, "sulfate_mgL": 7.3, "strontium_ugL": null, "boron_ugL": 20.0, "lithium_ugL": null, "calcium_mgL": 18.0, "magnesium_mgL": 3.9, "potassium_mgL": 0.7, "alkalinity_mgL": 48.0, "ammonia_mgL": null, "doc_mgL": null, "temp_C": 12.6, "aquifer_setting": "valley-fill aquifer: 10-100", "km_to_nearest_valley_aquifer": 0.0, "dec_basin": "Schoharie Creek * (w/I NY watershed)", "dec_permit_basin": "12-02*", "in_basic_creek_res_catchment": "no"}}, {"type": "Feature", "geometry": {"type": "Point", "coordinates": [-74.251, 42.319]}, "properties": {"site_id": "USGS_421910074150201", "zone": "Catskill Creek valley / Greene", "sid": 421910074150201, "km_from_ref": 23.4, "aquifer": null, "yr": 1992, "first": "1991-06-26", "last": "1992-01-07", "n_results": 51, "n_chars": 23, "nitrate_mgL_N": null, "chloride_mgL": 19.0, "sodium_mgL": 9.5, "iron_ugL": 14000.0, "manganese_ugL": 300.0, "arsenic_ugL": null, "radon_pCiL": null, "ra226_pCiL": null, "ra228_pCiL": null, "uranium_ugL": null, "barium_ugL": null, "fluoride_mgL": 2.2, "hardness_mgL": 64.7, "ph": 6.6, "spc_uScm": 303.0, "methane_mgL": null, "tds_mgL": 136.0, "sulfate_mgL": 7.3, "strontium_ugL": null, "boron_ugL": 30.0, "lithium_ugL": null, "calcium_mgL": 19.0, "magnesium_mgL": 4.2, "potassium_mgL": 2.5, "alkalinity_mgL": 90.0, "ammonia_mgL": null, "doc_mgL": null, "temp_C": 7.7, "aquifer_setting": "valley-fill aquifer: 10-100", "km_to_nearest_valley_aquifer": 0.0, "dec_basin": "Schoharie Creek * (w/I NY watershed)", "dec_permit_basin": "12-02*", "in_basic_creek_res_catchment": "no"}}, {"type": "Feature", "geometry": {"type": "Point", "coordinates": [-74.25, 42.319]}, "properties": {"site_id": "USGS_421909074150102", "zone": "Catskill Creek valley / Greene", "sid": 421909074150102, "km_from_ref": 23.4, "aquifer": null, "yr": 1991, "first": "1991-06-27", "last": "1991-06-27", "n_results": 25, "n_chars": 22, "nitrate_mgL_N": null, "chloride_mgL": 5.6, "sodium_mgL": 4.0, "iron_ugL": 560.0, "manganese_ugL": 170.0, "arsenic_ugL": null, "radon_pCiL": null, "ra226_pCiL": null, "ra228_pCiL": null, "uranium_ugL": null, "barium_ugL": null, "fluoride_mgL": null, "hardness_mgL": 63.1, "ph": 7.8, "spc_uScm": 146.0, "methane_mgL": null, "tds_mgL": 83.0, "sulfate_mgL": 7.9, "strontium_ugL": null, "boron_ugL": null, "lithium_ugL": null, "calcium_mgL": 18.0, "magnesium_mgL": 4.4, "potassium_mgL": 1.0, "alkalinity_mgL": 56.0, "ammonia_mgL": null, "doc_mgL": null, "temp_C": 11.7, "aquifer_setting": "valley-fill aquifer: 10-100", "km_to_nearest_valley_aquifer": 0.0, "dec_basin": "Schoharie Creek * (w/I NY watershed)", "dec_permit_basin": "12-02*", "in_basic_creek_res_catchment": "no"}}, {"type": "Feature", "geometry": {"type": "Point", "coordinates": [-74.25, 42.319]}, "properties": {"site_id": "USGS_421909074150101", "zone": "Catskill Creek valley / Greene", "sid": 421909074150101, "km_from_ref": 23.4, "aquifer": null, "yr": 1992, "first": "1992-01-07", "last": "1992-01-07", "n_results": 26, "n_chars": 23, "nitrate_mgL_N": null, "chloride_mgL": 4.2, "sodium_mgL": 3.8, "iron_ugL": 640.0, "manganese_ugL": 520.0, "arsenic_ugL": null, "radon_pCiL": null, "ra226_pCiL": null, "ra228_pCiL": null, "uranium_ugL": null, "barium_ugL": null, "fluoride_mgL": null, "hardness_mgL": 59.3, "ph": 7.1, "spc_uScm": 149.0, "methane_mgL": null, "tds_mgL": 79.0, "sulfate_mgL": 4.7, "strontium_ugL": null, "boron_ugL": null, "lithium_ugL": null, "calcium_mgL": 17.0, "magnesium_mgL": 4.1, "potassium_mgL": 0.6, "alkalinity_mgL": 63.0, "ammonia_mgL": null, "doc_mgL": null, "temp_C": 7.1, "aquifer_setting": "valley-fill aquifer: 10-100", "km_to_nearest_valley_aquifer": 0.0, "dec_basin": "Schoharie Creek * (w/I NY watershed)", "dec_permit_basin": "12-02*", "in_basic_creek_res_catchment": "no"}}, {"type": "Feature", "geometry": {"type": "Point", "coordinates": [-74.117, 42.625]}, "properties": {"site_id": "USGS_423729074070301", "zone": "Albany lowland / Hudson", "sid": 423729074070301, "km_from_ref": 12.4, "aquifer": null, "yr": 2016, "first": "2016-10-24", "last": "2016-10-24", "n_results": 374, "n_chars": 348, "nitrate_mgL_N": null, "chloride_mgL": 4.56, "sodium_mgL": 17.5, "iron_ugL": 694.0, "manganese_ugL": 125.0, "arsenic_ugL": 0.5, "radon_pCiL": 380.0, "ra226_pCiL": null, "ra228_pCiL": null, "uranium_ugL": 1.46, "barium_ugL": 47.5, "fluoride_mgL": 0.2, "hardness_mgL": 232.0, "ph": 7.9, "spc_uScm": 487.0, "methane_mgL": 0.027, "tds_mgL": 343.0, "sulfate_mgL": 56.2, "strontium_ugL": 648.0, "boron_ugL": 52.0, "lithium_ugL": 17.7, "calcium_mgL": 66.7, "magnesium_mgL": 15.8, "potassium_mgL": 0.8, "alkalinity_mgL": 198.0, "ammonia_mgL": 0.064, "doc_mgL": 1.1, "temp_C": 9.7, "aquifer_setting": "bedrock (outside mapped unconsolidated aquifer)", "km_to_nearest_valley_aquifer": 2.77, "dec_basin": "Schoharie Creek *", "dec_permit_basin": "12-02", "in_basic_creek_res_catchment": "no"}}, {"type": "Feature", "geometry": {"type": "Point", "coordinates": [-74.241, 42.31]}, "properties": {"site_id": "USGS_421836074142601", "zone": "Catskill Creek valley / Greene", "sid": 421836074142601, "km_from_ref": 24.1, "aquifer": "Devonian System", "yr": 1992, "first": "1992-09-08", "last": "1992-09-08", "n_results": 96, "n_chars": 46, "nitrate_mgL_N": 1.64, "chloride_mgL": 160.0, "sodium_mgL": 190.0, "iron_ugL": 200.0, "manganese_ugL": 43.0, "arsenic_ugL": null, "radon_pCiL": null, "ra226_pCiL": null, "ra228_pCiL": null, "uranium_ugL": null, "barium_ugL": 7.0, "fluoride_mgL": 1.4, "hardness_mgL": 14.1, "ph": 9.1, "spc_uScm": 903.0, "methane_mgL": null, "tds_mgL": 481.0, "sulfate_mgL": 16.0, "strontium_ugL": 25.0, "boron_ugL": 180.0, "lithium_ugL": 20.0, "calcium_mgL": 4.0, "magnesium_mgL": 1.0, "potassium_mgL": 1.9, "alkalinity_mgL": 196.0, "ammonia_mgL": 0.103, "doc_mgL": null, "temp_C": 9.9, "aquifer_setting": "valley-fill aquifer: 10-100", "km_to_nearest_valley_aquifer": 0.0, "dec_basin": "Schoharie Creek * (w/I NY watershed)", "dec_permit_basin": "12-02*", "in_basic_creek_res_catchment": "no"}}, {"type": "Feature", "geometry": {"type": "Point", "coordinates": [-73.957, 42.619]}, "properties": {"site_id": "USGS_423708073572400", "zone": "Albany lowland / Hudson", "sid": 423708073572400, "km_from_ref": 19.2, "aquifer": null, "yr": 1971, "first": "1971-12-08", "last": "1971-12-08", "n_results": 54, "n_chars": 53, "nitrate_mgL_N": 0.0, "chloride_mgL": 13.0, "sodium_mgL": 7.5, "iron_ugL": 370.0, "manganese_ugL": 180.0, "arsenic_ugL": 2.0, "radon_pCiL": null, "ra226_pCiL": null, "ra228_pCiL": null, "uranium_ugL": null, "barium_ugL": null, "fluoride_mgL": 0.1, "hardness_mgL": 130.0, "ph": 7.4, "spc_uScm": 282.0, "methane_mgL": null, "tds_mgL": 161.0, "sulfate_mgL": 36.0, "strontium_ugL": 160.0, "boron_ugL": 20.0, "lithium_ugL": null, "calcium_mgL": 41.0, "magnesium_mgL": 5.8, "potassium_mgL": 1.4, "alkalinity_mgL": 89.0, "ammonia_mgL": null, "doc_mgL": null, "temp_C": null, "aquifer_setting": "bedrock (outside mapped unconsolidated aquifer)", "km_to_nearest_valley_aquifer": 0.99, "dec_basin": "Lower Hudson Main Stem", "dec_permit_basin": "13-01", "in_basic_creek_res_catchment": "no"}}, {"type": "Feature", "geometry": {"type": "Point", "coordinates": [-73.957, 42.619]}, "properties": {"site_id": "USGS_423708073572401", "zone": "Albany lowland / Hudson", "sid": 423708073572401, "km_from_ref": 19.2, "aquifer": null, "yr": 1971, "first": "1971-12-08", "last": "1971-12-08", "n_results": 54, "n_chars": 53, "nitrate_mgL_N": 0.0, "chloride_mgL": 14.0, "sodium_mgL": 7.8, "iron_ugL": 20.0, "manganese_ugL": 10.0, "arsenic_ugL": 1.0, "radon_pCiL": null, "ra226_pCiL": null, "ra228_pCiL": null, "uranium_ugL": null, "barium_ugL": null, "fluoride_mgL": 0.1, "hardness_mgL": 130.0, "ph": 6.9, "spc_uScm": 289.0, "methane_mgL": null, "tds_mgL": 163.0, "sulfate_mgL": 48.0, "strontium_ugL": 160.0, "boron_ugL": 20.0, "lithium_ugL": null, "calcium_mgL": 41.0, "magnesium_mgL": 5.8, "potassium_mgL": 1.4, "alkalinity_mgL": 72.0, "ammonia_mgL": null, "doc_mgL": null, "temp_C": null, "aquifer_setting": "bedrock (outside mapped unconsolidated aquifer)", "km_to_nearest_valley_aquifer": 0.99, "dec_basin": "Lower Hudson Main Stem", "dec_permit_basin": "13-01", "in_basic_creek_res_catchment": "no"}}, {"type": "Feature", "geometry": {"type": "Point", "coordinates": [-74.249, 42.315]}, "properties": {"site_id": "USGS_421855074145501", "zone": "Catskill Creek valley / Greene", "sid": 421855074145501, "km_from_ref": 23.8, "aquifer": null, "yr": 1992, "first": "1992-07-30", "last": "1992-07-30", "n_results": 181, "n_chars": 109, "nitrate_mgL_N": 0.226, "chloride_mgL": 7.3, "sodium_mgL": 34.0, "iron_ugL": 26.0, "manganese_ugL": 230.0, "arsenic_ugL": null, "radon_pCiL": null, "ra226_pCiL": null, "ra228_pCiL": null, "uranium_ugL": null, "barium_ugL": 19.0, "fluoride_mgL": 0.2, "hardness_mgL": 38.4, "ph": 8.1, "spc_uScm": 220.0, "methane_mgL": null, "tds_mgL": 135.0, "sulfate_mgL": 16.0, "strontium_ugL": 180.0, "boron_ugL": 60.0, "lithium_ugL": 6.0, "calcium_mgL": 12.0, "magnesium_mgL": 2.0, "potassium_mgL": 0.3, "alkalinity_mgL": 88.0, "ammonia_mgL": 0.039, "doc_mgL": null, "temp_C": 9.4, "aquifer_setting": "valley-fill aquifer: 10-100", "km_to_nearest_valley_aquifer": 0.0, "dec_basin": "Schoharie Creek * (w/I NY watershed)", "dec_permit_basin": "12-02*", "in_basic_creek_res_catchment": "no"}}, {"type": "Feature", "geometry": {"type": "Point", "coordinates": [-74.217, 42.291]}, "properties": {"site_id": "USGS_421729074130200", "zone": "Catskill Creek valley / Greene", "sid": 421729074130200, "km_from_ref": 25.6, "aquifer": null, "yr": 1972, "first": "1972-11-13", "last": "1973-04-10", "n_results": 85, "n_chars": 51, "nitrate_mgL_N": 0.0, "chloride_mgL": 0.5, "sodium_mgL": 1.2, "iron_ugL": null, "manganese_ugL": null, "arsenic_ugL": 10.0, "radon_pCiL": null, "ra226_pCiL": null, "ra228_pCiL": null, "uranium_ugL": null, "barium_ugL": null, "fluoride_mgL": null, "hardness_mgL": 14.0, "ph": 6.5, "spc_uScm": 36.0, "methane_mgL": null, "tds_mgL": 24.0, "sulfate_mgL": 9.0, "strontium_ugL": null, "boron_ugL": null, "lithium_ugL": null, "calcium_mgL": 3.8, "magnesium_mgL": 1.0, "potassium_mgL": 0.6, "alkalinity_mgL": 7.0, "ammonia_mgL": null, "doc_mgL": null, "temp_C": null, "aquifer_setting": "valley-fill aquifer: 10-100", "km_to_nearest_valley_aquifer": 0.0, "dec_basin": "Schoharie Creek * (w/I NY watershed)", "dec_permit_basin": "12-02*", "in_basic_creek_res_catchment": "no"}}, {"type": "Feature", "geometry": {"type": "Point", "coordinates": [-74.217, 42.291]}, "properties": {"site_id": "USGS_421729074130200", "zone": "Catskill Creek valley / Greene", "sid": 421729074130200, "km_from_ref": 25.6, "aquifer": null, "yr": 1973, "first": "1972-11-13", "last": "1973-04-10", "n_results": 85, "n_chars": 51, "nitrate_mgL_N": 0.3, "chloride_mgL": 1.5, "sodium_mgL": 2.3, "iron_ugL": 370.0, "manganese_ugL": 10.0, "arsenic_ugL": null, "radon_pCiL": null, "ra226_pCiL": null, "ra228_pCiL": null, "uranium_ugL": null, "barium_ugL": null, "fluoride_mgL": 0.2, "hardness_mgL": 12.0, "ph": 6.5, "spc_uScm": 39.0, "methane_mgL": null, "tds_mgL": 25.0, "sulfate_mgL": 8.0, "strontium_ugL": 10.0, "boron_ugL": null, "lithium_ugL": null, "calcium_mgL": 3.5, "magnesium_mgL": 0.9, "potassium_mgL": 0.1, "alkalinity_mgL": 7.0, "ammonia_mgL": null, "doc_mgL": null, "temp_C": null, "aquifer_setting": "valley-fill aquifer: 10-100", "km_to_nearest_valley_aquifer": 0.0, "dec_basin": "Schoharie Creek * (w/I NY watershed)", "dec_permit_basin": "12-02*", "in_basic_creek_res_catchment": "no"}}, {"type": "Feature", "geometry": {"type": "Point", "coordinates": [-74.248, 42.313]}, "properties": {"site_id": "USGS_421848074145401", "zone": "Catskill Creek valley / Greene", "sid": 421848074145401, "km_from_ref": 24.0, "aquifer": null, "yr": 1992, "first": "1992-01-07", "last": "1992-07-30", "n_results": 203, "n_chars": 109, "nitrate_mgL_N": null, "chloride_mgL": 410.0, "sodium_mgL": 170.0, "iron_ugL": 5200.0, "manganese_ugL": 8700.0, "arsenic_ugL": null, "radon_pCiL": null, "ra226_pCiL": null, "ra228_pCiL": null, "uranium_ugL": null, "barium_ugL": 260.0, "fluoride_mgL": 0.2, "hardness_mgL": 313.0, "ph": 6.7, "spc_uScm": 1600.0, "methane_mgL": null, "tds_mgL": 792.0, "sulfate_mgL": 20.0, "strontium_ugL": 420.0, "boron_ugL": 20.0, "lithium_ugL": 4.0, "calcium_mgL": 97.0, "magnesium_mgL": 17.0, "potassium_mgL": 2.2, "alkalinity_mgL": 86.0, "ammonia_mgL": 0.064, "doc_mgL": null, "temp_C": 10.2, "aquifer_setting": "valley-fill aquifer: 10-100", "km_to_nearest_valley_aquifer": 0.0, "dec_basin": "Schoharie Creek * (w/I NY watershed)", "dec_permit_basin": "12-02*", "in_basic_creek_res_catchment": "no"}}, {"type": "Feature", "geometry": {"type": "Point", "coordinates": [-74.248, 42.313]}, "properties": {"site_id": "USGS_421847074145301", "zone": "Catskill Creek valley / Greene", "sid": 421847074145301, "km_from_ref": 24.0, "aquifer": "Devonian System", "yr": 1992, "first": "1992-01-08", "last": "1992-10-13", "n_results": 232, "n_chars": 95, "nitrate_mgL_N": 2.66, "chloride_mgL": 33.0, "sodium_mgL": 15.0, "iron_ugL": 12.0, "manganese_ugL": 120.0, "arsenic_ugL": null, "radon_pCiL": null, "ra226_pCiL": null, "ra228_pCiL": null, "uranium_ugL": null, "barium_ugL": null, "fluoride_mgL": null, "hardness_mgL": 50.2, "ph": 6.4, "spc_uScm": 198.0, "methane_mgL": null, "tds_mgL": 106.0, "sulfate_mgL": 10.0, "strontium_ugL": null, "boron_ugL": 20.0, "lithium_ugL": null, "calcium_mgL": 13.0, "magnesium_mgL": 4.3, "potassium_mgL": 1.1, "alkalinity_mgL": 30.0, "ammonia_mgL": 0.013, "doc_mgL": null, "temp_C": 9.3, "aquifer_setting": "valley-fill aquifer: 10-100", "km_to_nearest_valley_aquifer": 0.0, "dec_basin": "Schoharie Creek * (w/I NY watershed)", "dec_permit_basin": "12-02*", "in_basic_creek_res_catchment": "no"}}, {"type": "Feature", "geometry": {"type": "Point", "coordinates": [-74.249, 42.314]}, "properties": {"site_id": "USGS_421850074145801", "zone": "Catskill Creek valley / Greene", "sid": 421850074145801, "km_from_ref": 23.9, "aquifer": null, "yr": 1992, "first": "1992-01-07", "last": "1992-01-07", "n_results": 26, "n_chars": 23, "nitrate_mgL_N": null, "chloride_mgL": 760.0, "sodium_mgL": 490.0, "iron_ugL": 20.0, "manganese_ugL": 40.0, "arsenic_ugL": null, "radon_pCiL": null, "ra226_pCiL": null, "ra228_pCiL": null, "uranium_ugL": null, "barium_ugL": null, "fluoride_mgL": 0.4, "hardness_mgL": 86.8, "ph": 6.1, "spc_uScm": 2710.0, "methane_mgL": null, "tds_mgL": 1330.0, "sulfate_mgL": 38.0, "strontium_ugL": null, "boron_ugL": 20.0, "lithium_ugL": null, "calcium_mgL": 26.0, "magnesium_mgL": 5.3, "potassium_mgL": 2.0, "alkalinity_mgL": 15.0, "ammonia_mgL": null, "doc_mgL": null, "temp_C": 3.0, "aquifer_setting": "valley-fill aquifer: 10-100", "km_to_nearest_valley_aquifer": 0.0, "dec_basin": "Schoharie Creek * (w/I NY watershed)", "dec_permit_basin": "12-02*", "in_basic_creek_res_catchment": "no"}}, {"type": "Feature", "geometry": {"type": "Point", "coordinates": [-74.244, 42.309]}, "properties": {"site_id": "USGS_421831074143701", "zone": "Catskill Creek valley / Greene", "sid": 421831074143701, "km_from_ref": 24.3, "aquifer": null, "yr": 1992, "first": "1992-08-19", "last": "1992-08-19", "n_results": 41, "n_chars": 32, "nitrate_mgL_N": 0.753, "chloride_mgL": 8.1, "sodium_mgL": 45.0, "iron_ugL": 24.0, "manganese_ugL": 3.0, "arsenic_ugL": null, "radon_pCiL": null, "ra226_pCiL": null, "ra228_pCiL": null, "uranium_ugL": null, "barium_ugL": null, "fluoride_mgL": 0.3, "hardness_mgL": 22.2, "ph": 7.7, "spc_uScm": 240.0, "methane_mgL": null, "tds_mgL": 149.0, "sulfate_mgL": 23.0, "strontium_ugL": null, "boron_ugL": 110.0, "lithium_ugL": null, "calcium_mgL": 6.1, "magnesium_mgL": 1.7, "potassium_mgL": 0.3, "alkalinity_mgL": 90.0, "ammonia_mgL": 0.026, "doc_mgL": null, "temp_C": 10.7, "aquifer_setting": "valley-fill aquifer: >100", "km_to_nearest_valley_aquifer": 0.0, "dec_basin": "Schoharie Creek * (w/I NY watershed)", "dec_permit_basin": "12-02*", "in_basic_creek_res_catchment": "no"}}, {"type": "Feature", "geometry": {"type": "Point", "coordinates": [-74.067, 42.634]}, "properties": {"site_id": "USGS_423804074040001", "zone": "Albany lowland / Hudson", "sid": 423804074040001, "km_from_ref": 14.7, "aquifer": null, "yr": 1967, "first": "1967-03-30", "last": "1967-03-30", "n_results": 30, "n_chars": 27, "nitrate_mgL_N": 1.4, "chloride_mgL": 10.0, "sodium_mgL": 4.7, "iron_ugL": 100.0, "manganese_ugL": 30.0, "arsenic_ugL": null, "radon_pCiL": null, "ra226_pCiL": null, "ra228_pCiL": null, "uranium_ugL": null, "barium_ugL": null, "fluoride_mgL": 0.1, "hardness_mgL": 82.0, "ph": 7.1, "spc_uScm": 203.0, "methane_mgL": null, "tds_mgL": 119.0, "sulfate_mgL": 22.0, "strontium_ugL": null, "boron_ugL": null, "lithium_ugL": null, "calcium_mgL": 29.0, "magnesium_mgL": 2.4, "potassium_mgL": 0.9, "alkalinity_mgL": 61.0, "ammonia_mgL": null, "doc_mgL": null, "temp_C": null, "aquifer_setting": "bedrock (outside mapped unconsolidated aquifer)", "km_to_nearest_valley_aquifer": 5.09, "dec_basin": "Schoharie Creek *", "dec_permit_basin": "12-02", "in_basic_creek_res_catchment": "no"}}, {"type": "Feature", "geometry": {"type": "Point", "coordinates": [-74.244, 42.307]}, "properties": {"site_id": "USGS_421826074143701", "zone": "Catskill Creek valley / Greene", "sid": 421826074143701, "km_from_ref": 24.5, "aquifer": null, "yr": 1991, "first": "1991-06-27", "last": "1991-06-27", "n_results": 37, "n_chars": 32, "nitrate_mgL_N": 1.6, "chloride_mgL": 6.6, "sodium_mgL": 5.5, "iron_ugL": null, "manganese_ugL": 2.0, "arsenic_ugL": null, "radon_pCiL": null, "ra226_pCiL": null, "ra228_pCiL": null, "uranium_ugL": null, "barium_ugL": null, "fluoride_mgL": null, "hardness_mgL": 24.1, "ph": 6.7, "spc_uScm": 87.0, "methane_mgL": null, "tds_mgL": 42.0, "sulfate_mgL": 9.0, "strontium_ugL": null, "boron_ugL": null, "lithium_ugL": null, "calcium_mgL": 6.5, "magnesium_mgL": 1.9, "potassium_mgL": 0.8, "alkalinity_mgL": 8.9, "ammonia_mgL": 0.013, "doc_mgL": null, "temp_C": 8.6, "aquifer_setting": "valley-fill aquifer: >100", "km_to_nearest_valley_aquifer": 0.0, "dec_basin": "Schoharie Creek * (w/I NY watershed)", "dec_permit_basin": "12-02*", "in_basic_creek_res_catchment": "no"}}, {"type": "Feature", "geometry": {"type": "Point", "coordinates": [-74.244, 42.307]}, "properties": {"site_id": "USGS_421826074143801", "zone": "Catskill Creek valley / Greene", "sid": 421826074143801, "km_from_ref": 24.5, "aquifer": "Devonian System", "yr": 1992, "first": "1992-09-14", "last": "1992-10-14", "n_results": 84, "n_chars": 32, "nitrate_mgL_N": null, "chloride_mgL": 31.0, "sodium_mgL": 60.0, "iron_ugL": 110.0, "manganese_ugL": 110.0, "arsenic_ugL": null, "radon_pCiL": null, "ra226_pCiL": null, "ra228_pCiL": null, "uranium_ugL": null, "barium_ugL": null, "fluoride_mgL": null, "hardness_mgL": 29.5, "ph": 8.5, "spc_uScm": 342.0, "methane_mgL": null, "tds_mgL": 191.0, "sulfate_mgL": 20.0, "strontium_ugL": null, "boron_ugL": 100.0, "lithium_ugL": null, "calcium_mgL": 8.7, "magnesium_mgL": 1.9, "potassium_mgL": 0.3, "alkalinity_mgL": 112.0, "ammonia_mgL": 0.103, "doc_mgL": null, "temp_C": 9.2, "aquifer_setting": "valley-fill aquifer: >100", "km_to_nearest_valley_aquifer": 0.0, "dec_basin": "Schoharie Creek * (w/I NY watershed)", "dec_permit_basin": "12-02*", "in_basic_creek_res_catchment": "no"}}, {"type": "Feature", "geometry": {"type": "Point", "coordinates": [-74.256, 42.318]}, "properties": {"site_id": "USGS_421903074152302", "zone": "Catskill Creek valley / Greene", "sid": 421903074152302, "km_from_ref": 23.7, "aquifer": null, "yr": 1992, "first": "1992-07-29", "last": "1992-07-29", "n_results": 39, "n_chars": 31, "nitrate_mgL_N": 1.77, "chloride_mgL": 4.8, "sodium_mgL": 5.2, "iron_ugL": null, "manganese_ugL": 2.0, "arsenic_ugL": null, "radon_pCiL": null, "ra226_pCiL": null, "ra228_pCiL": null, "uranium_ugL": null, "barium_ugL": null, "fluoride_mgL": null, "hardness_mgL": 22.1, "ph": 6.1, "spc_uScm": 76.0, "methane_mgL": null, "tds_mgL": 47.0, "sulfate_mgL": 9.1, "strontium_ugL": null, "boron_ugL": null, "lithium_ugL": null, "calcium_mgL": 5.7, "magnesium_mgL": 1.9, "potassium_mgL": 1.2, "alkalinity_mgL": 17.0, "ammonia_mgL": null, "doc_mgL": null, "temp_C": 8.2, "aquifer_setting": "bedrock (outside mapped unconsolidated aquifer)", "km_to_nearest_valley_aquifer": 0.25, "dec_basin": "Schoharie Creek * (w/I NY watershed)", "dec_permit_basin": "12-02*", "in_basic_creek_res_catchment": "no"}}, {"type": "Feature", "geometry": {"type": "Point", "coordinates": [-74.246, 42.307]}, "properties": {"site_id": "USGS_421826074144701", "zone": "Catskill Creek valley / Greene", "sid": 421826074144701, "km_from_ref": 24.5, "aquifer": null, "yr": 1992, "first": "1992-05-28", "last": "1992-07-02", "n_results": 66, "n_chars": 32, "nitrate_mgL_N": null, "chloride_mgL": 64.0, "sodium_mgL": 94.0, "iron_ugL": 71.0, "manganese_ugL": 15.0, "arsenic_ugL": null, "radon_pCiL": null, "ra226_pCiL": null, "ra228_pCiL": null, "uranium_ugL": null, "barium_ugL": null, "fluoride_mgL": 0.5, "hardness_mgL": 2.92, "ph": 8.9, "spc_uScm": 465.0, "methane_mgL": null, "tds_mgL": 261.0, "sulfate_mgL": 22.0, "strontium_ugL": null, "boron_ugL": 140.0, "lithium_ugL": null, "calcium_mgL": 0.97, "magnesium_mgL": 0.12, "potassium_mgL": 0.2, "alkalinity_mgL": 116.0, "ammonia_mgL": 0.039, "doc_mgL": null, "temp_C": 9.3, "aquifer_setting": "valley-fill aquifer: >100", "km_to_nearest_valley_aquifer": 0.0, "dec_basin": "Schoharie Creek * (w/I NY watershed)", "dec_permit_basin": "12-02*", "in_basic_creek_res_catchment": "no"}}, {"type": "Feature", "geometry": {"type": "Point", "coordinates": [-74.248, 42.308]}, "properties": {"site_id": "USGS_421827074145201", "zone": "Catskill Creek valley / Greene", "sid": 421827074145201, "km_from_ref": 24.5, "aquifer": "Pleistocene Series", "yr": 1992, "first": "1992-10-13", "last": "1992-10-13", "n_results": 144, "n_chars": 96, "nitrate_mgL_N": 1.55, "chloride_mgL": 15.0, "sodium_mgL": 13.0, "iron_ugL": 3.0, "manganese_ugL": 870.0, "arsenic_ugL": null, "radon_pCiL": null, "ra226_pCiL": null, "ra228_pCiL": null, "uranium_ugL": null, "barium_ugL": null, "fluoride_mgL": 0.2, "hardness_mgL": 81.3, "ph": 7.3, "spc_uScm": 236.0, "methane_mgL": null, "tds_mgL": 132.0, "sulfate_mgL": 16.0, "strontium_ugL": null, "boron_ugL": 30.0, "lithium_ugL": null, "calcium_mgL": 24.0, "magnesium_mgL": 5.2, "potassium_mgL": 1.0, "alkalinity_mgL": 76.0, "ammonia_mgL": 0.039, "doc_mgL": null, "temp_C": 9.6, "aquifer_setting": "valley-fill aquifer: >100", "km_to_nearest_valley_aquifer": 0.0, "dec_basin": "Schoharie Creek * (w/I NY watershed)", "dec_permit_basin": "12-02*", "in_basic_creek_res_catchment": "no"}}, {"type": "Feature", "geometry": {"type": "Point", "coordinates": [-74.25, 42.309]}, "properties": {"site_id": "USGS_421832074145901", "zone": "Catskill Creek valley / Greene", "sid": 421832074145901, "km_from_ref": 24.4, "aquifer": null, "yr": 1992, "first": "1992-07-28", "last": "1992-07-28", "n_results": 37, "n_chars": 30, "nitrate_mgL_N": 8.41, "chloride_mgL": 12.0, "sodium_mgL": 7.8, "iron_ugL": 4.0, "manganese_ugL": 1.0, "arsenic_ugL": null, "radon_pCiL": null, "ra226_pCiL": null, "ra228_pCiL": null, "uranium_ugL": null, "barium_ugL": null, "fluoride_mgL": null, "hardness_mgL": 29.7, "ph": 6.4, "spc_uScm": 110.0, "methane_mgL": null, "tds_mgL": 67.0, "sulfate_mgL": 9.9, "strontium_ugL": null, "boron_ugL": 10.0, "lithium_ugL": null, "calcium_mgL": 7.6, "magnesium_mgL": 2.6, "potassium_mgL": 0.8, "alkalinity_mgL": 15.0, "ammonia_mgL": 0.026, "doc_mgL": null, "temp_C": 12.2, "aquifer_setting": "valley-fill aquifer: >100", "km_to_nearest_valley_aquifer": 0.0, "dec_basin": "Schoharie Creek * (w/I NY watershed)", "dec_permit_basin": "12-02*", "in_basic_creek_res_catchment": "no"}}, {"type": "Feature", "geometry": {"type": "Point", "coordinates": [-74.249, 42.308]}, "properties": {"site_id": "USGS_421830074145700", "zone": "Catskill Creek valley / Greene", "sid": 421830074145700, "km_from_ref": 24.5, "aquifer": null, "yr": 1972, "first": "1972-11-13", "last": "1973-04-10", "n_results": 85, "n_chars": 51, "nitrate_mgL_N": 3.5, "chloride_mgL": 3.0, "sodium_mgL": 4.0, "iron_ugL": null, "manganese_ugL": null, "arsenic_ugL": null, "radon_pCiL": null, "ra226_pCiL": null, "ra228_pCiL": null, "uranium_ugL": null, "barium_ugL": null, "fluoride_mgL": 0.1, "hardness_mgL": 21.0, "ph": 6.3, "spc_uScm": 76.0, "methane_mgL": null, "tds_mgL": 47.0, "sulfate_mgL": 12.0, "strontium_ugL": null, "boron_ugL": null, "lithium_ugL": null, "calcium_mgL": 5.2, "magnesium_mgL": 1.9, "potassium_mgL": 1.2, "alkalinity_mgL": 14.0, "ammonia_mgL": null, "doc_mgL": null, "temp_C": null, "aquifer_setting": "valley-fill aquifer: >100", "km_to_nearest_valley_aquifer": 0.0, "dec_basin": "Schoharie Creek * (w/I NY watershed)", "dec_permit_basin": "12-02*", "in_basic_creek_res_catchment": "no"}}, {"type": "Feature", "geometry": {"type": "Point", "coordinates": [-74.249, 42.308]}, "properties": {"site_id": "USGS_421830074145700", "zone": "Catskill Creek valley / Greene", "sid": 421830074145700, "km_from_ref": 24.5, "aquifer": null, "yr": 1973, "first": "1972-11-13", "last": "1973-04-10", "n_results": 85, "n_chars": 51, "nitrate_mgL_N": 2.7, "chloride_mgL": 4.5, "sodium_mgL": 5.4, "iron_ugL": 40.0, "manganese_ugL": null, "arsenic_ugL": null, "radon_pCiL": null, "ra226_pCiL": null, "ra228_pCiL": null, "uranium_ugL": null, "barium_ugL": null, "fluoride_mgL": 0.3, "hardness_mgL": 19.0, "ph": 6.0, "spc_uScm": 74.0, "methane_mgL": null, "tds_mgL": 45.0, "sulfate_mgL": 12.0, "strontium_ugL": 20.0, "boron_ugL": null, "lithium_ugL": null, "calcium_mgL": 5.1, "magnesium_mgL": 1.6, "potassium_mgL": 1.0, "alkalinity_mgL": 10.0, "ammonia_mgL": null, "doc_mgL": null, "temp_C": null, "aquifer_setting": "valley-fill aquifer: >100", "km_to_nearest_valley_aquifer": 0.0, "dec_basin": "Schoharie Creek * (w/I NY watershed)", "dec_permit_basin": "12-02*", "in_basic_creek_res_catchment": "no"}}, {"type": "Feature", "geometry": {"type": "Point", "coordinates": [-74.245, 42.303]}, "properties": {"site_id": "USGS_421811074144101", "zone": "Catskill Creek valley / Greene", "sid": 421811074144101, "km_from_ref": 24.9, "aquifer": null, "yr": 1992, "first": "1992-08-20", "last": "1992-08-20", "n_results": 108, "n_chars": 46, "nitrate_mgL_N": 0.283, "chloride_mgL": 41.0, "sodium_mgL": 55.0, "iron_ugL": 20.0, "manganese_ugL": 15.0, "arsenic_ugL": null, "radon_pCiL": null, "ra226_pCiL": null, "ra228_pCiL": null, "uranium_ugL": null, "barium_ugL": 42.0, "fluoride_mgL": 0.4, "hardness_mgL": 25.3, "ph": 8.1, "spc_uScm": 291.0, "methane_mgL": null, "tds_mgL": 169.0, "sulfate_mgL": 13.0, "strontium_ugL": 140.0, "boron_ugL": 130.0, "lithium_ugL": 5.0, "calcium_mgL": 7.9, "magnesium_mgL": 1.3, "potassium_mgL": 0.4, "alkalinity_mgL": 75.0, "ammonia_mgL": 0.077, "doc_mgL": null, "temp_C": 9.7, "aquifer_setting": "valley-fill aquifer: 10-100", "km_to_nearest_valley_aquifer": 0.0, "dec_basin": "Schoharie Creek * (w/I NY watershed)", "dec_permit_basin": "12-02*", "in_basic_creek_res_catchment": "no"}}, {"type": "Feature", "geometry": {"type": "Point", "coordinates": [-74.252, 42.307]}, "properties": {"site_id": "USGS_421824074150701", "zone": "Catskill Creek valley / Greene", "sid": 421824074150701, "km_from_ref": 24.7, "aquifer": "Devonian System", "yr": 1992, "first": "1992-08-13", "last": "1992-08-13", "n_results": 41, "n_chars": 32, "nitrate_mgL_N": 0.708, "chloride_mgL": 30.0, "sodium_mgL": 58.0, "iron_ugL": 20.0, "manganese_ugL": 200.0, "arsenic_ugL": null, "radon_pCiL": null, "ra226_pCiL": null, "ra228_pCiL": null, "uranium_ugL": null, "barium_ugL": null, "fluoride_mgL": 0.5, "hardness_mgL": 40.3, "ph": 8.8, "spc_uScm": 335.0, "methane_mgL": null, "tds_mgL": 194.0, "sulfate_mgL": 15.0, "strontium_ugL": null, "boron_ugL": 120.0, "lithium_ugL": null, "calcium_mgL": 12.0, "magnesium_mgL": 2.5, "potassium_mgL": 0.4, "alkalinity_mgL": 111.0, "ammonia_mgL": 0.077, "doc_mgL": null, "temp_C": 9.4, "aquifer_setting": "valley-fill aquifer: >100", "km_to_nearest_valley_aquifer": 0.0, "dec_basin": "Schoharie Creek * (w/I NY watershed)", "dec_permit_basin": "12-02*", "in_basic_creek_res_catchment": "no"}}, {"type": "Feature", "geometry": {"type": "Point", "coordinates": [-74.252, 42.307]}, "properties": {"site_id": "USGS_421824074150702", "zone": "Catskill Creek valley / Greene", "sid": 421824074150702, "km_from_ref": 24.7, "aquifer": "Pleistocene Series", "yr": 1992, "first": "1992-08-13", "last": "1992-08-13", "n_results": 41, "n_chars": 32, "nitrate_mgL_N": 3.9, "chloride_mgL": 23.0, "sodium_mgL": 15.0, "iron_ugL": 56.0, "manganese_ugL": 3.0, "arsenic_ugL": null, "radon_pCiL": null, "ra226_pCiL": null, "ra228_pCiL": null, "uranium_ugL": null, "barium_ugL": null, "fluoride_mgL": null, "hardness_mgL": 31.9, "ph": 6.5, "spc_uScm": 151.0, "methane_mgL": null, "tds_mgL": 83.0, "sulfate_mgL": 9.2, "strontium_ugL": null, "boron_ugL": null, "lithium_ugL": null, "calcium_mgL": 9.0, "magnesium_mgL": 2.3, "potassium_mgL": 1.1, "alkalinity_mgL": 25.0, "ammonia_mgL": 0.039, "doc_mgL": null, "temp_C": 10.6, "aquifer_setting": "valley-fill aquifer: >100", "km_to_nearest_valley_aquifer": 0.0, "dec_basin": "Schoharie Creek * (w/I NY watershed)", "dec_permit_basin": "12-02*", "in_basic_creek_res_catchment": "no"}}, {"type": "Feature", "geometry": {"type": "Point", "coordinates": [-74.254, 42.306]}, "properties": {"site_id": "USGS_421822074151501", "zone": "Catskill Creek valley / Greene", "sid": 421822074151501, "km_from_ref": 24.9, "aquifer": null, "yr": 1991, "first": "1991-08-22", "last": "1991-08-22", "n_results": 25, "n_chars": 22, "nitrate_mgL_N": null, "chloride_mgL": 24.0, "sodium_mgL": 14.0, "iron_ugL": 14.0, "manganese_ugL": 1.0, "arsenic_ugL": null, "radon_pCiL": null, "ra226_pCiL": null, "ra228_pCiL": null, "uranium_ugL": null, "barium_ugL": null, "fluoride_mgL": null, "hardness_mgL": 33.6, "ph": 6.2, "spc_uScm": 150.0, "methane_mgL": null, "tds_mgL": 82.0, "sulfate_mgL": 12.0, "strontium_ugL": null, "boron_ugL": 20.0, "lithium_ugL": null, "calcium_mgL": 9.5, "magnesium_mgL": 2.4, "potassium_mgL": 1.4, "alkalinity_mgL": 24.0, "ammonia_mgL": null, "doc_mgL": null, "temp_C": 13.9, "aquifer_setting": "valley-fill aquifer: >100", "km_to_nearest_valley_aquifer": 0.0, "dec_basin": "Schoharie Creek * (w/I NY watershed)", "dec_permit_basin": "12-02*", "in_basic_creek_res_catchment": "no"}}, {"type": "Feature", "geometry": {"type": "Point", "coordinates": [-74.148, 42.629]}, "properties": {"site_id": "USGS_423745074085201", "zone": "Albany lowland / Hudson", "sid": 423745074085201, "km_from_ref": 12.7, "aquifer": null, "yr": 2011, "first": "2011-07-26", "last": "2011-07-26", "n_results": 187, "n_chars": 162, "nitrate_mgL_N": null, "chloride_mgL": 92.1, "sodium_mgL": 94.7, "iron_ugL": 487.0, "manganese_ugL": 35.6, "arsenic_ugL": 0.25, "radon_pCiL": 115.0, "ra226_pCiL": null, "ra228_pCiL": null, "uranium_ugL": null, "barium_ugL": 968.0, "fluoride_mgL": 0.53, "hardness_mgL": 198.0, "ph": 8.0, "spc_uScm": 820.0, "methane_mgL": 38.3, "tds_mgL": 444.0, "sulfate_mgL": 18.1, "strontium_ugL": 4280.0, "boron_ugL": 376.0, "lithium_ugL": 360.0, "calcium_mgL": 41.1, "magnesium_mgL": 23.0, "potassium_mgL": 2.17, "alkalinity_mgL": 282.0, "ammonia_mgL": 1.66, "doc_mgL": 0.6, "temp_C": 13.6, "aquifer_setting": "bedrock (outside mapped unconsolidated aquifer)", "km_to_nearest_valley_aquifer": 0.34, "dec_basin": "Schoharie Creek *", "dec_permit_basin": "12-02", "in_basic_creek_res_catchment": "no"}}, {"type": "Feature", "geometry": {"type": "Point", "coordinates": [-74.252, 42.302]}, "properties": {"site_id": "USGS_421807074150901", "zone": "Catskill Creek valley / Greene", "sid": 421807074150901, "km_from_ref": 25.2, "aquifer": null, "yr": 1992, "first": "1992-08-12", "last": "1992-08-12", "n_results": 39, "n_chars": 31, "nitrate_mgL_N": 0.487, "chloride_mgL": 27.0, "sodium_mgL": 10.0, "iron_ugL": 6.0, "manganese_ugL": 4.0, "arsenic_ugL": null, "radon_pCiL": null, "ra226_pCiL": null, "ra228_pCiL": null, "uranium_ugL": null, "barium_ugL": null, "fluoride_mgL": null, "hardness_mgL": 58.5, "ph": 6.5, "spc_uScm": 180.0, "methane_mgL": null, "tds_mgL": 96.0, "sulfate_mgL": 11.0, "strontium_ugL": null, "boron_ugL": null, "lithium_ugL": null, "calcium_mgL": 17.0, "magnesium_mgL": 3.9, "potassium_mgL": 0.5, "alkalinity_mgL": 36.0, "ammonia_mgL": 0.052, "doc_mgL": null, "temp_C": 8.6, "aquifer_setting": "valley-fill aquifer: 10-100", "km_to_nearest_valley_aquifer": 0.0, "dec_basin": "Schoharie Creek * (w/I NY watershed)", "dec_permit_basin": "12-02*", "in_basic_creek_res_catchment": "no"}}, {"type": "Feature", "geometry": {"type": "Point", "coordinates": [-74.253, 42.302]}, "properties": {"site_id": "USGS_421808074151201", "zone": "Catskill Creek valley / Greene", "sid": 421808074151201, "km_from_ref": 25.3, "aquifer": null, "yr": 1992, "first": "1992-08-31", "last": "1992-08-31", "n_results": 41, "n_chars": 32, "nitrate_mgL_N": null, "chloride_mgL": 6.7, "sodium_mgL": 41.0, "iron_ugL": 19.0, "manganese_ugL": 24.0, "arsenic_ugL": null, "radon_pCiL": null, "ra226_pCiL": null, "ra228_pCiL": null, "uranium_ugL": null, "barium_ugL": null, "fluoride_mgL": 0.3, "hardness_mgL": 8.93, "ph": 8.8, "spc_uScm": 207.0, "methane_mgL": null, "tds_mgL": 120.0, "sulfate_mgL": 4.2, "strontium_ugL": null, "boron_ugL": 90.0, "lithium_ugL": null, "calcium_mgL": 2.8, "magnesium_mgL": 0.47, "potassium_mgL": 0.2, "alkalinity_mgL": 94.0, "ammonia_mgL": 0.064, "doc_mgL": null, "temp_C": 9.6, "aquifer_setting": "valley-fill aquifer: 10-100", "km_to_nearest_valley_aquifer": 0.0, "dec_basin": "Schoharie Creek * (w/I NY watershed)", "dec_permit_basin": "12-02*", "in_basic_creek_res_catchment": "no"}}, {"type": "Feature", "geometry": {"type": "Point", "coordinates": [-74.254, 42.302]}, "properties": {"site_id": "USGS_421809074151501", "zone": "Catskill Creek valley / Greene", "sid": 421809074151501, "km_from_ref": 25.3, "aquifer": "Devonian System", "yr": 1992, "first": "1992-09-08", "last": "1992-09-08", "n_results": 93, "n_chars": 46, "nitrate_mgL_N": null, "chloride_mgL": 1900.0, "sodium_mgL": 1200.0, "iron_ugL": 22.0, "manganese_ugL": 250.0, "arsenic_ugL": null, "radon_pCiL": null, "ra226_pCiL": null, "ra228_pCiL": null, "uranium_ugL": null, "barium_ugL": 2100.0, "fluoride_mgL": 0.3, "hardness_mgL": 203.0, "ph": 8.8, "spc_uScm": 6330.0, "methane_mgL": null, "tds_mgL": 149.0, "sulfate_mgL": 2.7, "strontium_ugL": 2400.0, "boron_ugL": 170.0, "lithium_ugL": 140.0, "calcium_mgL": 66.0, "magnesium_mgL": 8.3, "potassium_mgL": 1.8, "alkalinity_mgL": 97.0, "ammonia_mgL": 0.502, "doc_mgL": null, "temp_C": 9.6, "aquifer_setting": "valley-fill aquifer: 10-100", "km_to_nearest_valley_aquifer": 0.0, "dec_basin": "Schoharie Creek * (w/I NY watershed)", "dec_permit_basin": "12-02*", "in_basic_creek_res_catchment": "no"}}, {"type": "Feature", "geometry": {"type": "Point", "coordinates": [-74.261, 42.308]}, "properties": {"site_id": "USGS_421828074153801", "zone": "Catskill Creek valley / Greene", "sid": 421828074153801, "km_from_ref": 24.9, "aquifer": null, "yr": 1992, "first": "1992-04-29", "last": "1992-04-29", "n_results": 9, "n_chars": 8, "nitrate_mgL_N": null, "chloride_mgL": null, "sodium_mgL": null, "iron_ugL": null, "manganese_ugL": null, "arsenic_ugL": null, "radon_pCiL": null, "ra226_pCiL": null, "ra228_pCiL": null, "uranium_ugL": null, "barium_ugL": null, "fluoride_mgL": null, "hardness_mgL": null, "ph": 7.1, "spc_uScm": 266.0, "methane_mgL": null, "tds_mgL": null, "sulfate_mgL": null, "strontium_ugL": null, "boron_ugL": null, "lithium_ugL": null, "calcium_mgL": null, "magnesium_mgL": null, "potassium_mgL": null, "alkalinity_mgL": null, "ammonia_mgL": null, "doc_mgL": null, "temp_C": 10.8, "aquifer_setting": "valley-fill aquifer: >100", "km_to_nearest_valley_aquifer": 0.0, "dec_basin": "Schoharie Creek * (w/I NY watershed)", "dec_permit_basin": "12-02*", "in_basic_creek_res_catchment": "no"}}, {"type": "Feature", "geometry": {"type": "Point", "coordinates": [-74.261, 42.308]}, "properties": {"site_id": "USGS_421830074154101", "zone": "Catskill Creek valley / Greene", "sid": 421830074154101, "km_from_ref": 24.9, "aquifer": null, "yr": 1992, "first": "1992-07-29", "last": "1992-07-29", "n_results": 39, "n_chars": 31, "nitrate_mgL_N": 1.95, "chloride_mgL": 8.4, "sodium_mgL": 4.9, "iron_ugL": null, "manganese_ugL": null, "arsenic_ugL": null, "radon_pCiL": null, "ra226_pCiL": null, "ra228_pCiL": null, "uranium_ugL": null, "barium_ugL": null, "fluoride_mgL": null, "hardness_mgL": 23.0, "ph": 6.1, "spc_uScm": 78.0, "methane_mgL": null, "tds_mgL": 48.0, "sulfate_mgL": 9.1, "strontium_ugL": null, "boron_ugL": null, "lithium_ugL": null, "calcium_mgL": 5.6, "magnesium_mgL": 2.2, "potassium_mgL": 0.5, "alkalinity_mgL": 15.0, "ammonia_mgL": 0.013, "doc_mgL": null, "temp_C": 11.3, "aquifer_setting": "valley-fill aquifer: >100", "km_to_nearest_valley_aquifer": 0.0, "dec_basin": "Schoharie Creek * (w/I NY watershed)", "dec_permit_basin": "12-02*", "in_basic_creek_res_catchment": "no"}}, {"type": "Feature", "geometry": {"type": "Point", "coordinates": [-74.258, 42.305]}, "properties": {"site_id": "USGS_421817074152901", "zone": "Catskill Creek valley / Greene", "sid": 421817074152901, "km_from_ref": 25.1, "aquifer": null, "yr": 1992, "first": "1992-09-02", "last": "1992-09-02", "n_results": 55, "n_chars": 46, "nitrate_mgL_N": null, "chloride_mgL": 370.0, "sodium_mgL": 280.0, "iron_ugL": 28.0, "manganese_ugL": 35.0, "arsenic_ugL": null, "radon_pCiL": null, "ra226_pCiL": null, "ra228_pCiL": null, "uranium_ugL": null, "barium_ugL": 130.0, "fluoride_mgL": 0.7, "hardness_mgL": 27.9, "ph": 8.9, "spc_uScm": 1470.0, "methane_mgL": null, "tds_mgL": 744.0, "sulfate_mgL": 4.1, "strontium_ugL": 280.0, "boron_ugL": 160.0, "lithium_ugL": 36.0, "calcium_mgL": 9.2, "magnesium_mgL": 1.1, "potassium_mgL": 0.5, "alkalinity_mgL": 118.0, "ammonia_mgL": 0.064, "doc_mgL": null, "temp_C": 9.1, "aquifer_setting": "valley-fill aquifer: >100", "km_to_nearest_valley_aquifer": 0.0, "dec_basin": "Schoharie Creek * (w/I NY watershed)", "dec_permit_basin": "12-02*", "in_basic_creek_res_catchment": "no"}}, {"type": "Feature", "geometry": {"type": "Point", "coordinates": [-74.261, 42.307]}, "properties": {"site_id": "USGS_421826074154101", "zone": "Catskill Creek valley / Greene", "sid": 421826074154101, "km_from_ref": 25.0, "aquifer": null, "yr": 1991, "first": "1991-08-12", "last": "1991-08-12", "n_results": 20, "n_chars": 19, "nitrate_mgL_N": null, "chloride_mgL": 16.0, "sodium_mgL": 14.0, "iron_ugL": 93.0, "manganese_ugL": 520.0, "arsenic_ugL": null, "radon_pCiL": null, "ra226_pCiL": null, "ra228_pCiL": null, "uranium_ugL": null, "barium_ugL": null, "fluoride_mgL": 1.7, "hardness_mgL": 38.2, "ph": 7.2, "spc_uScm": 171.0, "methane_mgL": null, "tds_mgL": 99.0, "sulfate_mgL": 2.6, "strontium_ugL": null, "boron_ugL": 40.0, "lithium_ugL": null, "calcium_mgL": 12.0, "magnesium_mgL": 2.0, "potassium_mgL": 6.3, "alkalinity_mgL": 63.0, "ammonia_mgL": null, "doc_mgL": null, "temp_C": null, "aquifer_setting": "valley-fill aquifer: >100", "km_to_nearest_valley_aquifer": 0.0, "dec_basin": "Schoharie Creek * (w/I NY watershed)", "dec_permit_basin": "12-02*", "in_basic_creek_res_catchment": "no"}}, {"type": "Feature", "geometry": {"type": "Point", "coordinates": [-74.262, 42.307]}, "properties": {"site_id": "USGS_421826074154201", "zone": "Catskill Creek valley / Greene", "sid": 421826074154201, "km_from_ref": 25.0, "aquifer": null, "yr": 1991, "first": "1991-06-26", "last": "1991-06-26", "n_results": 27, "n_chars": 24, "nitrate_mgL_N": null, "chloride_mgL": 73.0, "sodium_mgL": 61.0, "iron_ugL": 27.0, "manganese_ugL": 42.0, "arsenic_ugL": null, "radon_pCiL": null, "ra226_pCiL": null, "ra228_pCiL": null, "uranium_ugL": null, "barium_ugL": null, "fluoride_mgL": 0.2, "hardness_mgL": 31.6, "ph": 7.4, "spc_uScm": 365.0, "methane_mgL": null, "tds_mgL": 243.0, "sulfate_mgL": 9.9, "strontium_ugL": null, "boron_ugL": 50.0, "lithium_ugL": null, "calcium_mgL": 9.7, "magnesium_mgL": 1.8, "potassium_mgL": 0.7, "alkalinity_mgL": 52.0, "ammonia_mgL": null, "doc_mgL": null, "temp_C": 11.0, "aquifer_setting": "valley-fill aquifer: >100", "km_to_nearest_valley_aquifer": 0.0, "dec_basin": "Schoharie Creek * (w/I NY watershed)", "dec_permit_basin": "12-02*", "in_basic_creek_res_catchment": "no"}}, {"type": "Feature", "geometry": {"type": "Point", "coordinates": [-74.26, 42.305]}, "properties": {"site_id": "USGS_421818074153601", "zone": "Catskill Creek valley / Greene", "sid": 421818074153601, "km_from_ref": 25.2, "aquifer": "Devonian System", "yr": 1992, "first": "1992-09-02", "last": "1992-10-30", "n_results": 94, "n_chars": 46, "nitrate_mgL_N": 0.31, "chloride_mgL": 1000.0, "sodium_mgL": 630.0, "iron_ugL": 17.0, "manganese_ugL": 300.0, "arsenic_ugL": null, "radon_pCiL": null, "ra226_pCiL": null, "ra228_pCiL": null, "uranium_ugL": null, "barium_ugL": 1200.0, "fluoride_mgL": 0.6, "hardness_mgL": 109.0, "ph": 8.3, "spc_uScm": 3400.0, "methane_mgL": null, "tds_mgL": 133.0, "sulfate_mgL": 12.0, "strontium_ugL": 1100.0, "boron_ugL": 140.0, "lithium_ugL": 75.0, "calcium_mgL": 37.0, "magnesium_mgL": 5.8, "potassium_mgL": 1.0, "alkalinity_mgL": 107.0, "ammonia_mgL": 0.373, "doc_mgL": null, "temp_C": 8.5, "aquifer_setting": "valley-fill aquifer: >100", "km_to_nearest_valley_aquifer": 0.0, "dec_basin": "Schoharie Creek * (w/I NY watershed)", "dec_permit_basin": "12-02*", "in_basic_creek_res_catchment": "no"}}, {"type": "Feature", "geometry": {"type": "Point", "coordinates": [-74.263, 42.308]}, "properties": {"site_id": "USGS_421827074154701", "zone": "Catskill Creek valley / Greene", "sid": 421827074154701, "km_from_ref": 24.9, "aquifer": null, "yr": 1992, "first": "1992-01-08", "last": "1992-01-08", "n_results": 26, "n_chars": 23, "nitrate_mgL_N": null, "chloride_mgL": 16.0, "sodium_mgL": 7.9, "iron_ugL": 46.0, "manganese_ugL": 5.0, "arsenic_ugL": null, "radon_pCiL": null, "ra226_pCiL": null, "ra228_pCiL": null, "uranium_ugL": null, "barium_ugL": null, "fluoride_mgL": null, "hardness_mgL": 24.5, "ph": 6.2, "spc_uScm": 106.0, "methane_mgL": null, "tds_mgL": 56.0, "sulfate_mgL": 7.6, "strontium_ugL": null, "boron_ugL": 10.0, "lithium_ugL": null, "calcium_mgL": 6.5, "magnesium_mgL": 2.0, "potassium_mgL": 0.8, "alkalinity_mgL": 14.0, "ammonia_mgL": null, "doc_mgL": null, "temp_C": 9.0, "aquifer_setting": "valley-fill aquifer: >100", "km_to_nearest_valley_aquifer": 0.0, "dec_basin": "Schoharie Creek * (w/I NY watershed)", "dec_permit_basin": "12-02*", "in_basic_creek_res_catchment": "no"}}, {"type": "Feature", "geometry": {"type": "Point", "coordinates": [-73.893, 42.61]}, "properties": {"site_id": "USGS_423636073533406", "zone": "Albany lowland / Hudson", "sid": 423636073533406, "km_from_ref": 23.2, "aquifer": null, "yr": 1983, "first": "1983-11-09", "last": "1984-06-30", "n_results": 197, "n_chars": 17, "nitrate_mgL_N": 450.0, "chloride_mgL": 470.0, "sodium_mgL": 290.0, "iron_ugL": null, "manganese_ugL": null, "arsenic_ugL": null, "radon_pCiL": null, "ra226_pCiL": null, "ra228_pCiL": null, "uranium_ugL": null, "barium_ugL": null, "fluoride_mgL": null, "hardness_mgL": 3.22, "ph": 5.4, "spc_uScm": 14.0, "methane_mgL": null, "tds_mgL": null, "sulfate_mgL": 2130.0, "strontium_ugL": null, "boron_ugL": null, "lithium_ugL": null, "calcium_mgL": 300.0, "magnesium_mgL": 600.0, "potassium_mgL": 50.0, "alkalinity_mgL": null, "ammonia_mgL": 0.215, "doc_mgL": null, "temp_C": null, "aquifer_setting": "valley-fill aquifer: 10-100", "km_to_nearest_valley_aquifer": 0.0, "dec_basin": "Lower Hudson Main Stem", "dec_permit_basin": "13-01", "in_basic_creek_res_catchment": "no"}}, {"type": "Feature", "geometry": {"type": "Point", "coordinates": [-73.893, 42.61]}, "properties": {"site_id": "USGS_423636073533406", "zone": "Albany lowland / Hudson", "sid": 423636073533406, "km_from_ref": 23.2, "aquifer": null, "yr": 1984, "first": "1983-11-09", "last": "1984-06-30", "n_results": 197, "n_chars": 17, "nitrate_mgL_N": 830.0, "chloride_mgL": 1070.0, "sodium_mgL": 590.0, "iron_ugL": null, "manganese_ugL": null, "arsenic_ugL": null, "radon_pCiL": null, "ra226_pCiL": null, "ra228_pCiL": null, "uranium_ugL": null, "barium_ugL": null, "fluoride_mgL": 80.0, "hardness_mgL": 10.1, "ph": 7.2, "spc_uScm": 46.0, "methane_mgL": null, "tds_mgL": null, "sulfate_mgL": 7450.0, "strontium_ugL": null, "boron_ugL": null, "lithium_ugL": null, "calcium_mgL": 3400.0, "magnesium_mgL": 380.0, "potassium_mgL": 570.0, "alkalinity_mgL": null, "ammonia_mgL": 4.51, "doc_mgL": null, "temp_C": null, "aquifer_setting": "valley-fill aquifer: 10-100", "km_to_nearest_valley_aquifer": 0.0, "dec_basin": "Lower Hudson Main Stem", "dec_permit_basin": "13-01", "in_basic_creek_res_catchment": "no"}}, {"type": "Feature", "geometry": {"type": "Point", "coordinates": [-74.077, 42.646]}, "properties": {"site_id": "USGS_423847074043701", "zone": "Albany lowland / Hudson", "sid": 423847074043701, "km_from_ref": 15.6, "aquifer": null, "yr": 1994, "first": "1994-11-28", "last": "1994-11-28", "n_results": 204, "n_chars": 190, "nitrate_mgL_N": null, "chloride_mgL": 1.8, "sodium_mgL": 30.0, "iron_ugL": 360.0, "manganese_ugL": 380.0, "arsenic_ugL": null, "radon_pCiL": 1400.0, "ra226_pCiL": null, "ra228_pCiL": null, "uranium_ugL": null, "barium_ugL": null, "fluoride_mgL": 0.1, "hardness_mgL": 264.0, "ph": 7.5, "spc_uScm": 619.0, "methane_mgL": null, "tds_mgL": 381.0, "sulfate_mgL": 110.0, "strontium_ugL": null, "boron_ugL": null, "lithium_ugL": null, "calcium_mgL": 71.0, "magnesium_mgL": 21.0, "potassium_mgL": 1.1, "alkalinity_mgL": 214.0, "ammonia_mgL": 0.979, "doc_mgL": 0.4, "temp_C": 8.6, "aquifer_setting": "bedrock (outside mapped unconsolidated aquifer)", "km_to_nearest_valley_aquifer": 5.41, "dec_basin": "Schoharie Creek *", "dec_permit_basin": "12-02", "in_basic_creek_res_catchment": "no"}}, {"type": "Feature", "geometry": {"type": "Point", "coordinates": [-74.267, 42.308]}, "properties": {"site_id": "USGS_421827074160102", "zone": "Catskill Creek valley / Greene", "sid": 421827074160102, "km_from_ref": 25.1, "aquifer": null, "yr": 1992, "first": "1992-08-19", "last": "1992-08-19", "n_results": 106, "n_chars": 46, "nitrate_mgL_N": 1.68, "chloride_mgL": 13000.0, "sodium_mgL": 6600.0, "iron_ugL": 4300.0, "manganese_ugL": 1400.0, "arsenic_ugL": null, "radon_pCiL": null, "ra226_pCiL": null, "ra228_pCiL": null, "uranium_ugL": null, "barium_ugL": 73000.0, "fluoride_mgL": 1.4, "hardness_mgL": 3010.0, "ph": 7.2, "spc_uScm": 35000.0, "methane_mgL": null, "tds_mgL": 81.0, "sulfate_mgL": 11.0, "strontium_ugL": 53000.0, "boron_ugL": 470.0, "lithium_ugL": 1200.0, "calcium_mgL": 1000.0, "magnesium_mgL": 96.0, "potassium_mgL": 9.1, "alkalinity_mgL": 50.0, "ammonia_mgL": 3.61, "doc_mgL": null, "temp_C": 11.8, "aquifer_setting": "valley-fill aquifer: >100", "km_to_nearest_valley_aquifer": 0.0, "dec_basin": "Schoharie Creek * (w/I NY watershed)", "dec_permit_basin": "12-02*", "in_basic_creek_res_catchment": "no"}}, {"type": "Feature", "geometry": {"type": "Point", "coordinates": [-74.267, 42.308]}, "properties": {"site_id": "USGS_421827074160103", "zone": "Catskill Creek valley / Greene", "sid": 421827074160103, "km_from_ref": 25.1, "aquifer": null, "yr": 1992, "first": "1992-07-29", "last": "1992-07-29", "n_results": 39, "n_chars": 31, "nitrate_mgL_N": 4.43, "chloride_mgL": 3.6, "sodium_mgL": 4.8, "iron_ugL": 10.0, "manganese_ugL": 16.0, "arsenic_ugL": null, "radon_pCiL": null, "ra226_pCiL": null, "ra228_pCiL": null, "uranium_ugL": null, "barium_ugL": null, "fluoride_mgL": null, "hardness_mgL": 40.2, "ph": 6.8, "spc_uScm": 108.0, "methane_mgL": null, "tds_mgL": 67.0, "sulfate_mgL": 8.6, "strontium_ugL": null, "boron_ugL": null, "lithium_ugL": null, "calcium_mgL": 10.0, "magnesium_mgL": 3.7, "potassium_mgL": 0.4, "alkalinity_mgL": 36.0, "ammonia_mgL": 0.013, "doc_mgL": null, "temp_C": 10.1, "aquifer_setting": "valley-fill aquifer: >100", "km_to_nearest_valley_aquifer": 0.0, "dec_basin": "Schoharie Creek * (w/I NY watershed)", "dec_permit_basin": "12-02*", "in_basic_creek_res_catchment": "no"}}, {"type": "Feature", "geometry": {"type": "Point", "coordinates": [-74.267, 42.307]}, "properties": {"site_id": "USGS_421826074160001", "zone": "Catskill Creek valley / Greene", "sid": 421826074160001, "km_from_ref": 25.2, "aquifer": null, "yr": 1992, "first": "1992-08-18", "last": "1992-08-18", "n_results": 76, "n_chars": 31, "nitrate_mgL_N": null, "chloride_mgL": 58.0, "sodium_mgL": 64.0, "iron_ugL": 23.0, "manganese_ugL": 26.0, "arsenic_ugL": null, "radon_pCiL": null, "ra226_pCiL": null, "ra228_pCiL": null, "uranium_ugL": null, "barium_ugL": null, "fluoride_mgL": 0.3, "hardness_mgL": 14.8, "ph": 8.6, "spc_uScm": 337.0, "methane_mgL": null, "tds_mgL": 190.0, "sulfate_mgL": 14.0, "strontium_ugL": null, "boron_ugL": 60.0, "lithium_ugL": null, "calcium_mgL": 4.9, "magnesium_mgL": 0.62, "potassium_mgL": 0.2, "alkalinity_mgL": 68.0, "ammonia_mgL": 0.052, "doc_mgL": null, "temp_C": 10.3, "aquifer_setting": "valley-fill aquifer: >100", "km_to_nearest_valley_aquifer": 0.0, "dec_basin": "Schoharie Creek * (w/I NY watershed)", "dec_permit_basin": "12-02*", "in_basic_creek_res_catchment": "no"}}, {"type": "Feature", "geometry": {"type": "Point", "coordinates": [-74.263, 42.303]}, "properties": {"site_id": "USGS_421812074154601", "zone": "Catskill Creek valley / Greene", "sid": 421812074154601, "km_from_ref": 25.5, "aquifer": null, "yr": 1992, "first": "1992-08-31", "last": "1992-08-31", "n_results": 39, "n_chars": 31, "nitrate_mgL_N": 3.76, "chloride_mgL": 63.0, "sodium_mgL": 22.0, "iron_ugL": 4.0, "manganese_ugL": 6.0, "arsenic_ugL": null, "radon_pCiL": null, "ra226_pCiL": null, "ra228_pCiL": null, "uranium_ugL": null, "barium_ugL": null, "fluoride_mgL": null, "hardness_mgL": 68.4, "ph": 6.1, "spc_uScm": 273.0, "methane_mgL": null, "tds_mgL": 143.0, "sulfate_mgL": 17.0, "strontium_ugL": null, "boron_ugL": null, "lithium_ugL": null, "calcium_mgL": 17.0, "magnesium_mgL": 6.3, "potassium_mgL": 0.9, "alkalinity_mgL": 13.0, "ammonia_mgL": 0.039, "doc_mgL": null, "temp_C": 8.5, "aquifer_setting": "valley-fill aquifer: 10-100", "km_to_nearest_valley_aquifer": 0.0, "dec_basin": "Schoharie Creek * (w/I NY watershed)", "dec_permit_basin": "12-02*", "in_basic_creek_res_catchment": "no"}}, {"type": "Feature", "geometry": {"type": "Point", "coordinates": [-74.27, 42.303]}, "properties": {"site_id": "USGS_421810074161201", "zone": "Catskill Creek valley / Greene", "sid": 421810074161201, "km_from_ref": 25.7, "aquifer": "Pleistocene Series", "yr": 1992, "first": "1992-10-13", "last": "1992-10-13", "n_results": 80, "n_chars": 32, "nitrate_mgL_N": 2.21, "chloride_mgL": 38.0, "sodium_mgL": 12.0, "iron_ugL": 37.0, "manganese_ugL": 7.0, "arsenic_ugL": null, "radon_pCiL": null, "ra226_pCiL": null, "ra228_pCiL": null, "uranium_ugL": null, "barium_ugL": null, "fluoride_mgL": null, "hardness_mgL": 51.0, "ph": 6.2, "spc_uScm": 184.0, "methane_mgL": null, "tds_mgL": 94.0, "sulfate_mgL": 9.5, "strontium_ugL": null, "boron_ugL": null, "lithium_ugL": null, "calcium_mgL": 13.0, "magnesium_mgL": 4.5, "potassium_mgL": 0.6, "alkalinity_mgL": 14.0, "ammonia_mgL": 0.026, "doc_mgL": null, "temp_C": 7.1, "aquifer_setting": "valley-fill aquifer: >100", "km_to_nearest_valley_aquifer": 0.0, "dec_basin": "Schoharie Creek * (w/I NY watershed)", "dec_permit_basin": "12-02*", "in_basic_creek_res_catchment": "no"}}, {"type": "Feature", "geometry": {"type": "Point", "coordinates": [-74.272, 42.305]}, "properties": {"site_id": "USGS_421817074162001", "zone": "Catskill Creek valley / Greene", "sid": 421817074162001, "km_from_ref": 25.5, "aquifer": "Devonian System", "yr": 1992, "first": "1992-08-12", "last": "1992-08-12", "n_results": 41, "n_chars": 32, "nitrate_mgL_N": 1.42, "chloride_mgL": 34.0, "sodium_mgL": 25.0, "iron_ugL": 9.0, "manganese_ugL": 10.0, "arsenic_ugL": null, "radon_pCiL": null, "ra226_pCiL": null, "ra228_pCiL": null, "uranium_ugL": null, "barium_ugL": null, "fluoride_mgL": null, "hardness_mgL": 46.5, "ph": 6.7, "spc_uScm": 219.0, "methane_mgL": null, "tds_mgL": 125.0, "sulfate_mgL": 13.0, "strontium_ugL": null, "boron_ugL": 20.0, "lithium_ugL": null, "calcium_mgL": 13.0, "magnesium_mgL": 3.4, "potassium_mgL": 0.9, "alkalinity_mgL": 43.0, "ammonia_mgL": 0.039, "doc_mgL": null, "temp_C": 10.0, "aquifer_setting": "valley-fill aquifer: >100", "km_to_nearest_valley_aquifer": 0.0, "dec_basin": "Schoharie Creek * (w/I NY watershed)", "dec_permit_basin": "12-02*", "in_basic_creek_res_catchment": "no"}}, {"type": "Feature", "geometry": {"type": "Point", "coordinates": [-74.107, 42.651]}, "properties": {"site_id": "USGS_423902074062501", "zone": "Albany lowland / Hudson", "sid": 423902074062501, "km_from_ref": 15.4, "aquifer": null, "yr": 2021, "first": "2021-08-26", "last": "2021-08-26", "n_results": 272, "n_chars": 258, "nitrate_mgL_N": 0.659, "chloride_mgL": 22.2, "sodium_mgL": 17.9, "iron_ugL": 97.9, "manganese_ugL": 7.3, "arsenic_ugL": 0.1, "radon_pCiL": 430.0, "ra226_pCiL": null, "ra228_pCiL": null, "uranium_ugL": 0.853, "barium_ugL": 95.5, "fluoride_mgL": 0.1, "hardness_mgL": 252.0, "ph": 7.7, "spc_uScm": 543.0, "methane_mgL": null, "tds_mgL": 303.0, "sulfate_mgL": 16.8, "strontium_ugL": 586.0, "boron_ugL": 41.0, "lithium_ugL": 34.3, "calcium_mgL": 75.2, "magnesium_mgL": 15.6, "potassium_mgL": 1.1, "alkalinity_mgL": 242.0, "ammonia_mgL": null, "doc_mgL": 1.8, "temp_C": 18.2, "aquifer_setting": "bedrock (outside mapped unconsolidated aquifer)", "km_to_nearest_valley_aquifer": 3.38, "dec_basin": "Schoharie Creek *", "dec_permit_basin": "12-02", "in_basic_creek_res_catchment": "no"}}, {"type": "Feature", "geometry": {"type": "Point", "coordinates": [-74.275, 42.301]}, "properties": {"site_id": "USGS_421805074163001", "zone": "Catskill Creek valley / Greene", "sid": 421805074163001, "km_from_ref": 26.1, "aquifer": null, "yr": 1992, "first": "1992-08-20", "last": "1992-08-20", "n_results": 55, "n_chars": 46, "nitrate_mgL_N": null, "chloride_mgL": 310.0, "sodium_mgL": 290.0, "iron_ugL": 14.0, "manganese_ugL": 47.0, "arsenic_ugL": null, "radon_pCiL": null, "ra226_pCiL": null, "ra228_pCiL": null, "uranium_ugL": null, "barium_ugL": 37.0, "fluoride_mgL": 1.8, "hardness_mgL": 11.3, "ph": 8.8, "spc_uScm": 1410.0, "methane_mgL": null, "tds_mgL": null, "sulfate_mgL": null, "strontium_ugL": 90.0, "boron_ugL": 350.0, "lithium_ugL": 25.0, "calcium_mgL": 3.6, "magnesium_mgL": 0.52, "potassium_mgL": 0.5, "alkalinity_mgL": 206.0, "ammonia_mgL": 0.026, "doc_mgL": null, "temp_C": 10.4, "aquifer_setting": "valley-fill aquifer: 10-100", "km_to_nearest_valley_aquifer": 0.0, "dec_basin": "Schoharie Creek * (w/I NY watershed)", "dec_permit_basin": "12-02*", "in_basic_creek_res_catchment": "no"}}, {"type": "Feature", "geometry": {"type": "Point", "coordinates": [-73.825, 42.586]}, "properties": {"site_id": "USGS_423511073493101", "zone": "Albany lowland / Hudson", "sid": 423511073493101, "km_from_ref": 27.4, "aquifer": null, "yr": 2006, "first": "2006-06-20", "last": "2006-06-20", "n_results": 242, "n_chars": 231, "nitrate_mgL_N": null, "chloride_mgL": 1.95, "sodium_mgL": 33.9, "iron_ugL": 197.0, "manganese_ugL": 23.3, "arsenic_ugL": null, "radon_pCiL": 50.0, "ra226_pCiL": 0.51, "ra228_pCiL": 0.81, "uranium_ugL": null, "barium_ugL": 541.0, "fluoride_mgL": 0.26, "hardness_mgL": 128.0, "ph": 8.0, "spc_uScm": 373.0, "methane_mgL": null, "tds_mgL": 227.0, "sulfate_mgL": 21.8, "strontium_ugL": 1130.0, "boron_ugL": 46.0, "lithium_ugL": 41.9, "calcium_mgL": 32.2, "magnesium_mgL": 11.0, "potassium_mgL": 1.37, "alkalinity_mgL": 178.0, "ammonia_mgL": 0.265, "doc_mgL": 0.48, "temp_C": 12.0, "aquifer_setting": "valley-fill aquifer: 10-100", "km_to_nearest_valley_aquifer": 0.0, "dec_basin": "Lower Hudson Main Stem", "dec_permit_basin": "13-01", "in_basic_creek_res_catchment": "no"}}, {"type": "Feature", "geometry": {"type": "Point", "coordinates": [-73.936, 42.649]}, "properties": {"site_id": "USGS_423856073560900", "zone": "Albany lowland / Hudson", "sid": 423856073560900, "km_from_ref": 22.7, "aquifer": null, "yr": 1973, "first": "1973-08-07", "last": "1975-09-03", "n_results": 69, "n_chars": 35, "nitrate_mgL_N": 3.3, "chloride_mgL": 51.0, "sodium_mgL": 24.0, "iron_ugL": 470.0, "manganese_ugL": 60.0, "arsenic_ugL": null, "radon_pCiL": null, "ra226_pCiL": null, "ra228_pCiL": null, "uranium_ugL": null, "barium_ugL": null, "fluoride_mgL": 0.1, "hardness_mgL": 240.0, "ph": 8.1, "spc_uScm": 544.0, "methane_mgL": null, "tds_mgL": 315.0, "sulfate_mgL": 36.0, "strontium_ugL": null, "boron_ugL": null, "lithium_ugL": null, "calcium_mgL": 75.0, "magnesium_mgL": 13.0, "potassium_mgL": 1.4, "alkalinity_mgL": 172.0, "ammonia_mgL": null, "doc_mgL": null, "temp_C": 22.0, "aquifer_setting": "bedrock (outside mapped unconsolidated aquifer)", "km_to_nearest_valley_aquifer": 0.05, "dec_basin": "Normanskill Creek", "dec_permit_basin": "13-11", "in_basic_creek_res_catchment": "no"}}, {"type": "Feature", "geometry": {"type": "Point", "coordinates": [-73.936, 42.649]}, "properties": {"site_id": "USGS_423856073560900", "zone": "Albany lowland / Hudson", "sid": 423856073560900, "km_from_ref": 22.7, "aquifer": null, "yr": 1975, "first": "1973-08-07", "last": "1975-09-03", "n_results": 69, "n_chars": 35, "nitrate_mgL_N": 0.63, "chloride_mgL": 45.0, "sodium_mgL": 21.0, "iron_ugL": null, "manganese_ugL": null, "arsenic_ugL": null, "radon_pCiL": null, "ra226_pCiL": null, "ra228_pCiL": null, "uranium_ugL": null, "barium_ugL": null, "fluoride_mgL": null, "hardness_mgL": 240.0, "ph": 7.8, "spc_uScm": 493.0, "methane_mgL": null, "tds_mgL": 304.0, "sulfate_mgL": 37.0, "strontium_ugL": null, "boron_ugL": null, "lithium_ugL": null, "calcium_mgL": 76.0, "magnesium_mgL": 12.0, "potassium_mgL": 1.2, "alkalinity_mgL": 171.0, "ammonia_mgL": null, "doc_mgL": null, "temp_C": 15.5, "aquifer_setting": "bedrock (outside mapped unconsolidated aquifer)", "km_to_nearest_valley_aquifer": 0.05, "dec_basin": "Normanskill Creek", "dec_permit_basin": "13-11", "in_basic_creek_res_catchment": "no"}}, {"type": "Feature", "geometry": {"type": "Point", "coordinates": [-73.936, 42.649]}, "properties": {"site_id": "USGS_423856073560901", "zone": "Albany lowland / Hudson", "sid": 423856073560901, "km_from_ref": 22.7, "aquifer": null, "yr": 1977, "first": "1977-09-07", "last": "1977-09-07", "n_results": 8, "n_chars": 6, "nitrate_mgL_N": null, "chloride_mgL": null, "sodium_mgL": null, "iron_ugL": null, "manganese_ugL": null, "arsenic_ugL": null, "radon_pCiL": null, "ra226_pCiL": null, "ra228_pCiL": null, "uranium_ugL": null, "barium_ugL": null, "fluoride_mgL": null, "hardness_mgL": null, "ph": 7.2, "spc_uScm": 530.0, "methane_mgL": null, "tds_mgL": null, "sulfate_mgL": null, "strontium_ugL": null, "boron_ugL": null, "lithium_ugL": null, "calcium_mgL": null, "magnesium_mgL": null, "potassium_mgL": null, "alkalinity_mgL": null, "ammonia_mgL": null, "doc_mgL": null, "temp_C": null, "aquifer_setting": "bedrock (outside mapped unconsolidated aquifer)", "km_to_nearest_valley_aquifer": 0.05, "dec_basin": "Normanskill Creek", "dec_permit_basin": "13-11", "in_basic_creek_res_catchment": "no"}}, {"type": "Feature", "geometry": {"type": "Point", "coordinates": [-74.288, 42.585]}, "properties": {"site_id": "USGS_423507074171701", "zone": "Albany lowland / Hudson", "sid": 423507074171701, "km_from_ref": 14.1, "aquifer": null, "yr": 2006, "first": "2006-08-08", "last": "2006-10-16", "n_results": 264, "n_chars": 235, "nitrate_mgL_N": null, "chloride_mgL": 235.0, "sodium_mgL": 247.0, "iron_ugL": 505.0, "manganese_ugL": 97.6, "arsenic_ugL": 0.14, "radon_pCiL": 80.0, "ra226_pCiL": null, "ra228_pCiL": null, "uranium_ugL": 0.201, "barium_ugL": 147.0, "fluoride_mgL": 0.67, "hardness_mgL": 70.7, "ph": 8.1, "spc_uScm": 1320.0, "methane_mgL": null, "tds_mgL": 736.0, "sulfate_mgL": 1.78, "strontium_ugL": 417.0, "boron_ugL": 399.0, "lithium_ugL": 608.0, "calcium_mgL": 21.4, "magnesium_mgL": 4.15, "potassium_mgL": 0.84, "alkalinity_mgL": 309.0, "ammonia_mgL": 0.447, "doc_mgL": null, "temp_C": 10.9, "aquifer_setting": "valley-fill aquifer: >100", "km_to_nearest_valley_aquifer": 0.0, "dec_basin": "Schoharie Creek *", "dec_permit_basin": "12-02", "in_basic_creek_res_catchment": "no"}}, {"type": "Feature", "geometry": {"type": "Point", "coordinates": [-73.928, 42.652]}, "properties": {"site_id": "USGS_423906073554200", "zone": "Albany lowland / Hudson", "sid": 423906073554200, "km_from_ref": 23.4, "aquifer": null, "yr": 1971, "first": "1971-12-03", "last": "1971-12-03", "n_results": 54, "n_chars": 53, "nitrate_mgL_N": 3.1, "chloride_mgL": 75.0, "sodium_mgL": 36.0, "iron_ugL": 50.0, "manganese_ugL": 10.0, "arsenic_ugL": 0.0, "radon_pCiL": null, "ra226_pCiL": null, "ra228_pCiL": null, "uranium_ugL": null, "barium_ugL": null, "fluoride_mgL": 0.2, "hardness_mgL": 320.0, "ph": 7.7, "spc_uScm": 753.0, "methane_mgL": null, "tds_mgL": 427.0, "sulfate_mgL": 69.0, "strontium_ugL": 270.0, "boron_ugL": 110.0, "lithium_ugL": 10.0, "calcium_mgL": 97.0, "magnesium_mgL": 19.0, "potassium_mgL": 1.8, "alkalinity_mgL": 202.0, "ammonia_mgL": null, "doc_mgL": null, "temp_C": null, "aquifer_setting": "bedrock (outside mapped unconsolidated aquifer)", "km_to_nearest_valley_aquifer": 0.31, "dec_basin": "Normanskill Creek", "dec_permit_basin": "13-11", "in_basic_creek_res_catchment": "no"}}, {"type": "Feature", "geometry": {"type": "Point", "coordinates": [-73.914, 42.648]}, "properties": {"site_id": "USGS_423851073545201", "zone": "Albany lowland / Hudson", "sid": 423851073545201, "km_from_ref": 24.0, "aquifer": null, "yr": 1994, "first": "1994-11-16", "last": "1994-11-16", "n_results": 206, "n_chars": 192, "nitrate_mgL_N": 14.1, "chloride_mgL": 200.0, "sodium_mgL": 67.0, "iron_ugL": 89.0, "manganese_ugL": 180.0, "arsenic_ugL": null, "radon_pCiL": 90.0, "ra226_pCiL": null, "ra228_pCiL": null, "uranium_ugL": null, "barium_ugL": null, "fluoride_mgL": null, "hardness_mgL": 490.0, "ph": 7.4, "spc_uScm": 1330.0, "methane_mgL": null, "tds_mgL": 722.0, "sulfate_mgL": 69.0, "strontium_ugL": null, "boron_ugL": null, "lithium_ugL": null, "calcium_mgL": 140.0, "magnesium_mgL": 34.0, "potassium_mgL": 1.6, "alkalinity_mgL": 306.0, "ammonia_mgL": null, "doc_mgL": 0.4, "temp_C": 10.6, "aquifer_setting": "bedrock (outside mapped unconsolidated aquifer)", "km_to_nearest_valley_aquifer": 0.32, "dec_basin": "Normanskill Creek", "dec_permit_basin": "13-11", "in_basic_creek_res_catchment": "no"}}, {"type": "Feature", "geometry": {"type": "Point", "coordinates": [-73.913, 42.649]}, "properties": {"site_id": "USGS_423855073544601", "zone": "Albany lowland / Hudson", "sid": 423855073544601, "km_from_ref": 24.1, "aquifer": null, "yr": 2013, "first": "2013-07-10", "last": "2013-07-10", "n_results": 183, "n_chars": 162, "nitrate_mgL_N": 0.167, "chloride_mgL": 37.1, "sodium_mgL": 17.5, "iron_ugL": 212.0, "manganese_ugL": 122.0, "arsenic_ugL": 2.6, "radon_pCiL": 32.0, "ra226_pCiL": null, "ra228_pCiL": null, "uranium_ugL": 0.601, "barium_ugL": 32.4, "fluoride_mgL": 0.08, "hardness_mgL": 423.0, "ph": 7.5, "spc_uScm": 788.0, "methane_mgL": 0.002, "tds_mgL": 466.0, "sulfate_mgL": 57.9, "strontium_ugL": 340.0, "boron_ugL": 12.0, "lithium_ugL": 15.0, "calcium_mgL": 119.0, "magnesium_mgL": 30.3, "potassium_mgL": 1.02, "alkalinity_mgL": 325.0, "ammonia_mgL": 0.017, "doc_mgL": null, "temp_C": 11.1, "aquifer_setting": "bedrock (outside mapped unconsolidated aquifer)", "km_to_nearest_valley_aquifer": 0.34, "dec_basin": "Normanskill Creek", "dec_permit_basin": "13-11", "in_basic_creek_res_catchment": "no"}}, {"type": "Feature", "geometry": {"type": "Point", "coordinates": [-73.927, 42.655]}, "properties": {"site_id": "USGS_423919073553801", "zone": "Albany lowland / Hudson", "sid": 423919073553801, "km_from_ref": 23.7, "aquifer": null, "yr": 2018, "first": "1999-08-02", "last": "2018-07-31", "n_results": 547, "n_chars": 419, "nitrate_mgL_N": 23.0, "chloride_mgL": 233.0, "sodium_mgL": 126.0, "iron_ugL": null, "manganese_ugL": null, "arsenic_ugL": 0.1, "radon_pCiL": 400.0, "ra226_pCiL": null, "ra228_pCiL": null, "uranium_ugL": 0.269, "barium_ugL": 55.4, "fluoride_mgL": 0.06, "hardness_mgL": 380.0, "ph": 7.7, "spc_uScm": 1330.0, "methane_mgL": null, "tds_mgL": 771.0, "sulfate_mgL": 49.7, "strontium_ugL": 455.0, "boron_ugL": 68.0, "lithium_ugL": 10.2, "calcium_mgL": 115.0, "magnesium_mgL": 22.7, "potassium_mgL": 2.69, "alkalinity_mgL": 250.0, "ammonia_mgL": null, "doc_mgL": 0.9, "temp_C": 10.9, "aquifer_setting": "bedrock (outside mapped unconsolidated aquifer)", "km_to_nearest_valley_aquifer": 0.08, "dec_basin": "Normanskill Creek", "dec_permit_basin": "13-11", "in_basic_creek_res_catchment": "no"}}, {"type": "Feature", "geometry": {"type": "Point", "coordinates": [-74.302, 42.296]}, "properties": {"site_id": "USGS_421745074180601", "zone": "Catskill Creek valley / Greene", "sid": 421745074180601, "km_from_ref": 27.5, "aquifer": null, "yr": 1991, "first": "1991-08-22", "last": "1991-08-22", "n_results": 25, "n_chars": 22, "nitrate_mgL_N": null, "chloride_mgL": 17.0, "sodium_mgL": 7.5, "iron_ugL": 130.0, "manganese_ugL": 4.0, "arsenic_ugL": null, "radon_pCiL": null, "ra226_pCiL": null, "ra228_pCiL": null, "uranium_ugL": null, "barium_ugL": null, "fluoride_mgL": null, "hardness_mgL": 40.6, "ph": 6.3, "spc_uScm": 130.0, "methane_mgL": null, "tds_mgL": 75.0, "sulfate_mgL": 13.0, "strontium_ugL": null, "boron_ugL": 10.0, "lithium_ugL": null, "calcium_mgL": 10.0, "magnesium_mgL": 3.8, "potassium_mgL": 1.1, "alkalinity_mgL": 26.0, "ammonia_mgL": null, "doc_mgL": null, "temp_C": 10.2, "aquifer_setting": "valley-fill aquifer: >100", "km_to_nearest_valley_aquifer": 0.0, "dec_basin": "Schoharie Creek * (w/I NY watershed)", "dec_permit_basin": "12-02*", "in_basic_creek_res_catchment": "no"}}, {"type": "Feature", "geometry": {"type": "Point", "coordinates": [-74.302, 42.295]}, "properties": {"site_id": "USGS_421741074180601", "zone": "Catskill Creek valley / Greene", "sid": 421741074180601, "km_from_ref": 27.6, "aquifer": "Pleistocene Series", "yr": 1992, "first": "1992-08-13", "last": "1992-08-13", "n_results": 37, "n_chars": 30, "nitrate_mgL_N": 0.531, "chloride_mgL": 62.0, "sodium_mgL": 36.0, "iron_ugL": 87.0, "manganese_ugL": 150.0, "arsenic_ugL": null, "radon_pCiL": null, "ra226_pCiL": null, "ra228_pCiL": null, "uranium_ugL": null, "barium_ugL": null, "fluoride_mgL": null, "hardness_mgL": 26.3, "ph": 6.1, "spc_uScm": 252.0, "methane_mgL": null, "tds_mgL": 131.0, "sulfate_mgL": 8.0, "strontium_ugL": null, "boron_ugL": null, "lithium_ugL": null, "calcium_mgL": 7.9, "magnesium_mgL": 1.6, "potassium_mgL": 0.7, "alkalinity_mgL": 16.0, "ammonia_mgL": 0.116, "doc_mgL": null, "temp_C": 12.8, "aquifer_setting": "valley-fill aquifer: >100", "km_to_nearest_valley_aquifer": 0.0, "dec_basin": "Schoharie Creek * (w/I NY watershed)", "dec_permit_basin": "12-02*", "in_basic_creek_res_catchment": "no"}}, {"type": "Feature", "geometry": {"type": "Point", "coordinates": [-73.9, 42.65]}, "properties": {"site_id": "USGS_423900073540000", "zone": "Albany lowland / Hudson", "sid": 423900073540000, "km_from_ref": 25.0, "aquifer": null, "yr": 1972, "first": "1972-06-07", "last": "1972-06-07", "n_results": 53, "n_chars": 52, "nitrate_mgL_N": 0.1, "chloride_mgL": 15.0, "sodium_mgL": 36.0, "iron_ugL": 20.0, "manganese_ugL": null, "arsenic_ugL": 2.0, "radon_pCiL": null, "ra226_pCiL": null, "ra228_pCiL": null, "uranium_ugL": null, "barium_ugL": null, "fluoride_mgL": 0.1, "hardness_mgL": 67.0, "ph": 8.4, "spc_uScm": 297.0, "methane_mgL": null, "tds_mgL": 166.0, "sulfate_mgL": 32.0, "strontium_ugL": 100.0, "boron_ugL": null, "lithium_ugL": null, "calcium_mgL": 22.0, "magnesium_mgL": 2.9, "potassium_mgL": 0.9, "alkalinity_mgL": 93.0, "ammonia_mgL": null, "doc_mgL": null, "temp_C": null, "aquifer_setting": "valley-fill aquifer: 10-100", "km_to_nearest_valley_aquifer": 0.0, "dec_basin": "Normanskill Creek", "dec_permit_basin": "13-11", "in_basic_creek_res_catchment": "no"}}, {"type": "Feature", "geometry": {"type": "Point", "coordinates": [-74.129, 42.674]}, "properties": {"site_id": "USGS_424025074074501", "zone": "Albany lowland / Hudson", "sid": 424025074074501, "km_from_ref": 17.7, "aquifer": null, "yr": 1967, "first": "1967-03-27", "last": "1967-03-27", "n_results": 30, "n_chars": 27, "nitrate_mgL_N": 3.2, "chloride_mgL": 8.3, "sodium_mgL": 3.5, "iron_ugL": 20.0, "manganese_ugL": 20.0, "arsenic_ugL": null, "radon_pCiL": null, "ra226_pCiL": null, "ra228_pCiL": null, "uranium_ugL": null, "barium_ugL": null, "fluoride_mgL": 0.2, "hardness_mgL": 96.0, "ph": 7.3, "spc_uScm": 221.0, "methane_mgL": null, "tds_mgL": 127.0, "sulfate_mgL": 22.0, "strontium_ugL": null, "boron_ugL": null, "lithium_ugL": null, "calcium_mgL": 33.0, "magnesium_mgL": 3.4, "potassium_mgL": 0.8, "alkalinity_mgL": 72.0, "ammonia_mgL": null, "doc_mgL": null, "temp_C": null, "aquifer_setting": "bedrock (outside mapped unconsolidated aquifer)", "km_to_nearest_valley_aquifer": 1.9, "dec_basin": "Schoharie Creek *", "dec_permit_basin": "12-02", "in_basic_creek_res_catchment": "no"}}, {"type": "Feature", "geometry": {"type": "Point", "coordinates": [-74.019, 42.685]}, "properties": {"site_id": "USGS_424106074010701", "zone": "Albany lowland / Hudson", "sid": 424106074010701, "km_from_ref": 21.5, "aquifer": null, "yr": 2008, "first": "2008-08-05", "last": "2008-08-05", "n_results": 259, "n_chars": 241, "nitrate_mgL_N": null, "chloride_mgL": 42.6, "sodium_mgL": 26.6, "iron_ugL": 85.3, "manganese_ugL": 271.0, "arsenic_ugL": 1.6, "radon_pCiL": 52.0, "ra226_pCiL": null, "ra228_pCiL": null, "uranium_ugL": 0.582, "barium_ugL": 30.6, "fluoride_mgL": 0.11, "hardness_mgL": 213.0, "ph": 7.7, "spc_uScm": 577.0, "methane_mgL": null, "tds_mgL": 335.0, "sulfate_mgL": 43.6, "strontium_ugL": 259.0, "boron_ugL": 15.0, "lithium_ugL": 6.26, "calcium_mgL": 66.0, "magnesium_mgL": 11.7, "potassium_mgL": 1.08, "alkalinity_mgL": 181.0, "ammonia_mgL": 0.026, "doc_mgL": 1.1, "temp_C": 10.6, "aquifer_setting": "bedrock (outside mapped unconsolidated aquifer)", "km_to_nearest_valley_aquifer": 0.09, "dec_basin": "Normanskill Creek", "dec_permit_basin": "13-11", "in_basic_creek_res_catchment": "no"}}, {"type": "Feature", "geometry": {"type": "Point", "coordinates": [-74.321, 42.589]}, "properties": {"site_id": "USGS_423519074191600", "zone": "Albany lowland / Hudson", "sid": 423519074191600, "km_from_ref": 16.6, "aquifer": null, "yr": 1974, "first": "1974-06-26", "last": "1975-03-26", "n_results": 276, "n_chars": 80, "nitrate_mgL_N": 0.11, "chloride_mgL": 6.3, "sodium_mgL": 5.1, "iron_ugL": 600.0, "manganese_ugL": 120.0, "arsenic_ugL": 1.0, "radon_pCiL": null, "ra226_pCiL": null, "ra228_pCiL": null, "uranium_ugL": null, "barium_ugL": null, "fluoride_mgL": 0.1, "hardness_mgL": 53.0, "ph": 7.8, "spc_uScm": 150.0, "methane_mgL": null, "tds_mgL": 96.0, "sulfate_mgL": 13.0, "strontium_ugL": 60.0, "boron_ugL": 10.0, "lithium_ugL": null, "calcium_mgL": 20.0, "magnesium_mgL": 2.9, "potassium_mgL": 1.5, "alkalinity_mgL": 50.0, "ammonia_mgL": null, "doc_mgL": 6.6, "temp_C": null, "aquifer_setting": "valley-fill aquifer: >100", "km_to_nearest_valley_aquifer": 0.0, "dec_basin": "Schoharie Creek *", "dec_permit_basin": "12-02", "in_basic_creek_res_catchment": "no"}}, {"type": "Feature", "geometry": {"type": "Point", "coordinates": [-74.321, 42.589]}, "properties": {"site_id": "USGS_423519074191600", "zone": "Albany lowland / Hudson", "sid": 423519074191600, "km_from_ref": 16.6, "aquifer": null, "yr": 1975, "first": "1974-06-26", "last": "1975-03-26", "n_results": 276, "n_chars": 80, "nitrate_mgL_N": 0.16, "chloride_mgL": 6.8, "sodium_mgL": 3.6, "iron_ugL": 900.0, "manganese_ugL": 20.0, "arsenic_ugL": 2.0, "radon_pCiL": null, "ra226_pCiL": null, "ra228_pCiL": null, "uranium_ugL": null, "barium_ugL": null, "fluoride_mgL": 0.1, "hardness_mgL": 32.0, "ph": 7.1, "spc_uScm": 89.0, "methane_mgL": null, "tds_mgL": 52.0, "sulfate_mgL": 12.0, "strontium_ugL": 30.0, "boron_ugL": null, "lithium_ugL": null, "calcium_mgL": 11.0, "magnesium_mgL": 1.1, "potassium_mgL": 0.6, "alkalinity_mgL": 20.0, "ammonia_mgL": null, "doc_mgL": null, "temp_C": null, "aquifer_setting": "valley-fill aquifer: >100", "km_to_nearest_valley_aquifer": 0.0, "dec_basin": "Schoharie Creek *", "dec_permit_basin": "12-02", "in_basic_creek_res_catchment": "no"}}, {"type": "Feature", "geometry": {"type": "Point", "coordinates": [-74.135, 42.196]}, "properties": {"site_id": "USGS_421145074080500", "zone": "Catskill Creek valley / Greene", "sid": 421145074080500, "km_from_ref": 35.5, "aquifer": null, "yr": 1971, "first": "1971-11-30", "last": "1971-11-30", "n_results": 54, "n_chars": 53, "nitrate_mgL_N": 0.1, "chloride_mgL": 0.5, "sodium_mgL": 0.8, "iron_ugL": 280.0, "manganese_ugL": 50.0, "arsenic_ugL": 4.0, "radon_pCiL": null, "ra226_pCiL": null, "ra228_pCiL": null, "uranium_ugL": null, "barium_ugL": null, "fluoride_mgL": 0.0, "hardness_mgL": 13.0, "ph": 6.5, "spc_uScm": 34.0, "methane_mgL": null, "tds_mgL": 20.0, "sulfate_mgL": 7.6, "strontium_ugL": 10.0, "boron_ugL": null, "lithium_ugL": null, "calcium_mgL": 4.0, "magnesium_mgL": 0.8, "potassium_mgL": 0.3, "alkalinity_mgL": 7.0, "ammonia_mgL": null, "doc_mgL": null, "temp_C": null, "aquifer_setting": "bedrock (outside mapped unconsolidated aquifer)", "km_to_nearest_valley_aquifer": 2.48, "dec_basin": "Schoharie Creek * (w/I NY watershed)", "dec_permit_basin": "12-02*", "in_basic_creek_res_catchment": "no"}}, {"type": "Feature", "geometry": {"type": "Point", "coordinates": [-74.214, 42.216]}, "properties": {"site_id": "USGS_421256074124901", "zone": "Catskill Creek valley / Greene", "sid": 421256074124901, "km_from_ref": 33.7, "aquifer": null, "yr": 2006, "first": "2006-08-14", "last": "2006-08-14", "n_results": 264, "n_chars": 235, "nitrate_mgL_N": null, "chloride_mgL": 1070.0, "sodium_mgL": 662.0, "iron_ugL": 273.0, "manganese_ugL": 306.0, "arsenic_ugL": 16.4, "radon_pCiL": 770.0, "ra226_pCiL": null, "ra228_pCiL": null, "uranium_ugL": 0.07, "barium_ugL": 475.0, "fluoride_mgL": 0.51, "hardness_mgL": 81.4, "ph": 8.3, "spc_uScm": 3600.0, "methane_mgL": null, "tds_mgL": 1920.0, "sulfate_mgL": 2.35, "strontium_ugL": 601.0, "boron_ugL": 104.0, "lithium_ugL": 111.0, "calcium_mgL": 26.6, "magnesium_mgL": 3.67, "potassium_mgL": 0.87, "alkalinity_mgL": 108.0, "ammonia_mgL": 0.275, "doc_mgL": null, "temp_C": 11.8, "aquifer_setting": "bedrock (outside mapped unconsolidated aquifer)", "km_to_nearest_valley_aquifer": 0.1, "dec_basin": "Schoharie Creek * (w/I NY watershed)", "dec_permit_basin": "12-02*", "in_basic_creek_res_catchment": "no"}}, {"type": "Feature", "geometry": {"type": "Point", "coordinates": [-73.907, 42.676]}, "properties": {"site_id": "USGS_424034073542605", "zone": "Albany lowland / Hudson", "sid": 424034073542605, "km_from_ref": 26.5, "aquifer": null, "yr": 1984, "first": "1984-06-18", "last": "1984-08-31", "n_results": 490, "n_chars": 17, "nitrate_mgL_N": 3360.0, "chloride_mgL": 1180.0, "sodium_mgL": 8.8, "iron_ugL": 120.0, "manganese_ugL": 10.0, "arsenic_ugL": null, "radon_pCiL": null, "ra226_pCiL": null, "ra228_pCiL": null, "uranium_ugL": null, "barium_ugL": null, "fluoride_mgL": 70.0, "hardness_mgL": 3.66, "ph": 6.6, "spc_uScm": 22.0, "methane_mgL": null, "tds_mgL": null, "sulfate_mgL": 7100.0, "strontium_ugL": null, "boron_ugL": null, "lithium_ugL": null, "calcium_mgL": 1.2, "magnesium_mgL": 0.19, "potassium_mgL": null, "alkalinity_mgL": null, "ammonia_mgL": null, "doc_mgL": null, "temp_C": null, "aquifer_setting": "valley-fill aquifer: 10-100", "km_to_nearest_valley_aquifer": 0.0, "dec_basin": "Normanskill Creek", "dec_permit_basin": "13-11", "in_basic_creek_res_catchment": "no"}}, {"type": "Feature", "geometry": {"type": "Point", "coordinates": [-73.907, 42.676]}, "properties": {"site_id": "USGS_424034073542606", "zone": "Albany lowland / Hudson", "sid": 424034073542606, "km_from_ref": 26.5, "aquifer": null, "yr": 1984, "first": "1984-06-18", "last": "1984-08-23", "n_results": 240, "n_chars": 21, "nitrate_mgL_N": 2630.0, "chloride_mgL": 1580.0, "sodium_mgL": 4.2, "iron_ugL": 150.0, "manganese_ugL": null, "arsenic_ugL": null, "radon_pCiL": null, "ra226_pCiL": null, "ra228_pCiL": null, "uranium_ugL": null, "barium_ugL": null, "fluoride_mgL": 120.0, "hardness_mgL": 2.36, "ph": 5.8, "spc_uScm": 87.0, "methane_mgL": null, "tds_mgL": null, "sulfate_mgL": 11500.0, "strontium_ugL": null, "boron_ugL": null, "lithium_ugL": null, "calcium_mgL": 0.83, "magnesium_mgL": 0.12, "potassium_mgL": null, "alkalinity_mgL": null, "ammonia_mgL": null, "doc_mgL": null, "temp_C": null, "aquifer_setting": "valley-fill aquifer: 10-100", "km_to_nearest_valley_aquifer": 0.0, "dec_basin": "Normanskill Creek", "dec_permit_basin": "13-11", "in_basic_creek_res_catchment": "no"}}, {"type": "Feature", "geometry": {"type": "Point", "coordinates": [-73.907, 42.676]}, "properties": {"site_id": "USGS_424034073542607", "zone": "Albany lowland / Hudson", "sid": 424034073542607, "km_from_ref": 26.5, "aquifer": null, "yr": 1984, "first": "1984-06-18", "last": "1984-08-23", "n_results": 402, "n_chars": 23, "nitrate_mgL_N": 8730.0, "chloride_mgL": 1270.0, "sodium_mgL": 8.6, "iron_ugL": 100.0, "manganese_ugL": null, "arsenic_ugL": null, "radon_pCiL": null, "ra226_pCiL": null, "ra228_pCiL": null, "uranium_ugL": null, "barium_ugL": null, "fluoride_mgL": 100.0, "hardness_mgL": 6.02, "ph": 6.6, "spc_uScm": 282.0, "methane_mgL": null, "tds_mgL": 37.0, "sulfate_mgL": 14700.0, "strontium_ugL": null, "boron_ugL": null, "lithium_ugL": null, "calcium_mgL": 2.0, "magnesium_mgL": 0.25, "potassium_mgL": null, "alkalinity_mgL": null, "ammonia_mgL": null, "doc_mgL": null, "temp_C": null, "aquifer_setting": "valley-fill aquifer: 10-100", "km_to_nearest_valley_aquifer": 0.0, "dec_basin": "Normanskill Creek", "dec_permit_basin": "13-11", "in_basic_creek_res_catchment": "no"}}, {"type": "Feature", "geometry": {"type": "Point", "coordinates": [-74.208, 42.207]}, "properties": {"site_id": "USGS_421226074122702", "zone": "Catskill Creek valley / Greene", "sid": 421226074122702, "km_from_ref": 34.6, "aquifer": null, "yr": 2011, "first": "2011-07-26", "last": "2011-07-26", "n_results": 181, "n_chars": 161, "nitrate_mgL_N": null, "chloride_mgL": 64.9, "sodium_mgL": 88.5, "iron_ugL": 22.4, "manganese_ugL": 29.5, "arsenic_ugL": 6.2, "radon_pCiL": 300.0, "ra226_pCiL": null, "ra228_pCiL": null, "uranium_ugL": null, "barium_ugL": 157.0, "fluoride_mgL": 0.48, "hardness_mgL": 21.0, "ph": 8.9, "spc_uScm": 445.0, "methane_mgL": 8.33, "tds_mgL": 238.0, "sulfate_mgL": 4.36, "strontium_ugL": 152.0, "boron_ugL": 99.0, "lithium_ugL": 40.3, "calcium_mgL": 7.14, "magnesium_mgL": 0.781, "potassium_mgL": 0.29, "alkalinity_mgL": 123.0, "ammonia_mgL": 0.076, "doc_mgL": 0.5, "temp_C": 9.6, "aquifer_setting": "valley-fill aquifer: >100", "km_to_nearest_valley_aquifer": 0.0, "dec_basin": "Schoharie Creek * (w/I NY watershed)", "dec_permit_basin": "12-02*", "in_basic_creek_res_catchment": "no"}}, {"type": "Feature", "geometry": {"type": "Point", "coordinates": [-74.21, 42.208]}, "properties": {"site_id": "USGS_421229074123700", "zone": "Catskill Creek valley / Greene", "sid": 421229074123700, "km_from_ref": 34.5, "aquifer": null, "yr": 1972, "first": "1972-11-13", "last": "1972-11-13", "n_results": 54, "n_chars": 52, "nitrate_mgL_N": 1.3, "chloride_mgL": 2.0, "sodium_mgL": 1.8, "iron_ugL": 260.0, "manganese_ugL": null, "arsenic_ugL": null, "radon_pCiL": null, "ra226_pCiL": null, "ra228_pCiL": null, "uranium_ugL": null, "barium_ugL": null, "fluoride_mgL": null, "hardness_mgL": 13.0, "ph": 6.8, "spc_uScm": 41.0, "methane_mgL": null, "tds_mgL": 24.0, "sulfate_mgL": 7.0, "strontium_ugL": 20.0, "boron_ugL": null, "lithium_ugL": null, "calcium_mgL": 4.0, "magnesium_mgL": 0.8, "potassium_mgL": 0.2, "alkalinity_mgL": 7.0, "ammonia_mgL": null, "doc_mgL": null, "temp_C": null, "aquifer_setting": "valley-fill aquifer: >100", "km_to_nearest_valley_aquifer": 0.0, "dec_basin": "Schoharie Creek * (w/I NY watershed)", "dec_permit_basin": "12-02*", "in_basic_creek_res_catchment": "no"}}, {"type": "Feature", "geometry": {"type": "Point", "coordinates": [-74.333, 42.599]}, "properties": {"site_id": "USGS_423555074200001", "zone": "Albany lowland / Hudson", "sid": 423555074200001, "km_from_ref": 18.0, "aquifer": null, "yr": 2011, "first": "2011-07-13", "last": "2011-07-13", "n_results": 185, "n_chars": 163, "nitrate_mgL_N": 2.02, "chloride_mgL": 13.1, "sodium_mgL": 9.91, "iron_ugL": null, "manganese_ugL": null, "arsenic_ugL": 0.16, "radon_pCiL": 710.0, "ra226_pCiL": null, "ra228_pCiL": null, "uranium_ugL": 0.026, "barium_ugL": 18.4, "fluoride_mgL": 0.43, "hardness_mgL": 72.5, "ph": 7.1, "spc_uScm": 196.0, "methane_mgL": null, "tds_mgL": 125.0, "sulfate_mgL": 12.2, "strontium_ugL": 54.9, "boron_ugL": 11.0, "lithium_ugL": 0.5, "calcium_mgL": 24.2, "magnesium_mgL": 2.91, "potassium_mgL": 0.83, "alkalinity_mgL": 65.8, "ammonia_mgL": null, "doc_mgL": 1.0, "temp_C": 11.5, "aquifer_setting": "valley-fill aquifer: >100", "km_to_nearest_valley_aquifer": 0.0, "dec_basin": "Schoharie Creek *", "dec_permit_basin": "12-02", "in_basic_creek_res_catchment": "no"}}, {"type": "Feature", "geometry": {"type": "Point", "coordinates": [-74.336, 42.598]}, "properties": {"site_id": "USGS_423553074201100", "zone": "Albany lowland / Hudson", "sid": 423553074201100, "km_from_ref": 18.2, "aquifer": null, "yr": 1971, "first": "1971-12-07", "last": "1971-12-07", "n_results": 54, "n_chars": 53, "nitrate_mgL_N": 0.2, "chloride_mgL": 5.7, "sodium_mgL": 5.1, "iron_ugL": 990.0, "manganese_ugL": 30.0, "arsenic_ugL": 1.0, "radon_pCiL": null, "ra226_pCiL": null, "ra228_pCiL": null, "uranium_ugL": null, "barium_ugL": null, "fluoride_mgL": 1.3, "hardness_mgL": 45.0, "ph": 7.1, "spc_uScm": 124.0, "methane_mgL": null, "tds_mgL": 69.0, "sulfate_mgL": 15.0, "strontium_ugL": 60.0, "boron_ugL": null, "lithium_ugL": null, "calcium_mgL": 14.0, "magnesium_mgL": 2.4, "potassium_mgL": 1.1, "alkalinity_mgL": 32.0, "ammonia_mgL": null, "doc_mgL": null, "temp_C": null, "aquifer_setting": "valley-fill aquifer: >100", "km_to_nearest_valley_aquifer": 0.0, "dec_basin": "Schoharie Creek *", "dec_permit_basin": "12-02", "in_basic_creek_res_catchment": "no"}}, {"type": "Feature", "geometry": {"type": "Point", "coordinates": [-74.026, 42.708]}, "properties": {"site_id": "USGS_424228074013200", "zone": "Albany lowland / Hudson", "sid": 424228074013200, "km_from_ref": 23.6, "aquifer": null, "yr": 1971, "first": "1971-12-03", "last": "1971-12-03", "n_results": 54, "n_chars": 53, "nitrate_mgL_N": 0.0, "chloride_mgL": 36.0, "sodium_mgL": 19.0, "iron_ugL": 100.0, "manganese_ugL": 10.0, "arsenic_ugL": 4.0, "radon_pCiL": null, "ra226_pCiL": null, "ra228_pCiL": null, "uranium_ugL": null, "barium_ugL": null, "fluoride_mgL": 0.1, "hardness_mgL": 150.0, "ph": 7.7, "spc_uScm": 369.0, "methane_mgL": null, "tds_mgL": 200.0, "sulfate_mgL": 19.0, "strontium_ugL": 250.0, "boron_ugL": 10.0, "lithium_ugL": null, "calcium_mgL": 49.0, "magnesium_mgL": 5.6, "potassium_mgL": 1.4, "alkalinity_mgL": 113.0, "ammonia_mgL": null, "doc_mgL": null, "temp_C": null, "aquifer_setting": "valley-fill aquifer: 10-100", "km_to_nearest_valley_aquifer": 0.0, "dec_basin": "Normanskill Creek", "dec_permit_basin": "13-11", "in_basic_creek_res_catchment": "no"}}, {"type": "Feature", "geometry": {"type": "Point", "coordinates": [-74.026, 42.708]}, "properties": {"site_id": "USGS_424228074013201", "zone": "Albany lowland / Hudson", "sid": 424228074013201, "km_from_ref": 23.6, "aquifer": null, "yr": 1971, "first": "1971-12-03", "last": "1971-12-03", "n_results": 54, "n_chars": 53, "nitrate_mgL_N": 0.1, "chloride_mgL": 40.0, "sodium_mgL": 18.0, "iron_ugL": 40.0, "manganese_ugL": null, "arsenic_ugL": 1.0, "radon_pCiL": null, "ra226_pCiL": null, "ra228_pCiL": null, "uranium_ugL": null, "barium_ugL": null, "fluoride_mgL": 0.3, "hardness_mgL": 140.0, "ph": 7.4, "spc_uScm": 374.0, "methane_mgL": null, "tds_mgL": 196.0, "sulfate_mgL": 18.0, "strontium_ugL": 280.0, "boron_ugL": 10.0, "lithium_ugL": null, "calcium_mgL": 48.0, "magnesium_mgL": 5.6, "potassium_mgL": 1.3, "alkalinity_mgL": 106.0, "ammonia_mgL": null, "doc_mgL": null, "temp_C": null, "aquifer_setting": "valley-fill aquifer: 10-100", "km_to_nearest_valley_aquifer": 0.0, "dec_basin": "Normanskill Creek", "dec_permit_basin": "13-11", "in_basic_creek_res_catchment": "no"}}, {"type": "Feature", "geometry": {"type": "Point", "coordinates": [-74.223, 42.678]}, "properties": {"site_id": "USGS_424040074132301", "zone": "Albany lowland / Hudson", "sid": 424040074132301, "km_from_ref": 19.2, "aquifer": null, "yr": 2021, "first": "2021-07-21", "last": "2021-07-21", "n_results": 272, "n_chars": 258, "nitrate_mgL_N": null, "chloride_mgL": 75.0, "sodium_mgL": 133.0, "iron_ugL": 1180.0, "manganese_ugL": 91.8, "arsenic_ugL": 3.9, "radon_pCiL": 262.0, "ra226_pCiL": null, "ra228_pCiL": null, "uranium_ugL": null, "barium_ugL": 2920.0, "fluoride_mgL": 0.85, "hardness_mgL": 114.0, "ph": 8.2, "spc_uScm": 772.0, "methane_mgL": null, "tds_mgL": 446.0, "sulfate_mgL": 0.36, "strontium_ugL": 1900.0, "boron_ugL": 507.0, "lithium_ugL": 95.2, "calcium_mgL": 32.0, "magnesium_mgL": 8.17, "potassium_mgL": 2.5, "alkalinity_mgL": 305.0, "ammonia_mgL": 0.038, "doc_mgL": null, "temp_C": 14.1, "aquifer_setting": "bedrock (outside mapped unconsolidated aquifer)", "km_to_nearest_valley_aquifer": 1.1, "dec_basin": "Schoharie Creek *", "dec_permit_basin": "12-02", "in_basic_creek_res_catchment": "no"}}, {"type": "Feature", "geometry": {"type": "Point", "coordinates": [-74.227, 42.203]}, "properties": {"site_id": "USGS_421210074133806", "zone": "Catskill Creek valley / Greene", "sid": 421210074133806, "km_from_ref": 35.3, "aquifer": null, "yr": 1985, "first": "1985-07-25", "last": "1985-07-25", "n_results": 25, "n_chars": 17, "nitrate_mgL_N": null, "chloride_mgL": 0.2, "sodium_mgL": 180.0, "iron_ugL": null, "manganese_ugL": null, "arsenic_ugL": null, "radon_pCiL": null, "ra226_pCiL": null, "ra228_pCiL": null, "uranium_ugL": null, "barium_ugL": null, "fluoride_mgL": 0.21, "hardness_mgL": 1.01, "ph": 4.6, "spc_uScm": 31.0, "methane_mgL": null, "tds_mgL": null, "sulfate_mgL": 3.3, "strontium_ugL": null, "boron_ugL": null, "lithium_ugL": null, "calcium_mgL": 290.0, "magnesium_mgL": 70.0, "potassium_mgL": 310.0, "alkalinity_mgL": null, "ammonia_mgL": 0.018, "doc_mgL": null, "temp_C": null, "aquifer_setting": "bedrock (outside mapped unconsolidated aquifer)", "km_to_nearest_valley_aquifer": 0.85, "dec_basin": "Schoharie Creek * (w/I NY watershed)", "dec_permit_basin": "12-02*", "in_basic_creek_res_catchment": "no"}}, {"type": "Feature", "geometry": {"type": "Point", "coordinates": [-73.892, 42.69]}, "properties": {"site_id": "USGS_424125073533200", "zone": "Albany lowland / Hudson", "sid": 424125073533200, "km_from_ref": 28.4, "aquifer": null, "yr": 1973, "first": "1973-09-07", "last": "1973-09-07", "n_results": 58, "n_chars": 55, "nitrate_mgL_N": 0.0, "chloride_mgL": 11.0, "sodium_mgL": 49.0, "iron_ugL": 10.0, "manganese_ugL": null, "arsenic_ugL": null, "radon_pCiL": null, "ra226_pCiL": null, "ra228_pCiL": null, "uranium_ugL": null, "barium_ugL": null, "fluoride_mgL": 1.1, "hardness_mgL": 24.0, "ph": 8.4, "spc_uScm": 250.0, "methane_mgL": null, "tds_mgL": 152.0, "sulfate_mgL": 4.5, "strontium_ugL": 120.0, "boron_ugL": 50.0, "lithium_ugL": null, "calcium_mgL": 7.8, "magnesium_mgL": 1.1, "potassium_mgL": 4.0, "alkalinity_mgL": 110.0, "ammonia_mgL": null, "doc_mgL": null, "temp_C": null, "aquifer_setting": "bedrock (outside mapped unconsolidated aquifer)", "km_to_nearest_valley_aquifer": 0.2, "dec_basin": "Normanskill Creek", "dec_permit_basin": "13-11", "in_basic_creek_res_catchment": "no"}}, {"type": "Feature", "geometry": {"type": "Point", "coordinates": [-73.914, 42.699]}, "properties": {"site_id": "USGS_424155073545001", "zone": "Albany lowland / Hudson", "sid": 424155073545001, "km_from_ref": 27.9, "aquifer": "Sand", "yr": 1979, "first": "1979-04-13", "last": "1979-09-18", "n_results": 30, "n_chars": 18, "nitrate_mgL_N": null, "chloride_mgL": 79.0, "sodium_mgL": 230.0, "iron_ugL": null, "manganese_ugL": null, "arsenic_ugL": null, "radon_pCiL": null, "ra226_pCiL": null, "ra228_pCiL": null, "uranium_ugL": null, "barium_ugL": null, "fluoride_mgL": null, "hardness_mgL": 4.0, "ph": 7.6, "spc_uScm": 880.0, "methane_mgL": null, "tds_mgL": null, "sulfate_mgL": null, "strontium_ugL": null, "boron_ugL": null, "lithium_ugL": null, "calcium_mgL": 1.3, "magnesium_mgL": 0.3, "potassium_mgL": 2.6, "alkalinity_mgL": null, "ammonia_mgL": 2.8, "doc_mgL": null, "temp_C": null, "aquifer_setting": "bedrock (outside mapped unconsolidated aquifer)", "km_to_nearest_valley_aquifer": 0.24, "dec_basin": "Normanskill Creek", "dec_permit_basin": "13-11", "in_basic_creek_res_catchment": "no"}}, {"type": "Feature", "geometry": {"type": "Point", "coordinates": [-74.243, 42.679]}, "properties": {"site_id": "USGS_424043074143501", "zone": "Albany lowland / Hudson", "sid": 424043074143501, "km_from_ref": 19.9, "aquifer": null, "yr": 1967, "first": "1967-03-28", "last": "1967-07-24", "n_results": 49, "n_chars": 27, "nitrate_mgL_N": 16.0, "chloride_mgL": 11.0, "sodium_mgL": 10.0, "iron_ugL": 20.0, "manganese_ugL": 20.0, "arsenic_ugL": null, "radon_pCiL": null, "ra226_pCiL": null, "ra228_pCiL": null, "uranium_ugL": null, "barium_ugL": null, "fluoride_mgL": 0.1, "hardness_mgL": 260.0, "ph": 7.9, "spc_uScm": 522.0, "methane_mgL": null, "tds_mgL": 266.0, "sulfate_mgL": 30.0, "strontium_ugL": null, "boron_ugL": null, "lithium_ugL": null, "calcium_mgL": 86.0, "magnesium_mgL": 10.0, "potassium_mgL": 1.3, "alkalinity_mgL": 219.0, "ammonia_mgL": null, "doc_mgL": null, "temp_C": null, "aquifer_setting": "bedrock (outside mapped unconsolidated aquifer)", "km_to_nearest_valley_aquifer": 0.59, "dec_basin": "Schoharie Creek *", "dec_permit_basin": "12-02", "in_basic_creek_res_catchment": "no"}}, {"type": "Feature", "geometry": {"type": "Point", "coordinates": [-74.421, 42.379]}, "properties": {"site_id": "USGS_422243074251600", "zone": "Catskill Creek valley / Greene", "sid": 422243074251600, "km_from_ref": 27.2, "aquifer": null, "yr": 1973, "first": "1973-02-05", "last": "1973-02-05", "n_results": 54, "n_chars": 52, "nitrate_mgL_N": 0.4, "chloride_mgL": 0.9, "sodium_mgL": 2.1, "iron_ugL": 30.0, "manganese_ugL": null, "arsenic_ugL": null, "radon_pCiL": null, "ra226_pCiL": null, "ra228_pCiL": null, "uranium_ugL": null, "barium_ugL": null, "fluoride_mgL": 0.1, "hardness_mgL": 28.0, "ph": 7.0, "spc_uScm": 67.0, "methane_mgL": null, "tds_mgL": 43.0, "sulfate_mgL": 13.0, "strontium_ugL": 20.0, "boron_ugL": null, "lithium_ugL": null, "calcium_mgL": 8.1, "magnesium_mgL": 1.9, "potassium_mgL": 0.3, "alkalinity_mgL": 16.0, "ammonia_mgL": null, "doc_mgL": null, "temp_C": null, "aquifer_setting": "bedrock (outside mapped unconsolidated aquifer)", "km_to_nearest_valley_aquifer": 2.19, "dec_basin": "Schoharie Creek * (w/I NY watershed)", "dec_permit_basin": "12-02*", "in_basic_creek_res_catchment": "no"}}, {"type": "Feature", "geometry": {"type": "Point", "coordinates": [-74.422, 42.377]}, "properties": {"site_id": "USGS_422238074252101", "zone": "Catskill Creek valley / Greene", "sid": 422238074252101, "km_from_ref": 27.4, "aquifer": null, "yr": 2016, "first": "2016-11-08", "last": "2016-11-08", "n_results": 378, "n_chars": 349, "nitrate_mgL_N": null, "chloride_mgL": 264.0, "sodium_mgL": 241.0, "iron_ugL": 1210.0, "manganese_ugL": 39.6, "arsenic_ugL": 0.6, "radon_pCiL": 91.0, "ra226_pCiL": null, "ra228_pCiL": null, "uranium_ugL": 0.15, "barium_ugL": 328.0, "fluoride_mgL": 0.47, "hardness_mgL": 18.1, "ph": 8.6, "spc_uScm": 1510.0, "methane_mgL": 6.79, "tds_mgL": 682.0, "sulfate_mgL": 14.3, "strontium_ugL": 765.0, "boron_ugL": 424.0, "lithium_ugL": 636.0, "calcium_mgL": 5.92, "magnesium_mgL": 0.802, "potassium_mgL": 1.41, "alkalinity_mgL": 184.0, "ammonia_mgL": 0.293, "doc_mgL": null, "temp_C": 10.1, "aquifer_setting": "bedrock (outside mapped unconsolidated aquifer)", "km_to_nearest_valley_aquifer": 2.21, "dec_basin": "Schoharie Creek * (w/I NY watershed)", "dec_permit_basin": "12-02*", "in_basic_creek_res_catchment": "no"}}, {"type": "Feature", "geometry": {"type": "Point", "coordinates": [-73.87, 42.692]}, "properties": {"site_id": "USGS_424130073521300", "zone": "Albany lowland / Hudson", "sid": 424130073521300, "km_from_ref": 29.9, "aquifer": null, "yr": 1971, "first": "1971-12-08", "last": "1971-12-08", "n_results": 54, "n_chars": 53, "nitrate_mgL_N": 0.0, "chloride_mgL": 7.6, "sodium_mgL": 48.0, "iron_ugL": 20.0, "manganese_ugL": 20.0, "arsenic_ugL": 2.0, "radon_pCiL": null, "ra226_pCiL": null, "ra228_pCiL": null, "uranium_ugL": null, "barium_ugL": null, "fluoride_mgL": 1.1, "hardness_mgL": 34.0, "ph": 7.9, "spc_uScm": 232.0, "methane_mgL": null, "tds_mgL": 148.0, "sulfate_mgL": 2.5, "strontium_ugL": 160.0, "boron_ugL": 70.0, "lithium_ugL": null, "calcium_mgL": 12.0, "magnesium_mgL": 1.0, "potassium_mgL": 0.5, "alkalinity_mgL": 112.0, "ammonia_mgL": null, "doc_mgL": null, "temp_C": null, "aquifer_setting": "valley-fill aquifer: >100", "km_to_nearest_valley_aquifer": 0.0, "dec_basin": "Normanskill Creek", "dec_permit_basin": "13-11", "in_basic_creek_res_catchment": "no"}}, {"type": "Feature", "geometry": {"type": "Point", "coordinates": [-73.842, 42.682]}, "properties": {"site_id": "USGS_424057073503001", "zone": "Albany lowland / Hudson", "sid": 424057073503001, "km_from_ref": 31.0, "aquifer": null, "yr": 1971, "first": "1971-12-08", "last": "1971-12-08", "n_results": 54, "n_chars": 53, "nitrate_mgL_N": 0.9, "chloride_mgL": 140.0, "sodium_mgL": 96.0, "iron_ugL": 100.0, "manganese_ugL": 410.0, "arsenic_ugL": 1.0, "radon_pCiL": null, "ra226_pCiL": null, "ra228_pCiL": null, "uranium_ugL": null, "barium_ugL": null, "fluoride_mgL": 0.2, "hardness_mgL": 210.0, "ph": 7.6, "spc_uScm": 856.0, "methane_mgL": null, "tds_mgL": 470.0, "sulfate_mgL": 63.0, "strontium_ugL": 230.0, "boron_ugL": 30.0, "lithium_ugL": null, "calcium_mgL": 66.0, "magnesium_mgL": 11.0, "potassium_mgL": 2.7, "alkalinity_mgL": 139.0, "ammonia_mgL": null, "doc_mgL": null, "temp_C": null, "aquifer_setting": "valley-fill aquifer: >100", "km_to_nearest_valley_aquifer": 0.0, "dec_basin": "Normanskill Creek", "dec_permit_basin": "13-11", "in_basic_creek_res_catchment": "no"}}, {"type": "Feature", "geometry": {"type": "Point", "coordinates": [-73.904, 42.706]}, "properties": {"site_id": "USGS_424222073541301", "zone": "Albany lowland / Hudson", "sid": 424222073541301, "km_from_ref": 29.0, "aquifer": "Sand", "yr": 1979, "first": "1979-04-13", "last": "1979-04-13", "n_results": 6, "n_chars": 6, "nitrate_mgL_N": null, "chloride_mgL": 19.0, "sodium_mgL": null, "iron_ugL": null, "manganese_ugL": null, "arsenic_ugL": null, "radon_pCiL": null, "ra226_pCiL": null, "ra228_pCiL": null, "uranium_ugL": null, "barium_ugL": null, "fluoride_mgL": null, "hardness_mgL": null, "ph": 8.0, "spc_uScm": 305.0, "methane_mgL": null, "tds_mgL": null, "sulfate_mgL": null, "strontium_ugL": null, "boron_ugL": null, "lithium_ugL": null, "calcium_mgL": null, "magnesium_mgL": null, "potassium_mgL": null, "alkalinity_mgL": null, "ammonia_mgL": null, "doc_mgL": null, "temp_C": null, "aquifer_setting": "valley-fill aquifer: >100", "km_to_nearest_valley_aquifer": 0.0, "dec_basin": "Normanskill Creek", "dec_permit_basin": "13-11", "in_basic_creek_res_catchment": "no"}}, {"type": "Feature", "geometry": {"type": "Point", "coordinates": [-73.862, 42.694]}, "properties": {"site_id": "USGS_424139073514501", "zone": "Albany lowland / Hudson", "sid": 424139073514501, "km_from_ref": 30.5, "aquifer": "Sand", "yr": 1979, "first": "1979-04-13", "last": "1979-09-18", "n_results": 29, "n_chars": 18, "nitrate_mgL_N": null, "chloride_mgL": 110.0, "sodium_mgL": 32.0, "iron_ugL": null, "manganese_ugL": null, "arsenic_ugL": null, "radon_pCiL": null, "ra226_pCiL": null, "ra228_pCiL": null, "uranium_ugL": null, "barium_ugL": null, "fluoride_mgL": null, "hardness_mgL": 150.0, "ph": 8.4, "spc_uScm": 780.0, "methane_mgL": null, "tds_mgL": null, "sulfate_mgL": null, "strontium_ugL": null, "boron_ugL": null, "lithium_ugL": null, "calcium_mgL": 45.0, "magnesium_mgL": 9.6, "potassium_mgL": 1.6, "alkalinity_mgL": null, "ammonia_mgL": 0.09, "doc_mgL": null, "temp_C": null, "aquifer_setting": "valley-fill aquifer: >100", "km_to_nearest_valley_aquifer": 0.0, "dec_basin": "Normanskill Creek", "dec_permit_basin": "13-11", "in_basic_creek_res_catchment": "no"}}, {"type": "Feature", "geometry": {"type": "Point", "coordinates": [-73.862, 42.694]}, "properties": {"site_id": "USGS_424139073514502", "zone": "Albany lowland / Hudson", "sid": 424139073514502, "km_from_ref": 30.5, "aquifer": "Sand", "yr": 1979, "first": "1979-04-11", "last": "1979-04-11", "n_results": 10, "n_chars": 9, "nitrate_mgL_N": null, "chloride_mgL": 16.0, "sodium_mgL": null, "iron_ugL": null, "manganese_ugL": null, "arsenic_ugL": null, "radon_pCiL": null, "ra226_pCiL": null, "ra228_pCiL": null, "uranium_ugL": null, "barium_ugL": null, "fluoride_mgL": null, "hardness_mgL": null, "ph": 7.3, "spc_uScm": 315.0, "methane_mgL": null, "tds_mgL": null, "sulfate_mgL": null, "strontium_ugL": null, "boron_ugL": null, "lithium_ugL": null, "calcium_mgL": null, "magnesium_mgL": null, "potassium_mgL": null, "alkalinity_mgL": null, "ammonia_mgL": 0.01, "doc_mgL": null, "temp_C": null, "aquifer_setting": "valley-fill aquifer: >100", "km_to_nearest_valley_aquifer": 0.0, "dec_basin": "Normanskill Creek", "dec_permit_basin": "13-11", "in_basic_creek_res_catchment": "no"}}, {"type": "Feature", "geometry": {"type": "Point", "coordinates": [-73.898, 42.711]}, "properties": {"site_id": "USGS_424241073535201", "zone": "Albany lowland / Hudson", "sid": 424241073535201, "km_from_ref": 29.7, "aquifer": "Sand", "yr": 1979, "first": "1979-04-13", "last": "1979-04-13", "n_results": 10, "n_chars": 9, "nitrate_mgL_N": null, "chloride_mgL": 2.4, "sodium_mgL": null, "iron_ugL": null, "manganese_ugL": null, "arsenic_ugL": null, "radon_pCiL": null, "ra226_pCiL": null, "ra228_pCiL": null, "uranium_ugL": null, "barium_ugL": null, "fluoride_mgL": null, "hardness_mgL": null, "ph": 7.6, "spc_uScm": 370.0, "methane_mgL": null, "tds_mgL": null, "sulfate_mgL": null, "strontium_ugL": null, "boron_ugL": null, "lithium_ugL": null, "calcium_mgL": null, "magnesium_mgL": null, "potassium_mgL": null, "alkalinity_mgL": null, "ammonia_mgL": 0.0, "doc_mgL": null, "temp_C": null, "aquifer_setting": "valley-fill aquifer: >100", "km_to_nearest_valley_aquifer": 0.0, "dec_basin": "Normanskill Creek", "dec_permit_basin": "13-11", "in_basic_creek_res_catchment": "no"}}, {"type": "Feature", "geometry": {"type": "Point", "coordinates": [-73.898, 42.712]}, "properties": {"site_id": "USGS_424244073535301", "zone": "Albany lowland / Hudson", "sid": 424244073535301, "km_from_ref": 29.8, "aquifer": "Sand", "yr": 1979, "first": "1979-04-13", "last": "1979-04-13", "n_results": 11, "n_chars": 10, "nitrate_mgL_N": null, "chloride_mgL": 2.0, "sodium_mgL": null, "iron_ugL": null, "manganese_ugL": null, "arsenic_ugL": null, "radon_pCiL": null, "ra226_pCiL": null, "ra228_pCiL": null, "uranium_ugL": null, "barium_ugL": null, "fluoride_mgL": null, "hardness_mgL": null, "ph": 7.6, "spc_uScm": 370.0, "methane_mgL": null, "tds_mgL": null, "sulfate_mgL": null, "strontium_ugL": null, "boron_ugL": null, "lithium_ugL": null, "calcium_mgL": null, "magnesium_mgL": null, "potassium_mgL": null, "alkalinity_mgL": null, "ammonia_mgL": 0.0, "doc_mgL": null, "temp_C": null, "aquifer_setting": "valley-fill aquifer: >100", "km_to_nearest_valley_aquifer": 0.0, "dec_basin": "Normanskill Creek", "dec_permit_basin": "13-11", "in_basic_creek_res_catchment": "no"}}, {"type": "Feature", "geometry": {"type": "Point", "coordinates": [-73.759, 42.641]}, "properties": {"site_id": "USGS_423829073453100", "zone": "Albany lowland / Hudson", "sid": 423829073453100, "km_from_ref": 34.6, "aquifer": null, "yr": 1972, "first": "1972-06-07", "last": "1972-06-07", "n_results": 53, "n_chars": 52, "nitrate_mgL_N": 0.04, "chloride_mgL": 14.0, "sodium_mgL": 5.6, "iron_ugL": 30.0, "manganese_ugL": null, "arsenic_ugL": 1.0, "radon_pCiL": null, "ra226_pCiL": null, "ra228_pCiL": null, "uranium_ugL": null, "barium_ugL": null, "fluoride_mgL": 0.1, "hardness_mgL": 57.0, "ph": 8.0, "spc_uScm": 154.0, "methane_mgL": null, "tds_mgL": 81.0, "sulfate_mgL": 19.0, "strontium_ugL": 60.0, "boron_ugL": null, "lithium_ugL": null, "calcium_mgL": 19.0, "magnesium_mgL": 2.2, "potassium_mgL": 0.8, "alkalinity_mgL": 30.0, "ammonia_mgL": null, "doc_mgL": null, "temp_C": null, "aquifer_setting": "bedrock (outside mapped unconsolidated aquifer)", "km_to_nearest_valley_aquifer": 0.03, "dec_basin": "Lower Hudson Main Stem", "dec_permit_basin": "13-01", "in_basic_creek_res_catchment": "no"}}, {"type": "Feature", "geometry": {"type": "Point", "coordinates": [-74.314, 42.662]}, "properties": {"site_id": "USGS_423944074184900", "zone": "Albany lowland / Hudson", "sid": 423944074184900, "km_from_ref": 21.4, "aquifer": null, "yr": 1971, "first": "1971-12-07", "last": "1971-12-07", "n_results": 54, "n_chars": 53, "nitrate_mgL_N": 0.6, "chloride_mgL": 14.0, "sodium_mgL": 9.0, "iron_ugL": 100.0, "manganese_ugL": null, "arsenic_ugL": 1.0, "radon_pCiL": null, "ra226_pCiL": null, "ra228_pCiL": null, "uranium_ugL": null, "barium_ugL": null, "fluoride_mgL": 0.1, "hardness_mgL": 210.0, "ph": 7.7, "spc_uScm": 411.0, "methane_mgL": null, "tds_mgL": 239.0, "sulfate_mgL": 30.0, "strontium_ugL": 1800.0, "boron_ugL": null, "lithium_ugL": null, "calcium_mgL": 68.0, "magnesium_mgL": 9.2, "potassium_mgL": 1.2, "alkalinity_mgL": 171.0, "ammonia_mgL": null, "doc_mgL": null, "temp_C": null, "aquifer_setting": "bedrock (outside mapped unconsolidated aquifer)", "km_to_nearest_valley_aquifer": 0.21, "dec_basin": "Schoharie Creek *", "dec_permit_basin": "12-02", "in_basic_creek_res_catchment": "no"}}, {"type": "Feature", "geometry": {"type": "Point", "coordinates": [-73.832, 42.69]}, "properties": {"site_id": "USGS_424125073495701", "zone": "Albany lowland / Hudson", "sid": 424125073495701, "km_from_ref": 32.2, "aquifer": "Sand", "yr": 1979, "first": "1979-04-19", "last": "1979-09-18", "n_results": 32, "n_chars": 19, "nitrate_mgL_N": null, "chloride_mgL": 120.0, "sodium_mgL": 54.0, "iron_ugL": null, "manganese_ugL": null, "arsenic_ugL": null, "radon_pCiL": null, "ra226_pCiL": null, "ra228_pCiL": null, "uranium_ugL": null, "barium_ugL": null, "fluoride_mgL": null, "hardness_mgL": 140.0, "ph": 7.2, "spc_uScm": 890.0, "methane_mgL": null, "tds_mgL": null, "sulfate_mgL": null, "strontium_ugL": null, "boron_ugL": null, "lithium_ugL": null, "calcium_mgL": 49.0, "magnesium_mgL": 5.3, "potassium_mgL": 2.6, "alkalinity_mgL": 359.0, "ammonia_mgL": 0.36, "doc_mgL": null, "temp_C": null, "aquifer_setting": "valley-fill aquifer: >100", "km_to_nearest_valley_aquifer": 0.0, "dec_basin": "Lower Hudson Main Stem", "dec_permit_basin": "13-01", "in_basic_creek_res_catchment": "no"}}, {"type": "Feature", "geometry": {"type": "Point", "coordinates": [-73.832, 42.69]}, "properties": {"site_id": "USGS_424125073495702", "zone": "Albany lowland / Hudson", "sid": 424125073495702, "km_from_ref": 32.2, "aquifer": "Sand", "yr": 1979, "first": "1979-04-19", "last": "1979-09-19", "n_results": 44, "n_chars": 21, "nitrate_mgL_N": null, "chloride_mgL": 640.0, "sodium_mgL": 120.0, "iron_ugL": null, "manganese_ugL": null, "arsenic_ugL": null, "radon_pCiL": null, "ra226_pCiL": null, "ra228_pCiL": null, "uranium_ugL": null, "barium_ugL": null, "fluoride_mgL": null, "hardness_mgL": 280.0, "ph": 7.6, "spc_uScm": 2900.0, "methane_mgL": null, "tds_mgL": null, "sulfate_mgL": null, "strontium_ugL": null, "boron_ugL": null, "lithium_ugL": null, "calcium_mgL": 96.0, "magnesium_mgL": 10.0, "potassium_mgL": 2.6, "alkalinity_mgL": 359.0, "ammonia_mgL": 0.24, "doc_mgL": null, "temp_C": null, "aquifer_setting": "valley-fill aquifer: >100", "km_to_nearest_valley_aquifer": 0.0, "dec_basin": "Lower Hudson Main Stem", "dec_permit_basin": "13-01", "in_basic_creek_res_catchment": "no"}}, {"type": "Feature", "geometry": {"type": "Point", "coordinates": [-73.772, 42.656]}, "properties": {"site_id": "USGS_423920073461801", "zone": "Albany lowland / Hudson", "sid": 423920073461801, "km_from_ref": 34.3, "aquifer": null, "yr": 2019, "first": "2019-09-27", "last": "2019-10-23", "n_results": 42, "n_chars": 25, "nitrate_mgL_N": null, "chloride_mgL": null, "sodium_mgL": null, "iron_ugL": null, "manganese_ugL": null, "arsenic_ugL": null, "radon_pCiL": null, "ra226_pCiL": null, "ra228_pCiL": null, "uranium_ugL": null, "barium_ugL": null, "fluoride_mgL": null, "hardness_mgL": null, "ph": 8.2, "spc_uScm": 740.0, "methane_mgL": null, "tds_mgL": null, "sulfate_mgL": null, "strontium_ugL": null, "boron_ugL": null, "lithium_ugL": null, "calcium_mgL": null, "magnesium_mgL": null, "potassium_mgL": null, "alkalinity_mgL": null, "ammonia_mgL": null, "doc_mgL": 10.1, "temp_C": 21.2, "aquifer_setting": "valley-fill aquifer: >100", "km_to_nearest_valley_aquifer": 0.0, "dec_basin": "Lower Hudson Main Stem", "dec_permit_basin": "13-01", "in_basic_creek_res_catchment": "no"}}, {"type": "Feature", "geometry": {"type": "Point", "coordinates": [-73.775, 42.659]}, "properties": {"site_id": "USGS_423931073462901", "zone": "Albany lowland / Hudson", "sid": 423931073462901, "km_from_ref": 34.3, "aquifer": null, "yr": 2019, "first": "2019-09-27", "last": "2019-09-27", "n_results": 38, "n_chars": 25, "nitrate_mgL_N": null, "chloride_mgL": null, "sodium_mgL": null, "iron_ugL": null, "manganese_ugL": null, "arsenic_ugL": null, "radon_pCiL": null, "ra226_pCiL": null, "ra228_pCiL": null, "uranium_ugL": null, "barium_ugL": null, "fluoride_mgL": null, "hardness_mgL": null, "ph": 8.0, "spc_uScm": 741.0, "methane_mgL": null, "tds_mgL": null, "sulfate_mgL": null, "strontium_ugL": null, "boron_ugL": null, "lithium_ugL": null, "calcium_mgL": null, "magnesium_mgL": null, "potassium_mgL": null, "alkalinity_mgL": null, "ammonia_mgL": null, "doc_mgL": 8.8, "temp_C": 19.4, "aquifer_setting": "valley-fill aquifer: >100", "km_to_nearest_valley_aquifer": 0.0, "dec_basin": "Lower Hudson Main Stem", "dec_permit_basin": "13-01", "in_basic_creek_res_catchment": "no"}}, {"type": "Feature", "geometry": {"type": "Point", "coordinates": [-73.895, 42.162]}, "properties": {"site_id": "USGS_420944073534101", "zone": "Catskill Creek valley / Greene", "sid": 420944073534101, "km_from_ref": 44.2, "aquifer": null, "yr": 2022, "first": "2022-08-03", "last": "2023-10-12", "n_results": 30, "n_chars": 6, "nitrate_mgL_N": null, "chloride_mgL": null, "sodium_mgL": null, "iron_ugL": null, "manganese_ugL": null, "arsenic_ugL": null, "radon_pCiL": null, "ra226_pCiL": null, "ra228_pCiL": null, "uranium_ugL": null, "barium_ugL": null, "fluoride_mgL": null, "hardness_mgL": null, "ph": 7.7, "spc_uScm": 298.0, "methane_mgL": null, "tds_mgL": null, "sulfate_mgL": null, "strontium_ugL": null, "boron_ugL": null, "lithium_ugL": null, "calcium_mgL": null, "magnesium_mgL": null, "potassium_mgL": null, "alkalinity_mgL": null, "ammonia_mgL": null, "doc_mgL": null, "temp_C": null, "aquifer_setting": "bedrock (outside mapped unconsolidated aquifer)", "km_to_nearest_valley_aquifer": 2.91, "dec_basin": "Lower Hudson Main Stem", "dec_permit_basin": "13-01", "in_basic_creek_res_catchment": "no"}}, {"type": "Feature", "geometry": {"type": "Point", "coordinates": [-73.895, 42.162]}, "properties": {"site_id": "USGS_420944073534101", "zone": "Catskill Creek valley / Greene", "sid": 420944073534101, "km_from_ref": 44.2, "aquifer": null, "yr": 2023, "first": "2022-08-03", "last": "2023-10-12", "n_results": 30, "n_chars": 6, "nitrate_mgL_N": null, "chloride_mgL": null, "sodium_mgL": null, "iron_ugL": null, "manganese_ugL": null, "arsenic_ugL": null, "radon_pCiL": null, "ra226_pCiL": null, "ra228_pCiL": null, "uranium_ugL": null, "barium_ugL": null, "fluoride_mgL": null, "hardness_mgL": null, "ph": 7.7, "spc_uScm": 223.0, "methane_mgL": null, "tds_mgL": null, "sulfate_mgL": null, "strontium_ugL": null, "boron_ugL": null, "lithium_ugL": null, "calcium_mgL": null, "magnesium_mgL": null, "potassium_mgL": null, "alkalinity_mgL": null, "ammonia_mgL": null, "doc_mgL": null, "temp_C": 27.1, "aquifer_setting": "bedrock (outside mapped unconsolidated aquifer)", "km_to_nearest_valley_aquifer": 2.91, "dec_basin": "Lower Hudson Main Stem", "dec_permit_basin": "13-01", "in_basic_creek_res_catchment": "no"}}, {"type": "Feature", "geometry": {"type": "Point", "coordinates": [-73.833, 42.695]}, "properties": {"site_id": "USGS_424142073495901", "zone": "Albany lowland / Hudson", "sid": 424142073495901, "km_from_ref": 32.4, "aquifer": null, "yr": 1979, "first": "1979-09-19", "last": "1980-04-02", "n_results": 37, "n_chars": 19, "nitrate_mgL_N": null, "chloride_mgL": 57.0, "sodium_mgL": 44.0, "iron_ugL": null, "manganese_ugL": null, "arsenic_ugL": null, "radon_pCiL": null, "ra226_pCiL": null, "ra228_pCiL": null, "uranium_ugL": null, "barium_ugL": null, "fluoride_mgL": null, "hardness_mgL": 130.0, "ph": 8.3, "spc_uScm": null, "methane_mgL": null, "tds_mgL": null, "sulfate_mgL": null, "strontium_ugL": null, "boron_ugL": null, "lithium_ugL": null, "calcium_mgL": 39.0, "magnesium_mgL": 7.9, "potassium_mgL": 1.4, "alkalinity_mgL": null, "ammonia_mgL": 0.12, "doc_mgL": null, "temp_C": null, "aquifer_setting": "valley-fill aquifer: 10-100", "km_to_nearest_valley_aquifer": 0.0, "dec_basin": "Lower Hudson Main Stem", "dec_permit_basin": "13-01", "in_basic_creek_res_catchment": "no"}}, {"type": "Feature", "geometry": {"type": "Point", "coordinates": [-73.833, 42.695]}, "properties": {"site_id": "USGS_424142073495901", "zone": "Albany lowland / Hudson", "sid": 424142073495901, "km_from_ref": 32.4, "aquifer": null, "yr": 1980, "first": "1979-09-19", "last": "1980-04-02", "n_results": 37, "n_chars": 19, "nitrate_mgL_N": null, "chloride_mgL": 99.0, "sodium_mgL": 61.0, "iron_ugL": null, "manganese_ugL": null, "arsenic_ugL": null, "radon_pCiL": null, "ra226_pCiL": null, "ra228_pCiL": null, "uranium_ugL": null, "barium_ugL": null, "fluoride_mgL": null, "hardness_mgL": 170.0, "ph": 7.7, "spc_uScm": 639.0, "methane_mgL": null, "tds_mgL": null, "sulfate_mgL": null, "strontium_ugL": null, "boron_ugL": null, "lithium_ugL": null, "calcium_mgL": 53.0, "magnesium_mgL": 9.5, "potassium_mgL": 2.1, "alkalinity_mgL": null, "ammonia_mgL": 0.17, "doc_mgL": null, "temp_C": 7.5, "aquifer_setting": "valley-fill aquifer: 10-100", "km_to_nearest_valley_aquifer": 0.0, "dec_basin": "Lower Hudson Main Stem", "dec_permit_basin": "13-01", "in_basic_creek_res_catchment": "no"}}, {"type": "Feature", "geometry": {"type": "Point", "coordinates": [-73.863, 42.708]}, "properties": {"site_id": "USGS_424229073514802", "zone": "Albany lowland / Hudson", "sid": 424229073514802, "km_from_ref": 31.5, "aquifer": "Sand", "yr": 1979, "first": "1979-04-18", "last": "1979-09-19", "n_results": 26, "n_chars": 20, "nitrate_mgL_N": null, "chloride_mgL": 4.3, "sodium_mgL": 1.0, "iron_ugL": null, "manganese_ugL": null, "arsenic_ugL": null, "radon_pCiL": null, "ra226_pCiL": null, "ra228_pCiL": null, "uranium_ugL": null, "barium_ugL": null, "fluoride_mgL": null, "hardness_mgL": 8.0, "ph": 6.1, "spc_uScm": 60.0, "methane_mgL": null, "tds_mgL": null, "sulfate_mgL": null, "strontium_ugL": null, "boron_ugL": null, "lithium_ugL": null, "calcium_mgL": 1.9, "magnesium_mgL": 0.7, "potassium_mgL": 0.2, "alkalinity_mgL": null, "ammonia_mgL": 0.01, "doc_mgL": null, "temp_C": 10.0, "aquifer_setting": "valley-fill aquifer: >100", "km_to_nearest_valley_aquifer": 0.0, "dec_basin": "Lower Hudson Main Stem", "dec_permit_basin": "13-01", "in_basic_creek_res_catchment": "no"}}, {"type": "Feature", "geometry": {"type": "Point", "coordinates": [-73.863, 42.708]}, "properties": {"site_id": "USGS_424230073514802", "zone": "Albany lowland / Hudson", "sid": 424230073514802, "km_from_ref": 31.5, "aquifer": "Sand", "yr": 1979, "first": "1979-05-29", "last": "1979-06-08", "n_results": 164, "n_chars": 33, "nitrate_mgL_N": null, "chloride_mgL": 210.0, "sodium_mgL": 130.0, "iron_ugL": 620.0, "manganese_ugL": 200.0, "arsenic_ugL": null, "radon_pCiL": null, "ra226_pCiL": null, "ra228_pCiL": null, "uranium_ugL": null, "barium_ugL": null, "fluoride_mgL": 0.1, "hardness_mgL": 180.0, "ph": null, "spc_uScm": 860.0, "methane_mgL": null, "tds_mgL": 499.0, "sulfate_mgL": 31.0, "strontium_ugL": null, "boron_ugL": null, "lithium_ugL": null, "calcium_mgL": 54.0, "magnesium_mgL": 10.0, "potassium_mgL": 0.9, "alkalinity_mgL": 120.0, "ammonia_mgL": 0.04, "doc_mgL": null, "temp_C": 11.0, "aquifer_setting": "valley-fill aquifer: >100", "km_to_nearest_valley_aquifer": 0.0, "dec_basin": "Lower Hudson Main Stem", "dec_permit_basin": "13-01", "in_basic_creek_res_catchment": "no"}}, {"type": "Feature", "geometry": {"type": "Point", "coordinates": [-73.864, 42.709]}, "properties": {"site_id": "USGS_424231073514901", "zone": "Albany lowland / Hudson", "sid": 424231073514901, "km_from_ref": 31.5, "aquifer": "Sand", "yr": 1979, "first": "1979-04-18", "last": "1979-09-19", "n_results": 33, "n_chars": 20, "nitrate_mgL_N": null, "chloride_mgL": 110.0, "sodium_mgL": 22.0, "iron_ugL": null, "manganese_ugL": null, "arsenic_ugL": null, "radon_pCiL": null, "ra226_pCiL": null, "ra228_pCiL": null, "uranium_ugL": null, "barium_ugL": null, "fluoride_mgL": null, "hardness_mgL": 91.0, "ph": 8.0, "spc_uScm": 550.0, "methane_mgL": null, "tds_mgL": null, "sulfate_mgL": null, "strontium_ugL": null, "boron_ugL": null, "lithium_ugL": null, "calcium_mgL": 27.0, "magnesium_mgL": 5.7, "potassium_mgL": 0.8, "alkalinity_mgL": null, "ammonia_mgL": 0.03, "doc_mgL": null, "temp_C": 11.0, "aquifer_setting": "valley-fill aquifer: >100", "km_to_nearest_valley_aquifer": 0.0, "dec_basin": "Lower Hudson Main Stem", "dec_permit_basin": "13-01", "in_basic_creek_res_catchment": "no"}}, {"type": "Feature", "geometry": {"type": "Point", "coordinates": [-73.864, 42.709]}, "properties": {"site_id": "USGS_424231073514902", "zone": "Albany lowland / Hudson", "sid": 424231073514902, "km_from_ref": 31.5, "aquifer": "Sand", "yr": 1979, "first": "1979-04-18", "last": "1979-09-18", "n_results": 7, "n_chars": 4, "nitrate_mgL_N": null, "chloride_mgL": null, "sodium_mgL": null, "iron_ugL": null, "manganese_ugL": null, "arsenic_ugL": null, "radon_pCiL": null, "ra226_pCiL": null, "ra228_pCiL": null, "uranium_ugL": null, "barium_ugL": null, "fluoride_mgL": null, "hardness_mgL": null, "ph": 6.1, "spc_uScm": 60.0, "methane_mgL": null, "tds_mgL": null, "sulfate_mgL": null, "strontium_ugL": null, "boron_ugL": null, "lithium_ugL": null, "calcium_mgL": null, "magnesium_mgL": null, "potassium_mgL": null, "alkalinity_mgL": null, "ammonia_mgL": null, "doc_mgL": null, "temp_C": 10.0, "aquifer_setting": "valley-fill aquifer: >100", "km_to_nearest_valley_aquifer": 0.0, "dec_basin": "Lower Hudson Main Stem", "dec_permit_basin": "13-01", "in_basic_creek_res_catchment": "no"}}, {"type": "Feature", "geometry": {"type": "Point", "coordinates": [-73.864, 42.709]}, "properties": {"site_id": "USGS_424232073515001", "zone": "Albany lowland / Hudson", "sid": 424232073515001, "km_from_ref": 31.5, "aquifer": "Sand", "yr": 1979, "first": "1979-04-18", "last": "1979-09-19", "n_results": 31, "n_chars": 20, "nitrate_mgL_N": null, "chloride_mgL": 180.0, "sodium_mgL": 100.0, "iron_ugL": null, "manganese_ugL": null, "arsenic_ugL": null, "radon_pCiL": null, "ra226_pCiL": null, "ra228_pCiL": null, "uranium_ugL": null, "barium_ugL": null, "fluoride_mgL": null, "hardness_mgL": 170.0, "ph": 7.9, "spc_uScm": 920.0, "methane_mgL": null, "tds_mgL": null, "sulfate_mgL": null, "strontium_ugL": null, "boron_ugL": null, "lithium_ugL": null, "calcium_mgL": 50.0, "magnesium_mgL": 9.8, "potassium_mgL": 1.0, "alkalinity_mgL": null, "ammonia_mgL": 0.17, "doc_mgL": null, "temp_C": 13.0, "aquifer_setting": "valley-fill aquifer: >100", "km_to_nearest_valley_aquifer": 0.0, "dec_basin": "Lower Hudson Main Stem", "dec_permit_basin": "13-01", "in_basic_creek_res_catchment": "no"}}, {"type": "Feature", "geometry": {"type": "Point", "coordinates": [-73.864, 42.709]}, "properties": {"site_id": "USGS_424232073515002", "zone": "Albany lowland / Hudson", "sid": 424232073515002, "km_from_ref": 31.5, "aquifer": "Sand", "yr": 1979, "first": "1979-04-18", "last": "1993-07-20", "n_results": 251, "n_chars": 208, "nitrate_mgL_N": null, "chloride_mgL": 7.4, "sodium_mgL": 4.4, "iron_ugL": null, "manganese_ugL": null, "arsenic_ugL": null, "radon_pCiL": null, "ra226_pCiL": null, "ra228_pCiL": null, "uranium_ugL": null, "barium_ugL": null, "fluoride_mgL": null, "hardness_mgL": 23.0, "ph": 6.3, "spc_uScm": 75.0, "methane_mgL": null, "tds_mgL": null, "sulfate_mgL": null, "strontium_ugL": null, "boron_ugL": null, "lithium_ugL": null, "calcium_mgL": 6.0, "magnesium_mgL": 2.0, "potassium_mgL": 0.4, "alkalinity_mgL": null, "ammonia_mgL": 0.06, "doc_mgL": null, "temp_C": 10.0, "aquifer_setting": "valley-fill aquifer: >100", "km_to_nearest_valley_aquifer": 0.0, "dec_basin": "Lower Hudson Main Stem", "dec_permit_basin": "13-01", "in_basic_creek_res_catchment": "no"}}, {"type": "Feature", "geometry": {"type": "Point", "coordinates": [-73.864, 42.709]}, "properties": {"site_id": "USGS_424232073515002", "zone": "Albany lowland / Hudson", "sid": 424232073515002, "km_from_ref": 31.5, "aquifer": "Sand", "yr": 1993, "first": "1979-04-18", "last": "1993-07-20", "n_results": 251, "n_chars": 208, "nitrate_mgL_N": 115.0, "chloride_mgL": 51.0, "sodium_mgL": 52.0, "iron_ugL": 79.0, "manganese_ugL": 31.0, "arsenic_ugL": null, "radon_pCiL": 280.0, "ra226_pCiL": null, "ra228_pCiL": null, "uranium_ugL": null, "barium_ugL": 19.0, "fluoride_mgL": null, "hardness_mgL": 88.0, "ph": 7.4, "spc_uScm": 494.0, "methane_mgL": null, "tds_mgL": 321.0, "sulfate_mgL": 30.0, "strontium_ugL": null, "boron_ugL": 20.0, "lithium_ugL": null, "calcium_mgL": 27.0, "magnesium_mgL": 5.0, "potassium_mgL": 2.3, "alkalinity_mgL": 5.9, "ammonia_mgL": null, "doc_mgL": 0.6, "temp_C": 11.0, "aquifer_setting": "valley-fill aquifer: >100", "km_to_nearest_valley_aquifer": 0.0, "dec_basin": "Lower Hudson Main Stem", "dec_permit_basin": "13-01", "in_basic_creek_res_catchment": "no"}}, {"type": "Feature", "geometry": {"type": "Point", "coordinates": [-73.864, 42.709]}, "properties": {"site_id": "USGS_424232073514901", "zone": "Albany lowland / Hudson", "sid": 424232073514901, "km_from_ref": 31.5, "aquifer": "Sand", "yr": 1979, "first": "1979-04-18", "last": "1993-07-20", "n_results": 252, "n_chars": 208, "nitrate_mgL_N": null, "chloride_mgL": 200.0, "sodium_mgL": 41.0, "iron_ugL": null, "manganese_ugL": null, "arsenic_ugL": null, "radon_pCiL": null, "ra226_pCiL": null, "ra228_pCiL": null, "uranium_ugL": null, "barium_ugL": null, "fluoride_mgL": null, "hardness_mgL": 99.0, "ph": 7.7, "spc_uScm": 910.0, "methane_mgL": null, "tds_mgL": null, "sulfate_mgL": null, "strontium_ugL": null, "boron_ugL": null, "lithium_ugL": null, "calcium_mgL": 30.0, "magnesium_mgL": 5.9, "potassium_mgL": 0.4, "alkalinity_mgL": null, "ammonia_mgL": 0.04, "doc_mgL": null, "temp_C": 11.0, "aquifer_setting": "valley-fill aquifer: >100", "km_to_nearest_valley_aquifer": 0.0, "dec_basin": "Lower Hudson Main Stem", "dec_permit_basin": "13-01", "in_basic_creek_res_catchment": "no"}}, {"type": "Feature", "geometry": {"type": "Point", "coordinates": [-73.864, 42.709]}, "properties": {"site_id": "USGS_424232073514902", "zone": "Albany lowland / Hudson", "sid": 424232073514902, "km_from_ref": 31.5, "aquifer": "Sand", "yr": 1979, "first": "1979-05-28", "last": "1979-05-28", "n_results": 2, "n_chars": 2, "nitrate_mgL_N": null, "chloride_mgL": null, "sodium_mgL": null, "iron_ugL": null, "manganese_ugL": null, "arsenic_ugL": null, "radon_pCiL": null, "ra226_pCiL": null, "ra228_pCiL": null, "uranium_ugL": null, "barium_ugL": null, "fluoride_mgL": null, "hardness_mgL": null, "ph": null, "spc_uScm": 860.0, "methane_mgL": null, "tds_mgL": null, "sulfate_mgL": null, "strontium_ugL": null, "boron_ugL": null, "lithium_ugL": null, "calcium_mgL": null, "magnesium_mgL": null, "potassium_mgL": null, "alkalinity_mgL": null, "ammonia_mgL": null, "doc_mgL": null, "temp_C": 11.0, "aquifer_setting": "valley-fill aquifer: >100", "km_to_nearest_valley_aquifer": 0.0, "dec_basin": "Lower Hudson Main Stem", "dec_permit_basin": "13-01", "in_basic_creek_res_catchment": "no"}}, {"type": "Feature", "geometry": {"type": "Point", "coordinates": [-73.864, 42.709]}, "properties": {"site_id": "USGS_424232073514901", "zone": "Albany lowland / Hudson", "sid": 424232073514901, "km_from_ref": 31.5, "aquifer": "Sand", "yr": 1993, "first": "1979-04-18", "last": "1993-07-20", "n_results": 252, "n_chars": 208, "nitrate_mgL_N": null, "chloride_mgL": 350.0, "sodium_mgL": 220.0, "iron_ugL": 230.0, "manganese_ugL": 268.0, "arsenic_ugL": 3.0, "radon_pCiL": 80.0, "ra226_pCiL": null, "ra228_pCiL": null, "uranium_ugL": null, "barium_ugL": 197.0, "fluoride_mgL": 0.2, "hardness_mgL": 254.0, "ph": 7.6, "spc_uScm": 1650.0, "methane_mgL": null, "tds_mgL": 918.0, "sulfate_mgL": 47.0, "strontium_ugL": null, "boron_ugL": 10.0, "lithium_ugL": null, "calcium_mgL": 77.0, "magnesium_mgL": 15.0, "potassium_mgL": 1.5, "alkalinity_mgL": 226.0, "ammonia_mgL": 0.026, "doc_mgL": 1.3, "temp_C": 12.0, "aquifer_setting": "valley-fill aquifer: >100", "km_to_nearest_valley_aquifer": 0.0, "dec_basin": "Lower Hudson Main Stem", "dec_permit_basin": "13-01", "in_basic_creek_res_catchment": "no"}}, {"type": "Feature", "geometry": {"type": "Point", "coordinates": [-73.849, 42.704]}, "properties": {"site_id": "USGS_424215073505601", "zone": "Albany lowland / Hudson", "sid": 424215073505601, "km_from_ref": 32.1, "aquifer": "Sand", "yr": 1979, "first": "1979-04-11", "last": "1979-09-18", "n_results": 30, "n_chars": 18, "nitrate_mgL_N": null, "chloride_mgL": 130.0, "sodium_mgL": 40.0, "iron_ugL": null, "manganese_ugL": null, "arsenic_ugL": null, "radon_pCiL": null, "ra226_pCiL": null, "ra228_pCiL": null, "uranium_ugL": null, "barium_ugL": null, "fluoride_mgL": null, "hardness_mgL": 600.0, "ph": 7.3, "spc_uScm": 1310.0, "methane_mgL": null, "tds_mgL": null, "sulfate_mgL": null, "strontium_ugL": null, "boron_ugL": null, "lithium_ugL": null, "calcium_mgL": 170.0, "magnesium_mgL": 42.0, "potassium_mgL": 1.5, "alkalinity_mgL": null, "ammonia_mgL": 0.06, "doc_mgL": null, "temp_C": null, "aquifer_setting": "valley-fill aquifer: >100", "km_to_nearest_valley_aquifer": 0.0, "dec_basin": "Lower Hudson Main Stem", "dec_permit_basin": "13-01", "in_basic_creek_res_catchment": "no"}}, {"type": "Feature", "geometry": {"type": "Point", "coordinates": [-73.883, 42.717]}, "properties": {"site_id": "USGS_424302073525801", "zone": "Albany lowland / Hudson", "sid": 424302073525801, "km_from_ref": 31.0, "aquifer": "Sand", "yr": 1979, "first": "1979-04-18", "last": "1979-04-18", "n_results": 1, "n_chars": 1, "nitrate_mgL_N": null, "chloride_mgL": null, "sodium_mgL": null, "iron_ugL": null, "manganese_ugL": null, "arsenic_ugL": null, "radon_pCiL": null, "ra226_pCiL": null, "ra228_pCiL": null, "uranium_ugL": null, "barium_ugL": null, "fluoride_mgL": null, "hardness_mgL": null, "ph": null, "spc_uScm": 460.0, "methane_mgL": null, "tds_mgL": null, "sulfate_mgL": null, "strontium_ugL": null, "boron_ugL": null, "lithium_ugL": null, "calcium_mgL": null, "magnesium_mgL": null, "potassium_mgL": null, "alkalinity_mgL": null, "ammonia_mgL": null, "doc_mgL": null, "temp_C": null, "aquifer_setting": "valley-fill aquifer: >100", "km_to_nearest_valley_aquifer": 0.0, "dec_basin": "Normanskill Creek", "dec_permit_basin": "13-11", "in_basic_creek_res_catchment": "no"}}, {"type": "Feature", "geometry": {"type": "Point", "coordinates": [-73.872, 42.714]}, "properties": {"site_id": "USGS_424249073521801", "zone": "Albany lowland / Hudson", "sid": 424249073521801, "km_from_ref": 31.4, "aquifer": "Sand", "yr": 1979, "first": "1979-04-18", "last": "1979-09-19", "n_results": 32, "n_chars": 20, "nitrate_mgL_N": null, "chloride_mgL": 130.0, "sodium_mgL": 46.0, "iron_ugL": null, "manganese_ugL": null, "arsenic_ugL": null, "radon_pCiL": null, "ra226_pCiL": null, "ra228_pCiL": null, "uranium_ugL": null, "barium_ugL": null, "fluoride_mgL": null, "hardness_mgL": 110.0, "ph": 7.7, "spc_uScm": 1080.0, "methane_mgL": null, "tds_mgL": null, "sulfate_mgL": null, "strontium_ugL": null, "boron_ugL": null, "lithium_ugL": null, "calcium_mgL": 33.0, "magnesium_mgL": 5.9, "potassium_mgL": 0.6, "alkalinity_mgL": null, "ammonia_mgL": 0.06, "doc_mgL": null, "temp_C": 12.0, "aquifer_setting": "valley-fill aquifer: >100", "km_to_nearest_valley_aquifer": 0.0, "dec_basin": "Normanskill Creek", "dec_permit_basin": "13-11", "in_basic_creek_res_catchment": "no"}}, {"type": "Feature", "geometry": {"type": "Point", "coordinates": [-73.846, 42.704]}, "properties": {"site_id": "USGS_424214073504701", "zone": "Albany lowland / Hudson", "sid": 424214073504701, "km_from_ref": 32.3, "aquifer": null, "yr": 2018, "first": "2018-07-16", "last": "2018-07-16", "n_results": 73, "n_chars": 73, "nitrate_mgL_N": null, "chloride_mgL": null, "sodium_mgL": 0.87, "iron_ugL": 4.4, "manganese_ugL": 2120.0, "arsenic_ugL": 22.4, "radon_pCiL": null, "ra226_pCiL": null, "ra228_pCiL": null, "uranium_ugL": 1.5, "barium_ugL": 360.0, "fluoride_mgL": null, "hardness_mgL": null, "ph": null, "spc_uScm": null, "methane_mgL": null, "tds_mgL": null, "sulfate_mgL": null, "strontium_ugL": 108.0, "boron_ugL": null, "lithium_ugL": 14.0, "calcium_mgL": 1.45, "magnesium_mgL": 0.52, "potassium_mgL": 1.38, "alkalinity_mgL": null, "ammonia_mgL": null, "doc_mgL": 2.3, "temp_C": null, "aquifer_setting": "valley-fill aquifer: >100", "km_to_nearest_valley_aquifer": 0.0, "dec_basin": "Lower Hudson Main Stem", "dec_permit_basin": "13-01", "in_basic_creek_res_catchment": "no"}}, {"type": "Feature", "geometry": {"type": "Point", "coordinates": [-73.872, 42.714]}, "properties": {"site_id": "USGS_424250073521901", "zone": "Albany lowland / Hudson", "sid": 424250073521901, "km_from_ref": 31.4, "aquifer": "Sand", "yr": 1979, "first": "1979-04-18", "last": "1979-09-19", "n_results": 44, "n_chars": 21, "nitrate_mgL_N": null, "chloride_mgL": 250.0, "sodium_mgL": 24.0, "iron_ugL": null, "manganese_ugL": null, "arsenic_ugL": null, "radon_pCiL": null, "ra226_pCiL": null, "ra228_pCiL": null, "uranium_ugL": null, "barium_ugL": null, "fluoride_mgL": null, "hardness_mgL": 350.0, "ph": 7.9, "spc_uScm": 1090.0, "methane_mgL": null, "tds_mgL": null, "sulfate_mgL": null, "strontium_ugL": null, "boron_ugL": null, "lithium_ugL": null, "calcium_mgL": 110.0, "magnesium_mgL": 18.0, "potassium_mgL": 0.7, "alkalinity_mgL": null, "ammonia_mgL": 1.8, "doc_mgL": null, "temp_C": 14.0, "aquifer_setting": "valley-fill aquifer: >100", "km_to_nearest_valley_aquifer": 0.0, "dec_basin": "Normanskill Creek", "dec_permit_basin": "13-11", "in_basic_creek_res_catchment": "no"}}, {"type": "Feature", "geometry": {"type": "Point", "coordinates": [-73.872, 42.714]}, "properties": {"site_id": "USGS_424250073521902", "zone": "Albany lowland / Hudson", "sid": 424250073521902, "km_from_ref": 31.4, "aquifer": "Sand", "yr": 1979, "first": "1979-04-18", "last": "1979-09-19", "n_results": 32, "n_chars": 20, "nitrate_mgL_N": null, "chloride_mgL": 80.0, "sodium_mgL": 18.0, "iron_ugL": null, "manganese_ugL": null, "arsenic_ugL": null, "radon_pCiL": null, "ra226_pCiL": null, "ra228_pCiL": null, "uranium_ugL": null, "barium_ugL": null, "fluoride_mgL": null, "hardness_mgL": 79.0, "ph": 8.0, "spc_uScm": 670.0, "methane_mgL": null, "tds_mgL": null, "sulfate_mgL": null, "strontium_ugL": null, "boron_ugL": null, "lithium_ugL": null, "calcium_mgL": 25.0, "magnesium_mgL": 3.9, "potassium_mgL": 0.6, "alkalinity_mgL": null, "ammonia_mgL": 0.61, "doc_mgL": null, "temp_C": 11.5, "aquifer_setting": "valley-fill aquifer: >100", "km_to_nearest_valley_aquifer": 0.0, "dec_basin": "Normanskill Creek", "dec_permit_basin": "13-11", "in_basic_creek_res_catchment": "no"}}, {"type": "Feature", "geometry": {"type": "Point", "coordinates": [-73.865, 42.713]}, "properties": {"site_id": "USGS_424247073515301", "zone": "Albany lowland / Hudson", "sid": 424247073515301, "km_from_ref": 31.8, "aquifer": "Sand", "yr": 1979, "first": "1979-04-17", "last": "1979-04-17", "n_results": 12, "n_chars": 11, "nitrate_mgL_N": null, "chloride_mgL": 1.1, "sodium_mgL": null, "iron_ugL": null, "manganese_ugL": null, "arsenic_ugL": null, "radon_pCiL": null, "ra226_pCiL": null, "ra228_pCiL": null, "uranium_ugL": null, "barium_ugL": null, "fluoride_mgL": null, "hardness_mgL": null, "ph": 7.6, "spc_uScm": 207.0, "methane_mgL": null, "tds_mgL": null, "sulfate_mgL": null, "strontium_ugL": null, "boron_ugL": null, "lithium_ugL": null, "calcium_mgL": null, "magnesium_mgL": null, "potassium_mgL": null, "alkalinity_mgL": null, "ammonia_mgL": 0.0, "doc_mgL": null, "temp_C": 11.0, "aquifer_setting": "valley-fill aquifer: >100", "km_to_nearest_valley_aquifer": 0.0, "dec_basin": "Lower Hudson Main Stem", "dec_permit_basin": "13-01", "in_basic_creek_res_catchment": "no"}}, {"type": "Feature", "geometry": {"type": "Point", "coordinates": [-73.865, 42.713]}, "properties": {"site_id": "USGS_424247073515302", "zone": "Albany lowland / Hudson", "sid": 424247073515302, "km_from_ref": 31.8, "aquifer": "Sand", "yr": 1979, "first": "1979-04-17", "last": "1979-09-19", "n_results": 33, "n_chars": 20, "nitrate_mgL_N": null, "chloride_mgL": 1.7, "sodium_mgL": 1.5, "iron_ugL": null, "manganese_ugL": null, "arsenic_ugL": null, "radon_pCiL": null, "ra226_pCiL": null, "ra228_pCiL": null, "uranium_ugL": null, "barium_ugL": null, "fluoride_mgL": null, "hardness_mgL": 39.0, "ph": 7.9, "spc_uScm": 141.0, "methane_mgL": null, "tds_mgL": null, "sulfate_mgL": null, "strontium_ugL": null, "boron_ugL": null, "lithium_ugL": null, "calcium_mgL": 12.0, "magnesium_mgL": 2.1, "potassium_mgL": 0.2, "alkalinity_mgL": null, "ammonia_mgL": 0.08, "doc_mgL": null, "temp_C": 12.0, "aquifer_setting": "valley-fill aquifer: >100", "km_to_nearest_valley_aquifer": 0.0, "dec_basin": "Lower Hudson Main Stem", "dec_permit_basin": "13-01", "in_basic_creek_res_catchment": "no"}}, {"type": "Feature", "geometry": {"type": "Point", "coordinates": [-73.983, 42.741]}, "properties": {"site_id": "USGS_424429073585801", "zone": "Albany lowland / Hudson", "sid": 424429073585801, "km_from_ref": 28.4, "aquifer": null, "yr": 1994, "first": "1994-11-17", "last": "1994-11-17", "n_results": 204, "n_chars": 190, "nitrate_mgL_N": null, "chloride_mgL": 23.0, "sodium_mgL": 210.0, "iron_ugL": 41.0, "manganese_ugL": 17.0, "arsenic_ugL": null, "radon_pCiL": 220.0, "ra226_pCiL": null, "ra228_pCiL": null, "uranium_ugL": null, "barium_ugL": null, "fluoride_mgL": 1.4, "hardness_mgL": 8.76, "ph": 7.9, "spc_uScm": 883.0, "methane_mgL": null, "tds_mgL": 515.0, "sulfate_mgL": 4.5, "strontium_ugL": null, "boron_ugL": null, "lithium_ugL": null, "calcium_mgL": 2.6, "magnesium_mgL": 0.55, "potassium_mgL": 3.6, "alkalinity_mgL": 445.0, "ammonia_mgL": 1.67, "doc_mgL": 0.3, "temp_C": 11.1, "aquifer_setting": "bedrock (outside mapped unconsolidated aquifer)", "km_to_nearest_valley_aquifer": 0.36, "dec_basin": "Normanskill Creek", "dec_permit_basin": "13-11", "in_basic_creek_res_catchment": "no"}}, {"type": "Feature", "geometry": {"type": "Point", "coordinates": [-73.864, 42.713]}, "properties": {"site_id": "USGS_424247073515201", "zone": "Albany lowland / Hudson", "sid": 424247073515201, "km_from_ref": 31.8, "aquifer": "Sand", "yr": 1979, "first": "1979-04-17", "last": "1979-09-19", "n_results": 44, "n_chars": 21, "nitrate_mgL_N": null, "chloride_mgL": 1.5, "sodium_mgL": 1.1, "iron_ugL": null, "manganese_ugL": null, "arsenic_ugL": null, "radon_pCiL": null, "ra226_pCiL": null, "ra228_pCiL": null, "uranium_ugL": null, "barium_ugL": null, "fluoride_mgL": null, "hardness_mgL": 58.0, "ph": 8.3, "spc_uScm": 210.0, "methane_mgL": null, "tds_mgL": null, "sulfate_mgL": null, "strontium_ugL": null, "boron_ugL": null, "lithium_ugL": null, "calcium_mgL": 18.0, "magnesium_mgL": 3.2, "potassium_mgL": 0.2, "alkalinity_mgL": null, "ammonia_mgL": 0.7, "doc_mgL": null, "temp_C": 11.5, "aquifer_setting": "valley-fill aquifer: >100", "km_to_nearest_valley_aquifer": 0.0, "dec_basin": "Lower Hudson Main Stem", "dec_permit_basin": "13-01", "in_basic_creek_res_catchment": "no"}}, {"type": "Feature", "geometry": {"type": "Point", "coordinates": [-73.864, 42.713]}, "properties": {"site_id": "USGS_424247073515202", "zone": "Albany lowland / Hudson", "sid": 424247073515202, "km_from_ref": 31.8, "aquifer": "Sand", "yr": 1979, "first": "1979-08-15", "last": "1979-08-16", "n_results": 68, "n_chars": 14, "nitrate_mgL_N": null, "chloride_mgL": null, "sodium_mgL": null, "iron_ugL": 50.0, "manganese_ugL": null, "arsenic_ugL": null, "radon_pCiL": null, "ra226_pCiL": null, "ra228_pCiL": null, "uranium_ugL": null, "barium_ugL": null, "fluoride_mgL": null, "hardness_mgL": null, "ph": null, "spc_uScm": null, "methane_mgL": null, "tds_mgL": null, "sulfate_mgL": null, "strontium_ugL": null, "boron_ugL": null, "lithium_ugL": null, "calcium_mgL": null, "magnesium_mgL": null, "potassium_mgL": null, "alkalinity_mgL": null, "ammonia_mgL": 0.0, "doc_mgL": null, "temp_C": 11.0, "aquifer_setting": "valley-fill aquifer: >100", "km_to_nearest_valley_aquifer": 0.0, "dec_basin": "Lower Hudson Main Stem", "dec_permit_basin": "13-01", "in_basic_creek_res_catchment": "no"}}, {"type": "Feature", "geometry": {"type": "Point", "coordinates": [-74.412, 42.292]}, "properties": {"site_id": "USGS_421730074244201", "zone": "Catskill Creek valley / Greene", "sid": 421730074244201, "km_from_ref": 33.0, "aquifer": null, "yr": 2006, "first": "2006-08-14", "last": "2006-08-14", "n_results": 264, "n_chars": 235, "nitrate_mgL_N": null, "chloride_mgL": 600.0, "sodium_mgL": 411.0, "iron_ugL": 52.4, "manganese_ugL": 12.1, "arsenic_ugL": 6.5, "radon_pCiL": 110.0, "ra226_pCiL": null, "ra228_pCiL": null, "uranium_ugL": 0.007, "barium_ugL": 261.0, "fluoride_mgL": 0.56, "hardness_mgL": 22.7, "ph": 8.9, "spc_uScm": 2230.0, "methane_mgL": null, "tds_mgL": 1130.0, "sulfate_mgL": null, "strontium_ugL": 434.0, "boron_ugL": 264.0, "lithium_ugL": 352.0, "calcium_mgL": 7.31, "magnesium_mgL": 1.08, "potassium_mgL": 1.27, "alkalinity_mgL": 122.0, "ammonia_mgL": 0.453, "doc_mgL": null, "temp_C": 11.5, "aquifer_setting": "valley-fill aquifer: >100", "km_to_nearest_valley_aquifer": 0.0, "dec_basin": "Schoharie Creek * (w/I NY watershed)", "dec_permit_basin": "12-02*", "in_basic_creek_res_catchment": "no"}}, {"type": "Feature", "geometry": {"type": "Point", "coordinates": [-73.865, 42.713]}, "properties": {"site_id": "USGS_424248073515401", "zone": "Albany lowland / Hudson", "sid": 424248073515401, "km_from_ref": 31.8, "aquifer": "Sand", "yr": 1979, "first": "1979-04-17", "last": "1979-04-17", "n_results": 4, "n_chars": 4, "nitrate_mgL_N": null, "chloride_mgL": null, "sodium_mgL": null, "iron_ugL": null, "manganese_ugL": null, "arsenic_ugL": null, "radon_pCiL": null, "ra226_pCiL": null, "ra228_pCiL": null, "uranium_ugL": null, "barium_ugL": null, "fluoride_mgL": null, "hardness_mgL": null, "ph": 7.7, "spc_uScm": 208.0, "methane_mgL": null, "tds_mgL": null, "sulfate_mgL": null, "strontium_ugL": null, "boron_ugL": null, "lithium_ugL": null, "calcium_mgL": null, "magnesium_mgL": null, "potassium_mgL": null, "alkalinity_mgL": null, "ammonia_mgL": null, "doc_mgL": null, "temp_C": 11.0, "aquifer_setting": "valley-fill aquifer: >100", "km_to_nearest_valley_aquifer": 0.0, "dec_basin": "Lower Hudson Main Stem", "dec_permit_basin": "13-01", "in_basic_creek_res_catchment": "no"}}, {"type": "Feature", "geometry": {"type": "Point", "coordinates": [-73.865, 42.713]}, "properties": {"site_id": "USGS_424248073515402", "zone": "Albany lowland / Hudson", "sid": 424248073515402, "km_from_ref": 31.8, "aquifer": "Sand", "yr": 1979, "first": "1979-04-17", "last": "1979-04-17", "n_results": 4, "n_chars": 4, "nitrate_mgL_N": null, "chloride_mgL": null, "sodium_mgL": null, "iron_ugL": null, "manganese_ugL": null, "arsenic_ugL": null, "radon_pCiL": null, "ra226_pCiL": null, "ra228_pCiL": null, "uranium_ugL": null, "barium_ugL": null, "fluoride_mgL": null, "hardness_mgL": null, "ph": 7.6, "spc_uScm": 220.0, "methane_mgL": null, "tds_mgL": null, "sulfate_mgL": null, "strontium_ugL": null, "boron_ugL": null, "lithium_ugL": null, "calcium_mgL": null, "magnesium_mgL": null, "potassium_mgL": null, "alkalinity_mgL": null, "ammonia_mgL": null, "doc_mgL": null, "temp_C": 15.5, "aquifer_setting": "valley-fill aquifer: >100", "km_to_nearest_valley_aquifer": 0.0, "dec_basin": "Lower Hudson Main Stem", "dec_permit_basin": "13-01", "in_basic_creek_res_catchment": "no"}}, {"type": "Feature", "geometry": {"type": "Point", "coordinates": [-73.866, 42.714]}, "properties": {"site_id": "USGS_424250073515901", "zone": "Albany lowland / Hudson", "sid": 424250073515901, "km_from_ref": 31.8, "aquifer": "Sand", "yr": 1979, "first": "1979-04-17", "last": "1979-04-17", "n_results": 12, "n_chars": 11, "nitrate_mgL_N": null, "chloride_mgL": 1.5, "sodium_mgL": null, "iron_ugL": null, "manganese_ugL": null, "arsenic_ugL": null, "radon_pCiL": null, "ra226_pCiL": null, "ra228_pCiL": null, "uranium_ugL": null, "barium_ugL": null, "fluoride_mgL": null, "hardness_mgL": null, "ph": 7.7, "spc_uScm": 208.0, "methane_mgL": null, "tds_mgL": null, "sulfate_mgL": null, "strontium_ugL": null, "boron_ugL": null, "lithium_ugL": null, "calcium_mgL": null, "magnesium_mgL": null, "potassium_mgL": null, "alkalinity_mgL": null, "ammonia_mgL": 0.0, "doc_mgL": null, "temp_C": 11.0, "aquifer_setting": "valley-fill aquifer: >100", "km_to_nearest_valley_aquifer": 0.0, "dec_basin": "Lower Hudson Main Stem", "dec_permit_basin": "13-01", "in_basic_creek_res_catchment": "no"}}, {"type": "Feature", "geometry": {"type": "Point", "coordinates": [-73.866, 42.714]}, "properties": {"site_id": "USGS_424250073515902", "zone": "Albany lowland / Hudson", "sid": 424250073515902, "km_from_ref": 31.8, "aquifer": "Sand", "yr": 1979, "first": "1979-04-17", "last": "1979-04-17", "n_results": 12, "n_chars": 11, "nitrate_mgL_N": null, "chloride_mgL": 1.8, "sodium_mgL": null, "iron_ugL": null, "manganese_ugL": null, "arsenic_ugL": null, "radon_pCiL": null, "ra226_pCiL": null, "ra228_pCiL": null, "uranium_ugL": null, "barium_ugL": null, "fluoride_mgL": null, "hardness_mgL": null, "ph": 7.6, "spc_uScm": 220.0, "methane_mgL": null, "tds_mgL": null, "sulfate_mgL": null, "strontium_ugL": null, "boron_ugL": null, "lithium_ugL": null, "calcium_mgL": null, "magnesium_mgL": null, "potassium_mgL": null, "alkalinity_mgL": null, "ammonia_mgL": 0.0, "doc_mgL": null, "temp_C": 15.5, "aquifer_setting": "valley-fill aquifer: >100", "km_to_nearest_valley_aquifer": 0.0, "dec_basin": "Lower Hudson Main Stem", "dec_permit_basin": "13-01", "in_basic_creek_res_catchment": "no"}}, {"type": "Feature", "geometry": {"type": "Point", "coordinates": [-73.823, 42.696]}, "properties": {"site_id": "USGS_424146073492301", "zone": "Albany lowland / Hudson", "sid": 424146073492301, "km_from_ref": 33.2, "aquifer": null, "yr": 2018, "first": "2018-07-16", "last": "2018-07-16", "n_results": 73, "n_chars": 73, "nitrate_mgL_N": null, "chloride_mgL": null, "sodium_mgL": 0.82, "iron_ugL": 2.3, "manganese_ugL": 416.0, "arsenic_ugL": 3.8, "radon_pCiL": null, "ra226_pCiL": null, "ra228_pCiL": null, "uranium_ugL": 1.5, "barium_ugL": 332.0, "fluoride_mgL": null, "hardness_mgL": null, "ph": null, "spc_uScm": null, "methane_mgL": null, "tds_mgL": null, "sulfate_mgL": null, "strontium_ugL": 108.0, "boron_ugL": null, "lithium_ugL": 16.0, "calcium_mgL": 1.88, "magnesium_mgL": 0.71, "potassium_mgL": 1.61, "alkalinity_mgL": null, "ammonia_mgL": null, "doc_mgL": 2.1, "temp_C": null, "aquifer_setting": "valley-fill aquifer: 10-100", "km_to_nearest_valley_aquifer": 0.0, "dec_basin": "Lower Hudson Main Stem", "dec_permit_basin": "13-01", "in_basic_creek_res_catchment": "no"}}, {"type": "Feature", "geometry": {"type": "Point", "coordinates": [-73.821, 42.695]}, "properties": {"site_id": "USGS_424143073491501", "zone": "Albany lowland / Hudson", "sid": 424143073491501, "km_from_ref": 33.2, "aquifer": null, "yr": 2018, "first": "2018-07-16", "last": "2018-07-16", "n_results": 73, "n_chars": 73, "nitrate_mgL_N": null, "chloride_mgL": null, "sodium_mgL": 1.19, "iron_ugL": 2.7, "manganese_ugL": 392.0, "arsenic_ugL": 5.8, "radon_pCiL": null, "ra226_pCiL": null, "ra228_pCiL": null, "uranium_ugL": 1.3, "barium_ugL": 290.0, "fluoride_mgL": null, "hardness_mgL": null, "ph": null, "spc_uScm": null, "methane_mgL": null, "tds_mgL": null, "sulfate_mgL": null, "strontium_ugL": 213.0, "boron_ugL": null, "lithium_ugL": 18.0, "calcium_mgL": 9.1, "magnesium_mgL": 1.94, "potassium_mgL": 1.36, "alkalinity_mgL": null, "ammonia_mgL": null, "doc_mgL": 2.0, "temp_C": null, "aquifer_setting": "valley-fill aquifer: 10-100", "km_to_nearest_valley_aquifer": 0.0, "dec_basin": "Lower Hudson Main Stem", "dec_permit_basin": "13-01", "in_basic_creek_res_catchment": "no"}}, {"type": "Feature", "geometry": {"type": "Point", "coordinates": [-73.786, 42.677]}, "properties": {"site_id": "USGS_424037073471001", "zone": "Albany lowland / Hudson", "sid": 424037073471001, "km_from_ref": 34.5, "aquifer": null, "yr": 2018, "first": "2018-07-16", "last": "2018-07-16", "n_results": 73, "n_chars": 73, "nitrate_mgL_N": null, "chloride_mgL": null, "sodium_mgL": 0.94, "iron_ugL": 2.7, "manganese_ugL": 418.0, "arsenic_ugL": 6.5, "radon_pCiL": null, "ra226_pCiL": null, "ra228_pCiL": null, "uranium_ugL": 1.7, "barium_ugL": 347.0, "fluoride_mgL": null, "hardness_mgL": null, "ph": null, "spc_uScm": null, "methane_mgL": null, "tds_mgL": null, "sulfate_mgL": null, "strontium_ugL": 154.0, "boron_ugL": null, "lithium_ugL": 20.0, "calcium_mgL": 5.65, "magnesium_mgL": 1.77, "potassium_mgL": 1.51, "alkalinity_mgL": null, "ammonia_mgL": null, "doc_mgL": 4.6, "temp_C": null, "aquifer_setting": "valley-fill aquifer: >100", "km_to_nearest_valley_aquifer": 0.0, "dec_basin": "Lower Hudson Main Stem", "dec_permit_basin": "13-01", "in_basic_creek_res_catchment": "no"}}, {"type": "Feature", "geometry": {"type": "Point", "coordinates": [-73.791, 42.68]}, "properties": {"site_id": "USGS_424049073472901", "zone": "Albany lowland / Hudson", "sid": 424049073472901, "km_from_ref": 34.3, "aquifer": null, "yr": 2018, "first": "2018-07-16", "last": "2018-07-16", "n_results": 73, "n_chars": 73, "nitrate_mgL_N": null, "chloride_mgL": null, "sodium_mgL": 1.03, "iron_ugL": 2.9, "manganese_ugL": 441.0, "arsenic_ugL": 5.5, "radon_pCiL": null, "ra226_pCiL": null, "ra228_pCiL": null, "uranium_ugL": 1.6, "barium_ugL": 361.0, "fluoride_mgL": null, "hardness_mgL": null, "ph": null, "spc_uScm": null, "methane_mgL": null, "tds_mgL": null, "sulfate_mgL": null, "strontium_ugL": 168.0, "boron_ugL": null, "lithium_ugL": 21.0, "calcium_mgL": 4.37, "magnesium_mgL": 1.33, "potassium_mgL": 1.69, "alkalinity_mgL": null, "ammonia_mgL": null, "doc_mgL": 2.5, "temp_C": null, "aquifer_setting": "valley-fill aquifer: >100", "km_to_nearest_valley_aquifer": 0.0, "dec_basin": "Lower Hudson Main Stem", "dec_permit_basin": "13-01", "in_basic_creek_res_catchment": "no"}}, {"type": "Feature", "geometry": {"type": "Point", "coordinates": [-73.804, 42.689]}, "properties": {"site_id": "USGS_424119073481601", "zone": "Albany lowland / Hudson", "sid": 424119073481601, "km_from_ref": 34.0, "aquifer": null, "yr": 2018, "first": "2018-07-16", "last": "2018-07-16", "n_results": 73, "n_chars": 73, "nitrate_mgL_N": null, "chloride_mgL": null, "sodium_mgL": 0.8, "iron_ugL": 2.4, "manganese_ugL": 648.0, "arsenic_ugL": 4.3, "radon_pCiL": null, "ra226_pCiL": null, "ra228_pCiL": null, "uranium_ugL": 1.0, "barium_ugL": 332.0, "fluoride_mgL": null, "hardness_mgL": null, "ph": null, "spc_uScm": null, "methane_mgL": null, "tds_mgL": null, "sulfate_mgL": null, "strontium_ugL": 129.0, "boron_ugL": null, "lithium_ugL": 16.0, "calcium_mgL": 3.89, "magnesium_mgL": 1.16, "potassium_mgL": 1.62, "alkalinity_mgL": null, "ammonia_mgL": null, "doc_mgL": 0.5, "temp_C": null, "aquifer_setting": "valley-fill aquifer: 10-100", "km_to_nearest_valley_aquifer": 0.0, "dec_basin": "Lower Hudson Main Stem", "dec_permit_basin": "13-01", "in_basic_creek_res_catchment": "no"}}, {"type": "Feature", "geometry": {"type": "Point", "coordinates": [-73.795, 42.684]}, "properties": {"site_id": "USGS_424104073474201", "zone": "Albany lowland / Hudson", "sid": 424104073474201, "km_from_ref": 34.3, "aquifer": null, "yr": 2018, "first": "2018-07-16", "last": "2018-07-16", "n_results": 73, "n_chars": 73, "nitrate_mgL_N": null, "chloride_mgL": null, "sodium_mgL": 0.59, "iron_ugL": 5.9, "manganese_ugL": 397.0, "arsenic_ugL": 154.0, "radon_pCiL": null, "ra226_pCiL": null, "ra228_pCiL": null, "uranium_ugL": 1.3, "barium_ugL": 283.0, "fluoride_mgL": null, "hardness_mgL": null, "ph": null, "spc_uScm": null, "methane_mgL": null, "tds_mgL": null, "sulfate_mgL": null, "strontium_ugL": 194.0, "boron_ugL": null, "lithium_ugL": 19.0, "calcium_mgL": 6.02, "magnesium_mgL": 1.45, "potassium_mgL": 1.3, "alkalinity_mgL": null, "ammonia_mgL": null, "doc_mgL": 5.2, "temp_C": null, "aquifer_setting": "bedrock (outside mapped unconsolidated aquifer)", "km_to_nearest_valley_aquifer": 0.14, "dec_basin": "Lower Hudson Main Stem", "dec_permit_basin": "13-01", "in_basic_creek_res_catchment": "no"}}, {"type": "Feature", "geometry": {"type": "Point", "coordinates": [-73.819, 42.697]}, "properties": {"site_id": "USGS_424149073490701", "zone": "Albany lowland / Hudson", "sid": 424149073490701, "km_from_ref": 33.5, "aquifer": null, "yr": 2018, "first": "2018-07-16", "last": "2018-07-16", "n_results": 73, "n_chars": 73, "nitrate_mgL_N": null, "chloride_mgL": null, "sodium_mgL": 0.77, "iron_ugL": 3.2, "manganese_ugL": 735.0, "arsenic_ugL": 4.8, "radon_pCiL": null, "ra226_pCiL": null, "ra228_pCiL": null, "uranium_ugL": 1.2, "barium_ugL": 322.0, "fluoride_mgL": null, "hardness_mgL": null, "ph": null, "spc_uScm": null, "methane_mgL": null, "tds_mgL": null, "sulfate_mgL": null, "strontium_ugL": 90.2, "boron_ugL": null, "lithium_ugL": 14.0, "calcium_mgL": 1.24, "magnesium_mgL": 0.59, "potassium_mgL": 1.56, "alkalinity_mgL": null, "ammonia_mgL": null, "doc_mgL": 0.7, "temp_C": null, "aquifer_setting": "valley-fill aquifer: 10-100", "km_to_nearest_valley_aquifer": 0.0, "dec_basin": "Lower Hudson Main Stem", "dec_permit_basin": "13-01", "in_basic_creek_res_catchment": "no"}}, {"type": "Feature", "geometry": {"type": "Point", "coordinates": [-73.886, 42.724]}, "properties": {"site_id": "USGS_424327073531101", "zone": "Albany lowland / Hudson", "sid": 424327073531101, "km_from_ref": 31.4, "aquifer": "Sand", "yr": 1979, "first": "1979-04-19", "last": "1979-04-19", "n_results": 10, "n_chars": 9, "nitrate_mgL_N": null, "chloride_mgL": 38.0, "sodium_mgL": null, "iron_ugL": null, "manganese_ugL": null, "arsenic_ugL": null, "radon_pCiL": null, "ra226_pCiL": null, "ra228_pCiL": null, "uranium_ugL": null, "barium_ugL": null, "fluoride_mgL": null, "hardness_mgL": null, "ph": 7.2, "spc_uScm": 470.0, "methane_mgL": null, "tds_mgL": null, "sulfate_mgL": null, "strontium_ugL": null, "boron_ugL": null, "lithium_ugL": null, "calcium_mgL": null, "magnesium_mgL": null, "potassium_mgL": null, "alkalinity_mgL": null, "ammonia_mgL": 0.0, "doc_mgL": null, "temp_C": null, "aquifer_setting": "valley-fill aquifer: >100", "km_to_nearest_valley_aquifer": 0.0, "dec_basin": "Normanskill Creek", "dec_permit_basin": "13-11", "in_basic_creek_res_catchment": "no"}}, {"type": "Feature", "geometry": {"type": "Point", "coordinates": [-73.818, 42.697]}, "properties": {"site_id": "USGS_424149073490301", "zone": "Albany lowland / Hudson", "sid": 424149073490301, "km_from_ref": 33.6, "aquifer": null, "yr": 2018, "first": "2018-07-16", "last": "2018-07-16", "n_results": 73, "n_chars": 73, "nitrate_mgL_N": null, "chloride_mgL": null, "sodium_mgL": 0.8, "iron_ugL": 2.0, "manganese_ugL": 413.0, "arsenic_ugL": 3.3, "radon_pCiL": null, "ra226_pCiL": null, "ra228_pCiL": null, "uranium_ugL": 1.1, "barium_ugL": 299.0, "fluoride_mgL": null, "hardness_mgL": null, "ph": null, "spc_uScm": null, "methane_mgL": null, "tds_mgL": null, "sulfate_mgL": null, "strontium_ugL": 94.4, "boron_ugL": null, "lithium_ugL": 15.0, "calcium_mgL": 1.17, "magnesium_mgL": 0.58, "potassium_mgL": 1.56, "alkalinity_mgL": null, "ammonia_mgL": null, "doc_mgL": 1.9, "temp_C": null, "aquifer_setting": "valley-fill aquifer: 10-100", "km_to_nearest_valley_aquifer": 0.0, "dec_basin": "Lower Hudson Main Stem", "dec_permit_basin": "13-01", "in_basic_creek_res_catchment": "no"}}, {"type": "Feature", "geometry": {"type": "Point", "coordinates": [-73.882, 42.723]}, "properties": {"site_id": "USGS_424324073525501", "zone": "Albany lowland / Hudson", "sid": 424324073525501, "km_from_ref": 31.6, "aquifer": "Sand", "yr": 1979, "first": "1979-04-19", "last": "1979-04-19", "n_results": 10, "n_chars": 9, "nitrate_mgL_N": null, "chloride_mgL": 5.0, "sodium_mgL": null, "iron_ugL": null, "manganese_ugL": null, "arsenic_ugL": null, "radon_pCiL": null, "ra226_pCiL": null, "ra228_pCiL": null, "uranium_ugL": null, "barium_ugL": null, "fluoride_mgL": null, "hardness_mgL": null, "ph": 7.5, "spc_uScm": 200.0, "methane_mgL": null, "tds_mgL": null, "sulfate_mgL": null, "strontium_ugL": null, "boron_ugL": null, "lithium_ugL": null, "calcium_mgL": null, "magnesium_mgL": null, "potassium_mgL": null, "alkalinity_mgL": null, "ammonia_mgL": 0.0, "doc_mgL": null, "temp_C": null, "aquifer_setting": "valley-fill aquifer: >100", "km_to_nearest_valley_aquifer": 0.0, "dec_basin": "Normanskill Creek", "dec_permit_basin": "13-11", "in_basic_creek_res_catchment": "no"}}, {"type": "Feature", "geometry": {"type": "Point", "coordinates": [-74.433, 42.315]}, "properties": {"site_id": "USGS_421854074255901", "zone": "Catskill Creek valley / Greene", "sid": 421854074255901, "km_from_ref": 32.4, "aquifer": null, "yr": 2016, "first": "2016-11-15", "last": "2016-11-15", "n_results": 378, "n_chars": 349, "nitrate_mgL_N": null, "chloride_mgL": 92.5, "sodium_mgL": 96.7, "iron_ugL": 16.1, "manganese_ugL": 31.4, "arsenic_ugL": 0.2, "radon_pCiL": 120.0, "ra226_pCiL": null, "ra228_pCiL": null, "uranium_ugL": 0.04, "barium_ugL": 76.2, "fluoride_mgL": 0.25, "hardness_mgL": 39.5, "ph": 8.4, "spc_uScm": 539.0, "methane_mgL": 14.5, "tds_mgL": 293.0, "sulfate_mgL": 0.46, "strontium_ugL": 339.0, "boron_ugL": 143.0, "lithium_ugL": 114.0, "calcium_mgL": 12.0, "magnesium_mgL": 2.31, "potassium_mgL": 0.51, "alkalinity_mgL": 112.0, "ammonia_mgL": 0.157, "doc_mgL": null, "temp_C": 9.6, "aquifer_setting": "valley-fill aquifer: >100", "km_to_nearest_valley_aquifer": 0.0, "dec_basin": "Schoharie Creek * (w/I NY watershed)", "dec_permit_basin": "12-02*", "in_basic_creek_res_catchment": "no"}}, {"type": "Feature", "geometry": {"type": "Point", "coordinates": [-73.816, 42.698]}, "properties": {"site_id": "USGS_424152073485801", "zone": "Albany lowland / Hudson", "sid": 424152073485801, "km_from_ref": 33.8, "aquifer": null, "yr": 2018, "first": "2018-07-16", "last": "2018-07-16", "n_results": 73, "n_chars": 73, "nitrate_mgL_N": null, "chloride_mgL": null, "sodium_mgL": 0.75, "iron_ugL": 2.0, "manganese_ugL": 419.0, "arsenic_ugL": 4.3, "radon_pCiL": null, "ra226_pCiL": null, "ra228_pCiL": null, "uranium_ugL": 1.2, "barium_ugL": 269.0, "fluoride_mgL": null, "hardness_mgL": null, "ph": null, "spc_uScm": null, "methane_mgL": null, "tds_mgL": null, "sulfate_mgL": null, "strontium_ugL": 268.0, "boron_ugL": null, "lithium_ugL": 18.0, "calcium_mgL": 9.15, "magnesium_mgL": 1.44, "potassium_mgL": 1.3, "alkalinity_mgL": null, "ammonia_mgL": null, "doc_mgL": 2.4, "temp_C": null, "aquifer_setting": "valley-fill aquifer: >100", "km_to_nearest_valley_aquifer": 0.0, "dec_basin": "Lower Hudson Main Stem", "dec_permit_basin": "13-01", "in_basic_creek_res_catchment": "no"}}, {"type": "Feature", "geometry": {"type": "Point", "coordinates": [-73.799, 42.691]}, "properties": {"site_id": "USGS_424126073475701", "zone": "Albany lowland / Hudson", "sid": 424126073475701, "km_from_ref": 34.4, "aquifer": null, "yr": 2018, "first": "2018-07-16", "last": "2018-07-16", "n_results": 73, "n_chars": 73, "nitrate_mgL_N": null, "chloride_mgL": null, "sodium_mgL": 0.81, "iron_ugL": 3.0, "manganese_ugL": 751.0, "arsenic_ugL": 4.8, "radon_pCiL": null, "ra226_pCiL": null, "ra228_pCiL": null, "uranium_ugL": 1.3, "barium_ugL": 336.0, "fluoride_mgL": null, "hardness_mgL": null, "ph": null, "spc_uScm": null, "methane_mgL": null, "tds_mgL": null, "sulfate_mgL": null, "strontium_ugL": 130.0, "boron_ugL": null, "lithium_ugL": 17.0, "calcium_mgL": 3.49, "magnesium_mgL": 0.91, "potassium_mgL": 1.57, "alkalinity_mgL": null, "ammonia_mgL": null, "doc_mgL": 1.4, "temp_C": null, "aquifer_setting": "valley-fill aquifer: 10-100", "km_to_nearest_valley_aquifer": 0.0, "dec_basin": "Lower Hudson Main Stem", "dec_permit_basin": "13-01", "in_basic_creek_res_catchment": "no"}}, {"type": "Feature", "geometry": {"type": "Point", "coordinates": [-73.771, 42.675]}, "properties": {"site_id": "USGS_424029073461701", "zone": "Albany lowland / Hudson", "sid": 424029073461701, "km_from_ref": 35.4, "aquifer": null, "yr": 2018, "first": "2018-07-16", "last": "2018-07-16", "n_results": 52, "n_chars": 52, "nitrate_mgL_N": null, "chloride_mgL": null, "sodium_mgL": 0.85, "iron_ugL": 2.8, "manganese_ugL": 662.0, "arsenic_ugL": 4.5, "radon_pCiL": null, "ra226_pCiL": null, "ra228_pCiL": null, "uranium_ugL": 1.0, "barium_ugL": 339.0, "fluoride_mgL": null, "hardness_mgL": null, "ph": null, "spc_uScm": null, "methane_mgL": null, "tds_mgL": null, "sulfate_mgL": null, "strontium_ugL": 118.0, "boron_ugL": null, "lithium_ugL": 16.0, "calcium_mgL": 1.9, "magnesium_mgL": 0.62, "potassium_mgL": 1.67, "alkalinity_mgL": null, "ammonia_mgL": null, "doc_mgL": 0.5, "temp_C": null, "aquifer_setting": "bedrock (outside mapped unconsolidated aquifer)", "km_to_nearest_valley_aquifer": 0.22, "dec_basin": "Lower Hudson Main Stem", "dec_permit_basin": "13-01", "in_basic_creek_res_catchment": "no"}}, {"type": "Feature", "geometry": {"type": "Point", "coordinates": [-73.889, 42.732]}, "properties": {"site_id": "USGS_424354073532101", "zone": "Albany lowland / Hudson", "sid": 424354073532101, "km_from_ref": 31.9, "aquifer": null, "yr": 1994, "first": "1994-11-17", "last": "1994-11-17", "n_results": 206, "n_chars": 192, "nitrate_mgL_N": 33.2, "chloride_mgL": 38.0, "sodium_mgL": 33.0, "iron_ugL": 5.0, "manganese_ugL": null, "arsenic_ugL": null, "radon_pCiL": 220.0, "ra226_pCiL": null, "ra228_pCiL": null, "uranium_ugL": null, "barium_ugL": null, "fluoride_mgL": null, "hardness_mgL": 185.0, "ph": 7.8, "spc_uScm": 532.0, "methane_mgL": null, "tds_mgL": 307.0, "sulfate_mgL": 20.0, "strontium_ugL": null, "boron_ugL": null, "lithium_ugL": null, "calcium_mgL": 60.0, "magnesium_mgL": 8.5, "potassium_mgL": 0.8, "alkalinity_mgL": 167.0, "ammonia_mgL": null, "doc_mgL": 0.3, "temp_C": 10.8, "aquifer_setting": "valley-fill aquifer: >100", "km_to_nearest_valley_aquifer": 0.0, "dec_basin": "Normanskill Creek", "dec_permit_basin": "13-11", "in_basic_creek_res_catchment": "no"}}, {"type": "Feature", "geometry": {"type": "Point", "coordinates": [-73.882, 42.73]}, "properties": {"site_id": "USGS_424347073525701", "zone": "Albany lowland / Hudson", "sid": 424347073525701, "km_from_ref": 32.2, "aquifer": "Sand", "yr": 1979, "first": "1979-04-19", "last": "1979-04-19", "n_results": 11, "n_chars": 10, "nitrate_mgL_N": null, "chloride_mgL": 3.3, "sodium_mgL": null, "iron_ugL": null, "manganese_ugL": null, "arsenic_ugL": null, "radon_pCiL": null, "ra226_pCiL": null, "ra228_pCiL": null, "uranium_ugL": null, "barium_ugL": null, "fluoride_mgL": null, "hardness_mgL": null, "ph": 7.4, "spc_uScm": 380.0, "methane_mgL": null, "tds_mgL": null, "sulfate_mgL": null, "strontium_ugL": null, "boron_ugL": null, "lithium_ugL": null, "calcium_mgL": null, "magnesium_mgL": null, "potassium_mgL": null, "alkalinity_mgL": null, "ammonia_mgL": 0.05, "doc_mgL": null, "temp_C": null, "aquifer_setting": "valley-fill aquifer: >100", "km_to_nearest_valley_aquifer": 0.0, "dec_basin": "Normanskill Creek", "dec_permit_basin": "13-11", "in_basic_creek_res_catchment": "no"}}, {"type": "Feature", "geometry": {"type": "Point", "coordinates": [-73.853, 42.72]}, "properties": {"site_id": "USGS_424313073511201", "zone": "Albany lowland / Hudson", "sid": 424313073511201, "km_from_ref": 33.0, "aquifer": "Sand", "yr": 1979, "first": "1979-04-11", "last": "1979-04-11", "n_results": 11, "n_chars": 11, "nitrate_mgL_N": null, "chloride_mgL": 46.0, "sodium_mgL": null, "iron_ugL": null, "manganese_ugL": null, "arsenic_ugL": null, "radon_pCiL": null, "ra226_pCiL": null, "ra228_pCiL": null, "uranium_ugL": null, "barium_ugL": null, "fluoride_mgL": null, "hardness_mgL": null, "ph": 6.9, "spc_uScm": 610.0, "methane_mgL": null, "tds_mgL": null, "sulfate_mgL": null, "strontium_ugL": null, "boron_ugL": null, "lithium_ugL": null, "calcium_mgL": null, "magnesium_mgL": null, "potassium_mgL": null, "alkalinity_mgL": 60.0, "ammonia_mgL": null, "doc_mgL": null, "temp_C": null, "aquifer_setting": "valley-fill aquifer: 10-100", "km_to_nearest_valley_aquifer": 0.0, "dec_basin": "Lower Hudson Main Stem", "dec_permit_basin": "13-01", "in_basic_creek_res_catchment": "no"}}, {"type": "Feature", "geometry": {"type": "Point", "coordinates": [-73.887, 42.732]}, "properties": {"site_id": "USGS_424357073531201", "zone": "Albany lowland / Hudson", "sid": 424357073531201, "km_from_ref": 32.1, "aquifer": "Sand", "yr": 1979, "first": "1979-04-19", "last": "1979-04-19", "n_results": 10, "n_chars": 9, "nitrate_mgL_N": null, "chloride_mgL": 2.6, "sodium_mgL": null, "iron_ugL": null, "manganese_ugL": null, "arsenic_ugL": null, "radon_pCiL": null, "ra226_pCiL": null, "ra228_pCiL": null, "uranium_ugL": null, "barium_ugL": null, "fluoride_mgL": null, "hardness_mgL": null, "ph": 7.6, "spc_uScm": 320.0, "methane_mgL": null, "tds_mgL": null, "sulfate_mgL": null, "strontium_ugL": null, "boron_ugL": null, "lithium_ugL": null, "calcium_mgL": null, "magnesium_mgL": null, "potassium_mgL": null, "alkalinity_mgL": null, "ammonia_mgL": 0.01, "doc_mgL": null, "temp_C": null, "aquifer_setting": "valley-fill aquifer: >100", "km_to_nearest_valley_aquifer": 0.0, "dec_basin": "Normanskill Creek", "dec_permit_basin": "13-11", "in_basic_creek_res_catchment": "no"}}, {"type": "Feature", "geometry": {"type": "Point", "coordinates": [-73.858, 42.724]}, "properties": {"site_id": "USGS_424325073513001", "zone": "Albany lowland / Hudson", "sid": 424325073513001, "km_from_ref": 33.0, "aquifer": "Sand", "yr": 1979, "first": "1979-04-11", "last": "1979-04-11", "n_results": 13, "n_chars": 12, "nitrate_mgL_N": null, "chloride_mgL": 13.0, "sodium_mgL": null, "iron_ugL": null, "manganese_ugL": null, "arsenic_ugL": null, "radon_pCiL": null, "ra226_pCiL": null, "ra228_pCiL": null, "uranium_ugL": null, "barium_ugL": null, "fluoride_mgL": null, "hardness_mgL": null, "ph": 5.9, "spc_uScm": 620.0, "methane_mgL": null, "tds_mgL": null, "sulfate_mgL": null, "strontium_ugL": null, "boron_ugL": null, "lithium_ugL": null, "calcium_mgL": null, "magnesium_mgL": null, "potassium_mgL": null, "alkalinity_mgL": 60.0, "ammonia_mgL": 4.4, "doc_mgL": null, "temp_C": null, "aquifer_setting": "valley-fill aquifer: 10-100", "km_to_nearest_valley_aquifer": 0.0, "dec_basin": "Mohawk River Main Stem", "dec_permit_basin": "12-01", "in_basic_creek_res_catchment": "no"}}, {"type": "Feature", "geometry": {"type": "Point", "coordinates": [-73.816, 42.709]}, "properties": {"site_id": "USGS_424233073485601", "zone": "Albany lowland / Hudson", "sid": 424233073485601, "km_from_ref": 34.5, "aquifer": null, "yr": 1993, "first": "1993-07-14", "last": "1993-07-14", "n_results": 222, "n_chars": 206, "nitrate_mgL_N": null, "chloride_mgL": 150.0, "sodium_mgL": 86.0, "iron_ugL": 6500.0, "manganese_ugL": 245.0, "arsenic_ugL": null, "radon_pCiL": 110.0, "ra226_pCiL": null, "ra228_pCiL": null, "uranium_ugL": null, "barium_ugL": 232.0, "fluoride_mgL": null, "hardness_mgL": 420.0, "ph": 7.5, "spc_uScm": 1370.0, "methane_mgL": null, "tds_mgL": 786.0, "sulfate_mgL": 140.0, "strontium_ugL": null, "boron_ugL": 70.0, "lithium_ugL": null, "calcium_mgL": 130.0, "magnesium_mgL": 23.0, "potassium_mgL": 32.0, "alkalinity_mgL": 307.0, "ammonia_mgL": 3.48, "doc_mgL": 3.6, "temp_C": 11.8, "aquifer_setting": "valley-fill aquifer: >100", "km_to_nearest_valley_aquifer": 0.0, "dec_basin": "Lower Hudson Main Stem", "dec_permit_basin": "13-01", "in_basic_creek_res_catchment": "no"}}, {"type": "Feature", "geometry": {"type": "Point", "coordinates": [-73.77, 42.684]}, "properties": {"site_id": "USGS_424104073461101", "zone": "Albany lowland / Hudson", "sid": 424104073461101, "km_from_ref": 36.0, "aquifer": null, "yr": 2018, "first": "2018-07-16", "last": "2018-07-16", "n_results": 73, "n_chars": 73, "nitrate_mgL_N": null, "chloride_mgL": null, "sodium_mgL": 0.84, "iron_ugL": 2.5, "manganese_ugL": 578.0, "arsenic_ugL": 3.2, "radon_pCiL": null, "ra226_pCiL": null, "ra228_pCiL": null, "uranium_ugL": 1.2, "barium_ugL": 346.0, "fluoride_mgL": null, "hardness_mgL": null, "ph": null, "spc_uScm": null, "methane_mgL": null, "tds_mgL": null, "sulfate_mgL": null, "strontium_ugL": 119.0, "boron_ugL": null, "lithium_ugL": 17.0, "calcium_mgL": 2.14, "magnesium_mgL": 0.57, "potassium_mgL": 1.71, "alkalinity_mgL": null, "ammonia_mgL": null, "doc_mgL": 0.7, "temp_C": null, "aquifer_setting": "valley-fill aquifer: 10-100", "km_to_nearest_valley_aquifer": 0.0, "dec_basin": "Lower Hudson Main Stem", "dec_permit_basin": "13-01", "in_basic_creek_res_catchment": "no"}}, {"type": "Feature", "geometry": {"type": "Point", "coordinates": [-73.776, 42.689]}, "properties": {"site_id": "USGS_424122073463201", "zone": "Albany lowland / Hudson", "sid": 424122073463201, "km_from_ref": 35.9, "aquifer": null, "yr": 2018, "first": "2018-07-16", "last": "2018-07-16", "n_results": 73, "n_chars": 73, "nitrate_mgL_N": null, "chloride_mgL": null, "sodium_mgL": 0.85, "iron_ugL": 2.2, "manganese_ugL": 421.0, "arsenic_ugL": 5.6, "radon_pCiL": null, "ra226_pCiL": null, "ra228_pCiL": null, "uranium_ugL": 1.6, "barium_ugL": 322.0, "fluoride_mgL": null, "hardness_mgL": null, "ph": null, "spc_uScm": null, "methane_mgL": null, "tds_mgL": null, "sulfate_mgL": null, "strontium_ugL": 99.4, "boron_ugL": null, "lithium_ugL": 20.0, "calcium_mgL": 1.9, "magnesium_mgL": 0.79, "potassium_mgL": 1.33, "alkalinity_mgL": null, "ammonia_mgL": null, "doc_mgL": 10.0, "temp_C": null, "aquifer_setting": "valley-fill aquifer: >100", "km_to_nearest_valley_aquifer": 0.0, "dec_basin": "Lower Hudson Main Stem", "dec_permit_basin": "13-01", "in_basic_creek_res_catchment": "no"}}, {"type": "Feature", "geometry": {"type": "Point", "coordinates": [-73.782, 42.696]}, "properties": {"site_id": "USGS_424145073465701", "zone": "Albany lowland / Hudson", "sid": 424145073465701, "km_from_ref": 35.9, "aquifer": null, "yr": 2018, "first": "2018-07-16", "last": "2018-07-16", "n_results": 73, "n_chars": 73, "nitrate_mgL_N": null, "chloride_mgL": null, "sodium_mgL": 0.77, "iron_ugL": 2.8, "manganese_ugL": 951.0, "arsenic_ugL": 8.8, "radon_pCiL": null, "ra226_pCiL": null, "ra228_pCiL": null, "uranium_ugL": 1.0, "barium_ugL": 316.0, "fluoride_mgL": null, "hardness_mgL": null, "ph": null, "spc_uScm": null, "methane_mgL": null, "tds_mgL": null, "sulfate_mgL": null, "strontium_ugL": 88.0, "boron_ugL": null, "lithium_ugL": 12.0, "calcium_mgL": 0.69, "magnesium_mgL": 0.33, "potassium_mgL": 1.46, "alkalinity_mgL": null, "ammonia_mgL": null, "doc_mgL": 0.6, "temp_C": null, "aquifer_setting": "valley-fill aquifer: >100", "km_to_nearest_valley_aquifer": 0.0, "dec_basin": "Lower Hudson Main Stem", "dec_permit_basin": "13-01", "in_basic_creek_res_catchment": "no"}}, {"type": "Feature", "geometry": {"type": "Point", "coordinates": [-73.78, 42.697]}, "properties": {"site_id": "USGS_424150073464901", "zone": "Albany lowland / Hudson", "sid": 424150073464901, "km_from_ref": 36.1, "aquifer": null, "yr": 2018, "first": "2018-07-16", "last": "2018-07-16", "n_results": 73, "n_chars": 73, "nitrate_mgL_N": null, "chloride_mgL": null, "sodium_mgL": 0.68, "iron_ugL": 1.9, "manganese_ugL": 381.0, "arsenic_ugL": 4.1, "radon_pCiL": null, "ra226_pCiL": null, "ra228_pCiL": null, "uranium_ugL": 1.2, "barium_ugL": 284.0, "fluoride_mgL": null, "hardness_mgL": null, "ph": null, "spc_uScm": null, "methane_mgL": null, "tds_mgL": null, "sulfate_mgL": null, "strontium_ugL": 212.0, "boron_ugL": null, "lithium_ugL": 19.0, "calcium_mgL": 9.85, "magnesium_mgL": 1.05, "potassium_mgL": 1.33, "alkalinity_mgL": null, "ammonia_mgL": null, "doc_mgL": 2.2, "temp_C": null, "aquifer_setting": "valley-fill aquifer: >100", "km_to_nearest_valley_aquifer": 0.0, "dec_basin": "Lower Hudson Main Stem", "dec_permit_basin": "13-01", "in_basic_creek_res_catchment": "no"}}, {"type": "Feature", "geometry": {"type": "Point", "coordinates": [-73.865, 42.736]}, "properties": {"site_id": "USGS_424410073515301", "zone": "Albany lowland / Hudson", "sid": 424410073515301, "km_from_ref": 33.6, "aquifer": "Sand", "yr": 1979, "first": "1979-04-19", "last": "1979-04-19", "n_results": 10, "n_chars": 9, "nitrate_mgL_N": null, "chloride_mgL": 4.9, "sodium_mgL": null, "iron_ugL": null, "manganese_ugL": null, "arsenic_ugL": null, "radon_pCiL": null, "ra226_pCiL": null, "ra228_pCiL": null, "uranium_ugL": null, "barium_ugL": null, "fluoride_mgL": null, "hardness_mgL": null, "ph": 7.2, "spc_uScm": 320.0, "methane_mgL": null, "tds_mgL": null, "sulfate_mgL": null, "strontium_ugL": null, "boron_ugL": null, "lithium_ugL": null, "calcium_mgL": null, "magnesium_mgL": null, "potassium_mgL": null, "alkalinity_mgL": null, "ammonia_mgL": 0.01, "doc_mgL": null, "temp_C": null, "aquifer_setting": "valley-fill aquifer: 10-100", "km_to_nearest_valley_aquifer": 0.0, "dec_basin": "Mohawk River Main Stem", "dec_permit_basin": "12-01", "in_basic_creek_res_catchment": "no"}}, {"type": "Feature", "geometry": {"type": "Point", "coordinates": [-73.779, 42.698]}, "properties": {"site_id": "USGS_424151073464301", "zone": "Albany lowland / Hudson", "sid": 424151073464301, "km_from_ref": 36.2, "aquifer": null, "yr": 2018, "first": "2018-07-16", "last": "2018-07-16", "n_results": 73, "n_chars": 73, "nitrate_mgL_N": null, "chloride_mgL": null, "sodium_mgL": 0.87, "iron_ugL": 3.2, "manganese_ugL": 560.0, "arsenic_ugL": 2.6, "radon_pCiL": null, "ra226_pCiL": null, "ra228_pCiL": null, "uranium_ugL": 1.2, "barium_ugL": 350.0, "fluoride_mgL": null, "hardness_mgL": null, "ph": null, "spc_uScm": null, "methane_mgL": null, "tds_mgL": null, "sulfate_mgL": null, "strontium_ugL": 103.0, "boron_ugL": null, "lithium_ugL": 13.0, "calcium_mgL": 1.11, "magnesium_mgL": 0.52, "potassium_mgL": 1.58, "alkalinity_mgL": null, "ammonia_mgL": null, "doc_mgL": 0.5, "temp_C": null, "aquifer_setting": "valley-fill aquifer: >100", "km_to_nearest_valley_aquifer": 0.0, "dec_basin": "Lower Hudson Main Stem", "dec_permit_basin": "13-01", "in_basic_creek_res_catchment": "no"}}, {"type": "Feature", "geometry": {"type": "Point", "coordinates": [-73.898, 42.747]}, "properties": {"site_id": "USGS_424448073535201", "zone": "Albany lowland / Hudson", "sid": 424448073535201, "km_from_ref": 32.8, "aquifer": "Sand", "yr": 1979, "first": "1979-04-19", "last": "1979-04-19", "n_results": 10, "n_chars": 9, "nitrate_mgL_N": null, "chloride_mgL": null, "sodium_mgL": null, "iron_ugL": null, "manganese_ugL": null, "arsenic_ugL": null, "radon_pCiL": null, "ra226_pCiL": null, "ra228_pCiL": null, "uranium_ugL": null, "barium_ugL": null, "fluoride_mgL": null, "hardness_mgL": null, "ph": 7.3, "spc_uScm": 370.0, "methane_mgL": null, "tds_mgL": null, "sulfate_mgL": null, "strontium_ugL": null, "boron_ugL": null, "lithium_ugL": null, "calcium_mgL": null, "magnesium_mgL": null, "potassium_mgL": null, "alkalinity_mgL": null, "ammonia_mgL": 0.04, "doc_mgL": null, "temp_C": null, "aquifer_setting": "valley-fill aquifer: 10-100", "km_to_nearest_valley_aquifer": 0.0, "dec_basin": "Mohawk River Main Stem", "dec_permit_basin": "12-01", "in_basic_creek_res_catchment": "no"}}, {"type": "Feature", "geometry": {"type": "Point", "coordinates": [-73.776, 42.697]}, "properties": {"site_id": "USGS_424148073463501", "zone": "Albany lowland / Hudson", "sid": 424148073463501, "km_from_ref": 36.4, "aquifer": null, "yr": 2018, "first": "2018-07-16", "last": "2018-07-16", "n_results": 73, "n_chars": 73, "nitrate_mgL_N": null, "chloride_mgL": null, "sodium_mgL": 0.89, "iron_ugL": 2.4, "manganese_ugL": 531.0, "arsenic_ugL": 3.9, "radon_pCiL": null, "ra226_pCiL": null, "ra228_pCiL": null, "uranium_ugL": 1.4, "barium_ugL": 358.0, "fluoride_mgL": null, "hardness_mgL": null, "ph": null, "spc_uScm": null, "methane_mgL": null, "tds_mgL": null, "sulfate_mgL": null, "strontium_ugL": 104.0, "boron_ugL": null, "lithium_ugL": 18.0, "calcium_mgL": 1.21, "magnesium_mgL": 0.53, "potassium_mgL": 1.7, "alkalinity_mgL": null, "ammonia_mgL": null, "doc_mgL": 3.5, "temp_C": null, "aquifer_setting": "valley-fill aquifer: >100", "km_to_nearest_valley_aquifer": 0.0, "dec_basin": "Lower Hudson Main Stem", "dec_permit_basin": "13-01", "in_basic_creek_res_catchment": "no"}}, {"type": "Feature", "geometry": {"type": "Point", "coordinates": [-73.839, 42.732]}, "properties": {"site_id": "USGS_424356073502201", "zone": "Albany lowland / Hudson", "sid": 424356073502201, "km_from_ref": 34.8, "aquifer": null, "yr": 1993, "first": "1993-07-15", "last": "1993-07-15", "n_results": 220, "n_chars": 205, "nitrate_mgL_N": null, "chloride_mgL": 350.0, "sodium_mgL": 170.0, "iron_ugL": 14.0, "manganese_ugL": null, "arsenic_ugL": null, "radon_pCiL": null, "ra226_pCiL": null, "ra228_pCiL": null, "uranium_ugL": null, "barium_ugL": 107.0, "fluoride_mgL": null, "hardness_mgL": 499.0, "ph": 7.5, "spc_uScm": 2030.0, "methane_mgL": null, "tds_mgL": 1440.0, "sulfate_mgL": 46.0, "strontium_ugL": null, "boron_ugL": 40.0, "lithium_ugL": null, "calcium_mgL": 180.0, "magnesium_mgL": 12.0, "potassium_mgL": 3.8, "alkalinity_mgL": 397.0, "ammonia_mgL": 4.51, "doc_mgL": 12.0, "temp_C": 11.0, "aquifer_setting": "valley-fill aquifer: 10-100", "km_to_nearest_valley_aquifer": 0.0, "dec_basin": "Mohawk River Main Stem", "dec_permit_basin": "12-01", "in_basic_creek_res_catchment": "no"}}, {"type": "Feature", "geometry": {"type": "Point", "coordinates": [-73.793, 42.716]}, "properties": {"site_id": "USGS_424256073473401", "zone": "Albany lowland / Hudson", "sid": 424256073473401, "km_from_ref": 36.5, "aquifer": null, "yr": 2018, "first": "2018-07-16", "last": "2018-07-16", "n_results": 73, "n_chars": 73, "nitrate_mgL_N": null, "chloride_mgL": null, "sodium_mgL": 0.73, "iron_ugL": 1.5, "manganese_ugL": 283.0, "arsenic_ugL": 3.0, "radon_pCiL": null, "ra226_pCiL": null, "ra228_pCiL": null, "uranium_ugL": 1.0, "barium_ugL": 310.0, "fluoride_mgL": null, "hardness_mgL": null, "ph": null, "spc_uScm": null, "methane_mgL": null, "tds_mgL": null, "sulfate_mgL": null, "strontium_ugL": 83.2, "boron_ugL": null, "lithium_ugL": 13.0, "calcium_mgL": 0.52, "magnesium_mgL": 0.26, "potassium_mgL": 1.38, "alkalinity_mgL": null, "ammonia_mgL": null, "doc_mgL": 1.4, "temp_C": null, "aquifer_setting": "valley-fill aquifer: >100", "km_to_nearest_valley_aquifer": 0.0, "dec_basin": "Lower Hudson Main Stem", "dec_permit_basin": "13-01", "in_basic_creek_res_catchment": "no"}}, {"type": "Feature", "geometry": {"type": "Point", "coordinates": [-73.828, 42.733]}, "properties": {"site_id": "USGS_424359073493901", "zone": "Albany lowland / Hudson", "sid": 424359073493901, "km_from_ref": 35.5, "aquifer": "Sand", "yr": 1979, "first": "1979-04-11", "last": "1979-09-18", "n_results": 30, "n_chars": 18, "nitrate_mgL_N": null, "chloride_mgL": 57.0, "sodium_mgL": 160.0, "iron_ugL": null, "manganese_ugL": null, "arsenic_ugL": null, "radon_pCiL": null, "ra226_pCiL": null, "ra228_pCiL": null, "uranium_ugL": null, "barium_ugL": null, "fluoride_mgL": null, "hardness_mgL": 9.0, "ph": 9.5, "spc_uScm": 1370.0, "methane_mgL": null, "tds_mgL": null, "sulfate_mgL": null, "strontium_ugL": null, "boron_ugL": null, "lithium_ugL": null, "calcium_mgL": 1.9, "magnesium_mgL": 1.0, "potassium_mgL": 1.6, "alkalinity_mgL": null, "ammonia_mgL": 1.2, "doc_mgL": null, "temp_C": null, "aquifer_setting": "valley-fill aquifer: 10-100", "km_to_nearest_valley_aquifer": 0.0, "dec_basin": "Mohawk River Main Stem", "dec_permit_basin": "12-01", "in_basic_creek_res_catchment": "no"}}, {"type": "Feature", "geometry": {"type": "Point", "coordinates": [-73.86, 42.749]}, "properties": {"site_id": "USGS_424458073513701", "zone": "Albany lowland / Hudson", "sid": 424458073513701, "km_from_ref": 34.9, "aquifer": null, "yr": 1993, "first": "1993-07-14", "last": "1993-08-31", "n_results": 385, "n_chars": 207, "nitrate_mgL_N": null, "chloride_mgL": 150.0, "sodium_mgL": 49.0, "iron_ugL": 1400.0, "manganese_ugL": 252.0, "arsenic_ugL": 3.0, "radon_pCiL": 120.0, "ra226_pCiL": null, "ra228_pCiL": null, "uranium_ugL": null, "barium_ugL": 75.0, "fluoride_mgL": null, "hardness_mgL": 294.0, "ph": 7.6, "spc_uScm": 876.0, "methane_mgL": null, "tds_mgL": 542.0, "sulfate_mgL": 61.0, "strontium_ugL": null, "boron_ugL": null, "lithium_ugL": null, "calcium_mgL": 93.0, "magnesium_mgL": 15.0, "potassium_mgL": 2.0, "alkalinity_mgL": 138.0, "ammonia_mgL": 0.155, "doc_mgL": 0.8, "temp_C": 16.9, "aquifer_setting": "valley-fill aquifer: 10-100", "km_to_nearest_valley_aquifer": 0.0, "dec_basin": "Mohawk River Main Stem", "dec_permit_basin": "12-01", "in_basic_creek_res_catchment": "no"}}, {"type": "Feature", "geometry": {"type": "Point", "coordinates": [-73.829, 42.738]}, "properties": {"site_id": "USGS_424418073494601", "zone": "Albany lowland / Hudson", "sid": 424418073494601, "km_from_ref": 35.8, "aquifer": "Sand", "yr": 1979, "first": "1979-04-11", "last": "1979-09-18", "n_results": 29, "n_chars": 18, "nitrate_mgL_N": null, "chloride_mgL": 85.0, "sodium_mgL": 8.6, "iron_ugL": null, "manganese_ugL": null, "arsenic_ugL": null, "radon_pCiL": null, "ra226_pCiL": null, "ra228_pCiL": null, "uranium_ugL": null, "barium_ugL": null, "fluoride_mgL": null, "hardness_mgL": 73.0, "ph": 7.6, "spc_uScm": 520.0, "methane_mgL": null, "tds_mgL": null, "sulfate_mgL": null, "strontium_ugL": null, "boron_ugL": null, "lithium_ugL": null, "calcium_mgL": 23.0, "magnesium_mgL": 3.8, "potassium_mgL": 1.5, "alkalinity_mgL": null, "ammonia_mgL": 0.05, "doc_mgL": null, "temp_C": null, "aquifer_setting": "valley-fill aquifer: 10-100", "km_to_nearest_valley_aquifer": 0.0, "dec_basin": "Mohawk River Main Stem", "dec_permit_basin": "12-01", "in_basic_creek_res_catchment": "no"}}, {"type": "Feature", "geometry": {"type": "Point", "coordinates": [-73.825, 42.739]}, "properties": {"site_id": "USGS_424422073493001", "zone": "Albany lowland / Hudson", "sid": 424422073493001, "km_from_ref": 36.1, "aquifer": "Sand", "yr": 1979, "first": "1979-04-11", "last": "1979-09-18", "n_results": 29, "n_chars": 18, "nitrate_mgL_N": null, "chloride_mgL": 6.0, "sodium_mgL": 2.1, "iron_ugL": null, "manganese_ugL": null, "arsenic_ugL": null, "radon_pCiL": null, "ra226_pCiL": null, "ra228_pCiL": null, "uranium_ugL": null, "barium_ugL": null, "fluoride_mgL": null, "hardness_mgL": 120.0, "ph": 7.0, "spc_uScm": 370.0, "methane_mgL": null, "tds_mgL": null, "sulfate_mgL": null, "strontium_ugL": null, "boron_ugL": null, "lithium_ugL": null, "calcium_mgL": 39.0, "magnesium_mgL": 5.8, "potassium_mgL": 6.6, "alkalinity_mgL": null, "ammonia_mgL": 0.03, "doc_mgL": null, "temp_C": null, "aquifer_setting": "valley-fill aquifer: >100", "km_to_nearest_valley_aquifer": 0.0, "dec_basin": "Mohawk River Main Stem", "dec_permit_basin": "12-01", "in_basic_creek_res_catchment": "no"}}, {"type": "Feature", "geometry": {"type": "Point", "coordinates": [-74.339, 42.71]}, "properties": {"site_id": "USGS_424235074201900", "zone": "Albany lowland / Hudson", "sid": 424235074201900, "km_from_ref": 26.9, "aquifer": null, "yr": 1972, "first": "1972-12-11", "last": "1972-12-11", "n_results": 54, "n_chars": 52, "nitrate_mgL_N": 0.0, "chloride_mgL": 8.1, "sodium_mgL": 5.7, "iron_ugL": 80.0, "manganese_ugL": null, "arsenic_ugL": null, "radon_pCiL": null, "ra226_pCiL": null, "ra228_pCiL": null, "uranium_ugL": null, "barium_ugL": null, "fluoride_mgL": 0.1, "hardness_mgL": 120.0, "ph": 7.7, "spc_uScm": 248.0, "methane_mgL": null, "tds_mgL": 136.0, "sulfate_mgL": 25.0, "strontium_ugL": 250.0, "boron_ugL": null, "lithium_ugL": null, "calcium_mgL": 35.0, "magnesium_mgL": 7.6, "potassium_mgL": 1.5, "alkalinity_mgL": 88.0, "ammonia_mgL": null, "doc_mgL": null, "temp_C": null, "aquifer_setting": "valley-fill aquifer: >100", "km_to_nearest_valley_aquifer": 0.0, "dec_basin": "Schoharie Creek *", "dec_permit_basin": "12-02", "in_basic_creek_res_catchment": "no"}}, {"type": "Feature", "geometry": {"type": "Point", "coordinates": [-73.816, 42.738]}, "properties": {"site_id": "USGS_424418073485601", "zone": "Albany lowland / Hudson", "sid": 424418073485601, "km_from_ref": 36.6, "aquifer": null, "yr": 1993, "first": "1993-07-13", "last": "1993-07-13", "n_results": 173, "n_chars": 161, "nitrate_mgL_N": 8.41, "chloride_mgL": 130.0, "sodium_mgL": 74.0, "iron_ugL": 4.0, "manganese_ugL": 69.0, "arsenic_ugL": null, "radon_pCiL": null, "ra226_pCiL": null, "ra228_pCiL": null, "uranium_ugL": null, "barium_ugL": 19.0, "fluoride_mgL": 0.1, "hardness_mgL": 188.0, "ph": 7.7, "spc_uScm": 798.0, "methane_mgL": null, "tds_mgL": 410.0, "sulfate_mgL": 35.0, "strontium_ugL": null, "boron_ugL": null, "lithium_ugL": null, "calcium_mgL": 54.0, "magnesium_mgL": 13.0, "potassium_mgL": 1.7, "alkalinity_mgL": 133.0, "ammonia_mgL": 0.026, "doc_mgL": 1.9, "temp_C": 11.8, "aquifer_setting": "valley-fill aquifer: 10-100", "km_to_nearest_valley_aquifer": 0.0, "dec_basin": "Mohawk River Main Stem", "dec_permit_basin": "12-01", "in_basic_creek_res_catchment": "no"}}, {"type": "Feature", "geometry": {"type": "Point", "coordinates": [-74.405, 42.689]}, "properties": {"site_id": "USGS_424119074241801", "zone": "Albany lowland / Hudson", "sid": 424119074241801, "km_from_ref": 28.8, "aquifer": null, "yr": 1967, "first": "1967-07-24", "last": "1967-07-24", "n_results": 24, "n_chars": 22, "nitrate_mgL_N": 0.0, "chloride_mgL": 58.0, "sodium_mgL": 82.0, "iron_ugL": 1200.0, "manganese_ugL": 570.0, "arsenic_ugL": null, "radon_pCiL": null, "ra226_pCiL": null, "ra228_pCiL": null, "uranium_ugL": null, "barium_ugL": null, "fluoride_mgL": null, "hardness_mgL": 180.0, "ph": 8.2, "spc_uScm": 692.0, "methane_mgL": null, "tds_mgL": 375.0, "sulfate_mgL": 53.0, "strontium_ugL": null, "boron_ugL": null, "lithium_ugL": null, "calcium_mgL": 44.0, "magnesium_mgL": 17.0, "potassium_mgL": null, "alkalinity_mgL": 221.0, "ammonia_mgL": null, "doc_mgL": null, "temp_C": null, "aquifer_setting": "valley-fill aquifer: >100", "km_to_nearest_valley_aquifer": 0.0, "dec_basin": "Schoharie Creek *", "dec_permit_basin": "12-02", "in_basic_creek_res_catchment": "no"}}, {"type": "Feature", "geometry": {"type": "Point", "coordinates": [-74.443, 42.667]}, "properties": {"site_id": "USGS_424001074263500", "zone": "Albany lowland / Hudson", "sid": 424001074263500, "km_from_ref": 29.7, "aquifer": null, "yr": 1971, "first": "1971-12-07", "last": "1971-12-07", "n_results": 54, "n_chars": 53, "nitrate_mgL_N": 0.04, "chloride_mgL": 2.5, "sodium_mgL": 2.8, "iron_ugL": 690.0, "manganese_ugL": 200.0, "arsenic_ugL": 1.0, "radon_pCiL": null, "ra226_pCiL": null, "ra228_pCiL": null, "uranium_ugL": null, "barium_ugL": null, "fluoride_mgL": 0.1, "hardness_mgL": 81.0, "ph": 7.6, "spc_uScm": 173.0, "methane_mgL": null, "tds_mgL": 96.0, "sulfate_mgL": 12.0, "strontium_ugL": 60.0, "boron_ugL": null, "lithium_ugL": null, "calcium_mgL": 28.0, "magnesium_mgL": 2.8, "potassium_mgL": 1.5, "alkalinity_mgL": 73.0, "ammonia_mgL": null, "doc_mgL": null, "temp_C": null, "aquifer_setting": "bedrock (outside mapped unconsolidated aquifer)", "km_to_nearest_valley_aquifer": 1.48, "dec_basin": "Schoharie Creek *", "dec_permit_basin": "12-02", "in_basic_creek_res_catchment": "no"}}, {"type": "Feature", "geometry": {"type": "Point", "coordinates": [-74.443, 42.667]}, "properties": {"site_id": "USGS_424001074263501", "zone": "Albany lowland / Hudson", "sid": 424001074263501, "km_from_ref": 29.7, "aquifer": null, "yr": 1971, "first": "1971-12-07", "last": "1971-12-07", "n_results": 54, "n_chars": 53, "nitrate_mgL_N": 0.03, "chloride_mgL": 5.0, "sodium_mgL": 12.0, "iron_ugL": 20.0, "manganese_ugL": null, "arsenic_ugL": 0.0, "radon_pCiL": null, "ra226_pCiL": null, "ra228_pCiL": null, "uranium_ugL": null, "barium_ugL": null, "fluoride_mgL": 1.3, "hardness_mgL": 81.0, "ph": 7.2, "spc_uScm": 216.0, "methane_mgL": null, "tds_mgL": 124.0, "sulfate_mgL": 30.0, "strontium_ugL": 70.0, "boron_ugL": null, "lithium_ugL": null, "calcium_mgL": 28.0, "magnesium_mgL": 2.8, "potassium_mgL": 1.5, "alkalinity_mgL": 69.0, "ammonia_mgL": null, "doc_mgL": null, "temp_C": null, "aquifer_setting": "bedrock (outside mapped unconsolidated aquifer)", "km_to_nearest_valley_aquifer": 1.48, "dec_basin": "Schoharie Creek *", "dec_permit_basin": "12-02", "in_basic_creek_res_catchment": "no"}}, {"type": "Feature", "geometry": {"type": "Point", "coordinates": [-73.732, 42.728]}, "properties": {"site_id": "USGS_424339073435601", "zone": "Albany lowland / Hudson", "sid": 424339073435601, "km_from_ref": 41.3, "aquifer": null, "yr": 1971, "first": "1971-08-12", "last": "1971-08-12", "n_results": 58, "n_chars": 56, "nitrate_mgL_N": 0.1, "chloride_mgL": 34.0, "sodium_mgL": 19.0, "iron_ugL": 20.0, "manganese_ugL": 10.0, "arsenic_ugL": 2.0, "radon_pCiL": null, "ra226_pCiL": null, "ra228_pCiL": null, "uranium_ugL": null, "barium_ugL": null, "fluoride_mgL": 0.1, "hardness_mgL": 170.0, "ph": 7.7, "spc_uScm": 423.0, "methane_mgL": null, "tds_mgL": 235.0, "sulfate_mgL": 47.0, "strontium_ugL": 320.0, "boron_ugL": 20.0, "lithium_ugL": null, "calcium_mgL": 53.0, "magnesium_mgL": 10.0, "potassium_mgL": 1.8, "alkalinity_mgL": 113.0, "ammonia_mgL": 0.103, "doc_mgL": null, "temp_C": null, "aquifer_setting": "bedrock (outside mapped unconsolidated aquifer)", "km_to_nearest_valley_aquifer": 0.53, "dec_basin": "Lower Hudson Main Stem", "dec_permit_basin": "13-01", "in_basic_creek_res_catchment": "no"}}, {"type": "Feature", "geometry": {"type": "Point", "coordinates": [-74.45, 42.694]}, "properties": {"site_id": "USGS_424139074265901", "zone": "Albany lowland / Hudson", "sid": 424139074265901, "km_from_ref": 31.9, "aquifer": null, "yr": 1967, "first": "1967-07-24", "last": "1967-07-24", "n_results": 30, "n_chars": 27, "nitrate_mgL_N": 0.0, "chloride_mgL": 57.0, "sodium_mgL": 73.0, "iron_ugL": 340.0, "manganese_ugL": 400.0, "arsenic_ugL": null, "radon_pCiL": null, "ra226_pCiL": null, "ra228_pCiL": null, "uranium_ugL": null, "barium_ugL": null, "fluoride_mgL": 0.5, "hardness_mgL": 250.0, "ph": 7.9, "spc_uScm": 804.0, "methane_mgL": null, "tds_mgL": 581.0, "sulfate_mgL": 75.0, "strontium_ugL": null, "boron_ugL": null, "lithium_ugL": null, "calcium_mgL": 68.0, "magnesium_mgL": 20.0, "potassium_mgL": 1.4, "alkalinity_mgL": 272.0, "ammonia_mgL": null, "doc_mgL": null, "temp_C": null, "aquifer_setting": "valley-fill aquifer: >100", "km_to_nearest_valley_aquifer": 0.0, "dec_basin": "Schoharie Creek *", "dec_permit_basin": "12-02", "in_basic_creek_res_catchment": "no"}}]}