Date,MaxT,MinT,Precip,Snow,SnowDepth
1901-10-01,M,M,0.00,0.0,M
1901-10-02,M,M,0.12,0.0,M
1901-10-03,M,M,0.00,0.0,M
1901-10-04,M,M,T,0.0,M
1901-10-05,M,M,0.00,0.0,M
1901-10-06,M,M,0.00,0.0,M
1901-10-07,M,M,T,0.0,M
1901-10-08,M,M,0.00,0.0,M
1901-10-09,M,M,0.00,0.0,M
1901-10-10,M,M,0.00,0.0,M
1901-10-11,M,M,0.00,0.0,M
1901-10-12,M,M,0.00,0.0,M
1901-10-13,M,M,0.60,0.0,M
1901-10-14,M,M,0.64,0.0,M
1901-10-15,M,M,0.00,0.0,M
1901-10-16,M,M,0.00,0.0,M
1901-10-17,M,M,0.02,0.0,M
1901-10-18,M,M,0.00,0.0,M
1901-10-19,M,M,0.01,0.0,M
1901-10-20,M,M,0.00,0.0,M
1901-10-21,M,M,0.00,0.0,M
1901-10-22,M,M,0.00,0.0,M
1901-10-23,M,M,0.00,0.0,M
1901-10-24,M,M,0.01,T,M
1901-10-25,M,M,0.00,0.0,M
1901-10-26,M,M,0.00,0.0,M
1901-10-27,M,M,0.00,0.0,M
1901-10-28,M,M,0.00,0.0,M
1901-10-29,M,M,0.00,0.0,M
1901-10-30,M,M,0.00,0.0,M
1901-10-31,M,M,0.00,0.0,M
1901-11-01,M,M,0.01,0.0,M
1901-11-02,M,M,0.00,0.0,M
1901-11-03,M,M,0.00,0.0,M
1901-11-04,M,M,0.00,0.0,M
1901-11-05,M,M,0.03,T,M
1901-11-06,M,M,0.00,0.0,M
1901-11-07,M,M,0.00,0.0,M
1901-11-08,M,M,0.02,0.0,M
1901-11-09,M,M,T,0.0,M
1901-11-10,M,M,0.00,0.0,M
1901-11-11,M,M,T,0.0,M
1901-11-12,M,M,0.80,0.0,M
1901-11-13,M,M,0.01,T,M
1901-11-14,M,M,T,T,M
1901-11-15,M,M,T,T,M
1901-11-16,M,M,T,T,M
1901-11-17,M,M,T,T,M
1901-11-18,M,M,T,T,M
1901-11-19,M,M,T,T,M
1901-11-20,M,M,0.00,0.0,M
1901-11-21,M,M,0.00,0.0,M
1901-11-22,M,M,0.00,0.0,M
1901-11-23,M,M,T,T,M
1901-11-24,M,M,0.22,0.5,T
1901-11-25,M,M,0.17,T,M
1901-11-26,M,M,T,T,M
1901-11-27,M,M,0.00,0.0,M
1901-11-28,M,M,0.00,0.0,M
1901-11-29,M,M,0.03,0.5,1
1901-11-30,M,M,0.03,0.5,1
1901-12-01,M,M,0.00,0.0,T
1901-12-02,M,M,0.00,0.0,0
1901-12-03,M,M,1.16,10.0,8
1901-12-04,M,M,0.00,0.0,10
1901-12-05,M,M,0.00,0.0,10
1901-12-06,M,M,0.00,0.0,10
1901-12-07,M,M,0.00,0.0,10
1901-12-08,M,M,T,0.0,8
1901-12-09,M,M,T,0.0,4
1901-12-10,M,M,0.50,0.0,2
1901-12-11,M,M,0.00,0.0,2
1901-12-12,M,M,0.00,0.0,1
1901-12-13,M,M,T,0.0,1
1901-12-14,M,M,0.19,0.0,T
1901-12-15,M,M,1.63,0.0,0
1901-12-16,M,M,0.00,0.0,0
1901-12-17,M,M,0.00,0.0,0
1901-12-18,M,M,T,T,T
1901-12-19,M,M,0.02,0.4,T
1901-12-20,M,M,0.00,0.0,T
1901-12-21,M,M,0.00,0.0,T
1901-12-22,M,M,0.00,0.0,T
1901-12-23,M,M,0.42,4.5,T
1901-12-24,M,M,T,T,2
1901-12-25,M,M,0.03,0.2,2
1901-12-26,M,M,0.00,0.0,2
1901-12-27,M,M,0.60,4.5,7
1901-12-28,M,M,0.00,0.0,4
1901-12-29,M,M,1.12,0.0,3
1901-12-30,M,M,0.78,T,2
1901-12-31,M,M,T,T,2
1902-01-01,M,M,0.00,0.0,2
1902-01-02,M,M,T,T,2
1902-01-03,M,M,T,T,2
1902-01-04,M,M,0.00,0.0,2
1902-01-05,M,M,T,T,2
1902-01-06,M,M,0.00,0.0,2
1902-01-07,M,M,0.00,0.0,2
1902-01-08,M,M,0.05,0.5,3
1902-01-09,M,M,T,T,3
1902-01-10,M,M,T,T,3
1902-01-11,M,M,0.06,0.8,3
1902-01-12,M,M,T,T,3
1902-01-13,M,M,0.00,0.0,3
1902-01-14,M,M,0.00,0.0,3
1902-01-15,M,M,0.00,0.0,2
1902-01-16,M,M,T,T,2
1902-01-17,M,M,0.00,0.0,2
1902-01-18,M,M,0.00,0.0,2
1902-01-19,M,M,0.00,0.0,2
1902-01-20,M,M,0.00,0.0,2
1902-01-21,M,M,0.11,0.5,3
1902-01-22,M,M,0.39,0.0,T
1902-01-23,M,M,0.00,0.0,T
1902-01-24,M,M,0.00,0.0,T
1902-01-25,M,M,0.00,0.0,T
1902-01-26,M,M,0.04,0.2,T
1902-01-27,M,M,0.22,0.0,0
1902-01-28,M,M,T,T,0
1902-01-29,M,M,0.00,0.0,0
1902-01-30,M,M,0.07,2.0,2
1902-01-31,M,M,0.03,0.5,3
1902-02-01,M,M,0.12,2.0,5
1902-02-02,M,M,0.98,0.5,2
1902-02-03,M,M,0.00,0.0,2
1902-02-04,M,M,T,T,2
1902-02-05,M,M,T,T,2
1902-02-06,M,M,0.00,0.0,2
1902-02-07,M,M,T,T,2
1902-02-08,M,M,T,T,2
1902-02-09,M,M,T,T,2
1902-02-10,M,M,0.00,0.0,2
1902-02-11,M,M,0.00,0.0,2
1902-02-12,M,M,0.00,0.0,2
1902-02-13,M,M,T,T,2
1902-02-14,M,M,0.00,0.0,2
1902-02-15,M,M,0.00,0.0,1
1902-02-16,M,M,0.00,0.0,T
1902-02-17,M,M,1.40,14.5,12
1902-02-18,M,M,T,T,15
1902-02-19,M,M,0.00,0.0,14
1902-02-20,M,M,0.00,0.0,12
1902-02-21,M,M,0.21,2.0,14
1902-02-22,M,M,0.48,4.0,18
1902-02-23,M,M,0.00,0.0,18
1902-02-24,M,M,0.00,0.0,16
1902-02-25,M,M,T,0.0,14
1902-02-26,M,M,0.31,0.0,8
1902-02-27,M,M,0.00,0.0,4
1902-02-28,M,M,1.02,0.0,2
1902-03-01,M,M,0.45,0.0,T
1902-03-02,M,M,1.15,0.0,T
1902-03-03,M,M,T,T,T
1902-03-04,M,M,T,T,T
1902-03-05,M,M,1.20,9.5,10
1902-03-06,M,M,0.00,0.0,8
1902-03-07,M,M,0.00,0.0,5
1902-03-08,M,M,T,T,4
1902-03-09,M,M,0.89,0.5,3
1902-03-10,M,M,0.00,0.0,1
1902-03-11,M,M,0.00,0.0,T
1902-03-12,M,M,0.00,0.0,T
1902-03-13,M,M,0.02,0.0,T
1902-03-14,M,M,T,T,T
1902-03-15,M,M,0.00,0.0,T
1902-03-16,M,M,0.05,0.0,T
1902-03-17,M,M,0.56,0.0,0
1902-03-18,M,M,T,T,M
1902-03-19,M,M,T,T,T
1902-03-20,M,M,T,T,M
1902-03-21,M,M,0.00,0.0,M
1902-03-22,M,M,0.00,0.0,M
1902-03-23,M,M,0.00,0.0,M
1902-03-24,M,M,0.00,0.0,M
1902-03-25,M,M,0.00,0.0,M
1902-03-26,M,M,0.00,0.0,M
1902-03-27,M,M,T,0.0,M
1902-03-28,M,M,0.24,0.0,M
1902-03-29,M,M,0.82,0.0,M
1902-03-30,M,M,0.00,0.0,M
1902-03-31,M,M,0.22,1.0,1
1902-04-01,M,M,T,T,M
1902-04-02,M,M,T,0.0,M
1902-04-03,M,M,T,T,M
1902-04-04,M,M,0.00,0.0,M
1902-04-05,M,M,0.00,0.0,M
1902-04-06,M,M,T,0.0,M
1902-04-07,M,M,0.12,0.0,M
1902-04-08,M,M,0.27,0.0,M
1902-04-09,M,M,0.51,0.0,M
1902-04-10,M,M,0.28,0.0,M
1902-04-11,M,M,T,0.0,M
1902-04-12,M,M,0.08,0.0,M
1902-04-13,M,M,0.04,0.0,M
1902-04-14,M,M,T,0.0,M
1902-04-15,M,M,0.00,0.0,M
1902-04-16,M,M,0.00,0.0,M
1902-04-17,M,M,0.00,0.0,M
1902-04-18,M,M,T,0.0,M
1902-04-19,M,M,0.00,0.0,M
1902-04-20,M,M,T,0.0,M
1902-04-21,M,M,T,0.0,M
1902-04-22,M,M,0.00,0.0,M
1902-04-23,M,M,0.00,0.0,M
1902-04-24,M,M,0.00,0.0,M
1902-04-25,M,M,0.00,0.0,M
1902-04-26,M,M,0.06,0.0,M
1902-04-27,M,M,0.00,0.0,M
1902-04-28,M,M,0.00,0.0,M
1902-04-29,M,M,0.10,0.0,M
1902-04-30,M,M,0.62,0.0,M
1902-05-01,M,M,0.00,M,M
1902-05-02,M,M,0.00,M,M
1902-05-03,M,M,0.22,M,M
1902-05-04,M,M,T,M,M
1902-05-05,M,M,T,M,M
1902-05-06,M,M,T,M,M
1902-05-07,M,M,0.07,M,M
1902-05-08,M,M,0.00,M,M
1902-05-09,M,M,T,M,M
1902-05-10,M,M,0.00,M,M
1902-05-11,M,M,0.00,M,M
1902-05-12,M,M,T,M,M
1902-05-13,M,M,T,M,M
1902-05-14,M,M,0.00,M,M
1902-05-15,M,M,0.00,M,M
1902-05-16,M,M,0.00,M,M
1902-05-17,M,M,0.00,M,M
1902-05-18,M,M,0.00,M,M
1902-05-19,M,M,0.09,M,M
1902-05-20,M,M,0.00,M,M
1902-05-21,M,M,0.00,M,M
1902-05-22,M,M,0.00,M,M
1902-05-23,M,M,T,M,M
1902-05-24,M,M,0.05,M,M
1902-05-25,M,M,0.07,M,M
1902-05-26,M,M,0.39,M,M
1902-05-27,M,M,0.89,M,M
1902-05-28,M,M,0.01,M,M
1902-05-29,M,M,0.00,M,M
1902-05-30,M,M,0.06,M,M
1902-05-31,M,M,0.00,M,M
1902-06-01,75,52,T,M,M
1902-06-02,83,58,0.05,M,M
1902-06-03,90,66,0.43,M,M
1902-06-04,80,62,0.14,M,M
1902-06-05,72,50,0.00,M,M
1902-06-06,73,47,0.00,M,M
1902-06-07,75,59,0.06,M,M
1902-06-08,71,58,0.16,M,M
1902-06-09,72,46,0.00,M,M
1902-06-10,70,51,0.11,M,M
1902-06-11,72,49,0.02,M,M
1902-06-12,85,56,0.00,M,M
1902-06-13,81,57,0.12,M,M
1902-06-14,80,64,0.00,M,M
1902-06-15,82,63,0.18,M,M
1902-06-16,82,66,0.54,M,M
1902-06-17,71,54,0.19,M,M
1902-06-18,80,53,0.00,M,M
1902-06-19,72,56,0.46,M,M
1902-06-20,76,57,0.00,M,M
1902-06-21,65,55,0.45,M,M
1902-06-22,71,51,0.00,M,M
1902-06-23,66,46,0.09,M,M
1902-06-24,71,48,T,M,M
1902-06-25,74,48,0.16,M,M
1902-06-26,72,60,0.26,M,M
1902-06-27,69,53,0.00,M,M
1902-06-28,77,55,0.00,M,M
1902-06-29,70,54,1.60,M,M
1902-06-30,71,50,0.02,M,M
1902-07-01,76,57,0.05,M,M
1902-07-02,80,55,0.00,M,M
1902-07-03,72,62,0.26,M,M
1902-07-04,84,60,0.00,M,M
1902-07-05,83,65,0.68,M,M
1902-07-06,77,65,0.18,M,M
1902-07-07,75,60,T,M,M
1902-07-08,86,67,0.01,M,M
1902-07-09,88,66,0.00,M,M
1902-07-10,82,66,0.21,M,M
1902-07-11,78,53,0.00,M,M
1902-07-12,80,54,0.00,M,M
1902-07-13,83,58,0.00,M,M
1902-07-14,89,62,0.00,M,M
1902-07-15,83,64,T,M,M
1902-07-16,73,58,T,M,M
1902-07-17,72,51,T,M,M
1902-07-18,74,64,T,M,M
1902-07-19,68,60,0.64,M,M
1902-07-20,71,61,1.65,M,M
1902-07-21,73,60,0.27,M,M
1902-07-22,75,61,0.53,M,M
1902-07-23,77,58,0.08,M,M
1902-07-24,74,59,1.47,M,M
1902-07-25,68,60,0.03,M,M
1902-07-26,75,59,0.00,M,M
1902-07-27,72,62,0.03,M,M
1902-07-28,81,67,0.00,M,M
1902-07-29,78,67,0.00,M,M
1902-07-30,80,67,0.00,M,M
1902-07-31,81,65,T,M,M
1902-08-01,82,67,0.30,M,M
1902-08-02,83,63,0.12,M,M
1902-08-03,82,61,T,M,M
1902-08-04,84,62,0.00,M,M
1902-08-05,80,58,0.00,M,M
1902-08-06,77,63,1.26,M,M
1902-08-07,73,57,0.00,M,M
1902-08-08,75,59,0.08,M,M
1902-08-09,78,55,0.00,M,M
1902-08-10,78,56,T,M,M
1902-08-11,85,61,0.20,M,M
1902-08-12,71,57,0.00,M,M
1902-08-13,73,48,0.00,M,M
1902-08-14,74,50,0.00,M,M
1902-08-15,75,53,0.00,M,M
1902-08-16,69,54,T,M,M
1902-08-17,74,47,0.04,M,M
1902-08-18,75,52,T,M,M
1902-08-19,66,59,0.36,M,M
1902-08-20,75,51,0.00,M,M
1902-08-21,72,60,0.12,M,M
1902-08-22,73,57,T,M,M
1902-08-23,73,54,0.02,M,M
1902-08-24,73,55,0.00,M,M
1902-08-25,77,55,0.01,M,M
1902-08-26,81,55,T,M,M
1902-08-27,78,58,0.01,M,M
1902-08-28,74,58,0.02,M,M
1902-08-29,80,60,0.00,M,M
1902-08-30,82,62,0.12,M,M
1902-08-31,84,62,0.00,M,M
1902-09-01,86,67,0.00,M,M
1902-09-02,82,66,0.20,M,M
1902-09-03,77,51,0.00,M,M
1902-09-04,76,58,0.43,M,M
1902-09-05,62,51,0.00,M,M
1902-09-06,70,42,0.00,M,M
1902-09-07,74,56,0.18,M,M
1902-09-08,78,52,0.00,M,M
1902-09-09,75,59,0.92,M,M
1902-09-10,68,53,0.20,M,M
1902-09-11,73,45,0.00,M,M
1902-09-12,75,51,0.00,M,M
1902-09-13,70,52,0.55,M,M
1902-09-14,64,46,0.00,M,M
1902-09-15,63,40,0.00,M,M
1902-09-16,69,41,0.00,M,M
1902-09-17,70,48,0.00,M,M
1902-09-18,65,50,T,M,M
1902-09-19,65,57,0.32,M,M
1902-09-20,71,62,0.09,M,M
1902-09-21,74,58,0.00,M,M
1902-09-22,74,58,0.00,M,M
1902-09-23,78,55,0.00,M,M
1902-09-24,69,52,0.02,M,M
1902-09-25,54,46,0.06,M,M
1902-09-26,58,49,0.81,M,M
1902-09-27,64,52,0.43,M,M
1902-09-28,71,59,0.90,M,M
1902-09-29,71,58,0.79,M,M
1902-09-30,72,62,0.00,M,M
1902-10-01,68,61,0.43,0.0,M
1902-10-02,66,56,0.00,0.0,M
1902-10-03,66,52,0.00,0.0,M
1902-10-04,61,51,T,0.0,M
1902-10-05,60,53,0.06,0.0,M
1902-10-06,70,55,0.18,0.0,M
1902-10-07,66,45,0.00,0.0,M
1902-10-08,60,46,0.01,0.0,M
1902-10-09,62,46,0.00,0.0,M
1902-10-10,54,33,0.00,0.0,M
1902-10-11,57,38,0.12,0.0,M
1902-10-12,65,53,1.18,0.0,M
1902-10-13,72,47,0.00,0.0,M
1902-10-14,66,46,0.00,0.0,M
1902-10-15,58,35,0.00,0.0,M
1902-10-16,61,44,0.00,0.0,M
1902-10-17,47,32,0.00,0.0,M
1902-10-18,54,37,T,0.0,M
1902-10-19,70,54,T,0.0,M
1902-10-20,66,46,0.19,0.0,M
1902-10-21,54,36,0.00,0.0,M
1902-10-22,54,30,0.00,0.0,M
1902-10-23,50,42,0.02,0.0,M
1902-10-24,50,37,0.01,0.0,M
1902-10-25,60,46,0.00,0.0,M
1902-10-26,48,31,T,0.0,M
1902-10-27,62,46,0.15,0.0,M
1902-10-28,63,49,1.39,0.0,M
1902-10-29,50,36,T,T,M
1902-10-30,49,30,T,0.0,M
1902-10-31,54,40,T,0.0,M
1902-11-01,49,32,0.00,0.0,M
1902-11-02,58,30,0.00,0.0,M
1902-11-03,63,36,T,0.0,M
1902-11-04,57,36,0.00,0.0,M
1902-11-05,63,36,0.00,0.0,M
1902-11-06,62,40,T,0.0,M
1902-11-07,58,42,0.06,0.0,M
1902-11-08,44,28,0.00,0.0,M
1902-11-09,48,26,0.00,0.0,M
1902-11-10,58,30,0.00,0.0,M
1902-11-11,50,28,T,0.0,M
1902-11-12,64,36,0.10,0.0,M
1902-11-13,62,37,T,0.0,M
1902-11-14,62,42,0.00,0.0,M
1902-11-15,66,44,0.00,0.0,M
1902-11-16,60,46,0.00,0.0,M
1902-11-17,48,36,0.00,0.0,M
1902-11-18,49,42,0.00,0.0,M
1902-11-19,51,43,0.10,0.0,M
1902-11-20,52,33,0.00,0.0,M
1902-11-21,60,33,0.00,0.0,M
1902-11-22,62,42,0.03,0.0,M
1902-11-23,58,32,0.01,T,M
1902-11-24,50,30,0.00,0.0,M
1902-11-25,50,40,0.00,0.0,M
1902-11-26,40,32,0.35,T,T
1902-11-27,40,34,0.45,0.0,M
1902-11-28,40,30,0.01,T,M
1902-11-29,41,21,0.00,0.0,M
1902-11-30,45,36,0.00,0.0,M
1902-12-01,40,22,0.20,1.5,1
1902-12-02,47,29,0.00,0.0,T
1902-12-03,45,36,0.24,0.0,M
1902-12-04,40,33,0.02,0.0,M
1902-12-05,33,13,0.91,8.0,8
1902-12-06,20,5,0.00,0.0,8
1902-12-07,30,6,0.06,1.0,9
1902-12-08,32,12,T,T,9
1902-12-09,12,-10,0.00,0.0,9
1902-12-10,29,-5,T,T,9
1902-12-11,39,19,0.04,0.5,10
1902-12-12,21,10,0.26,2.0,12
1902-12-13,12,6,0.56,5.5,17
1902-12-14,15,8,0.60,5.0,22
1902-12-15,15,-4,0.00,0.0,22
1902-12-16,44,11,0.90,1.0,16
1902-12-17,45,30,0.27,T,10
1902-12-18,40,25,T,T,8
1902-12-19,42,22,0.00,0.0,8
1902-12-20,40,22,0.00,0.0,8
1902-12-21,34,21,1.42,T,8
1902-12-22,49,33,0.00,0.0,6
1902-12-23,40,20,0.00,0.0,4
1902-12-24,21,8,0.00,0.0,4
1902-12-25,30,15,0.48,7.2,11
1902-12-26,28,21,0.26,3.2,14
1902-12-27,28,15,0.04,0.6,15
1902-12-28,26,-4,0.00,0.0,15
1902-12-29,32,2,0.03,0.4,15
1902-12-30,36,23,0.00,0.0,14
1902-12-31,30,5,0.00,0.0,14
1903-01-01,34,2,0.00,0.0,12
1903-01-02,35,5,0.00,0.0,12
1903-01-03,40,30,0.49,0.0,10
1903-01-04,41,35,0.00,0.0,8
1903-01-05,37,26,0.00,0.0,5
1903-01-06,32,26,0.01,0.2,5
1903-01-07,26,12,0.19,1.8,6
1903-01-08,32,19,0.00,0.0,6
1903-01-09,20,3,T,T,6
1903-01-10,28,4,0.00,0.0,6
1903-01-11,22,6,0.47,3.2,9
1903-01-12,35,16,0.00,0.0,7
1903-01-13,23,3,0.00,0.0,7
1903-01-14,19,4,T,T,7
1903-01-15,36,18,T,T,7
1903-01-16,39,30,T,T,7
1903-01-17,46,31,T,0.0,6
1903-01-18,40,8,T,T,6
1903-01-19,8,-5,0.00,0.0,6
1903-01-20,26,-7,0.00,0.0,6
1903-01-21,40,26,1.10,0.0,4
1903-01-22,39,31,T,T,4
1903-01-23,34,18,T,T,4
1903-01-24,18,3,0.00,0.0,4
1903-01-25,20,10,0.34,5.2,9
1903-01-26,30,18,0.07,1.0,10
1903-01-27,35,20,T,T,8
1903-01-28,44,30,0.02,0.0,5
1903-01-29,41,34,0.04,0.0,3
1903-01-30,45,30,0.10,T,1
1903-01-31,30,23,0.00,0.0,1
1903-02-01,36,20,0.00,0.0,1
1903-02-02,38,32,0.06,0.0,1
1903-02-03,45,34,0.00,0.0,T
1903-02-04,40,32,0.38,0.0,T
1903-02-05,40,22,0.14,T,T
1903-02-06,35,23,T,T,T
1903-02-07,32,26,T,T,T
1903-02-08,30,18,0.31,1.2,1
1903-02-09,34,24,T,T,1
1903-02-10,41,29,0.00,0.0,T
1903-02-11,39,27,0.10,0.0,T
1903-02-12,46,35,0.37,0.0,T
1903-02-13,45,33,0.00,0.0,T
1903-02-14,38,24,0.00,0.0,T
1903-02-15,27,19,T,T,T
1903-02-16,24,19,0.52,4.0,4
1903-02-17,22,8,0.80,9.5,14
1903-02-18,13,-6,T,T,14
1903-02-19,16,-0,T,T,14
1903-02-20,22,-4,0.00,0.0,14
1903-02-21,34,-4,0.00,0.0,12
1903-02-22,34,22,T,T,10
1903-02-23,40,12,0.00,0.0,8
1903-02-24,38,26,T,T,6
1903-02-25,35,24,T,T,5
1903-02-26,42,9,0.00,0.0,3
1903-02-27,48,18,0.00,0.0,2
1903-02-28,60,39,0.88,0.0,T
1903-03-01,52,27,T,T,T
1903-03-02,40,20,0.00,0.0,T
1903-03-03,44,24,0.00,0.0,T
1903-03-04,48,33,0.00,0.0,T
1903-03-05,39,28,0.08,T,T
1903-03-06,45,35,0.00,0.0,T
1903-03-07,43,25,T,0.0,T
1903-03-08,55,37,0.38,0.0,0
1903-03-09,51,41,0.06,0.0,M
1903-03-10,55,39,0.00,0.0,M
1903-03-11,54,42,0.15,0.0,M
1903-03-12,52,40,0.00,0.0,M
1903-03-13,55,31,0.00,0.0,M
1903-03-14,62,29,0.00,0.0,M
1903-03-15,55,38,0.00,0.0,M
1903-03-16,45,38,0.00,0.0,M
1903-03-17,55,38,T,0.0,M
1903-03-18,57,44,0.00,0.0,M
1903-03-19,69,40,0.00,0.0,M
1903-03-20,74,50,0.00,0.0,M
1903-03-21,65,58,0.10,0.0,M
1903-03-22,60,39,1.20,0.0,M
1903-03-23,48,40,1.54,0.0,M
1903-03-24,68,46,T,0.0,M
1903-03-25,48,36,T,T,M
1903-03-26,55,32,0.00,0.0,M
1903-03-27,66,36,T,0.0,M
1903-03-28,50,33,0.10,T,M
1903-03-29,40,27,0.00,0.0,M
1903-03-30,42,27,0.04,T,M
1903-03-31,58,35,0.56,0.0,M
1903-04-01,54,41,0.00,0.0,M
1903-04-02,58,33,T,0.0,M
1903-04-03,69,49,0.08,0.0,M
1903-04-04,69,27,0.54,T,T
1903-04-05,40,23,0.00,0.0,M
1903-04-06,48,25,0.00,0.0,M
1903-04-07,55,40,0.10,0.0,M
1903-04-08,56,44,0.54,0.0,M
1903-04-09,63,38,0.07,0.0,M
1903-04-10,60,43,0.03,0.0,M
1903-04-11,55,39,0.00,0.0,M
1903-04-12,57,36,0.00,0.0,M
1903-04-13,62,35,0.00,0.0,M
1903-04-14,55,41,0.20,0.0,M
1903-04-15,45,41,0.38,0.0,M
1903-04-16,46,40,0.02,0.0,M
1903-04-17,52,40,0.00,0.0,M
1903-04-18,58,34,0.00,0.0,M
1903-04-19,58,32,0.00,0.0,M
1903-04-20,63,32,0.00,0.0,M
1903-04-21,55,32,0.00,0.0,M
1903-04-22,54,33,T,0.0,M
1903-04-23,59,42,T,0.0,M
1903-04-24,63,43,0.00,0.0,M
1903-04-25,62,43,T,0.0,M
1903-04-26,64,35,0.00,0.0,M
1903-04-27,66,42,0.00,0.0,M
1903-04-28,76,40,0.00,0.0,M
1903-04-29,83,43,0.00,0.0,M
1903-04-30,86,52,0.00,0.0,M
1903-05-01,77,39,T,T,M
1903-05-02,57,28,0.00,0.0,M
1903-05-03,56,38,0.00,0.0,M
1903-05-04,60,47,0.09,0.0,M
1903-05-05,69,47,0.00,0.0,M
1903-05-06,73,42,0.00,0.0,M
1903-05-07,64,43,0.16,0.0,M
1903-05-08,72,43,0.00,0.0,M
1903-05-09,80,44,0.00,0.0,M
1903-05-10,78,48,0.00,0.0,M
1903-05-11,79,47,0.00,0.0,M
1903-05-12,78,45,0.00,0.0,M
1903-05-13,77,51,0.00,0.0,M
1903-05-14,77,54,0.22,0.0,M
1903-05-15,73,52,0.00,0.0,M
1903-05-16,79,50,0.00,0.0,M
1903-05-17,82,50,0.00,0.0,M
1903-05-18,89,53,0.00,0.0,M
1903-05-19,88,58,T,0.0,M
1903-05-20,90,62,0.00,0.0,M
1903-05-21,85,57,0.00,0.0,M
1903-05-22,86,63,T,0.0,M
1903-05-23,75,50,0.00,0.0,M
1903-05-24,60,45,T,0.0,M
1903-05-25,71,41,0.00,0.0,M
1903-05-26,71,50,0.00,0.0,M
1903-05-27,68,55,T,0.0,M
1903-05-28,80,64,0.01,0.0,M
1903-05-29,75,52,T,0.0,M
1903-05-30,70,49,0.02,0.0,M
1903-05-31,68,43,0.00,0.0,M
1903-06-01,74,44,0.00,M,M
1903-06-02,75,47,0.00,M,M
1903-06-03,87,50,0.00,M,M
1903-06-04,80,55,0.00,M,M
1903-06-05,68,45,0.00,M,M
1903-06-06,72,49,0.00,M,M
1903-06-07,72,57,0.01,M,M
1903-06-08,71,62,0.74,M,M
1903-06-09,80,63,0.00,M,M
1903-06-10,81,64,T,M,M
1903-06-11,75,63,0.40,M,M
1903-06-12,67,60,1.94,M,M
1903-06-13,71,55,T,M,M
1903-06-14,61,53,0.26,M,M
1903-06-15,60,54,0.87,M,M
1903-06-16,67,57,0.07,M,M
1903-06-17,66,53,0.03,M,M
1903-06-18,66,52,0.07,M,M
1903-06-19,67,55,0.38,M,M
1903-06-20,65,56,0.30,M,M
1903-06-21,61,57,1.13,M,M
1903-06-22,64,55,0.01,M,M
1903-06-23,59,54,0.26,M,M
1903-06-24,62,50,0.28,M,M
1903-06-25,67,52,T,M,M
1903-06-26,76,54,0.00,M,M
1903-06-27,79,54,0.00,M,M
1903-06-28,73,51,0.00,M,M
1903-06-29,68,57,0.95,M,M
1903-06-30,78,56,0.23,M,M
1903-07-01,91,67,0.03,M,M
1903-07-02,89,73,0.00,M,M
1903-07-03,85,65,0.00,M,M
1903-07-04,75,61,0.00,M,M
1903-07-05,81,57,T,M,M
1903-07-06,85,63,0.44,M,M
1903-07-07,82,61,0.00,M,M
1903-07-08,88,63,0.00,M,M
1903-07-09,93,65,0.00,M,M
1903-07-10,91,71,0.02,M,M
1903-07-11,86,67,T,M,M
1903-07-12,88,62,T,M,M
1903-07-13,76,66,0.05,M,M
1903-07-14,75,55,0.08,M,M
1903-07-15,66,53,0.18,M,M
1903-07-16,77,52,T,M,M
1903-07-17,78,53,0.00,M,M
1903-07-18,69,57,0.10,M,M
1903-07-19,70,58,0.38,M,M
1903-07-20,77,59,1.13,M,M
1903-07-21,78,61,0.38,M,M
1903-07-22,78,61,0.65,M,M
1903-07-23,78,59,0.02,M,M
1903-07-24,82,62,0.00,M,M
1903-07-25,86,56,0.00,M,M
1903-07-26,84,69,0.00,M,M
1903-07-27,73,58,0.00,M,M
1903-07-28,73,48,0.00,M,M
1903-07-29,80,59,0.46,M,M
1903-07-30,87,68,0.24,M,M
1903-07-31,74,62,0.00,M,M
1903-08-01,74,52,0.00,M,M
1903-08-02,75,52,0.00,M,M
1903-08-03,72,58,0.02,M,M
1903-08-04,66,59,0.56,M,M
1903-08-05,62,56,0.75,M,M
1903-08-06,65,57,0.38,M,M
1903-08-07,73,58,0.03,M,M
1903-08-08,68,47,0.00,M,M
1903-08-09,65,55,0.19,M,M
1903-08-10,75,58,0.00,M,M
1903-08-11,77,55,0.15,M,M
1903-08-12,74,56,0.00,M,M
1903-08-13,72,52,0.00,M,M
1903-08-14,73,48,0.00,M,M
1903-08-15,77,52,0.00,M,M
1903-08-16,68,56,0.27,M,M
1903-08-17,75,58,0.00,M,M
1903-08-18,78,53,0.00,M,M
1903-08-19,76,65,0.36,M,M
1903-08-20,73,63,1.76,M,M
1903-08-21,76,58,0.00,M,M
1903-08-22,85,62,0.00,M,M
1903-08-23,84,64,0.00,M,M
1903-08-24,75,55,T,M,M
1903-08-25,80,55,0.76,M,M
1903-08-26,69,58,0.00,M,M
1903-08-27,68,59,0.00,M,M
1903-08-28,63,55,0.22,M,M
1903-08-29,58,52,1.57,M,M
1903-08-30,58,54,0.72,M,M
1903-08-31,66,54,0.09,M,M
1903-09-01,73,56,0.00,M,M
1903-09-02,76,60,0.00,M,M
1903-09-03,79,56,0.00,M,M
1903-09-04,83,60,0.00,M,M
1903-09-05,79,65,0.00,M,M
1903-09-06,67,52,0.00,M,M
1903-09-07,66,46,0.00,M,M
1903-09-08,68,45,0.00,M,M
1903-09-09,64,52,0.00,M,M
1903-09-10,76,58,0.00,M,M
1903-09-11,79,65,0.15,M,M
1903-09-12,76,52,0.00,M,M
1903-09-13,86,59,0.00,M,M
1903-09-14,87,67,0.00,M,M
1903-09-15,86,64,0.00,M,M
1903-09-16,78,65,0.55,M,M
1903-09-17,80,67,2.08,M,M
1903-09-18,70,54,0.00,M,M
1903-09-19,62,44,0.00,M,M
1903-09-20,66,45,0.00,M,M
1903-09-21,69,44,0.00,M,M
1903-09-22,76,51,0.00,M,M
1903-09-23,76,48,0.00,M,M
1903-09-24,69,52,0.00,M,M
1903-09-25,66,40,0.00,M,M
1903-09-26,73,43,0.00,M,M
1903-09-27,72,56,0.46,M,M
1903-09-28,61,48,T,M,M
1903-09-29,56,40,0.00,M,M
1903-09-30,66,38,0.00,M,M
1903-10-01,72,48,T,0.0,M
1903-10-02,69,58,0.14,0.0,M
1903-10-03,69,52,0.00,0.0,M
1903-10-04,67,50,0.00,0.0,M
1903-10-05,66,62,0.26,0.0,M
1903-10-06,70,49,0.00,0.0,M
1903-10-07,62,58,0.03,0.0,M
1903-10-08,72,52,2.04,0.0,M
1903-10-09,58,51,4.01,0.0,M
1903-10-10,61,52,0.05,0.0,M
1903-10-11,53,49,0.13,0.0,M
1903-10-12,54,49,T,0.0,M
1903-10-13,62,48,0.00,0.0,M
1903-10-14,66,44,0.00,0.0,M
1903-10-15,62,40,0.00,0.0,M
1903-10-16,63,53,0.05,0.0,M
1903-10-17,66,56,0.08,0.0,M
1903-10-18,58,44,0.36,0.0,M
1903-10-19,55,37,0.04,0.0,M
1903-10-20,68,46,0.00,0.0,M
1903-10-21,62,45,0.00,0.0,M
1903-10-22,62,35,0.00,0.0,M
1903-10-23,57,46,0.13,0.0,M
1903-10-24,47,37,0.00,0.0,M
1903-10-25,49,28,0.00,0.0,M
1903-10-26,46,34,0.01,T,T
1903-10-27,41,29,T,T,M
1903-10-28,43,30,0.07,1.0,M
1903-10-29,61,28,0.00,0.0,M
1903-10-30,69,42,0.00,0.0,M
1903-10-31,66,39,0.00,0.0,M
1903-11-01,64,43,0.00,0.0,M
1903-11-02,64,38,0.00,0.0,M
1903-11-03,61,38,0.00,0.0,M
1903-11-04,63,39,0.00,0.0,M
1903-11-05,60,42,0.27,0.0,M
1903-11-06,43,31,0.02,T,T
1903-11-07,39,29,0.00,0.0,M
1903-11-08,50,29,0.00,0.0,M
1903-11-09,57,30,0.00,0.0,M
1903-11-10,60,36,0.00,0.0,M
1903-11-11,57,34,0.00,0.0,M
1903-11-12,55,42,0.01,0.0,M
1903-11-13,58,33,0.00,0.0,M
1903-11-14,50,37,0.03,0.0,M
1903-11-15,44,32,T,T,M
1903-11-16,40,30,0.23,T,M
1903-11-17,54,35,0.76,0.0,M
1903-11-18,42,30,0.21,0.0,M
1903-11-19,36,23,0.00,0.0,M
1903-11-20,35,20,0.00,0.0,M
1903-11-21,30,16,0.00,0.0,M
1903-11-22,36,21,T,T,M
1903-11-23,36,31,0.10,T,M
1903-11-24,40,31,T,T,M
1903-11-25,31,20,0.00,0.0,M
1903-11-26,22,12,0.00,0.0,M
1903-11-27,27,12,0.00,0.0,M
1903-11-28,25,18,T,T,M
1903-11-29,24,14,T,T,M
1903-11-30,29,17,T,T,M
1903-12-01,34,12,0.00,0.0,M
1903-12-02,33,19,T,T,M
1903-12-03,31,25,0.32,5.0,3
1903-12-04,32,16,0.00,0.0,3
1903-12-05,34,14,T,T,3
1903-12-06,33,11,0.00,0.0,3
1903-12-07,34,27,0.00,0.0,2
1903-12-08,36,29,0.00,0.0,1
1903-12-09,34,21,0.01,0.2,1
1903-12-10,40,26,1.03,9.0,9
1903-12-11,33,9,0.00,0.0,9
1903-12-12,32,12,0.00,0.0,9
1903-12-13,43,27,0.54,T,5
1903-12-14,27,8,0.00,0.0,5
1903-12-15,25,12,T,T,5
1903-12-16,28,3,T,T,5
1903-12-17,30,3,T,T,5
1903-12-18,23,9,T,T,5
1903-12-19,17,-6,0.00,0.0,5
1903-12-20,49,12,1.20,2.0,3
1903-12-21,47,34,0.06,T,T
1903-12-22,36,22,T,T,T
1903-12-23,36,18,0.00,0.0,T
1903-12-24,41,28,T,0.0,T
1903-12-25,42,31,T,0.0,T
1903-12-26,31,6,0.12,1.8,2
1903-12-27,17,-4,0.03,0.5,2
1903-12-28,23,7,0.00,0.0,2
1903-12-29,16,-3,0.15,2.2,4
1903-12-30,24,6,T,T,4
1903-12-31,28,9,T,T,4
1904-01-01,34,14,T,T,3
1904-01-02,29,-3,0.22,3.0,6
1904-01-03,5,-4,0.39,6.0,12
1904-01-04,3,-9,0.00,0.0,12
1904-01-05,2,-21,0.00,0.0,12
1904-01-06,14,-20,0.00,0.0,12
1904-01-07,27,8,T,T,12
1904-01-08,29,10,0.10,1.0,13
1904-01-09,34,24,0.01,0.2,13
1904-01-10,32,24,0.00,0.0,12
1904-01-11,27,9,T,T,10
1904-01-12,22,5,T,T,10
1904-01-13,33,21,0.48,2.5,12
1904-01-14,35,26,0.00,0.0,11
1904-01-15,30,19,0.00,0.0,11
1904-01-16,26,7,0.12,1.5,13
1904-01-17,34,14,0.00,0.0,12
1904-01-18,14,-4,0.00,0.0,12
1904-01-19,-1,-20,0.00,0.0,12
1904-01-20,20,-5,0.01,0.1,12
1904-01-21,25,18,0.44,5.0,17
1904-01-22,41,16,0.98,4.0,19
1904-01-23,48,34,0.16,0.0,10
1904-01-24,37,22,T,T,8
1904-01-25,22,3,T,T,8
1904-01-26,18,5,0.44,5.0,10
1904-01-27,23,12,T,T,13
1904-01-28,14,-13,0.00,0.0,13
1904-01-29,21,12,T,T,13
1904-01-30,30,10,0.03,0.5,14
1904-01-31,32,21,0.00,0.0,13
1904-02-01,29,15,0.04,0.5,14
1904-02-02,16,-7,0.00,0.0,14
1904-02-03,22,12,T,T,14
1904-02-04,20,7,0.00,0.0,14
1904-02-05,20,4,T,T,14
1904-02-06,38,9,0.07,T,12
1904-02-07,46,37,0.10,0.0,6
1904-02-08,45,12,0.00,0.0,4
1904-02-09,12,-2,0.00,0.0,4
1904-02-10,20,-3,0.00,0.0,4
1904-02-11,15,1,0.00,0.0,4
1904-02-12,14,-0,0.00,0.0,4
1904-02-13,21,9,T,T,4
1904-02-14,30,10,0.05,0.6,5
1904-02-15,30,15,0.07,0.8,5
1904-02-16,15,-2,T,T,5
1904-02-17,17,-2,0.00,0.0,5
1904-02-18,16,-0,0.00,0.0,5
1904-02-19,17,12,0.09,1.0,6
1904-02-20,25,5,0.00,0.0,6
1904-02-21,37,-0,0.00,0.0,4
1904-02-22,43,33,0.46,T,T
1904-02-23,40,22,T,T,T
1904-02-24,40,22,0.24,3.0,3
1904-02-25,27,7,T,T,3
1904-02-26,22,5,0.00,0.0,3
1904-02-27,30,7,0.00,0.0,1
1904-02-28,35,21,0.10,T,1
1904-02-29,36,24,T,T,1
1904-03-01,39,22,0.60,5.5,6
1904-03-02,44,20,0.00,0.0,2
1904-03-03,42,32,0.20,0.0,T
1904-03-04,40,11,0.00,0.0,T
1904-03-05,26,7,0.00,0.0,T
1904-03-06,33,21,T,T,T
1904-03-07,45,32,1.24,0.0,T
1904-03-08,45,36,0.10,0.0,T
1904-03-09,39,23,T,T,T
1904-03-10,29,15,0.00,0.0,T
1904-03-11,25,18,0.09,1.0,1
1904-03-12,35,15,0.00,0.0,T
1904-03-13,34,22,0.00,0.0,T
1904-03-14,31,17,0.00,0.0,T
1904-03-15,36,26,0.10,1.0,T
1904-03-16,33,24,T,T,T
1904-03-17,36,14,0.00,0.0,T
1904-03-18,40,28,0.13,1.5,T
1904-03-19,47,28,T,0.0,T
1904-03-20,42,32,0.00,0.0,T
1904-03-21,39,25,0.00,0.0,T
1904-03-22,39,32,0.01,0.0,T
1904-03-23,52,37,0.17,0.0,T
1904-03-24,56,29,0.00,0.0,T
1904-03-25,52,37,T,0.0,T
1904-03-26,63,40,0.02,0.0,M
1904-03-27,41,29,T,T,M
1904-03-28,36,23,T,T,M
1904-03-29,41,20,0.00,0.0,M
1904-03-30,50,25,0.00,0.0,M
1904-03-31,42,30,0.32,1.0,1
1904-04-01,40,32,0.72,0.0,M
1904-04-02,52,37,T,0.0,M
1904-04-03,43,28,T,T,M
1904-04-04,50,24,0.00,0.0,M
1904-04-05,61,29,0.00,0.0,M
1904-04-06,62,32,0.00,0.0,M
1904-04-07,60,40,0.08,0.0,M
1904-04-08,67,33,0.00,0.0,M
1904-04-09,58,47,0.40,0.0,M
1904-04-10,59,45,0.01,0.0,M
1904-04-11,53,39,0.06,0.0,M
1904-04-12,59,40,0.03,T,M
1904-04-13,46,33,T,T,M
1904-04-14,43,26,T,T,M
1904-04-15,47,27,T,T,M
1904-04-16,37,29,0.35,2.5,T
1904-04-17,52,25,0.00,0.0,M
1904-04-18,59,30,0.00,0.0,M
1904-04-19,52,32,T,T,M
1904-04-20,39,24,T,T,T
1904-04-21,54,32,0.03,T,M
1904-04-22,57,29,0.00,0.0,M
1904-04-23,63,30,0.00,0.0,M
1904-04-24,65,40,0.00,0.0,M
1904-04-25,67,47,T,0.0,M
1904-04-26,57,42,T,0.0,M
1904-04-27,52,43,1.02,0.0,M
1904-04-28,51,43,0.64,0.0,M
1904-04-29,63,47,0.01,0.0,M
1904-04-30,71,49,0.03,0.0,M
1904-05-01,70,50,T,M,M
1904-05-02,73,41,0.00,M,M
1904-05-03,77,43,0.00,M,M
1904-05-04,81,49,0.00,M,M
1904-05-05,82,48,0.00,M,M
1904-05-06,80,49,0.00,M,M
1904-05-07,79,51,0.00,M,M
1904-05-08,77,56,0.00,M,M
1904-05-09,70,51,0.02,M,M
1904-05-10,72,53,0.04,M,M
1904-05-11,66,50,0.04,M,M
1904-05-12,67,40,0.00,M,M
1904-05-13,83,48,0.00,M,M
1904-05-14,78,53,0.00,M,M
1904-05-15,71,50,0.55,M,M
1904-05-16,60,46,0.02,M,M
1904-05-17,56,41,T,M,M
1904-05-18,66,51,0.03,M,M
1904-05-19,67,54,0.08,M,M
1904-05-20,68,52,0.03,M,M
1904-05-21,76,53,0.00,M,M
1904-05-22,82,50,0.00,M,M
1904-05-23,80,60,0.00,M,M
1904-05-24,80,61,0.03,M,M
1904-05-25,84,58,0.46,M,M
1904-05-26,81,57,0.08,M,M
1904-05-27,73,58,0.16,M,M
1904-05-28,75,47,0.00,M,M
1904-05-29,75,48,0.00,M,M
1904-05-30,71,58,0.24,M,M
1904-05-31,68,56,0.07,M,M
1904-06-01,66,54,T,M,M
1904-06-02,66,55,0.02,M,M
1904-06-03,78,60,0.01,M,M
1904-06-04,81,57,0.00,M,M
1904-06-05,92,64,0.13,M,M
1904-06-06,88,69,0.00,M,M
1904-06-07,79,63,1.10,M,M
1904-06-08,80,58,2.74,M,M
1904-06-09,68,52,0.90,M,M
1904-06-10,66,46,0.06,M,M
1904-06-11,78,47,0.00,M,M
1904-06-12,75,50,0.00,M,M
1904-06-13,71,51,0.00,M,M
1904-06-14,73,55,0.00,M,M
1904-06-15,75,54,T,M,M
1904-06-16,78,57,0.01,M,M
1904-06-17,78,53,0.00,M,M
1904-06-18,82,53,0.00,M,M
1904-06-19,82,58,0.00,M,M
1904-06-20,86,58,0.00,M,M
1904-06-21,87,67,0.03,M,M
1904-06-22,81,61,0.10,M,M
1904-06-23,77,52,0.00,M,M
1904-06-24,82,55,0.00,M,M
1904-06-25,95,66,0.00,M,M
1904-06-26,94,70,0.00,M,M
1904-06-27,84,61,0.00,M,M
1904-06-28,73,55,0.01,M,M
1904-06-29,78,59,0.26,M,M
1904-06-30,79,68,0.62,M,M
1904-07-01,83,67,T,M,M
1904-07-02,75,57,T,M,M
1904-07-03,71,53,0.00,M,M
1904-07-04,82,52,0.00,M,M
1904-07-05,85,68,0.14,M,M
1904-07-06,83,59,T,M,M
1904-07-07,79,64,T,M,M
1904-07-08,82,61,0.00,M,M
1904-07-09,85,62,0.00,M,M
1904-07-10,74,65,0.17,M,M
1904-07-11,85,65,T,M,M
1904-07-12,85,65,0.36,M,M
1904-07-13,78,62,0.04,M,M
1904-07-14,80,54,0.00,M,M
1904-07-15,80,58,T,M,M
1904-07-16,88,58,0.04,M,M
1904-07-17,84,64,0.02,M,M
1904-07-18,87,66,1.66,M,M
1904-07-19,90,63,T,M,M
1904-07-20,82,69,0.00,M,M
1904-07-21,82,59,0.00,M,M
1904-07-22,75,58,T,M,M
1904-07-23,76,61,0.08,M,M
1904-07-24,70,61,0.20,M,M
1904-07-25,80,64,T,M,M
1904-07-26,82,69,0.01,M,M
1904-07-27,82,65,0.00,M,M
1904-07-28,81,66,0.01,M,M
1904-07-29,79,64,0.04,M,M
1904-07-30,78,53,0.00,M,M
1904-07-31,92,66,0.00,M,M
1904-08-01,90,73,0.12,M,M
1904-08-02,76,67,0.05,M,M
1904-08-03,81,62,0.00,M,M
1904-08-04,85,61,0.00,M,M
1904-08-05,79,68,0.04,M,M
1904-08-06,85,69,0.17,M,M
1904-08-07,83,62,T,M,M
1904-08-08,79,61,0.12,M,M
1904-08-09,77,52,0.00,M,M
1904-08-10,71,56,1.20,M,M
1904-08-11,81,63,0.73,M,M
1904-08-12,73,60,0.00,M,M
1904-08-13,74,63,T,M,M
1904-08-14,76,62,0.30,M,M
1904-08-15,80,60,0.00,M,M
1904-08-16,80,61,T,M,M
1904-08-17,83,66,T,M,M
1904-08-18,76,61,0.10,M,M
1904-08-19,72,51,0.00,M,M
1904-08-20,73,55,0.65,M,M
1904-08-21,78,65,0.00,M,M
1904-08-22,77,67,0.19,M,M
1904-08-23,73,58,0.09,M,M
1904-08-24,78,50,0.00,M,M
1904-08-25,82,56,0.00,M,M
1904-08-26,76,61,0.05,M,M
1904-08-27,74,48,0.00,M,M
1904-08-28,79,53,0.00,M,M
1904-08-29,80,62,0.00,M,M
1904-08-30,77,58,T,M,M
1904-08-31,72,57,0.00,M,M
1904-09-01,69,52,T,M,M
1904-09-02,79,64,0.02,M,M
1904-09-03,84,69,0.54,M,M
1904-09-04,79,64,0.00,M,M
1904-09-05,73,55,0.00,M,M
1904-09-06,68,48,0.00,M,M
1904-09-07,71,44,0.00,M,M
1904-09-08,75,52,0.25,M,M
1904-09-09,60,53,0.06,M,M
1904-09-10,66,55,0.00,M,M
1904-09-11,76,55,0.00,M,M
1904-09-12,78,56,0.07,M,M
1904-09-13,68,51,0.00,M,M
1904-09-14,66,59,4.02,M,M
1904-09-15,67,50,0.92,M,M
1904-09-16,66,42,0.00,M,M
1904-09-17,75,54,0.00,M,M
1904-09-18,80,57,0.00,M,M
1904-09-19,72,62,0.00,M,M
1904-09-20,71,56,T,M,M
1904-09-21,67,44,0.04,M,M
1904-09-22,53,32,0.00,M,M
1904-09-23,60,31,0.00,M,M
1904-09-24,66,49,0.12,M,M
1904-09-25,79,59,0.08,M,M
1904-09-26,66,51,0.13,M,M
1904-09-27,64,52,T,M,M
1904-09-28,66,47,0.00,M,M
1904-09-29,63,55,0.24,M,M
1904-09-30,74,57,0.04,M,M
1904-10-01,61,51,T,0.0,M
1904-10-02,60,46,T,0.0,M
1904-10-03,55,39,0.00,0.0,M
1904-10-04,60,39,0.00,0.0,M
1904-10-05,68,44,0.00,0.0,M
1904-10-06,64,44,0.03,0.0,M
1904-10-07,48,31,0.00,0.0,M
1904-10-08,55,37,T,0.0,M
1904-10-09,54,53,T,0.0,M
1904-10-10,69,52,0.00,0.0,M
1904-10-11,71,52,0.22,0.0,M
1904-10-12,52,36,0.72,T,M
1904-10-13,47,35,0.02,0.0,M
1904-10-14,56,38,0.00,0.0,M
1904-10-15,52,37,0.00,0.0,M
1904-10-16,58,31,0.00,0.0,M
1904-10-17,65,32,0.00,0.0,M
1904-10-18,73,38,0.00,0.0,M
1904-10-19,68,43,0.00,0.0,M
1904-10-20,70,51,0.00,0.0,M
1904-10-21,66,51,2.84,0.0,M
1904-10-22,58,43,T,0.0,M
1904-10-23,55,35,T,0.0,M
1904-10-24,50,34,T,0.0,M
1904-10-25,61,38,0.00,0.0,M
1904-10-26,57,43,T,0.0,M
1904-10-27,45,34,0.00,0.0,M
1904-10-28,46,26,0.00,0.0,M
1904-10-29,56,36,0.00,0.0,M
1904-10-30,52,36,0.00,0.0,M
1904-10-31,40,24,0.00,0.0,M
1904-11-01,46,28,0.00,0.0,M
1904-11-02,50,27,0.00,0.0,M
1904-11-03,57,37,0.00,0.0,M
1904-11-04,56,36,0.00,0.0,M
1904-11-05,46,36,T,T,M
1904-11-06,38,30,0.14,0.0,M
1904-11-07,38,30,T,T,M
1904-11-08,46,28,0.00,0.0,M
1904-11-09,39,28,0.04,T,M
1904-11-10,39,27,0.00,0.0,M
1904-11-11,41,27,0.01,0.2,M
1904-11-12,52,25,0.00,0.0,M
1904-11-13,48,33,0.28,3.0,3
1904-11-14,36,32,0.77,1.0,3
1904-11-15,44,31,0.00,0.0,2
1904-11-16,43,29,T,0.0,1
1904-11-17,39,18,0.00,0.0,1
1904-11-18,32,12,0.00,0.0,1
1904-11-19,39,18,0.00,0.0,1
1904-11-20,48,23,0.00,0.0,T
1904-11-21,48,38,0.00,0.0,T
1904-11-22,47,25,0.00,0.0,T
1904-11-23,48,33,0.00,0.0,T
1904-11-24,41,30,0.00,0.0,T
1904-11-25,39,31,T,T,T
1904-11-26,35,26,T,T,T
1904-11-27,33,17,T,T,T
1904-11-28,28,18,T,T,T
1904-11-29,39,13,T,T,T
1904-11-30,48,36,0.00,0.0,T
1904-12-01,38,26,0.00,0.0,T
1904-12-02,32,24,T,T,T
1904-12-03,24,17,T,T,T
1904-12-04,24,12,T,T,T
1904-12-05,28,14,T,T,T
1904-12-06,32,20,0.06,0.5,T
1904-12-07,38,17,T,T,T
1904-12-08,36,20,T,T,T
1904-12-09,28,14,0.00,0.0,T
1904-12-10,14,6,T,T,T
1904-12-11,25,5,0.00,0.0,T
1904-12-12,24,10,0.04,0.5,1
1904-12-13,24,10,0.60,9.0,10
1904-12-14,19,-0,T,T,9
1904-12-15,16,-1,T,T,8
1904-12-16,26,12,T,T,6
1904-12-17,18,-5,0.00,0.0,6
1904-12-18,28,14,0.14,2.0,8
1904-12-19,30,-1,T,T,8
1904-12-20,36,20,T,T,8
1904-12-21,30,16,T,T,8
1904-12-22,34,20,T,T,8
1904-12-23,50,30,0.02,0.0,5
1904-12-24,49,12,T,T,1
1904-12-25,12,-0,T,T,1
1904-12-26,25,9,0.16,3.0,4
1904-12-27,41,22,0.62,0.0,2
1904-12-28,45,26,0.06,T,T
1904-12-29,32,23,0.00,0.0,T
1904-12-30,37,24,T,T,T
1904-12-31,41,26,0.00,0.0,T
1905-01-01,48,34,0.00,0.0,T
1905-01-02,39,30,0.18,0.0,T
1905-01-03,36,10,0.56,8.0,8
1905-01-04,12,5,0.14,2.0,10
1905-01-05,20,-1,T,T,10
1905-01-06,23,2,0.16,2.0,12
1905-01-07,48,23,0.64,0.0,2
1905-01-08,37,27,T,T,2
1905-01-09,33,18,0.00,0.0,2
1905-01-10,32,19,0.02,0.2,2
1905-01-11,28,15,T,T,2
1905-01-12,37,20,0.26,0.5,2
1905-01-13,39,15,0.00,0.0,2
1905-01-14,20,10,0.00,0.0,2
1905-01-15,22,1,0.00,0.0,2
1905-01-16,30,15,0.00,0.0,2
1905-01-17,36,16,T,T,2
1905-01-18,38,20,0.00,0.0,2
1905-01-19,45,29,T,0.0,1
1905-01-20,42,24,T,T,1
1905-01-21,30,21,T,T,1
1905-01-22,33,25,0.02,0.4,1
1905-01-23,25,12,0.00,0.0,1
1905-01-24,17,4,0.02,0.5,2
1905-01-25,15,5,0.44,7.0,8
1905-01-26,8,-5,0.00,0.0,8
1905-01-27,22,-4,0.00,0.0,8
1905-01-28,24,17,T,T,7
1905-01-29,26,6,0.00,0.0,7
1905-01-30,24,9,0.00,0.0,6
1905-01-31,24,-1,0.00,0.0,6
1905-02-01,22,-2,0.00,0.0,6
1905-02-02,17,9,T,0.0,6
1905-02-03,18,3,T,0.0,6
1905-02-04,10,-5,0.00,0.0,6
1905-02-05,16,-5,0.00,0.0,6
1905-02-06,27,11,0.44,5.0,10
1905-02-07,26,14,T,T,10
1905-02-08,18,-1,0.00,0.0,10
1905-02-09,30,9,0.14,1.0,10
1905-02-10,34,25,0.04,T,10
1905-02-11,26,10,0.00,0.0,10
1905-02-12,22,1,0.06,1.0,11
1905-02-13,33,14,0.30,T,11
1905-02-14,16,-7,0.00,0.0,11
1905-02-15,24,5,T,T,11
1905-02-16,24,-3,0.00,0.0,11
1905-02-17,28,12,T,T,11
1905-02-18,29,12,T,T,11
1905-02-19,25,-1,0.00,0.0,11
1905-02-20,34,10,T,T,10
1905-02-21,44,21,0.00,0.0,8
1905-02-22,34,12,0.00,0.0,8
1905-02-23,33,22,0.00,0.0,8
1905-02-24,35,17,0.00,0.0,8
1905-02-25,42,11,0.00,0.0,7
1905-02-26,42,14,0.00,0.0,6
1905-02-27,32,16,0.00,0.0,6
1905-02-28,35,16,T,T,6
1905-03-01,32,17,T,T,6
1905-03-02,32,8,0.00,0.0,5
1905-03-03,40,12,T,T,4
1905-03-04,33,18,T,T,4
1905-03-05,28,6,0.00,0.0,4
1905-03-06,30,23,0.00,0.0,3
1905-03-07,32,10,0.00,0.0,3
1905-03-08,35,32,0.30,T,3
1905-03-09,40,25,T,0.0,2
1905-03-10,47,32,0.08,0.0,T
1905-03-11,34,19,0.00,0.0,T
1905-03-12,40,16,0.00,0.0,T
1905-03-13,38,16,0.00,0.0,T
1905-03-14,35,14,0.00,0.0,T
1905-03-15,40,13,0.00,0.0,T
1905-03-16,35,16,T,T,T
1905-03-17,43,21,0.00,0.0,T
1905-03-18,57,32,0.00,0.0,T
1905-03-19,54,34,0.02,0.0,T
1905-03-20,34,28,0.42,0.0,T
1905-03-21,33,30,0.44,3.5,4
1905-03-22,46,27,0.28,4.0,3
1905-03-23,40,32,0.00,0.0,1
1905-03-24,38,30,T,0.0,T
1905-03-25,50,35,0.86,0.0,T
1905-03-26,58,30,0.00,0.0,T
1905-03-27,62,41,0.02,0.0,T
1905-03-28,68,34,0.00,0.0,T
1905-03-29,82,37,0.00,0.0,T
1905-03-30,70,41,0.18,0.0,T
1905-03-31,68,34,0.00,0.0,T
1905-04-01,56,36,0.00,0.0,M
1905-04-02,46,31,0.00,0.0,M
1905-04-03,57,27,0.00,0.0,M
1905-04-04,60,40,0.20,0.0,M
1905-04-05,53,42,0.34,0.0,M
1905-04-06,48,39,0.73,0.0,M
1905-04-07,50,32,0.00,0.0,M
1905-04-08,44,32,T,T,M
1905-04-09,64,29,T,T,M
1905-04-10,72,46,0.06,0.0,M
1905-04-11,62,46,0.48,0.0,M
1905-04-12,63,41,0.00,0.0,M
1905-04-13,66,38,0.00,0.0,M
1905-04-14,62,36,T,T,T
1905-04-15,54,32,0.30,T,M
1905-04-16,44,30,T,T,M
1905-04-17,43,31,T,T,M
1905-04-18,46,33,T,T,M
1905-04-19,60,29,0.00,0.0,M
1905-04-20,68,44,0.02,0.0,M
1905-04-21,70,40,T,0.0,M
1905-04-22,57,34,T,T,M
1905-04-23,58,37,0.00,0.0,M
1905-04-24,65,31,0.00,0.0,M
1905-04-25,68,42,0.00,0.0,M
1905-04-26,62,36,T,0.0,M
1905-04-27,78,50,0.00,0.0,M
1905-04-28,74,41,0.00,0.0,M
1905-04-29,61,45,0.10,0.0,M
1905-04-30,66,43,T,0.0,M
1905-05-01,52,39,T,T,M
1905-05-02,58,33,T,0.0,M
1905-05-03,82,41,0.00,0.0,M
1905-05-04,72,53,0.00,0.0,M
1905-05-05,60,50,T,0.0,M
1905-05-06,72,55,T,0.0,M
1905-05-07,80,58,0.00,0.0,M
1905-05-08,76,42,0.00,0.0,M
1905-05-09,66,50,0.02,0.0,M
1905-05-10,76,45,0.00,0.0,M
1905-05-11,77,46,0.00,0.0,M
1905-05-12,77,55,0.06,0.0,M
1905-05-13,70,59,0.00,0.0,M
1905-05-14,63,54,0.14,0.0,M
1905-05-15,84,59,T,0.0,M
1905-05-16,77,59,0.06,0.0,M
1905-05-17,63,50,0.06,0.0,M
1905-05-18,70,51,0.07,0.0,M
1905-05-19,72,53,T,0.0,M
1905-05-20,58,39,T,0.0,M
1905-05-21,68,38,0.00,0.0,M
1905-05-22,70,37,0.00,0.0,M
1905-05-23,71,43,0.00,0.0,M
1905-05-24,74,36,0.00,0.0,M
1905-05-25,76,52,0.00,0.0,M
1905-05-26,78,60,T,0.0,M
1905-05-27,78,59,T,0.0,M
1905-05-28,86,55,0.00,0.0,M
1905-05-29,86,52,T,0.0,M
1905-05-30,74,54,T,0.0,M
1905-05-31,75,48,0.00,0.0,M
1905-06-01,70,53,0.00,M,M
1905-06-02,71,44,0.07,M,M
1905-06-03,70,50,0.00,M,M
1905-06-04,75,46,T,M,M
1905-06-05,82,58,0.00,M,M
1905-06-06,74,56,0.25,M,M
1905-06-07,63,46,0.18,M,M
1905-06-08,65,44,0.10,M,M
1905-06-09,79,43,0.00,M,M
1905-06-10,82,54,0.00,M,M
1905-06-11,76,63,0.01,M,M
1905-06-12,70,65,0.07,M,M
1905-06-13,80,62,0.60,M,M
1905-06-14,83,55,0.00,M,M
1905-06-15,87,57,0.00,M,M
1905-06-16,86,64,0.00,M,M
1905-06-17,87,68,0.00,M,M
1905-06-18,89,72,T,M,M
1905-06-19,85,67,0.07,M,M
1905-06-20,74,55,0.14,M,M
1905-06-21,65,61,0.62,M,M
1905-06-22,75,64,0.06,M,M
1905-06-23,75,64,T,M,M
1905-06-24,77,57,0.00,M,M
1905-06-25,84,55,0.00,M,M
1905-06-26,85,56,0.02,M,M
1905-06-27,67,51,0.15,M,M
1905-06-28,75,53,T,M,M
1905-06-29,81,52,0.00,M,M
1905-06-30,84,51,0.00,M,M
1905-07-01,78,65,T,M,M
1905-07-02,72,65,0.33,M,M
1905-07-03,85,63,0.00,M,M
1905-07-04,87,62,0.00,M,M
1905-07-05,86,64,0.00,M,M
1905-07-06,80,66,T,M,M
1905-07-07,86,68,0.00,M,M
1905-07-08,92,69,T,M,M
1905-07-09,92,71,T,M,M
1905-07-10,92,66,0.03,M,M
1905-07-11,89,66,0.02,M,M
1905-07-12,92,72,0.00,M,M
1905-07-13,87,71,T,M,M
1905-07-14,93,64,0.12,M,M
1905-07-15,83,64,0.00,M,M
1905-07-16,83,53,0.00,M,M
1905-07-17,98,67,0.00,M,M
1905-07-18,99,74,0.00,M,M
1905-07-19,94,70,0.48,M,M
1905-07-20,86,66,0.00,M,M
1905-07-21,82,56,0.00,M,M
1905-07-22,82,53,0.00,M,M
1905-07-23,77,62,0.02,M,M
1905-07-24,77,63,0.38,M,M
1905-07-25,78,58,0.00,M,M
1905-07-26,80,53,T,M,M
1905-07-27,83,52,T,M,M
1905-07-28,85,54,0.00,M,M
1905-07-29,82,68,0.06,M,M
1905-07-30,81,67,0.05,M,M
1905-07-31,77,60,0.06,M,M
1905-08-01,76,57,T,0.0,M
1905-08-02,83,53,0.00,0.0,M
1905-08-03,83,52,0.00,0.0,M
1905-08-04,87,52,0.00,0.0,M
1905-08-05,88,68,T,0.0,M
1905-08-06,83,63,0.66,0.0,M
1905-08-07,85,61,0.09,0.0,M
1905-08-08,84,61,0.00,0.0,M
1905-08-09,77,63,0.00,0.0,M
1905-08-10,86,67,0.00,0.0,M
1905-08-11,84,72,0.44,0.0,M
1905-08-12,84,71,0.17,0.0,M
1905-08-13,81,68,T,0.0,M
1905-08-14,77,56,0.00,0.0,M
1905-08-15,72,56,1.34,0.0,M
1905-08-16,64,55,0.36,0.0,M
1905-08-17,75,53,0.00,0.0,M
1905-08-18,76,50,0.00,0.0,M
1905-08-19,74,51,0.00,0.0,M
1905-08-20,72,56,0.00,0.0,M
1905-08-21,82,57,0.00,0.0,M
1905-08-22,89,66,0.17,0.0,M
1905-08-23,83,64,0.00,0.0,M
1905-08-24,87,56,0.00,0.0,M
1905-08-25,74,58,0.22,0.0,M
1905-08-26,77,53,T,0.0,M
1905-08-27,70,54,0.05,0.0,M
1905-08-28,70,46,0.00,0.0,M
1905-08-29,76,57,0.10,0.0,M
1905-08-30,70,61,0.60,0.0,M
1905-08-31,73,62,0.30,0.0,M
1905-09-01,72,57,T,M,M
1905-09-02,71,53,0.10,M,M
1905-09-03,75,63,0.95,M,M
1905-09-04,77,65,1.23,M,M
1905-09-05,74,57,0.00,M,M
1905-09-06,70,57,0.05,M,M
1905-09-07,74,55,T,M,M
1905-09-08,73,57,0.00,M,M
1905-09-09,76,49,0.00,M,M
1905-09-10,79,52,0.00,M,M
1905-09-11,68,56,0.16,M,M
1905-09-12,67,57,0.60,M,M
1905-09-13,74,54,T,M,M
1905-09-14,60,43,0.00,M,M
1905-09-15,70,38,0.00,M,M
1905-09-16,66,55,0.06,M,M
1905-09-17,70,58,0.02,M,M
1905-09-18,73,62,0.52,M,M
1905-09-19,78,65,T,M,M
1905-09-20,72,62,0.18,M,M
1905-09-21,74,51,0.00,M,M
1905-09-22,80,55,0.00,M,M
1905-09-23,69,58,T,M,M
1905-09-24,67,47,0.00,M,M
1905-09-25,62,48,0.00,M,M
1905-09-26,57,39,0.00,M,M
1905-09-27,60,36,T,M,M
1905-09-28,78,45,0.00,M,M
1905-09-29,79,50,0.00,M,M
1905-09-30,86,54,0.00,M,M
1905-10-01,83,M,0.00,0.0,M
1905-10-02,76,59,T,0.0,M
1905-10-03,73,58,0.92,0.0,M
1905-10-04,76,47,0.00,0.0,M
1905-10-05,77,57,0.00,0.0,M
1905-10-06,60,43,0.00,0.0,M
1905-10-07,63,35,0.00,0.0,M
1905-10-08,69,37,0.00,0.0,M
1905-10-09,73,46,0.00,0.0,M
1905-10-10,65,43,0.00,0.0,M
1905-10-11,58,50,0.10,0.0,M
1905-10-12,57,42,1.62,T,M
1905-10-13,58,35,0.00,0.0,M
1905-10-14,66,41,0.00,0.0,M
1905-10-15,75,42,0.00,0.0,M
1905-10-16,76,52,0.00,0.0,M
1905-10-17,62,39,0.00,0.0,M
1905-10-18,63,47,T,0.0,M
1905-10-19,70,60,0.16,0.0,M
1905-10-20,67,53,0.66,0.0,M
1905-10-21,57,39,T,T,M
1905-10-22,50,33,0.00,0.0,M
1905-10-23,52,35,0.00,0.0,M
1905-10-24,59,39,T,0.0,M
1905-10-25,54,40,0.05,0.0,M
1905-10-26,45,25,0.00,0.0,M
1905-10-27,49,26,0.00,0.0,M
1905-10-28,48,41,0.04,0.0,M
1905-10-29,45,32,0.00,0.0,M
1905-10-30,48,23,0.00,0.0,M
1905-10-31,55,32,0.00,0.0,M
1905-11-01,61,M,0.00,0.0,M
1905-11-02,44,30,T,T,M
1905-11-03,48,24,T,0.0,M
1905-11-04,52,36,0.17,0.0,M
1905-11-05,49,33,0.00,0.0,M
1905-11-06,51,39,0.22,0.0,M
1905-11-07,53,35,0.00,0.0,M
1905-11-08,46,37,0.04,0.0,M
1905-11-09,46,28,T,T,M
1905-11-10,43,31,T,T,M
1905-11-11,45,25,0.00,0.0,M
1905-11-12,55,34,0.00,0.0,M
1905-11-13,54,41,T,0.0,M
1905-11-14,42,13,0.00,0.0,M
1905-11-15,39,21,0.00,0.0,M
1905-11-16,47,34,0.06,T,M
1905-11-17,43,34,0.00,0.0,M
1905-11-18,45,32,T,T,M
1905-11-19,45,28,T,T,M
1905-11-20,35,21,0.00,0.0,M
1905-11-21,45,19,0.00,0.0,M
1905-11-22,48,22,0.00,0.0,M
1905-11-23,54,25,0.00,0.0,M
1905-11-24,58,31,0.00,0.0,M
1905-11-25,M,M,0.00,0.0,M
1905-11-26,42,24,T,0.0,M
1905-11-27,44,32,0.00,0.0,M
1905-11-28,34,24,0.12,1.0,1
1905-11-29,58,34,0.48,0.0,M
1905-11-30,54,15,T,T,M
1905-12-01,29,10,0.00,0.0,M
1905-12-02,39,15,0.06,T,M
1905-12-03,48,37,1.44,0.0,M
1905-12-04,38,28,T,T,T
1905-12-05,34,17,T,T,T
1905-12-06,34,25,T,T,T
1905-12-07,45,29,0.00,0.0,M
1905-12-08,49,26,0.00,0.0,M
1905-12-09,38,28,0.00,0.0,M
1905-12-10,40,20,0.20,2.0,2
1905-12-11,35,10,T,T,2
1905-12-12,40,30,0.00,0.0,1
1905-12-13,41,25,0.00,0.0,T
1905-12-14,36,22,T,T,T
1905-12-15,22,7,0.00,0.0,T
1905-12-16,24,9,0.00,0.0,T
1905-12-17,36,12,0.00,0.0,T
1905-12-18,38,11,0.00,0.0,T
1905-12-19,40,27,0.00,0.0,T
1905-12-20,42,28,T,T,T
1905-12-21,42,32,0.85,0.0,0
1905-12-22,47,39,T,0.0,M
1905-12-23,43,32,0.05,0.0,M
1905-12-24,36,28,T,T,M
1905-12-25,35,21,T,T,M
1905-12-26,39,22,0.00,0.0,M
1905-12-27,46,28,0.00,0.0,M
1905-12-28,49,21,0.00,0.0,M
1905-12-29,57,35,0.29,0.0,M
1905-12-30,48,36,0.00,0.0,M
1905-12-31,41,32,0.00,0.0,M
1906-01-01,36,28,T,T,M
1906-01-02,35,23,0.00,0.0,M
1906-01-03,28,18,0.02,T,T
1906-01-04,45,27,0.63,0.0,T
1906-01-05,44,33,T,T,T
1906-01-06,41,29,T,T,T
1906-01-07,34,25,T,T,T
1906-01-08,28,17,T,T,T
1906-01-09,25,5,T,T,T
1906-01-10,25,3,T,T,T
1906-01-11,35,10,0.00,0.0,T
1906-01-12,43,32,0.32,0.0,M
1906-01-13,36,24,0.00,0.0,M
1906-01-14,37,27,T,T,M
1906-01-15,35,31,0.00,0.0,M
1906-01-16,44,33,0.14,0.0,M
1906-01-17,42,32,T,T,M
1906-01-18,41,27,0.04,1.0,T
1906-01-19,37,28,0.00,0.0,T
1906-01-20,39,24,0.06,T,T
1906-01-21,60,38,0.00,0.0,M
1906-01-22,61,48,T,0.0,M
1906-01-23,62,52,0.02,0.0,M
1906-01-24,60,30,0.48,T,M
1906-01-25,30,15,0.00,0.0,M
1906-01-26,38,14,0.00,0.0,M
1906-01-27,44,19,0.00,0.0,M
1906-01-28,44,22,0.00,0.0,M
1906-01-29,37,11,0.00,0.0,M
1906-01-30,47,18,0.00,0.0,M
1906-01-31,46,34,0.08,0.0,M
1906-02-01,38,26,0.00,0.0,M
1906-02-02,36,7,T,T,M
1906-02-03,18,-2,0.00,0.0,M
1906-02-04,36,15,0.00,0.0,M
1906-02-05,36,14,0.08,2.0,2
1906-02-06,14,-10,0.00,0.0,2
1906-02-07,14,-4,T,T,2
1906-02-08,28,-6,0.00,0.0,2
1906-02-09,30,18,0.98,12.0,14
1906-02-10,37,17,0.00,0.0,12
1906-02-11,25,-3,0.00,0.0,12
1906-02-12,36,7,0.00,0.0,10
1906-02-13,42,18,0.00,0.0,9
1906-02-14,36,18,T,T,9
1906-02-15,22,11,0.10,1.0,10
1906-02-16,33,-1,0.00,0.0,10
1906-02-17,34,-1,0.00,0.0,10
1906-02-18,33,7,0.00,0.0,10
1906-02-19,41,25,0.00,0.0,8
1906-02-20,46,28,0.00,0.0,5
1906-02-21,46,39,0.22,0.0,2
1906-02-22,42,33,0.00,0.0,T
1906-02-23,45,21,0.00,0.0,T
1906-02-24,53,28,0.00,0.0,T
1906-02-25,46,36,0.26,0.0,T
1906-02-26,42,29,0.03,T,T
1906-02-27,30,18,0.00,0.0,T
1906-02-28,22,6,0.00,0.0,T
1906-03-01,31,8,0.00,0.0,T
1906-03-02,29,14,0.00,0.0,T
1906-03-03,33,20,1.56,0.0,T
1906-03-04,44,33,0.22,T,T
1906-03-05,37,29,T,T,T
1906-03-06,39,15,0.00,0.0,T
1906-03-07,37,29,T,T,T
1906-03-08,46,29,0.00,0.0,T
1906-03-09,46,32,0.00,0.0,T
1906-03-10,44,33,T,T,T
1906-03-11,42,26,0.00,0.0,0
1906-03-12,39,25,0.10,1.0,T
1906-03-13,27,18,0.00,0.0,T
1906-03-14,32,16,0.01,0.2,T
1906-03-15,24,15,0.68,6.0,6
1906-03-16,32,15,0.00,1.5,6
1906-03-17,28,17,T,T,6
1906-03-18,32,14,0.00,0.0,5
1906-03-19,27,10,0.76,8.5,10
1906-03-20,32,23,0.14,1.5,14
1906-03-21,34,17,0.00,0.0,14
1906-03-22,32,20,0.03,0.5,13
1906-03-23,21,6,0.00,0.0,12
1906-03-24,27,-0,0.00,0.0,12
1906-03-25,39,-2,0.00,0.0,8
1906-03-26,35,19,T,T,8
1906-03-27,48,35,0.04,0.0,T
1906-03-28,48,36,0.00,0.0,T
1906-03-29,47,27,0.00,0.0,T
1906-03-30,43,36,T,0.0,T
1906-03-31,41,32,0.32,0.5,T
1906-04-01,44,28,0.00,0.0,T
1906-04-02,45,24,0.00,0.0,T
1906-04-03,56,24,0.00,0.0,T
1906-04-04,66,30,0.02,0.0,T
1906-04-05,60,38,0.00,0.0,T
1906-04-06,47,37,0.22,T,T
1906-04-07,51,28,0.00,0.0,0
1906-04-08,52,35,0.00,0.0,M
1906-04-09,42,32,1.54,1.0,1
1906-04-10,49,33,0.14,0.0,0
1906-04-11,50,37,0.04,0.0,M
1906-04-12,54,38,T,0.0,M
1906-04-13,60,32,0.00,0.0,M
1906-04-14,58,42,T,0.0,M
1906-04-15,54,42,1.28,0.0,M
1906-04-16,59,43,T,0.0,M
1906-04-17,66,32,0.00,0.0,M
1906-04-18,70,38,0.00,0.0,M
1906-04-19,74,41,0.00,0.0,M
1906-04-20,75,47,T,0.0,M
1906-04-21,74,44,0.00,0.0,M
1906-04-22,67,43,0.00,0.0,M
1906-04-23,48,33,0.32,0.5,M
1906-04-24,54,32,0.00,0.0,M
1906-04-25,55,37,T,0.0,M
1906-04-26,64,34,0.00,0.0,M
1906-04-27,68,37,0.00,0.0,M
1906-04-28,61,40,0.00,0.0,M
1906-04-29,70,36,0.00,0.0,M
1906-04-30,67,50,0.10,0.0,M
1906-05-01,67,48,0.00,M,M
1906-05-02,65,42,0.25,M,M
1906-05-03,62,52,0.02,M,M
1906-05-04,70,37,0.00,M,M
1906-05-05,63,54,T,M,M
1906-05-06,63,48,0.03,M,M
1906-05-07,62,43,0.16,M,M
1906-05-08,59,40,0.00,M,M
1906-05-09,52,45,0.65,M,M
1906-05-10,51,39,T,M,M
1906-05-11,57,32,T,M,M
1906-05-12,70,37,T,M,M
1906-05-13,80,63,T,M,M
1906-05-14,67,46,0.00,M,M
1906-05-15,72,39,0.00,M,M
1906-05-16,84,50,0.00,M,M
1906-05-17,88,56,0.06,M,M
1906-05-18,90,62,T,M,M
1906-05-19,84,58,0.26,M,M
1906-05-20,64,47,0.00,M,M
1906-05-21,66,35,0.00,M,M
1906-05-22,70,48,0.00,M,M
1906-05-23,79,48,0.00,M,M
1906-05-24,84,54,0.36,M,M
1906-05-25,83,61,0.20,M,M
1906-05-26,80,62,0.00,M,M
1906-05-27,74,45,1.04,M,M
1906-05-28,50,45,0.74,M,M
1906-05-29,64,44,0.18,M,M
1906-05-30,68,41,0.00,M,M
1906-05-31,74,53,0.00,M,M
1906-06-01,83,53,0.00,M,M
1906-06-02,80,60,0.40,M,M
1906-06-03,77,56,0.00,M,M
1906-06-04,79,49,0.00,M,M
1906-06-05,84,60,0.58,M,M
1906-06-06,82,66,0.08,M,M
1906-06-07,72,63,0.01,M,M
1906-06-08,71,59,0.00,M,M
1906-06-09,85,64,0.06,M,M
1906-06-10,84,62,0.30,M,M
1906-06-11,67,54,0.00,M,M
1906-06-12,68,41,0.00,M,M
1906-06-13,73,45,0.00,M,M
1906-06-14,80,49,0.00,M,M
1906-06-15,86,56,0.00,M,M
1906-06-16,75,61,0.56,M,M
1906-06-17,71,62,0.55,M,M
1906-06-18,73,62,0.08,M,M
1906-06-19,76,60,T,M,M
1906-06-20,80,59,0.00,M,M
1906-06-21,79,61,T,M,M
1906-06-22,79,62,0.24,M,M
1906-06-23,77,59,0.18,M,M
1906-06-24,75,53,T,M,M
1906-06-25,74,57,0.00,M,M
1906-06-26,79,53,0.00,M,M
1906-06-27,83,57,0.00,M,M
1906-06-28,85,60,0.00,M,M
1906-06-29,86,66,0.04,M,M
1906-06-30,84,67,0.36,M,M
1906-07-01,78,60,1.00,M,M
1906-07-02,82,64,0.10,M,M
1906-07-03,80,64,0.56,M,M
1906-07-04,82,64,0.27,M,M
1906-07-05,74,57,0.00,M,M
1906-07-06,77,52,0.00,M,M
1906-07-07,79,53,0.00,M,M
1906-07-08,82,55,0.00,M,M
1906-07-09,75,67,0.12,M,M
1906-07-10,79,61,0.26,M,M
1906-07-11,79,59,0.00,M,M
1906-07-12,80,55,0.00,M,M
1906-07-13,84,54,0.00,M,M
1906-07-14,86,60,0.00,M,M
1906-07-15,84,62,T,M,M
1906-07-16,85,62,0.00,M,M
1906-07-17,85,M,0.30,M,M
1906-07-18,82,64,0.02,M,M
1906-07-19,84,58,0.00,M,M
1906-07-20,83,64,T,M,M
1906-07-21,80,72,0.06,M,M
1906-07-22,88,66,0.00,M,M
1906-07-23,82,65,0.36,M,M
1906-07-24,77,63,0.00,M,M
1906-07-25,80,57,0.00,M,M
1906-07-26,80,58,0.00,M,M
1906-07-27,82,57,0.00,M,M
1906-07-28,83,66,T,M,M
1906-07-29,85,68,0.02,M,M
1906-07-30,84,69,0.64,M,M
1906-07-31,81,64,0.10,M,M
1906-08-01,82,60,0.00,M,M
1906-08-02,78,61,0.00,M,M
1906-08-03,73,65,0.24,M,M
1906-08-04,80,69,0.90,M,M
1906-08-05,87,67,T,M,M
1906-08-06,88,72,0.40,M,M
1906-08-07,84,67,0.04,M,M
1906-08-08,81,65,0.20,M,M
1906-08-09,86,64,0.00,M,M
1906-08-10,76,61,T,M,M
1906-08-11,86,68,T,M,M
1906-08-12,81,68,0.00,M,M
1906-08-13,76,52,0.00,M,M
1906-08-14,82,54,0.00,M,M
1906-08-15,77,53,0.00,M,M
1906-08-16,78,51,0.00,M,M
1906-08-17,85,54,0.00,M,M
1906-08-18,84,62,0.00,M,M
1906-08-19,87,65,0.00,M,M
1906-08-20,84,71,T,M,M
1906-08-21,85,70,0.25,M,M
1906-08-22,86,70,T,M,M
1906-08-23,87,72,T,M,M
1906-08-24,80,60,0.12,M,M
1906-08-25,77,51,0.00,M,M
1906-08-26,81,63,0.00,M,M
1906-08-27,85,69,1.48,M,M
1906-08-28,78,60,0.00,M,M
1906-08-29,81,55,0.00,M,M
1906-08-30,86,61,0.00,M,M
1906-08-31,77,61,0.06,M,M
1906-09-01,70,53,0.00,M,M
1906-09-02,75,45,0.00,M,M
1906-09-03,81,66,0.10,M,M
1906-09-04,70,53,0.00,M,M
1906-09-05,71,43,0.00,M,M
1906-09-06,81,48,0.00,M,M
1906-09-07,85,57,0.00,M,M
1906-09-08,77,58,0.00,M,M
1906-09-09,89,64,0.00,M,M
1906-09-10,85,63,0.00,M,M
1906-09-11,76,58,0.00,M,M
1906-09-12,82,64,0.00,M,M
1906-09-13,82,67,0.00,M,M
1906-09-14,75,60,T,M,M
1906-09-15,73,44,0.00,M,M
1906-09-16,74,43,0.00,M,M
1906-09-17,77,49,0.00,M,M
1906-09-18,90,56,0.00,M,M
1906-09-19,90,61,0.00,M,M
1906-09-20,78,61,0.42,M,M
1906-09-21,84,68,0.00,M,M
1906-09-22,72,61,1.42,M,M
1906-09-23,78,62,0.00,M,M
1906-09-24,66,45,0.00,M,M
1906-09-25,65,39,0.00,M,M
1906-09-26,71,49,0.00,M,M
1906-09-27,75,62,0.48,M,M
1906-09-28,70,47,0.00,M,M
1906-09-29,67,49,T,M,M
1906-09-30,68,54,0.28,M,M
1906-10-01,62,37,0.00,M,M
1906-10-02,69,47,0.00,M,M
1906-10-03,73,43,0.00,M,M
1906-10-04,74,46,0.00,M,M
1906-10-05,76,58,T,M,M
1906-10-06,67,58,0.16,M,M
1906-10-07,58,48,T,M,M
1906-10-08,59,35,0.00,M,M
1906-10-09,75,47,0.50,M,M
1906-10-10,55,43,0.26,M,M
1906-10-11,48,37,0.24,T,M
1906-10-12,51,34,0.00,M,M
1906-10-13,56,26,0.00,M,M
1906-10-14,64,31,0.00,M,M
1906-10-15,73,37,0.00,M,M
1906-10-16,72,43,0.00,M,M
1906-10-17,64,44,0.00,M,M
1906-10-18,60,43,0.00,M,M
1906-10-19,72,50,T,M,M
1906-10-20,74,57,1.86,M,M
1906-10-21,64,50,0.26,M,M
1906-10-22,64,48,0.00,M,M
1906-10-23,67,53,0.00,M,M
1906-10-24,63,41,0.00,M,M
1906-10-25,70,51,1.10,M,M
1906-10-26,60,39,0.00,M,M
1906-10-27,65,46,0.00,M,M
1906-10-28,62,46,0.12,M,M
1906-10-29,50,39,0.00,M,M
1906-10-30,46,39,T,M,M
1906-10-31,40,34,0.10,T,M
1906-11-01,43,30,0.00,0.0,M
1906-11-02,55,32,0.00,0.0,M
1906-11-03,60,29,0.00,0.0,M
1906-11-04,50,34,0.00,0.0,M
1906-11-05,48,25,0.00,0.0,M
1906-11-06,53,30,0.00,0.0,M
1906-11-07,51,29,0.00,0.0,M
1906-11-08,46,28,0.00,0.0,M
1906-11-09,44,24,0.00,0.0,M
1906-11-10,54,39,T,0.0,M
1906-11-11,43,33,0.66,T,T
1906-11-12,40,33,0.52,0.0,M
1906-11-13,40,32,T,T,M
1906-11-14,38,30,0.03,0.2,M
1906-11-15,31,23,0.65,6.5,4
1906-11-16,38,29,T,T,4
1906-11-17,40,23,0.00,0.0,3
1906-11-18,55,32,0.04,0.0,T
1906-11-19,62,44,0.02,0.0,T
1906-11-20,48,42,T,0.0,T
1906-11-21,42,35,0.10,0.0,T
1906-11-22,54,39,0.02,0.0,T
1906-11-23,45,39,T,T,M
1906-11-24,43,35,T,T,M
1906-11-25,53,29,0.00,0.0,M
1906-11-26,46,37,T,0.0,M
1906-11-27,51,40,0.16,0.0,M
1906-11-28,44,33,T,T,M
1906-11-29,40,24,T,T,M
1906-11-30,35,18,T,0.0,M
1906-12-01,46,33,T,T,M
1906-12-02,33,9,0.00,0.0,M
1906-12-03,35,16,T,T,T
1906-12-04,19,2,0.00,0.0,T
1906-12-05,35,12,T,T,T
1906-12-06,47,26,0.42,T,T
1906-12-07,46,10,T,T,M
1906-12-08,16,-0,0.00,0.0,M
1906-12-09,20,11,T,T,T
1906-12-10,33,20,0.12,T,T
1906-12-11,34,16,0.20,T,T
1906-12-12,23,2,0.00,0.0,T
1906-12-13,29,19,0.00,0.0,T
1906-12-14,30,21,T,T,T
1906-12-15,44,21,0.08,0.0,0
1906-12-16,43,30,0.00,0.0,M
1906-12-17,34,26,0.00,0.0,M
1906-12-18,34,16,T,T,M
1906-12-19,27,4,0.00,0.0,M
1906-12-20,29,18,0.58,2.5,3
1906-12-21,36,29,T,0.0,1
1906-12-22,34,30,0.03,0.5,2
1906-12-23,30,12,0.00,0.0,2
1906-12-24,13,5,T,T,2
1906-12-25,22,9,T,T,2
1906-12-26,34,21,0.00,0.0,1
1906-12-27,34,26,T,T,1
1906-12-28,38,29,T,T,T
1906-12-29,41,33,0.00,0.0,T
1906-12-30,40,34,0.04,0.0,T
1906-12-31,40,36,1.36,0.0,0
1907-01-01,47,36,0.00,0.0,0
1907-01-02,40,33,0.00,0.0,M
1907-01-03,34,28,0.18,0.0,M
1907-01-04,51,34,0.02,0.0,M
1907-01-05,46,26,0.00,0.0,M
1907-01-06,44,24,0.00,0.0,M
1907-01-07,46,32,T,0.0,M
1907-01-08,42,33,0.26,0.0,M
1907-01-09,42,20,T,T,T
1907-01-10,30,12,0.00,0.0,0
1907-01-11,42,28,T,T,M
1907-01-12,35,24,0.42,5.0,4
1907-01-13,36,24,0.00,0.0,4
1907-01-14,36,22,0.22,T,2
1907-01-15,36,18,T,T,1
1907-01-16,18,10,0.00,0.0,1
1907-01-17,11,-5,0.20,2.0,3
1907-01-18,29,5,T,T,2
1907-01-19,34,23,0.16,0.0,2
1907-01-20,48,34,T,0.0,0
1907-01-21,41,16,T,T,T
1907-01-22,22,12,0.08,2.0,2
1907-01-23,19,-4,0.00,0.0,2
1907-01-24,5,-12,0.00,0.0,2
1907-01-25,9,-0,0.03,0.5,3
1907-01-26,23,8,0.28,3.0,4
1907-01-27,14,-10,0.00,0.0,4
1907-01-28,28,-0,T,T,4
1907-01-29,27,-1,0.00,0.0,4
1907-01-30,29,17,T,T,3
1907-01-31,20,-7,0.00,0.0,3
1907-02-01,30,19,0.20,3.0,6
1907-02-02,42,30,0.02,0.0,2
1907-02-03,41,17,0.08,0.0,1
1907-02-04,22,11,0.00,0.0,1
1907-02-05,17,7,0.64,9.0,10
1907-02-06,14,-7,0.00,0.0,10
1907-02-07,22,-7,0.00,0.0,10
1907-02-08,29,8,T,T,9
1907-02-09,30,-2,0.00,0.0,9
1907-02-10,36,20,T,T,8
1907-02-11,39,12,T,T,8
1907-02-12,12,-6,0.00,0.0,8
1907-02-13,22,-8,0.00,0.0,8
1907-02-14,41,21,0.06,T,6
1907-02-15,38,21,T,T,5
1907-02-16,39,25,0.00,0.0,4
1907-02-17,36,19,0.01,0.2,3
1907-02-18,24,5,0.00,0.0,3
1907-02-19,33,9,0.04,0.5,4
1907-02-20,36,22,0.00,0.0,3
1907-02-21,31,14,T,T,3
1907-02-22,17,-2,T,T,3
1907-02-23,12,-5,0.00,0.0,3
1907-02-24,15,-6,0.28,2.0,5
1907-02-25,34,15,T,1.0,6
1907-02-26,19,3,0.00,0.0,5
1907-02-27,18,6,0.00,0.0,5
1907-02-28,21,-6,0.00,0.0,5
1907-03-01,31,9,0.00,0.0,4
1907-03-02,41,27,0.06,0.0,3
1907-03-03,40,29,0.00,0.0,2
1907-03-04,31,19,0.00,0.0,2
1907-03-05,34,11,0.00,0.0,1
1907-03-06,30,20,0.04,0.5,1
1907-03-07,29,8,0.00,0.0,1
1907-03-08,36,17,0.08,1.0,1
1907-03-09,34,27,0.00,0.0,1
1907-03-10,30,20,T,T,1
1907-03-11,41,12,0.00,0.0,T
1907-03-12,36,19,T,T,T
1907-03-13,40,33,0.16,0.0,T
1907-03-14,51,35,0.02,0.0,T
1907-03-15,48,31,T,T,T
1907-03-16,44,28,0.00,0.0,T
1907-03-17,52,36,0.00,0.0,T
1907-03-18,M,29,0.00,0.0,T
1907-03-19,M,26,0.02,T,T
1907-03-20,M,30,T,T,T
1907-03-21,M,25,0.00,0.0,T
1907-03-22,62,36,0.00,0.0,T
1907-03-23,68,42,T,0.0,T
1907-03-24,52,34,0.18,T,T
1907-03-25,48,24,0.15,0.0,T
1907-03-26,51,34,0.00,0.0,0
1907-03-27,60,36,0.00,0.0,M
1907-03-28,68,45,0.06,0.0,M
1907-03-29,75,51,0.00,0.0,M
1907-03-30,67,47,0.00,0.0,M
1907-03-31,55,35,0.00,0.0,M
1907-04-01,43,30,T,T,M
1907-04-02,44,23,0.00,0.0,M
1907-04-03,56,24,0.00,0.0,M
1907-04-04,68,33,0.00,0.0,M
1907-04-05,59,33,T,0.0,M
1907-04-06,42,25,T,T,M
1907-04-07,48,21,0.00,0.0,M
1907-04-08,40,30,0.60,3.0,2
1907-04-09,35,31,0.22,1.5,3
1907-04-10,40,31,0.38,1.0,2
1907-04-11,48,32,0.00,0.0,T
1907-04-12,46,29,T,0.0,T
1907-04-13,49,35,0.10,0.0,T
1907-04-14,48,35,0.00,0.0,0
1907-04-15,44,33,0.00,0.0,M
1907-04-16,49,29,T,0.0,M
1907-04-17,46,32,T,T,M
1907-04-18,47,31,0.00,0.0,M
1907-04-19,40,29,0.04,T,M
1907-04-20,45,32,T,T,M
1907-04-21,51,28,0.00,0.0,M
1907-04-22,66,31,0.00,0.0,M
1907-04-23,60,45,T,0.0,M
1907-04-24,57,44,0.60,0.0,M
1907-04-25,73,37,T,0.0,M
1907-04-26,60,41,0.02,0.0,M
1907-04-27,62,38,0.06,0.0,M
1907-04-28,59,36,T,0.0,M
1907-04-29,66,49,0.00,0.0,M
1907-04-30,71,56,T,0.0,M
1907-05-01,65,45,0.12,0.0,M
1907-05-02,62,35,0.00,0.0,M
1907-05-03,61,43,T,0.0,M
1907-05-04,53,39,0.70,0.0,M
1907-05-05,57,30,0.00,0.0,M
1907-05-06,51,43,0.16,0.0,M
1907-05-07,64,48,0.20,0.0,M
1907-05-08,68,48,0.15,0.0,M
1907-05-09,64,51,0.05,0.0,M
1907-05-10,62,43,0.00,0.0,M
1907-05-11,48,35,0.09,T,M
1907-05-12,57,29,0.00,0.0,M
1907-05-13,75,42,0.00,0.0,M
1907-05-14,87,54,0.00,0.0,M
1907-05-15,76,52,0.00,0.0,M
1907-05-16,64,52,0.84,0.0,M
1907-05-17,62,48,0.00,0.0,M
1907-05-18,75,45,0.24,0.0,M
1907-05-19,76,52,0.02,0.0,M
1907-05-20,62,46,0.00,0.0,M
1907-05-21,54,38,0.00,0.0,M
1907-05-22,59,38,0.00,0.0,M
1907-05-23,62,45,T,0.0,M
1907-05-24,70,41,0.00,0.0,M
1907-05-25,66,36,0.00,0.0,M
1907-05-26,55,41,0.74,0.0,M
1907-05-27,58,45,0.12,0.0,M
1907-05-28,55,40,0.00,0.0,M
1907-05-29,62,37,0.00,0.0,M
1907-05-30,66,40,0.00,0.0,M
1907-05-31,65,47,T,0.0,M
1907-06-01,68,42,0.00,M,M
1907-06-02,55,45,0.76,M,M
1907-06-03,59,46,0.06,M,M
1907-06-04,73,49,0.00,M,M
1907-06-05,64,47,0.55,M,M
1907-06-06,57,48,0.04,M,M
1907-06-07,66,49,0.00,M,M
1907-06-08,72,44,0.00,M,M
1907-06-09,70,47,0.06,M,M
1907-06-10,70,48,0.00,M,M
1907-06-11,69,52,T,M,M
1907-06-12,74,46,0.00,M,M
1907-06-13,73,45,0.00,M,M
1907-06-14,71,51,T,M,M
1907-06-15,77,48,0.00,M,M
1907-06-16,84,48,0.00,M,M
1907-06-17,83,56,0.00,M,M
1907-06-18,90,59,0.00,M,M
1907-06-19,84,65,T,M,M
1907-06-20,80,61,0.15,M,M
1907-06-21,85,64,0.00,M,M
1907-06-22,90,61,0.00,M,M
1907-06-23,89,63,0.00,M,M
1907-06-24,87,66,0.00,M,M
1907-06-25,90,69,0.00,M,M
1907-06-26,88,67,0.45,M,M
1907-06-27,72,55,0.00,M,M
1907-06-28,84,54,0.00,M,M
1907-06-29,77,64,T,M,M
1907-06-30,67,59,1.44,M,M
1907-07-01,86,61,0.00,M,M
1907-07-02,82,66,T,M,M
1907-07-03,73,61,0.00,M,M
1907-07-04,78,50,0.00,M,M
1907-07-05,82,52,0.00,M,M
1907-07-06,83,58,0.12,M,M
1907-07-07,83,57,T,M,M
1907-07-08,88,64,0.04,M,M
1907-07-09,83,64,0.00,M,M
1907-07-10,83,62,0.00,M,M
1907-07-11,70,62,0.50,M,M
1907-07-12,76,62,0.42,M,M
1907-07-13,80,59,0.00,M,M
1907-07-14,84,57,0.00,M,M
1907-07-15,82,61,0.00,M,M
1907-07-16,82,62,0.00,M,M
1907-07-17,88,71,0.22,M,M
1907-07-18,90,70,0.33,M,M
1907-07-19,89,62,0.00,M,M
1907-07-20,85,65,0.16,M,M
1907-07-21,80,63,0.00,M,M
1907-07-22,78,58,0.06,M,M
1907-07-23,82,65,0.03,M,M
1907-07-24,83,65,0.06,M,M
1907-07-25,90,67,0.00,M,M
1907-07-26,82,67,0.06,M,M
1907-07-27,78,56,0.00,M,M
1907-07-28,84,63,0.00,M,M
1907-07-29,86,63,0.00,M,M
1907-07-30,81,63,0.03,M,M
1907-07-31,84,59,0.00,M,M
1907-08-01,74,65,0.24,M,M
1907-08-02,86,62,0.00,M,M
1907-08-03,80,52,0.00,M,M
1907-08-04,76,57,0.08,M,M
1907-08-05,78,49,T,M,M
1907-08-06,82,63,0.09,M,M
1907-08-07,89,59,0.00,M,M
1907-08-08,86,65,0.00,M,M
1907-08-09,78,58,0.00,M,M
1907-08-10,87,58,0.00,M,M
1907-08-11,93,61,0.00,M,M
1907-08-12,95,69,0.00,M,M
1907-08-13,87,69,0.00,M,M
1907-08-14,76,59,0.00,M,M
1907-08-15,80,50,0.00,M,M
1907-08-16,82,54,0.00,M,M
1907-08-17,85,61,0.32,M,M
1907-08-18,83,64,0.00,M,M
1907-08-19,83,49,0.00,M,M
1907-08-20,90,60,0.00,M,M
1907-08-21,80,64,0.09,M,M
1907-08-22,77,55,0.00,M,M
1907-08-23,80,48,0.00,M,M
1907-08-24,71,54,0.18,M,M
1907-08-25,77,59,0.00,M,M
1907-08-26,72,58,0.00,M,M
1907-08-27,77,50,T,M,M
1907-08-28,77,59,0.10,M,M
1907-08-29,74,46,0.00,M,M
1907-08-30,72,49,T,M,M
1907-08-31,75,51,0.00,M,M
1907-09-01,78,48,0.00,M,M
1907-09-02,68,58,0.55,M,M
1907-09-03,78,65,2.30,M,M
1907-09-04,83,66,2.90,M,M
1907-09-05,78,67,0.12,M,M
1907-09-06,77,60,0.00,M,M
1907-09-07,79,59,T,M,M
1907-09-08,73,61,0.01,M,M
1907-09-09,71,61,0.70,M,M
1907-09-10,73,63,0.03,M,M
1907-09-11,80,63,0.90,M,M
1907-09-12,76,57,0.02,M,M
1907-09-13,77,55,0.00,M,M
1907-09-14,82,55,0.00,M,M
1907-09-15,82,61,0.00,M,M
1907-09-16,85,62,0.02,M,M
1907-09-17,82,66,0.00,M,M
1907-09-18,70,53,0.01,M,M
1907-09-19,57,51,0.08,M,M
1907-09-20,74,57,T,M,M
1907-09-21,83,66,0.34,M,M
1907-09-22,73,60,0.00,M,M
1907-09-23,63,52,1.64,M,M
1907-09-24,78,56,T,M,M
1907-09-25,69,52,0.02,M,M
1907-09-26,53,41,T,M,M
1907-09-27,55,39,0.01,M,M
1907-09-28,55,47,0.03,M,M
1907-09-29,52,47,1.46,M,M
1907-09-30,61,48,0.00,M,M
1907-10-01,59,43,0.00,M,M
1907-10-02,62,36,0.00,M,M
1907-10-03,70,42,0.00,M,M
1907-10-04,73,58,0.42,M,M
1907-10-05,63,50,0.06,M,M
1907-10-06,61,40,0.00,M,M
1907-10-07,71,50,T,M,M
1907-10-08,67,46,0.72,M,M
1907-10-09,55,32,0.00,M,M
1907-10-10,57,41,0.00,M,M
1907-10-11,61,50,0.36,M,M
1907-10-12,59,42,0.16,M,M
1907-10-13,56,33,0.00,M,M
1907-10-14,57,40,0.00,M,M
1907-10-15,57,34,0.00,M,M
1907-10-16,62,35,0.00,M,M
1907-10-17,66,40,0.00,M,M
1907-10-18,63,44,T,M,M
1907-10-19,46,31,0.00,M,M
1907-10-20,41,36,0.42,M,M
1907-10-21,44,29,0.00,M,M
1907-10-22,57,27,0.00,M,M
1907-10-23,58,42,0.00,M,M
1907-10-24,50,35,0.00,M,M
1907-10-25,55,28,0.00,M,M
1907-10-26,50,33,0.00,M,M
1907-10-27,46,28,0.10,M,M
1907-10-28,57,46,2.16,M,M
1907-10-29,50,39,1.40,M,M
1907-10-30,44,33,0.00,M,M
1907-10-31,51,25,0.00,M,M
1907-11-01,54,26,0.00,0.0,M
1907-11-02,52,40,1.02,0.0,M
1907-11-03,60,50,0.00,0.0,M
1907-11-04,52,38,0.00,0.0,M
1907-11-05,53,30,0.00,0.0,M
1907-11-06,50,40,1.00,0.0,M
1907-11-07,50,42,1.86,0.0,M
1907-11-08,55,41,0.00,0.0,M
1907-11-09,55,32,0.00,0.0,M
1907-11-10,52,43,T,0.0,M
1907-11-11,45,32,0.00,0.0,M
1907-11-12,40,30,0.00,0.0,M
1907-11-13,43,23,0.00,0.0,M
1907-11-14,41,30,T,T,T
1907-11-15,38,22,0.00,0.0,T
1907-11-16,42,23,0.00,0.0,M
1907-11-17,44,24,0.00,0.0,M
1907-11-18,42,27,T,0.0,M
1907-11-19,45,33,0.10,0.0,M
1907-11-20,41,30,0.00,0.0,M
1907-11-21,43,33,0.12,0.0,M
1907-11-22,50,43,T,0.0,M
1907-11-23,50,35,0.00,0.0,M
1907-11-24,43,33,T,T,T
1907-11-25,37,32,0.86,2.0,1
1907-11-26,37,25,T,T,1
1907-11-27,37,31,0.04,0.5,1
1907-11-28,43,30,T,0.0,T
1907-11-29,45,32,0.00,0.0,T
1907-11-30,37,25,T,T,T
1907-12-01,34,26,T,T,T
1907-12-02,32,24,T,T,T
1907-12-03,34,19,0.00,0.0,T
1907-12-04,28,20,T,T,T
1907-12-05,27,10,0.00,0.0,T
1907-12-06,35,23,0.00,0.0,T
1907-12-07,41,22,0.00,0.0,T
1907-12-08,46,21,0.00,0.0,T
1907-12-09,52,25,T,0.0,T
1907-12-10,55,42,1.94,0.0,0
1907-12-11,48,32,0.10,0.0,0
1907-12-12,34,26,0.00,0.0,M
1907-12-13,36,21,0.00,0.0,M
1907-12-14,30,23,1.30,8.0,8
1907-12-15,34,28,0.14,2.0,10
1907-12-16,36,29,T,T,9
1907-12-17,36,29,0.00,0.0,9
1907-12-18,39,22,0.00,0.0,9
1907-12-19,35,20,0.00,0.0,8
1907-12-20,29,4,0.00,0.0,8
1907-12-21,38,19,T,T,7
1907-12-22,34,6,0.00,0.0,7
1907-12-23,43,33,0.82,0.0,6
1907-12-24,46,32,0.00,0.0,3
1907-12-25,36,20,T,T,3
1907-12-26,41,30,0.00,0.0,2
1907-12-27,41,24,0.00,0.0,1
1907-12-28,48,38,T,0.0,T
1907-12-29,43,29,0.00,0.0,T
1907-12-30,44,30,0.38,0.0,T
1907-12-31,43,31,T,T,0
1908-01-01,44,30,0.00,0.0,0
1908-01-02,40,29,T,T,M
1908-01-03,34,27,0.00,0.0,M
1908-01-04,33,20,0.02,0.3,T
1908-01-05,38,12,0.00,0.0,T
1908-01-06,28,6,0.00,0.0,T
1908-01-07,29,13,0.86,4.0,4
1908-01-08,45,29,0.00,0.0,1
1908-01-09,35,22,0.06,1.0,2
1908-01-10,28,14,0.00,0.0,2
1908-01-11,36,9,0.00,0.0,1
1908-01-12,38,31,0.92,T,1
1908-01-13,48,33,0.00,0.0,T
1908-01-14,33,20,T,T,T
1908-01-15,36,18,T,T,T
1908-01-16,39,27,T,T,T
1908-01-17,31,14,0.00,0.0,T
1908-01-18,37,29,0.00,0.0,T
1908-01-19,36,18,T,T,T
1908-01-20,39,8,0.00,0.0,T
1908-01-21,50,25,0.00,0.0,T
1908-01-22,50,38,T,0.0,0
1908-01-23,38,25,T,T,T
1908-01-24,26,14,0.14,1.0,1
1908-01-25,23,3,0.00,0.0,1
1908-01-26,38,19,0.00,0.0,T
1908-01-27,41,23,0.20,T,T
1908-01-28,32,10,T,T,T
1908-01-29,32,15,T,T,T
1908-01-30,15,-2,0.00,0.0,T
1908-01-31,20,-5,0.00,0.0,T
1908-02-01,34,14,0.90,7.0,7
1908-02-02,35,13,T,T,6
1908-02-03,25,4,T,T,6
1908-02-04,22,-6,0.00,0.0,6
1908-02-05,3,-18,0.00,0.0,6
1908-02-06,34,-0,0.56,7.0,12
1908-02-07,30,15,T,T,12
1908-02-08,15,5,0.00,0.0,12
1908-02-09,15,-11,0.00,0.0,12
1908-02-10,22,-12,0.00,0.0,12
1908-02-11,40,-2,0.00,0.0,10
1908-02-12,34,8,0.00,0.0,10
1908-02-13,38,29,0.06,T,8
1908-02-14,46,33,T,0.0,4
1908-02-15,51,40,1.20,0.0,T
1908-02-16,49,28,T,T,T
1908-02-17,33,21,T,T,T
1908-02-18,27,12,0.00,0.0,T
1908-02-19,25,18,0.96,10.0,10
1908-02-20,30,22,T,T,8
1908-02-21,40,6,0.00,0.0,7
1908-02-22,31,20,T,T,7
1908-02-23,21,-0,0.06,1.0,7
1908-02-24,24,2,0.00,0.0,8
1908-02-25,32,-9,0.00,0.0,7
1908-02-26,40,26,0.62,1.0,5
1908-02-27,40,26,0.00,0.0,3
1908-02-28,33,14,0.00,0.0,3
1908-02-29,24,13,0.00,0.0,3
1908-03-01,26,7,0.06,0.5,4
1908-03-02,36,21,0.26,0.0,3
1908-03-03,37,29,T,T,3
1908-03-04,33,19,T,T,3
1908-03-05,35,18,T,T,3
1908-03-06,30,17,0.40,3.0,6
1908-03-07,40,30,0.00,0.0,4
1908-03-08,44,30,T,T,3
1908-03-09,36,24,0.00,0.0,2
1908-03-10,29,11,0.00,0.0,2
1908-03-11,52,19,0.00,0.0,T
1908-03-12,52,31,0.00,0.0,T
1908-03-13,54,28,0.00,0.0,T
1908-03-14,51,33,0.22,0.0,T
1908-03-15,53,34,0.08,0.0,T
1908-03-16,50,29,T,T,T
1908-03-17,29,20,0.06,0.4,T
1908-03-18,35,24,0.80,2.0,2
1908-03-19,42,32,T,0.0,T
1908-03-20,32,24,0.00,0.0,T
1908-03-21,41,18,0.00,0.0,T
1908-03-22,46,28,0.00,0.0,T
1908-03-23,50,36,0.08,0.0,T
1908-03-24,55,38,T,0.0,T
1908-03-25,39,23,0.00,0.0,0
1908-03-26,62,28,0.00,0.0,M
1908-03-27,62,42,0.00,0.0,M
1908-03-28,65,32,0.08,0.0,M
1908-03-29,62,38,0.16,0.0,M
1908-03-30,48,32,T,T,M
1908-03-31,48,31,T,0.0,M
1908-04-01,48,31,0.00,M,M
1908-04-02,48,32,0.06,T,M
1908-04-03,36,26,T,T,M
1908-04-04,31,20,0.02,0.6,T
1908-04-05,48,20,0.00,M,0
1908-04-06,62,36,0.01,M,M
1908-04-07,63,40,0.00,M,M
1908-04-08,50,35,0.54,M,M
1908-04-09,48,32,0.00,M,M
1908-04-10,54,28,T,M,M
1908-04-11,59,38,0.02,T,M
1908-04-12,48,32,0.00,M,M
1908-04-13,53,32,T,M,M
1908-04-14,56,29,0.00,M,M
1908-04-15,52,40,0.06,M,M
1908-04-16,52,28,0.00,M,M
1908-04-17,53,21,0.00,M,M
1908-04-18,54,36,0.02,M,M
1908-04-19,54,43,0.08,M,M
1908-04-20,43,32,0.10,0.8,0
1908-04-21,47,26,T,T,0
1908-04-22,68,36,T,M,M
1908-04-23,88,48,0.00,M,M
1908-04-24,77,43,0.00,M,M
1908-04-25,66,50,T,M,M
1908-04-26,85,55,0.10,M,M
1908-04-27,79,50,0.04,M,M
1908-04-28,72,51,0.34,M,M
1908-04-29,63,43,T,M,M
1908-04-30,60,43,1.00,M,M
1908-05-01,62,44,T,M,M
1908-05-02,60,39,0.02,M,M
1908-05-03,56,36,0.00,M,M
1908-05-04,61,35,0.00,M,M
1908-05-05,65,36,0.00,M,M
1908-05-06,61,43,T,M,M
1908-05-07,M,42,1.96,M,M
1908-05-08,56,43,T,M,M
1908-05-09,56,48,0.16,M,M
1908-05-10,54,46,T,M,M
1908-05-11,80,41,0.00,M,M
1908-05-12,83,59,T,M,M
1908-05-13,77,58,T,M,M
1908-05-14,60,49,0.26,M,M
1908-05-15,58,45,0.00,M,M
1908-05-16,70,50,0.00,M,M
1908-05-17,77,54,0.00,M,M
1908-05-18,80,49,0.00,M,M
1908-05-19,75,53,0.00,M,M
1908-05-20,71,55,0.06,M,M
1908-05-21,72,60,0.10,M,M
1908-05-22,74,63,0.28,M,M
1908-05-23,78,64,0.00,M,M
1908-05-24,80,58,0.00,M,M
1908-05-25,82,52,0.00,M,M
1908-05-26,85,60,0.02,M,M
1908-05-27,85,66,0.04,M,M
1908-05-28,84,58,0.00,M,M
1908-05-29,78,57,0.30,M,M
1908-05-30,76,64,0.72,M,M
1908-05-31,83,65,0.06,M,M
1908-06-01,67,56,0.03,M,M
1908-06-02,71,48,0.00,M,M
1908-06-03,73,41,0.00,M,M
1908-06-04,82,56,0.00,M,M
1908-06-05,79,50,0.00,M,M
1908-06-06,76,49,0.00,M,M
1908-06-07,83,50,0.00,M,M
1908-06-08,88,58,0.00,M,M
1908-06-09,87,66,T,M,M
1908-06-10,78,60,0.24,M,M
1908-06-11,72,54,0.00,M,M
1908-06-12,77,50,0.00,M,M
1908-06-13,83,50,0.00,M,M
1908-06-14,85,60,0.00,M,M
1908-06-15,74,56,1.70,M,M
1908-06-16,69,54,0.42,M,M
1908-06-17,74,45,0.00,M,M
1908-06-18,76,50,0.00,M,M
1908-06-19,83,57,0.00,M,M
1908-06-20,88,68,0.00,M,M
1908-06-21,88,64,0.00,M,M
1908-06-22,85,63,0.00,M,M
1908-06-23,80,60,T,M,M
1908-06-24,90,63,0.26,M,M
1908-06-25,81,60,0.00,M,M
1908-06-26,79,60,0.00,M,M
1908-06-27,86,63,0.00,M,M
1908-06-28,84,56,0.00,M,M
1908-06-29,81,64,0.12,M,M
1908-06-30,79,61,T,M,M
1908-07-01,84,56,0.00,M,M
1908-07-02,84,65,0.22,M,M
1908-07-03,82,63,0.14,M,M
1908-07-04,82,68,1.88,M,M
1908-07-05,87,68,0.00,M,M
1908-07-06,89,66,0.00,M,M
1908-07-07,91,67,T,M,M
1908-07-08,78,60,0.00,M,M
1908-07-09,79,52,0.00,M,M
1908-07-10,83,56,0.00,M,M
1908-07-11,85,60,0.00,M,M
1908-07-12,92,69,0.12,M,M
1908-07-13,90,64,0.00,M,M
1908-07-14,85,70,0.12,M,M
1908-07-15,80,58,T,M,M
1908-07-16,78,55,0.00,M,M
1908-07-17,76,55,T,M,M
1908-07-18,88,70,0.03,M,M
1908-07-19,84,64,0.20,M,M
1908-07-20,84,64,0.00,M,M
1908-07-21,80,62,0.00,M,M
1908-07-22,84,64,0.78,M,M
1908-07-23,90,64,0.00,M,M
1908-07-24,84,67,0.00,M,M
1908-07-25,78,66,0.98,M,M
1908-07-26,83,61,0.00,M,M
1908-07-27,87,60,0.00,M,M
1908-07-28,90,63,0.00,M,M
1908-07-29,86,67,0.00,M,M
1908-07-30,89,68,0.00,M,M
1908-07-31,90,69,0.14,M,M
1908-08-01,80,65,0.00,M,M
1908-08-02,82,58,0.00,M,M
1908-08-03,82,55,0.00,M,M
1908-08-04,89,70,0.40,M,M
1908-08-05,82,68,0.10,M,M
1908-08-06,79,66,T,M,M
1908-08-07,74,64,0.20,M,M
1908-08-08,82,56,T,M,M
1908-08-09,80,60,0.00,M,M
1908-08-10,83,59,0.00,M,M
1908-08-11,82,60,0.66,M,M
1908-08-12,84,64,0.00,M,M
1908-08-13,91,72,0.06,M,M
1908-08-14,88,68,0.00,M,M
1908-08-15,83,66,0.00,M,M
1908-08-16,83,56,0.00,M,M
1908-08-17,74,62,0.36,M,M
1908-08-18,78,64,0.00,M,M
1908-08-19,82,52,T,M,M
1908-08-20,72,52,0.00,M,M
1908-08-21,81,46,0.00,M,M
1908-08-22,78,59,0.20,M,M
1908-08-23,78,58,0.00,M,M
1908-08-24,74,46,0.00,M,M
1908-08-25,77,46,0.00,M,M
1908-08-26,66,54,0.60,M,M
1908-08-27,70,50,0.00,M,M
1908-08-28,75,45,0.00,M,M
1908-08-29,76,45,0.00,M,M
1908-08-30,83,50,0.00,M,M
1908-08-31,86,57,0.00,M,M
1908-09-01,86,67,0.00,M,M
1908-09-02,79,60,T,M,M
1908-09-03,70,55,0.00,M,M
1908-09-04,78,46,0.00,M,M
1908-09-05,80,56,0.00,M,M
1908-09-06,70,63,0.03,M,M
1908-09-07,76,57,0.00,M,M
1908-09-08,70,46,0.00,M,M
1908-09-09,88,46,0.00,M,M
1908-09-10,89,58,0.00,M,M
1908-09-11,85,58,0.00,M,M
1908-09-12,83,57,0.00,M,M
1908-09-13,83,58,0.00,M,M
1908-09-14,74,54,0.00,M,M
1908-09-15,73,42,0.00,M,M
1908-09-16,76,40,0.00,M,M
1908-09-17,83,55,0.00,M,M
1908-09-18,80,51,0.00,M,M
1908-09-19,72,55,T,M,M
1908-09-20,70,40,0.00,M,M
1908-09-21,78,47,0.00,M,M
1908-09-22,79,55,0.00,M,M
1908-09-23,83,58,0.00,M,M
1908-09-24,81,63,0.00,M,M
1908-09-25,86,58,0.00,M,M
1908-09-26,75,60,0.00,M,M
1908-09-27,83,62,0.00,M,M
1908-09-28,80,62,0.12,M,M
1908-09-29,72,48,0.72,M,M
1908-09-30,65,38,0.00,M,M
1908-10-01,68,48,T,0.0,M
1908-10-02,58,45,0.40,0.0,M
1908-10-03,62,35,0.00,0.0,M
1908-10-04,69,40,0.00,0.0,M
1908-10-05,66,36,0.00,0.0,M
1908-10-06,72,33,0.00,0.0,M
1908-10-07,70,48,0.00,0.0,M
1908-10-08,71,44,0.00,0.0,M
1908-10-09,65,52,0.00,0.0,M
1908-10-10,59,36,0.00,0.0,M
1908-10-11,72,52,0.32,0.0,M
1908-10-12,60,38,0.00,0.0,M
1908-10-13,63,29,0.00,0.0,M
1908-10-14,71,32,0.00,0.0,M
1908-10-15,79,44,0.00,0.0,M
1908-10-16,84,46,0.00,0.0,M
1908-10-17,77,46,0.00,0.0,M
1908-10-18,76,42,0.00,0.0,M
1908-10-19,62,41,0.00,0.0,M
1908-10-20,56,37,0.00,0.0,M
1908-10-21,58,26,0.00,0.0,M
1908-10-22,65,28,0.00,0.0,M
1908-10-23,69,35,0.00,0.0,M
1908-10-24,72,53,T,0.0,M
1908-10-25,72,58,T,0.0,M
1908-10-26,72,58,1.78,0.0,M
1908-10-27,65,52,0.08,0.0,M
1908-10-28,59,48,0.68,0.0,M
1908-10-29,59,48,0.00,0.0,M
1908-10-30,55,42,T,0.0,M
1908-10-31,42,32,T,T,M
1908-11-01,42,31,0.00,0.0,M
1908-11-02,47,28,0.00,0.0,M
1908-11-03,60,33,0.00,0.0,M
1908-11-04,53,28,0.06,T,M
1908-11-05,39,22,T,T,M
1908-11-06,42,30,T,T,M
1908-11-07,46,38,T,0.0,M
1908-11-08,50,40,T,0.0,M
1908-11-09,57,33,0.00,0.0,M
1908-11-10,52,33,0.00,0.0,M
1908-11-11,50,42,0.06,0.0,M
1908-11-12,48,35,T,T,M
1908-11-13,43,34,T,T,M
1908-11-14,43,35,0.22,2.0,T
1908-11-15,39,30,0.00,0.0,T
1908-11-16,39,20,T,T,T
1908-11-17,38,29,T,T,T
1908-11-18,35,28,T,T,T
1908-11-19,45,29,T,T,0
1908-11-20,46,35,0.00,0.0,M
1908-11-21,46,24,0.00,0.0,M
1908-11-22,50,20,0.00,0.0,M
1908-11-23,52,32,0.00,0.0,M
1908-11-24,57,36,0.00,0.0,M
1908-11-25,55,45,T,0.0,M
1908-11-26,59,51,T,0.0,M
1908-11-27,60,44,0.00,0.0,M
1908-11-28,48,40,0.00,0.0,M
1908-11-29,53,31,0.00,0.0,M
1908-11-30,52,32,0.01,0.0,M
1908-12-01,67,50,0.00,0.0,M
1908-12-02,50,23,T,T,M
1908-12-03,32,18,T,T,M
1908-12-04,36,19,T,T,T
1908-12-05,33,22,0.00,0.0,M
1908-12-06,27,9,0.00,0.0,M
1908-12-07,37,21,1.18,2.0,1
1908-12-08,38,28,0.00,0.0,1
1908-12-09,33,21,T,T,1
1908-12-10,32,9,0.00,0.0,1
1908-12-11,30,18,0.08,1.0,2
1908-12-12,38,28,0.16,1.0,3
1908-12-13,30,17,T,T,3
1908-12-14,42,16,0.00,0.0,1
1908-12-15,46,35,0.00,0.0,T
1908-12-16,40,29,0.00,0.0,T
1908-12-17,36,21,0.00,0.0,T
1908-12-18,34,17,0.40,3.0,3
1908-12-19,34,10,0.00,0.0,3
1908-12-20,37,26,T,T,2
1908-12-21,44,26,T,T,2
1908-12-22,34,17,0.00,0.0,2
1908-12-23,24,10,0.00,0.0,2
1908-12-24,30,8,0.00,0.0,2
1908-12-25,38,29,0.04,0.5,1
1908-12-26,38,29,T,T,1
1908-12-27,35,26,0.00,0.0,1
1908-12-28,38,30,0.00,0.0,1
1908-12-29,41,18,0.00,0.0,T
1908-12-30,34,18,0.18,T,T
1908-12-31,38,30,T,T,T
1909-01-01,30,20,T,T,T
1909-01-02,31,12,0.00,0.0,T
1909-01-03,41,24,T,0.0,T
1909-01-04,45,36,0.04,0.0,T
1909-01-05,50,37,0.76,0.0,0
1909-01-06,51,32,T,T,0
1909-01-07,32,11,0.00,0.0,0
1909-01-08,22,3,0.00,0.0,0
1909-01-09,31,15,T,T,M
1909-01-10,37,30,T,0.0,M
1909-01-11,40,35,T,0.0,M
1909-01-12,35,13,0.58,2.0,2
1909-01-13,13,1,T,T,2
1909-01-14,30,8,0.40,4.0,6
1909-01-15,40,28,0.00,0.0,3
1909-01-16,28,2,T,T,3
1909-01-17,24,3,1.06,5.5,8
1909-01-18,30,-0,0.00,0.0,8
1909-01-19,18,-13,T,T,8
1909-01-20,41,8,0.00,0.0,8
1909-01-21,43,14,0.00,0.0,7
1909-01-22,46,26,0.00,0.0,5
1909-01-23,46,28,T,0.0,4
1909-01-24,40,34,0.04,0.0,3
1909-01-25,42,34,0.02,0.0,2
1909-01-26,40,30,T,T,2
1909-01-27,41,20,T,T,1
1909-01-28,37,24,0.00,0.0,1
1909-01-29,26,10,0.04,0.5,M
1909-01-30,26,20,0.56,5.0,6
1909-01-31,22,12,0.00,0.0,6
1909-02-01,12,-4,0.00,0.0,6
1909-02-02,35,-0,T,T,6
1909-02-03,28,9,0.00,0.0,5
1909-02-04,32,-0,0.00,0.0,5
1909-02-05,50,27,0.00,0.0,2
1909-02-06,53,40,0.02,0.0,T
1909-02-07,40,24,0.00,0.0,T
1909-02-08,40,22,T,T,T
1909-02-09,30,11,T,T,T
1909-02-10,46,18,1.04,1.5,T
1909-02-11,33,25,T,T,T
1909-02-12,37,21,0.00,0.0,T
1909-02-13,55,33,0.00,0.0,T
1909-02-14,46,24,T,0.0,T
1909-02-15,36,25,0.36,0.0,T
1909-02-16,32,20,1.22,2.0,2
1909-02-17,31,21,T,T,2
1909-02-18,34,17,T,T,2
1909-02-19,43,22,0.10,0.0,1
1909-02-20,48,38,1.48,0.0,T
1909-02-21,40,32,0.00,0.0,T
1909-02-22,48,26,0.00,0.0,T
1909-02-23,44,28,0.10,1.0,1
1909-02-24,41,32,0.66,0.0,T
1909-02-25,43,20,0.04,T,T
1909-02-26,34,15,0.00,0.0,T
1909-02-27,45,25,0.02,T,T
1909-02-28,36,26,T,T,T
1909-03-01,35,13,0.00,0.0,T
1909-03-02,47,29,T,T,T
1909-03-03,38,25,0.00,0.0,T
1909-03-04,34,22,0.48,6.0,6
1909-03-05,25,20,T,T,6
1909-03-06,34,10,0.00,0.0,3
1909-03-07,32,21,T,T,3
1909-03-08,39,25,0.00,0.0,2
1909-03-09,34,19,0.14,0.0,2
1909-03-10,47,32,0.20,0.0,T
1909-03-11,42,28,T,T,T
1909-03-12,42,26,T,T,T
1909-03-13,34,30,T,T,T
1909-03-14,40,29,0.04,T,T
1909-03-15,39,29,0.00,0.0,T
1909-03-16,39,22,T,T,T
1909-03-17,35,22,0.02,0.5,T
1909-03-18,37,24,T,T,T
1909-03-19,36,21,T,T,T
1909-03-20,39,31,0.04,0.3,T
1909-03-21,40,21,0.00,0.0,T
1909-03-22,37,20,T,T,T
1909-03-23,45,26,0.00,0.0,T
1909-03-24,52,24,0.00,0.0,T
1909-03-25,49,34,1.02,T,T
1909-03-26,47,32,0.08,1.0,T
1909-03-27,50,27,0.02,0.0,T
1909-03-28,52,33,0.00,0.0,T
1909-03-29,46,31,T,T,T
1909-03-30,45,29,0.00,0.0,T
1909-03-31,52,35,0.00,0.0,T
1909-04-01,54,32,0.00,0.0,T
1909-04-02,56,27,T,0.0,T
1909-04-03,50,39,T,0.0,T
1909-04-04,50,38,0.00,0.0,T
1909-04-05,64,30,0.00,0.0,T
1909-04-06,75,46,T,0.0,0
1909-04-07,78,54,T,0.0,M
1909-04-08,54,40,0.00,0.0,M
1909-04-09,46,31,0.04,T,M
1909-04-10,39,28,T,T,M
1909-04-11,48,22,0.00,0.0,M
1909-04-12,57,31,0.00,0.0,M
1909-04-13,71,46,T,0.0,M
1909-04-14,61,39,1.86,0.0,M
1909-04-15,52,33,0.62,0.0,M
1909-04-16,60,32,0.00,0.0,M
1909-04-17,66,43,T,0.0,M
1909-04-18,66,35,T,0.0,M
1909-04-19,85,49,T,0.0,M
1909-04-20,56,39,0.00,0.0,M
1909-04-21,48,43,0.02,0.0,M
1909-04-22,60,42,0.16,0.0,M
1909-04-23,52,38,0.30,T,M
1909-04-24,50,32,0.00,0.0,M
1909-04-25,54,27,0.02,0.0,M
1909-04-26,53,36,0.00,0.0,M
1909-04-27,53,30,0.00,0.0,M
1909-04-28,47,35,0.14,0.0,M
1909-04-29,43,28,0.20,1.5,2
1909-04-30,39,32,0.52,0.0,T
1909-05-01,49,38,0.52,M,M
1909-05-02,50,36,T,M,M
1909-05-03,58,35,0.02,M,M
1909-05-04,60,41,0.28,M,M
1909-05-05,64,43,T,M,M
1909-05-06,83,53,0.16,M,M
1909-05-07,74,47,0.28,M,M
1909-05-08,70,47,0.00,M,M
1909-05-09,71,49,0.00,M,M
1909-05-10,78,56,0.20,M,M
1909-05-11,64,50,T,M,M
1909-05-12,70,41,0.00,M,M
1909-05-13,78,43,0.00,M,M
1909-05-14,78,56,0.10,M,M
1909-05-15,75,60,0.00,M,M
1909-05-16,66,52,0.58,M,M
1909-05-17,58,51,0.22,M,M
1909-05-18,59,50,0.01,M,M
1909-05-19,72,47,0.00,M,M
1909-05-20,64,50,0.04,M,M
1909-05-21,60,45,T,M,M
1909-05-22,56,43,0.12,M,M
1909-05-23,58,42,0.01,M,M
1909-05-24,74,42,0.00,M,M
1909-05-25,70,48,0.00,M,M
1909-05-26,74,40,0.00,M,M
1909-05-27,65,48,0.59,M,M
1909-05-28,76,58,0.10,M,M
1909-05-29,70,54,0.08,M,M
1909-05-30,73,50,0.00,M,M
1909-05-31,78,48,0.00,M,M
1909-06-01,74,51,0.00,M,M
1909-06-02,73,52,T,M,M
1909-06-03,82,56,0.00,M,M
1909-06-04,74,56,0.16,M,M
1909-06-05,65,60,0.12,M,M
1909-06-06,72,55,0.00,M,M
1909-06-07,73,52,0.00,M,M
1909-06-08,72,52,0.00,M,M
1909-06-09,63,48,0.08,M,M
1909-06-10,60,51,0.52,M,M
1909-06-11,74,55,0.06,M,M
1909-06-12,82,52,0.00,M,M
1909-06-13,73,53,0.08,M,M
1909-06-14,85,61,0.94,M,M
1909-06-15,72,60,0.00,M,M
1909-06-16,75,48,0.00,M,M
1909-06-17,75,56,1.42,M,M
1909-06-18,61,52,0.00,M,M
1909-06-19,74,42,0.00,M,M
1909-06-20,83,58,T,M,M
1909-06-21,87,60,0.00,M,M
1909-06-22,90,61,0.06,M,M
1909-06-23,86,67,T,M,M
1909-06-24,90,70,T,M,M
1909-06-25,93,68,0.00,M,M
1909-06-26,87,68,0.00,M,M
1909-06-27,84,65,0.00,M,M
1909-06-28,85,65,0.16,M,M
1909-06-29,79,67,0.00,M,M
1909-06-30,84,55,0.00,M,M
1909-07-01,87,64,0.00,M,M
1909-07-02,78,59,0.00,M,M
1909-07-03,72,60,0.06,M,M
1909-07-04,74,54,0.00,M,M
1909-07-05,78,49,0.00,M,M
1909-07-06,78,53,0.04,M,M
1909-07-07,80,53,0.00,M,M
1909-07-08,82,51,0.00,M,M
1909-07-09,79,47,0.00,M,M
1909-07-10,84,57,0.00,M,M
1909-07-11,84,62,0.00,M,M
1909-07-12,89,63,0.00,M,M
1909-07-13,93,71,T,M,M
1909-07-14,88,62,0.00,M,M
1909-07-15,91,62,0.06,M,M
1909-07-16,80,65,0.40,M,M
1909-07-17,82,58,0.00,M,M
1909-07-18,78,55,0.20,M,M
1909-07-19,75,58,0.08,M,M
1909-07-20,79,50,0.00,M,M
1909-07-21,82,50,0.00,M,M
1909-07-22,80,58,0.00,M,M
1909-07-23,68,61,1.02,M,M
1909-07-24,75,60,0.04,M,M
1909-07-25,78,55,T,M,M
1909-07-26,86,54,0.00,M,M
1909-07-27,85,60,T,M,M
1909-07-28,89,60,0.00,M,M
1909-07-29,91,66,T,M,M
1909-07-30,93,71,T,M,M
1909-07-31,85,61,T,M,M
1909-08-01,83,60,0.00,M,M
1909-08-02,86,56,0.00,M,M
1909-08-03,85,56,0.00,M,M
1909-08-04,74,57,0.08,M,M
1909-08-05,62,56,1.52,M,M
1909-08-06,80,58,0.00,M,M
1909-08-07,88,58,0.00,M,M
1909-08-08,91,63,0.00,M,M
1909-08-09,86,65,T,M,M
1909-08-10,80,65,0.04,M,M
1909-08-11,76,54,0.00,M,M
1909-08-12,80,50,T,M,M
1909-08-13,79,60,T,M,M
1909-08-14,79,60,0.00,M,M
1909-08-15,77,56,T,M,M
1909-08-16,67,58,1.08,M,M
1909-08-17,61,54,0.68,M,M
1909-08-18,68,57,0.14,M,M
1909-08-19,82,59,T,M,M
1909-08-20,78,58,0.20,M,M
1909-08-21,73,56,0.00,M,M
1909-08-22,75,50,0.00,M,M
1909-08-23,82,52,0.00,M,M
1909-08-24,85,58,0.00,M,M
1909-08-25,90,62,0.00,M,M
1909-08-26,81,63,0.02,M,M
1909-08-27,80,62,0.00,M,M
1909-08-28,82,52,0.00,M,M
1909-08-29,78,63,0.32,M,M
1909-08-30,71,53,0.00,M,M
1909-08-31,74,43,0.00,M,M
1909-09-01,71,56,0.04,M,M
1909-09-02,74,46,0.00,M,M
1909-09-03,81,43,0.00,M,M
1909-09-04,77,55,0.02,M,M
1909-09-05,73,57,T,M,M
1909-09-06,73,43,0.00,M,M
1909-09-07,75,47,0.00,M,M
1909-09-08,77,46,0.00,M,M
1909-09-09,78,58,0.00,M,M
1909-09-10,70,58,0.64,M,M
1909-09-11,75,59,0.06,M,M
1909-09-12,74,50,0.00,M,M
1909-09-13,75,57,0.00,M,M
1909-09-14,85,60,T,M,M
1909-09-15,78,66,T,M,M
1909-09-16,68,62,0.02,M,M
1909-09-17,78,59,0.18,M,M
1909-09-18,70,50,0.00,M,M
1909-09-19,72,41,0.00,M,M
1909-09-20,69,43,0.00,M,M
1909-09-21,70,48,0.00,M,M
1909-09-22,72,59,0.04,M,M
1909-09-23,78,64,0.24,M,M
1909-09-24,72,57,0.30,M,M
1909-09-25,70,44,0.00,M,M
1909-09-26,69,43,0.00,M,M
1909-09-27,64,51,T,M,M
1909-09-28,61,49,1.44,M,M
1909-09-29,67,38,0.00,M,M
1909-09-30,67,50,0.00,M,M
1909-10-01,62,49,T,0.0,M
1909-10-02,61,48,0.00,0.0,M
1909-10-03,62,52,T,0.0,M
1909-10-04,64,46,0.00,0.0,M
1909-10-05,67,37,0.00,0.0,M
1909-10-06,71,40,0.00,0.0,M
1909-10-07,72,43,0.00,0.0,M
1909-10-08,76,47,0.00,0.0,M
1909-10-09,79,48,0.00,0.0,M
1909-10-10,78,49,0.00,0.0,M
1909-10-11,74,53,0.00,0.0,M
1909-10-12,70,54,0.42,0.0,M
1909-10-13,56,32,0.00,0.0,M
1909-10-14,57,33,0.00,0.0,M
1909-10-15,58,42,0.06,0.0,M
1909-10-16,52,34,T,0.0,M
1909-10-17,54,39,T,0.0,M
1909-10-18,48,38,T,0.0,M
1909-10-19,48,35,0.00,0.0,M
1909-10-20,54,26,0.00,0.0,M
1909-10-21,53,25,T,0.0,M
1909-10-22,59,48,0.02,0.0,M
1909-10-23,54,44,T,0.0,M
1909-10-24,44,40,0.32,0.0,M
1909-10-25,54,35,0.06,0.0,M
1909-10-26,62,32,0.00,0.0,M
1909-10-27,64,42,T,0.0,M
1909-10-28,57,37,0.02,T,M
1909-10-29,40,30,0.00,0.0,M
1909-10-30,52,30,0.00,0.0,M
1909-10-31,60,32,0.00,0.0,M
1909-11-01,68,38,0.00,0.0,M
1909-11-02,64,48,0.32,0.0,M
1909-11-03,62,48,0.00,0.0,M
1909-11-04,56,41,T,0.0,M
1909-11-05,47,37,T,T,M
1909-11-06,54,34,T,0.0,M
1909-11-07,49,24,0.00,0.0,M
1909-11-08,51,38,T,0.0,M
1909-11-09,50,33,0.00,0.0,M
1909-11-10,51,24,0.00,0.0,M
1909-11-11,64,40,0.00,0.0,M
1909-11-12,70,36,0.00,0.0,M
1909-11-13,59,48,0.00,0.0,M
1909-11-14,52,40,T,0.0,M
1909-11-15,64,46,T,0.0,M
1909-11-16,60,36,T,0.0,M
1909-11-17,54,40,0.16,0.0,M
1909-11-18,43,27,T,T,M
1909-11-19,36,24,T,T,M
1909-11-20,58,35,0.00,0.0,M
1909-11-21,63,43,0.00,0.0,M
1909-11-22,62,40,T,0.0,M
1909-11-23,59,35,0.04,0.0,M
1909-11-24,35,24,0.22,T,T
1909-11-25,32,24,0.76,1.0,1
1909-11-26,40,28,0.06,0.0,1
1909-11-27,44,27,0.00,0.0,1
1909-11-28,45,22,0.00,0.0,T
1909-11-29,42,32,0.18,0.0,T
1909-11-30,34,23,0.00,0.0,T
1909-12-01,33,17,0.00,0.0,T
1909-12-02,35,25,0.00,0.0,T
1909-12-03,34,25,0.00,0.0,T
1909-12-04,37,27,T,T,T
1909-12-05,48,33,0.00,0.0,T
1909-12-06,45,25,0.00,0.0,T
1909-12-07,35,24,0.26,T,T
1909-12-08,38,28,0.00,0.0,T
1909-12-09,33,18,0.00,0.0,T
1909-12-10,32,20,0.00,0.0,T
1909-12-11,34,24,0.00,0.0,T
1909-12-12,27,17,T,T,T
1909-12-13,36,19,1.36,6.5,7
1909-12-14,45,36,0.34,0.0,T
1909-12-15,39,31,T,T,T
1909-12-16,35,24,0.00,0.0,T
1909-12-17,35,23,0.00,0.0,T
1909-12-18,32,24,T,T,T
1909-12-19,32,19,0.00,0.0,T
1909-12-20,27,14,0.00,0.0,T
1909-12-21,30,12,0.00,0.0,T
1909-12-22,28,15,T,T,T
1909-12-23,34,24,T,T,T
1909-12-24,33,25,0.00,0.0,T
1909-12-25,28,18,0.14,2.0,2
1909-12-26,28,22,0.52,8.0,10
1909-12-27,26,16,0.00,0.0,10
1909-12-28,25,2,0.00,0.0,10
1909-12-29,18,1,0.00,0.0,10
1909-12-30,13,-3,0.00,0.0,10
1909-12-31,20,-4,0.00,0.0,9
1910-01-01,31,-3,0.00,0.0,8
1910-01-02,44,31,0.00,0.0,6
1910-01-03,39,26,T,T,6
1910-01-04,32,-3,0.00,0.0,6
1910-01-05,20,-8,0.06,1.0,7
1910-01-06,33,20,0.72,0.0,6
1910-01-07,33,25,0.60,0.5,7
1910-01-08,26,10,0.00,0.0,7
1910-01-09,31,15,0.00,0.0,7
1910-01-10,24,10,0.02,0.5,7
1910-01-11,23,4,0.00,0.0,7
1910-01-12,23,5,0.00,0.0,7
1910-01-13,27,12,0.00,0.0,7
1910-01-14,22,16,0.22,3.0,10
1910-01-15,23,13,0.50,5.0,15
1910-01-16,29,2,0.00,0.0,13
1910-01-17,21,-10,0.00,0.0,12
1910-01-18,41,16,0.24,0.5,10
1910-01-19,43,32,T,T,8
1910-01-20,40,16,0.00,0.0,6
1910-01-21,48,32,0.30,0.0,3
1910-01-22,49,36,0.95,T,1
1910-01-23,37,29,T,T,1
1910-01-24,39,26,T,T,1
1910-01-25,36,30,0.32,2.0,3
1910-01-26,35,22,0.00,0.0,2
1910-01-27,35,26,0.06,1.0,2
1910-01-28,39,30,0.00,0.0,1
1910-01-29,32,27,0.48,3.0,4
1910-01-30,36,23,0.00,0.0,3
1910-01-31,30,25,0.08,1.0,4
1910-02-01,27,11,0.00,0.0,4
1910-02-02,36,12,0.00,0.0,4
1910-02-03,34,21,T,T,4
1910-02-04,35,23,0.36,4.0,7
1910-02-05,28,13,T,T,7
1910-02-06,18,-0,0.00,0.0,7
1910-02-07,13,-9,0.00,0.0,7
1910-02-08,38,-3,0.00,0.0,6
1910-02-09,41,25,0.02,T,4
1910-02-10,39,24,0.22,0.5,4
1910-02-11,24,5,0.00,0.0,4
1910-02-12,29,14,1.08,8.0,10
1910-02-13,29,15,0.00,0.0,10
1910-02-14,38,10,0.00,0.0,10
1910-02-15,37,20,0.00,0.0,10
1910-02-16,48,33,T,T,6
1910-02-17,33,14,1.45,8.0,14
1910-02-18,22,13,0.00,0.0,14
1910-02-19,25,-6,0.00,0.0,14
1910-02-20,35,4,T,T,14
1910-02-21,52,30,0.46,0.0,12
1910-02-22,38,19,0.34,5.0,17
1910-02-23,25,8,T,T,17
1910-02-24,22,-0,0.00,0.0,17
1910-02-25,23,-7,0.00,0.0,17
1910-02-26,34,-9,0.00,0.0,17
1910-02-27,47,32,0.08,0.0,10
1910-02-28,48,40,0.36,0.0,3
1910-03-01,40,34,0.14,0.0,T
1910-03-02,40,34,0.01,0.0,T
1910-03-03,44,27,0.00,0.0,T
1910-03-04,47,28,0.00,0.0,T
1910-03-05,50,25,0.00,0.0,T
1910-03-06,53,26,0.00,0.0,T
1910-03-07,49,32,0.40,T,T
1910-03-08,39,29,T,T,T
1910-03-09,42,26,T,T,T
1910-03-10,37,21,0.00,0.0,T
1910-03-11,47,18,0.00,0.0,T
1910-03-12,49,26,0.00,0.0,T
1910-03-13,50,23,T,0.0,T
1910-03-14,49,26,T,T,T
1910-03-15,36,22,0.00,0.0,T
1910-03-16,50,18,T,0.0,T
1910-03-17,38,22,T,T,T
1910-03-18,43,13,0.00,0.0,T
1910-03-19,55,27,0.00,0.0,T
1910-03-20,57,39,0.04,0.0,T
1910-03-21,52,32,0.00,0.0,T
1910-03-22,57,35,T,0.0,T
1910-03-23,56,36,0.00,0.0,T
1910-03-24,64,36,0.00,0.0,T
1910-03-25,78,49,0.00,0.0,T
1910-03-26,54,35,0.00,0.0,T
1910-03-27,55,35,0.00,0.0,0
1910-03-28,61,39,0.00,0.0,M
1910-03-29,80,48,0.00,0.0,M
1910-03-30,74,46,0.00,0.0,M
1910-03-31,67,46,T,0.0,M
1910-04-01,64,43,0.00,0.0,M
1910-04-02,66,33,0.00,0.0,M
1910-04-03,66,31,0.00,0.0,M
1910-04-04,62,42,0.14,0.0,M
1910-04-05,78,49,0.00,0.0,M
1910-04-06,80,58,0.92,0.0,M
1910-04-07,60,40,0.08,T,M
1910-04-08,41,33,T,T,M
1910-04-09,51,33,0.06,0.0,M
1910-04-10,51,38,0.00,0.0,M
1910-04-11,45,30,0.72,T,M
1910-04-12,49,34,0.00,0.0,M
1910-04-13,59,29,0.00,0.0,M
1910-04-14,70,32,0.00,0.0,M
1910-04-15,72,41,0.00,0.0,M
1910-04-16,65,45,T,0.0,M
1910-04-17,55,37,T,0.0,M
1910-04-18,62,43,1.74,0.0,M
1910-04-19,67,52,0.14,0.0,M
1910-04-20,61,45,0.00,0.0,M
1910-04-21,64,39,T,0.0,M
1910-04-22,68,42,0.00,0.0,M
1910-04-23,72,40,0.00,0.0,M
1910-04-24,64,52,0.00,0.0,M
1910-04-25,61,51,0.32,0.0,M
1910-04-26,68,56,1.70,0.0,M
1910-04-27,66,44,0.00,0.0,M
1910-04-28,56,38,T,T,M
1910-04-29,52,33,0.06,0.0,M
1910-04-30,73,42,0.02,0.0,M
1910-05-01,65,44,0.00,0.0,M
1910-05-02,73,46,0.10,0.0,M
1910-05-03,72,46,0.38,0.0,M
1910-05-04,56,41,0.00,0.0,M
1910-05-05,58,38,T,0.0,M
1910-05-06,61,35,0.00,0.0,M
1910-05-07,72,43,0.00,0.0,M
1910-05-08,65,42,T,0.0,M
1910-05-09,67,57,0.08,0.0,M
1910-05-10,67,49,0.00,0.0,M
1910-05-11,62,43,T,0.0,M
1910-05-12,64,40,0.00,0.0,M
1910-05-13,63,36,0.00,0.0,M
1910-05-14,54,43,T,0.0,M
1910-05-15,64,41,0.00,0.0,M
1910-05-16,70,38,0.00,0.0,M
1910-05-17,74,42,0.00,0.0,M
1910-05-18,65,47,0.10,0.0,M
1910-05-19,70,48,0.00,0.0,M
1910-05-20,75,43,0.00,0.0,M
1910-05-21,77,58,0.18,0.0,M
1910-05-22,69,57,0.00,0.0,M
1910-05-23,65,58,T,0.0,M
1910-05-24,85,60,0.02,0.0,M
1910-05-25,74,60,3.16,0.0,M
1910-05-26,69,57,0.00,0.0,M
1910-05-27,62,50,0.07,0.0,M
1910-05-28,76,52,0.00,0.0,M
1910-05-29,78,53,0.00,0.0,M
1910-05-30,74,53,1.36,0.0,M
1910-05-31,62,46,0.02,0.0,M
1910-06-01,55,47,0.54,M,M
1910-06-02,62,47,0.00,M,M
1910-06-03,72,49,0.02,M,M
1910-06-04,62,41,0.00,M,M
1910-06-05,60,40,0.76,M,M
1910-06-06,70,48,T,M,M
1910-06-07,64,49,0.10,M,M
1910-06-08,71,50,0.00,M,M
1910-06-09,74,47,0.16,M,M
1910-06-10,65,51,0.26,M,M
1910-06-11,59,52,0.68,M,M
1910-06-12,61,54,0.06,M,M
1910-06-13,79,52,0.00,M,M
1910-06-14,81,56,0.00,M,M
1910-06-15,85,61,0.00,M,M
1910-06-16,70,61,0.42,M,M
1910-06-17,78,61,0.64,M,M
1910-06-18,76,61,0.16,M,M
1910-06-19,83,61,0.00,M,M
1910-06-20,84,61,0.00,M,M
1910-06-21,88,62,0.00,M,M
1910-06-22,89,61,0.00,M,M
1910-06-23,87,67,0.00,M,M
1910-06-24,78,57,0.00,M,M
1910-06-25,79,55,0.00,M,M
1910-06-26,80,58,0.00,M,M
1910-06-27,77,57,0.06,M,M
1910-06-28,81,58,0.04,M,M
1910-06-29,81,57,0.00,M,M
1910-06-30,86,59,0.00,M,M
1910-07-01,83,61,0.00,M,M
1910-07-02,87,64,0.00,M,M
1910-07-03,85,65,0.00,M,M
1910-07-04,81,67,T,M,M
1910-07-05,83,52,0.00,M,M
1910-07-06,87,56,0.00,M,M
1910-07-07,80,58,0.12,M,M
1910-07-08,90,63,0.00,M,M
1910-07-09,92,61,0.00,M,M
1910-07-10,95,67,0.02,M,M
1910-07-11,88,68,0.00,M,M
1910-07-12,86,56,0.00,M,M
1910-07-13,89,71,T,M,M
1910-07-14,86,58,0.00,M,M
1910-07-15,89,58,0.00,M,M
1910-07-16,76,62,0.06,M,M
1910-07-17,82,58,0.00,M,M
1910-07-18,78,58,0.00,M,M
1910-07-19,79,55,0.07,M,M
1910-07-20,83,52,0.00,M,M
1910-07-21,86,62,0.14,M,M
1910-07-22,80,64,0.02,M,M
1910-07-23,86,64,0.00,M,M
1910-07-24,96,65,T,M,M
1910-07-25,97,72,T,M,M
1910-07-26,82,69,0.00,M,M
1910-07-27,89,66,0.00,M,M
1910-07-28,83,61,1.22,M,M
1910-07-29,84,59,0.00,M,M
1910-07-30,84,62,0.14,M,M
1910-07-31,79,61,0.00,M,M
1910-08-01,79,54,0.00,M,M
1910-08-02,81,61,0.03,M,M
1910-08-03,80,60,0.02,M,M
1910-08-04,82,64,0.88,M,M
1910-08-05,77,58,0.00,M,M
1910-08-06,76,59,0.00,M,M
1910-08-07,81,59,0.00,M,M
1910-08-08,82,59,0.00,M,M
1910-08-09,81,62,T,M,M
1910-08-10,70,62,1.32,M,M
1910-08-11,77,59,0.28,M,M
1910-08-12,82,58,0.00,M,M
1910-08-13,85,55,0.00,M,M
1910-08-14,86,59,0.00,M,M
1910-08-15,84,62,0.00,M,M
1910-08-16,77,64,0.00,M,M
1910-08-17,80,59,0.00,M,M
1910-08-18,78,57,T,M,M
1910-08-19,78,62,0.82,M,M
1910-08-20,78,52,0.00,M,M
1910-08-21,82,59,0.00,M,M
1910-08-22,78,61,0.00,M,M
1910-08-23,80,58,0.00,M,M
1910-08-24,88,65,0.00,M,M
1910-08-25,85,68,0.00,M,M
1910-08-26,76,60,T,M,M
1910-08-27,75,46,0.00,M,M
1910-08-28,80,48,0.00,M,M
1910-08-29,80,57,0.00,M,M
1910-08-30,79,55,0.00,M,M
1910-08-31,76,60,0.00,M,M
1910-09-01,71,64,0.12,M,M
1910-09-02,77,54,0.06,M,M
1910-09-03,67,60,0.48,M,M
1910-09-04,80,62,0.00,M,M
1910-09-05,83,66,0.26,M,M
1910-09-06,90,64,0.06,M,M
1910-09-07,79,65,0.00,M,M
1910-09-08,74,56,0.00,M,M
1910-09-09,77,65,0.04,M,M
1910-09-10,69,44,0.00,M,M
1910-09-11,73,45,0.00,M,M
1910-09-12,80,59,0.00,M,M
1910-09-13,81,59,0.36,M,M
1910-09-14,66,53,T,M,M
1910-09-15,72,42,0.00,M,M
1910-09-16,75,44,0.00,M,M
1910-09-17,74,44,0.00,M,M
1910-09-18,75,49,0.00,M,M
1910-09-19,68,52,T,M,M
1910-09-20,69,45,T,M,M
1910-09-21,77,52,0.00,M,M
1910-09-22,67,45,0.00,M,M
1910-09-23,70,39,0.00,M,M
1910-09-24,65,54,0.44,M,M
1910-09-25,74,54,0.06,M,M
1910-09-26,76,60,0.12,M,M
1910-09-27,70,57,0.08,M,M
1910-09-28,71,58,0.18,M,M
1910-09-29,68,47,0.00,M,M
1910-09-30,70,45,0.00,M,M
1910-10-01,81,57,0.00,0.0,M
1910-10-02,72,48,0.00,0.0,M
1910-10-03,74,45,0.00,0.0,M
1910-10-04,76,53,0.00,0.0,M
1910-10-05,83,65,0.00,0.0,M
1910-10-06,84,66,0.00,0.0,M
1910-10-07,78,53,0.40,0.0,M
1910-10-08,58,35,0.00,0.0,M
1910-10-09,64,45,0.10,0.0,M
1910-10-10,59,46,0.00,0.0,M
1910-10-11,74,35,0.00,0.0,M
1910-10-12,67,47,0.00,0.0,M
1910-10-13,54,30,0.00,0.0,M
1910-10-14,74,45,0.00,0.0,M
1910-10-15,66,48,T,0.0,M
1910-10-16,74,52,0.00,0.0,M
1910-10-17,70,42,0.00,0.0,M
1910-10-18,74,38,0.00,0.0,M
1910-10-19,77,44,0.00,0.0,M
1910-10-20,74,60,0.01,0.0,M
1910-10-21,68,42,0.00,0.0,M
1910-10-22,50,38,0.38,0.0,M
1910-10-23,54,45,T,0.0,M
1910-10-24,58,36,0.00,0.0,M
1910-10-25,64,43,T,0.0,M
1910-10-26,54,37,0.00,0.0,M
1910-10-27,68,37,T,0.0,M
1910-10-28,57,42,T,T,M
1910-10-29,48,30,0.00,0.0,M
1910-10-30,45,26,0.00,0.0,M
1910-10-31,54,26,0.00,0.0,M
1910-11-01,59,27,0.00,0.0,M
1910-11-02,63,45,0.02,0.0,M
1910-11-03,57,32,1.16,0.5,1
1910-11-04,40,33,0.58,0.0,0
1910-11-05,47,39,0.10,0.0,M
1910-11-06,51,38,T,0.0,M
1910-11-07,44,30,T,T,M
1910-11-08,39,27,T,T,T
1910-11-09,46,31,0.16,T,T
1910-11-10,58,36,T,0.0,M
1910-11-11,54,32,0.04,T,M
1910-11-12,40,28,T,T,M
1910-11-13,40,27,T,T,M
1910-11-14,42,32,T,T,M
1910-11-15,41,30,T,T,M
1910-11-16,41,32,T,T,M
1910-11-17,41,32,0.00,0.0,M
1910-11-18,41,30,0.00,0.0,M
1910-11-19,40,30,T,T,M
1910-11-20,36,25,0.00,0.0,M
1910-11-21,41,16,0.00,0.0,M
1910-11-22,43,32,T,0.0,M
1910-11-23,47,30,0.00,0.0,M
1910-11-24,51,31,0.00,0.0,M
1910-11-25,42,33,0.32,T,M
1910-11-26,41,34,0.00,0.0,M
1910-11-27,41,31,0.00,0.0,M
1910-11-28,38,24,0.00,0.0,M
1910-11-29,36,31,0.42,2.0,1
1910-11-30,36,32,T,T,T
1910-12-01,35,30,0.02,T,T
1910-12-02,30,22,0.00,0.0,T
1910-12-03,34,24,T,T,T
1910-12-04,35,20,T,T,T
1910-12-05,30,15,T,T,T
1910-12-06,19,11,T,T,T
1910-12-07,24,9,0.00,0.0,T
1910-12-08,34,15,T,T,T
1910-12-09,24,13,0.00,0.0,T
1910-12-10,24,7,0.00,0.0,T
1910-12-11,15,8,T,T,T
1910-12-12,20,3,T,T,T
1910-12-13,26,8,0.00,0.0,T
1910-12-14,36,17,0.00,0.0,T
1910-12-15,39,25,T,T,T
1910-12-16,32,-0,0.00,0.0,T
1910-12-17,23,-2,0.00,0.0,T
1910-12-18,35,15,0.00,0.0,T
1910-12-19,41,29,0.10,0.0,T
1910-12-20,36,22,0.04,1.0,1
1910-12-21,27,12,T,T,T
1910-12-22,24,6,0.00,0.0,T
1910-12-23,31,10,T,T,T
1910-12-24,44,27,1.14,T,0
1910-12-25,34,23,T,T,0
1910-12-26,23,11,T,T,T
1910-12-27,36,23,0.00,0.0,T
1910-12-28,34,18,0.08,0.5,1
1910-12-29,40,34,T,0.0,0
1910-12-30,47,21,0.04,T,0
1910-12-31,21,1,0.00,0.0,0
1911-01-01,34,18,0.02,0.0,0
1911-01-02,51,33,0.16,0.0,M
1911-01-03,50,31,0.52,0.0,M
1911-01-04,32,12,0.08,0.5,1
1911-01-05,26,4,0.00,0.0,T
1911-01-06,25,10,T,T,T
1911-01-07,37,24,0.00,0.0,T
1911-01-08,42,20,0.00,0.0,T
1911-01-09,41,30,0.34,T,T
1911-01-10,32,18,0.00,0.0,T
1911-01-11,41,26,0.00,0.0,0
1911-01-12,39,24,T,T,M
1911-01-13,36,16,0.06,0.0,M
1911-01-14,37,30,0.16,0.0,M
1911-01-15,36,28,T,T,M
1911-01-16,28,4,0.00,0.0,M
1911-01-17,21,5,0.00,0.0,M
1911-01-18,26,6,0.00,0.0,M
1911-01-19,37,14,0.00,0.0,M
1911-01-20,38,26,0.00,0.0,M
1911-01-21,39,32,T,0.0,M
1911-01-22,37,23,0.00,0.0,M
1911-01-23,33,12,0.00,0.0,M
1911-01-24,42,11,0.00,0.0,M
1911-01-25,41,22,0.00,0.0,M
1911-01-26,37,24,T,0.0,M
1911-01-27,39,35,0.88,0.0,M
1911-01-28,44,34,T,T,M
1911-01-29,35,20,T,T,T
1911-01-30,43,20,0.02,T,T
1911-01-31,23,7,0.00,0.0,M
1911-02-01,24,11,0.00,0.0,0
1911-02-02,27,16,0.01,T,T
1911-02-03,27,3,T,T,T
1911-02-04,44,21,0.48,3.0,T
1911-02-05,41,18,T,T,T
1911-02-06,18,4,0.16,2.0,2
1911-02-07,23,6,0.36,4.0,6
1911-02-08,28,20,T,T,6
1911-02-09,33,24,0.00,0.0,5
1911-02-10,34,6,T,T,4
1911-02-11,33,19,T,T,3
1911-02-12,38,16,0.00,0.0,2
1911-02-13,36,19,T,T,2
1911-02-14,21,15,0.08,1.0,3
1911-02-15,22,1,0.16,2.0,5
1911-02-16,30,-11,0.00,0.0,5
1911-02-17,36,8,0.04,0.0,3
1911-02-18,40,34,0.00,0.0,2
1911-02-19,34,22,T,T,1
1911-02-20,22,12,0.16,2.0,3
1911-02-21,22,9,0.00,0.0,3
1911-02-22,33,10,T,T,2
1911-02-23,34,11,0.00,0.0,2
1911-02-24,36,19,T,T,2
1911-02-25,49,21,0.00,0.0,T
1911-02-26,50,27,0.00,0.0,T
1911-02-27,47,30,0.00,0.0,T
1911-02-28,30,14,0.00,0.0,T
1911-03-01,38,16,0.00,0.0,T
1911-03-02,40,26,T,T,T
1911-03-03,37,23,T,T,T
1911-03-04,33,22,0.00,0.0,T
1911-03-05,31,14,0.00,0.0,T
1911-03-06,34,22,0.16,3.0,1
1911-03-07,32,3,0.00,0.0,T
1911-03-08,40,10,0.00,0.0,T
1911-03-09,48,13,0.00,0.0,T
1911-03-10,44,30,0.06,1.0,T
1911-03-11,41,24,0.00,0.0,T
1911-03-12,40,29,0.04,T,T
1911-03-13,45,34,0.00,0.0,T
1911-03-14,50,22,0.00,0.0,T
1911-03-15,49,29,1.04,5.0,T
1911-03-16,44,10,T,T,T
1911-03-17,34,10,T,T,T
1911-03-18,44,30,0.01,T,T
1911-03-19,39,24,0.48,5.0,1
1911-03-20,44,25,T,T,T
1911-03-21,41,32,0.00,0.0,T
1911-03-22,57,30,T,0.0,T
1911-03-23,54,23,T,T,T
1911-03-24,27,13,0.00,0.0,0
1911-03-25,44,14,0.00,0.0,M
1911-03-26,57,26,0.00,0.0,M
1911-03-27,53,43,0.32,0.0,M
1911-03-28,51,33,0.48,T,M
1911-03-29,44,29,T,T,M
1911-03-30,44,32,0.76,0.5,T
1911-03-31,41,31,T,T,M
1911-04-01,36,25,T,T,T
1911-04-02,34,18,T,T,0
1911-04-03,40,21,0.00,0.0,M
1911-04-04,39,20,0.40,1.0,1
1911-04-05,47,30,0.28,0.0,T
1911-04-06,67,39,0.00,0.0,M
1911-04-07,63,41,T,0.0,M
1911-04-08,50,29,0.00,0.0,M
1911-04-09,43,30,0.58,6.0,T
1911-04-10,51,27,0.00,0.0,0
1911-04-11,51,27,0.00,0.0,M
1911-04-12,57,25,0.00,0.0,M
1911-04-13,62,32,0.00,0.0,M
1911-04-14,56,43,0.04,0.0,M
1911-04-15,57,41,T,0.0,M
1911-04-16,47,32,T,T,M
1911-04-17,47,28,T,T,M
1911-04-18,54,30,0.00,0.0,M
1911-04-19,61,30,0.00,0.0,M
1911-04-20,51,38,0.36,0.0,M
1911-04-21,57,30,0.00,0.0,M
1911-04-22,51,37,0.02,T,M
1911-04-23,49,34,0.00,0.0,M
1911-04-24,66,31,0.00,0.0,M
1911-04-25,70,35,0.00,0.0,M
1911-04-26,72,36,0.00,0.0,M
1911-04-27,80,41,0.00,0.0,M
1911-04-28,82,48,0.00,0.0,M
1911-04-29,85,45,0.00,0.0,M
1911-04-30,78,53,0.00,0.0,M
1911-05-01,72,59,0.00,0.0,M
1911-05-02,67,39,0.20,0.0,M
1911-05-03,46,31,T,T,M
1911-05-04,56,31,0.00,0.0,M
1911-05-05,67,31,0.00,0.0,M
1911-05-06,75,34,0.00,0.0,M
1911-05-07,80,38,0.00,0.0,M
1911-05-08,85,45,0.00,0.0,M
1911-05-09,68,51,T,0.0,M
1911-05-10,80,50,0.00,0.0,M
1911-05-11,92,61,T,0.0,M
1911-05-12,88,62,0.10,0.0,M
1911-05-13,70,56,0.00,0.0,M
1911-05-14,75,42,0.00,0.0,M
1911-05-15,78,52,0.00,0.0,M
1911-05-16,79,58,T,0.0,M
1911-05-17,82,52,0.05,0.0,M
1911-05-18,86,61,0.01,0.0,M
1911-05-19,88,62,1.16,0.0,M
1911-05-20,79,61,0.00,0.0,M
1911-05-21,87,67,0.00,0.0,M
1911-05-22,94,66,0.00,0.0,M
1911-05-23,81,62,0.00,0.0,M
1911-05-24,63,54,0.18,0.0,M
1911-05-25,67,57,0.32,0.0,M
1911-05-26,78,52,0.00,0.0,M
1911-05-27,83,55,0.00,0.0,M
1911-05-28,90,57,0.00,0.0,M
1911-05-29,90,64,0.00,0.0,M
1911-05-30,80,63,0.01,0.0,M
1911-05-31,73,59,0.34,0.0,M
1911-06-01,67,58,0.00,M,M
1911-06-02,82,52,0.00,M,M
1911-06-03,70,56,T,M,M
1911-06-04,80,51,0.00,M,M
1911-06-05,70,52,0.70,M,M
1911-06-06,61,51,0.40,M,M
1911-06-07,62,55,1.12,M,M
1911-06-08,76,56,0.00,M,M
1911-06-09,82,53,0.00,M,M
1911-06-10,84,57,0.68,M,M
1911-06-11,79,64,0.10,M,M
1911-06-12,74,59,2.18,M,M
1911-06-13,70,58,0.28,M,M
1911-06-14,70,60,0.14,M,M
1911-06-15,75,58,0.12,M,M
1911-06-16,66,52,0.06,M,M
1911-06-17,77,49,0.00,M,M
1911-06-18,80,51,0.00,M,M
1911-06-19,83,57,0.00,M,M
1911-06-20,81,59,0.05,M,M
1911-06-21,71,52,0.00,M,M
1911-06-22,76,54,0.06,M,M
1911-06-23,79,62,T,M,M
1911-06-24,83,52,0.00,M,M
1911-06-25,75,56,0.06,M,M
1911-06-26,72,62,0.04,M,M
1911-06-27,83,67,0.00,M,M
1911-06-28,88,71,0.04,M,M
1911-06-29,77,56,0.00,M,M
1911-06-30,81,53,0.00,M,M
1911-07-01,86,57,0.00,M,M
1911-07-02,92,66,0.00,M,M
1911-07-03,102,70,0.00,M,M
1911-07-04,101,73,T,M,M
1911-07-05,97,71,T,M,M
1911-07-06,96,71,0.40,M,M
1911-07-07,85,71,0.00,M,M
1911-07-08,83,60,0.00,M,M
1911-07-09,94,63,0.00,M,M
1911-07-10,96,72,0.10,M,M
1911-07-11,92,69,T,M,M
1911-07-12,94,70,0.00,M,M
1911-07-13,84,63,0.00,M,M
1911-07-14,77,60,0.02,M,M
1911-07-15,86,60,0.04,M,M
1911-07-16,88,66,0.00,M,M
1911-07-17,76,66,2.00,M,M
1911-07-18,80,59,0.00,M,M
1911-07-19,81,54,0.00,M,M
1911-07-20,82,63,0.06,M,M
1911-07-21,81,58,0.00,M,M
1911-07-22,78,59,0.02,M,M
1911-07-23,82,54,0.00,M,M
1911-07-24,87,66,0.38,M,M
1911-07-25,74,59,0.00,M,M
1911-07-26,80,50,T,M,M
1911-07-27,80,52,0.00,M,M
1911-07-28,70,60,0.16,M,M
1911-07-29,82,60,0.32,M,M
1911-07-30,79,66,0.06,M,M
1911-07-31,89,61,0.00,M,M
1911-08-01,92,60,0.00,M,M
1911-08-02,88,64,0.00,M,M
1911-08-03,79,66,0.00,M,M
1911-08-04,79,66,0.00,M,M
1911-08-05,88,61,0.00,M,M
1911-08-06,90,61,1.45,M,M
1911-08-07,84,67,0.00,M,M
1911-08-08,81,66,0.00,M,M
1911-08-09,86,69,0.00,M,M
1911-08-10,93,61,0.00,M,M
1911-08-11,82,67,T,M,M
1911-08-12,80,53,0.00,M,M
1911-08-13,84,55,0.00,M,M
1911-08-14,90,55,0.00,M,M
1911-08-15,86,58,0.52,M,M
1911-08-16,81,64,0.00,M,M
1911-08-17,86,61,T,M,M
1911-08-18,86,62,0.78,M,M
1911-08-19,74,57,0.00,M,M
1911-08-20,76,50,0.00,M,M
1911-08-21,80,48,0.00,M,M
1911-08-22,82,55,0.00,M,M
1911-08-23,79,61,0.00,M,M
1911-08-24,72,56,T,M,M
1911-08-25,70,58,0.36,M,M
1911-08-26,76,56,0.54,M,M
1911-08-27,72,63,0.06,M,M
1911-08-28,83,66,2.66,M,M
1911-08-29,74,57,0.78,M,M
1911-08-30,63,53,0.00,M,M
1911-08-31,60,53,0.28,M,M
1911-09-01,78,55,T,M,M
1911-09-02,86,60,0.00,M,M
1911-09-03,79,63,0.00,M,M
1911-09-04,76,50,0.00,M,M
1911-09-05,79,53,0.00,M,M
1911-09-06,82,66,0.62,M,M
1911-09-07,69,57,T,M,M
1911-09-08,60,52,1.18,M,M
1911-09-09,64,54,0.38,M,M
1911-09-10,80,60,0.00,M,M
1911-09-11,75,60,0.24,M,M
1911-09-12,77,59,T,M,M
1911-09-13,59,42,0.00,M,M
1911-09-14,62,35,0.00,M,M
1911-09-15,61,48,0.20,M,M
1911-09-16,78,58,0.00,M,M
1911-09-17,77,52,0.00,M,M
1911-09-18,76,53,0.00,M,M
1911-09-19,77,50,0.00,M,M
1911-09-20,77,55,0.00,M,M
1911-09-21,76,55,0.00,M,M
1911-09-22,76,60,0.26,M,M
1911-09-23,77,50,0.00,M,M
1911-09-24,78,58,0.00,M,M
1911-09-25,84,65,0.02,M,M
1911-09-26,74,55,0.04,M,M
1911-09-27,57,39,0.02,M,M
1911-09-28,60,47,0.01,M,M
1911-09-29,56,40,0.22,M,M
1911-09-30,59,42,0.00,M,M
1911-10-01,53,41,0.62,M,M
1911-10-02,57,45,0.16,M,M
1911-10-03,59,35,0.00,M,M
1911-10-04,63,50,0.12,M,M
1911-10-05,M,48,0.00,M,M
1911-10-06,50,39,0.00,M,M
1911-10-07,51,38,0.52,M,M
1911-10-08,59,31,0.00,M,M
1911-10-09,69,37,0.00,M,M
1911-10-10,70,40,0.00,M,M
1911-10-11,62,45,T,M,M
1911-10-12,68,52,0.00,M,M
1911-10-13,62,38,0.00,M,M
1911-10-14,62,35,0.00,M,M
1911-10-15,65,41,T,M,M
1911-10-16,68,42,0.00,M,M
1911-10-17,59,40,T,M,M
1911-10-18,56,52,1.94,M,M
1911-10-19,58,51,1.26,M,M
1911-10-20,67,54,T,M,M
1911-10-21,59,50,0.76,M,M
1911-10-22,62,53,0.10,M,M
1911-10-23,62,46,0.62,M,M
1911-10-24,52,40,0.00,M,M
1911-10-25,57,32,0.00,M,M
1911-10-26,62,36,0.00,M,M
1911-10-27,52,37,T,M,M
1911-10-28,43,31,0.00,M,M
1911-10-29,54,24,0.00,M,M
1911-10-30,57,32,0.00,M,M
1911-10-31,57,43,0.04,M,M
1911-11-01,57,36,T,0.0,M
1911-11-02,43,28,T,T,M
1911-11-03,43,26,T,T,M
1911-11-04,54,24,0.00,0.0,M
1911-11-05,52,31,0.00,0.0,M
1911-11-06,46,26,0.24,0.0,M
1911-11-07,63,42,T,0.0,M
1911-11-08,52,44,0.00,0.0,M
1911-11-09,51,31,0.00,0.0,M
1911-11-10,47,41,T,0.0,M
1911-11-11,62,38,0.00,0.0,M
1911-11-12,65,54,0.62,T,M
1911-11-13,64,24,0.00,0.0,M
1911-11-14,30,23,0.00,0.0,M
1911-11-15,41,28,0.38,2.0,T
1911-11-16,37,27,T,T,T
1911-11-17,32,20,T,T,T
1911-11-18,46,29,0.26,T,T
1911-11-19,41,35,0.00,0.0,M
1911-11-20,41,29,T,T,T
1911-11-21,43,27,T,T,T
1911-11-22,36,24,0.00,0.0,M
1911-11-23,41,21,0.00,0.0,M
1911-11-24,42,36,0.21,0.0,M
1911-11-25,38,25,0.00,0.0,M
1911-11-26,40,28,0.04,0.0,M
1911-11-27,47,28,0.00,0.0,M
1911-11-28,50,36,T,0.0,M
1911-11-29,53,33,0.00,0.0,M
1911-11-30,38,23,0.00,0.0,M
1911-12-01,44,29,0.00,0.0,M
1911-12-02,40,30,T,T,M
1911-12-03,40,26,0.00,0.0,M
1911-12-04,34,18,T,T,T
1911-12-05,28,12,0.00,0.0,T
1911-12-06,43,21,0.00,0.0,T
1911-12-07,44,21,0.00,0.0,M
1911-12-08,41,25,0.00,0.0,M
1911-12-09,45,28,T,0.0,M
1911-12-10,51,34,0.00,0.0,M
1911-12-11,60,44,0.00,0.0,M
1911-12-12,60,50,0.00,0.0,M
1911-12-13,59,40,0.00,0.0,M
1911-12-14,40,27,0.00,0.0,M
1911-12-15,39,33,0.38,0.5,T
1911-12-16,40,35,0.30,0.0,M
1911-12-17,43,38,0.10,0.0,M
1911-12-18,40,30,0.00,0.0,M
1911-12-19,31,26,0.00,0.0,M
1911-12-20,M,17,0.00,0.0,M
1911-12-21,33,20,0.00,0.0,M
1911-12-22,36,M,0.00,0.0,T
1911-12-23,45,35,0.68,0.0,M
1911-12-24,40,38,0.00,0.0,M
1911-12-25,43,31,0.00,0.0,M
1911-12-26,40,29,0.00,0.0,M
1911-12-27,48,36,0.28,0.0,M
1911-12-28,45,23,T,T,T
1911-12-29,30,23,0.00,0.0,M
1911-12-30,29,17,0.00,0.0,M
1911-12-31,29,M,0.28,2.5,3
1912-01-01,35,28,0.00,0.0,3
1912-01-02,33,10,0.00,0.0,3
1912-01-03,33,18,0.00,0.0,3
1912-01-04,26,15,0.00,0.0,3
1912-01-05,23,12,T,T,3
1912-01-06,12,-2,0.00,0.0,3
1912-01-07,11,-5,T,T,3
1912-01-08,17,-3,T,T,3
1912-01-09,34,15,0.16,3.0,6
1912-01-10,18,5,0.00,0.0,6
1912-01-11,16,-4,0.00,0.0,6
1912-01-12,11,3,0.08,0.5,6
1912-01-13,3,-13,0.00,0.0,6
1912-01-14,17,-18,0.00,0.0,6
1912-01-15,30,16,0.10,1.0,7
1912-01-16,27,8,0.00,0.0,7
1912-01-17,21,2,T,T,7
1912-01-18,39,19,0.00,0.0,7
1912-01-19,41,30,0.53,0.0,4
1912-01-20,30,11,0.00,0.0,4
1912-01-21,30,17,0.00,0.0,4
1912-01-22,35,13,0.00,0.0,4
1912-01-23,36,21,T,0.0,4
1912-01-24,33,22,0.00,0.0,4
1912-01-25,22,4,0.00,0.0,4
1912-01-26,14,-4,0.00,0.0,4
1912-01-27,20,5,T,T,4
1912-01-28,17,-1,0.00,0.0,4
1912-01-29,16,11,0.48,3.8,8
1912-01-30,30,12,0.00,0.0,8
1912-01-31,30,23,T,T,8
1912-02-01,29,16,0.00,0.0,8
1912-02-02,27,6,0.00,0.0,8
1912-02-03,26,18,0.00,0.0,8
1912-02-04,19,3,0.00,0.0,8
1912-02-05,21,11,0.00,0.0,8
1912-02-06,27,15,0.00,0.0,7
1912-02-07,32,12,0.00,0.0,7
1912-02-08,31,15,0.00,0.0,7
1912-02-09,21,-0,0.00,0.0,7
1912-02-10,17,-7,0.00,0.0,7
1912-02-11,10,-12,0.00,0.0,7
1912-02-12,15,-1,0.00,0.0,7
1912-02-13,21,-2,0.00,0.0,7
1912-02-14,29,-1,0.00,0.0,7
1912-02-15,35,3,0.00,0.0,6
1912-02-16,36,19,0.00,0.0,6
1912-02-17,36,18,0.00,0.0,6
1912-02-18,35,13,0.00,0.0,6
1912-02-19,42,23,0.00,0.0,5
1912-02-20,45,35,0.02,0.0,1
1912-02-21,40,22,0.25,0.0,1
1912-02-22,42,23,0.93,0.0,1
1912-02-23,35,17,0.00,0.0,T
1912-02-24,47,29,0.00,0.0,T
1912-02-25,48,33,0.00,0.0,T
1912-02-26,44,24,0.07,1.0,1
1912-02-27,35,25,0.85,1.0,T
1912-02-28,33,22,0.00,0.0,T
1912-02-29,30,14,0.00,0.0,T
1912-03-01,26,14,0.00,0.0,T
1912-03-02,23,14,0.00,0.0,T
1912-03-03,23,9,0.00,0.0,T
1912-03-04,23,7,0.00,0.0,T
1912-03-05,22,7,0.00,0.0,T
1912-03-06,33,-1,0.00,0.0,T
1912-03-07,41,25,0.00,0.0,T
1912-03-08,45,27,0.00,0.0,T
1912-03-09,44,34,0.15,0.0,M
1912-03-10,34,20,0.00,0.0,M
1912-03-11,39,17,0.00,0.0,M
1912-03-12,36,30,0.16,0.0,M
1912-03-13,40,33,1.62,0.0,M
1912-03-14,43,28,0.00,0.0,M
1912-03-15,46,33,0.82,0.0,M
1912-03-16,48,32,0.00,0.0,M
1912-03-17,48,24,0.00,0.0,M
1912-03-18,58,42,0.00,0.0,M
1912-03-19,59,22,0.00,0.0,M
1912-03-20,53,33,0.00,0.0,M
1912-03-21,33,16,1.00,5.5,6
1912-03-22,33,17,0.00,0.0,5
1912-03-23,37,14,0.00,0.0,3
1912-03-24,37,M,0.76,4.0,6
1912-03-25,33,25,0.10,0.0,5
1912-03-26,38,7,0.00,0.0,4
1912-03-27,47,31,0.00,0.0,3
1912-03-28,51,31,0.00,0.0,1
1912-03-29,47,36,0.56,0.0,T
1912-03-30,45,31,0.00,0.0,M
1912-03-31,62,26,0.00,0.0,M
1912-04-01,56,33,0.00,0.0,M
1912-04-02,42,31,0.96,0.5,M
1912-04-03,36,27,0.00,0.0,T
1912-04-04,42,24,0.00,0.0,T
1912-04-05,72,32,0.10,0.0,M
1912-04-06,78,47,0.00,0.0,M
1912-04-07,70,44,0.52,0.0,M
1912-04-08,44,30,0.08,1.0,T
1912-04-09,33,27,0.10,1.0,1
1912-04-10,46,31,0.00,0.0,M
1912-04-11,44,32,T,0.0,M
1912-04-12,44,27,0.02,T,M
1912-04-13,59,37,0.00,0.0,M
1912-04-14,51,36,T,0.0,M
1912-04-15,64,40,T,0.0,M
1912-04-16,78,55,0.96,0.0,M
1912-04-17,63,44,T,0.0,M
1912-04-18,53,44,0.35,0.0,M
1912-04-19,50,40,0.13,0.0,M
1912-04-20,58,34,0.00,0.0,M
1912-04-21,69,32,0.00,0.0,M
1912-04-22,62,46,0.04,0.0,M
1912-04-23,56,36,0.14,0.0,M
1912-04-24,57,34,0.18,0.0,M
1912-04-25,61,40,0.00,0.0,M
1912-04-26,65,34,0.00,0.0,M
1912-04-27,67,48,0.02,0.0,M
1912-04-28,55,34,0.00,0.0,M
1912-04-29,50,33,0.64,T,M
1912-04-30,58,36,0.00,0.0,M
1912-05-01,71,35,0.00,M,M
1912-05-02,70,42,0.00,M,M
1912-05-03,72,41,0.00,M,M
1912-05-04,66,39,0.00,M,M
1912-05-05,56,46,0.16,M,M
1912-05-06,56,45,0.30,M,M
1912-05-07,66,49,0.00,M,M
1912-05-08,60,53,0.20,M,M
1912-05-09,70,48,0.05,M,M
1912-05-10,69,46,0.01,M,M
1912-05-11,75,43,0.00,M,M
1912-05-12,71,57,0.24,M,M
1912-05-13,69,59,0.22,M,M
1912-05-14,68,39,0.15,M,M
1912-05-15,70,47,0.00,M,M
1912-05-16,60,52,1.34,M,M
1912-05-17,68,52,0.16,M,M
1912-05-18,74,48,0.00,M,M
1912-05-19,73,54,0.00,M,M
1912-05-20,71,48,0.04,M,M
1912-05-21,83,48,0.18,M,M
1912-05-22,67,49,0.00,M,M
1912-05-23,74,50,0.00,M,M
1912-05-24,86,65,0.20,M,M
1912-05-25,75,59,T,M,M
1912-05-26,75,51,0.00,M,M
1912-05-27,79,45,0.00,M,M
1912-05-28,83,60,0.00,M,M
1912-05-29,78,65,1.38,M,M
1912-05-30,66,54,0.05,M,M
1912-05-31,61,50,T,M,M
1912-06-01,82,44,M,M,M
1912-06-02,86,55,0.22,M,M
1912-06-03,79,64,M,M,M
1912-06-04,86,59,0.04,M,M
1912-06-05,70,54,0.00,M,M
1912-06-06,67,45,0.18,M,M
1912-06-07,64,48,M,M,M
1912-06-08,68,38,M,M,M
1912-06-09,68,44,M,M,M
1912-06-10,76,42,M,M,M
1912-06-11,84,55,M,M,M
1912-06-12,76,57,T,M,M
1912-06-13,70,58,M,M,M
1912-06-14,72,42,M,M,M
1912-06-15,66,48,T,M,M
1912-06-16,66,55,0.10,M,M
1912-06-17,83,64,T,M,M
1912-06-18,75,55,M,M,M
1912-06-19,73,50,M,M,M
1912-06-20,80,58,T,M,M
1912-06-21,76,54,0.04,M,M
1912-06-22,79,56,M,M,M
1912-06-23,83,51,M,M,M
1912-06-24,87,55,M,M,M
1912-06-25,84,64,M,M,M
1912-06-26,90,66,M,M,M
1912-06-27,81,55,M,M,M
1912-06-28,85,55,M,M,M
1912-06-29,91,65,M,M,M
1912-06-30,74,51,M,M,M
1912-07-01,74,45,0.00,M,M
1912-07-02,86,54,0.00,M,M
1912-07-03,92,58,0.00,M,M
1912-07-04,95,66,0.00,M,M
1912-07-05,91,70,T,M,M
1912-07-06,94,68,0.00,M,M
1912-07-07,95,68,0.00,M,M
1912-07-08,98,66,0.00,M,M
1912-07-09,94,69,0.28,M,M
1912-07-10,93,66,T,M,M
1912-07-11,86,69,T,M,M
1912-07-12,89,69,0.00,M,M
1912-07-13,78,62,T,M,M
1912-07-14,82,69,0.22,M,M
1912-07-15,89,69,0.00,M,M
1912-07-16,82,69,T,M,M
1912-07-17,85,58,T,M,M
1912-07-18,80,69,0.05,M,M
1912-07-19,77,64,T,M,M
1912-07-20,79,46,0.00,M,M
1912-07-21,71,60,0.25,M,M
1912-07-22,79,64,0.00,M,M
1912-07-23,76,52,0.00,M,M
1912-07-24,81,50,0.00,M,M
1912-07-25,85,48,0.00,M,M
1912-07-26,84,61,T,M,M
1912-07-27,79,56,0.00,M,M
1912-07-28,87,53,T,M,M
1912-07-29,82,63,0.22,M,M
1912-07-30,81,62,0.03,M,M
1912-07-31,70,55,0.10,M,M
1912-08-01,76,56,0.18,M,M
1912-08-02,77,50,0.00,M,M
1912-08-03,72,55,0.22,M,M
1912-08-04,72,50,0.00,M,M
1912-08-05,77,50,0.00,M,M
1912-08-06,77,49,0.00,M,M
1912-08-07,77,51,T,M,M
1912-08-08,82,60,0.00,M,M
1912-08-09,77,66,0.62,M,M
1912-08-10,81,66,1.24,M,M
1912-08-11,84,67,0.26,M,M
1912-08-12,85,67,0.06,M,M
1912-08-13,88,66,0.00,M,M
1912-08-14,88,67,T,M,M
1912-08-15,82,60,T,M,M
1912-08-16,72,53,0.00,M,M
1912-08-17,74,46,0.00,M,M
1912-08-18,68,59,0.68,M,M
1912-08-19,76,65,0.08,M,M
1912-08-20,80,60,0.00,M,M
1912-08-21,76,57,0.06,M,M
1912-08-22,83,60,1.61,M,M
1912-08-23,73,58,0.32,M,M
1912-08-24,75,58,0.00,M,M
1912-08-25,88,66,0.08,M,M
1912-08-26,85,65,0.40,M,M
1912-08-27,78,63,T,M,M
1912-08-28,69,49,0.00,M,M
1912-08-29,72,55,0.02,M,M
1912-08-30,69,46,0.00,M,M
1912-08-31,64,42,0.02,M,M
1912-09-01,62,55,0.98,M,M
1912-09-02,64,58,T,M,M
1912-09-03,66,59,0.32,M,M
1912-09-04,80,64,0.00,M,M
1912-09-05,82,64,T,M,M
1912-09-06,77,65,0.10,M,M
1912-09-07,84,62,T,M,M
1912-09-08,82,64,0.00,M,M
1912-09-09,83,56,0.00,M,M
1912-09-10,81,53,0.00,M,M
1912-09-11,85,67,0.06,M,M
1912-09-12,69,48,0.00,M,M
1912-09-13,75,50,0.00,M,M
1912-09-14,71,60,T,M,M
1912-09-15,82,67,T,M,M
1912-09-16,78,59,0.36,M,M
1912-09-17,72,44,0.00,M,M
1912-09-18,69,56,0.08,M,M
1912-09-19,72,65,0.16,M,M
1912-09-20,73,55,0.00,M,M
1912-09-21,65,52,T,M,M
1912-09-22,65,48,0.00,M,M
1912-09-23,62,55,0.06,M,M
1912-09-24,59,54,0.18,M,M
1912-09-25,65,53,0.02,M,M
1912-09-26,72,46,0.00,M,M
1912-09-27,65,50,0.02,M,M
1912-09-28,64,42,0.00,M,M
1912-09-29,57,45,0.06,M,M
1912-09-30,57,34,0.00,M,M
1912-10-01,58,42,0.02,M,M
1912-10-02,61,35,0.00,M,M
1912-10-03,71,41,0.00,M,M
1912-10-04,75,56,0.00,M,M
1912-10-05,76,47,0.00,M,M
1912-10-06,79,42,0.00,M,M
1912-10-07,79,44,T,M,M
1912-10-08,60,38,0.00,M,M
1912-10-09,60,38,T,M,M
1912-10-10,69,44,0.00,M,M
1912-10-11,65,43,0.20,M,M
1912-10-12,76,60,0.02,M,M
1912-10-13,71,46,0.00,M,M
1912-10-14,62,44,0.00,M,M
1912-10-15,62,43,0.02,M,M
1912-10-16,62,32,0.00,M,M
1912-10-17,67,28,0.00,M,M
1912-10-18,73,37,0.00,M,M
1912-10-19,64,54,0.02,M,M
1912-10-20,62,44,0.00,M,M
1912-10-21,65,32,0.00,M,M
1912-10-22,63,47,0.01,M,M
1912-10-23,64,54,2.34,M,M
1912-10-24,57,47,0.76,M,M
1912-10-25,52,47,0.42,M,M
1912-10-26,62,47,0.02,M,M
1912-10-27,59,34,0.00,M,M
1912-10-28,59,39,0.00,M,M
1912-10-29,56,33,0.00,M,M
1912-10-30,69,47,0.00,M,M
1912-10-31,54,40,0.00,M,M
1912-11-01,61,39,0.34,M,M
1912-11-02,61,35,0.00,M,M
1912-11-03,38,24,0.00,M,M
1912-11-04,50,23,0.00,M,M
1912-11-05,64,39,0.00,M,M
1912-11-06,65,43,0.00,M,M
1912-11-07,63,55,1.38,M,M
1912-11-08,61,30,0.00,M,M
1912-11-09,50,31,T,M,M
1912-11-10,48,35,0.00,M,M
1912-11-11,60,33,0.00,M,M
1912-11-12,64,34,0.00,M,M
1912-11-13,63,42,0.00,M,M
1912-11-14,61,41,0.30,M,M
1912-11-15,47,35,0.00,M,M
1912-11-16,42,32,0.00,M,M
1912-11-17,45,27,0.00,M,M
1912-11-18,42,32,0.00,M,M
1912-11-19,45,23,0.00,M,M
1912-11-20,54,31,0.00,M,M
1912-11-21,56,30,0.00,M,M
1912-11-22,56,42,0.00,M,M
1912-11-23,49,32,0.00,M,M
1912-11-24,45,35,0.00,M,M
1912-11-25,40,35,0.80,M,M
1912-11-26,42,35,0.00,M,M
1912-11-27,42,30,0.00,M,M
1912-11-28,39,30,0.00,M,M
1912-11-29,40,21,0.00,M,M
1912-11-30,46,32,0.00,M,M
1912-12-01,40,23,0.00,0.0,M
1912-12-02,52,35,0.35,0.0,M
1912-12-03,56,38,0.00,0.0,M
1912-12-04,48,30,0.00,0.0,M
1912-12-05,45,32,0.00,0.0,M
1912-12-06,64,42,0.32,0.0,M
1912-12-07,60,35,0.00,0.0,M
1912-12-08,44,29,0.00,0.0,M
1912-12-09,43,14,T,0.0,M
1912-12-10,44,27,0.00,0.0,M
1912-12-11,43,34,0.00,0.0,M
1912-12-12,40,22,T,T,M
1912-12-13,29,16,0.00,0.0,M
1912-12-14,39,26,0.00,0.0,M
1912-12-15,47,21,0.00,0.0,M
1912-12-16,43,34,0.14,0.0,M
1912-12-17,40,26,0.00,0.0,M
1912-12-18,41,35,0.00,0.0,M
1912-12-19,45,37,0.80,0.0,M
1912-12-20,39,37,0.00,0.0,M
1912-12-21,37,31,0.00,0.0,M
1912-12-22,36,25,0.00,0.0,M
1912-12-23,34,25,0.00,0.0,M
1912-12-24,28,23,0.14,2.5,3
1912-12-25,38,14,0.00,0.0,T
1912-12-26,40,19,0.00,0.0,T
1912-12-27,38,32,0.87,0.0,T
1912-12-28,36,28,0.00,0.0,T
1912-12-29,40,24,0.00,0.0,T
1912-12-30,40,34,0.60,0.0,T
1912-12-31,45,32,0.00,0.0,M
1913-01-01,44,30,0.00,M,M
1913-01-02,44,25,0.00,M,M
1913-01-03,58,38,0.42,M,M
1913-01-04,40,34,0.00,M,M
1913-01-05,35,27,0.00,M,M
1913-01-06,48,M,0.00,M,M
1913-01-07,38,28,T,M,M
1913-01-08,40,28,0.67,M,M
1913-01-09,28,12,0.00,M,M
1913-01-10,38,20,0.00,M,M
1913-01-11,42,33,T,M,M
1913-01-12,55,32,0.00,M,M
1913-01-13,32,14,0.00,M,M
1913-01-14,33,15,0.00,M,M
1913-01-15,41,28,0.00,M,M
1913-01-16,47,35,T,M,M
1913-01-17,47,35,0.08,M,M
1913-01-18,54,43,0.05,M,M
1913-01-19,52,33,0.00,M,M
1913-01-20,45,26,0.25,M,M
1913-01-21,56,27,0.00,M,M
1913-01-22,39,20,0.00,M,M
1913-01-23,39,25,0.14,M,M
1913-01-24,41,36,0.00,M,M
1913-01-25,41,26,0.00,M,M
1913-01-26,51,30,0.00,M,M
1913-01-27,48,29,0.00,M,M
1913-01-28,33,23,0.02,0.5,1
1913-01-29,30,15,0.00,M,0
1913-01-30,45,27,0.00,M,M
1913-01-31,58,37,0.29,M,M
1913-02-01,56,23,0.00,0.0,M
1913-02-02,30,16,0.00,0.0,M
1913-02-03,29,23,0.35,5.0,5
1913-02-04,32,24,0.00,0.0,5
1913-02-05,26,7,0.00,0.0,5
1913-02-06,19,1,0.00,0.0,5
1913-02-07,25,5,0.00,0.0,5
1913-02-08,30,7,0.00,0.0,4
1913-02-09,29,13,0.00,0.0,4
1913-02-10,23,-0,0.00,0.0,4
1913-02-11,31,1,T,0.5,4
1913-02-12,32,11,0.00,0.0,4
1913-02-13,24,-1,0.00,0.0,3
1913-02-14,35,11,0.00,0.0,3
1913-02-15,42,12,0.00,0.0,3
1913-02-16,46,30,0.00,0.0,T
1913-02-17,32,12,0.00,0.0,T
1913-02-18,28,11,0.00,0.0,T
1913-02-19,32,11,0.00,0.0,T
1913-02-20,49,22,0.00,0.0,M
1913-02-21,42,30,0.00,0.0,M
1913-02-22,42,29,0.40,0.0,M
1913-02-23,44,21,0.00,0.0,M
1913-02-24,25,12,0.00,0.0,M
1913-02-25,25,7,0.00,0.0,M
1913-02-26,30,9,0.00,0.0,M
1913-02-27,35,26,0.87,T,M
1913-02-28,42,31,0.00,0.0,M
1913-03-01,40,26,0.05,M,M
1913-03-02,38,26,0.00,M,M
1913-03-03,41,15,0.00,M,M
1913-03-04,35,26,T,T,M
1913-03-05,36,26,0.00,M,M
1913-03-06,38,21,0.10,2.0,2
1913-03-07,M,9,0.00,M,2
1913-03-08,33,1,0.00,M,1
1913-03-09,61,28,0.00,M,M
1913-03-10,56,32,0.00,M,M
1913-03-11,42,34,0.32,M,M
1913-03-12,53,28,0.00,M,M
1913-03-13,49,38,0.00,M,M
1913-03-14,55,42,0.72,M,M
1913-03-15,61,49,0.16,M,M
1913-03-16,60,36,0.09,M,M
1913-03-17,39,23,0.00,M,M
1913-03-18,49,20,0.00,M,M
1913-03-19,64,36,0.00,M,M
1913-03-20,60,43,0.55,M,M
1913-03-21,69,49,1.03,M,M
1913-03-22,66,36,0.00,M,M
1913-03-23,47,24,0.00,M,M
1913-03-24,70,38,0.21,M,M
1913-03-25,75,45,0.25,M,M
1913-03-26,54,33,1.43,M,M
1913-03-27,59,34,1.43,M,M
1913-03-28,41,25,0.00,M,M
1913-03-29,51,24,0.00,M,M
1913-03-30,49,36,T,M,M
1913-03-31,60,42,0.54,M,M
1913-04-01,50,35,0.00,M,M
1913-04-02,53,35,0.00,M,M
1913-04-03,58,38,T,M,M
1913-04-04,66,43,T,M,M
1913-04-05,60,45,0.36,M,M
1913-04-06,45,30,T,T,T
1913-04-07,42,32,T,T,M
1913-04-08,46,26,0.00,M,M
1913-04-09,44,27,0.00,M,M
1913-04-10,53,24,0.00,M,M
1913-04-11,49,36,0.54,M,M
1913-04-12,63,43,0.06,M,M
1913-04-13,54,44,0.20,M,M
1913-04-14,61,44,T,M,M
1913-04-15,71,45,0.00,M,M
1913-04-16,63,45,0.00,M,M
1913-04-17,60,38,0.00,M,M
1913-04-18,70,32,T,M,M
1913-04-19,62,42,0.02,M,M
1913-04-20,44,28,0.00,M,M
1913-04-21,57,32,0.00,M,M
1913-04-22,70,33,0.00,M,M
1913-04-23,71,52,T,M,M
1913-04-24,79,47,0.00,M,M
1913-04-25,87,53,0.00,M,M
1913-04-26,77,54,0.00,M,M
1913-04-27,75,54,0.18,M,M
1913-04-28,66,55,0.58,M,M
1913-04-29,55,48,0.06,M,M
1913-04-30,60,37,0.00,M,M
1913-05-01,73,40,0.00,M,M
1913-05-02,86,53,0.00,M,M
1913-05-03,90,55,0.00,M,M
1913-05-04,84,52,0.00,M,M
1913-05-05,77,57,0.00,M,M
1913-05-06,81,58,0.12,M,M
1913-05-07,69,56,0.00,M,M
1913-05-08,64,39,0.00,M,M
1913-05-09,64,49,T,M,M
1913-05-10,52,37,0.00,M,M
1913-05-11,56,32,0.00,M,M
1913-05-12,66,32,0.00,M,M
1913-05-13,69,44,0.02,M,M
1913-05-14,69,48,0.00,M,M
1913-05-15,54,36,0.04,M,M
1913-05-16,70,48,0.18,M,M
1913-05-17,66,48,0.00,M,M
1913-05-18,63,48,T,M,M
1913-05-19,61,44,0.00,M,M
1913-05-20,68,41,0.00,M,M
1913-05-21,62,41,T,M,M
1913-05-22,62,51,0.14,M,M
1913-05-23,62,56,1.18,M,M
1913-05-24,60,54,0.04,M,M
1913-05-25,70,56,0.02,M,M
1913-05-26,74,41,0.00,M,M
1913-05-27,55,48,0.12,M,M
1913-05-28,53,49,0.85,M,M
1913-05-29,63,48,0.00,M,M
1913-05-30,73,46,0.00,M,M
1913-05-31,76,48,0.00,M,M
1913-06-01,80,48,0.00,M,M
1913-06-02,75,58,0.04,M,M
1913-06-03,79,43,0.54,M,M
1913-06-04,74,58,0.00,M,M
1913-06-05,74,48,0.00,M,M
1913-06-06,79,52,0.00,M,M
1913-06-07,83,60,T,M,M
1913-06-08,63,44,0.00,M,M
1913-06-09,63,38,0.00,M,M
1913-06-10,72,40,0.00,M,M
1913-06-11,80,45,0.00,M,M
1913-06-12,81,56,0.00,M,M
1913-06-13,82,54,0.00,M,M
1913-06-14,87,61,0.00,M,M
1913-06-15,83,52,0.00,M,M
1913-06-16,93,64,0.02,M,M
1913-06-17,84,67,0.00,M,M
1913-06-18,75,49,0.00,M,M
1913-06-19,73,50,T,M,M
1913-06-20,69,59,0.44,M,M
1913-06-21,84,63,0.06,M,M
1913-06-22,80,57,0.00,M,M
1913-06-23,83,53,0.00,M,M
1913-06-24,87,58,0.00,M,M
1913-06-25,86,63,0.28,M,M
1913-06-26,78,62,0.00,M,M
1913-06-27,87,67,0.00,M,M
1913-06-28,82,63,0.18,M,M
1913-06-29,84,52,0.00,M,M
1913-06-30,92,54,0.00,M,M
1913-07-01,100,72,0.00,M,M
1913-07-02,90,70,T,M,M
1913-07-03,88,61,0.00,M,M
1913-07-04,95,66,0.00,M,M
1913-07-05,91,71,T,M,M
1913-07-06,90,73,0.00,M,M
1913-07-07,77,55,T,M,M
1913-07-08,83,52,0.02,M,M
1913-07-09,79,58,T,M,M
1913-07-10,80,66,0.08,M,M
1913-07-11,82,56,0.00,M,M
1913-07-12,84,47,0.48,M,M
1913-07-13,90,64,T,M,M
1913-07-14,78,59,0.00,M,M
1913-07-15,81,54,0.00,M,M
1913-07-16,83,55,0.00,M,M
1913-07-17,84,56,T,M,M
1913-07-18,83,63,T,M,M
1913-07-19,87,61,0.00,M,M
1913-07-20,86,59,T,M,M
1913-07-21,83,56,0.00,M,M
1913-07-22,87,53,0.00,M,M
1913-07-23,89,65,0.04,M,M
1913-07-24,72,66,0.12,M,M
1913-07-25,78,60,0.00,M,M
1913-07-26,84,52,0.00,M,M
1913-07-27,89,59,0.00,M,M
1913-07-28,83,67,1.12,M,M
1913-07-29,92,67,0.00,M,M
1913-07-30,93,67,0.00,M,M
1913-07-31,89,62,0.00,M,M
1913-08-01,80,66,0.02,M,M
1913-08-02,88,65,0.02,M,M
1913-08-03,90,58,0.00,M,M
1913-08-04,80,64,0.12,M,M
1913-08-05,80,52,0.00,M,M
1913-08-06,81,64,0.22,M,M
1913-08-07,84,62,0.14,M,M
1913-08-08,87,58,0.00,M,M
1913-08-09,86,68,0.00,M,M
1913-08-10,90,70,T,M,M
1913-08-11,77,53,0.00,M,M
1913-08-12,80,50,0.00,M,M
1913-08-13,77,58,T,M,M
1913-08-14,84,64,T,M,M
1913-08-15,84,60,0.00,M,M
1913-08-16,91,62,0.00,M,M
1913-08-17,89,66,T,M,M
1913-08-18,96,66,0.00,M,M
1913-08-19,82,64,0.00,M,M
1913-08-20,82,50,0.00,M,M
1913-08-21,80,58,0.00,M,M
1913-08-22,75,56,0.12,M,M
1913-08-23,79,65,0.00,M,M
1913-08-24,81,55,0.00,M,M
1913-08-25,77,55,0.00,M,M
1913-08-26,85,47,0.00,M,M
1913-08-27,86,64,T,M,M
1913-08-28,84,58,0.00,M,M
1913-08-29,81,64,0.50,M,M
1913-08-30,82,62,0.00,M,M
1913-08-31,84,57,0.00,M,M
1913-09-01,86,60,T,M,M
1913-09-02,90,62,0.00,M,M
1913-09-03,87,65,0.00,M,M
1913-09-04,78,57,T,M,M
1913-09-05,61,54,0.17,M,M
1913-09-06,78,58,0.00,M,M
1913-09-07,74,63,T,M,M
1913-09-08,85,66,T,M,M
1913-09-09,73,53,0.00,M,M
1913-09-10,70,38,0.00,M,M
1913-09-11,72,45,0.00,M,M
1913-09-12,75,50,0.00,M,M
1913-09-13,72,54,0.04,M,M
1913-09-14,67,42,0.00,M,M
1913-09-15,66,32,0.00,M,M
1913-09-16,70,35,0.00,M,M
1913-09-17,72,54,T,M,M
1913-09-18,74,56,0.19,M,M
1913-09-19,66,54,0.08,M,M
1913-09-20,63,54,0.00,M,M
1913-09-21,72,59,0.32,M,M
1913-09-22,73,60,1.22,M,M
1913-09-23,67,45,0.00,M,M
1913-09-24,69,42,0.00,M,M
1913-09-25,77,45,0.00,M,M
1913-09-26,79,52,0.00,M,M
1913-09-27,71,48,T,M,M
1913-09-28,70,39,0.00,M,M
1913-09-29,75,51,0.00,M,M
1913-09-30,70,46,0.00,M,M
1913-10-01,62,53,0.76,M,M
1913-10-02,58,51,1.42,M,M
1913-10-03,65,51,T,M,M
1913-10-04,72,55,0.00,M,M
1913-10-05,78,47,0.00,M,M
1913-10-06,76,47,0.00,M,M
1913-10-07,70,52,0.00,M,M
1913-10-08,77,60,0.01,M,M
1913-10-09,78,63,0.00,M,M
1913-10-10,80,62,0.00,M,M
1913-10-11,74,64,T,M,M
1913-10-12,66,51,0.87,M,M
1913-10-13,55,40,T,M,M
1913-10-14,59,38,T,M,M
1913-10-15,59,42,0.00,M,M
1913-10-16,62,49,0.00,M,M
1913-10-17,66,52,0.00,M,M
1913-10-18,62,45,T,M,M
1913-10-19,60,48,0.48,M,M
1913-10-20,64,46,0.68,M,M
1913-10-21,63,46,T,M,M
1913-10-22,56,34,0.00,M,M
1913-10-23,58,41,0.00,M,M
1913-10-24,56,48,0.10,M,M
1913-10-25,62,56,0.62,M,M
1913-10-26,58,52,0.18,M,M
1913-10-27,54,42,0.22,M,M
1913-10-28,64,42,0.00,M,M
1913-10-29,58,44,0.00,M,M
1913-10-30,58,40,T,M,M
1913-10-31,58,32,T,T,M
1913-11-01,50,26,0.00,0.0,M
1913-11-02,52,38,0.00,0.0,M
1913-11-03,56,33,T,0.0,M
1913-11-04,56,42,T,0.0,M
1913-11-05,52,31,0.00,0.0,M
1913-11-06,58,26,0.00,0.0,M
1913-11-07,63,29,0.00,0.0,M
1913-11-08,56,42,0.10,0.0,M
1913-11-09,66,50,0.36,0.0,M
1913-11-10,60,36,T,T,M
1913-11-11,39,28,0.00,0.0,M
1913-11-12,43,32,T,T,M
1913-11-13,51,36,T,0.0,M
1913-11-14,48,39,0.16,0.0,M
1913-11-15,42,29,0.00,0.0,M
1913-11-16,37,31,0.36,2.0,2
1913-11-17,45,29,0.00,0.0,T
1913-11-18,54,30,0.00,0.0,T
1913-11-19,58,34,T,0.0,M
1913-11-20,69,55,0.06,0.0,M
1913-11-21,61,39,0.00,0.0,M
1913-11-22,65,48,0.00,0.0,M
1913-11-23,61,45,T,0.0,M
1913-11-24,45,37,0.03,T,M
1913-11-25,43,33,0.00,0.0,M
1913-11-26,47,32,T,T,M
1913-11-27,42,25,0.00,0.0,M
1913-11-28,33,28,0.04,T,T
1913-11-29,40,32,0.42,0.0,M
1913-11-30,42,37,0.00,0.0,M
1913-12-01,42,33,0.00,M,M
1913-12-02,45,32,0.00,M,M
1913-12-03,51,31,0.00,M,M
1913-12-04,45,30,0.00,M,M
1913-12-05,50,43,0.00,M,M
1913-12-06,49,36,0.00,M,M
1913-12-07,52,31,0.45,M,M
1913-12-08,50,M,0.05,1.0,M
1913-12-09,31,21,0.00,M,M
1913-12-10,36,20,0.00,M,M
1913-12-11,36,20,T,T,M
1913-12-12,34,16,0.00,M,M
1913-12-13,46,23,0.00,M,M
1913-12-14,54,25,0.00,M,M
1913-12-15,48,25,0.00,M,M
1913-12-16,41,22,0.00,M,M
1913-12-17,48,30,0.00,M,M
1913-12-18,44,30,0.01,T,M
1913-12-19,35,20,0.00,M,M
1913-12-20,43,16,0.00,M,M
1913-12-21,45,30,0.00,M,M
1913-12-22,39,31,0.00,M,M
1913-12-23,39,22,0.03,M,M
1913-12-24,42,34,0.44,M,M
1913-12-25,38,31,0.00,M,M
1913-12-26,36,27,0.99,6.5,0
1913-12-27,28,11,0.00,M,M
1913-12-28,20,4,0.00,M,M
1913-12-29,24,2,0.00,M,M
1913-12-30,36,7,0.00,M,M
1913-12-31,35,15,0.00,M,M
1914-01-01,30,7,0.00,M,M
1914-01-02,22,-4,0.00,M,M
1914-01-03,35,20,0.00,M,M
1914-01-04,37,M,T,M,M
1914-01-05,35,22,0.00,M,M
1914-01-06,25,8,0.00,M,M
1914-01-07,38,14,0.00,M,M
1914-01-08,38,31,T,M,M
1914-01-09,39,31,0.00,M,M
1914-01-10,43,29,0.00,M,M
1914-01-11,29,15,0.00,M,M
1914-01-12,22,12,T,T,M
1914-01-13,13,-12,0.00,M,M
1914-01-14,-0,-14,0.00,M,M
1914-01-15,23,-3,0.01,0.5,1
1914-01-16,32,16,T,T,M
1914-01-17,31,26,0.23,3.0,5
1914-01-18,26,9,0.00,M,M
1914-01-19,22,-0,0.00,M,M
1914-01-20,29,21,0.04,0.5,M
1914-01-21,35,21,0.24,0.5,M
1914-01-22,22,6,0.00,M,M
1914-01-23,34,2,0.00,M,M
1914-01-24,40,30,0.35,M,M
1914-01-25,40,14,0.33,M,M
1914-01-26,23,8,0.09,1.0,0
1914-01-27,39,9,0.00,M,M
1914-01-28,51,35,0.00,M,M
1914-01-29,45,31,T,M,M
1914-01-30,47,38,0.00,M,M
1914-01-31,40,28,0.76,M,M
1914-02-01,44,32,0.00,0.0,M
1914-02-02,39,26,0.00,0.0,M
1914-02-03,43,23,T,T,M
1914-02-04,41,35,0.00,0.0,M
1914-02-05,35,27,0.00,0.0,M
1914-02-06,29,14,T,0.5,M
1914-02-07,45,27,0.23,0.0,M
1914-02-08,42,23,0.00,0.0,M
1914-02-09,25,11,0.00,0.0,M
1914-02-10,24,16,0.00,0.0,M
1914-02-11,18,2,0.00,0.0,M
1914-02-12,5,-12,0.00,0.0,M
1914-02-13,13,-8,0.00,0.0,M
1914-02-14,27,8,1.42,15.0,M
1914-02-15,22,-1,0.00,0.0,M
1914-02-16,11,-12,0.03,1.5,17
1914-02-17,24,-10,T,T,M
1914-02-18,24,-0,T,T,M
1914-02-19,25,20,0.25,3.5,20
1914-02-20,24,10,0.02,0.8,21
1914-02-21,17,1,0.00,0.0,M
1914-02-22,28,-5,T,T,M
1914-02-23,23,3,0.00,0.0,M
1914-02-24,10,-9,0.00,0.0,M
1914-02-25,24,-13,0.00,0.0,M
1914-02-26,36,-11,0.00,0.0,M
1914-02-27,46,13,0.00,0.0,M
1914-02-28,48,8,0.00,0.0,M
1914-03-01,43,30,0.00,0.0,M
1914-03-02,37,21,1.26,6.0,14
1914-03-03,41,26,0.00,0.0,M
1914-03-04,37,26,T,T,M
1914-03-05,41,23,0.00,0.0,M
1914-03-06,34,27,T,T,M
1914-03-07,41,28,0.32,4.0,16
1914-03-08,41,30,0.00,0.0,M
1914-03-09,35,25,0.00,0.0,M
1914-03-10,34,16,0.00,0.0,M
1914-03-11,31,17,0.00,0.0,M
1914-03-12,32,6,M,0.0,M
1914-03-13,35,4,T,T,M
1914-03-14,42,7,0.00,0.0,M
1914-03-15,46,36,0.00,0.0,10
1914-03-16,50,25,0.00,0.0,M
1914-03-17,50,34,0.20,0.0,M
1914-03-18,43,30,0.43,1.5,8
1914-03-19,34,24,0.00,0.0,M
1914-03-20,29,15,0.00,0.0,M
1914-03-21,32,9,0.00,0.0,M
1914-03-22,38,20,0.00,0.0,M
1914-03-23,41,21,T,T,M
1914-03-24,44,22,T,T,M
1914-03-25,48,21,0.00,0.0,M
1914-03-26,61,39,0.00,0.0,M
1914-03-27,66,45,0.02,0.0,M
1914-03-28,52,36,0.94,0.0,M
1914-03-29,46,36,0.00,M,M
1914-03-30,40,33,0.22,0.0,M
1914-03-31,55,34,0.00,0.0,0
1914-04-01,52,27,0.36,M,M
1914-04-02,47,34,T,T,M
1914-04-03,39,31,0.08,T,M
1914-04-04,43,26,0.00,M,M
1914-04-05,45,29,0.04,0.3,M
1914-04-06,48,24,0.00,M,M
1914-04-07,45,33,0.09,0.3,M
1914-04-08,61,36,0.30,M,M
1914-04-09,59,33,1.23,M,M
1914-04-10,55,30,0.00,M,M
1914-04-11,59,36,0.00,M,M
1914-04-12,53,36,0.04,M,M
1914-04-13,44,26,0.00,M,M
1914-04-14,61,25,0.00,M,M
1914-04-15,57,37,T,M,M
1914-04-16,43,34,0.59,0.3,M
1914-04-17,57,35,0.01,M,M
1914-04-18,72,34,0.00,M,M
1914-04-19,86,56,0.00,M,M
1914-04-20,77,51,1.45,M,M
1914-04-21,51,36,0.05,M,M
1914-04-22,73,38,0.03,M,M
1914-04-23,52,33,0.00,M,M
1914-04-24,62,31,0.00,M,M
1914-04-25,52,40,0.22,M,M
1914-04-26,46,38,0.82,M,M
1914-04-27,57,42,0.00,M,M
1914-04-28,65,47,T,M,M
1914-04-29,60,41,0.28,M,M
1914-04-30,54,39,0.22,M,M
1914-05-01,57,34,0.00,M,M
1914-05-02,63,33,0.00,M,M
1914-05-03,73,39,0.00,M,M
1914-05-04,70,44,T,M,M
1914-05-05,62,52,1.20,M,M
1914-05-06,66,52,0.04,M,M
1914-05-07,73,45,0.02,M,M
1914-05-08,68,49,0.00,M,M
1914-05-09,72,53,0.04,M,M
1914-05-10,76,52,0.00,M,M
1914-05-11,74,50,0.02,M,M
1914-05-12,60,44,1.21,M,M
1914-05-13,48,40,0.00,M,M
1914-05-14,65,44,0.00,M,M
1914-05-15,63,45,0.00,M,M
1914-05-16,69,38,0.00,M,M
1914-05-17,73,43,0.00,M,M
1914-05-18,78,44,0.00,M,M
1914-05-19,83,48,0.00,M,M
1914-05-20,86,49,0.00,M,M
1914-05-21,77,55,0.00,M,M
1914-05-22,84,53,0.00,M,M
1914-05-23,70,58,0.02,M,M
1914-05-24,72,47,0.00,M,M
1914-05-25,77,55,0.10,M,M
1914-05-26,94,65,T,M,M
1914-05-27,91,69,0.07,M,M
1914-05-28,83,62,0.00,M,M
1914-05-29,75,52,0.00,M,M
1914-05-30,79,52,T,M,M
1914-05-31,83,51,0.00,M,M
1914-06-01,81,59,T,M,M
1914-06-02,72,52,0.00,M,M
1914-06-03,76,49,0.00,M,M
1914-06-04,67,55,0.52,M,M
1914-06-05,68,58,0.00,M,M
1914-06-06,73,44,0.00,M,M
1914-06-07,82,48,0.24,M,M
1914-06-08,85,62,0.20,M,M
1914-06-09,74,56,0.00,M,M
1914-06-10,90,58,0.00,M,M
1914-06-11,88,60,0.00,M,M
1914-06-12,90,60,0.00,M,M
1914-06-13,81,57,0.00,M,M
1914-06-14,75,55,0.00,M,M
1914-06-15,74,52,0.08,M,M
1914-06-16,68,52,T,M,M
1914-06-17,77,47,0.00,M,M
1914-06-18,80,50,0.00,M,M
1914-06-19,76,54,0.56,M,M
1914-06-20,67,42,0.00,M,M
1914-06-21,75,45,T,M,M
1914-06-22,76,60,T,M,M
1914-06-23,81,58,0.06,M,M
1914-06-24,90,66,0.00,M,M
1914-06-25,91,67,0.00,M,M
1914-06-26,84,62,0.00,M,M
1914-06-27,80,60,0.42,M,M
1914-06-28,66,60,0.16,M,M
1914-06-29,72,58,0.04,M,M
1914-06-30,70,58,0.00,M,M
1914-07-01,70,49,0.06,M,M
1914-07-02,75,58,0.22,M,M
1914-07-03,69,57,0.00,M,M
1914-07-04,78,57,0.00,M,M
1914-07-05,77,61,0.06,M,M
1914-07-06,78,58,T,M,M
1914-07-07,70,55,1.17,M,M
1914-07-08,83,64,0.00,M,M
1914-07-09,84,65,0.00,M,M
1914-07-10,77,67,0.00,M,M
1914-07-11,85,67,0.30,M,M
1914-07-12,85,62,0.00,M,M
1914-07-13,86,63,0.00,M,M
1914-07-14,78,62,0.12,M,M
1914-07-15,79,60,0.04,M,M
1914-07-16,85,70,0.00,M,M
1914-07-17,90,70,0.13,M,M
1914-07-18,85,69,0.00,M,M
1914-07-19,76,61,0.00,M,M
1914-07-20,80,49,0.00,M,M
1914-07-21,89,56,0.04,M,M
1914-07-22,80,53,0.00,M,M
1914-07-23,69,56,0.27,M,M
1914-07-24,80,61,0.00,M,M
1914-07-25,86,66,0.00,M,M
1914-07-26,88,62,0.00,M,M
1914-07-27,84,60,T,M,M
1914-07-28,70,60,0.16,M,M
1914-07-29,73,56,0.04,M,M
1914-07-30,75,57,0.00,M,M
1914-07-31,79,54,0.00,M,M
1914-08-01,83,54,0.00,M,M
1914-08-02,87,59,0.00,M,M
1914-08-03,79,60,T,M,M
1914-08-04,72,57,0.00,M,M
1914-08-05,79,60,0.00,M,M
1914-08-06,84,63,0.00,M,M
1914-08-07,88,64,T,M,M
1914-08-08,92,65,T,M,M
1914-08-09,93,60,0.00,M,M
1914-08-10,94,70,T,M,M
1914-08-11,88,74,0.48,M,M
1914-08-12,74,62,0.02,M,M
1914-08-13,80,56,0.00,M,M
1914-08-14,81,58,T,M,M
1914-08-15,83,58,0.00,M,M
1914-08-16,83,55,0.00,M,M
1914-08-17,76,66,0.33,M,M
1914-08-18,75,61,0.20,M,M
1914-08-19,86,67,0.06,M,M
1914-08-20,78,66,0.84,M,M
1914-08-21,78,66,1.08,M,M
1914-08-22,82,61,0.00,M,M
1914-08-23,84,57,0.00,M,M
1914-08-24,78,64,T,M,M
1914-08-25,74,50,0.00,M,M
1914-08-26,74,48,0.00,M,M
1914-08-27,78,52,0.00,M,M
1914-08-28,73,64,0.12,M,M
1914-08-29,67,61,0.28,M,M
1914-08-30,78,63,0.00,M,M
1914-08-31,82,56,0.08,M,M
1914-09-01,86,60,0.00,M,M
1914-09-02,91,70,0.10,M,M
1914-09-03,82,67,0.03,M,M
1914-09-04,73,54,0.00,M,M
1914-09-05,74,53,0.00,M,M
1914-09-06,74,49,T,M,M
1914-09-07,79,61,0.00,M,M
1914-09-08,65,51,0.00,M,M
1914-09-09,64,42,0.00,M,M
1914-09-10,70,39,0.00,M,M
1914-09-11,65,40,0.00,M,M
1914-09-12,71,43,0.00,M,M
1914-09-13,74,42,0.00,M,M
1914-09-14,76,43,0.00,M,M
1914-09-15,79,42,0.00,M,M
1914-09-16,83,43,0.00,M,M
1914-09-17,85,46,0.00,M,M
1914-09-18,87,49,0.00,M,M
1914-09-19,78,57,0.00,M,M
1914-09-20,86,47,0.00,M,M
1914-09-21,93,57,0.00,M,M
1914-09-22,95,54,0.00,M,M
1914-09-23,93,59,0.00,M,M
1914-09-24,82,59,T,M,M
1914-09-25,68,53,0.12,M,M
1914-09-26,62,43,0.00,M,M
1914-09-27,65,45,T,M,M
1914-09-28,62,37,0.00,M,M
1914-09-29,61,30,0.00,M,M
1914-09-30,66,48,0.02,M,M
1914-10-01,64,48,T,M,M
1914-10-02,72,38,0.00,M,M
1914-10-03,79,39,0.00,M,M
1914-10-04,79,43,0.00,M,M
1914-10-05,84,51,0.00,M,M
1914-10-06,73,51,0.00,M,M
1914-10-07,61,48,0.00,M,M
1914-10-08,72,49,T,M,M
1914-10-09,77,51,0.00,M,M
1914-10-10,77,61,0.00,M,M
1914-10-11,84,65,0.00,M,M
1914-10-12,74,48,0.00,M,M
1914-10-13,63,45,0.00,M,M
1914-10-14,55,35,T,M,M
1914-10-15,63,48,T,M,M
1914-10-16,62,57,0.60,M,M
1914-10-17,70,57,0.16,M,M
1914-10-18,71,47,0.00,M,M
1914-10-19,64,52,0.68,M,M
1914-10-20,69,49,0.00,M,M
1914-10-21,75,43,0.00,M,M
1914-10-22,71,55,0.00,M,M
1914-10-23,58,33,0.00,M,M
1914-10-24,55,45,T,M,M
1914-10-25,56,33,0.00,M,M
1914-10-26,63,37,T,M,M
1914-10-27,55,31,0.00,M,M
1914-10-28,54,26,0.00,M,M
1914-10-29,52,38,0.00,M,M
1914-10-30,54,40,0.06,M,M
1914-10-31,56,33,0.00,M,M
1914-11-01,70,33,0.00,0.0,M
1914-11-02,64,48,0.04,0.0,M
1914-11-03,55,35,T,0.0,M
1914-11-04,74,42,0.00,0.0,M
1914-11-05,62,38,T,0.0,M
1914-11-06,48,37,0.00,0.0,M
1914-11-07,50,31,T,0.0,M
1914-11-08,50,37,0.26,0.0,M
1914-11-09,39,31,0.00,0.0,M
1914-11-10,41,22,0.00,0.0,M
1914-11-11,55,27,T,T,M
1914-11-12,49,32,0.00,0.0,M
1914-11-13,61,29,0.02,0.0,M
1914-11-14,54,35,0.00,0.0,M
1914-11-15,42,26,1.20,0.0,M
1914-11-16,59,41,0.08,0.0,M
1914-11-17,42,29,T,T,M
1914-11-18,29,18,0.00,0.0,M
1914-11-19,31,21,0.32,4.0,4
1914-11-20,35,27,0.64,8.0,12
1914-11-21,37,19,0.00,0.0,10
1914-11-22,38,21,T,T,6
1914-11-23,30,12,T,T,6
1914-11-24,30,6,0.00,0.0,6
1914-11-25,45,29,0.00,0.0,4
1914-11-26,53,31,0.00,0.0,2
1914-11-27,52,42,T,0.0,T
1914-11-28,43,21,0.00,0.0,T
1914-11-29,47,19,0.00,0.0,T
1914-11-30,50,34,0.00,0.0,T
1914-12-01,47,42,0.00,0.0,M
1914-12-02,M,M,0.00,0.0,M
1914-12-03,56,41,0.00,0.0,M
1914-12-04,M,33,0.00,0.0,M
1914-12-05,38,28,0.00,0.0,M
1914-12-06,36,27,0.00,0.0,M
1914-12-07,35,29,T,T,M
1914-12-08,36,30,0.43,T,M
1914-12-09,36,26,0.00,0.0,M
1914-12-10,36,M,0.01,T,M
1914-12-11,35,M,0.00,0.0,M
1914-12-12,M,M,T,T,T
1914-12-13,33,M,0.90,0.0,M
1914-12-14,40,23,0.00,0.0,M
1914-12-15,25,11,0.00,0.0,M
1914-12-16,27,14,0.00,0.0,M
1914-12-17,27,10,0.00,0.0,M
1914-12-18,20,6,0.00,0.0,M
1914-12-19,35,15,0.00,0.0,M
1914-12-20,41,26,0.07,T,T
1914-12-21,35,23,0.80,7.0,T
1914-12-22,39,13,0.00,0.0,M
1914-12-23,26,2,0.00,0.0,M
1914-12-24,22,-2,T,T,M
1914-12-25,23,7,0.00,0.0,M
1914-12-26,7,M,0.00,0.0,M
1914-12-27,21,-18,0.00,0.0,M
1914-12-28,31,2,0.00,0.0,M
1914-12-29,33,7,0.12,0.0,M
1914-12-30,45,32,0.00,0.0,M
1914-12-31,39,19,0.00,0.0,3
1915-01-01,27,6,0.00,0.0,M
1915-01-02,29,17,0.01,0.5,4
1915-01-03,30,17,0.00,0.0,M
1915-01-04,22,9,0.00,0.0,M
1915-01-05,36,4,0.00,0.0,M
1915-01-06,43,27,T,0.0,M
1915-01-07,56,37,0.78,0.0,0
1915-01-08,39,27,0.00,0.0,M
1915-01-09,33,30,0.00,0.0,M
1915-01-10,33,21,0.00,0.0,M
1915-01-11,33,15,0.00,0.0,M
1915-01-12,35,31,1.12,3.5,M
1915-01-13,35,29,0.26,0.0,1
1915-01-14,39,26,0.00,0.0,M
1915-01-15,38,33,0.00,0.0,M
1915-01-16,43,32,0.00,0.0,M
1915-01-17,41,30,0.17,0.0,M
1915-01-18,41,36,0.57,0.0,M
1915-01-19,50,34,0.09,0.0,M
1915-01-20,38,29,0.00,0.0,M
1915-01-21,34,23,0.00,0.0,M
1915-01-22,27,16,0.00,0.0,M
1915-01-23,41,16,0.30,3.0,0
1915-01-24,43,22,0.47,0.0,M
1915-01-25,33,23,T,1.0,M
1915-01-26,36,29,0.00,0.0,M
1915-01-27,32,22,T,T,M
1915-01-28,36,28,0.02,T,1
1915-01-29,31,12,0.00,0.0,M
1915-01-30,19,2,0.00,0.0,M
1915-01-31,24,11,0.10,1.5,2
1915-02-01,34,20,0.22,M,M
1915-02-02,20,9,0.00,M,M
1915-02-03,21,12,0.95,4.0,M
1915-02-04,22,12,0.00,M,M
1915-02-05,34,7,0.00,M,M
1915-02-06,45,32,0.34,M,M
1915-02-07,46,28,0.00,M,M
1915-02-08,37,29,0.00,M,M
1915-02-09,29,18,0.00,M,M
1915-02-10,22,9,0.00,M,M
1915-02-11,39,12,0.00,M,M
1915-02-12,42,36,0.00,M,M
1915-02-13,37,20,0.00,M,M
1915-02-14,39,24,0.00,M,M
1915-02-15,47,37,0.56,M,0
1915-02-16,46,34,0.04,M,M
1915-02-17,36,29,0.00,M,M
1915-02-18,31,18,0.00,M,M
1915-02-19,36,17,0.00,M,M
1915-02-20,44,21,0.00,M,M
1915-02-21,49,20,0.00,M,M
1915-02-22,51,21,0.00,M,M
1915-02-23,52,34,0.00,M,M
1915-02-24,52,40,0.00,M,M
1915-02-25,52,36,1.98,M,M
1915-02-26,39,23,0.01,T,M
1915-02-27,26,16,0.00,M,M
1915-02-28,30,20,0.00,M,M
1915-03-01,M,17,0.00,0.0,M
1915-03-02,43,29,0.00,0.0,M
1915-03-03,37,18,0.00,0.0,M
1915-03-04,34,14,0.00,0.0,M
1915-03-05,42,15,0.00,0.0,M
1915-03-06,42,27,0.00,0.0,M
1915-03-07,48,31,0.01,T,M
1915-03-08,41,26,0.00,0.0,M
1915-03-09,41,19,0.00,0.0,M
1915-03-10,43,26,0.00,0.0,M
1915-03-11,44,31,0.00,0.0,M
1915-03-12,38,21,0.00,0.0,M
1915-03-13,49,21,0.00,0.0,M
1915-03-14,47,25,0.00,0.0,M
1915-03-15,45,20,0.00,0.0,M
1915-03-16,46,21,0.00,0.0,M
1915-03-17,38,21,0.00,0.0,M
1915-03-18,46,24,0.00,0.0,M
1915-03-19,50,21,0.00,0.0,M
1915-03-20,47,21,0.00,0.0,M
1915-03-21,44,33,0.00,0.0,M
1915-03-22,49,31,0.05,T,M
1915-03-23,54,31,0.00,0.0,M
1915-03-24,60,31,0.00,0.0,M
1915-03-25,52,25,0.00,0.0,M
1915-03-26,38,17,0.00,0.0,M
1915-03-27,M,M,0.00,0.0,M
1915-03-28,49,25,0.00,0.0,M
1915-03-29,39,25,T,T,M
1915-03-30,34,18,0.01,0.5,M
1915-03-31,44,25,0.00,0.0,M
1915-04-01,48,32,T,T,M
1915-04-02,49,32,0.00,M,M
1915-04-03,40,28,0.18,2.0,2
1915-04-04,50,29,0.00,M,T
1915-04-05,50,26,0.15,M,T
1915-04-06,54,37,0.00,M,T
1915-04-07,52,42,T,M,M
1915-04-08,64,31,0.00,M,M
1915-04-09,70,40,0.00,M,M
1915-04-10,73,51,0.58,M,M
1915-04-11,68,57,0.15,M,M
1915-04-12,65,50,0.00,M,M
1915-04-13,51,37,0.00,M,M
1915-04-14,59,31,0.00,M,M
1915-04-15,64,31,0.00,M,M
1915-04-16,68,33,0.00,M,M
1915-04-17,60,44,0.00,M,M
1915-04-18,70,35,0.00,M,M
1915-04-19,79,48,0.00,M,M
1915-04-20,71,52,0.00,M,M
1915-04-21,60,37,0.00,M,M
1915-04-22,61,32,T,M,M
1915-04-23,72,47,T,M,M
1915-04-24,79,50,0.00,M,M
1915-04-25,89,52,T,M,M
1915-04-26,87,52,0.00,M,M
1915-04-27,90,57,0.00,M,M
1915-04-28,80,53,T,M,M
1915-04-29,76,47,0.28,M,M
1915-04-30,60,51,0.14,M,M
1915-05-01,52,45,0.08,M,M
1915-05-02,62,41,0.00,M,M
1915-05-03,58,41,0.01,M,M
1915-05-04,61,40,T,M,M
1915-05-05,56,45,0.16,M,M
1915-05-06,70,48,0.00,M,M
1915-05-07,68,42,0.02,M,M
1915-05-08,76,55,0.54,M,M
1915-05-09,66,52,0.00,M,M
1915-05-10,67,42,0.00,M,M
1915-05-11,73,48,0.00,M,M
1915-05-12,76,47,0.00,M,M
1915-05-13,71,54,0.06,M,M
1915-05-14,68,41,0.00,M,M
1915-05-15,60,38,0.00,M,M
1915-05-16,54,38,T,M,M
1915-05-17,54,44,0.08,M,M
1915-05-18,60,42,0.00,M,M
1915-05-19,61,39,0.00,M,M
1915-05-20,69,38,0.00,M,M
1915-05-21,63,51,0.48,M,M
1915-05-22,74,50,T,M,M
1915-05-23,68,52,0.00,M,M
1915-05-24,61,43,0.06,M,M
1915-05-25,75,44,0.00,M,M
1915-05-26,66,47,0.18,M,M
1915-05-27,62,36,0.00,M,M
1915-05-28,70,47,0.00,M,M
1915-05-29,68,44,0.00,M,M
1915-05-30,67,39,0.00,M,M
1915-05-31,78,40,0.00,M,M
1915-06-01,81,46,0.00,M,M
1915-06-02,76,52,0.00,M,M
1915-06-03,72,40,0.00,M,M
1915-06-04,79,41,0.00,M,M
1915-06-05,81,46,0.00,M,M
1915-06-06,80,52,0.01,M,M
1915-06-07,84,64,T,M,M
1915-06-08,76,58,0.14,M,M
1915-06-09,77,51,T,M,M
1915-06-10,72,52,T,M,M
1915-06-11,77,M,0.00,M,M
1915-06-12,80,62,0.00,M,M
1915-06-13,82,50,T,M,M
1915-06-14,88,64,T,M,M
1915-06-15,78,58,0.62,M,M
1915-06-16,79,61,T,M,M
1915-06-17,78,66,0.10,M,M
1915-06-18,85,69,0.00,M,M
1915-06-19,79,63,0.40,M,M
1915-06-20,72,61,0.10,M,M
1915-06-21,75,52,0.00,M,M
1915-06-22,70,52,0.24,M,M
1915-06-23,66,55,0.56,M,M
1915-06-24,68,54,0.00,M,M
1915-06-25,74,52,0.16,M,M
1915-06-26,76,55,0.05,M,M
1915-06-27,78,57,T,M,M
1915-06-28,82,49,0.00,M,M
1915-06-29,84,57,0.00,M,M
1915-06-30,74,65,0.04,M,M
1915-07-01,74,64,1.26,M,M
1915-07-02,72,62,0.40,M,M
1915-07-03,80,60,0.36,M,M
1915-07-04,81,63,0.00,M,M
1915-07-05,78,68,0.46,M,M
1915-07-06,73,59,0.00,M,M
1915-07-07,75,53,0.02,M,M
1915-07-08,67,58,2.48,M,M
1915-07-09,77,58,0.00,M,M
1915-07-10,82,54,0.00,M,M
1915-07-11,80,59,0.28,M,M
1915-07-12,71,58,0.38,M,M
1915-07-13,84,58,T,M,M
1915-07-14,86,62,0.00,M,M
1915-07-15,84,63,0.00,M,M
1915-07-16,82,62,T,M,M
1915-07-17,87,71,0.02,M,M
1915-07-18,81,65,0.00,M,M
1915-07-19,82,65,0.28,M,M
1915-07-20,75,62,0.00,M,M
1915-07-21,72,60,0.06,M,M
1915-07-22,77,57,0.02,M,M
1915-07-23,79,66,0.00,M,M
1915-07-24,82,60,0.00,M,M
1915-07-25,84,59,0.00,M,M
1915-07-26,75,61,0.58,M,M
1915-07-27,81,60,0.12,M,M
1915-07-28,82,56,0.16,M,M
1915-07-29,85,68,0.06,M,M
1915-07-30,87,63,0.00,M,M
1915-07-31,90,71,0.00,M,M
1915-08-01,87,69,T,M,M
1915-08-02,86,71,0.05,M,M
1915-08-03,76,57,0.40,M,M
1915-08-04,61,56,1.96,M,M
1915-08-05,72,56,0.00,M,M
1915-08-06,67,59,0.22,M,M
1915-08-07,78,60,T,M,M
1915-08-08,80,63,0.08,M,M
1915-08-09,78,63,0.08,M,M
1915-08-10,81,60,0.02,M,M
1915-08-11,83,58,0.00,M,M
1915-08-12,77,60,0.23,M,M
1915-08-13,86,68,0.00,M,M
1915-08-14,83,65,0.00,M,M
1915-08-15,83,63,0.02,M,M
1915-08-16,85,64,T,M,M
1915-08-17,74,63,T,M,M
1915-08-18,70,50,0.00,M,M
1915-08-19,76,51,0.00,M,M
1915-08-20,78,52,0.00,M,M
1915-08-21,75,60,T,M,M
1915-08-22,77,66,1.06,M,M
1915-08-23,79,65,T,M,M
1915-08-24,82,59,0.00,M,M
1915-08-25,76,66,0.04,M,M
1915-08-26,74,58,0.00,M,M
1915-08-27,66,46,0.00,M,M
1915-08-28,67,45,T,M,M
1915-08-29,62,52,0.24,M,M
1915-08-30,66,58,0.21,M,M
1915-08-31,66,53,0.00,M,M
1915-09-01,73,46,0.00,M,M
1915-09-02,76,50,0.00,M,M
1915-09-03,86,54,0.00,M,M
1915-09-04,81,61,0.00,M,M
1915-09-05,79,64,T,M,M
1915-09-06,78,65,T,M,M
1915-09-07,81,66,0.02,M,M
1915-09-08,83,67,0.54,M,M
1915-09-09,90,68,0.02,M,M
1915-09-10,85,65,0.00,M,M
1915-09-11,84,67,0.00,M,M
1915-09-12,80,60,0.00,M,M
1915-09-13,81,60,0.52,M,M
1915-09-14,90,71,0.00,M,M
1915-09-15,91,72,0.00,M,M
1915-09-16,88,69,0.00,M,M
1915-09-17,87,66,0.04,M,M
1915-09-18,78,58,0.00,M,M
1915-09-19,76,60,0.06,M,M
1915-09-20,76,55,0.00,M,M
1915-09-21,70,58,1.15,M,M
1915-09-22,61,47,0.00,M,M
1915-09-23,66,40,0.00,M,M
1915-09-24,65,50,0.04,M,M
1915-09-25,64,50,0.00,M,M
1915-09-26,70,48,0.02,M,M
1915-09-27,69,43,0.00,M,M
1915-09-28,62,39,0.00,M,M
1915-09-29,64,44,0.00,M,M
1915-09-30,68,40,0.00,M,M
1915-10-01,57,42,0.02,M,M
1915-10-02,54,45,0.44,M,M
1915-10-03,56,48,T,M,M
1915-10-04,65,41,0.00,M,M
1915-10-05,65,56,0.22,M,M
1915-10-06,61,48,0.00,M,M
1915-10-07,60,48,0.00,M,M
1915-10-08,63,48,0.35,M,M
1915-10-09,56,38,0.00,M,M
1915-10-10,56,39,0.00,M,M
1915-10-11,61,30,0.00,M,M
1915-10-12,70,46,0.00,M,M
1915-10-13,74,44,0.00,M,M
1915-10-14,73,57,0.00,M,M
1915-10-15,68,56,0.16,M,M
1915-10-16,62,51,T,M,M
1915-10-17,67,40,0.00,M,M
1915-10-18,70,42,0.00,M,M
1915-10-19,65,54,0.00,M,M
1915-10-20,64,59,0.15,M,M
1915-10-21,76,54,0.00,M,M
1915-10-22,63,48,0.00,M,M
1915-10-23,52,36,0.00,M,M
1915-10-24,49,34,0.00,M,M
1915-10-25,54,27,0.00,M,M
1915-10-26,57,43,0.52,M,M
1915-10-27,62,48,0.00,M,M
1915-10-28,59,35,0.00,M,M
1915-10-29,64,48,T,M,M
1915-10-30,60,45,T,M,M
1915-10-31,60,40,0.00,M,M
1915-11-01,69,48,T,M,M
1915-11-02,63,46,0.01,M,M
1915-11-03,49,38,0.05,T,M
1915-11-04,46,30,0.06,M,M
1915-11-05,44,38,T,M,M
1915-11-06,48,36,T,M,M
1915-11-07,48,27,0.00,M,M
1915-11-08,52,27,0.00,M,M
1915-11-09,57,46,0.10,M,M
1915-11-10,52,35,0.00,M,M
1915-11-11,47,29,0.00,M,M
1915-11-12,55,38,0.06,M,M
1915-11-13,55,33,0.00,M,M
1915-11-14,44,27,0.00,M,M
1915-11-15,46,42,0.50,M,M
1915-11-16,44,34,T,T,M
1915-11-17,41,26,T,T,M
1915-11-18,44,22,0.00,M,M
1915-11-19,55,28,0.74,M,M
1915-11-20,57,40,T,M,M
1915-11-21,47,37,T,M,M
1915-11-22,43,32,0.00,M,M
1915-11-23,39,26,0.00,M,M
1915-11-24,43,30,T,T,M
1915-11-25,45,22,0.00,M,M
1915-11-26,48,24,0.00,M,M
1915-11-27,47,34,T,M,M
1915-11-28,54,35,0.00,M,M
1915-11-29,47,36,0.32,M,M
1915-11-30,41,32,0.00,M,M
1915-12-01,39,21,0.00,0.0,M
1915-12-02,34,27,T,T,M
1915-12-03,36,27,T,0.0,M
1915-12-04,33,19,T,T,T
1915-12-05,33,24,0.00,0.0,M
1915-12-06,32,25,T,T,T
1915-12-07,31,28,T,T,M
1915-12-08,33,24,T,T,T
1915-12-09,37,27,T,T,0
1915-12-10,27,17,T,T,M
1915-12-11,27,15,0.00,0.0,M
1915-12-12,32,10,0.00,0.0,M
1915-12-13,31,18,M,15.0,15
1915-12-14,33,25,2.40,13.0,24
1915-12-15,28,19,T,T,24
1915-12-16,31,16,0.00,0.0,18
1915-12-17,34,14,0.10,0.0,16
1915-12-18,39,33,1.44,T,10
1915-12-19,39,32,T,T,6
1915-12-20,33,24,0.00,0.0,6
1915-12-21,33,19,0.00,0.0,6
1915-12-22,31,10,0.00,0.0,6
1915-12-23,M,M,0.06,0.0,6
1915-12-24,40,33,0.00,0.0,M
1915-12-25,44,32,0.00,0.0,M
1915-12-26,49,26,1.53,3.0,5
1915-12-27,37,26,0.00,0.0,M
1915-12-28,36,33,0.13,T,5
1915-12-29,33,21,0.80,6.0,11
1915-12-30,25,16,0.00,0.0,M
1915-12-31,21,-0,0.00,0.0,16
1916-01-01,36,7,T,0.0,11
1916-01-02,34,29,0.37,0.0,11
1916-01-03,39,27,T,T,10
1916-01-04,29,16,0.00,0.0,M
1916-01-05,42,29,0.00,0.0,9
1916-01-06,42,20,0.00,0.0,M
1916-01-07,24,8,0.00,0.0,M
1916-01-08,15,3,0.00,0.0,M
1916-01-09,17,-1,0.00,0.0,M
1916-01-10,36,16,0.34,3.0,M
1916-01-11,40,32,0.00,0.0,M
1916-01-12,33,20,0.04,0.0,M
1916-01-13,41,23,0.11,0.0,M
1916-01-14,34,8,0.00,0.0,M
1916-01-15,20,-1,0.00,0.0,8
1916-01-16,31,20,0.00,0.0,M
1916-01-17,29,10,T,0.5,M
1916-01-18,20,6,0.00,0.0,M
1916-01-19,27,7,0.00,0.0,M
1916-01-20,34,21,T,T,M
1916-01-21,48,34,0.00,0.0,M
1916-01-22,51,40,T,0.0,M
1916-01-23,51,32,0.00,0.0,M
1916-01-24,41,21,0.00,0.0,0
1916-01-25,50,34,0.00,0.0,M
1916-01-26,53,37,0.00,0.0,M
1916-01-27,59,41,0.00,0.0,M
1916-01-28,59,34,0.00,0.0,M
1916-01-29,34,18,0.00,0.0,M
1916-01-30,36,M,0.03,0.5,M
1916-01-31,55,34,0.00,0.0,M
1916-02-01,56,36,0.12,0.0,M
1916-02-02,36,21,0.43,5.5,6
1916-02-03,30,18,0.00,0.0,M
1916-02-04,28,9,0.00,0.0,M
1916-02-05,33,10,0.00,0.0,M
1916-02-06,42,26,0.01,0.0,3
1916-02-07,42,20,0.00,0.0,M
1916-02-08,23,14,0.00,0.0,2
1916-02-09,33,19,0.13,1.5,4
1916-02-10,34,18,0.00,0.0,M
1916-02-11,22,12,0.20,3.0,M
1916-02-12,18,14,0.00,0.0,M
1916-02-13,15,11,0.58,7.0,9
1916-02-14,10,-7,0.00,0.0,M
1916-02-15,20,-14,0.00,0.0,9
1916-02-16,40,9,T,T,M
1916-02-17,M,M,0.00,0.0,M
1916-02-18,37,M,T,T,M
1916-02-19,15,4,T,T,M
1916-02-20,16,-2,0.00,0.0,M
1916-02-21,15,-5,0.00,0.0,M
1916-02-22,30,-0,0.00,0.0,M
1916-02-23,32,21,T,T,M
1916-02-24,33,11,0.00,0.0,M
1916-02-25,40,32,0.00,0.0,M
1916-02-26,38,28,2.04,0.0,M
1916-02-27,28,16,T,T,M
1916-02-28,21,8,0.00,0.0,M
1916-02-29,29,11,0.00,0.0,4
1916-03-01,29,11,0.00,0.0,M
1916-03-02,26,14,0.20,3.5,M
1916-03-03,25,9,0.00,0.0,M
1916-03-04,21,13,0.00,0.0,M
1916-03-05,23,13,T,T,M
1916-03-06,23,7,0.00,0.0,M
1916-03-07,39,18,0.72,6.0,M
1916-03-08,33,24,0.43,7.0,M
1916-03-09,31,13,0.00,0.0,M
1916-03-10,45,11,0.10,0.5,M
1916-03-11,30,18,0.00,0.0,M
1916-03-12,35,3,0.00,0.0,M
1916-03-13,41,27,0.06,1.0,M
1916-03-14,36,25,0.00,0.0,M
1916-03-15,31,9,M,12.0,M
1916-03-16,23,8,1.10,2.0,M
1916-03-17,22,-2,0.00,0.0,M
1916-03-18,19,-6,0.40,4.0,M
1916-03-19,31,4,0.00,0.0,M
1916-03-20,32,14,0.00,0.0,M
1916-03-21,40,17,T,1.0,M
1916-03-22,32,22,0.00,0.0,M
1916-03-23,32,13,0.37,4.0,M
1916-03-24,40,11,0.00,0.0,M
1916-03-25,48,20,0.00,0.0,M
1916-03-26,52,19,0.00,0.0,M
1916-03-27,56,28,0.00,0.0,M
1916-03-28,58,30,0.00,0.0,M
1916-03-29,50,35,0.00,0.0,M
1916-03-30,59,35,0.00,0.0,M
1916-03-31,58,29,0.00,0.0,0
1916-04-01,62,33,0.00,M,M
1916-04-02,58,37,T,M,M
1916-04-03,54,30,0.00,M,M
1916-04-04,44,35,T,M,M
1916-04-05,56,33,0.08,M,M
1916-04-06,59,29,0.00,M,M
1916-04-07,48,32,0.19,T,M
1916-04-08,43,29,0.00,M,M
1916-04-09,42,31,0.48,3.0,M
1916-04-10,50,31,0.00,M,M
1916-04-11,62,30,0.00,M,M
1916-04-12,57,42,0.15,M,M
1916-04-13,49,39,T,M,M
1916-04-14,46,39,0.66,M,M
1916-04-15,57,35,0.00,M,M
1916-04-16,68,33,0.00,M,M
1916-04-17,62,46,0.16,M,M
1916-04-18,48,41,T,M,M
1916-04-19,56,35,0.00,M,M
1916-04-20,63,40,T,T,M
1916-04-21,67,42,0.06,M,M
1916-04-22,56,38,0.54,M,M
1916-04-23,48,40,0.16,M,M
1916-04-24,55,44,T,M,M
1916-04-25,61,43,0.00,M,M
1916-04-26,61,42,T,M,M
1916-04-27,54,45,0.08,M,M
1916-04-28,52,42,0.18,M,M
1916-04-29,71,38,0.00,M,M
1916-04-30,75,42,0.00,M,M
1916-05-01,76,46,0.00,M,M
1916-05-02,64,53,T,M,M
1916-05-03,62,40,T,M,M
1916-05-04,65,47,0.08,M,M
1916-05-05,67,45,T,M,M
1916-05-06,72,54,T,M,M
1916-05-07,72,51,0.26,M,M
1916-05-08,76,46,T,M,M
1916-05-09,66,49,0.00,M,M
1916-05-10,68,37,0.00,M,M
1916-05-11,76,56,0.00,M,M
1916-05-12,69,46,0.00,M,M
1916-05-13,72,45,0.00,M,M
1916-05-14,67,40,T,M,M
1916-05-15,59,47,0.06,M,M
1916-05-16,64,52,0.04,M,M
1916-05-17,58,46,1.24,M,M
1916-05-18,51,42,0.16,M,M
1916-05-19,65,40,T,M,M
1916-05-20,63,42,0.00,M,M
1916-05-21,73,40,0.00,M,M
1916-05-22,72,47,T,M,M
1916-05-23,60,47,0.40,M,M
1916-05-24,74,54,0.00,M,M
1916-05-25,82,57,0.00,M,M
1916-05-26,74,54,0.00,M,M
1916-05-27,76,60,0.02,M,M
1916-05-28,70,55,0.10,M,M
1916-05-29,81,61,0.00,M,M
1916-05-30,80,64,0.02,M,M
1916-05-31,70,58,0.00,M,M
1916-06-01,76,44,0.00,M,M
1916-06-02,81,45,0.00,M,M
1916-06-03,70,54,0.16,M,M
1916-06-04,75,52,0.00,M,M
1916-06-05,74,52,0.34,M,M
1916-06-06,73,52,0.00,M,M
1916-06-07,65,53,0.12,M,M
1916-06-08,60,56,0.10,M,M
1916-06-09,58,55,0.01,M,M
1916-06-10,61,50,T,M,M
1916-06-11,59,52,0.08,M,M
1916-06-12,70,52,0.26,M,M
1916-06-13,77,54,0.00,M,M
1916-06-14,75,54,T,M,M
1916-06-15,67,56,T,M,M
1916-06-16,66,54,0.42,M,M
1916-06-17,77,61,0.98,M,M
1916-06-18,80,59,0.06,M,M
1916-06-19,67,54,0.30,M,M
1916-06-20,65,52,T,M,M
1916-06-21,64,45,0.12,M,M
1916-06-22,68,51,T,M,M
1916-06-23,71,51,0.00,M,M
1916-06-24,74,51,T,M,M
1916-06-25,70,61,0.26,M,M
1916-06-26,80,56,0.00,M,M
1916-06-27,80,64,0.00,M,M
1916-06-28,80,64,0.06,M,M
1916-06-29,76,58,0.00,M,M
1916-06-30,78,56,0.00,M,M
1916-07-01,83,53,0.00,M,M
1916-07-02,86,58,T,M,M
1916-07-03,78,62,1.94,M,M
1916-07-04,68,59,0.12,M,M
1916-07-05,70,57,0.03,M,M
1916-07-06,83,53,0.00,M,M
1916-07-07,86,60,0.00,M,M
1916-07-08,87,64,T,M,M
1916-07-09,76,64,0.18,M,M
1916-07-10,79,65,T,M,M
1916-07-11,85,69,T,M,M
1916-07-12,91,74,T,M,M
1916-07-13,82,71,1.12,M,M
1916-07-14,82,69,T,M,M
1916-07-15,79,64,0.00,M,M
1916-07-16,83,61,0.00,M,M
1916-07-17,76,69,0.50,M,M
1916-07-18,85,71,0.00,M,M
1916-07-19,85,64,0.00,M,M
1916-07-20,88,65,0.00,M,M
1916-07-21,85,69,0.66,M,M
1916-07-22,82,71,T,M,M
1916-07-23,87,68,0.06,M,M
1916-07-24,86,70,0.00,M,M
1916-07-25,79,71,0.02,M,M
1916-07-26,78,65,1.06,M,M
1916-07-27,87,74,0.00,M,M
1916-07-28,79,64,0.14,M,M
1916-07-29,78,60,0.00,M,M
1916-07-30,82,65,0.00,M,M
1916-07-31,92,71,T,M,M
1916-08-01,81,62,0.00,M,M
1916-08-02,81,54,0.00,M,M
1916-08-03,76,60,0.00,M,M
1916-08-04,84,67,0.00,M,M
1916-08-05,86,70,0.00,M,M
1916-08-06,85,71,0.00,M,M
1916-08-07,91,70,0.00,M,M
1916-08-08,92,73,1.14,M,M
1916-08-09,82,68,0.00,M,M
1916-08-10,68,60,1.35,M,M
1916-08-11,76,58,0.28,M,M
1916-08-12,82,64,0.00,M,M
1916-08-13,74,55,0.05,M,M
1916-08-14,76,50,0.00,M,M
1916-08-15,81,51,0.00,M,M
1916-08-16,83,55,0.00,M,M
1916-08-17,89,65,0.00,M,M
1916-08-18,87,62,0.00,M,M
1916-08-19,88,65,0.00,M,M
1916-08-20,90,64,0.00,M,M
1916-08-21,92,64,0.00,M,M
1916-08-22,91,67,0.00,M,M
1916-08-23,90,68,1.06,M,M
1916-08-24,74,64,0.00,M,M
1916-08-25,81,53,0.00,M,M
1916-08-26,81,57,0.28,M,M
1916-08-27,82,64,0.32,M,M
1916-08-28,66,56,0.20,M,M
1916-08-29,74,48,0.00,M,M
1916-08-30,78,54,0.02,M,M
1916-08-31,79,56,0.00,M,M
1916-09-01,78,56,0.00,M,M
1916-09-02,75,60,0.06,M,M
1916-09-03,71,44,0.00,M,M
1916-09-04,76,50,0.00,M,M
1916-09-05,72,60,0.04,M,M
1916-09-06,76,59,0.02,M,M
1916-09-07,83,68,0.00,M,M
1916-09-08,88,70,0.04,M,M
1916-09-09,75,59,0.00,M,M
1916-09-10,80,46,0.00,M,M
1916-09-11,75,52,0.00,M,M
1916-09-12,76,48,0.00,M,M
1916-09-13,78,50,0.00,M,M
1916-09-14,86,56,0.00,M,M
1916-09-15,79,68,1.90,M,M
1916-09-16,68,55,0.00,M,M
1916-09-17,68,42,0.00,M,M
1916-09-18,68,54,0.12,M,M
1916-09-19,63,46,0.00,M,M
1916-09-20,74,41,0.00,M,M
1916-09-21,73,46,0.00,M,M
1916-09-22,74,48,0.00,M,M
1916-09-23,76,58,0.48,M,M
1916-09-24,62,47,0.00,M,M
1916-09-25,64,48,0.02,M,M
1916-09-26,70,42,0.00,M,M
1916-09-27,81,58,T,M,M
1916-09-28,80,61,0.00,M,M
1916-09-29,78,54,1.30,M,M
1916-09-30,55,43,0.00,M,M
1916-10-01,62,36,0.00,M,M
1916-10-02,67,36,0.00,M,M
1916-10-03,67,37,0.00,M,M
1916-10-04,71,46,0.00,M,M
1916-10-05,76,42,0.00,M,M
1916-10-06,78,52,0.00,M,M
1916-10-07,70,47,0.00,M,M
1916-10-08,80,44,0.00,M,M
1916-10-09,76,54,T,M,M
1916-10-10,54,33,0.00,M,M
1916-10-11,57,35,0.00,M,M
1916-10-12,65,38,0.00,M,M
1916-10-13,59,51,0.06,M,M
1916-10-14,58,38,0.00,M,M
1916-10-15,58,33,0.00,M,M
1916-10-16,65,50,0.00,M,M
1916-10-17,60,44,0.06,M,M
1916-10-18,51,31,0.00,M,M
1916-10-19,50,38,1.78,M,M
1916-10-20,75,50,0.00,M,M
1916-10-21,70,50,0.00,M,M
1916-10-22,56,38,0.00,M,M
1916-10-23,55,30,0.00,M,M
1916-10-24,54,30,0.00,M,M
1916-10-25,62,34,0.00,M,M
1916-10-26,58,48,0.00,M,M
1916-10-27,55,29,0.00,M,M
1916-10-28,61,37,0.00,M,M
1916-10-29,62,32,0.00,M,M
1916-10-30,66,50,0.00,M,M
1916-10-31,61,45,0.00,M,M
1916-11-01,60,50,0.16,0.0,M
1916-11-02,63,41,0.00,0.0,M
1916-11-03,56,36,0.02,0.0,M
1916-11-04,55,34,0.00,0.0,M
1916-11-05,45,36,0.62,0.0,M
1916-11-06,51,33,0.00,0.0,M
1916-11-07,56,29,0.00,0.0,M
1916-11-08,60,36,0.00,0.0,M
1916-11-09,65,44,0.00,0.0,M
1916-11-10,64,38,0.16,0.0,M
1916-11-11,50,40,0.00,0.0,M
1916-11-12,41,29,0.00,0.0,M
1916-11-13,42,33,0.00,0.0,M
1916-11-14,35,28,0.22,T,T
1916-11-15,34,22,0.00,0.0,T
1916-11-16,36,22,T,T,T
1916-11-17,35,23,0.00,0.0,T
1916-11-18,45,27,0.00,0.0,M
1916-11-19,50,25,0.00,0.0,M
1916-11-20,45,28,0.00,0.0,M
1916-11-21,38,20,0.00,0.0,M
1916-11-22,44,14,0.00,0.0,M
1916-11-23,43,24,1.08,0.0,M
1916-11-24,58,38,T,T,0
1916-11-25,40,27,0.00,0.0,M
1916-11-26,31,19,T,T,M
1916-11-27,51,21,0.00,0.0,M
1916-11-28,45,30,0.00,0.0,M
1916-11-29,57,40,T,0.0,M
1916-11-30,54,45,1.16,0.0,M
1916-12-01,45,34,0.00,0.0,M
1916-12-02,44,33,0.00,0.0,M
1916-12-03,43,34,0.00,0.0,M
1916-12-04,48,34,T,0.0,M
1916-12-05,56,46,T,0.0,M
1916-12-06,54,36,T,T,M
1916-12-07,42,33,0.00,0.0,M
1916-12-08,42,28,0.00,0.0,M
1916-12-09,43,32,0.08,0.0,M
1916-12-10,40,28,0.00,0.0,M
1916-12-11,36,25,T,T,T
1916-12-12,35,30,0.48,0.5,1
1916-12-13,36,25,0.00,0.0,T
1916-12-14,34,20,0.00,0.0,M
1916-12-15,27,18,0.36,5.0,5
1916-12-16,22,16,0.00,0.0,4
1916-12-17,28,11,T,T,3
1916-12-18,31,4,0.00,0.0,3
1916-12-19,25,16,T,T,M
1916-12-20,28,7,0.00,0.0,M
1916-12-21,35,22,0.04,0.5,3
1916-12-22,38,30,1.18,T,T
1916-12-23,34,26,T,T,M
1916-12-24,31,26,T,T,T
1916-12-25,38,24,0.00,0.0,M
1916-12-26,24,13,0.00,0.0,M
1916-12-27,32,15,0.12,0.0,T
1916-12-28,39,32,0.02,0.0,T
1916-12-29,34,20,0.00,0.0,M
1916-12-30,24,8,0.00,0.0,M
1916-12-31,23,5,0.00,0.0,T
1917-01-01,30,11,T,T,T
1917-01-02,39,29,0.00,0.0,T
1917-01-03,35,27,0.30,T,T
1917-01-04,39,33,0.00,0.0,M
1917-01-05,37,32,0.46,0.0,T
1917-01-06,44,31,0.00,0.0,M
1917-01-07,46,24,0.00,0.0,M
1917-01-08,40,23,0.00,0.0,M
1917-01-09,41,34,T,0.0,M
1917-01-10,40,32,0.02,0.0,T
1917-01-11,38,7,0.00,0.0,M
1917-01-12,15,2,0.00,0.0,M
1917-01-13,25,5,T,1.0,T
1917-01-14,48,25,1.52,0.0,T
1917-01-15,27,15,0.00,0.0,M
1917-01-16,25,16,0.00,0.0,M
1917-01-17,35,10,0.00,0.0,M
1917-01-18,34,20,T,T,T
1917-01-19,32,12,T,T,T
1917-01-20,32,9,T,T,M
1917-01-21,27,18,T,T,T
1917-01-22,42,16,0.48,2.0,1
1917-01-23,28,5,0.00,0.0,M
1917-01-24,32,9,0.00,0.0,M
1917-01-25,35,17,T,T,1
1917-01-26,30,7,T,T,M
1917-01-27,24,2,0.00,0.0,M
1917-01-28,30,19,0.11,T,M
1917-01-29,32,11,0.00,0.0,M
1917-01-30,49,27,0.00,0.0,M
1917-01-31,48,27,0.00,0.0,M
1917-02-01,38,27,0.16,0.0,M
1917-02-02,32,7,0.00,0.0,M
1917-02-03,14,-1,T,T,M
1917-02-04,29,9,0.00,0.0,M
1917-02-05,38,-0,0.45,4.0,M
1917-02-06,27,11,0.00,0.0,M
1917-02-07,30,11,0.00,0.0,M
1917-02-08,40,24,0.00,0.0,M
1917-02-09,37,18,0.37,3.0,M
1917-02-10,34,4,0.00,0.0,M
1917-02-11,14,-4,0.00,0.0,M
1917-02-12,9,-8,0.00,0.0,M
1917-02-13,12,-10,0.00,0.0,M
1917-02-14,30,8,T,T,M
1917-02-15,30,-0,0.00,0.0,M
1917-02-16,29,5,0.00,0.0,M
1917-02-17,M,M,0.00,0.0,M
1917-02-18,42,27,0.00,0.0,M
1917-02-19,28,10,0.00,0.0,M
1917-02-20,44,22,0.65,1.0,M
1917-02-21,34,20,0.13,0.0,M
1917-02-22,32,13,T,T,M
1917-02-23,38,15,0.00,0.0,M
1917-02-24,39,M,0.04,0.0,M
1917-02-25,29,10,0.14,0.0,M
1917-02-26,45,20,0.00,0.0,M
1917-02-27,46,34,0.00,0.0,M
1917-02-28,34,26,0.00,0.0,M
1917-03-01,34,19,0.00,0.0,M
1917-03-02,32,22,0.00,0.0,M
1917-03-03,35,24,T,0.0,M
1917-03-04,36,24,0.30,3.0,M
1917-03-05,29,15,0.92,8.0,M
1917-03-06,29,14,0.00,0.0,M
1917-03-07,38,4,0.00,0.0,M
1917-03-08,44,30,T,0.0,M
1917-03-09,41,32,0.00,0.0,M
1917-03-10,43,20,0.00,0.0,M
1917-03-11,40,29,T,0.0,M
1917-03-12,49,31,T,0.0,M
1917-03-13,37,23,0.00,0.0,M
1917-03-14,33,22,0.30,2.0,M
1917-03-15,39,32,T,0.0,M
1917-03-16,38,30,0.00,0.0,M
1917-03-17,41,30,0.26,T,T
1917-03-18,41,28,T,T,M
1917-03-19,31,14,0.00,0.0,M
1917-03-20,46,15,T,T,M
1917-03-21,46,29,0.00,0.0,M
1917-03-22,46,27,0.00,0.0,M
1917-03-23,51,26,0.00,0.0,M
1917-03-24,51,39,0.26,0.0,M
1917-03-25,57,27,0.00,0.0,M
1917-03-26,60,37,0.00,0.0,M
1917-03-27,53,40,0.78,0.0,M
1917-03-28,55,35,T,T,M
1917-03-29,58,34,0.02,T,M
1917-03-30,58,33,0.00,0.0,M
1917-03-31,57,29,0.00,0.0,M
1917-04-01,73,38,0.26,0.0,M
1917-04-02,68,44,0.00,0.0,M
1917-04-03,50,40,0.00,0.0,M
1917-04-04,54,34,0.00,0.0,M
1917-04-05,49,31,0.00,0.0,M
1917-04-06,46,32,0.48,T,M
1917-04-07,49,36,T,T,M
1917-04-08,44,29,0.00,0.0,M
1917-04-09,49,27,T,T,M
1917-04-10,47,26,0.00,0.0,M
1917-04-11,54,M,0.00,0.0,M
1917-04-12,55,35,T,0.0,M
1917-04-13,51,35,T,T,M
1917-04-14,47,28,0.00,0.0,M
1917-04-15,45,31,T,T,M
1917-04-16,45,34,T,T,M
1917-04-17,63,34,0.00,0.0,M
1917-04-18,71,36,0.00,0.0,M
1917-04-19,70,48,0.04,0.0,M
1917-04-20,62,45,0.18,0.0,M
1917-04-21,77,48,T,0.0,M
1917-04-22,72,47,0.00,0.0,M
1917-04-23,67,45,0.00,0.0,M
1917-04-24,58,35,0.00,0.0,M
1917-04-25,60,29,0.00,0.0,M
1917-04-26,54,41,0.10,T,M
1917-04-27,59,39,T,0.0,M
1917-04-28,55,40,T,0.0,M
1917-04-29,67,34,0.00,0.0,M
1917-04-30,59,43,0.36,0.0,M
1917-05-01,47,40,0.32,M,M
1917-05-02,51,39,T,M,M
1917-05-03,50,40,T,T,M
1917-05-04,55,36,0.00,M,M
1917-05-05,51,38,0.95,M,M
1917-05-06,52,38,0.04,M,M
1917-05-07,54,41,T,M,M
1917-05-08,52,42,0.12,M,M
1917-05-09,58,42,0.08,M,M
1917-05-10,55,42,T,M,M
1917-05-11,54,42,T,M,M
1917-05-12,59,40,0.10,M,M
1917-05-13,55,39,T,M,M
1917-05-14,71,46,0.00,M,M
1917-05-15,61,39,0.00,M,M
1917-05-16,50,38,0.06,M,M
1917-05-17,66,40,0.00,M,M
1917-05-18,71,40,0.00,M,M
1917-05-19,79,51,0.00,M,M
1917-05-20,76,55,T,M,M
1917-05-21,68,44,T,M,M
1917-05-22,62,46,0.32,M,M
1917-05-23,59,48,0.20,M,M
1917-05-24,59,39,T,M,M
1917-05-25,57,40,0.00,M,M
1917-05-26,71,45,0.00,M,M
1917-05-27,67,52,0.54,M,M
1917-05-28,55,48,0.06,M,M
1917-05-29,53,45,0.74,M,M
1917-05-30,69,46,0.12,M,M
1917-05-31,77,46,T,M,M
1917-06-01,69,53,T,M,M
1917-06-02,73,M,0.00,M,M
1917-06-03,82,60,0.04,M,M
1917-06-04,78,53,0.00,M,M
1917-06-05,78,52,0.56,M,M
1917-06-06,74,55,T,M,M
1917-06-07,71,58,0.82,M,M
1917-06-08,78,63,0.08,M,M
1917-06-09,78,59,0.00,M,M
1917-06-10,71,61,0.26,M,M
1917-06-11,69,64,0.46,M,M
1917-06-12,74,63,0.22,M,M
1917-06-13,81,64,0.00,M,M
1917-06-14,74,60,0.14,M,M
1917-06-15,74,55,0.02,M,M
1917-06-16,66,52,0.00,M,M
1917-06-17,68,54,T,M,M
1917-06-18,78,49,0.08,M,M
1917-06-19,78,56,T,M,M
1917-06-20,85,62,0.00,M,M
1917-06-21,81,58,0.00,M,M
1917-06-22,85,56,T,M,M
1917-06-23,80,58,T,M,M
1917-06-24,71,58,0.20,M,M
1917-06-25,77,54,0.00,M,M
1917-06-26,78,55,T,M,M
1917-06-27,84,62,0.64,M,M
1917-06-28,80,60,0.00,M,M
1917-06-29,71,61,0.18,M,M
1917-06-30,76,56,0.00,M,M
1917-07-01,77,54,T,M,M
1917-07-02,86,66,0.12,M,M
1917-07-03,79,64,0.00,M,M
1917-07-04,77,59,0.00,M,M
1917-07-05,78,54,0.00,M,M
1917-07-06,82,54,0.00,M,M
1917-07-07,82,60,T,M,M
1917-07-08,80,62,T,M,M
1917-07-09,75,60,0.20,M,M
1917-07-10,70,62,T,M,M
1917-07-11,65,60,0.45,M,M
1917-07-12,69,59,0.00,M,M
1917-07-13,80,62,0.03,M,M
1917-07-14,80,62,0.43,M,M
1917-07-15,77,62,0.06,M,M
1917-07-16,81,61,0.00,M,M
1917-07-17,77,63,0.02,M,M
1917-07-18,80,65,0.01,M,M
1917-07-19,82,68,0.08,M,M
1917-07-20,87,63,0.00,M,M
1917-07-21,81,66,0.42,M,M
1917-07-22,88,63,0.00,M,M
1917-07-23,90,68,0.00,M,M
1917-07-24,90,68,T,M,M
1917-07-25,88,65,0.00,M,M
1917-07-26,88,70,0.00,M,M
1917-07-27,90,73,T,M,M
1917-07-28,80,59,0.00,M,M
1917-07-29,80,65,0.01,M,M
1917-07-30,98,68,0.00,M,M
1917-07-31,97,78,0.00,M,M
1917-08-01,98,74,0.00,M,M
1917-08-02,92,M,0.10,M,M
1917-08-03,86,68,0.00,M,M
1917-08-04,82,57,0.00,M,M
1917-08-05,85,54,0.00,M,M
1917-08-06,86,64,0.38,M,M
1917-08-07,89,67,0.00,M,M
1917-08-08,81,69,0.00,M,M
1917-08-09,82,70,1.05,M,M
1917-08-10,78,62,0.00,M,M
1917-08-11,81,54,0.00,M,M
1917-08-12,84,58,0.00,M,M
1917-08-13,87,58,0.00,M,M
1917-08-14,83,67,T,M,M
1917-08-15,81,67,0.22,M,M
1917-08-16,82,62,0.62,M,M
1917-08-17,84,67,T,M,M
1917-08-18,79,59,0.00,M,M
1917-08-19,84,55,0.00,M,M
1917-08-20,87,67,0.00,M,M
1917-08-21,81,67,0.00,M,M
1917-08-22,79,59,0.00,M,M
1917-08-23,82,67,0.06,M,M
1917-08-24,86,68,0.84,M,M
1917-08-25,81,67,0.00,M,M
1917-08-26,73,51,0.00,M,M
1917-08-27,84,51,0.00,M,M
1917-08-28,84,63,0.00,M,M
1917-08-29,76,67,0.86,M,M
1917-08-30,72,63,1.02,M,M
1917-08-31,76,54,0.00,M,M
1917-09-01,71,60,0.24,M,M
1917-09-02,84,64,0.00,M,M
1917-09-03,77,60,0.00,M,M
1917-09-04,70,53,0.00,M,M
1917-09-05,70,46,T,M,M
1917-09-06,73,55,0.06,M,M
1917-09-07,72,46,0.00,M,M
1917-09-08,68,48,0.38,M,M
1917-09-09,68,46,0.00,M,M
1917-09-10,63,45,0.04,M,M
1917-09-11,60,34,0.00,M,M
1917-09-12,69,38,0.00,M,M
1917-09-13,76,43,0.00,M,M
1917-09-14,79,45,0.00,M,M
1917-09-15,76,50,0.00,M,M
1917-09-16,68,53,T,M,M
1917-09-17,75,44,0.00,M,M
1917-09-18,80,53,0.00,M,M
1917-09-19,82,50,0.00,M,M
1917-09-20,80,53,T,M,M
1917-09-21,75,50,0.00,M,M
1917-09-22,66,45,0.00,M,M
1917-09-23,67,35,0.00,M,M
1917-09-24,67,38,0.00,M,M
1917-09-25,73,51,0.00,M,M
1917-09-26,76,45,0.00,M,M
1917-09-27,80,47,0.00,M,M
1917-09-28,71,56,0.10,M,M
1917-09-29,71,47,0.00,M,M
1917-09-30,72,52,0.25,M,M
1917-10-01,61,50,T,0.0,M
1917-10-02,64,43,0.00,0.0,M
1917-10-03,62,42,0.00,0.0,M
1917-10-04,68,43,0.12,0.0,M
1917-10-05,58,42,0.06,0.0,M
1917-10-06,58,46,0.20,0.0,M
1917-10-07,60,35,T,0.0,M
1917-10-08,58,46,T,0.0,M
1917-10-09,48,37,0.00,0.0,M
1917-10-10,51,36,0.00,0.0,M
1917-10-11,47,39,0.00,0.0,M
1917-10-12,47,40,0.64,0.0,M
1917-10-13,50,30,0.00,0.0,M
1917-10-14,65,35,0.00,0.0,M
1917-10-15,58,48,0.15,0.0,M
1917-10-16,64,43,0.00,0.0,M
1917-10-17,58,35,0.00,0.0,M
1917-10-18,62,42,0.04,0.0,M
1917-10-19,72,53,0.00,0.0,M
1917-10-20,67,40,0.65,0.0,M
1917-10-21,54,29,0.00,0.0,M
1917-10-22,57,30,0.00,0.0,M
1917-10-23,47,29,0.00,0.0,M
1917-10-24,47,40,1.06,0.0,M
1917-10-25,54,40,0.05,0.0,M
1917-10-26,61,36,0.00,0.0,M
1917-10-27,68,47,0.00,0.0,M
1917-10-28,62,45,0.34,0.0,M
1917-10-29,52,32,0.08,0.0,M
1917-10-30,67,36,1.94,T,M
1917-10-31,46,32,0.00,0.0,M
1917-11-01,50,29,0.00,0.0,M
1917-11-02,48,30,0.00,0.0,M
1917-11-03,44,30,0.00,0.0,M
1917-11-04,46,31,0.00,0.0,M
1917-11-05,51,24,0.00,0.0,M
1917-11-06,64,24,0.00,0.0,M
1917-11-07,54,31,0.00,0.0,M
1917-11-08,51,24,0.00,0.0,M
1917-11-09,54,35,0.00,0.0,M
1917-11-10,55,37,0.00,0.0,M
1917-11-11,52,26,0.00,0.0,M
1917-11-12,52,29,0.00,0.0,M
1917-11-13,45,22,0.00,0.0,M
1917-11-14,53,23,0.00,0.0,M
1917-11-15,55,24,0.00,0.0,M
1917-11-16,44,37,0.00,0.0,M
1917-11-17,50,29,0.00,0.0,M
1917-11-18,61,27,0.00,0.0,M
1917-11-19,60,26,0.00,0.0,M
1917-11-20,45,26,0.00,0.0,M
1917-11-21,44,35,T,0.0,M
1917-11-22,45,37,0.40,0.0,M
1917-11-23,45,37,0.00,0.0,M
1917-11-24,42,27,T,T,T
1917-11-25,29,17,0.00,0.0,M
1917-11-26,27,19,0.00,0.0,M
1917-11-27,26,11,0.00,0.0,M
1917-11-28,28,16,T,T,T
1917-11-29,43,23,0.00,0.0,M
1917-11-30,37,21,0.00,0.0,M
1917-12-01,41,33,0.92,0.0,M
1917-12-02,39,24,0.00,0.0,M
1917-12-03,31,17,0.00,0.0,M
1917-12-04,37,20,0.00,0.0,M
1917-12-05,40,22,0.00,0.0,M
1917-12-06,34,20,0.00,0.0,M
1917-12-07,26,11,0.00,0.0,M
1917-12-08,20,8,0.08,1.0,1
1917-12-09,33,14,0.18,1.0,2
1917-12-10,20,4,0.00,0.0,2
1917-12-11,20,-2,0.00,0.0,M
1917-12-12,20,-1,0.00,0.0,M
1917-12-13,24,-6,T,T,M
1917-12-14,32,18,1.08,14.0,16
1917-12-15,25,14,0.00,0.0,M
1917-12-16,14,-7,0.00,0.0,M
1917-12-17,22,2,T,T,14
1917-12-18,21,-0,0.00,0.0,M
1917-12-19,39,20,0.00,0.0,12
1917-12-20,38,29,0.00,0.0,10
1917-12-21,44,26,0.00,0.0,8
1917-12-22,40,20,0.00,0.0,6
1917-12-23,23,1,0.00,0.0,M
1917-12-24,37,16,T,0.0,M
1917-12-25,40,25,0.00,0.0,M
1917-12-26,25,11,0.00,0.0,M
1917-12-27,16,-5,0.00,0.0,M
1917-12-28,26,9,T,T,M
1917-12-29,9,-10,T,T,M
1917-12-30,-6,-19,0.00,0.0,M
1917-12-31,-2,-17,0.00,0.0,4
1918-01-01,4,-13,0.00,0.0,4
1918-01-02,5,-15,0.00,0.0,M
1918-01-03,5,-13,0.00,0.0,M
1918-01-04,13,-10,0.00,0.0,M
1918-01-05,22,8,0.00,0.0,M
1918-01-06,24,10,0.00,0.0,M
1918-01-07,34,13,0.76,0.5,3
1918-01-08,33,22,0.00,0.0,M
1918-01-09,26,21,T,T,M
1918-01-10,30,15,T,T,M
1918-01-11,32,21,T,T,M
1918-01-12,47,25,1.46,2.0,2
1918-01-13,30,3,0.00,0.0,M
1918-01-14,26,7,0.00,0.0,M
1918-01-15,27,15,1.04,9.0,11
1918-01-16,28,13,0.00,0.0,M
1918-01-17,33,11,T,T,M
1918-01-18,24,-0,0.00,0.0,M
1918-01-19,22,12,0.10,1.5,12
1918-01-20,20,-11,0.00,0.0,M
1918-01-21,22,4,0.00,0.0,M
1918-01-22,16,2,0.18,3.0,15
1918-01-23,21,-0,T,T,M
1918-01-24,20,-4,T,T,M
1918-01-25,30,14,T,T,M
1918-01-26,33,12,0.00,0.0,M
1918-01-27,12,-0,0.00,0.0,M
1918-01-28,4,-7,0.16,2.0,17
1918-01-29,26,4,T,T,17
1918-01-30,20,5,T,0.0,M
1918-01-31,23,-4,M,T,17
1918-02-01,20,6,0.00,0.0,17
1918-02-02,19,-18,0.00,0.0,M
1918-02-03,25,-8,0.04,0.5,18
1918-02-04,26,-0,T,T,M
1918-02-05,-0,-16,0.00,0.0,M
1918-02-06,20,-11,0.08,1.0,19
1918-02-07,38,20,T,T,17
1918-02-08,30,4,0.00,0.0,M
1918-02-09,33,1,0.16,1.0,18
1918-02-10,36,18,T,T,M
1918-02-11,39,18,0.00,0.0,16
1918-02-12,49,32,T,0.0,12
1918-02-13,51,33,0.00,0.0,6
1918-02-14,41,19,0.00,0.0,4
1918-02-15,50,34,0.02,T,2
1918-02-16,34,13,0.00,0.0,M
1918-02-17,21,11,0.02,0.5,2
1918-02-18,28,6,0.00,0.0,M
1918-02-19,40,22,0.26,0.0,M
1918-02-20,50,21,0.14,T,T
1918-02-21,21,-0,T,T,M
1918-02-22,15,-2,0.06,1.0,1
1918-02-23,32,-0,0.00,0.0,M
1918-02-24,52,24,T,0.0,T
1918-02-25,50,32,0.00,0.0,M
1918-02-26,46,27,0.62,0.0,M
1918-02-27,41,18,0.00,0.0,M
1918-02-28,39,33,0.08,T,T
1918-03-01,36,28,0.88,T,T
1918-03-02,45,22,0.00,0.0,M
1918-03-03,47,26,T,T,T
1918-03-04,38,13,0.00,0.0,M
1918-03-05,46,30,T,T,T
1918-03-06,45,26,0.10,0.0,M
1918-03-07,30,18,0.32,3.0,2
1918-03-08,44,5,T,T,T
1918-03-09,40,27,T,T,T
1918-03-10,39,14,0.66,1.0,1
1918-03-11,35,8,0.00,0.0,T
1918-03-12,43,26,T,0.0,M
1918-03-13,48,38,0.00,0.0,M
1918-03-14,40,31,0.94,5.0,5
1918-03-15,40,15,0.00,0.0,3
1918-03-16,42,6,0.00,0.0,1
1918-03-17,58,19,0.00,0.0,T
1918-03-18,53,31,0.00,0.0,M
1918-03-19,58,28,0.00,0.0,M
1918-03-20,61,31,0.00,0.0,M
1918-03-21,70,30,0.00,0.0,M
1918-03-22,67,38,0.00,0.0,M
1918-03-23,53,30,0.00,0.0,M
1918-03-24,48,24,0.00,0.0,M
1918-03-25,54,29,0.00,0.0,M
1918-03-26,44,31,T,T,0
1918-03-27,40,26,T,T,M
1918-03-28,48,22,0.00,0.0,M
1918-03-29,58,26,0.00,0.0,M
1918-03-30,66,27,0.00,0.0,M
1918-03-31,70,35,0.00,0.0,M
1918-04-01,75,46,0.00,0.0,M
1918-04-02,74,50,0.00,0.0,M
1918-04-03,64,34,0.16,0.0,M
1918-04-04,48,26,0.00,0.0,M
1918-04-05,48,26,0.00,0.0,M
1918-04-06,62,28,0.00,0.0,M
1918-04-07,60,36,0.00,0.0,M
1918-04-08,55,42,T,0.0,M
1918-04-09,53,27,0.46,0.5,1
1918-04-10,37,24,0.34,1.5,1
1918-04-11,44,34,0.00,0.0,T
1918-04-12,43,29,0.42,3.5,3
1918-04-13,41,31,0.38,3.0,1
1918-04-14,63,32,0.00,0.0,T
1918-04-15,72,33,0.00,0.0,0
1918-04-16,67,37,0.00,0.0,M
1918-04-17,70,40,0.00,0.0,M
1918-04-18,66,37,0.28,0.0,M
1918-04-19,49,31,0.04,0.0,M
1918-04-20,48,28,T,0.0,M
1918-04-21,48,37,0.82,0.0,M
1918-04-22,57,46,0.60,0.0,M
1918-04-23,66,45,0.04,0.0,M
1918-04-24,52,39,0.06,0.0,M
1918-04-25,57,33,0.00,0.0,M
1918-04-26,67,31,0.00,0.0,M
1918-04-27,68,35,0.00,0.0,M
1918-04-28,74,38,0.00,0.0,M
1918-04-29,68,51,0.04,0.0,M
1918-04-30,74,54,0.18,0.0,M
1918-05-01,64,45,0.36,M,M
1918-05-02,70,38,0.00,M,M
1918-05-03,65,48,T,M,M
1918-05-04,69,49,0.00,M,M
1918-05-05,75,37,0.00,M,M
1918-05-06,86,52,0.02,M,M
1918-05-07,85,62,0.02,M,M
1918-05-08,78,52,0.00,M,M
1918-05-09,73,43,0.00,M,M
1918-05-10,80,57,0.46,M,M
1918-05-11,72,42,0.00,M,M
1918-05-12,72,52,0.01,M,M
1918-05-13,81,62,1.42,M,M
1918-05-14,71,53,0.24,M,M
1918-05-15,70,47,0.00,M,M
1918-05-16,74,47,0.00,M,M
1918-05-17,81,47,0.00,M,M
1918-05-18,84,54,0.00,M,M
1918-05-19,81,59,0.10,M,M
1918-05-20,78,60,0.01,M,M
1918-05-21,74,62,0.08,M,M
1918-05-22,76,60,0.30,M,M
1918-05-23,77,63,0.18,M,M
1918-05-24,72,45,0.00,M,M
1918-05-25,71,54,0.42,M,M
1918-05-26,74,56,T,M,M
1918-05-27,83,54,0.15,M,M
1918-05-28,84,65,0.00,M,M
1918-05-29,75,65,0.01,M,M
1918-05-30,72,57,0.24,M,M
1918-05-31,76,54,0.06,M,M
1918-06-01,92,65,0.00,M,M
1918-06-02,86,73,0.00,M,M
1918-06-03,78,63,0.00,M,M
1918-06-04,74,52,T,M,M
1918-06-05,75,52,0.02,M,M
1918-06-06,72,61,0.42,M,M
1918-06-07,73,62,0.50,M,M
1918-06-08,71,48,0.00,M,M
1918-06-09,73,48,T,M,M
1918-06-10,70,56,T,M,M
1918-06-11,73,56,0.00,M,M
1918-06-12,77,58,0.96,M,M
1918-06-13,75,54,T,M,M
1918-06-14,71,54,T,M,M
1918-06-15,72,48,0.00,M,M
1918-06-16,77,46,0.00,M,M
1918-06-17,81,56,T,M,M
1918-06-18,75,55,0.00,M,M
1918-06-19,73,46,0.00,M,M
1918-06-20,73,40,0.00,M,M
1918-06-21,67,48,0.00,M,M
1918-06-22,70,52,0.90,M,M
1918-06-23,61,45,T,M,M
1918-06-24,75,50,0.00,M,M
1918-06-25,76,48,0.00,M,M
1918-06-26,79,M,0.00,M,M
1918-06-27,79,53,0.00,M,M
1918-06-28,80,50,0.00,M,M
1918-06-29,80,60,0.00,M,M
1918-06-30,87,60,0.00,M,M
1918-07-01,82,58,0.85,M,M
1918-07-02,75,M,M,M,M
1918-07-03,77,47,T,M,M
1918-07-04,80,56,M,M,M
1918-07-05,85,55,M,M,M
1918-07-06,84,62,T,M,M
1918-07-07,80,57,M,M,M
1918-07-08,77,55,M,M,M
1918-07-09,67,54,T,M,M
1918-07-10,75,60,0.08,M,M
1918-07-11,75,54,0.12,M,M
1918-07-12,80,57,M,M,M
1918-07-13,76,56,0.02,M,M
1918-07-14,74,54,0.08,M,M
1918-07-15,83,57,M,M,M
1918-07-16,90,60,0.01,M,M
1918-07-17,85,64,0.10,M,M
1918-07-18,84,60,M,M,M
1918-07-19,84,60,M,M,M
1918-07-20,87,62,M,M,M
1918-07-21,94,64,M,M,M
1918-07-22,97,66,M,M,M
1918-07-23,95,68,M,M,M
1918-07-24,88,70,M,M,M
1918-07-25,81,69,M,M,M
1918-07-26,90,67,M,M,M
1918-07-27,95,69,M,M,M
1918-07-28,95,75,0.08,M,M
1918-07-29,83,66,0.06,M,M
1918-07-30,72,65,M,M,M
1918-07-31,72,64,M,M,M
1918-08-01,83,54,0.00,M,M
1918-08-02,90,55,0.00,M,M
1918-08-03,87,60,0.00,M,M
1918-08-04,76,55,0.25,M,M
1918-08-05,88,62,0.65,M,M
1918-08-06,95,65,0.00,M,M
1918-08-07,103,70,T,M,M
1918-08-08,98,74,0.12,M,M
1918-08-09,84,67,T,M,M
1918-08-10,84,69,T,M,M
1918-08-11,94,61,T,M,M
1918-08-12,97,73,0.00,M,M
1918-08-13,94,61,0.10,M,M
1918-08-14,94,61,0.00,M,M
1918-08-15,93,53,0.00,M,M
1918-08-16,84,54,0.00,M,M
1918-08-17,83,54,0.00,M,M
1918-08-18,85,46,0.00,M,M
1918-08-19,83,46,0.00,M,M
1918-08-20,91,49,0.00,M,M
1918-08-21,88,M,0.00,M,M
1918-08-22,90,60,0.41,M,M
1918-08-23,95,61,0.00,M,M
1918-08-24,85,67,0.00,M,M
1918-08-25,85,65,0.00,M,M
1918-08-26,84,65,0.00,M,M
1918-08-27,82,60,0.00,M,M
1918-08-28,81,56,0.00,M,M
1918-08-29,85,61,0.18,M,M
1918-08-30,82,54,0.00,M,M
1918-08-31,82,53,2.18,M,M
1918-09-01,81,57,M,M,M
1918-09-02,82,50,M,M,M
1918-09-03,78,60,M,M,M
1918-09-04,84,64,M,M,M
1918-09-05,82,61,M,M,M
1918-09-06,75,M,M,M,M
1918-09-07,67,49,M,M,M
1918-09-08,67,47,M,M,M
1918-09-09,75,46,T,M,M
1918-09-10,75,51,M,M,M
1918-09-11,67,57,M,M,M
1918-09-12,67,52,T,M,M
1918-09-13,73,56,1.00,M,M
1918-09-14,M,46,M,M,M
1918-09-15,72,M,M,M,M
1918-09-16,76,58,M,M,M
1918-09-17,72,M,M,M,M
1918-09-18,68,50,M,M,M
1918-09-19,56,M,M,M,M
1918-09-20,68,48,1.20,M,M
1918-09-21,63,44,0.60,M,M
1918-09-22,60,43,T,M,M
1918-09-23,68,45,M,M,M
1918-09-24,67,50,M,M,M
1918-09-25,63,39,T,M,M
1918-09-26,60,50,2.30,M,M
1918-09-27,57,39,M,M,M
1918-09-28,M,44,M,M,M
1918-09-29,73,46,M,M,M
1918-09-30,65,38,T,M,M
1918-10-01,M,M,M,M,M
1918-10-02,M,M,M,M,M
1918-10-03,M,M,M,M,M
1918-10-04,M,M,M,M,M
1918-10-05,M,M,M,M,M
1918-10-06,M,M,M,M,M
1918-10-07,M,M,M,M,M
1918-10-08,M,M,M,M,M
1918-10-09,M,M,M,M,M
1918-10-10,M,M,M,M,M
1918-10-11,M,M,M,M,M
1918-10-12,M,M,M,M,M
1918-10-13,M,M,M,M,M
1918-10-14,M,M,M,M,M
1918-10-15,M,M,M,M,M
1918-10-16,M,M,M,M,M
1918-10-17,M,M,M,M,M
1918-10-18,M,M,M,M,M
1918-10-19,M,M,M,M,M
1918-10-20,M,M,M,M,M
1918-10-21,M,M,M,M,M
1918-10-22,M,M,M,M,M
1918-10-23,M,M,M,M,M
1918-10-24,M,M,M,M,M
1918-10-25,M,M,M,M,M
1918-10-26,M,M,M,M,M
1918-10-27,M,M,M,M,M
1918-10-28,M,M,M,M,M
1918-10-29,M,M,M,M,M
1918-10-30,M,M,M,M,M
1918-10-31,M,M,M,M,M
1918-11-01,M,M,M,M,M
1918-11-02,M,M,M,M,M
1918-11-03,M,M,M,M,M
1918-11-04,M,M,M,M,M
1918-11-05,M,M,M,M,M
1918-11-06,M,M,M,M,M
1918-11-07,M,M,M,M,M
1918-11-08,M,M,M,M,M
1918-11-09,M,M,M,M,M
1918-11-10,M,M,M,M,M
1918-11-11,M,M,M,M,M
1918-11-12,M,M,M,M,M
1918-11-13,M,M,M,M,M
1918-11-14,M,M,M,M,M
1918-11-15,M,M,M,M,M
1918-11-16,M,M,M,M,M
1918-11-17,M,M,M,M,M
1918-11-18,M,M,M,M,M
1918-11-19,M,M,M,M,M
1918-11-20,M,M,M,M,M
1918-11-21,M,M,M,M,M
1918-11-22,M,M,M,M,M
1918-11-23,M,M,M,M,M
1918-11-24,M,M,M,M,M
1918-11-25,M,M,M,M,M
1918-11-26,M,M,M,M,M
1918-11-27,M,M,M,M,M
1918-11-28,M,M,M,M,M
1918-11-29,M,M,M,M,M
1918-11-30,M,M,M,M,M
1918-12-01,M,M,M,M,M
1918-12-02,M,M,M,M,M
1918-12-03,M,M,M,M,M
1918-12-04,M,M,M,M,M
1918-12-05,M,M,M,M,M
1918-12-06,M,M,M,M,M
1918-12-07,M,M,M,M,M
1918-12-08,M,M,M,M,M
1918-12-09,M,M,M,M,M
1918-12-10,M,M,M,M,M
1918-12-11,M,M,M,M,M
1918-12-12,M,M,M,M,M
1918-12-13,M,M,M,M,M
1918-12-14,M,M,M,M,M
1918-12-15,M,M,M,M,M
1918-12-16,M,M,M,M,M
1918-12-17,M,M,M,M,M
1918-12-18,M,M,M,M,M
1918-12-19,M,M,M,M,M
1918-12-20,M,M,M,M,M
1918-12-21,M,M,M,M,M
1918-12-22,M,M,M,M,M
1918-12-23,M,M,M,M,M
1918-12-24,M,M,M,M,M
1918-12-25,M,M,M,M,M
1918-12-26,M,M,M,M,M
1918-12-27,M,M,M,M,M
1918-12-28,M,M,M,M,M
1918-12-29,M,M,M,M,M
1918-12-30,M,M,M,M,M
1918-12-31,M,M,M,M,M
1919-01-01,M,M,M,M,M
1919-01-02,M,M,M,M,M
1919-01-03,M,M,M,M,M
1919-01-04,M,M,M,M,M
1919-01-05,M,M,M,M,M
1919-01-06,M,M,M,M,M
1919-01-07,M,M,M,M,M
1919-01-08,M,M,M,M,M
1919-01-09,M,M,M,M,M
1919-01-10,M,M,M,M,M
1919-01-11,M,M,M,M,M
1919-01-12,M,M,M,M,M
1919-01-13,M,M,M,M,M
1919-01-14,M,M,M,M,M
1919-01-15,M,M,M,M,M
1919-01-16,M,M,M,M,M
1919-01-17,M,M,M,M,M
1919-01-18,M,M,M,M,M
1919-01-19,M,M,M,M,M
1919-01-20,M,M,M,M,M
1919-01-21,M,M,M,M,M
1919-01-22,M,M,M,M,M
1919-01-23,M,M,M,M,M
1919-01-24,M,M,M,M,M
1919-01-25,M,M,M,M,M
1919-01-26,M,M,M,M,M
1919-01-27,M,M,M,M,M
1919-01-28,M,M,M,M,M
1919-01-29,M,M,M,M,M
1919-01-30,M,M,M,M,M
1919-01-31,M,M,M,M,M
1919-02-01,M,M,M,M,M
1919-02-02,M,M,M,M,M
1919-02-03,M,M,M,M,M
1919-02-04,M,M,M,M,M
1919-02-05,M,M,M,M,M
1919-02-06,M,M,M,M,M
1919-02-07,M,M,M,M,M
1919-02-08,M,M,M,M,M
1919-02-09,M,M,M,M,M
1919-02-10,M,M,M,M,M
1919-02-11,M,M,M,M,M
1919-02-12,M,M,M,M,M
1919-02-13,M,M,M,M,M
1919-02-14,M,M,M,M,M
1919-02-15,M,M,M,M,M
1919-02-16,M,M,M,M,M
1919-02-17,M,M,M,M,M
1919-02-18,M,M,M,M,M
1919-02-19,M,M,M,M,M
1919-02-20,M,M,M,M,M
1919-02-21,M,M,M,M,M
1919-02-22,M,M,M,M,M
1919-02-23,M,M,M,M,M
1919-02-24,M,M,M,M,M
1919-02-25,M,M,M,M,M
1919-02-26,M,M,M,M,M
1919-02-27,M,M,M,M,M
1919-02-28,M,M,M,M,M
1919-03-01,M,M,M,M,M
1919-03-02,M,M,M,M,M
1919-03-03,M,M,M,M,M
1919-03-04,M,M,M,M,M
1919-03-05,M,M,M,M,M
1919-03-06,M,M,M,M,M
1919-03-07,M,M,M,M,M
1919-03-08,M,M,M,M,M
1919-03-09,M,M,M,M,M
1919-03-10,M,M,M,M,M
1919-03-11,M,M,M,M,M
1919-03-12,M,M,M,M,M
1919-03-13,M,M,M,M,M
1919-03-14,M,M,M,M,M
1919-03-15,M,M,M,M,M
1919-03-16,M,M,M,M,M
1919-03-17,M,M,M,M,M
1919-03-18,M,M,M,M,M
1919-03-19,M,M,M,M,M
1919-03-20,M,M,M,M,M
1919-03-21,M,M,M,M,M
1919-03-22,M,M,M,M,M
1919-03-23,M,M,M,M,M
1919-03-24,M,M,M,M,M
1919-03-25,M,M,M,M,M
1919-03-26,M,M,M,M,M
1919-03-27,M,M,M,M,M
1919-03-28,M,M,M,M,M
1919-03-29,M,M,M,M,M
1919-03-30,M,M,M,M,M
1919-03-31,M,M,M,M,M
1919-04-01,M,M,M,M,M
1919-04-02,M,M,M,M,M
1919-04-03,M,M,M,M,M
1919-04-04,M,M,M,M,M
1919-04-05,M,M,M,M,M
1919-04-06,M,M,M,M,M
1919-04-07,M,M,M,M,M
1919-04-08,M,M,M,M,M
1919-04-09,M,M,M,M,M
1919-04-10,M,M,M,M,M
1919-04-11,M,M,M,M,M
1919-04-12,M,M,M,M,M
1919-04-13,M,M,M,M,M
1919-04-14,M,M,M,M,M
1919-04-15,M,M,M,M,M
1919-04-16,M,M,M,M,M
1919-04-17,M,M,M,M,M
1919-04-18,M,M,M,M,M
1919-04-19,M,M,M,M,M
1919-04-20,M,M,M,M,M
1919-04-21,M,M,M,M,M
1919-04-22,M,M,M,M,M
1919-04-23,M,M,M,M,M
1919-04-24,M,M,M,M,M
1919-04-25,M,M,M,M,M
1919-04-26,M,M,M,M,M
1919-04-27,M,M,M,M,M
1919-04-28,M,M,M,M,M
1919-04-29,M,M,M,M,M
1919-04-30,M,M,M,M,M
1919-05-01,M,M,M,M,M
1919-05-02,M,M,M,M,M
1919-05-03,M,M,M,M,M
1919-05-04,M,M,M,M,M
1919-05-05,M,M,M,M,M
1919-05-06,M,M,M,M,M
1919-05-07,M,M,M,M,M
1919-05-08,M,M,M,M,M
1919-05-09,M,M,M,M,M
1919-05-10,M,M,M,M,M
1919-05-11,M,M,M,M,M
1919-05-12,M,M,M,M,M
1919-05-13,M,M,M,M,M
1919-05-14,M,M,M,M,M
1919-05-15,M,M,M,M,M
1919-05-16,M,M,M,M,M
1919-05-17,M,M,M,M,M
1919-05-18,M,M,M,M,M
1919-05-19,M,M,M,M,M
1919-05-20,M,M,M,M,M
1919-05-21,M,M,M,M,M
1919-05-22,M,M,M,M,M
1919-05-23,M,M,M,M,M
1919-05-24,M,M,M,M,M
1919-05-25,M,M,M,M,M
1919-05-26,M,M,M,M,M
1919-05-27,M,M,M,M,M
1919-05-28,M,M,M,M,M
1919-05-29,M,M,M,M,M
1919-05-30,M,M,M,M,M
1919-05-31,M,M,M,M,M
1919-06-01,84,63,0.00,M,M
1919-06-02,82,64,0.00,M,M
1919-06-03,94,68,0.00,M,M
1919-06-04,96,66,0.00,M,M
1919-06-05,86,65,0.00,M,M
1919-06-06,80,65,T,M,M
1919-06-07,86,67,0.00,M,M
1919-06-08,82,59,T,M,M
1919-06-09,72,54,0.30,M,M
1919-06-10,78,54,0.00,M,M
1919-06-11,84,60,0.00,M,M
1919-06-12,84,54,0.00,M,M
1919-06-13,85,58,0.00,M,M
1919-06-14,86,58,T,M,M
1919-06-15,78,64,0.22,M,M
1919-06-16,88,66,T,M,M
1919-06-17,87,65,T,M,M
1919-06-18,87,64,0.00,M,M
1919-06-19,87,65,0.55,M,M
1919-06-20,84,65,0.70,M,M
1919-06-21,81,56,0.00,M,M
1919-06-22,80,50,0.00,M,M
1919-06-23,82,46,0.00,M,M
1919-06-24,90,60,0.00,M,M
1919-06-25,84,61,0.00,M,M
1919-06-26,77,66,0.00,M,M
1919-06-27,79,48,0.10,M,M
1919-06-28,M,48,1.64,M,M
1919-06-29,74,53,0.00,M,M
1919-06-30,73,54,0.00,M,M
1919-07-01,88,55,0.00,M,M
1919-07-02,90,58,0.00,M,M
1919-07-03,96,66,0.00,M,M
1919-07-04,94,68,0.00,M,M
1919-07-05,91,72,0.00,M,M
1919-07-06,88,71,0.00,M,M
1919-07-07,74,64,0.26,M,M
1919-07-08,83,59,0.00,M,M
1919-07-09,77,62,0.00,M,M
1919-07-10,80,61,0.16,M,M
1919-07-11,71,63,0.70,M,M
1919-07-12,68,52,0.00,M,M
1919-07-13,87,64,0.00,M,M
1919-07-14,86,63,0.00,M,M
1919-07-15,75,62,T,M,M
1919-07-16,77,66,0.20,M,M
1919-07-17,80,62,0.00,M,M
1919-07-18,81,65,0.00,M,M
1919-07-19,83,70,T,M,M
1919-07-20,82,71,1.20,M,M
1919-07-21,81,72,T,M,M
1919-07-22,84,71,T,M,M
1919-07-23,87,61,T,M,M
1919-07-24,85,63,1.20,M,M
1919-07-25,77,60,T,M,M
1919-07-26,85,63,0.50,M,M
1919-07-27,86,73,T,M,M
1919-07-28,83,65,T,M,M
1919-07-29,77,66,0.00,M,M
1919-07-30,79,57,0.00,M,M
1919-07-31,82,56,T,M,M
1919-08-01,89,60,0.00,M,M
1919-08-02,76,56,0.00,M,M
1919-08-03,78,54,0.00,M,M
1919-08-04,83,61,0.00,M,M
1919-08-05,83,61,0.12,M,M
1919-08-06,81,69,0.20,M,M
1919-08-07,73,68,0.00,M,M
1919-08-08,86,48,0.00,M,M
1919-08-09,75,55,0.00,M,M
1919-08-10,74,57,0.00,M,M
1919-08-11,73,49,T,M,M
1919-08-12,78,54,0.00,M,M
1919-08-13,74,56,0.00,M,M
1919-08-14,80,57,0.00,M,M
1919-08-15,68,64,0.00,M,M
1919-08-16,M,64,0.00,M,M
1919-08-17,85,60,0.00,M,M
1919-08-18,80,60,T,M,M
1919-08-19,73,60,1.65,M,M
1919-08-20,77,59,0.00,M,M
1919-08-21,81,62,0.00,M,M
1919-08-22,84,56,0.05,M,M
1919-08-23,83,65,0.45,M,M
1919-08-24,84,56,0.00,M,M
1919-08-25,90,63,0.05,M,M
1919-08-26,80,63,0.00,M,M
1919-08-27,76,49,T,M,M
1919-08-28,71,54,0.36,M,M
1919-08-29,75,48,T,M,M
1919-08-30,77,48,0.00,M,M
1919-08-31,78,48,T,M,M
1919-09-01,72,60,0.00,M,M
1919-09-02,70,62,0.00,M,M
1919-09-03,72,63,1.65,M,M
1919-09-04,75,54,0.00,M,M
1919-09-05,78,46,0.00,M,M
1919-09-06,70,56,0.00,M,M
1919-09-07,88,65,0.00,M,M
1919-09-08,80,56,0.00,M,M
1919-09-09,78,54,T,M,M
1919-09-10,76,62,T,M,M
1919-09-11,72,60,0.00,M,M
1919-09-12,78,54,0.00,M,M
1919-09-13,78,52,0.00,M,M
1919-09-14,80,50,0.00,M,M
1919-09-15,76,54,T,M,M
1919-09-16,60,52,0.08,M,M
1919-09-17,64,52,T,M,M
1919-09-18,58,38,0.00,M,M
1919-09-19,68,54,0.00,M,M
1919-09-20,70,53,T,M,M
1919-09-21,68,54,0.00,M,M
1919-09-22,80,66,T,M,M
1919-09-23,72,50,0.12,M,M
1919-09-24,70,44,0.75,M,M
1919-09-25,70,50,0.00,M,M
1919-09-26,74,56,0.00,M,M
1919-09-27,77,38,0.00,M,M
1919-09-28,78,48,0.00,M,M
1919-09-29,74,56,0.00,M,M
1919-09-30,72,55,0.00,M,M
1919-10-01,72,43,0.00,0.0,M
1919-10-02,70,50,0.25,0.0,M
1919-10-03,85,56,0.00,0.0,M
1919-10-04,77,58,0.00,0.0,M
1919-10-05,72,62,T,0.0,M
1919-10-06,78,62,0.32,0.0,M
1919-10-07,72,48,0.00,0.0,M
1919-10-08,68,30,0.00,0.0,M
1919-10-09,70,44,T,0.0,M
1919-10-10,84,M,0.00,0.0,M
1919-10-11,70,30,T,0.0,M
1919-10-12,72,32,0.00,0.0,M
1919-10-13,64,28,0.00,0.0,M
1919-10-14,72,50,0.20,0.0,M
1919-10-15,70,46,0.00,0.0,M
1919-10-16,74,48,0.00,0.0,M
1919-10-17,70,43,0.00,0.0,M
1919-10-18,72,38,0.00,0.0,M
1919-10-19,68,35,0.00,0.0,M
1919-10-20,66,40,0.00,0.0,M
1919-10-21,72,48,T,0.0,M
1919-10-22,63,51,0.00,0.0,M
1919-10-23,64,35,0.00,0.0,M
1919-10-24,66,50,0.00,0.0,M
1919-10-25,68,50,0.00,0.0,M
1919-10-26,67,54,T,0.0,M
1919-10-27,56,48,0.00,0.0,M
1919-10-28,77,45,0.40,0.0,M
1919-10-29,M,28,0.00,0.0,M
1919-10-30,45,30,0.12,0.0,M
1919-10-31,72,40,1.24,0.0,M
