Date,MaxT,MinT,Precip,Snow,SnowDepth
1983-12-01,M,M,T,T,2
1983-12-02,M,M,0.00,0.0,M
1983-12-03,M,M,0.25,M,M
1983-12-04,M,M,0.00,0.0,4
1983-12-05,M,M,0.66,6.0,9
1983-12-06,M,M,0.00,0.0,7
1983-12-07,M,M,0.75,T,4
1983-12-08,M,M,0.00,0.0,4
1983-12-09,M,M,T,0.5,4
1983-12-10,M,M,T,0.5,5
1983-12-11,M,M,0.00,0.0,5
1983-12-12,M,M,T,0.0,5
1983-12-13,M,M,0.95,0.0,3
1983-12-14,M,M,1.20,0.0,2
1983-12-15,M,M,0.05,0.0,2
1983-12-16,M,M,T,0.0,1
1983-12-17,M,M,T,T,1
1983-12-18,M,M,0.00,0.0,1
1983-12-19,M,M,0.13,1.0,2
1983-12-20,M,M,0.00,0.0,2
1983-12-21,M,M,0.00,0.0,2
1983-12-22,M,M,0.16,2.0,4
1983-12-23,M,M,0.09,2.0,3
1983-12-24,M,M,0.13,1.0,4
1983-12-25,M,M,0.10,3.0,6
1983-12-26,M,M,T,T,5
1983-12-27,M,M,0.00,0.0,5
1983-12-28,M,M,0.00,0.0,5
1983-12-29,M,M,0.50,T,5
1983-12-30,M,M,0.00,0.0,5
1983-12-31,M,M,0.00,0.0,4
1984-01-01,M,M,0.00,0.0,4
1984-01-02,M,M,0.06,0.5,4
1984-01-03,M,M,T,T,4
1984-01-04,M,M,0.00,0.0,4
1984-01-05,M,M,0.00,0.0,4
1984-01-06,M,M,0.07,1.5,6
1984-01-07,M,M,0.04,1.0,6
1984-01-08,M,M,T,T,6
1984-01-09,M,M,0.02,0.5,7
1984-01-10,M,M,0.27,4.0,11
1984-01-11,M,M,0.50,5.0,13
1984-01-12,M,M,0.00,0.0,13
1984-01-13,M,M,T,T,13
1984-01-14,M,M,0.07,3.0,14
1984-01-15,M,M,0.08,2.0,14
1984-01-16,M,M,0.00,0.0,14
1984-01-17,M,M,T,T,14
1984-01-18,M,M,T,T,14
1984-01-19,M,M,0.09,1.5,14
1984-01-20,M,M,0.00,0.0,14
1984-01-21,M,M,0.00,0.0,13
1984-01-22,M,M,0.00,0.0,13
1984-01-23,M,M,0.00,0.0,13
1984-01-24,M,M,0.02,0.3,13
1984-01-25,M,M,0.11,0.0,9
1984-01-26,M,M,0.00,0.0,9
1984-01-27,M,M,T,T,9
1984-01-28,M,M,0.00,0.0,8
1984-01-29,M,M,0.00,0.0,8
1984-01-30,M,M,T,T,8
1984-01-31,M,M,0.17,2.5,11
1984-02-01,M,M,M,M,M
1984-02-02,M,M,M,M,M
1984-02-03,M,M,M,M,M
1984-02-04,M,M,M,M,M
1984-02-05,M,M,M,M,M
1984-02-06,M,M,M,M,M
1984-02-07,M,M,M,M,M
1984-02-08,M,M,M,M,M
1984-02-09,M,M,M,M,M
1984-02-10,M,M,M,M,M
1984-02-11,M,M,M,M,M
1984-02-12,M,M,M,M,M
1984-02-13,M,M,M,M,M
1984-02-14,M,M,M,M,M
1984-02-15,M,M,M,M,M
1984-02-16,M,M,M,M,M
1984-02-17,M,M,M,M,M
1984-02-18,M,M,M,M,M
1984-02-19,M,M,M,M,M
1984-02-20,M,M,M,M,M
1984-02-21,M,M,M,M,M
1984-02-22,M,M,M,M,M
1984-02-23,M,M,M,M,M
1984-02-24,M,M,M,M,M
1984-02-25,M,M,M,M,M
1984-02-26,M,M,M,M,M
1984-02-27,M,M,M,M,M
1984-02-28,M,M,M,M,M
1984-02-29,M,M,M,M,M
1984-03-01,M,M,0.03,0.5,4
1984-03-02,M,M,0.04,1.0,5
1984-03-03,M,M,0.07,2.0,6
1984-03-04,M,M,0.00,0.0,5
1984-03-05,M,M,0.00,0.0,5
1984-03-06,M,M,0.33,2.0,5
1984-03-07,M,M,T,T,5
1984-03-08,M,M,T,T,5
1984-03-09,M,M,0.03,0.5,5
1984-03-10,M,M,0.00,0.0,5
1984-03-11,M,M,T,T,5
1984-03-12,M,M,T,T,5
1984-03-13,M,M,0.10,1.0,6
1984-03-14,M,M,0.94,10.0,16
1984-03-15,M,M,T,T,15
1984-03-16,M,M,0.00,0.0,15
1984-03-17,M,M,0.05,0.0,12
1984-03-18,M,M,0.00,0.0,10
1984-03-19,M,M,0.32,3.5,14
1984-03-20,M,M,0.04,1.0,14
1984-03-21,M,M,T,0.0,9
1984-03-22,M,M,0.15,0.0,8
1984-03-23,M,M,T,T,7
1984-03-24,M,M,T,T,5
1984-03-25,M,M,0.00,0.0,5
1984-03-26,M,M,0.00,0.0,5
1984-03-27,M,M,0.00,0.0,5
1984-03-28,M,M,0.00,0.0,5
1984-03-29,M,M,0.49,5.0,10
1984-03-30,M,M,0.84,8.0,16
1984-03-31,M,M,0.17,2.0,17
1984-04-01,M,M,0.00,0.0,15
1984-04-02,M,M,0.00,0.0,12
1984-04-03,M,M,0.00,0.0,10
1984-04-04,M,M,0.00,0.0,8
1984-04-05,M,M,0.38,T,8
1984-04-06,M,M,1.52,0.0,6
1984-04-07,M,M,0.11,T,6
1984-04-08,M,M,0.01,T,6
1984-04-09,M,M,0.00,0.0,6
1984-04-10,M,M,0.00,0.0,6
1984-04-11,M,M,0.00,0.0,6
1984-04-12,M,M,0.00,0.0,5
1984-04-13,M,M,0.00,0.0,3
1984-04-14,M,M,0.10,0.0,M
1984-04-15,M,M,0.67,0.0,M
1984-04-16,M,M,0.40,0.0,M
1984-04-17,M,M,0.59,0.0,M
1984-04-18,M,M,0.04,0.0,M
1984-04-19,M,M,0.12,0.0,M
1984-04-20,M,M,0.14,0.0,M
1984-04-21,M,M,0.04,0.0,M
1984-04-22,M,M,0.00,0.0,M
1984-04-23,M,M,0.00,0.0,M
1984-04-24,M,M,0.43,0.0,M
1984-04-25,M,M,0.26,0.0,M
1984-04-26,M,M,0.18,0.0,M
1984-04-27,M,M,0.00,0.0,M
1984-04-28,M,M,0.00,0.0,M
1984-04-29,M,M,0.06,0.0,M
1984-04-30,M,M,0.00,0.0,M
1984-05-01,M,M,0.01,0.0,0
1984-05-02,M,M,0.02,0.0,0
1984-05-03,M,M,0.00,0.0,0
1984-05-04,M,M,1.27,0.0,0
1984-05-05,M,M,0.13,0.0,0
1984-05-06,M,M,0.05,0.0,0
1984-05-07,M,M,0.00,0.0,0
1984-05-08,M,M,T,0.0,0
1984-05-09,M,M,0.30,0.0,0
1984-05-10,M,M,0.05,0.0,0
1984-05-11,M,M,0.00,0.0,0
1984-05-12,M,M,0.17,0.0,0
1984-05-13,M,M,0.24,0.0,0
1984-05-14,M,M,0.73,0.0,0
1984-05-15,M,M,0.02,0.0,0
1984-05-16,M,M,T,0.0,0
1984-05-17,M,M,0.01,T,0
1984-05-18,M,M,0.00,0.0,0
1984-05-19,M,M,0.00,0.0,0
1984-05-20,M,M,0.03,0.0,0
1984-05-21,M,M,0.27,0.0,0
1984-05-22,M,M,0.00,0.0,0
1984-05-23,M,M,0.00,0.0,0
1984-05-24,M,M,0.34,0.0,0
1984-05-25,M,M,0.00,0.0,0
1984-05-26,M,M,0.00,0.0,0
1984-05-27,M,M,0.00,0.0,0
1984-05-28,M,M,0.00,0.0,0
1984-05-29,M,M,2.23,0.0,0
1984-05-30,M,M,0.87,0.0,0
1984-05-31,M,M,0.21,0.0,0
1984-06-01,M,M,0.00,0.0,0
1984-06-02,M,M,0.00,0.0,0
1984-06-03,M,M,0.00,0.0,0
1984-06-04,M,M,0.00,0.0,0
1984-06-05,M,M,0.00,0.0,0
1984-06-06,M,M,0.00,0.0,0
1984-06-07,M,M,T,0.0,0
1984-06-08,M,M,0.00,0.0,0
1984-06-09,M,M,0.00,0.0,0
1984-06-10,M,M,0.00,0.0,0
1984-06-11,M,M,0.00,0.0,0
1984-06-12,M,M,0.00,0.0,0
1984-06-13,M,M,0.00,0.0,0
1984-06-14,M,M,0.08,0.0,0
1984-06-15,M,M,T,0.0,0
1984-06-16,M,M,0.00,0.0,0
1984-06-17,M,M,0.00,0.0,0
1984-06-18,M,M,0.00,0.0,0
1984-06-19,M,M,0.70,0.0,0
1984-06-20,M,M,0.00,0.0,0
1984-06-21,M,M,0.00,0.0,0
1984-06-22,M,M,0.00,0.0,0
1984-06-23,M,M,0.00,0.0,0
1984-06-24,M,M,0.00,0.0,0
1984-06-25,M,M,0.33,0.0,0
1984-06-26,M,M,0.00,0.0,0
1984-06-27,M,M,0.00,0.0,0
1984-06-28,M,M,0.02,0.0,0
1984-06-29,M,M,0.00,0.0,0
1984-06-30,M,M,0.93,0.0,0
1984-07-01,M,M,0.02,0.0,0
1984-07-02,M,M,0.15,0.0,0
1984-07-03,M,M,0.00,0.0,0
1984-07-04,M,M,0.00,0.0,0
1984-07-05,M,M,0.00,0.0,0
1984-07-06,M,M,0.00,0.0,0
1984-07-07,M,M,0.00,0.0,0
1984-07-08,M,M,0.00,0.0,0
1984-07-09,M,M,1.23,0.0,0
1984-07-10,M,M,0.00,0.0,0
1984-07-11,M,M,0.01,0.0,0
1984-07-12,M,M,0.10,0.0,0
1984-07-13,M,M,0.00,0.0,0
1984-07-14,M,M,0.00,0.0,0
1984-07-15,M,M,0.00,0.0,0
1984-07-16,M,M,0.00,0.0,0
1984-07-17,M,M,0.00,0.0,0
1984-07-18,M,M,0.00,0.0,0
1984-07-19,M,M,0.00,0.0,0
1984-07-20,M,M,0.00,0.0,0
1984-07-21,M,M,0.00,0.0,0
1984-07-22,M,M,0.46,0.0,0
1984-07-23,M,M,0.00,0.0,0
1984-07-24,M,M,0.00,0.0,0
1984-07-25,M,M,0.00,0.0,0
1984-07-26,M,M,0.00,0.0,0
1984-07-27,M,M,0.10,0.0,0
1984-07-28,M,M,1.25,0.0,0
1984-07-29,M,M,0.01,0.0,0
1984-07-30,M,M,0.00,0.0,0
1984-07-31,M,M,0.00,0.0,0
1984-08-01,M,M,0.00,0.0,0
1984-08-02,M,M,0.00,0.0,0
1984-08-03,M,M,T,0.0,0
1984-08-04,M,M,0.00,0.0,0
1984-08-05,M,M,0.00,0.0,0
1984-08-06,M,M,0.00,0.0,0
1984-08-07,M,M,0.00,0.0,0
1984-08-08,M,M,0.17,0.0,0
1984-08-09,M,M,0.00,0.0,0
1984-08-10,M,M,T,0.0,0
1984-08-11,M,M,S,0.0,0
1984-08-12,M,M,M,0.0,0
1984-08-13,M,M,0.41A,0.0,0
1984-08-14,M,M,0.00,0.0,0
1984-08-15,M,M,0.06,0.0,0
1984-08-16,M,M,0.00,0.0,0
1984-08-17,M,M,0.38,0.0,0
1984-08-18,M,M,S,0.0,0
1984-08-19,M,M,M,0.0,0
1984-08-20,M,M,0.53A,0.0,0
1984-08-21,M,M,0.00,0.0,0
1984-08-22,M,M,0.00,0.0,0
1984-08-23,M,M,0.27,0.0,0
1984-08-24,M,M,0.02,0.0,0
1984-08-25,M,M,0.01,0.0,0
1984-08-26,M,M,0.00,0.0,0
1984-08-27,M,M,0.00,0.0,0
1984-08-28,M,M,0.00,0.0,0
1984-08-29,M,M,0.00,0.0,0
1984-08-30,M,M,0.01,0.0,0
1984-08-31,M,M,0.32,0.0,0
1984-09-01,M,M,0.00,0.0,0
1984-09-02,M,M,0.00,0.0,0
1984-09-03,M,M,0.56,0.0,0
1984-09-04,M,M,0.05,0.0,0
1984-09-05,M,M,T,0.0,0
1984-09-06,M,M,0.00,0.0,0
1984-09-07,M,M,0.00,0.0,0
1984-09-08,M,M,0.00,0.0,0
1984-09-09,M,M,0.00,0.0,0
1984-09-10,M,M,0.00,0.0,0
1984-09-11,M,M,0.00,0.0,0
1984-09-12,M,M,0.20,0.0,0
1984-09-13,M,M,0.00,0.0,0
1984-09-14,M,M,0.33,0.0,0
1984-09-15,M,M,0.10,0.0,0
1984-09-16,M,M,0.57,0.0,0
1984-09-17,M,M,0.02,0.0,0
1984-09-18,M,M,0.00,0.0,0
1984-09-19,M,M,0.00,0.0,0
1984-09-20,M,M,0.00,0.0,0
1984-09-21,M,M,T,0.0,0
1984-09-22,M,M,0.00,0.0,0
1984-09-23,M,M,0.00,0.0,0
1984-09-24,M,M,0.03,0.0,0
1984-09-25,M,M,T,0.0,0
1984-09-26,M,M,T,0.0,0
1984-09-27,M,M,0.00,0.0,0
1984-09-28,M,M,0.00,0.0,0
1984-09-29,M,M,0.03,0.0,0
1984-09-30,M,M,0.01,0.0,0
1984-10-01,M,M,0.03,0.0,0
1984-10-02,M,M,0.55,0.0,0
1984-10-03,M,M,0.22,0.0,0
1984-10-04,M,M,0.15,0.0,0
1984-10-05,M,M,0.00,0.0,0
1984-10-06,M,M,0.00,0.0,0
1984-10-07,M,M,0.00,0.0,0
1984-10-08,M,M,0.00,0.0,0
1984-10-09,M,M,0.00,0.0,0
1984-10-10,M,M,T,0.0,0
1984-10-11,M,M,0.00,0.0,0
1984-10-12,M,M,0.00,0.0,0
1984-10-13,M,M,0.00,0.0,0
1984-10-14,M,M,0.00,0.0,0
1984-10-15,M,M,0.00,0.0,0
1984-10-16,M,M,0.00,0.0,0
1984-10-17,M,M,0.00,0.0,0
1984-10-18,M,M,0.00,0.0,0
1984-10-19,M,M,0.00,0.0,0
1984-10-20,M,M,0.36,0.0,0
1984-10-21,M,M,0.00,0.0,0
1984-10-22,M,M,0.15,0.0,0
1984-10-23,M,M,0.36,0.0,0
1984-10-24,M,M,0.05,0.0,0
1984-10-25,M,M,T,0.0,0
1984-10-26,M,M,0.24,0.0,0
1984-10-27,M,M,0.07,0.0,0
1984-10-28,M,M,0.03,0.0,0
1984-10-29,M,M,0.12,0.0,0
1984-10-30,M,M,T,0.0,0
1984-10-31,M,M,0.00,0.0,0
1984-11-01,M,M,0.00,0.0,0
1984-11-02,M,M,0.08,0.0,0
1984-11-03,M,M,0.02,0.0,0
1984-11-04,M,M,0.00,0.0,0
1984-11-05,M,M,0.10,0.0,0
1984-11-06,M,M,0.10,0.0,0
1984-11-07,M,M,T,0.0,0
1984-11-08,M,M,0.00,0.0,0
1984-11-09,M,M,0.00,0.0,0
1984-11-10,M,M,0.13,0.0,0
1984-11-11,M,M,0.00,0.0,0
1984-11-12,M,M,0.19,0.0,0
1984-11-13,M,M,0.60,7.0,M
1984-11-14,M,M,0.19,1.0,6
1984-11-15,M,M,0.00,0.0,4
1984-11-16,M,M,0.00,0.0,2
1984-11-17,M,M,T,T,2
1984-11-18,M,M,T,T,T
1984-11-19,M,M,T,T,T
1984-11-20,M,M,0.00,0.0,T
1984-11-21,M,M,T,T,T
1984-11-22,M,M,0.00,0.0,T
1984-11-23,M,M,0.00,0.0,T
1984-11-24,M,M,0.00,0.0,T
1984-11-25,M,M,T,0.0,T
1984-11-26,M,M,0.00,0.0,T
1984-11-27,M,M,0.00,0.0,T
1984-11-28,M,M,0.00,0.0,T
1984-11-29,M,M,0.87,T,0
1984-11-30,M,M,0.13,T,0
1984-12-01,M,M,0.32,0.0,0
1984-12-02,M,M,0.02,T,0
1984-12-03,M,M,0.00,0.0,0
1984-12-04,M,M,0.35,1.0,1
1984-12-05,M,M,T,T,1
1984-12-06,M,M,0.78,4.0,5
1984-12-07,M,M,0.10,1.2,6
1984-12-08,M,M,0.00,0.0,6
1984-12-09,M,M,T,T,6
1984-12-10,M,M,0.00,0.0,6
1984-12-11,M,M,T,0.0,5
1984-12-12,M,M,T,0.0,4
1984-12-13,M,M,0.00,0.0,2
1984-12-14,M,M,0.00,0.0,1
1984-12-15,M,M,T,0.0,0
1984-12-16,M,M,T,0.0,0
1984-12-17,M,M,0.05,0.0,0
1984-12-18,M,M,0.00,0.0,0
1984-12-19,M,M,0.00,0.0,0
1984-12-20,M,M,0.48,0.3,T
1984-12-21,M,M,0.00,0.0,T
1984-12-22,M,M,0.59,1.5,2
1984-12-23,M,M,0.00,0.0,1
1984-12-24,M,M,0.00,0.0,1
1984-12-25,M,M,T,T,1
1984-12-26,M,M,T,T,1
1984-12-27,M,M,0.02,0.3,1
1984-12-28,M,M,0.06,0.3,1
1984-12-29,M,M,0.05,0.0,0
1984-12-30,M,M,0.22,0.0,0
1984-12-31,M,M,0.00,0.0,0
1985-01-01,M,M,0.09,0.0,0
1985-01-02,M,M,0.11,0.0,0
1985-01-03,M,M,0.00,0.0,0
1985-01-04,M,M,0.00,0.0,0
1985-01-05,M,M,T,T,0
1985-01-06,M,M,0.00,0.0,0
1985-01-07,M,M,T,T,0
1985-01-08,M,M,0.11,2.5,3
1985-01-09,M,M,0.00,0.0,2
1985-01-10,M,M,0.00,0.0,2
1985-01-11,M,M,0.00,0.0,2
1985-01-12,M,M,0.00,0.0,2
1985-01-13,M,M,0.01,T,2
1985-01-14,M,M,0.01,0.5,2
1985-01-15,M,M,0.04,0.5,3
1985-01-16,M,M,0.00,0.0,3
1985-01-17,M,M,0.04,0.5,3
1985-01-18,M,M,0.10,1.5,4
1985-01-19,M,M,T,T,3
1985-01-20,M,M,0.04,1.5,4
1985-01-21,M,M,0.01,0.5,3
1985-01-22,M,M,0.00,0.0,3
1985-01-23,M,M,T,T,3
1985-01-24,M,M,T,T,3
1985-01-25,M,M,0.02,0.5,4
1985-01-26,M,M,0.01,0.5,4
1985-01-27,M,M,0.00,0.0,4
1985-01-28,M,M,0.00,0.0,4
1985-01-29,M,M,0.01,0.5,4
1985-01-30,M,M,T,T,4
1985-01-31,M,M,0.00,0.0,4
1985-02-01,M,M,0.13,1.0,5
1985-02-02,M,M,0.27,2.0,7
1985-02-03,M,M,0.15,2.0,9
1985-02-04,M,M,0.00,0.0,9
1985-02-05,M,M,0.00,0.0,8
1985-02-06,M,M,0.30,3.0,10
1985-02-07,M,M,0.08,2.0,12
1985-02-08,M,M,0.00,0.0,12
1985-02-09,M,M,0.07,0.5,10
1985-02-10,M,M,T,T,10
1985-02-11,M,M,T,T,10
1985-02-12,M,M,0.00,0.0,9
1985-02-13,M,M,0.77,0.5,8
1985-02-14,M,M,T,T,8
1985-02-15,M,M,0.00,0.0,8
1985-02-16,M,M,T,T,8
1985-02-17,M,M,0.00,0.0,M
1985-02-18,M,M,0.00,0.0,M
1985-02-19,M,M,0.00,0.0,M
1985-02-20,M,M,0.00,0.0,7
1985-02-21,M,M,0.00,0.0,7
1985-02-22,M,M,0.01,0.0,7
1985-02-23,M,M,0.03,0.0,4
1985-02-24,M,M,0.04,0.0,M
1985-02-25,M,M,T,T,T
1985-02-26,M,M,0.00,0.0,0
1985-02-27,M,M,T,0.0,0
1985-02-28,M,M,0.02,T,T
1985-03-01,M,M,0.00,0.0,0
1985-03-02,M,M,0.00,0.0,0
1985-03-03,M,M,0.00,0.0,0
1985-03-04,M,M,T,T,T
1985-03-05,M,M,1.31,5.5,4
1985-03-06,M,M,0.01,0.5,5
1985-03-07,M,M,0.00,0.0,4
1985-03-08,M,M,0.09,0.5,5
1985-03-09,M,M,0.03,0.3,4
1985-03-10,M,M,0.00,0.0,3
1985-03-11,M,M,0.00,0.0,3
1985-03-12,M,M,0.52,0.0,M
1985-03-13,M,M,0.24,0.8,1
1985-03-14,M,M,0.00,0.0,1
1985-03-15,M,M,T,T,1
1985-03-16,M,M,T,T,M
1985-03-17,M,M,0.00,0.0,M
1985-03-18,M,M,0.02,1.0,1
1985-03-19,M,M,0.00,0.0,M
1985-03-20,M,M,0.00,0.0,M
1985-03-21,M,M,0.00,0.0,T
1985-03-22,M,M,0.00,0.0,T
1985-03-23,M,M,0.00,0.0,T
1985-03-24,M,M,0.00,0.0,0
1985-03-25,M,M,0.00,0.0,0
1985-03-26,M,M,0.00,0.0,0
1985-03-27,M,M,0.00,0.0,0
1985-03-28,M,M,T,0.0,0
1985-03-29,M,M,0.14,0.0,0
1985-03-30,M,M,0.05,0.0,0
1985-03-31,M,M,T,0.0,0
1985-04-01,M,M,0.46,0.5,1
1985-04-02,M,M,0.31,1.5,2
1985-04-03,M,M,0.02,1.5,3
1985-04-04,M,M,0.14,1.0,4
1985-04-05,M,M,0.06,T,T
1985-04-06,M,M,T,T,0
1985-04-07,M,M,0.08,T,0
1985-04-08,M,M,T,T,T
1985-04-09,M,M,0.02,1.0,T
1985-04-10,M,M,0.00,0.0,0
1985-04-11,M,M,T,T,T
1985-04-12,M,M,T,T,0
1985-04-13,M,M,0.00,0.0,0
1985-04-14,M,M,0.01,T,0
1985-04-15,M,M,0.10,0.0,0
1985-04-16,M,M,0.01,0.0,0
1985-04-17,M,M,0.07,0.0,0
1985-04-18,M,M,0.01,0.5,1
1985-04-19,M,M,0.11,0.0,0
1985-04-20,M,M,0.22,0.0,0
1985-04-21,M,M,0.02,0.0,0
1985-04-22,M,M,0.00,0.0,0
1985-04-23,M,M,0.02,0.0,0
1985-04-24,M,M,0.00,0.0,0
1985-04-25,M,M,0.00,0.0,0
1985-04-26,M,M,0.03,0.0,0
1985-04-27,M,M,0.00,0.0,0
1985-04-28,M,M,0.00,0.0,0
1985-04-29,M,M,0.05,0.0,0
1985-04-30,M,M,0.00,0.0,0
1985-05-01,M,M,0.00,0.0,0
1985-05-02,M,M,0.00,0.0,0
1985-05-03,M,M,0.01,0.0,0
1985-05-04,M,M,T,0.0,0
1985-05-05,M,M,0.02,0.0,0
1985-05-06,M,M,0.27,0.0,0
1985-05-07,M,M,0.26,0.0,0
1985-05-08,M,M,0.04,0.0,0
1985-05-09,M,M,0.00,0.0,0
1985-05-10,M,M,0.00,0.0,0
1985-05-11,M,M,0.00,0.0,0
1985-05-12,M,M,0.00,0.0,0
1985-05-13,M,M,0.07,0.0,0
1985-05-14,M,M,0.00,0.0,0
1985-05-15,M,M,0.00,0.0,0
1985-05-16,M,M,0.01,0.0,0
1985-05-17,M,M,0.06,0.0,0
1985-05-18,M,M,1.31,0.0,0
1985-05-19,M,M,0.07,0.0,0
1985-05-20,M,M,0.01,0.0,0
1985-05-21,M,M,0.00,0.0,0
1985-05-22,M,M,0.00,0.0,0
1985-05-23,M,M,0.00,0.0,0
1985-05-24,M,M,0.00,0.0,0
1985-05-25,M,M,0.00,0.0,0
1985-05-26,M,M,S,0.0,0
1985-05-27,M,M,M,0.0,0
1985-05-28,M,M,0.33A,0.0,0
1985-05-29,M,M,0.49,0.0,0
1985-05-30,M,M,0.00,0.0,0
1985-05-31,M,M,0.34,0.0,0
1985-06-01,M,M,0.00,0.0,0
1985-06-02,M,M,T,0.0,0
1985-06-03,M,M,0.00,0.0,0
1985-06-04,M,M,0.00,0.0,0
1985-06-05,M,M,0.02,0.0,0
1985-06-06,M,M,0.19,0.0,0
1985-06-07,M,M,0.00,0.0,0
1985-06-08,M,M,0.00,0.0,0
1985-06-09,M,M,0.02,0.0,0
1985-06-10,M,M,0.06,0.0,0
1985-06-11,M,M,0.00,0.0,0
1985-06-12,M,M,0.06,0.0,0
1985-06-13,M,M,0.85,0.0,0
1985-06-14,M,M,0.17,0.0,0
1985-06-15,M,M,T,0.0,0
1985-06-16,M,M,0.08,0.0,0
1985-06-17,M,M,0.13,0.0,0
1985-06-18,M,M,0.20,0.0,0
1985-06-19,M,M,0.02,0.0,0
1985-06-20,M,M,T,0.0,0
1985-06-21,M,M,0.11,0.0,0
1985-06-22,M,M,T,0.0,0
1985-06-23,M,M,0.00,0.0,0
1985-06-24,M,M,0.00,0.0,0
1985-06-25,M,M,0.13,0.0,0
1985-06-26,M,M,0.08,0.0,0
1985-06-27,M,M,0.02,0.0,0
1985-06-28,M,M,0.17,0.0,0
1985-06-29,M,M,1.23,0.0,0
1985-06-30,M,M,0.02,0.0,0
1985-07-01,M,M,M,0.0,0
1985-07-02,M,M,M,0.0,0
1985-07-03,M,M,M,0.0,0
1985-07-04,M,M,M,0.0,0
1985-07-05,M,M,M,0.0,0
1985-07-06,M,M,M,0.0,0
1985-07-07,M,M,M,0.0,0
1985-07-08,M,M,M,0.0,0
1985-07-09,M,M,M,0.0,0
1985-07-10,M,M,M,0.0,0
1985-07-11,M,M,M,0.0,0
1985-07-12,M,M,M,0.0,0
1985-07-13,M,M,M,0.0,0
1985-07-14,M,M,M,0.0,0
1985-07-15,M,M,M,0.0,0
1985-07-16,M,M,M,0.0,0
1985-07-17,M,M,M,0.0,0
1985-07-18,M,M,M,0.0,0
1985-07-19,M,M,M,0.0,0
1985-07-20,M,M,M,0.0,0
1985-07-21,M,M,0.45,0.0,0
1985-07-22,M,M,0.04,0.0,0
1985-07-23,M,M,0.00,0.0,0
1985-07-24,M,M,0.00,0.0,0
1985-07-25,M,M,0.00,0.0,0
1985-07-26,M,M,0.00,0.0,0
1985-07-27,M,M,0.39,0.0,0
1985-07-28,M,M,0.00,0.0,0
1985-07-29,M,M,0.00,0.0,0
1985-07-30,M,M,0.00,0.0,0
1985-07-31,M,M,0.73,0.0,0
1985-08-01,M,M,T,0.0,0
1985-08-02,M,M,0.00,0.0,0
1985-08-03,M,M,0.00,0.0,0
1985-08-04,M,M,0.00,0.0,0
1985-08-05,M,M,0.00,0.0,0
1985-08-06,M,M,0.00,0.0,0
1985-08-07,M,M,0.00,0.0,0
1985-08-08,M,M,0.38,0.0,0
1985-08-09,M,M,0.27,0.0,0
1985-08-10,M,M,0.00,0.0,0
1985-08-11,M,M,0.00,0.0,0
1985-08-12,M,M,0.02,0.0,0
1985-08-13,M,M,0.00,0.0,0
1985-08-14,M,M,0.00,0.0,0
1985-08-15,M,M,0.00,0.0,0
1985-08-16,M,M,0.77,0.0,0
1985-08-17,M,M,0.01,0.0,0
1985-08-18,M,M,0.00,0.0,0
1985-08-19,M,M,0.00,0.0,0
1985-08-20,M,M,0.00,0.0,0
1985-08-21,M,M,0.00,0.0,0
1985-08-22,M,M,0.00,0.0,0
1985-08-23,M,M,0.00,0.0,0
1985-08-24,M,M,0.00,0.0,0
1985-08-25,M,M,0.31,0.0,0
1985-08-26,M,M,0.23,0.0,0
1985-08-27,M,M,0.04,0.0,0
1985-08-28,M,M,0.00,0.0,0
1985-08-29,M,M,T,0.0,0
1985-08-30,M,M,S,0.0,0
1985-08-31,M,M,0.54A,0.0,0
1985-09-01,M,M,0.00,0.0,0
1985-09-02,M,M,0.00,0.0,0
1985-09-03,M,M,0.40,0.0,0
1985-09-04,M,M,0.00,0.0,0
1985-09-05,M,M,0.55,0.0,0
1985-09-06,M,M,0.08,0.0,0
1985-09-07,M,M,0.20,0.0,0
1985-09-08,M,M,0.03,0.0,0
1985-09-09,M,M,0.00,0.0,0
1985-09-10,M,M,0.14,0.0,0
1985-09-11,M,M,0.13,0.0,0
1985-09-12,M,M,0.00,0.0,0
1985-09-13,M,M,T,0.0,0
1985-09-14,M,M,0.02,0.0,0
1985-09-15,M,M,0.00,0.0,0
1985-09-16,M,M,0.00,0.0,0
1985-09-17,M,M,0.00,0.0,0
1985-09-18,M,M,0.00,0.0,0
1985-09-19,M,M,0.00,0.0,0
1985-09-20,M,M,0.00,0.0,0
1985-09-21,M,M,0.00,0.0,0
1985-09-22,M,M,0.00,0.0,0
1985-09-23,M,M,0.00,0.0,0
1985-09-24,M,M,T,0.0,0
1985-09-25,M,M,0.10,0.0,0
1985-09-26,M,M,0.00,0.0,0
1985-09-27,M,M,0.93,0.0,0
1985-09-28,M,M,2.23,0.0,0
1985-09-29,M,M,0.00,0.0,0
1985-09-30,M,M,0.00,0.0,0
1985-10-01,M,M,0.00,0.0,0
1985-10-02,M,M,0.04,0.0,0
1985-10-03,M,M,0.05,0.0,0
1985-10-04,M,M,0.04,0.0,0
1985-10-05,M,M,0.02,0.0,0
1985-10-06,M,M,0.55,0.0,0
1985-10-07,M,M,0.00,0.0,0
1985-10-08,M,M,0.00,0.0,0
1985-10-09,M,M,0.00,0.0,0
1985-10-10,M,M,0.00,0.0,0
1985-10-11,M,M,0.03,0.0,0
1985-10-12,M,M,0.00,0.0,0
1985-10-13,M,M,0.21,0.0,0
1985-10-14,M,M,0.03,0.0,0
1985-10-15,M,M,0.11,0.0,0
1985-10-16,M,M,0.03,0.0,0
1985-10-17,M,M,0.00,0.0,0
1985-10-18,M,M,0.00,0.0,0
1985-10-19,M,M,T,0.0,0
1985-10-20,M,M,0.35,0.0,0
1985-10-21,M,M,0.00,0.0,0
1985-10-22,M,M,0.00,0.0,0
1985-10-23,M,M,0.00,0.0,0
1985-10-24,M,M,0.00,0.0,0
1985-10-25,M,M,0.19,0.0,0
1985-10-26,M,M,0.00,0.0,0
1985-10-27,M,M,0.00,0.0,0
1985-10-28,M,M,T,0.0,0
1985-10-29,M,M,0.00,0.0,0
1985-10-30,M,M,0.00,0.0,0
1985-10-31,M,M,0.00,0.0,0
1985-11-01,M,M,M,M,M
1985-11-02,M,M,M,M,M
1985-11-03,M,M,M,M,M
1985-11-04,M,M,M,M,M
1985-11-05,M,M,M,M,M
1985-11-06,M,M,M,M,M
1985-11-07,M,M,M,M,M
1985-11-08,M,M,M,M,M
1985-11-09,M,M,M,M,M
1985-11-10,M,M,M,M,M
1985-11-11,M,M,M,M,M
1985-11-12,M,M,M,M,M
1985-11-13,M,M,M,M,M
1985-11-14,M,M,M,M,M
1985-11-15,M,M,M,M,M
1985-11-16,M,M,M,M,M
1985-11-17,M,M,M,M,M
1985-11-18,M,M,M,M,M
1985-11-19,M,M,M,M,M
1985-11-20,M,M,M,M,M
1985-11-21,M,M,M,M,M
1985-11-22,M,M,M,M,M
1985-11-23,M,M,M,M,M
1985-11-24,M,M,M,M,M
1985-11-25,M,M,M,M,M
1985-11-26,M,M,M,M,M
1985-11-27,M,M,M,M,M
1985-11-28,M,M,M,M,M
1985-11-29,M,M,M,M,M
1985-11-30,M,M,M,M,M
1985-12-01,M,M,0.01,0.0,6
1985-12-02,M,M,0.40,0.0,4
1985-12-03,M,M,0.18,0.5,4
1985-12-04,M,M,0.00,0.0,4
1985-12-05,M,M,0.00,0.0,4
1985-12-06,M,M,0.16,2.0,6
1985-12-07,M,M,0.00,0.0,6
1985-12-08,M,M,0.00,0.0,6
1985-12-09,M,M,0.00,0.0,6
1985-12-10,M,M,T,T,6
1985-12-11,M,M,0.06,0.5,6
1985-12-12,M,M,0.27,0.0,5
1985-12-13,M,M,0.00,0.0,4
1985-12-14,M,M,0.49,3.0,7
1985-12-15,M,M,0.02,0.5,8
1985-12-16,M,M,T,T,8
1985-12-17,M,M,0.03,0.5,8
1985-12-18,M,M,T,T,8
1985-12-19,M,M,0.03,0.5,9
1985-12-20,M,M,0.00,0.0,9
1985-12-21,M,M,0.02,0.5,9
1985-12-22,M,M,0.01,0.5,9
1985-12-23,M,M,0.02,2.5,9
1985-12-24,M,M,0.00,0.0,9
1985-12-25,M,M,0.17,3.0,12
1985-12-26,M,M,T,T,12
1985-12-27,M,M,0.00,0.0,12
1985-12-28,M,M,0.07,0.5,11
1985-12-29,M,M,0.00,0.0,11
1985-12-30,M,M,T,T,11
1985-12-31,M,M,0.00,0.0,11
1986-01-01,M,M,T,T,11
1986-01-02,M,M,0.00,0.0,11
1986-01-03,M,M,0.00,0.0,11
1986-01-04,M,M,0.05,0.5,10
1986-01-05,M,M,0.19,2.5,12
1986-01-06,M,M,0.01,T,11
1986-01-07,M,M,0.02,1.0,12
1986-01-08,M,M,T,T,12
1986-01-09,M,M,0.00,0.0,12
1986-01-10,M,M,0.00,0.0,11
1986-01-11,M,M,T,T,11
1986-01-12,M,M,0.00,0.0,11
1986-01-13,M,M,0.00,0.0,11
1986-01-14,M,M,T,T,10
1986-01-15,M,M,0.00,0.0,10
1986-01-16,M,M,0.00,0.0,10
1986-01-17,M,M,0.00,0.0,10
1986-01-18,M,M,0.02,0.0,8
1986-01-19,M,M,T,0.0,7
1986-01-20,M,M,0.23,0.0,3
1986-01-21,M,M,0.18,1.5,3
1986-01-22,M,M,0.00,0.0,2
1986-01-23,M,M,T,0.0,2
1986-01-24,M,M,0.00,0.0,2
1986-01-25,M,M,0.00,0.0,2
1986-01-26,M,M,1.08,4.0,3
1986-01-27,M,M,1.34,13.0,16
1986-01-28,M,M,0.12,2.0,18
1986-01-29,M,M,0.00,0.0,15
1986-01-30,M,M,0.04,1.0,15
1986-01-31,M,M,T,T,14
1986-02-01,M,M,0.01,0.5,14
1986-02-02,M,M,0.75,5.0,18
1986-02-03,M,M,T,T,16
1986-02-04,M,M,0.00,0.0,16
1986-02-05,M,M,0.38,1.5,16
1986-02-06,M,M,T,T,16
1986-02-07,M,M,0.00,0.0,16
1986-02-08,M,M,0.20,2.0,18
1986-02-09,M,M,T,T,17
1986-02-10,M,M,T,T,17
1986-02-11,M,M,T,T,17
1986-02-12,M,M,T,T,17
1986-02-13,M,M,T,T,17
1986-02-14,M,M,0.00,0.0,17
1986-02-15,M,M,T,T,16
1986-02-16,M,M,S,M,M
1986-02-17,M,M,M,M,M
1986-02-18,M,M,0.22A,3.0,19
1986-02-19,M,M,0.24,0.0,16
1986-02-20,M,M,0.31,0.0,15
1986-02-21,M,M,0.08,0.0,15
1986-02-22,M,M,0.74,4.0,19
1986-02-23,M,M,T,T,18
1986-02-24,M,M,0.06,2.0,19
1986-02-25,M,M,T,T,19
1986-02-26,M,M,0.00,0.0,19
1986-02-27,M,M,0.00,0.0,19
1986-02-28,M,M,T,T,19
1986-03-01,M,M,T,T,M
1986-03-02,M,M,T,T,M
1986-03-03,M,M,0.00,0.0,M
1986-03-04,M,M,0.00,0.0,M
1986-03-05,M,M,T,T,M
1986-03-06,M,M,T,T,M
1986-03-07,M,M,0.04,0.5,M
1986-03-08,M,M,0.01,0.5,M
1986-03-09,M,M,M,1.0,M
1986-03-10,M,M,0.06,1.0,M
1986-03-11,M,M,0.09,0.0,M
1986-03-12,M,M,0.03,0.0,M
1986-03-13,M,M,0.02,0.0,M
1986-03-14,M,M,0.26,0.0,M
1986-03-15,M,M,2.36,1.5,M
1986-03-16,M,M,0.12,0.0,M
1986-03-17,M,M,T,T,M
1986-03-18,M,M,0.00,0.0,M
1986-03-19,M,M,0.13,0.0,M
1986-03-20,M,M,0.27,0.0,M
1986-03-21,M,M,0.00,0.0,M
1986-03-22,M,M,0.00,0.0,M
1986-03-23,M,M,0.00,0.0,M
1986-03-24,M,M,0.00,0.0,M
1986-03-25,M,M,0.00,0.0,M
1986-03-26,M,M,0.00,0.0,M
1986-03-27,M,M,T,0.0,M
1986-03-28,M,M,0.20,T,M
1986-03-29,M,M,0.00,0.0,M
1986-03-30,M,M,0.00,0.0,M
1986-03-31,M,M,0.00,0.0,M
1986-04-01,M,M,0.00,0.0,0
1986-04-02,M,M,0.00,0.0,0
1986-04-03,M,M,0.00,0.0,0
1986-04-04,M,M,0.00,0.0,0
1986-04-05,M,M,0.10,0.0,0
1986-04-06,M,M,0.06,0.0,0
1986-04-07,M,M,0.28,0.0,0
1986-04-08,M,M,0.05,0.0,0
1986-04-09,M,M,0.06,0.0,0
1986-04-10,M,M,0.04,0.5,1
1986-04-11,M,M,0.05,1.0,1
1986-04-12,M,M,0.04,0.5,1
1986-04-13,M,M,0.00,0.0,0
1986-04-14,M,M,0.00,0.0,0
1986-04-15,M,M,0.00,0.0,0
1986-04-16,M,M,0.15,0.0,0
1986-04-17,M,M,0.14,0.0,0
1986-04-18,M,M,0.00,0.0,0
1986-04-19,M,M,0.00,0.0,0
1986-04-20,M,M,0.00,0.0,0
1986-04-21,M,M,0.00,0.0,0
1986-04-22,M,M,0.20,0.0,0
1986-04-23,M,M,0.37,4.5,5
1986-04-24,M,M,0.02,1.0,4
1986-04-25,M,M,0.00,0.0,0
1986-04-26,M,M,0.18,0.0,0
1986-04-27,M,M,0.13,0.0,0
1986-04-28,M,M,0.00,0.0,0
1986-04-29,M,M,0.00,0.0,0
1986-04-30,M,M,0.28,0.0,0
1986-05-01,M,M,T,0.0,0
1986-05-02,M,M,0.11,0.0,0
1986-05-03,M,M,0.00,0.0,0
1986-05-04,M,M,0.00,0.0,0
1986-05-05,M,M,T,0.0,0
1986-05-06,M,M,T,0.0,0
1986-05-07,M,M,0.07,0.0,0
1986-05-08,M,M,0.00,0.0,0
1986-05-09,M,M,0.16,0.0,0
1986-05-10,M,M,0.00,0.0,0
1986-05-11,M,M,0.00,0.0,0
1986-05-12,M,M,T,0.0,0
1986-05-13,M,M,0.00,0.0,0
1986-05-14,M,M,0.00,0.0,0
1986-05-15,M,M,0.00,0.0,0
1986-05-16,M,M,0.02,0.0,0
1986-05-17,M,M,0.55,0.0,0
1986-05-18,M,M,0.01,0.0,0
1986-05-19,M,M,0.00,0.0,0
1986-05-20,M,M,0.42,0.0,0
1986-05-21,M,M,0.57,0.0,0
1986-05-22,M,M,1.06,0.0,0
1986-05-23,M,M,0.17,0.0,0
1986-05-24,M,M,0.14,0.0,0
1986-05-25,M,M,0.06,0.0,0
1986-05-26,M,M,0.00,0.0,0
1986-05-27,M,M,0.00,0.0,0
1986-05-28,M,M,0.00,0.0,0
1986-05-29,M,M,0.00,0.0,0
1986-05-30,M,M,0.00,0.0,0
1986-05-31,M,M,0.00,0.0,0
1986-06-01,M,M,0.43,0.0,0
1986-06-02,M,M,0.91,0.0,0
1986-06-03,M,M,0.08,0.0,0
1986-06-04,M,M,0.00,0.0,0
1986-06-05,M,M,0.01,0.0,0
1986-06-06,M,M,0.45,0.0,0
1986-06-07,M,M,1.14,0.0,0
1986-06-08,M,M,0.20,0.0,0
1986-06-09,M,M,0.01,0.0,0
1986-06-10,M,M,0.00,0.0,0
1986-06-11,M,M,0.00,0.0,0
1986-06-12,M,M,0.24,0.0,0
1986-06-13,M,M,0.54,0.0,0
1986-06-14,M,M,T,0.0,0
1986-06-15,M,M,T,0.0,0
1986-06-16,M,M,0.00,0.0,0
1986-06-17,M,M,0.11,0.0,0
1986-06-18,M,M,0.00,0.0,0
1986-06-19,M,M,0.00,0.0,0
1986-06-20,M,M,1.58,0.0,0
1986-06-21,M,M,0.09,0.0,0
1986-06-22,M,M,0.00,0.0,0
1986-06-23,M,M,0.06,0.0,0
1986-06-24,M,M,0.00,0.0,0
1986-06-25,M,M,T,0.0,0
1986-06-26,M,M,M,0.0,0
1986-06-27,M,M,M,0.0,0
1986-06-28,M,M,M,0.0,0
1986-06-29,M,M,M,0.0,0
1986-06-30,M,M,M,0.0,0
1986-07-01,M,M,M,M,M
1986-07-02,M,M,M,M,M
1986-07-03,M,M,M,M,M
1986-07-04,M,M,M,M,M
1986-07-05,M,M,M,M,M
1986-07-06,M,M,M,M,M
1986-07-07,M,M,M,M,M
1986-07-08,M,M,M,M,M
1986-07-09,M,M,M,M,M
1986-07-10,M,M,M,M,M
1986-07-11,M,M,M,M,M
1986-07-12,M,M,M,M,M
1986-07-13,M,M,M,M,M
1986-07-14,M,M,M,M,M
1986-07-15,M,M,M,M,M
1986-07-16,M,M,M,M,M
1986-07-17,M,M,M,M,M
1986-07-18,M,M,M,M,M
1986-07-19,M,M,M,M,M
1986-07-20,M,M,M,M,M
1986-07-21,M,M,M,M,M
1986-07-22,M,M,M,M,M
1986-07-23,M,M,M,M,M
1986-07-24,M,M,M,M,M
1986-07-25,M,M,M,M,M
1986-07-26,M,M,M,M,M
1986-07-27,M,M,M,M,M
1986-07-28,M,M,M,M,M
1986-07-29,M,M,M,M,M
1986-07-30,M,M,M,M,M
1986-07-31,M,M,M,M,M
1986-08-01,M,M,0.11,0.0,0
1986-08-02,M,M,0.24,0.0,0
1986-08-03,M,M,0.02,0.0,0
1986-08-04,M,M,0.23,0.0,0
1986-08-05,M,M,0.00,0.0,0
1986-08-06,M,M,0.00,0.0,0
1986-08-07,M,M,0.09,0.0,0
1986-08-08,M,M,0.17,0.0,0
1986-08-09,M,M,S,0.0,0
1986-08-10,M,M,M,0.0,0
1986-08-11,M,M,0.14A,0.0,0
1986-08-12,M,M,0.00,0.0,0
1986-08-13,M,M,0.01,0.0,0
1986-08-14,M,M,0.00,0.0,0
1986-08-15,M,M,0.00,0.0,0
1986-08-16,M,M,0.62,0.0,0
1986-08-17,M,M,0.03,0.0,0
1986-08-18,M,M,0.14,0.0,0
1986-08-19,M,M,0.07,0.0,0
1986-08-20,M,M,0.00,0.0,0
1986-08-21,M,M,0.00,0.0,0
1986-08-22,M,M,T,0.0,0
1986-08-23,M,M,0.00,0.0,0
1986-08-24,M,M,0.19,0.0,0
1986-08-25,M,M,0.01,0.0,0
1986-08-26,M,M,0.00,0.0,0
1986-08-27,M,M,0.30,0.0,0
1986-08-28,M,M,0.00,0.0,0
1986-08-29,M,M,0.00,0.0,0
1986-08-30,M,M,T,0.0,0
1986-08-31,M,M,0.00,0.0,0
1986-09-01,M,M,0.00,0.0,0
1986-09-02,M,M,0.00,0.0,0
1986-09-03,M,M,0.00,0.0,0
1986-09-04,M,M,0.00,0.0,0
1986-09-05,M,M,0.06,0.0,0
1986-09-06,M,M,0.17,0.0,0
1986-09-07,M,M,0.00,0.0,0
1986-09-08,M,M,0.01,0.0,0
1986-09-09,M,M,0.00,0.0,0
1986-09-10,M,M,0.00,0.0,0
1986-09-11,M,M,0.00,0.0,0
1986-09-12,M,M,0.07,0.0,0
1986-09-13,M,M,0.01,0.0,0
1986-09-14,M,M,0.00,0.0,0
1986-09-15,M,M,0.00,0.0,0
1986-09-16,M,M,0.22,0.0,0
1986-09-17,M,M,0.00,0.0,0
1986-09-18,M,M,0.00,0.0,0
1986-09-19,M,M,0.01,0.0,0
1986-09-20,M,M,0.01,0.0,0
1986-09-21,M,M,0.23,0.0,0
1986-09-22,M,M,0.02,0.0,0
1986-09-23,M,M,0.19,0.0,0
1986-09-24,M,M,0.58,0.0,0
1986-09-25,M,M,0.00,0.0,0
1986-09-26,M,M,0.00,0.0,0
1986-09-27,M,M,0.25,0.0,0
1986-09-28,M,M,0.00,0.0,0
1986-09-29,M,M,T,0.0,0
1986-09-30,M,M,0.05,0.0,0
1986-10-01,M,M,0.24,0.0,0
1986-10-02,M,M,0.09,0.0,0
1986-10-03,M,M,0.01,0.0,0
1986-10-04,M,M,0.74,0.0,0
1986-10-05,M,M,0.26,0.0,0
1986-10-06,M,M,0.02,0.0,0
1986-10-07,M,M,0.04,0.0,0
1986-10-08,M,M,0.01,0.0,0
1986-10-09,M,M,0.00,0.0,0
1986-10-10,M,M,0.01,0.0,0
1986-10-11,M,M,0.02,0.0,0
1986-10-12,M,M,0.00,0.0,0
1986-10-13,M,M,0.00,0.0,0
1986-10-14,M,M,0.21,0.0,0
1986-10-15,M,M,0.14,0.0,0
1986-10-16,M,M,T,0.0,0
1986-10-17,M,M,0.00,0.0,0
1986-10-18,M,M,T,0.0,0
1986-10-19,M,M,0.00,0.0,0
1986-10-20,M,M,0.00,0.0,0
1986-10-21,M,M,0.00,0.0,0
1986-10-22,M,M,0.01,0.0,0
1986-10-23,M,M,0.00,0.0,0
1986-10-24,M,M,0.03,0.0,0
1986-10-25,M,M,0.00,0.0,0
1986-10-26,M,M,0.09,0.0,0
1986-10-27,M,M,0.34,0.0,0
1986-10-28,M,M,0.03,0.0,0
1986-10-29,M,M,0.01,0.0,0
1986-10-30,M,M,0.00,0.0,0
1986-10-31,M,M,0.04,0.0,0
1986-11-01,M,M,0.00,0.0,0
1986-11-02,M,M,0.11,0.0,0
1986-11-03,M,M,0.04,0.0,0
1986-11-04,M,M,0.00,0.0,0
1986-11-05,M,M,0.00,0.0,0
1986-11-06,M,M,0.52,0.8,M
1986-11-07,M,M,0.26,0.0,0
1986-11-08,M,M,0.09,0.0,0
1986-11-09,M,M,0.54,0.0,0
1986-11-10,M,M,0.05,0.0,0
1986-11-11,M,M,0.00,0.0,0
1986-11-12,M,M,0.24,2.0,M
1986-11-13,M,M,T,T,M
1986-11-14,M,M,T,T,M
1986-11-15,M,M,T,T,M
1986-11-16,M,M,0.00,0.0,0
1986-11-17,M,M,0.00,0.0,0
1986-11-18,M,M,0.00,0.0,0
1986-11-19,M,M,0.80,9.5,M
1986-11-20,M,M,T,T,M
1986-11-21,M,M,1.26,2.0,M
1986-11-22,M,M,0.06,0.5,M
1986-11-23,M,M,0.00,0.0,M
1986-11-24,M,M,0.11,0.0,M
1986-11-25,M,M,T,0.0,M
1986-11-26,M,M,T,0.0,M
1986-11-27,M,M,0.74,0.0,M
1986-11-28,M,M,0.00,0.0,M
1986-11-29,M,M,0.00,0.0,M
1986-11-30,M,M,0.00,0.0,M
1986-12-01,M,M,0.00,0.0,M
1986-12-02,M,M,0.00,0.0,M
1986-12-03,M,M,1.02,4.5,3
1986-12-04,M,M,0.02,0.0,M
1986-12-05,M,M,T,T,M
1986-12-06,M,M,0.00,0.0,M
1986-12-07,M,M,0.00,0.0,M
1986-12-08,M,M,T,T,M
1986-12-09,M,M,0.10,1.0,2
1986-12-10,M,M,0.09,0.0,M
1986-12-11,M,M,0.00,0.0,M
1986-12-12,M,M,0.00,0.0,M
1986-12-13,M,M,T,T,M
1986-12-14,M,M,0.00,0.0,M
1986-12-15,M,M,0.00,0.0,M
1986-12-16,M,M,T,0.0,M
1986-12-17,M,M,0.06,1.0,M
1986-12-18,M,M,0.03,0.5,M
1986-12-19,M,M,1.37,12.5,M
1986-12-20,M,M,T,T,12
1986-12-21,M,M,0.00,0.0,12
1986-12-22,M,M,0.00,0.0,12
1986-12-23,M,M,0.00,0.0,11
1986-12-24,M,M,0.00,0.0,11
1986-12-25,M,M,0.48,0.0,M
1986-12-26,M,M,0.20,T,8
1986-12-27,M,M,T,0.0,8
1986-12-28,M,M,0.00,0.0,8
1986-12-29,M,M,0.00,0.0,8
1986-12-30,M,M,0.00,0.0,8
1986-12-31,M,M,T,T,8
1987-01-01,M,M,0.00,0.0,8
1987-01-02,M,M,S,M,M
1987-01-03,M,M,M,M,M
1987-01-04,M,M,0.80A,11.0,M
1987-01-05,M,M,0.00,0.0,15
1987-01-06,M,M,0.00,0.0,14
1987-01-07,M,M,0.00,0.0,14
1987-01-08,M,M,T,T,12
1987-01-09,M,M,0.06,1.0,13
1987-01-10,M,M,0.02,0.5,14
1987-01-11,M,M,0.63,7.5,22
1987-01-12,M,M,0.21,4.0,22
1987-01-13,M,M,0.01,0.5,22
1987-01-14,M,M,0.00,0.0,21
1987-01-15,M,M,0.03,0.0,17
1987-01-16,M,M,0.01,0.0,14
1987-01-17,M,M,0.00,0.0,14
1987-01-18,M,M,0.00,0.0,14
1987-01-19,M,M,0.08,2.5,15
1987-01-20,M,M,0.61,6.5,21
1987-01-21,M,M,T,T,22
1987-01-22,M,M,T,T,22
1987-01-23,M,M,1.39,18.0,32
1987-01-24,M,M,T,0.0,32
1987-01-25,M,M,0.00,0.0,31
1987-01-26,M,M,0.00,0.0,30
1987-01-27,M,M,0.00,0.0,28
1987-01-28,M,M,T,T,28
1987-01-29,M,M,T,T,28
1987-01-30,M,M,T,T,28
1987-01-31,M,M,0.31,5.5,30
1987-02-01,M,M,0.00,0.0,30
1987-02-02,M,M,T,T,29
1987-02-03,M,M,0.02,0.5,27
1987-02-04,M,M,0.02,T,27
1987-02-05,M,M,0.10,2.5,29
1987-02-06,M,M,T,T,28
1987-02-07,M,M,0.00,0.0,27
1987-02-08,M,M,0.02,0.5,27
1987-02-09,M,M,0.05,0.5,26
1987-02-10,M,M,0.04,0.5,27
1987-02-11,M,M,0.01,0.5,27
1987-02-12,M,M,0.00,0.0,27
1987-02-13,M,M,0.04,1.5,28
1987-02-14,M,M,T,T,27
1987-02-15,M,M,0.00,0.0,27
1987-02-16,M,M,0.00,0.0,27
1987-02-17,M,M,0.00,0.0,27
1987-02-18,M,M,0.00,0.0,27
1987-02-19,M,M,0.00,0.0,26
1987-02-20,M,M,0.00,0.0,26
1987-02-21,M,M,0.00,0.0,26
1987-02-22,M,M,0.00,0.0,26
1987-02-23,M,M,0.05,0.5,25
1987-02-24,M,M,T,T,25
1987-02-25,M,M,0.00,0.0,25
1987-02-26,M,M,0.00,0.0,25
1987-02-27,M,M,0.00,0.0,25
1987-02-28,M,M,0.00,0.0,25
1987-03-01,M,M,0.53,0.0,25
1987-03-02,M,M,0.95,0.0,24
1987-03-03,M,M,0.06,0.3,23
1987-03-04,M,M,0.01,0.5,24
1987-03-05,M,M,0.00,0.0,24
1987-03-06,M,M,0.00,0.0,23
1987-03-07,M,M,0.00,0.0,23
1987-03-08,M,M,0.00,0.0,20
1987-03-09,M,M,0.00,0.0,16
1987-03-10,M,M,0.00,0.0,M
1987-03-11,M,M,0.00,0.0,M
1987-03-12,M,M,0.00,0.0,M
1987-03-13,M,M,T,T,M
1987-03-14,M,M,0.00,0.0,M
1987-03-15,M,M,0.00,0.0,M
1987-03-16,M,M,0.00,0.0,M
1987-03-17,M,M,T,T,15
1987-03-18,M,M,0.00,0.0,15
1987-03-19,M,M,0.00,0.0,15
1987-03-20,M,M,0.05,0.8,16
1987-03-21,M,M,0.18,1.5,18
1987-03-22,M,M,0.47,4.5,21
1987-03-23,M,M,T,T,17
1987-03-24,M,M,0.00,0.0,15
1987-03-25,M,M,0.00,0.0,13
1987-03-26,M,M,0.03,0.0,11
1987-03-27,M,M,0.02,0.0,10
1987-03-28,M,M,T,0.0,M
1987-03-29,M,M,0.00,0.0,M
1987-03-30,M,M,0.00,0.0,M
1987-03-31,M,M,0.09,0.0,M
1987-04-01,M,M,0.30,0.0,0
1987-04-02,M,M,0.00,0.0,0
1987-04-03,M,M,0.06,1.0,1
1987-04-04,M,M,0.22,0.0,0
1987-04-05,M,M,2.17,0.0,0
1987-04-06,M,M,0.35,0.0,0
1987-04-07,M,M,0.95,0.0,0
1987-04-08,M,M,0.28,0.0,0
1987-04-09,M,M,T,T,0
1987-04-10,M,M,0.00,0.0,0
1987-04-11,M,M,0.00,0.0,0
1987-04-12,M,M,0.25,0.0,0
1987-04-13,M,M,0.93,0.0,0
1987-04-14,M,M,0.30,0.0,0
1987-04-15,M,M,0.00,0.0,0
1987-04-16,M,M,0.00,0.0,0
1987-04-17,M,M,0.02,0.0,0
1987-04-18,M,M,0.43,0.0,0
1987-04-19,M,M,T,0.0,0
1987-04-20,M,M,0.00,0.0,0
1987-04-21,M,M,0.00,0.0,0
1987-04-22,M,M,0.00,0.0,0
1987-04-23,M,M,0.00,0.0,0
1987-04-24,M,M,T,0.0,0
1987-04-25,M,M,0.22,0.0,0
1987-04-26,M,M,0.00,0.0,0
1987-04-27,M,M,0.00,0.0,0
1987-04-28,M,M,0.07,1.0,1
1987-04-29,M,M,0.02,T,0
1987-04-30,M,M,0.15,T,0
1987-05-01,M,M,0.04,T,0
1987-05-02,M,M,0.00,0.0,0
1987-05-03,M,M,0.00,0.0,0
1987-05-04,M,M,T,0.0,0
1987-05-05,M,M,0.02,0.0,0
1987-05-06,M,M,0.39,T,0
1987-05-07,M,M,0.08,0.0,0
1987-05-08,M,M,0.00,0.0,0
1987-05-09,M,M,0.00,0.0,0
1987-05-10,M,M,0.00,0.0,0
1987-05-11,M,M,0.00,0.0,0
1987-05-12,M,M,0.03,0.0,0
1987-05-13,M,M,0.03,0.0,0
1987-05-14,M,M,0.00,0.0,0
1987-05-15,M,M,T,0.0,0
1987-05-16,M,M,T,0.0,0
1987-05-17,M,M,0.00,0.0,0
1987-05-18,M,M,0.00,0.0,0
1987-05-19,M,M,0.22,0.0,0
1987-05-20,M,M,0.05,0.0,0
1987-05-21,M,M,0.02,0.0,0
1987-05-22,M,M,0.00,0.0,0
1987-05-23,M,M,T,0.0,0
1987-05-24,M,M,0.35,0.0,0
1987-05-25,M,M,0.00,0.0,0
1987-05-26,M,M,0.00,0.0,0
1987-05-27,M,M,0.23,0.0,0
1987-05-28,M,M,0.03,0.0,0
1987-05-29,M,M,0.08,0.0,0
1987-05-30,M,M,0.00,0.0,0
1987-05-31,M,M,0.00,0.0,0
1987-06-01,M,M,0.00,0.0,0
1987-06-02,M,M,T,0.0,0
1987-06-03,M,M,0.13,0.0,0
1987-06-04,M,M,0.05,0.0,0
1987-06-05,M,M,0.73,0.0,0
1987-06-06,M,M,0.00,0.0,0
1987-06-07,M,M,T,0.0,0
1987-06-08,M,M,0.13,0.0,0
1987-06-09,M,M,0.03,0.0,0
1987-06-10,M,M,T,0.0,0
1987-06-11,M,M,0.00,0.0,0
1987-06-12,M,M,0.04,0.0,0
1987-06-13,M,M,0.08,0.0,0
1987-06-14,M,M,0.03,0.0,0
1987-06-15,M,M,0.00,0.0,0
1987-06-16,M,M,0.00,0.0,0
1987-06-17,M,M,0.00,0.0,0
1987-06-18,M,M,0.00,0.0,0
1987-06-19,M,M,0.00,0.0,0
1987-06-20,M,M,0.00,0.0,0
1987-06-21,M,M,0.00,0.0,0
1987-06-22,M,M,0.14,0.0,0
1987-06-23,M,M,0.46,0.0,0
1987-06-24,M,M,0.10,0.0,0
1987-06-25,M,M,0.00,0.0,0
1987-06-26,M,M,0.00,0.0,0
1987-06-27,M,M,0.59,0.0,0
1987-06-28,M,M,0.25,0.0,0
1987-06-29,M,M,0.00,0.0,0
1987-06-30,M,M,0.05,0.0,0
1987-07-01,M,M,T,0.0,0
1987-07-02,M,M,S,0.0,0
1987-07-03,M,M,M,0.0,0
1987-07-04,M,M,M,0.0,0
1987-07-05,M,M,M,0.0,0
1987-07-06,M,M,M,0.0,0
1987-07-07,M,M,0.89A,0.0,0
1987-07-08,M,M,0.11,0.0,0
1987-07-09,M,M,0.09,0.0,0
1987-07-10,M,M,0.00,0.0,0
1987-07-11,M,M,0.00,0.0,0
1987-07-12,M,M,0.08,0.0,0
1987-07-13,M,M,0.00,0.0,0
1987-07-14,M,M,0.02,0.0,0
1987-07-15,M,M,0.46,0.0,0
1987-07-16,M,M,0.00,0.0,0
1987-07-17,M,M,0.00,0.0,0
1987-07-18,M,M,0.00,0.0,0
1987-07-19,M,M,0.00,0.0,0
1987-07-20,M,M,0.00,0.0,0
1987-07-21,M,M,0.08,0.0,0
1987-07-22,M,M,0.00,0.0,0
1987-07-23,M,M,0.00,0.0,0
1987-07-24,M,M,0.00,0.0,0
1987-07-25,M,M,T,0.0,0
1987-07-26,M,M,0.24,0.0,0
1987-07-27,M,M,0.01,0.0,0
1987-07-28,M,M,0.00,0.0,0
1987-07-29,M,M,0.00,0.0,0
1987-07-30,M,M,0.00,0.0,0
1987-07-31,M,M,0.51,0.0,0
1987-08-01,M,M,0.00,0.0,0
1987-08-02,M,M,0.00,0.0,0
1987-08-03,M,M,0.34,0.0,0
1987-08-04,M,M,T,0.0,0
1987-08-05,M,M,0.00,0.0,0
1987-08-06,M,M,0.07,0.0,0
1987-08-07,M,M,T,0.0,0
1987-08-08,M,M,S,0.0,0
1987-08-09,M,M,M,0.0,0
1987-08-10,M,M,1.35A,0.0,0
1987-08-11,M,M,0.01,0.0,0
1987-08-12,M,M,0.00,0.0,0
1987-08-13,M,M,0.00,0.0,0
1987-08-14,M,M,0.00,0.0,0
1987-08-15,M,M,0.00,0.0,0
1987-08-16,M,M,0.00,0.0,0
1987-08-17,M,M,0.00,0.0,0
1987-08-18,M,M,0.00,0.0,0
1987-08-19,M,M,0.00,0.0,0
1987-08-20,M,M,0.15,0.0,0
1987-08-21,M,M,0.00,0.0,0
1987-08-22,M,M,0.00,0.0,0
1987-08-23,M,M,0.02,0.0,0
1987-08-24,M,M,0.00,0.0,0
1987-08-25,M,M,0.00,0.0,0
1987-08-26,M,M,0.00,0.0,0
1987-08-27,M,M,0.35,0.0,0
1987-08-28,M,M,0.70,0.0,0
1987-08-29,M,M,0.68,0.0,0
1987-08-30,M,M,0.06,0.0,0
1987-08-31,M,M,0.01,0.0,0
1987-09-01,M,M,0.13,0.0,0
1987-09-02,M,M,T,0.0,0
1987-09-03,M,M,T,0.0,0
1987-09-04,M,M,S,0.0,0
1987-09-05,M,M,M,0.0,0
1987-09-06,M,M,M,0.0,0
1987-09-07,M,M,M,0.0,0
1987-09-08,M,M,0.20A,0.0,0
1987-09-09,M,M,1.80,0.0,0
1987-09-10,M,M,T,0.0,0
1987-09-11,M,M,0.00,0.0,0
1987-09-12,M,M,0.01,0.0,0
1987-09-13,M,M,0.24,0.0,0
1987-09-14,M,M,0.90,0.0,0
1987-09-15,M,M,0.00,0.0,0
1987-09-16,M,M,0.03,0.0,0
1987-09-17,M,M,0.02,0.0,0
1987-09-18,M,M,0.32,0.0,0
1987-09-19,M,M,0.90,0.0,0
1987-09-20,M,M,0.18,0.0,0
1987-09-21,M,M,0.04,0.0,0
1987-09-22,M,M,0.00,0.0,0
1987-09-23,M,M,0.01,0.0,0
1987-09-24,M,M,0.00,0.0,0
1987-09-25,M,M,T,0.0,0
1987-09-26,M,M,0.00,0.0,0
1987-09-27,M,M,0.00,0.0,0
1987-09-28,M,M,T,0.0,0
1987-09-29,M,M,T,0.0,0
1987-09-30,M,M,0.00,0.0,0
1987-10-01,M,M,0.50,0.0,0
1987-10-02,M,M,T,0.0,0
1987-10-03,M,M,0.15,0.0,0
1987-10-04,M,M,1.01,7.0,M
1987-10-05,M,M,0.61,7.0,8
1987-10-06,M,M,0.00,0.0,3
1987-10-07,M,M,0.30,0.0,0
1987-10-08,M,M,T,0.0,T
1987-10-09,M,M,0.01,0.0,0
1987-10-10,M,M,0.00,0.0,0
1987-10-11,M,M,0.20,T,T
1987-10-12,M,M,0.18,1.5,T
1987-10-13,M,M,0.00,0.0,0
1987-10-14,M,M,0.00,0.0,0
1987-10-15,M,M,0.00,0.0,0
1987-10-16,M,M,0.00,0.0,0
1987-10-17,M,M,0.00,0.0,0
1987-10-18,M,M,0.00,0.0,0
1987-10-19,M,M,0.00,0.0,0
1987-10-20,M,M,0.00,0.0,0
1987-10-21,M,M,0.19,0.0,0
1987-10-22,M,M,0.09,0.0,0
1987-10-23,M,M,0.03,0.0,0
1987-10-24,M,M,T,0.0,0
1987-10-25,M,M,0.10,0.0,0
1987-10-26,M,M,0.00,0.0,0
1987-10-27,M,M,0.00,0.0,0
1987-10-28,M,M,1.75,0.0,0
1987-10-29,M,M,0.03,0.0,0
1987-10-30,M,M,0.04,0.0,T
1987-10-31,M,M,0.00,0.0,0
1987-11-01,M,M,0.00,0.0,0
1987-11-02,M,M,0.00,0.0,0
1987-11-03,M,M,0.00,0.0,0
1987-11-04,M,M,0.02,0.0,0
1987-11-05,M,M,0.03,0.0,0
1987-11-06,M,M,0.08,1.0,1
1987-11-07,M,M,T,0.5,1
1987-11-08,M,M,0.03,1.0,1
1987-11-09,M,M,0.04,0.0,0
1987-11-10,M,M,0.06,T,T
1987-11-11,M,M,0.37,5.0,5
1987-11-12,M,M,0.37,4.0,6
1987-11-13,M,M,0.00,0.0,5
1987-11-14,M,M,0.00,0.0,3
1987-11-15,M,M,0.00,0.0,T
1987-11-16,M,M,0.00,0.0,T
1987-11-17,M,M,0.00,0.0,T
1987-11-18,M,M,0.16,0.0,0
1987-11-19,M,M,0.00,0.0,0
1987-11-20,M,M,T,0.0,0
1987-11-21,M,M,0.07,1.1,T
1987-11-22,M,M,0.00,0.0,T
1987-11-23,M,M,0.00,0.0,T
1987-11-24,M,M,0.00,0.0,0
1987-11-25,M,M,T,0.0,0
1987-11-26,M,M,0.04,0.0,0
1987-11-27,M,M,0.05,T,T
1987-11-28,M,M,0.00,0.0,0
1987-11-29,M,M,0.01,0.0,0
1987-11-30,M,M,0.56,0.0,0
1987-12-01,M,M,T,0.0,0
1987-12-02,M,M,0.05,T,T
1987-12-03,M,M,0.02,1.0,1
1987-12-04,M,M,0.05,1.0,2
1987-12-05,M,M,0.17,1.5,3
1987-12-06,M,M,T,T,3
1987-12-07,M,M,0.00,0.0,2
1987-12-08,M,M,0.00,0.0,2
1987-12-09,M,M,0.00,0.0,1
1987-12-10,M,M,0.04,0.0,0
1987-12-11,M,M,0.00,0.0,0
1987-12-12,M,M,0.00,0.0,0
1987-12-13,M,M,0.04,1.5,1
1987-12-14,M,M,T,T,1
1987-12-15,M,M,0.00,0.0,T
1987-12-16,M,M,0.46,2.0,2
1987-12-17,M,M,0.05,1.0,3
1987-12-18,M,M,T,T,3
1987-12-19,M,M,0.00,0.0,2
1987-12-20,M,M,0.13,0.5,3
1987-12-21,M,M,0.12,T,3
1987-12-22,M,M,0.00,0.0,3
1987-12-23,M,M,0.00,0.0,3
1987-12-24,M,M,T,T,3
1987-12-25,M,M,0.03,0.0,2
1987-12-26,M,M,0.01,0.0,1
1987-12-27,M,M,0.03,0.5,1
1987-12-28,M,M,0.00,0.0,1
1987-12-29,M,M,0.24,4.5,5
1987-12-30,M,M,0.10,4.0,7
1987-12-31,M,M,0.00,0.0,5
1988-01-01,M,M,0.11,2.5,6
1988-01-02,M,M,0.00,0.0,4
1988-01-03,M,M,0.00,0.0,4
1988-01-04,M,M,0.01,0.5,5
1988-01-05,M,M,0.06,1.5,6
1988-01-06,M,M,0.00,0.0,6
1988-01-07,M,M,T,T,6
1988-01-08,M,M,0.02,0.5,6
1988-01-09,M,M,0.30,4.0,10
1988-01-10,M,M,0.00,0.0,9
1988-01-11,M,M,0.00,0.0,8
1988-01-12,M,M,0.00,0.0,8
1988-01-13,M,M,0.02,0.5,8
1988-01-14,M,M,T,T,8
1988-01-15,M,M,0.00,0.0,8
1988-01-16,M,M,M,M,M
1988-01-17,M,M,M,M,M
1988-01-18,M,M,M,M,M
1988-01-19,M,M,0.25,T,4
1988-01-20,M,M,0.11,0.0,3
1988-01-21,M,M,0.03,0.0,3
1988-01-22,M,M,0.01,T,3
1988-01-23,M,M,T,T,3
1988-01-24,M,M,T,T,3
1988-01-25,M,M,0.00,0.0,3
1988-01-26,M,M,0.80,11.5,15
1988-01-27,M,M,0.10,2.0,15
1988-01-28,M,M,0.00,0.0,14
1988-01-29,M,M,0.00,0.0,14
1988-01-30,M,M,0.00,0.0,11
1988-01-31,M,M,0.00,0.0,7
1988-02-01,M,M,T,0.0,M
1988-02-02,M,M,0.25,0.0,M
1988-02-03,M,M,0.54,0.5,M
1988-02-04,M,M,0.61,5.5,M
1988-02-05,M,M,0.20,2.0,M
1988-02-06,M,M,0.01,0.5,M
1988-02-07,M,M,T,0.3,M
1988-02-08,M,M,0.00,0.0,M
1988-02-09,M,M,T,T,M
1988-02-10,M,M,0.01,T,M
1988-02-11,M,M,0.00,0.0,M
1988-02-12,M,M,0.51,6.0,M
1988-02-13,M,M,0.44,4.0,M
1988-02-14,M,M,T,T,M
1988-02-15,M,M,0.00,0.0,M
1988-02-16,M,M,T,T,M
1988-02-17,M,M,T,T,M
1988-02-18,M,M,0.00,0.0,M
1988-02-19,M,M,0.00,0.0,M
1988-02-20,M,M,0.14,0.5,M
1988-02-21,M,M,0.02,0.5,M
1988-02-22,M,M,T,T,M
1988-02-23,M,M,0.00,0.0,M
1988-02-24,M,M,0.05,0.3,M
1988-02-25,M,M,T,T,M
1988-02-26,M,M,T,T,M
1988-02-27,M,M,0.04,0.8,M
1988-02-28,M,M,0.11,1.3,M
1988-02-29,M,M,0.00,0.0,M
1988-03-01,M,M,0.00,0.0,M
1988-03-02,M,M,0.00,0.0,M
1988-03-03,M,M,T,T,M
1988-03-04,M,M,0.27,3.0,M
1988-03-05,M,M,0.15,1.0,M
1988-03-06,M,M,0.00,0.0,M
1988-03-07,M,M,0.00,0.0,M
1988-03-08,M,M,0.00,0.0,M
1988-03-09,M,M,0.00,0.0,M
1988-03-10,M,M,0.24,T,M
1988-03-11,M,M,T,T,M
1988-03-12,M,M,0.00,0.0,M
1988-03-13,M,M,0.03,0.0,M
1988-03-14,M,M,0.01,0.5,M
1988-03-15,M,M,T,T,M
1988-03-16,M,M,0.14,3.0,M
1988-03-17,M,M,0.11,2.5,M
1988-03-18,M,M,0.00,0.0,M
1988-03-19,M,M,0.00,0.0,M
1988-03-20,M,M,0.03,1.0,M
1988-03-21,M,M,0.02,1.0,M
1988-03-22,M,M,0.00,0.0,M
1988-03-23,M,M,0.00,0.0,M
1988-03-24,M,M,0.00,0.0,M
1988-03-25,M,M,0.13,0.0,M
1988-03-26,M,M,0.37,0.0,M
1988-03-27,M,M,0.32,0.0,M
1988-03-28,M,M,0.03,0.5,M
1988-03-29,M,M,0.00,0.0,M
1988-03-30,M,M,0.00,0.0,M
1988-03-31,M,M,0.00,0.0,M
1988-04-01,M,M,T,0.0,0
1988-04-02,M,M,0.25,0.0,0
1988-04-03,M,M,0.04,0.0,0
1988-04-04,M,M,0.07,0.0,0
1988-04-05,M,M,T,0.0,0
1988-04-06,M,M,0.00,0.0,0
1988-04-07,M,M,0.00,0.0,0
1988-04-08,M,M,T,0.0,0
1988-04-09,M,M,0.07,0.0,0
1988-04-10,M,M,0.00,0.0,0
1988-04-11,M,M,0.00,0.0,0
1988-04-12,M,M,0.06,0.0,0
1988-04-13,M,M,0.00,0.0,0
1988-04-14,M,M,0.00,0.0,0
1988-04-15,M,M,0.18,0.0,0
1988-04-16,M,M,0.00,0.0,0
1988-04-17,M,M,0.00,0.0,0
1988-04-18,M,M,0.00,0.0,0
1988-04-19,M,M,0.00,0.0,0
1988-04-20,M,M,0.00,0.0,0
1988-04-21,M,M,0.00,0.0,0
1988-04-22,M,M,0.00,0.0,0
1988-04-23,M,M,0.00,0.0,0
1988-04-24,M,M,0.23,0.0,0
1988-04-25,M,M,0.02,0.0,0
1988-04-26,M,M,0.00,0.0,0
1988-04-27,M,M,0.00,0.0,0
1988-04-28,M,M,1.23,0.0,0
1988-04-29,M,M,0.09,0.0,0
1988-04-30,M,M,0.05,0.0,0
1988-05-01,M,M,0.03,0.0,0
1988-05-02,M,M,T,0.0,0
1988-05-03,M,M,0.13,0.3,0
1988-05-04,M,M,T,0.0,0
1988-05-05,M,M,0.00,0.0,0
1988-05-06,M,M,0.04,0.0,0
1988-05-07,M,M,0.21,0.0,0
1988-05-08,M,M,0.00,0.0,0
1988-05-09,M,M,0.00,0.0,0
1988-05-10,M,M,0.03,0.0,0
1988-05-11,M,M,0.02,0.0,0
1988-05-12,M,M,T,0.0,0
1988-05-13,M,M,0.00,M,0
1988-05-14,M,M,0.20,0.0,0
1988-05-15,M,M,0.00,0.0,0
1988-05-16,M,M,0.00,0.0,0
1988-05-17,M,M,0.12,0.0,0
1988-05-18,M,M,0.05,0.0,0
1988-05-19,M,M,0.51,0.0,0
1988-05-20,M,M,1.10,0.0,0
1988-05-21,M,M,0.02,0.0,0
1988-05-22,M,M,0.33,0.0,0
1988-05-23,M,M,0.23,0.0,0
1988-05-24,M,M,0.20,0.0,0
1988-05-25,M,M,0.40,0.0,0
1988-05-26,M,M,0.68,0.0,0
1988-05-27,M,M,0.00,0.0,0
1988-05-28,M,M,0.00,0.0,0
1988-05-29,M,M,0.00,0.0,0
1988-05-30,M,M,0.00,0.0,0
1988-05-31,M,M,0.06,0.0,0
1988-06-01,M,M,0.00,0.0,0
1988-06-02,M,M,0.14,0.0,0
1988-06-03,M,M,0.00,0.0,0
1988-06-04,M,M,0.13,0.0,0
1988-06-05,M,M,0.01,0.0,0
1988-06-06,M,M,0.00,0.0,0
1988-06-07,M,M,0.00,0.0,0
1988-06-08,M,M,0.00,0.0,0
1988-06-09,M,M,0.00,0.0,0
1988-06-10,M,M,0.00,0.0,0
1988-06-11,M,M,0.00,0.0,0
1988-06-12,M,M,0.00,0.0,0
1988-06-13,M,M,0.00,0.0,0
1988-06-14,M,M,0.00,0.0,0
1988-06-15,M,M,0.00,0.0,0
1988-06-16,M,M,0.00,0.0,0
1988-06-17,M,M,T,0.0,0
1988-06-18,M,M,0.00,0.0,0
1988-06-19,M,M,0.00,0.0,0
1988-06-20,M,M,0.00,0.0,0
1988-06-21,M,M,0.00,0.0,0
1988-06-22,M,M,0.00,0.0,0
1988-06-23,M,M,0.45,0.0,0
1988-06-24,M,M,0.00,0.0,0
1988-06-25,M,M,0.00,0.0,0
1988-06-26,M,M,T,0.0,0
1988-06-27,M,M,0.03,0.0,0
1988-06-28,M,M,T,0.0,0
1988-06-29,M,M,0.00,0.0,0
1988-06-30,M,M,0.00,0.0,0
1988-07-01,M,M,M,0.0,0
1988-07-02,M,M,M,0.0,0
1988-07-03,M,M,M,0.0,0
1988-07-04,M,M,M,0.0,0
1988-07-05,M,M,0.35,0.0,0
1988-07-06,M,M,0.00,0.0,0
1988-07-07,M,M,0.00,0.0,0
1988-07-08,M,M,0.00,0.0,0
1988-07-09,M,M,0.00,0.0,0
1988-07-10,M,M,0.00,0.0,0
1988-07-11,M,M,0.00,0.0,0
1988-07-12,M,M,0.00,0.0,0
1988-07-13,M,M,0.10,0.0,0
1988-07-14,M,M,0.00,0.0,0
1988-07-15,M,M,0.41,0.0,0
1988-07-16,M,M,0.00,0.0,0
1988-07-17,M,M,0.03,0.0,0
1988-07-18,M,M,0.38,0.0,0
1988-07-19,M,M,0.12,0.0,0
1988-07-20,M,M,S,0.0,0
1988-07-21,M,M,M,0.0,0
1988-07-22,M,M,1.30A,0.0,0
1988-07-23,M,M,0.00,0.0,0
1988-07-24,M,M,0.92,0.0,0
1988-07-25,M,M,0.15,0.0,0
1988-07-26,M,M,0.01,0.0,0
1988-07-27,M,M,0.07,0.0,0
1988-07-28,M,M,0.00,0.0,0
1988-07-29,M,M,0.00,0.0,0
1988-07-30,M,M,0.00,0.0,0
1988-07-31,M,M,0.00,0.0,0
1988-08-01,M,M,0.00,0.0,0
1988-08-02,M,M,0.00,0.0,0
1988-08-03,M,M,0.00,0.0,0
1988-08-04,M,M,0.00,0.0,0
1988-08-05,M,M,0.00,0.0,0
1988-08-06,M,M,0.00,0.0,0
1988-08-07,M,M,0.22,0.0,0
1988-08-08,M,M,T,0.0,0
1988-08-09,M,M,0.00,0.0,0
1988-08-10,M,M,0.00,0.0,0
1988-08-11,M,M,0.00,0.0,0
1988-08-12,M,M,0.00,0.0,0
1988-08-13,M,M,0.00,0.0,0
1988-08-14,M,M,0.00,0.0,0
1988-08-15,M,M,0.33,0.0,0
1988-08-16,M,M,T,0.0,0
1988-08-17,M,M,0.00,0.0,0
1988-08-18,M,M,0.00,0.0,0
1988-08-19,M,M,0.00,0.0,0
1988-08-20,M,M,0.00,0.0,0
1988-08-21,M,M,0.00,0.0,0
1988-08-22,M,M,0.00,0.0,0
1988-08-23,M,M,0.00,0.0,0
1988-08-24,M,M,0.48,0.0,0
1988-08-25,M,M,0.11,0.0,0
1988-08-26,M,M,T,0.0,0
1988-08-27,M,M,0.00,0.0,0
1988-08-28,M,M,0.00,0.0,0
1988-08-29,M,M,0.83,0.0,0
1988-08-30,M,M,1.76,0.0,0
1988-08-31,M,M,0.03,0.0,0
1988-09-01,M,M,0.00,0.0,0
1988-09-02,M,M,0.00,0.0,0
1988-09-03,M,M,0.00,0.0,0
1988-09-04,M,M,T,0.0,0
1988-09-05,M,M,0.46,0.0,0
1988-09-06,M,M,T,0.0,0
1988-09-07,M,M,T,0.0,0
1988-09-08,M,M,0.00,0.0,0
1988-09-09,M,M,0.00,0.0,0
1988-09-10,M,M,0.00,0.0,0
1988-09-11,M,M,0.00,0.0,0
1988-09-12,M,M,0.00,0.0,0
1988-09-13,M,M,T,0.0,0
1988-09-14,M,M,0.01,0.0,0
1988-09-15,M,M,0.00,0.0,0
1988-09-16,M,M,0.00,0.0,0
1988-09-17,M,M,0.00,0.0,0
1988-09-18,M,M,0.78,0.0,0
1988-09-19,M,M,0.00,0.0,0
1988-09-20,M,M,0.00,0.0,0
1988-09-21,M,M,0.21,0.0,0
1988-09-22,M,M,0.02,0.0,0
1988-09-23,M,M,0.14,0.0,0
1988-09-24,M,M,0.01,0.0,0
1988-09-25,M,M,0.00,0.0,0
1988-09-26,M,M,0.00,0.0,0
1988-09-27,M,M,0.00,0.0,0
1988-09-28,M,M,0.00,0.0,0
1988-09-29,M,M,0.00,0.0,0
1988-09-30,M,M,0.00,0.0,0
1988-10-01,M,M,0.00,0.0,0
1988-10-02,M,M,0.00,0.0,0
1988-10-03,M,M,T,0.0,0
1988-10-04,M,M,T,0.0,0
1988-10-05,M,M,0.01,0.0,0
1988-10-06,M,M,T,0.0,0
1988-10-07,M,M,T,0.0,0
1988-10-08,M,M,T,0.0,0
1988-10-09,M,M,0.02,T,0
1988-10-10,M,M,0.14,0.0,0
1988-10-11,M,M,0.01,0.0,0
1988-10-12,M,M,0.02,0.0,0
1988-10-13,M,M,0.03,T,T
1988-10-14,M,M,0.00,0.0,0
1988-10-15,M,M,0.00,0.0,0
1988-10-16,M,M,0.01,0.0,0
1988-10-17,M,M,0.00,0.0,0
1988-10-18,M,M,0.00,0.0,0
1988-10-19,M,M,0.11,0.0,0
1988-10-20,M,M,0.00,0.0,0
1988-10-21,M,M,0.00,0.0,0
1988-10-22,M,M,0.84,2.0,2
1988-10-23,M,M,1.10,4.0,4
1988-10-24,M,M,T,0.0,1
1988-10-25,M,M,0.09,0.0,0
1988-10-26,M,M,T,0.0,0
1988-10-27,M,M,T,T,0
1988-10-28,M,M,0.00,0.0,0
1988-10-29,M,M,0.08,0.0,0
1988-10-30,M,M,0.00,0.0,0
1988-10-31,M,M,T,T,T
1988-11-01,M,M,0.00,0.0,0
1988-11-02,M,M,1.35,2.5,3
1988-11-03,M,M,0.46,6.0,9
1988-11-04,M,M,0.00,0.0,7
1988-11-05,M,M,T,0.0,2
1988-11-06,M,M,1.38,0.0,0
1988-11-07,M,M,0.08,0.0,0
1988-11-08,M,M,T,T,0
1988-11-09,M,M,T,T,0
1988-11-10,M,M,0.00,0.0,0
1988-11-11,M,M,0.05,0.0,0
1988-11-12,M,M,0.01,T,0
1988-11-13,M,M,0.02,0.0,0
1988-11-14,M,M,0.63,0.0,0
1988-11-15,M,M,0.00,0.0,0
1988-11-16,M,M,0.00,0.0,0
1988-11-17,M,M,0.24,0.0,0
1988-11-18,M,M,0.04,0.0,0
1988-11-19,M,M,0.01,0.0,0
1988-11-20,M,M,0.11,0.0,0
1988-11-21,M,M,0.64,T,T
1988-11-22,M,M,0.02,T,T
1988-11-23,M,M,0.00,0.0,T
1988-11-24,M,M,0.00,0.0,T
1988-11-25,M,M,0.00,0.0,T
1988-11-26,M,M,0.00,0.0,T
1988-11-27,M,M,0.00,0.0,0
1988-11-28,M,M,0.21,0.0,0
1988-11-29,M,M,0.03,T,0
1988-11-30,M,M,0.00,0.0,0
1988-12-01,M,M,0.00,0.0,0
1988-12-02,M,M,0.02,0.5,1
1988-12-03,M,M,T,T,1
1988-12-04,M,M,0.02,0.3,1
1988-12-05,M,M,0.04,1.5,2
1988-12-06,M,M,0.00,0.0,1
1988-12-07,M,M,0.00,0.0,T
1988-12-08,M,M,T,T,T
1988-12-09,M,M,T,T,T
1988-12-10,M,M,T,T,T
1988-12-11,M,M,0.12,4.0,4
1988-12-12,M,M,T,T,3
1988-12-13,M,M,0.00,0.0,2
1988-12-14,M,M,0.03,1.0,3
1988-12-15,M,M,0.04,1.0,3
1988-12-16,M,M,0.02,T,3
1988-12-17,M,M,0.00,0.0,3
1988-12-18,M,M,0.00,0.0,3
1988-12-19,M,M,T,T,3
1988-12-20,M,M,0.00,0.0,2
1988-12-21,M,M,T,0.0,0
1988-12-22,M,M,0.00,0.0,0
1988-12-23,M,M,0.00,0.0,0
1988-12-24,M,M,0.04,T,T
1988-12-25,M,M,0.46,0.0,0
1988-12-26,M,M,S,0.0,0
1988-12-27,M,M,M,0.0,0
1988-12-28,M,M,0.10A,0.0,0
1988-12-29,M,M,0.39,1.5,2
1988-12-30,M,M,T,T,2
1988-12-31,M,M,T,T,1
1989-01-01,M,M,0.02,0.5,M
1989-01-02,M,M,0.00,0.0,M
1989-01-03,M,M,0.01,0.5,M
1989-01-04,M,M,0.02,1.0,M
1989-01-05,M,M,T,T,M
1989-01-06,M,M,0.00,0.0,M
1989-01-07,M,M,0.06,0.5,M
1989-01-08,M,M,T,T,M
1989-01-09,M,M,0.02,0.0,M
1989-01-10,M,M,0.02,0.5,M
1989-01-11,M,M,0.00,0.0,M
1989-01-12,M,M,0.00,0.0,M
1989-01-13,M,M,0.20,T,M
1989-01-14,M,M,0.05,1.5,M
1989-01-15,M,M,0.07,0.0,M
1989-01-16,M,M,T,0.0,M
1989-01-17,M,M,0.02,1.0,M
1989-01-18,M,M,0.00,0.0,M
1989-01-19,M,M,0.00,0.0,M
1989-01-20,M,M,0.00,0.0,M
1989-01-21,M,M,0.01,0.3,M
1989-01-22,M,M,0.00,0.0,M
1989-01-23,M,M,0.00,0.0,M
1989-01-24,M,M,0.00,0.0,M
1989-01-25,M,M,0.00,0.0,M
1989-01-26,M,M,0.13,1.0,M
1989-01-27,M,M,0.05,0.5,M
1989-01-28,M,M,0.06,1.3,M
1989-01-29,M,M,0.00,0.0,M
1989-01-30,M,M,T,0.0,M
1989-01-31,M,M,T,0.0,M
1989-02-01,M,M,0.00,0.0,M
1989-02-02,M,M,0.00,0.0,M
1989-02-03,M,M,0.11,T,M
1989-02-04,M,M,0.12,0.5,M
1989-02-05,M,M,0.04,0.5,M
1989-02-06,M,M,0.05,0.5,M
1989-02-07,M,M,0.05,0.5,M
1989-02-08,M,M,T,T,M
1989-02-09,M,M,T,T,M
1989-02-10,M,M,T,T,M
1989-02-11,M,M,T,T,M
1989-02-12,M,M,T,T,M
1989-02-13,M,M,0.02,0.5,M
1989-02-14,M,M,0.11,T,M
1989-02-15,M,M,0.02,0.0,M
1989-02-16,M,M,0.32,T,M
1989-02-17,M,M,T,T,M
1989-02-18,M,M,T,T,M
1989-02-19,M,M,T,T,M
1989-02-20,M,M,0.00,0.0,M
1989-02-21,M,M,0.41,T,M
1989-02-22,M,M,0.24,T,M
1989-02-23,M,M,0.06,1.3,M
1989-02-24,M,M,S,M,M
1989-02-25,M,M,M,M,M
1989-02-26,M,M,M,M,M
1989-02-27,M,M,0.02A,0.3,M
1989-02-28,M,M,0.00,0.0,M
1989-03-01,M,M,T,T,1
1989-03-02,M,M,T,T,1
1989-03-03,M,M,T,T,1
1989-03-04,M,M,T,T,1
1989-03-05,M,M,0.01,T,1
1989-03-06,M,M,0.04,0.0,T
1989-03-07,M,M,T,T,0
1989-03-08,M,M,0.00,0.0,0
1989-03-09,M,M,0.00,0.0,0
1989-03-10,M,M,0.00,0.0,0
1989-03-11,M,M,0.00,0.0,0
1989-03-12,M,M,0.09,1.5,2
1989-03-13,M,M,0.22,3.0,5
1989-03-14,M,M,0.00,0.0,4
1989-03-15,M,M,0.00,0.0,T
1989-03-16,M,M,0.00,0.0,0
1989-03-17,M,M,0.00,0.0,0
1989-03-18,M,M,0.00,0.0,0
1989-03-19,M,M,0.07,1.0,1
1989-03-20,M,M,0.00,0.0,T
1989-03-21,M,M,0.17,2.0,2
1989-03-22,M,M,0.00,0.0,2
1989-03-23,M,M,0.00,0.0,1
1989-03-24,M,M,0.00,0.0,T
1989-03-25,M,M,0.89,7.0,7
1989-03-26,M,M,0.02,0.0,3
1989-03-27,M,M,0.00,0.0,T
1989-03-28,M,M,0.00,0.0,0
1989-03-29,M,M,0.08,0.0,0
1989-03-30,M,M,T,0.0,0
1989-03-31,M,M,0.72,0.0,0
1989-04-01,M,M,0.22,0.0,M
1989-04-02,M,M,0.01,0.1,M
1989-04-03,M,M,0.01,0.0,M
1989-04-04,M,M,0.13,0.0,M
1989-04-05,M,M,0.05,0.0,M
1989-04-06,M,M,0.25,0.0,M
1989-04-07,M,M,0.21,T,M
1989-04-08,M,M,0.00,0.0,M
1989-04-09,M,M,0.01,0.1,M
1989-04-10,M,M,0.15,1.0,M
1989-04-11,M,M,T,T,M
1989-04-12,M,M,0.00,0.0,M
1989-04-13,M,M,0.00,0.0,M
1989-04-14,M,M,0.03,T,M
1989-04-15,M,M,0.00,0.0,M
1989-04-16,M,M,0.43,0.0,M
1989-04-17,M,M,0.18,0.0,M
1989-04-18,M,M,0.03,0.0,M
1989-04-19,M,M,T,T,M
1989-04-20,M,M,0.00,0.0,M
1989-04-21,M,M,0.00,0.0,M
1989-04-22,M,M,0.00,0.0,M
1989-04-23,M,M,0.00,0.0,M
1989-04-24,M,M,0.00,0.0,M
1989-04-25,M,M,0.00,0.0,M
1989-04-26,M,M,0.00,0.0,M
1989-04-27,M,M,0.00,0.0,M
1989-04-28,M,M,0.00,0.0,M
1989-04-29,M,M,0.00,0.0,M
1989-04-30,M,M,0.00,0.0,M
1989-05-01,M,M,0.00,0.0,0
1989-05-02,M,M,1.20,0.0,0
1989-05-03,M,M,0.26,0.0,0
1989-05-04,M,M,0.01,0.0,0
1989-05-05,M,M,0.00,0.0,0
1989-05-06,M,M,1.05,0.0,0
1989-05-07,M,M,0.04,0.0,0
1989-05-08,M,M,T,0.0,0
1989-05-09,M,M,0.01,T,0
1989-05-10,M,M,0.11,0.0,0
1989-05-11,M,M,1.10,0.0,0
1989-05-12,M,M,0.35,0.0,0
1989-05-13,M,M,0.03,0.0,0
1989-05-14,M,M,0.00,0.0,0
1989-05-15,M,M,0.03,0.0,0
1989-05-16,M,M,0.00,0.0,0
1989-05-17,M,M,0.54,0.0,0
1989-05-18,M,M,0.01,0.0,0
1989-05-19,M,M,0.00,0.0,0
1989-05-20,M,M,0.00,0.0,0
1989-05-21,M,M,T,0.0,0
1989-05-22,M,M,0.14,0.0,0
1989-05-23,M,M,0.00,0.0,0
1989-05-24,M,M,0.28,0.0,0
1989-05-25,M,M,0.33,0.0,0
1989-05-26,M,M,0.01,0.0,0
1989-05-27,M,M,0.34,0.0,0
1989-05-28,M,M,0.04,0.0,0
1989-05-29,M,M,0.00,0.0,0
1989-05-30,M,M,0.00,0.0,0
1989-05-31,M,M,0.10,0.0,0
1989-06-01,M,M,0.26,0.0,0
1989-06-02,M,M,0.03,0.0,0
1989-06-03,M,M,0.15,0.0,0
1989-06-04,M,M,0.12,0.0,0
1989-06-05,M,M,0.03,0.0,0
1989-06-06,M,M,0.53,0.0,0
1989-06-07,M,M,0.30,0.0,0
1989-06-08,M,M,0.14,0.0,0
1989-06-09,M,M,0.03,0.0,0
1989-06-10,M,M,0.98,0.0,0
1989-06-11,M,M,0.02,0.0,0
1989-06-12,M,M,0.00,0.0,0
1989-06-13,M,M,0.61,0.0,0
1989-06-14,M,M,0.59,0.0,0
1989-06-15,M,M,0.25,0.0,0
1989-06-16,M,M,0.25,0.0,0
1989-06-17,M,M,0.00,0.0,0
1989-06-18,M,M,0.00,0.0,0
1989-06-19,M,M,0.20,0.0,0
1989-06-20,M,M,0.00,0.0,0
1989-06-21,M,M,0.03,0.0,0
1989-06-22,M,M,0.01,0.0,0
1989-06-23,M,M,0.00,0.0,0
1989-06-24,M,M,0.00,0.0,0
1989-06-25,M,M,0.00,0.0,0
1989-06-26,M,M,0.00,0.0,0
1989-06-27,M,M,0.00,0.0,0
1989-06-28,M,M,0.00,0.0,0
1989-06-29,M,M,0.00,0.0,0
1989-06-30,M,M,0.14,0.0,0
1989-07-01,M,M,0.00,0.0,0
1989-07-02,M,M,S,0.0,0
1989-07-03,M,M,M,0.0,0
1989-07-04,M,M,M,0.0,0
1989-07-05,M,M,M,0.0,0
1989-07-06,M,M,1.68A,0.0,0
1989-07-07,M,M,0.00,0.0,0
1989-07-08,M,M,0.38,0.0,0
1989-07-09,M,M,0.00,0.0,0
1989-07-10,M,M,0.00,0.0,0
1989-07-11,M,M,0.48,0.0,0
1989-07-12,M,M,0.00,0.0,0
1989-07-13,M,M,0.00,0.0,0
1989-07-14,M,M,T,0.0,0
1989-07-15,M,M,0.00,0.0,0
1989-07-16,M,M,0.00,0.0,0
1989-07-17,M,M,0.00,0.0,0
1989-07-18,M,M,0.00,0.0,0
1989-07-19,M,M,0.00,0.0,0
1989-07-20,M,M,0.01,0.0,0
1989-07-21,M,M,2.25,0.0,0
1989-07-22,M,M,0.02,0.0,0
1989-07-23,M,M,0.02,0.0,0
1989-07-24,M,M,0.00,0.0,0
1989-07-25,M,M,0.00,0.0,0
1989-07-26,M,M,0.00,0.0,0
1989-07-27,M,M,0.00,0.0,0
1989-07-28,M,M,0.39,0.0,0
1989-07-29,M,M,T,0.0,0
1989-07-30,M,M,0.00,0.0,0
1989-07-31,M,M,T,0.0,0
1989-08-01,M,M,0.00,0.0,0
1989-08-02,M,M,0.00,0.0,0
1989-08-03,M,M,0.01,0.0,0
1989-08-04,M,M,0.00,0.0,0
1989-08-05,M,M,0.22,0.0,0
1989-08-06,M,M,0.00,0.0,0
1989-08-07,M,M,0.09,0.0,0
1989-08-08,M,M,0.01,0.0,0
1989-08-09,M,M,0.00,0.0,0
1989-08-10,M,M,0.00,0.0,0
1989-08-11,M,M,0.00,0.0,0
1989-08-12,M,M,0.60,0.0,0
1989-08-13,M,M,0.73,0.0,0
1989-08-14,M,M,0.14,0.0,0
1989-08-15,M,M,0.00,0.0,0
1989-08-16,M,M,0.00,0.0,0
1989-08-17,M,M,0.00,0.0,0
1989-08-18,M,M,0.00,0.0,0
1989-08-19,M,M,0.00,0.0,0
1989-08-20,M,M,0.00,0.0,0
1989-08-21,M,M,0.29,0.0,0
1989-08-22,M,M,0.00,0.0,0
1989-08-23,M,M,0.00,0.0,0
1989-08-24,M,M,0.06,0.0,0
1989-08-25,M,M,0.00,0.0,0
1989-08-26,M,M,0.00,0.0,0
1989-08-27,M,M,0.00,0.0,0
1989-08-28,M,M,0.00,0.0,0
1989-08-29,M,M,0.00,0.0,0
1989-08-30,M,M,0.19,0.0,0
1989-08-31,M,M,0.00,0.0,0
1989-09-01,M,M,0.00,0.0,0
1989-09-02,M,M,0.16,0.0,0
1989-09-03,M,M,0.00,0.0,0
1989-09-04,M,M,0.00,0.0,0
1989-09-05,M,M,0.00,0.0,0
1989-09-06,M,M,0.00,0.0,0
1989-09-07,M,M,0.00,0.0,0
1989-09-08,M,M,0.00,0.0,0
1989-09-09,M,M,0.00,0.0,0
1989-09-10,M,M,0.00,0.0,0
1989-09-11,M,M,0.01,0.0,0
1989-09-12,M,M,0.00,0.0,0
1989-09-13,M,M,0.00,0.0,0
1989-09-14,M,M,0.00,0.0,0
1989-09-15,M,M,0.89,0.0,0
1989-09-16,M,M,0.02,0.0,0
1989-09-17,M,M,1.14,0.0,0
1989-09-18,M,M,0.11,0.0,0
1989-09-19,M,M,0.00,0.0,0
1989-09-20,M,M,1.48,0.0,0
1989-09-21,M,M,0.27,0.0,0
1989-09-22,M,M,0.00,0.0,0
1989-09-23,M,M,0.09,0.0,0
1989-09-24,M,M,0.19,0.0,0
1989-09-25,M,M,0.00,0.0,0
1989-09-26,M,M,0.03,0.0,0
1989-09-27,M,M,0.02,0.0,0
1989-09-28,M,M,0.00,0.0,0
1989-09-29,M,M,0.00,0.0,0
1989-09-30,M,M,0.00,0.0,0
1989-10-01,M,M,0.00,0.0,0
1989-10-02,M,M,T,0.0,0
1989-10-03,M,M,0.35,0.0,0
1989-10-04,M,M,0.03,0.0,0
1989-10-05,M,M,0.02,0.0,0
1989-10-06,M,M,0.07,0.0,0
1989-10-07,M,M,M,0.0,0
1989-10-08,M,M,M,0.0,0
1989-10-09,M,M,M,0.0,0
1989-10-10,M,M,T,0.0,0
1989-10-11,M,M,0.08,0.0,0
1989-10-12,M,M,0.00,0.0,0
1989-10-13,M,M,0.00,0.0,0
1989-10-14,M,M,0.00,0.0,0
1989-10-15,M,M,0.93,0.0,0
1989-10-16,M,M,T,0.0,0
1989-10-17,M,M,0.05,0.0,0
1989-10-18,M,M,1.16,0.0,0
1989-10-19,M,M,0.09,0.0,0
1989-10-20,M,M,0.74,0.0,0
1989-10-21,M,M,1.30,0.0,0
1989-10-22,M,M,0.01,0.0,0
1989-10-23,M,M,0.02,0.0,0
1989-10-24,M,M,0.00,0.0,0
1989-10-25,M,M,0.00,0.0,0
1989-10-26,M,M,0.00,0.0,0
1989-10-27,M,M,0.00,0.0,0
1989-10-28,M,M,0.00,0.0,0
1989-10-29,M,M,0.00,0.0,0
1989-10-30,M,M,0.00,0.0,0
1989-10-31,M,M,0.00,0.0,0
1989-11-01,M,M,0.72,0.0,0
1989-11-02,M,M,0.01,0.0,0
1989-11-03,M,M,0.01,0.0,0
1989-11-04,M,M,0.14,T,0
1989-11-05,M,M,T,T,0
1989-11-06,M,M,0.08,0.0,0
1989-11-07,M,M,0.02,0.0,0
1989-11-08,M,M,0.03,0.0,0
1989-11-09,M,M,0.07,0.0,0
1989-11-10,M,M,0.33,0.0,0
1989-11-11,M,M,0.02,T,0
1989-11-12,M,M,0.01,0.0,0
1989-11-13,M,M,0.03,T,0
1989-11-14,M,M,0.00,0.0,0
1989-11-15,M,M,0.00,0.0,0
1989-11-16,M,M,0.10,0.0,0
1989-11-17,M,M,0.51,T,T
1989-11-18,M,M,T,T,T
1989-11-19,M,M,0.03,0.5,1
1989-11-20,M,M,0.05,T,T
1989-11-21,M,M,0.15,0.3,T
1989-11-22,M,M,T,T,T
1989-11-23,M,M,0.05,1.5,2
1989-11-24,M,M,0.01,0.3,2
1989-11-25,M,M,0.00,0.0,2
1989-11-26,M,M,T,T,1
1989-11-27,M,M,0.04,0.0,T
1989-11-28,M,M,0.13,0.0,0
1989-11-29,M,M,0.01,0.5,1
1989-11-30,M,M,T,T,1
1989-12-01,M,M,0.03,1.0,M
1989-12-02,M,M,0.00,0.0,M
1989-12-03,M,M,0.02,0.5,M
1989-12-04,M,M,0.02,0.3,M
1989-12-05,M,M,0.00,0.0,M
1989-12-06,M,M,0.00,0.0,M
1989-12-07,M,M,0.04,T,M
1989-12-08,M,M,0.00,0.0,M
1989-12-09,M,M,0.00,0.0,M
1989-12-10,M,M,0.00,0.0,M
1989-12-11,M,M,0.00,0.0,M
1989-12-12,M,M,0.05,1.0,M
1989-12-13,M,M,T,T,M
1989-12-14,M,M,T,T,M
1989-12-15,M,M,T,T,M
1989-12-16,M,M,0.32,3.5,M
1989-12-17,M,M,0.02,0.5,M
1989-12-18,M,M,T,T,M
1989-12-19,M,M,0.00,0.0,M
1989-12-20,M,M,T,T,M
1989-12-21,M,M,T,T,M
1989-12-22,M,M,0.02,0.5,M
1989-12-23,M,M,T,T,M
1989-12-24,M,M,0.00,0.0,M
1989-12-25,M,M,0.00,0.0,M
1989-12-26,M,M,0.00,0.0,M
1989-12-27,M,M,0.00,0.0,M
1989-12-28,M,M,T,T,M
1989-12-29,M,M,0.03,1.0,M
1989-12-30,M,M,0.27,1.5,M
1989-12-31,M,M,0.01,T,M
1990-01-01,M,M,0.20,0.3,M
1990-01-02,M,M,T,T,M
1990-01-03,M,M,0.00,0.0,M
1990-01-04,M,M,0.00,0.0,M
1990-01-05,M,M,T,T,M
1990-01-06,M,M,0.00,0.0,M
1990-01-07,M,M,T,T,M
1990-01-08,M,M,0.00,0.0,M
1990-01-09,M,M,0.00,0.0,M
1990-01-10,M,M,T,0.0,M
1990-01-11,M,M,0.06,0.5,M
1990-01-12,M,M,0.10,1.0,M
1990-01-13,M,M,T,T,M
1990-01-14,M,M,0.03,1.5,M
1990-01-15,M,M,T,T,M
1990-01-16,M,M,T,T,M
1990-01-17,M,M,0.00,0.0,M
1990-01-18,M,M,T,0.0,M
1990-01-19,M,M,0.03,0.5,M
1990-01-20,M,M,T,T,M
1990-01-21,M,M,0.44,4.0,M
1990-01-22,M,M,0.42,4.5,M
1990-01-23,M,M,0.06,0.5,M
1990-01-24,M,M,0.12,1.5,M
1990-01-25,M,M,0.00,0.0,M
1990-01-26,M,M,0.44,T,M
1990-01-27,M,M,0.18,1.0,M
1990-01-28,M,M,T,T,M
1990-01-29,M,M,1.55,10.0,M
1990-01-30,M,M,0.10,T,M
1990-01-31,M,M,0.00,0.0,M
1990-02-01,M,M,0.00,0.0,M
1990-02-02,M,M,0.03,0.0,M
1990-02-03,M,M,0.45,2.5,M
1990-02-04,M,M,0.07,T,M
1990-02-05,M,M,0.29,4.0,M
1990-02-06,M,M,T,T,M
1990-02-07,M,M,0.00,0.0,M
1990-02-08,M,M,0.00,0.0,M
1990-02-09,M,M,0.00,0.0,M
1990-02-10,M,M,S,0.0,M
1990-02-11,M,M,0.31A,0.0,M
1990-02-12,M,M,0.00,0.0,M
1990-02-13,M,M,T,T,M
1990-02-14,M,M,0.00,0.0,M
1990-02-15,M,M,0.23,1.5,M
1990-02-16,M,M,0.96,1.0,M
1990-02-17,M,M,T,T,M
1990-02-18,M,M,T,T,M
1990-02-19,M,M,0.00,0.0,M
1990-02-20,M,M,T,T,M
1990-02-21,M,M,0.00,0.0,M
1990-02-22,M,M,0.00,0.0,M
1990-02-23,M,M,0.14,0.0,M
1990-02-24,M,M,S,M,M
1990-02-25,M,M,M,M,M
1990-02-26,M,M,0.63A,8.0,M
1990-02-27,M,M,0.00,0.0,M
1990-02-28,M,M,0.06,2.0,M
1990-03-01,M,M,0.01,0.5,M
1990-03-02,M,M,0.30,0.0,M
1990-03-03,M,M,0.00,0.0,M
1990-03-04,M,M,T,T,M
1990-03-05,M,M,0.00,0.0,M
1990-03-06,M,M,0.04,1.0,M
1990-03-07,M,M,T,T,M
1990-03-08,M,M,0.00,0.0,M
1990-03-09,M,M,0.00,0.0,M
1990-03-10,M,M,0.00,0.0,M
1990-03-11,M,M,0.00,0.0,M
1990-03-12,M,M,0.67,0.0,M
1990-03-13,M,M,0.17,0.0,M
1990-03-14,M,M,T,0.0,M
1990-03-15,M,M,0.00,0.0,M
1990-03-16,M,M,0.00,0.0,M
1990-03-17,M,M,0.02,0.0,M
1990-03-18,M,M,0.39,0.0,M
1990-03-19,M,M,0.01,T,M
1990-03-20,M,M,0.61,5.5,M
1990-03-21,M,M,1.03,9.5,M
1990-03-22,M,M,0.00,0.0,M
1990-03-23,M,M,T,0.0,M
1990-03-24,M,M,0.01,0.5,M
1990-03-25,M,M,T,T,M
1990-03-26,M,M,0.00,0.0,M
1990-03-27,M,M,T,T,M
1990-03-28,M,M,T,T,M
1990-03-29,M,M,0.00,0.0,M
1990-03-30,M,M,0.09,1.0,M
1990-03-31,M,M,0.14,3.0,M
1990-04-01,M,M,T,0.0,M
1990-04-02,M,M,0.05,0.0,M
1990-04-03,M,M,0.32,0.0,M
1990-04-04,M,M,1.13,2.0,M
1990-04-05,M,M,0.05,1.0,M
1990-04-06,M,M,T,T,M
1990-04-07,M,M,0.00,0.0,M
1990-04-08,M,M,0.01,1.0,M
1990-04-09,M,M,T,T,M
1990-04-10,M,M,T,0.0,M
1990-04-11,M,M,0.90,0.0,M
1990-04-12,M,M,T,T,M
1990-04-13,M,M,T,T,M
1990-04-14,M,M,0.00,0.0,M
1990-04-15,M,M,0.07,0.0,M
1990-04-16,M,M,0.07,0.0,M
1990-04-17,M,M,0.00,0.0,M
1990-04-18,M,M,0.06,T,M
1990-04-19,M,M,T,T,M
1990-04-20,M,M,0.00,0.0,M
1990-04-21,M,M,0.30,0.0,M
1990-04-22,M,M,0.03,0.0,M
1990-04-23,M,M,0.00,0.0,M
1990-04-24,M,M,0.00,0.0,M
1990-04-25,M,M,0.10,0.0,M
1990-04-26,M,M,0.11,0.0,M
1990-04-27,M,M,0.00,0.0,M
1990-04-28,M,M,0.00,0.0,M
1990-04-29,M,M,0.00,0.0,M
1990-04-30,M,M,T,0.0,M
1990-05-01,M,M,0.01,0.0,0
1990-05-02,M,M,0.00,0.0,0
1990-05-03,M,M,0.00,0.0,0
1990-05-04,M,M,0.00,0.0,0
1990-05-05,M,M,0.58,0.0,0
1990-05-06,M,M,0.20,0.0,0
1990-05-07,M,M,T,0.0,0
1990-05-08,M,M,0.45,0.0,0
1990-05-09,M,M,0.00,0.0,0
1990-05-10,M,M,0.01,0.0,0
1990-05-11,M,M,0.69,0.0,0
1990-05-12,M,M,0.01,0.0,0
1990-05-13,M,M,0.31,0.0,0
1990-05-14,M,M,0.34,0.0,0
1990-05-15,M,M,0.00,0.0,0
1990-05-16,M,M,0.00,0.0,0
1990-05-17,M,M,0.65,0.0,0
1990-05-18,M,M,0.68,0.0,0
1990-05-19,M,M,0.05,0.0,0
1990-05-20,M,M,0.06,0.0,0
1990-05-21,M,M,0.98,0.0,0
1990-05-22,M,M,0.14,0.0,0
1990-05-23,M,M,0.00,0.0,0
1990-05-24,M,M,0.00,0.0,0
1990-05-25,M,M,0.00,0.0,0
1990-05-26,M,M,0.02,0.0,0
1990-05-27,M,M,0.00,0.0,0
1990-05-28,M,M,0.00,0.0,0
1990-05-29,M,M,T,0.0,0
1990-05-30,M,M,0.98,0.0,0
1990-05-31,M,M,0.02,0.0,0
1990-06-01,M,M,0.00,0.0,0
1990-06-02,M,M,0.00,0.0,0
1990-06-03,M,M,0.00,0.0,0
1990-06-04,M,M,0.02,0.0,0
1990-06-05,M,M,0.04,0.0,0
1990-06-06,M,M,0.00,0.0,0
1990-06-07,M,M,0.00,0.0,0
1990-06-08,M,M,0.00,0.0,0
1990-06-09,M,M,0.07,0.0,0
1990-06-10,M,M,0.30,0.0,0
1990-06-11,M,M,0.01,0.0,0
1990-06-12,M,M,0.18,0.0,0
1990-06-13,M,M,0.00,0.0,0
1990-06-14,M,M,0.00,0.0,0
1990-06-15,M,M,T,0.0,0
1990-06-16,M,M,0.00,0.0,0
1990-06-17,M,M,0.00,0.0,0
1990-06-18,M,M,0.00,0.0,0
1990-06-19,M,M,0.26,0.0,0
1990-06-20,M,M,0.65,0.0,0
1990-06-21,M,M,0.11,0.0,0
1990-06-22,M,M,0.02,0.0,0
1990-06-23,M,M,0.12,0.0,0
1990-06-24,M,M,0.58,0.0,0
1990-06-25,M,M,0.01,0.0,0
1990-06-26,M,M,0.00,0.0,0
1990-06-27,M,M,0.00,0.0,0
1990-06-28,M,M,0.00,0.0,0
1990-06-29,M,M,0.01,0.0,0
1990-06-30,M,M,0.83,0.0,0
1990-07-01,M,M,0.01,0.0,0
1990-07-02,M,M,0.00,0.0,0
1990-07-03,M,M,0.00,0.0,0
1990-07-04,M,M,0.00,0.0,0
1990-07-05,M,M,0.02,0.0,0
1990-07-06,M,M,0.01,0.0,0
1990-07-07,M,M,0.06,0.0,0
1990-07-08,M,M,0.00,0.0,0
1990-07-09,M,M,0.16,0.0,0
1990-07-10,M,M,T,0.0,0
1990-07-11,M,M,0.00,0.0,0
1990-07-12,M,M,0.00,0.0,0
1990-07-13,M,M,0.00,0.0,0
1990-07-14,M,M,0.00,0.0,0
1990-07-15,M,M,0.00,0.0,0
1990-07-16,M,M,0.00,0.0,0
1990-07-17,M,M,0.00,0.0,0
1990-07-18,M,M,0.00,0.0,0
1990-07-19,M,M,0.00,0.0,0
1990-07-20,M,M,1.26,0.0,0
1990-07-21,M,M,0.11,0.0,0
1990-07-22,M,M,T,0.0,0
1990-07-23,M,M,T,0.0,0
1990-07-24,M,M,0.25,0.0,0
1990-07-25,M,M,0.00,0.0,0
1990-07-26,M,M,0.00,0.0,0
1990-07-27,M,M,0.00,0.0,0
1990-07-28,M,M,0.00,0.0,0
1990-07-29,M,M,0.00,0.0,0
1990-07-30,M,M,0.00,0.0,0
1990-07-31,M,M,0.00,0.0,0
1990-08-01,M,M,0.23,0.0,0
1990-08-02,M,M,0.00,0.0,0
1990-08-03,M,M,0.00,0.0,0
1990-08-04,M,M,0.00,0.0,0
1990-08-05,M,M,0.00,0.0,0
1990-08-06,M,M,0.86,0.0,0
1990-08-07,M,M,1.03,0.0,0
1990-08-08,M,M,S,0.0,0
1990-08-09,M,M,M,0.0,0
1990-08-10,M,M,M,0.0,0
1990-08-11,M,M,M,0.0,0
1990-08-12,M,M,M,0.0,0
1990-08-13,M,M,0.98A,0.0,0
1990-08-14,M,M,0.22,0.0,0
1990-08-15,M,M,0.00,0.0,0
1990-08-16,M,M,0.00,0.0,0
1990-08-17,M,M,0.00,0.0,0
1990-08-18,M,M,0.00,0.0,0
1990-08-19,M,M,0.65,0.0,0
1990-08-20,M,M,0.22,0.0,0
1990-08-21,M,M,0.04,0.0,0
1990-08-22,M,M,0.00,0.0,0
1990-08-23,M,M,0.00,0.0,0
1990-08-24,M,M,0.61,0.0,0
1990-08-25,M,M,1.46,0.0,0
1990-08-26,M,M,0.03,0.0,0
1990-08-27,M,M,0.00,0.0,0
1990-08-28,M,M,0.03,0.0,0
1990-08-29,M,M,0.25,0.0,0
1990-08-30,M,M,0.00,0.0,0
1990-08-31,M,M,0.00,0.0,0
1990-09-01,M,M,0.00,0.0,0
1990-09-02,M,M,0.00,0.0,0
1990-09-03,M,M,0.00,0.0,0
1990-09-04,M,M,T,0.0,0
1990-09-05,M,M,0.00,0.0,0
1990-09-06,M,M,0.00,0.0,0
1990-09-07,M,M,T,0.0,0
1990-09-08,M,M,0.13,0.0,0
1990-09-09,M,M,0.00,0.0,0
1990-09-10,M,M,0.31,0.0,0
1990-09-11,M,M,T,0.0,0
1990-09-12,M,M,0.00,0.0,0
1990-09-13,M,M,0.00,0.0,0
1990-09-14,M,M,0.00,0.0,0
1990-09-15,M,M,0.40,0.0,0
1990-09-16,M,M,0.05,0.0,0
1990-09-17,M,M,0.01,0.0,0
1990-09-18,M,M,T,0.0,0
1990-09-19,M,M,0.00,0.0,0
1990-09-20,M,M,0.05,0.0,0
1990-09-21,M,M,0.00,0.0,0
1990-09-22,M,M,0.05,0.0,0
1990-09-23,M,M,0.02,0.0,0
1990-09-24,M,M,T,0.0,0
1990-09-25,M,M,T,0.0,0
1990-09-26,M,M,0.00,0.0,0
1990-09-27,M,M,0.05,0.0,0
1990-09-28,M,M,0.00,0.0,0
1990-09-29,M,M,0.00,0.0,0
1990-09-30,M,M,T,0.0,0
1990-10-01,M,M,0.31,0.0,0
1990-10-02,M,M,0.00,0.0,0
1990-10-03,M,M,0.03,0.0,0
1990-10-04,M,M,0.00,0.0,0
1990-10-05,M,M,0.29,0.0,0
1990-10-06,M,M,0.00,0.0,0
1990-10-07,M,M,0.00,0.0,0
1990-10-08,M,M,0.00,0.0,0
1990-10-09,M,M,0.00,0.0,0
1990-10-10,M,M,0.33,0.0,0
1990-10-11,M,M,0.03,0.0,0
1990-10-12,M,M,0.03,0.0,0
1990-10-13,M,M,S,0.0,0
1990-10-14,M,M,0.34A,0.0,0
1990-10-15,M,M,0.02,0.0,0
1990-10-16,M,M,0.00,0.0,0
1990-10-17,M,M,0.00,0.0,0
1990-10-18,M,M,0.00,0.0,0
1990-10-19,M,M,1.36,0.0,0
1990-10-20,M,M,0.03,0.0,0
1990-10-21,M,M,0.00,0.0,0
1990-10-22,M,M,0.00,0.0,0
1990-10-23,M,M,0.13,0.0,0
1990-10-24,M,M,2.21,0.0,0
1990-10-25,M,M,0.00,0.0,0
1990-10-26,M,M,0.04,0.0,0
1990-10-27,M,M,0.08,T,0
1990-10-28,M,M,T,T,0
1990-10-29,M,M,0.02,T,T
1990-10-30,M,M,0.00,0.0,0
1990-10-31,M,M,0.00,0.0,0
1990-11-01,M,M,0.00,0.0,0
1990-11-02,M,M,0.00,0.0,0
1990-11-03,M,M,0.00,0.0,0
1990-11-04,M,M,0.00,0.0,0
1990-11-05,M,M,0.00,0.0,0
1990-11-06,M,M,0.44,0.0,0
1990-11-07,M,M,T,0.0,0
1990-11-08,M,M,0.03,T,T
1990-11-09,M,M,0.00,0.0,0
1990-11-10,M,M,0.16,0.0,0
1990-11-11,M,M,2.23,1.5,M
1990-11-12,M,M,0.11,1.5,M
1990-11-13,M,M,0.06,1.5,M
1990-11-14,M,M,0.00,0.0,M
1990-11-15,M,M,0.00,0.0,0
1990-11-16,M,M,0.00,0.0,0
1990-11-17,M,M,0.11,0.0,0
1990-11-18,M,M,0.12,T,0
1990-11-19,M,M,0.00,0.0,0
1990-11-20,M,M,0.00,0.0,0
1990-11-21,M,M,0.00,0.0,0
1990-11-22,M,M,0.00,0.0,0
1990-11-23,M,M,0.33,0.0,0
1990-11-24,M,M,S,0.0,0
1990-11-25,M,M,M,0.0,0
1990-11-26,M,M,0.04A,0.0,0
1990-11-27,M,M,0.00,0.0,0
1990-11-28,M,M,T,0.0,0
1990-11-29,M,M,0.02,0.0,0
1990-11-30,M,M,T,T,0
1990-12-01,M,M,0.00,0.0,0
1990-12-02,M,M,0.00,0.0,0
1990-12-03,M,M,0.00,0.0,0
1990-12-04,M,M,0.65,3.0,M
1990-12-05,M,M,0.13,T,M
1990-12-06,M,M,0.02,1.0,M
1990-12-07,M,M,0.00,0.0,M
1990-12-08,M,M,0.00,0.0,0
1990-12-09,M,M,0.00,0.0,0
1990-12-10,M,M,0.00,0.0,0
1990-12-11,M,M,0.00,0.0,0
1990-12-12,M,M,0.00,0.0,0
1990-12-13,M,M,0.00,0.0,0
1990-12-14,M,M,0.01,0.5,0
1990-12-15,M,M,0.25,0.0,0
1990-12-16,M,M,0.20,2.0,M
1990-12-17,M,M,0.02,0.5,M
1990-12-18,M,M,0.05,0.0,M
1990-12-19,M,M,0.35,0.0,0
1990-12-20,M,M,0.00,0.0,0
1990-12-21,M,M,0.00,0.0,0
1990-12-22,M,M,0.12,0.0,0
1990-12-23,M,M,0.01,0.0,0
1990-12-24,M,M,0.37,0.0,0
1990-12-25,M,M,T,T,0
1990-12-26,M,M,0.00,0.0,0
1990-12-27,M,M,T,T,0
1990-12-28,M,M,0.39,4.0,M
1990-12-29,M,M,0.06,0.5,M
1990-12-30,M,M,M,M,M
1990-12-31,M,M,M,M,M
1991-01-01,M,M,0.00,0.0,M
1991-01-02,M,M,0.00,0.0,M
1991-01-03,M,M,T,T,M
1991-01-04,M,M,0.00,0.0,M
1991-01-05,M,M,0.01,0.3,M
1991-01-06,M,M,0.00,0.0,M
1991-01-07,M,M,0.00,0.0,M
1991-01-08,M,M,0.09,1.0,M
1991-01-09,M,M,0.07,0.5,M
1991-01-10,M,M,T,T,M
1991-01-11,M,M,0.96,6.7,M
1991-01-12,M,M,0.03,T,M
1991-01-13,M,M,0.00,0.0,M
1991-01-14,M,M,0.00,0.0,M
1991-01-15,M,M,T,0.0,M
1991-01-16,M,M,0.26,0.0,M
1991-01-17,M,M,0.04,0.5,M
1991-01-18,M,M,0.01,0.3,M
1991-01-19,M,M,0.00,0.0,M
1991-01-20,M,M,0.04,0.5,M
1991-01-21,M,M,0.00,0.0,M
1991-01-22,M,M,T,0.5,M
1991-01-23,M,M,0.00,0.0,M
1991-01-24,M,M,T,0.5,M
1991-01-25,M,M,0.05,2.5,M
1991-01-26,M,M,0.00,0.0,M
1991-01-27,M,M,0.01,0.5,M
1991-01-28,M,M,T,T,M
1991-01-29,M,M,0.00,0.0,M
1991-01-30,M,M,0.00,0.0,M
1991-01-31,M,M,0.29,0.5,M
1991-02-01,M,M,0.03,1.0,M
1991-02-02,M,M,0.00,0.0,M
1991-02-03,M,M,0.00,0.0,M
1991-02-04,M,M,0.00,0.0,M
1991-02-05,M,M,0.00,0.0,M
1991-02-06,M,M,0.00,0.0,M
1991-02-07,M,M,0.19,0.0,M
1991-02-08,M,M,0.29,0.0,M
1991-02-09,M,M,0.00,0.0,M
1991-02-10,M,M,0.00,0.0,M
1991-02-11,M,M,0.01,0.5,M
1991-02-12,M,M,0.09,2.5,M
1991-02-13,M,M,T,T,M
1991-02-14,M,M,0.26,3.0,M
1991-02-15,M,M,0.21,1.5,M
1991-02-16,M,M,T,T,M
1991-02-17,M,M,0.02,0.5,M
1991-02-18,M,M,0.00,0.0,M
1991-02-19,M,M,0.17,0.5,M
1991-02-20,M,M,0.12,0.0,M
1991-02-21,M,M,T,0.0,M
1991-02-22,M,M,0.00,0.0,M
1991-02-23,M,M,T,T,M
1991-02-24,M,M,0.00,0.0,M
1991-02-25,M,M,T,T,M
1991-02-26,M,M,0.00,0.0,M
1991-02-27,M,M,0.02,0.5,M
1991-02-28,M,M,T,T,M
1991-03-01,M,M,0.02,0.5,M
1991-03-02,M,M,T,0.0,M
1991-03-03,M,M,0.13,0.0,M
1991-03-04,M,M,0.93,0.0,M
1991-03-05,M,M,0.20,0.0,M
1991-03-06,M,M,0.00,0.0,M
1991-03-07,M,M,0.06,0.0,M
1991-03-08,M,M,0.02,0.5,M
1991-03-09,M,M,0.00,0.0,M
1991-03-10,M,M,0.00,0.0,M
1991-03-11,M,M,0.00,0.0,M
1991-03-12,M,M,0.00,0.0,M
1991-03-13,M,M,0.00,0.0,M
1991-03-14,M,M,0.05,1.0,M
1991-03-15,M,M,0.58,8.0,M
1991-03-16,M,M,0.18,2.0,M
1991-03-17,M,M,0.00,0.0,M
1991-03-18,M,M,0.00,0.0,M
1991-03-19,M,M,0.08,1.0,M
1991-03-20,M,M,T,T,M
1991-03-21,M,M,0.00,0.0,M
1991-03-22,M,M,0.04,T,M
1991-03-23,M,M,0.31,T,M
1991-03-24,M,M,0.23,T,M
1991-03-25,M,M,0.24,1.0,M
1991-03-26,M,M,0.01,T,M
1991-03-27,M,M,0.00,0.0,M
1991-03-28,M,M,0.13,0.0,M
1991-03-29,M,M,0.00,0.0,M
1991-03-30,M,M,0.12,1.5,M
1991-03-31,M,M,0.02,0.5,M
1991-04-01,M,M,0.00,0.0,0
1991-04-02,M,M,0.06,1.0,M
1991-04-03,M,M,0.01,T,0
1991-04-04,M,M,0.00,0.0,M
1991-04-05,M,M,0.00,0.0,M
1991-04-06,M,M,0.02,0.0,M
1991-04-07,M,M,0.04,0.0,M
1991-04-08,M,M,0.00,0.0,M
1991-04-09,M,M,0.20,0.0,M
1991-04-10,M,M,0.13,0.0,M
1991-04-11,M,M,0.02,T,0
1991-04-12,M,M,0.00,0.0,M
1991-04-13,M,M,0.00,0.0,M
1991-04-14,M,M,0.11,2.0,M
1991-04-15,M,M,0.00,0.0,0
1991-04-16,M,M,0.10,0.0,0
1991-04-17,M,M,T,0.0,0
1991-04-18,M,M,0.05,0.0,0
1991-04-19,M,M,T,0.0,0
1991-04-20,M,M,0.00,0.0,0
1991-04-21,M,M,0.08,0.0,0
1991-04-22,M,M,1.55,0.0,0
1991-04-23,M,M,0.08,0.0,0
1991-04-24,M,M,0.00,0.0,0
1991-04-25,M,M,0.63,0.0,0
1991-04-26,M,M,0.00,0.0,0
1991-04-27,M,M,0.02,0.0,0
1991-04-28,M,M,0.00,0.0,0
1991-04-29,M,M,0.00,0.0,0
1991-04-30,M,M,0.05,0.0,0
1991-05-01,M,M,0.93,0.0,0
1991-05-02,M,M,0.32,0.0,0
1991-05-03,M,M,0.04,0.0,0
1991-05-04,M,M,0.03,0.0,0
1991-05-05,M,M,0.00,0.0,0
1991-05-06,M,M,0.06,0.0,0
1991-05-07,M,M,0.26,0.0,0
1991-05-08,M,M,0.00,0.0,0
1991-05-09,M,M,0.00,0.0,0
1991-05-10,M,M,0.26,0.0,0
1991-05-11,M,M,0.01,0.0,0
1991-05-12,M,M,0.00,0.0,0
1991-05-13,M,M,0.00,0.0,0
1991-05-14,M,M,0.00,0.0,0
1991-05-15,M,M,0.05,0.0,0
1991-05-16,M,M,0.00,0.0,0
1991-05-17,M,M,0.00,0.0,0
1991-05-18,M,M,0.38,0.0,0
1991-05-19,M,M,0.00,0.0,0
1991-05-20,M,M,0.00,0.0,0
1991-05-21,M,M,0.00,0.0,0
1991-05-22,M,M,0.00,0.0,0
1991-05-23,M,M,0.00,0.0,0
1991-05-24,M,M,0.00,0.0,0
1991-05-25,M,M,0.00,0.0,0
1991-05-26,M,M,0.00,0.0,0
1991-05-27,M,M,0.00,0.0,0
1991-05-28,M,M,0.07,0.0,0
1991-05-29,M,M,0.00,0.0,0
1991-05-30,M,M,0.00,0.0,0
1991-05-31,M,M,1.65,0.0,0
1991-06-01,M,M,0.29,0.0,0
1991-06-02,M,M,0.00,0.0,0
1991-06-03,M,M,0.00,0.0,0
1991-06-04,M,M,0.22,0.0,0
1991-06-05,M,M,0.08,0.0,0
1991-06-06,M,M,0.01,0.0,0
1991-06-07,M,M,0.00,0.0,0
1991-06-08,M,M,0.00,0.0,0
1991-06-09,M,M,0.00,0.0,0
1991-06-10,M,M,0.00,0.0,0
1991-06-11,M,M,0.00,0.0,0
1991-06-12,M,M,0.33,0.0,0
1991-06-13,M,M,0.33,0.0,0
1991-06-14,M,M,0.00,0.0,0
1991-06-15,M,M,0.00,0.0,0
1991-06-16,M,M,0.01,0.0,0
1991-06-17,M,M,0.06,0.0,0
1991-06-18,M,M,T,0.0,0
1991-06-19,M,M,0.00,0.0,0
1991-06-20,M,M,0.00,0.0,0
1991-06-21,M,M,0.00,0.0,0
1991-06-22,M,M,0.00,0.0,0
1991-06-23,M,M,0.00,0.0,0
1991-06-24,M,M,0.00,0.0,0
1991-06-25,M,M,0.00,0.0,0
1991-06-26,M,M,0.00,0.0,0
1991-06-27,M,M,0.00,0.0,0
1991-06-28,M,M,0.00,0.0,0
1991-06-29,M,M,0.00,0.0,0
1991-06-30,M,M,0.38,0.0,0
1991-07-01,M,M,0.03,0.0,0
1991-07-02,M,M,0.00,0.0,0
1991-07-03,M,M,0.07,0.0,0
1991-07-04,M,M,0.00,0.0,0
1991-07-05,M,M,0.00,0.0,0
1991-07-06,M,M,S,0.0,0
1991-07-07,M,M,0.39A,0.0,0
1991-07-08,M,M,0.25,0.0,0
1991-07-09,M,M,0.00,0.0,0
1991-07-10,M,M,0.00,0.0,0
1991-07-11,M,M,0.00,0.0,0
1991-07-12,M,M,0.00,0.0,0
1991-07-13,M,M,0.59,0.0,0
1991-07-14,M,M,0.66,0.0,0
1991-07-15,M,M,0.02,0.0,0
1991-07-16,M,M,0.00,0.0,0
1991-07-17,M,M,0.00,0.0,0
1991-07-18,M,M,0.00,0.0,0
1991-07-19,M,M,0.00,0.0,0
1991-07-20,M,M,0.00,0.0,0
1991-07-21,M,M,0.00,0.0,0
1991-07-22,M,M,0.05,0.0,0
1991-07-23,M,M,0.06,0.0,0
1991-07-24,M,M,T,0.0,0
1991-07-25,M,M,0.00,0.0,0
1991-07-26,M,M,T,0.0,0
1991-07-27,M,M,M,M,M
1991-07-28,M,M,M,M,M
1991-07-29,M,M,M,M,M
1991-07-30,M,M,M,M,M
1991-07-31,M,M,M,M,M
1991-08-01,M,M,S,0.0,0
1991-08-02,M,M,M,0.0,0
1991-08-03,M,M,M,0.0,0
1991-08-04,M,M,M,0.0,0
1991-08-05,M,M,M,0.0,0
1991-08-06,M,M,M,0.0,0
1991-08-07,M,M,M,0.0,0
1991-08-08,M,M,M,0.0,0
1991-08-09,M,M,M,0.0,0
1991-08-10,M,M,M,0.0,0
1991-08-11,M,M,M,0.0,0
1991-08-12,M,M,M,0.0,0
1991-08-13,M,M,M,0.0,0
1991-08-14,M,M,M,0.0,0
1991-08-15,M,M,M,0.0,0
1991-08-16,M,M,M,0.0,0
1991-08-17,M,M,M,0.0,0
1991-08-18,M,M,M,0.0,0
1991-08-19,M,M,M,0.0,0
1991-08-20,M,M,M,0.0,0
1991-08-21,M,M,M,0.0,0
1991-08-22,M,M,M,0.0,0
1991-08-23,M,M,M,0.0,0
1991-08-24,M,M,M,0.0,0
1991-08-25,M,M,M,0.0,0
1991-08-26,M,M,4.57A,0.0,0
1991-08-27,M,M,0.00,0.0,0
1991-08-28,M,M,0.00,0.0,0
1991-08-29,M,M,0.00,0.0,0
1991-08-30,M,M,0.00,0.0,0
1991-08-31,M,M,0.11,0.0,0
1991-09-01,M,M,0.07,0.0,0
1991-09-02,M,M,0.00,0.0,0
1991-09-03,M,M,0.00,0.0,0
1991-09-04,M,M,0.00,0.0,0
1991-09-05,M,M,0.11,0.0,0
1991-09-06,M,M,0.00,0.0,0
1991-09-07,M,M,0.00,0.0,0
1991-09-08,M,M,0.00,0.0,0
1991-09-09,M,M,0.00,0.0,0
1991-09-10,M,M,0.00,0.0,0
1991-09-11,M,M,0.42,0.0,0
1991-09-12,M,M,0.00,0.0,0
1991-09-13,M,M,0.00,0.0,0
1991-09-14,M,M,S,0.0,0
1991-09-15,M,M,M,0.0,0
1991-09-16,M,M,1.18A,0.0,0
1991-09-17,M,M,0.00,0.0,0
1991-09-18,M,M,0.02,0.0,0
1991-09-19,M,M,0.33,0.0,0
1991-09-20,M,M,0.34,0.0,0
1991-09-21,M,M,0.01,0.0,0
1991-09-22,M,M,0.00,0.0,0
1991-09-23,M,M,0.00,0.0,0
1991-09-24,M,M,T,0.0,0
1991-09-25,M,M,0.60,0.0,0
1991-09-26,M,M,0.14,0.0,0
1991-09-27,M,M,0.00,0.0,0
1991-09-28,M,M,0.00,0.0,0
1991-09-29,M,M,0.00,0.0,0
1991-09-30,M,M,0.00,0.0,0
1991-10-01,M,M,0.00,0.0,0
1991-10-02,M,M,0.07,0.0,0
1991-10-03,M,M,0.00,0.0,0
1991-10-04,M,M,T,0.0,0
1991-10-05,M,M,0.00,0.0,0
1991-10-06,M,M,0.30,0.0,0
1991-10-07,M,M,0.03,0.0,0
1991-10-08,M,M,T,0.0,0
1991-10-09,M,M,0.00,0.0,0
1991-10-10,M,M,0.00,0.0,0
1991-10-11,M,M,0.03,0.0,0
1991-10-12,M,M,0.35,0.0,0
1991-10-13,M,M,0.00,0.0,0
1991-10-14,M,M,0.00,0.0,0
1991-10-15,M,M,0.00,0.0,0
1991-10-16,M,M,0.60,0.0,0
1991-10-17,M,M,0.01,0.0,0
1991-10-18,M,M,0.55,0.0,0
1991-10-19,M,M,T,0.0,0
1991-10-20,M,M,0.01,0.0,0
1991-10-21,M,M,0.00,0.0,0
1991-10-22,M,M,0.00,0.0,0
1991-10-23,M,M,0.00,0.0,0
1991-10-24,M,M,0.00,0.0,0
1991-10-25,M,M,0.00,0.0,0
1991-10-26,M,M,0.00,0.0,0
1991-10-27,M,M,0.00,0.0,0
1991-10-28,M,M,0.22,0.0,0
1991-10-29,M,M,0.00,0.0,0
1991-10-30,M,M,0.00,0.0,0
1991-10-31,M,M,0.00,0.0,0
1991-11-01,M,M,0.02,0.0,0
1991-11-02,M,M,T,0.0,0
1991-11-03,M,M,T,0.0,0
1991-11-04,M,M,0.00,0.0,0
1991-11-05,M,M,0.00,0.0,0
1991-11-06,M,M,0.00,0.0,0
1991-11-07,M,M,0.00,0.0,0
1991-11-08,M,M,T,T,T
1991-11-09,M,M,0.00,0.0,0
1991-11-10,M,M,0.00,0.0,0
1991-11-11,M,M,0.27,0.0,0
1991-11-12,M,M,0.88,6.5,7
1991-11-13,M,M,0.02,T,5
1991-11-14,M,M,0.11,0.0,3
1991-11-15,M,M,0.04,0.0,T
1991-11-16,M,M,0.03,0.0,T
1991-11-17,M,M,0.04,0.0,0
1991-11-18,M,M,0.00,0.0,0
1991-11-19,M,M,0.00,0.0,0
1991-11-20,M,M,T,0.0,0
1991-11-21,M,M,0.72,0.0,0
1991-11-22,M,M,2.31,0.0,0
1991-11-23,M,M,0.03,0.0,0
1991-11-24,M,M,0.06,T,0
1991-11-25,M,M,T,0.3,0
1991-11-26,M,M,T,T,0
1991-11-27,M,M,T,T,0
1991-11-28,M,M,0.00,0.0,0
1991-11-29,M,M,0.09,0.0,0
1991-11-30,M,M,0.02,0.0,0
1991-12-01,M,M,T,0.0,M
1991-12-02,M,M,0.01,0.0,M
1991-12-03,M,M,0.95,3.0,M
1991-12-04,M,M,0.14,0.0,M
1991-12-05,M,M,0.02,0.5,M
1991-12-06,M,M,0.17,2.5,M
1991-12-07,M,M,T,T,M
1991-12-08,M,M,0.02,0.0,M
1991-12-09,M,M,T,0.0,M
1991-12-10,M,M,0.03,T,M
1991-12-11,M,M,0.00,0.0,M
1991-12-12,M,M,0.00,0.0,M
1991-12-13,M,M,0.04,0.0,M
1991-12-14,M,M,0.22,0.0,M
1991-12-15,M,M,0.29,0.5,M
1991-12-16,M,M,0.02,0.5,M
1991-12-17,M,M,0.00,0.0,M
1991-12-18,M,M,0.08,2.0,M
1991-12-19,M,M,T,T,M
1991-12-20,M,M,T,T,M
1991-12-21,M,M,0.02,0.3,M
1991-12-22,M,M,0.05,0.5,M
1991-12-23,M,M,0.00,0.0,M
1991-12-24,M,M,0.01,T,M
1991-12-25,M,M,T,T,M
1991-12-26,M,M,0.01,0.5,M
1991-12-27,M,M,T,T,M
1991-12-28,M,M,S,S,M
1991-12-29,M,M,M,M,M
1991-12-30,M,M,0.48A,1.0A,3
1991-12-31,M,M,0.00,0.0,2
1992-01-01,M,M,0.00,0.0,M
1992-01-02,M,M,0.00,0.0,M
1992-01-03,M,M,T,T,M
1992-01-04,M,M,0.00,0.0,M
1992-01-05,M,M,0.54,0.0,M
1992-01-06,M,M,T,T,M
1992-01-07,M,M,T,T,M
1992-01-08,M,M,0.04,1.0,M
1992-01-09,M,M,0.00,0.0,M
1992-01-10,M,M,0.04,T,M
1992-01-11,M,M,T,T,M
1992-01-12,M,M,T,T,M
1992-01-13,M,M,0.00,0.0,M
1992-01-14,M,M,0.01,0.0,M
1992-01-15,M,M,0.40,T,M
1992-01-16,M,M,0.09,1.5,M
1992-01-17,M,M,0.01,0.5,M
1992-01-18,M,M,0.02,0.5,M
1992-01-19,M,M,0.06,1.0,M
1992-01-20,M,M,0.00,0.0,M
1992-01-21,M,M,0.01,0.5,M
1992-01-22,M,M,T,T,M
1992-01-23,M,M,T,T,M
1992-01-24,M,M,0.36,0.0,M
1992-01-25,M,M,0.02,0.5,M
1992-01-26,M,M,0.02,0.3,M
1992-01-27,M,M,0.01,0.5,M
1992-01-28,M,M,T,T,M
1992-01-29,M,M,0.00,0.0,M
1992-01-30,M,M,0.00,0.0,M
1992-01-31,M,M,0.00,0.0,M
1992-02-01,M,M,0.06,1.0,M
1992-02-02,M,M,0.01,1.0,M
1992-02-03,M,M,0.00,0.0,M
1992-02-04,M,M,0.00,0.0,M
1992-02-05,M,M,0.06,0.5,M
1992-02-06,M,M,T,T,M
1992-02-07,M,M,0.00,0.0,M
1992-02-08,M,M,T,T,M
1992-02-09,M,M,0.11,2.0,M
1992-02-10,M,M,T,T,M
1992-02-11,M,M,0.00,0.0,M
1992-02-12,M,M,0.04,1.0,M
1992-02-13,M,M,0.00,0.0,M
1992-02-14,M,M,0.11,1.0,M
1992-02-15,M,M,0.00,0.0,M
1992-02-16,M,M,S,M,M
1992-02-17,M,M,M,M,M
1992-02-18,M,M,M,M,M
1992-02-19,M,M,0.20A,T,M
1992-02-20,M,M,T,T,M
1992-02-21,M,M,0.03,1.3,M
1992-02-22,M,M,T,T,M
1992-02-23,M,M,0.05,1.0,M
1992-02-24,M,M,0.00,0.0,M
1992-02-25,M,M,0.24,2.5,M
1992-02-26,M,M,0.02,0.5,M
1992-02-27,M,M,T,T,M
1992-02-28,M,M,0.02,1.0,M
1992-02-29,M,M,0.02,0.3,M
1992-03-01,M,M,T,T,M
1992-03-02,M,M,T,T,M
1992-03-03,M,M,T,T,M
1992-03-04,M,M,T,T,M
1992-03-05,M,M,0.00,0.0,M
1992-03-06,M,M,T,T,M
1992-03-07,M,M,0.02,T,M
1992-03-08,M,M,0.06,0.0,M
1992-03-09,M,M,0.03,0.0,M
1992-03-10,M,M,0.01,0.0,M
1992-03-11,M,M,0.30,0.0,M
1992-03-12,M,M,0.33,1.0,M
1992-03-13,M,M,0.01,0.3,M
1992-03-14,M,M,T,T,M
1992-03-15,M,M,0.01,0.5,M
1992-03-16,M,M,0.00,0.0,M
1992-03-17,M,M,0.00,0.0,M
1992-03-18,M,M,0.01,0.2,M
1992-03-19,M,M,0.02,0.2,M
1992-03-20,M,M,0.04,1.0,M
1992-03-21,M,M,0.00,0.0,M
1992-03-22,M,M,0.00,0.0,M
1992-03-23,M,M,0.22,3.0,M
1992-03-24,M,M,T,T,M
1992-03-25,M,M,0.00,0.0,M
1992-03-26,M,M,0.01,0.0,M
1992-03-27,M,M,1.29,0.0,M
1992-03-28,M,M,0.05,T,M
1992-03-29,M,M,T,T,M
1992-03-30,M,M,0.00,0.0,M
1992-03-31,M,M,0.12,1.0,M
1992-04-01,M,M,0.00,0.0,M
1992-04-02,M,M,T,T,M
1992-04-03,M,M,T,T,M
1992-04-04,M,M,T,T,M
1992-04-05,M,M,0.00,0.0,M
1992-04-06,M,M,0.00,0.0,M
1992-04-07,M,M,0.00,0.0,M
1992-04-08,M,M,0.08,0.0,M
1992-04-09,M,M,0.00,0.0,M
1992-04-10,M,M,0.01,0.0,M
1992-04-11,M,M,0.04,1.0,M
1992-04-12,M,M,0.38,0.0,M
1992-04-13,M,M,0.00,0.0,M
1992-04-14,M,M,0.00,0.0,M
1992-04-15,M,M,0.00,0.0,M
1992-04-16,M,M,0.00,0.0,M
1992-04-17,M,M,0.70,2.0,M
1992-04-18,M,M,0.17,0.0,M
1992-04-19,M,M,0.19,0.0,M
1992-04-20,M,M,0.02,0.0,M
1992-04-21,M,M,0.00,0.0,M
1992-04-22,M,M,0.03,0.0,M
1992-04-23,M,M,0.18,0.0,M
1992-04-24,M,M,T,0.0,M
1992-04-25,M,M,0.38,0.0,M
1992-04-26,M,M,0.23,T,M
1992-04-27,M,M,0.09,T,M
1992-04-28,M,M,0.00,0.0,M
1992-04-29,M,M,0.00,0.0,M
1992-04-30,M,M,0.00,0.0,M
1992-05-01,M,M,T,0.0,0
1992-05-02,M,M,0.11,0.0,0
1992-05-03,M,M,1.01,0.0,0
1992-05-04,M,M,0.09,0.0,0
1992-05-05,M,M,0.01,0.0,0
1992-05-06,M,M,T,0.0,0
1992-05-07,M,M,T,0.0,0
1992-05-08,M,M,0.00,0.0,0
1992-05-09,M,M,0.05,0.0,0
1992-05-10,M,M,0.01,0.0,0
1992-05-11,M,M,0.00,0.0,0
1992-05-12,M,M,0.00,0.0,0
1992-05-13,M,M,0.00,0.0,0
1992-05-14,M,M,T,0.0,0
1992-05-15,M,M,0.00,0.0,0
1992-05-16,M,M,0.23,0.0,0
1992-05-17,M,M,T,0.0,0
1992-05-18,M,M,0.00,0.0,0
1992-05-19,M,M,0.00,0.0,0
1992-05-20,M,M,0.00,0.0,0
1992-05-21,M,M,0.00,0.0,0
1992-05-22,M,M,0.00,0.0,0
1992-05-23,M,M,0.00,0.0,0
1992-05-24,M,M,0.00,0.0,0
1992-05-25,M,M,0.77,0.0,0
1992-05-26,M,M,0.00,0.0,0
1992-05-27,M,M,0.00,0.0,0
1992-05-28,M,M,0.22,0.0,0
1992-05-29,M,M,T,0.0,0
1992-05-30,M,M,0.00,0.0,0
1992-05-31,M,M,0.67,0.0,0
1992-06-01,M,M,1.45,0.0,0
1992-06-02,M,M,0.22,0.0,0
1992-06-03,M,M,0.01,0.0,0
1992-06-04,M,M,0.00,0.0,0
1992-06-05,M,M,T,0.0,0
1992-06-06,M,M,1.10,0.0,0
1992-06-07,M,M,0.13,0.0,0
1992-06-08,M,M,T,0.0,0
1992-06-09,M,M,0.01,0.0,0
1992-06-10,M,M,0.00,0.0,0
1992-06-11,M,M,0.00,0.0,0
1992-06-12,M,M,0.00,0.0,0
1992-06-13,M,M,0.00,0.0,0
1992-06-14,M,M,0.00,0.0,0
1992-06-15,M,M,0.00,0.0,0
1992-06-16,M,M,0.00,0.0,0
1992-06-17,M,M,0.00,0.0,0
1992-06-18,M,M,0.00,0.0,0
1992-06-19,M,M,T,0.0,0
1992-06-20,M,M,0.12,0.0,0
1992-06-21,M,M,0.02,0.0,0
1992-06-22,M,M,0.00,0.0,0
1992-06-23,M,M,0.00,0.0,0
1992-06-24,M,M,T,0.0,0
1992-06-25,M,M,0.11,0.0,0
1992-06-26,M,M,T,0.0,0
1992-06-27,M,M,0.23,0.0,0
1992-06-28,M,M,0.01,0.0,0
1992-06-29,M,M,0.00,0.0,0
1992-06-30,M,M,0.00,0.0,0
1992-07-01,M,M,0.00,0.0,0
1992-07-02,M,M,0.00,0.0,0
1992-07-03,M,M,0.00,0.0,0
1992-07-04,M,M,S,0.0,0
1992-07-05,M,M,M,0.0,0
1992-07-06,M,M,M,0.0,0
1992-07-07,M,M,M,0.0,0
1992-07-08,M,M,1.08A,0.0,0
1992-07-09,M,M,0.40,0.0,0
1992-07-10,M,M,0.01,0.0,0
1992-07-11,M,M,0.18,0.0,0
1992-07-12,M,M,0.01,0.0,0
1992-07-13,M,M,0.26,0.0,0
1992-07-14,M,M,0.02,0.0,0
1992-07-15,M,M,0.41,0.0,0
1992-07-16,M,M,0.82,0.0,0
1992-07-17,M,M,0.01,0.0,0
1992-07-18,M,M,S,0.0,0
1992-07-19,M,M,M,0.0,0
1992-07-20,M,M,0.22A,0.0,0
1992-07-21,M,M,0.01,0.0,0
1992-07-22,M,M,0.00,0.0,0
1992-07-23,M,M,0.35,0.0,0
1992-07-24,M,M,1.00,0.0,0
1992-07-25,M,M,0.01,0.0,0
1992-07-26,M,M,0.00,0.0,0
1992-07-27,M,M,T,0.0,0
1992-07-28,M,M,0.00,0.0,0
1992-07-29,M,M,0.00,0.0,0
1992-07-30,M,M,0.47,0.0,0
1992-07-31,M,M,0.08,0.0,0
1992-08-01,M,M,S,0.0,0
1992-08-02,M,M,M,0.0,0
1992-08-03,M,M,0.35A,0.0,0
1992-08-04,M,M,0.07,0.0,0
1992-08-05,M,M,0.25,0.0,0
1992-08-06,M,M,0.00,0.0,0
1992-08-07,M,M,0.00,0.0,0
1992-08-08,M,M,0.00,0.0,0
1992-08-09,M,M,0.21,0.0,0
1992-08-10,M,M,0.63,0.0,0
1992-08-11,M,M,0.00,0.0,0
1992-08-12,M,M,0.00,0.0,0
1992-08-13,M,M,0.00,0.0,0
1992-08-14,M,M,0.12,0.0,0
1992-08-15,M,M,S,0.0,0
1992-08-16,M,M,M,0.0,0
1992-08-17,M,M,0.34A,0.0,0
1992-08-18,M,M,0.20,0.0,0
1992-08-19,M,M,0.10,0.0,0
1992-08-20,M,M,T,0.0,0
1992-08-21,M,M,0.00,0.0,0
1992-08-22,M,M,0.00,0.0,0
1992-08-23,M,M,0.00,0.0,0
1992-08-24,M,M,0.00,0.0,0
1992-08-25,M,M,0.00,0.0,0
1992-08-26,M,M,0.20,0.0,0
1992-08-27,M,M,0.45,0.0,0
1992-08-28,M,M,0.02,0.0,0
1992-08-29,M,M,0.70,0.0,0
1992-08-30,M,M,T,0.0,0
1992-08-31,M,M,0.01,0.0,0
1992-09-01,M,M,0.00,0.0,0
1992-09-02,M,M,0.00,0.0,0
1992-09-03,M,M,0.02,0.0,0
1992-09-04,M,M,0.18,0.0,0
1992-09-05,M,M,0.00,0.0,0
1992-09-06,M,M,0.00,0.0,0
1992-09-07,M,M,T,0.0,0
1992-09-08,M,M,0.00,0.0,0
1992-09-09,M,M,0.00,0.0,0
1992-09-10,M,M,0.00,0.0,0
1992-09-11,M,M,0.38,0.0,0
1992-09-12,M,M,0.00,0.0,0
1992-09-13,M,M,0.00,0.0,0
1992-09-14,M,M,0.00,0.0,0
1992-09-15,M,M,0.00,0.0,0
1992-09-16,M,M,0.00,0.0,0
1992-09-17,M,M,0.00,0.0,0
1992-09-18,M,M,0.00,0.0,0
1992-09-19,M,M,0.33,0.0,0
1992-09-20,M,M,0.02,0.0,0
1992-09-21,M,M,0.00,0.0,0
1992-09-22,M,M,0.00,0.0,0
1992-09-23,M,M,0.56,0.0,0
1992-09-24,M,M,0.00,0.0,0
1992-09-25,M,M,0.00,0.0,0
1992-09-26,M,M,0.13,0.0,0
1992-09-27,M,M,0.33,0.0,0
1992-09-28,M,M,0.03,0.0,0
1992-09-29,M,M,0.00,0.0,0
1992-09-30,M,M,0.02,T,0
1992-10-01,M,M,T,T,0
1992-10-02,M,M,0.00,0.0,0
1992-10-03,M,M,0.00,0.0,0
1992-10-04,M,M,0.00,0.0,0
1992-10-05,M,M,0.00,0.0,0
1992-10-06,M,M,0.00,0.0,0
1992-10-07,M,M,0.00,0.0,0
1992-10-08,M,M,0.00,0.0,0
1992-10-09,M,M,0.00,0.0,0
1992-10-10,M,M,1.01,0.0,0
1992-10-11,M,M,0.03,0.0,0
1992-10-12,M,M,0.14,0.0,0
1992-10-13,M,M,T,0.0,0
1992-10-14,M,M,0.00,0.0,0
1992-10-15,M,M,0.03,0.0,0
1992-10-16,M,M,0.32,0.0,0
1992-10-17,M,M,S,0.0,0
1992-10-18,M,M,M,0.0,0
1992-10-19,M,M,0.15A,T,T
1992-10-20,M,M,0.05,T,T
1992-10-21,M,M,0.06,T,T
1992-10-22,M,M,0.05,0.0,0
1992-10-23,M,M,0.00,0.0,0
1992-10-24,M,M,0.01,0.0,0
1992-10-25,M,M,0.39,0.0,0
1992-10-26,M,M,0.01,0.0,0
1992-10-27,M,M,0.00,0.0,0
1992-10-28,M,M,0.00,0.0,0
1992-10-29,M,M,0.00,0.0,0
1992-10-30,M,M,0.18,0.0,0
1992-10-31,M,M,0.00,0.0,0
1992-11-01,M,M,0.00,0.0,0
1992-11-02,M,M,0.00,0.0,0
1992-11-03,M,M,0.83,T,0
1992-11-04,M,M,0.08,0.0,0
1992-11-05,M,M,0.05,0.0,0
1992-11-06,M,M,0.30,2.0,M
1992-11-07,M,M,0.00,0.0,M
1992-11-08,M,M,T,T,M
1992-11-09,M,M,T,T,M
1992-11-10,M,M,0.00,0.0,0
1992-11-11,M,M,0.13,0.0,0
1992-11-12,M,M,0.02,0.0,0
1992-11-13,M,M,0.34,0.0,0
1992-11-14,M,M,0.00,0.0,0
1992-11-15,M,M,0.00,0.0,0
1992-11-16,M,M,M,0.5,M
1992-11-17,M,M,0.06,0.5,M
1992-11-18,M,M,0.16,4.0,M
1992-11-19,M,M,T,T,M
1992-11-20,M,M,0.00,0.0,0
1992-11-21,M,M,0.00,0.0,0
1992-11-22,M,M,0.11,0.0,0
1992-11-23,M,M,0.63,0.0,0
1992-11-24,M,M,0.03,0.0,0
1992-11-25,M,M,0.40,0.0,0
1992-11-26,M,M,0.02,0.0,0
1992-11-27,M,M,0.15,0.0,0
1992-11-28,M,M,0.01,0.0,0
1992-11-29,M,M,0.00,0.0,0
1992-11-30,M,M,T,T,0
1992-12-01,M,M,T,T,M
1992-12-02,M,M,T,T,M
1992-12-03,M,M,0.16,2.5,M
1992-12-04,M,M,T,T,M
1992-12-05,M,M,0.15,1.5,M
1992-12-06,M,M,T,T,M
1992-12-07,M,M,T,T,M
1992-12-08,M,M,T,T,M
1992-12-09,M,M,0.00,0.0,M
1992-12-10,M,M,0.00,0.0,M
1992-12-11,M,M,0.62,6.0,M
1992-12-12,M,M,1.25,14.0,M
1992-12-13,M,M,0.57,8.0,M
1992-12-14,M,M,0.00,0.0,M
1992-12-15,M,M,0.00,0.0,M
1992-12-16,M,M,0.00,0.0,M
1992-12-17,M,M,0.03,0.0,M
1992-12-18,M,M,0.28,0.0,M
1992-12-19,M,M,T,T,M
1992-12-20,M,M,0.09,0.0,M
1992-12-21,M,M,T,T,M
1992-12-22,M,M,0.00,0.0,M
1992-12-23,M,M,0.00,0.0,M
1992-12-24,M,M,M,0.3,M
1992-12-25,M,M,0.02,0.3,M
1992-12-26,M,M,S,S,M
1992-12-27,M,M,M,M,M
1992-12-28,M,M,0.01A,0.5A,M
1992-12-29,M,M,T,T,M
1992-12-30,M,M,0.08,0.0,M
1992-12-31,M,M,0.46,0.0,M
1993-01-01,M,M,0.03,T,M
1993-01-02,M,M,T,T,M
1993-01-03,M,M,T,T,M
1993-01-04,M,M,0.02,0.0,M
1993-01-05,M,M,0.17,0.0,M
1993-01-06,M,M,0.08,T,M
1993-01-07,M,M,T,T,M
1993-01-08,M,M,0.00,0.0,M
1993-01-09,M,M,T,T,M
1993-01-10,M,M,0.00,0.0,M
1993-01-11,M,M,0.07,1.5,M
1993-01-12,M,M,0.03,T,M
1993-01-13,M,M,0.35,2.0,M
1993-01-14,M,M,0.53,6.0,M
1993-01-15,M,M,0.02,0.5,M
1993-01-16,M,M,T,T,M
1993-01-17,M,M,0.00,0.0,M
1993-01-18,M,M,0.04,1.0,M
1993-01-19,M,M,0.00,0.0,M
1993-01-20,M,M,0.00,0.0,M
1993-01-21,M,M,0.00,0.0,M
1993-01-22,M,M,0.14,0.0,M
1993-01-23,M,M,0.02,0.0,M
1993-01-24,M,M,0.00,0.0,M
1993-01-25,M,M,0.08,T,M
1993-01-26,M,M,0.08,3.0,M
1993-01-27,M,M,0.00,0.0,M
1993-01-28,M,M,T,T,M
1993-01-29,M,M,0.03,0.5,M
1993-01-30,M,M,T,T,M
1993-01-31,M,M,0.04,1.0,M
1993-02-01,M,M,0.04,1.0,M
1993-02-02,M,M,0.00,0.0,M
1993-02-03,M,M,0.00,0.0,M
1993-02-04,M,M,0.00,0.0,M
1993-02-05,M,M,0.00,0.0,M
1993-02-06,M,M,0.03,1.0,M
1993-02-07,M,M,0.00,0.0,M
1993-02-08,M,M,0.00,0.0,M
1993-02-09,M,M,T,T,M
1993-02-10,M,M,0.00,0.0,M
1993-02-11,M,M,0.00,0.0,M
1993-02-12,M,M,0.00,0.0,M
1993-02-13,M,M,1.18,7.5,M
1993-02-14,M,M,0.11,1.8,M
1993-02-15,M,M,T,T,M
1993-02-16,M,M,T,T,M
1993-02-17,M,M,0.57,5.0,M
1993-02-18,M,M,T,T,M
1993-02-19,M,M,T,T,M
1993-02-20,M,M,0.00,0.0,M
1993-02-21,M,M,0.00,0.0,M
1993-02-22,M,M,0.75,6.0,M
1993-02-23,M,M,0.10,3.0,M
1993-02-24,M,M,0.03,1.0,M
1993-02-25,M,M,0.01,0.5,M
1993-02-26,M,M,0.00,0.0,M
1993-02-27,M,M,0.00,0.0,M
1993-02-28,M,M,0.00,0.0,M
1993-03-01,M,M,0.00,0.0,M
1993-03-02,M,M,0.00,0.0,M
1993-03-03,M,M,0.00,0.0,M
1993-03-04,M,M,0.00,0.0,M
1993-03-05,M,M,0.41,3.0,M
1993-03-06,M,M,0.04,1.0,M
1993-03-07,M,M,0.01,0.5,M
1993-03-08,M,M,0.00,0.0,M
1993-03-09,M,M,0.01,0.0,M
1993-03-10,M,M,0.03,T,M
1993-03-11,M,M,0.22,3.5,M
1993-03-12,M,M,T,0.5,M
1993-03-13,M,M,0.01,0.5,M
1993-03-14,M,M,1.62,29.0,M
1993-03-15,M,M,T,0.3,M
1993-03-16,M,M,0.00,0.0,M
1993-03-17,M,M,T,0.0,M
1993-03-18,M,M,0.18,2.0,M
1993-03-19,M,M,0.00,0.0,M
1993-03-20,M,M,0.00,0.0,M
1993-03-21,M,M,0.07,1.0,M
1993-03-22,M,M,0.01,1.0,M
1993-03-23,M,M,0.00,0.0,M
1993-03-24,M,M,0.54,1.0,M
1993-03-25,M,M,0.03,0.0,M
1993-03-26,M,M,0.00,0.0,M
1993-03-27,M,M,0.00,0.0,M
1993-03-28,M,M,0.03,0.0,M
1993-03-29,M,M,0.33,0.0,M
1993-03-30,M,M,1.69,0.0,M
1993-03-31,M,M,0.16,0.0,M
1993-04-01,M,M,0.27,1.0,M
1993-04-02,M,M,0.26,0.0,M
1993-04-03,M,M,0.28,2.0,M
1993-04-04,M,M,0.04,2.0,M
1993-04-05,M,M,T,T,M
1993-04-06,M,M,0.00,0.0,M
1993-04-07,M,M,0.00,0.0,M
1993-04-08,M,M,0.00,0.0,M
1993-04-09,M,M,0.00,0.0,M
1993-04-10,M,M,0.04,0.0,M
1993-04-11,M,M,0.78,0.0,M
1993-04-12,M,M,0.01,0.0,M
1993-04-13,M,M,0.15,0.5,M
1993-04-14,M,M,0.00,0.0,M
1993-04-15,M,M,0.05,0.0,M
1993-04-16,M,M,0.01,0.0,M
1993-04-17,M,M,0.93,0.0,M
1993-04-18,M,M,0.07,T,M
1993-04-19,M,M,0.00,0.0,M
1993-04-20,M,M,0.00,0.0,M
1993-04-21,M,M,0.00,0.0,M
1993-04-22,M,M,0.46,0.0,M
1993-04-23,M,M,1.03,5.0,M
1993-04-24,M,M,0.18,1.5,M
1993-04-25,M,M,0.04,0.0,M
1993-04-26,M,M,T,0.0,M
1993-04-27,M,M,0.10,3.5,M
1993-04-28,M,M,0.00,0.0,M
1993-04-29,M,M,0.00,0.0,M
1993-04-30,M,M,0.00,0.0,M
1993-05-01,M,M,0.00,0.0,0
1993-05-02,M,M,0.00,0.0,0
1993-05-03,M,M,0.00,0.0,0
1993-05-04,M,M,0.00,0.0,0
1993-05-05,M,M,0.02,0.0,0
1993-05-06,M,M,0.18,0.0,0
1993-05-07,M,M,T,0.0,0
1993-05-08,M,M,0.00,0.0,0
1993-05-09,M,M,0.00,0.0,0
1993-05-10,M,M,0.00,0.0,0
1993-05-11,M,M,0.00,0.0,0
1993-05-12,M,M,0.00,0.0,0
1993-05-13,M,M,0.00,0.0,0
1993-05-14,M,M,0.00,0.0,0
1993-05-15,M,M,0.00,0.0,0
1993-05-16,M,M,0.12,0.0,0
1993-05-17,M,M,0.03,0.0,0
1993-05-18,M,M,0.00,0.0,0
1993-05-19,M,M,0.06,0.0,0
1993-05-20,M,M,0.10,0.0,0
1993-05-21,M,M,0.30,0.0,0
1993-05-22,M,M,0.01,0.0,0
1993-05-23,M,M,T,0.0,0
1993-05-24,M,M,T,0.0,0
1993-05-25,M,M,0.03,0.0,0
1993-05-26,M,M,0.00,0.0,0
1993-05-27,M,M,0.00,0.0,0
1993-05-28,M,M,0.06,0.0,0
1993-05-29,M,M,0.01,0.0,0
1993-05-30,M,M,0.00,0.0,0
1993-05-31,M,M,0.00,0.0,0
1993-06-01,M,M,0.17,0.0,0
1993-06-02,M,M,T,0.0,0
1993-06-03,M,M,0.00,0.0,0
1993-06-04,M,M,0.00,0.0,0
1993-06-05,M,M,T,0.0,0
1993-06-06,M,M,0.56,0.0,0
1993-06-07,M,M,0.07,0.0,0
1993-06-08,M,M,T,0.0,0
1993-06-09,M,M,0.05,0.0,0
1993-06-10,M,M,0.03,0.0,0
1993-06-11,M,M,0.00,0.0,0
1993-06-12,M,M,0.00,0.0,0
1993-06-13,M,M,0.00,0.0,0
1993-06-14,M,M,0.00,0.0,0
1993-06-15,M,M,0.00,0.0,0
1993-06-16,M,M,0.34,0.0,0
1993-06-17,M,M,0.00,0.0,0
1993-06-18,M,M,0.00,0.0,0
1993-06-19,M,M,0.00,0.0,0
1993-06-20,M,M,0.20,0.0,0
1993-06-21,M,M,0.30,0.0,0
1993-06-22,M,M,0.36,0.0,0
1993-06-23,M,M,T,0.0,0
1993-06-24,M,M,0.00,0.0,0
1993-06-25,M,M,0.00,0.0,0
1993-06-26,M,M,0.00,0.0,0
1993-06-27,M,M,0.05,0.0,0
1993-06-28,M,M,0.24,0.0,0
1993-06-29,M,M,0.21,0.0,0
1993-06-30,M,M,0.01,0.0,0
1993-07-01,M,M,0.00,0.0,0
1993-07-02,M,M,0.00,0.0,0
1993-07-03,M,M,0.00,0.0,0
1993-07-04,M,M,0.00,0.0,0
1993-07-05,M,M,0.00,0.0,0
1993-07-06,M,M,T,0.0,0
1993-07-07,M,M,0.00,0.0,0
1993-07-08,M,M,0.00,0.0,0
1993-07-09,M,M,0.34,0.0,0
1993-07-10,M,M,0.00,0.0,0
1993-07-11,M,M,0.00,0.0,0
1993-07-12,M,M,0.08,0.0,0
1993-07-13,M,M,0.03,0.0,0
1993-07-14,M,M,0.00,0.0,0
1993-07-15,M,M,T,0.0,0
1993-07-16,M,M,0.00,0.0,0
1993-07-17,M,M,0.00,0.0,0
1993-07-18,M,M,0.00,0.0,0
1993-07-19,M,M,0.00,0.0,0
1993-07-20,M,M,0.78,0.0,0
1993-07-21,M,M,0.03,0.0,0
1993-07-22,M,M,0.00,0.0,0
1993-07-23,M,M,0.00,0.0,0
1993-07-24,M,M,0.00,0.0,0
1993-07-25,M,M,0.00,0.0,0
1993-07-26,M,M,0.00,0.0,0
1993-07-27,M,M,0.05,0.0,0
1993-07-28,M,M,0.23,0.0,0
1993-07-29,M,M,0.00,0.0,0
1993-07-30,M,M,0.04,0.0,0
1993-07-31,M,M,0.10,0.0,0
1993-08-01,M,M,0.00,0.0,0
1993-08-02,M,M,0.00,0.0,0
1993-08-03,M,M,0.11,0.0,0
1993-08-04,M,M,M,0.0,0
1993-08-05,M,M,M,0.0,0
1993-08-06,M,M,0.00,0.0,0
1993-08-07,M,M,0.11,0.0,0
1993-08-08,M,M,0.05,0.0,0
1993-08-09,M,M,0.00,0.0,0
1993-08-10,M,M,0.00,0.0,0
1993-08-11,M,M,0.00,0.0,0
1993-08-12,M,M,0.00,0.0,0
1993-08-13,M,M,T,0.0,0
1993-08-14,M,M,0.00,0.0,0
1993-08-15,M,M,0.00,0.0,0
1993-08-16,M,M,0.00,0.0,0
1993-08-17,M,M,0.30,0.0,0
1993-08-18,M,M,0.11,0.0,0
1993-08-19,M,M,T,0.0,0
1993-08-20,M,M,0.00,0.0,0
1993-08-21,M,M,S,0.0,0
1993-08-22,M,M,M,0.0,0
1993-08-23,M,M,M,0.0,0
1993-08-24,M,M,M,0.0,0
1993-08-25,M,M,M,0.0,0
1993-08-26,M,M,M,0.0,0
1993-08-27,M,M,M,0.0,0
1993-08-28,M,M,M,0.0,0
1993-08-29,M,M,M,0.0,0
1993-08-30,M,M,M,0.0,0
1993-08-31,M,M,0.48A,0.0,0
1993-09-01,M,M,0.01,0.0,0
1993-09-02,M,M,0.02,0.0,0
1993-09-03,M,M,0.29,0.0,0
1993-09-04,M,M,0.18,0.0,0
1993-09-05,M,M,0.04,0.0,0
1993-09-06,M,M,0.00,0.0,0
1993-09-07,M,M,T,0.0,0
1993-09-08,M,M,0.03,0.0,0
1993-09-09,M,M,0.58,0.0,0
1993-09-10,M,M,0.35,0.0,0
1993-09-11,M,M,0.08,0.0,0
1993-09-12,M,M,0.01,0.0,0
1993-09-13,M,M,0.00,0.0,0
1993-09-14,M,M,0.00,0.0,0
1993-09-15,M,M,0.00,0.0,0
1993-09-16,M,M,0.15,0.0,0
1993-09-17,M,M,0.22,0.0,0
1993-09-18,M,M,0.38,0.0,0
1993-09-19,M,M,0.23,0.0,0
1993-09-20,M,M,0.00,0.0,0
1993-09-21,M,M,0.05,0.0,0
1993-09-22,M,M,0.02,0.0,0
1993-09-23,M,M,0.00,0.0,0
1993-09-24,M,M,0.18,0.0,0
1993-09-25,M,M,0.00,0.0,0
1993-09-26,M,M,0.20,0.0,0
1993-09-27,M,M,0.06,0.0,0
1993-09-28,M,M,0.50,0.0,0
1993-09-29,M,M,0.00,0.0,0
1993-09-30,M,M,T,0.0,0
1993-10-01,M,M,0.00,0.0,0
1993-10-02,M,M,0.00,0.0,0
1993-10-03,M,M,0.44,0.0,0
1993-10-04,M,M,T,0.0,0
1993-10-05,M,M,0.14,0.0,0
1993-10-06,M,M,T,0.0,0
1993-10-07,M,M,0.00,0.0,0
1993-10-08,M,M,0.00,0.0,0
1993-10-09,M,M,0.00,0.0,0
1993-10-10,M,M,T,0.0,0
1993-10-11,M,M,0.00,0.0,0
1993-10-12,M,M,0.00,0.0,0
1993-10-13,M,M,0.47,0.0,0
1993-10-14,M,M,T,0.0,0
1993-10-15,M,M,0.02,0.0,0
1993-10-16,M,M,0.00,0.0,0
1993-10-17,M,M,0.00,0.0,0
1993-10-18,M,M,0.02,0.0,0
1993-10-19,M,M,0.00,0.0,0
1993-10-20,M,M,0.32,0.0,0
1993-10-21,M,M,0.23,0.0,0
1993-10-22,M,M,0.25,0.0,0
1993-10-23,M,M,0.03,0.0,0
1993-10-24,M,M,0.00,0.0,0
1993-10-25,M,M,0.00,0.0,0
1993-10-26,M,M,0.00,0.0,0
1993-10-27,M,M,0.02,0.0,0
1993-10-28,M,M,0.08,0.0,0
1993-10-29,M,M,T,0.0,0
1993-10-30,M,M,T,0.0,0
1993-10-31,M,M,0.78,M,M
1993-11-01,M,M,0.95,3.0,M
1993-11-02,M,M,0.14,1.5,M
1993-11-03,M,M,0.00,0.0,M
1993-11-04,M,M,T,0.0,M
1993-11-05,M,M,T,0.0,M
1993-11-06,M,M,0.13,0.0,M
1993-11-07,M,M,T,T,M
1993-11-08,M,M,0.00,0.0,M
1993-11-09,M,M,0.00,0.0,M
1993-11-10,M,M,0.00,0.0,M
1993-11-11,M,M,0.00,0.0,M
1993-11-12,M,M,0.10,0.0,M
1993-11-13,M,M,0.00,0.0,M
1993-11-14,M,M,0.05,0.0,M
1993-11-15,M,M,0.19,0.0,M
1993-11-16,M,M,0.00,0.0,M
1993-11-17,M,M,0.00,0.0,M
1993-11-18,M,M,1.03,0.0,M
1993-11-19,M,M,0.00,0.0,M
1993-11-20,M,M,0.09,T,M
1993-11-21,M,M,T,0.0,M
1993-11-22,M,M,0.00,0.0,M
1993-11-23,M,M,0.00,0.0,M
1993-11-24,M,M,0.00,0.0,M
1993-11-25,M,M,T,T,M
1993-11-26,M,M,0.00,0.0,M
1993-11-27,M,M,0.00,0.0,M
1993-11-28,M,M,0.48,0.0,M
1993-11-29,M,M,0.76,0.0,M
1993-11-30,M,M,0.02,1.0,M
1993-12-01,M,M,0.00,0.0,M
1993-12-02,M,M,0.00,0.0,M
1993-12-03,M,M,0.07,0.0,M
1993-12-04,M,M,0.00,0.0,M
1993-12-05,M,M,0.60,0.0,M
1993-12-06,M,M,0.04,0.0,M
1993-12-07,M,M,T,T,M
1993-12-08,M,M,0.03,T,M
1993-12-09,M,M,0.00,0.0,M
1993-12-10,M,M,0.00,0.0,M
1993-12-11,M,M,0.11,0.0,M
1993-12-12,M,M,T,T,M
1993-12-13,M,M,0.00,0.0,M
1993-12-14,M,M,0.00,0.0,M
1993-12-15,M,M,0.02,0.0,M
1993-12-16,M,M,0.08,0.0,M
1993-12-17,M,M,0.00,0.0,M
1993-12-18,M,M,0.00,0.0,M
1993-12-19,M,M,0.21,3.5,M
1993-12-20,M,M,0.08,2.0,M
1993-12-21,M,M,0.24,2.0,M
1993-12-22,M,M,1.24,3.5,M
1993-12-23,M,M,0.00,0.0,M
1993-12-24,M,M,0.00,0.0,M
1993-12-25,M,M,0.01,2.5,M
1993-12-26,M,M,S,S,M
1993-12-27,M,M,M,M,M
1993-12-28,M,M,0.08A,1.5A,M
1993-12-29,M,M,0.00,0.0,M
1993-12-30,M,M,0.11,2.0,M
1993-12-31,M,M,T,T,M
1994-01-01,M,M,T,T,M
1994-01-02,M,M,T,T,M
1994-01-03,M,M,T,T,M
1994-01-04,M,M,0.18,2.0,M
1994-01-05,M,M,0.37,4.0,M
1994-01-06,M,M,0.02,0.5,M
1994-01-07,M,M,0.20,3.0,M
1994-01-08,M,M,0.68,8.0,M
1994-01-09,M,M,0.03,1.5,M
1994-01-10,M,M,0.00,0.0,M
1994-01-11,M,M,0.00,0.0,M
1994-01-12,M,M,0.00,0.0,M
1994-01-13,M,M,0.07,1.0,M
1994-01-14,M,M,T,T,M
1994-01-15,M,M,0.10,2.0,M
1994-01-16,M,M,T,T,M
1994-01-17,M,M,T,T,M
1994-01-18,M,M,0.80,12.0,M
1994-01-19,M,M,T,T,M
1994-01-20,M,M,0.00,0.0,M
1994-01-21,M,M,0.00,0.0,M
1994-01-22,M,M,T,T,M
1994-01-23,M,M,0.01,1.0,M
1994-01-24,M,M,T,T,M
1994-01-25,M,M,0.02,0.5,M
1994-01-26,M,M,0.18,2.0,M
1994-01-27,M,M,T,0.5,M
1994-01-28,M,M,0.33,2.5,M
1994-01-29,M,M,0.83,T,M
1994-01-30,M,M,T,T,M
1994-01-31,M,M,0.00,0.0,M
1994-02-01,M,M,0.00,0.0,M
1994-02-02,M,M,T,T,M
1994-02-03,M,M,0.00,0.0,M
1994-02-04,M,M,T,T,M
1994-02-05,M,M,0.04,1.0,M
1994-02-06,M,M,T,T,M
1994-02-07,M,M,T,T,M
1994-02-08,M,M,0.02,0.5,M
1994-02-09,M,M,0.76,8.0,M
1994-02-10,M,M,0.08,1.5,M
1994-02-11,M,M,0.00,0.0,M
1994-02-12,M,M,0.07,1.0,M
1994-02-13,M,M,0.02,0.5,M
1994-02-14,M,M,T,T,M
1994-02-15,M,M,T,T,M
1994-02-16,M,M,0.03,1.0,M
1994-02-17,M,M,0.00,0.0,M
1994-02-18,M,M,0.00,0.0,M
1994-02-19,M,M,0.00,0.0,M
1994-02-20,M,M,0.00,0.0,M
1994-02-21,M,M,0.00,0.0,M
1994-02-22,M,M,0.00,0.0,M
1994-02-23,M,M,T,T,M
1994-02-24,M,M,0.37,3.5,M
1994-02-25,M,M,0.22,2.0,M
1994-02-26,M,M,0.22,5.0,M
1994-02-27,M,M,0.06,1.0,M
1994-02-28,M,M,0.00,0.0,M
1994-03-01,M,M,0.00,0.0,M
1994-03-02,M,M,0.00,0.0,M
1994-03-03,M,M,0.52,5.0,M
1994-03-04,M,M,0.63,9.0,M
1994-03-05,M,M,T,T,M
1994-03-06,M,M,0.02,1.0,M
1994-03-07,M,M,0.01,0.5,M
1994-03-08,M,M,0.40,0.0,M
1994-03-09,M,M,T,T,M
1994-03-10,M,M,0.90,3.0,M
1994-03-11,M,M,0.08,0.0,M
1994-03-12,M,M,0.00,0.0,M
1994-03-13,M,M,0.00,0.0,M
1994-03-14,M,M,0.02,0.0,M
1994-03-15,M,M,T,0.0,M
1994-03-16,M,M,0.06,0.5,M
1994-03-17,M,M,0.09,3.0,M
1994-03-18,M,M,T,0.5,M
1994-03-19,M,M,0.24,3.0,M
1994-03-20,M,M,T,T,M
1994-03-21,M,M,T,T,M
1994-03-22,M,M,0.75,2.0,M
1994-03-23,M,M,0.00,0.0,M
1994-03-24,M,M,0.00,0.0,M
1994-03-25,M,M,0.04,0.0,M
1994-03-26,M,M,T,T,M
1994-03-27,M,M,T,T,M
1994-03-28,M,M,0.44,0.0,M
1994-03-29,M,M,T,T,M
1994-03-30,M,M,0.09,1.0,M
1994-03-31,M,M,0.02,0.5,M
1994-04-01,M,M,0.00,0.0,0
1994-04-02,M,M,0.00,0.0,0
1994-04-03,M,M,0.00,0.0,0
1994-04-04,M,M,0.17,T,0
1994-04-05,M,M,0.00,0.0,0
1994-04-06,M,M,T,0.0,0
1994-04-07,M,M,0.45,0.0,0
1994-04-08,M,M,0.11,T,0
1994-04-09,M,M,S,0.0,0
1994-04-10,M,M,M,0.0,0
1994-04-11,M,M,0.12A,0.0,0
1994-04-12,M,M,0.00,0.0,0
1994-04-13,M,M,0.22,0.0,0
1994-04-14,M,M,0.83,0.0,0
1994-04-15,M,M,0.00,0.0,0
1994-04-16,M,M,0.00,0.0,0
1994-04-17,M,M,0.63,T,0
1994-04-18,M,M,0.04,0.5,0
1994-04-19,M,M,0.05,T,0
1994-04-20,M,M,0.06,0.0,0
1994-04-21,M,M,0.00,0.0,0
1994-04-22,M,M,0.00,0.0,0
1994-04-23,M,M,0.00,0.0,0
1994-04-24,M,M,0.00,0.0,0
1994-04-25,M,M,0.00,0.0,0
1994-04-26,M,M,0.03,0.0,0
1994-04-27,M,M,0.03,0.0,0
1994-04-28,M,M,T,0.0,0
1994-04-29,M,M,T,0.0,0
1994-04-30,M,M,0.03,0.0,0
1994-05-01,M,M,0.56,0.0,0
1994-05-02,M,M,0.07,0.0,0
1994-05-03,M,M,T,0.0,0
1994-05-04,M,M,0.00,0.0,0
1994-05-05,M,M,0.00,0.0,0
1994-05-06,M,M,0.00,0.0,0
1994-05-07,M,M,0.23,0.0,0
1994-05-08,M,M,0.41,0.0,0
1994-05-09,M,M,0.06,0.0,0
1994-05-10,M,M,0.03,0.0,0
1994-05-11,M,M,0.00,0.0,0
1994-05-12,M,M,0.05,0.0,0
1994-05-13,M,M,0.10,0.0,0
1994-05-14,M,M,0.00,0.0,0
1994-05-15,M,M,0.00,0.0,0
1994-05-16,M,M,0.37,0.0,0
1994-05-17,M,M,0.38,0.0,0
1994-05-18,M,M,0.08,0.0,0
1994-05-19,M,M,0.07,0.0,0
1994-05-20,M,M,0.03,0.0,0
1994-05-21,M,M,0.00,0.0,0
1994-05-22,M,M,0.00,0.0,0
1994-05-23,M,M,0.00,0.0,0
1994-05-24,M,M,0.00,0.0,0
1994-05-25,M,M,0.06,0.0,0
1994-05-26,M,M,T,0.0,0
1994-05-27,M,M,0.25,0.0,0
1994-05-28,M,M,T,0.0,0
1994-05-29,M,M,0.03,0.0,0
1994-05-30,M,M,0.00,0.0,0
1994-05-31,M,M,0.00,0.0,0
1994-06-01,M,M,0.05,0.0,0
1994-06-02,M,M,T,0.0,0
1994-06-03,M,M,0.04,0.0,0
1994-06-04,M,M,0.00,0.0,0
1994-06-05,M,M,0.00,0.0,0
1994-06-06,M,M,0.11,0.0,0
1994-06-07,M,M,0.31,0.0,0
1994-06-08,M,M,0.01,0.0,0
1994-06-09,M,M,0.00,0.0,0
1994-06-10,M,M,0.00,0.0,0
1994-06-11,M,M,S,0.0,0
1994-06-12,M,M,0.67A,0.0,0
1994-06-13,M,M,T,0.0,0
1994-06-14,M,M,0.83,0.0,0
1994-06-15,M,M,0.17,0.0,0
1994-06-16,M,M,0.00,0.0,0
1994-06-17,M,M,0.00,0.0,0
1994-06-18,M,M,0.00,0.0,0
1994-06-19,M,M,0.00,0.0,0
1994-06-20,M,M,0.00,0.0,0
1994-06-21,M,M,T,0.0,0
1994-06-22,M,M,0.32,0.0,0
1994-06-23,M,M,0.00,0.0,0
1994-06-24,M,M,0.04,0.0,0
1994-06-25,M,M,0.60,0.0,0
1994-06-26,M,M,0.10,0.0,0
1994-06-27,M,M,0.03,0.0,0
1994-06-28,M,M,0.34,0.0,0
1994-06-29,M,M,0.04,0.0,0
1994-06-30,M,M,0.02,0.0,0
1994-07-01,M,M,0.01,0.0,0
1994-07-02,M,M,S,0.0,0
1994-07-03,M,M,M,0.0,0
1994-07-04,M,M,M,0.0,0
1994-07-05,M,M,M,0.0,0
1994-07-06,M,M,0.26A,0.0,0
1994-07-07,M,M,0.02,0.0,0
1994-07-08,M,M,0.01,0.0,0
1994-07-09,M,M,1.02,0.0,0
1994-07-10,M,M,0.28,0.0,0
1994-07-11,M,M,0.01,0.0,0
1994-07-12,M,M,0.00,0.0,0
1994-07-13,M,M,0.00,0.0,0
1994-07-14,M,M,0.00,0.0,0
1994-07-15,M,M,0.25,0.0,0
1994-07-16,M,M,0.17,0.0,0
1994-07-17,M,M,0.00,0.0,0
1994-07-18,M,M,0.00,0.0,0
1994-07-19,M,M,T,0.0,0
1994-07-20,M,M,0.00,0.0,0
1994-07-21,M,M,0.28,0.0,0
1994-07-22,M,M,0.28,0.0,0
1994-07-23,M,M,0.25,0.0,0
1994-07-24,M,M,S,0.0,0
1994-07-25,M,M,0.01A,0.0,0
1994-07-26,M,M,0.01,0.0,0
1994-07-27,M,M,0.42,0.0,0
1994-07-28,M,M,0.92,0.0,0
1994-07-29,M,M,0.06,0.0,0
1994-07-30,M,M,0.01,0.0,0
1994-07-31,M,M,T,0.0,0
1994-08-01,M,M,0.00,0.0,0
1994-08-02,M,M,T,0.0,0
1994-08-03,M,M,0.10,0.0,0
1994-08-04,M,M,0.00,0.0,0
1994-08-05,M,M,0.00,0.0,0
1994-08-06,M,M,0.09,0.0,0
1994-08-07,M,M,0.00,0.0,0
1994-08-08,M,M,0.00,0.0,0
1994-08-09,M,M,0.00,0.0,0
1994-08-10,M,M,T,0.0,0
1994-08-11,M,M,0.00,0.0,0
1994-08-12,M,M,0.00,0.0,0
1994-08-13,M,M,S,0.0,0
1994-08-14,M,M,M,0.0,0
1994-08-15,M,M,0.74A,0.0,0
1994-08-16,M,M,T,0.0,0
1994-08-17,M,M,0.00,0.0,0
1994-08-18,M,M,1.79,0.0,0
1994-08-19,M,M,0.85,0.0,0
1994-08-20,M,M,0.01,0.0,0
1994-08-21,M,M,0.00,0.0,0
1994-08-22,M,M,0.55,0.0,0
1994-08-23,M,M,0.09,0.0,0
1994-08-24,M,M,0.00,0.0,0
1994-08-25,M,M,0.00,0.0,0
1994-08-26,M,M,0.01,0.0,0
1994-08-27,M,M,0.00,0.0,0
1994-08-28,M,M,0.00,0.0,0
1994-08-29,M,M,0.02,0.0,0
1994-08-30,M,M,0.00,0.0,0
1994-08-31,M,M,0.01,0.0,0
1994-09-01,M,M,0.02,0.0,0
1994-09-02,M,M,0.01,0.0,0
1994-09-03,M,M,0.00,0.0,0
1994-09-04,M,M,0.00,0.0,0
1994-09-05,M,M,0.00,0.0,0
1994-09-06,M,M,0.00,0.0,0
1994-09-07,M,M,0.00,0.0,0
1994-09-08,M,M,T,0.0,0
1994-09-09,M,M,T,0.0,0
1994-09-10,M,M,0.17,0.0,0
1994-09-11,M,M,0.00,0.0,0
1994-09-12,M,M,0.00,0.0,0
1994-09-13,M,M,0.00,0.0,0
1994-09-14,M,M,0.11,0.0,0
1994-09-15,M,M,0.03,0.0,0
1994-09-16,M,M,0.02,0.0,0
1994-09-17,M,M,T,0.0,0
1994-09-18,M,M,0.12,0.0,0
1994-09-19,M,M,0.02,0.0,0
1994-09-20,M,M,0.00,0.0,0
1994-09-21,M,M,0.00,0.0,0
1994-09-22,M,M,0.00,0.0,0
1994-09-23,M,M,1.10,0.0,0
1994-09-24,M,M,0.77,0.0,0
1994-09-25,M,M,0.02,0.0,0
1994-09-26,M,M,T,0.0,0
1994-09-27,M,M,0.47,0.0,0
1994-09-28,M,M,0.40,0.0,0
1994-09-29,M,M,0.04,0.0,0
1994-09-30,M,M,0.10,0.0,0
1994-10-01,M,M,0.00,0.0,0
1994-10-02,M,M,0.34,0.0,0
1994-10-03,M,M,0.01,0.0,0
1994-10-04,M,M,0.00,0.0,0
1994-10-05,M,M,T,0.0,0
1994-10-06,M,M,0.00,0.0,0
1994-10-07,M,M,0.00,0.0,0
1994-10-08,M,M,0.00,0.0,0
1994-10-09,M,M,0.00,0.0,0
1994-10-10,M,M,0.13,0.0,0
1994-10-11,M,M,0.04,0.0,0
1994-10-12,M,M,0.00,0.0,0
1994-10-13,M,M,0.00,0.0,0
1994-10-14,M,M,0.00,0.0,0
1994-10-15,M,M,0.00,0.0,0
1994-10-16,M,M,0.00,0.0,0
1994-10-17,M,M,0.00,0.0,0
1994-10-18,M,M,0.00,0.0,0
1994-10-19,M,M,0.02,0.0,0
1994-10-20,M,M,0.05,0.0,0
1994-10-21,M,M,0.03,0.0,0
1994-10-22,M,M,T,0.0,0
1994-10-23,M,M,0.00,0.0,0
1994-10-24,M,M,0.00,0.0,0
1994-10-25,M,M,0.00,0.0,0
1994-10-26,M,M,T,0.0,0
1994-10-27,M,M,0.00,0.0,0
1994-10-28,M,M,0.00,0.0,0
1994-10-29,M,M,0.00,0.0,0
1994-10-30,M,M,0.00,0.0,0
1994-10-31,M,M,0.00,0.0,0
1994-11-01,M,M,0.15,0.0,0
1994-11-02,M,M,0.43,0.0,0
1994-11-03,M,M,0.04,T,0
1994-11-04,M,M,T,0.0,0
1994-11-05,M,M,0.00,0.0,0
1994-11-06,M,M,T,0.0,0
1994-11-07,M,M,0.13,0.0,0
1994-11-08,M,M,0.00,0.0,0
1994-11-09,M,M,0.00,0.0,0
1994-11-10,M,M,T,0.0,0
1994-11-11,M,M,0.00,0.0,0
1994-11-12,M,M,0.00,0.0,0
1994-11-13,M,M,0.00,0.0,0
1994-11-14,M,M,0.00,0.0,0
1994-11-15,M,M,0.00,0.0,0
1994-11-16,M,M,0.00,0.0,0
1994-11-17,M,M,0.00,0.0,0
1994-11-18,M,M,T,0.0,0
1994-11-19,M,M,T,0.0,0
1994-11-20,M,M,0.00,0.0,0
1994-11-21,M,M,0.00,0.0,0
1994-11-22,M,M,0.23,0.0,0
1994-11-23,M,M,T,T,M
1994-11-24,M,M,0.11,3.0,M
1994-11-25,M,M,0.00,0.0,M
1994-11-26,M,M,T,T,M
1994-11-27,M,M,M,0.5,M
1994-11-28,M,M,0.56,2.5,M
1994-11-29,M,M,0.18,T,M
1994-11-30,M,M,0.00,0.0,0
1994-12-01,M,M,0.02,1.0,M
1994-12-02,M,M,T,T,M
1994-12-03,M,M,0.00,0.0,M
1994-12-04,M,M,0.00,0.0,M
1994-12-05,M,M,0.20,0.0,M
1994-12-06,M,M,0.45,0.0,M
1994-12-07,M,M,0.06,0.0,M
1994-12-08,M,M,0.29,1.5,M
1994-12-09,M,M,0.00,0.0,M
1994-12-10,M,M,0.03,0.0,M
1994-12-11,M,M,0.50,2.0,M
1994-12-12,M,M,T,T,M
1994-12-13,M,M,0.00,0.0,M
1994-12-14,M,M,0.00,0.0,M
1994-12-15,M,M,0.00,0.0,M
1994-12-16,M,M,0.00,0.0,M
1994-12-17,M,M,0.05,0.5,M
1994-12-18,M,M,0.01,T,M
1994-12-19,M,M,T,T,M
1994-12-20,M,M,0.00,0.0,M
1994-12-21,M,M,0.00,0.0,M
1994-12-22,M,M,0.00,0.0,M
1994-12-23,M,M,0.00,0.0,M
1994-12-24,M,M,0.54,0.0,M
1994-12-25,M,M,0.83,0.0,M
1994-12-26,M,M,0.00,0.0,M
1994-12-27,M,M,0.00,0.0,M
1994-12-28,M,M,0.00,0.0,M
1994-12-29,M,M,0.02,T,M
1994-12-30,M,M,T,T,M
1994-12-31,M,M,0.00,0.0,M
1995-01-01,M,M,0.23,0.0,M
1995-01-02,M,M,0.23,2.0,M
1995-01-03,M,M,0.01,T,M
1995-01-04,M,M,0.00,0.0,M
1995-01-05,M,M,0.04,1.0,M
1995-01-06,M,M,T,T,M
1995-01-07,M,M,0.29,1.0,M
1995-01-08,M,M,0.05,T,M
1995-01-09,M,M,T,T,M
1995-01-10,M,M,0.02,1.0,M
1995-01-11,M,M,T,0.3,M
1995-01-12,M,M,0.12,0.3,M
1995-01-13,M,M,0.04,0.0,M
1995-01-14,M,M,0.00,0.0,M
1995-01-15,M,M,0.00,0.0,M
1995-01-16,M,M,0.04,0.0,M
1995-01-17,M,M,0.01,0.0,M
1995-01-18,M,M,0.07,0.0,M
1995-01-19,M,M,0.08,0.0,M
1995-01-20,M,M,T,0.0,M
1995-01-21,M,M,1.35,T,M
1995-01-22,M,M,0.15,1.0,M
1995-01-23,M,M,0.10,1.5,M
1995-01-24,M,M,0.02,0.5,M
1995-01-25,M,M,0.12,0.5,M
1995-01-26,M,M,T,T,M
1995-01-27,M,M,0.04,2.0,M
1995-01-28,M,M,T,T,M
1995-01-29,M,M,0.00,0.0,M
1995-01-30,M,M,0.00,0.0,M
1995-01-31,M,M,0.00,0.0,M
1995-02-01,M,M,T,T,M
1995-02-02,M,M,0.06,1.0,M
1995-02-03,M,M,0.00,0.0,M
1995-02-04,M,M,0.05,1.0,M
1995-02-05,M,M,0.89,10.0,M
1995-02-06,M,M,0.01,T,M
1995-02-07,M,M,0.01,T,M
1995-02-08,M,M,0.00,0.0,M
1995-02-09,M,M,T,T,M
1995-02-10,M,M,T,T,M
1995-02-11,M,M,T,T,M
1995-02-12,M,M,T,T,M
1995-02-13,M,M,T,T,M
1995-02-14,M,M,T,T,M
1995-02-15,M,M,0.00,0.0,M
1995-02-16,M,M,0.17,T,M
1995-02-17,M,M,T,T,M
1995-02-18,M,M,0.00,0.0,M
1995-02-19,M,M,0.00,0.0,M
1995-02-20,M,M,0.00,0.0,M
1995-02-21,M,M,0.00,0.0,M
1995-02-22,M,M,0.08,1.5,M
1995-02-23,M,M,0.00,0.0,M
1995-02-24,M,M,0.30,0.5,M
1995-02-25,M,M,0.09,2.5,M
1995-02-26,M,M,0.03,1.0,M
1995-02-27,M,M,T,T,M
1995-02-28,M,M,0.40,1.5,M
1995-03-01,M,M,0.07,0.0,M
1995-03-02,M,M,T,T,M
1995-03-03,M,M,0.00,0.0,M
1995-03-04,M,M,0.00,0.0,M
1995-03-05,M,M,0.00,0.0,M
1995-03-06,M,M,0.08,T,M
1995-03-07,M,M,0.02,0.0,M
1995-03-08,M,M,0.03,0.0,M
1995-03-09,M,M,1.15,4.5,M
1995-03-10,M,M,T,T,M
1995-03-11,M,M,0.00,0.0,M
1995-03-12,M,M,T,T,M
1995-03-13,M,M,0.00,0.0,M
1995-03-14,M,M,0.00,0.0,M
1995-03-15,M,M,0.00,0.0,M
1995-03-16,M,M,0.02,0.0,M
1995-03-17,M,M,0.04,0.0,M
1995-03-18,M,M,T,T,M
1995-03-19,M,M,T,T,M
1995-03-20,M,M,0.00,0.0,M
1995-03-21,M,M,T,0.0,M
1995-03-22,M,M,0.23,0.0,M
1995-03-23,M,M,0.26,0.0,M
1995-03-24,M,M,T,T,M
1995-03-25,M,M,T,T,M
1995-03-26,M,M,0.00,0.0,M
1995-03-27,M,M,0.00,0.0,M
1995-03-28,M,M,0.00,0.0,M
1995-03-29,M,M,0.00,0.0,M
1995-03-30,M,M,0.01,0.0,M
1995-03-31,M,M,0.11,T,M
1995-04-01,M,M,T,T,0
1995-04-02,M,M,0.00,0.0,0
1995-04-03,M,M,0.00,0.0,0
1995-04-04,M,M,0.15,T,T
1995-04-05,M,M,0.06,0.3,0
1995-04-06,M,M,0.00,0.0,0
1995-04-07,M,M,T,T,T
1995-04-08,M,M,0.00,0.0,0
1995-04-09,M,M,S,S,M
1995-04-10,M,M,0.39A,1.5A,M
1995-04-11,M,M,0.00,0.0,M
1995-04-12,M,M,0.00,0.0,0
1995-04-13,M,M,0.61,0.0,0
1995-04-14,M,M,0.03,T,0
1995-04-15,M,M,0.01,T,0
1995-04-16,M,M,T,T,0
1995-04-17,M,M,0.00,0.0,0
1995-04-18,M,M,0.00,0.0,0
1995-04-19,M,M,0.29,0.0,0
1995-04-20,M,M,0.06,0.0,0
1995-04-21,M,M,T,0.0,0
1995-04-22,M,M,0.11,0.0,0
1995-04-23,M,M,T,0.0,0
1995-04-24,M,M,0.00,0.0,0
1995-04-25,M,M,0.00,0.0,0
1995-04-26,M,M,0.00,0.0,0
1995-04-27,M,M,0.00,0.0,0
1995-04-28,M,M,0.20,0.0,0
1995-04-29,M,M,T,0.0,0
1995-04-30,M,M,T,0.0,0
1995-05-01,M,M,0.11,0.0,0
1995-05-02,M,M,T,0.0,0
1995-05-03,M,M,T,0.0,0
1995-05-04,M,M,0.00,0.0,0
1995-05-05,M,M,0.05,0.0,0
1995-05-06,M,M,0.18,0.0,0
1995-05-07,M,M,0.00,0.0,0
1995-05-08,M,M,0.00,0.0,0
1995-05-09,M,M,0.00,0.0,0
1995-05-10,M,M,0.01,0.0,0
1995-05-11,M,M,0.06,0.0,0
1995-05-12,M,M,0.06,0.0,0
1995-05-13,M,M,0.01,0.0,0
1995-05-14,M,M,0.00,0.0,0
1995-05-15,M,M,0.04,0.0,0
1995-05-16,M,M,0.01,0.0,0
1995-05-17,M,M,0.00,0.0,0
1995-05-18,M,M,T,0.0,0
1995-05-19,M,M,0.01,0.0,0
1995-05-20,M,M,0.02,0.0,0
1995-05-21,M,M,0.00,0.0,0
1995-05-22,M,M,0.05,0.0,0
1995-05-23,M,M,0.00,0.0,0
1995-05-24,M,M,0.00,0.0,0
1995-05-25,M,M,0.10,0.0,0
1995-05-26,M,M,0.25,0.0,0
1995-05-27,M,M,0.01,0.0,0
1995-05-28,M,M,0.00,0.0,0
1995-05-29,M,M,0.19,0.0,0
1995-05-30,M,M,0.08,0.0,0
1995-05-31,M,M,0.00,0.0,0
1995-06-01,M,M,0.00,0.0,0
1995-06-02,M,M,0.00,0.0,0
1995-06-03,M,M,1.13,0.0,0
1995-06-04,M,M,0.70,0.0,0
1995-06-05,M,M,0.00,0.0,0
1995-06-06,M,M,0.00,0.0,0
1995-06-07,M,M,0.00,0.0,0
1995-06-08,M,M,0.00,0.0,0
1995-06-09,M,M,T,0.0,0
1995-06-10,M,M,0.00,0.0,0
1995-06-11,M,M,0.05,0.0,0
1995-06-12,M,M,0.28,0.0,0
1995-06-13,M,M,0.08,0.0,0
1995-06-14,M,M,0.01,0.0,0
1995-06-15,M,M,0.13,0.0,0
1995-06-16,M,M,0.00,0.0,0
1995-06-17,M,M,0.00,0.0,0
1995-06-18,M,M,0.00,0.0,0
1995-06-19,M,M,0.00,0.0,0
1995-06-20,M,M,0.00,0.0,0
1995-06-21,M,M,0.00,0.0,0
1995-06-22,M,M,0.00,0.0,0
1995-06-23,M,M,0.00,0.0,0
1995-06-24,M,M,0.00,0.0,0
1995-06-25,M,M,0.00,0.0,0
1995-06-26,M,M,0.00,0.0,0
1995-06-27,M,M,0.82,0.0,0
1995-06-28,M,M,0.00,0.0,0
1995-06-29,M,M,0.00,0.0,0
1995-06-30,M,M,0.00,0.0,0
1995-07-01,M,M,T,0.0,0
1995-07-02,M,M,0.83,0.0,0
1995-07-03,M,M,0.00,0.0,0
1995-07-04,M,M,0.00,0.0,0
1995-07-05,M,M,0.00,0.0,0
1995-07-06,M,M,0.43,0.0,0
1995-07-07,M,M,0.02,0.0,0
1995-07-08,M,M,0.45,0.0,0
1995-07-09,M,M,0.01,0.0,0
1995-07-10,M,M,0.00,0.0,0
1995-07-11,M,M,0.00,0.0,0
1995-07-12,M,M,0.35,0.0,0
1995-07-13,M,M,0.00,0.0,0
1995-07-14,M,M,T,0.0,0
1995-07-15,M,M,0.10,0.0,0
1995-07-16,M,M,0.02,0.0,0
1995-07-17,M,M,0.47,0.0,0
1995-07-18,M,M,0.05,0.0,0
1995-07-19,M,M,0.00,0.0,0
1995-07-20,M,M,0.00,0.0,0
1995-07-21,M,M,0.00,0.0,0
1995-07-22,M,M,0.00,0.0,0
1995-07-23,M,M,0.00,0.0,0
1995-07-24,M,M,T,0.0,0
1995-07-25,M,M,0.13,0.0,0
1995-07-26,M,M,T,0.0,0
1995-07-27,M,M,0.75,0.0,0
1995-07-28,M,M,T,0.0,0
1995-07-29,M,M,0.00,0.0,0
1995-07-30,M,M,0.00,0.0,0
1995-07-31,M,M,0.00,0.0,0
1995-08-01,M,M,0.00,0.0,0
1995-08-02,M,M,0.00,0.0,0
1995-08-03,M,M,0.06,0.0,0
1995-08-04,M,M,0.00,0.0,0
1995-08-05,M,M,0.33,0.0,0
1995-08-06,M,M,1.05,0.0,0
1995-08-07,M,M,0.26,0.0,0
1995-08-08,M,M,0.00,0.0,0
1995-08-09,M,M,0.00,0.0,0
1995-08-10,M,M,0.00,0.0,0
1995-08-11,M,M,0.00,0.0,0
1995-08-12,M,M,0.01,0.0,0
1995-08-13,M,M,0.15,0.0,0
1995-08-14,M,M,0.00,0.0,0
1995-08-15,M,M,0.00,0.0,0
1995-08-16,M,M,0.85,0.0,0
1995-08-17,M,M,0.00,0.0,0
1995-08-18,M,M,0.00,0.0,0
1995-08-19,M,M,0.00,0.0,0
1995-08-20,M,M,0.00,0.0,0
1995-08-21,M,M,0.00,0.0,0
1995-08-22,M,M,0.00,0.0,0
1995-08-23,M,M,0.00,0.0,0
1995-08-24,M,M,0.00,0.0,0
1995-08-25,M,M,0.00,0.0,0
1995-08-26,M,M,0.00,0.0,0
1995-08-27,M,M,0.00,0.0,0
1995-08-28,M,M,0.00,0.0,0
1995-08-29,M,M,0.00,0.0,0
1995-08-30,M,M,0.00,0.0,0
1995-08-31,M,M,0.00,0.0,0
1995-09-01,M,M,0.27,0.0,0
1995-09-02,M,M,0.00,0.0,0
1995-09-03,M,M,0.00,0.0,0
1995-09-04,M,M,0.00,0.0,0
1995-09-05,M,M,0.00,0.0,0
1995-09-06,M,M,0.00,0.0,0
1995-09-07,M,M,0.00,0.0,0
1995-09-08,M,M,0.00,0.0,0
1995-09-09,M,M,0.00,0.0,0
1995-09-10,M,M,0.27,0.0,0
1995-09-11,M,M,0.00,0.0,0
1995-09-12,M,M,0.00,0.0,0
1995-09-13,M,M,0.01,0.0,0
1995-09-14,M,M,0.30,0.0,0
1995-09-15,M,M,0.03,0.0,0
1995-09-16,M,M,0.00,0.0,0
1995-09-17,M,M,0.00,0.0,0
1995-09-18,M,M,0.05,0.0,0
1995-09-19,M,M,0.00,0.0,0
1995-09-20,M,M,0.00,0.0,0
1995-09-21,M,M,T,0.0,0
1995-09-22,M,M,0.05,0.0,0
1995-09-23,M,M,1.02,0.0,0
1995-09-24,M,M,0.00,0.0,0
1995-09-25,M,M,T,0.0,0
1995-09-26,M,M,0.01,0.0,0
1995-09-27,M,M,0.12,0.0,0
1995-09-28,M,M,T,0.0,0
1995-09-29,M,M,0.00,0.0,0
1995-09-30,M,M,0.00,0.0,0
1995-10-01,M,M,0.00,0.0,0
1995-10-02,M,M,0.00,0.0,0
1995-10-03,M,M,0.00,0.0,0
1995-10-04,M,M,0.05,0.0,0
1995-10-05,M,M,0.18,0.0,0
1995-10-06,M,M,2.82,0.0,0
1995-10-07,M,M,0.03,0.0,0
1995-10-08,M,M,0.10,0.0,0
1995-10-09,M,M,T,0.0,0
1995-10-10,M,M,0.00,0.0,0
1995-10-11,M,M,0.00,0.0,0
1995-10-12,M,M,0.00,0.0,0
1995-10-13,M,M,0.00,0.0,0
1995-10-14,M,M,0.00,0.0,0
1995-10-15,M,M,0.76,0.0,0
1995-10-16,M,M,0.02,0.0,0
1995-10-17,M,M,0.04,0.0,0
1995-10-18,M,M,0.00,0.0,0
1995-10-19,M,M,0.00,0.0,0
1995-10-20,M,M,0.00,0.0,0
1995-10-21,M,M,0.47,0.0,0
1995-10-22,M,M,3.40,0.0,0
1995-10-23,M,M,0.00,0.0,0
1995-10-24,M,M,0.00,0.0,0
1995-10-25,M,M,0.01,0.0,0
1995-10-26,M,M,0.00,0.0,0
1995-10-27,M,M,0.00,0.0,0
1995-10-28,M,M,1.04,0.0,0
1995-10-29,M,M,0.13,0.0,0
1995-10-30,M,M,T,0.0,0
1995-10-31,M,M,0.05,0.0,0
1995-11-01,M,M,0.03,0.0,0
1995-11-02,M,M,0.03,0.0,0
1995-11-03,M,M,0.12,0.0,0
1995-11-04,M,M,0.02,0.0,0
1995-11-05,M,M,0.02,1.0,M
1995-11-06,M,M,0.00,0.0,M
1995-11-07,M,M,0.00,0.0,0
1995-11-08,M,M,0.13,0.0,0
1995-11-09,M,M,0.11,2.5,M
1995-11-10,M,M,0.00,0.0,M
1995-11-11,M,M,0.00,0.0,M
1995-11-12,M,M,1.97,1.5,0
1995-11-13,M,M,0.01,1.0,M
1995-11-14,M,M,0.12,1.0,M
1995-11-15,M,M,1.10,9.0,M
1995-11-16,M,M,0.04,0.5,M
1995-11-17,M,M,0.01,T,M
1995-11-18,M,M,T,T,M
1995-11-19,M,M,0.11,3.0,M
1995-11-20,M,M,T,0.0,M
1995-11-21,M,M,0.00,0.0,M
1995-11-22,M,M,0.02,1.0,M
1995-11-23,M,M,0.02,1.0,M
1995-11-24,M,M,T,T,0
1995-11-25,M,M,0.00,0.0,0
1995-11-26,M,M,0.00,0.0,0
1995-11-27,M,M,0.00,0.0,0
1995-11-28,M,M,0.00,0.0,0
1995-11-29,M,M,0.23,2.5,M
1995-11-30,M,M,T,T,M
1995-12-01,M,M,0.18,3.0,M
1995-12-02,M,M,0.01,0.5,M
1995-12-03,M,M,0.00,0.0,M
1995-12-04,M,M,0.06,0.0,0
1995-12-05,M,M,T,T,0
1995-12-06,M,M,0.10,1.5,M
1995-12-07,M,M,0.00,0.0,M
1995-12-08,M,M,T,0.5,M
1995-12-09,M,M,0.07,1.5,M
1995-12-10,M,M,0.22,4.0,M
1995-12-11,M,M,0.00,0.0,M
1995-12-12,M,M,0.02,0.5,M
1995-12-13,M,M,0.00,0.0,M
1995-12-14,M,M,0.03,0.5,M
1995-12-15,M,M,0.56,8.0,M
1995-12-16,M,M,T,0.0,M
1995-12-17,M,M,0.05,0.5,M
1995-12-18,M,M,0.00,0.0,M
1995-12-19,M,M,0.00,0.0,M
1995-12-20,M,M,0.36,5.5,M
1995-12-21,M,M,0.12,4.0,M
1995-12-22,M,M,0.07,3.5,M
1995-12-23,M,M,T,T,M
1995-12-24,M,M,T,T,M
1995-12-25,M,M,0.01,0.5,M
1995-12-26,M,M,S,S,M
1995-12-27,M,M,M,M,M
1995-12-28,M,M,0.13A,1.5A,M
1995-12-29,M,M,T,T,M
1995-12-30,M,M,T,T,M
1995-12-31,M,M,0.00,0.0,M
1996-01-01,M,M,0.00,0.0,0
1996-01-02,M,M,0.06,1.0,M
1996-01-03,M,M,0.40,4.5,M
1996-01-04,M,M,0.34,6.0,M
1996-01-05,M,M,0.01,0.5,M
1996-01-06,M,M,0.00,0.0,M
1996-01-07,M,M,0.00,0.0,M
1996-01-08,M,M,0.00,0.0,M
1996-01-09,M,M,0.02,0.5,M
1996-01-10,M,M,0.16,3.0,M
1996-01-11,M,M,0.02,0.5,M
1996-01-12,M,M,0.00,0.0,M
1996-01-13,M,M,1.10,13.0,M
1996-01-14,M,M,0.00,0.0,M
1996-01-15,M,M,0.00,0.0,M
1996-01-16,M,M,0.00,0.0,M
1996-01-17,M,M,0.00,0.0,M
1996-01-18,M,M,0.00,0.0,M
1996-01-19,M,M,0.13,0.0,M
1996-01-20,M,M,1.63,0.5,0
1996-01-21,M,M,0.00,0.0,0
1996-01-22,M,M,0.02,0.5,M
1996-01-23,M,M,0.00,0.0,M
1996-01-24,M,M,0.16,0.0,0
1996-01-25,M,M,0.35,T,0
1996-01-26,M,M,0.00,0.0,0
1996-01-27,M,M,0.10,T,0
1996-01-28,M,M,0.62,0.5,M
1996-01-29,M,M,T,T,M
1996-01-30,M,M,0.05,1.0,M
1996-01-31,M,M,0.04,0.5,M
1996-02-01,M,M,T,T,0
1996-02-02,M,M,T,T,T
1996-02-03,M,M,0.06,0.5,M
1996-02-04,M,M,0.00,0.0,M
1996-02-05,M,M,0.00,0.0,0
1996-02-06,M,M,T,T,0
1996-02-07,M,M,0.00,0.0,0
1996-02-08,M,M,0.03,0.5,M
1996-02-09,M,M,0.17,0.0,M
1996-02-10,M,M,0.01,T,0
1996-02-11,M,M,0.01,T,T
1996-02-12,M,M,0.10,1.0,M
1996-02-13,M,M,T,T,0
1996-02-14,M,M,0.00,0.0,0
1996-02-15,M,M,0.04,1.5,M
1996-02-16,M,M,0.01,0.5,M
1996-02-17,M,M,0.20,1.5,M
1996-02-18,M,M,T,T,0
1996-02-19,M,M,T,T,0
1996-02-20,M,M,T,T,0
1996-02-21,M,M,0.24,0.0,0
1996-02-22,M,M,0.18,0.0,0
1996-02-23,M,M,0.02,0.0,0
1996-02-24,M,M,0.13,0.0,0
1996-02-25,M,M,0.03,0.0,0
1996-02-26,M,M,0.00,0.0,0
1996-02-27,M,M,0.00,0.0,0
1996-02-28,M,M,0.12,0.0,0
1996-02-29,M,M,0.03,0.5,M
1996-03-01,M,M,0.00,0.0,0
1996-03-02,M,M,0.00,0.0,0
1996-03-03,M,M,0.02,0.5,M
1996-03-04,M,M,0.02,0.5,M
1996-03-05,M,M,0.08,1.0,M
1996-03-06,M,M,0.16,1.0,M
1996-03-07,M,M,0.12,1.5,M
1996-03-08,M,M,0.66,6.5,M
1996-03-09,M,M,0.20,4.5,M
1996-03-10,M,M,T,T,M
1996-03-11,M,M,0.00,0.0,M
1996-03-12,M,M,0.00,0.0,M
1996-03-13,M,M,0.00,0.0,M
1996-03-14,M,M,0.00,0.0,M
1996-03-15,M,M,0.00,0.0,0
1996-03-16,M,M,T,T,T
1996-03-17,M,M,0.00,0.0,0
1996-03-18,M,M,0.00,0.0,0
1996-03-19,M,M,0.00,0.0,0
1996-03-20,M,M,0.63,1.0,0
1996-03-21,M,M,0.13,0.5,M
1996-03-22,M,M,0.06,0.5,M
1996-03-23,M,M,0.01,0.5,M
1996-03-24,M,M,0.01,0.5,M
1996-03-25,M,M,0.00,0.0,M
1996-03-26,M,M,0.17,0.0,0
1996-03-27,M,M,0.00,0.0,0
1996-03-28,M,M,0.00,0.0,0
1996-03-29,M,M,0.00,0.0,0
1996-03-30,M,M,0.00,0.0,0
1996-03-31,M,M,0.00,0.0,0
1996-04-01,M,M,0.00,0.0,0
1996-04-02,M,M,0.24,2.0,M
1996-04-03,M,M,0.00,0.0,M
1996-04-04,M,M,0.00,0.0,0
1996-04-05,M,M,T,T,0
1996-04-06,M,M,T,T,0
1996-04-07,M,M,0.15,2.0,M
1996-04-08,M,M,0.60,8.0,M
1996-04-09,M,M,T,T,M
1996-04-10,M,M,0.00,0.0,M
1996-04-11,M,M,T,T,M
1996-04-12,M,M,0.02,0.0,M
1996-04-13,M,M,0.18,0.0,0
1996-04-14,M,M,0.72,0.0,0
1996-04-15,M,M,0.06,0.0,0
1996-04-16,M,M,0.44,0.0,0
1996-04-17,M,M,0.50,2.5,M
1996-04-18,M,M,T,T,M
1996-04-19,M,M,0.00,0.0,M
1996-04-20,M,M,0.00,0.0,0
1996-04-21,M,M,0.00,0.0,0
1996-04-22,M,M,0.00,0.0,0
1996-04-23,M,M,0.33,0.0,0
1996-04-24,M,M,0.37,T,0
1996-04-25,M,M,0.06,T,0
1996-04-26,M,M,T,0.0,0
1996-04-27,M,M,0.13,T,0
1996-04-28,M,M,T,T,0
1996-04-29,M,M,T,0.0,0
1996-04-30,M,M,0.88,0.0,0
1996-05-01,M,M,0.78,0.0,0
1996-05-02,M,M,0.01,0.0,0
1996-05-03,M,M,0.00,0.0,0
1996-05-04,M,M,0.12,0.0,0
1996-05-05,M,M,0.62,0.0,0
1996-05-06,M,M,0.39,0.0,0
1996-05-07,M,M,0.33,2.0,M
1996-05-08,M,M,T,0.0,0
1996-05-09,M,M,0.01,0.0,0
1996-05-10,M,M,0.14,0.0,0
1996-05-11,M,M,0.37,0.0,0
1996-05-12,M,M,1.29,T,0
1996-05-13,M,M,0.12,2.0,T
1996-05-14,M,M,T,T,T
1996-05-15,M,M,0.00,0.0,0
1996-05-16,M,M,0.00,0.0,0
1996-05-17,M,M,0.06,0.0,0
1996-05-18,M,M,0.05,0.0,0
1996-05-19,M,M,0.13,0.0,0
1996-05-20,M,M,0.00,0.0,0
1996-05-21,M,M,0.00,0.0,0
1996-05-22,M,M,0.12,0.0,0
1996-05-23,M,M,0.00,0.0,0
1996-05-24,M,M,0.04,0.0,0
1996-05-25,M,M,0.03,0.0,0
1996-05-26,M,M,0.00,0.0,0
1996-05-27,M,M,0.00,0.0,0
1996-05-28,M,M,0.00,0.0,0
1996-05-29,M,M,0.00,0.0,0
1996-05-30,M,M,0.00,0.0,0
1996-05-31,M,M,0.01,0.0,0
1996-06-01,M,M,0.00,0.0,0
1996-06-02,M,M,0.00,0.0,0
1996-06-03,M,M,0.00,0.0,0
1996-06-04,M,M,0.68,0.0,0
1996-06-05,M,M,0.11,0.0,0
1996-06-06,M,M,0.01,0.0,0
1996-06-07,M,M,T,0.0,0
1996-06-08,M,M,1.00,0.0,0
1996-06-09,M,M,1.30,0.0,0
1996-06-10,M,M,0.01,0.0,0
1996-06-11,M,M,0.29,0.0,0
1996-06-12,M,M,0.01,0.0,0
1996-06-13,M,M,T,0.0,0
1996-06-14,M,M,1.68,0.0,0
1996-06-15,M,M,0.03,0.0,0
1996-06-16,M,M,0.00,0.0,0
1996-06-17,M,M,0.00,0.0,0
1996-06-18,M,M,0.00,0.0,0
1996-06-19,M,M,0.00,0.0,0
1996-06-20,M,M,0.35,0.0,0
1996-06-21,M,M,0.03,0.0,0
1996-06-22,M,M,0.06,0.0,0
1996-06-23,M,M,0.10,0.0,0
1996-06-24,M,M,0.00,0.0,0
1996-06-25,M,M,0.05,0.0,0
1996-06-26,M,M,T,0.0,0
1996-06-27,M,M,0.00,0.0,0
1996-06-28,M,M,0.04,0.0,0
1996-06-29,M,M,0.00,0.0,0
1996-06-30,M,M,0.15,0.0,0
1996-07-01,M,M,0.02,0.0,0
1996-07-02,M,M,0.00,0.0,0
1996-07-03,M,M,0.41,0.0,0
1996-07-04,M,M,0.91,0.0,0
1996-07-05,M,M,0.23,0.0,0
1996-07-06,M,M,0.00,0.0,0
1996-07-07,M,M,0.00,0.0,0
1996-07-08,M,M,0.01,0.0,0
1996-07-09,M,M,0.00,0.0,0
1996-07-10,M,M,0.00,0.0,0
1996-07-11,M,M,0.00,0.0,0
1996-07-12,M,M,0.00,0.0,0
1996-07-13,M,M,0.40,0.0,0
1996-07-14,M,M,4.48,0.0,0
1996-07-15,M,M,0.00,0.0,0
1996-07-16,M,M,1.09,0.0,0
1996-07-17,M,M,0.00,0.0,0
1996-07-18,M,M,0.01,0.0,0
1996-07-19,M,M,0.00,0.0,0
1996-07-20,M,M,0.34,0.0,0
1996-07-21,M,M,0.00,0.0,0
1996-07-22,M,M,0.00,0.0,0
1996-07-23,M,M,T,0.0,0
1996-07-24,M,M,0.02,0.0,0
1996-07-25,M,M,0.00,0.0,0
1996-07-26,M,M,M,M,M
1996-07-27,M,M,M,M,M
1996-07-28,M,M,M,M,M
1996-07-29,M,M,M,M,M
1996-07-30,M,M,M,M,M
1996-07-31,M,M,M,M,M
1996-08-01,M,M,0.00,0.0,M
1996-08-02,M,M,0.00,0.0,0
1996-08-03,M,M,0.00,0.0,0
1996-08-04,M,M,0.00,0.0,0
1996-08-05,M,M,0.00,0.0,0
1996-08-06,M,M,0.00,0.0,0
1996-08-07,M,M,0.00,0.0,0
1996-08-08,M,M,1.76,0.0,0
1996-08-09,M,M,0.01,0.0,0
1996-08-10,M,M,0.78,0.0,0
1996-08-11,M,M,0.00,0.0,0
1996-08-12,M,M,0.00,0.0,0
1996-08-13,M,M,0.00,0.0,0
1996-08-14,M,M,0.01,0.0,0
1996-08-15,M,M,0.00,0.0,0
1996-08-16,M,M,T,0.0,0
1996-08-17,M,M,0.00,0.0,0
1996-08-18,M,M,0.00,0.0,0
1996-08-19,M,M,0.05,0.0,0
1996-08-20,M,M,0.00,0.0,0
1996-08-21,M,M,0.00,0.0,0
1996-08-22,M,M,0.00,0.0,0
1996-08-23,M,M,0.00,0.0,0
1996-08-24,M,M,0.22,0.0,0
1996-08-25,M,M,0.14,0.0,0
1996-08-26,M,M,0.00,0.0,0
1996-08-27,M,M,0.00,0.0,0
1996-08-28,M,M,0.22,0.0,0
1996-08-29,M,M,0.02,0.0,0
1996-08-30,M,M,0.01,0.0,0
1996-08-31,M,M,0.00,0.0,0
1996-09-01,M,M,0.00,0.0,0
1996-09-02,M,M,0.00,0.0,0
1996-09-03,M,M,0.00,0.0,0
1996-09-04,M,M,0.00,0.0,0
1996-09-05,M,M,0.03,0.0,0
1996-09-06,M,M,T,0.0,0
1996-09-07,M,M,0.13,0.0,0
1996-09-08,M,M,0.17,0.0,0
1996-09-09,M,M,0.50,0.0,0
1996-09-10,M,M,0.00,0.0,0
1996-09-11,M,M,0.00,0.0,0
1996-09-12,M,M,T,0.0,0
1996-09-13,M,M,T,0.0,0
1996-09-14,M,M,0.49,0.0,0
1996-09-15,M,M,0.00,0.0,0
1996-09-16,M,M,0.00,0.0,0
1996-09-17,M,M,0.20,0.0,0
1996-09-18,M,M,1.40,0.0,0
1996-09-19,M,M,0.06,0.0,0
1996-09-20,M,M,0.00,0.0,0
1996-09-21,M,M,0.00,0.0,0
1996-09-22,M,M,0.00,0.0,0
1996-09-23,M,M,0.62,0.0,0
1996-09-24,M,M,0.04,0.0,0
1996-09-25,M,M,0.09,0.0,0
1996-09-26,M,M,0.00,0.0,0
1996-09-27,M,M,T,0.0,0
1996-09-28,M,M,0.01,0.0,0
1996-09-29,M,M,0.38,0.0,0
1996-09-30,M,M,0.00,0.0,0
1996-10-01,M,M,0.00,0.0,0
1996-10-02,M,M,0.00,0.0,0
1996-10-03,M,M,0.01,0.0,0
1996-10-04,M,M,T,0.0,0
1996-10-05,M,M,0.00,0.0,0
1996-10-06,M,M,0.00,0.0,0
1996-10-07,M,M,0.00,0.0,0
1996-10-08,M,M,0.00,0.0,0
1996-10-09,M,M,0.67,0.0,0
1996-10-10,M,M,0.15,0.0,0
1996-10-11,M,M,0.01,0.0,0
1996-10-12,M,M,0.00,0.0,0
1996-10-13,M,M,0.01,0.0,0
1996-10-14,M,M,0.00,0.0,0
1996-10-15,M,M,0.00,0.0,0
1996-10-16,M,M,0.00,0.0,0
1996-10-17,M,M,0.00,0.0,0
1996-10-18,M,M,0.00,0.0,0
1996-10-19,M,M,0.00,0.0,0
1996-10-20,M,M,1.95,0.0,0
1996-10-21,M,M,0.48,0.0,0
1996-10-22,M,M,0.16,0.0,0
1996-10-23,M,M,T,0.0,0
1996-10-24,M,M,0.21,0.0,0
1996-10-25,M,M,0.00,0.0,0
1996-10-26,M,M,0.00,0.0,0
1996-10-27,M,M,0.00,0.0,0
1996-10-28,M,M,T,0.0,0
1996-10-29,M,M,0.05,0.0,0
1996-10-30,M,M,0.01,0.0,0
1996-10-31,M,M,T,0.0,0
1996-11-01,M,M,0.00,0.0,0
1996-11-02,M,M,0.00,0.0,0
1996-11-03,M,M,T,T,T
1996-11-04,M,M,T,T,T
1996-11-05,M,M,0.00,0.0,0
1996-11-06,M,M,T,T,T
1996-11-07,M,M,T,0.0,0
1996-11-08,M,M,T,0.0,0
1996-11-09,M,M,2.55,0.0,0
1996-11-10,M,M,2.55,0.0,0
1996-11-11,M,M,0.02,1.0,M
1996-11-12,M,M,0.10,1.0,M
1996-11-13,M,M,0.02,1.0,M
1996-11-14,M,M,T,T,0
1996-11-15,M,M,T,T,0
1996-11-16,M,M,T,T,0
1996-11-17,M,M,0.00,0.0,0
1996-11-18,M,M,0.00,0.0,0
1996-11-19,M,M,0.37,0.5,M
1996-11-20,M,M,0.08,1.0,M
1996-11-21,M,M,0.01,0.5,M
1996-11-22,M,M,T,T,0
1996-11-23,M,M,0.00,0.0,0
1996-11-24,M,M,T,T,0
1996-11-25,M,M,0.18,2.5,M
1996-11-26,M,M,0.43,0.0,M
1996-11-27,M,M,0.17,2.0,M
1996-11-28,M,M,T,T,0
1996-11-29,M,M,0.02,0.3,M
1996-11-30,M,M,0.00,0.0,0
1996-12-01,M,M,0.14,0.0,0
1996-12-02,M,M,1.01,T,T
1996-12-03,M,M,0.02,T,T
1996-12-04,M,M,T,T,T
1996-12-05,M,M,0.01,T,T
1996-12-06,M,M,0.28,3.0,M
1996-12-07,M,M,0.32,4.0,M
1996-12-08,M,M,0.42,5.5,M
1996-12-09,M,M,0.00,0.0,M
1996-12-10,M,M,T,T,M
1996-12-11,M,M,T,T,M
1996-12-12,M,M,0.23,0.0,M
1996-12-13,M,M,0.11,0.0,M
1996-12-14,M,M,0.62,1.5,0
1996-12-15,M,M,0.25,4.0,M
1996-12-16,M,M,0.02,T,M
1996-12-17,M,M,T,T,0
1996-12-18,M,M,0.01,0.0,0
1996-12-19,M,M,0.12,1.0,M
1996-12-20,M,M,0.22,4.0,M
1996-12-21,M,M,T,T,M
1996-12-22,M,M,0.00,0.0,M
1996-12-23,M,M,T,T,0
1996-12-24,M,M,T,0.0,0
1996-12-25,M,M,0.33,0.5,M
1996-12-26,M,M,M,M,M
1996-12-27,M,M,M,M,M
1996-12-28,M,M,T,T,0
1996-12-29,M,M,T,0.0,0
1996-12-30,M,M,0.20,0.0,0
1996-12-31,M,M,0.20,3.5,M
1997-01-01,M,M,T,T,M
1997-01-02,M,M,0.26,1.5,M
1997-01-03,M,M,0.01,0.0,M
1997-01-04,M,M,0.00,0.0,0
1997-01-05,M,M,T,T,0
1997-01-06,M,M,0.09,T,0
1997-01-07,M,M,T,T,T
1997-01-08,M,M,0.05,1.0,M
1997-01-09,M,M,T,T,0
1997-01-10,M,M,0.30,1.5,M
1997-01-11,M,M,0.03,1.0,M
1997-01-12,M,M,0.00,0.0,M
1997-01-13,M,M,T,T,0
1997-01-14,M,M,T,T,0
1997-01-15,M,M,T,T,T
1997-01-16,M,M,0.22,T,0
1997-01-17,M,M,0.15,1.5,M
1997-01-18,M,M,0.00,0.0,M
1997-01-19,M,M,T,T,0
1997-01-20,M,M,T,T,0
1997-01-21,M,M,0.02,0.5,M
1997-01-22,M,M,0.00,0.0,M
1997-01-23,M,M,T,0.0,0
1997-01-24,M,M,T,T,0
1997-01-25,M,M,0.12,1.0,M
1997-01-26,M,M,T,T,0
1997-01-27,M,M,T,T,0
1997-01-28,M,M,0.52,6.0,M
1997-01-29,M,M,0.03,0.5,M
1997-01-30,M,M,0.00,0.0,M
1997-01-31,M,M,0.00,0.0,M
1997-02-01,M,M,0.08,1.0,M
1997-02-02,M,M,T,T,0
1997-02-03,M,M,T,T,0
1997-02-04,M,M,0.01,0.5,M
1997-02-05,M,M,0.60,1.5,0
1997-02-06,M,M,0.01,T,T
1997-02-07,M,M,T,T,0
1997-02-08,M,M,T,T,0
1997-02-09,M,M,0.00,0.0,0
1997-02-10,M,M,0.00,0.0,0
1997-02-11,M,M,T,T,0
1997-02-12,M,M,T,T,0
1997-02-13,M,M,0.07,1.5,M
1997-02-14,M,M,0.07,1.0,M
1997-02-15,M,M,T,T,0
1997-02-16,M,M,0.04,0.5,M
1997-02-17,M,M,0.15,4.0,M
1997-02-18,M,M,T,T,M
1997-02-19,M,M,0.00,0.0,M
1997-02-20,M,M,0.06,T,0
1997-02-21,M,M,0.00,0.0,0
1997-02-22,M,M,0.00,0.0,0
1997-02-23,M,M,T,T,0
1997-02-24,M,M,0.01,0.5,M
1997-02-25,M,M,T,T,0
1997-02-26,M,M,0.00,0.0,0
1997-02-27,M,M,0.40,0.0,0
1997-02-28,M,M,0.20,0.0,0
1997-03-01,M,M,0.00,0.0,0
1997-03-02,M,M,0.15,0.0,0
1997-03-03,M,M,0.10,0.0,0
1997-03-04,M,M,0.02,0.5,M
1997-03-05,M,M,T,T,0
1997-03-06,M,M,0.38,0.0,0
1997-03-07,M,M,0.01,0.5,M
1997-03-08,M,M,T,T,0
1997-03-09,M,M,0.11,1.5,M
1997-03-10,M,M,0.17,1.5,M
1997-03-11,M,M,T,T,0
1997-03-12,M,M,0.03,0.5,M
1997-03-13,M,M,T,T,0
1997-03-14,M,M,0.06,0.5,M
1997-03-15,M,M,0.41,2.0,0
1997-03-16,M,M,0.01,0.5,M
1997-03-17,M,M,0.00,0.0,M
1997-03-18,M,M,0.00,0.0,0
1997-03-19,M,M,0.00,0.0,0
1997-03-20,M,M,0.00,0.0,0
1997-03-21,M,M,0.07,1.5,M
1997-03-22,M,M,0.22,T,0
1997-03-23,M,M,0.07,0.5,M
1997-03-24,M,M,0.00,0.0,M
1997-03-25,M,M,0.00,0.0,0
1997-03-26,M,M,0.37,T,0
1997-03-27,M,M,0.01,T,0
1997-03-28,M,M,0.00,0.0,0
1997-03-29,M,M,0.00,0.0,0
1997-03-30,M,M,0.15,0.0,0
1997-03-31,M,M,0.37,0.0,0
1997-04-01,M,M,1.85,26.0,26
1997-04-02,M,M,0.00,0.0,22
1997-04-03,M,M,0.00,0.0,18
1997-04-04,M,M,0.00,0.0,10
1997-04-05,M,M,0.00,0.0,8
1997-04-06,M,M,0.11,0.0,5
1997-04-07,M,M,0.01,0.0,M
1997-04-08,M,M,0.00,0.0,M
1997-04-09,M,M,0.01,1.0,1
1997-04-10,M,M,T,T,T
1997-04-11,M,M,0.00,0.0,T
1997-04-12,M,M,0.00,0.0,T
1997-04-13,M,M,0.19,0.0,T
1997-04-14,M,M,T,T,T
1997-04-15,M,M,0.00,0.0,T
1997-04-16,M,M,0.00,0.0,T
1997-04-17,M,M,T,T,T
1997-04-18,M,M,0.11,1.0,1
1997-04-19,M,M,0.80,10.0,11
1997-04-20,M,M,0.01,1.0,7
1997-04-21,M,M,0.00,0.0,4
1997-04-22,M,M,0.00,0.0,M
1997-04-23,M,M,T,0.0,M
1997-04-24,M,M,T,0.0,T
1997-04-25,M,M,T,0.0,T
1997-04-26,M,M,T,0.0,T
1997-04-27,M,M,0.00,0.0,0
1997-04-28,M,M,0.42,0.0,0
1997-04-29,M,M,0.07,0.0,0
1997-04-30,M,M,0.00,0.0,0
1997-05-01,M,M,0.00,0.0,0
1997-05-02,M,M,0.14,T,T
1997-05-03,M,M,0.08,0.0,0
1997-05-04,M,M,0.55,T,T
1997-05-05,M,M,T,T,T
1997-05-06,M,M,0.00,0.0,0
1997-05-07,M,M,0.29,0.5,0
1997-05-08,M,M,0.02,T,T
1997-05-09,M,M,0.03,0.0,0
1997-05-10,M,M,0.36,0.0,0
1997-05-11,M,M,0.01,0.0,0
1997-05-12,M,M,T,0.0,0
1997-05-13,M,M,T,0.0,0
1997-05-14,M,M,T,0.0,0
1997-05-15,M,M,T,0.0,0
1997-05-16,M,M,T,0.0,0
1997-05-17,M,M,T,0.0,0
1997-05-18,M,M,0.02,0.0,0
1997-05-19,M,M,0.11,0.0,0
1997-05-20,M,M,0.88,0.0,0
1997-05-21,M,M,0.01,0.0,0
1997-05-22,M,M,0.01,0.0,0
1997-05-23,M,M,T,0.0,0
1997-05-24,M,M,0.00,0.0,0
1997-05-25,M,M,T,0.0,0
1997-05-26,M,M,0.06,0.0,0
1997-05-27,M,M,0.00,0.0,0
1997-05-28,M,M,0.00,0.0,0
1997-05-29,M,M,0.00,0.0,0
1997-05-30,M,M,0.03,0.0,0
1997-05-31,M,M,T,0.0,0
1997-06-01,M,M,0.00,0.0,0
1997-06-02,M,M,0.05,0.0,0
1997-06-03,M,M,0.03,0.0,0
1997-06-04,M,M,0.00,0.0,0
1997-06-05,M,M,0.00,0.0,0
1997-06-06,M,M,0.00,0.0,0
1997-06-07,M,M,0.00,0.0,0
1997-06-08,M,M,T,0.0,0
1997-06-09,M,M,0.00,0.0,0
1997-06-10,M,M,0.00,0.0,0
1997-06-11,M,M,0.00,0.0,0
1997-06-12,M,M,0.00,0.0,0
1997-06-13,M,M,0.08,0.0,0
1997-06-14,M,M,0.01,0.0,0
1997-06-15,M,M,0.00,0.0,0
1997-06-16,M,M,0.00,0.0,0
1997-06-17,M,M,0.00,0.0,0
1997-06-18,M,M,0.08,0.0,0
1997-06-19,M,M,0.05,0.0,0
1997-06-20,M,M,0.00,0.0,0
1997-06-21,M,M,T,0.0,0
1997-06-22,M,M,0.00,0.0,0
1997-06-23,M,M,0.00,0.0,0
1997-06-24,M,M,0.00,0.0,0
1997-06-25,M,M,0.74,0.0,0
1997-06-26,M,M,T,0.0,0
1997-06-27,M,M,0.28,0.0,0
1997-06-28,M,M,0.00,0.0,0
1997-06-29,M,M,0.00,0.0,0
1997-06-30,M,M,0.00,0.0,0
1997-07-01,M,M,0.00,0.0,0
1997-07-02,M,M,0.00,0.0,0
1997-07-03,M,M,0.00,0.0,0
1997-07-04,M,M,0.52,0.0,0
1997-07-05,M,M,M,0.0,0
1997-07-06,M,M,0.00,0.0,0
1997-07-07,M,M,0.00,0.0,0
1997-07-08,M,M,S,0.0,0
1997-07-09,M,M,0.29A,0.0,0
1997-07-10,M,M,0.23,0.0,0
1997-07-11,M,M,0.00,0.0,0
1997-07-12,M,M,0.00,0.0,0
1997-07-13,M,M,0.00,0.0,0
1997-07-14,M,M,S,0.0,0
1997-07-15,M,M,M,0.0,0
1997-07-16,M,M,M,0.0,0
1997-07-17,M,M,M,0.0,0
1997-07-18,M,M,M,0.0,0
1997-07-19,M,M,M,0.0,0
1997-07-20,M,M,0.93A,0.0,0
1997-07-21,M,M,0.00,0.0,0
1997-07-22,M,M,0.20,0.0,0
1997-07-23,M,M,T,0.0,0
1997-07-24,M,M,0.00,0.0,0
1997-07-25,M,M,0.00,0.0,0
1997-07-26,M,M,0.00,0.0,0
1997-07-27,M,M,T,0.0,0
1997-07-28,M,M,0.00,0.0,0
1997-07-29,M,M,0.00,0.0,0
1997-07-30,M,M,0.00,0.0,0
1997-07-31,M,M,0.00,0.0,0
1997-08-01,M,M,M,0.0,M
1997-08-02,M,M,M,0.0,0
1997-08-03,M,M,0.02,0.0,0
1997-08-04,M,M,0.02,0.0,0
1997-08-05,M,M,0.00,0.0,0
1997-08-06,M,M,0.01,0.0,0
1997-08-07,M,M,0.00,0.0,0
1997-08-08,M,M,0.00,0.0,0
1997-08-09,M,M,0.00,0.0,0
1997-08-10,M,M,0.00,0.0,0
1997-08-11,M,M,0.00,0.0,0
1997-08-12,M,M,0.05,0.0,0
1997-08-13,M,M,0.00,0.0,0
1997-08-14,M,M,1.35,0.0,0
1997-08-15,M,M,0.00,0.0,0
1997-08-16,M,M,0.02,0.0,0
1997-08-17,M,M,T,0.0,0
1997-08-18,M,M,0.11,0.0,0
1997-08-19,M,M,0.00,0.0,0
1997-08-20,M,M,0.00,0.0,0
1997-08-21,M,M,0.60,0.0,0
1997-08-22,M,M,0.67,0.0,0
1997-08-23,M,M,0.50,0.0,0
1997-08-24,M,M,0.01,0.0,0
1997-08-25,M,M,0.00,0.0,0
1997-08-26,M,M,T,0.0,0
1997-08-27,M,M,0.45,0.0,0
1997-08-28,M,M,0.19,0.0,0
1997-08-29,M,M,0.08,0.0,0
1997-08-30,M,M,0.16,0.0,0
1997-08-31,M,M,0.00,0.0,0
1997-09-01,M,M,0.41,0.0,0
1997-09-02,M,M,0.00,0.0,0
1997-09-03,M,M,0.05,0.0,0
1997-09-04,M,M,T,0.0,0
1997-09-05,M,M,0.00,0.0,0
1997-09-06,M,M,0.00,0.0,0
1997-09-07,M,M,0.02,0.0,0
1997-09-08,M,M,0.35,0.0,0
1997-09-09,M,M,0.00,0.0,0
1997-09-10,M,M,0.00,0.0,0
1997-09-11,M,M,T,0.0,0
1997-09-12,M,M,1.15,0.0,0
1997-09-13,M,M,0.01,0.0,0
1997-09-14,M,M,0.02,0.0,0
1997-09-15,M,M,0.00,0.0,0
1997-09-16,M,M,0.00,0.0,0
1997-09-17,M,M,0.00,0.0,0
1997-09-18,M,M,0.05,0.0,0
1997-09-19,M,M,0.00,0.0,0
1997-09-20,M,M,0.06,0.0,0
1997-09-21,M,M,0.05,0.0,0
1997-09-22,M,M,0.00,0.0,0
1997-09-23,M,M,0.00,0.0,0
1997-09-24,M,M,T,0.0,0
1997-09-25,M,M,0.00,0.0,0
1997-09-26,M,M,0.01,0.0,0
1997-09-27,M,M,T,0.0,0
1997-09-28,M,M,0.00,0.0,0
1997-09-29,M,M,0.35,0.0,0
1997-09-30,M,M,0.01,0.0,0
1997-10-01,M,M,0.05,0.0,0
1997-10-02,M,M,T,0.0,0
1997-10-03,M,M,0.00,0.0,0
1997-10-04,M,M,0.17,0.0,0
1997-10-05,M,M,0.12,0.0,0
1997-10-06,M,M,0.00,0.0,0
1997-10-07,M,M,0.00,0.0,0
1997-10-08,M,M,0.00,0.0,0
1997-10-09,M,M,0.00,0.0,0
1997-10-10,M,M,T,0.0,0
1997-10-11,M,M,0.00,0.0,0
1997-10-12,M,M,0.00,0.0,0
1997-10-13,M,M,0.00,0.0,0
1997-10-14,M,M,0.00,0.0,0
1997-10-15,M,M,T,0.0,0
1997-10-16,M,M,0.02,0.0,0
1997-10-17,M,M,0.00,0.0,0
1997-10-18,M,M,0.00,0.0,0
1997-10-19,M,M,0.00,0.0,0
1997-10-20,M,M,0.00,0.0,0
1997-10-21,M,M,0.01,0.0,0
1997-10-22,M,M,T,0.0,0
1997-10-23,M,M,0.01,T,0
1997-10-24,M,M,T,T,0
1997-10-25,M,M,0.28,0.0,0
1997-10-26,M,M,0.34,0.0,0
1997-10-27,M,M,0.39,0.0,0
1997-10-28,M,M,0.03,0.0,0
1997-10-29,M,M,T,0.0,0
1997-10-30,M,M,0.00,0.0,0
1997-10-31,M,M,0.00,0.0,0
1997-11-01,M,M,T,0.0,0
1997-11-02,M,M,1.01,0.0,0
1997-11-03,M,M,0.33,0.0,0
1997-11-04,M,M,0.02,0.0,0
1997-11-05,M,M,0.22,0.0,0
1997-11-06,M,M,T,0.0,0
1997-11-07,M,M,0.00,0.0,0
1997-11-08,M,M,0.00,0.0,0
1997-11-09,M,M,1.78,0.0,0
1997-11-10,M,M,0.31,0.0,0
1997-11-11,M,M,T,T,T
1997-11-12,M,M,0.00,0.0,0
1997-11-13,M,M,0.01,0.5,M
1997-11-14,M,M,0.62,2.0,0
1997-11-15,M,M,0.92,5.0,M
1997-11-16,M,M,0.10,1.0,M
1997-11-17,M,M,T,T,M
1997-11-18,M,M,T,T,0
1997-11-19,M,M,0.00,0.0,0
1997-11-20,M,M,0.00,0.0,0
1997-11-21,M,M,0.00,0.0,0
1997-11-22,M,M,0.35,4.0,M
1997-11-23,M,M,0.27,2.5,M
1997-11-24,M,M,0.01,1.0,M
1997-11-25,M,M,0.11,2.0,M
1997-11-26,M,M,T,T,M
1997-11-27,M,M,0.08,T,0
1997-11-28,M,M,0.00,0.0,0
1997-11-29,M,M,0.03,T,0
1997-11-30,M,M,0.00,0.0,0
1997-12-01,M,M,0.28,T,T
1997-12-02,M,M,0.05,1.0,M
1997-12-03,M,M,T,T,0
1997-12-04,M,M,0.05,0.0,0
1997-12-05,M,M,0.01,T,0
1997-12-06,M,M,0.03,1.0,M
1997-12-07,M,M,T,T,0
1997-12-08,M,M,0.01,0.3,0
1997-12-09,M,M,0.00,0.0,0
1997-12-10,M,M,0.00,0.0,0
1997-12-11,M,M,0.56,7.0,M
1997-12-12,M,M,0.01,1.0,M
1997-12-13,M,M,0.01,0.5,M
1997-12-14,M,M,T,T,M
1997-12-15,M,M,0.01,0.5,M
1997-12-16,M,M,0.00,0.0,M
1997-12-17,M,M,0.00,0.0,0
1997-12-18,M,M,0.00,0.0,0
1997-12-19,M,M,0.00,0.0,0
1997-12-20,M,M,T,T,0
1997-12-21,M,M,T,T,0
1997-12-22,M,M,0.00,0.0,0
1997-12-23,M,M,0.41,2.0,0
1997-12-24,M,M,0.09,1.0,M
1997-12-25,M,M,0.10,0.0,M
1997-12-26,M,M,0.00,0.0,0
1997-12-27,M,M,0.00,0.0,0
1997-12-28,M,M,T,T,0
1997-12-29,M,M,0.00,0.0,0
1997-12-30,M,M,1.15,12.0,M
1997-12-31,M,M,0.14,2.0,M
1998-01-01,M,M,0.01,0.5,M
1998-01-02,M,M,0.01,1.0,M
1998-01-03,M,M,0.00,0.0,M
1998-01-04,M,M,0.04,0.0,M
1998-01-05,M,M,0.26,0.0,M
1998-01-06,M,M,0.12,0.0,M
1998-01-07,M,M,0.10,0.0,M
1998-01-08,M,M,0.43,0.0,0
1998-01-09,M,M,0.32,0.0,0
1998-01-10,M,M,0.77,0.0,0
1998-01-11,M,M,0.00,0.0,0
1998-01-12,M,M,T,T,T
1998-01-13,M,M,0.00,0.0,0
1998-01-14,M,M,0.11,0.5,M
1998-01-15,M,M,0.01,0.5,M
1998-01-16,M,M,0.56,2.5,M
1998-01-17,M,M,0.08,1.5,M
1998-01-18,M,M,0.04,0.5,M
1998-01-19,M,M,0.06,1.5,M
1998-01-20,M,M,0.01,1.0,M
1998-01-21,M,M,0.01,0.5,M
1998-01-22,M,M,T,T,0
1998-01-23,M,M,0.10,1.0,M
1998-01-24,M,M,0.58,3.0,M
1998-01-25,M,M,0.03,0.5,M
1998-01-26,M,M,T,T,0
1998-01-27,M,M,0.00,0.0,0
1998-01-28,M,M,T,T,0
1998-01-29,M,M,0.00,0.0,0
1998-01-30,M,M,T,T,0
1998-01-31,M,M,0.05,0.5,M
1998-02-01,M,M,0.00,0.0,0
1998-02-02,M,M,0.00,0.0,0
1998-02-03,M,M,0.00,0.0,0
1998-02-04,M,M,0.00,0.0,0
1998-02-05,M,M,0.00,0.0,0
1998-02-06,M,M,0.00,0.0,0
1998-02-07,M,M,0.00,0.0,0
1998-02-08,M,M,0.00,0.0,0
1998-02-09,M,M,0.00,0.0,0
1998-02-10,M,M,0.00,0.0,0
1998-02-11,M,M,0.00,0.0,0
1998-02-12,M,M,0.28,0.0,0
1998-02-13,M,M,0.06,T,T
1998-02-14,M,M,0.00,0.0,0
1998-02-15,M,M,0.00,0.0,0
1998-02-16,M,M,0.00,0.0,0
1998-02-17,M,M,0.00,0.0,0
1998-02-18,M,M,0.46,1.0,0
1998-02-19,M,M,0.15,0.3,0
1998-02-20,M,M,0.10,0.3,0
1998-02-21,M,M,0.01,T,T
1998-02-22,M,M,T,T,T
1998-02-23,M,M,0.00,0.0,0
1998-02-24,M,M,0.29,3.0,M
1998-02-25,M,M,1.21,13.0,M
1998-02-26,M,M,0.08,2.5,M
1998-02-27,M,M,0.00,0.0,M
1998-02-28,M,M,0.00,0.0,M
1998-03-01,M,M,0.08,0.0,M
1998-03-02,M,M,0.00,0.0,M
1998-03-03,M,M,0.00,0.0,M
1998-03-04,M,M,0.00,0.0,M
1998-03-05,M,M,0.08,1.0,M
1998-03-06,M,M,T,T,0
1998-03-07,M,M,0.00,0.0,0
1998-03-08,M,M,0.00,0.0,0
1998-03-09,M,M,0.34,0.0,0
1998-03-10,M,M,0.47,T,0
1998-03-11,M,M,T,T,0
1998-03-12,M,M,T,T,T
1998-03-13,M,M,T,T,T
1998-03-14,M,M,T,T,0
1998-03-15,M,M,0.16,2.5,M
1998-03-16,M,M,T,T,M
1998-03-17,M,M,0.00,0.0,M
1998-03-18,M,M,T,T,0
1998-03-19,M,M,0.21,0.3,0
1998-03-20,M,M,0.05,T,0
1998-03-21,M,M,0.04,T,0
1998-03-22,M,M,0.84,5.0,M
1998-03-23,M,M,0.05,1.5,M
1998-03-24,M,M,T,T,M
1998-03-25,M,M,0.00,0.0,M
1998-03-26,M,M,0.00,0.0,M
1998-03-27,M,M,0.00,0.0,0
1998-03-28,M,M,0.00,0.0,0
1998-03-29,M,M,0.00,0.0,0
1998-03-30,M,M,0.00,0.0,0
1998-03-31,M,M,0.00,0.0,0
1998-04-01,M,M,0.00,0.0,0
1998-04-02,M,M,0.58,0.0,0
1998-04-03,M,M,0.45,0.0,0
1998-04-04,M,M,T,T,T
1998-04-05,M,M,T,T,T
1998-04-06,M,M,T,T,T
1998-04-07,M,M,0.00,0.0,0
1998-04-08,M,M,0.00,0.0,0
1998-04-09,M,M,0.38,0.0,0
1998-04-10,M,M,0.28,0.0,0
1998-04-11,M,M,0.00,0.0,0
1998-04-12,M,M,M,0.0,0
1998-04-13,M,M,0.00,0.0,0
1998-04-14,M,M,0.00,0.0,0
1998-04-15,M,M,0.00,0.0,0
1998-04-16,M,M,T,0.0,0
1998-04-17,M,M,0.03,0.0,0
1998-04-18,M,M,0.04,0.0,0
1998-04-19,M,M,0.00,0.0,0
1998-04-20,M,M,1.60,0.0,0
1998-04-21,M,M,0.03,0.0,0
1998-04-22,M,M,0.00,0.0,0
1998-04-23,M,M,0.00,0.0,0
1998-04-24,M,M,0.12,0.0,0
1998-04-25,M,M,0.04,0.0,0
1998-04-26,M,M,T,0.0,0
1998-04-27,M,M,0.04,T,T
1998-04-28,M,M,0.00,0.0,0
1998-04-29,M,M,0.00,0.0,0
1998-04-30,M,M,0.00,0.0,0
1998-05-01,M,M,0.00,0.0,0
1998-05-02,M,M,0.28,0.0,0
1998-05-03,M,M,0.50,0.0,0
1998-05-04,M,M,0.18,0.0,0
1998-05-05,M,M,0.02,0.0,0
1998-05-06,M,M,0.15,0.0,0
1998-05-07,M,M,0.18,0.0,0
1998-05-08,M,M,T,0.0,0
1998-05-09,M,M,0.02,0.0,0
1998-05-10,M,M,0.78,0.0,0
1998-05-11,M,M,0.93,0.0,0
1998-05-12,M,M,0.65,0.0,0
1998-05-13,M,M,0.00,0.0,0
1998-05-14,M,M,0.00,0.0,0
1998-05-15,M,M,0.00,0.0,0
1998-05-16,M,M,0.00,0.0,0
1998-05-17,M,M,0.00,0.0,0
1998-05-18,M,M,0.00,0.0,0
1998-05-19,M,M,0.00,0.0,0
1998-05-20,M,M,0.00,0.0,0
1998-05-21,M,M,0.00,0.0,0
1998-05-22,M,M,0.00,0.0,0
1998-05-23,M,M,0.00,0.0,0
1998-05-24,M,M,0.00,0.0,0
1998-05-25,M,M,0.00,0.0,0
1998-05-26,M,M,0.13,0.0,0
1998-05-27,M,M,T,0.0,0
1998-05-28,M,M,0.00,0.0,0
1998-05-29,M,M,0.00,0.0,0
1998-05-30,M,M,0.15,0.0,0
1998-05-31,M,M,0.00,0.0,0
1998-06-01,M,M,0.88,0.0,0
1998-06-02,M,M,0.00,0.0,0
1998-06-03,M,M,0.30,0.0,0
1998-06-04,M,M,0.00,0.0,0
1998-06-05,M,M,0.00,0.0,0
1998-06-06,M,M,0.00,0.0,0
1998-06-07,M,M,0.00,0.0,0
1998-06-08,M,M,0.00,0.0,0
1998-06-09,M,M,0.03,0.0,0
1998-06-10,M,M,0.00,0.0,0
1998-06-11,M,M,0.00,0.0,0
1998-06-12,M,M,0.01,0.0,0
1998-06-13,M,M,0.33,0.0,0
1998-06-14,M,M,1.60,0.0,0
1998-06-15,M,M,2.11,0.0,0
1998-06-16,M,M,0.25,0.0,0
1998-06-17,M,M,0.06,0.0,0
1998-06-18,M,M,0.08,0.0,0
1998-06-19,M,M,T,0.0,0
1998-06-20,M,M,0.29,0.0,0
1998-06-21,M,M,0.01,0.0,0
1998-06-22,M,M,0.00,0.0,0
1998-06-23,M,M,0.17,0.0,0
1998-06-24,M,M,0.18,0.0,0
1998-06-25,M,M,0.00,0.0,0
1998-06-26,M,M,0.00,0.0,0
1998-06-27,M,M,0.00,0.0,0
1998-06-28,M,M,0.00,0.0,0
1998-06-29,M,M,0.46,0.0,0
1998-06-30,M,M,0.11,0.0,0
1998-07-01,M,M,0.59,0.0,0
1998-07-02,M,M,T,0.0,0
1998-07-03,M,M,0.00,0.0,0
1998-07-04,M,M,0.00,0.0,0
1998-07-05,M,M,0.28,0.0,0
1998-07-06,M,M,0.00,0.0,0
1998-07-07,M,M,0.00,0.0,0
1998-07-08,M,M,0.66,0.0,0
1998-07-09,M,M,0.38,0.0,0
1998-07-10,M,M,0.02,0.0,0
1998-07-11,M,M,0.00,0.0,0
1998-07-12,M,M,0.00,0.0,0
1998-07-13,M,M,0.00,0.0,0
1998-07-14,M,M,0.00,0.0,0
1998-07-15,M,M,0.00,0.0,0
1998-07-16,M,M,0.08,0.0,0
1998-07-17,M,M,T,0.0,0
1998-07-18,M,M,0.08,0.0,0
1998-07-19,M,M,0.00,0.0,0
1998-07-20,M,M,0.04,0.0,0
1998-07-21,M,M,0.20,0.0,0
1998-07-22,M,M,0.00,0.0,0
1998-07-23,M,M,0.00,0.0,0
1998-07-24,M,M,0.02,0.0,0
1998-07-25,M,M,0.00,0.0,0
1998-07-26,M,M,0.00,0.0,0
1998-07-27,M,M,0.00,0.0,0
1998-07-28,M,M,0.00,0.0,0
1998-07-29,M,M,0.00,0.0,0
1998-07-30,M,M,0.00,0.0,0
1998-07-31,M,M,0.09,0.0,0
