Date,MaxT,MinT,Precip,Snow,SnowDepth
1963-08-01,72,50,0.57,0.0,0
1963-08-02,75,57,T,0.0,0
1963-08-03,83,57,0.00,0.0,0
1963-08-04,80,61,1.34,0.0,0
1963-08-05,74,63,0.02,0.0,0
1963-08-06,84,55,0.00,0.0,0
1963-08-07,83,57,0.83,0.0,0
1963-08-08,84,56,0.26,0.0,0
1963-08-09,83,55,0.00,0.0,0
1963-08-10,74,55,0.00,0.0,0
1963-08-11,78,46,0.10,0.0,0
1963-08-12,76,46,0.00,0.0,0
1963-08-13,73,56,0.05,0.0,0
1963-08-14,69,57,0.13,0.0,0
1963-08-15,75,49,0.00,0.0,0
1963-08-16,75,48,0.00,0.0,0
1963-08-17,79,45,0.08,0.0,0
1963-08-18,70,58,0.29,0.0,0
1963-08-19,71,41,0.00,0.0,0
1963-08-20,76,57,0.06,0.0,0
1963-08-21,85,46,0.00,0.0,0
1963-08-22,87,51,0.00,0.0,0
1963-08-23,85,54,0.00,0.0,0
1963-08-24,75,60,T,0.0,0
1963-08-25,72,47,0.00,0.0,0
1963-08-26,74,46,0.00,0.0,0
1963-08-27,78,48,0.00,0.0,0
1963-08-28,81,44,0.00,0.0,0
1963-08-29,70,59,0.02,0.0,0
1963-08-30,78,57,0.00,0.0,0
1963-08-31,74,48,0.04,0.0,0
1963-09-01,74,47,0.00,0.0,0
1963-09-02,79,40,0.00,0.0,0
1963-09-03,83,54,T,0.0,0
1963-09-04,74,55,0.33,0.0,0
1963-09-05,67,37,0.00,0.0,0
1963-09-06,62,46,T,0.0,0
1963-09-07,77,39,0.00,0.0,0
1963-09-08,79,46,0.00,0.0,0
1963-09-09,82,47,0.00,0.0,0
1963-09-10,75,55,0.00,0.0,0
1963-09-11,76,37,0.00,0.0,0
1963-09-12,82,51,0.35,0.0,0
1963-09-13,66,44,T,0.0,0
1963-09-14,65,32,0.00,0.0,0
1963-09-15,67,31,0.00,0.0,0
1963-09-16,74,40,0.00,0.0,0
1963-09-17,67,53,0.24,0.0,0
1963-09-18,78,57,T,0.0,0
1963-09-19,84,43,0.00,0.0,0
1963-09-20,67,51,0.51,0.0,0
1963-09-21,54,48,0.01,0.0,0
1963-09-22,61,40,0.00,0.0,0
1963-09-23,54,37,0.00,0.0,0
1963-09-24,61,27,0.00,0.0,0
1963-09-25,67,25,0.00,0.0,0
1963-09-26,74,28,0.00,0.0,0
1963-09-27,78,39,0.00,0.0,0
1963-09-28,71,46,0.00,0.0,0
1963-09-29,54,40,1.40,0.0,0
1963-09-30,62,38,T,0.0,0
1963-10-01,62,30,0.00,0.0,0
1963-10-02,77,36,0.00,0.0,0
1963-10-03,75,45,0.10,0.0,0
1963-10-04,58,46,T,0.0,0
1963-10-05,76,30,0.00,0.0,0
1963-10-06,76,30,0.00,0.0,0
1963-10-07,89,40,0.00,0.0,0
1963-10-08,80,53,0.00,0.0,0
1963-10-09,62,33,0.00,0.0,0
1963-10-10,65,27,0.00,0.0,0
1963-10-11,70,30,0.00,0.0,0
1963-10-12,61,44,0.00,0.0,0
1963-10-13,62,36,0.00,0.0,0
1963-10-14,73,26,0.00,0.0,0
1963-10-15,81,36,0.00,0.0,0
1963-10-16,78,34,0.00,0.0,0
1963-10-17,78,45,0.00,0.0,0
1963-10-18,78,39,0.00,0.0,0
1963-10-19,82,41,0.00,0.0,0
1963-10-20,69,39,0.00,0.0,0
1963-10-21,68,38,0.00,0.0,0
1963-10-22,60,41,0.00,0.0,0
1963-10-23,66,30,0.00,0.0,0
1963-10-24,76,33,0.00,0.0,0
1963-10-25,78,35,0.00,0.0,0
1963-10-26,78,37,0.00,0.0,0
1963-10-27,81,41,0.00,0.0,0
1963-10-28,67,50,0.06,0.0,0
1963-10-29,55,42,0.00,0.0,0
1963-10-30,44,34,0.00,0.0,0
1963-10-31,60,35,0.00,0.0,0
1963-11-01,53,43,0.22,0.0,0
1963-11-02,49,39,T,0.0,0
1963-11-03,44,33,T,T,0
1963-11-04,53,22,0.00,0.0,0
1963-11-05,55,34,T,0.0,0
1963-11-06,54,45,0.28,0.0,0
1963-11-07,53,50,2.68,0.0,0
1963-11-08,56,51,0.59,0.0,0
1963-11-09,53,49,0.01,0.0,0
1963-11-10,55,35,0.00,0.0,0
1963-11-11,54,36,0.24,0.0,0
1963-11-12,41,27,T,0.0,0
1963-11-13,42,28,T,0.0,0
1963-11-14,47,25,T,0.0,0
1963-11-15,44,30,T,T,0
1963-11-16,53,41,0.00,0.0,0
1963-11-17,57,37,0.00,0.0,0
1963-11-18,68,38,T,0.0,0
1963-11-19,65,45,0.01,0.0,0
1963-11-20,53,27,0.00,0.0,0
1963-11-21,51,32,T,0.0,0
1963-11-22,59,42,T,0.0,0
1963-11-23,66,44,0.36,0.0,0
1963-11-24,53,32,T,T,0
1963-11-25,37,26,T,T,0
1963-11-26,46,19,0.00,0.0,0
1963-11-27,59,28,0.00,0.0,0
1963-11-28,49,25,0.00,0.0,0
1963-11-29,51,43,0.62,0.0,0
1963-11-30,56,29,0.96,T,T
1963-12-01,29,18,T,T,0
1963-12-02,33,13,0.00,0.0,0
1963-12-03,32,28,0.08,1.0,1
1963-12-04,32,21,0.00,0.0,T
1963-12-05,34,12,0.00,0.0,T
1963-12-06,33,25,T,T,T
1963-12-07,32,20,0.00,0.0,T
1963-12-08,47,17,0.00,0.0,0
1963-12-09,47,29,0.84,T,0
1963-12-10,35,28,T,T,0
1963-12-11,29,20,0.00,0.0,0
1963-12-12,21,15,0.46,4.3,4
1963-12-13,27,12,0.00,0.0,4
1963-12-14,30,11,0.00,0.0,3
1963-12-15,21,13,T,T,3
1963-12-16,21,6,T,T,3
1963-12-17,24,2,T,T,3
1963-12-18,20,3,0.03,0.3,3
1963-12-19,21,14,0.03,0.4,3
1963-12-20,22,5,0.00,0.0,3
1963-12-21,27,-1,0.01,0.2,3
1963-12-22,32,15,0.00,0.0,3
1963-12-23,28,12,0.02,0.4,3
1963-12-24,27,11,0.31,4.1,7
1963-12-25,32,23,0.05,2.0,8
1963-12-26,34,19,T,T,7
1963-12-27,19,9,0.04,1.0,7
1963-12-28,24,-12,0.00,0.0,7
1963-12-29,29,4,T,T,7
1963-12-30,18,3,T,T,6
1963-12-31,20,-17,0.00,0.0,6
1964-01-01,18,-10,0.54,3.2,9
1964-01-02,36,18,0.37,2.0,10
1964-01-03,42,22,0.00,0.0,9
1964-01-04,43,22,T,T,8
1964-01-05,37,30,T,T,8
1964-01-06,40,13,0.11,0.0,7
1964-01-07,39,29,T,T,7
1964-01-08,37,4,0.00,0.0,7
1964-01-09,43,19,0.51,0.0,6
1964-01-10,43,20,T,T,5
1964-01-11,26,19,T,T,5
1964-01-12,19,5,0.00,0.0,5
1964-01-13,12,6,1.26,24.0,29
1964-01-14,16,3,0.28,3.5,26
1964-01-15,27,-17,0.00,0.0,22
1964-01-16,28,-17,0.00,0.0,20
1964-01-17,30,2,0.00,0.0,18
1964-01-18,38,3,0.00,0.0,16
1964-01-19,38,-1,0.00,0.0,15
1964-01-20,40,21,0.45,0.0,11
1964-01-21,44,33,0.57,0.0,7
1964-01-22,41,30,0.00,0.0,6
1964-01-23,43,18,0.00,0.0,6
1964-01-24,43,23,0.00,0.0,5
1964-01-25,52,30,0.40,0.0,T
1964-01-26,43,25,0.01,0.3,T
1964-01-27,38,22,0.00,0.0,T
1964-01-28,27,16,0.53,9.0,8
1964-01-29,31,7,0.00,0.0,7
1964-01-30,34,8,T,T,5
1964-01-31,33,1,0.00,0.0,4
1964-02-01,35,28,0.07,0.3,4
1964-02-02,37,18,T,T,3
1964-02-03,22,10,0.00,0.0,3
1964-02-04,40,13,0.00,0.0,2
1964-02-05,44,27,T,T,T
1964-02-06,37,19,0.16,0.6,1
1964-02-07,41,30,0.76,3.8,3
1964-02-08,39,23,T,T,3
1964-02-09,26,16,0.00,0.0,3
1964-02-10,27,-1,0.00,0.0,3
1964-02-11,30,-0,0.00,0.0,3
1964-02-12,38,8,0.00,0.0,3
1964-02-13,30,9,0.02,0.3,3
1964-02-14,36,19,T,T,3
1964-02-15,37,21,0.00,0.0,3
1964-02-16,31,22,1.04,12.5,15
1964-02-17,30,10,0.00,0.0,13
1964-02-18,32,-8,0.00,0.0,11
1964-02-19,30,22,0.77,11.5,20
1964-02-20,33,26,0.01,0.2,18
1964-02-21,27,19,T,T,17
1964-02-22,23,7,0.00,0.0,16
1964-02-23,34,2,0.00,0.0,15
1964-02-24,38,5,T,T,15
1964-02-25,29,-9,0.00,0.0,14
1964-02-26,36,7,T,T,14
1964-02-27,28,-2,0.03,1.0,14
1964-02-28,34,-14,0.00,0.0,13
1964-02-29,36,18,T,T,13
1964-03-01,49,3,0.00,0.0,10
1964-03-02,54,24,0.00,0.0,8
1964-03-03,57,30,0.00,0.0,6
1964-03-04,52,21,T,0.0,4
1964-03-05,70,44,T,0.0,T
1964-03-06,61,26,0.00,0.0,T
1964-03-07,54,17,0.00,0.0,T
1964-03-08,45,29,0.00,0.0,T
1964-03-09,50,33,0.12,0.0,T
1964-03-10,45,26,1.86,4.0,4
1964-03-11,29,22,0.06,0.5,4
1964-03-12,32,12,0.05,1.0,4
1964-03-13,40,15,0.00,0.0,3
1964-03-14,50,19,0.00,0.0,2
1964-03-15,44,34,T,0.0,T
1964-03-16,39,30,0.00,0.0,T
1964-03-17,44,24,0.00,0.0,T
1964-03-18,34,22,0.08,1.5,T
1964-03-19,37,17,0.00,0.0,T
1964-03-20,44,22,0.00,0.0,T
1964-03-21,45,24,0.00,0.0,T
1964-03-22,47,30,0.00,0.0,T
1964-03-23,47,28,0.00,0.0,T
1964-03-24,55,17,0.00,0.0,0
1964-03-25,57,28,0.07,0.0,0
1964-03-26,49,35,0.53,T,0
1964-03-27,35,29,0.05,0.3,0
1964-03-28,48,17,0.00,0.0,0
1964-03-29,47,33,T,0.0,0
1964-03-30,36,22,T,T,0
1964-03-31,32,16,0.00,0.0,0
1964-04-01,M,M,M,M,M
1964-04-02,M,M,M,M,M
1964-04-03,M,M,M,M,M
1964-04-04,M,M,M,M,M
1964-04-05,M,M,M,M,M
1964-04-06,M,M,M,M,M
1964-04-07,M,M,M,M,M
1964-04-08,M,M,M,M,M
1964-04-09,M,M,M,M,M
1964-04-10,M,M,M,M,M
1964-04-11,M,M,M,M,M
1964-04-12,M,M,M,M,M
1964-04-13,M,M,M,M,M
1964-04-14,M,M,M,M,M
1964-04-15,M,M,M,M,M
1964-04-16,M,M,M,M,M
1964-04-17,M,M,M,M,M
1964-04-18,M,M,M,M,M
1964-04-19,M,M,M,M,M
1964-04-20,M,M,M,M,M
1964-04-21,M,M,M,M,M
1964-04-22,M,M,M,M,M
1964-04-23,M,M,M,M,M
1964-04-24,M,M,M,M,M
1964-04-25,M,M,M,M,M
1964-04-26,M,M,M,M,M
1964-04-27,M,M,M,M,M
1964-04-28,M,M,M,M,M
1964-04-29,M,M,M,M,M
1964-04-30,M,M,M,M,M
1964-05-01,64,44,0.11,0.0,0
1964-05-02,65,32,0.00,0.0,0
1964-05-03,66,29,0.00,0.0,0
1964-05-04,74,30,0.00,0.0,0
1964-05-05,75,36,0.00,0.0,0
1964-05-06,79,38,0.00,0.0,0
1964-05-07,84,40,0.00,0.0,0
1964-05-08,82,46,T,0.0,0
1964-05-09,88,57,0.00,0.0,0
1964-05-10,75,48,0.01,0.0,0
1964-05-11,71,47,T,0.0,0
1964-05-12,71,38,0.00,0.0,0
1964-05-13,73,46,0.03,0.0,0
1964-05-14,68,48,0.46,0.0,0
1964-05-15,69,45,0.25,0.0,0
1964-05-16,82,37,0.00,0.0,0
1964-05-17,74,51,0.00,0.0,0
1964-05-18,73,44,0.00,0.0,0
1964-05-19,87,44,0.06,0.0,0
1964-05-20,71,56,0.00,0.0,0
1964-05-21,68,33,0.00,0.0,0
1964-05-22,83,39,0.00,0.0,0
1964-05-23,92,55,0.00,0.0,0
1964-05-24,91,59,0.00,0.0,0
1964-05-25,79,58,T,0.0,0
1964-05-26,80,42,0.00,0.0,0
1964-05-27,74,54,0.00,0.0,0
1964-05-28,68,38,0.00,0.0,0
1964-05-29,61,37,0.00,0.0,0
1964-05-30,69,35,0.00,0.0,0
1964-05-31,69,46,0.00,0.0,0
1964-06-01,63,45,T,0.0,0
1964-06-02,69,52,0.00,0.0,0
1964-06-03,64,35,0.15,0.0,0
1964-06-04,65,37,T,0.0,0
1964-06-05,67,35,0.00,0.0,0
1964-06-06,75,34,0.16,0.0,0
1964-06-07,68,50,0.40,0.0,0
1964-06-08,78,54,0.06,0.0,0
1964-06-09,80,55,0.00,0.0,0
1964-06-10,86,57,T,0.0,0
1964-06-11,75,49,0.00,0.0,0
1964-06-12,83,49,0.00,0.0,0
1964-06-13,78,56,0.03,0.0,0
1964-06-14,80,53,0.00,0.0,0
1964-06-15,74,M,0.20,0.0,0
1964-06-16,63,46,0.04,0.0,0
1964-06-17,72,48,0.00,0.0,0
1964-06-18,77,46,0.00,0.0,0
1964-06-19,79,47,T,0.0,0
1964-06-20,93,60,T,0.0,0
1964-06-21,93,58,0.00,0.0,0
1964-06-22,87,64,0.04,0.0,0
1964-06-23,87,53,0.00,0.0,0
1964-06-24,84,66,T,0.0,0
1964-06-25,79,59,0.01,0.0,0
1964-06-26,88,42,0.00,0.0,0
1964-06-27,85,66,0.00,0.0,0
1964-06-28,83,46,0.00,0.0,0
1964-06-29,89,51,0.00,0.0,0
1964-06-30,97,54,0.00,0.0,0
1964-07-01,99,63,T,0.0,0
1964-07-02,86,61,0.42,0.0,0
1964-07-03,84,63,T,0.0,0
1964-07-04,78,72,0.28,0.0,0
1964-07-05,77,59,0.00,0.0,0
1964-07-06,81,56,0.03,0.0,0
1964-07-07,85,50,0.00,0.0,0
1964-07-08,85,50,0.00,0.0,0
1964-07-09,72,59,0.01,0.0,0
1964-07-10,85,53,0.00,0.0,0
1964-07-11,88,49,0.00,0.0,0
1964-07-12,83,60,T,0.0,0
1964-07-13,76,61,0.39,0.0,0
1964-07-14,85,64,0.13,0.0,0
1964-07-15,84,55,0.00,0.0,0
1964-07-16,86,54,0.00,0.0,0
1964-07-17,92,56,0.00,0.0,0
1964-07-18,96,60,0.00,0.0,0
1964-07-19,98,64,T,0.0,0
1964-07-20,87,64,0.00,0.0,0
1964-07-21,96,60,0.00,0.0,0
1964-07-22,87,69,0.02,0.0,0
1964-07-23,93,61,0.00,0.0,0
1964-07-24,80,64,0.00,0.0,0
1964-07-25,79,60,0.00,0.0,0
1964-07-26,85,56,0.00,0.0,0
1964-07-27,96,57,0.00,0.0,0
1964-07-28,98,58,0.00,0.0,0
1964-07-29,97,62,0.15,0.0,0
1964-07-30,82,60,0.00,0.0,0
1964-07-31,78,48,0.00,0.0,0
1964-08-01,81,45,0.00,0.0,0
1964-08-02,78,60,T,0.0,0
1964-08-03,77,51,0.00,0.0,0
1964-08-04,83,45,0.00,0.0,0
1964-08-05,83,53,0.02,0.0,0
1964-08-06,78,50,0.00,0.0,0
1964-08-07,87,41,0.00,0.0,0
1964-08-08,86,63,0.13,0.0,0
1964-08-09,71,47,0.00,0.0,0
1964-08-10,82,42,0.00,0.0,0
1964-08-11,83,47,0.00,0.0,0
1964-08-12,84,68,0.95,0.0,0
1964-08-13,73,48,0.00,0.0,0
1964-08-14,70,42,T,0.0,0
1964-08-15,74,41,0.00,0.0,0
1964-08-16,81,41,0.00,0.0,0
1964-08-17,81,49,T,0.0,0
1964-08-18,79,51,T,0.0,0
1964-08-19,75,55,0.00,0.0,0
1964-08-20,78,42,T,0.0,0
1964-08-21,76,44,0.00,0.0,0
1964-08-22,71,58,0.09,0.0,0
1964-08-23,87,67,0.07,0.0,0
1964-08-24,83,53,0.00,0.0,0
1964-08-25,88,50,0.00,0.0,0
1964-08-26,74,56,0.03,0.0,0
1964-08-27,80,43,0.00,0.0,0
1964-08-28,82,41,0.00,0.0,0
1964-08-29,91,53,0.00,0.0,0
1964-08-30,90,64,0.00,0.0,0
1964-08-31,85,64,0.43,0.0,0
1964-09-01,78,57,0.06,0.0,0
1964-09-02,75,45,0.00,0.0,0
1964-09-03,80,49,0.00,0.0,0
1964-09-04,92,60,T,0.0,0
1964-09-05,86,64,0.00,0.0,0
1964-09-06,78,47,0.00,0.0,0
1964-09-07,79,44,0.00,0.0,0
1964-09-08,91,45,0.00,0.0,0
1964-09-09,83,55,0.03,0.0,0
1964-09-10,88,61,0.32,0.0,0
1964-09-11,93,58,0.00,0.0,0
1964-09-12,67,51,0.08,0.0,0
1964-09-13,65,39,0.00,0.0,0
1964-09-14,73,36,0.00,0.0,0
1964-09-15,65,35,0.00,0.0,0
1964-09-16,65,33,0.00,0.0,0
1964-09-17,83,38,0.00,0.0,0
1964-09-18,82,41,0.00,0.0,0
1964-09-19,72,51,0.00,0.0,0
1964-09-20,68,48,0.00,0.0,0
1964-09-21,73,35,0.00,0.0,0
1964-09-22,76,36,0.00,0.0,0
1964-09-23,83,51,0.00,0.0,0
1964-09-24,76,43,0.01,0.0,0
1964-09-25,69,46,T,0.0,0
1964-09-26,73,31,0.00,0.0,0
1964-09-27,76,47,0.00,0.0,0
1964-09-28,72,46,0.08,0.0,0
1964-09-29,53,46,0.26,0.0,0
1964-09-30,64,45,0.00,0.0,0
1964-10-01,64,34,0.00,0.0,0
1964-10-02,67,37,0.05,0.0,0
1964-10-03,70,46,0.12,0.0,0
1964-10-04,73,32,0.00,0.0,0
1964-10-05,61,31,0.00,0.0,0
1964-10-06,58,22,0.00,0.0,0
1964-10-07,52,28,0.00,0.0,0
1964-10-08,56,19,0.00,0.0,0
1964-10-09,65,23,0.00,0.0,0
1964-10-10,57,31,T,0.0,0
1964-10-11,51,29,0.00,0.0,0
1964-10-12,65,19,0.00,0.0,0
1964-10-13,57,36,T,0.0,0
1964-10-14,66,40,0.00,0.0,0
1964-10-15,80,28,0.00,0.0,0
1964-10-16,81,34,0.00,0.0,0
1964-10-17,67,44,0.02,0.0,0
1964-10-18,78,56,0.00,0.0,0
1964-10-19,65,43,0.13,0.0,0
1964-10-20,49,31,T,0.0,0
1964-10-21,57,30,0.00,0.0,0
1964-10-22,53,35,0.00,0.0,0
1964-10-23,48,25,T,0.0,0
1964-10-24,48,18,0.00,0.0,0
1964-10-25,65,32,0.00,0.0,0
1964-10-26,77,32,0.00,0.0,0
1964-10-27,74,33,0.00,0.0,0
1964-10-28,76,41,0.00,0.0,0
1964-10-29,66,37,0.02,0.0,0
1964-10-30,59,40,0.03,0.0,0
1964-10-31,57,27,0.00,0.0,0
1964-11-01,56,17,0.00,0.0,0
1964-11-02,61,28,0.00,0.0,0
1964-11-03,60,31,0.00,0.0,0
1964-11-04,62,26,0.00,0.0,0
1964-11-05,46,22,0.10,0.0,0
1964-11-06,48,41,0.00,0.0,0
1964-11-07,59,39,0.00,0.0,0
1964-11-08,59,41,0.00,0.0,0
1964-11-09,61,26,0.00,0.0,0
1964-11-10,65,38,0.00,0.0,0
1964-11-11,51,36,T,0.0,0
1964-11-12,58,33,0.00,0.0,0
1964-11-13,71,42,0.00,0.0,0
1964-11-14,56,42,0.02,0.0,0
1964-11-15,58,25,0.00,0.0,0
1964-11-16,49,30,0.01,0.0,0
1964-11-17,53,34,0.24,0.0,0
1964-11-18,47,25,0.00,0.0,0
1964-11-19,42,18,0.05,T,0
1964-11-20,64,25,0.19,0.0,0
1964-11-21,42,18,0.00,0.0,0
1964-11-22,33,17,T,T,0
1964-11-23,44,9,0.00,0.0,0
1964-11-24,45,22,0.00,0.0,0
1964-11-25,51,24,0.01,0.0,0
1964-11-26,64,45,2.59,0.0,0
1964-11-27,52,29,0.00,0.0,0
1964-11-28,43,18,0.00,0.0,0
1964-11-29,49,33,0.07,0.0,0
1964-11-30,33,26,T,T,T
1964-12-01,26,15,0.00,0.0,0
1964-12-02,31,16,T,T,0
1964-12-03,33,24,0.16,2.5,2
1964-12-04,32,29,0.90,0.5,2
1964-12-05,33,32,0.07,0.0,1
1964-12-06,32,19,0.06,0.5,1
1964-12-07,27,6,T,T,1
1964-12-08,29,2,0.00,0.0,1
1964-12-09,30,15,0.00,0.0,1
1964-12-10,29,3,0.00,0.0,1
1964-12-11,35,9,0.02,0.0,1
1964-12-12,41,33,0.24,0.0,T
1964-12-13,43,32,T,0.0,0
1964-12-14,44,24,0.00,0.0,0
1964-12-15,37,21,0.01,0.3,T
1964-12-16,29,8,0.00,0.0,0
1964-12-17,37,15,T,T,0
1964-12-18,37,15,0.01,0.2,T
1964-12-19,31,3,0.00,0.0,T
1964-12-20,29,20,0.09,1.0,1
1964-12-21,30,14,T,T,1
1964-12-22,35,10,T,T,T
1964-12-23,36,23,0.00,0.0,T
1964-12-24,41,32,T,0.0,0
1964-12-25,62,36,T,0.0,0
1964-12-26,57,37,0.32,0.0,0
1964-12-27,54,32,0.88,0.0,0
1964-12-28,32,21,0.81,4.5,4
1964-12-29,23,18,T,0.0,4
1964-12-30,33,19,T,0.0,3
1964-12-31,43,30,T,T,2
1965-01-01,30,16,0.00,0.0,2
1965-01-02,22,6,0.34,4.0,6
1965-01-03,26,6,T,T,4
1965-01-04,31,16,0.00,0.0,4
1965-01-05,35,8,0.00,0.0,4
1965-01-06,37,16,0.00,0.0,3
1965-01-07,28,7,0.00,0.0,3
1965-01-08,40,22,0.08,0.0,2
1965-01-09,46,33,0.05,0.0,T
1965-01-10,33,23,0.03,0.5,1
1965-01-11,29,5,T,0.2,1
1965-01-12,39,7,0.00,0.0,T
1965-01-13,37,19,T,T,T
1965-01-14,32,6,0.01,0.2,T
1965-01-15,6,-8,0.00,0.0,T
1965-01-16,7,-2,0.05,0.6,1
1965-01-17,12,-5,0.00,0.0,1
1965-01-18,21,1,T,T,1
1965-01-19,24,3,0.00,0.0,1
1965-01-20,37,14,0.06,1.0,1
1965-01-21,33,9,T,T,1
1965-01-22,50,1,0.00,0.0,T
1965-01-23,43,11,0.52,5.5,5
1965-01-24,26,11,0.69,4.0,8
1965-01-25,35,23,0.17,2.0,8
1965-01-26,36,8,0.02,0.0,7
1965-01-27,42,25,T,T,7
1965-01-28,34,5,0.02,0.5,7
1965-01-29,23,-11,T,T,7
1965-01-30,15,-18,0.00,0.0,7
1965-01-31,24,-19,0.00,0.0,7
1965-02-01,24,4,0.04,0.7,7
1965-02-02,28,11,T,T,7
1965-02-03,21,-7,0.00,0.0,7
1965-02-04,19,-8,0.00,0.0,7
1965-02-05,14,-13,T,T,7
1965-02-06,35,14,0.02,1.0,7
1965-02-07,42,27,0.12,0.0,5
1965-02-08,51,36,0.43,0.0,2
1965-02-09,45,25,0.00,0.0,T
1965-02-10,33,26,0.29,0.5,1
1965-02-11,44,30,0.00,0.0,T
1965-02-12,39,25,0.04,0.0,T
1965-02-13,39,23,0.00,0.0,T
1965-02-14,27,15,0.00,0.0,T
1965-02-15,39,13,0.00,0.0,T
1965-02-16,45,11,0.00,0.0,T
1965-02-17,37,14,0.00,0.0,T
1965-02-18,39,23,0.01,0.3,T
1965-02-19,28,9,T,T,T
1965-02-20,21,2,0.00,0.0,T
1965-02-21,44,14,0.00,0.0,T
1965-02-22,35,13,T,0.2,T
1965-02-23,24,8,0.00,0.0,T
1965-02-24,33,5,0.00,0.0,T
1965-02-25,49,24,1.12,0.5,T
1965-02-26,48,21,T,T,T
1965-02-27,33,14,T,0.2,T
1965-02-28,36,25,0.00,0.0,T
1965-03-01,39,21,0.00,0.0,0
1965-03-02,47,20,0.00,0.0,0
1965-03-03,51,24,0.00,0.0,0
1965-03-04,56,23,0.00,0.0,0
1965-03-05,51,26,T,0.0,0
1965-03-06,41,32,0.77,2.0,1
1965-03-07,48,34,0.00,0.0,0
1965-03-08,49,37,0.00,0.0,0
1965-03-09,48,27,0.00,0.0,0
1965-03-10,45,25,T,T,0
1965-03-11,34,22,0.02,0.0,0
1965-03-12,35,16,0.00,0.0,0
1965-03-13,41,16,0.00,0.0,0
1965-03-14,43,24,0.00,0.0,0
1965-03-15,41,28,0.02,0.5,0
1965-03-16,43,26,T,T,T
1965-03-17,42,26,T,T,0
1965-03-18,39,31,0.22,3.0,T
1965-03-19,42,28,T,T,0
1965-03-20,33,18,0.11,1.0,1
1965-03-21,28,13,0.00,0.0,T
1965-03-22,38,4,0.03,0.7,T
1965-03-23,42,27,0.26,1.8,2
1965-03-24,38,25,0.01,0.2,1
1965-03-25,37,30,0.00,0.0,T
1965-03-26,40,31,0.02,0.0,0
1965-03-27,40,30,0.00,0.0,0
1965-03-28,49,20,0.00,0.0,0
1965-03-29,41,22,0.31,3.0,3
1965-03-30,34,24,0.00,0.0,1
1965-03-31,32,23,0.00,0.0,T
1965-04-01,42,15,0.00,0.0,T
1965-04-02,45,24,0.00,0.0,0
1965-04-03,42,25,0.00,0.0,0
1965-04-04,48,27,0.00,0.0,0
1965-04-05,52,30,0.00,0.0,0
1965-04-06,61,24,0.00,0.0,0
1965-04-07,52,35,0.19,0.0,0
1965-04-08,49,29,T,0.0,0
1965-04-09,52,29,0.00,0.0,0
1965-04-10,58,41,0.00,0.0,0
1965-04-11,60,28,0.00,0.0,0
1965-04-12,67,40,0.23,0.0,0
1965-04-13,54,39,T,0.0,0
1965-04-14,58,33,0.00,0.0,0
1965-04-15,54,26,0.06,0.0,0
1965-04-16,54,43,0.03,0.0,0
1965-04-17,51,35,0.14,0.0,0
1965-04-18,42,32,0.63,3.5,3
1965-04-19,48,32,0.01,0.0,0
1965-04-20,63,24,0.00,0.0,0
1965-04-21,66,30,0.00,0.0,0
1965-04-22,59,47,0.02,0.0,0
1965-04-23,M,28,T,T,0
1965-04-24,48,29,0.00,0.0,0
1965-04-25,59,20,0.00,0.0,0
1965-04-26,56,37,0.58,0.0,0
1965-04-27,50,44,0.03,0.0,0
1965-04-28,62,40,T,0.0,0
1965-04-29,66,35,0.00,0.0,0
1965-04-30,75,34,0.00,0.0,0
1965-05-01,71,38,0.00,0.0,0
1965-05-02,73,35,0.00,0.0,0
1965-05-03,84,38,0.00,0.0,0
1965-05-04,76,48,T,0.0,0
1965-05-05,69,37,0.02,0.0,0
1965-05-06,69,30,0.00,0.0,0
1965-05-07,58,44,0.12,0.0,0
1965-05-08,69,44,0.00,0.0,0
1965-05-09,86,40,0.00,0.0,0
1965-05-10,88,56,0.11,0.0,0
1965-05-11,78,58,T,0.0,0
1965-05-12,76,50,0.00,0.0,0
1965-05-13,69,35,0.00,0.0,0
1965-05-14,70,34,0.00,0.0,0
1965-05-15,78,36,0.00,0.0,0
1965-05-16,86,41,0.00,0.0,0
1965-05-17,78,62,0.42,0.0,0
1965-05-18,65,51,0.00,0.0,0
1965-05-19,74,44,T,0.0,0
1965-05-20,75,44,0.00,0.0,0
1965-05-21,73,38,0.00,0.0,0
1965-05-22,78,45,0.03,0.0,0
1965-05-23,73,48,0.00,0.0,0
1965-05-24,72,38,0.00,0.0,0
1965-05-25,83,41,0.00,0.0,0
1965-05-26,88,61,0.00,0.0,0
1965-05-27,84,63,0.29,0.0,0
1965-05-28,78,58,0.13,0.0,0
1965-05-29,67,48,T,0.0,0
1965-05-30,63,36,0.00,0.0,0
1965-05-31,73,31,T,0.0,0
1965-06-01,70,35,T,0.0,0
1965-06-02,61,52,1.17,0.0,0
1965-06-03,65,41,T,0.0,0
1965-06-04,73,38,0.00,0.0,0
1965-06-05,78,41,0.00,0.0,0
1965-06-06,85,49,0.00,0.0,0
1965-06-07,89,51,T,0.0,0
1965-06-08,86,60,0.00,0.0,0
1965-06-09,87,63,T,0.0,0
1965-06-10,83,58,T,0.0,0
1965-06-11,77,46,0.00,0.0,0
1965-06-12,83,43,0.00,0.0,0
1965-06-13,69,49,0.11,0.0,0
1965-06-14,57,51,0.16,0.0,0
1965-06-15,61,47,0.00,0.0,0
1965-06-16,72,42,0.00,0.0,0
1965-06-17,72,40,0.00,0.0,0
1965-06-18,69,50,T,0.0,0
1965-06-19,81,47,0.01,0.0,0
1965-06-20,86,49,0.00,0.0,0
1965-06-21,91,53,0.00,0.0,0
1965-06-22,85,59,0.00,0.0,0
1965-06-23,94,53,0.28,0.0,0
1965-06-24,78,62,0.00,0.0,0
1965-06-25,74,58,0.00,0.0,0
1965-06-26,76,41,0.00,0.0,0
1965-06-27,85,42,0.00,0.0,0
1965-06-28,93,45,0.00,0.0,0
1965-06-29,90,65,0.00,0.0,0
1965-06-30,81,59,0.02,0.0,0
1965-07-01,80,49,T,0.0,0
1965-07-02,86,44,0.00,0.0,0
1965-07-03,81,59,0.33,0.0,0
1965-07-04,84,53,0.00,0.0,0
1965-07-05,81,59,0.00,0.0,0
1965-07-06,74,56,0.13,0.0,0
1965-07-07,71,41,0.00,0.0,0
1965-07-08,86,58,0.04,0.0,0
1965-07-09,91,53,0.00,0.0,0
1965-07-10,85,69,T,0.0,0
1965-07-11,80,47,0.00,0.0,0
1965-07-12,85,53,0.00,0.0,0
1965-07-13,92,50,0.00,0.0,0
1965-07-14,98,57,0.00,0.0,0
1965-07-15,82,62,0.21,0.0,0
1965-07-16,87,50,0.00,0.0,0
1965-07-17,85,55,0.35,0.0,0
1965-07-18,79,61,0.72,0.0,0
1965-07-19,74,53,0.00,0.0,0
1965-07-20,73,42,0.00,0.0,0
1965-07-21,78,47,0.00,0.0,0
1965-07-22,80,48,0.00,0.0,0
1965-07-23,81,62,T,0.0,0
1965-07-24,92,58,0.00,0.0,0
1965-07-25,88,66,0.00,0.0,0
1965-07-26,84,50,0.00,0.0,0
1965-07-27,83,52,0.12,0.0,0
1965-07-28,79,46,0.00,0.0,0
1965-07-29,75,46,0.00,0.0,0
1965-07-30,77,48,0.00,0.0,0
1965-07-31,82,52,0.00,0.0,0
1965-08-01,78,58,T,0.0,0
1965-08-02,72,62,0.05,0.0,0
1965-08-03,70,55,0.07,0.0,0
1965-08-04,81,40,0.00,0.0,0
1965-08-05,84,58,0.00,0.0,0
1965-08-06,93,49,0.00,0.0,0
1965-08-07,95,64,0.00,0.0,0
1965-08-08,90,62,1.83,0.0,0
1965-08-09,78,69,0.36,0.0,0
1965-08-10,86,68,0.00,0.0,0
1965-08-11,80,59,0.00,0.0,0
1965-08-12,86,48,0.00,0.0,0
1965-08-13,84,58,0.53,0.0,0
1965-08-14,83,62,0.00,0.0,0
1965-08-15,89,57,0.00,0.0,0
1965-08-16,91,61,0.00,0.0,0
1965-08-17,86,57,0.00,0.0,0
1965-08-18,82,69,0.27,0.0,0
1965-08-19,81,69,0.05,0.0,0
1965-08-20,76,57,0.00,0.0,0
1965-08-21,77,47,0.00,0.0,0
1965-08-22,69,57,0.26,0.0,0
1965-08-23,75,55,0.00,0.0,0
1965-08-24,77,48,0.00,0.0,0
1965-08-25,78,47,0.00,0.0,0
1965-08-26,70,58,0.21,0.0,0
1965-08-27,85,63,0.00,0.0,0
1965-08-28,83,61,0.36,0.0,0
1965-08-29,61,42,T,0.0,0
1965-08-30,64,34,0.00,0.0,0
1965-08-31,61,35,T,0.0,0
1965-09-01,71,55,0.63,0.0,0
1965-09-02,72,51,0.07,0.0,0
1965-09-03,73,42,0.00,0.0,0
1965-09-04,73,43,0.00,0.0,0
1965-09-05,71,40,0.00,0.0,0
1965-09-06,78,42,0.00,0.0,0
1965-09-07,79,42,0.00,0.0,0
1965-09-08,71,56,0.02,0.0,0
1965-09-09,73,47,0.00,0.0,0
1965-09-10,92,59,T,0.0,0
1965-09-11,77,58,T,0.0,0
1965-09-12,60,46,0.11,0.0,0
1965-09-13,56,50,0.64,0.0,0
1965-09-14,68,52,0.17,0.0,0
1965-09-15,69,50,T,0.0,0
1965-09-16,71,53,0.00,0.0,0
1965-09-17,69,47,T,0.0,0
1965-09-18,79,54,0.26,0.0,0
1965-09-19,69,61,0.75,0.0,0
1965-09-20,79,55,T,0.0,0
1965-09-21,85,61,0.00,0.0,0
1965-09-22,87,63,0.00,0.0,0
1965-09-23,86,62,0.00,0.0,0
1965-09-24,73,57,1.35,0.0,0
1965-09-25,65,52,0.49,0.0,0
1965-09-26,67,35,0.00,0.0,0
1965-09-27,59,39,0.00,0.0,0
1965-09-28,58,27,0.00,0.0,0
1965-09-29,60,42,0.02,0.0,0
1965-09-30,59,50,0.00,0.0,0
1965-10-01,65,54,0.20,0.0,0
1965-10-02,63,47,0.03,0.0,0
1965-10-03,66,33,T,0.0,0
1965-10-04,49,36,T,T,0
1965-10-05,43,30,0.00,0.0,0
1965-10-06,53,28,0.00,0.0,0
1965-10-07,59,27,0.07,0.0,0
1965-10-08,69,48,1.94,0.0,0
1965-10-09,65,35,T,0.0,0
1965-10-10,59,40,T,0.0,0
1965-10-11,60,35,0.00,0.0,0
1965-10-12,65,44,0.27,0.0,0
1965-10-13,56,30,0.00,0.0,0
1965-10-14,63,35,0.00,0.0,0
1965-10-15,71,43,0.02,0.0,0
1965-10-16,68,41,0.00,0.0,0
1965-10-17,59,30,0.00,0.0,0
1965-10-18,64,24,0.00,0.0,0
1965-10-19,74,35,0.00,0.0,0
1965-10-20,76,40,0.00,0.0,0
1965-10-21,68,38,0.00,0.0,0
1965-10-22,60,48,0.04,0.0,0
1965-10-23,67,50,0.22,0.0,0
1965-10-24,54,41,T,0.0,0
1965-10-25,49,29,T,T,0
1965-10-26,57,29,0.00,0.0,0
1965-10-27,50,34,T,0.0,0
1965-10-28,44,28,T,T,0
1965-10-29,41,23,0.00,0.0,0
1965-10-30,62,19,0.00,0.0,0
1965-10-31,74,34,0.05,0.0,0
1965-11-01,59,30,T,T,0
1965-11-02,39,19,0.00,0.0,0
1965-11-03,54,18,0.00,0.0,0
1965-11-04,63,32,0.00,0.0,0
1965-11-05,42,21,0.00,0.0,0
1965-11-06,59,20,0.00,0.0,0
1965-11-07,54,43,0.07,0.0,0
1965-11-08,50,30,T,0.0,0
1965-11-09,49,35,0.20,0.0,0
1965-11-10,41,19,0.00,0.0,0
1965-11-11,37,23,0.00,0.0,0
1965-11-12,46,30,T,0.0,0
1965-11-13,49,41,0.10,0.0,0
1965-11-14,47,32,T,0.0,0
1965-11-15,40,25,0.00,0.0,0
1965-11-16,46,33,0.09,0.0,0
1965-11-17,48,29,0.02,0.2,T
1965-11-18,39,27,T,T,0
1965-11-19,43,35,0.00,0.0,0
1965-11-20,43,27,0.00,0.0,0
1965-11-21,49,32,T,0.0,0
1965-11-22,42,39,0.31,0.0,0
1965-11-23,41,35,0.17,0.0,0
1965-11-24,44,29,0.00,0.0,0
1965-11-25,40,18,0.00,0.0,0
1965-11-26,48,35,0.00,0.0,0
1965-11-27,55,35,0.34,0.0,0
1965-11-28,47,28,T,T,0
1965-11-29,39,26,T,0.2,0
1965-11-30,35,14,0.04,1.5,T
1965-12-01,42,13,0.00,0.0,T
1965-12-02,39,16,0.00,0.0,T
1965-12-03,41,24,T,0.0,0
1965-12-04,47,32,0.03,0.0,0
1965-12-05,42,31,T,T,0
1965-12-06,44,29,T,0.1,T
1965-12-07,31,21,0.00,0.0,0
1965-12-08,32,13,0.00,0.0,0
1965-12-09,39,26,0.00,0.0,0
1965-12-10,46,28,0.00,0.0,0
1965-12-11,32,25,0.09,0.5,T
1965-12-12,30,27,0.32,1.0,1
1965-12-13,37,30,0.25,0.0,1
1965-12-14,38,33,0.02,0.0,T
1965-12-15,40,33,T,0.0,0
1965-12-16,41,29,T,0.0,0
1965-12-17,39,29,0.02,0.5,0
1965-12-18,38,28,0.00,0.0,0
1965-12-19,33,21,0.00,0.0,0
1965-12-20,26,10,0.00,0.0,0
1965-12-21,32,7,0.00,0.0,0
1965-12-22,37,18,0.00,0.0,0
1965-12-23,44,23,0.00,0.0,0
1965-12-24,52,30,0.01,0.0,0
1965-12-25,45,30,0.37,0.0,0
1965-12-26,43,14,0.12,0.2,T
1965-12-27,23,7,0.00,0.0,T
1965-12-28,35,11,0.00,0.0,0
1965-12-29,38,18,0.00,0.0,0
1965-12-30,47,22,0.00,0.0,0
1965-12-31,63,30,0.00,0.0,0
1966-01-01,63,41,T,0.0,0
1966-01-02,44,23,0.38,2.0,2
1966-01-03,44,26,0.20,0.5,2
1966-01-04,37,20,0.00,0.0,1
1966-01-05,41,10,T,T,1
1966-01-06,34,28,0.48,0.5,1
1966-01-07,36,30,0.03,0.5,2
1966-01-08,32,10,0.02,0.5,2
1966-01-09,20,4,0.00,0.0,2
1966-01-10,40,10,0.00,0.0,1
1966-01-11,41,16,T,T,1
1966-01-12,16,3,0.00,0.0,1
1966-01-13,14,-3,0.00,0.0,1
1966-01-14,32,14,T,0.1,1
1966-01-15,32,15,0.00,0.0,1
1966-01-16,16,1,0.00,0.0,1
1966-01-17,31,11,0.00,0.0,1
1966-01-18,32,26,T,T,1
1966-01-19,28,22,0.01,0.2,1
1966-01-20,39,24,T,T,1
1966-01-21,37,27,T,T,1
1966-01-22,34,18,0.00,0.0,1
1966-01-23,32,25,1.01,8.8,10
1966-01-24,32,22,0.06,1.0,9
1966-01-25,28,8,0.00,0.0,8
1966-01-26,17,-5,0.00,0.0,8
1966-01-27,32,11,0.03,1.0,8
1966-01-28,23,1,T,T,7
1966-01-29,19,6,0.00,0.0,7
1966-01-30,21,10,0.80,9.8,16
1966-01-31,25,13,T,T,12
1966-02-01,32,20,0.00,0.0,12
1966-02-02,31,12,T,T,11
1966-02-03,35,21,0.04,1.0,11
1966-02-04,31,14,T,T,10
1966-02-05,31,7,0.00,0.0,10
1966-02-06,26,10,0.00,0.0,10
1966-02-07,24,-9,0.00,0.0,10
1966-02-08,36,-7,0.00,0.0,10
1966-02-09,32,3,0.00,0.0,10
1966-02-10,50,11,0.00,0.0,8
1966-02-11,57,40,T,0.0,5
1966-02-12,M,M,S,S,M
1966-02-13,37,26,0.83A,1.5A,5
1966-02-14,44,32,0.07,0.0,4
1966-02-15,37,25,0.04,1.0,4
1966-02-16,33,18,0.05,0.2,4
1966-02-17,34,21,0.02,0.5,4
1966-02-18,31,6,0.00,0.0,4
1966-02-19,25,9,0.01,0.2,4
1966-02-20,17,-4,T,T,4
1966-02-21,24,8,0.00,0.0,4
1966-02-22,32,20,0.00,0.0,4
1966-02-23,37,21,0.00,0.0,2
1966-02-24,34,16,0.00,0.0,2
1966-02-25,35,27,1.37,14.0,14
1966-02-26,40,27,0.00,0.0,13
1966-02-27,47,21,0.00,0.0,9
1966-02-28,41,23,T,0.0,8
1966-03-01,48,34,0.65,0.0,4
1966-03-02,48,34,T,0.0,2
1966-03-03,52,28,0.00,0.0,T
1966-03-04,42,24,0.09,0.0,T
1966-03-05,45,35,0.32,0.0,T
1966-03-06,41,29,0.17,T,T
1966-03-07,35,27,T,T,T
1966-03-08,32,19,0.00,0.0,T
1966-03-09,40,10,0.00,0.0,T
1966-03-10,54,10,0.00,0.0,T
1966-03-11,42,29,T,T,T
1966-03-12,33,24,0.17,1.2,1
1966-03-13,35,30,0.13,0.5,1
1966-03-14,44,20,0.00,0.0,T
1966-03-15,38,21,0.00,0.0,T
1966-03-16,41,18,0.00,0.0,T
1966-03-17,50,12,0.00,0.0,T
1966-03-18,67,24,0.00,0.0,T
1966-03-19,59,35,T,0.0,0
1966-03-20,48,37,0.21,0.0,0
1966-03-21,50,35,0.00,0.0,0
1966-03-22,48,25,T,0.0,0
1966-03-23,50,36,0.00,0.0,0
1966-03-24,50,42,T,0.0,0
1966-03-25,54,28,0.57,T,0
1966-03-26,42,26,T,0.0,0
1966-03-27,37,18,T,T,0
1966-03-28,30,16,T,T,0
1966-03-29,41,12,0.00,0.0,0
1966-03-30,43,29,0.03,T,0
1966-03-31,44,26,T,T,0
1966-04-01,44,21,T,T,0
1966-04-02,44,32,0.02,0.0,0
1966-04-03,47,32,T,T,0
1966-04-04,48,28,0.00,0.0,0
1966-04-05,49,25,T,T,0
1966-04-06,51,24,T,0.0,0
1966-04-07,53,30,T,0.0,0
1966-04-08,48,34,T,T,0
1966-04-09,49,26,T,0.0,0
1966-04-10,49,28,0.00,0.0,0
1966-04-11,49,25,T,T,0
1966-04-12,55,26,0.00,0.0,0
1966-04-13,48,33,0.00,0.0,0
1966-04-14,57,36,0.00,0.0,0
1966-04-15,60,30,0.00,0.0,0
1966-04-16,60,36,0.00,0.0,0
1966-04-17,64,26,0.00,0.0,0
1966-04-18,63,29,0.00,0.0,0
1966-04-19,59,26,0.00,0.0,0
1966-04-20,52,38,0.32,0.0,0
1966-04-21,65,40,T,0.0,0
1966-04-22,66,43,0.00,0.0,0
1966-04-23,65,32,0.00,0.0,0
1966-04-24,56,41,0.35,0.0,0
1966-04-25,60,48,0.12,0.0,0
1966-04-26,58,32,0.00,0.0,0
1966-04-27,46,30,0.00,0.0,0
1966-04-28,44,33,0.05,T,0
1966-04-29,63,34,0.00,0.0,0
1966-04-30,59,30,T,0.0,0
1966-05-01,60,43,0.24,0.0,0
1966-05-02,54,34,0.00,0.0,0
1966-05-03,65,25,0.02,0.0,0
1966-05-04,50,34,T,0.0,0
1966-05-05,69,27,0.00,0.0,0
1966-05-06,68,47,0.03,0.0,0
1966-05-07,55,30,T,0.0,0
1966-05-08,52,38,0.18,0.0,0
1966-05-09,48,34,0.26,T,0
1966-05-10,44,28,0.02,T,0
1966-05-11,53,26,0.00,0.0,0
1966-05-12,50,37,0.13,0.0,0
1966-05-13,51,43,0.11,0.0,0
1966-05-14,67,33,0.00,0.0,0
1966-05-15,76,33,0.00,0.0,0
1966-05-16,74,38,T,0.0,0
1966-05-17,74,46,0.00,0.0,0
1966-05-18,62,39,0.02,0.0,0
1966-05-19,65,53,0.04,0.0,0
1966-05-20,77,49,0.00,0.0,0
1966-05-21,75,48,0.00,0.0,0
1966-05-22,76,52,0.19,0.0,0
1966-05-23,78,41,0.00,0.0,0
1966-05-24,80,42,0.00,0.0,0
1966-05-25,M,M,0.00,0.0,0
1966-05-26,76,48,0.00,0.0,0
1966-05-27,80,42,0.00,0.0,0
1966-05-28,78,58,0.56,0.0,0
1966-05-29,65,56,0.25,0.0,0
1966-05-30,63,43,0.00,0.0,0
1966-05-31,66,35,0.00,0.0,0
1966-06-01,60,35,T,0.0,0
1966-06-02,68,40,0.00,0.0,0
1966-06-03,76,36,0.00,0.0,0
1966-06-04,88,56,0.00,0.0,0
1966-06-05,88,56,T,0.0,0
1966-06-06,79,58,0.16,0.0,0
1966-06-07,77,58,T,0.0,0
1966-06-08,83,51,0.00,0.0,0
1966-06-09,75,51,0.00,0.0,0
1966-06-10,67,57,1.47,0.0,0
1966-06-11,67,57,0.00,0.0,0
1966-06-12,71,36,0.00,0.0,0
1966-06-13,79,46,0.00,0.0,0
1966-06-14,85,53,0.10,0.0,0
1966-06-15,79,48,T,0.0,0
1966-06-16,70,49,0.11,0.0,0
1966-06-17,76,49,0.00,0.0,0
1966-06-18,76,45,0.00,0.0,0
1966-06-19,79,51,0.00,0.0,0
1966-06-20,86,43,0.00,0.0,0
1966-06-21,83,56,0.00,0.0,0
1966-06-22,79,49,0.00,0.0,0
1966-06-23,88,59,0.00,0.0,0
1966-06-24,89,61,0.00,0.0,0
1966-06-25,92,64,0.00,0.0,0
1966-06-26,81,60,0.00,0.0,0
1966-06-27,93,60,0.00,0.0,0
1966-06-28,88,57,T,0.0,0
1966-06-29,89,62,0.00,0.0,0
1966-06-30,85,57,0.00,0.0,0
1966-07-01,87,54,0.00,0.0,0
1966-07-02,94,54,0.00,0.0,0
1966-07-03,98,65,0.00,0.0,0
1966-07-04,94,64,0.00,0.0,0
1966-07-05,86,57,0.00,0.0,0
1966-07-06,88,64,0.00,0.0,0
1966-07-07,85,64,0.10,0.0,0
1966-07-08,86,50,0.18,0.0,0
1966-07-09,87,48,0.00,0.0,0
1966-07-10,94,54,T,0.0,0
1966-07-11,89,58,0.00,0.0,0
1966-07-12,95,58,0.00,0.0,0
1966-07-13,97,62,0.00,0.0,0
1966-07-14,87,62,0.00,0.0,0
1966-07-15,82,50,0.00,0.0,0
1966-07-16,85,47,0.00,0.0,0
1966-07-17,88,45,0.00,0.0,0
1966-07-18,94,50,0.00,0.0,0
1966-07-19,87,57,1.19,0.0,0
1966-07-20,75,48,0.06,0.0,0
1966-07-21,77,44,0.00,0.0,0
1966-07-22,85,49,0.05,0.0,0
1966-07-23,86,53,0.00,0.0,0
1966-07-24,88,51,0.00,0.0,0
1966-07-25,89,53,0.00,0.0,0
1966-07-26,86,58,0.00,0.0,0
1966-07-27,80,61,T,0.0,0
1966-07-28,74,64,0.95,0.0,0
1966-07-29,80,62,0.02,0.0,0
1966-07-30,76,51,0.00,0.0,0
1966-07-31,84,52,0.00,0.0,0
1966-08-01,87,49,0.00,0.0,0
1966-08-02,78,56,0.02,0.0,0
1966-08-03,76,48,0.14,0.0,0
1966-08-04,83,42,0.00,0.0,0
1966-08-05,84,49,0.00,0.0,0
1966-08-06,87,52,0.00,0.0,0
1966-08-07,92,58,0.00,0.0,0
1966-08-08,88,55,0.00,0.0,0
1966-08-09,84,55,0.00,0.0,0
1966-08-10,90,66,0.00,0.0,0
1966-08-11,93,56,T,0.0,0
1966-08-12,80,61,0.14,0.0,0
1966-08-13,75,53,0.00,0.0,0
1966-08-14,80,46,0.00,0.0,0
1966-08-15,71,60,0.16,0.0,0
1966-08-16,78,65,0.38,0.0,0
1966-08-17,77,60,0.07,0.0,0
1966-08-18,88,55,0.00,0.0,0
1966-08-19,87,57,0.00,0.0,0
1966-08-20,80,52,0.00,0.0,0
1966-08-21,84,47,0.00,0.0,0
1966-08-22,83,65,0.69,0.0,0
1966-08-23,82,66,0.08,0.0,0
1966-08-24,74,52,0.00,0.0,0
1966-08-25,77,46,0.00,0.0,0
1966-08-26,80,54,0.00,0.0,0
1966-08-27,86,46,0.00,0.0,0
1966-08-28,83,62,0.00,0.0,0
1966-08-29,84,51,T,0.0,0
1966-08-30,91,53,0.00,0.0,0
1966-08-31,89,58,0.00,0.0,0
1966-09-01,86,53,0.00,0.0,0
1966-09-02,90,59,0.00,0.0,0
1966-09-03,83,61,0.04,0.0,0
1966-09-04,63,57,0.93,0.0,0
1966-09-05,76,52,0.32,0.0,0
1966-09-06,76,46,0.00,0.0,0
1966-09-07,72,44,0.00,0.0,0
1966-09-08,74,50,0.00,0.0,0
1966-09-09,77,49,0.00,0.0,0
1966-09-10,78,56,0.00,0.0,0
1966-09-11,70,54,0.00,0.0,0
1966-09-12,72,39,0.00,0.0,0
1966-09-13,74,46,0.00,0.0,0
1966-09-14,62,49,0.33,0.0,0
1966-09-15,68,51,0.13,0.0,0
1966-09-16,64,38,0.00,0.0,0
1966-09-17,74,36,0.00,0.0,0
1966-09-18,75,43,0.00,0.0,0
1966-09-19,73,42,0.00,0.0,0
1966-09-20,63,50,0.28,0.0,0
1966-09-21,54,44,1.33,0.0,0
1966-09-22,59,49,1.16,0.0,0
1966-09-23,61,47,0.10,0.0,0
1966-09-24,56,44,0.01,0.0,0
1966-09-25,60,36,0.00,0.0,0
1966-09-26,62,30,0.00,0.0,0
1966-09-27,61,32,0.00,0.0,0
1966-09-28,62,49,0.00,0.0,0
1966-09-29,62,46,T,0.0,0
1966-09-30,65,52,0.02,0.0,0
1966-10-01,55,41,1.31,0.0,0
1966-10-02,60,34,0.16,0.0,0
1966-10-03,62,32,0.00,0.0,0
1966-10-04,73,37,0.00,0.0,0
1966-10-05,69,44,T,0.0,0
1966-10-06,55,41,0.00,0.0,0
1966-10-07,70,32,0.00,0.0,0
1966-10-08,73,34,0.00,0.0,0
1966-10-09,74,35,0.00,0.0,0
1966-10-10,65,43,0.10,0.0,0
1966-10-11,63,28,T,0.0,0
1966-10-12,50,35,T,0.0,0
1966-10-13,57,33,0.00,0.0,0
1966-10-14,64,36,0.00,0.0,0
1966-10-15,63,46,0.00,0.0,0
1966-10-16,61,36,0.09,0.0,0
1966-10-17,52,40,T,0.0,0
1966-10-18,52,38,0.00,0.0,0
1966-10-19,51,40,0.52,0.0,0
1966-10-20,50,41,0.12,0.0,0
1966-10-21,60,31,0.00,0.0,0
1966-10-22,64,26,0.00,0.0,0
1966-10-23,60,39,0.00,0.0,0
1966-10-24,61,30,0.00,0.0,0
1966-10-25,63,28,0.00,0.0,0
1966-10-26,57,30,0.00,0.0,0
1966-10-27,59,24,0.00,0.0,0
1966-10-28,65,25,0.00,0.0,0
1966-10-29,63,30,T,0.0,0
1966-10-30,45,27,0.00,0.0,0
1966-10-31,55,17,0.00,0.0,0
1966-11-01,65,35,0.00,0.0,0
1966-11-02,61,42,0.33,0.0,0
1966-11-03,64,43,1.88,0.0,0
1966-11-04,44,29,0.00,0.0,0
1966-11-05,49,25,0.00,0.0,0
1966-11-06,45,32,0.35,0.5,0
1966-11-07,45,30,0.00,0.0,0
1966-11-08,56,38,T,0.0,0
1966-11-09,55,46,0.03,0.0,0
1966-11-10,67,43,T,0.0,0
1966-11-11,69,45,0.14,0.0,0
1966-11-12,52,42,0.00,0.0,0
1966-11-13,45,30,0.00,0.0,0
1966-11-14,44,17,0.00,0.0,0
1966-11-15,42,29,0.00,0.0,0
1966-11-16,43,21,0.00,0.0,0
1966-11-17,55,35,T,0.0,0
1966-11-18,61,44,0.16,0.0,0
1966-11-19,61,30,T,0.0,0
1966-11-20,41,17,0.00,0.0,0
1966-11-21,45,14,0.00,0.0,0
1966-11-22,45,14,0.00,0.0,0
1966-11-23,48,13,0.00,0.0,0
1966-11-24,57,21,0.00,0.0,0
1966-11-25,60,35,0.00,0.0,0
1966-11-26,53,43,0.01,0.0,0
1966-11-27,45,29,0.02,0.0,0
1966-11-28,53,38,0.02,0.0,0
1966-11-29,54,36,0.68,0.0,0
1966-11-30,38,32,0.18,T,0
1966-12-01,43,32,0.00,0.0,0
1966-12-02,38,12,0.04,1.5,1
1966-12-03,21,8,T,T,T
1966-12-04,25,1,0.00,0.0,T
1966-12-05,31,4,0.00,0.0,T
1966-12-06,38,26,0.04,0.2,0
1966-12-07,42,24,0.02,0.0,0
1966-12-08,54,37,T,0.0,0
1966-12-09,59,36,0.00,0.0,0
1966-12-10,60,38,0.00,0.0,0
1966-12-11,64,35,0.16,0.0,0
1966-12-12,36,28,0.00,0.0,0
1966-12-13,30,15,0.00,0.0,0
1966-12-14,34,27,0.44,5.5,5
1966-12-15,33,25,0.00,0.0,4
1966-12-16,33,6,0.00,0.0,4
1966-12-17,42,12,0.00,0.0,3
1966-12-18,52,23,T,0.0,1
1966-12-19,42,14,0.00,0.0,T
1966-12-20,26,5,0.16,1.0,1
1966-12-21,32,23,T,T,1
1966-12-22,32,24,0.00,0.0,1
1966-12-23,27,14,0.00,0.0,1
1966-12-24,26,4,0.32,6.5,7
1966-12-25,25,12,0.68,10.0,15
1966-12-26,29,20,T,T,13
1966-12-27,29,20,T,T,11
1966-12-28,27,8,0.00,0.0,10
1966-12-29,38,17,0.57,4.0,12
1966-12-30,31,25,T,T,12
1966-12-31,27,2,0.00,0.0,12
1967-01-01,33,5,T,T,12
1967-01-02,39,25,T,T,10
1967-01-03,37,24,T,T,9
1967-01-04,37,23,0.02,T,8
1967-01-05,34,30,0.01,T,8
1967-01-06,31,16,0.00,0.0,8
1967-01-07,38,3,0.03,T,7
1967-01-08,41,32,T,0.0,6
1967-01-09,38,18,0.00,0.0,6
1967-01-10,32,10,0.00,0.0,6
1967-01-11,36,7,T,T,6
1967-01-12,27,13,0.05,1.5,7
1967-01-13,36,19,0.00,0.0,7
1967-01-14,35,16,T,0.0,7
1967-01-15,45,27,T,T,6
1967-01-16,34,14,T,T,6
1967-01-17,40,8,T,T,6
1967-01-18,31,5,T,T,6
1967-01-19,18,-5,0.00,0.0,6
1967-01-20,29,-3,0.00,0.0,6
1967-01-21,42,8,0.00,0.0,5
1967-01-22,47,30,0.00,0.0,4
1967-01-23,62,28,T,0.0,2
1967-01-24,61,37,0.00,0.0,T
1967-01-25,50,33,0.00,0.0,T
1967-01-26,46,30,T,0.0,T
1967-01-27,36,29,0.67,1.7,2
1967-01-28,33,28,0.36,1.0,2
1967-01-29,28,15,0.02,0.5,2
1967-01-30,21,12,0.00,0.0,2
1967-01-31,29,7,0.00,0.0,2
1967-02-01,39,25,0.01,0.5,2
1967-02-02,37,30,0.54,0.2,2
1967-02-03,32,11,0.07,0.3,2
1967-02-04,35,3,0.01,T,2
1967-02-05,41,26,0.01,0.1,2
1967-02-06,28,7,0.01,0.3,2
1967-02-07,11,3,0.23,3.8,5
1967-02-08,16,-22,0.00,0.0,5
1967-02-09,35,-8,0.00,0.0,4
1967-02-10,36,13,0.00,0.0,4
1967-02-11,44,26,T,T,2
1967-02-12,27,2,0.00,0.0,2
1967-02-13,15,-9,0.00,0.0,2
1967-02-14,37,1,T,0.1,2
1967-02-15,57,20,0.00,0.0,T
1967-02-16,53,19,T,T,T
1967-02-17,25,14,0.00,0.0,T
1967-02-18,22,10,T,T,T
1967-02-19,20,8,0.01,0.2,T
1967-02-20,32,8,0.14,2.5,2
1967-02-21,31,20,0.01,0.5,2
1967-02-22,32,4,0.00,0.0,2
1967-02-23,33,24,0.23,4.5,4
1967-02-24,25,13,0.00,0.0,2
1967-02-25,19,10,T,T,2
1967-02-26,23,10,0.00,0.0,1
1967-02-27,31,-0,0.00,0.0,T
1967-02-28,39,26,0.03,1.0,T
1967-03-01,30,9,0.00,0.0,T
1967-03-02,31,3,0.00,0.0,T
1967-03-03,46,22,0.03,0.0,T
1967-03-04,41,28,0.00,0.0,T
1967-03-05,29,21,0.25,1.5,2
1967-03-06,33,28,0.20,0.5,2
1967-03-07,31,24,1.20,13.0,13
1967-03-08,30,2,T,T,12
1967-03-09,40,21,0.04,1.0,9
1967-03-10,63,11,0.00,0.0,6
1967-03-11,62,25,0.00,0.0,2
1967-03-12,48,27,0.00,0.0,T
1967-03-13,40,24,T,0.0,T
1967-03-14,47,32,0.00,0.0,T
1967-03-15,36,29,0.37,3.8,4
1967-03-16,29,16,0.23,3.0,5
1967-03-17,22,8,T,T,4
1967-03-18,13,-0,0.00,0.0,4
1967-03-19,24,-3,0.00,0.0,4
1967-03-20,41,-4,0.00,0.0,2
1967-03-21,32,12,0.01,0.3,2
1967-03-22,36,26,0.37,6.0,5
1967-03-23,36,23,0.02,0.5,3
1967-03-24,39,14,T,0.0,2
1967-03-25,48,27,0.00,0.0,T
1967-03-26,49,21,0.00,0.0,T
1967-03-27,49,23,0.00,0.0,T
1967-03-28,41,33,T,0.0,T
1967-03-29,51,34,0.35,0.0,0
1967-03-30,51,23,0.00,0.0,0
1967-03-31,59,24,0.00,0.0,0
1967-04-01,70,28,0.00,0.0,0
1967-04-02,72,45,T,0.0,0
1967-04-03,63,40,T,0.0,0
1967-04-04,47,23,T,T,0
1967-04-05,66,25,T,0.0,0
1967-04-06,57,35,0.46,0.0,0
1967-04-07,39,32,0.56,1.0,T
1967-04-08,51,32,0.01,0.0,0
1967-04-09,59,23,0.00,0.0,0
1967-04-10,62,41,0.08,0.0,0
1967-04-11,41,23,0.00,0.0,0
1967-04-12,46,23,0.00,0.0,0
1967-04-13,60,17,0.00,0.0,0
1967-04-14,59,32,T,0.0,0
1967-04-15,60,42,0.20,0.0,0
1967-04-16,66,40,0.22,0.0,0
1967-04-17,58,38,0.18,0.0,0
1967-04-18,47,36,0.21,0.0,0
1967-04-19,46,36,0.04,0.0,0
1967-04-20,56,40,0.00,0.0,0
1967-04-21,60,30,0.00,0.0,0
1967-04-22,72,42,0.07,0.0,0
1967-04-23,58,42,T,0.0,0
1967-04-24,44,32,0.34,1.5,0
1967-04-25,47,31,0.01,0.0,0
1967-04-26,56,22,0.00,0.0,0
1967-04-27,58,44,0.00,0.0,0
1967-04-28,59,33,0.00,0.0,0
1967-04-29,63,32,0.00,0.0,0
1967-04-30,67,30,0.00,0.0,0
1967-05-01,77,33,0.00,0.0,0
1967-05-02,72,44,0.02,0.0,0
1967-05-03,53,30,0.46,0.0,0
1967-05-04,61,27,0.00,0.0,0
1967-05-05,59,33,T,0.0,0
1967-05-06,53,37,0.05,0.0,0
1967-05-07,46,26,0.44,T,T
1967-05-08,52,32,0.24,0.0,0
1967-05-09,51,34,T,0.0,0
1967-05-10,51,40,0.00,0.0,0
1967-05-11,52,30,0.25,0.0,0
1967-05-12,56,41,0.16,0.0,0
1967-05-13,66,30,0.00,0.0,0
1967-05-14,63,31,0.00,0.0,0
1967-05-15,61,44,0.45,0.0,0
1967-05-16,58,40,T,0.0,0
1967-05-17,68,30,0.00,0.0,0
1967-05-18,72,36,0.00,0.0,0
1967-05-19,81,48,0.23,0.0,0
1967-05-20,M,M,0.06,0.0,0
1967-05-21,61,36,T,0.0,0
1967-05-22,62,31,T,0.0,0
1967-05-23,62,36,0.00,0.0,0
1967-05-24,59,36,0.00,0.0,0
1967-05-25,55,42,0.22,0.0,0
1967-05-26,54,40,0.05,0.0,0
1967-05-27,71,36,0.00,0.0,0
1967-05-28,70,48,0.00,0.0,0
1967-05-29,67,48,0.05,0.0,0
1967-05-30,66,36,0.00,0.0,0
1967-05-31,67,33,0.00,0.0,0
1967-06-01,77,40,0.00,0.0,0
1967-06-02,83,52,0.00,0.0,0
1967-06-03,80,49,0.00,0.0,0
1967-06-04,81,49,0.00,0.0,0
1967-06-05,86,47,0.00,0.0,0
1967-06-06,83,50,0.00,0.0,0
1967-06-07,86,50,0.00,0.0,0
1967-06-08,79,60,0.00,0.0,0
1967-06-09,86,55,0.00,0.0,0
1967-06-10,89,59,0.00,0.0,0
1967-06-11,87,62,0.06,0.0,0
1967-06-12,89,62,0.32,0.0,0
1967-06-13,77,62,T,0.0,0
1967-06-14,73,54,T,0.0,0
1967-06-15,85,52,0.00,0.0,0
1967-06-16,90,58,0.06,0.0,0
1967-06-17,89,62,0.03,0.0,0
1967-06-18,84,62,0.49,0.0,0
1967-06-19,78,58,0.41,0.0,0
1967-06-20,71,48,0.00,0.0,0
1967-06-21,80,62,0.00,0.0,0
1967-06-22,78,53,0.11,0.0,0
1967-06-23,83,65,0.44,0.0,0
1967-06-24,87,54,0.00,0.0,0
1967-06-25,86,60,0.45,0.0,0
1967-06-26,76,55,0.00,0.0,0
1967-06-27,80,44,0.00,0.0,0
1967-06-28,80,51,0.00,0.0,0
1967-06-29,74,50,0.00,0.0,0
1967-06-30,67,56,0.43,0.0,0
1967-07-01,82,58,0.00,0.0,0
1967-07-02,83,65,0.00,0.0,0
1967-07-03,81,60,0.32,0.0,0
1967-07-04,77,50,0.00,0.0,0
1967-07-05,70,57,0.00,0.0,0
1967-07-06,75,46,0.00,0.0,0
1967-07-07,87,45,0.00,0.0,0
1967-07-08,81,57,0.00,0.0,0
1967-07-09,82,64,T,0.0,0
1967-07-10,84,62,0.06,0.0,0
1967-07-11,82,64,0.00,0.0,0
1967-07-12,86,66,0.31,0.0,0
1967-07-13,82,59,0.00,0.0,0
1967-07-14,80,58,0.37,0.0,0
1967-07-15,70,58,T,0.0,0
1967-07-16,75,61,0.45,0.0,0
1967-07-17,80,57,0.00,0.0,0
1967-07-18,80,60,0.00,0.0,0
1967-07-19,80,60,0.00,0.0,0
1967-07-20,82,60,0.00,0.0,0
1967-07-21,79,58,T,0.0,0
1967-07-22,77,64,0.07,0.0,0
1967-07-23,84,59,0.00,0.0,0
1967-07-24,82,63,0.03,0.0,0
1967-07-25,87,57,0.11,0.0,0
1967-07-26,81,59,0.00,0.0,0
1967-07-27,84,53,0.00,0.0,0
1967-07-28,76,64,0.33,0.0,0
1967-07-29,81,57,T,0.0,0
1967-07-30,82,62,0.20,0.0,0
1967-07-31,81,55,T,0.0,0
1967-08-01,84,57,0.18,0.0,0
1967-08-02,86,54,0.00,0.0,0
1967-08-03,80,58,0.14,0.0,0
1967-08-04,83,62,0.25,0.0,0
1967-08-05,78,60,T,0.0,0
1967-08-06,77,57,0.00,0.0,0
1967-08-07,82,58,0.00,0.0,0
1967-08-08,81,58,0.00,0.0,0
1967-08-09,81,58,T,0.0,0
1967-08-10,80,64,0.03,0.0,0
1967-08-11,73,47,0.00,0.0,0
1967-08-12,72,49,0.00,0.0,0
1967-08-13,75,53,0.00,0.0,0
1967-08-14,79,54,0.00,0.0,0
1967-08-15,84,52,0.00,0.0,0
1967-08-16,84,50,0.00,0.0,0
1967-08-17,83,55,0.00,0.0,0
1967-08-18,90,55,0.00,0.0,0
1967-08-19,88,61,0.22,0.0,0
1967-08-20,77,62,0.20,0.0,0
1967-08-21,78,54,0.00,0.0,0
1967-08-22,82,52,0.05,0.0,0
1967-08-23,69,48,0.00,0.0,0
1967-08-24,70,41,0.00,0.0,0
1967-08-25,61,54,0.06,0.0,0
1967-08-26,69,57,0.04,0.0,0
1967-08-27,76,63,0.75,0.0,0
1967-08-28,78,64,0.13,0.0,0
1967-08-29,80,52,0.00,0.0,0
1967-08-30,82,51,0.00,0.0,0
1967-08-31,69,57,0.06,0.0,0
1967-09-01,70,39,0.00,0.0,0
1967-09-02,67,41,0.00,0.0,0
1967-09-03,76,40,T,0.0,0
1967-09-04,81,59,0.00,0.0,0
1967-09-05,77,53,0.00,0.0,0
1967-09-06,80,55,0.00,0.0,0
1967-09-07,78,43,0.00,0.0,0
1967-09-08,79,43,0.00,0.0,0
1967-09-09,76,53,0.00,0.0,0
1967-09-10,69,49,0.61,0.0,0
1967-09-11,67,37,0.00,0.0,0
1967-09-12,70,37,0.00,0.0,0
1967-09-13,74,36,0.00,0.0,0
1967-09-14,77,42,0.00,0.0,0
1967-09-15,81,43,0.00,0.0,0
1967-09-16,79,53,0.00,0.0,0
1967-09-17,82,53,0.00,0.0,0
1967-09-18,81,52,0.00,0.0,0
1967-09-19,80,56,0.00,0.0,0
1967-09-20,78,46,0.00,0.0,0
1967-09-21,69,60,T,0.0,0
1967-09-22,64,48,0.48,0.0,0
1967-09-23,56,37,0.00,0.0,0
1967-09-24,52,31,0.02,0.0,0
1967-09-25,58,42,0.00,0.0,0
1967-09-26,75,31,0.00,0.0,0
1967-09-27,76,39,0.00,0.0,0
1967-09-28,70,52,T,0.0,0
1967-09-29,72,64,1.72,0.0,0
1967-09-30,75,54,0.00,0.0,0
1967-10-01,58,41,T,0.0,0
1967-10-02,75,41,0.00,0.0,0
1967-10-03,78,39,0.00,0.0,0
1967-10-04,79,48,0.00,0.0,0
1967-10-05,77,50,T,0.0,0
1967-10-06,63,48,0.00,0.0,0
1967-10-07,60,36,0.00,0.0,0
1967-10-08,58,29,0.00,0.0,0
1967-10-09,68,53,T,0.0,0
1967-10-10,63,52,0.44,0.0,0
1967-10-11,57,42,0.36,0.0,0
1967-10-12,51,42,0.00,0.0,0
1967-10-13,52,41,0.00,0.0,0
1967-10-14,51,28,0.03,0.0,0
1967-10-15,62,32,0.00,0.0,0
1967-10-16,69,38,0.00,0.0,0
1967-10-17,69,50,0.00,0.0,0
1967-10-18,66,59,0.30,0.0,0
1967-10-19,62,39,0.64,0.0,0
1967-10-20,52,30,T,0.0,0
1967-10-21,62,39,T,0.0,0
1967-10-22,54,38,0.00,0.0,0
1967-10-23,58,27,0.00,0.0,0
1967-10-24,62,27,0.00,0.0,0
1967-10-25,62,36,0.06,0.0,0
1967-10-26,58,33,1.45,0.0,0
1967-10-27,55,27,0.00,0.0,0
1967-10-28,52,30,0.04,0.0,0
1967-10-29,44,26,T,0.0,0
1967-10-30,52,23,0.00,0.0,0
1967-10-31,56,26,0.00,0.0,0
1967-11-01,61,33,0.00,0.0,0
1967-11-02,58,48,0.12,0.0,0
1967-11-03,61,47,1.08,0.0,0
1967-11-04,56,34,0.16,0.0,0
1967-11-05,45,25,T,0.0,0
1967-11-06,41,24,T,T,0
1967-11-07,41,26,0.00,0.0,0
1967-11-08,39,25,0.00,0.0,0
1967-11-09,34,18,0.02,0.5,T
1967-11-10,45,31,0.00,0.0,0
1967-11-11,50,21,T,0.0,0
1967-11-12,58,41,0.06,0.0,0
1967-11-13,45,33,T,T,0
1967-11-14,38,21,T,T,0
1967-11-15,34,16,0.02,0.3,T
1967-11-16,30,15,0.00,0.0,0
1967-11-17,31,12,0.06,0.8,1
1967-11-18,36,28,0.05,0.0,T
1967-11-19,41,32,T,T,0
1967-11-20,35,26,T,T,0
1967-11-21,36,21,0.00,0.0,0
1967-11-22,43,25,0.00,0.0,0
1967-11-23,43,34,0.28,0.0,0
1967-11-24,45,33,0.00,0.0,0
1967-11-25,40,31,0.50,3.0,2
1967-11-26,53,21,0.00,0.0,T
1967-11-27,36,20,0.00,0.0,T
1967-11-28,32,25,0.02,0.8,T
1967-11-29,33,22,T,T,T
1967-11-30,27,12,0.01,0.2,T
1967-12-01,30,11,0.00,0.0,T
1967-12-02,32,8,0.00,0.0,0
1967-12-03,46,29,0.53,0.0,0
1967-12-04,38,27,0.00,0.0,0
1967-12-05,37,30,0.00,0.0,0
1967-12-06,34,20,0.00,0.0,0
1967-12-07,31,28,T,T,0
1967-12-08,47,31,0.00,0.0,0
1967-12-09,42,30,T,0.0,0
1967-12-10,31,23,0.00,0.0,0
1967-12-11,33,26,0.33,1.0,1
1967-12-12,49,32,1.05,0.0,0
1967-12-13,56,38,0.00,0.0,0
1967-12-14,48,33,0.00,0.0,0
1967-12-15,33,26,0.01,0.2,T
1967-12-16,33,20,0.01,0.2,T
1967-12-17,38,31,0.00,0.0,T
1967-12-18,34,24,0.08,0.0,0
1967-12-19,49,M,0.00,0.0,0
1967-12-20,45,34,0.00,0.0,0
1967-12-21,44,20,0.00,0.0,0
1967-12-22,50,33,0.01,0.0,0
1967-12-23,38,25,T,T,0
1967-12-24,33,13,T,T,0
1967-12-25,36,10,T,T,0
1967-12-26,37,11,0.02,0.1,T
1967-12-27,28,8,0.00,0.0,0
1967-12-28,29,14,0.32,4.0,4
1967-12-29,30,24,0.90,9.0,12
1967-12-30,26,-8,0.00,0.0,10
1967-12-31,24,-6,0.01,0.3,10
1968-01-01,28,7,0.05,0.8,10
1968-01-02,9,-20,0.00,0.0,10
1968-01-03,27,1,T,T,9
1968-01-04,34,20,0.02,0.5,9
1968-01-05,21,1,T,T,9
1968-01-06,24,-8,T,T,9
1968-01-07,23,6,0.12,2.0,8
1968-01-08,6,-7,0.00,0.0,8
1968-01-09,-2,-13,0.00,0.0,8
1968-01-10,10,-14,T,0.2,8
1968-01-11,14,-26,0.00,0.0,8
1968-01-12,15,-25,0.00,0.0,8
1968-01-13,24,-16,0.00,0.0,7
1968-01-14,29,4,0.44,1.0,8
1968-01-15,34,19,0.58,0.5,8
1968-01-16,21,2,T,T,8
1968-01-17,20,3,0.00,0.0,8
1968-01-18,36,1,0.00,0.0,8
1968-01-19,41,13,T,0.0,7
1968-01-20,44,20,0.00,0.0,7
1968-01-21,41,26,0.00,0.0,6
1968-01-22,36,13,0.00,0.0,6
1968-01-23,33,12,0.21,0.8,7
1968-01-24,32,9,0.00,0.0,7
1968-01-25,20,2,0.00,0.0,6
1968-01-26,32,-5,0.00,0.0,6
1968-01-27,43,28,0.00,0.0,5
1968-01-28,35,28,0.03,0.0,5
1968-01-29,35,32,0.11,0.0,5
1968-01-30,37,31,0.51,0.0,5
1968-01-31,37,27,0.00,0.0,4
1968-02-01,35,24,T,0.0,4
1968-02-02,45,34,T,0.0,3
1968-02-03,40,29,0.09,0.0,3
1968-02-04,30,20,T,T,3
1968-02-05,35,20,0.00,0.0,3
1968-02-06,37,22,0.00,0.0,3
1968-02-07,32,22,0.00,0.0,3
1968-02-08,31,13,0.00,0.0,3
1968-02-09,31,9,0.00,0.0,3
1968-02-10,25,9,0.01,0.3,3
1968-02-11,17,4,0.00,0.0,2
1968-02-12,25,3,T,T,2
1968-02-13,14,7,T,T,2
1968-02-14,30,13,T,T,2
1968-02-15,31,21,0.01,0.2,2
1968-02-16,30,11,0.00,0.0,2
1968-02-17,35,12,0.01,0.5,2
1968-02-18,24,8,T,T,2
1968-02-19,28,15,0.00,0.0,2
1968-02-20,25,9,0.02,1.0,2
1968-02-21,16,-1,T,T,2
1968-02-22,25,4,0.00,0.0,2
1968-02-23,27,16,0.01,0.5,2
1968-02-24,29,7,0.00,0.0,2
1968-02-25,34,9,0.00,0.0,T
1968-02-26,38,12,0.00,0.0,T
1968-02-27,37,9,0.00,0.0,T
1968-02-28,44,15,0.00,0.0,T
1968-02-29,38,24,0.14,T,T
1968-03-01,36,31,0.06,0.8,1
1968-03-02,37,27,T,T,T
1968-03-03,34,5,T,T,T
1968-03-04,39,12,0.00,0.0,T
1968-03-05,42,31,T,T,T
1968-03-06,38,20,0.00,0.0,T
1968-03-07,34,12,0.00,0.0,T
1968-03-08,51,12,0.00,0.0,T
1968-03-09,42,26,T,0.0,T
1968-03-10,48,27,0.00,0.0,T
1968-03-11,46,34,0.00,0.0,T
1968-03-12,34,19,0.20,3.0,3
1968-03-13,33,24,0.44,1.0,3
1968-03-14,33,10,0.00,0.0,3
1968-03-15,44,11,0.00,0.0,2
1968-03-16,50,27,0.00,0.0,T
1968-03-17,46,40,0.93,0.0,T
1968-03-18,42,38,0.61,0.0,T
1968-03-19,57,38,0.08,0.0,T
1968-03-20,56,28,0.00,0.0,T
1968-03-21,49,41,0.14,0.0,0
1968-03-22,47,41,0.02,0.0,0
1968-03-23,57,39,0.40,0.0,0
1968-03-24,39,28,T,T,0
1968-03-25,48,24,0.00,0.0,0
1968-03-26,55,22,0.00,0.0,0
1968-03-27,68,27,0.00,0.0,0
1968-03-28,70,29,0.00,0.0,0
1968-03-29,79,32,T,0.0,0
1968-03-30,65,37,T,0.0,0
1968-03-31,74,26,0.00,0.0,0
1968-04-01,63,39,0.14,0.0,0
1968-04-02,57,24,0.00,0.0,0
1968-04-03,65,25,0.00,0.0,0
1968-04-04,71,38,T,0.0,0
1968-04-05,70,33,0.02,0.0,0
1968-04-06,49,21,0.00,0.0,0
1968-04-07,60,21,0.00,0.0,0
1968-04-08,55,27,T,0.0,0
1968-04-09,66,41,0.00,0.0,0
1968-04-10,54,38,0.00,0.0,0
1968-04-11,56,37,T,0.0,0
1968-04-12,65,27,0.00,0.0,0
1968-04-13,82,35,0.00,0.0,0
1968-04-14,80,41,0.00,0.0,0
1968-04-15,69,45,T,0.0,0
1968-04-16,62,39,0.00,0.0,0
1968-04-17,70,31,0.00,0.0,0
1968-04-18,73,34,0.00,0.0,0
1968-04-19,73,29,0.00,0.0,0
1968-04-20,71,39,0.00,0.0,0
1968-04-21,70,35,0.00,0.0,0
1968-04-22,68,46,T,0.0,0
1968-04-23,64,34,0.00,0.0,0
1968-04-24,56,45,0.95,0.0,0
1968-04-25,58,39,1.23,0.0,0
1968-04-26,61,41,0.00,0.0,0
1968-04-27,54,39,T,0.0,0
1968-04-28,60,31,0.00,0.0,0
1968-04-29,61,27,0.00,0.0,0
1968-04-30,57,33,0.17,0.0,0
1968-05-01,58,32,T,0.0,0
1968-05-02,59,42,0.00,0.0,0
1968-05-03,70,40,0.00,0.0,0
1968-05-04,64,43,0.15,0.0,0
1968-05-05,61,30,0.00,0.0,0
1968-05-06,58,41,0.00,0.0,0
1968-05-07,62,31,0.00,0.0,0
1968-05-08,64,28,0.00,0.0,0
1968-05-09,76,40,T,0.0,0
1968-05-10,70,52,0.00,0.0,0
1968-05-11,68,41,0.00,0.0,0
1968-05-12,54,50,0.96,0.0,0
1968-05-13,62,52,0.58,0.0,0
1968-05-14,69,35,0.00,0.0,0
1968-05-15,71,34,0.00,0.0,0
1968-05-16,70,42,0.05,0.0,0
1968-05-17,67,53,0.45,0.0,0
1968-05-18,67,40,0.31,0.0,0
1968-05-19,64,51,0.01,0.0,0
1968-05-20,67,43,0.19,0.0,0
1968-05-21,65,44,0.28,0.0,0
1968-05-22,66,41,0.01,0.0,0
1968-05-23,65,35,0.03,0.0,0
1968-05-24,64,53,0.43,0.0,0
1968-05-25,70,43,0.00,0.0,0
1968-05-26,75,41,0.00,0.0,0
1968-05-27,66,31,0.00,0.0,0
1968-05-28,69,40,0.00,0.0,0
1968-05-29,64,49,3.68,0.0,0
1968-05-30,74,50,0.00,0.0,0
1968-05-31,64,54,0.27,0.0,0
1968-06-01,71,47,0.00,0.0,0
1968-06-02,67,55,0.06,0.0,0
1968-06-03,70,56,0.12,0.0,0
1968-06-04,74,48,T,0.0,0
1968-06-05,83,49,0.00,0.0,0
1968-06-06,90,55,0.00,0.0,0
1968-06-07,88,55,0.00,0.0,0
1968-06-08,83,55,0.00,0.0,0
1968-06-09,91,56,0.00,0.0,0
1968-06-10,84,56,T,0.0,0
1968-06-11,61,56,0.00,0.0,0
1968-06-12,75,59,0.24,0.0,0
1968-06-13,72,57,0.83,0.0,0
1968-06-14,78,54,1.29,0.0,0
1968-06-15,82,47,0.09,0.0,0
1968-06-16,70,56,0.11,0.0,0
1968-06-17,65,56,0.12,0.0,0
1968-06-18,75,43,0.05,0.0,0
1968-06-19,74,53,T,0.0,0
1968-06-20,68,49,0.44,0.0,0
1968-06-21,71,51,0.00,0.0,0
1968-06-22,85,55,T,0.0,0
1968-06-23,75,60,0.00,0.0,0
1968-06-24,79,50,0.00,0.0,0
1968-06-25,81,64,0.05,0.0,0
1968-06-26,67,57,0.94,0.0,0
1968-06-27,58,54,0.69,0.0,0
1968-06-28,59,54,0.32,0.0,0
1968-06-29,80,51,0.00,0.0,0
1968-06-30,90,61,T,0.0,0
1968-07-01,94,63,0.00,0.0,0
1968-07-02,87,64,0.00,0.0,0
1968-07-03,79,62,T,0.0,0
1968-07-04,74,55,0.00,0.0,0
1968-07-05,77,45,0.00,0.0,0
1968-07-06,78,52,0.00,0.0,0
1968-07-07,81,48,0.00,0.0,0
1968-07-08,85,49,0.00,0.0,0
1968-07-09,89,60,0.00,0.0,0
1968-07-10,85,58,0.59,0.0,0
1968-07-11,78,60,0.00,0.0,0
1968-07-12,85,62,T,0.0,0
1968-07-13,84,60,0.00,0.0,0
1968-07-14,88,61,0.00,0.0,0
1968-07-15,89,61,0.00,0.0,0
1968-07-16,92,65,0.00,0.0,0
1968-07-17,93,70,0.75,0.0,0
1968-07-18,89,64,0.24,0.0,0
1968-07-19,88,70,0.26,0.0,0
1968-07-20,79,63,0.00,0.0,0
1968-07-21,84,53,0.00,0.0,0
1968-07-22,88,55,0.00,0.0,0
1968-07-23,84,64,0.00,0.0,0
1968-07-24,74,56,0.19,0.0,0
1968-07-25,81,58,0.00,0.0,0
1968-07-26,79,54,0.00,0.0,0
1968-07-27,83,53,0.00,0.0,0
1968-07-28,82,60,T,0.0,0
1968-07-29,74,43,0.00,0.0,0
1968-07-30,75,45,0.00,0.0,0
1968-07-31,81,53,0.00,0.0,0
1968-08-01,78,68,T,0.0,0
1968-08-02,82,58,0.36,0.0,0
1968-08-03,84,62,0.00,0.0,0
1968-08-04,88,61,0.00,0.0,0
1968-08-05,86,60,0.00,0.0,0
1968-08-06,78,63,0.24,0.0,0
1968-08-07,85,65,0.00,0.0,0
1968-08-08,88,57,0.00,0.0,0
1968-08-09,90,63,0.00,0.0,0
1968-08-10,79,58,0.24,0.0,0
1968-08-11,70,51,0.00,0.0,0
1968-08-12,77,43,0.00,0.0,0
1968-08-13,80,49,0.00,0.0,0
1968-08-14,89,54,0.00,0.0,0
1968-08-15,78,52,0.00,0.0,0
1968-08-16,78,44,T,0.0,0
1968-08-17,90,62,0.00,0.0,0
1968-08-18,82,54,0.00,0.0,0
1968-08-19,72,43,T,0.0,0
1968-08-20,92,56,0.00,0.0,0
1968-08-21,83,56,0.10,0.0,0
1968-08-22,78,54,0.02,0.0,0
1968-08-23,80,61,0.13,0.0,0
1968-08-24,89,63,0.00,0.0,0
1968-08-25,94,66,0.00,0.0,0
1968-08-26,81,56,0.00,0.0,0
1968-08-27,70,49,0.00,0.0,0
1968-08-28,73,45,0.00,0.0,0
1968-08-29,73,44,0.00,0.0,0
1968-08-30,75,43,0.00,0.0,0
1968-08-31,79,41,0.00,0.0,0
1968-09-01,78,42,0.00,0.0,0
1968-09-02,79,48,0.05,0.0,0
1968-09-03,78,54,T,0.0,0
1968-09-04,82,52,0.00,0.0,0
1968-09-05,74,49,0.00,0.0,0
1968-09-06,67,59,0.38,0.0,0
1968-09-07,76,52,0.00,0.0,0
1968-09-08,76,49,0.00,0.0,0
1968-09-09,78,45,0.00,0.0,0
1968-09-10,75,54,T,0.0,0
1968-09-11,77,63,0.93,0.0,0
1968-09-12,69,57,0.06,0.0,0
1968-09-13,73,53,0.00,0.0,0
1968-09-14,75,44,0.00,0.0,0
1968-09-15,73,43,0.00,0.0,0
1968-09-16,77,43,0.00,0.0,0
1968-09-17,80,49,0.00,0.0,0
1968-09-18,78,47,0.00,0.0,0
1968-09-19,81,44,0.00,0.0,0
1968-09-20,84,46,0.00,0.0,0
1968-09-21,83,48,0.00,0.0,0
1968-09-22,85,50,0.00,0.0,0
1968-09-23,80,56,0.00,0.0,0
1968-09-24,81,59,0.00,0.0,0
1968-09-25,84,63,0.16,0.0,0
1968-09-26,74,56,0.01,0.0,0
1968-09-27,73,43,0.00,0.0,0
1968-09-28,67,40,0.01,0.0,0
1968-09-29,63,39,0.00,0.0,0
1968-09-30,72,34,0.00,0.0,0
1968-10-01,82,46,0.00,0.0,0
1968-10-02,84,49,0.00,0.0,0
1968-10-03,81,54,T,0.0,0
1968-10-04,71,38,0.20,0.0,0
1968-10-05,56,35,0.01,0.0,0
1968-10-06,56,30,0.00,0.0,0
1968-10-07,61,48,0.24,0.0,0
1968-10-08,55,42,T,0.0,0
1968-10-09,59,38,0.00,0.0,0
1968-10-10,59,33,0.00,0.0,0
1968-10-11,61,38,0.00,0.0,0
1968-10-12,67,39,0.00,0.0,0
1968-10-13,72,42,0.00,0.0,0
1968-10-14,70,36,0.00,0.0,0
1968-10-15,66,39,0.00,0.0,0
1968-10-16,73,39,0.00,0.0,0
1968-10-17,77,41,0.00,0.0,0
1968-10-18,79,42,0.00,0.0,0
1968-10-19,69,58,0.48,0.0,0
1968-10-20,66,49,0.04,0.0,0
1968-10-21,60,42,0.00,0.0,0
1968-10-22,62,39,0.00,0.0,0
1968-10-23,66,38,0.00,0.0,0
1968-10-24,56,30,0.00,0.0,0
1968-10-25,54,45,1.13,0.0,0
1968-10-26,49,36,0.03,0.0,0
1968-10-27,59,38,T,0.0,0
1968-10-28,54,41,0.15,0.0,0
1968-10-29,50,31,0.02,0.0,0
1968-10-30,45,32,0.00,0.0,0
1968-10-31,46,32,0.00,0.0,0
1968-11-01,54,23,0.00,0.0,0
1968-11-02,70,38,T,0.0,0
1968-11-03,53,34,0.00,0.0,0
1968-11-04,53,28,0.00,0.0,0
1968-11-05,54,35,0.00,0.0,0
1968-11-06,51,27,0.00,0.0,0
1968-11-07,46,38,0.99,0.0,0
1968-11-08,44,33,0.87,0.0,0
1968-11-09,42,35,T,0.0,0
1968-11-10,36,33,0.60,0.5,T
1968-11-11,45,32,T,0.0,0
1968-11-12,34,27,1.03,8.8,9
1968-11-13,36,27,0.05,1.5,6
1968-11-14,41,30,0.00,0.0,4
1968-11-15,36,24,0.02,0.0,3
1968-11-16,45,28,0.00,0.0,2
1968-11-17,33,28,0.26,1.8,3
1968-11-18,45,32,0.11,0.0,T
1968-11-19,46,28,0.42,0.0,T
1968-11-20,37,29,T,0.5,T
1968-11-21,39,18,0.01,0.5,0
1968-11-22,50,30,0.05,1.0,0
1968-11-23,50,26,0.00,0.0,0
1968-11-24,54,29,0.06,0.0,0
1968-11-25,45,35,T,0.0,0
1968-11-26,40,27,0.00,0.0,0
1968-11-27,45,24,0.02,0.0,0
1968-11-28,48,19,0.21,0.0,0
1968-11-29,66,44,0.11,0.0,0
1968-11-30,44,24,0.00,0.0,0
1968-12-01,36,14,0.00,0.0,0
1968-12-02,48,31,T,0.0,0
1968-12-03,49,36,0.00,0.0,0
1968-12-04,43,35,1.03,T,0
1968-12-05,44,34,0.15,T,0
1968-12-06,37,31,0.00,0.0,0
1968-12-07,37,26,0.00,0.0,0
1968-12-08,30,20,0.00,0.0,0
1968-12-09,23,9,0.00,0.0,0
1968-12-10,18,-0,0.00,0.0,0
1968-12-11,24,-2,0.00,0.0,0
1968-12-12,39,9,0.00,0.0,0
1968-12-13,46,17,0.00,0.0,0
1968-12-14,43,32,0.84,T,T
1968-12-15,36,9,0.21,3.5,3
1968-12-16,19,9,T,T,3
1968-12-17,27,7,T,T,2
1968-12-18,35,24,0.00,0.0,2
1968-12-19,31,8,0.00,0.0,2
1968-12-20,35,27,0.10,0.5,2
1968-12-21,37,30,T,T,2
1968-12-22,34,24,0.02,0.5,2
1968-12-23,44,29,0.31,2.0,2
1968-12-24,34,18,T,0.2,2
1968-12-25,18,4,0.00,0.0,2
1968-12-26,10,-6,0.00,0.0,2
1968-12-27,10,-2,T,T,2
1968-12-28,32,7,0.90,2.0,3
1968-12-29,41,24,0.07,T,3
1968-12-30,29,12,0.00,0.0,3
1968-12-31,34,5,0.00,0.0,3
1969-01-01,28,12,0.01,0.5,3
1969-01-02,24,11,0.00,0.0,3
1969-01-03,29,12,0.00,0.0,3
1969-01-04,27,11,0.00,0.0,3
1969-01-05,26,-0,0.00,0.0,3
1969-01-06,29,3,0.00,0.0,3
1969-01-07,33,26,0.16,3.0,6
1969-01-08,26,15,0.00,0.0,4
1969-01-09,23,14,0.08,2.0,6
1969-01-10,26,11,T,0.2,5
1969-01-11,26,13,0.00,0.0,5
1969-01-12,30,19,0.00,0.0,5
1969-01-13,30,19,0.00,0.0,4
1969-01-14,30,23,T,0.0,4
1969-01-15,31,23,0.00,0.0,4
1969-01-16,33,4,0.00,0.0,4
1969-01-17,29,6,T,T,4
1969-01-18,40,29,0.04,0.0,3
1969-01-19,40,33,T,0.0,3
1969-01-20,36,19,0.00,0.0,3
1969-01-21,39,11,0.00,0.0,3
1969-01-22,46,13,0.00,0.0,2
1969-01-23,40,20,0.06,0.0,2
1969-01-24,44,34,1.30,0.0,T
1969-01-25,41,29,0.00,0.0,T
1969-01-26,31,12,0.00,0.0,T
1969-01-27,18,3,0.00,0.0,T
1969-01-28,21,-1,0.00,0.0,T
1969-01-29,26,6,0.08,0.2,T
1969-01-30,36,26,0.22,0.2,T
1969-01-31,43,33,0.10,0.0,T
1969-02-01,35,28,0.06,1.0,1
1969-02-02,37,24,0.00,0.0,T
1969-02-03,33,19,0.19,3.0,3
1969-02-04,33,18,0.01,0.5,3
1969-02-05,24,12,T,T,2
1969-02-06,32,8,0.00,0.0,2
1969-02-07,33,12,0.00,0.0,2
1969-02-08,30,5,0.00,0.0,1
1969-02-09,29,19,0.47,5.5,6
1969-02-10,27,17,0.30,4.0,8
1969-02-11,34,13,0.00,0.0,7
1969-02-12,36,19,T,T,7
1969-02-13,31,17,0.00,0.0,6
1969-02-14,21,11,0.00,0.0,6
1969-02-15,33,12,0.00,0.0,5
1969-02-16,34,8,0.00,0.0,5
1969-02-17,34,1,0.00,0.0,5
1969-02-18,36,12,0.00,0.0,5
1969-02-19,32,24,0.12,1.3,6
1969-02-20,38,30,0.10,1.5,7
1969-02-21,44,20,0.00,0.0,5
1969-02-22,38,15,0.00,0.0,5
1969-02-23,34,23,T,T,5
1969-02-24,36,28,0.18,2.0,6
1969-02-25,37,30,0.03,0.7,6
1969-02-26,33,25,0.10,2.5,7
1969-02-27,32,23,T,T,6
1969-02-28,38,25,0.00,0.0,5
1969-03-01,39,7,0.00,0.0,5
1969-03-02,37,21,0.00,0.0,5
1969-03-03,40,27,0.46,5.5,9
1969-03-04,36,25,0.00,0.0,8
1969-03-05,27,12,0.00,0.0,7
1969-03-06,36,7,0.00,0.0,7
1969-03-07,32,16,0.00,0.0,7
1969-03-08,34,17,0.00,0.0,6
1969-03-09,34,12,0.00,0.0,5
1969-03-10,34,25,0.00,0.0,5
1969-03-11,30,19,0.00,0.0,5
1969-03-12,30,15,0.00,0.0,5
1969-03-13,38,25,0.00,0.0,4
1969-03-14,40,31,T,T,3
1969-03-15,39,29,T,T,3
1969-03-16,40,19,0.00,0.0,2
1969-03-17,53,14,0.00,0.0,T
1969-03-18,62,27,0.00,0.0,T
1969-03-19,53,25,0.00,0.0,T
1969-03-20,49,30,0.00,0.0,T
1969-03-21,52,37,T,0.0,T
1969-03-22,47,33,0.00,0.0,T
1969-03-23,52,24,0.00,0.0,T
1969-03-24,50,24,T,0.0,0
1969-03-25,47,39,1.33,T,0
1969-03-26,42,39,T,0.0,0
1969-03-27,42,29,0.00,0.0,0
1969-03-28,47,18,0.00,0.0,0
1969-03-29,52,30,0.00,0.0,0
1969-03-30,39,22,T,T,0
1969-03-31,32,13,T,T,0
1969-04-01,46,10,0.00,0.0,0
1969-04-02,52,39,0.15,0.0,0
1969-04-03,50,19,0.00,0.0,0
1969-04-04,67,22,0.00,0.0,0
1969-04-05,64,46,0.50,0.0,0
1969-04-06,56,40,T,0.0,0
1969-04-07,64,23,0.00,0.0,0
1969-04-08,60,37,0.00,0.0,0
1969-04-09,66,25,0.00,0.0,0
1969-04-10,68,54,0.07,0.0,0
1969-04-11,65,41,T,0.0,0
1969-04-12,57,28,0.00,0.0,0
1969-04-13,65,26,0.00,0.0,0
1969-04-14,71,28,0.00,0.0,0
1969-04-15,74,31,0.00,0.0,0
1969-04-16,64,46,0.02,0.0,0
1969-04-17,80,45,0.00,0.0,0
1969-04-18,75,45,T,0.0,0
1969-04-19,50,35,0.48,T,T
1969-04-20,54,28,0.04,0.0,0
1969-04-21,63,25,0.00,0.0,0
1969-04-22,59,44,1.17,0.0,0
1969-04-23,53,42,0.88,0.0,0
1969-04-24,53,37,0.18,0.0,0
1969-04-25,61,37,0.00,0.0,0
1969-04-26,70,38,0.00,0.0,0
1969-04-27,86,36,0.00,0.0,0
1969-04-28,88,47,0.00,0.0,0
1969-04-29,75,47,0.04,0.0,0
1969-04-30,56,43,0.00,0.0,0
1969-05-01,64,35,0.00,0.0,0
1969-05-02,71,33,0.00,0.0,0
1969-05-03,79,47,T,0.0,0
1969-05-04,74,44,0.00,0.0,0
1969-05-05,68,42,0.00,0.0,0
1969-05-06,70,33,0.00,0.0,0
1969-05-07,60,33,T,0.0,0
1969-05-08,64,42,0.00,0.0,0
1969-05-09,67,M,1.14,0.0,0
1969-05-10,M,44,0.00,0.0,0
1969-05-11,55,40,0.14,0.0,0
1969-05-12,60,27,0.02,0.0,0
1969-05-13,65,29,T,0.0,0
1969-05-14,62,42,T,0.0,0
1969-05-15,68,35,0.00,0.0,0
1969-05-16,77,37,0.00,0.0,0
1969-05-17,86,42,0.00,0.0,0
1969-05-18,81,53,0.00,0.0,0
1969-05-19,72,61,T,0.0,0
1969-05-20,M,M,0.96,0.0,0
1969-05-21,M,M,0.00,0.0,0
1969-05-22,69,37,0.00,0.0,0
1969-05-23,65,43,T,0.0,0
1969-05-24,60,42,0.00,0.0,0
1969-05-25,75,40,T,0.0,0
1969-05-26,62,39,0.00,0.0,0
1969-05-27,66,33,0.00,0.0,0
1969-05-28,83,39,0.00,0.0,0
1969-05-29,90,61,0.00,0.0,0
1969-05-30,86,59,0.52,0.0,0
1969-05-31,76,54,0.00,0.0,0
1969-06-01,76,53,0.00,0.0,0
1969-06-02,86,53,0.00,0.0,0
1969-06-03,78,59,0.62,0.0,0
1969-06-04,76,42,0.00,0.0,0
1969-06-05,74,41,0.00,0.0,0
1969-06-06,76,58,0.11,0.0,0
1969-06-07,73,47,0.23,0.0,0
1969-06-08,73,45,0.00,0.0,0
1969-06-09,74,42,0.00,0.0,0
1969-06-10,78,46,0.00,0.0,0
1969-06-11,78,46,0.00,0.0,0
1969-06-12,84,52,0.01,0.0,0
1969-06-13,85,61,T,0.0,0
1969-06-14,83,65,0.00,0.0,0
1969-06-15,80,64,0.99,0.0,0
1969-06-16,72,53,0.00,0.0,0
1969-06-17,74,47,0.00,0.0,0
1969-06-18,69,47,0.00,0.0,0
1969-06-19,80,55,0.10,0.0,0
1969-06-20,80,M,0.05,0.0,0
1969-06-21,M,55,0.27,0.0,0
1969-06-22,74,45,0.00,0.0,0
1969-06-23,65,54,0.21,0.0,0
1969-06-24,71,57,T,0.0,0
1969-06-25,73,60,T,0.0,0
1969-06-26,80,50,0.00,0.0,0
1969-06-27,93,63,0.00,0.0,0
1969-06-28,92,69,T,0.0,0
1969-06-29,80,57,0.00,0.0,0
1969-06-30,88,63,0.00,0.0,0
1969-07-01,83,66,0.14,0.0,0
1969-07-02,79,49,0.00,0.0,0
1969-07-03,74,52,0.01,0.0,0
1969-07-04,78,47,0.00,0.0,0
1969-07-05,84,61,0.14,0.0,0
1969-07-06,83,54,0.00,0.0,0
1969-07-07,75,49,0.00,0.0,0
1969-07-08,75,45,0.00,0.0,0
1969-07-09,79,47,0.00,0.0,0
1969-07-10,76,50,0.00,0.0,0
1969-07-11,81,51,0.00,0.0,0
1969-07-12,79,61,0.30,0.0,0
1969-07-13,76,59,0.42,0.0,0
1969-07-14,82,60,0.00,0.0,0
1969-07-15,88,54,0.00,0.0,0
1969-07-16,92,60,0.00,0.0,0
1969-07-17,92,63,0.59,0.0,0
1969-07-18,82,65,T,0.0,0
1969-07-19,75,63,0.06,0.0,0
1969-07-20,73,63,T,0.0,0
1969-07-21,77,63,0.00,0.0,0
1969-07-22,83,62,0.02,0.0,0
1969-07-23,80,60,0.00,0.0,0
1969-07-24,77,51,0.00,0.0,0
1969-07-25,72,60,0.00,0.0,0
1969-07-26,76,62,0.00,0.0,0
1969-07-27,74,61,0.00,0.0,0
1969-07-28,74,69,2.65,0.0,0
1969-07-29,74,64,0.04,0.0,0
1969-07-30,81,67,0.48,0.0,0
1969-07-31,83,60,T,0.0,0
1969-08-01,86,59,0.05,0.0,0
1969-08-02,83,66,0.11,0.0,0
1969-08-03,85,59,0.00,0.0,0
1969-08-04,74,66,0.40,0.0,0
1969-08-05,77,61,0.27,0.0,0
1969-08-06,84,59,0.00,0.0,0
1969-08-07,83,56,0.00,0.0,0
1969-08-08,M,M,0.00,0.0,0
1969-08-09,82,56,0.08,0.0,0
1969-08-10,74,59,0.22,0.0,0
1969-08-11,78,51,0.00,0.0,0
1969-08-12,78,55,0.00,0.0,0
1969-08-13,81,52,0.00,0.0,0
1969-08-14,84,56,0.00,0.0,0
1969-08-15,82,59,0.00,0.0,0
1969-08-16,82,69,0.00,0.0,0
1969-08-17,87,67,0.07,0.0,0
1969-08-18,87,65,0.00,0.0,0
1969-08-19,83,63,0.26,0.0,0
1969-08-20,73,51,0.00,0.0,0
1969-08-21,72,49,0.00,0.0,0
1969-08-22,78,48,0.00,0.0,0
1969-08-23,82,48,0.00,0.0,0
1969-08-24,91,59,0.00,0.0,0
1969-08-25,87,61,0.00,0.0,0
1969-08-26,79,55,T,0.0,0
1969-08-27,71,43,0.00,0.0,0
1969-08-28,80,46,0.00,0.0,0
1969-08-29,84,49,0.00,0.0,0
1969-08-30,85,59,0.00,0.0,0
1969-08-31,87,59,0.00,0.0,0
1969-09-01,90,62,0.00,0.0,0
1969-09-02,80,64,T,0.0,0
1969-09-03,70,60,0.14,0.0,0
1969-09-04,70,62,T,0.0,0
1969-09-05,77,63,0.00,0.0,0
1969-09-06,85,64,0.00,0.0,0
1969-09-07,84,66,0.18,0.0,0
1969-09-08,69,63,1.16,0.0,0
1969-09-09,70,56,0.11,0.0,0
1969-09-10,65,49,0.00,0.0,0
1969-09-11,70,39,0.00,0.0,0
1969-09-12,76,43,0.00,0.0,0
1969-09-13,78,49,0.00,0.0,0
1969-09-14,80,51,0.00,0.0,0
1969-09-15,83,59,0.00,0.0,0
1969-09-16,80,52,0.00,0.0,0
1969-09-17,76,60,0.07,0.0,0
1969-09-18,62,43,0.02,0.0,0
1969-09-19,62,37,0.00,0.0,0
1969-09-20,65,35,0.00,0.0,0
1969-09-21,66,33,0.00,0.0,0
1969-09-22,70,35,0.00,0.0,0
1969-09-23,70,37,0.00,0.0,0
1969-09-24,74,43,0.00,0.0,0
1969-09-25,65,55,0.09,0.0,0
1969-09-26,67,42,0.00,0.0,0
1969-09-27,71,38,T,0.0,0
1969-09-28,64,46,0.05,0.0,0
1969-09-29,61,36,T,0.0,0
1969-09-30,69,36,0.00,0.0,0
1969-10-01,71,38,0.00,0.0,0
1969-10-02,60,46,0.38,0.0,0
1969-10-03,71,58,0.25,0.0,0
1969-10-04,61,49,0.00,0.0,0
1969-10-05,61,33,0.00,0.0,0
1969-10-06,69,34,0.00,0.0,0
1969-10-07,65,42,0.00,0.0,0
1969-10-08,74,60,T,0.0,0
1969-10-09,67,34,0.00,0.0,0
1969-10-10,69,31,0.00,0.0,0
1969-10-11,70,35,0.00,0.0,0
1969-10-12,75,44,0.00,0.0,0
1969-10-13,71,44,0.00,0.0,0
1969-10-14,66,50,T,0.0,0
1969-10-15,58,32,0.00,0.0,0
1969-10-16,59,27,T,0.0,0
1969-10-17,55,40,0.00,0.0,0
1969-10-18,57,38,0.00,0.0,0
1969-10-19,64,36,0.00,0.0,0
1969-10-20,79,42,T,0.0,0
1969-10-21,67,48,0.45,0.0,0
1969-10-22,50,33,0.03,0.0,0
1969-10-23,37,24,T,0.0,0
1969-10-24,47,19,0.00,0.0,0
1969-10-25,58,26,0.00,0.0,0
1969-10-26,60,27,0.00,0.0,0
1969-10-27,54,40,0.00,0.0,0
1969-10-28,50,27,0.00,0.0,0
1969-10-29,51,23,0.00,0.0,0
1969-10-30,55,21,0.00,0.0,0
1969-10-31,55,19,0.00,0.0,0
1969-11-01,53,27,0.00,0.0,0
1969-11-02,51,43,1.24,0.0,0
1969-11-03,64,48,0.63,0.0,0
1969-11-04,55,48,T,0.0,0
1969-11-05,49,37,0.97,T,0
1969-11-06,43,35,0.72,T,0
1969-11-07,50,39,0.42,0.0,0
1969-11-08,56,39,0.90,0.0,0
1969-11-09,52,38,0.14,0.0,0
1969-11-10,53,46,T,0.0,0
1969-11-11,50,44,0.06,0.0,0
1969-11-12,48,42,0.09,0.0,0
1969-11-13,50,31,0.09,0.0,0
1969-11-14,42,30,0.19,0.0,0
1969-11-15,48,32,0.09,0.0,0
1969-11-16,39,19,0.00,0.0,0
1969-11-17,45,17,0.00,0.0,0
1969-11-18,52,26,0.00,0.0,0
1969-11-19,55,45,0.07,0.0,0
1969-11-20,55,27,1.62,3.0,1
1969-11-21,30,17,0.01,0.5,0
1969-11-22,34,10,0.00,0.0,0
1969-11-23,45,21,T,0.0,0
1969-11-24,41,31,0.05,0.0,0
1969-11-25,43,15,0.00,0.0,0
1969-11-26,46,22,T,0.0,0
1969-11-27,41,22,0.00,0.0,0
1969-11-28,34,22,T,T,0
1969-11-29,43,19,0.00,0.0,0
1969-11-30,34,29,T,T,0
1969-12-01,32,28,0.08,1.5,1
1969-12-02,30,14,0.00,0.0,1
1969-12-03,41,21,T,T,0
1969-12-04,30,16,T,T,0
1969-12-05,31,14,0.00,0.0,0
1969-12-06,35,20,0.00,0.0,0
1969-12-07,31,11,0.00,0.0,0
1969-12-08,35,25,0.70,2.5,2
1969-12-09,42,32,0.08,0.0,T
1969-12-10,38,30,0.13,0.0,0
1969-12-11,58,38,2.12,0.0,0
1969-12-12,43,34,T,0.0,0
1969-12-13,37,24,0.00,0.0,0
1969-12-14,29,19,0.20,2.5,2
1969-12-15,34,25,0.17,2.0,3
1969-12-16,27,19,0.00,0.0,3
1969-12-17,28,5,0.00,0.0,3
1969-12-18,23,-0,0.00,0.0,3
1969-12-19,34,17,0.03,0.5,3
1969-12-20,33,21,T,T,3
1969-12-21,32,18,0.00,0.0,2
1969-12-22,31,25,0.99,13.0,15
1969-12-23,29,5,0.06,1.5,14
1969-12-24,19,-5,0.00,0.0,13
1969-12-25,15,-21,0.00,0.0,13
1969-12-26,28,10,1.83,13.5,24
1969-12-27,27,17,0.48,5.0,26
1969-12-28,29,18,T,T,25
1969-12-29,34,21,0.00,0.0,25
1969-12-30,29,22,0.00,0.0,24
1969-12-31,29,16,0.52,4.5,28
1970-01-01,22,-6,0.00,0.0,26
1970-01-02,24,-0,0.00,0.0,25
1970-01-03,20,-12,0.02,0.5,25
1970-01-04,23,-12,0.00,0.0,25
1970-01-05,29,-13,0.00,0.0,24
1970-01-06,29,-2,0.00,0.0,24
1970-01-07,20,7,0.00,0.0,24
1970-01-08,17,-6,T,0.0,24
1970-01-09,15,-13,0.00,0.0,23
1970-01-10,20,-0,T,T,23
1970-01-11,26,12,0.00,0.0,23
1970-01-12,18,7,0.05,1.2,24
1970-01-13,28,-6,T,T,23
1970-01-14,20,-0,0.00,0.0,22
1970-01-15,19,3,0.00,0.0,22
1970-01-16,20,-12,0.00,0.0,22
1970-01-17,31,9,T,T,22
1970-01-18,30,16,0.19,1.5,23
1970-01-19,17,-9,0.00,0.0,23
1970-01-20,13,-22,0.00,0.0,22
1970-01-21,9,-2,T,T,21
1970-01-22,12,-2,0.00,0.0,21
1970-01-23,17,-18,T,T,20
1970-01-24,19,-12,T,T,20
1970-01-25,23,-0,T,T,20
1970-01-26,36,20,0.04,T,20
1970-01-27,35,22,0.00,0.0,19
1970-01-28,37,23,0.00,0.0,18
1970-01-29,44,34,0.05,0.0,14
1970-01-30,41,16,0.00,0.0,14
1970-01-31,27,3,0.00,0.0,14
1970-02-01,50,7,0.00,0.0,13
1970-02-02,53,22,0.52,0.0,8
1970-02-03,52,20,0.38,0.0,7
1970-02-04,20,1,0.04,1.0,7
1970-02-05,28,-5,0.00,0.0,7
1970-02-06,36,14,0.05,1.5,7
1970-02-07,37,7,0.00,0.0,7
1970-02-08,38,10,0.00,0.0,7
1970-02-09,36,28,0.00,0.0,7
1970-02-10,35,32,1.67,3.0,8
1970-02-11,40,26,0.33,T,6
1970-02-12,27,18,0.00,0.0,6
1970-02-13,23,12,0.01,0.5,6
1970-02-14,22,-8,0.00,0.0,6
1970-02-15,24,16,0.39,3.5,9
1970-02-16,29,19,T,T,8
1970-02-17,37,-6,0.00,0.0,8
1970-02-18,45,16,0.00,0.0,7
1970-02-19,40,14,T,T,6
1970-02-20,26,12,T,T,6
1970-02-21,27,13,0.00,0.0,6
1970-02-22,51,11,0.06,0.0,4
1970-02-23,44,18,T,T,4
1970-02-24,44,7,0.00,0.0,3
1970-02-25,39,16,T,T,3
1970-02-26,19,-2,0.00,0.0,3
1970-02-27,31,2,0.01,0.3,3
1970-02-28,32,16,T,0.0,3
1970-03-01,37,18,0.00,0.0,3
1970-03-02,37,27,0.04,1.0,3
1970-03-03,38,20,0.00,0.0,2
1970-03-04,34,14,0.02,0.0,2
1970-03-05,43,30,0.14,0.0,2
1970-03-06,36,31,T,T,2
1970-03-07,43,16,0.00,0.0,2
1970-03-08,35,16,0.02,0.5,2
1970-03-09,27,14,0.00,0.0,2
1970-03-10,32,17,0.00,0.0,2
1970-03-11,36,21,0.00,0.0,2
1970-03-12,42,25,0.00,0.0,1
1970-03-13,35,28,0.49,5.0,5
1970-03-14,35,28,0.01,0.3,4
1970-03-15,34,20,0.00,0.0,4
1970-03-16,31,13,T,T,3
1970-03-17,40,22,0.00,0.0,3
1970-03-18,39,18,T,T,3
1970-03-19,49,30,0.00,0.0,2
1970-03-20,48,22,0.00,0.0,T
1970-03-21,M,M,0.00,0.0,T
1970-03-22,47,27,0.04,0.0,T
1970-03-23,47,24,0.59,0.0,T
1970-03-24,46,32,0.00,0.0,T
1970-03-25,48,34,T,0.0,T
1970-03-26,51,30,T,0.0,T
1970-03-27,52,34,0.46,0.0,T
1970-03-28,50,21,0.00,0.0,T
1970-03-29,50,22,0.40,5.5,6
1970-03-30,35,7,T,T,3
1970-03-31,42,21,0.00,0.0,2
1970-04-01,49,21,0.00,0.0,T
1970-04-02,47,32,1.34,1.0,T
1970-04-03,47,33,T,T,T
1970-04-04,46,25,0.00,0.0,T
1970-04-05,42,27,T,T,T
1970-04-06,47,18,0.00,0.0,T
1970-04-07,52,26,0.00,0.0,0
1970-04-08,68,26,0.00,0.0,0
1970-04-09,70,44,0.00,0.0,0
1970-04-10,55,36,0.00,0.0,0
1970-04-11,37,26,0.00,0.0,0
1970-04-12,50,28,0.00,0.0,0
1970-04-13,58,29,0.00,0.0,0
1970-04-14,61,26,0.00,0.0,0
1970-04-15,65,29,0.00,0.0,0
1970-04-16,65,30,0.00,0.0,0
1970-04-17,68,44,0.00,0.0,0
1970-04-18,65,46,T,0.0,0
1970-04-19,57,28,0.00,0.0,0
1970-04-20,43,29,0.26,0.0,0
1970-04-21,45,38,0.23,0.0,0
1970-04-22,56,38,0.07,0.0,0
1970-04-23,50,30,0.12,0.0,0
1970-04-24,51,41,0.08,0.0,0
1970-04-25,65,44,T,0.0,0
1970-04-26,78,35,0.00,0.0,0
1970-04-27,75,38,0.00,0.0,0
1970-04-28,80,42,0.00,0.0,0
1970-04-29,80,45,0.00,0.0,0
1970-04-30,78,43,0.00,0.0,0
1970-05-01,84,57,0.00,0.0,0
1970-05-02,69,58,0.00,0.0,0
1970-05-03,58,45,0.56,0.0,0
1970-05-04,63,37,0.00,0.0,0
1970-05-05,73,39,T,0.0,0
1970-05-06,72,39,0.13,0.0,0
1970-05-07,53,29,0.00,0.0,0
1970-05-08,63,40,0.00,0.0,0
1970-05-09,75,48,0.18,0.0,0
1970-05-10,88,53,0.00,0.0,0
1970-05-11,84,58,0.14,0.0,0
1970-05-12,78,53,0.00,0.0,0
1970-05-13,78,53,T,0.0,0
1970-05-14,75,51,0.11,0.0,0
1970-05-15,60,41,0.02,0.0,0
1970-05-16,62,41,T,0.0,0
1970-05-17,58,52,0.15,0.0,0
1970-05-18,M,M,T,0.0,0
1970-05-19,67,50,T,0.0,0
1970-05-20,75,56,0.00,0.0,0
1970-05-21,77,41,0.00,0.0,0
1970-05-22,86,46,0.00,0.0,0
1970-05-23,76,54,T,0.0,0
1970-05-24,73,51,T,0.0,0
1970-05-25,56,49,0.30,0.0,0
1970-05-26,64,49,0.21,0.0,0
1970-05-27,63,44,T,0.0,0
1970-05-28,68,43,0.00,0.0,0
1970-05-29,69,38,0.00,0.0,0
1970-05-30,72,38,0.00,0.0,0
1970-05-31,M,M,0.00,0.0,0
1970-06-01,84,54,0.00,0.0,0
1970-06-02,87,57,T,0.0,0
1970-06-03,83,64,0.42,0.0,0
1970-06-04,74,53,T,0.0,0
1970-06-05,67,48,0.04,0.0,0
1970-06-06,68,54,0.00,0.0,0
1970-06-07,72,48,0.00,0.0,0
1970-06-08,80,47,0.00,0.0,0
1970-06-09,88,53,0.00,0.0,0
1970-06-10,86,54,0.00,0.0,0
1970-06-11,87,56,0.00,0.0,0
1970-06-12,80,59,0.06,0.0,0
1970-06-13,76,54,0.00,0.0,0
1970-06-14,75,39,0.00,0.0,0
1970-06-15,75,45,0.00,0.0,0
1970-06-16,74,53,0.00,0.0,0
1970-06-17,80,60,0.00,0.0,0
1970-06-18,83,63,0.20,0.0,0
1970-06-19,83,56,T,0.0,0
1970-06-20,65,49,0.00,0.0,0
1970-06-21,M,M,0.00,0.0,0
1970-06-22,M,M,0.12,0.0,0
1970-06-23,M,M,0.00,0.0,0
1970-06-24,85,48,0.00,0.0,0
1970-06-25,79,60,T,0.0,0
1970-06-26,68,45,0.41,0.0,0
1970-06-27,62,55,0.10,0.0,0
1970-06-28,72,40,0.00,0.0,0
1970-06-29,78,41,0.00,0.0,0
1970-06-30,79,60,0.14,0.0,0
1970-07-01,84,58,0.00,0.0,0
1970-07-02,80,60,0.01,0.0,0
1970-07-03,77,63,0.05,0.0,0
1970-07-04,83,65,0.48,0.0,0
1970-07-05,74,55,T,0.0,0
1970-07-06,81,56,0.00,0.0,0
1970-07-07,81,49,0.00,0.0,0
1970-07-08,83,53,0.00,0.0,0
1970-07-09,83,58,0.00,0.0,0
1970-07-10,80,58,0.41,0.0,0
1970-07-11,81,65,T,0.0,0
1970-07-12,80,63,0.74,0.0,0
1970-07-13,76,49,0.00,0.0,0
1970-07-14,78,64,0.00,0.0,0
1970-07-15,80,58,T,0.0,0
1970-07-16,79,55,0.18,0.0,0
1970-07-17,82,56,0.00,0.0,0
1970-07-18,84,53,0.01,0.0,0
1970-07-19,M,M,0.00,0.0,0
1970-07-20,81,68,T,0.0,0
1970-07-21,77,55,0.00,0.0,0
1970-07-22,80,46,0.00,0.0,0
1970-07-23,84,52,0.00,0.0,0
1970-07-24,87,53,0.00,0.0,0
1970-07-25,87,61,0.10,0.0,0
1970-07-26,87,59,0.00,0.0,0
1970-07-27,89,58,0.00,0.0,0
1970-07-28,89,60,T,0.0,0
1970-07-29,90,62,0.40,0.0,0
1970-07-30,88,62,0.00,0.0,0
1970-07-31,78,68,0.06,0.0,0
1970-08-01,84,70,0.14,0.0,0
1970-08-02,87,66,0.00,0.0,0
1970-08-03,81,50,T,0.0,0
1970-08-04,80,53,0.00,0.0,0
1970-08-05,76,51,0.00,0.0,0
1970-08-06,78,50,0.00,0.0,0
1970-08-07,84,51,0.00,0.0,0
1970-08-08,86,53,0.00,0.0,0
1970-08-09,87,54,0.00,0.0,0
1970-08-10,86,58,T,0.0,0
1970-08-11,84,52,0.01,0.0,0
1970-08-12,88,59,0.00,0.0,0
1970-08-13,91,62,0.00,0.0,0
1970-08-14,91,60,0.00,0.0,0
1970-08-15,91,59,0.00,0.0,0
1970-08-16,93,59,0.00,0.0,0
1970-08-17,91,66,0.00,0.0,0
1970-08-18,83,57,0.00,0.0,0
1970-08-19,86,44,0.00,0.0,0
1970-08-20,79,61,T,0.0,0
1970-08-21,79,59,0.47,0.0,0
1970-08-22,80,48,0.00,0.0,0
1970-08-23,72,62,0.72,0.0,0
1970-08-24,72,54,0.00,0.0,0
1970-08-25,72,48,0.00,0.0,0
1970-08-26,85,56,0.00,0.0,0
1970-08-27,82,54,0.00,0.0,0
1970-08-28,87,54,0.12,0.0,0
1970-08-29,78,55,0.00,0.0,0
1970-08-30,71,48,0.03,0.0,0
1970-08-31,70,61,0.35,0.0,0
1970-09-01,68,47,0.00,0.0,0
1970-09-02,73,45,0.00,0.0,0
1970-09-03,70,49,T,0.0,0
1970-09-04,86,62,0.02,0.0,0
1970-09-05,82,63,0.00,0.0,0
1970-09-06,75,47,0.00,0.0,0
1970-09-07,72,47,0.00,0.0,0
1970-09-08,70,42,0.00,0.0,0
1970-09-09,65,55,0.21,0.0,0
1970-09-10,79,62,0.00,0.0,0
1970-09-11,74,47,0.00,0.0,0
1970-09-12,73,41,0.00,0.0,0
1970-09-13,80,40,0.00,0.0,0
1970-09-14,74,49,0.27,0.0,0
1970-09-15,54,51,0.80,0.0,0
1970-09-16,74,54,T,0.0,0
1970-09-17,71,49,0.00,0.0,0
1970-09-18,65,52,0.53,0.0,0
1970-09-19,71,54,0.00,0.0,0
1970-09-20,73,41,0.00,0.0,0
1970-09-21,78,47,0.00,0.0,0
1970-09-22,89,58,0.00,0.0,0
1970-09-23,86,61,T,0.0,0
1970-09-24,83,58,0.00,0.0,0
1970-09-25,85,65,T,0.0,0
1970-09-26,83,65,0.00,0.0,0
1970-09-27,76,52,0.65,0.0,0
1970-09-28,65,36,T,0.0,0
1970-09-29,55,42,0.02,0.0,0
1970-09-30,55,33,0.04,0.0,0
1970-10-01,58,39,0.00,0.0,0
1970-10-02,60,32,0.00,0.0,0
1970-10-03,69,54,0.35,0.0,0
1970-10-04,60,40,0.01,0.0,0
1970-10-05,59,31,0.00,0.0,0
1970-10-06,64,31,0.00,0.0,0
1970-10-07,74,46,0.00,0.0,0
1970-10-08,75,44,0.00,0.0,0
1970-10-09,73,48,0.00,0.0,0
1970-10-10,72,48,0.00,0.0,0
1970-10-11,68,58,T,0.0,0
1970-10-12,63,49,0.00,0.0,0
1970-10-13,67,55,0.27,0.0,0
1970-10-14,74,58,T,0.0,0
1970-10-15,70,58,0.60,0.0,0
1970-10-16,58,41,T,0.0,0
1970-10-17,44,32,T,T,0
1970-10-18,63,33,0.00,0.0,0
1970-10-19,60,29,0.00,0.0,0
1970-10-20,62,21,0.00,0.0,0
1970-10-21,56,41,0.16,0.0,0
1970-10-22,57,50,0.99,0.0,0
1970-10-23,66,57,0.95,0.0,0
1970-10-24,64,55,0.00,0.0,0
1970-10-25,59,42,0.00,0.0,0
1970-10-26,59,47,0.01,0.0,0
1970-10-27,48,38,0.00,0.0,0
1970-10-28,52,26,0.00,0.0,0
1970-10-29,55,24,0.00,0.0,0
1970-10-30,53,24,0.00,0.0,0
1970-10-31,54,26,0.00,0.0,0
1970-11-01,58,33,0.00,0.0,0
1970-11-02,62,31,0.00,0.0,0
1970-11-03,59,34,0.00,0.0,0
1970-11-04,54,42,0.03,0.0,0
1970-11-05,50,38,0.16,0.0,0
1970-11-06,49,35,0.00,0.0,0
1970-11-07,59,26,0.00,0.0,0
1970-11-08,50,28,0.00,0.0,0
1970-11-09,52,22,0.00,0.0,0
1970-11-10,51,31,0.09,0.0,0
1970-11-11,57,51,0.48,0.0,0
1970-11-12,56,51,0.08,0.0,0
1970-11-13,51,42,0.15,0.0,0
1970-11-14,49,42,0.01,0.0,0
1970-11-15,44,40,0.57,0.0,0
1970-11-16,44,34,0.04,0.0,0
1970-11-17,46,26,0.00,0.0,0
1970-11-18,42,23,0.00,0.0,0
1970-11-19,44,39,0.15,0.0,0
1970-11-20,50,40,0.12,0.0,0
1970-11-21,48,40,0.25,0.0,0
1970-11-22,49,23,0.00,0.0,0
1970-11-23,54,33,0.07,0.0,0
1970-11-24,33,16,T,T,0
1970-11-25,35,10,0.00,0.0,0
1970-11-26,39,14,0.00,0.0,0
1970-11-27,43,33,0.00,0.0,0
1970-11-28,45,31,0.01,0.0,0
1970-11-29,44,35,0.00,0.0,0
1970-11-30,47,37,0.03,0.0,0
1970-12-01,43,23,0.00,0.0,0
1970-12-02,63,43,0.00,0.0,0
1970-12-03,56,22,0.00,0.0,0
1970-12-04,53,25,0.16,T,0
1970-12-05,31,19,0.00,0.0,0
1970-12-06,31,22,T,0.2,T
1970-12-07,25,16,T,T,0
1970-12-08,21,6,0.02,0.5,T
1970-12-09,33,20,0.04,0.6,1
1970-12-10,39,27,T,0.0,0
1970-12-11,28,21,0.10,1.8,2
1970-12-12,25,19,0.62,5.5,7
1970-12-13,26,20,0.39,5.0,9
1970-12-14,32,20,T,T,8
1970-12-15,30,12,T,0.2,8
1970-12-16,24,-5,0.00,0.0,7
1970-12-17,31,23,1.88,14.0,19
1970-12-18,32,22,0.00,0.0,18
1970-12-19,48,10,T,0.0,15
1970-12-20,44,27,0.03,T,13
1970-12-21,31,20,T,T,13
1970-12-22,20,6,0.29,3.8,16
1970-12-23,19,8,0.03,1.0,17
1970-12-24,28,14,0.31,3.5,19
1970-12-25,25,14,T,T,19
1970-12-26,28,12,T,T,18
1970-12-27,25,9,0.00,0.0,17
1970-12-28,25,19,T,T,16
1970-12-29,22,13,T,T,15
1970-12-30,20,12,0.00,0.0,14
1970-12-31,30,6,0.00,0.0,14
1971-01-01,26,6,0.71,8.0,22
1971-01-02,27,1,T,T,21
1971-01-03,37,4,0.00,0.0,21
1971-01-04,39,10,0.04,T,20
1971-01-05,40,31,T,0.0,15
1971-01-06,31,18,0.00,0.0,15
1971-01-07,23,16,T,T,15
1971-01-08,20,13,0.00,0.0,15
1971-01-09,21,-11,0.00,0.0,15
1971-01-10,33,4,0.00,0.0,15
1971-01-11,39,21,0.00,0.0,14
1971-01-12,32,16,0.00,0.0,14
1971-01-13,16,-8,0.00,0.0,14
1971-01-14,28,9,0.44,2.0,16
1971-01-15,34,6,T,T,16
1971-01-16,22,-1,T,T,16
1971-01-17,14,-22,0.00,0.0,16
1971-01-18,10,-20,0.00,0.0,16
1971-01-19,9,-23,0.00,0.0,16
1971-01-20,17,-11,0.00,0.0,15
1971-01-21,19,8,T,T,15
1971-01-22,36,19,T,T,14
1971-01-23,38,10,0.04,1.0,14
1971-01-24,37,-0,0.00,0.0,14
1971-01-25,41,20,0.00,0.0,13
1971-01-26,43,22,0.12,T,12
1971-01-27,23,4,T,0.5,12
1971-01-28,17,-11,T,T,12
1971-01-29,23,6,T,T,12
1971-01-30,37,16,0.03,0.5,12
1971-01-31,21,-4,T,T,12
1971-02-01,10,-16,0.00,0.0,12
1971-02-02,11,1,0.00,0.0,12
1971-02-03,14,-12,0.00,0.0,12
1971-02-04,21,-9,0.00,0.0,12
1971-02-05,34,8,0.32,1.0,13
1971-02-06,42,16,0.00,0.0,12
1971-02-07,32,8,0.00,0.0,12
1971-02-08,38,26,1.35,12.0,23
1971-02-09,34,20,0.40,0.0,17
1971-02-10,21,8,0.00,0.0,17
1971-02-11,33,-5,0.00,0.0,17
1971-02-12,46,27,0.00,0.0,15
1971-02-13,43,32,1.82,0.0,12
1971-02-14,40,17,0.11,T,11
1971-02-15,29,18,0.00,0.0,11
1971-02-16,32,21,T,T,11
1971-02-17,33,8,0.11,1.5,12
1971-02-18,51,28,T,T,10
1971-02-19,48,30,0.00,0.0,8
1971-02-20,38,28,0.28,0.0,8
1971-02-21,39,32,0.01,0.0,8
1971-02-22,36,26,0.00,0.0,8
1971-02-23,34,28,0.63,1.0,8
1971-02-24,37,30,T,T,8
1971-02-25,39,28,0.00,0.0,8
1971-02-26,45,16,0.00,0.0,7
1971-02-27,49,33,0.12,0.0,6
1971-02-28,49,27,0.00,0.0,5
1971-03-01,44,29,0.00,0.0,4
1971-03-02,40,20,0.00,0.0,4
1971-03-03,33,26,0.36,3.0,7
1971-03-04,27,22,1.36,8.5,14
1971-03-05,37,22,T,T,10
1971-03-06,39,17,0.00,0.0,9
1971-03-07,38,30,0.18,1.0,9
1971-03-08,37,22,0.02,0.7,9
1971-03-09,30,18,0.00,0.0,9
1971-03-10,34,12,0.00,0.0,9
1971-03-11,39,29,T,T,9
1971-03-12,41,25,0.00,0.0,8
1971-03-13,38,23,T,T,8
1971-03-14,46,35,0.00,0.0,7
1971-03-15,54,26,0.05,0.0,4
1971-03-16,59,27,T,0.0,T
1971-03-17,37,27,T,0.2,T
1971-03-18,35,22,0.00,0.0,T
1971-03-19,32,20,0.53,8.0,8
1971-03-20,42,27,0.32,3.5,7
1971-03-21,39,30,T,T,5
1971-03-22,45,21,0.00,0.0,4
1971-03-23,35,19,0.00,0.0,3
1971-03-24,29,19,T,T,3
1971-03-25,33,20,T,T,2
1971-03-26,38,19,0.00,0.0,T
1971-03-27,39,14,0.00,0.0,T
1971-03-28,45,15,0.00,0.0,T
1971-03-29,47,26,0.00,0.0,T
1971-03-30,43,29,T,T,T
1971-03-31,42,25,0.00,0.0,T
1971-04-01,52,19,0.00,0.0,T
1971-04-02,56,35,0.30,0.0,T
1971-04-03,53,30,0.28,0.0,T
1971-04-04,47,25,0.00,0.0,T
1971-04-05,43,22,0.00,0.0,T
1971-04-06,44,22,0.00,0.0,T
1971-04-07,47,29,0.58,6.0,T
1971-04-08,42,24,0.00,0.0,T
1971-04-09,67,20,0.00,0.0,0
1971-04-10,60,31,0.35,T,0
1971-04-11,57,30,T,0.0,0
1971-04-12,66,24,0.00,0.0,0
1971-04-13,78,33,0.00,0.0,0
1971-04-14,71,31,0.00,0.0,0
1971-04-15,44,28,0.00,0.0,0
1971-04-16,40,27,0.04,0.8,0
1971-04-17,51,25,0.00,0.0,0
1971-04-18,58,27,0.00,0.0,0
1971-04-19,65,38,0.00,0.0,0
1971-04-20,65,33,0.00,0.0,0
1971-04-21,64,42,T,0.0,0
1971-04-22,52,41,0.00,0.0,0
1971-04-23,52,39,0.00,0.0,0
1971-04-24,62,26,T,T,0
1971-04-25,47,32,T,T,0
1971-04-26,48,36,T,0.0,0
1971-04-27,58,38,0.00,0.0,0
1971-04-28,52,28,0.16,0.0,0
1971-04-29,M,M,0.20,0.0,0
1971-04-30,M,M,0.03,0.0,0
1971-05-01,57,36,0.00,0.0,0
1971-05-02,60,39,T,0.0,0
1971-05-03,49,44,0.20,0.0,0
1971-05-04,50,39,0.13,0.0,0
1971-05-05,68,37,0.00,0.0,0
1971-05-06,66,45,0.00,0.0,0
1971-05-07,69,35,0.00,0.0,0
1971-05-08,61,38,0.26,0.0,0
1971-05-09,50,44,0.43,0.0,0
1971-05-10,71,46,0.08,0.0,0
1971-05-11,77,42,0.00,0.0,0
1971-05-12,75,46,0.00,0.0,0
1971-05-13,71,44,1.29,0.0,0
1971-05-14,68,33,0.00,0.0,0
1971-05-15,69,28,0.00,0.0,0
1971-05-16,63,47,T,0.0,0
1971-05-17,73,40,0.00,0.0,0
1971-05-18,79,40,0.00,0.0,0
1971-05-19,84,44,0.00,0.0,0
1971-05-20,78,54,0.00,0.0,0
1971-05-21,72,54,0.43,0.0,0
1971-05-22,64,44,0.00,0.0,0
1971-05-23,65,40,0.00,0.0,0
1971-05-24,69,33,0.00,0.0,0
1971-05-25,79,45,T,0.0,0
1971-05-26,75,49,0.00,0.0,0
1971-05-27,60,47,0.18,0.0,0
1971-05-28,65,40,0.00,0.0,0
1971-05-29,72,39,0.00,0.0,0
1971-05-30,66,44,0.15,0.0,0
1971-05-31,M,M,0.00,0.0,0
1971-06-01,M,M,0.00,0.0,0
1971-06-02,70,36,0.00,0.0,0
1971-06-03,80,56,0.00,0.0,0
1971-06-04,82,49,0.04,0.0,0
1971-06-05,76,48,0.18,0.0,0
1971-06-06,76,38,0.00,0.0,0
1971-06-07,87,51,0.00,0.0,0
1971-06-08,85,63,T,0.0,0
1971-06-09,75,57,0.00,0.0,0
1971-06-10,73,48,0.00,0.0,0
1971-06-11,74,41,0.00,0.0,0
1971-06-12,82,48,0.00,0.0,0
1971-06-13,79,57,0.22,0.0,0
1971-06-14,71,55,0.00,0.0,0
1971-06-15,69,56,0.00,0.0,0
1971-06-16,75,51,0.00,0.0,0
1971-06-17,82,58,0.00,0.0,0
1971-06-18,85,50,0.00,0.0,0
1971-06-19,84,60,0.00,0.0,0
1971-06-20,87,56,0.00,0.0,0
1971-06-21,86,56,0.09,0.0,0
1971-06-22,M,M,0.00,0.0,0
1971-06-23,83,51,0.00,0.0,0
1971-06-24,89,57,0.04,0.0,0
1971-06-25,88,53,0.00,0.0,0
1971-06-26,79,61,0.29,0.0,0
1971-06-27,89,49,0.00,0.0,0
1971-06-28,78,57,0.00,0.0,0
1971-06-29,82,63,0.00,0.0,0
1971-06-30,92,60,0.00,0.0,0
1971-07-01,91,68,0.28,0.0,0
1971-07-02,79,67,0.05,0.0,0
1971-07-03,76,47,0.00,0.0,0
1971-07-04,76,42,0.00,0.0,0
1971-07-05,85,48,0.00,0.0,0
1971-07-06,88,48,0.00,0.0,0
1971-07-07,85,55,0.00,0.0,0
1971-07-08,91,57,0.00,0.0,0
1971-07-09,92,62,0.00,0.0,0
1971-07-10,87,49,0.00,0.0,0
1971-07-11,84,52,0.00,0.0,0
1971-07-12,80,50,0.00,0.0,0
1971-07-13,83,44,0.00,0.0,0
1971-07-14,78,58,0.03,0.0,0
1971-07-15,83,50,0.00,0.0,0
1971-07-16,83,50,0.07,0.0,0
1971-07-17,88,65,0.11,0.0,0
1971-07-18,77,53,0.00,0.0,0
1971-07-19,74,46,0.49,0.0,0
1971-07-20,74,53,0.00,0.0,0
1971-07-21,82,49,0.00,0.0,0
1971-07-22,82,49,0.00,0.0,0
1971-07-23,88,49,0.00,0.0,0
1971-07-24,84,57,0.00,0.0,0
1971-07-25,78,58,0.22,0.0,0
1971-07-26,84,61,0.00,0.0,0
1971-07-27,80,68,T,0.0,0
1971-07-28,84,45,0.00,0.0,0
1971-07-29,84,59,0.41,0.0,0
1971-07-30,75,68,0.05,0.0,0
1971-07-31,84,67,0.47,0.0,0
1971-08-01,79,61,T,0.0,0
1971-08-02,77,67,0.27,0.0,0
1971-08-03,73,68,0.50,0.0,0
1971-08-04,70,60,0.03,0.0,0
1971-08-05,76,51,0.00,0.0,0
1971-08-06,82,49,0.00,0.0,0
1971-08-07,83,54,0.00,0.0,0
1971-08-08,86,56,0.00,0.0,0
1971-08-09,88,57,0.00,0.0,0
1971-08-10,89,58,0.00,0.0,0
1971-08-11,90,68,0.20,0.0,0
1971-08-12,74,50,0.00,0.0,0
1971-08-13,80,43,0.00,0.0,0
1971-08-14,83,48,0.00,0.0,0
1971-08-15,78,53,0.00,0.0,0
1971-08-16,77,54,0.00,0.0,0
1971-08-17,85,43,0.00,0.0,0
1971-08-18,87,49,0.00,0.0,0
1971-08-19,83,49,0.00,0.0,0
1971-08-20,85,59,T,0.0,0
1971-08-21,83,67,T,0.0,0
1971-08-22,83,57,0.13,0.0,0
1971-08-23,84,56,0.00,0.0,0
1971-08-24,63,41,0.00,0.0,0
1971-08-25,77,36,0.00,0.0,0
1971-08-26,82,56,0.00,0.0,0
1971-08-27,76,54,1.57,0.0,0
1971-08-28,80,60,4.35,0.0,0
1971-08-29,79,61,0.00,0.0,0
1971-08-30,84,56,0.00,0.0,0
1971-08-31,72,61,0.04,0.0,0
1971-09-01,74,41,0.00,0.0,0
1971-09-02,77,41,0.00,0.0,0
1971-09-03,79,52,0.00,0.0,0
1971-09-04,83,59,0.00,0.0,0
1971-09-05,86,61,0.00,0.0,0
1971-09-06,83,62,T,0.0,0
1971-09-07,81,66,0.00,0.0,0
1971-09-08,84,63,0.00,0.0,0
1971-09-09,85,61,0.00,0.0,0
1971-09-10,76,49,0.00,0.0,0
1971-09-11,78,56,0.00,0.0,0
1971-09-12,79,63,0.42,0.0,0
1971-09-13,72,61,0.61,0.0,0
1971-09-14,69,61,1.71,0.0,0
1971-09-15,79,62,0.04,0.0,0
1971-09-16,77,57,0.00,0.0,0
1971-09-17,71,62,0.14,0.0,0
1971-09-18,71,58,0.00,0.0,0
1971-09-19,65,48,0.00,0.0,0
1971-09-20,68,56,0.00,0.0,0
1971-09-21,70,54,0.47,0.0,0
1971-09-22,67,42,0.00,0.0,0
1971-09-23,M,M,T,0.0,0
1971-09-24,63,42,0.00,0.0,0
1971-09-25,62,35,0.00,0.0,0
1971-09-26,57,42,0.04,0.0,0
1971-09-27,59,54,T,0.0,0
1971-09-28,63,53,T,0.0,0
1971-09-29,78,55,0.00,0.0,0
1971-09-30,74,50,0.00,0.0,0
1971-10-01,70,45,0.00,0.0,0
1971-10-02,77,48,0.00,0.0,0
1971-10-03,70,56,0.00,0.0,0
1971-10-04,63,48,0.00,0.0,0
1971-10-05,68,53,T,0.0,0
1971-10-06,66,51,T,0.0,0
1971-10-07,56,40,T,0.0,0
1971-10-08,58,33,0.00,0.0,0
1971-10-09,60,37,T,0.0,0
1971-10-10,59,53,1.32,0.0,0
1971-10-11,59,48,0.02,0.0,0
1971-10-12,58,34,0.00,0.0,0
1971-10-13,60,29,0.00,0.0,0
1971-10-14,70,50,0.00,0.0,0
1971-10-15,72,43,0.00,0.0,0
1971-10-16,69,42,0.00,0.0,0
1971-10-17,64,43,0.00,0.0,0
1971-10-18,62,32,0.00,0.0,0
1971-10-19,69,37,0.00,0.0,0
1971-10-20,61,40,0.00,0.0,0
1971-10-21,64,31,0.00,0.0,0
1971-10-22,61,34,0.00,0.0,0
1971-10-23,68,48,0.00,0.0,0
1971-10-24,62,45,0.76,0.0,0
1971-10-25,61,49,0.46,0.0,0
1971-10-26,66,53,0.04,0.0,0
1971-10-27,67,45,0.00,0.0,0
1971-10-28,74,45,0.00,0.0,0
1971-10-29,70,43,0.00,0.0,0
1971-10-30,66,34,0.00,0.0,0
1971-10-31,58,49,0.00,0.0,0
1971-11-01,65,47,T,0.0,0
1971-11-02,77,51,0.40,0.0,0
1971-11-03,72,45,T,0.0,0
1971-11-04,50,29,T,0.0,0
1971-11-05,59,30,0.00,0.0,0
1971-11-06,54,24,0.00,0.0,0
1971-11-07,56,29,0.18,0.0,0
1971-11-08,34,27,T,T,0
1971-11-09,35,12,0.00,0.0,0
1971-11-10,38,26,T,T,0
1971-11-11,37,31,T,T,0
1971-11-12,41,31,0.00,0.0,0
1971-11-13,38,32,T,T,0
1971-11-14,37,16,0.00,0.0,0
1971-11-15,34,18,0.01,0.0,0
1971-11-16,48,33,0.00,0.0,0
1971-11-17,49,23,0.00,0.0,0
1971-11-18,54,27,0.00,0.0,0
1971-11-19,54,27,0.01,0.0,0
1971-11-20,47,33,T,0.0,0
1971-11-21,42,33,0.03,T,0
1971-11-22,36,29,0.05,0.2,0
1971-11-23,30,19,0.00,0.0,0
1971-11-24,29,14,0.00,0.0,0
1971-11-25,32,27,2.27,24.0,23
1971-11-26,39,26,T,T,17
1971-11-27,38,21,T,0.0,14
1971-11-28,42,31,0.07,0.0,8
1971-11-29,37,30,0.08,0.3,6
1971-11-30,38,30,0.79,0.5,6
1971-12-01,30,20,0.00,0.0,6
1971-12-02,25,8,0.00,0.0,6
1971-12-03,36,3,0.00,0.0,6
1971-12-04,33,20,0.00,0.0,6
1971-12-05,27,4,0.00,0.0,5
1971-12-06,39,11,0.62,0.0,5
1971-12-07,43,33,0.55,0.0,4
1971-12-08,36,32,0.15,0.0,4
1971-12-09,37,32,0.01,0.0,4
1971-12-10,45,32,T,0.0,3
1971-12-11,58,32,T,0.0,T
1971-12-12,49,18,0.00,0.0,T
1971-12-13,42,32,0.00,0.0,T
1971-12-14,36,27,T,T,T
1971-12-15,39,30,0.26,0.0,T
1971-12-16,58,36,0.02,0.0,0
1971-12-17,45,30,0.00,0.0,0
1971-12-18,32,18,T,T,0
1971-12-19,22,10,T,T,T
1971-12-20,32,22,0.03,0.5,T
1971-12-21,42,30,T,0.0,0
1971-12-22,39,20,0.02,0.5,T
1971-12-23,30,6,0.00,0.0,0
1971-12-24,50,23,0.09,0.0,0
1971-12-25,45,22,0.02,0.0,0
1971-12-26,44,21,0.12,1.0,0
1971-12-27,43,28,T,0.0,0
1971-12-28,44,29,0.01,0.0,0
1971-12-29,43,29,0.00,0.0,0
1971-12-30,36,25,1.00,4.5,4
1971-12-31,36,12,0.13,T,4
1972-01-01,26,2,0.00,0.0,4
1972-01-02,41,13,0.62,0.5,3
1972-01-03,41,31,0.00,0.0,3
1972-01-04,36,19,0.00,0.0,3
1972-01-05,32,17,0.12,1.8,4
1972-01-06,18,-11,0.00,0.0,4
1972-01-07,34,-2,0.00,0.0,4
1972-01-08,33,8,T,T,3
1972-01-09,40,6,0.03,0.0,3
1972-01-10,47,32,0.06,0.0,3
1972-01-11,47,27,0.00,0.0,2
1972-01-12,42,23,0.03,0.5,2
1972-01-13,49,25,0.00,0.0,T
1972-01-14,48,18,0.10,0.5,T
1972-01-15,25,7,T,T,T
1972-01-16,7,-0,T,T,T
1972-01-17,29,-1,0.00,0.0,T
1972-01-18,39,9,0.00,0.0,T
1972-01-19,49,28,0.04,0.0,T
1972-01-20,35,25,0.06,0.5,T
1972-01-21,39,17,T,0.0,T
1972-01-22,36,7,0.00,0.0,T
1972-01-23,39,32,0.00,0.0,0
1972-01-24,38,27,0.12,1.0,0
1972-01-25,50,21,0.18,T,0
1972-01-26,22,11,0.00,0.0,0
1972-01-27,24,10,0.00,0.0,0
1972-01-28,28,15,0.11,1.5,1
1972-01-29,27,5,0.00,0.0,1
1972-01-30,32,12,0.00,0.0,1
1972-01-31,28,12,0.00,0.0,T
1972-02-01,32,1,0.00,0.0,T
1972-02-02,29,15,T,T,T
1972-02-03,29,22,0.07,1.5,2
1972-02-04,36,20,1.56,5.0,4
1972-02-05,20,11,0.00,0.0,4
1972-02-06,23,-1,0.02,0.5,4
1972-02-07,19,8,0.03,1.0,4
1972-02-08,19,-11,0.00,0.0,4
1972-02-09,26,10,0.00,0.0,4
1972-02-10,27,7,0.00,0.0,4
1972-02-11,28,11,0.00,0.0,4
1972-02-12,33,-6,0.00,0.0,3
1972-02-13,33,12,1.04,2.0,4
1972-02-14,40,33,0.34,0.0,3
1972-02-15,52,19,0.00,0.0,2
1972-02-16,38,26,0.00,0.0,1
1972-02-17,31,9,0.00,0.0,1
1972-02-18,37,14,T,T,1
1972-02-19,33,22,1.95,15.0,16
1972-02-20,22,5,0.00,0.0,15
1972-02-21,22,-2,0.00,0.0,13
1972-02-22,39,8,0.05,1.0,14
1972-02-23,12,-15,0.08,1.0,14
1972-02-24,39,12,T,T,13
1972-02-25,35,17,T,T,12
1972-02-26,33,20,0.81,5.0,16
1972-02-27,38,10,0.00,0.0,16
1972-02-28,43,24,T,0.0,15
1972-02-29,44,31,T,0.0,14
1972-03-01,60,28,0.00,0.0,10
1972-03-02,66,31,T,0.0,4
1972-03-03,53,19,0.63,0.5,3
1972-03-04,24,3,0.00,0.0,3
1972-03-05,36,24,0.02,0.5,3
1972-03-06,25,13,T,T,3
1972-03-07,46,7,0.00,0.0,2
1972-03-08,46,26,T,T,2
1972-03-09,26,10,0.00,0.0,2
1972-03-10,29,-2,0.00,0.0,2
1972-03-11,29,1,0.00,0.0,2
1972-03-12,35,29,0.15,0.0,2
1972-03-13,40,30,0.00,0.0,2
1972-03-14,32,26,0.44,3.5,5
1972-03-15,36,25,0.76,6.0,7
1972-03-16,44,20,T,0.0,4
1972-03-17,43,34,0.73,0.0,2
1972-03-18,43,34,0.38,0.0,T
1972-03-19,34,26,0.00,0.0,T
1972-03-20,37,11,0.00,0.0,T
1972-03-21,50,20,0.00,0.0,T
1972-03-22,51,39,0.36,0.0,T
1972-03-23,42,32,0.08,T,T
1972-03-24,36,29,0.01,T,T
1972-03-25,33,24,T,T,T
1972-03-26,34,22,0.00,0.0,T
1972-03-27,33,25,T,T,T
1972-03-28,41,21,0.00,0.0,T
1972-03-29,49,28,0.00,0.0,T
1972-03-30,41,29,0.15,0.0,T
1972-03-31,49,28,0.00,0.0,T
1972-04-01,54,25,0.00,0.0,0
1972-04-02,44,32,0.08,0.3,0
1972-04-03,43,25,T,T,0
1972-04-04,39,21,0.01,T,0
1972-04-05,47,22,0.00,0.0,0
1972-04-06,43,17,T,T,T
1972-04-07,33,20,0.45,5.5,3
1972-04-08,35,20,0.00,0.0,2
1972-04-09,38,26,0.00,0.0,T
1972-04-10,46,30,0.00,0.0,0
1972-04-11,45,26,0.20,2.0,0
1972-04-12,56,26,0.00,0.0,0
1972-04-13,51,28,0.42,T,0
1972-04-14,53,33,0.00,0.0,0
1972-04-15,47,25,T,0.0,0
1972-04-16,56,39,T,0.0,0
1972-04-17,63,40,0.19,0.0,0
1972-04-18,67,38,0.00,0.0,0
1972-04-19,82,35,T,0.0,0
1972-04-20,63,34,1.03,T,0
1972-04-21,54,32,0.00,0.0,0
1972-04-22,50,29,0.41,T,0
1972-04-23,58,38,0.03,0.0,0
1972-04-24,54,38,0.01,0.0,0
1972-04-25,51,28,0.00,0.0,0
1972-04-26,52,25,0.00,0.0,0
1972-04-27,52,28,0.00,0.0,0
1972-04-28,60,26,0.00,0.0,0
1972-04-29,65,30,0.00,0.0,0
1972-04-30,76,31,0.00,0.0,0
1972-05-01,75,48,0.00,0.0,0
1972-05-02,72,55,0.21,0.0,0
1972-05-03,66,55,0.30,0.0,0
1972-05-04,60,50,1.02,0.0,0
1972-05-05,53,45,T,0.0,0
1972-05-06,68,31,0.00,0.0,0
1972-05-07,61,51,0.00,0.0,0
1972-05-08,56,41,0.59,0.0,0
1972-05-09,45,42,1.02,0.0,0
1972-05-10,60,41,0.14,0.0,0
1972-05-11,66,29,T,0.0,0
1972-05-12,68,36,0.00,0.0,0
1972-05-13,M,M,0.00,0.0,0
1972-05-14,M,M,T,0.0,0
1972-05-15,71,55,0.08,0.0,0
1972-05-16,73,56,0.22,0.0,0
1972-05-17,M,M,0.20,0.0,0
1972-05-18,75,45,0.00,0.0,0
1972-05-19,76,49,0.00,0.0,0
1972-05-20,61,53,0.71,0.0,0
1972-05-21,79,53,0.00,0.0,0
1972-05-22,78,53,0.00,0.0,0
1972-05-23,80,39,0.00,0.0,0
1972-05-24,79,M,0.00,0.0,0
1972-05-25,72,43,0.00,0.0,0
1972-05-26,67,34,0.00,0.0,0
1972-05-27,75,34,0.00,0.0,0
1972-05-28,81,40,0.00,0.0,0
1972-05-29,82,42,0.00,0.0,0
1972-05-30,78,49,T,0.0,0
1972-05-31,67,61,1.08,0.0,0
1972-06-01,M,M,0.51,0.0,0
1972-06-02,69,42,0.00,0.0,0
1972-06-03,M,M,0.00,0.0,0
1972-06-04,78,51,0.03,0.0,0
1972-06-05,75,54,0.15,0.0,0
1972-06-06,79,55,0.12,0.0,0
1972-06-07,71,49,0.24,0.0,0
1972-06-08,72,49,0.05,0.0,0
1972-06-09,77,55,0.26,0.0,0
1972-06-10,65,48,0.08,0.0,0
1972-06-11,62,40,0.00,0.0,0
1972-06-12,65,34,0.00,0.0,0
1972-06-13,74,55,T,0.0,0
1972-06-14,81,56,0.00,0.0,0
1972-06-15,84,61,0.00,0.0,0
1972-06-16,79,62,0.20,0.0,0
1972-06-17,74,57,0.00,0.0,0
1972-06-18,75,51,0.00,0.0,0
1972-06-19,71,60,T,0.0,0
1972-06-20,81,63,0.00,0.0,0
1972-06-21,75,63,0.88,0.0,0
1972-06-22,71,64,1.25,0.0,0
1972-06-23,69,56,1.46,0.0,0
1972-06-24,66,53,0.03,0.0,0
1972-06-25,65,54,0.27,0.0,0
1972-06-26,65,53,0.01,0.0,0
1972-06-27,75,53,0.00,0.0,0
1972-06-28,75,50,T,0.0,0
1972-06-29,79,51,0.00,0.0,0
1972-06-30,72,59,1.61,0.0,0
1972-07-01,80,59,0.06,0.0,0
1972-07-02,87,53,0.00,0.0,0
1972-07-03,81,62,0.16,0.0,0
1972-07-04,71,57,0.00,0.0,0
1972-07-05,M,M,0.08,0.0,0
1972-07-06,M,M,0.00,0.0,0
1972-07-07,73,58,T,0.0,0
1972-07-08,78,48,0.21,0.0,0
1972-07-09,75,47,0.00,0.0,0
1972-07-10,81,57,0.06,0.0,0
1972-07-11,86,58,0.00,0.0,0
1972-07-12,88,58,0.00,0.0,0
1972-07-13,78,64,0.05,0.0,0
1972-07-14,84,61,0.00,0.0,0
1972-07-15,91,63,0.00,0.0,0
1972-07-16,86,66,0.69,0.0,0
1972-07-17,86,67,0.02,0.0,0
1972-07-18,87,63,0.00,0.0,0
1972-07-19,91,67,0.14,0.0,0
1972-07-20,90,64,0.00,0.0,0
1972-07-21,88,69,T,0.0,0
1972-07-22,87,68,0.00,0.0,0
1972-07-23,88,69,0.00,0.0,0
1972-07-24,84,71,0.00,0.0,0
1972-07-25,87,59,0.13,0.0,0
1972-07-26,77,59,0.00,0.0,0
1972-07-27,78,53,0.00,0.0,0
1972-07-28,76,54,0.00,0.0,0
1972-07-29,78,52,0.00,0.0,0
1972-07-30,78,53,0.00,0.0,0
1972-07-31,75,55,T,0.0,0
1972-08-01,85,57,0.00,0.0,0
1972-08-02,79,58,0.00,0.0,0
1972-08-03,75,62,0.31,0.0,0
1972-08-04,75,61,0.00,0.0,0
1972-08-05,73,44,0.00,0.0,0
1972-08-06,77,43,0.00,0.0,0
1972-08-07,82,60,0.00,0.0,0
1972-08-08,75,58,0.48,0.0,0
1972-08-09,68,49,0.00,0.0,0
1972-08-10,M,M,0.00,0.0,0
1972-08-11,M,45,0.00,0.0,0
1972-08-12,79,M,0.00,0.0,0
1972-08-13,82,57,0.00,0.0,0
1972-08-14,78,55,0.88,0.0,0
1972-08-15,71,51,0.15,0.0,0
1972-08-16,71,44,0.00,0.0,0
1972-08-17,65,55,0.00,0.0,0
1972-08-18,80,55,T,0.0,0
1972-08-19,80,54,0.00,0.0,0
1972-08-20,78,51,0.00,0.0,0
1972-08-21,81,47,0.00,0.0,0
1972-08-22,84,48,0.00,0.0,0
1972-08-23,84,52,0.00,0.0,0
1972-08-24,88,63,T,0.0,0
1972-08-25,87,67,0.03,0.0,0
1972-08-26,85,63,0.00,0.0,0
1972-08-27,83,64,0.68,0.0,0
1972-08-28,81,62,0.00,0.0,0
1972-08-29,84,54,0.00,0.0,0
1972-08-30,80,56,0.00,0.0,0
1972-08-31,81,49,0.00,0.0,0
1972-09-01,81,50,0.00,0.0,0
1972-09-02,78,54,0.00,0.0,0
1972-09-03,78,62,0.00,0.0,0
1972-09-04,72,58,0.00,0.0,0
1972-09-05,73,43,0.00,0.0,0
1972-09-06,76,40,0.00,0.0,0
1972-09-07,78,42,0.00,0.0,0
1972-09-08,80,45,T,0.0,0
1972-09-09,74,58,0.03,0.0,0
1972-09-10,69,43,0.00,0.0,0
1972-09-11,77,41,0.00,0.0,0
1972-09-12,78,48,0.00,0.0,0
1972-09-13,70,51,0.05,0.0,0
1972-09-14,72,57,0.13,0.0,0
1972-09-15,72,39,0.00,0.0,0
1972-09-16,81,43,0.00,0.0,0
1972-09-17,90,53,0.00,0.0,0
1972-09-18,85,56,0.00,0.0,0
1972-09-19,76,56,0.11,0.0,0
1972-09-20,68,49,0.00,0.0,0
1972-09-21,67,36,0.00,0.0,0
1972-09-22,66,54,0.00,0.0,0
1972-09-23,65,36,0.17,0.0,0
1972-09-24,63,40,T,0.0,0
1972-09-25,78,53,T,0.0,0
1972-09-26,83,56,0.00,0.0,0
1972-09-27,74,54,0.00,0.0,0
1972-09-28,68,37,0.00,0.0,0
1972-09-29,62,54,T,0.0,0
1972-09-30,73,52,0.03,0.0,0
1972-10-01,58,34,0.00,0.0,0
1972-10-02,65,29,0.00,0.0,0
1972-10-03,69,34,0.00,0.0,0
1972-10-04,72,37,0.00,0.0,0
1972-10-05,70,38,0.00,0.0,0
1972-10-06,70,41,0.00,0.0,0
1972-10-07,59,55,2.81,0.0,0
1972-10-08,65,45,0.10,0.0,0
1972-10-09,53,40,T,T,0
1972-10-10,51,25,0.00,0.0,0
1972-10-11,61,24,0.00,0.0,0
1972-10-12,53,40,0.23,0.0,0
1972-10-13,54,39,0.00,0.0,0
1972-10-14,62,29,0.00,0.0,0
1972-10-15,59,35,0.08,0.0,0
1972-10-16,54,29,T,0.0,0
1972-10-17,59,42,0.01,0.0,0
1972-10-18,45,24,0.00,0.0,0
1972-10-19,45,33,0.03,T,0
1972-10-20,44,21,0.00,0.0,0
1972-10-21,49,17,0.00,0.0,0
1972-10-22,50,37,T,0.0,0
1972-10-23,M,M,0.00,0.0,0
1972-10-24,63,42,T,0.0,0
1972-10-25,53,37,0.00,0.0,0
1972-10-26,54,26,0.00,0.0,0
1972-10-27,58,22,0.00,0.0,0
1972-10-28,61,29,0.15,0.0,0
1972-10-29,60,49,0.41,0.0,0
1972-10-30,49,34,0.08,0.0,0
1972-10-31,M,M,0.00,0.0,0
1972-11-01,44,29,0.00,0.0,0
1972-11-02,51,41,0.37,0.0,0
1972-11-03,59,42,0.21,0.0,0
1972-11-04,48,39,0.09,0.0,0
1972-11-05,43,37,0.23,0.0,0
1972-11-06,48,26,0.00,0.0,0
1972-11-07,55,22,0.00,0.0,0
1972-11-08,50,36,3.15,0.0,0
1972-11-09,45,40,0.85,0.0,0
1972-11-10,49,39,0.00,0.0,0
1972-11-11,41,30,0.09,0.0,0
1972-11-12,45,40,0.04,0.0,0
1972-11-13,50,35,0.00,0.0,0
1972-11-14,44,32,1.92,6.5,6
1972-11-15,32,27,0.38,4.5,8
1972-11-16,35,22,0.00,0.0,7
1972-11-17,36,12,0.00,0.0,6
1972-11-18,38,13,0.00,0.0,5
1972-11-19,39,20,0.00,0.0,5
1972-11-20,40,31,0.65,0.2,4
1972-11-21,34,23,0.00,0.0,4
1972-11-22,28,11,T,T,4
1972-11-23,29,8,0.00,0.0,4
1972-11-24,39,20,0.00,0.0,3
1972-11-25,40,30,0.00,0.0,3
1972-11-26,53,32,1.68,0.0,T
1972-11-27,46,32,0.00,0.0,T
1972-11-28,42,33,0.22,0.0,T
1972-11-29,37,29,0.02,0.0,T
1972-11-30,33,16,0.50,5.0,5
1972-12-01,40,27,0.51,4.5,6
1972-12-02,36,15,0.00,0.0,6
1972-12-03,46,26,0.00,0.0,4
1972-12-04,32,20,0.20,1.5,5
1972-12-05,36,21,0.15,0.5,5
1972-12-06,61,33,0.33,0.0,T
1972-12-07,43,18,0.00,0.0,T
1972-12-08,34,11,0.21,0.8,1
1972-12-09,40,32,0.23,0.0,T
1972-12-10,46,33,0.03,0.0,T
1972-12-11,43,19,0.00,0.0,T
1972-12-12,26,15,0.23,2.0,2
1972-12-13,54,25,0.02,0.0,T
1972-12-14,41,20,0.00,0.0,T
1972-12-15,30,22,0.54,3.0,3
1972-12-16,32,21,0.22,2.0,4
1972-12-17,21,11,0.00,0.0,4
1972-12-18,32,6,0.00,0.0,4
1972-12-19,36,23,0.00,0.0,4
1972-12-20,35,23,T,0.0,4
1972-12-21,32,22,0.12,0.8,4
1972-12-22,38,32,0.87,T,4
1972-12-23,40,31,0.00,0.0,3
1972-12-24,38,30,T,0.0,3
1972-12-25,37,32,T,0.0,3
1972-12-26,35,33,T,0.0,2
1972-12-27,36,30,T,T,2
1972-12-28,35,26,0.07,1.5,3
1972-12-29,29,16,0.00,0.0,3
1972-12-30,34,18,0.00,0.0,2
1972-12-31,45,34,0.47,0.0,T
1973-01-01,52,36,0.13,0.0,T
1973-01-02,36,28,T,T,T
1973-01-03,37,26,0.00,0.0,T
1973-01-04,42,24,0.26,0.5,T
1973-01-05,42,32,T,T,T
1973-01-06,32,13,0.00,0.0,T
1973-01-07,16,5,0.00,0.0,T
1973-01-08,14,2,0.00,0.0,T
1973-01-09,24,-1,0.00,0.0,T
1973-01-10,27,11,0.00,0.0,T
1973-01-11,31,-0,0.00,0.0,T
1973-01-12,27,7,0.00,0.0,T
1973-01-13,30,4,0.00,0.0,T
1973-01-14,38,8,0.00,0.0,T
1973-01-15,39,24,0.00,0.0,T
1973-01-16,51,32,0.00,0.0,0
1973-01-17,56,21,0.00,0.0,0
1973-01-18,60,29,0.00,0.0,0
1973-01-19,57,24,0.00,0.0,0
1973-01-20,49,24,0.44,T,0
1973-01-21,33,15,0.00,0.0,0
1973-01-22,48,18,0.13,0.0,0
1973-01-23,52,35,0.40,0.0,0
1973-01-24,42,32,T,T,0
1973-01-25,39,26,0.00,0.0,0
1973-01-26,49,24,0.00,0.0,0
1973-01-27,42,22,0.00,0.0,0
1973-01-28,35,32,T,T,0
1973-01-29,32,13,0.64,7.0,5
1973-01-30,27,4,T,T,5
1973-01-31,25,-3,T,T,4
1973-02-01,26,-9,T,T,4
1973-02-02,52,26,0.36,0.0,T
1973-02-03,58,34,0.02,0.0,0
1973-02-04,40,32,0.00,0.0,0
1973-02-05,44,34,0.00,0.0,0
1973-02-06,37,12,0.00,0.0,0
1973-02-07,38,28,0.00,0.0,0
1973-02-08,36,26,0.08,0.3,T
1973-02-09,29,12,T,T,T
1973-02-10,28,4,0.00,0.0,T
1973-02-11,24,4,0.00,0.0,T
1973-02-12,25,-0,0.00,0.0,T
1973-02-13,36,9,0.00,0.0,T
1973-02-14,40,6,0.00,0.0,T
1973-02-15,38,28,0.57,5.5,4
1973-02-16,33,10,0.02,1.5,5
1973-02-17,11,-6,0.00,0.0,4
1973-02-18,28,3,0.00,0.0,4
1973-02-19,38,-4,0.00,0.0,4
1973-02-20,42,25,0.00,0.0,2
1973-02-21,40,27,T,T,2
1973-02-22,39,32,0.01,0.2,T
1973-02-23,33,21,0.00,0.0,T
1973-02-24,32,19,0.00,0.0,T
1973-02-25,38,15,0.00,0.0,T
1973-02-26,35,21,0.02,0.5,T
1973-02-27,29,5,0.00,0.0,T
1973-02-28,40,2,0.00,0.0,T
1973-03-01,M,M,M,M,M
1973-03-02,M,M,M,M,M
1973-03-03,M,M,M,M,M
1973-03-04,M,M,M,M,M
1973-03-05,M,M,M,M,M
1973-03-06,M,M,M,M,M
1973-03-07,M,M,M,M,M
1973-03-08,M,M,M,M,M
1973-03-09,M,M,M,M,M
1973-03-10,M,M,M,M,M
1973-03-11,M,M,M,M,M
1973-03-12,M,M,M,M,M
1973-03-13,M,M,M,M,M
1973-03-14,M,M,M,M,M
1973-03-15,M,M,M,M,M
1973-03-16,M,M,M,M,M
1973-03-17,M,M,M,M,M
1973-03-18,M,M,M,M,M
1973-03-19,M,M,M,M,M
1973-03-20,M,M,M,M,M
1973-03-21,M,M,M,M,M
1973-03-22,M,M,M,M,M
1973-03-23,M,M,M,M,M
1973-03-24,M,M,M,M,M
1973-03-25,M,M,M,M,M
1973-03-26,M,M,M,M,M
1973-03-27,M,M,M,M,M
1973-03-28,M,M,M,M,M
1973-03-29,M,M,M,M,M
1973-03-30,M,M,M,M,M
1973-03-31,M,M,M,M,M
1973-04-01,M,M,M,M,M
1973-04-02,M,M,M,M,M
1973-04-03,M,M,M,M,M
1973-04-04,M,M,M,M,M
1973-04-05,M,M,M,M,M
1973-04-06,M,M,M,M,M
1973-04-07,M,M,M,M,M
1973-04-08,M,M,M,M,M
1973-04-09,M,M,M,M,M
1973-04-10,M,M,M,M,M
1973-04-11,M,M,M,M,M
1973-04-12,M,M,M,M,M
1973-04-13,M,M,M,M,M
1973-04-14,M,M,M,M,M
1973-04-15,M,M,M,M,M
1973-04-16,M,M,M,M,M
1973-04-17,M,M,M,M,M
1973-04-18,M,M,M,M,M
1973-04-19,M,M,M,M,M
1973-04-20,M,M,M,M,M
1973-04-21,M,M,M,M,M
1973-04-22,M,M,M,M,M
1973-04-23,M,M,M,M,M
1973-04-24,M,M,M,M,M
1973-04-25,M,M,M,M,M
1973-04-26,M,M,M,M,M
1973-04-27,M,M,M,M,M
1973-04-28,M,M,M,M,M
1973-04-29,M,M,M,M,M
1973-04-30,M,M,M,M,M
1973-05-01,M,M,M,M,M
1973-05-02,M,M,M,M,M
1973-05-03,M,M,M,M,M
1973-05-04,M,M,M,M,M
1973-05-05,M,M,M,M,M
1973-05-06,M,M,M,M,M
1973-05-07,M,M,M,M,M
1973-05-08,M,M,M,M,M
1973-05-09,M,M,M,M,M
1973-05-10,M,M,M,M,M
1973-05-11,M,M,M,M,M
1973-05-12,M,M,M,M,M
1973-05-13,M,M,M,M,M
1973-05-14,M,M,M,M,M
1973-05-15,M,M,M,M,M
1973-05-16,M,M,M,M,M
1973-05-17,M,M,M,M,M
1973-05-18,M,M,M,M,M
1973-05-19,M,M,M,M,M
1973-05-20,M,M,M,M,M
1973-05-21,M,M,M,M,M
1973-05-22,M,M,M,M,M
1973-05-23,M,M,M,M,M
1973-05-24,M,M,M,M,M
1973-05-25,M,M,M,M,M
1973-05-26,M,M,M,M,M
1973-05-27,M,M,M,M,M
1973-05-28,M,M,M,M,M
1973-05-29,M,M,M,M,M
1973-05-30,M,M,M,M,M
1973-05-31,M,M,M,M,M
1973-06-01,76,42,0.02,0.0,0
1973-06-02,70,53,0.02,0.0,0
1973-06-03,71,37,0.00,0.0,0
1973-06-04,79,48,0.18,0.0,0
1973-06-05,82,56,T,0.0,0
1973-06-06,82,58,T,0.0,0
1973-06-07,83,60,0.36,0.0,0
1973-06-08,85,55,0.00,0.0,0
1973-06-09,89,64,0.00,0.0,0
1973-06-10,85,55,0.00,0.0,0
1973-06-11,91,60,0.00,0.0,0
1973-06-12,93,62,0.22,0.0,0
1973-06-13,76,60,0.50,0.0,0
1973-06-14,72,56,0.00,0.0,0
1973-06-15,73,49,0.00,0.0,0
1973-06-16,78,47,T,0.0,0
1973-06-17,72,50,0.00,0.0,0
1973-06-18,63,46,0.33,0.0,0
1973-06-19,76,55,0.00,0.0,0
1973-06-20,83,57,0.00,0.0,0
1973-06-21,M,M,0.61,0.0,0
1973-06-22,M,M,0.00,0.0,0
1973-06-23,M,M,0.00,0.0,0
1973-06-24,82,58,0.81,0.0,0
1973-06-25,77,53,T,0.0,0
1973-06-26,80,60,0.00,0.0,0
1973-06-27,80,58,T,0.0,0
1973-06-28,M,M,1.47,0.0,0
1973-06-29,70,65,1.13,0.0,0
1973-06-30,80,64,2.15,0.0,0
1973-07-01,80,60,0.17,0.0,0
1973-07-02,83,59,T,0.0,0
1973-07-03,83,62,0.00,0.0,0
1973-07-04,83,67,0.25,0.0,0
1973-07-05,83,68,0.55,0.0,0
1973-07-06,79,54,0.00,0.0,0
1973-07-07,87,53,0.00,0.0,0
1973-07-08,90,59,0.00,0.0,0
1973-07-09,90,62,0.00,0.0,0
1973-07-10,85,59,0.00,0.0,0
1973-07-11,80,65,0.00,0.0,0
1973-07-12,70,49,0.00,0.0,0
1973-07-13,83,47,0.00,0.0,0
1973-07-14,88,65,0.00,0.0,0
1973-07-15,76,58,0.17,0.0,0
1973-07-16,78,54,0.00,0.0,0
1973-07-17,80,53,0.00,0.0,0
1973-07-18,82,51,0.00,0.0,0
1973-07-19,84,53,0.00,0.0,0
1973-07-20,85,57,0.00,0.0,0
1973-07-21,76,61,0.31,0.0,0
1973-07-22,82,59,0.00,0.0,0
1973-07-23,80,54,0.00,0.0,0
1973-07-24,84,49,0.00,0.0,0
1973-07-25,84,53,0.00,0.0,0
1973-07-26,79,65,0.04,0.0,0
1973-07-27,85,61,0.00,0.0,0
1973-07-28,89,66,0.00,0.0,0
1973-07-29,82,64,0.32,0.0,0
1973-07-30,83,60,0.00,0.0,0
1973-07-31,84,56,0.00,0.0,0
1973-08-01,80,58,T,0.0,0
1973-08-02,78,69,2.23,0.0,0
1973-08-03,80,64,T,0.0,0
1973-08-04,83,59,0.00,0.0,0
1973-08-05,81,55,0.00,0.0,0
1973-08-06,84,53,0.00,0.0,0
1973-08-07,85,58,0.00,0.0,0
1973-08-08,85,63,0.00,0.0,0
1973-08-09,90,64,0.00,0.0,0
1973-08-10,92,68,T,0.0,0
1973-08-11,78,70,0.15,0.0,0
1973-08-12,85,59,0.00,0.0,0
1973-08-13,80,56,0.00,0.0,0
1973-08-14,80,55,T,0.0,0
1973-08-15,70,64,1.01,0.0,0
1973-08-16,75,64,0.00,0.0,0
1973-08-17,80,58,0.00,0.0,0
1973-08-18,80,56,0.00,0.0,0
1973-08-19,80,57,0.00,0.0,0
1973-08-20,78,56,0.00,0.0,0
1973-08-21,76,54,0.00,0.0,0
1973-08-22,75,56,T,0.0,0
1973-08-23,76,45,0.00,0.0,0
1973-08-24,76,53,0.00,0.0,0
1973-08-25,79,54,0.00,0.0,0
1973-08-26,85,58,0.00,0.0,0
1973-08-27,86,61,0.00,0.0,0
1973-08-28,92,68,T,0.0,0
1973-08-29,91,66,0.00,0.0,0
1973-08-30,92,65,0.00,0.0,0
1973-08-31,91,63,T,0.0,0
1973-09-01,88,60,0.05,0.0,0
1973-09-02,90,64,0.00,0.0,0
1973-09-03,91,69,0.00,0.0,0
1973-09-04,92,67,0.00,0.0,0
1973-09-05,90,66,T,0.0,0
1973-09-06,76,61,0.22,0.0,0
1973-09-07,75,M,0.00,0.0,0
1973-09-08,M,M,0.00,0.0,0
1973-09-09,M,44,0.00,0.0,0
1973-09-10,71,38,0.00,0.0,0
1973-09-11,77,40,T,0.0,0
1973-09-12,70,45,0.00,0.0,0
1973-09-13,71,39,0.00,0.0,0
1973-09-14,60,54,0.26,0.0,0
1973-09-15,64,58,0.16,0.0,0
1973-09-16,M,M,0.00,0.0,0
1973-09-17,69,40,0.00,0.0,0
1973-09-18,71,50,M,0.0,0
1973-09-19,M,M,0.00,0.0,0
1973-09-20,M,M,T,0.0,0
1973-09-21,60,33,0.00,0.0,0
1973-09-22,62,32,0.10,0.0,0
1973-09-23,77,58,0.42,0.0,0
1973-09-24,62,50,0.07,0.0,0
1973-09-25,63,48,0.00,0.0,0
1973-09-26,70,46,0.00,0.0,0
1973-09-27,75,39,0.00,0.0,0
1973-09-28,70,52,0.00,0.0,0
1973-09-29,70,39,0.00,0.0,0
1973-09-30,65,38,0.00,0.0,0
1973-10-01,M,M,M,M,M
1973-10-02,M,M,M,M,M
1973-10-03,M,M,M,M,M
1973-10-04,M,M,M,M,M
1973-10-05,M,M,M,M,M
1973-10-06,M,M,M,M,M
1973-10-07,M,M,M,M,M
1973-10-08,M,M,M,M,M
1973-10-09,M,M,M,M,M
1973-10-10,M,M,M,M,M
1973-10-11,M,M,M,M,M
1973-10-12,M,M,M,M,M
1973-10-13,M,M,M,M,M
1973-10-14,M,M,M,M,M
1973-10-15,M,M,M,M,M
1973-10-16,M,M,M,M,M
1973-10-17,M,M,M,M,M
1973-10-18,M,M,M,M,M
1973-10-19,M,M,M,M,M
1973-10-20,M,M,M,M,M
1973-10-21,M,M,M,M,M
1973-10-22,M,M,M,M,M
1973-10-23,M,M,M,M,M
1973-10-24,M,M,M,M,M
1973-10-25,M,M,M,M,M
1973-10-26,M,M,M,M,M
1973-10-27,M,M,M,M,M
1973-10-28,M,M,M,M,M
1973-10-29,M,M,M,M,M
1973-10-30,M,M,M,M,M
1973-10-31,M,M,M,M,M
1973-11-01,55,42,0.10,0.0,0
1973-11-02,63,43,0.00,0.0,0
1973-11-03,57,42,0.02,0.0,0
1973-11-04,45,38,T,T,0
1973-11-05,44,30,T,T,0
1973-11-06,38,28,0.06,1.5,0
1973-11-07,46,34,0.00,0.0,0
1973-11-08,47,21,0.00,0.0,0
1973-11-09,46,26,T,T,0
1973-11-10,36,22,0.00,0.0,0
1973-11-11,40,27,0.00,0.0,0
1973-11-12,46,28,0.00,0.0,0
1973-11-13,52,37,0.00,0.0,0
1973-11-14,70,44,0.00,0.0,0
1973-11-15,63,32,0.00,0.0,0
1973-11-16,52,33,0.18,0.0,0
1973-11-17,40,28,T,T,0
1973-11-18,46,36,T,0.0,0
1973-11-19,47,37,0.03,0.0,0
1973-11-20,44,19,0.00,0.0,0
1973-11-21,45,18,0.00,0.0,0
1973-11-22,54,37,T,0.0,0
1973-11-23,55,25,0.00,0.0,0
1973-11-24,42,30,0.02,0.0,0
1973-11-25,56,38,0.30,0.0,0
1973-11-26,44,28,T,0.0,0
1973-11-27,50,38,0.00,0.0,0
1973-11-28,59,45,0.31,0.0,0
1973-11-29,57,38,T,T,0
1973-11-30,46,29,0.00,0.0,0
1973-12-01,46,29,0.02,T,0
1973-12-02,36,20,0.00,0.0,0
1973-12-03,46,17,0.00,0.0,0
1973-12-04,58,24,0.00,0.0,0
1973-12-05,58,36,0.25,0.0,0
1973-12-06,63,34,0.02,0.0,0
1973-12-07,40,24,0.00,0.0,0
1973-12-08,34,28,0.00,0.0,0
1973-12-09,37,30,2.00,2.0,1
1973-12-10,42,30,0.04,0.0,0
1973-12-11,34,25,0.05,1.5,T
1973-12-12,36,30,0.00,0.0,0
1973-12-13,35,13,T,0.0,0
1973-12-14,46,31,0.67,0.0,0
1973-12-15,37,24,0.00,0.0,0
1973-12-16,26,16,0.00,0.0,0
1973-12-17,23,15,1.36,8.5,8
1973-12-18,22,10,T,0.5,7
1973-12-19,13,-7,0.00,0.0,6
1973-12-20,43,11,T,0.0,5
1973-12-21,51,22,2.90,0.5,1
1973-12-22,24,16,0.06,0.5,1
1973-12-23,37,18,0.00,0.0,1
1973-12-24,32,8,0.00,0.0,1
1973-12-25,30,4,0.00,0.0,1
1973-12-26,41,30,0.18,0.0,T
1973-12-27,46,33,0.44,0.0,T
1973-12-28,43,29,0.12,0.0,T
1973-12-29,42,24,T,0.0,T
1973-12-30,40,28,0.00,0.0,T
1973-12-31,29,20,0.22,0.7,1
1974-01-01,35,26,0.08,T,1
1974-01-02,28,15,0.00,0.0,1
1974-01-03,29,22,T,T,1
1974-01-04,34,14,0.08,1.0,1
1974-01-05,28,9,0.00,0.0,1
1974-01-06,32,12,0.00,0.0,1
1974-01-07,33,12,0.00,0.0,1
1974-01-08,24,10,0.00,0.0,T
1974-01-09,16,4,0.48,6.0,6
1974-01-10,21,14,0.14,1.8,7
1974-01-11,25,19,0.22,1.0,7
1974-01-12,22,9,0.00,0.0,7
1974-01-13,21,-12,0.00,0.0,7
1974-01-14,30,-12,0.00,0.0,6
1974-01-15,41,17,0.02,0.0,5
1974-01-16,41,28,T,0.0,5
1974-01-17,39,1,T,T,5
1974-01-18,8,-9,0.00,0.0,5
1974-01-19,35,8,0.25,0.2,4
1974-01-20,28,-2,T,T,4
1974-01-21,37,23,0.52,T,4
1974-01-22,47,36,T,0.0,2
1974-01-23,45,35,0.15,0.0,2
1974-01-24,43,26,T,0.0,1
1974-01-25,45,23,0.00,0.0,T
1974-01-26,49,18,0.00,0.0,T
1974-01-27,64,39,T,0.0,0
1974-01-28,55,26,0.21,0.0,0
1974-01-29,46,27,T,0.0,0
1974-01-30,53,24,0.00,0.0,0
1974-01-31,66,22,0.00,0.0,0
1974-02-01,58,18,0.02,T,0
1974-02-02,M,M,0.60,10.0,10
1974-02-03,M,M,0.11,3.5,12
1974-02-04,18,7,0.00,0.0,8
1974-02-05,16,3,0.00,0.0,7
1974-02-06,23,-3,0.00,0.0,6
1974-02-07,28,16,0.38,5.5,9
1974-02-08,26,-8,0.00,0.0,8
1974-02-09,25,-2,0.00,0.0,8
1974-02-10,25,-12,0.00,0.0,8
1974-02-11,30,13,T,T,7
1974-02-12,32,4,T,T,7
1974-02-13,53,14,0.00,0.0,5
1974-02-14,40,15,0.00,0.0,4
1974-02-15,29,7,0.00,0.0,4
1974-02-16,32,-2,0.00,0.0,4
1974-02-17,35,23,T,T,4
1974-02-18,32,18,0.00,0.0,4
1974-02-19,35,11,0.24,1.0,5
1974-02-20,40,33,0.48,0.0,3
1974-02-21,44,27,0.00,0.0,2
1974-02-22,55,23,0.29,0.0,T
1974-02-23,53,26,0.22,T,T
1974-02-24,M,M,0.00,0.0,T
1974-02-25,M,M,T,T,T
1974-02-26,33,19,0.00,0.0,T
1974-02-27,42,12,0.00,0.0,T
1974-02-28,53,21,0.00,0.0,T
1974-03-01,52,27,0.25,0.0,0
1974-03-02,38,31,T,T,0
1974-03-03,39,34,T,0.0,0
1974-03-04,50,38,0.14,0.0,0
1974-03-05,69,41,T,0.0,0
1974-03-06,60,22,0.00,0.0,0
1974-03-07,67,30,0.00,0.0,0
1974-03-08,62,31,0.00,0.0,0
1974-03-09,36,25,0.22,2.8,2
1974-03-10,41,32,T,T,0
1974-03-11,43,23,0.00,0.0,0
1974-03-12,40,21,0.00,0.0,0
1974-03-13,31,12,0.00,0.0,0
1974-03-14,43,22,0.00,0.0,0
1974-03-15,47,19,0.00,0.0,0
1974-03-16,43,32,0.24,0.0,0
1974-03-17,42,25,0.68,1.5,1
1974-03-18,41,24,T,T,0
1974-03-19,46,23,0.03,1.0,0
1974-03-20,44,30,0.00,0.0,0
1974-03-21,39,20,0.92,1.0,T
1974-03-22,43,24,T,T,0
1974-03-23,56,20,0.00,0.0,0
1974-03-24,49,29,0.03,0.0,0
1974-03-25,31,14,0.00,0.0,0
1974-03-26,51,12,T,0.0,0
1974-03-27,41,20,T,T,0
1974-03-28,38,20,0.00,0.0,0
1974-03-29,31,11,0.09,1.8,2
1974-03-30,33,20,0.52,3.5,3
1974-03-31,M,M,T,T,3
1974-04-01,M,M,M,M,M
1974-04-02,M,M,M,M,M
1974-04-03,M,M,M,M,M
1974-04-04,M,M,M,M,M
1974-04-05,M,M,M,M,M
1974-04-06,M,M,M,M,M
1974-04-07,M,M,M,M,M
1974-04-08,M,M,M,M,M
1974-04-09,M,M,M,M,M
1974-04-10,M,M,M,M,M
1974-04-11,M,M,M,M,M
1974-04-12,M,M,M,M,M
1974-04-13,M,M,M,M,M
1974-04-14,M,M,M,M,M
1974-04-15,M,M,M,M,M
1974-04-16,M,M,M,M,M
1974-04-17,M,M,M,M,M
1974-04-18,M,M,M,M,M
1974-04-19,M,M,M,M,M
1974-04-20,M,M,M,M,M
1974-04-21,M,M,M,M,M
1974-04-22,M,M,M,M,M
1974-04-23,M,M,M,M,M
1974-04-24,M,M,M,M,M
1974-04-25,M,M,M,M,M
1974-04-26,M,M,M,M,M
1974-04-27,M,M,M,M,M
1974-04-28,M,M,M,M,M
1974-04-29,M,M,M,M,M
1974-04-30,M,M,M,M,M
1974-05-01,M,M,M,M,M
1974-05-02,M,M,M,M,M
1974-05-03,M,M,M,M,M
1974-05-04,M,M,M,M,M
1974-05-05,M,M,M,M,M
1974-05-06,M,M,M,M,M
1974-05-07,M,M,M,M,M
1974-05-08,M,M,M,M,M
1974-05-09,M,M,M,M,M
1974-05-10,M,M,M,M,M
1974-05-11,M,M,M,M,M
1974-05-12,M,M,M,M,M
1974-05-13,M,M,M,M,M
1974-05-14,M,M,M,M,M
1974-05-15,M,M,M,M,M
1974-05-16,M,M,M,M,M
1974-05-17,M,M,M,M,M
1974-05-18,M,M,M,M,M
1974-05-19,M,M,M,M,M
1974-05-20,M,M,M,M,M
1974-05-21,M,M,M,M,M
1974-05-22,M,M,M,M,M
1974-05-23,M,M,M,M,M
1974-05-24,M,M,M,M,M
1974-05-25,M,M,M,M,M
1974-05-26,M,M,M,M,M
1974-05-27,M,M,M,M,M
1974-05-28,M,M,M,M,M
1974-05-29,M,M,M,M,M
1974-05-30,M,M,M,M,M
1974-05-31,M,M,M,M,M
1974-06-01,M,M,M,M,M
1974-06-02,M,M,M,M,M
1974-06-03,M,M,M,M,M
1974-06-04,M,M,M,M,M
1974-06-05,M,M,M,M,M
1974-06-06,M,M,M,M,M
1974-06-07,M,M,M,M,M
1974-06-08,M,M,M,M,M
1974-06-09,M,M,M,M,M
1974-06-10,M,M,M,M,M
1974-06-11,M,M,M,M,M
1974-06-12,M,M,M,M,M
1974-06-13,M,M,M,M,M
1974-06-14,M,M,M,M,M
1974-06-15,M,M,M,M,M
1974-06-16,M,M,M,M,M
1974-06-17,M,M,M,M,M
1974-06-18,M,M,M,M,M
1974-06-19,M,M,M,M,M
1974-06-20,M,M,M,M,M
1974-06-21,M,M,M,M,M
1974-06-22,M,M,M,M,M
1974-06-23,M,M,M,M,M
1974-06-24,M,M,M,M,M
1974-06-25,M,M,M,M,M
1974-06-26,M,M,M,M,M
1974-06-27,M,M,M,M,M
1974-06-28,M,M,M,M,M
1974-06-29,M,M,M,M,M
1974-06-30,M,M,M,M,M
1974-07-01,M,M,M,M,M
1974-07-02,M,M,M,M,M
1974-07-03,M,M,M,M,M
1974-07-04,M,M,M,M,M
1974-07-05,M,M,M,M,M
1974-07-06,M,M,M,M,M
1974-07-07,M,M,M,M,M
1974-07-08,M,M,M,M,M
1974-07-09,M,M,M,M,M
1974-07-10,M,M,M,M,M
1974-07-11,M,M,M,M,M
1974-07-12,M,M,M,M,M
1974-07-13,M,M,M,M,M
1974-07-14,M,M,M,M,M
1974-07-15,M,M,M,M,M
1974-07-16,M,M,M,M,M
1974-07-17,M,M,M,M,M
1974-07-18,M,M,M,M,M
1974-07-19,M,M,M,M,M
1974-07-20,M,M,M,M,M
1974-07-21,M,M,M,M,M
1974-07-22,M,M,M,M,M
1974-07-23,M,M,M,M,M
1974-07-24,M,M,M,M,M
1974-07-25,M,M,M,M,M
1974-07-26,M,M,M,M,M
1974-07-27,M,M,M,M,M
1974-07-28,M,M,M,M,M
1974-07-29,M,M,M,M,M
1974-07-30,M,M,M,M,M
1974-07-31,M,M,M,M,M
1974-08-01,M,M,0.00,0.0,0
1974-08-02,M,M,0.00,0.0,0
1974-08-03,86,68,T,0.0,0
1974-08-04,86,68,0.01,0.0,0
1974-08-05,80,58,0.03,0.0,0
1974-08-06,77,52,0.00,0.0,0
1974-08-07,81,53,0.00,0.0,0
1974-08-08,84,51,0.00,0.0,0
1974-08-09,77,59,0.00,0.0,0
1974-08-10,76,61,T,0.0,0
1974-08-11,78,48,0.00,0.0,0
1974-08-12,81,45,0.00,0.0,0
1974-08-13,83,51,0.00,0.0,0
1974-08-14,82,62,0.24,0.0,0
1974-08-15,78,53,0.00,0.0,0
1974-08-16,82,46,0.00,0.0,0
1974-08-17,74,62,0.43,0.0,0
1974-08-18,80,56,T,0.0,0
1974-08-19,83,51,0.00,0.0,0
1974-08-20,83,57,0.00,0.0,0
1974-08-21,84,57,0.00,0.0,0
1974-08-22,81,53,0.00,0.0,0
1974-08-23,78,60,0.05,0.0,0
1974-08-24,80,58,0.29,0.0,0
1974-08-25,75,55,0.00,0.0,0
1974-08-26,73,48,0.00,0.0,0
1974-08-27,83,59,T,0.0,0
1974-08-28,73,63,2.15,0.0,0
1974-08-29,65,56,0.21,0.0,0
1974-08-30,67,61,0.41,0.0,0
1974-08-31,79,48,0.00,0.0,0
1974-09-01,M,M,0.00,0.0,0
1974-09-02,66,58,0.86,0.0,0
1974-09-03,62,55,0.61,0.0,0
1974-09-04,59,53,0.04,0.0,0
1974-09-05,68,43,0.00,0.0,0
1974-09-06,65,47,0.00,0.0,0
1974-09-07,68,53,0.16,0.0,0
1974-09-08,73,50,0.00,0.0,0
1974-09-09,75,51,0.00,0.0,0
1974-09-10,77,49,0.00,0.0,0
1974-09-11,78,51,0.00,0.0,0
1974-09-12,85,56,0.00,0.0,0
1974-09-13,85,66,0.02,0.0,0
1974-09-14,70,54,0.33,0.0,0
1974-09-15,68,38,0.00,0.0,0
1974-09-16,67,42,0.00,0.0,0
1974-09-17,72,41,0.00,0.0,0
1974-09-18,62,50,0.28,0.0,0
1974-09-19,71,41,0.00,0.0,0
1974-09-20,74,56,0.01,0.0,0
1974-09-21,64,53,0.98,0.0,0
1974-09-22,64,44,T,0.0,0
1974-09-23,50,36,0.00,0.0,0
1974-09-24,54,29,0.00,0.0,0
1974-09-25,54,32,0.03,0.0,0
1974-09-26,64,39,T,0.0,0
1974-09-27,73,39,0.00,0.0,0
1974-09-28,65,47,0.69,0.0,0
1974-09-29,73,62,0.11,0.0,0
1974-09-30,68,48,T,0.0,0
1974-10-01,54,32,0.05,0.0,0
1974-10-02,51,36,T,T,0
1974-10-03,43,35,T,T,0
1974-10-04,54,31,0.00,0.0,0
1974-10-05,66,29,0.00,0.0,0
1974-10-06,74,37,0.00,0.0,0
1974-10-07,61,41,T,0.0,0
1974-10-08,54,31,0.00,0.0,0
1974-10-09,56,30,0.00,0.0,0
1974-10-10,61,33,0.00,0.0,0
1974-10-11,60,35,0.00,0.0,0
1974-10-12,65,35,0.00,0.0,0
1974-10-13,59,38,0.00,0.0,0
1974-10-14,57,32,0.00,0.0,0
1974-10-15,69,52,0.82,0.0,0
1974-10-16,53,43,0.02,0.0,0
1974-10-17,63,41,0.00,0.0,0
1974-10-18,52,34,0.00,0.0,0
1974-10-19,43,18,0.00,0.0,0
1974-10-20,38,23,0.00,0.0,0
1974-10-21,43,27,0.00,0.0,0
1974-10-22,59,19,0.00,0.0,0
1974-10-23,59,38,0.00,0.0,0
1974-10-24,56,26,0.00,0.0,0
1974-10-25,49,25,0.12,0.0,0
1974-10-26,56,34,0.00,0.0,0
1974-10-27,55,38,0.00,0.0,0
1974-10-28,55,19,0.00,0.0,0
1974-10-29,66,29,0.00,0.0,0
1974-10-30,61,39,0.00,0.0,0
1974-10-31,65,53,0.01,0.0,0
1974-11-01,80,43,0.00,0.0,0
1974-11-02,70,38,0.00,0.0,0
1974-11-03,55,29,0.00,0.0,0
1974-11-04,58,40,0.24,0.0,0
1974-11-05,53,43,0.61,0.0,0
1974-11-06,54,44,0.19,0.0,0
1974-11-07,49,40,0.00,0.0,0
1974-11-08,55,35,0.00,0.0,0
1974-11-09,49,29,0.00,0.0,0
1974-11-10,49,25,0.00,0.0,0
1974-11-11,55,23,0.00,0.0,0
1974-11-12,52,31,0.34,0.0,0
1974-11-13,52,41,1.52,0.0,0
1974-11-14,56,27,0.00,0.0,0
1974-11-15,52,32,T,T,0
1974-11-16,47,27,0.00,0.0,0
1974-11-17,43,23,0.00,0.0,0
1974-11-18,54,25,0.00,0.0,0
1974-11-19,57,30,0.00,0.0,0
1974-11-20,51,42,0.28,0.0,0
1974-11-21,49,31,0.34,T,T
1974-11-22,33,23,T,T,0
1974-11-23,37,14,0.00,0.0,0
1974-11-24,44,19,0.00,0.0,0
1974-11-25,46,31,0.02,T,0
1974-11-26,31,21,T,T,0
1974-11-27,37,21,0.00,0.0,0
1974-11-28,36,16,0.00,0.0,0
1974-11-29,38,27,0.00,0.0,0
1974-11-30,32,19,0.00,0.0,0
1974-12-01,30,13,0.00,0.0,0
1974-12-02,35,27,1.43,7.5,6
1974-12-03,35,26,0.04,1.0,5
1974-12-04,31,22,0.00,0.0,5
1974-12-05,28,15,0.00,0.0,5
1974-12-06,39,12,0.00,0.0,5
1974-12-07,41,9,0.00,0.0,4
1974-12-08,54,35,1.62,0.0,0
1974-12-09,54,32,0.04,0.0,0
1974-12-10,36,25,T,T,0
1974-12-11,41,28,0.00,0.0,0
1974-12-12,42,25,0.11,0.0,0
1974-12-13,41,33,T,0.0,0
1974-12-14,37,32,0.22,T,0
1974-12-15,35,24,0.00,0.0,0
1974-12-16,32,23,0.83,6.2,6
1974-12-17,37,29,0.52,1.0,4
1974-12-18,35,23,T,T,4
1974-12-19,33,20,T,T,4
1974-12-20,37,23,0.00,0.0,4
1974-12-21,37,22,T,T,4
1974-12-22,37,28,0.00,0.0,4
1974-12-23,38,19,0.00,0.0,3
1974-12-24,43,24,0.01,0.0,3
1974-12-25,34,29,0.29,2.5,5
1974-12-26,31,12,0.00,0.0,5
1974-12-27,37,10,0.00,0.0,5
1974-12-28,38,32,0.00,0.0,4
1974-12-29,36,15,0.00,0.0,4
1974-12-30,44,25,0.00,0.0,3
1974-12-31,36,17,0.00,0.0,3
1975-01-01,37,28,0.15,1.2,4
1975-01-02,35,23,0.01,0.5,4
1975-01-03,26,13,0.01,0.2,4
1975-01-04,41,19,T,T,4
1975-01-05,36,20,T,0.3,4
1975-01-06,32,7,0.00,0.0,4
1975-01-07,42,31,0.36,5.3,5
1975-01-08,39,18,0.00,0.0,4
1975-01-09,40,32,1.00,T,3
1975-01-10,42,31,0.00,0.0,2
1975-01-11,56,32,0.04,0.0,T
1975-01-12,50,28,T,T,T
1975-01-13,37,29,0.50,2.8,3
1975-01-14,29,16,T,T,2
1975-01-15,29,10,T,T,2
1975-01-16,28,13,T,T,2
1975-01-17,28,8,T,T,2
1975-01-18,42,2,0.21,2.0,2
1975-01-19,45,30,0.00,0.0,1
1975-01-20,35,8,0.00,0.0,1
1975-01-21,26,-4,T,T,1
1975-01-22,38,12,0.00,0.0,1
1975-01-23,31,8,T,T,1
1975-01-24,38,13,0.00,0.0,1
1975-01-25,43,24,0.37,0.0,T
1975-01-26,43,36,0.00,0.0,T
1975-01-27,36,25,T,T,T
1975-01-28,39,15,0.00,0.0,T
1975-01-29,57,22,0.26,0.0,0
1975-01-30,54,23,0.01,T,0
1975-01-31,33,18,T,T,0
1975-02-01,34,16,0.00,0.0,0
1975-02-02,33,9,0.00,0.0,0
1975-02-03,32,19,T,0.0,0
1975-02-04,21,3,0.00,0.0,0
1975-02-05,29,13,0.32,4.7,4
1975-02-06,37,25,0.31,2.0,6
1975-02-07,36,20,0.01,0.3,6
1975-02-08,37,-4,T,T,5
1975-02-09,30,17,0.26,2.0,6
1975-02-10,22,-15,0.00,0.0,6
1975-02-11,22,1,T,T,6
1975-02-12,22,-1,0.14,2.0,7
1975-02-13,26,-0,T,T,7
1975-02-14,32,8,0.00,0.0,6
1975-02-15,39,20,0.00,0.0,5
1975-02-16,37,29,0.02,T,4
1975-02-17,42,26,0.00,0.0,3
1975-02-18,38,32,0.00,0.0,2
1975-02-19,44,32,0.22,T,T
1975-02-20,44,31,0.00,0.0,T
1975-02-21,45,23,0.00,0.0,T
1975-02-22,57,18,0.00,0.0,T
1975-02-23,41,29,0.19,0.0,T
1975-02-24,43,35,1.32,0.0,T
1975-02-25,50,39,0.32,0.0,0
1975-02-26,44,35,T,T,0
1975-02-27,44,35,T,T,0
1975-02-28,42,17,0.00,0.0,0
1975-03-01,38,28,0.00,0.0,0
1975-03-02,36,18,0.00,0.0,0
1975-03-03,32,21,T,T,0
1975-03-04,32,16,0.00,0.0,0
1975-03-05,39,13,0.00,0.0,0
1975-03-06,46,19,T,T,0
1975-03-07,43,25,T,0.0,0
1975-03-08,42,21,0.02,0.0,0
1975-03-09,30,7,0.00,0.0,0
1975-03-10,30,10,T,T,0
1975-03-11,37,23,0.03,0.3,0
1975-03-12,39,28,0.02,T,0
1975-03-13,45,34,0.00,0.0,0
1975-03-14,34,24,0.02,0.5,T
1975-03-15,38,20,0.36,2.5,1
1975-03-16,47,13,0.00,0.0,T
1975-03-17,50,25,0.00,0.0,0
1975-03-18,52,19,0.00,0.0,0
1975-03-19,51,36,0.44,0.0,0
1975-03-20,50,35,1.71,T,0
1975-03-21,50,25,0.00,0.0,0
1975-03-22,45,24,T,0.0,0
1975-03-23,49,37,0.00,0.0,0
1975-03-24,42,27,0.22,0.0,0
1975-03-25,61,37,T,0.0,0
1975-03-26,45,20,0.00,0.0,0
1975-03-27,31,12,0.00,0.0,0
1975-03-28,45,16,0.00,0.0,0
1975-03-29,41,18,0.01,0.0,0
1975-03-30,42,31,0.23,T,0
1975-03-31,39,28,T,T,0
1975-04-01,55,23,0.00,0.0,0
1975-04-02,46,24,0.00,0.0,0
1975-04-03,44,27,2.12,0.0,0
1975-04-04,34,21,0.01,0.5,T
1975-04-05,37,22,0.01,0.2,T
1975-04-06,34,28,T,T,0
1975-04-07,39,24,T,T,0
1975-04-08,39,25,0.00,0.0,0
1975-04-09,40,27,0.00,0.0,0
1975-04-10,48,25,0.00,0.0,0
1975-04-11,49,26,0.00,0.0,0
1975-04-12,46,23,0.00,0.0,0
1975-04-13,46,24,0.00,0.0,0
1975-04-14,54,30,0.00,0.0,0
1975-04-15,53,27,0.00,0.0,0
1975-04-16,60,38,T,0.0,0
1975-04-17,64,41,0.00,0.0,0
1975-04-18,67,28,0.00,0.0,0
1975-04-19,71,50,0.01,0.0,0
1975-04-20,64,38,T,0.0,0
1975-04-21,45,33,T,T,0
1975-04-22,60,23,0.00,0.0,0
1975-04-23,69,30,0.00,0.0,0
1975-04-24,59,42,0.04,0.0,0
1975-04-25,57,M,0.00,0.0,0
1975-04-26,M,M,0.00,0.0,0
1975-04-27,M,38,T,0.0,0
1975-04-28,57,34,0.00,0.0,0
1975-04-29,58,28,0.00,0.0,0
1975-04-30,67,30,0.00,0.0,0
1975-05-01,64,48,0.02,0.0,0
1975-05-02,55,44,0.25,0.0,0
1975-05-03,69,31,0.00,0.0,0
1975-05-04,65,43,0.43,0.0,0
1975-05-05,61,43,0.15,0.0,0
1975-05-06,64,36,0.08,0.0,0
1975-05-07,68,36,0.48,0.0,0
1975-05-08,69,35,0.00,0.0,0
1975-05-09,73,37,0.00,0.0,0
1975-05-10,72,40,0.00,0.0,0
1975-05-11,71,36,0.10,0.0,0
1975-05-12,69,46,0.40,0.0,0
1975-05-13,71,54,0.14,0.0,0
1975-05-14,77,47,0.00,0.0,0
1975-05-15,82,41,0.00,0.0,0
1975-05-16,74,58,0.16,0.0,0
1975-05-17,74,46,0.00,0.0,0
1975-05-18,77,46,0.00,0.0,0
1975-05-19,82,47,0.00,0.0,0
1975-05-20,88,51,0.00,0.0,0
1975-05-21,85,61,0.05,0.0,0
1975-05-22,85,56,0.00,0.0,0
1975-05-23,85,62,0.00,0.0,0
1975-05-24,89,57,0.00,0.0,0
1975-05-25,80,58,0.00,0.0,0
1975-05-26,75,42,0.00,0.0,0
1975-05-27,80,57,0.03,0.0,0
1975-05-28,75,55,0.00,0.0,0
1975-05-29,78,47,0.00,0.0,0
1975-05-30,74,53,0.04,0.0,0
1975-05-31,83,60,0.24,0.0,0
1975-06-01,75,64,0.10,0.0,0
1975-06-02,74,51,0.00,0.0,0
1975-06-03,67,48,0.32,0.0,0
1975-06-04,71,51,0.46,0.0,0
1975-06-05,69,49,0.38,0.0,0
1975-06-06,63,54,0.81,0.0,0
1975-06-07,67,48,T,0.0,0
1975-06-08,66,46,T,0.0,0
1975-06-09,66,48,T,0.0,0
1975-06-10,76,39,0.00,0.0,0
1975-06-11,75,42,0.00,0.0,0
1975-06-12,68,54,0.47,0.0,0
1975-06-13,76,61,0.16,0.0,0
1975-06-14,78,59,0.60,0.0,0
1975-06-15,74,58,0.00,0.0,0
1975-06-16,71,61,T,0.0,0
1975-06-17,81,63,0.22,0.0,0
1975-06-18,86,61,0.00,0.0,0
1975-06-19,84,57,T,0.0,0
1975-06-20,M,M,0.00,0.0,0
1975-06-21,78,48,0.00,0.0,0
1975-06-22,83,48,0.00,0.0,0
1975-06-23,88,66,0.00,0.0,0
1975-06-24,88,67,0.00,0.0,0
1975-06-25,81,62,0.00,0.0,0
1975-06-26,78,52,0.00,0.0,0
1975-06-27,78,52,0.00,0.0,0
1975-06-28,74,62,T,0.0,0
1975-06-29,83,61,1.19,0.0,0
1975-06-30,79,58,0.05,0.0,0
1975-07-01,80,48,0.00,0.0,0
1975-07-02,86,66,0.00,0.0,0
1975-07-03,80,58,0.00,0.0,0
1975-07-04,81,55,0.00,0.0,0
1975-07-05,85,52,0.00,0.0,0
1975-07-06,85,58,0.00,0.0,0
1975-07-07,81,52,0.00,0.0,0
1975-07-08,84,54,0.00,0.0,0
1975-07-09,85,60,0.06,0.0,0
1975-07-10,81,60,0.33,0.0,0
1975-07-11,80,60,0.02,0.0,0
1975-07-12,81,60,T,0.0,0
1975-07-13,73,66,0.73,0.0,0
1975-07-14,76,67,0.22,0.0,0
1975-07-15,81,68,0.25,0.0,0
1975-07-16,85,66,0.00,0.0,0
1975-07-17,83,67,T,0.0,0
1975-07-18,85,63,0.00,0.0,0
1975-07-19,87,66,0.00,0.0,0
1975-07-20,82,68,0.69,0.0,0
1975-07-21,83,60,0.71,0.0,0
1975-07-22,80,60,0.00,0.0,0
1975-07-23,M,55,0.00,0.0,0
1975-07-24,85,M,T,0.0,0
1975-07-25,80,66,0.52,0.0,0
1975-07-26,73,52,0.00,0.0,0
1975-07-27,77,46,0.00,0.0,0
1975-07-28,81,59,T,0.0,0
1975-07-29,79,53,0.00,0.0,0
1975-07-30,82,51,0.00,0.0,0
1975-07-31,91,57,0.00,0.0,0
1975-08-01,92,63,0.00,0.0,0
1975-08-02,94,70,0.00,0.0,0
1975-08-03,93,68,0.00,0.0,0
1975-08-04,86,69,0.92,0.0,0
1975-08-05,86,63,T,0.0,0
1975-08-06,74,57,0.09,0.0,0
1975-08-07,61,55,1.46,0.0,0
1975-08-08,75,57,0.68,0.0,0
1975-08-09,82,52,0.00,0.0,0
1975-08-10,85,52,0.00,0.0,0
1975-08-11,91,57,0.00,0.0,0
1975-08-12,83,57,0.54,0.0,0
1975-08-13,81,57,T,0.0,0
1975-08-14,83,61,0.00,0.0,0
1975-08-15,79,53,0.00,0.0,0
1975-08-16,70,63,0.14,0.0,0
1975-08-17,69,61,T,0.0,0
1975-08-18,72,53,0.00,0.0,0
1975-08-19,73,48,0.00,0.0,0
1975-08-20,72,45,0.00,0.0,0
1975-08-21,73,43,0.00,0.0,0
1975-08-22,81,62,T,0.0,0
1975-08-23,75,47,0.00,0.0,0
1975-08-24,68,55,0.29,0.0,0
1975-08-25,81,58,0.00,0.0,0
1975-08-26,84,61,0.08,0.0,0
1975-08-27,79,60,0.00,0.0,0
1975-08-28,78,53,0.00,0.0,0
1975-08-29,76,51,0.09,0.0,0
1975-08-30,68,61,0.51,0.0,0
1975-08-31,M,M,0.00,0.0,0
1975-09-01,67,45,T,0.0,0
1975-09-02,71,54,0.01,0.0,0
1975-09-03,64,51,0.00,0.0,0
1975-09-04,73,45,0.00,0.0,0
1975-09-05,73,50,0.00,0.0,0
1975-09-06,78,54,0.09,0.0,0
1975-09-07,74,54,0.00,0.0,0
1975-09-08,80,48,0.00,0.0,0
1975-09-09,72,51,0.23,0.0,0
1975-09-10,67,36,0.00,0.0,0
1975-09-11,75,38,0.00,0.0,0
1975-09-12,73,53,0.33,0.0,0
1975-09-13,63,42,T,0.0,0
1975-09-14,58,39,0.00,0.0,0
1975-09-15,62,33,0.00,0.0,0
1975-09-16,63,39,0.00,0.0,0
1975-09-17,63,M,0.00,0.0,0
1975-09-18,M,48,T,0.0,0
1975-09-19,67,61,0.19,0.0,0
1975-09-20,77,57,T,0.0,0
1975-09-21,75,61,0.00,0.0,0
1975-09-22,74,42,0.00,0.0,0
1975-09-23,61,54,0.44,0.0,0
1975-09-24,58,54,0.49,0.0,0
1975-09-25,56,52,1.49,0.0,0
1975-09-26,64,53,0.55,0.0,0
1975-09-27,69,54,0.12,0.0,0
1975-09-28,M,M,0.00,0.0,0
1975-09-29,70,41,0.00,0.0,0
1975-09-30,72,37,0.00,0.0,0
1975-10-01,74,43,0.00,0.0,0
1975-10-02,69,48,T,0.0,0
1975-10-03,59,32,0.00,0.0,0
1975-10-04,68,37,0.00,0.0,0
1975-10-05,66,34,0.00,0.0,0
1975-10-06,74,47,0.00,0.0,0
1975-10-07,64,41,0.00,0.0,0
1975-10-08,69,29,0.00,0.0,0
1975-10-09,61,41,0.00,0.0,0
1975-10-10,62,41,0.00,0.0,0
1975-10-11,57,47,0.52,0.0,0
1975-10-12,58,52,0.13,0.0,0
1975-10-13,63,52,0.00,0.0,0
1975-10-14,69,52,0.42,0.0,0
1975-10-15,81,46,0.00,0.0,0
1975-10-16,76,51,0.02,0.0,0
1975-10-17,58,42,T,0.0,0
1975-10-18,55,45,1.85,0.0,0
1975-10-19,51,44,1.12,0.0,0
1975-10-20,52,46,0.14,0.0,0
1975-10-21,65,37,0.02,0.0,0
1975-10-22,74,38,0.00,0.0,0
1975-10-23,70,41,0.00,0.0,0
1975-10-24,70,40,0.00,0.0,0
1975-10-25,64,58,0.45,0.0,0
1975-10-26,58,46,0.00,0.0,0
1975-10-27,61,30,0.00,0.0,0
1975-10-28,62,37,0.00,0.0,0
1975-10-29,62,40,0.00,0.0,0
1975-10-30,57,34,T,0.0,0
1975-10-31,45,25,0.00,0.0,0
1975-11-01,56,22,0.00,0.0,0
1975-11-02,62,46,0.00,0.0,0
1975-11-03,69,47,T,0.0,0
1975-11-04,68,53,T,0.0,0
1975-11-05,69,46,0.00,0.0,0
1975-11-06,67,33,0.00,0.0,0
1975-11-07,69,36,0.00,0.0,0
1975-11-08,75,58,T,0.0,0
1975-11-09,69,43,0.00,0.0,0
1975-11-10,71,44,0.09,0.0,0
1975-11-11,71,38,0.05,0.0,0
1975-11-12,53,26,0.23,0.0,0
1975-11-13,48,44,0.49,0.0,0
1975-11-14,44,31,0.44,1.0,T
1975-11-15,42,30,0.00,0.0,0
1975-11-16,46,26,0.00,0.0,0
1975-11-17,50,27,0.00,0.0,0
1975-11-18,63,30,0.00,0.0,0
1975-11-19,52,45,0.00,0.0,0
1975-11-20,62,29,0.00,0.0,0
1975-11-21,58,35,0.54,0.0,0
1975-11-22,45,35,0.00,0.0,0
1975-11-23,45,22,0.00,0.0,0
1975-11-24,41,22,0.00,0.0,0
1975-11-25,35,28,0.00,0.0,0
1975-11-26,36,27,T,T,0
1975-11-27,41,28,0.74,2.0,1
1975-11-28,45,30,T,0.0,0
1975-11-29,41,28,0.00,0.0,0
1975-11-30,54,31,0.03,0.0,0
1975-12-01,63,32,0.13,0.0,0
1975-12-02,37,20,0.00,0.0,0
1975-12-03,38,20,T,T,0
1975-12-04,32,18,0.01,0.3,0
1975-12-05,43,14,0.00,0.0,0
1975-12-06,62,25,T,0.0,0
1975-12-07,51,19,T,0.0,0
1975-12-08,31,11,0.00,0.0,0
1975-12-09,34,27,0.26,T,0
1975-12-10,43,33,0.94,0.0,0
1975-12-11,44,33,T,0.0,0
1975-12-12,33,22,0.00,0.0,0
1975-12-13,34,29,T,T,0
1975-12-14,50,34,T,0.0,0
1975-12-15,57,30,T,0.0,0
1975-12-16,51,27,0.03,0.0,0
1975-12-17,35,14,0.00,0.0,0
1975-12-18,34,15,T,T,0
1975-12-19,20,8,T,T,0
1975-12-20,12,3,0.32,5.5,5
1975-12-21,23,8,0.43,6.5,8
1975-12-22,30,21,0.06,1.0,8
1975-12-23,27,17,0.00,0.0,7
1975-12-24,17,-1,0.00,0.0,7
1975-12-25,18,-11,0.00,0.0,7
1975-12-26,35,18,0.86,3.0,6
1975-12-27,41,31,0.00,0.0,6
1975-12-28,32,25,T,T,6
1975-12-29,34,10,0.00,0.0,6
1975-12-30,32,16,0.18,1.0,6
1975-12-31,40,32,0.24,0.0,5
1976-01-01,35,25,0.00,0.0,5
1976-01-02,26,-1,0.00,0.0,5
1976-01-03,34,22,0.20,1.0,5
1976-01-04,32,18,T,T,5
1976-01-05,18,8,0.00,0.0,5
1976-01-06,20,-11,0.00,0.0,5
1976-01-07,33,5,0.00,0.0,5
1976-01-08,33,9,0.12,2.5,6
1976-01-09,19,-13,0.00,0.0,5
1976-01-10,21,-3,0.00,0.0,5
1976-01-11,20,-7,0.09,1.5,6
1976-01-12,28,16,0.18,4.0,9
1976-01-13,32,-6,0.00,0.0,8
1976-01-14,52,29,0.25,T,4
1976-01-15,29,19,T,T,4
1976-01-16,37,6,T,T,4
1976-01-17,32,7,0.00,0.0,4
1976-01-18,16,-8,0.00,0.0,4
1976-01-19,12,-13,0.00,0.0,4
1976-01-20,27,3,0.10,0.8,5
1976-01-21,30,12,0.02,0.3,5
1976-01-22,28,-0,T,T,4
1976-01-23,8,-7,0.00,0.0,4
1976-01-24,9,2,0.04,1.5,5
1976-01-25,27,-0,0.00,0.0,5
1976-01-26,43,20,0.53,0.0,3
1976-01-27,52,34,1.35,0.0,2
1976-01-28,35,25,0.75,T,2
1976-01-29,35,18,T,T,2
1976-01-30,31,18,T,T,2
1976-01-31,19,5,0.00,0.0,2
1976-02-01,43,19,0.14,T,T
1976-02-02,43,3,0.52,2.0,2
1976-02-03,24,4,0.00,0.0,2
1976-02-04,38,3,0.00,0.0,2
1976-02-05,30,12,T,T,2
1976-02-06,23,14,0.17,2.0,3
1976-02-07,23,-6,0.00,0.0,2
1976-02-08,34,2,0.00,0.0,2
1976-02-09,34,14,0.00,0.0,2
1976-02-10,39,6,0.00,0.0,2
1976-02-11,51,36,T,0.0,T
1976-02-12,37,24,T,T,T
1976-02-13,53,31,0.00,0.0,T
1976-02-14,43,24,0.00,0.0,T
1976-02-15,38,13,0.07,0.0,T
1976-02-16,56,37,T,0.0,T
1976-02-17,55,33,0.78,T,T
1976-02-18,40,31,0.17,T,T
1976-02-19,52,34,0.36,0.0,0
1976-02-20,41,32,0.08,0.0,0
1976-02-21,47,20,0.00,0.0,0
1976-02-22,63,32,0.10,0.0,0
1976-02-23,32,14,0.00,0.0,0
1976-02-24,48,12,0.00,0.0,0
1976-02-25,65,23,0.00,0.0,0
1976-02-26,63,27,0.00,0.0,0
1976-02-27,59,38,T,0.0,0
1976-02-28,60,25,0.00,0.0,0
1976-02-29,57,18,T,0.0,0
1976-03-01,55,37,T,0.0,0
1976-03-02,37,22,0.24,1.0,1
1976-03-03,31,26,0.58,1.0,2
1976-03-04,40,30,0.15,0.0,2
1976-03-05,75,34,T,0.0,0
1976-03-06,70,33,T,T,0
1976-03-07,42,19,0.01,0.5,T
1976-03-08,34,20,T,T,0
1976-03-09,29,10,0.07,0.8,1
1976-03-10,39,14,0.02,0.5,T
1976-03-11,41,28,T,T,0
1976-03-12,34,14,0.00,0.0,0
1976-03-13,63,26,0.04,T,0
1976-03-14,44,26,0.00,0.0,0
1976-03-15,42,22,0.00,0.0,0
1976-03-16,36,23,0.40,4.0,4
1976-03-17,26,19,0.39,4.0,6
1976-03-18,35,-4,0.00,0.0,4
1976-03-19,60,23,T,T,2
1976-03-20,73,33,0.00,0.0,T
1976-03-21,70,43,0.19,0.0,0
1976-03-22,46,21,0.00,0.0,0
1976-03-23,52,11,0.00,0.0,0
1976-03-24,68,21,0.00,0.0,0
1976-03-25,64,29,T,0.0,0
1976-03-26,62,30,0.00,0.0,0
1976-03-27,68,31,0.00,0.0,0
1976-03-28,63,39,0.48,0.0,0
1976-03-29,60,31,0.00,0.0,0
1976-03-30,60,27,0.00,0.0,0
1976-03-31,57,37,0.00,0.0,0
1976-04-01,45,39,1.02,0.0,0
1976-04-02,49,28,0.03,0.0,0
1976-04-03,48,34,0.00,0.0,0
1976-04-04,51,33,0.00,0.0,0
1976-04-05,55,32,0.00,0.0,0
1976-04-06,59,23,0.00,0.0,0
1976-04-07,53,29,0.00,0.0,0
1976-04-08,49,25,0.00,0.0,0
1976-04-09,48,25,0.00,0.0,0
1976-04-10,62,26,0.00,0.0,0
1976-04-11,60,26,T,T,0
1976-04-12,38,18,0.00,0.0,0
1976-04-13,59,32,0.00,0.0,0
1976-04-14,69,40,0.00,0.0,0
1976-04-15,69,38,0.00,0.0,0
1976-04-16,75,54,0.55,0.0,0
1976-04-17,87,45,0.00,0.0,0
1976-04-18,89,51,0.00,0.0,0
1976-04-19,90,51,0.00,0.0,0
1976-04-20,85,51,0.00,0.0,0
1976-04-21,78,44,0.00,0.0,0
1976-04-22,67,53,0.01,0.0,0
1976-04-23,65,48,0.00,0.0,0
1976-04-24,54,37,T,0.0,0
1976-04-25,50,42,0.58,0.0,0
1976-04-26,44,39,0.87,0.0,0
1976-04-27,46,36,0.02,0.0,0
1976-04-28,56,39,0.00,0.0,0
1976-04-29,61,42,0.00,0.0,0
1976-04-30,65,30,0.00,0.0,0
1976-05-01,M,40,0.00,0.0,0
1976-05-02,70,M,0.38,0.0,0
1976-05-03,62,39,0.18,0.0,0
1976-05-04,51,28,0.00,0.0,0
1976-05-05,74,28,0.00,0.0,0
1976-05-06,83,59,0.00,0.0,0
1976-05-07,67,45,0.03,0.0,0
1976-05-08,57,40,0.00,0.0,0
1976-05-09,65,31,0.00,0.0,0
1976-05-10,74,33,0.00,0.0,0
1976-05-11,70,45,T,0.0,0
1976-05-12,62,48,1.01,0.0,0
1976-05-13,67,28,0.00,0.0,0
1976-05-14,76,38,0.00,0.0,0
1976-05-15,78,61,T,0.0,0
1976-05-16,71,46,0.00,0.0,0
1976-05-17,74,58,0.15,0.0,0
1976-05-18,69,48,0.61,0.0,0
1976-05-19,50,34,1.01,T,0
1976-05-20,59,40,0.02,0.0,0
1976-05-21,65,35,T,0.0,0
1976-05-22,59,40,T,0.0,0
1976-05-23,61,33,0.00,0.0,0
1976-05-24,64,38,0.00,0.0,0
1976-05-25,61,44,T,0.0,0
1976-05-26,58,45,0.11,0.0,0
1976-05-27,74,44,0.00,0.0,0
1976-05-28,77,42,0.00,0.0,0
1976-05-29,79,39,0.00,0.0,0
1976-05-30,71,54,T,0.0,0
1976-05-31,76,53,T,0.0,0
1976-06-01,66,53,0.11,0.0,0
1976-06-02,69,43,0.23,0.0,0
1976-06-03,73,42,0.00,0.0,0
1976-06-04,73,44,0.14,0.0,0
1976-06-05,77,44,0.00,0.0,0
1976-06-06,69,45,0.18,0.0,0
1976-06-07,82,51,0.13,0.0,0
1976-06-08,85,53,0.00,0.0,0
1976-06-09,85,56,0.00,0.0,0
1976-06-10,87,57,0.23,0.0,0
1976-06-11,86,59,T,0.0,0
1976-06-12,78,56,T,0.0,0
1976-06-13,71,39,0.00,0.0,0
1976-06-14,78,49,0.19,0.0,0
1976-06-15,85,62,0.35,0.0,0
1976-06-16,83,M,T,0.0,0
1976-06-17,M,M,0.00,0.0,0
1976-06-18,M,55,0.00,0.0,0
1976-06-19,84,65,0.00,0.0,0
1976-06-20,81,69,0.29,0.0,0
1976-06-21,80,67,0.10,0.0,0
1976-06-22,83,68,0.14,0.0,0
1976-06-23,81,64,T,0.0,0
1976-06-24,85,60,0.00,0.0,0
1976-06-25,85,67,T,0.0,0
1976-06-26,81,63,0.00,0.0,0
1976-06-27,79,57,T,0.0,0
1976-06-28,83,54,T,0.0,0
1976-06-29,83,62,0.20,0.0,0
1976-06-30,77,57,2.92,0.0,0
1976-07-01,80,62,M,0.0,0
1976-07-02,77,54,M,0.0,0
1976-07-03,74,52,M,0.0,0
1976-07-04,79,58,M,0.0,0
1976-07-05,84,54,M,0.0,0
1976-07-06,84,58,M,0.0,0
1976-07-07,75,60,M,0.0,0
1976-07-08,79,59,M,0.0,0
1976-07-09,75,54,M,0.0,0
1976-07-10,80,51,M,0.0,0
1976-07-11,83,56,M,0.0,0
1976-07-12,76,61,M,0.0,0
1976-07-13,68,56,M,0.0,0
1976-07-14,75,60,M,0.0,0
1976-07-15,78,54,M,0.0,0
1976-07-16,78,52,M,0.0,0
1976-07-17,78,62,M,0.0,0
1976-07-18,76,48,M,0.0,0
1976-07-19,84,51,M,0.0,0
1976-07-20,87,55,M,0.0,0
1976-07-21,74,64,M,0.0,0
1976-07-22,76,54,M,0.0,0
1976-07-23,69,51,M,0.0,0
1976-07-24,83,65,M,0.0,0
1976-07-25,73,46,M,0.0,0
1976-07-26,78,44,M,0.0,0
1976-07-27,84,54,M,0.0,0
1976-07-28,82,54,M,0.0,0
1976-07-29,72,60,M,0.0,0
1976-07-30,72,64,M,0.0,0
1976-07-31,80,68,M,0.0,0
1976-08-01,79,61,0.92,0.0,0
1976-08-02,73,46,0.00,0.0,0
1976-08-03,74,46,0.00,0.0,0
1976-08-04,78,47,0.00,0.0,0
1976-08-05,83,50,0.00,0.0,0
1976-08-06,80,61,0.15,0.0,0
1976-08-07,71,56,1.32,0.0,0
1976-08-08,70,M,0.06,0.0,0
1976-08-09,74,65,0.04,0.0,0
1976-08-10,74,66,2.45,0.0,0
1976-08-11,82,54,0.00,0.0,0
1976-08-12,83,55,0.00,0.0,0
1976-08-13,85,61,0.36,0.0,0
1976-08-14,81,63,0.31,0.0,0
1976-08-15,81,63,T,0.0,0
1976-08-16,70,55,0.00,0.0,0
1976-08-17,78,55,0.00,0.0,0
1976-08-18,76,57,0.00,0.0,0
1976-08-19,75,47,0.00,0.0,0
1976-08-20,84,47,0.00,0.0,0
1976-08-21,88,60,0.00,0.0,0
1976-08-22,88,66,0.00,0.0,0
1976-08-23,81,64,0.00,0.0,0
1976-08-24,78,55,T,0.0,0
1976-08-25,79,50,0.00,0.0,0
1976-08-26,83,58,0.00,0.0,0
1976-08-27,76,62,0.00,0.0,0
1976-08-28,83,66,T,0.0,0
1976-08-29,80,63,0.09,0.0,0
1976-08-30,63,48,0.00,0.0,0
1976-08-31,70,39,0.00,0.0,0
1976-09-01,79,44,0.00,0.0,0
1976-09-02,72,56,0.12,0.0,0
1976-09-03,68,39,0.00,0.0,0
1976-09-04,73,42,0.00,0.0,0
1976-09-05,72,43,T,0.0,0
1976-09-06,67,44,0.00,0.0,0
1976-09-07,76,44,0.00,0.0,0
1976-09-08,79,44,0.00,0.0,0
1976-09-09,78,45,0.00,0.0,0
1976-09-10,68,52,0.30,0.0,0
1976-09-11,65,42,T,0.0,0
1976-09-12,74,54,0.00,0.0,0
1976-09-13,79,47,0.00,0.0,0
1976-09-14,79,45,0.00,0.0,0
1976-09-15,80,55,0.00,0.0,0
1976-09-16,77,54,0.00,0.0,0
1976-09-17,71,62,T,0.0,0
1976-09-18,69,63,1.03,0.0,0
1976-09-19,70,62,0.04,0.0,0
1976-09-20,78,58,0.00,0.0,0
1976-09-21,71,48,0.06,0.0,0
1976-09-22,66,45,0.03,0.0,0
1976-09-23,66,33,T,0.0,0
1976-09-24,60,35,0.00,0.0,0
1976-09-25,62,33,0.00,0.0,0
1976-09-26,58,30,0.35,0.0,0
1976-09-27,64,55,0.11,0.0,0
1976-09-28,59,48,0.03,0.0,0
1976-09-29,62,30,0.00,0.0,0
1976-09-30,62,39,0.00,0.0,0
1976-10-01,63,46,0.00,0.0,0
1976-10-02,64,48,0.00,0.0,0
1976-10-03,65,51,0.00,0.0,0
1976-10-04,69,43,0.00,0.0,0
1976-10-05,69,38,0.00,0.0,0
1976-10-06,67,53,0.00,0.0,0
1976-10-07,69,54,T,0.0,0
1976-10-08,67,54,0.03,0.0,0
1976-10-09,73,48,2.87,0.0,0
1976-10-10,56,42,T,0.0,0
1976-10-11,53,32,0.00,0.0,0
1976-10-12,57,28,0.00,0.0,0
1976-10-13,63,31,0.07,0.0,0
1976-10-14,M,M,0.10,0.0,0
1976-10-15,72,31,T,0.0,0
1976-10-16,64,44,0.00,0.0,0
1976-10-17,49,32,0.00,0.0,0
1976-10-18,44,27,0.00,0.0,0
1976-10-19,47,23,0.00,0.0,0
1976-10-20,47,32,0.41,0.0,0
1976-10-21,M,M,M,0.0,0
1976-10-22,M,M,0.00,0.0,0
1976-10-23,M,M,0.00,0.0,0
1976-10-24,45,31,0.06,0.0,0
1976-10-25,47,43,0.02,0.0,0
1976-10-26,46,35,0.34,T,0
1976-10-27,38,22,0.00,0.0,0
1976-10-28,44,19,0.00,0.0,0
1976-10-29,53,23,0.00,0.0,0
1976-10-30,55,25,0.00,0.0,0
1976-10-31,61,40,0.28,0.0,0
1976-11-01,55,33,0.00,0.0,0
1976-11-02,42,21,0.00,0.0,0
1976-11-03,48,32,0.00,0.0,0
1976-11-04,M,M,S,S,0
1976-11-05,39,31,0.15A,1.0A,1
1976-11-06,52,32,T,0.0,0
1976-11-07,48,30,T,0.0,0
1976-11-08,36,26,T,0.0,0
1976-11-09,34,20,0.00,0.0,0
1976-11-10,43,23,0.05,1.5,0
1976-11-11,39,26,T,0.0,0
1976-11-12,40,18,0.00,0.0,0
1976-11-13,42,23,T,T,0
1976-11-14,46,26,0.00,0.0,0
1976-11-15,44,22,0.00,0.0,0
1976-11-16,43,26,0.00,0.0,0
1976-11-17,44,17,0.00,0.0,0
1976-11-18,47,23,0.00,0.0,0
1976-11-19,52,25,T,0.0,0
1976-11-20,41,30,T,T,0
1976-11-21,36,26,T,T,0
1976-11-22,37,23,0.00,0.0,0
1976-11-23,39,32,0.00,0.0,0
1976-11-24,37,30,0.00,0.0,0
1976-11-25,40,16,0.00,0.0,0
1976-11-26,51,23,0.00,0.0,0
1976-11-27,62,38,0.00,0.0,0
1976-11-28,55,38,0.00,0.0,0
1976-11-29,43,23,0.36,1.5,1
1976-11-30,M,M,0.00,0.0,1
1976-12-01,M,2,0.00,0.0,1
1976-12-02,33,M,0.02,0.7,1
1976-12-03,26,-1,T,T,1
1976-12-04,20,-1,0.02,1.0,2
1976-12-05,33,6,0.00,0.0,2
1976-12-06,36,18,0.00,0.0,1
1976-12-07,48,32,1.38,0.0,0
1976-12-08,36,12,0.00,0.0,0
1976-12-09,21,1,T,0.2,T
1976-12-10,45,6,0.00,0.0,0
1976-12-11,40,21,0.00,0.0,0
1976-12-12,39,8,0.00,0.0,0
1976-12-13,40,6,T,T,T
1976-12-14,33,-3,0.00,0.0,0
1976-12-15,42,16,0.00,0.0,0
1976-12-16,42,14,0.00,0.0,0
1976-12-17,39,30,0.01,0.3,0
1976-12-18,35,25,T,T,0
1976-12-19,34,10,0.00,0.0,0
1976-12-20,44,18,T,0.0,0
1976-12-21,M,M,0.00,0.0,0
1976-12-22,M,8,0.00,0.0,0
1976-12-23,35,M,T,T,T
1976-12-24,28,10,0.00,0.0,0
1976-12-25,31,7,0.00,0.0,0
1976-12-26,35,M,0.10,2.0,2
1976-12-27,20,5,T,T,2
1976-12-28,M,12,0.02,0.5,2
1976-12-29,M,M,0.00,0.0,M
1976-12-30,M,M,0.00,0.0,M
1976-12-31,M,M,0.00,0.0,M
1977-01-01,M,M,S,S,M
1977-01-02,M,M,M,M,M
1977-01-03,M,M,M,M,M
1977-01-04,M,M,M,M,M
1977-01-05,M,M,M,M,M
1977-01-06,M,M,M,M,M
1977-01-07,M,M,0.18A,3.0A,3
1977-01-08,22,12,0.00,0.0,1
1977-01-09,20,-3,0.00,0.0,1
1977-01-10,31,13,0.97,7.5,8
1977-01-11,33,12,T,T,6
1977-01-12,16,-8,0.00,0.0,6
1977-01-13,19,-7,0.00,0.0,5
1977-01-14,19,-1,T,T,5
1977-01-15,29,14,0.20,2.2,7
1977-01-16,19,5,T,T,7
1977-01-17,10,-8,0.00,0.0,7
1977-01-18,9,-8,0.00,0.0,6
1977-01-19,20,6,T,0.0,6
1977-01-20,33,14,0.00,0.0,6
1977-01-21,27,21,T,T,6
1977-01-22,M,8,0.00,0.0,6
1977-01-23,25,M,0.00,0.0,6
1977-01-24,27,1,0.00,0.0,6
1977-01-25,34,23,0.01,0.5,5
1977-01-26,30,16,0.00,0.0,5
1977-01-27,22,4,T,T,5
1977-01-28,40,-15,T,0.5,5
1977-01-29,25,-3,0.05,2.0,6
1977-01-30,15,-0,0.00,0.0,5
1977-01-31,20,-3,0.00,0.0,5
1977-02-01,27,1,T,T,5
1977-02-02,26,3,0.00,0.0,5
1977-02-03,35,2,0.08,1.5,6
1977-02-04,35,20,0.00,0.0,5
1977-02-05,28,17,0.05,1.5,6
1977-02-06,18,7,T,T,5
1977-02-07,22,11,T,T,5
1977-02-08,28,12,0.00,0.0,5
1977-02-09,34,3,T,T,5
1977-02-10,38,27,0.00,0.0,5
1977-02-11,52,15,0.00,0.0,4
1977-02-12,45,34,0.00,0.0,4
1977-02-13,45,32,0.02,0.0,3
1977-02-14,42,32,T,T,2
1977-02-15,37,22,T,T,2
1977-02-16,M,M,T,T,2
1977-02-17,M,M,0.00,0.0,2
1977-02-18,29,2,0.00,0.0,2
1977-02-19,36,15,0.00,0.0,2
1977-02-20,32,24,0.69,9.0,10
1977-02-21,29,19,0.18,5.0,9
1977-02-22,34,-6,0.00,0.0,7
1977-02-23,38,16,0.00,0.0,6
1977-02-24,36,11,0.03,0.0,5
1977-02-25,46,35,2.03,0.0,2
1977-02-26,44,37,0.00,0.0,T
1977-02-27,47,28,T,0.0,T
1977-02-28,47,36,0.28,0.0,T
1977-03-01,39,19,0.00,0.0,T
1977-03-02,41,22,0.00,0.0,T
1977-03-03,47,21,0.00,0.0,T
1977-03-04,40,24,0.66,1.0,T
1977-03-05,56,28,T,0.0,T
1977-03-06,51,32,0.00,0.0,T
1977-03-07,40,27,0.00,0.0,0
1977-03-08,47,30,0.00,0.0,0
1977-03-09,68,22,0.00,0.0,0
1977-03-10,72,30,0.00,0.0,0
1977-03-11,70,27,0.00,0.0,0
1977-03-12,65,28,0.00,0.0,0
1977-03-13,58,49,1.20,0.0,0
1977-03-14,56,43,0.46,0.0,0
1977-03-15,53,41,0.00,0.0,0
1977-03-16,50,30,0.13,0.0,0
1977-03-17,40,31,T,T,0
1977-03-18,36,23,0.92,8.0,8
1977-03-19,39,24,0.02,0.5,6
1977-03-20,40,9,T,T,5
1977-03-21,47,31,T,0.2,3
1977-03-22,36,27,2.96,11.0,14
1977-03-23,37,32,0.24,2.0,10
1977-03-24,M,M,T,T,9
1977-03-25,35,19,T,T,9
1977-03-26,47,26,0.00,0.0,8
1977-03-27,52,24,0.00,0.0,7
1977-03-28,48,34,0.05,0.0,6
1977-03-29,72,35,0.10,0.0,2
1977-03-30,82,35,0.00,0.0,0
1977-03-31,61,43,0.05,0.0,0
1977-04-01,50,32,0.00,0.0,0
1977-04-02,46,23,0.03,0.0,0
1977-04-03,63,40,0.12,0.0,0
1977-04-04,48,25,0.00,0.0,0
1977-04-05,45,36,0.58,0.0,0
1977-04-06,47,33,T,T,T
1977-04-07,42,24,0.00,0.0,0
1977-04-08,40,25,T,T,0
1977-04-09,39,18,0.00,0.0,0
1977-04-10,49,26,0.00,0.0,0
1977-04-11,63,25,0.00,0.0,0
1977-04-12,84,33,0.00,0.0,0
1977-04-13,85,40,0.00,0.0,0
1977-04-14,72,42,T,0.0,0
1977-04-15,62,30,0.00,0.0,0
1977-04-16,62,28,0.00,0.0,0
1977-04-17,68,30,0.00,0.0,0
1977-04-18,72,34,0.00,0.0,0
1977-04-19,76,37,0.00,0.0,0
1977-04-20,69,39,T,0.0,0
1977-04-21,81,44,0.00,0.0,0
1977-04-22,78,52,T,0.0,0
1977-04-23,68,50,0.30,0.0,0
1977-04-24,50,43,1.07,0.0,0
1977-04-25,51,39,0.17,0.0,0
1977-04-26,M,M,T,0.0,0
1977-04-27,59,42,0.15,0.0,0
1977-04-28,63,39,T,0.0,0
1977-04-29,50,30,0.00,0.0,0
1977-04-30,68,34,0.00,0.0,0
1977-05-01,75,32,0.00,0.0,0
1977-05-02,73,45,T,0.0,0
1977-05-03,63,42,0.00,0.0,0
1977-05-04,65,34,0.00,0.0,0
1977-05-05,62,48,0.36,0.0,0
1977-05-06,82,47,0.00,0.0,0
1977-05-07,74,45,0.00,0.0,0
1977-05-08,63,29,T,0.0,0
1977-05-09,42,32,1.69,3.5,2
1977-05-10,55,34,0.54,0.0,0
1977-05-11,65,42,0.00,0.0,0
1977-05-12,74,39,0.00,0.0,0
1977-05-13,71,50,0.00,0.0,0
1977-05-14,64,35,0.00,0.0,0
1977-05-15,69,39,0.00,0.0,0
1977-05-16,77,40,0.00,0.0,0
1977-05-17,87,39,0.00,0.0,0
1977-05-18,81,58,0.00,0.0,0
1977-05-19,76,53,0.44,0.0,0
1977-05-20,80,58,0.00,0.0,0
1977-05-21,83,57,T,0.0,0
1977-05-22,83,54,0.00,0.0,0
1977-05-23,83,47,0.00,0.0,0
1977-05-24,83,53,0.06,0.0,0
1977-05-25,84,58,T,0.0,0
1977-05-26,76,55,0.00,0.0,0
1977-05-27,79,48,0.00,0.0,0
1977-05-28,87,55,0.00,0.0,0
1977-05-29,73,41,0.00,0.0,0
1977-05-30,72,43,0.00,0.0,0
1977-05-31,78,39,0.00,0.0,0
1977-06-01,76,48,T,0.0,0
1977-06-02,80,59,T,0.0,0
1977-06-03,69,47,0.00,0.0,0
1977-06-04,75,39,0.00,0.0,0
1977-06-05,75,51,0.00,0.0,0
1977-06-06,71,46,T,0.0,0
1977-06-07,58,50,0.21,0.0,0
1977-06-08,64,45,0.00,0.0,0
1977-06-09,55,37,0.66,0.0,0
1977-06-10,65,48,0.99,0.0,0
1977-06-11,70,49,T,0.0,0
1977-06-12,75,55,0.02,0.0,0
1977-06-13,74,56,0.00,0.0,0
1977-06-14,75,51,0.04,0.0,0
1977-06-15,78,53,0.00,0.0,0
1977-06-16,77,48,0.00,0.0,0
1977-06-17,76,50,0.00,0.0,0
1977-06-18,78,54,0.52,0.0,0
1977-06-19,80,61,0.04,0.0,0
1977-06-20,81,50,0.00,0.0,0
1977-06-21,73,56,0.02,0.0,0
1977-06-22,70,51,0.00,0.0,0
1977-06-23,75,47,0.00,0.0,0
1977-06-24,79,48,0.00,0.0,0
1977-06-25,76,56,0.23,0.0,0
1977-06-26,80,59,0.00,0.0,0
1977-06-27,83,60,0.00,0.0,0
1977-06-28,81,55,0.00,0.0,0
1977-06-29,M,M,0.00,0.0,0
1977-06-30,M,M,0.00,0.0,0
1977-07-01,87,66,T,0.0,0
1977-07-02,83,52,0.00,0.0,0
1977-07-03,76,50,0.00,0.0,0
1977-07-04,83,55,0.02,0.0,0
1977-07-05,87,60,T,0.0,0
1977-07-06,76,56,T,0.0,0
1977-07-07,77,59,0.00,0.0,0
1977-07-08,81,61,0.07,0.0,0
1977-07-09,83,62,0.00,0.0,0
1977-07-10,76,57,0.00,0.0,0
1977-07-11,78,49,0.00,0.0,0
1977-07-12,77,60,0.84,0.0,0
1977-07-13,89,72,T,0.0,0
1977-07-14,83,60,0.00,0.0,0
1977-07-15,88,54,0.00,0.0,0
1977-07-16,90,65,0.07,0.0,0
1977-07-17,85,67,0.00,0.0,0
1977-07-18,89,65,0.00,0.0,0
1977-07-19,93,61,0.00,0.0,0
1977-07-20,90,63,0.00,0.0,0
1977-07-21,96,66,0.02,0.0,0
1977-07-22,76,57,0.00,0.0,0
1977-07-23,79,49,0.00,0.0,0
1977-07-24,87,48,0.00,0.0,0
1977-07-25,80,63,0.76,0.0,0
1977-07-26,72,53,0.00,0.0,0
1977-07-27,73,46,0.00,0.0,0
1977-07-28,77,44,0.00,0.0,0
1977-07-29,79,49,0.00,0.0,0
1977-07-30,78,59,0.17,0.0,0
1977-07-31,85,55,0.00,0.0,0
1977-08-01,79,61,0.13,0.0,0
1977-08-02,81,57,0.00,0.0,0
1977-08-03,75,54,T,0.0,0
1977-08-04,86,59,0.00,0.0,0
1977-08-05,86,59,0.14,0.0,0
1977-08-06,83,63,T,0.0,0
1977-08-07,81,67,0.01,0.0,0
1977-08-08,88,62,0.00,0.0,0
1977-08-09,82,66,0.00,0.0,0
1977-08-10,79,56,T,0.0,0
1977-08-11,85,61,1.47,0.0,0
1977-08-12,76,63,0.15,0.0,0
1977-08-13,77,53,T,0.0,0
1977-08-14,79,63,0.69,0.0,0
1977-08-15,76,54,0.00,0.0,0
1977-08-16,72,51,0.00,0.0,0
1977-08-17,76,66,1.62,0.0,0
1977-08-18,72,51,0.00,0.0,0
1977-08-19,70,42,0.00,0.0,0
1977-08-20,68,49,0.00,0.0,0
1977-08-21,71,41,0.00,0.0,0
1977-08-22,76,58,0.26,0.0,0
1977-08-23,76,47,0.00,0.0,0
1977-08-24,68,55,0.05,0.0,0
1977-08-25,71,46,0.00,0.0,0
1977-08-26,74,42,0.00,0.0,0
1977-08-27,81,49,0.00,0.0,0
1977-08-28,89,60,0.00,0.0,0
1977-08-29,91,64,0.00,0.0,0
1977-08-30,82,65,T,0.0,0
1977-08-31,74,59,T,0.0,0
1977-09-01,86,59,0.00,0.0,0
1977-09-02,81,70,T,0.0,0
1977-09-03,81,64,0.08,0.0,0
1977-09-04,77,52,0.00,0.0,0
1977-09-05,78,57,0.05,0.0,0
1977-09-06,78,57,0.30,0.0,0
1977-09-07,71,51,0.00,0.0,0
1977-09-08,73,49,0.00,0.0,0
1977-09-09,79,49,0.00,0.0,0
1977-09-10,76,56,0.00,0.0,0
1977-09-11,68,53,0.00,0.0,0
1977-09-12,71,38,0.00,0.0,0
1977-09-13,M,M,0.12,0.0,0
1977-09-14,73,51,0.33,0.0,0
1977-09-15,65,44,0.00,0.0,0
1977-09-16,60,51,0.62,0.0,0
1977-09-17,76,58,0.24,0.0,0
1977-09-18,76,56,0.51,0.0,0
1977-09-19,73,63,0.83,0.0,0
1977-09-20,70,48,3.25,0.0,0
1977-09-21,53,47,0.07,0.0,0
1977-09-22,53,49,0.02,0.0,0
1977-09-23,58,51,T,0.0,0
1977-09-24,57,49,0.81,0.0,0
1977-09-25,51,47,0.84,0.0,0
1977-09-26,70,49,0.84,0.0,0
1977-09-27,70,48,T,0.0,0
1977-09-28,68,43,T,0.0,0
1977-09-29,M,M,0.02,0.0,0
1977-09-30,66,40,0.00,0.0,0
1977-10-01,M,M,0.22,0.0,0
1977-10-02,67,54,0.50,0.0,0
1977-10-03,54,45,T,0.0,0
1977-10-04,61,42,0.00,0.0,0
1977-10-05,68,44,0.00,0.0,0
1977-10-06,62,50,0.03,0.0,0
1977-10-07,55,34,0.00,0.0,0
1977-10-08,50,30,0.00,0.0,0
1977-10-09,62,48,0.38,0.0,0
1977-10-10,61,45,T,0.0,0
1977-10-11,61,30,0.00,0.0,0
1977-10-12,58,44,T,0.0,0
1977-10-13,53,33,0.00,0.0,0
1977-10-14,48,35,0.38,0.0,0
1977-10-15,52,39,0.35,0.0,0
1977-10-16,61,32,0.00,0.0,0
1977-10-17,58,40,2.00,0.0,0
1977-10-18,55,33,0.00,0.0,0
1977-10-19,50,36,0.06,0.0,0
1977-10-20,55,46,0.30,0.0,0
1977-10-21,65,35,0.00,0.0,0
1977-10-22,63,33,T,0.0,0
1977-10-23,57,30,0.00,0.0,0
1977-10-24,58,23,0.00,0.0,0
1977-10-25,64,31,0.00,0.0,0
1977-10-26,62,37,T,0.0,0
1977-10-27,72,46,0.00,0.0,0
1977-10-28,63,38,0.00,0.0,0
1977-10-29,59,35,0.00,0.0,0
1977-10-30,55,31,0.00,0.0,0
1977-10-31,55,27,0.00,0.0,0
1977-11-01,M,M,M,M,M
1977-11-02,M,M,M,M,M
1977-11-03,M,M,M,M,M
1977-11-04,M,M,M,M,M
1977-11-05,M,M,M,M,M
1977-11-06,M,M,M,M,M
1977-11-07,M,M,M,M,M
1977-11-08,M,M,M,M,M
1977-11-09,M,M,M,M,M
1977-11-10,M,M,M,M,M
1977-11-11,M,M,M,M,M
1977-11-12,M,M,M,M,M
1977-11-13,M,M,M,M,M
1977-11-14,M,M,M,M,M
1977-11-15,M,M,M,M,M
1977-11-16,M,M,M,M,M
1977-11-17,M,M,M,M,M
1977-11-18,M,M,M,M,M
1977-11-19,M,M,M,M,M
1977-11-20,M,M,M,M,M
1977-11-21,M,M,M,M,M
1977-11-22,M,M,M,M,M
1977-11-23,M,M,M,M,M
1977-11-24,M,M,M,M,M
1977-11-25,M,M,M,M,M
1977-11-26,M,M,M,M,M
1977-11-27,M,M,M,M,M
1977-11-28,M,M,M,M,M
1977-11-29,M,M,M,M,M
1977-11-30,M,M,M,M,M
1977-12-01,M,M,1.09,6.0,5
1977-12-02,49,29,T,0.0,3
1977-12-03,45,29,T,T,2
1977-12-04,40,25,0.08,T,T
1977-12-05,M,M,0.80,7.0,7
1977-12-06,31,M,0.15,3.5,8
1977-12-07,24,19,T,0.0,7
1977-12-08,28,14,0.00,0.0,7
1977-12-09,41,14,0.05,1.0,7
1977-12-10,22,12,0.00,0.0,7
1977-12-11,15,-0,0.00,0.0,7
1977-12-12,13,-10,0.07,1.0,8
1977-12-13,24,10,0.12,1.0,8
1977-12-14,35,24,0.57,0.0,6
1977-12-15,43,34,0.04,0.0,5
1977-12-16,43,28,0.00,0.0,4
1977-12-17,35,20,0.00,0.0,4
1977-12-18,31,22,0.00,0.0,4
1977-12-19,35,28,0.43,3.8,7
1977-12-20,32,28,0.00,0.0,6
1977-12-21,38,31,1.57,9.0,12
1977-12-22,37,30,T,T,12
1977-12-23,34,13,0.00,0.0,12
1977-12-24,40,11,0.00,0.0,11
1977-12-25,43,18,0.17,T,8
1977-12-26,31,10,0.00,0.0,8
1977-12-27,21,-2,0.00,0.0,8
1977-12-28,22,-4,0.00,0.0,8
1977-12-29,26,-4,0.00,0.0,8
1977-12-30,35,5,0.00,0.0,8
1977-12-31,34,24,0.00,0.0,7
1978-01-01,28,18,0.00,0.0,7
1978-01-02,25,5,0.08,1.0,7
1978-01-03,24,7,0.00,0.0,6
1978-01-04,26,-3,0.00,0.0,6
1978-01-05,32,13,0.00,0.0,6
1978-01-06,32,22,0.00,0.0,6
1978-01-07,30,20,0.07,1.0,7
1978-01-08,43,28,0.11,T,5
1978-01-09,55,15,2.52,0.5,T
1978-01-10,18,10,T,T,T
1978-01-11,27,11,0.00,0.0,T
1978-01-12,29,18,0.00,0.0,T
1978-01-13,25,20,0.14,1.2,1
1978-01-14,24,20,1.60,11.0,10
1978-01-15,22,13,T,T,9
1978-01-16,27,-0,0.00,0.0,9
1978-01-17,23,16,0.26,2.8,12
1978-01-18,30,20,1.39,10.0,20
1978-01-19,27,13,0.00,0.0,18
1978-01-20,23,17,1.10,9.0,25
1978-01-21,23,13,0.34,3.5,26
1978-01-22,31,10,0.00,0.0,25
1978-01-23,29,-0,T,0.0,24
1978-01-24,30,-11,0.00,0.0,24
1978-01-25,34,15,0.45,0.0,23
1978-01-26,54,33,1.27,0.0,14
1978-01-27,33,18,T,T,14
1978-01-28,26,19,0.00,0.0,14
1978-01-29,22,2,0.00,0.0,14
1978-01-30,21,12,T,T,14
1978-01-31,24,2,0.00,0.0,14
1978-02-01,25,5,0.00,0.0,13
1978-02-02,22,-0,0.02,0.3,13
1978-02-03,21,-5,0.00,0.0,13
1978-02-04,17,-10,0.00,0.0,13
1978-02-05,17,-14,0.00,0.0,13
1978-02-06,19,9,0.71,8.0,21
1978-02-07,28,16,0.82,13.0,29
1978-02-08,30,8,0.00,0.0,26
1978-02-09,28,-12,0.00,0.0,24
1978-02-10,26,2,0.00,0.0,23
1978-02-11,28,-0,T,T,22
1978-02-12,31,20,T,T,21
1978-02-13,32,12,T,T,20
1978-02-14,32,17,0.09,2.0,21
1978-02-15,28,10,0.00,0.0,20
1978-02-16,31,-6,0.00,0.0,20
1978-02-17,34,21,0.00,0.0,19
1978-02-18,32,21,T,T,19
1978-02-19,30,-1,0.00,0.0,19
1978-02-20,28,-10,0.00,0.0,19
1978-02-21,28,-5,0.00,0.0,19
1978-02-22,25,-0,T,T,18
1978-02-23,34,19,0.00,0.0,18
1978-02-24,34,21,0.00,0.0,17
1978-02-25,37,18,T,T,17
1978-02-26,34,19,0.04,1.0,16
1978-02-27,27,18,0.00,0.0,16
1978-02-28,31,2,0.00,0.0,16
1978-03-01,28,-0,0.00,0.0,16
1978-03-02,27,2,0.00,0.0,16
1978-03-03,24,5,0.09,3.0,19
1978-03-04,27,10,0.01,0.5,18
1978-03-05,25,8,0.00,0.0,17
1978-03-06,28,11,0.00,0.0,16
1978-03-07,30,16,0.00,0.0,16
1978-03-08,33,8,0.00,0.0,16
1978-03-09,41,-2,0.00,0.0,15
1978-03-10,44,7,0.00,0.0,14
1978-03-11,46,16,0.00,0.0,13
1978-03-12,50,28,T,0.0,12
1978-03-13,46,29,0.00,0.0,11
1978-03-14,45,31,0.40,0.0,9
1978-03-15,43,34,0.00,0.0,9
1978-03-16,37,30,0.13,1.0,10
1978-03-17,35,22,0.00,0.0,9
1978-03-18,34,11,T,T,9
1978-03-19,47,20,0.00,0.0,8
1978-03-20,M,21,T,T,7
1978-03-21,60,34,T,0.0,5
1978-03-22,51,35,T,0.0,4
1978-03-23,51,28,0.00,0.0,3
1978-03-24,38,27,0.00,0.0,3
1978-03-25,38,17,0.00,0.0,3
1978-03-26,35,28,0.48,4.0,5
1978-03-27,45,32,1.56,0.0,2
1978-03-28,49,36,0.00,0.0,T
1978-03-29,51,32,T,0.0,T
1978-03-30,44,28,0.00,0.0,T
1978-03-31,50,25,0.00,0.0,T
1978-04-01,71,33,0.16,0.0,T
1978-04-02,60,29,T,0.0,T
1978-04-03,40,18,0.00,0.0,T
1978-04-04,48,31,T,0.0,T
1978-04-05,49,38,T,0.0,T
1978-04-06,55,32,0.00,0.0,0
1978-04-07,52,37,0.11,0.0,0
1978-04-08,43,34,0.00,0.0,0
1978-04-09,47,28,0.00,0.0,0
1978-04-10,54,25,0.00,0.0,0
1978-04-11,58,37,T,0.0,0
1978-04-12,61,35,0.22,0.0,0
1978-04-13,71,42,T,0.0,0
1978-04-14,56,35,T,T,0
1978-04-15,53,33,T,T,0
1978-04-16,54,34,0.00,0.0,0
1978-04-17,51,33,T,0.0,0
1978-04-18,59,27,0.00,0.0,0
1978-04-19,50,40,0.22,0.0,0
1978-04-20,51,41,0.73,0.0,0
1978-04-21,50,40,T,0.0,0
1978-04-22,56,39,0.00,0.0,0
1978-04-23,59,31,0.00,0.0,0
1978-04-24,63,30,0.00,0.0,0
1978-04-25,59,35,0.00,0.0,0
1978-04-26,63,30,0.00,0.0,0
1978-04-27,63,34,0.00,0.0,0
1978-04-28,65,36,0.00,0.0,0
1978-04-29,65,34,0.00,0.0,0
1978-04-30,50,32,0.00,0.0,0
1978-05-01,45,30,T,T,0
1978-05-02,58,36,0.00,0.0,0
1978-05-03,60,35,0.00,0.0,0
1978-05-04,60,29,0.00,0.0,0
1978-05-05,52,41,0.33,0.0,0
1978-05-06,59,40,T,0.0,0
1978-05-07,67,44,0.00,0.0,0
1978-05-08,71,34,0.12,0.0,0
1978-05-09,76,44,T,0.0,0
1978-05-10,66,42,0.10,0.0,0
1978-05-11,74,40,0.00,0.0,0
1978-05-12,74,39,0.00,0.0,0
1978-05-13,65,51,T,0.0,0
1978-05-14,66,54,0.44,0.0,0
1978-05-15,54,48,1.24,0.0,0
1978-05-16,58,47,1.37,0.0,0
1978-05-17,60,50,0.46,0.0,0
1978-05-18,M,M,0.16,0.0,0
1978-05-19,80,42,0.00,0.0,0
1978-05-20,87,49,0.00,0.0,0
1978-05-21,77,57,0.00,0.0,0
1978-05-22,77,44,0.00,0.0,0
1978-05-23,80,44,0.00,0.0,0
1978-05-24,72,50,0.58,0.0,0
1978-05-25,80,53,0.04,0.0,0
1978-05-26,87,51,0.00,0.0,0
1978-05-27,81,51,0.00,0.0,0
1978-05-28,85,54,0.00,0.0,0
1978-05-29,83,58,0.00,0.0,0
1978-05-30,90,58,0.00,0.0,0
1978-05-31,85,57,1.14,0.0,0
1978-06-01,82,61,T,0.0,0
1978-06-02,85,55,0.00,0.0,0
1978-06-03,79,58,0.48,0.0,0
1978-06-04,69,47,0.09,0.0,0
1978-06-05,71,45,0.09,0.0,0
1978-06-06,73,40,0.00,0.0,0
1978-06-07,70,44,0.20,0.0,0
1978-06-08,79,M,0.37,0.0,0
1978-06-09,M,60,0.00,0.0,0
1978-06-10,76,48,0.00,0.0,0
1978-06-11,83,46,0.00,0.0,0
1978-06-12,84,60,0.00,0.0,0
1978-06-13,78,53,0.42,0.0,0
1978-06-14,61,47,0.00,0.0,0
1978-06-15,72,43,0.00,0.0,0
1978-06-16,76,45,0.00,0.0,0
1978-06-17,67,51,T,0.0,0
1978-06-18,83,53,0.00,0.0,0
1978-06-19,83,55,0.28,0.0,0
1978-06-20,85,53,0.00,0.0,0
1978-06-21,83,55,0.27,0.0,0
1978-06-22,77,54,0.00,0.0,0
1978-06-23,78,47,0.00,0.0,0
1978-06-24,78,47,0.00,0.0,0
1978-06-25,80,47,0.00,0.0,0
1978-06-26,83,52,0.00,0.0,0
1978-06-27,89,58,0.00,0.0,0
1978-06-28,83,63,0.00,0.0,0
1978-06-29,86,61,0.00,0.0,0
1978-06-30,80,51,0.00,0.0,0
1978-07-01,78,49,0.00,0.0,0
1978-07-02,80,44,0.00,0.0,0
1978-07-03,75,46,0.00,0.0,0
1978-07-04,66,55,1.67,0.0,0
1978-07-05,81,48,0.00,0.0,0
1978-07-06,86,52,0.00,0.0,0
1978-07-07,87,56,0.00,0.0,0
1978-07-08,85,60,0.00,0.0,0
1978-07-09,89,66,0.00,0.0,0
1978-07-10,88,62,0.00,0.0,0
1978-07-11,72,53,0.00,0.0,0
1978-07-12,83,47,0.00,0.0,0
1978-07-13,86,50,0.00,0.0,0
1978-07-14,M,M,T,0.0,0
1978-07-15,80,61,T,0.0,0
1978-07-16,80,63,0.00,0.0,0
1978-07-17,79,64,0.38,0.0,0
1978-07-18,86,60,0.00,0.0,0
1978-07-19,87,53,0.00,0.0,0
1978-07-20,94,62,0.00,0.0,0
1978-07-21,90,64,0.00,0.0,0
1978-07-22,92,68,0.00,0.0,0
1978-07-23,96,68,0.00,0.0,0
1978-07-24,86,64,0.05,0.0,0
1978-07-25,82,54,0.00,0.0,0
1978-07-26,82,55,0.00,0.0,0
1978-07-27,89,62,0.00,0.0,0
1978-07-28,82,64,0.55,0.0,0
1978-07-29,75,62,0.00,0.0,0
1978-07-30,72,52,0.06,0.0,0
1978-07-31,66,53,0.03,0.0,0
1978-08-01,M,M,0.00,0.0,0
1978-08-02,M,M,0.00,0.0,0
1978-08-03,M,M,0.67,0.0,0
1978-08-04,M,M,0.00,0.0,0
1978-08-05,M,M,0.00,0.0,0
1978-08-06,79,54,1.18,0.0,0
1978-08-07,76,69,0.38,0.0,0
1978-08-08,88,69,0.71,0.0,0
1978-08-09,87,59,0.00,0.0,0
1978-08-10,M,M,0.00,0.0,0
1978-08-11,84,54,0.00,0.0,0
1978-08-12,77,65,T,0.0,0
1978-08-13,82,67,T,0.0,0
1978-08-14,91,59,0.00,0.0,0
1978-08-15,88,64,0.00,0.0,0
1978-08-16,91,66,0.00,0.0,0
1978-08-17,89,65,0.00,0.0,0
1978-08-18,82,59,0.00,0.0,0
1978-08-19,85,53,0.00,0.0,0
1978-08-20,80,68,0.00,0.0,0
1978-08-21,80,52,0.00,0.0,0
1978-08-22,82,51,0.00,0.0,0
1978-08-23,86,49,0.00,0.0,0
1978-08-24,78,54,0.03,0.0,0
1978-08-25,68,54,0.60,0.0,0
1978-08-26,M,M,0.00,0.0,0
1978-08-27,78,54,0.00,0.0,0
1978-08-28,73,60,0.09,0.0,0
1978-08-29,84,63,0.00,0.0,0
1978-08-30,82,55,0.00,0.0,0
1978-08-31,74,60,1.04,0.0,0
1978-09-01,M,M,M,M,M
1978-09-02,M,M,M,M,M
1978-09-03,M,M,M,M,M
1978-09-04,M,M,M,M,M
1978-09-05,M,M,M,M,M
1978-09-06,M,M,M,M,M
1978-09-07,M,M,M,M,M
1978-09-08,M,M,M,M,M
1978-09-09,M,M,M,M,M
1978-09-10,M,M,M,M,M
1978-09-11,M,M,M,M,M
1978-09-12,M,M,M,M,M
1978-09-13,M,M,M,M,M
1978-09-14,M,M,M,M,M
1978-09-15,M,M,M,M,M
1978-09-16,M,M,M,M,M
1978-09-17,M,M,M,M,M
1978-09-18,M,M,M,M,M
1978-09-19,M,M,M,M,M
1978-09-20,M,M,M,M,M
1978-09-21,M,M,M,M,M
1978-09-22,M,M,M,M,M
1978-09-23,M,M,M,M,M
1978-09-24,M,M,M,M,M
1978-09-25,M,M,M,M,M
1978-09-26,M,M,M,M,M
1978-09-27,M,M,M,M,M
1978-09-28,M,M,M,M,M
1978-09-29,M,M,M,M,M
1978-09-30,M,M,M,M,M
1978-10-01,M,M,0.00,0.0,0
1978-10-02,69,45,0.00,0.0,0
1978-10-03,61,36,0.00,0.0,0
1978-10-04,58,47,S,0.0,0
1978-10-05,61,42,M,0.0,0
1978-10-06,65,54,0.82A,0.0,0
1978-10-07,62,37,T,0.0,0
1978-10-08,51,33,T,0.0,0
1978-10-09,59,25,0.00,0.0,0
1978-10-10,70,29,0.00,0.0,0
1978-10-11,M,M,0.00,0.0,0
1978-10-12,73,42,0.00,0.0,0
1978-10-13,71,47,T,0.0,0
1978-10-14,60,47,1.39,0.0,0
1978-10-15,M,M,0.00,0.0,0
1978-10-16,51,27,0.00,0.0,0
1978-10-17,49,25,0.00,0.0,0
1978-10-18,53,22,0.00,0.0,0
1978-10-19,55,41,M,0.0,0
1978-10-20,55,29,M,0.0,0
1978-10-21,M,30,M,0.0,0
1978-10-22,75,M,M,0.0,0
1978-10-23,66,40,M,0.0,0
1978-10-24,50,26,M,0.0,0
1978-10-25,60,26,M,0.0,0
1978-10-26,56,49,M,0.0,0
1978-10-27,55,37,M,0.0,0
1978-10-28,65,30,0.00,0.0,0
1978-10-29,60,33,0.00,0.0,0
1978-10-30,51,24,0.00,0.0,0
1978-10-31,62,25,0.00,0.0,0
1978-11-01,56,36,0.00,0.0,0
1978-11-02,64,23,0.00,0.0,0
1978-11-03,61,31,0.00,0.0,0
1978-11-04,59,29,0.00,0.0,0
1978-11-05,69,33,0.00,0.0,0
1978-11-06,70,31,0.00,0.0,0
1978-11-07,56,39,0.00,0.0,0
1978-11-08,49,40,0.00,0.0,0
1978-11-09,56,26,0.00,0.0,0
1978-11-10,62,30,0.00,0.0,0
1978-11-11,60,31,0.00,0.0,0
1978-11-12,48,34,0.00,0.0,0
1978-11-13,41,20,0.00,0.0,0
1978-11-14,62,39,T,0.0,0
1978-11-15,62,39,0.00,0.0,0
1978-11-16,47,31,0.00,0.0,0
1978-11-17,45,19,0.02,0.0,0
1978-11-18,68,45,0.60,0.0,0
1978-11-19,54,31,0.00,0.0,0
1978-11-20,46,25,0.00,0.0,0
1978-11-21,35,23,0.12,1.0,1
1978-11-22,35,17,0.00,0.0,T
1978-11-23,33,18,0.22,1.5,1
1978-11-24,45,30,0.00,0.0,T
1978-11-25,42,30,0.00,0.0,T
1978-11-26,31,15,0.00,0.0,T
1978-11-27,24,15,0.30,1.2,1
1978-11-28,41,18,0.03,0.0,T
1978-11-29,41,21,0.00,0.0,T
1978-11-30,49,29,0.00,0.0,T
