Date,MaxT,MaxT_Normal,MaxT_Dep,MinT,MinT_Normal,MinT_Dep,AvgT,AvgT_Normal,AvgT_Dep,AtObsT,Precip,Precip_Normal,Precip_Dep,Snow,Snow_Normal,Snow_Dep,SnowDepth,HDD,HDD_Normal,HDD_Dep,CDD,CDD_Normal,CDD_Dep,GDD50
2009-03-09,M,M,M,M,M,M,M,M,M,32,T,M,M,0.1,M,M,M,M,M,M,M,M,M,M
2009-03-10,M,M,M,M,M,M,M,M,M,M,M,M,M,M,M,M,M,M,M,M,M,M,M,M
2009-03-11,M,M,M,M,M,M,M,M,M,M,M,M,M,M,M,M,M,M,M,M,M,M,M,M
2009-03-12,M,M,M,M,M,M,M,M,M,M,M,M,M,M,M,M,M,M,M,M,M,M,M,M
2009-03-13,M,M,M,M,M,M,M,M,M,M,M,M,M,M,M,M,M,M,M,M,M,M,M,M
2009-03-14,M,M,M,M,M,M,M,M,M,M,M,M,M,M,M,M,M,M,M,M,M,M,M,M
2009-03-15,M,M,M,M,M,M,M,M,M,M,M,M,M,M,M,M,M,M,M,M,M,M,M,M
2009-03-16,M,M,M,M,M,M,M,M,M,M,M,M,M,M,M,M,M,M,M,M,M,M,M,M
2009-03-17,M,M,M,M,M,M,M,M,M,M,M,M,M,M,M,M,M,M,M,M,M,M,M,M
2009-03-18,M,M,M,M,M,M,M,M,M,M,M,M,M,M,M,M,M,M,M,M,M,M,M,M
2009-03-19,M,M,M,M,M,M,M,M,M,37,0.20,M,M,M,M,M,M,M,M,M,M,M,M,M
2009-03-20,M,M,M,M,M,M,M,M,M,M,M,M,M,M,M,M,M,M,M,M,M,M,M,M
2009-03-21,M,M,M,M,M,M,M,M,M,M,M,M,M,M,M,M,M,M,M,M,M,M,M,M
2009-03-22,M,M,M,M,M,M,M,M,M,M,M,M,M,M,M,M,M,M,M,M,M,M,M,M
2009-03-23,M,M,M,M,M,M,M,M,M,M,M,M,M,M,M,M,M,M,M,M,M,M,M,M
2009-03-24,M,M,M,M,M,M,M,M,M,M,M,M,M,M,M,M,M,M,M,M,M,M,M,M
2009-03-25,M,M,M,M,M,M,M,M,M,M,M,M,M,M,M,M,M,M,M,M,M,M,M,M
2009-03-26,M,M,M,M,M,M,M,M,M,M,M,M,M,M,M,M,M,M,M,M,M,M,M,M
2009-03-27,M,M,M,M,M,M,M,M,M,35,0.24,M,M,M,M,M,M,M,M,M,M,M,M,M
2009-03-28,M,M,M,M,M,M,M,M,M,M,M,M,M,M,M,M,M,M,M,M,M,M,M,M
2009-03-29,M,M,M,M,M,M,M,M,M,M,M,M,M,M,M,M,M,M,M,M,M,M,M,M
2009-03-30,M,M,M,M,M,M,M,M,M,39,0.58,M,M,M,M,M,M,M,M,M,M,M,M,M
2009-03-31,M,M,M,M,M,M,M,M,M,M,M,M,M,M,M,M,M,M,M,M,M,M,M,M
2009-04-01,M,M,M,M,M,M,M,M,M,M,M,M,M,M,M,M,M,M,M,M,M,M,M,M
2009-04-02,M,M,M,M,M,M,M,M,M,40,0.25,M,M,M,M,M,M,M,M,M,M,M,M,M
2009-04-03,M,M,M,M,M,M,M,M,M,M,M,M,M,M,M,M,M,M,M,M,M,M,M,M
2009-04-04,M,M,M,M,M,M,M,M,M,40,0.78,M,M,M,M,M,M,M,M,M,M,M,M,M
2009-04-05,M,M,M,M,M,M,M,M,M,M,M,M,M,M,M,M,M,M,M,M,M,M,M,M
2009-04-06,M,M,M,M,M,M,M,M,M,M,M,M,M,M,M,M,M,M,M,M,M,M,M,M
2009-04-07,M,M,M,M,M,M,M,M,M,36,0.32,M,M,M,M,M,M,M,M,M,M,M,M,M
2009-04-08,M,M,M,M,M,M,M,M,M,M,M,M,M,M,M,M,M,M,M,M,M,M,M,M
2009-04-09,M,M,M,M,M,M,M,M,M,M,M,M,M,M,M,M,M,M,M,M,M,M,M,M
2009-04-10,M,M,M,M,M,M,M,M,M,M,M,M,M,M,M,M,M,M,M,M,M,M,M,M
2009-04-11,M,M,M,M,M,M,M,M,M,M,M,M,M,M,M,M,M,M,M,M,M,M,M,M
2009-04-12,M,M,M,M,M,M,M,M,M,M,M,M,M,M,M,M,M,M,M,M,M,M,M,M
2009-04-13,M,M,M,M,M,M,M,M,M,M,M,M,M,M,M,M,M,M,M,M,M,M,M,M
2009-04-14,M,M,M,M,M,M,M,M,M,M,M,M,M,M,M,M,M,M,M,M,M,M,M,M
2009-04-15,M,M,M,M,M,M,M,M,M,M,M,M,M,M,M,M,M,M,M,M,M,M,M,M
2009-04-16,M,M,M,M,M,M,M,M,M,M,M,M,M,M,M,M,M,M,M,M,M,M,M,M
2009-04-17,M,M,M,M,M,M,M,M,M,M,M,M,M,M,M,M,M,M,M,M,M,M,M,M
2009-04-18,M,M,M,M,M,M,M,M,M,M,M,M,M,M,M,M,M,M,M,M,M,M,M,M
2009-04-19,M,M,M,M,M,M,M,M,M,M,M,M,M,M,M,M,M,M,M,M,M,M,M,M
2009-04-20,M,M,M,M,M,M,M,M,M,M,M,M,M,M,M,M,M,M,M,M,M,M,M,M
2009-04-21,M,M,M,M,M,M,M,M,M,40,0.40,M,M,M,M,M,M,M,M,M,M,M,M,M
2009-04-22,M,M,M,M,M,M,M,M,M,46,0.25,M,M,M,M,M,M,M,M,M,M,M,M,M
2009-04-23,M,M,M,M,M,M,M,M,M,M,M,M,M,M,M,M,M,M,M,M,M,M,M,M
2009-04-24,M,M,M,M,M,M,M,M,M,M,M,M,M,M,M,M,M,M,M,M,M,M,M,M
2009-04-25,M,M,M,M,M,M,M,M,M,48,0.07,M,M,M,M,M,M,M,M,M,M,M,M,M
2009-04-26,M,M,M,M,M,M,M,M,M,M,M,M,M,M,M,M,M,M,M,M,M,M,M,M
2009-04-27,M,M,M,M,M,M,M,M,M,M,M,M,M,M,M,M,M,M,M,M,M,M,M,M
2009-04-28,M,M,M,M,M,M,M,M,M,M,M,M,M,M,M,M,M,M,M,M,M,M,M,M
2009-04-29,M,M,M,M,M,M,M,M,M,M,M,M,M,M,M,M,M,M,M,M,M,M,M,M
2009-04-30,M,M,M,M,M,M,M,M,M,M,M,M,M,M,M,M,M,M,M,M,M,M,M,M
2009-05-01,M,M,M,M,M,M,M,M,M,52,0.27,M,M,M,M,M,M,M,M,M,M,M,M,M
2009-05-02,M,M,M,M,M,M,M,M,M,46,0.10,M,M,M,M,M,M,M,M,M,M,M,M,M
2009-05-03,M,M,M,M,M,M,M,M,M,M,M,M,M,M,M,M,M,M,M,M,M,M,M,M
2009-05-04,M,M,M,M,M,M,M,M,M,M,M,M,M,M,M,M,M,M,M,M,M,M,M,M
2009-05-05,M,M,M,M,M,M,M,M,M,M,M,M,M,M,M,M,M,M,M,M,M,M,M,M
2009-05-06,M,M,M,M,M,M,M,M,M,48,0.20,M,M,M,M,M,M,M,M,M,M,M,M,M
2009-05-07,M,M,M,M,M,M,M,M,M,54,0.50,M,M,M,M,M,M,M,M,M,M,M,M,M
2009-05-08,M,M,M,M,M,M,M,M,M,49,0.07,M,M,M,M,M,M,M,M,M,M,M,M,M
2009-05-09,M,M,M,M,M,M,M,M,M,53,0.12,M,M,M,M,M,M,M,M,M,M,M,M,M
2009-05-10,M,M,M,M,M,M,M,M,M,M,M,M,M,M,M,M,M,M,M,M,M,M,M,M
2009-05-11,M,M,M,M,M,M,M,M,M,M,M,M,M,M,M,M,M,M,M,M,M,M,M,M
2009-05-12,M,M,M,M,M,M,M,M,M,M,M,M,M,M,M,M,M,M,M,M,M,M,M,M
2009-05-13,M,M,M,M,M,M,M,M,M,M,M,M,M,M,M,M,M,M,M,M,M,M,M,M
2009-05-14,M,M,M,M,M,M,M,M,M,M,M,M,M,M,M,M,M,M,M,M,M,M,M,M
2009-05-15,M,M,M,M,M,M,M,M,M,M,M,M,M,M,M,M,M,M,M,M,M,M,M,M
2009-05-16,M,M,M,M,M,M,M,M,M,M,M,M,M,M,M,M,M,M,M,M,M,M,M,M
2009-05-17,M,M,M,M,M,M,M,M,M,M,M,M,M,M,M,M,M,M,M,M,M,M,M,M
2009-05-18,M,M,M,M,M,M,M,M,M,M,M,M,M,M,M,M,M,M,M,M,M,M,M,M
2009-05-19,M,M,M,M,M,M,M,M,M,M,M,M,M,M,M,M,M,M,M,M,M,M,M,M
2009-05-20,M,M,M,M,M,M,M,M,M,M,M,M,M,M,M,M,M,M,M,M,M,M,M,M
2009-05-21,M,M,M,M,M,M,M,M,M,M,M,M,M,M,M,M,M,M,M,M,M,M,M,M
2009-05-22,M,M,M,M,M,M,M,M,M,M,M,M,M,M,M,M,M,M,M,M,M,M,M,M
2009-05-23,M,M,M,M,M,M,M,M,M,M,M,M,M,M,M,M,M,M,M,M,M,M,M,M
2009-05-24,M,M,M,M,M,M,M,M,M,M,M,M,M,M,M,M,M,M,M,M,M,M,M,M
2009-05-25,M,M,M,M,M,M,M,M,M,M,M,M,M,M,M,M,M,M,M,M,M,M,M,M
2009-05-26,M,M,M,M,M,M,M,M,M,M,M,M,M,M,M,M,M,M,M,M,M,M,M,M
2009-05-27,M,M,M,M,M,M,M,M,M,48,0.45,M,M,M,M,M,M,M,M,M,M,M,M,M
2009-05-28,M,M,M,M,M,M,M,M,M,56,0.05,M,M,M,M,M,M,M,M,M,M,M,M,M
2009-05-29,M,M,M,M,M,M,M,M,M,52,0.55,M,M,M,M,M,M,M,M,M,M,M,M,M
2009-05-30,M,M,M,M,M,M,M,M,M,M,M,M,M,M,M,M,M,M,M,M,M,M,M,M
2009-05-31,M,M,M,M,M,M,M,M,M,M,M,M,M,M,M,M,M,M,M,M,M,M,M,M
2009-06-01,M,M,M,M,M,M,M,M,M,M,M,M,M,M,M,M,M,M,M,M,M,M,M,M
2009-06-02,M,M,M,M,M,M,M,M,M,M,M,M,M,M,M,M,M,M,M,M,M,M,M,M
2009-06-03,M,M,M,M,M,M,M,M,M,M,M,M,M,M,M,M,M,M,M,M,M,M,M,M
2009-06-04,M,M,M,M,M,M,M,M,M,M,M,M,M,M,M,M,M,M,M,M,M,M,M,M
2009-06-05,M,M,M,M,M,M,M,M,M,M,M,M,M,M,M,M,M,M,M,M,M,M,M,M
2009-06-06,M,M,M,M,M,M,M,M,M,M,M,M,M,M,M,M,M,M,M,M,M,M,M,M
2009-06-07,M,M,M,M,M,M,M,M,M,M,M,M,M,M,M,M,M,M,M,M,M,M,M,M
2009-06-08,M,M,M,M,M,M,M,M,M,M,M,M,M,M,M,M,M,M,M,M,M,M,M,M
2009-06-09,M,M,M,M,M,M,M,M,M,55,0.35,M,M,M,M,M,M,M,M,M,M,M,M,M
2009-06-10,M,M,M,M,M,M,M,M,M,M,M,M,M,M,M,M,M,M,M,M,M,M,M,M
2009-06-11,M,M,M,M,M,M,M,M,M,M,M,M,M,M,M,M,M,M,M,M,M,M,M,M
2009-06-12,M,M,M,M,M,M,M,M,M,63,0.80,M,M,M,M,M,M,M,M,M,M,M,M,M
2009-06-13,M,M,M,M,M,M,M,M,M,59,0.08,M,M,M,M,M,M,M,M,M,M,M,M,M
2009-06-14,M,M,M,M,M,M,M,M,M,M,M,M,M,M,M,M,M,M,M,M,M,M,M,M
2009-06-15,M,M,M,M,M,M,M,M,M,56,0.07,M,M,M,M,M,M,M,M,M,M,M,M,M
2009-06-16,M,M,M,M,M,M,M,M,M,55,0.25,M,M,M,M,M,M,M,M,M,M,M,M,M
2009-06-17,M,M,M,M,M,M,M,M,M,M,M,M,M,M,M,M,M,M,M,M,M,M,M,M
2009-06-18,M,M,M,M,M,M,M,M,M,55,0.07,M,M,M,M,M,M,M,M,M,M,M,M,M
2009-06-19,M,M,M,M,M,M,M,M,M,62,1.81,M,M,M,M,M,M,M,M,M,M,M,M,M
2009-06-20,M,M,M,M,M,M,M,M,M,63,0.03,M,M,M,M,M,M,M,M,M,M,M,M,M
2009-06-21,M,M,M,M,M,M,M,M,M,M,M,M,M,M,M,M,M,M,M,M,M,M,M,M
2009-06-22,M,M,M,M,M,M,M,M,M,M,M,M,M,M,M,M,M,M,M,M,M,M,M,M
2009-06-23,M,M,M,M,M,M,M,M,M,M,M,M,M,M,M,M,M,M,M,M,M,M,M,M
2009-06-24,M,M,M,M,M,M,M,M,M,M,M,M,M,M,M,M,M,M,M,M,M,M,M,M
2009-06-25,M,M,M,M,M,M,M,M,M,M,M,M,M,M,M,M,M,M,M,M,M,M,M,M
2009-06-26,M,M,M,M,M,M,M,M,M,M,M,M,M,M,M,M,M,M,M,M,M,M,M,M
2009-06-27,M,M,M,M,M,M,M,M,M,M,M,M,M,M,M,M,M,M,M,M,M,M,M,M
2009-06-28,M,M,M,M,M,M,M,M,M,60,0.15,M,M,M,M,M,M,M,M,M,M,M,M,M
2009-06-29,M,M,M,M,M,M,M,M,M,M,M,M,M,M,M,M,M,M,M,M,M,M,M,M
2009-06-30,M,M,M,M,M,M,M,M,M,M,M,M,M,M,M,M,M,M,M,M,M,M,M,M
2009-07-01,M,M,M,M,M,M,M,M,M,59,0.42,M,M,M,M,M,M,M,M,M,M,M,M,M
2009-07-02,M,M,M,M,M,M,M,M,M,63,0.14,M,M,M,M,M,M,M,M,M,M,M,M,M
2009-07-03,M,M,M,M,M,M,M,M,M,61,0.08,M,M,M,M,M,M,M,M,M,M,M,M,M
2009-07-04,M,M,M,M,M,M,M,M,M,M,M,M,M,M,M,M,M,M,M,M,M,M,M,M
2009-07-05,M,M,M,M,M,M,M,M,M,M,M,M,M,M,M,M,M,M,M,M,M,M,M,M
2009-07-06,M,M,M,M,M,M,M,M,M,M,M,M,M,M,M,M,M,M,M,M,M,M,M,M
2009-07-07,M,M,M,M,M,M,M,M,M,M,M,M,M,M,M,M,M,M,M,M,M,M,M,M
2009-07-08,M,M,M,M,M,M,M,M,M,M,M,M,M,M,M,M,M,M,M,M,M,M,M,M
2009-07-09,M,M,M,M,M,M,M,M,M,M,M,M,M,M,M,M,M,M,M,M,M,M,M,M
2009-07-10,M,M,M,M,M,M,M,M,M,M,M,M,M,M,M,M,M,M,M,M,M,M,M,M
2009-07-11,M,M,M,M,M,M,M,M,M,M,M,M,M,M,M,M,M,M,M,M,M,M,M,M
2009-07-12,M,M,M,M,M,M,M,M,M,60,1.22,M,M,M,M,M,M,M,M,M,M,M,M,M
2009-07-13,M,M,M,M,M,M,M,M,M,M,M,M,M,M,M,M,M,M,M,M,M,M,M,M
2009-07-14,M,M,M,M,M,M,M,M,M,M,M,M,M,M,M,M,M,M,M,M,M,M,M,M
2009-07-15,M,M,M,M,M,M,M,M,M,M,M,M,M,M,M,M,M,M,M,M,M,M,M,M
2009-07-16,M,M,M,M,M,M,M,M,M,M,M,M,M,M,M,M,M,M,M,M,M,M,M,M
2009-07-17,M,M,M,M,M,M,M,M,M,M,M,M,M,M,M,M,M,M,M,M,M,M,M,M
2009-07-18,M,M,M,M,M,M,M,M,M,M,M,M,M,M,M,M,M,M,M,M,M,M,M,M
2009-07-19,M,M,M,M,M,M,M,M,M,M,M,M,M,M,M,M,M,M,M,M,M,M,M,M
2009-07-20,M,M,M,M,M,M,M,M,M,M,M,M,M,M,M,M,M,M,M,M,M,M,M,M
2009-07-21,M,M,M,M,M,M,M,M,M,M,M,M,M,M,M,M,M,M,M,M,M,M,M,M
2009-07-22,M,M,M,M,M,M,M,M,M,62,0.28,M,M,M,M,M,M,M,M,M,M,M,M,M
2009-07-23,M,M,M,M,M,M,M,M,M,M,M,M,M,M,M,M,M,M,M,M,M,M,M,M
2009-07-24,M,M,M,M,M,M,M,M,M,63,0.08,M,M,M,M,M,M,M,M,M,M,M,M,M
2009-07-25,M,M,M,M,M,M,M,M,M,63,0.35,M,M,M,M,M,M,M,M,M,M,M,M,M
2009-07-26,M,M,M,M,M,M,M,M,M,69,0.20,M,M,M,M,M,M,M,M,M,M,M,M,M
2009-07-27,M,M,M,M,M,M,M,M,M,64,0.16,M,M,M,M,M,M,M,M,M,M,M,M,M
2009-07-28,M,M,M,M,M,M,M,M,M,M,M,M,M,M,M,M,M,M,M,M,M,M,M,M
2009-07-29,M,M,M,M,M,M,M,M,M,M,M,M,M,M,M,M,M,M,M,M,M,M,M,M
2009-07-30,M,M,M,M,M,M,M,M,M,68,1.90,M,M,M,M,M,M,M,M,M,M,M,M,M
2009-07-31,M,M,M,M,M,M,M,M,M,M,M,M,M,M,M,M,M,M,M,M,M,M,M,M
2009-08-01,M,M,M,M,M,M,M,M,M,59,0.80,M,M,M,M,M,M,M,M,M,M,M,M,M
2009-08-02,M,M,M,M,M,M,M,M,M,M,M,M,M,M,M,M,M,M,M,M,M,M,M,M
2009-08-03,M,M,M,M,M,M,M,M,M,62,0.27,M,M,M,M,M,M,M,M,M,M,M,M,M
2009-08-04,M,M,M,M,M,M,M,M,M,M,M,M,M,M,M,M,M,M,M,M,M,M,M,M
2009-08-05,M,M,M,M,M,M,M,M,M,M,M,M,M,M,M,M,M,M,M,M,M,M,M,M
2009-08-06,M,M,M,M,M,M,M,M,M,M,M,M,M,M,M,M,M,M,M,M,M,M,M,M
2009-08-07,M,M,M,M,M,M,M,M,M,M,M,M,M,M,M,M,M,M,M,M,M,M,M,M
2009-08-08,M,M,M,M,M,M,M,M,M,M,M,M,M,M,M,M,M,M,M,M,M,M,M,M
2009-08-09,M,M,M,M,M,M,M,M,M,M,M,M,M,M,M,M,M,M,M,M,M,M,M,M
2009-08-10,M,M,M,M,M,M,M,M,M,M,M,M,M,M,M,M,M,M,M,M,M,M,M,M
2009-08-11,M,M,M,M,M,M,M,M,M,M,M,M,M,M,M,M,M,M,M,M,M,M,M,M
2009-08-12,M,M,M,M,M,M,M,M,M,64,0.56,M,M,M,M,M,M,M,M,M,M,M,M,M
2009-08-13,M,M,M,M,M,M,M,M,M,67,T,M,M,M,M,M,M,M,M,M,M,M,M,M
2009-08-14,M,M,M,M,M,M,M,M,M,M,M,M,M,M,M,M,M,M,M,M,M,M,M,M
2009-08-15,M,M,M,M,M,M,M,M,M,M,M,M,M,M,M,M,M,M,M,M,M,M,M,M
2009-08-16,M,M,M,M,M,M,M,M,M,M,M,M,M,M,M,M,M,M,M,M,M,M,M,M
2009-08-17,M,M,M,M,M,M,M,M,M,M,M,M,M,M,M,M,M,M,M,M,M,M,M,M
2009-08-18,M,M,M,M,M,M,M,M,M,M,M,M,M,M,M,M,M,M,M,M,M,M,M,M
2009-08-19,M,M,M,M,M,M,M,M,M,67,0.37,M,M,M,M,M,M,M,M,M,M,M,M,M
2009-08-20,M,M,M,M,M,M,M,M,M,M,M,M,M,M,M,M,M,M,M,M,M,M,M,M
2009-08-21,M,M,M,M,M,M,M,M,M,M,M,M,M,M,M,M,M,M,M,M,M,M,M,M
2009-08-22,M,M,M,M,M,M,M,M,M,71,0.16,M,M,M,M,M,M,M,M,M,M,M,M,M
2009-08-23,M,M,M,M,M,M,M,M,M,M,0.22,M,M,M,M,M,M,M,M,M,M,M,M,M
2009-08-24,M,M,M,M,M,M,M,M,M,M,0.71,M,M,M,M,M,M,M,M,M,M,M,M,M
2009-08-25,M,M,M,M,M,M,M,M,M,62,0.30,M,M,M,M,M,M,M,M,M,M,M,M,M
2009-08-26,M,M,M,M,M,M,M,M,M,M,M,M,M,M,M,M,M,M,M,M,M,M,M,M
2009-08-27,M,M,M,M,M,M,M,M,M,50,0.10,M,M,M,M,M,M,M,M,M,M,M,M,M
2009-08-28,M,M,M,M,M,M,M,M,M,M,M,M,M,M,M,M,M,M,M,M,M,M,M,M
2009-08-29,M,M,M,M,M,M,M,M,M,60,1.41,M,M,M,M,M,M,M,M,M,M,M,M,M
2009-08-30,M,M,M,M,M,M,M,M,M,61,0.54,M,M,M,M,M,M,M,M,M,M,M,M,M
2009-08-31,M,M,M,M,M,M,M,M,M,M,M,M,M,M,M,M,M,M,M,M,M,M,M,M
2009-09-01,M,M,M,M,M,M,M,M,M,M,M,M,M,M,M,M,M,M,M,M,M,M,M,M
2009-09-02,M,M,M,M,M,M,M,M,M,M,M,M,M,M,M,M,M,M,M,M,M,M,M,M
2009-09-03,M,M,M,M,M,M,M,M,M,M,M,M,M,M,M,M,M,M,M,M,M,M,M,M
2009-09-04,M,M,M,M,M,M,M,M,M,M,M,M,M,M,M,M,M,M,M,M,M,M,M,M
2009-09-05,M,M,M,M,M,M,M,M,M,M,M,M,M,M,M,M,M,M,M,M,M,M,M,M
2009-09-06,M,M,M,M,M,M,M,M,M,M,M,M,M,M,M,M,M,M,M,M,M,M,M,M
2009-09-07,M,M,M,M,M,M,M,M,M,M,M,M,M,M,M,M,M,M,M,M,M,M,M,M
2009-09-08,M,M,M,M,M,M,M,M,M,M,M,M,M,M,M,M,M,M,M,M,M,M,M,M
2009-09-09,M,M,M,M,M,M,M,M,M,M,M,M,M,M,M,M,M,M,M,M,M,M,M,M
2009-09-10,M,M,M,M,M,M,M,M,M,M,M,M,M,M,M,M,M,M,M,M,M,M,M,M
2009-09-11,M,M,M,M,M,M,M,M,M,M,M,M,M,M,M,M,M,M,M,M,M,M,M,M
2009-09-12,M,M,M,M,M,M,M,M,M,58,0.08,M,M,M,M,M,M,M,M,M,M,M,M,M
2009-09-13,M,M,M,M,M,M,M,M,M,60,0.17,M,M,M,M,M,M,M,M,M,M,M,M,M
2009-09-14,M,M,M,M,M,M,M,M,M,M,M,M,M,M,M,M,M,M,M,M,M,M,M,M
2009-09-15,M,M,M,M,M,M,M,M,M,M,M,M,M,M,M,M,M,M,M,M,M,M,M,M
2009-09-16,M,M,M,M,M,M,M,M,M,M,M,M,M,M,M,M,M,M,M,M,M,M,M,M
2009-09-17,M,M,M,M,M,M,M,M,M,M,M,M,M,M,M,M,M,M,M,M,M,M,M,M
2009-09-18,M,M,M,M,M,M,M,M,M,M,M,M,M,M,M,M,M,M,M,M,M,M,M,M
2009-09-19,M,M,M,M,M,M,M,M,M,M,M,M,M,M,M,M,M,M,M,M,M,M,M,M
2009-09-20,M,M,M,M,M,M,M,M,M,M,M,M,M,M,M,M,M,M,M,M,M,M,M,M
2009-09-21,M,M,M,M,M,M,M,M,M,M,M,M,M,M,M,M,M,M,M,M,M,M,M,M
2009-09-22,M,M,M,M,M,M,M,M,M,M,M,M,M,M,M,M,M,M,M,M,M,M,M,M
2009-09-23,M,M,M,M,M,M,M,M,M,M,M,M,M,M,M,M,M,M,M,M,M,M,M,M
2009-09-24,M,M,M,M,M,M,M,M,M,M,M,M,M,M,M,M,M,M,M,M,M,M,M,M
2009-09-25,M,M,M,M,M,M,M,M,M,M,M,M,M,M,M,M,M,M,M,M,M,M,M,M
2009-09-26,M,M,M,M,M,M,M,M,M,M,M,M,M,M,M,M,M,M,M,M,M,M,M,M
2009-09-27,M,M,M,M,M,M,M,M,M,M,M,M,M,M,M,M,M,M,M,M,M,M,M,M
2009-09-28,M,M,M,M,M,M,M,M,M,M,M,M,M,M,M,M,M,M,M,M,M,M,M,M
2009-09-29,M,M,M,M,M,M,M,M,M,45,0.12,M,M,M,M,M,M,M,M,M,M,M,M,M
2009-09-30,M,M,M,M,M,M,M,M,M,48,0.08,M,M,M,M,M,M,M,M,M,M,M,M,M
2009-10-01,M,M,M,M,M,M,M,M,M,M,M,M,M,M,M,M,M,M,M,M,M,M,M,M
2009-10-02,M,M,M,M,M,M,M,M,M,40,T,M,M,M,M,M,M,M,M,M,M,M,M,M
2009-10-03,M,M,M,M,M,M,M,M,M,52,0.82,M,M,M,M,M,M,M,M,M,M,M,M,M
2009-10-04,M,M,M,M,M,M,M,M,M,55,0.05,M,M,M,M,M,M,M,M,M,M,M,M,M
2009-10-05,M,M,M,M,M,M,M,M,M,M,M,M,M,M,M,M,M,M,M,M,M,M,M,M
2009-10-06,M,M,M,M,M,M,M,M,M,M,M,M,M,M,M,M,M,M,M,M,M,M,M,M
2009-10-07,M,M,M,M,M,M,M,M,M,54,0.66,M,M,M,M,M,M,M,M,M,M,M,M,M
2009-10-08,M,M,M,M,M,M,M,M,M,49,0.30,M,M,M,M,M,M,M,M,M,M,M,M,M
2009-10-09,M,M,M,M,M,M,M,M,M,M,M,M,M,M,M,M,M,M,M,M,M,M,M,M
2009-10-10,M,M,M,M,M,M,M,M,M,54,0.13,M,M,M,M,M,M,M,M,M,M,M,M,M
2009-10-11,M,M,M,M,M,M,M,M,M,35,T,M,M,M,M,M,M,M,M,M,M,M,M,M
2009-10-12,M,M,M,M,M,M,M,M,M,M,M,M,M,M,M,M,M,M,M,M,M,M,M,M
2009-10-13,M,M,M,M,M,M,M,M,M,40,0.19,M,M,M,M,M,M,M,M,M,M,M,M,M
2009-10-14,M,M,M,M,M,M,M,M,M,M,M,M,M,M,M,M,M,M,M,M,M,M,M,M
2009-10-15,M,M,M,M,M,M,M,M,M,M,M,M,M,M,M,M,M,M,M,M,M,M,M,M
2009-10-16,M,M,M,M,M,M,M,M,M,M,M,M,M,M,M,M,M,M,M,M,M,M,M,M
2009-10-17,M,M,M,M,M,M,M,M,M,M,M,M,M,M,M,M,M,M,M,M,M,M,M,M
2009-10-18,M,M,M,M,M,M,M,M,M,M,M,M,M,M,M,M,M,M,M,M,M,M,M,M
2009-10-19,M,M,M,M,M,M,M,M,M,M,M,M,M,M,M,M,M,M,M,M,M,M,M,M
2009-10-20,M,M,M,M,M,M,M,M,M,M,M,M,M,M,M,M,M,M,M,M,M,M,M,M
2009-10-21,M,M,M,M,M,M,M,M,M,M,M,M,M,M,M,M,M,M,M,M,M,M,M,M
2009-10-22,M,M,M,M,M,M,M,M,M,M,M,M,M,M,M,M,M,M,M,M,M,M,M,M
2009-10-23,M,M,M,M,M,M,M,M,M,M,M,M,M,M,M,M,M,M,M,M,M,M,M,M
2009-10-24,M,M,M,M,M,M,M,M,M,42,1.08,M,M,M,M,M,M,M,M,M,M,M,M,M
2009-10-25,M,M,M,M,M,M,M,M,M,47,2.08,M,M,M,M,M,M,M,M,M,M,M,M,M
2009-10-26,M,M,M,M,M,M,M,M,M,M,M,M,M,M,M,M,M,M,M,M,M,M,M,M
2009-10-27,M,M,M,M,M,M,M,M,M,M,M,M,M,M,M,M,M,M,M,M,M,M,M,M
2009-10-28,M,M,M,M,M,M,M,M,M,47,0.16,M,M,M,M,M,M,M,M,M,M,M,M,M
2009-10-29,M,M,M,M,M,M,M,M,M,45,0.60,M,M,M,M,M,M,M,M,M,M,M,M,M
2009-10-30,M,M,M,M,M,M,M,M,M,M,M,M,M,M,M,M,M,M,M,M,M,M,M,M
2009-10-31,M,M,M,M,M,M,M,M,M,M,M,M,M,M,M,M,M,M,M,M,M,M,M,M
2009-11-01,M,M,M,M,M,M,M,M,M,46,0.23,M,M,M,M,M,M,M,M,M,M,M,M,M
2009-11-02,M,M,M,M,M,M,M,M,M,M,M,M,M,M,M,M,M,M,M,M,M,M,M,M
2009-11-03,M,M,M,M,M,M,M,M,M,M,M,M,M,M,M,M,M,M,M,M,M,M,M,M
2009-11-04,M,M,M,M,M,M,M,M,M,M,M,M,M,M,M,M,M,M,M,M,M,M,M,M
2009-11-05,M,M,M,M,M,M,M,M,M,M,M,M,M,M,M,M,M,M,M,M,M,M,M,M
2009-11-06,M,M,M,M,M,M,M,M,M,M,M,M,M,M,M,M,M,M,M,M,M,M,M,M
2009-11-07,M,M,M,M,M,M,M,M,M,M,M,M,M,M,M,M,M,M,M,M,M,M,M,M
2009-11-08,M,M,M,M,M,M,M,M,M,M,M,M,M,M,M,M,M,M,M,M,M,M,M,M
2009-11-09,M,M,M,M,M,M,M,M,M,M,M,M,M,M,M,M,M,M,M,M,M,M,M,M
2009-11-10,M,M,M,M,M,M,M,M,M,M,M,M,M,M,M,M,M,M,M,M,M,M,M,M
2009-11-11,M,M,M,M,M,M,M,M,M,M,M,M,M,M,M,M,M,M,M,M,M,M,M,M
2009-11-12,M,M,M,M,M,M,M,M,M,M,M,M,M,M,M,M,M,M,M,M,M,M,M,M
2009-11-13,M,M,M,M,M,M,M,M,M,M,M,M,M,M,M,M,M,M,M,M,M,M,M,M
2009-11-14,M,M,M,M,M,M,M,M,M,M,M,M,M,M,M,M,M,M,M,M,M,M,M,M
2009-11-15,M,M,M,M,M,M,M,M,M,M,M,M,M,M,M,M,M,M,M,M,M,M,M,M
2009-11-16,M,M,M,M,M,M,M,M,M,M,M,M,M,M,M,M,M,M,M,M,M,M,M,M
2009-11-17,M,M,M,M,M,M,M,M,M,M,M,M,M,M,M,M,M,M,M,M,M,M,M,M
2009-11-18,M,M,M,M,M,M,M,M,M,M,M,M,M,M,M,M,M,M,M,M,M,M,M,M
2009-11-19,M,M,M,M,M,M,M,M,M,M,M,M,M,M,M,M,M,M,M,M,M,M,M,M
2009-11-20,M,M,M,M,M,M,M,M,M,49,1.05,M,M,M,M,M,M,M,M,M,M,M,M,M
2009-11-21,M,M,M,M,M,M,M,M,M,46,0.13,M,M,M,M,M,M,M,M,M,M,M,M,M
2009-11-22,M,M,M,M,M,M,M,M,M,M,M,M,M,M,M,M,M,M,M,M,M,M,M,M
2009-11-23,M,M,M,M,M,M,M,M,M,M,M,M,M,M,M,M,M,M,M,M,M,M,M,M
2009-11-24,M,M,M,M,M,M,M,M,M,41,T,M,M,M,M,M,M,M,M,M,M,M,M,M
2009-11-25,M,M,M,M,M,M,M,M,M,M,M,M,M,M,M,M,M,M,M,M,M,M,M,M
2009-11-26,M,M,M,M,M,M,M,M,M,45,0.10,M,M,M,M,M,M,M,M,M,M,M,M,M
2009-11-27,M,M,M,M,M,M,M,M,M,M,M,M,M,M,M,M,M,M,M,M,M,M,M,M
2009-11-28,M,M,M,M,M,M,M,M,M,40,T,M,M,M,M,M,M,M,M,M,M,M,M,M
2009-11-29,M,M,M,M,M,M,M,M,M,M,M,M,M,M,M,M,M,M,M,M,M,M,M,M
2009-11-30,M,M,M,M,M,M,M,M,M,M,M,M,M,M,M,M,M,M,M,M,M,M,M,M
2009-12-01,M,M,M,M,M,M,M,M,M,23,0.05,M,M,M,M,M,M,M,M,M,M,M,M,M
2009-12-02,M,M,M,M,M,M,M,M,M,M,M,M,M,M,M,M,M,M,M,M,M,M,M,M
2009-12-03,M,M,M,M,M,M,M,M,M,44,1.00,M,M,M,M,M,M,M,M,M,M,M,M,M
2009-12-04,M,M,M,M,M,M,M,M,M,38,0.54,M,M,M,M,M,M,M,M,M,M,M,M,M
2009-12-05,M,M,M,M,M,M,M,M,M,M,M,M,M,M,M,M,M,M,M,M,M,M,M,M
2009-12-06,M,M,M,M,M,M,M,M,M,22,0.20,M,M,1.8,M,M,M,M,M,M,M,M,M,M
2009-12-07,M,M,M,M,M,M,M,M,M,M,M,M,M,M,M,M,M,M,M,M,M,M,M,M
2009-12-08,M,M,M,M,M,M,M,M,M,18,T,M,M,T,M,M,M,M,M,M,M,M,M,M
2009-12-09,M,M,M,M,M,M,M,M,M,25,0.01,M,M,2.0,M,M,M,M,M,M,M,M,M,M
2009-12-10,M,M,M,M,M,M,M,M,M,35,0.01,M,M,9.0,M,M,M,M,M,M,M,M,M,M
2009-12-11,M,M,M,M,M,M,M,M,M,M,M,M,M,M,M,M,M,M,M,M,M,M,M,M
2009-12-12,M,M,M,M,M,M,M,M,M,M,M,M,M,M,M,M,M,M,M,M,M,M,M,M
2009-12-13,M,M,M,M,M,M,M,M,M,M,M,M,M,M,M,M,M,M,M,M,M,M,M,M
2009-12-14,M,M,M,M,M,M,M,M,M,30,0.10,M,M,3.5,M,M,M,M,M,M,M,M,M,M
2009-12-15,M,M,M,M,M,M,M,M,M,M,M,M,M,M,M,M,M,M,M,M,M,M,M,M
2009-12-16,M,M,M,M,M,M,M,M,M,M,M,M,M,M,M,M,M,M,M,M,M,M,M,M
2009-12-17,M,M,M,M,M,M,M,M,M,M,M,M,M,M,M,M,M,M,M,M,M,M,M,M
2009-12-18,M,M,M,M,M,M,M,M,M,M,M,M,M,M,M,M,M,M,M,M,M,M,M,M
2009-12-19,M,M,M,M,M,M,M,M,M,M,M,M,M,M,M,M,M,M,M,M,M,M,M,M
2009-12-20,M,M,M,M,M,M,M,M,M,M,M,M,M,M,M,M,M,M,M,M,M,M,M,M
2009-12-21,M,M,M,M,M,M,M,M,M,M,M,M,M,M,M,M,M,M,M,M,M,M,M,M
2009-12-22,M,M,M,M,M,M,M,M,M,M,M,M,M,M,M,M,M,M,M,M,M,M,M,M
2009-12-23,M,M,M,M,M,M,M,M,M,M,M,M,M,M,M,M,M,M,M,M,M,M,M,M
2009-12-24,M,M,M,M,M,M,M,M,M,M,M,M,M,M,M,M,M,M,M,M,M,M,M,M
2009-12-25,M,M,M,M,M,M,M,M,M,M,M,M,M,M,M,M,M,M,M,M,M,M,M,M
2009-12-26,M,M,M,M,M,M,M,M,M,M,M,M,M,M,M,M,M,M,M,M,M,M,M,M
2009-12-27,M,M,M,M,M,M,M,M,M,M,M,M,M,M,M,M,M,M,M,M,M,M,M,M
2009-12-28,M,M,M,M,M,M,M,M,M,M,M,M,M,M,M,M,M,M,M,M,M,M,M,M
2009-12-29,M,M,M,M,M,M,M,M,M,11,0.01,M,M,4.0,M,M,M,M,M,M,M,M,M,M
2009-12-30,M,M,M,M,M,M,M,M,M,M,M,M,M,M,M,M,M,M,M,M,M,M,M,M
2009-12-31,M,M,M,M,M,M,M,M,M,M,M,M,M,M,M,M,M,M,M,M,M,M,M,M
2010-01-01,M,M,M,M,M,M,M,M,M,27,0.01,M,M,2.0,M,M,M,M,M,M,M,M,M,M
2010-01-02,M,M,M,M,M,M,M,M,M,27,T,M,M,T,M,M,M,M,M,M,M,M,M,M
2010-01-03,M,M,M,M,M,M,M,M,M,8,T,M,M,T,M,M,M,M,M,M,M,M,M,M
2010-01-04,M,M,M,M,M,M,M,M,M,18,0.01,M,M,2.5,M,M,M,M,M,M,M,M,M,M
2010-01-05,M,M,M,M,M,M,M,M,M,M,M,M,M,M,M,M,M,M,M,M,M,M,M,M
2010-01-06,M,M,M,M,M,M,M,M,M,16,T,M,M,T,M,M,M,M,M,M,M,M,M,M
2010-01-07,M,M,M,M,M,M,M,M,M,M,M,M,M,M,M,M,M,M,M,M,M,M,M,M
2010-01-08,M,M,M,M,M,M,M,M,M,M,M,M,M,M,M,M,M,M,M,M,M,M,M,M
2010-01-09,M,M,M,M,M,M,M,M,M,M,M,M,M,M,M,M,M,M,M,M,M,M,M,M
2010-01-10,M,M,M,M,M,M,M,M,M,M,M,M,M,M,M,M,M,M,M,M,M,M,M,M
2010-01-11,M,M,M,M,M,M,M,M,M,M,M,M,M,M,M,M,M,M,M,M,M,M,M,M
2010-01-12,M,M,M,M,M,M,M,M,M,M,M,M,M,M,M,M,M,M,M,M,M,M,M,M
2010-01-13,M,M,M,M,M,M,M,M,M,M,M,M,M,M,M,M,M,M,M,M,M,M,M,M
2010-01-14,M,M,M,M,M,M,M,M,M,M,M,M,M,M,M,M,M,M,M,M,M,M,M,M
2010-01-15,M,M,M,M,M,M,M,M,M,M,M,M,M,M,M,M,M,M,M,M,M,M,M,M
2010-01-16,M,M,M,M,M,M,M,M,M,M,M,M,M,M,M,M,M,M,M,M,M,M,M,M
2010-01-17,M,M,M,M,M,M,M,M,M,M,M,M,M,M,M,M,M,M,M,M,M,M,M,M
2010-01-18,M,M,M,M,M,M,M,M,M,33,0.01,M,M,1.2,M,M,M,M,M,M,M,M,M,M
2010-01-19,M,M,M,M,M,M,M,M,M,32,T,M,M,T,M,M,M,M,M,M,M,M,M,M
2010-01-20,M,M,M,M,M,M,M,M,M,30,0.01,M,M,1.2,M,M,M,M,M,M,M,M,M,M
2010-01-21,M,M,M,M,M,M,M,M,M,M,M,M,M,M,M,M,M,M,M,M,M,M,M,M
2010-01-22,M,M,M,M,M,M,M,M,M,M,M,M,M,M,M,M,M,M,M,M,M,M,M,M
2010-01-23,M,M,M,M,M,M,M,M,M,M,M,M,M,M,M,M,M,M,M,M,M,M,M,M
2010-01-24,M,M,M,M,M,M,M,M,M,M,M,M,M,M,M,M,M,M,M,M,M,M,M,M
2010-01-25,M,M,M,M,M,M,M,M,M,35,0.46,M,M,M,M,M,M,M,M,M,M,M,M,M
2010-01-26,M,M,M,M,M,M,M,M,M,31,1.15,M,M,M,M,M,M,M,M,M,M,M,M,M
2010-01-27,M,M,M,M,M,M,M,M,M,30,T,M,M,T,M,M,M,M,M,M,M,M,M,M
2010-01-28,M,M,M,M,M,M,M,M,M,18,T,M,M,T,M,M,M,M,M,M,M,M,M,M
2010-01-29,M,M,M,M,M,M,M,M,M,4,0.01,M,M,1.0,M,M,M,M,M,M,M,M,M,M
2010-01-30,M,M,M,M,M,M,M,M,M,M,M,M,M,M,M,M,M,M,M,M,M,M,M,M
2010-01-31,M,M,M,M,M,M,M,M,M,M,M,M,M,M,M,M,M,M,M,M,M,M,M,M
2010-02-01,M,M,M,M,M,M,M,M,M,M,M,M,M,M,M,M,M,M,M,M,M,M,M,M
2010-02-02,M,M,M,M,M,M,M,M,M,M,M,M,M,M,M,M,M,M,M,M,M,M,M,M
2010-02-03,M,M,M,M,M,M,M,M,M,21,0.01,M,M,0.5,M,M,M,M,M,M,M,M,M,M
2010-02-04,M,M,M,M,M,M,M,M,M,M,M,M,M,M,M,M,M,M,M,M,M,M,M,M
2010-02-05,M,M,M,M,M,M,M,M,M,M,M,M,M,M,M,M,M,M,M,M,M,M,M,M
2010-02-06,M,M,M,M,M,M,M,M,M,M,M,M,M,M,M,M,M,M,M,M,M,M,M,M
2010-02-07,M,M,M,M,M,M,M,M,M,M,M,M,M,M,M,M,M,M,M,M,M,M,M,M
2010-02-08,M,M,M,M,M,M,M,M,M,M,M,M,M,M,M,M,M,M,M,M,M,M,M,M
2010-02-09,M,M,M,M,M,M,M,M,M,M,M,M,M,M,M,M,M,M,M,M,M,M,M,M
2010-02-10,M,M,M,M,M,M,M,M,M,M,M,M,M,M,M,M,M,M,M,M,M,M,M,M
2010-02-11,M,M,M,M,M,M,M,M,M,16,0.01,M,M,0.5,M,M,M,M,M,M,M,M,M,M
2010-02-12,M,M,M,M,M,M,M,M,M,M,M,M,M,M,M,M,M,M,M,M,M,M,M,M
2010-02-13,M,M,M,M,M,M,M,M,M,M,M,M,M,M,M,M,M,M,M,M,M,M,M,M
2010-02-14,M,M,M,M,M,M,M,M,M,M,M,M,M,M,M,M,M,M,M,M,M,M,M,M
2010-02-15,M,M,M,M,M,M,M,M,M,M,M,M,M,M,M,M,M,M,M,M,M,M,M,M
2010-02-16,M,M,M,M,M,M,M,M,M,23,T,M,M,T,M,M,M,M,M,M,M,M,M,M
2010-02-17,M,M,M,M,M,M,M,M,M,25,0.01,M,M,1.2,M,M,M,M,M,M,M,M,M,M
2010-02-18,M,M,M,M,M,M,M,M,M,M,M,M,M,M,M,M,M,M,M,M,M,M,M,M
2010-02-19,M,M,M,M,M,M,M,M,M,M,M,M,M,M,M,M,M,M,M,M,M,M,M,M
2010-02-20,M,M,M,M,M,M,M,M,M,M,M,M,M,M,M,M,M,M,M,M,M,M,M,M
2010-02-21,M,M,M,M,M,M,M,M,M,M,M,M,M,M,M,M,M,M,M,M,M,M,M,M
2010-02-22,M,M,M,M,M,M,M,M,M,M,M,M,M,M,M,M,M,M,M,M,M,M,M,M
2010-02-23,M,M,M,M,M,M,M,M,M,31,0.01,M,M,0.5,M,M,M,M,M,M,M,M,M,M
2010-02-24,M,M,M,M,M,M,M,M,M,33,0.01,M,M,16.0,M,M,M,M,M,M,M,M,M,M
2010-02-25,M,M,M,M,M,M,M,M,M,34,0.01,M,M,2.0,M,M,M,M,M,M,M,M,M,M
2010-02-26,M,M,M,M,M,M,M,M,M,M,M,M,M,M,M,M,M,M,M,M,M,M,M,M
2010-02-27,M,M,M,M,M,M,M,M,M,32,T,M,M,T,M,M,M,M,M,M,M,M,M,M
2010-02-28,M,M,M,M,M,M,M,M,M,30,0.01,M,M,3.0,M,M,M,M,M,M,M,M,M,M
2010-03-01,M,M,M,M,M,M,M,M,M,35,T,M,M,T,M,M,M,M,M,M,M,M,M,M
2010-03-02,M,M,M,M,M,M,M,M,M,M,M,M,M,M,M,M,M,M,M,M,M,M,M,M
2010-03-03,M,M,M,M,M,M,M,M,M,M,M,M,M,M,M,M,M,M,M,M,M,M,M,M
2010-03-04,M,M,M,M,M,M,M,M,M,M,M,M,M,M,M,M,M,M,M,M,M,M,M,M
2010-03-05,M,M,M,M,M,M,M,M,M,M,M,M,M,M,M,M,M,M,M,M,M,M,M,M
2010-03-06,M,M,M,M,M,M,M,M,M,M,M,M,M,M,M,M,M,M,M,M,M,M,M,M
2010-03-07,M,M,M,M,M,M,M,M,M,M,M,M,M,M,M,M,M,M,M,M,M,M,M,M
2010-03-08,M,M,M,M,M,M,M,M,M,M,M,M,M,M,M,M,M,M,M,M,M,M,M,M
2010-03-09,M,M,M,M,M,M,M,M,M,M,M,M,M,M,M,M,M,M,M,M,M,M,M,M
2010-03-10,M,M,M,M,M,M,M,M,M,M,M,M,M,M,M,M,M,M,M,M,M,M,M,M
2010-03-11,M,M,M,M,M,M,M,M,M,M,M,M,M,M,M,M,M,M,M,M,M,M,M,M
2010-03-12,M,M,M,M,M,M,M,M,M,35,0.03,M,M,M,M,M,M,M,M,M,M,M,M,M
2010-03-13,M,M,M,M,M,M,M,M,M,M,M,M,M,M,M,M,M,M,M,M,M,M,M,M
2010-03-14,M,M,M,M,M,M,M,M,M,38,0.24,M,M,M,M,M,M,M,M,M,M,M,M,M
2010-03-15,M,M,M,M,M,M,M,M,M,39,0.05,M,M,M,M,M,M,M,M,M,M,M,M,M
2010-03-16,M,M,M,M,M,M,M,M,M,M,M,M,M,M,M,M,M,M,M,M,M,M,M,M
2010-03-17,M,M,M,M,M,M,M,M,M,M,M,M,M,M,M,M,M,M,M,M,M,M,M,M
2010-03-18,M,M,M,M,M,M,M,M,M,M,M,M,M,M,M,M,M,M,M,M,M,M,M,M
2010-03-19,M,M,M,M,M,M,M,M,M,M,M,M,M,M,M,M,M,M,M,M,M,M,M,M
2010-03-20,M,M,M,M,M,M,M,M,M,M,M,M,M,M,M,M,M,M,M,M,M,M,M,M
2010-03-21,M,M,M,M,M,M,M,M,M,M,M,M,M,M,M,M,M,M,M,M,M,M,M,M
2010-03-22,M,M,M,M,M,M,M,M,M,M,M,M,M,M,M,M,M,M,M,M,M,M,M,M
2010-03-23,M,M,M,M,M,M,M,M,M,41,1.98,M,M,M,M,M,M,M,M,M,M,M,M,M
2010-03-24,M,M,M,M,M,M,M,M,M,36,0.05,M,M,M,M,M,M,M,M,M,M,M,M,M
2010-03-25,M,M,M,M,M,M,M,M,M,M,M,M,M,M,M,M,M,M,M,M,M,M,M,M
2010-03-26,M,M,M,M,M,M,M,M,M,M,M,M,M,M,M,M,M,M,M,M,M,M,M,M
2010-03-27,M,M,M,M,M,M,M,M,M,M,M,M,M,M,M,M,M,M,M,M,M,M,M,M
2010-03-28,M,M,M,M,M,M,M,M,M,M,M,M,M,M,M,M,M,M,M,M,M,M,M,M
2010-03-29,M,M,M,M,M,M,M,M,M,38,0.98,M,M,M,M,M,M,M,M,M,M,M,M,M
2010-03-30,M,M,M,M,M,M,M,M,M,38,0.24,M,M,M,M,M,M,M,M,M,M,M,M,M
2010-03-31,M,M,M,M,M,M,M,M,M,43,0.63,M,M,M,M,M,M,M,M,M,M,M,M,M
2010-04-01,M,M,M,M,M,M,M,M,M,42,0.02,M,M,M,M,M,M,M,M,M,M,M,M,M
2010-04-02,M,M,M,M,M,M,M,M,M,M,M,M,M,M,M,M,M,M,M,M,M,M,M,M
2010-04-03,M,M,M,M,M,M,M,M,M,M,M,M,M,M,M,M,M,M,M,M,M,M,M,M
2010-04-04,M,M,M,M,M,M,M,M,M,M,M,M,M,M,M,M,M,M,M,M,M,M,M,M
2010-04-05,M,M,M,M,M,M,M,M,M,M,M,M,M,M,M,M,M,M,M,M,M,M,M,M
2010-04-06,M,M,M,M,M,M,M,M,M,M,M,M,M,M,M,M,M,M,M,M,M,M,M,M
2010-04-07,M,M,M,M,M,M,M,M,M,43,0.05,M,M,M,M,M,M,M,M,M,M,M,M,M
2010-04-08,M,M,M,M,M,M,M,M,M,M,M,M,M,M,M,M,M,M,M,M,M,M,M,M
2010-04-09,M,M,M,M,M,M,M,M,M,45,0.51,M,M,M,M,M,M,M,M,M,M,M,M,M
2010-04-10,M,M,M,M,M,M,M,M,M,36,0.08,M,M,M,M,M,M,M,M,M,M,M,M,M
2010-04-11,M,M,M,M,M,M,M,M,M,M,M,M,M,M,M,M,M,M,M,M,M,M,M,M
2010-04-12,M,M,M,M,M,M,M,M,M,M,M,M,M,M,M,M,M,M,M,M,M,M,M,M
2010-04-13,M,M,M,M,M,M,M,M,M,M,M,M,M,M,M,M,M,M,M,M,M,M,M,M
2010-04-14,M,M,M,M,M,M,M,M,M,M,M,M,M,M,M,M,M,M,M,M,M,M,M,M
2010-04-15,M,M,M,M,M,M,M,M,M,M,M,M,M,M,M,M,M,M,M,M,M,M,M,M
2010-04-16,M,M,M,M,M,M,M,M,M,41,0.20,M,M,M,M,M,M,M,M,M,M,M,M,M
2010-04-17,M,M,M,M,M,M,M,M,M,42,0.59,M,M,M,M,M,M,M,M,M,M,M,M,M
2010-04-18,M,M,M,M,M,M,M,M,M,38,0.09,M,M,M,M,M,M,M,M,M,M,M,M,M
2010-04-19,M,M,M,M,M,M,M,M,M,38,0.09,M,M,M,M,M,M,M,M,M,M,M,M,M
2010-04-20,M,M,M,M,M,M,M,M,M,M,M,M,M,M,M,M,M,M,M,M,M,M,M,M
2010-04-21,M,M,M,M,M,M,M,M,M,36,0.00,M,M,M,M,M,M,M,M,M,M,M,M,M
2010-04-22,M,M,M,M,M,M,M,M,M,37,T,M,M,M,M,M,M,M,M,M,M,M,M,M
2010-04-23,M,M,M,M,M,M,M,M,M,M,M,M,M,M,M,M,M,M,M,M,M,M,M,M
2010-04-24,M,M,M,M,M,M,M,M,M,M,M,M,M,M,M,M,M,M,M,M,M,M,M,M
2010-04-25,M,M,M,M,M,M,M,M,M,M,M,M,M,M,M,M,M,M,M,M,M,M,M,M
2010-04-26,M,M,M,M,M,M,M,M,M,M,M,M,M,M,M,M,M,M,M,M,M,M,M,M
2010-04-27,M,M,M,M,M,M,M,M,M,45,0.15,M,M,M,M,M,M,M,M,M,M,M,M,M
2010-04-28,M,M,M,M,M,M,M,M,M,36,0.23,M,M,M,M,M,M,M,M,M,M,M,M,M
2010-04-29,M,M,M,M,M,M,M,M,M,31,0.00,M,M,M,M,M,M,M,M,M,M,M,M,M
2010-04-30,M,M,M,M,M,M,M,M,M,33,0.00,M,M,M,M,M,M,M,M,M,M,M,M,M
2010-05-01,M,M,M,M,M,M,M,M,M,M,M,M,M,M,M,M,M,M,M,M,M,M,M,M
2010-05-02,M,M,M,M,M,M,M,M,M,62,0.00,M,M,M,M,M,M,M,M,M,M,M,M,M
2010-05-03,M,M,M,M,M,M,M,M,M,66,0.00,M,M,M,M,M,M,M,M,M,M,M,M,M
2010-05-04,M,M,M,M,M,M,M,M,M,46,0.24,M,M,M,M,M,M,M,M,M,M,M,M,M
2010-05-05,M,M,M,M,M,M,M,M,M,41,0.28,M,M,M,M,M,M,M,M,M,M,M,M,M
2010-05-06,M,M,M,M,M,M,M,M,M,56,0.20,M,M,M,M,M,M,M,M,M,M,M,M,M
2010-05-07,M,M,M,M,M,M,M,M,M,41,0.08,M,M,M,M,M,M,M,M,M,M,M,M,M
2010-05-08,M,M,M,M,M,M,M,M,M,46,0.55,M,M,M,M,M,M,M,M,M,M,M,M,M
2010-05-09,M,M,M,M,M,M,M,M,M,36,0.33,M,M,M,M,M,M,M,M,M,M,M,M,M
2010-05-10,M,M,M,M,M,M,M,M,M,29,0.00,M,M,M,M,M,M,M,M,M,M,M,M,M
2010-05-11,M,M,M,M,M,M,M,M,M,28,0.00,M,M,M,M,M,M,M,M,M,M,M,M,M
2010-05-12,M,M,M,M,M,M,M,M,M,41,0.00,M,M,M,M,M,M,M,M,M,M,M,M,M
2010-05-13,M,M,M,M,M,M,M,M,M,32,0.03,M,M,M,M,M,M,M,M,M,M,M,M,M
2010-05-14,M,M,M,M,M,M,M,M,M,48,0.40,M,M,M,M,M,M,M,M,M,M,M,M,M
2010-05-15,M,M,M,M,M,M,M,M,M,M,M,M,M,M,M,M,M,M,M,M,M,M,M,M
2010-05-16,M,M,M,M,M,M,M,M,M,M,M,M,M,M,M,M,M,M,M,M,M,M,M,M
2010-05-17,M,M,M,M,M,M,M,M,M,M,M,M,M,M,M,M,M,M,M,M,M,M,M,M
2010-05-18,M,M,M,M,M,M,M,M,M,47,0.00,M,M,M,M,M,M,M,M,M,M,M,M,M
2010-05-19,M,M,M,M,M,M,M,M,M,M,M,M,M,M,M,M,M,M,M,M,M,M,M,M
2010-05-20,M,M,M,M,M,M,M,M,M,48,0.13,M,M,M,M,M,M,M,M,M,M,M,M,M
2010-05-21,M,M,M,M,M,M,M,M,M,53,0.00,M,M,M,M,M,M,M,M,M,M,M,M,M
2010-05-22,M,M,M,M,M,M,M,M,M,56,0.00,M,M,M,M,M,M,M,M,M,M,M,M,M
2010-05-23,M,M,M,M,M,M,M,M,M,56,0.00,M,M,M,M,M,M,M,M,M,M,M,M,M
2010-05-24,M,M,M,M,M,M,M,M,M,53,0.00,M,M,M,M,M,M,M,M,M,M,M,M,M
2010-05-25,M,M,M,M,M,M,M,M,M,58,0.00,M,M,M,M,M,M,M,M,M,M,M,M,M
2010-05-26,M,M,M,M,M,M,M,M,M,63,0.00,M,M,M,M,M,M,M,M,M,M,M,M,M
2010-05-27,M,M,M,M,M,M,M,M,M,63,0.22,M,M,M,M,M,M,M,M,M,M,M,M,M
2010-05-28,M,M,M,M,M,M,M,M,M,51,0.00,M,M,M,M,M,M,M,M,M,M,M,M,M
2010-05-29,M,M,M,M,M,M,M,M,M,52,0.00,M,M,M,M,M,M,M,M,M,M,M,M,M
2010-05-30,M,M,M,M,M,M,M,M,M,57,T,M,M,M,M,M,M,M,M,M,M,M,M,M
2010-05-31,M,M,M,M,M,M,M,M,M,54,0.00,M,M,M,M,M,M,M,M,M,M,M,M,M
2010-06-01,M,M,M,M,M,M,M,M,M,62,0.22,M,M,M,M,M,M,M,M,M,M,M,M,M
2010-06-02,M,M,M,M,M,M,M,M,M,57,0.07,M,M,M,M,M,M,M,M,M,M,M,M,M
2010-06-03,M,M,M,M,M,M,M,M,M,65,0.05,M,M,M,M,M,M,M,M,M,M,M,M,M
2010-06-04,M,M,M,M,M,M,M,M,M,60,0.00,M,M,M,M,M,M,M,M,M,M,M,M,M
2010-06-05,M,M,M,M,M,M,M,M,M,62,0.60,M,M,M,M,M,M,M,M,M,M,M,M,M
2010-06-06,M,M,M,M,M,M,M,M,M,61,0.03,M,M,M,M,M,M,M,M,M,M,M,M,M
2010-06-07,M,M,M,M,M,M,M,M,M,48,0.34,M,M,M,M,M,M,M,M,M,M,M,M,M
2010-06-08,M,M,M,M,M,M,M,M,M,45,0.00,M,M,M,M,M,M,M,M,M,M,M,M,M
2010-06-09,M,M,M,M,M,M,M,M,M,43,0.00,M,M,M,M,M,M,M,M,M,M,M,M,M
2010-06-10,M,M,M,M,M,M,M,M,M,54,0.48,M,M,M,M,M,M,M,M,M,M,M,M,M
2010-06-11,M,M,M,M,M,M,M,M,M,54,0.10,M,M,M,M,M,M,M,M,M,M,M,M,M
2010-06-12,M,M,M,M,M,M,M,M,M,58,0.00,M,M,M,M,M,M,M,M,M,M,M,M,M
2010-06-13,M,M,M,M,M,M,M,M,M,59,1.07,M,M,M,M,M,M,M,M,M,M,M,M,M
2010-06-14,M,M,M,M,M,M,M,M,M,58,T,M,M,M,M,M,M,M,M,M,M,M,M,M
2010-06-15,M,M,M,M,M,M,M,M,M,51,T,M,M,M,M,M,M,M,M,M,M,M,M,M
2010-06-16,M,M,M,M,M,M,M,M,M,49,0.00,M,M,M,M,M,M,M,M,M,M,M,M,M
2010-06-17,M,M,M,M,M,M,M,M,M,60,0.19,M,M,M,M,M,M,M,M,M,M,M,M,M
2010-06-18,M,M,M,M,M,M,M,M,M,M,M,M,M,M,M,M,M,M,M,M,M,M,M,M
2010-06-19,M,M,M,M,M,M,M,M,M,56,0.00,M,M,M,M,M,M,M,M,M,M,M,M,M
2010-06-20,M,M,M,M,M,M,M,M,M,68,0.09,M,M,M,M,M,M,M,M,M,M,M,M,M
2010-06-21,M,M,M,M,M,M,M,M,M,62,0.00,M,M,M,M,M,M,M,M,M,M,M,M,M
2010-06-22,M,M,M,M,M,M,M,M,M,56,0.00,M,M,M,M,M,M,M,M,M,M,M,M,M
2010-06-23,M,M,M,M,M,M,M,M,M,66,0.50,M,M,M,M,M,M,M,M,M,M,M,M,M
2010-06-24,M,M,M,M,M,M,M,M,M,67,0.00,M,M,M,M,M,M,M,M,M,M,M,M,M
2010-06-25,M,M,M,M,M,M,M,M,M,55,T,M,M,M,M,M,M,M,M,M,M,M,M,M
2010-06-26,M,M,M,M,M,M,M,M,M,56,0.00,M,M,M,M,M,M,M,M,M,M,M,M,M
2010-06-27,M,M,M,M,M,M,M,M,M,61,0.06,M,M,M,M,M,M,M,M,M,M,M,M,M
2010-06-28,M,M,M,M,M,M,M,M,M,71,0.80,M,M,M,M,M,M,M,M,M,M,M,M,M
2010-06-29,M,M,M,M,M,M,M,M,M,66,0.08,M,M,M,M,M,M,M,M,M,M,M,M,M
2010-06-30,M,M,M,M,M,M,M,M,M,48,0.00,M,M,M,M,M,M,M,M,M,M,M,M,M
2010-07-01,M,M,M,M,M,M,M,M,M,51,0.00,M,M,M,M,M,M,M,M,M,M,M,M,M
2010-07-02,M,M,M,M,M,M,M,M,M,51,0.00,M,M,M,M,M,M,M,M,M,M,M,M,M
2010-07-03,M,M,M,M,M,M,M,M,M,55,0.00,M,M,M,M,M,M,M,M,M,M,M,M,M
2010-07-04,M,M,M,M,M,M,M,M,M,65,0.00,M,M,M,M,M,M,M,M,M,M,M,M,M
2010-07-05,M,M,M,M,M,M,M,M,M,59,0.00,M,M,M,M,M,M,M,M,M,M,M,M,M
2010-07-06,M,M,M,M,M,M,M,M,M,71,0.00,M,M,M,M,M,M,M,M,M,M,M,M,M
2010-07-07,M,M,M,M,M,M,M,M,M,69,0.00,M,M,M,M,M,M,M,M,M,M,M,M,M
2010-07-08,M,M,M,M,M,M,M,M,M,71,0.00,M,M,M,M,M,M,M,M,M,M,M,M,M
2010-07-09,M,M,M,M,M,M,M,M,M,72,0.00,M,M,M,M,M,M,M,M,M,M,M,M,M
2010-07-10,M,M,M,M,M,M,M,M,M,72,0.30,M,M,M,M,M,M,M,M,M,M,M,M,M
2010-07-11,M,M,M,M,M,M,M,M,M,67,0.75,M,M,M,M,M,M,M,M,M,M,M,M,M
2010-07-12,M,M,M,M,M,M,M,M,M,62,0.00,M,M,M,M,M,M,M,M,M,M,M,M,M
2010-07-13,M,M,M,M,M,M,M,M,M,67,0.00,M,M,M,M,M,M,M,M,M,M,M,M,M
2010-07-14,M,M,M,M,M,M,M,M,M,69,0.71,M,M,M,M,M,M,M,M,M,M,M,M,M
2010-07-15,M,M,M,M,M,M,M,M,M,66,0.00,M,M,M,M,M,M,M,M,M,M,M,M,M
2010-07-16,M,M,M,M,M,M,M,M,M,M,M,M,M,M,M,M,M,M,M,M,M,M,M,M
2010-07-17,M,M,M,M,M,M,M,M,M,M,M,M,M,M,M,M,M,M,M,M,M,M,M,M
2010-07-18,M,M,M,M,M,M,M,M,M,M,M,M,M,M,M,M,M,M,M,M,M,M,M,M
2010-07-19,M,M,M,M,M,M,M,M,M,M,M,M,M,M,M,M,M,M,M,M,M,M,M,M
2010-07-20,M,M,M,M,M,M,M,M,M,65,0.00,M,M,M,M,M,M,M,M,M,M,M,M,M
2010-07-21,M,M,M,M,M,M,M,M,M,64,T,M,M,M,M,M,M,M,M,M,M,M,M,M
2010-07-22,M,M,M,M,M,M,M,M,M,62,0.10,M,M,M,M,M,M,M,M,M,M,M,M,M
2010-07-23,M,M,M,M,M,M,M,M,M,63,0.00,M,M,M,M,M,M,M,M,M,M,M,M,M
2010-07-24,M,M,M,M,M,M,M,M,M,67,0.79,M,M,M,M,M,M,M,M,M,M,M,M,M
2010-07-25,M,M,M,M,M,M,M,M,M,69,0.25,M,M,M,M,M,M,M,M,M,M,M,M,M
2010-07-26,M,M,M,M,M,M,M,M,M,56,T,M,M,M,M,M,M,M,M,M,M,M,M,M
2010-07-27,M,M,M,M,M,M,M,M,M,58,0.00,M,M,M,M,M,M,M,M,M,M,M,M,M
2010-07-28,M,M,M,M,M,M,M,M,M,62,0.00,M,M,M,M,M,M,M,M,M,M,M,M,M
2010-07-29,M,M,M,M,M,M,M,M,M,67,0.24,M,M,M,M,M,M,M,M,M,M,M,M,M
2010-07-30,M,M,M,M,M,M,M,M,M,55,0.00,M,M,M,M,M,M,M,M,M,M,M,M,M
2010-07-31,M,M,M,M,M,M,M,M,M,49,0.00,M,M,M,M,M,M,M,M,M,M,M,M,M
2010-08-01,M,M,M,M,M,M,M,M,M,55,0.00,M,M,M,M,M,M,M,M,M,M,M,M,M
2010-08-02,M,M,M,M,M,M,M,M,M,65,0.05,M,M,M,M,M,M,M,M,M,M,M,M,M
2010-08-03,M,M,M,M,M,M,M,M,M,67,0.00,M,M,M,M,M,M,M,M,M,M,M,M,M
2010-08-04,M,M,M,M,M,M,M,M,M,70,0.86,M,M,M,M,M,M,M,M,M,M,M,M,M
2010-08-05,M,M,M,M,M,M,M,M,M,69,0.00,M,M,M,M,M,M,M,M,M,M,M,M,M
2010-08-06,M,M,M,M,M,M,M,M,M,64,0.19,M,M,M,M,M,M,M,M,M,M,M,M,M
2010-08-07,M,M,M,M,M,M,M,M,M,53,0.00,M,M,M,M,M,M,M,M,M,M,M,M,M
2010-08-08,M,M,M,M,M,M,M,M,M,52,0.00,M,M,M,M,M,M,M,M,M,M,M,M,M
2010-08-09,M,M,M,M,M,M,M,M,M,M,M,M,M,M,M,M,M,M,M,M,M,M,M,M
2010-08-10,M,M,M,M,M,M,M,M,M,67,0.06,M,M,M,M,M,M,M,M,M,M,M,M,M
2010-08-11,M,M,M,M,M,M,M,M,M,65,0.00,M,M,M,M,M,M,M,M,M,M,M,M,M
2010-08-12,M,M,M,M,M,M,M,M,M,62,0.00,M,M,M,M,M,M,M,M,M,M,M,M,M
2010-08-13,M,M,M,M,M,M,M,M,M,65,T,M,M,M,M,M,M,M,M,M,M,M,M,M
2010-08-14,M,M,M,M,M,M,M,M,M,67,0.00,M,M,M,M,M,M,M,M,M,M,M,M,M
2010-08-15,M,M,M,M,M,M,M,M,M,63,0.00,M,M,M,M,M,M,M,M,M,M,M,M,M
2010-08-16,M,M,M,M,M,M,M,M,M,66,0.29,M,M,M,M,M,M,M,M,M,M,M,M,M
2010-08-17,M,M,M,M,M,M,M,M,M,57,0.26,M,M,M,M,M,M,M,M,M,M,M,M,M
2010-08-18,M,M,M,M,M,M,M,M,M,58,0.00,M,M,M,M,M,M,M,M,M,M,M,M,M
2010-08-19,M,M,M,M,M,M,M,M,M,65,0.00,M,M,M,M,M,M,M,M,M,M,M,M,M
2010-08-20,M,M,M,M,M,M,M,M,M,62,0.00,M,M,M,M,M,M,M,M,M,M,M,M,M
2010-08-21,M,M,M,M,M,M,M,M,M,50,0.00,M,M,M,M,M,M,M,M,M,M,M,M,M
2010-08-22,M,M,M,M,M,M,M,M,M,63,0.44,M,M,M,M,M,M,M,M,M,M,M,M,M
2010-08-23,M,M,M,M,M,M,M,M,M,60,2.25,M,M,M,M,M,M,M,M,M,M,M,M,M
2010-08-24,M,M,M,M,M,M,M,M,M,57,T,M,M,M,M,M,M,M,M,M,M,M,M,M
2010-08-25,M,M,M,M,M,M,M,M,M,63,0.02,M,M,M,M,M,M,M,M,M,M,M,M,M
2010-08-26,M,M,M,M,M,M,M,M,M,63,T,M,M,M,M,M,M,M,M,M,M,M,M,M
2010-08-27,M,M,M,M,M,M,M,M,M,50,0.00,M,M,M,M,M,M,M,M,M,M,M,M,M
2010-08-28,M,M,M,M,M,M,M,M,M,49,0.00,M,M,M,M,M,M,M,M,M,M,M,M,M
2010-08-29,M,M,M,M,M,M,M,M,M,55,0.00,M,M,M,M,M,M,M,M,M,M,M,M,M
2010-08-30,M,M,M,M,M,M,M,M,M,M,M,M,M,M,M,M,M,M,M,M,M,M,M,M
2010-08-31,M,M,M,M,M,M,M,M,M,M,M,M,M,M,M,M,M,M,M,M,M,M,M,M
2010-09-01,M,M,M,M,M,M,M,M,M,M,M,M,M,M,M,M,M,M,M,M,M,M,M,M
2010-09-02,M,M,M,M,M,M,M,M,M,M,M,M,M,M,M,M,M,M,M,M,M,M,M,M
2010-09-03,M,M,M,M,M,M,M,M,M,M,M,M,M,M,M,M,M,M,M,M,M,M,M,M
2010-09-04,M,M,M,M,M,M,M,M,M,65,T,M,M,M,M,M,M,M,M,M,M,M,M,M
2010-09-05,M,M,M,M,M,M,M,M,M,55,T,M,M,M,M,M,M,M,M,M,M,M,M,M
2010-09-06,M,M,M,M,M,M,M,M,M,45,0.00,M,M,M,M,M,M,M,M,M,M,M,M,M
2010-09-07,M,M,M,M,M,M,M,M,M,57,T,M,M,M,M,M,M,M,M,M,M,M,M,M
2010-09-08,M,M,M,M,M,M,M,M,M,M,M,M,M,M,M,M,M,M,M,M,M,M,M,M
2010-09-09,M,M,M,M,M,M,M,M,M,M,M,M,M,M,M,M,M,M,M,M,M,M,M,M
2010-09-10,M,M,M,M,M,M,M,M,M,54,0.00,M,M,M,M,M,M,M,M,M,M,M,M,M
2010-09-11,M,M,M,M,M,M,M,M,M,47,0.00,M,M,M,M,M,M,M,M,M,M,M,M,M
2010-09-12,M,M,M,M,M,M,M,M,M,55,0.00,M,M,M,M,M,M,M,M,M,M,M,M,M
2010-09-13,M,M,M,M,M,M,M,M,M,55,0.10,M,M,M,M,M,M,M,M,M,M,M,M,M
2010-09-14,M,M,M,M,M,M,M,M,M,52,0.04,M,M,M,M,M,M,M,M,M,M,M,M,M
2010-09-15,M,M,M,M,M,M,M,M,M,47,0.00,M,M,M,M,M,M,M,M,M,M,M,M,M
2010-09-16,M,M,M,M,M,M,M,M,M,43,0.00,M,M,M,M,M,M,M,M,M,M,M,M,M
2010-09-17,M,M,M,M,M,M,M,M,M,55,0.69,M,M,M,M,M,M,M,M,M,M,M,M,M
2010-09-18,M,M,M,M,M,M,M,M,M,48,0.00,M,M,M,M,M,M,M,M,M,M,M,M,M
2010-09-19,M,M,M,M,M,M,M,M,M,55,0.00,M,M,M,M,M,M,M,M,M,M,M,M,M
2010-09-20,M,M,M,M,M,M,M,M,M,M,M,M,M,M,M,M,M,M,M,M,M,M,M,M
2010-09-21,M,M,M,M,M,M,M,M,M,M,M,M,M,M,M,M,M,M,M,M,M,M,M,M
2010-09-22,M,M,M,M,M,M,M,M,M,50,0.00,M,M,M,M,M,M,M,M,M,M,M,M,M
2010-09-23,M,M,M,M,M,M,M,M,M,52,T,M,M,M,M,M,M,M,M,M,M,M,M,M
2010-09-24,M,M,M,M,M,M,M,M,M,60,0.00,M,M,M,M,M,M,M,M,M,M,M,M,M
2010-09-25,M,M,M,M,M,M,M,M,M,67,0.00,M,M,M,M,M,M,M,M,M,M,M,M,M
2010-09-26,M,M,M,M,M,M,M,M,M,51,0.00,M,M,M,M,M,M,M,M,M,M,M,M,M
2010-09-27,M,M,M,M,M,M,M,M,M,64,0.00,M,M,M,M,M,M,M,M,M,M,M,M,M
2010-09-28,M,M,M,M,M,M,M,M,M,65,1.48,M,M,M,M,M,M,M,M,M,M,M,M,M
2010-09-29,M,M,M,M,M,M,M,M,M,67,0.25,M,M,M,M,M,M,M,M,M,M,M,M,M
2010-09-30,M,M,M,M,M,M,M,M,M,56,T,M,M,M,M,M,M,M,M,M,M,M,M,M
2010-10-01,M,M,M,M,M,M,M,M,M,58,3.71,M,M,M,M,M,M,M,M,M,M,M,M,M
2010-10-02,M,M,M,M,M,M,M,M,M,44,0.91,M,M,M,M,M,M,M,M,M,M,M,M,M
2010-10-03,M,M,M,M,M,M,M,M,M,37,0.00,M,M,M,M,M,M,M,M,M,M,M,M,M
2010-10-04,M,M,M,M,M,M,M,M,M,43,0.00,M,M,M,M,M,M,M,M,M,M,M,M,M
2010-10-05,M,M,M,M,M,M,M,M,M,48,0.20,M,M,M,M,M,M,M,M,M,M,M,M,M
2010-10-06,M,M,M,M,M,M,M,M,M,54,0.05,M,M,M,M,M,M,M,M,M,M,M,M,M
2010-10-07,M,M,M,M,M,M,M,M,M,50,1.51,M,M,M,M,M,M,M,M,M,M,M,M,M
2010-10-08,M,M,M,M,M,M,M,M,M,37,0.05,M,M,M,M,M,M,M,M,M,M,M,M,M
2010-10-09,M,M,M,M,M,M,M,M,M,44,0.00,M,M,M,M,M,M,M,M,M,M,M,M,M
2010-10-10,M,M,M,M,M,M,M,M,M,30,0.00,M,M,M,M,M,M,M,M,M,M,M,M,M
2010-10-11,M,M,M,M,M,M,M,M,M,39,0.00,M,M,M,M,M,M,M,M,M,M,M,M,M
2010-10-12,M,M,M,M,M,M,M,M,M,38,0.00,M,M,M,M,M,M,M,M,M,M,M,M,M
2010-10-13,M,M,M,M,M,M,M,M,M,31,0.00,M,M,M,M,M,M,M,M,M,M,M,M,M
2010-10-14,M,M,M,M,M,M,M,M,M,36,0.00,M,M,M,M,M,M,M,M,M,M,M,M,M
2010-10-15,M,M,M,M,M,M,M,M,M,46,0.47,M,M,M,M,M,M,M,M,M,M,M,M,M
2010-10-16,M,M,M,M,M,M,M,M,M,44,0.37,M,M,M,M,M,M,M,M,M,M,M,M,M
2010-10-17,M,M,M,M,M,M,M,M,M,33,0.00,M,M,M,M,M,M,M,M,M,M,M,M,M
2010-10-18,M,M,M,M,M,M,M,M,M,31,0.00,M,M,M,M,M,M,M,M,M,M,M,M,M
2010-10-19,M,M,M,M,M,M,M,M,M,28,0.00,M,M,M,M,M,M,M,M,M,M,M,M,M
2010-10-20,M,M,M,M,M,M,M,M,M,30,0.00,M,M,M,M,M,M,M,M,M,M,M,M,M
2010-10-21,M,M,M,M,M,M,M,M,M,41,T,M,M,M,M,M,M,M,M,M,M,M,M,M
2010-10-22,M,M,M,M,M,M,M,M,M,29,0.12,M,M,M,M,M,M,M,M,M,M,M,M,M
2010-10-23,M,M,M,M,M,M,M,M,M,33,0.00,M,M,M,M,M,M,M,M,M,M,M,M,M
2010-10-24,M,M,M,M,M,M,M,M,M,39,T,M,M,M,M,M,M,M,M,M,M,M,M,M
2010-10-25,M,M,M,M,M,M,M,M,M,41,0.10,M,M,M,M,M,M,M,M,M,M,M,M,M
2010-10-26,M,M,M,M,M,M,M,M,M,52,0.53,M,M,M,M,M,M,M,M,M,M,M,M,M
2010-10-27,M,M,M,M,M,M,M,M,M,62,0.96,M,M,M,M,M,M,M,M,M,M,M,M,M
2010-10-28,M,M,M,M,M,M,M,M,M,50,0.04,M,M,M,M,M,M,M,M,M,M,M,M,M
2010-10-29,M,M,M,M,M,M,M,M,M,45,0.00,M,M,M,M,M,M,M,M,M,M,M,M,M
2010-10-30,M,M,M,M,M,M,M,M,M,29,T,M,M,M,M,M,M,M,M,M,M,M,M,M
2010-10-31,M,M,M,M,M,M,M,M,M,45,0.00,M,M,M,M,M,M,M,M,M,M,M,M,M
2010-11-01,M,M,M,M,M,M,M,M,M,32,T,M,M,T,M,M,M,M,M,M,M,M,M,M
2010-11-02,M,M,M,M,M,M,M,M,M,31,0.00,M,M,M,M,M,M,M,M,M,M,M,M,M
2010-11-03,M,M,M,M,M,M,M,M,M,26,0.00,M,M,M,M,M,M,M,M,M,M,M,M,M
2010-11-04,M,M,M,M,M,M,M,M,M,32,0.00,M,M,M,M,M,M,M,M,M,M,M,M,M
2010-11-05,M,M,M,M,M,M,M,M,M,40,0.96,M,M,M,M,M,M,M,M,M,M,M,M,M
2010-11-06,M,M,M,M,M,M,M,M,M,30,0.14,M,M,M,M,M,M,M,M,M,M,M,M,M
2010-11-07,M,M,M,M,M,M,M,M,M,28,0.00,M,M,M,M,M,M,M,M,M,M,M,M,M
2010-11-08,M,M,M,M,M,M,M,M,M,36,0.00,M,M,M,M,M,M,M,M,M,M,M,M,M
2010-11-09,M,M,M,M,M,M,M,M,M,35,0.60,M,M,T,M,M,M,M,M,M,M,M,M,M
2010-11-10,M,M,M,M,M,M,M,M,M,40,T,M,M,M,M,M,M,M,M,M,M,M,M,M
2010-11-11,M,M,M,M,M,M,M,M,M,28,0.00,M,M,M,M,M,M,M,M,M,M,M,M,M
2010-11-12,M,M,M,M,M,M,M,M,M,26,0.00,M,M,M,M,M,M,M,M,M,M,M,M,M
2010-11-13,M,M,M,M,M,M,M,M,M,27,0.00,M,M,M,M,M,M,M,M,M,M,M,M,M
2010-11-14,M,M,M,M,M,M,M,M,M,28,0.00,M,M,M,M,M,M,M,M,M,M,M,M,M
2010-11-15,M,M,M,M,M,M,M,M,M,44,T,M,M,M,M,M,M,M,M,M,M,M,M,M
2010-11-16,M,M,M,M,M,M,M,M,M,42,0.00,M,M,M,M,M,M,M,M,M,M,M,M,M
2010-11-17,M,M,M,M,M,M,M,M,M,48,1.12,M,M,M,M,M,M,M,M,M,M,M,M,M
2010-11-18,M,M,M,M,M,M,M,M,M,38,0.12,M,M,M,M,M,M,M,M,M,M,M,M,M
2010-11-19,M,M,M,M,M,M,M,M,M,26,0.00,M,M,M,M,M,M,M,M,M,M,M,M,M
2010-11-20,M,M,M,M,M,M,M,M,M,30,0.00,M,M,M,M,M,M,M,M,M,M,M,M,M
2010-11-21,M,M,M,M,M,M,M,M,M,26,0.00,M,M,M,M,M,M,M,M,M,M,M,M,M
2010-11-22,M,M,M,M,M,M,M,M,M,36,0.00,M,M,M,M,M,M,M,M,M,M,M,M,M
2010-11-23,M,M,M,M,M,M,M,M,M,46,0.09,M,M,M,M,M,M,M,M,M,M,M,M,M
2010-11-24,M,M,M,M,M,M,M,M,M,36,0.13,M,M,M,M,M,M,M,M,M,M,M,M,M
2010-11-25,M,M,M,M,M,M,M,M,M,20,0.00,M,M,M,M,M,M,M,M,M,M,M,M,M
2010-11-26,M,M,M,M,M,M,M,M,M,32,0.37,M,M,M,M,M,M,M,M,M,M,M,M,M
2010-11-27,M,M,M,M,M,M,M,M,M,31,T,M,M,M,M,M,M,M,M,M,M,M,M,M
2010-11-28,M,M,M,M,M,M,M,M,M,M,M,M,M,M,M,M,M,M,M,M,M,M,M,M
2010-11-29,M,M,M,M,M,M,M,M,M,31,0.00,M,M,M,M,M,M,M,M,M,M,M,M,M
2010-11-30,M,M,M,M,M,M,M,M,M,27,0.00,M,M,M,M,M,M,M,M,M,M,M,M,M
2010-12-01,M,M,M,M,M,M,M,M,M,48,1.20,M,M,M,M,M,M,M,M,M,M,M,M,M
2010-12-02,M,M,M,M,M,M,M,M,M,31,1.38,M,M,M,M,M,M,M,M,M,M,M,M,M
2010-12-03,M,M,M,M,M,M,M,M,M,30,0.00,M,M,M,M,M,M,M,M,M,M,M,M,M
2010-12-04,M,M,M,M,M,M,M,M,M,27,0.00,M,M,M,M,M,M,M,M,M,M,M,M,M
2010-12-05,M,M,M,M,M,M,M,M,M,25,0.00,M,M,M,M,M,M,M,M,M,M,M,M,M
2010-12-06,M,M,M,M,M,M,M,M,M,24,0.00,M,M,M,M,M,M,M,M,M,M,M,M,M
2010-12-07,M,M,M,M,M,M,M,M,M,23,0.01,M,M,T,M,M,M,M,M,M,M,M,M,M
2010-12-08,M,M,M,M,M,M,M,M,M,18,0.00,M,M,M,M,M,M,M,M,M,M,M,M,M
2010-12-09,M,M,M,M,M,M,M,M,M,7,0.00,M,M,M,M,M,M,M,M,M,M,M,M,M
2010-12-10,M,M,M,M,M,M,M,M,M,4,0.00,M,M,M,M,M,M,M,M,M,M,M,M,M
2010-12-11,M,M,M,M,M,M,M,M,M,26,0.01,M,M,T,M,M,M,M,M,M,M,M,M,M
2010-12-12,M,M,M,M,M,M,M,M,M,26,0.01,M,M,T,M,M,M,M,M,M,M,M,M,M
2010-12-13,M,M,M,M,M,M,M,M,M,37,1.22,M,M,M,M,M,M,M,M,M,M,M,M,M
2010-12-14,M,M,M,M,M,M,M,M,M,15,0.01,M,M,1.5,M,M,M,M,M,M,M,M,M,M
2010-12-15,M,M,M,M,M,M,M,M,M,-1,0.00,M,M,M,M,M,M,M,M,M,M,M,M,M
2010-12-16,M,M,M,M,M,M,M,M,M,10,0.00,M,M,M,M,M,M,M,M,M,M,M,M,M
2010-12-17,M,M,M,M,M,M,M,M,M,8,0.01,M,M,T,M,M,M,M,M,M,M,M,M,M
2010-12-18,M,M,M,M,M,M,M,M,M,23,0.00,M,M,M,M,M,M,M,M,M,M,M,M,M
2010-12-19,M,M,M,M,M,M,M,M,M,10,0.00,M,M,M,M,M,M,M,M,M,M,M,M,M
2010-12-20,M,M,M,M,M,M,M,M,M,11,0.00,M,M,M,M,M,M,M,M,M,M,M,M,M
2010-12-21,M,M,M,M,M,M,M,M,M,23,0.00,M,M,M,M,M,M,M,M,M,M,M,M,M
2010-12-22,M,M,M,M,M,M,M,M,M,28,0.00,M,M,M,M,M,M,M,M,M,M,M,M,M
2010-12-23,M,M,M,M,M,M,M,M,M,27,0.01,M,M,T,M,M,M,M,M,M,M,M,M,M
2010-12-24,M,M,M,M,M,M,M,M,M,24,0.00,M,M,M,M,M,M,M,M,M,M,M,M,M
2010-12-25,M,M,M,M,M,M,M,M,M,M,M,M,M,M,M,M,M,M,M,M,M,M,M,M
2010-12-26,M,M,M,M,M,M,M,M,M,M,M,M,M,M,M,M,M,M,M,M,M,M,M,M
2010-12-27,M,M,M,M,M,M,M,M,M,18,0.01,M,M,1.0,M,M,M,M,M,M,M,M,M,M
2010-12-28,M,M,M,M,M,M,M,M,M,16,0.00,M,M,M,M,M,M,M,M,M,M,M,M,M
2010-12-29,M,M,M,M,M,M,M,M,M,29,0.00,M,M,M,M,M,M,M,M,M,M,M,M,M
2010-12-30,M,M,M,M,M,M,M,M,M,16,0.00,M,M,M,M,M,M,M,M,M,M,M,M,M
2010-12-31,M,M,M,M,M,M,M,M,M,29,0.00,M,M,M,M,M,M,M,M,M,M,M,M,M
2011-01-01,M,M,M,M,M,M,M,M,M,35,0.00,M,M,M,M,M,M,M,M,M,M,M,M,M
2011-01-02,M,M,M,M,M,M,M,M,M,42,T,M,M,M,M,M,M,M,M,M,M,M,M,M
2011-01-03,M,M,M,M,M,M,M,M,M,23,0.00,M,M,M,M,M,M,M,M,M,M,M,M,M
2011-01-04,M,M,M,M,M,M,M,M,M,18,0.00,M,M,M,M,M,M,M,M,M,M,M,M,M
2011-01-05,M,M,M,M,M,M,M,M,M,16,M,M,M,T,M,M,M,M,M,M,M,M,M,M
2011-01-06,M,M,M,M,M,M,M,M,M,13,0.00,M,M,M,M,M,M,M,M,M,M,M,M,M
2011-01-07,M,M,M,M,M,M,M,M,M,18,M,M,M,T,M,M,M,M,M,M,M,M,M,M
2011-01-08,M,M,M,M,M,M,M,M,M,23,M,M,M,12.0,M,M,M,M,M,M,M,M,M,M
2011-01-09,M,M,M,M,M,M,M,M,M,18,M,M,M,T,M,M,M,M,M,M,M,M,M,M
2011-01-10,M,M,M,M,M,M,M,M,M,14,0.00,M,M,M,M,M,M,M,M,M,M,M,M,M
2011-01-11,M,M,M,M,M,M,M,M,M,14,0.00,M,M,M,M,M,M,M,M,M,M,M,M,M
2011-01-12,M,M,M,M,M,M,M,M,M,19,M,M,M,3.2,M,M,M,M,M,M,M,M,M,M
2011-01-13,M,M,M,M,M,M,M,M,M,18,M,M,M,3.5,M,M,M,M,M,M,M,M,M,M
2011-01-14,M,M,M,M,M,M,M,M,M,13,0.00,M,M,M,M,M,M,M,M,M,M,M,M,M
2011-01-15,M,M,M,M,M,M,M,M,M,-4,0.00,M,M,M,M,M,M,M,M,M,M,M,M,M
2011-01-16,M,M,M,M,M,M,M,M,M,18,M,M,M,3.8,M,M,M,M,M,M,M,M,M,M
2011-01-17,M,M,M,M,M,M,M,M,M,-0,0.00,M,M,M,M,M,M,M,M,M,M,M,M,M
2011-01-18,M,M,M,M,M,M,M,M,M,15,M,M,M,0.5,M,M,M,M,M,M,M,M,M,M
2011-01-19,M,M,M,M,M,M,M,M,M,28,M,M,M,7.0,M,M,M,M,M,M,M,M,M,M
2011-01-20,M,M,M,M,M,M,M,M,M,18,M,M,M,1.0,M,M,M,M,M,M,M,M,M,M
2011-01-21,M,M,M,M,M,M,M,M,M,18,M,M,M,2.3,M,M,M,M,M,M,M,M,M,M
2011-01-22,M,M,M,M,M,M,M,M,M,5,M,M,M,2.0,M,M,M,M,M,M,M,M,M,M
2011-01-23,M,M,M,M,M,M,M,M,M,6,M,M,M,0.4,M,M,M,M,M,M,M,M,M,M
2011-01-24,M,M,M,M,M,M,M,M,M,-18,M,M,M,T,M,M,M,M,M,M,M,M,M,M
2011-01-25,M,M,M,M,M,M,M,M,M,4,M,M,M,0.4,M,M,M,M,M,M,M,M,M,M
2011-01-26,M,M,M,M,M,M,M,M,M,17,0.00,M,M,M,M,M,M,M,M,M,M,M,M,M
2011-01-27,M,M,M,M,M,M,M,M,M,26,0.00,M,M,M,M,M,M,M,M,M,M,M,M,M
2011-01-28,M,M,M,M,M,M,M,M,M,15,0.00,M,M,M,M,M,M,M,M,M,M,M,M,M
2011-01-29,M,M,M,M,M,M,M,M,M,22,0.00,M,M,M,M,M,M,M,M,M,M,M,M,M
2011-01-30,M,M,M,M,M,M,M,M,M,M,M,M,M,M,M,M,M,M,M,M,M,M,M,M
2011-01-31,M,M,M,M,M,M,M,M,M,3,0.00,M,M,M,M,M,M,M,M,M,M,M,M,M
2011-02-01,M,M,M,M,M,M,M,M,M,9,0.00,M,M,M,M,M,M,M,M,M,M,M,M,M
2011-02-02,M,M,M,M,M,M,M,M,M,16,M,M,M,5.0,M,M,M,M,M,M,M,M,M,M
2011-02-03,M,M,M,M,M,M,M,M,M,11,M,M,M,4.3,M,M,M,M,M,M,M,M,M,M
2011-02-04,M,M,M,M,M,M,M,M,M,-3,0.00,M,M,M,M,M,M,M,M,M,M,M,M,M
2011-02-05,M,M,M,M,M,M,M,M,M,4,0.00,M,M,M,M,M,M,M,M,M,M,M,M,M
2011-02-06,M,M,M,M,M,M,M,M,M,29,M,M,M,3.0,M,M,M,M,M,M,M,M,M,M
2011-02-07,M,M,M,M,M,M,M,M,M,28,0.00,M,M,M,M,M,M,M,M,M,M,M,M,M
2011-02-08,M,M,M,M,M,M,M,M,M,32,M,M,M,1.3,M,M,M,M,M,M,M,M,M,M
2011-02-09,M,M,M,M,M,M,M,M,M,10,0.00,M,M,M,M,M,M,M,M,M,M,M,M,M
2011-02-10,M,M,M,M,M,M,M,M,M,7,0.00,M,M,M,M,M,M,M,M,M,M,M,M,M
2011-02-11,M,M,M,M,M,M,M,M,M,-7,0.00,M,M,M,M,M,M,M,M,M,M,M,M,M
2011-02-12,M,M,M,M,M,M,M,M,M,9,0.00,M,M,M,M,M,M,M,M,M,M,M,M,M
2011-02-13,M,M,M,M,M,M,M,M,M,15,M,M,M,T,M,M,M,M,M,M,M,M,M,M
2011-02-14,M,M,M,M,M,M,M,M,M,25,0.00,M,M,M,M,M,M,M,M,M,M,M,M,M
2011-02-15,M,M,M,M,M,M,M,M,M,14,T,M,M,M,M,M,M,M,M,M,M,M,M,M
2011-02-16,M,M,M,M,M,M,M,M,M,5,0.00,M,M,M,M,M,M,M,M,M,M,M,M,M
2011-02-17,M,M,M,M,M,M,M,M,M,19,0.00,M,M,M,M,M,M,M,M,M,M,M,M,M
2011-02-18,M,M,M,M,M,M,M,M,M,34,T,M,M,M,M,M,M,M,M,M,M,M,M,M
2011-02-19,M,M,M,M,M,M,M,M,M,27,0.00,M,M,M,M,M,M,M,M,M,M,M,M,M
2011-02-20,M,M,M,M,M,M,M,M,M,9,M,M,M,T,M,M,M,M,M,M,M,M,M,M
2011-02-21,M,M,M,M,M,M,M,M,M,18,M,M,M,2.5,M,M,M,M,M,M,M,M,M,M
2011-02-22,M,M,M,M,M,M,M,M,M,-2,M,M,M,0.5,M,M,M,M,M,M,M,M,M,M
2011-02-23,M,M,M,M,M,M,M,M,M,-2,0.00,M,M,M,M,M,M,M,M,M,M,M,M,M
2011-02-24,M,M,M,M,M,M,M,M,M,2,0.00,M,M,M,M,M,M,M,M,M,M,M,M,M
2011-02-25,M,M,M,M,M,M,M,M,M,30,M,M,M,T,M,M,M,M,M,M,M,M,M,M
2011-02-26,M,M,M,M,M,M,M,M,M,M,M,M,M,M,M,M,M,M,M,M,M,M,M,M
2011-02-27,M,M,M,M,M,M,M,M,M,20,M,M,M,3.3,M,M,M,M,M,M,M,M,M,M
2011-02-28,M,M,M,M,M,M,M,M,M,30,M,M,M,0.5,M,M,M,M,M,M,M,M,M,M
2011-03-01,M,M,M,M,M,M,M,M,M,21,0.62,M,M,M,M,M,M,M,M,M,M,M,M,M
2011-03-02,M,M,M,M,M,M,M,M,M,16,0.00,M,M,M,M,M,M,M,M,M,M,M,M,M
2011-03-03,M,M,M,M,M,M,M,M,M,1,0.00,M,M,M,M,M,M,M,M,M,M,M,M,M
2011-03-04,M,M,M,M,M,M,M,M,M,5,0.00,M,M,M,M,M,M,M,M,M,M,M,M,M
2011-03-05,M,M,M,M,M,M,M,M,M,32,0.01,M,M,T,M,M,M,M,M,M,M,M,M,M
2011-03-06,M,M,M,M,M,M,M,M,M,44,0.08,M,M,M,M,M,M,M,M,M,M,M,M,M
2011-03-07,M,M,M,M,M,M,M,M,M,28,0.46,M,M,10.5,M,M,M,M,M,M,M,M,M,M
2011-03-08,M,M,M,M,M,M,M,M,M,10,0.01,M,M,1.5,M,M,M,M,M,M,M,M,M,M
2011-03-09,M,M,M,M,M,M,M,M,M,13,0.00,M,M,M,M,M,M,M,M,M,M,M,M,M
2011-03-10,M,M,M,M,M,M,M,M,M,30,0.01,M,M,2.4,M,M,M,M,M,M,M,M,M,M
2011-03-11,M,M,M,M,M,M,M,M,M,37,1.45,M,M,2.5,M,M,M,M,M,M,M,M,M,M
2011-03-12,M,M,M,M,M,M,M,M,M,33,0.20,M,M,T,M,M,M,M,M,M,M,M,M,M
2011-03-13,M,M,M,M,M,M,M,M,M,39,0.05,M,M,M,M,M,M,M,M,M,M,M,M,M
2011-03-14,M,M,M,M,M,M,M,M,M,33,0.00,M,M,M,M,M,M,M,M,M,M,M,M,M
2011-03-15,M,M,M,M,M,M,M,M,M,20,0.01,M,M,T,M,M,M,M,M,M,M,M,M,M
2011-03-16,M,M,M,M,M,M,M,M,M,33,0.01,M,M,0.1,M,M,M,M,M,M,M,M,M,M
2011-03-17,M,M,M,M,M,M,M,M,M,33,0.10,M,M,M,M,M,M,M,M,M,M,M,M,M
2011-03-18,M,M,M,M,M,M,M,M,M,37,0.02,M,M,M,M,M,M,M,M,M,M,M,M,M
2011-03-19,M,M,M,M,M,M,M,M,M,35,T,M,M,M,M,M,M,M,M,M,M,M,M,M
2011-03-20,M,M,M,M,M,M,M,M,M,18,0.00,M,M,M,M,M,M,M,M,M,M,M,M,M
2011-03-21,M,M,M,M,M,M,M,M,M,31,0.00,M,M,M,M,M,M,M,M,M,M,M,M,M
2011-03-22,M,M,M,M,M,M,M,M,M,33,0.25,M,M,2.2,M,M,M,M,M,M,M,M,M,M
2011-03-23,M,M,M,M,M,M,M,M,M,26,0.01,M,M,T,M,M,M,M,M,M,M,M,M,M
2011-03-24,M,M,M,M,M,M,M,M,M,24,0.01,M,M,T,M,M,M,M,M,M,M,M,M,M
2011-03-25,M,M,M,M,M,M,M,M,M,20,0.00,M,M,M,M,M,M,M,M,M,M,M,M,M
2011-03-26,M,M,M,M,M,M,M,M,M,15,0.00,M,M,M,M,M,M,M,M,M,M,M,M,M
2011-03-27,M,M,M,M,M,M,M,M,M,14,0.00,M,M,M,M,M,M,M,M,M,M,M,M,M
2011-03-28,M,M,M,M,M,M,M,M,M,20,0.00,M,M,M,M,M,M,M,M,M,M,M,M,M
2011-03-29,M,M,M,M,M,M,M,M,M,21,0.00,M,M,M,M,M,M,M,M,M,M,M,M,M
2011-03-30,M,M,M,M,M,M,M,M,M,22,0.00,M,M,M,M,M,M,M,M,M,M,M,M,M
2011-03-31,M,M,M,M,M,M,M,M,M,34,0.00,M,M,M,M,M,M,M,M,M,M,M,M,M
2011-04-01,M,M,M,M,M,M,M,M,M,34,0.01,M,M,0.5,M,M,M,M,M,M,M,M,M,M
2011-04-02,M,M,M,M,M,M,M,M,M,31,0.30,M,M,1.0,M,M,M,M,M,M,M,M,M,M
2011-04-03,M,M,M,M,M,M,M,M,M,31,0.00,M,M,M,M,M,M,M,M,M,M,M,M,M
2011-04-04,M,M,M,M,M,M,M,M,M,34,0.00,M,M,M,M,M,M,M,M,M,M,M,M,M
2011-04-05,M,M,M,M,M,M,M,M,M,40,0.38,M,M,M,M,M,M,M,M,M,M,M,M,M
2011-04-06,M,M,M,M,M,M,M,M,M,27,0.20,M,M,M,M,M,M,M,M,M,M,M,M,M
2011-04-07,M,M,M,M,M,M,M,M,M,26,0.00,M,M,M,M,M,M,M,M,M,M,M,M,M
2011-04-08,M,M,M,M,M,M,M,M,M,26,0.00,M,M,M,M,M,M,M,M,M,M,M,M,M
2011-04-09,M,M,M,M,M,M,M,M,M,26,0.00,M,M,M,M,M,M,M,M,M,M,M,M,M
2011-04-10,M,M,M,M,M,M,M,M,M,32,0.00,M,M,M,M,M,M,M,M,M,M,M,M,M
2011-04-11,M,M,M,M,M,M,M,M,M,45,T,M,M,M,M,M,M,M,M,M,M,M,M,M
2011-04-12,M,M,M,M,M,M,M,M,M,49,0.07,M,M,M,M,M,M,M,M,M,M,M,M,M
2011-04-13,M,M,M,M,M,M,M,M,M,44,0.05,M,M,M,M,M,M,M,M,M,M,M,M,M
2011-04-14,M,M,M,M,M,M,M,M,M,41,0.28,M,M,M,M,M,M,M,M,M,M,M,M,M
2011-04-15,M,M,M,M,M,M,M,M,M,29,0.00,M,M,M,M,M,M,M,M,M,M,M,M,M
2011-04-16,M,M,M,M,M,M,M,M,M,M,M,M,M,M,M,M,M,M,M,M,M,M,M,M
2011-04-17,M,M,M,M,M,M,M,M,M,M,S,M,M,M,M,M,M,M,M,M,M,M,M,M
2011-04-18,M,M,M,M,M,M,M,M,M,M,M,M,M,M,M,M,M,M,M,M,M,M,M,M
2011-04-19,M,M,M,M,M,M,M,M,M,M,M,M,M,M,M,M,M,M,M,M,M,M,M,M
2011-04-20,M,M,M,M,M,M,M,M,M,M,M,M,M,M,M,M,M,M,M,M,M,M,M,M
2011-04-21,M,M,M,M,M,M,M,M,M,39,1.11A,M,M,M,M,M,M,M,M,M,M,M,M,M
2011-04-22,M,M,M,M,M,M,M,M,M,26,0.00,M,M,M,M,M,M,M,M,M,M,M,M,M
2011-04-23,M,M,M,M,M,M,M,M,M,34,0.01,M,M,T,M,M,M,M,M,M,M,M,M,M
2011-04-24,M,M,M,M,M,M,M,M,M,47,0.85,M,M,M,M,M,M,M,M,M,M,M,M,M
2011-04-25,M,M,M,M,M,M,M,M,M,41,T,M,M,M,M,M,M,M,M,M,M,M,M,M
2011-04-26,M,M,M,M,M,M,M,M,M,50,1.50,M,M,M,M,M,M,M,M,M,M,M,M,M
2011-04-27,M,M,M,M,M,M,M,M,M,58,0.20,M,M,M,M,M,M,M,M,M,M,M,M,M
2011-04-28,M,M,M,M,M,M,M,M,M,65,0.30,M,M,M,M,M,M,M,M,M,M,M,M,M
2011-04-29,M,M,M,M,M,M,M,M,M,41,1.46,M,M,M,M,M,M,M,M,M,M,M,M,M
2011-04-30,M,M,M,M,M,M,M,M,M,42,T,M,M,M,M,M,M,M,M,M,M,M,M,M
2011-05-01,M,M,M,M,M,M,M,M,M,42,0.00,M,M,M,M,M,M,M,M,M,M,M,M,M
2011-05-02,M,M,M,M,M,M,M,M,M,44,0.00,M,M,M,M,M,M,M,M,M,M,M,M,M
2011-05-03,M,M,M,M,M,M,M,M,M,53,0.00,M,M,M,M,M,M,M,M,M,M,M,M,M
2011-05-04,M,M,M,M,M,M,M,M,M,52,0.25,M,M,M,M,M,M,M,M,M,M,M,M,M
2011-05-05,M,M,M,M,M,M,M,M,M,42,0.72,M,M,M,M,M,M,M,M,M,M,M,M,M
2011-05-06,M,M,M,M,M,M,M,M,M,31,0.02,M,M,M,M,M,M,M,M,M,M,M,M,M
2011-05-07,M,M,M,M,M,M,M,M,M,41,0.00,M,M,M,M,M,M,M,M,M,M,M,M,M
2011-05-08,M,M,M,M,M,M,M,M,M,47,T,M,M,M,M,M,M,M,M,M,M,M,M,M
2011-05-09,M,M,M,M,M,M,M,M,M,42,T,M,M,M,M,M,M,M,M,M,M,M,M,M
2011-05-10,M,M,M,M,M,M,M,M,M,42,0.00,M,M,M,M,M,M,M,M,M,M,M,M,M
2011-05-11,M,M,M,M,M,M,M,M,M,46,0.00,M,M,M,M,M,M,M,M,M,M,M,M,M
2011-05-12,M,M,M,M,M,M,M,M,M,44,0.00,M,M,M,M,M,M,M,M,M,M,M,M,M
2011-05-13,M,M,M,M,M,M,M,M,M,49,0.00,M,M,M,M,M,M,M,M,M,M,M,M,M
2011-05-14,M,M,M,M,M,M,M,M,M,M,S,M,M,M,M,M,M,M,M,M,M,M,M,M
2011-05-15,M,M,M,M,M,M,M,M,M,M,M,M,M,M,M,M,M,M,M,M,M,M,M,M
2011-05-16,M,M,M,M,M,M,M,M,M,50,0.87A,M,M,M,M,M,M,M,M,M,M,M,M,M
2011-05-17,M,M,M,M,M,M,M,M,M,50,1.14,M,M,M,M,M,M,M,M,M,M,M,M,M
2011-05-18,M,M,M,M,M,M,M,M,M,55,0.06,M,M,M,M,M,M,M,M,M,M,M,M,M
2011-05-19,M,M,M,M,M,M,M,M,M,58,0.33,M,M,M,M,M,M,M,M,M,M,M,M,M
2011-05-20,M,M,M,M,M,M,M,M,M,58,0.79,M,M,M,M,M,M,M,M,M,M,M,M,M
2011-05-21,M,M,M,M,M,M,M,M,M,56,0.12,M,M,M,M,M,M,M,M,M,M,M,M,M
2011-05-22,M,M,M,M,M,M,M,M,M,57,0.05,M,M,M,M,M,M,M,M,M,M,M,M,M
2011-05-23,M,M,M,M,M,M,M,M,M,53,T,M,M,M,M,M,M,M,M,M,M,M,M,M
2011-05-24,M,M,M,M,M,M,M,M,M,61,0.15,M,M,M,M,M,M,M,M,M,M,M,M,M
2011-05-25,M,M,M,M,M,M,M,M,M,55,T,M,M,M,M,M,M,M,M,M,M,M,M,M
2011-05-26,M,M,M,M,M,M,M,M,M,59,0.03,M,M,M,M,M,M,M,M,M,M,M,M,M
2011-05-27,M,M,M,M,M,M,M,M,M,62,0.45,M,M,M,M,M,M,M,M,M,M,M,M,M
2011-05-28,M,M,M,M,M,M,M,M,M,59,0.46,M,M,M,M,M,M,M,M,M,M,M,M,M
2011-05-29,M,M,M,M,M,M,M,M,M,66,0.02,M,M,M,M,M,M,M,M,M,M,M,M,M
2011-05-30,M,M,M,M,M,M,M,M,M,69,0.00,M,M,M,M,M,M,M,M,M,M,M,M,M
2011-05-31,M,M,M,M,M,M,M,M,M,60,0.00,M,M,M,M,M,M,M,M,M,M,M,M,M
2011-06-01,M,M,M,M,M,M,M,M,M,68,0.00,M,M,M,M,M,M,M,M,M,M,M,M,M
2011-06-02,M,M,M,M,M,M,M,M,M,60,T,M,M,M,M,M,M,M,M,M,M,M,M,M
2011-06-03,M,M,M,M,M,M,M,M,M,47,T,M,M,M,M,M,M,M,M,M,M,M,M,M
2011-06-04,M,M,M,M,M,M,M,M,M,48,0.00,M,M,M,M,M,M,M,M,M,M,M,M,M
2011-06-05,M,M,M,M,M,M,M,M,M,49,0.00,M,M,M,M,M,M,M,M,M,M,M,M,M
2011-06-06,M,M,M,M,M,M,M,M,M,54,0.00,M,M,M,M,M,M,M,M,M,M,M,M,M
2011-06-07,M,M,M,M,M,M,M,M,M,57,0.00,M,M,M,M,M,M,M,M,M,M,M,M,M
2011-06-08,M,M,M,M,M,M,M,M,M,62,0.00,M,M,M,M,M,M,M,M,M,M,M,M,M
2011-06-09,M,M,M,M,M,M,M,M,M,65,T,M,M,M,M,M,M,M,M,M,M,M,M,M
2011-06-10,M,M,M,M,M,M,M,M,M,63,T,M,M,M,M,M,M,M,M,M,M,M,M,M
2011-06-11,M,M,M,M,M,M,M,M,M,58,0.10,M,M,M,M,M,M,M,M,M,M,M,M,M
2011-06-12,M,M,M,M,M,M,M,M,M,57,0.50,M,M,M,M,M,M,M,M,M,M,M,M,M
2011-06-13,M,M,M,M,M,M,M,M,M,50,0.26,M,M,M,M,M,M,M,M,M,M,M,M,M
2011-06-14,M,M,M,M,M,M,M,M,M,57,0.20,M,M,M,M,M,M,M,M,M,M,M,M,M
2011-06-15,M,M,M,M,M,M,M,M,M,52,T,M,M,M,M,M,M,M,M,M,M,M,M,M
2011-06-16,M,M,M,M,M,M,M,M,M,53,0.07,M,M,M,M,M,M,M,M,M,M,M,M,M
2011-06-17,M,M,M,M,M,M,M,M,M,60,T,M,M,M,M,M,M,M,M,M,M,M,M,M
2011-06-18,M,M,M,M,M,M,M,M,M,62,0.13,M,M,M,M,M,M,M,M,M,M,M,M,M
2011-06-19,M,M,M,M,M,M,M,M,M,51,0.00,M,M,M,M,M,M,M,M,M,M,M,M,M
2011-06-20,M,M,M,M,M,M,M,M,M,50,0.00,M,M,M,M,M,M,M,M,M,M,M,M,M
2011-06-21,M,M,M,M,M,M,M,M,M,55,0.00,M,M,M,M,M,M,M,M,M,M,M,M,M
2011-06-22,M,M,M,M,M,M,M,M,M,64,0.00,M,M,M,M,M,M,M,M,M,M,M,M,M
2011-06-23,M,M,M,M,M,M,M,M,M,64,1.44,M,M,M,M,M,M,M,M,M,M,M,M,M
2011-06-24,M,M,M,M,M,M,M,M,M,62,0.24,M,M,M,M,M,M,M,M,M,M,M,M,M
2011-06-25,M,M,M,M,M,M,M,M,M,59,1.47,M,M,M,M,M,M,M,M,M,M,M,M,M
2011-06-26,M,M,M,M,M,M,M,M,M,62,0.22,M,M,M,M,M,M,M,M,M,M,M,M,M
2011-06-27,M,M,M,M,M,M,M,M,M,M,S,M,M,M,M,M,M,M,M,M,M,M,M,M
2011-06-28,M,M,M,M,M,M,M,M,M,M,M,M,M,M,M,M,M,M,M,M,M,M,M,M
2011-06-29,M,M,M,M,M,M,M,M,M,62,1.01A,M,M,M,M,M,M,M,M,M,M,M,M,M
2011-06-30,M,M,M,M,M,M,M,M,M,58,0.00,M,M,M,M,M,M,M,M,M,M,M,M,M
2011-07-01,M,M,M,M,M,M,M,M,M,57,0.00,M,M,M,M,M,M,M,M,M,M,M,M,M
2011-07-02,M,M,M,M,M,M,M,M,M,58,0.00,M,M,M,M,M,M,M,M,M,M,M,M,M
2011-07-03,M,M,M,M,M,M,M,M,M,66,0.12,M,M,M,M,M,M,M,M,M,M,M,M,M
2011-07-04,M,M,M,M,M,M,M,M,M,64,0.03,M,M,M,M,M,M,M,M,M,M,M,M,M
2011-07-05,M,M,M,M,M,M,M,M,M,59,0.30,M,M,M,M,M,M,M,M,M,M,M,M,M
2011-07-06,M,M,M,M,M,M,M,M,M,62,0.00,M,M,M,M,M,M,M,M,M,M,M,M,M
2011-07-07,M,M,M,M,M,M,M,M,M,M,S,M,M,M,M,M,M,M,M,M,M,M,M,M
2011-07-08,M,M,M,M,M,M,M,M,M,59,0.22A,M,M,M,M,M,M,M,M,M,M,M,M,M
2011-07-09,M,M,M,M,M,M,M,M,M,63,T,M,M,M,M,M,M,M,M,M,M,M,M,M
2011-07-10,M,M,M,M,M,M,M,M,M,58,0.00,M,M,M,M,M,M,M,M,M,M,M,M,M
2011-07-11,M,M,M,M,M,M,M,M,M,64,0.00,M,M,M,M,M,M,M,M,M,M,M,M,M
2011-07-12,M,M,M,M,M,M,M,M,M,72,0.00,M,M,M,M,M,M,M,M,M,M,M,M,M
2011-07-13,M,M,M,M,M,M,M,M,M,65,0.00,M,M,M,M,M,M,M,M,M,M,M,M,M
2011-07-14,M,M,M,M,M,M,M,M,M,55,0.03,M,M,M,M,M,M,M,M,M,M,M,M,M
2011-07-15,M,M,M,M,M,M,M,M,M,56,0.00,M,M,M,M,M,M,M,M,M,M,M,M,M
2011-07-16,M,M,M,M,M,M,M,M,M,57,0.00,M,M,M,M,M,M,M,M,M,M,M,M,M
2011-07-17,M,M,M,M,M,M,M,M,M,59,0.00,M,M,M,M,M,M,M,M,M,M,M,M,M
2011-07-18,M,M,M,M,M,M,M,M,M,69,0.05,M,M,M,M,M,M,M,M,M,M,M,M,M
2011-07-19,M,M,M,M,M,M,M,M,M,66,0.16,M,M,M,M,M,M,M,M,M,M,M,M,M
2011-07-20,M,M,M,M,M,M,M,M,M,61,0.00,M,M,M,M,M,M,M,M,M,M,M,M,M
2011-07-21,M,M,M,M,M,M,M,M,M,69,0.00,M,M,M,M,M,M,M,M,M,M,M,M,M
2011-07-22,M,M,M,M,M,M,M,M,M,80,0.00,M,M,M,M,M,M,M,M,M,M,M,M,M
2011-07-23,M,M,M,M,M,M,M,M,M,69,0.00,M,M,M,M,M,M,M,M,M,M,M,M,M
2011-07-24,M,M,M,M,M,M,M,M,M,72,0.00,M,M,M,M,M,M,M,M,M,M,M,M,M
2011-07-25,M,M,M,M,M,M,M,M,M,60,0.00,M,M,M,M,M,M,M,M,M,M,M,M,M
2011-07-26,M,M,M,M,M,M,M,M,M,66,0.30,M,M,M,M,M,M,M,M,M,M,M,M,M
2011-07-27,M,M,M,M,M,M,M,M,M,59,0.03,M,M,M,M,M,M,M,M,M,M,M,M,M
2011-07-28,M,M,M,M,M,M,M,M,M,59,0.00,M,M,M,M,M,M,M,M,M,M,M,M,M
2011-07-29,M,M,M,M,M,M,M,M,M,71,T,M,M,M,M,M,M,M,M,M,M,M,M,M
2011-07-30,M,M,M,M,M,M,M,M,M,64,1.08,M,M,M,M,M,M,M,M,M,M,M,M,M
2011-07-31,M,M,M,M,M,M,M,M,M,61,0.00,M,M,M,M,M,M,M,M,M,M,M,M,M
2011-08-01,M,M,M,M,M,M,M,M,M,62,0.00,M,M,M,M,M,M,M,M,M,M,M,M,M
2011-08-02,M,M,M,M,M,M,M,M,M,64,0.00,M,M,M,M,M,M,M,M,M,M,M,M,M
2011-08-03,M,M,M,M,M,M,M,M,M,54,0.00,M,M,M,M,M,M,M,M,M,M,M,M,M
2011-08-04,M,M,M,M,M,M,M,M,M,63,0.00,M,M,M,M,M,M,M,M,M,M,M,M,M
2011-08-05,M,M,M,M,M,M,M,M,M,64,0.00,M,M,M,M,M,M,M,M,M,M,M,M,M
2011-08-06,M,M,M,M,M,M,M,M,M,67,0.00,M,M,M,M,M,M,M,M,M,M,M,M,M
2011-08-07,M,M,M,M,M,M,M,M,M,68,0.91,M,M,M,M,M,M,M,M,M,M,M,M,M
2011-08-08,M,M,M,M,M,M,M,M,M,69,T,M,M,M,M,M,M,M,M,M,M,M,M,M
2011-08-09,M,M,M,M,M,M,M,M,M,63,0.53,M,M,M,M,M,M,M,M,M,M,M,M,M
2011-08-10,M,M,M,M,M,M,M,M,M,64,0.53,M,M,M,M,M,M,M,M,M,M,M,M,M
2011-08-11,M,M,M,M,M,M,M,M,M,58,0.05,M,M,M,M,M,M,M,M,M,M,M,M,M
2011-08-12,M,M,M,M,M,M,M,M,M,53,T,M,M,M,M,M,M,M,M,M,M,M,M,M
2011-08-13,M,M,M,M,M,M,M,M,M,54,0.00,M,M,M,M,M,M,M,M,M,M,M,M,M
2011-08-14,M,M,M,M,M,M,M,M,M,66,0.00,M,M,M,M,M,M,M,M,M,M,M,M,M
2011-08-15,M,M,M,M,M,M,M,M,M,64,0.77,M,M,M,M,M,M,M,M,M,M,M,M,M
2011-08-16,M,M,M,M,M,M,M,M,M,60,1.20,M,M,M,M,M,M,M,M,M,M,M,M,M
2011-08-17,M,M,M,M,M,M,M,M,M,58,0.10,M,M,M,M,M,M,M,M,M,M,M,M,M
2011-08-18,M,M,M,M,M,M,M,M,M,58,0.00,M,M,M,M,M,M,M,M,M,M,M,M,M
2011-08-19,M,M,M,M,M,M,M,M,M,64,0.00,M,M,M,M,M,M,M,M,M,M,M,M,M
2011-08-20,M,M,M,M,M,M,M,M,M,61,T,M,M,M,M,M,M,M,M,M,M,M,M,M
2011-08-21,M,M,M,M,M,M,M,M,M,62,0.00,M,M,M,M,M,M,M,M,M,M,M,M,M
2011-08-22,M,M,M,M,M,M,M,M,M,60,0.14,M,M,M,M,M,M,M,M,M,M,M,M,M
2011-08-23,M,M,M,M,M,M,M,M,M,52,0.00,M,M,M,M,M,M,M,M,M,M,M,M,M
2011-08-24,M,M,M,M,M,M,M,M,M,51,0.00,M,M,M,M,M,M,M,M,M,M,M,M,M
2011-08-25,M,M,M,M,M,M,M,M,M,65,T,M,M,M,M,M,M,M,M,M,M,M,M,M
2011-08-26,M,M,M,M,M,M,M,M,M,61,0.30,M,M,M,M,M,M,M,M,M,M,M,M,M
2011-08-27,M,M,M,M,M,M,M,M,M,61,0.00,M,M,M,M,M,M,M,M,M,M,M,M,M
2011-08-28,M,M,M,M,M,M,M,M,M,64,1.18,M,M,M,M,M,M,M,M,M,M,M,M,M
2011-08-29,M,M,M,M,M,M,M,M,M,55,3.52,M,M,M,M,M,M,M,M,M,M,M,M,M
2011-08-30,M,M,M,M,M,M,M,M,M,50,0.00,M,M,M,M,M,M,M,M,M,M,M,M,M
2011-08-31,M,M,M,M,M,M,M,M,M,54,0.00,M,M,M,M,M,M,M,M,M,M,M,M,M
2011-09-01,M,M,M,M,M,M,M,M,M,58,0.00,M,M,M,M,M,M,M,M,M,M,M,M,M
2011-09-02,M,M,M,M,M,M,M,M,M,61,T,M,M,M,M,M,M,M,M,M,M,M,M,M
2011-09-03,M,M,M,M,M,M,M,M,M,63,0.00,M,M,M,M,M,M,M,M,M,M,M,M,M
2011-09-04,M,M,M,M,M,M,M,M,M,70,0.00,M,M,M,M,M,M,M,M,M,M,M,M,M
2011-09-05,M,M,M,M,M,M,M,M,M,67,0.85,M,M,M,M,M,M,M,M,M,M,M,M,M
2011-09-06,M,M,M,M,M,M,M,M,M,59,1.20,M,M,M,M,M,M,M,M,M,M,M,M,M
2011-09-07,M,M,M,M,M,M,M,M,M,58,0.30,M,M,M,M,M,M,M,M,M,M,M,M,M
2011-09-08,M,M,M,M,M,M,M,M,M,60,1.95,M,M,M,M,M,M,M,M,M,M,M,M,M
2011-09-09,M,M,M,M,M,M,M,M,M,62,0.05,M,M,M,M,M,M,M,M,M,M,M,M,M
2011-09-10,M,M,M,M,M,M,M,M,M,M,S,M,M,M,M,M,M,M,M,M,M,M,M,M
2011-09-11,M,M,M,M,M,M,M,M,M,M,M,M,M,M,M,M,M,M,M,M,M,M,M,M
2011-09-12,M,M,M,M,M,M,M,M,M,61,0.00A,M,M,M,M,M,M,M,M,M,M,M,M,M
2011-09-13,M,M,M,M,M,M,M,M,M,58,0.00,M,M,M,M,M,M,M,M,M,M,M,M,M
2011-09-14,M,M,M,M,M,M,M,M,M,60,0.05,M,M,M,M,M,M,M,M,M,M,M,M,M
2011-09-15,M,M,M,M,M,M,M,M,M,60,0.00,M,M,M,M,M,M,M,M,M,M,M,M,M
2011-09-16,M,M,M,M,M,M,M,M,M,37,0.43,M,M,M,M,M,M,M,M,M,M,M,M,M
2011-09-17,M,M,M,M,M,M,M,M,M,38,0.00,M,M,M,M,M,M,M,M,M,M,M,M,M
2011-09-18,M,M,M,M,M,M,M,M,M,41,0.00,M,M,M,M,M,M,M,M,M,M,M,M,M
2011-09-19,M,M,M,M,M,M,M,M,M,42,0.00,M,M,M,M,M,M,M,M,M,M,M,M,M
2011-09-20,M,M,M,M,M,M,M,M,M,52,0.08,M,M,M,M,M,M,M,M,M,M,M,M,M
2011-09-21,M,M,M,M,M,M,M,M,M,52,0.16,M,M,M,M,M,M,M,M,M,M,M,M,M
2011-09-22,M,M,M,M,M,M,M,M,M,63,T,M,M,M,M,M,M,M,M,M,M,M,M,M
2011-09-23,M,M,M,M,M,M,M,M,M,M,S,M,M,M,M,M,M,M,M,M,M,M,M,M
2011-09-24,M,M,M,M,M,M,M,M,M,M,M,M,M,M,M,M,M,M,M,M,M,M,M,M
2011-09-25,M,M,M,M,M,M,M,M,M,M,M,M,M,M,M,M,M,M,M,M,M,M,M,M
2011-09-26,M,M,M,M,M,M,M,M,M,59,1.61A,M,M,M,M,M,M,M,M,M,M,M,M,M
2011-09-27,M,M,M,M,M,M,M,M,M,59,0.00,M,M,M,M,M,M,M,M,M,M,M,M,M
2011-09-28,M,M,M,M,M,M,M,M,M,65,0.03,M,M,M,M,M,M,M,M,M,M,M,M,M
2011-09-29,M,M,M,M,M,M,M,M,M,62,0.08,M,M,M,M,M,M,M,M,M,M,M,M,M
2011-09-30,M,M,M,M,M,M,M,M,M,53,1.48,M,M,M,M,M,M,M,M,M,M,M,M,M
2011-10-01,M,M,M,M,M,M,M,M,M,55,0.04,M,M,M,M,M,M,M,M,M,M,M,M,M
2011-10-02,M,M,M,M,M,M,M,M,M,47,0.20,M,M,M,M,M,M,M,M,M,M,M,M,M
2011-10-03,M,M,M,M,M,M,M,M,M,52,0.10,M,M,M,M,M,M,M,M,M,M,M,M,M
2011-10-04,M,M,M,M,M,M,M,M,M,50,T,M,M,M,M,M,M,M,M,M,M,M,M,M
2011-10-05,M,M,M,M,M,M,M,M,M,47,0.06,M,M,M,M,M,M,M,M,M,M,M,M,M
2011-10-06,M,M,M,M,M,M,M,M,M,32,0.00,M,M,M,M,M,M,M,M,M,M,M,M,M
2011-10-07,M,M,M,M,M,M,M,M,M,37,0.00,M,M,M,M,M,M,M,M,M,M,M,M,M
2011-10-08,M,M,M,M,M,M,M,M,M,42,0.00,M,M,M,M,M,M,M,M,M,M,M,M,M
2011-10-09,M,M,M,M,M,M,M,M,M,46,0.00,M,M,M,M,M,M,M,M,M,M,M,M,M
2011-10-10,M,M,M,M,M,M,M,M,M,50,0.00,M,M,M,M,M,M,M,M,M,M,M,M,M
2011-10-11,M,M,M,M,M,M,M,M,M,52,0.00,M,M,M,M,M,M,M,M,M,M,M,M,M
2011-10-12,M,M,M,M,M,M,M,M,M,50,0.00,M,M,M,M,M,M,M,M,M,M,M,M,M
2011-10-13,M,M,M,M,M,M,M,M,M,52,0.30,M,M,M,M,M,M,M,M,M,M,M,M,M
2011-10-14,M,M,M,M,M,M,M,M,M,59,0.70,M,M,M,M,M,M,M,M,M,M,M,M,M
2011-10-15,M,M,M,M,M,M,M,M,M,50,1.25,M,M,M,M,M,M,M,M,M,M,M,M,M
2011-10-16,M,M,M,M,M,M,M,M,M,49,0.20,M,M,M,M,M,M,M,M,M,M,M,M,M
2011-10-17,M,M,M,M,M,M,M,M,M,43,0.17,M,M,M,M,M,M,M,M,M,M,M,M,M
2011-10-18,M,M,M,M,M,M,M,M,M,44,0.00,M,M,M,M,M,M,M,M,M,M,M,M,M
2011-10-19,M,M,M,M,M,M,M,M,M,47,T,M,M,M,M,M,M,M,M,M,M,M,M,M
2011-10-20,M,M,M,M,M,M,M,M,M,54,0.10,M,M,M,M,M,M,M,M,M,M,M,M,M
2011-10-21,M,M,M,M,M,M,M,M,M,47,0.05,M,M,M,M,M,M,M,M,M,M,M,M,M
2011-10-22,M,M,M,M,M,M,M,M,M,M,M,M,M,M,M,M,M,M,M,M,M,M,M,M
2011-10-23,M,M,M,M,M,M,M,M,M,M,M,M,M,M,M,M,M,M,M,M,M,M,M,M
2011-10-24,M,M,M,M,M,M,M,M,M,35,0.00,M,M,M,M,M,M,M,M,M,M,M,M,M
2011-10-25,M,M,M,M,M,M,M,M,M,37,0.09,M,M,M,M,M,M,M,M,M,M,M,M,M
2011-10-26,M,M,M,M,M,M,M,M,M,39,T,M,M,M,M,M,M,M,M,M,M,M,M,M
2011-10-27,M,M,M,M,M,M,M,M,M,40,0.30,M,M,M,M,M,M,M,M,M,M,M,M,M
2011-10-28,M,M,M,M,M,M,M,M,M,27,0.10,M,M,0.5,M,M,M,M,M,M,M,M,M,M
2011-10-29,M,M,M,M,M,M,M,M,M,31,0.00,M,M,M,M,M,M,M,M,M,M,M,M,M
2011-10-30,M,M,M,M,M,M,M,M,M,33,0.01,M,M,1.2,M,M,M,M,M,M,M,M,M,M
2011-10-31,M,M,M,M,M,M,M,M,M,26,0.00,M,M,M,M,M,M,M,M,M,M,M,M,M
2011-11-01,M,M,M,M,M,M,M,M,M,29,0.00,M,M,M,M,M,M,M,M,M,M,M,M,M
2011-11-02,M,M,M,M,M,M,M,M,M,31,0.00,M,M,M,M,M,M,M,M,M,M,M,M,M
2011-11-03,M,M,M,M,M,M,M,M,M,30,0.00,M,M,M,M,M,M,M,M,M,M,M,M,M
2011-11-04,M,M,M,M,M,M,M,M,M,39,0.00,M,M,M,M,M,M,M,M,M,M,M,M,M
2011-11-05,M,M,M,M,M,M,M,M,M,25,0.00,M,M,M,M,M,M,M,M,M,M,M,M,M
2011-11-06,M,M,M,M,M,M,M,M,M,22,0.00,M,M,M,M,M,M,M,M,M,M,M,M,M
2011-11-07,M,M,M,M,M,M,M,M,M,25,0.00,M,M,M,M,M,M,M,M,M,M,M,M,M
2011-11-08,M,M,M,M,M,M,M,M,M,35,0.00,M,M,M,M,M,M,M,M,M,M,M,M,M
2011-11-09,M,M,M,M,M,M,M,M,M,39,0.00,M,M,M,M,M,M,M,M,M,M,M,M,M
2011-11-10,M,M,M,M,M,M,M,M,M,54,0.00,M,M,M,M,M,M,M,M,M,M,M,M,M
2011-11-11,M,M,M,M,M,M,M,M,M,36,0.10,M,M,M,M,M,M,M,M,M,M,M,M,M
2011-11-12,M,M,M,M,M,M,M,M,M,33,0.00,M,M,M,M,M,M,M,M,M,M,M,M,M
2011-11-13,M,M,M,M,M,M,M,M,M,29,0.00,M,M,M,M,M,M,M,M,M,M,M,M,M
2011-11-14,M,M,M,M,M,M,M,M,M,45,0.00,M,M,M,M,M,M,M,M,M,M,M,M,M
2011-11-15,M,M,M,M,M,M,M,M,M,54,0.54,M,M,M,M,M,M,M,M,M,M,M,M,M
2011-11-16,M,M,M,M,M,M,M,M,M,36,0.00,M,M,M,M,M,M,M,M,M,M,M,M,M
2011-11-17,M,M,M,M,M,M,M,M,M,39,0.04,M,M,M,M,M,M,M,M,M,M,M,M,M
2011-11-18,M,M,M,M,M,M,M,M,M,31,T,M,M,M,M,M,M,M,M,M,M,M,M,M
2011-11-19,M,M,M,M,M,M,M,M,M,30,T,M,M,M,M,M,M,M,M,M,M,M,M,M
2011-11-20,M,M,M,M,M,M,M,M,M,41,0.00,M,M,M,M,M,M,M,M,M,M,M,M,M
2011-11-21,M,M,M,M,M,M,M,M,M,38,0.00,M,M,M,M,M,M,M,M,M,M,M,M,M
2011-11-22,M,M,M,M,M,M,M,M,M,22,0.00,M,M,M,M,M,M,M,M,M,M,M,M,M
2011-11-23,M,M,M,M,M,M,M,M,M,33,0.01,M,M,5.2,M,M,M,M,M,M,M,M,M,M
2011-11-24,M,M,M,M,M,M,M,M,M,31,0.25,M,M,M,M,M,M,M,M,M,M,M,M,M
2011-11-25,M,M,M,M,M,M,M,M,M,30,0.00,M,M,M,M,M,M,M,M,M,M,M,M,M
2011-11-26,M,M,M,M,M,M,M,M,M,31,0.00,M,M,M,M,M,M,M,M,M,M,M,M,M
2011-11-27,M,M,M,M,M,M,M,M,M,30,0.00,M,M,M,M,M,M,M,M,M,M,M,M,M
2011-11-28,M,M,M,M,M,M,M,M,M,46,0.00,M,M,M,M,M,M,M,M,M,M,M,M,M
2011-11-29,M,M,M,M,M,M,M,M,M,44,0.00,M,M,M,M,M,M,M,M,M,M,M,M,M
2011-11-30,M,M,M,M,M,M,M,M,M,48,0.40,M,M,M,M,M,M,M,M,M,M,M,M,M
2011-12-01,M,M,M,M,M,M,M,M,M,28,T,M,M,M,M,M,M,M,M,M,M,M,M,M
2011-12-02,M,M,M,M,M,M,M,M,M,24,0.00,M,M,M,M,M,M,M,M,M,M,M,M,M
2011-12-03,M,M,M,M,M,M,M,M,M,24,0.00,M,M,M,M,M,M,M,M,M,M,M,M,M
2011-12-04,M,M,M,M,M,M,M,M,M,27,0.00,M,M,M,M,M,M,M,M,M,M,M,M,M
2011-12-05,M,M,M,M,M,M,M,M,M,31,0.00,M,M,M,M,M,M,M,M,M,M,M,M,M
2011-12-06,M,M,M,M,M,M,M,M,M,48,0.16,M,M,M,M,M,M,M,M,M,M,M,M,M
2011-12-07,M,M,M,M,M,M,M,M,M,37,0.40,M,M,M,M,M,M,M,M,M,M,M,M,M
2011-12-08,M,M,M,M,M,M,M,M,M,32,0.60,M,M,T,M,M,M,M,M,M,M,M,M,M
2011-12-09,M,M,M,M,M,M,M,M,M,M,M,M,M,M,M,M,M,M,M,M,M,M,M,M
2011-12-10,M,M,M,M,M,M,M,M,M,33,0.00,M,M,M,M,M,M,M,M,M,M,M,M,M
2011-12-11,M,M,M,M,M,M,M,M,M,20,0.00,M,M,M,M,M,M,M,M,M,M,M,M,M
2011-12-12,M,M,M,M,M,M,M,M,M,20,0.00,M,M,M,M,M,M,M,M,M,M,M,M,M
2011-12-13,M,M,M,M,M,M,M,M,M,20,0.00,M,M,M,M,M,M,M,M,M,M,M,M,M
2011-12-14,M,M,M,M,M,M,M,M,M,32,0.00,M,M,M,M,M,M,M,M,M,M,M,M,M
2011-12-15,M,M,M,M,M,M,M,M,M,39,0.05,M,M,M,M,M,M,M,M,M,M,M,M,M
2011-12-16,M,M,M,M,M,M,M,M,M,39,0.28,M,M,M,M,M,M,M,M,M,M,M,M,M
2011-12-17,M,M,M,M,M,M,M,M,M,34,0.00,M,M,M,M,M,M,M,M,M,M,M,M,M
2011-12-18,M,M,M,M,M,M,M,M,M,11,0.00,M,M,M,M,M,M,M,M,M,M,M,M,M
2011-12-19,M,M,M,M,M,M,M,M,M,17,0.00,M,M,M,M,M,M,M,M,M,M,M,M,M
2011-12-20,M,M,M,M,M,M,M,M,M,32,T,M,M,M,M,M,M,M,M,M,M,M,M,M
2011-12-21,M,M,M,M,M,M,M,M,M,29,0.01,M,M,T,M,M,M,M,M,M,M,M,M,M
2011-12-22,M,M,M,M,M,M,M,M,M,42,0.44,M,M,M,M,M,M,M,M,M,M,M,M,M
2011-12-23,M,M,M,M,M,M,M,M,M,35,0.38,M,M,M,M,M,M,M,M,M,M,M,M,M
2011-12-24,M,M,M,M,M,M,M,M,M,M,M,M,M,M,M,M,M,M,M,M,M,M,M,M
2011-12-25,M,M,M,M,M,M,M,M,M,M,M,M,M,M,M,M,M,M,M,M,M,M,M,M
2011-12-26,M,M,M,M,M,M,M,M,M,34,M,M,M,T,M,M,M,M,M,M,M,M,M,M
2011-12-27,M,M,M,M,M,M,M,M,M,24,0.00,M,M,M,M,M,M,M,M,M,M,M,M,M
2011-12-28,M,M,M,M,M,M,M,M,M,37,0.98,M,M,M,M,M,M,M,M,M,M,M,M,M
2011-12-29,M,M,M,M,M,M,M,M,M,13,T,M,M,T,M,M,M,M,M,M,M,M,M,M
2011-12-30,M,M,M,M,M,M,M,M,M,23,0.01,M,M,T,M,M,M,M,M,M,M,M,M,M
2011-12-31,M,M,M,M,M,M,M,M,M,32,T,M,M,T,M,M,M,M,M,M,M,M,M,M
2012-01-01,M,M,M,M,M,M,M,M,M,M,M,M,M,M,M,M,M,M,M,M,M,M,M,M
2012-01-02,M,M,M,M,M,M,M,M,M,35,0.16,M,M,M,M,M,M,M,M,M,M,M,M,M
2012-01-03,M,M,M,M,M,M,M,M,M,19,0.01,M,M,T,M,M,M,M,M,M,M,M,M,M
2012-01-04,M,M,M,M,M,M,M,M,M,2,0.00,M,M,M,M,M,M,M,M,M,M,M,M,M
2012-01-05,M,M,M,M,M,M,M,M,M,20,0.01,M,M,T,M,M,M,M,M,M,M,M,M,M
2012-01-06,M,M,M,M,M,M,M,M,M,24,0.01,M,M,0.5,M,M,M,M,M,M,M,M,M,M
2012-01-07,M,M,M,M,M,M,M,M,M,28,0.00,M,M,M,M,M,M,M,M,M,M,M,M,M
2012-01-08,M,M,M,M,M,M,M,M,M,34,0.00,M,M,M,M,M,M,M,M,M,M,M,M,M
2012-01-09,M,M,M,M,M,M,M,M,M,22,0.00,M,M,M,M,M,M,M,M,M,M,M,M,M
2012-01-10,M,M,M,M,M,M,M,M,M,27,0.00,M,M,M,M,M,M,M,M,M,M,M,M,M
2012-01-11,M,M,M,M,M,M,M,M,M,26,0.00,M,M,M,M,M,M,M,M,M,M,M,M,M
2012-01-12,M,M,M,M,M,M,M,M,M,30,0.01,M,M,1.5,M,M,M,M,M,M,M,M,M,M
2012-01-13,M,M,M,M,M,M,M,M,M,33,T,M,M,2.5,M,M,M,M,M,M,M,M,M,M
2012-01-14,M,M,M,M,M,M,M,M,M,22,T,M,M,T,M,M,M,M,M,M,M,M,M,M
2012-01-15,M,M,M,M,M,M,M,M,M,-4,0.00,M,M,M,M,M,M,M,M,M,M,M,M,M
2012-01-16,M,M,M,M,M,M,M,M,M,-4,0.00,M,M,M,M,M,M,M,M,M,M,M,M,M
2012-01-17,M,M,M,M,M,M,M,M,M,27,T,M,M,0.8,M,M,M,M,M,M,M,M,M,M
2012-01-18,M,M,M,M,M,M,M,M,M,30,T,M,M,T,M,M,M,M,M,M,M,M,M,M
2012-01-19,M,M,M,M,M,M,M,M,M,4,0.00,M,M,M,M,M,M,M,M,M,M,M,M,M
2012-01-20,M,M,M,M,M,M,M,M,M,19,0.01,M,M,3.5,M,M,M,M,M,M,M,M,M,M
2012-01-21,M,M,M,M,M,M,M,M,M,13,0.01,M,M,0.5,M,M,M,M,M,M,M,M,M,M
2012-01-22,M,M,M,M,M,M,M,M,M,-0,0.00,M,M,M,M,M,M,M,M,M,M,M,M,M
2012-01-23,M,M,M,M,M,M,M,M,M,26,0.00,M,M,M,M,M,M,M,M,M,M,M,M,M
2012-01-24,M,M,M,M,M,M,M,M,M,36,0.40,M,M,M,M,M,M,M,M,M,M,M,M,M
2012-01-25,M,M,M,M,M,M,M,M,M,31,0.00,M,M,M,M,M,M,M,M,M,M,M,M,M
2012-01-26,M,M,M,M,M,M,M,M,M,30,0.01,M,M,0.5,M,M,M,M,M,M,M,M,M,M
2012-01-27,M,M,M,M,M,M,M,M,M,32,0.25,M,M,2.0,M,M,M,M,M,M,M,M,M,M
2012-01-28,M,M,M,M,M,M,M,M,M,32,0.60,M,M,M,M,M,M,M,M,M,M,M,M,M
2012-01-29,M,M,M,M,M,M,M,M,M,28,0.05,M,M,M,M,M,M,M,M,M,M,M,M,M
2012-01-30,M,M,M,M,M,M,M,M,M,28,0.01,M,M,T,M,M,M,M,M,M,M,M,M,M
2012-01-31,M,M,M,M,M,M,M,M,M,25,0.01,M,M,1.3,M,M,M,M,M,M,M,M,M,M
2012-02-01,M,M,M,M,M,M,M,M,M,32,T,M,M,M,M,M,M,M,M,M,M,M,M,M
2012-02-02,M,M,M,M,M,M,M,M,M,35,0.15,M,M,M,M,M,M,M,M,M,M,M,M,M
2012-02-03,M,M,M,M,M,M,M,M,M,17,0.00,M,M,M,M,M,M,M,M,M,M,M,M,M
2012-02-04,M,M,M,M,M,M,M,M,M,31,0.00,M,M,M,M,M,M,M,M,M,M,M,M,M
2012-02-05,M,M,M,M,M,M,M,M,M,12,0.00,M,M,M,M,M,M,M,M,M,M,M,M,M
2012-02-06,M,M,M,M,M,M,M,M,M,22,0.00,M,M,M,M,M,M,M,M,M,M,M,M,M
2012-02-07,M,M,M,M,M,M,M,M,M,35,0.00,M,M,M,M,M,M,M,M,M,M,M,M,M
2012-02-08,M,M,M,M,M,M,M,M,M,14,0.00,M,M,M,M,M,M,M,M,M,M,M,M,M
2012-02-09,M,M,M,M,M,M,M,M,M,23,0.00,M,M,M,M,M,M,M,M,M,M,M,M,M
2012-02-10,M,M,M,M,M,M,M,M,M,18,0.00,M,M,M,M,M,M,M,M,M,M,M,M,M
2012-02-11,M,M,M,M,M,M,M,M,M,28,T,M,M,T,M,M,M,M,M,M,M,M,M,M
2012-02-12,M,M,M,M,M,M,M,M,M,8,0.00,M,M,M,M,M,M,M,M,M,M,M,M,M
2012-02-13,M,M,M,M,M,M,M,M,M,17,0.00,M,M,M,M,M,M,M,M,M,M,M,M,M
2012-02-14,M,M,M,M,M,M,M,M,M,22,0.00,M,M,M,M,M,M,M,M,M,M,M,M,M
2012-02-15,M,M,M,M,M,M,M,M,M,30,0.00,M,M,M,M,M,M,M,M,M,M,M,M,M
2012-02-16,M,M,M,M,M,M,M,M,M,26,0.00,M,M,M,M,M,M,M,M,M,M,M,M,M
2012-02-17,M,M,M,M,M,M,M,M,M,32,0.05,M,M,T,M,M,M,M,M,M,M,M,M,M
2012-02-18,M,M,M,M,M,M,M,M,M,28,T,M,M,M,M,M,M,M,M,M,M,M,M,M
2012-02-19,M,M,M,M,M,M,M,M,M,20,0.00,M,M,M,M,M,M,M,M,M,M,M,M,M
2012-02-20,M,M,M,M,M,M,M,M,M,20,0.00,M,M,M,M,M,M,M,M,M,M,M,M,M
2012-02-21,M,M,M,M,M,M,M,M,M,M,S,M,M,M,M,M,M,M,M,M,M,M,M,M
2012-02-22,M,M,M,M,M,M,M,M,M,M,M,M,M,M,M,M,M,M,M,M,M,M,M,M
2012-02-23,M,M,M,M,M,M,M,M,M,31,0.16A,M,M,M,M,M,M,M,M,M,M,M,M,M
2012-02-24,M,M,M,M,M,M,M,M,M,29,0.00,M,M,M,M,M,M,M,M,M,M,M,M,M
2012-02-25,M,M,M,M,M,M,M,M,M,30,0.20,M,M,1.0,M,M,M,M,M,M,M,M,M,M
2012-02-26,M,M,M,M,M,M,M,M,M,16,0.00,M,M,M,M,M,M,M,M,M,M,M,M,M
2012-02-27,M,M,M,M,M,M,M,M,M,18,0.00,M,M,M,M,M,M,M,M,M,M,M,M,M
2012-02-28,M,M,M,M,M,M,M,M,M,33,0.00,M,M,M,M,M,M,M,M,M,M,M,M,M
2012-02-29,M,M,M,M,M,M,M,M,M,26,0.01,M,M,T,M,M,M,M,M,M,M,M,M,M
2012-03-01,M,M,M,M,M,M,M,M,M,30,0.01,M,M,6.5,M,M,M,M,M,M,M,M,M,M
2012-03-02,M,M,M,M,M,M,M,M,M,28,0.01,M,M,2.5,M,M,M,M,M,M,M,M,M,M
2012-03-03,M,M,M,M,M,M,M,M,M,32,T,M,M,T,M,M,M,M,M,M,M,M,M,M
2012-03-04,M,M,M,M,M,M,M,M,M,29,0.00,M,M,M,M,M,M,M,M,M,M,M,M,M
2012-03-05,M,M,M,M,M,M,M,M,M,18,T,M,M,T,M,M,M,M,M,M,M,M,M,M
2012-03-06,M,M,M,M,M,M,M,M,M,5,0.00,M,M,M,M,M,M,M,M,M,M,M,M,M
2012-03-07,M,M,M,M,M,M,M,M,M,21,0.00,M,M,M,M,M,M,M,M,M,M,M,M,M
2012-03-08,M,M,M,M,M,M,M,M,M,37,0.00,M,M,M,M,M,M,M,M,M,M,M,M,M
2012-03-09,M,M,M,M,M,M,M,M,M,31,0.30,M,M,M,M,M,M,M,M,M,M,M,M,M
2012-03-10,M,M,M,M,M,M,M,M,M,23,T,M,M,M,M,M,M,M,M,M,M,M,M,M
2012-03-11,M,M,M,M,M,M,M,M,M,20,T,M,M,M,M,M,M,M,M,M,M,M,M,M
2012-03-12,M,M,M,M,M,M,M,M,M,28,0.00,M,M,M,M,M,M,M,M,M,M,M,M,M
2012-03-13,M,M,M,M,M,M,M,M,M,42,T,M,M,M,M,M,M,M,M,M,M,M,M,M
2012-03-14,M,M,M,M,M,M,M,M,M,31,0.00,M,M,M,M,M,M,M,M,M,M,M,M,M
2012-03-15,M,M,M,M,M,M,M,M,M,30,0.00,M,M,M,M,M,M,M,M,M,M,M,M,M
2012-03-16,M,M,M,M,M,M,M,M,M,40,0.25,M,M,M,M,M,M,M,M,M,M,M,M,M
2012-03-17,M,M,M,M,M,M,M,M,M,M,M,M,M,M,M,M,M,M,M,M,M,M,M,M
2012-03-18,M,M,M,M,M,M,M,M,M,M,S,M,M,M,M,M,M,M,M,M,M,M,M,M
2012-03-19,M,M,M,M,M,M,M,M,M,44,0.00A,M,M,M,M,M,M,M,M,M,M,M,M,M
2012-03-20,M,M,M,M,M,M,M,M,M,48,0.00,M,M,M,M,M,M,M,M,M,M,M,M,M
2012-03-21,M,M,M,M,M,M,M,M,M,43,0.00,M,M,M,M,M,M,M,M,M,M,M,M,M
2012-03-22,M,M,M,M,M,M,M,M,M,44,0.00,M,M,M,M,M,M,M,M,M,M,M,M,M
2012-03-23,M,M,M,M,M,M,M,M,M,M,S,M,M,M,M,M,M,M,M,M,M,M,M,M
2012-03-24,M,M,M,M,M,M,M,M,M,45,0.00A,M,M,M,M,M,M,M,M,M,M,M,M,M
2012-03-25,M,M,M,M,M,M,M,M,M,M,S,M,M,M,M,M,M,M,M,M,M,M,M,M
2012-03-26,M,M,M,M,M,M,M,M,M,42,0.28A,M,M,M,M,M,M,M,M,M,M,M,M,M
2012-03-27,M,M,M,M,M,M,M,M,M,22,0.00,M,M,M,M,M,M,M,M,M,M,M,M,M
2012-03-28,M,M,M,M,M,M,M,M,M,34,0.00,M,M,M,M,M,M,M,M,M,M,M,M,M
2012-03-29,M,M,M,M,M,M,M,M,M,42,0.20,M,M,M,M,M,M,M,M,M,M,M,M,M
2012-03-30,M,M,M,M,M,M,M,M,M,31,T,M,M,M,M,M,M,M,M,M,M,M,M,M
2012-03-31,M,M,M,M,M,M,M,M,M,34,0.00,M,M,M,M,M,M,M,M,M,M,M,M,M
2012-04-01,M,M,M,M,M,M,M,M,M,M,S,M,M,M,M,M,M,M,M,M,M,M,M,M
2012-04-02,M,M,M,M,M,M,M,M,M,35,0.05A,M,M,M,M,M,M,M,M,M,M,M,M,M
2012-04-03,M,M,M,M,M,M,M,M,M,22,0.00,M,M,M,M,M,M,M,M,M,M,M,M,M
2012-04-04,M,M,M,M,M,M,M,M,M,32,0.00,M,M,M,M,M,M,M,M,M,M,M,M,M
2012-04-05,M,M,M,M,M,M,M,M,M,35,T,M,M,T,M,M,M,M,M,M,M,M,M,M
2012-04-06,M,M,M,M,M,M,M,M,M,26,0.00,M,M,M,M,M,M,M,M,M,M,M,M,M
2012-04-07,M,M,M,M,M,M,M,M,M,26,0.00,M,M,M,M,M,M,M,M,M,M,M,M,M
2012-04-08,M,M,M,M,M,M,M,M,M,31,0.00,M,M,M,M,M,M,M,M,M,M,M,M,M
2012-04-09,M,M,M,M,M,M,M,M,M,40,0.00,M,M,M,M,M,M,M,M,M,M,M,M,M
2012-04-10,M,M,M,M,M,M,M,M,M,38,T,M,M,M,M,M,M,M,M,M,M,M,M,M
2012-04-11,M,M,M,M,M,M,M,M,M,32,T,M,M,M,M,M,M,M,M,M,M,M,M,M
2012-04-12,M,M,M,M,M,M,M,M,M,33,0.05,M,M,M,M,M,M,M,M,M,M,M,M,M
2012-04-13,M,M,M,M,M,M,M,M,M,31,T,M,M,M,M,M,M,M,M,M,M,M,M,M
2012-04-14,M,M,M,M,M,M,M,M,M,33,0.00,M,M,M,M,M,M,M,M,M,M,M,M,M
2012-04-15,M,M,M,M,M,M,M,M,M,44,0.00,M,M,M,M,M,M,M,M,M,M,M,M,M
2012-04-16,M,M,M,M,M,M,M,M,M,53,0.08,M,M,M,M,M,M,M,M,M,M,M,M,M
2012-04-17,M,M,M,M,M,M,M,M,M,56,0.00,M,M,M,M,M,M,M,M,M,M,M,M,M
2012-04-18,M,M,M,M,M,M,M,M,M,35,0.00,M,M,M,M,M,M,M,M,M,M,M,M,M
2012-04-19,M,M,M,M,M,M,M,M,M,30,0.00,M,M,M,M,M,M,M,M,M,M,M,M,M
2012-04-20,M,M,M,M,M,M,M,M,M,41,0.00,M,M,M,M,M,M,M,M,M,M,M,M,M
2012-04-21,M,M,M,M,M,M,M,M,M,48,0.00,M,M,M,M,M,M,M,M,M,M,M,M,M
2012-04-22,M,M,M,M,M,M,M,M,M,38,0.55,M,M,M,M,M,M,M,M,M,M,M,M,M
2012-04-23,M,M,M,M,M,M,M,M,M,38,1.38,M,M,M,M,M,M,M,M,M,M,M,M,M
2012-04-24,M,M,M,M,M,M,M,M,M,38,0.20,M,M,M,M,M,M,M,M,M,M,M,M,M
2012-04-25,M,M,M,M,M,M,M,M,M,35,0.10,M,M,M,M,M,M,M,M,M,M,M,M,M
2012-04-26,M,M,M,M,M,M,M,M,M,29,0.05,M,M,M,M,M,M,M,M,M,M,M,M,M
2012-04-27,M,M,M,M,M,M,M,M,M,41,0.10,M,M,M,M,M,M,M,M,M,M,M,M,M
2012-04-28,M,M,M,M,M,M,M,M,M,30,0.00,M,M,M,M,M,M,M,M,M,M,M,M,M
2012-04-29,M,M,M,M,M,M,M,M,M,28,0.00,M,M,M,M,M,M,M,M,M,M,M,M,M
2012-04-30,M,M,M,M,M,M,M,M,M,28,0.00,M,M,M,M,M,M,M,M,M,M,M,M,M
2012-05-01,M,M,M,M,M,M,M,M,M,45,0.22,M,M,M,M,M,M,M,M,M,M,M,M,M
2012-05-02,M,M,M,M,M,M,M,M,M,49,0.20,M,M,M,M,M,M,M,M,M,M,M,M,M
2012-05-03,M,M,M,M,M,M,M,M,M,49,0.26,M,M,M,M,M,M,M,M,M,M,M,M,M
2012-05-04,M,M,M,M,M,M,M,M,M,53,0.30,M,M,M,M,M,M,M,M,M,M,M,M,M
2012-05-05,M,M,M,M,M,M,M,M,M,52,T,M,M,M,M,M,M,M,M,M,M,M,M,M
2012-05-06,M,M,M,M,M,M,M,M,M,M,M,M,M,M,M,M,M,M,M,M,M,M,M,M
2012-05-07,M,M,M,M,M,M,M,M,M,38,M,M,M,M,M,M,M,M,M,M,M,M,M,M
2012-05-08,M,M,M,M,M,M,M,M,M,49,0.62,M,M,M,M,M,M,M,M,M,M,M,M,M
2012-05-09,M,M,M,M,M,M,M,M,M,56,1.20,M,M,M,M,M,M,M,M,M,M,M,M,M
2012-05-10,M,M,M,M,M,M,M,M,M,52,0.05,M,M,M,M,M,M,M,M,M,M,M,M,M
2012-05-11,M,M,M,M,M,M,M,M,M,44,T,M,M,M,M,M,M,M,M,M,M,M,M,M
2012-05-12,M,M,M,M,M,M,M,M,M,36,0.00,M,M,M,M,M,M,M,M,M,M,M,M,M
2012-05-13,M,M,M,M,M,M,M,M,M,55,0.00,M,M,M,M,M,M,M,M,M,M,M,M,M
2012-05-14,M,M,M,M,M,M,M,M,M,56,T,M,M,M,M,M,M,M,M,M,M,M,M,M
2012-05-15,M,M,M,M,M,M,M,M,M,59,0.40,M,M,M,M,M,M,M,M,M,M,M,M,M
2012-05-16,M,M,M,M,M,M,M,M,M,59,0.97,M,M,M,M,M,M,M,M,M,M,M,M,M
2012-05-17,M,M,M,M,M,M,M,M,M,41,0.18,M,M,M,M,M,M,M,M,M,M,M,M,M
2012-05-18,M,M,M,M,M,M,M,M,M,39,0.00,M,M,M,M,M,M,M,M,M,M,M,M,M
2012-05-19,M,M,M,M,M,M,M,M,M,46,0.00,M,M,M,M,M,M,M,M,M,M,M,M,M
2012-05-20,M,M,M,M,M,M,M,M,M,52,0.00,M,M,M,M,M,M,M,M,M,M,M,M,M
2012-05-21,M,M,M,M,M,M,M,M,M,50,0.00,M,M,M,M,M,M,M,M,M,M,M,M,M
2012-05-22,M,M,M,M,M,M,M,M,M,63,0.30,M,M,M,M,M,M,M,M,M,M,M,M,M
2012-05-23,M,M,M,M,M,M,M,M,M,62,0.30,M,M,M,M,M,M,M,M,M,M,M,M,M
2012-05-24,M,M,M,M,M,M,M,M,M,58,T,M,M,M,M,M,M,M,M,M,M,M,M,M
2012-05-25,M,M,M,M,M,M,M,M,M,-0,M,M,M,M,M,M,M,M,M,M,M,M,M,M
2012-05-26,M,M,M,M,M,M,M,M,M,66,M,M,M,M,M,M,M,M,M,M,M,M,M,M
2012-05-27,M,M,M,M,M,M,M,M,M,56,0.00,M,M,M,M,M,M,M,M,M,M,M,M,M
2012-05-28,M,M,M,M,M,M,M,M,M,57,0.00,M,M,M,M,M,M,M,M,M,M,M,M,M
2012-05-29,M,M,M,M,M,M,M,M,M,66,0.00,M,M,M,M,M,M,M,M,M,M,M,M,M
2012-05-30,M,M,M,M,M,M,M,M,M,63,1.10,M,M,M,M,M,M,M,M,M,M,M,M,M
2012-05-31,M,M,M,M,M,M,M,M,M,52,T,M,M,M,M,M,M,M,M,M,M,M,M,M
2012-06-01,M,M,M,M,M,M,M,M,M,48,0.00,M,M,M,M,M,M,M,M,M,M,M,M,M
2012-06-02,M,M,M,M,M,M,M,M,M,53,0.67,M,M,M,M,M,M,M,M,M,M,M,M,M
2012-06-03,M,M,M,M,M,M,M,M,M,54,0.35,M,M,M,M,M,M,M,M,M,M,M,M,M
2012-06-04,M,M,M,M,M,M,M,M,M,53,0.72,M,M,M,M,M,M,M,M,M,M,M,M,M
2012-06-05,M,M,M,M,M,M,M,M,M,48,0.21,M,M,M,M,M,M,M,M,M,M,M,M,M
2012-06-06,M,M,M,M,M,M,M,M,M,51,T,M,M,M,M,M,M,M,M,M,M,M,M,M
2012-06-07,M,M,M,M,M,M,M,M,M,50,1.07,M,M,M,M,M,M,M,M,M,M,M,M,M
2012-06-08,M,M,M,M,M,M,M,M,M,52,0.33,M,M,M,M,M,M,M,M,M,M,M,M,M
2012-06-09,M,M,M,M,M,M,M,M,M,58,0.22,M,M,M,M,M,M,M,M,M,M,M,M,M
2012-06-10,M,M,M,M,M,M,M,M,M,58,T,M,M,M,M,M,M,M,M,M,M,M,M,M
2012-06-11,M,M,M,M,M,M,M,M,M,64,0.00,M,M,M,M,M,M,M,M,M,M,M,M,M
2012-06-12,M,M,M,M,M,M,M,M,M,59,0.00,M,M,M,M,M,M,M,M,M,M,M,M,M
2012-06-13,M,M,M,M,M,M,M,M,M,65,0.80,M,M,M,M,M,M,M,M,M,M,M,M,M
2012-06-14,M,M,M,M,M,M,M,M,M,M,M,M,M,M,M,M,M,M,M,M,M,M,M,M
2012-06-15,M,M,M,M,M,M,M,M,M,52,0.00,M,M,M,M,M,M,M,M,M,M,M,M,M
2012-06-16,M,M,M,M,M,M,M,M,M,52,0.00,M,M,M,M,M,M,M,M,M,M,M,M,M
2012-06-17,M,M,M,M,M,M,M,M,M,M,M,M,M,M,M,M,M,M,M,M,M,M,M,M
2012-06-18,M,M,M,M,M,M,M,M,M,58,0.00,M,M,M,M,M,M,M,M,M,M,M,M,M
2012-06-19,M,M,M,M,M,M,M,M,M,61,0.00,M,M,M,M,M,M,M,M,M,M,M,M,M
2012-06-20,M,M,M,M,M,M,M,M,M,68,0.00,M,M,M,M,M,M,M,M,M,M,M,M,M
2012-06-21,M,M,M,M,M,M,M,M,M,69,0.00,M,M,M,M,M,M,M,M,M,M,M,M,M
2012-06-22,M,M,M,M,M,M,M,M,M,66,0.00,M,M,M,M,M,M,M,M,M,M,M,M,M
2012-06-23,M,M,M,M,M,M,M,M,M,62,0.00,M,M,M,M,M,M,M,M,M,M,M,M,M
2012-06-24,M,M,M,M,M,M,M,M,M,58,0.00,M,M,M,M,M,M,M,M,M,M,M,M,M
2012-06-25,M,M,M,M,M,M,M,M,M,62,0.05,M,M,M,M,M,M,M,M,M,M,M,M,M
2012-06-26,M,M,M,M,M,M,M,M,M,52,0.13,M,M,M,M,M,M,M,M,M,M,M,M,M
2012-06-27,M,M,M,M,M,M,M,M,M,61,0.02,M,M,M,M,M,M,M,M,M,M,M,M,M
2012-06-28,M,M,M,M,M,M,M,M,M,52,0.00,M,M,M,M,M,M,M,M,M,M,M,M,M
2012-06-29,M,M,M,M,M,M,M,M,M,64,T,M,M,M,M,M,M,M,M,M,M,M,M,M
2012-06-30,M,M,M,M,M,M,M,M,M,57,0.00,M,M,M,M,M,M,M,M,M,M,M,M,M
2012-07-01,M,M,M,M,M,M,M,M,M,62,0.00,M,M,M,M,M,M,M,M,M,M,M,M,M
2012-07-02,M,M,M,M,M,M,M,M,M,65,0.00,M,M,M,M,M,M,M,M,M,M,M,M,M
2012-07-03,M,M,M,M,M,M,M,M,M,60,T,M,M,M,M,M,M,M,M,M,M,M,M,M
2012-07-04,M,M,M,M,M,M,M,M,M,66,0.05,M,M,M,M,M,M,M,M,M,M,M,M,M
2012-07-05,M,M,M,M,M,M,M,M,M,66,0.00,M,M,M,M,M,M,M,M,M,M,M,M,M
2012-07-06,M,M,M,M,M,M,M,M,M,60,0.00,M,M,M,M,M,M,M,M,M,M,M,M,M
2012-07-07,M,M,M,M,M,M,M,M,M,68,0.00,M,M,M,M,M,M,M,M,M,M,M,M,M
2012-07-08,M,M,M,M,M,M,M,M,M,64,T,M,M,M,M,M,M,M,M,M,M,M,M,M
2012-07-09,M,M,M,M,M,M,M,M,M,57,0.00,M,M,M,M,M,M,M,M,M,M,M,M,M
2012-07-10,M,M,M,M,M,M,M,M,M,52,0.00,M,M,M,M,M,M,M,M,M,M,M,M,M
2012-07-11,M,M,M,M,M,M,M,M,M,57,0.00,M,M,M,M,M,M,M,M,M,M,M,M,M
2012-07-12,M,M,M,M,M,M,M,M,M,57,0.00,M,M,M,M,M,M,M,M,M,M,M,M,M
2012-07-13,M,M,M,M,M,M,M,M,M,61,0.00,M,M,M,M,M,M,M,M,M,M,M,M,M
2012-07-14,M,M,M,M,M,M,M,M,M,71,0.00,M,M,M,M,M,M,M,M,M,M,M,M,M
2012-07-15,M,M,M,M,M,M,M,M,M,65,0.10,M,M,M,M,M,M,M,M,M,M,M,M,M
2012-07-16,M,M,M,M,M,M,M,M,M,68,0.50,M,M,M,M,M,M,M,M,M,M,M,M,M
2012-07-17,M,M,M,M,M,M,M,M,M,70,0.00,M,M,M,M,M,M,M,M,M,M,M,M,M
2012-07-18,M,M,M,M,M,M,M,M,M,71,0.90,M,M,M,M,M,M,M,M,M,M,M,M,M
2012-07-19,M,M,M,M,M,M,M,M,M,57,0.00,M,M,M,M,M,M,M,M,M,M,M,M,M
2012-07-20,M,M,M,M,M,M,M,M,M,61,0.00,M,M,M,M,M,M,M,M,M,M,M,M,M
2012-07-21,M,M,M,M,M,M,M,M,M,57,0.00,M,M,M,M,M,M,M,M,M,M,M,M,M
2012-07-22,M,M,M,M,M,M,M,M,M,60,0.00,M,M,M,M,M,M,M,M,M,M,M,M,M
2012-07-23,M,M,M,M,M,M,M,M,M,68,0.00,M,M,M,M,M,M,M,M,M,M,M,M,M
2012-07-24,M,M,M,M,M,M,M,M,M,68,0.18,M,M,M,M,M,M,M,M,M,M,M,M,M
2012-07-25,M,M,M,M,M,M,M,M,M,56,0.00,M,M,M,M,M,M,M,M,M,M,M,M,M
2012-07-26,M,M,M,M,M,M,M,M,M,64,T,M,M,M,M,M,M,M,M,M,M,M,M,M
2012-07-27,M,M,M,M,M,M,M,M,M,69,0.80,M,M,M,M,M,M,M,M,M,M,M,M,M
2012-07-28,M,M,M,M,M,M,M,M,M,64,0.40,M,M,M,M,M,M,M,M,M,M,M,M,M
2012-07-29,M,M,M,M,M,M,M,M,M,65,0.05,M,M,M,M,M,M,M,M,M,M,M,M,M
2012-07-30,M,M,M,M,M,M,M,M,M,62,0.00,M,M,M,M,M,M,M,M,M,M,M,M,M
2012-07-31,M,M,M,M,M,M,M,M,M,66,0.00,M,M,M,M,M,M,M,M,M,M,M,M,M
2012-08-01,M,M,M,M,M,M,M,M,M,65,0.00,M,M,M,M,M,M,M,M,M,M,M,M,M
2012-08-02,M,M,M,M,M,M,M,M,M,64,0.00,M,M,M,M,M,M,M,M,M,M,M,M,M
2012-08-03,M,M,M,M,M,M,M,M,M,64,0.00,M,M,M,M,M,M,M,M,M,M,M,M,M
2012-08-04,M,M,M,M,M,M,M,M,M,67,0.00,M,M,M,M,M,M,M,M,M,M,M,M,M
2012-08-05,M,M,M,M,M,M,M,M,M,72,0.26,M,M,M,M,M,M,M,M,M,M,M,M,M
2012-08-06,M,M,M,M,M,M,M,M,M,62,1.40,M,M,M,M,M,M,M,M,M,M,M,M,M
2012-08-07,M,M,M,M,M,M,M,M,M,57,0.00,M,M,M,M,M,M,M,M,M,M,M,M,M
2012-08-08,M,M,M,M,M,M,M,M,M,57,0.00,M,M,M,M,M,M,M,M,M,M,M,M,M
2012-08-09,M,M,M,M,M,M,M,M,M,66,0.00,M,M,M,M,M,M,M,M,M,M,M,M,M
2012-08-10,M,M,M,M,M,M,M,M,M,66,0.05,M,M,M,M,M,M,M,M,M,M,M,M,M
2012-08-11,M,M,M,M,M,M,M,M,M,67,0.52,M,M,M,M,M,M,M,M,M,M,M,M,M
2012-08-12,M,M,M,M,M,M,M,M,M,64,0.66,M,M,M,M,M,M,M,M,M,M,M,M,M
2012-08-13,M,M,M,M,M,M,M,M,M,65,0.00,M,M,M,M,M,M,M,M,M,M,M,M,M
2012-08-14,M,M,M,M,M,M,M,M,M,60,T,M,M,M,M,M,M,M,M,M,M,M,M,M
2012-08-15,M,M,M,M,M,M,M,M,M,65,0.18,M,M,M,M,M,M,M,M,M,M,M,M,M
2012-08-16,M,M,M,M,M,M,M,M,M,62,T,M,M,M,M,M,M,M,M,M,M,M,M,M
2012-08-17,M,M,M,M,M,M,M,M,M,60,T,M,M,M,M,M,M,M,M,M,M,M,M,M
2012-08-18,M,M,M,M,M,M,M,M,M,58,T,M,M,M,M,M,M,M,M,M,M,M,M,M
2012-08-19,M,M,M,M,M,M,M,M,M,50,0.00,M,M,M,M,M,M,M,M,M,M,M,M,M
2012-08-20,M,M,M,M,M,M,M,M,M,50,0.00,M,M,M,M,M,M,M,M,M,M,M,M,M
2012-08-21,M,M,M,M,M,M,M,M,M,57,T,M,M,M,M,M,M,M,M,M,M,M,M,M
2012-08-22,M,M,M,M,M,M,M,M,M,50,0.00,M,M,M,M,M,M,M,M,M,M,M,M,M
2012-08-23,M,M,M,M,M,M,M,M,M,55,0.00,M,M,M,M,M,M,M,M,M,M,M,M,M
2012-08-24,M,M,M,M,M,M,M,M,M,56,0.00,M,M,M,M,M,M,M,M,M,M,M,M,M
2012-08-25,M,M,M,M,M,M,M,M,M,60,0.00,M,M,M,M,M,M,M,M,M,M,M,M,M
2012-08-26,M,M,M,M,M,M,M,M,M,M,M,M,M,M,M,M,M,M,M,M,M,M,M,M
2012-08-27,M,M,M,M,M,M,M,M,M,58,0.00,M,M,M,M,M,M,M,M,M,M,M,M,M
2012-08-28,M,M,M,M,M,M,M,M,M,67,0.28,M,M,M,M,M,M,M,M,M,M,M,M,M
2012-08-29,M,M,M,M,M,M,M,M,M,51,0.03,M,M,M,M,M,M,M,M,M,M,M,M,M
2012-08-30,M,M,M,M,M,M,M,M,M,49,0.00,M,M,M,M,M,M,M,M,M,M,M,M,M
2012-08-31,M,M,M,M,M,M,M,M,M,51,0.00,M,M,M,M,M,M,M,M,M,M,M,M,M
2012-09-01,M,M,M,M,M,M,M,M,M,62,0.00,M,M,M,M,M,M,M,M,M,M,M,M,M
2012-09-02,M,M,M,M,M,M,M,M,M,56,0.00,M,M,M,M,M,M,M,M,M,M,M,M,M
2012-09-03,M,M,M,M,M,M,M,M,M,52,0.00,M,M,M,M,M,M,M,M,M,M,M,M,M
2012-09-04,M,M,M,M,M,M,M,M,M,62,T,M,M,M,M,M,M,M,M,M,M,M,M,M
2012-09-05,M,M,M,M,M,M,M,M,M,66,0.84,M,M,M,M,M,M,M,M,M,M,M,M,M
2012-09-06,M,M,M,M,M,M,M,M,M,61,T,M,M,M,M,M,M,M,M,M,M,M,M,M
2012-09-07,M,M,M,M,M,M,M,M,M,61,0.00,M,M,M,M,M,M,M,M,M,M,M,M,M
2012-09-08,M,M,M,M,M,M,M,M,M,68,0.00,M,M,M,M,M,M,M,M,M,M,M,M,M
2012-09-09,M,M,M,M,M,M,M,M,M,52,0.68,M,M,M,M,M,M,M,M,M,M,M,M,M
2012-09-10,M,M,M,M,M,M,M,M,M,47,T,M,M,M,M,M,M,M,M,M,M,M,M,M
2012-09-11,M,M,M,M,M,M,M,M,M,41,0.00,M,M,M,M,M,M,M,M,M,M,M,M,M
2012-09-12,M,M,M,M,M,M,M,M,M,45,0.00,M,M,M,M,M,M,M,M,M,M,M,M,M
2012-09-13,M,M,M,M,M,M,M,M,M,49,0.00,M,M,M,M,M,M,M,M,M,M,M,M,M
2012-09-14,M,M,M,M,M,M,M,M,M,53,0.00,M,M,M,M,M,M,M,M,M,M,M,M,M
2012-09-15,M,M,M,M,M,M,M,M,M,51,0.15,M,M,M,M,M,M,M,M,M,M,M,M,M
2012-09-16,M,M,M,M,M,M,M,M,M,44,0.00,M,M,M,M,M,M,M,M,M,M,M,M,M
2012-09-17,M,M,M,M,M,M,M,M,M,43,0.00,M,M,M,M,M,M,M,M,M,M,M,M,M
2012-09-18,M,M,M,M,M,M,M,M,M,54,0.00,M,M,M,M,M,M,M,M,M,M,M,M,M
2012-09-19,M,M,M,M,M,M,M,M,M,54,2.92,M,M,M,M,M,M,M,M,M,M,M,M,M
2012-09-20,M,M,M,M,M,M,M,M,M,39,T,M,M,M,M,M,M,M,M,M,M,M,M,M
2012-09-21,M,M,M,M,M,M,M,M,M,47,0.00,M,M,M,M,M,M,M,M,M,M,M,M,M
2012-09-22,M,M,M,M,M,M,M,M,M,54,0.00,M,M,M,M,M,M,M,M,M,M,M,M,M
2012-09-23,M,M,M,M,M,M,M,M,M,48,0.49,M,M,M,M,M,M,M,M,M,M,M,M,M
2012-09-24,M,M,M,M,M,M,M,M,M,38,0.00,M,M,M,M,M,M,M,M,M,M,M,M,M
2012-09-25,M,M,M,M,M,M,M,M,M,36,0.00,M,M,M,M,M,M,M,M,M,M,M,M,M
2012-09-26,M,M,M,M,M,M,M,M,M,53,0.05,M,M,M,M,M,M,M,M,M,M,M,M,M
2012-09-27,M,M,M,M,M,M,M,M,M,54,0.08,M,M,M,M,M,M,M,M,M,M,M,M,M
2012-09-28,M,M,M,M,M,M,M,M,M,45,0.00,M,M,M,M,M,M,M,M,M,M,M,M,M
2012-09-29,M,M,M,M,M,M,M,M,M,M,S,M,M,M,M,M,M,M,M,M,M,M,M,M
2012-09-30,M,M,M,M,M,M,M,M,M,M,M,M,M,M,M,M,M,M,M,M,M,M,M,M
2012-10-01,M,M,M,M,M,M,M,M,M,M,M,M,M,M,M,M,M,M,M,M,M,M,M,M
2012-10-02,M,M,M,M,M,M,M,M,M,M,M,M,M,M,M,M,M,M,M,M,M,M,M,M
2012-10-03,M,M,M,M,M,M,M,M,M,M,M,M,M,M,M,M,M,M,M,M,M,M,M,M
2012-10-04,M,M,M,M,M,M,M,M,M,M,M,M,M,M,M,M,M,M,M,M,M,M,M,M
2012-10-05,M,M,M,M,M,M,M,M,M,M,M,M,M,M,M,M,M,M,M,M,M,M,M,M
2012-10-06,M,M,M,M,M,M,M,M,M,M,M,M,M,M,M,M,M,M,M,M,M,M,M,M
2012-10-07,M,M,M,M,M,M,M,M,M,M,M,M,M,M,M,M,M,M,M,M,M,M,M,M
2012-10-08,M,M,M,M,M,M,M,M,M,45,2.38A,M,M,M,M,M,M,M,M,M,M,M,M,M
2012-10-09,M,M,M,M,M,M,M,M,M,35,0.00,M,M,M,M,M,M,M,M,M,M,M,M,M
2012-10-10,M,M,M,M,M,M,M,M,M,49,T,M,M,M,M,M,M,M,M,M,M,M,M,M
2012-10-11,M,M,M,M,M,M,M,M,M,40,0.26,M,M,M,M,M,M,M,M,M,M,M,M,M
2012-10-12,M,M,M,M,M,M,M,M,M,40,T,M,M,M,M,M,M,M,M,M,M,M,M,M
2012-10-13,M,M,M,M,M,M,M,M,M,25,T,M,M,M,M,M,M,M,M,M,M,M,M,M
2012-10-14,M,M,M,M,M,M,M,M,M,40,0.30,M,M,M,M,M,M,M,M,M,M,M,M,M
2012-10-15,M,M,M,M,M,M,M,M,M,51,0.25,M,M,M,M,M,M,M,M,M,M,M,M,M
2012-10-16,M,M,M,M,M,M,M,M,M,43,0.04,M,M,M,M,M,M,M,M,M,M,M,M,M
2012-10-17,M,M,M,M,M,M,M,M,M,30,T,M,M,M,M,M,M,M,M,M,M,M,M,M
2012-10-18,M,M,M,M,M,M,M,M,M,34,0.00,M,M,M,M,M,M,M,M,M,M,M,M,M
2012-10-19,M,M,M,M,M,M,M,M,M,52,0.10,M,M,M,M,M,M,M,M,M,M,M,M,M
2012-10-20,M,M,M,M,M,M,M,M,M,56,3.50,M,M,M,M,M,M,M,M,M,M,M,M,M
2012-10-21,M,M,M,M,M,M,M,M,M,44,0.00,M,M,M,M,M,M,M,M,M,M,M,M,M
2012-10-22,M,M,M,M,M,M,M,M,M,49,T,M,M,M,M,M,M,M,M,M,M,M,M,M
2012-10-23,M,M,M,M,M,M,M,M,M,40,0.00,M,M,M,M,M,M,M,M,M,M,M,M,M
2012-10-24,M,M,M,M,M,M,M,M,M,47,0.00,M,M,M,M,M,M,M,M,M,M,M,M,M
2012-10-25,M,M,M,M,M,M,M,M,M,M,M,M,M,M,M,M,M,M,M,M,M,M,M,M
2012-10-26,M,M,M,M,M,M,M,M,M,54,0.00,M,M,M,M,M,M,M,M,M,M,M,M,M
2012-10-27,M,M,M,M,M,M,M,M,M,52,T,M,M,M,M,M,M,M,M,M,M,M,M,M
2012-10-28,M,M,M,M,M,M,M,M,M,50,T,M,M,M,M,M,M,M,M,M,M,M,M,M
2012-10-29,M,M,M,M,M,M,M,M,M,51,0.00,M,M,M,M,M,M,M,M,M,M,M,M,M
2012-10-30,M,M,M,M,M,M,M,M,M,56,0.40,M,M,M,M,M,M,M,M,M,M,M,M,M
2012-10-31,M,M,M,M,M,M,M,M,M,52,0.35,M,M,M,M,M,M,M,M,M,M,M,M,M
2012-11-01,M,M,M,M,M,M,M,M,M,41,0.24,M,M,M,M,M,M,M,M,M,M,M,M,M
2012-11-02,M,M,M,M,M,M,M,M,M,40,0.03,M,M,M,M,M,M,M,M,M,M,M,M,M
2012-11-03,M,M,M,M,M,M,M,M,M,39,T,M,M,M,M,M,M,M,M,M,M,M,M,M
2012-11-04,M,M,M,M,M,M,M,M,M,35,0.00,M,M,M,M,M,M,M,M,M,M,M,M,M
2012-11-05,M,M,M,M,M,M,M,M,M,33,0.00,M,M,M,M,M,M,M,M,M,M,M,M,M
2012-11-06,M,M,M,M,M,M,M,M,M,20,0.00,M,M,M,M,M,M,M,M,M,M,M,M,M
2012-11-07,M,M,M,M,M,M,M,M,M,21,0.00,M,M,M,M,M,M,M,M,M,M,M,M,M
2012-11-08,M,M,M,M,M,M,M,M,M,33,0.00,M,M,M,M,M,M,M,M,M,M,M,M,M
2012-11-09,M,M,M,M,M,M,M,M,M,24,0.00,M,M,M,M,M,M,M,M,M,M,M,M,M
2012-11-10,M,M,M,M,M,M,M,M,M,31,0.00,M,M,M,M,M,M,M,M,M,M,M,M,M
2012-11-11,M,M,M,M,M,M,M,M,M,42,0.03,M,M,M,M,M,M,M,M,M,M,M,M,M
2012-11-12,M,M,M,M,M,M,M,M,M,39,0.00,M,M,M,M,M,M,M,M,M,M,M,M,M
2012-11-13,M,M,M,M,M,M,M,M,M,41,0.20,M,M,M,M,M,M,M,M,M,M,M,M,M
2012-11-14,M,M,M,M,M,M,M,M,M,26,0.30,M,M,M,M,M,M,M,M,M,M,M,M,M
2012-11-15,M,M,M,M,M,M,M,M,M,25,0.00,M,M,M,M,M,M,M,M,M,M,M,M,M
2012-11-16,M,M,M,M,M,M,M,M,M,23,0.00,M,M,M,M,M,M,M,M,M,M,M,M,M
2012-11-17,M,M,M,M,M,M,M,M,M,22,0.00,M,M,M,M,M,M,M,M,M,M,M,M,M
2012-11-18,M,M,M,M,M,M,M,M,M,23,0.00,M,M,M,M,M,M,M,M,M,M,M,M,M
2012-11-19,M,M,M,M,M,M,M,M,M,21,0.00,M,M,M,M,M,M,M,M,M,M,M,M,M
2012-11-20,M,M,M,M,M,M,M,M,M,M,M,M,M,M,M,M,M,M,M,M,M,M,M,M
2012-11-21,M,M,M,M,M,M,M,M,M,M,S,M,M,M,M,M,M,M,M,M,M,M,M,M
2012-11-22,M,M,M,M,M,M,M,M,M,M,M,M,M,M,M,M,M,M,M,M,M,M,M,M
2012-11-23,M,M,M,M,M,M,M,M,M,M,M,M,M,M,M,M,M,M,M,M,M,M,M,M
2012-11-24,M,M,M,M,M,M,M,M,M,M,M,M,M,M,M,M,M,M,M,M,M,M,M,M
2012-11-25,M,M,M,M,M,M,M,M,M,M,M,M,M,M,M,M,M,M,M,M,M,M,M,M
2012-11-26,M,M,M,M,M,M,M,M,M,32,0.10A,M,M,T,M,M,M,M,M,M,M,M,M,M
2012-11-27,M,M,M,M,M,M,M,M,M,M,M,M,M,M,M,M,M,M,M,M,M,M,M,M
2012-11-28,M,M,M,M,M,M,M,M,M,26,0.01,M,M,T,M,M,M,M,M,M,M,M,M,M
2012-11-29,M,M,M,M,M,M,M,M,M,29,0.00,M,M,M,M,M,M,M,M,M,M,M,M,M
2012-11-30,M,M,M,M,M,M,M,M,M,23,0.00,M,M,M,M,M,M,M,M,M,M,M,M,M
2012-12-01,M,M,M,M,M,M,M,M,M,22,0.01,M,M,0.5,M,M,M,M,M,M,M,M,M,M
2012-12-02,M,M,M,M,M,M,M,M,M,33,0.00,M,M,M,M,M,M,M,M,M,M,M,M,M
2012-12-03,M,M,M,M,M,M,M,M,M,42,0.30,M,M,M,M,M,M,M,M,M,M,M,M,M
2012-12-04,M,M,M,M,M,M,M,M,M,34,0.00,M,M,M,M,M,M,M,M,M,M,M,M,M
2012-12-05,M,M,M,M,M,M,M,M,M,43,0.20,M,M,M,M,M,M,M,M,M,M,M,M,M
2012-12-06,M,M,M,M,M,M,M,M,M,20,0.00,M,M,M,M,M,M,M,M,M,M,M,M,M
2012-12-07,M,M,M,M,M,M,M,M,M,26,0.00,M,M,M,M,M,M,M,M,M,M,M,M,M
2012-12-08,M,M,M,M,M,M,M,M,M,33,0.01,M,M,T,M,M,M,M,M,M,M,M,M,M
2012-12-09,M,M,M,M,M,M,M,M,M,M,S,M,M,M,M,M,M,M,M,M,M,M,M,M
2012-12-10,M,M,M,M,M,M,M,M,M,33,0.80A,M,M,M,M,M,M,M,M,M,M,M,M,M
2012-12-11,M,M,M,M,M,M,M,M,M,36,0.78,M,M,M,M,M,M,M,M,M,M,M,M,M
2012-12-12,M,M,M,M,M,M,M,M,M,23,0.00,M,M,M,M,M,M,M,M,M,M,M,M,M
2012-12-13,M,M,M,M,M,M,M,M,M,21,0.00,M,M,M,M,M,M,M,M,M,M,M,M,M
2012-12-14,M,M,M,M,M,M,M,M,M,21,0.00,M,M,M,M,M,M,M,M,M,M,M,M,M
2012-12-15,M,M,M,M,M,M,M,M,M,28,0.00,M,M,M,M,M,M,M,M,M,M,M,M,M
2012-12-16,M,M,M,M,M,M,M,M,M,27,0.01,M,M,T,M,M,M,M,M,M,M,M,M,M
2012-12-17,M,M,M,M,M,M,M,M,M,31,0.05,M,M,0.5,M,M,M,M,M,M,M,M,M,M
2012-12-18,M,M,M,M,M,M,M,M,M,34,0.65,M,M,M,M,M,M,M,M,M,M,M,M,M
2012-12-19,M,M,M,M,M,M,M,M,M,35,0.36,M,M,M,M,M,M,M,M,M,M,M,M,M
2012-12-20,M,M,M,M,M,M,M,M,M,26,0.00,M,M,M,M,M,M,M,M,M,M,M,M,M
2012-12-21,M,M,M,M,M,M,M,M,M,32,0.01,M,M,2.0,M,M,M,M,M,M,M,M,M,M
2012-12-22,M,M,M,M,M,M,M,M,M,30,1.10,M,M,M,M,M,M,M,M,M,M,M,M,M
2012-12-23,M,M,M,M,M,M,M,M,M,M,M,M,M,M,M,M,M,M,M,M,M,M,M,M
2012-12-24,M,M,M,M,M,M,M,M,M,26,0.00,M,M,M,M,M,M,M,M,M,M,M,M,M
2012-12-25,M,M,M,M,M,M,M,M,M,24,0.01,M,M,1.0,M,M,M,M,M,M,M,M,M,M
2012-12-26,M,M,M,M,M,M,M,M,M,15,0.00,M,M,M,M,M,M,M,M,M,M,M,M,M
2012-12-27,M,M,M,M,M,M,M,M,M,26,0.01,M,M,6.0,M,M,M,M,M,M,M,M,M,M
2012-12-28,M,M,M,M,M,M,M,M,M,23,0.01,M,M,4.0,M,M,M,M,M,M,M,M,M,M
2012-12-29,M,M,M,M,M,M,M,M,M,18,0.00,M,M,M,M,M,M,M,M,M,M,M,M,M
2012-12-30,M,M,M,M,M,M,M,M,M,M,S,M,M,M,M,M,M,M,M,M,M,M,M,M
2012-12-31,M,M,M,M,M,M,M,M,M,15,0.01A,M,M,7.0,M,M,M,M,M,M,M,M,M,M
2013-01-01,M,M,M,M,M,M,M,M,M,25,0.01,M,M,T,M,M,M,M,M,M,M,M,M,M
2013-01-02,M,M,M,M,M,M,M,M,M,3,0.00,M,M,M,M,M,M,M,M,M,M,M,M,M
2013-01-03,M,M,M,M,M,M,M,M,M,-11,0.01,M,M,0.5,M,M,M,M,M,M,M,M,M,M
2013-01-04,M,M,M,M,M,M,M,M,M,15,0.01,M,M,1.0,M,M,M,M,M,M,M,M,M,M
2013-01-05,M,M,M,M,M,M,M,M,M,32,0.00,M,M,M,M,M,M,M,M,M,M,M,M,M
2013-01-06,M,M,M,M,M,M,M,M,M,23,0.01,M,M,T,M,M,M,M,M,M,M,M,M,M
2013-01-07,M,M,M,M,M,M,M,M,M,25,0.00,M,M,M,M,M,M,M,M,M,M,M,M,M
2013-01-08,M,M,M,M,M,M,M,M,M,6,0.00,M,M,M,M,M,M,M,M,M,M,M,M,M
2013-01-09,M,M,M,M,M,M,M,M,M,12,0.00,M,M,M,M,M,M,M,M,M,M,M,M,M
2013-01-10,M,M,M,M,M,M,M,M,M,31,0.01,M,M,T,M,M,M,M,M,M,M,M,M,M
2013-01-11,M,M,M,M,M,M,M,M,M,22,0.00,M,M,M,M,M,M,M,M,M,M,M,M,M
2013-01-12,M,M,M,M,M,M,M,M,M,33,0.19,M,M,M,M,M,M,M,M,M,M,M,M,M
2013-01-13,M,M,M,M,M,M,M,M,M,34,0.00,M,M,M,M,M,M,M,M,M,M,M,M,M
2013-01-14,M,M,M,M,M,M,M,M,M,40,T,M,M,M,M,M,M,M,M,M,M,M,M,M
2013-01-15,M,M,M,M,M,M,M,M,M,28,0.00,M,M,M,M,M,M,M,M,M,M,M,M,M
2013-01-16,M,M,M,M,M,M,M,M,M,27,0.01,M,M,0.3,M,M,M,M,M,M,M,M,M,M
2013-01-17,M,M,M,M,M,M,M,M,M,27,0.01,M,M,1.7,M,M,M,M,M,M,M,M,M,M
2013-01-18,M,M,M,M,M,M,M,M,M,7,0.01,M,M,T,M,M,M,M,M,M,M,M,M,M
2013-01-19,M,M,M,M,M,M,M,M,M,21,0.00,M,M,M,M,M,M,M,M,M,M,M,M,M
2013-01-20,M,M,M,M,M,M,M,M,M,32,0.00,M,M,M,M,M,M,M,M,M,M,M,M,M
2013-01-21,M,M,M,M,M,M,M,M,M,14,0.00,M,M,M,M,M,M,M,M,M,M,M,M,M
2013-01-22,M,M,M,M,M,M,M,M,M,6,0.01,M,M,1.7,M,M,M,M,M,M,M,M,M,M
2013-01-23,M,M,M,M,M,M,M,M,M,-7,0.00,M,M,M,M,M,M,M,M,M,M,M,M,M
2013-01-24,M,M,M,M,M,M,M,M,M,-11,0.00,M,M,M,M,M,M,M,M,M,M,M,M,M
2013-01-25,M,M,M,M,M,M,M,M,M,-4,0.00,M,M,M,M,M,M,M,M,M,M,M,M,M
2013-01-26,M,M,M,M,M,M,M,M,M,-2,0.01,M,M,0.5,M,M,M,M,M,M,M,M,M,M
2013-01-27,M,M,M,M,M,M,M,M,M,-7,0.00,M,M,M,M,M,M,M,M,M,M,M,M,M
2013-01-28,M,M,M,M,M,M,M,M,M,12,0.00,M,M,M,M,M,M,M,M,M,M,M,M,M
2013-01-29,M,M,M,M,M,M,M,M,M,24,0.05,M,M,1.5,M,M,M,M,M,M,M,M,M,M
2013-01-30,M,M,M,M,M,M,M,M,M,36,T,M,M,M,M,M,M,M,M,M,M,M,M,M
2013-01-31,M,M,M,M,M,M,M,M,M,49,0.78,M,M,M,M,M,M,M,M,M,M,M,M,M
2013-02-01,M,M,M,M,M,M,M,M,M,22,0.01,M,M,T,M,M,M,M,M,M,M,M,M,M
2013-02-02,M,M,M,M,M,M,M,M,M,7,0.00,M,M,0.0,M,M,M,M,M,M,M,M,M,M
2013-02-03,M,M,M,M,M,M,M,M,M,7,0.01,M,M,0.3,M,M,M,M,M,M,M,M,M,M
2013-02-04,M,M,M,M,M,M,M,M,M,13,0.00,M,M,0.0,M,M,M,M,M,M,M,M,M,M
2013-02-05,M,M,M,M,M,M,M,M,M,5,0.00,M,M,0.0,M,M,M,M,M,M,M,M,M,M
2013-02-06,M,M,M,M,M,M,M,M,M,18,0.00,M,M,0.0,M,M,M,M,M,M,M,M,M,M
2013-02-07,M,M,M,M,M,M,M,M,M,9,0.00,M,M,0.0,M,M,M,M,M,M,M,M,M,M
2013-02-08,M,M,M,M,M,M,M,M,M,16,0.01,M,M,0.3,M,M,M,M,M,M,M,M,M,M
2013-02-09,M,M,M,M,M,M,M,M,M,17,0.01,M,M,6.5,M,M,M,M,M,M,M,M,M,M
2013-02-10,M,M,M,M,M,M,M,M,M,-6,0.00,M,M,0.0,M,M,M,M,M,M,M,M,M,M
2013-02-11,M,M,M,M,M,M,M,M,M,18,0.00,M,M,0.0,M,M,M,M,M,M,M,M,M,M
2013-02-12,M,M,M,M,M,M,M,M,M,32,0.01,M,M,0.5,M,M,M,M,M,M,M,M,M,M
2013-02-13,M,M,M,M,M,M,M,M,M,30,0.00,M,M,0.0,M,M,M,M,M,M,M,M,M,M
2013-02-14,M,M,M,M,M,M,M,M,M,18,0.00,M,M,0.0,M,M,M,M,M,M,M,M,M,M
2013-02-15,M,M,M,M,M,M,M,M,M,28,0.01,M,M,0.7,M,M,M,M,M,M,M,M,M,M
2013-02-16,M,M,M,M,M,M,M,M,M,27,0.00,M,M,0.0,M,M,M,M,M,M,M,M,M,M
2013-02-17,M,M,M,M,M,M,M,M,M,16,0.00,M,M,0.0,M,M,M,M,M,M,M,M,M,M
2013-02-18,M,M,M,M,M,M,M,M,M,6,0.00,M,M,0.0,M,M,M,M,M,M,M,M,M,M
2013-02-19,M,M,M,M,M,M,M,M,M,12,0.00,M,M,0.0,M,M,M,M,M,M,M,M,M,M
2013-02-20,M,M,M,M,M,M,M,M,M,23,0.01,M,M,1.3,M,M,M,M,M,M,M,M,M,M
2013-02-21,M,M,M,M,M,M,M,M,M,16,0.00,M,M,0.0,M,M,M,M,M,M,M,M,M,M
2013-02-22,M,M,M,M,M,M,M,M,M,19,0.00,M,M,0.0,M,M,M,M,M,M,M,M,M,M
2013-02-23,M,M,M,M,M,M,M,M,M,M,S,M,M,M,M,M,M,M,M,M,M,M,M,M
2013-02-24,M,M,M,M,M,M,M,M,M,32,0.01A,M,M,0.8,M,M,M,M,M,M,M,M,M,M
2013-02-25,M,M,M,M,M,M,M,M,M,22,0.01,M,M,0.5,M,M,M,M,M,M,M,M,M,M
2013-02-26,M,M,M,M,M,M,M,M,M,22,0.00,M,M,0.0,M,M,M,M,M,M,M,M,M,M
2013-02-27,M,M,M,M,M,M,M,M,M,32,0.01,M,M,5.0,M,M,M,M,M,M,M,M,M,M
2013-02-28,M,M,M,M,M,M,M,M,M,31,0.20,M,M,1.0,M,M,M,M,M,M,M,M,M,M
2013-03-01,M,M,M,M,M,M,M,M,M,30,0.10,M,M,M,M,M,M,M,M,M,M,M,M,M
2013-03-02,M,M,M,M,M,M,M,M,M,28,T,M,M,M,M,M,M,M,M,M,M,M,M,M
2013-03-03,M,M,M,M,M,M,M,M,M,22,0.01,M,M,T,M,M,M,M,M,M,M,M,M,M
2013-03-04,M,M,M,M,M,M,M,M,M,23,0.00,M,M,M,M,M,M,M,M,M,M,M,M,M
2013-03-05,M,M,M,M,M,M,M,M,M,25,0.00,M,M,M,M,M,M,M,M,M,M,M,M,M
2013-03-06,M,M,M,M,M,M,M,M,M,28,0.00,M,M,M,M,M,M,M,M,M,M,M,M,M
2013-03-07,M,M,M,M,M,M,M,M,M,30,0.01,M,M,T,M,M,M,M,M,M,M,M,M,M
2013-03-08,M,M,M,M,M,M,M,M,M,28,0.01,M,M,2.3,M,M,M,M,M,M,M,M,M,M
2013-03-09,M,M,M,M,M,M,M,M,M,M,M,M,M,M,M,M,M,M,M,M,M,M,M,M
2013-03-10,M,M,M,M,M,M,M,M,M,22,0.00,M,M,M,M,M,M,M,M,M,M,M,M,M
2013-03-11,M,M,M,M,M,M,M,M,M,35,0.00,M,M,M,M,M,M,M,M,M,M,M,M,M
2013-03-12,M,M,M,M,M,M,M,M,M,45,T,M,M,M,M,M,M,M,M,M,M,M,M,M
2013-03-13,M,M,M,M,M,M,M,M,M,34,1.60,M,M,M,M,M,M,M,M,M,M,M,M,M
2013-03-14,M,M,M,M,M,M,M,M,M,25,0.01,M,M,T,M,M,M,M,M,M,M,M,M,M
2013-03-15,M,M,M,M,M,M,M,M,M,16,0.00,M,M,M,M,M,M,M,M,M,M,M,M,M
2013-03-16,M,M,M,M,M,M,M,M,M,15,0.01,M,M,0.8,M,M,M,M,M,M,M,M,M,M
2013-03-17,M,M,M,M,M,M,M,M,M,14,0.00,M,M,M,M,M,M,M,M,M,M,M,M,M
2013-03-18,M,M,M,M,M,M,M,M,M,11,0.00,M,M,M,M,M,M,M,M,M,M,M,M,M
2013-03-19,M,M,M,M,M,M,M,M,M,26,0.01,M,M,6.8,M,M,M,M,M,M,M,M,M,M
2013-03-20,M,M,M,M,M,M,M,M,M,20,0.01,M,M,6.0,M,M,M,M,M,M,M,M,M,M
2013-03-21,M,M,M,M,M,M,M,M,M,16,0.00,M,M,M,M,M,M,M,M,M,M,M,M,M
2013-03-22,M,M,M,M,M,M,M,M,M,M,S,M,M,M,M,M,M,M,M,M,M,M,M,M
2013-03-23,M,M,M,M,M,M,M,M,M,25,0.00A,M,M,M,M,M,M,M,M,M,M,M,M,M
2013-03-24,M,M,M,M,M,M,M,M,M,30,0.00,M,M,M,M,M,M,M,M,M,M,M,M,M
2013-03-25,M,M,M,M,M,M,M,M,M,25,0.00,M,M,M,M,M,M,M,M,M,M,M,M,M
2013-03-26,M,M,M,M,M,M,M,M,M,31,0.00,M,M,M,M,M,M,M,M,M,M,M,M,M
2013-03-27,M,M,M,M,M,M,M,M,M,28,0.00,M,M,M,M,M,M,M,M,M,M,M,M,M
2013-03-28,M,M,M,M,M,M,M,M,M,28,T,M,M,M,M,M,M,M,M,M,M,M,M,M
2013-03-29,M,M,M,M,M,M,M,M,M,31,T,M,M,M,M,M,M,M,M,M,M,M,M,M
2013-03-30,M,M,M,M,M,M,M,M,M,M,M,M,M,M,M,M,M,M,M,M,M,M,M,M
2013-03-31,M,M,M,M,M,M,M,M,M,M,S,M,M,M,M,M,M,M,M,M,M,M,M,M
2013-04-01,M,M,M,M,M,M,M,M,M,M,M,M,M,M,M,M,M,M,M,M,M,M,M,M
2013-04-02,M,M,M,M,M,M,M,M,M,M,M,M,M,M,M,M,M,M,M,M,M,M,M,M
2013-04-03,M,M,M,M,M,M,M,M,M,M,M,M,M,M,M,M,M,M,M,M,M,M,M,M
2013-04-04,M,M,M,M,M,M,M,M,M,M,M,M,M,M,M,M,M,M,M,M,M,M,M,M
2013-04-05,M,M,M,M,M,M,M,M,M,M,M,M,M,M,M,M,M,M,M,M,M,M,M,M
2013-04-06,M,M,M,M,M,M,M,M,M,M,M,M,M,M,M,M,M,M,M,M,M,M,M,M
2013-04-07,M,M,M,M,M,M,M,M,M,M,M,M,M,M,M,M,M,M,M,M,M,M,M,M
2013-04-08,M,M,M,M,M,M,M,M,M,41,0.49A,M,M,M,M,M,M,M,M,M,M,M,M,M
2013-04-09,M,M,M,M,M,M,M,M,M,40,0.08,M,M,M,M,M,M,M,M,M,M,M,M,M
2013-04-10,M,M,M,M,M,M,M,M,M,45,0.42,M,M,M,M,M,M,M,M,M,M,M,M,M
2013-04-11,M,M,M,M,M,M,M,M,M,41,0.37,M,M,M,M,M,M,M,M,M,M,M,M,M
2013-04-12,M,M,M,M,M,M,M,M,M,32,0.17,M,M,M,M,M,M,M,M,M,M,M,M,M
2013-04-13,M,M,M,M,M,M,M,M,M,34,0.90,M,M,0.0,M,M,M,M,M,M,M,M,M,M
2013-04-14,M,M,M,M,M,M,M,M,M,36,0.04,M,M,M,M,M,M,M,M,M,M,M,M,M
2013-04-15,M,M,M,M,M,M,M,M,M,28,T,M,M,M,M,M,M,M,M,M,M,M,M,M
2013-04-16,M,M,M,M,M,M,M,M,M,45,0.00,M,M,M,M,M,M,M,M,M,M,M,M,M
2013-04-17,M,M,M,M,M,M,M,M,M,37,0.20,M,M,M,M,M,M,M,M,M,M,M,M,M
2013-04-18,M,M,M,M,M,M,M,M,M,32,0.00,M,M,M,M,M,M,M,M,M,M,M,M,M
2013-04-19,M,M,M,M,M,M,M,M,M,52,0.00,M,M,M,M,M,M,M,M,M,M,M,M,M
2013-04-20,M,M,M,M,M,M,M,M,M,40,0.60,M,M,M,M,M,M,M,M,M,M,M,M,M
2013-04-21,M,M,M,M,M,M,M,M,M,29,T,M,M,M,M,M,M,M,M,M,M,M,M,M
2013-04-22,M,M,M,M,M,M,M,M,M,29,0.00,M,M,M,M,M,M,M,M,M,M,M,M,M
2013-04-23,M,M,M,M,M,M,M,M,M,28,0.00,M,M,M,M,M,M,M,M,M,M,M,M,M
2013-04-24,M,M,M,M,M,M,M,M,M,32,0.00,M,M,M,M,M,M,M,M,M,M,M,M,M
2013-04-25,M,M,M,M,M,M,M,M,M,38,0.10,M,M,M,M,M,M,M,M,M,M,M,M,M
2013-04-26,M,M,M,M,M,M,M,M,M,30,0.00,M,M,M,M,M,M,M,M,M,M,M,M,M
2013-04-27,M,M,M,M,M,M,M,M,M,34,T,M,M,M,M,M,M,M,M,M,M,M,M,M
2013-04-28,M,M,M,M,M,M,M,M,M,40,0.00,M,M,M,M,M,M,M,M,M,M,M,M,M
2013-04-29,M,M,M,M,M,M,M,M,M,48,0.00,M,M,M,M,M,M,M,M,M,M,M,M,M
2013-04-30,M,M,M,M,M,M,M,M,M,48,T,M,M,M,M,M,M,M,M,M,M,M,M,M
2013-05-01,M,M,M,M,M,M,M,M,M,39,T,M,M,M,M,M,M,M,M,M,M,M,M,M
2013-05-02,M,M,M,M,M,M,M,M,M,40,0.00,M,M,M,M,M,M,M,M,M,M,M,M,M
2013-05-03,M,M,M,M,M,M,M,M,M,52,0.00,M,M,M,M,M,M,M,M,M,M,M,M,M
2013-05-04,M,M,M,M,M,M,M,M,M,M,S,M,M,M,M,M,M,M,M,M,M,M,M,M
2013-05-05,M,M,M,M,M,M,M,M,M,M,M,M,M,M,M,M,M,M,M,M,M,M,M,M
2013-05-06,M,M,M,M,M,M,M,M,M,40,0.00A,M,M,M,M,M,M,M,M,M,M,M,M,M
2013-05-07,M,M,M,M,M,M,M,M,M,40,0.00,M,M,M,M,M,M,M,M,M,M,M,M,M
2013-05-08,M,M,M,M,M,M,M,M,M,50,0.00,M,M,M,M,M,M,M,M,M,M,M,M,M
2013-05-09,M,M,M,M,M,M,M,M,M,54,0.18,M,M,M,M,M,M,M,M,M,M,M,M,M
2013-05-10,M,M,M,M,M,M,M,M,M,49,0.00,M,M,M,M,M,M,M,M,M,M,M,M,M
2013-05-11,M,M,M,M,M,M,M,M,M,59,0.38,M,M,M,M,M,M,M,M,M,M,M,M,M
2013-05-12,M,M,M,M,M,M,M,M,M,49,0.32,M,M,M,M,M,M,M,M,M,M,M,M,M
2013-05-13,M,M,M,M,M,M,M,M,M,38,0.00,M,M,M,M,M,M,M,M,M,M,M,M,M
2013-05-14,M,M,M,M,M,M,M,M,M,30,T,M,M,T,M,M,M,M,M,M,M,M,M,M
2013-05-15,M,M,M,M,M,M,M,M,M,31,0.00,M,M,0.0,M,M,M,M,M,M,M,M,M,M
2013-05-16,M,M,M,M,M,M,M,M,M,37,0.11,M,M,0.0,M,M,M,M,M,M,M,M,M,M
2013-05-17,M,M,M,M,M,M,M,M,M,42,0.00,M,M,0.0,M,M,M,M,M,M,M,M,M,M
2013-05-18,M,M,M,M,M,M,M,M,M,40,0.00,M,M,0.0,M,M,M,M,M,M,M,M,M,M
2013-05-19,M,M,M,M,M,M,M,M,M,45,0.00,M,M,0.0,M,M,M,M,M,M,M,M,M,M
2013-05-20,M,M,M,M,M,M,M,M,M,54,0.15,M,M,0.0,M,M,M,M,M,M,M,M,M,M
2013-05-21,M,M,M,M,M,M,M,M,M,59,0.02,M,M,0.0,M,M,M,M,M,M,M,M,M,M
2013-05-22,M,M,M,M,M,M,M,M,M,62,1.30,M,M,0.0,M,M,M,M,M,M,M,M,M,M
2013-05-23,M,M,M,M,M,M,M,M,M,62,0.03,M,M,0.0,M,M,M,M,M,M,M,M,M,M
2013-05-24,M,M,M,M,M,M,M,M,M,61,0.65,M,M,0.0,M,M,M,M,M,M,M,M,M,M
2013-05-25,M,M,M,M,M,M,M,M,M,43,1.21,M,M,0.0,M,M,M,M,M,M,M,M,M,M
2013-05-26,M,M,M,M,M,M,M,M,M,43,0.61,M,M,0.0,M,M,M,M,M,M,M,M,M,M
2013-05-27,M,M,M,M,M,M,M,M,M,39,T,M,M,0.0,M,M,M,M,M,M,M,M,M,M
2013-05-28,M,M,M,M,M,M,M,M,M,40,0.00,M,M,0.0,M,M,M,M,M,M,M,M,M,M
2013-05-29,M,M,M,M,M,M,M,M,M,56,0.12,M,M,0.0,M,M,M,M,M,M,M,M,M,M
2013-05-30,M,M,M,M,M,M,M,M,M,59,0.40,M,M,0.0,M,M,M,M,M,M,M,M,M,M
2013-05-31,M,M,M,M,M,M,M,M,M,59,0.00,M,M,0.0,M,M,M,M,M,M,M,M,M,M
2013-06-01,M,M,M,M,M,M,M,M,M,63,0.00,M,M,0.0,M,M,M,M,M,M,M,M,M,M
2013-06-02,M,M,M,M,M,M,M,M,M,65,0.00,M,M,0.0,M,M,M,M,M,M,M,M,M,M
2013-06-03,M,M,M,M,M,M,M,M,M,60,0.63,M,M,0.0,M,M,M,M,M,M,M,M,M,M
2013-06-04,M,M,M,M,M,M,M,M,M,44,0.00,M,M,0.0,M,M,M,M,M,M,M,M,M,M
2013-06-05,M,M,M,M,M,M,M,M,M,47,0.00,M,M,0.0,M,M,M,M,M,M,M,M,M,M
2013-06-06,M,M,M,M,M,M,M,M,M,52,0.00,M,M,0.0,M,M,M,M,M,M,M,M,M,M
2013-06-07,M,M,M,M,M,M,M,M,M,54,0.75,M,M,0.0,M,M,M,M,M,M,M,M,M,M
2013-06-08,M,M,M,M,M,M,M,M,M,54,1.20,M,M,0.0,M,M,M,M,M,M,M,M,M,M
2013-06-09,M,M,M,M,M,M,M,M,M,55,0.00,M,M,0.0,M,M,M,M,M,M,M,M,M,M
2013-06-10,M,M,M,M,M,M,M,M,M,52,0.00,M,M,0.0,M,M,M,M,M,M,M,M,M,M
2013-06-11,M,M,M,M,M,M,M,M,M,59,0.88,M,M,0.0,M,M,M,M,M,M,M,M,M,M
2013-06-12,M,M,M,M,M,M,M,M,M,55,0.73,M,M,0.0,M,M,M,M,M,M,M,M,M,M
2013-06-13,M,M,M,M,M,M,M,M,M,51,T,M,M,0.0,M,M,M,M,M,M,M,M,M,M
2013-06-14,M,M,M,M,M,M,M,M,M,54,0.98,M,M,0.0,M,M,M,M,M,M,M,M,M,M
2013-06-15,M,M,M,M,M,M,M,M,M,50,0.05,M,M,0.0,M,M,M,M,M,M,M,M,M,M
2013-06-16,M,M,M,M,M,M,M,M,M,54,0.00,M,M,0.0,M,M,M,M,M,M,M,M,M,M
2013-06-17,M,M,M,M,M,M,M,M,M,53,0.08,M,M,0.0,M,M,M,M,M,M,M,M,M,M
2013-06-18,M,M,M,M,M,M,M,M,M,56,0.60,M,M,0.0,M,M,M,M,M,M,M,M,M,M
2013-06-19,M,M,M,M,M,M,M,M,M,47,0.06,M,M,0.0,M,M,M,M,M,M,M,M,M,M
2013-06-20,M,M,M,M,M,M,M,M,M,45,0.00,M,M,0.0,M,M,M,M,M,M,M,M,M,M
2013-06-21,M,M,M,M,M,M,M,M,M,53,0.00,M,M,0.0,M,M,M,M,M,M,M,M,M,M
2013-06-22,M,M,M,M,M,M,M,M,M,60,0.00,M,M,0.0,M,M,M,M,M,M,M,M,M,M
2013-06-23,M,M,M,M,M,M,M,M,M,66,T,M,M,0.0,M,M,M,M,M,M,M,M,M,M
2013-06-24,M,M,M,M,M,M,M,M,M,64,T,M,M,0.0,M,M,M,M,M,M,M,M,M,M
2013-06-25,M,M,M,M,M,M,M,M,M,64,0.08,M,M,0.0,M,M,M,M,M,M,M,M,M,M
2013-06-26,M,M,M,M,M,M,M,M,M,66,0.05,M,M,0.0,M,M,M,M,M,M,M,M,M,M
2013-06-27,M,M,M,M,M,M,M,M,M,65,0.06,M,M,0.0,M,M,M,M,M,M,M,M,M,M
2013-06-28,M,M,M,M,M,M,M,M,M,65,1.28,M,M,0.0,M,M,M,M,M,M,M,M,M,M
2013-06-29,M,M,M,M,M,M,M,M,M,66,0.23,M,M,0.0,M,M,M,M,M,M,M,M,M,M
2013-06-30,M,M,M,M,M,M,M,M,M,63,0.00,M,M,0.0,M,M,M,M,M,M,M,M,M,M
2013-07-01,M,M,M,M,M,M,M,M,M,68,0.07,M,M,0.0,M,M,M,M,M,M,M,M,M,M
2013-07-02,M,M,M,M,M,M,M,M,M,65,0.40,M,M,0.0,M,M,M,M,M,M,M,M,M,M
2013-07-03,M,M,M,M,M,M,M,M,M,69,0.70,M,M,0.0,M,M,M,M,M,M,M,M,M,M
2013-07-04,M,M,M,M,M,M,M,M,M,68,0.00,M,M,0.0,M,M,M,M,M,M,M,M,M,M
2013-07-05,M,M,M,M,M,M,M,M,M,70,T,M,M,0.0,M,M,M,M,M,M,M,M,M,M
2013-07-06,M,M,M,M,M,M,M,M,M,70,0.53,M,M,0.0,M,M,M,M,M,M,M,M,M,M
2013-07-07,M,M,M,M,M,M,M,M,M,68,0.00,M,M,0.0,M,M,M,M,M,M,M,M,M,M
2013-07-08,M,M,M,M,M,M,M,M,M,72,0.27,M,M,0.0,M,M,M,M,M,M,M,M,M,M
2013-07-09,M,M,M,M,M,M,M,M,M,68,0.04,M,M,0.0,M,M,M,M,M,M,M,M,M,M
2013-07-10,M,M,M,M,M,M,M,M,M,72,0.05,M,M,0.0,M,M,M,M,M,M,M,M,M,M
2013-07-11,M,M,M,M,M,M,M,M,M,70,0.45,M,M,0.0,M,M,M,M,M,M,M,M,M,M
2013-07-12,M,M,M,M,M,M,M,M,M,61,0.00,M,M,0.0,M,M,M,M,M,M,M,M,M,M
2013-07-13,M,M,M,M,M,M,M,M,M,64,0.00,M,M,0.0,M,M,M,M,M,M,M,M,M,M
2013-07-14,M,M,M,M,M,M,M,M,M,68,0.03,M,M,0.0,M,M,M,M,M,M,M,M,M,M
2013-07-15,M,M,M,M,M,M,M,M,M,69,T,M,M,0.0,M,M,M,M,M,M,M,M,M,M
2013-07-16,M,M,M,M,M,M,M,M,M,68,0.00,M,M,0.0,M,M,M,M,M,M,M,M,M,M
2013-07-17,M,M,M,M,M,M,M,M,M,70,0.00,M,M,0.0,M,M,M,M,M,M,M,M,M,M
2013-07-18,M,M,M,M,M,M,M,M,M,73,0.00,M,M,0.0,M,M,M,M,M,M,M,M,M,M
2013-07-19,M,M,M,M,M,M,M,M,M,71,T,M,M,0.0,M,M,M,M,M,M,M,M,M,M
2013-07-20,M,M,M,M,M,M,M,M,M,68,0.13,M,M,0.0,M,M,M,M,M,M,M,M,M,M
2013-07-21,M,M,M,M,M,M,M,M,M,64,0.04,M,M,0.0,M,M,M,M,M,M,M,M,M,M
2013-07-22,M,M,M,M,M,M,M,M,M,62,0.10,M,M,0.0,M,M,M,M,M,M,M,M,M,M
2013-07-23,M,M,M,M,M,M,M,M,M,70,0.88,M,M,0.0,M,M,M,M,M,M,M,M,M,M
2013-07-24,M,M,M,M,M,M,M,M,M,67,1.86,M,M,0.0,M,M,M,M,M,M,M,M,M,M
2013-07-25,M,M,M,M,M,M,M,M,M,49,0.00,M,M,0.0,M,M,M,M,M,M,M,M,M,M
2013-07-26,M,M,M,M,M,M,M,M,M,55,0.00,M,M,0.0,M,M,M,M,M,M,M,M,M,M
2013-07-27,M,M,M,M,M,M,M,M,M,54,0.00,M,M,0.0,M,M,M,M,M,M,M,M,M,M
2013-07-28,M,M,M,M,M,M,M,M,M,65,0.05,M,M,0.0,M,M,M,M,M,M,M,M,M,M
2013-07-29,M,M,M,M,M,M,M,M,M,66,0.06,M,M,0.0,M,M,M,M,M,M,M,M,M,M
2013-07-30,M,M,M,M,M,M,M,M,M,55,0.00,M,M,0.0,M,M,M,M,M,M,M,M,M,M
2013-07-31,M,M,M,M,M,M,M,M,M,55,0.00,M,M,0.0,M,M,M,M,M,M,M,M,M,M
2013-08-01,M,M,M,M,M,M,M,M,M,57,0.00,M,M,0.0,M,M,M,M,M,M,M,M,M,M
2013-08-02,M,M,M,M,M,M,M,M,M,60,0.22,M,M,0.0,M,M,M,M,M,M,M,M,M,M
2013-08-03,M,M,M,M,M,M,M,M,M,61,0.07,M,M,0.0,M,M,M,M,M,M,M,M,M,M
2013-08-04,M,M,M,M,M,M,M,M,M,55,T,M,M,0.0,M,M,M,M,M,M,M,M,M,M
2013-08-05,M,M,M,M,M,M,M,M,M,49,0.10,M,M,0.0,M,M,M,M,M,M,M,M,M,M
2013-08-06,M,M,M,M,M,M,M,M,M,50,0.00,M,M,0.0,M,M,M,M,M,M,M,M,M,M
2013-08-07,M,M,M,M,M,M,M,M,M,60,0.00,M,M,0.0,M,M,M,M,M,M,M,M,M,M
2013-08-08,M,M,M,M,M,M,M,M,M,68,T,M,M,0.0,M,M,M,M,M,M,M,M,M,M
2013-08-09,M,M,M,M,M,M,M,M,M,71,0.12,M,M,0.0,M,M,M,M,M,M,M,M,M,M
2013-08-10,M,M,M,M,M,M,M,M,M,62,0.22,M,M,0.0,M,M,M,M,M,M,M,M,M,M
2013-08-11,M,M,M,M,M,M,M,M,M,56,0.00,M,M,0.0,M,M,M,M,M,M,M,M,M,M
2013-08-12,M,M,M,M,M,M,M,M,M,54,0.00,M,M,0.0,M,M,M,M,M,M,M,M,M,M
2013-08-13,M,M,M,M,M,M,M,M,M,59,0.00,M,M,0.0,M,M,M,M,M,M,M,M,M,M
2013-08-14,M,M,M,M,M,M,M,M,M,50,1.25,M,M,0.0,M,M,M,M,M,M,M,M,M,M
2013-08-15,M,M,M,M,M,M,M,M,M,48,T,M,M,0.0,M,M,M,M,M,M,M,M,M,M
2013-08-16,M,M,M,M,M,M,M,M,M,48,0.00,M,M,0.0,M,M,M,M,M,M,M,M,M,M
2013-08-17,M,M,M,M,M,M,M,M,M,53,0.00,M,M,0.0,M,M,M,M,M,M,M,M,M,M
2013-08-18,M,M,M,M,M,M,M,M,M,57,0.00,M,M,0.0,M,M,M,M,M,M,M,M,M,M
2013-08-19,M,M,M,M,M,M,M,M,M,58,0.00,M,M,0.0,M,M,M,M,M,M,M,M,M,M
2013-08-20,M,M,M,M,M,M,M,M,M,57,0.00,M,M,0.0,M,M,M,M,M,M,M,M,M,M
2013-08-21,M,M,M,M,M,M,M,M,M,59,0.00,M,M,0.0,M,M,M,M,M,M,M,M,M,M
2013-08-22,M,M,M,M,M,M,M,M,M,60,0.00,M,M,0.0,M,M,M,M,M,M,M,M,M,M
2013-08-23,M,M,M,M,M,M,M,M,M,59,0.03,M,M,0.0,M,M,M,M,M,M,M,M,M,M
2013-08-24,M,M,M,M,M,M,M,M,M,50,0.00,M,M,0.0,M,M,M,M,M,M,M,M,M,M
2013-08-25,M,M,M,M,M,M,M,M,M,52,0.00,M,M,0.0,M,M,M,M,M,M,M,M,M,M
2013-08-26,M,M,M,M,M,M,M,M,M,62,T,M,M,0.0,M,M,M,M,M,M,M,M,M,M
2013-08-27,M,M,M,M,M,M,M,M,M,65,0.40,M,M,0.0,M,M,M,M,M,M,M,M,M,M
2013-08-28,M,M,M,M,M,M,M,M,M,64,0.00,M,M,0.0,M,M,M,M,M,M,M,M,M,M
2013-08-29,M,M,M,M,M,M,M,M,M,64,0.00,M,M,0.0,M,M,M,M,M,M,M,M,M,M
2013-08-30,M,M,M,M,M,M,M,M,M,65,0.00,M,M,0.0,M,M,M,M,M,M,M,M,M,M
2013-08-31,M,M,M,M,M,M,M,M,M,66,0.54,M,M,0.0,M,M,M,M,M,M,M,M,M,M
2013-09-01,M,M,M,M,M,M,M,M,M,68,1.00,M,M,0.0,M,M,0,M,M,M,M,M,M,M
2013-09-02,M,M,M,M,M,M,M,M,M,69,1.08,M,M,0.0,M,M,0,M,M,M,M,M,M,M
2013-09-03,M,M,M,M,M,M,M,M,M,62,0.50,M,M,0.0,M,M,0,M,M,M,M,M,M,M
2013-09-04,M,M,M,M,M,M,M,M,M,55,0.00,M,M,0.0,M,M,0,M,M,M,M,M,M,M
2013-09-05,M,M,M,M,M,M,M,M,M,58,0.02,M,M,0.0,M,M,0,M,M,M,M,M,M,M
2013-09-06,M,M,M,M,M,M,M,M,M,41,0.00,M,M,0.0,M,M,0,M,M,M,M,M,M,M
2013-09-07,M,M,M,M,M,M,M,M,M,M,S,M,M,M,M,M,M,M,M,M,M,M,M,M
2013-09-08,M,M,M,M,M,M,M,M,M,M,M,M,M,M,M,M,M,M,M,M,M,M,M,M
2013-09-09,M,M,M,M,M,M,M,M,M,M,M,M,M,M,M,M,M,M,M,M,M,M,M,M
2013-09-10,M,M,M,M,M,M,M,M,M,M,M,M,M,M,M,M,M,M,M,M,M,M,M,M
2013-09-11,M,M,M,M,M,M,M,M,M,M,M,M,M,M,M,M,M,M,M,M,M,M,M,M
2013-09-12,M,M,M,M,M,M,M,M,M,M,M,M,M,M,M,M,M,M,M,M,M,M,M,M
2013-09-13,M,M,M,M,M,M,M,M,M,M,M,M,M,M,M,M,M,M,M,M,M,M,M,M
2013-09-14,M,M,M,M,M,M,M,M,M,M,M,M,M,M,M,M,M,M,M,M,M,M,M,M
2013-09-15,M,M,M,M,M,M,M,M,M,M,M,M,M,M,M,M,M,M,M,M,M,M,M,M
2013-09-16,M,M,M,M,M,M,M,M,M,53,0.70A,M,M,0.0,M,M,0,M,M,M,M,M,M,M
2013-09-17,M,M,M,M,M,M,M,M,M,37,T,M,M,0.0,M,M,0,M,M,M,M,M,M,M
2013-09-18,M,M,M,M,M,M,M,M,M,42,0.00,M,M,0.0,M,M,0,M,M,M,M,M,M,M
2013-09-19,M,M,M,M,M,M,M,M,M,45,0.00,M,M,0.0,M,M,0,M,M,M,M,M,M,M
2013-09-20,M,M,M,M,M,M,M,M,M,47,0.00,M,M,0.0,M,M,0,M,M,M,M,M,M,M
2013-09-21,M,M,M,M,M,M,M,M,M,56,0.00,M,M,0.0,M,M,0,M,M,M,M,M,M,M
2013-09-22,M,M,M,M,M,M,M,M,M,53,0.52,M,M,0.0,M,M,0,M,M,M,M,M,M,M
2013-09-23,M,M,M,M,M,M,M,M,M,45,T,M,M,0.0,M,M,0,M,M,M,M,M,M,M
2013-09-24,M,M,M,M,M,M,M,M,M,36,0.00,M,M,0.0,M,M,0,M,M,M,M,M,M,M
2013-09-25,M,M,M,M,M,M,M,M,M,41,0.00,M,M,0.0,M,M,0,M,M,M,M,M,M,M
2013-09-26,M,M,M,M,M,M,M,M,M,45,0.00,M,M,0.0,M,M,0,M,M,M,M,M,M,M
2013-09-27,M,M,M,M,M,M,M,M,M,44,0.00,M,M,0.0,M,M,0,M,M,M,M,M,M,M
2013-09-28,M,M,M,M,M,M,M,M,M,42,T,M,M,0.0,M,M,0,M,M,M,M,M,M,M
2013-09-29,M,M,M,M,M,M,M,M,M,43,0.00,M,M,0.0,M,M,0,M,M,M,M,M,M,M
2013-09-30,M,M,M,M,M,M,M,M,M,44,0.00,M,M,0.0,M,M,0,M,M,M,M,M,M,M
2013-10-01,M,M,M,M,M,M,M,M,M,44,0.00,M,M,0.0,M,M,M,M,M,M,M,M,M,M
2013-10-02,M,M,M,M,M,M,M,M,M,46,0.00,M,M,0.0,M,M,M,M,M,M,M,M,M,M
2013-10-03,M,M,M,M,M,M,M,M,M,44,0.00,M,M,0.0,M,M,0,M,M,M,M,M,M,M
2013-10-04,M,M,M,M,M,M,M,M,M,53,0.00,M,M,0.0,M,M,M,M,M,M,M,M,M,M
2013-10-05,M,M,M,M,M,M,M,M,M,57,0.46,M,M,0.0,M,M,M,M,M,M,M,M,M,M
2013-10-06,M,M,M,M,M,M,M,M,M,54,0.10,M,M,0.0,M,M,M,M,M,M,M,M,M,M
2013-10-07,M,M,M,M,M,M,M,M,M,59,0.99,M,M,0.0,M,M,M,M,M,M,M,M,M,M
2013-10-08,M,M,M,M,M,M,M,M,M,47,0.94,M,M,0.0,M,M,M,M,M,M,M,M,M,M
2013-10-09,M,M,M,M,M,M,M,M,M,38,0.00,M,M,0.0,M,M,M,M,M,M,M,M,M,M
2013-10-10,M,M,M,M,M,M,M,M,M,38,0.00,M,M,0.0,M,M,M,M,M,M,M,M,M,M
2013-10-11,M,M,M,M,M,M,M,M,M,48,0.00,M,M,0.0,M,M,M,M,M,M,M,M,M,M
2013-10-12,M,M,M,M,M,M,M,M,M,42,0.00,M,M,0.0,M,M,M,M,M,M,M,M,M,M
2013-10-13,M,M,M,M,M,M,M,M,M,50,0.00,M,M,0.0,M,M,M,M,M,M,M,M,M,M
2013-10-14,M,M,M,M,M,M,M,M,M,49,0.00,M,M,0.0,M,M,M,M,M,M,M,M,M,M
2013-10-15,M,M,M,M,M,M,M,M,M,55,T,M,M,0.0,M,M,M,M,M,M,M,M,M,M
2013-10-16,M,M,M,M,M,M,M,M,M,52,0.00,M,M,0.0,M,M,M,M,M,M,M,M,M,M
2013-10-17,M,M,M,M,M,M,M,M,M,55,0.02,M,M,0.0,M,M,M,M,M,M,M,M,M,M
2013-10-18,M,M,M,M,M,M,M,M,M,51,0.67,M,M,0.0,M,M,M,M,M,M,M,M,M,M
2013-10-19,M,M,M,M,M,M,M,M,M,M,S,M,M,M,M,M,M,M,M,M,M,M,M,M
2013-10-20,M,M,M,M,M,M,M,M,M,44,0.10A,M,M,0.0,M,M,M,M,M,M,M,M,M,M
2013-10-21,M,M,M,M,M,M,M,M,M,37,0.00,M,M,0.0,M,M,M,M,M,M,M,M,M,M
2013-10-22,M,M,M,M,M,M,M,M,M,46,0.00,M,M,0.0,M,M,M,M,M,M,M,M,M,M
2013-10-23,M,M,M,M,M,M,M,M,M,32,0.05,M,M,0.0,M,M,M,M,M,M,M,M,M,M
2013-10-24,M,M,M,M,M,M,M,M,M,29,T,M,M,0.0,M,M,M,M,M,M,M,M,M,M
2013-10-25,M,M,M,M,M,M,M,M,M,37,T,M,M,0.0,M,M,M,M,M,M,M,M,M,M
2013-10-26,M,M,M,M,M,M,M,M,M,35,T,M,M,T,M,M,M,M,M,M,M,M,M,M
2013-10-27,M,M,M,M,M,M,M,M,M,40,0.00,M,M,0.0,M,M,M,M,M,M,M,M,M,M
2013-10-28,M,M,M,M,M,M,M,M,M,32,0.00,M,M,0.0,M,M,M,M,M,M,M,M,M,M
2013-10-29,M,M,M,M,M,M,M,M,M,24,0.00,M,M,0.0,M,M,M,M,M,M,M,M,M,M
2013-10-30,M,M,M,M,M,M,M,M,M,32,0.00,M,M,0.0,M,M,M,M,M,M,M,M,M,M
2013-10-31,M,M,M,M,M,M,M,M,M,31,0.00,M,M,0.0,M,M,M,M,M,M,M,M,M,M
2013-11-01,M,M,M,M,M,M,M,M,M,56,1.35,M,M,0.0,M,M,M,M,M,M,M,M,M,M
2013-11-02,M,M,M,M,M,M,M,M,M,36,0.50,M,M,0.0,M,M,M,M,M,M,M,M,M,M
2013-11-03,M,M,M,M,M,M,M,M,M,34,T,M,M,0.0,M,M,M,M,M,M,M,M,M,M
2013-11-04,M,M,M,M,M,M,M,M,M,21,0.00,M,M,0.0,M,M,M,M,M,M,M,M,M,M
2013-11-05,M,M,M,M,M,M,M,M,M,22,0.00,M,M,0.0,M,M,M,M,M,M,M,M,M,M
2013-11-06,M,M,M,M,M,M,M,M,M,36,0.00,M,M,0.0,M,M,M,M,M,M,M,M,M,M
2013-11-07,M,M,M,M,M,M,M,M,M,48,0.08,M,M,0.0,M,M,M,M,M,M,M,M,M,M
2013-11-08,M,M,M,M,M,M,M,M,M,27,0.20,M,M,0.0,M,M,M,M,M,M,M,M,M,M
2013-11-09,M,M,M,M,M,M,M,M,M,M,S,M,M,M,M,M,M,M,M,M,M,M,M,M
2013-11-10,M,M,M,M,M,M,M,M,M,M,M,M,M,M,M,M,M,M,M,M,M,M,M,M
2013-11-11,M,M,M,M,M,M,M,M,M,36,0.10A,M,M,0.0,M,M,M,M,M,M,M,M,M,M
2013-11-12,M,M,M,M,M,M,M,M,M,30,0.05,M,M,0.0,M,M,M,M,M,M,M,M,M,M
2013-11-13,M,M,M,M,M,M,M,M,M,18,0.00,M,M,0.0,M,M,M,M,M,M,M,M,M,M
2013-11-14,M,M,M,M,M,M,M,M,M,25,0.00,M,M,0.0,M,M,M,M,M,M,M,M,M,M
2013-11-15,M,M,M,M,M,M,M,M,M,23,0.00,M,M,0.0,M,M,M,M,M,M,M,M,M,M
2013-11-16,M,M,M,M,M,M,M,M,M,30,0.00,M,M,0.0,M,M,M,M,M,M,M,M,M,M
2013-11-17,M,M,M,M,M,M,M,M,M,37,0.00,M,M,0.0,M,M,M,M,M,M,M,M,M,M
2013-11-18,M,M,M,M,M,M,M,M,M,51,0.84,M,M,0.0,M,M,M,M,M,M,M,M,M,M
2013-11-19,M,M,M,M,M,M,M,M,M,33,T,M,M,T,M,M,M,M,M,M,M,M,M,M
2013-11-20,M,M,M,M,M,M,M,M,M,19,0.00,M,M,0.0,M,M,M,M,M,M,M,M,M,M
2013-11-21,M,M,M,M,M,M,M,M,M,M,S,M,M,M,M,M,M,M,M,M,M,M,M,M
2013-11-22,M,M,M,M,M,M,M,M,M,34,0.08A,M,M,0.0,M,M,M,M,M,M,M,M,M,M
2013-11-23,M,M,M,M,M,M,M,M,M,31,0.10,M,M,T,M,M,M,M,M,M,M,M,M,M
2013-11-24,M,M,M,M,M,M,M,M,M,M,S,M,M,M,M,M,M,M,M,M,M,M,M,M
2013-11-25,M,M,M,M,M,M,M,M,M,M,M,M,M,M,M,M,M,M,M,M,M,M,M,M
2013-11-26,M,M,M,M,M,M,M,M,M,27,0.01A,M,M,T,M,M,M,M,M,M,M,M,M,M
2013-11-27,M,M,M,M,M,M,M,M,M,34,0.95,M,M,1.5,M,M,M,M,M,M,M,M,M,M
2013-11-28,M,M,M,M,M,M,M,M,M,19,T,M,M,T,M,M,M,M,M,M,M,M,M,M
2013-11-29,M,M,M,M,M,M,M,M,M,11,0.00,M,M,0.0,M,M,M,M,M,M,M,M,M,M
2013-11-30,M,M,M,M,M,M,M,M,M,8,0.00,M,M,0.0,M,M,M,M,M,M,M,M,M,M
2013-12-01,M,M,M,M,M,M,M,M,M,22,0.00,M,M,0.0,M,M,M,M,M,M,M,M,M,M
2013-12-02,M,M,M,M,M,M,M,M,M,31,0.01,M,M,T,M,M,M,M,M,M,M,M,M,M
2013-12-03,M,M,M,M,M,M,M,M,M,31,0.00,M,M,0.0,M,M,M,M,M,M,M,M,M,M
2013-12-04,M,M,M,M,M,M,M,M,M,22,0.00,M,M,0.0,M,M,M,M,M,M,M,M,M,M
2013-12-05,M,M,M,M,M,M,M,M,M,30,0.00,M,M,0.0,M,M,M,M,M,M,M,M,M,M
2013-12-06,M,M,M,M,M,M,M,M,M,38,0.26,M,M,0.0,M,M,M,M,M,M,M,M,M,M
2013-12-07,M,M,M,M,M,M,M,M,M,30,0.01,M,M,T,M,M,M,M,M,M,M,M,M,M
2013-12-08,M,M,M,M,M,M,M,M,M,M,S,M,M,M,M,M,M,M,M,M,M,M,M,M
2013-12-09,M,M,M,M,M,M,M,M,M,30,0.01A,M,M,0.5,M,M,M,M,M,M,M,M,M,M
2013-12-10,M,M,M,M,M,M,M,M,M,30,T,M,M,T,M,M,M,M,M,M,M,M,M,M
2013-12-11,M,M,M,M,M,M,M,M,M,18,0.00,M,M,0.0,M,M,M,M,M,M,M,M,M,M
2013-12-12,M,M,M,M,M,M,M,M,M,6,0.00,M,M,0.0,M,M,M,M,M,M,M,M,M,M
2013-12-13,M,M,M,M,M,M,M,M,M,17,0.01,M,M,T,M,M,M,M,M,M,M,M,M,M
2013-12-14,M,M,M,M,M,M,M,M,M,5,0.01,M,M,T,M,M,M,M,M,M,M,M,M,M
2013-12-15,M,M,M,M,M,M,M,M,M,16,M,M,M,M,M,M,M,M,M,M,M,M,M,M
2013-12-16,M,M,M,M,M,M,M,M,M,16,0.01,M,M,1.2,M,M,M,M,M,M,M,M,M,M
2013-12-17,M,M,M,M,M,M,M,M,M,-9,0.00,M,M,0.0,M,M,M,M,M,M,M,M,M,M
2013-12-18,M,M,M,M,M,M,M,M,M,10,0.01,M,M,2.8,M,M,M,M,M,M,M,M,M,M
2013-12-19,M,M,M,M,M,M,M,M,M,25,T,M,M,T,M,M,M,M,M,M,M,M,M,M
2013-12-20,M,M,M,M,M,M,M,M,M,31,0.00,M,M,0.0,M,M,M,M,M,M,M,M,M,M
2013-12-21,M,M,M,M,M,M,M,M,M,35,0.15,M,M,0.0,M,M,M,M,M,M,M,M,M,M
2013-12-22,M,M,M,M,M,M,M,M,M,31,0.66,M,M,0.0,M,M,M,M,M,M,M,M,M,M
2013-12-23,M,M,M,M,M,M,M,M,M,33,0.04,M,M,0.0,M,M,M,M,M,M,M,M,M,M
2013-12-24,M,M,M,M,M,M,M,M,M,21,0.05,M,M,0.0,M,M,M,M,M,M,M,M,M,M
2013-12-25,M,M,M,M,M,M,M,M,M,3,0.00,M,M,0.0,M,M,M,M,M,M,M,M,M,M
2013-12-26,M,M,M,M,M,M,M,M,M,17,0.01,M,M,T,M,M,M,M,M,M,M,M,M,M
2013-12-27,M,M,M,M,M,M,M,M,M,22,0.01,M,M,1.5,M,M,M,M,M,M,M,M,M,M
2013-12-28,M,M,M,M,M,M,M,M,M,21,0.00,M,M,0.0,M,M,M,M,M,M,M,M,M,M
2013-12-29,M,M,M,M,M,M,M,M,M,21,0.00,M,M,0.0,M,M,M,M,M,M,M,M,M,M
2013-12-30,M,M,M,M,M,M,M,M,M,32,0.20,M,M,1.5,M,M,M,M,M,M,M,M,M,M
2013-12-31,M,M,M,M,M,M,M,M,M,5,0.00,M,M,0.0,M,M,M,M,M,M,M,M,M,M
2014-01-01,M,M,M,M,M,M,M,M,M,2,0.01,M,M,0.5,M,M,M,M,M,M,M,M,M,M
2014-01-02,M,M,M,M,M,M,M,M,M,3,0.01,M,M,1.0,M,M,M,M,M,M,M,M,M,M
2014-01-03,M,M,M,M,M,M,M,M,M,-2,0.01,M,M,1.0,M,M,M,M,M,M,M,M,M,M
2014-01-04,M,M,M,M,M,M,M,M,M,-12,0.00,M,M,0.0,M,M,M,M,M,M,M,M,M,M
2014-01-05,M,M,M,M,M,M,M,M,M,-0,0.00,M,M,0.0,M,M,M,M,M,M,M,M,M,M
2014-01-06,M,M,M,M,M,M,M,M,M,34,0.08,M,M,0.0,M,M,M,M,M,M,M,M,M,M
2014-01-07,M,M,M,M,M,M,M,M,M,3,0.07,M,M,T,M,M,M,M,M,M,M,M,M,M
2014-01-08,M,M,M,M,M,M,M,M,M,-0,0.00,M,M,0.0,M,M,M,M,M,M,M,M,M,M
2014-01-09,M,M,M,M,M,M,M,M,M,3,0.00,M,M,0.0,M,M,M,M,M,M,M,M,M,M
2014-01-10,M,M,M,M,M,M,M,M,M,15,0.01,M,M,T,M,M,M,M,M,M,M,M,M,M
2014-01-11,M,M,M,M,M,M,M,M,M,35,T,M,M,0.0,M,M,M,M,M,M,M,M,M,M
2014-01-12,M,M,M,M,M,M,M,M,M,35,1.00,M,M,0.0,M,M,M,M,M,M,M,M,M,M
2014-01-13,M,M,M,M,M,M,M,M,M,26,T,M,M,T,M,M,M,M,M,M,M,M,M,M
2014-01-14,M,M,M,M,M,M,M,M,M,37,0.18,M,M,0.0,M,M,M,M,M,M,M,M,M,M
2014-01-15,M,M,M,M,M,M,M,M,M,27,0.19,M,M,0.0,M,M,M,M,M,M,M,M,M,M
2014-01-16,M,M,M,M,M,M,M,M,M,29,0.01,M,M,2.0,M,M,M,M,M,M,M,M,M,M
2014-01-17,M,M,M,M,M,M,M,M,M,26,0.01,M,M,1.0,M,M,M,M,M,M,M,M,M,M
2014-01-18,M,M,M,M,M,M,M,M,M,17,0.00,M,M,0.0,M,M,M,M,M,M,M,M,M,M
2014-01-19,M,M,M,M,M,M,M,M,M,23,0.01,M,M,0.3,M,M,M,M,M,M,M,M,M,M
2014-01-20,M,M,M,M,M,M,M,M,M,28,0.01,M,M,0.3,M,M,M,M,M,M,M,M,M,M
2014-01-21,M,M,M,M,M,M,M,M,M,1,0.01,M,M,1.5,M,M,M,M,M,M,M,M,M,M
2014-01-22,M,M,M,M,M,M,M,M,M,-6,0.00,M,M,0.0,M,M,M,M,M,M,M,M,M,M
2014-01-23,M,M,M,M,M,M,M,M,M,-8,0.00,M,M,0.0,M,M,M,M,M,M,M,M,M,M
2014-01-24,M,M,M,M,M,M,M,M,M,-6,0.00,M,M,0.0,M,M,M,M,M,M,M,M,M,M
2014-01-25,M,M,M,M,M,M,M,M,M,14,0.00,M,M,0.0,M,M,M,M,M,M,M,M,M,M
2014-01-26,M,M,M,M,M,M,M,M,M,-2,M,M,M,M,M,M,M,M,M,M,M,M,M,M
2014-01-27,M,M,M,M,M,M,M,M,M,20,0.01,M,M,0.6,M,M,M,M,M,M,M,M,M,M
2014-01-28,M,M,M,M,M,M,M,M,M,3,0.01,M,M,1.0,M,M,M,M,M,M,M,M,M,M
2014-01-29,M,M,M,M,M,M,M,M,M,-13,0.00,M,M,0.0,M,M,M,M,M,M,M,M,M,M
2014-01-30,M,M,M,M,M,M,M,M,M,-2,0.00,M,M,0.0,M,M,M,M,M,M,M,M,M,M
2014-01-31,M,M,M,M,M,M,M,M,M,18,0.00,M,M,0.0,M,M,M,M,M,M,M,M,M,M
2014-02-01,M,M,M,M,M,M,M,M,M,14,0.00,M,M,0.0,M,M,M,M,M,M,M,M,M,M
2014-02-02,M,M,M,M,M,M,M,M,M,31,0.01,M,M,1.5,M,M,M,M,M,M,M,M,M,M
2014-02-03,M,M,M,M,M,M,M,M,M,28,T,M,M,0.0,M,M,M,M,M,M,M,M,M,M
2014-02-04,M,M,M,M,M,M,M,M,M,17,0.00,M,M,0.0,M,M,M,M,M,M,M,M,M,M
2014-02-05,M,M,M,M,M,M,M,M,M,22,0.01,M,M,1.0,M,M,M,M,M,M,M,M,M,M
2014-02-06,M,M,M,M,M,M,M,M,M,8,0.70,M,M,11.0,M,M,M,M,M,M,M,M,M,M
2014-02-07,M,M,M,M,M,M,M,M,M,-5,0.00,M,M,0.0,M,M,M,M,M,M,M,M,M,M
2014-02-08,M,M,M,M,M,M,M,M,M,2,0.00,M,M,0.0,M,M,M,M,M,M,M,M,M,M
2014-02-09,M,M,M,M,M,M,M,M,M,6,0.00,M,M,0.0,M,M,M,M,M,M,M,M,M,M
2014-02-10,M,M,M,M,M,M,M,M,M,4,0.01,M,M,0.8,M,M,M,M,M,M,M,M,M,M
2014-02-11,M,M,M,M,M,M,M,M,M,-5,0.00,M,M,0.0,M,M,M,M,M,M,M,M,M,M
2014-02-12,M,M,M,M,M,M,M,M,M,-11,0.00,M,M,0.0,M,M,M,M,M,M,M,M,M,M
2014-02-13,M,M,M,M,M,M,M,M,M,12,0.00,M,M,0.0,M,M,M,M,M,M,M,M,M,M
2014-02-14,M,M,M,M,M,M,M,M,M,26,1.00,M,M,12.0,M,M,M,M,M,M,M,M,M,M
2014-02-15,M,M,M,M,M,M,M,M,M,M,S,M,M,M,M,M,M,M,M,M,M,M,M,M
2014-02-16,M,M,M,M,M,M,M,M,M,M,M,M,M,M,M,M,M,M,M,M,M,M,M,M
2014-02-17,M,M,M,M,M,M,M,M,M,M,M,M,M,M,M,M,M,M,M,M,M,M,M,M
2014-02-18,M,M,M,M,M,M,M,M,M,M,M,M,M,M,M,M,M,M,M,M,M,M,M,M
2014-02-19,M,M,M,M,M,M,M,M,M,M,M,M,M,M,M,M,M,M,M,M,M,M,M,M
2014-02-20,M,M,M,M,M,M,M,M,M,21,0.01A,M,M,7.5,M,M,M,M,M,M,M,M,M,M
2014-02-21,M,M,M,M,M,M,M,M,M,32,0.01,M,M,0.8,M,M,M,M,M,M,M,M,M,M
2014-02-22,M,M,M,M,M,M,M,M,M,25,0.45,M,M,T,M,M,M,M,M,M,M,M,M,M
2014-02-23,M,M,M,M,M,M,M,M,M,34,T,M,M,T,M,M,M,M,M,M,M,M,M,M
2014-02-24,M,M,M,M,M,M,M,M,M,22,0.00,M,M,0.0,M,M,M,M,M,M,M,M,M,M
2014-02-25,M,M,M,M,M,M,M,M,M,9,0.01,M,M,1.0,M,M,M,M,M,M,M,M,M,M
2014-02-26,M,M,M,M,M,M,M,M,M,M,S,M,M,M,M,M,M,M,M,M,M,M,M,M
2014-02-27,M,M,M,M,M,M,M,M,M,-0,0.01A,M,M,1.0,M,M,M,M,M,M,M,M,M,M
2014-02-28,M,M,M,M,M,M,M,M,M,-2,0.01,M,M,T,M,M,M,M,M,M,M,M,M,M
2014-03-01,M,M,M,M,M,M,M,M,M,-3,0.01,M,M,T,M,M,M,M,M,M,M,M,M,M
2014-03-02,M,M,M,M,M,M,M,M,M,25,0.00,M,M,0.0,M,M,M,M,M,M,M,M,M,M
2014-03-03,M,M,M,M,M,M,M,M,M,6,0.00,M,M,0.0,M,M,M,M,M,M,M,M,M,M
2014-03-04,M,M,M,M,M,M,M,M,M,-6,0.00,M,M,0.0,M,M,M,M,M,M,M,M,M,M
2014-03-05,M,M,M,M,M,M,M,M,M,14,0.01,M,M,T,M,M,M,M,M,M,M,M,M,M
2014-03-06,M,M,M,M,M,M,M,M,M,-3,0.01,M,M,T,M,M,M,M,M,M,M,M,M,M
2014-03-07,M,M,M,M,M,M,M,M,M,-3,0.00,M,M,0.0,M,M,M,M,M,M,M,M,M,M
2014-03-08,M,M,M,M,M,M,M,M,M,18,0.00,M,M,0.0,M,M,M,M,M,M,M,M,M,M
2014-03-09,M,M,M,M,M,M,M,M,M,15,0.00,M,M,0.0,M,M,M,M,M,M,M,M,M,M
2014-03-10,M,M,M,M,M,M,M,M,M,23,0.00,M,M,0.0,M,M,M,M,M,M,M,M,M,M
2014-03-11,M,M,M,M,M,M,M,M,M,36,0.00,M,M,0.0,M,M,M,M,M,M,M,M,M,M
2014-03-12,M,M,M,M,M,M,M,M,M,32,0.00,M,M,0.0,M,M,M,M,M,M,M,M,M,M
2014-03-13,M,M,M,M,M,M,M,M,M,12,M,M,M,M,M,M,M,M,M,M,M,M,M,M
2014-03-14,M,M,M,M,M,M,M,M,M,10,0.00,M,M,0.0,M,M,M,M,M,M,M,M,M,M
2014-03-15,M,M,M,M,M,M,M,M,M,31,0.00,M,M,0.0,M,M,M,M,M,M,M,M,M,M
2014-03-16,M,M,M,M,M,M,M,M,M,16,T,M,M,T,M,M,M,M,M,M,M,M,M,M
2014-03-17,M,M,M,M,M,M,M,M,M,5,0.00,M,M,0.0,M,M,M,M,M,M,M,M,M,M
2014-03-18,M,M,M,M,M,M,M,M,M,4,0.00,M,M,0.0,M,M,M,M,M,M,M,M,M,M
2014-03-19,M,M,M,M,M,M,M,M,M,14,0.00,M,M,0.0,M,M,M,M,M,M,M,M,M,M
2014-03-20,M,M,M,M,M,M,M,M,M,32,0.01,M,M,1.0,M,M,M,M,M,M,M,M,M,M
2014-03-21,M,M,M,M,M,M,M,M,M,M,S,M,M,M,M,M,M,M,M,M,M,M,M,M
2014-03-22,M,M,M,M,M,M,M,M,M,M,M,M,M,M,M,M,M,M,M,M,M,M,M,M
2014-03-23,M,M,M,M,M,M,M,M,M,26,0.01A,M,M,T,M,M,M,M,M,M,M,M,M,M
2014-03-24,M,M,M,M,M,M,M,M,M,6,0.00,M,M,0.0,M,M,M,M,M,M,M,M,M,M
2014-03-25,M,M,M,M,M,M,M,M,M,5,0.00,M,M,0.0,M,M,M,M,M,M,M,M,M,M
2014-03-26,M,M,M,M,M,M,M,M,M,21,0.00,M,M,0.0,M,M,M,M,M,M,M,M,M,M
2014-03-27,M,M,M,M,M,M,M,M,M,9,0.00,M,M,0.0,M,M,M,M,M,M,M,M,M,M
2014-03-28,M,M,M,M,M,M,M,M,M,30,0.01,M,M,0.4,M,M,M,M,M,M,M,M,M,M
2014-03-29,M,M,M,M,M,M,M,M,M,36,0.40,M,M,M,M,M,M,M,M,M,M,M,M,M
2014-03-30,M,M,M,M,M,M,M,M,M,35,1.13,M,M,0.0,M,M,M,M,M,M,M,M,M,M
2014-03-31,M,M,M,M,M,M,M,M,M,31,0.19,M,M,0.0,M,M,M,M,M,M,M,M,M,M
2014-04-01,M,M,M,M,M,M,M,M,M,29,0.00,M,M,0.0,M,M,M,M,M,M,M,M,M,M
2014-04-02,M,M,M,M,M,M,M,M,M,25,0.00,M,M,0.0,M,M,M,M,M,M,M,M,M,M
2014-04-03,M,M,M,M,M,M,M,M,M,24,0.00,M,M,0.0,M,M,M,M,M,M,M,M,M,M
2014-04-04,M,M,M,M,M,M,M,M,M,31,0.00,M,M,0.0,M,M,M,M,M,M,M,M,M,M
2014-04-05,M,M,M,M,M,M,M,M,M,33,0.58,M,M,0.0,M,M,M,M,M,M,M,M,M,M
2014-04-06,M,M,M,M,M,M,M,M,M,M,S,M,M,M,M,M,M,M,M,M,M,M,M,M
2014-04-07,M,M,M,M,M,M,M,M,M,27,0.00A,M,M,0.0,M,M,M,M,M,M,M,M,M,M
2014-04-08,M,M,M,M,M,M,M,M,M,37,0.53,M,M,0.0,M,M,M,M,M,M,M,M,M,M
2014-04-09,M,M,M,M,M,M,M,M,M,29,0.05,M,M,0.0,M,M,M,M,M,M,M,M,M,M
2014-04-10,M,M,M,M,M,M,M,M,M,23,0.00,M,M,0.0,M,M,M,M,M,M,M,M,M,M
2014-04-11,M,M,M,M,M,M,M,M,M,38,0.00,M,M,0.0,M,M,M,M,M,M,M,M,M,M
2014-04-12,M,M,M,M,M,M,M,M,M,30,T,M,M,M,M,M,M,M,M,M,M,M,M,M
2014-04-13,M,M,M,M,M,M,M,M,M,39,0.35,M,M,0.0,M,M,M,M,M,M,M,M,M,M
2014-04-14,M,M,M,M,M,M,M,M,M,45,T,M,M,0.0,M,M,M,M,M,M,M,M,M,M
2014-04-15,M,M,M,M,M,M,M,M,M,58,0.05,M,M,0.0,M,M,M,M,M,M,M,M,M,M
2014-04-16,M,M,M,M,M,M,M,M,M,23,1.10,M,M,1.0,M,M,M,M,M,M,M,M,M,M
2014-04-17,M,M,M,M,M,M,M,M,M,22,0.00,M,M,0.0,M,M,M,M,M,M,M,M,M,M
2014-04-18,M,M,M,M,M,M,M,M,M,24,0.00,M,M,0.0,M,M,M,M,M,M,M,M,M,M
2014-04-19,M,M,M,M,M,M,M,M,M,30,0.00,M,M,0.0,M,M,M,M,M,M,M,M,M,M
2014-04-20,M,M,M,M,M,M,M,M,M,26,0.00,M,M,0.0,M,M,M,M,M,M,M,M,M,M
2014-04-21,M,M,M,M,M,M,M,M,M,35,0.00,M,M,0.0,M,M,M,M,M,M,M,M,M,M
2014-04-22,M,M,M,M,M,M,M,M,M,46,0.00,M,M,0.0,M,M,M,M,M,M,M,M,M,M
2014-04-23,M,M,M,M,M,M,M,M,M,42,0.06,M,M,0.0,M,M,M,M,M,M,M,M,M,M
2014-04-24,M,M,M,M,M,M,M,M,M,34,T,M,M,0.0,M,M,M,M,M,M,M,M,M,M
2014-04-25,M,M,M,M,M,M,M,M,M,29,0.00,M,M,0.0,M,M,M,M,M,M,M,M,M,M
2014-04-26,M,M,M,M,M,M,M,M,M,40,0.41,M,M,0.0,M,M,M,M,M,M,M,M,M,M
2014-04-27,M,M,M,M,M,M,M,M,M,40,0.04,M,M,M,M,M,M,M,M,M,M,M,M,M
2014-04-28,M,M,M,M,M,M,M,M,M,33,T,M,M,0.0,M,M,M,M,M,M,M,M,M,M
2014-04-29,M,M,M,M,M,M,M,M,M,44,0.00,M,M,0.0,M,M,M,M,M,M,M,M,M,M
2014-04-30,M,M,M,M,M,M,M,M,M,40,0.41,M,M,0.0,M,M,M,M,M,M,M,M,M,M
2014-05-01,M,M,M,M,M,M,M,M,M,44,1.05,M,M,0.0,M,M,M,M,M,M,M,M,M,M
2014-05-02,M,M,M,M,M,M,M,M,M,36,T,M,M,M,M,M,M,M,M,M,M,M,M,M
2014-05-03,M,M,M,M,M,M,M,M,M,M,S,M,M,M,M,M,M,M,M,M,M,M,M,M
2014-05-04,M,M,M,M,M,M,M,M,M,M,M,M,M,M,M,M,M,M,M,M,M,M,M,M
2014-05-05,M,M,M,M,M,M,M,M,M,M,M,M,M,M,M,M,M,M,M,M,M,M,M,M
2014-05-06,M,M,M,M,M,M,M,M,M,M,M,M,M,M,M,M,M,M,M,M,M,M,M,M
2014-05-07,M,M,M,M,M,M,M,M,M,M,M,M,M,M,M,M,M,M,M,M,M,M,M,M
2014-05-08,M,M,M,M,M,M,M,M,M,M,M,M,M,M,M,M,M,M,M,M,M,M,M,M
2014-05-09,M,M,M,M,M,M,M,M,M,M,M,M,M,M,M,M,M,M,M,M,M,M,M,M
2014-05-10,M,M,M,M,M,M,M,M,M,M,M,M,M,M,M,M,M,M,M,M,M,M,M,M
2014-05-11,M,M,M,M,M,M,M,M,M,50,0.48A,M,M,0.0,M,M,M,M,M,M,M,M,M,M
2014-05-12,M,M,M,M,M,M,M,M,M,46,0.00,M,M,0.0,M,M,M,M,M,M,M,M,M,M
2014-05-13,M,M,M,M,M,M,M,M,M,60,0.00,M,M,0.0,M,M,M,M,M,M,M,M,M,M
2014-05-14,M,M,M,M,M,M,M,M,M,50,0.08,M,M,0.0,M,M,M,M,M,M,M,M,M,M
2014-05-15,M,M,M,M,M,M,M,M,M,61,0.00,M,M,0.0,M,M,M,M,M,M,M,M,M,M
2014-05-16,M,M,M,M,M,M,M,M,M,65,0.05,M,M,0.0,M,M,M,M,M,M,M,M,M,M
2014-05-17,M,M,M,M,M,M,M,M,M,47,1.60,M,M,M,M,M,M,M,M,M,M,M,M,M
2014-05-18,M,M,M,M,M,M,M,M,M,38,0.00,M,M,0.0,M,M,M,M,M,M,M,M,M,M
2014-05-19,M,M,M,M,M,M,M,M,M,37,T,M,M,0.0,M,M,M,M,M,M,M,M,M,M
2014-05-20,M,M,M,M,M,M,M,M,M,42,T,M,M,0.0,M,M,M,M,M,M,M,M,M,M
2014-05-21,M,M,M,M,M,M,M,M,M,44,0.00,M,M,0.0,M,M,M,M,M,M,M,M,M,M
2014-05-22,M,M,M,M,M,M,M,M,M,53,0.02,M,M,0.0,M,M,M,M,M,M,M,M,M,M
2014-05-23,M,M,M,M,M,M,M,M,M,55,0.05,M,M,0.0,M,M,M,M,M,M,M,M,M,M
2014-05-24,M,M,M,M,M,M,M,M,M,55,0.80,M,M,0.0,M,M,M,M,M,M,M,M,M,M
2014-05-25,M,M,M,M,M,M,M,M,M,M,S,M,M,M,M,M,M,M,M,M,M,M,M,M
2014-05-26,M,M,M,M,M,M,M,M,M,58,0.24A,M,M,0.0,M,M,M,M,M,M,M,M,M,M
2014-05-27,M,M,M,M,M,M,M,M,M,64,T,M,M,0.0,M,M,M,M,M,M,M,M,M,M
2014-05-28,M,M,M,M,M,M,M,M,M,55,0.18,M,M,0.0,M,M,M,M,M,M,M,M,M,M
2014-05-29,M,M,M,M,M,M,M,M,M,45,0.02,M,M,0.0,M,M,M,M,M,M,M,M,M,M
2014-05-30,M,M,M,M,M,M,M,M,M,46,0.00,M,M,0.0,M,M,M,M,M,M,M,M,M,M
2014-05-31,M,M,M,M,M,M,M,M,M,48,0.85,M,M,0.0,M,M,M,M,M,M,M,M,M,M
2014-06-01,M,M,M,M,M,M,M,M,M,46,0.00,M,M,0.0,M,M,M,M,M,M,M,M,M,M
2014-06-02,M,M,M,M,M,M,M,M,M,47,0.00,M,M,0.0,M,M,M,M,M,M,M,M,M,M
2014-06-03,M,M,M,M,M,M,M,M,M,57,0.00,M,M,0.0,M,M,M,M,M,M,M,M,M,M
2014-06-04,M,M,M,M,M,M,M,M,M,58,0.60,M,M,0.0,M,M,M,M,M,M,M,M,M,M
2014-06-05,M,M,M,M,M,M,M,M,M,54,0.00,M,M,0.0,M,M,M,M,M,M,M,M,M,M
2014-06-06,M,M,M,M,M,M,M,M,M,53,T,M,M,0.0,M,M,M,M,M,M,M,M,M,M
2014-06-07,M,M,M,M,M,M,M,M,M,54,0.00,M,M,0.0,M,M,M,M,M,M,M,M,M,M
2014-06-08,M,M,M,M,M,M,M,M,M,58,0.00,M,M,0.0,M,M,M,M,M,M,M,M,M,M
2014-06-09,M,M,M,M,M,M,M,M,M,61,0.05,M,M,0.0,M,M,M,M,M,M,M,M,M,M
2014-06-10,M,M,M,M,M,M,M,M,M,60,T,M,M,0.0,M,M,M,M,M,M,M,M,M,M
2014-06-11,M,M,M,M,M,M,M,M,M,60,0.00,M,M,0.0,M,M,M,M,M,M,M,M,M,M
2014-06-12,M,M,M,M,M,M,M,M,M,56,0.54,M,M,0.0,M,M,M,M,M,M,M,M,M,M
2014-06-13,M,M,M,M,M,M,M,M,M,62,0.94,M,M,0.0,M,M,M,M,M,M,M,M,M,M
2014-06-14,M,M,M,M,M,M,M,M,M,58,3.05,M,M,0.0,M,M,M,M,M,M,M,M,M,M
2014-06-15,M,M,M,M,M,M,M,M,M,55,0.00,M,M,0.0,M,M,M,M,M,M,M,M,M,M
2014-06-16,M,M,M,M,M,M,M,M,M,50,0.00,M,M,0.0,M,M,M,M,M,M,M,M,M,M
2014-06-17,M,M,M,M,M,M,M,M,M,56,0.00,M,M,0.0,M,M,M,M,M,M,M,M,M,M
2014-06-18,M,M,M,M,M,M,M,M,M,65,0.48,M,M,0.0,M,M,M,M,M,M,M,M,M,M
2014-06-19,M,M,M,M,M,M,M,M,M,61,0.00,M,M,0.0,M,M,M,M,M,M,M,M,M,M
2014-06-20,M,M,M,M,M,M,M,M,M,50,0.00,M,M,0.0,M,M,M,M,M,M,M,M,M,M
2014-06-21,M,M,M,M,M,M,M,M,M,50,0.00,M,M,0.0,M,M,M,M,M,M,M,M,M,M
2014-06-22,M,M,M,M,M,M,M,M,M,50,0.00,M,M,0.0,M,M,M,M,M,M,M,M,M,M
2014-06-23,M,M,M,M,M,M,M,M,M,55,0.00,M,M,0.0,M,M,M,M,M,M,M,M,M,M
2014-06-24,M,M,M,M,M,M,M,M,M,63,0.00,M,M,0.0,M,M,M,M,M,M,M,M,M,M
2014-06-25,M,M,M,M,M,M,M,M,M,65,0.10,M,M,0.0,M,M,M,M,M,M,M,M,M,M
2014-06-26,M,M,M,M,M,M,M,M,M,66,0.95,M,M,0.0,M,M,M,M,M,M,M,M,M,M
2014-06-27,M,M,M,M,M,M,M,M,M,57,T,M,M,0.0,M,M,M,M,M,M,M,M,M,M
2014-06-28,M,M,M,M,M,M,M,M,M,54,0.00,M,M,0.0,M,M,M,M,M,M,M,M,M,M
2014-06-29,M,M,M,M,M,M,M,M,M,M,S,M,M,M,M,M,M,M,M,M,M,M,M,M
2014-06-30,M,M,M,M,M,M,M,M,M,65,0.00A,M,M,0.0,M,M,M,M,M,M,M,M,M,M
2014-07-01,M,M,M,M,M,M,M,M,M,67,0.00,M,M,0.0,M,M,M,M,M,M,M,M,M,M
2014-07-02,M,M,M,M,M,M,M,M,M,68,0.05,M,M,0.0,M,M,M,M,M,M,M,M,M,M
2014-07-03,M,M,M,M,M,M,M,M,M,68,0.62,M,M,0.0,M,M,M,M,M,M,M,M,M,M
2014-07-04,M,M,M,M,M,M,M,M,M,67,1.40,M,M,0.0,M,M,M,M,M,M,M,M,M,M
2014-07-05,M,M,M,M,M,M,M,M,M,57,T,M,M,0.0,M,M,M,M,M,M,M,M,M,M
2014-07-06,M,M,M,M,M,M,M,M,M,55,0.00,M,M,0.0,M,M,M,M,M,M,M,M,M,M
2014-07-07,M,M,M,M,M,M,M,M,M,57,0.00,M,M,0.0,M,M,M,M,M,M,M,M,M,M
2014-07-08,M,M,M,M,M,M,M,M,M,68,0.60,M,M,M,M,M,M,M,M,M,M,M,M,M
2014-07-09,M,M,M,M,M,M,M,M,M,66,0.38,M,M,0.0,M,M,M,M,M,M,M,M,M,M
2014-07-10,M,M,M,M,M,M,M,M,M,56,0.32,M,M,0.0,M,M,M,M,M,M,M,M,M,M
2014-07-11,M,M,M,M,M,M,M,M,M,56,0.00,M,M,0.0,M,M,M,M,M,M,M,M,M,M
2014-07-12,M,M,M,M,M,M,M,M,M,M,M,M,M,M,M,M,M,M,M,M,M,M,M,M
2014-07-13,M,M,M,M,M,M,M,M,M,M,M,M,M,M,M,M,M,M,M,M,M,M,M,M
2014-07-14,M,M,M,M,M,M,M,M,M,M,M,M,M,M,M,M,M,M,M,M,M,M,M,M
2014-07-15,M,M,M,M,M,M,M,M,M,71,T,M,M,0.0,M,M,M,M,M,M,M,M,M,M
2014-07-16,M,M,M,M,M,M,M,M,M,66,0.08,M,M,0.0,M,M,M,M,M,M,M,M,M,M
2014-07-17,M,M,M,M,M,M,M,M,M,55,0.00,M,M,0.0,M,M,M,M,M,M,M,M,M,M
2014-07-18,M,M,M,M,M,M,M,M,M,53,T,M,M,0.0,M,M,M,M,M,M,M,M,M,M
2014-07-19,M,M,M,M,M,M,M,M,M,59,0.00,M,M,0.0,M,M,M,M,M,M,M,M,M,M
2014-07-20,M,M,M,M,M,M,M,M,M,60,0.00,M,M,0.0,M,M,M,M,M,M,M,M,M,M
2014-07-21,M,M,M,M,M,M,M,M,M,58,0.00,M,M,0.0,M,M,M,M,M,M,M,M,M,M
2014-07-22,M,M,M,M,M,M,M,M,M,64,0.00,M,M,0.0,M,M,M,M,M,M,M,M,M,M
2014-07-23,M,M,M,M,M,M,M,M,M,70,0.00,M,M,0.0,M,M,M,M,M,M,M,M,M,M
2014-07-24,M,M,M,M,M,M,M,M,M,63,0.25,M,M,0.0,M,M,M,M,M,M,M,M,M,M
2014-07-25,M,M,M,M,M,M,M,M,M,52,0.00,M,M,0.0,M,M,M,M,M,M,M,M,M,M
2014-07-26,M,M,M,M,M,M,M,M,M,56,0.00,M,M,0.0,M,M,M,M,M,M,M,M,M,M
2014-07-27,M,M,M,M,M,M,M,M,M,63,0.12,M,M,0.0,M,M,M,M,M,M,M,M,M,M
2014-07-28,M,M,M,M,M,M,M,M,M,64,0.95,M,M,0.0,M,M,M,M,M,M,M,M,M,M
2014-07-29,M,M,M,M,M,M,M,M,M,57,0.70,M,M,0.0,M,M,M,M,M,M,M,M,M,M
2014-07-30,M,M,M,M,M,M,M,M,M,55,0.00,M,M,0.0,M,M,M,M,M,M,M,M,M,M
2014-07-31,M,M,M,M,M,M,M,M,M,57,0.00,M,M,0.0,M,M,M,M,M,M,M,M,M,M
2014-08-01,M,M,M,M,M,M,M,M,M,56,0.07,M,M,0.0,M,M,M,M,M,M,M,M,M,M
2014-08-02,M,M,M,M,M,M,M,M,M,64,0.00,M,M,0.0,M,M,M,M,M,M,M,M,M,M
2014-08-03,M,M,M,M,M,M,M,M,M,M,M,M,M,M,M,M,M,M,M,M,M,M,M,M
2014-08-04,M,M,M,M,M,M,M,M,M,65,0.00,M,M,0.0,M,M,M,M,M,M,M,M,M,M
2014-08-05,M,M,M,M,M,M,M,M,M,61,0.00,M,M,0.0,M,M,M,M,M,M,M,M,M,M
2014-08-06,M,M,M,M,M,M,M,M,M,64,T,M,M,0.0,M,M,M,M,M,M,M,M,M,M
2014-08-07,M,M,M,M,M,M,M,M,M,58,0.00,M,M,0.0,M,M,M,M,M,M,M,M,M,M
2014-08-08,M,M,M,M,M,M,M,M,M,55,T,M,M,0.0,M,M,M,M,M,M,M,M,M,M
2014-08-09,M,M,M,M,M,M,M,M,M,M,M,M,M,M,M,M,M,M,M,M,M,M,M,M
2014-08-10,M,M,M,M,M,M,M,M,M,M,M,M,M,M,M,M,M,M,M,M,M,M,M,M
2014-08-11,M,M,M,M,M,M,M,M,M,58,0.00,M,M,0.0,M,M,M,M,M,M,M,M,M,M
2014-08-12,M,M,M,M,M,M,M,M,M,60,0.00,M,M,0.0,M,M,M,M,M,M,M,M,M,M
2014-08-13,M,M,M,M,M,M,M,M,M,65,0.10,M,M,0.0,M,M,M,M,M,M,M,M,M,M
2014-08-14,M,M,M,M,M,M,M,M,M,54,1.11,M,M,0.0,M,M,M,M,M,M,M,M,M,M
2014-08-15,M,M,M,M,M,M,M,M,M,52,T,M,M,0.0,M,M,M,M,M,M,M,M,M,M
2014-08-16,M,M,M,M,M,M,M,M,M,52,T,M,M,0.0,M,M,M,M,M,M,M,M,M,M
2014-08-17,M,M,M,M,M,M,M,M,M,60,T,M,M,0.0,M,M,M,M,M,M,M,M,M,M
2014-08-18,M,M,M,M,M,M,M,M,M,55,0.00,M,M,0.0,M,M,M,M,M,M,M,M,M,M
2014-08-19,M,M,M,M,M,M,M,M,M,50,0.00,M,M,0.0,M,M,M,M,M,M,M,M,M,M
2014-08-20,M,M,M,M,M,M,M,M,M,55,0.00,M,M,0.0,M,M,M,M,M,M,M,M,M,M
2014-08-21,M,M,M,M,M,M,M,M,M,65,1.32,M,M,0.0,M,M,M,M,M,M,M,M,M,M
2014-08-22,M,M,M,M,M,M,M,M,M,63,1.24,M,M,0.0,M,M,M,M,M,M,M,M,M,M
2014-08-23,M,M,M,M,M,M,M,M,M,61,0.07,M,M,0.0,M,M,M,M,M,M,M,M,M,M
2014-08-24,M,M,M,M,M,M,M,M,M,57,T,M,M,0.0,M,M,M,M,M,M,M,M,M,M
2014-08-25,M,M,M,M,M,M,M,M,M,57,0.00,M,M,0.0,M,M,M,M,M,M,M,M,M,M
2014-08-26,M,M,M,M,M,M,M,M,M,59,0.00,M,M,0.0,M,M,M,M,M,M,M,M,M,M
2014-08-27,M,M,M,M,M,M,M,M,M,M,S,M,M,M,M,M,M,M,M,M,M,M,M,M
2014-08-28,M,M,M,M,M,M,M,M,M,59,0.00A,M,M,0.0,M,M,M,M,M,M,M,M,M,M
2014-08-29,M,M,M,M,M,M,M,M,M,52,0.00,M,M,0.0,M,M,M,M,M,M,M,M,M,M
2014-08-30,M,M,M,M,M,M,M,M,M,50,0.00,M,M,0.0,M,M,M,M,M,M,M,M,M,M
2014-08-31,M,M,M,M,M,M,M,M,M,66,0.00,M,M,0.0,M,M,M,M,M,M,M,M,M,M
2014-09-01,M,M,M,M,M,M,M,M,M,65,0.45,M,M,0.0,M,M,M,M,M,M,M,M,M,M
2014-09-02,M,M,M,M,M,M,M,M,M,63,0.00,M,M,0.0,M,M,M,M,M,M,M,M,M,M
2014-09-03,M,M,M,M,M,M,M,M,M,60,0.47,M,M,0.0,M,M,M,M,M,M,M,M,M,M
2014-09-04,M,M,M,M,M,M,M,M,M,56,0.00,M,M,0.0,M,M,M,M,M,M,M,M,M,M
2014-09-05,M,M,M,M,M,M,M,M,M,61,0.00,M,M,0.0,M,M,M,M,M,M,M,M,M,M
2014-09-06,M,M,M,M,M,M,M,M,M,68,0.00,M,M,0.0,M,M,M,M,M,M,M,M,M,M
2014-09-07,M,M,M,M,M,M,M,M,M,55,0.00,M,M,0.0,M,M,M,M,M,M,M,M,M,M
2014-09-08,M,M,M,M,M,M,M,M,M,50,0.00,M,M,0.0,M,M,M,M,M,M,M,M,M,M
2014-09-09,M,M,M,M,M,M,M,M,M,50,0.00,M,M,0.0,M,M,M,M,M,M,M,M,M,M
2014-09-10,M,M,M,M,M,M,M,M,M,54,0.00,M,M,0.0,M,M,M,M,M,M,M,M,M,M
2014-09-11,M,M,M,M,M,M,M,M,M,63,T,M,M,0.0,M,M,M,M,M,M,M,M,M,M
2014-09-12,M,M,M,M,M,M,M,M,M,52,0.11,M,M,0.0,M,M,M,M,M,M,M,M,M,M
2014-09-13,M,M,M,M,M,M,M,M,M,42,0.00,M,M,0.0,M,M,M,M,M,M,M,M,M,M
2014-09-14,M,M,M,M,M,M,M,M,M,40,0.50,M,M,0.0,M,M,M,M,M,M,M,M,M,M
2014-09-15,M,M,M,M,M,M,M,M,M,42,0.00,M,M,0.0,M,M,M,M,M,M,M,M,M,M
2014-09-16,M,M,M,M,M,M,M,M,M,50,0.25,M,M,0.0,M,M,M,M,M,M,M,M,M,M
2014-09-17,M,M,M,M,M,M,M,M,M,42,0.09,M,M,0.0,M,M,M,M,M,M,M,M,M,M
2014-09-18,M,M,M,M,M,M,M,M,M,42,0.00,M,M,0.0,M,M,M,M,M,M,M,M,M,M
2014-09-19,M,M,M,M,M,M,M,M,M,38,0.05,M,M,0.0,M,M,M,M,M,M,M,M,M,M
2014-09-20,M,M,M,M,M,M,M,M,M,47,0.00,M,M,0.0,M,M,M,M,M,M,M,M,M,M
2014-09-21,M,M,M,M,M,M,M,M,M,56,0.00,M,M,0.0,M,M,M,M,M,M,M,M,M,M
2014-09-22,M,M,M,M,M,M,M,M,M,55,T,M,M,0.0,M,M,M,M,M,M,M,M,M,M
2014-09-23,M,M,M,M,M,M,M,M,M,39,0.00,M,M,0.0,M,M,M,M,M,M,M,M,M,M
2014-09-24,M,M,M,M,M,M,M,M,M,47,0.00,M,M,0.0,M,M,M,M,M,M,M,M,M,M
2014-09-25,M,M,M,M,M,M,M,M,M,45,0.00,M,M,0.0,M,M,M,M,M,M,M,M,M,M
2014-09-26,M,M,M,M,M,M,M,M,M,48,0.00,M,M,0.0,M,M,M,M,M,M,M,M,M,M
2014-09-27,M,M,M,M,M,M,M,M,M,50,0.00,M,M,0.0,M,M,M,M,M,M,M,M,M,M
2014-09-28,M,M,M,M,M,M,M,M,M,54,0.00,M,M,0.0,M,M,M,M,M,M,M,M,M,M
2014-09-29,M,M,M,M,M,M,M,M,M,55,0.00,M,M,0.0,M,M,M,M,M,M,M,M,M,M
2014-09-30,M,M,M,M,M,M,M,M,M,55,0.00,M,M,0.0,M,M,M,M,M,M,M,M,M,M
2014-10-01,M,M,M,M,M,M,M,M,M,59,0.00,M,M,0.0,M,M,M,M,M,M,M,M,M,M
2014-10-02,M,M,M,M,M,M,M,M,M,57,T,M,M,0.0,M,M,M,M,M,M,M,M,M,M
2014-10-03,M,M,M,M,M,M,M,M,M,51,0.00,M,M,0.0,M,M,M,M,M,M,M,M,M,M
2014-10-04,M,M,M,M,M,M,M,M,M,53,0.12,M,M,0.0,M,M,M,M,M,M,M,M,M,M
2014-10-05,M,M,M,M,M,M,M,M,M,39,0.55,M,M,0.0,M,M,M,M,M,M,M,M,M,M
2014-10-06,M,M,M,M,M,M,M,M,M,36,0.00,M,M,0.0,M,M,M,M,M,M,M,M,M,M
2014-10-07,M,M,M,M,M,M,M,M,M,54,0.03,M,M,0.0,M,M,M,M,M,M,M,M,M,M
2014-10-08,M,M,M,M,M,M,M,M,M,56,0.48,M,M,0.0,M,M,M,M,M,M,M,M,M,M
2014-10-09,M,M,M,M,M,M,M,M,M,42,T,M,M,0.0,M,M,M,M,M,M,M,M,M,M
2014-10-10,M,M,M,M,M,M,M,M,M,33,0.00,M,M,0.0,M,M,M,M,M,M,M,M,M,M
2014-10-11,M,M,M,M,M,M,M,M,M,37,0.00,M,M,0.0,M,M,M,M,M,M,M,M,M,M
2014-10-12,M,M,M,M,M,M,M,M,M,34,0.00,M,M,0.0,M,M,M,M,M,M,M,M,M,M
2014-10-13,M,M,M,M,M,M,M,M,M,33,0.00,M,M,0.0,M,M,M,M,M,M,M,M,M,M
2014-10-14,M,M,M,M,M,M,M,M,M,53,0.00,M,M,0.0,M,M,M,M,M,M,M,M,M,M
2014-10-15,M,M,M,M,M,M,M,M,M,62,0.00,M,M,0.0,M,M,M,M,M,M,M,M,M,M
2014-10-16,M,M,M,M,M,M,M,M,M,66,0.43,M,M,0.0,M,M,M,M,M,M,M,M,M,M
2014-10-17,M,M,M,M,M,M,M,M,M,54,0.33,M,M,0.0,M,M,M,M,M,M,M,M,M,M
2014-10-18,M,M,M,M,M,M,M,M,M,53,T,M,M,0.0,M,M,M,M,M,M,M,M,M,M
2014-10-19,M,M,M,M,M,M,M,M,M,42,0.14,M,M,M,M,M,M,M,M,M,M,M,M,M
2014-10-20,M,M,M,M,M,M,M,M,M,27,0.00,M,M,0.0,M,M,M,M,M,M,M,M,M,M
2014-10-21,M,M,M,M,M,M,M,M,M,41,0.04,M,M,0.0,M,M,M,M,M,M,M,M,M,M
2014-10-22,M,M,M,M,M,M,M,M,M,47,0.11,M,M,0.0,M,M,M,M,M,M,M,M,M,M
2014-10-23,M,M,M,M,M,M,M,M,M,45,0.14,M,M,0.0,M,M,M,M,M,M,M,M,M,M
2014-10-24,M,M,M,M,M,M,M,M,M,44,0.90,M,M,0.0,M,M,M,M,M,M,M,M,M,M
2014-10-25,M,M,M,M,M,M,M,M,M,36,0.03,M,M,0.0,M,M,M,M,M,M,M,M,M,M
2014-10-26,M,M,M,M,M,M,M,M,M,45,0.17,M,M,0.0,M,M,M,M,M,M,M,M,M,M
2014-10-27,M,M,M,M,M,M,M,M,M,46,0.05,M,M,0.0,M,M,M,M,M,M,M,M,M,M
2014-10-28,M,M,M,M,M,M,M,M,M,42,0.00,M,M,0.0,M,M,M,M,M,M,M,M,M,M
2014-10-29,M,M,M,M,M,M,M,M,M,50,0.03,M,M,0.0,M,M,M,M,M,M,M,M,M,M
2014-10-30,M,M,M,M,M,M,M,M,M,45,T,M,M,0.0,M,M,M,M,M,M,M,M,M,M
2014-10-31,M,M,M,M,M,M,M,M,M,29,T,M,M,0.0,M,M,M,M,M,M,M,M,M,M
2014-11-01,M,M,M,M,M,M,M,M,M,36,0.00,M,M,0.0,M,M,M,M,M,M,M,M,M,M
2014-11-02,M,M,M,M,M,M,M,M,M,34,0.00,M,M,0.0,M,M,M,M,M,M,M,M,M,M
2014-11-03,M,M,M,M,M,M,M,M,M,28,0.00,M,M,0.0,M,M,M,M,M,M,M,M,M,M
2014-11-04,M,M,M,M,M,M,M,M,M,40,0.00,M,M,0.0,M,M,M,M,M,M,M,M,M,M
2014-11-05,M,M,M,M,M,M,M,M,M,45,0.00,M,M,0.0,M,M,M,M,M,M,M,M,M,M
2014-11-06,M,M,M,M,M,M,M,M,M,34,T,M,M,0.0,M,M,M,M,M,M,M,M,M,M
2014-11-07,M,M,M,M,M,M,M,M,M,38,0.34,M,M,0.0,M,M,M,M,M,M,M,M,M,M
2014-11-08,M,M,M,M,M,M,M,M,M,31,0.03,M,M,0.0,M,M,M,M,M,M,M,M,M,M
2014-11-09,M,M,M,M,M,M,M,M,M,35,0.00,M,M,0.0,M,M,M,M,M,M,M,M,M,M
2014-11-10,M,M,M,M,M,M,M,M,M,27,0.00,M,M,0.0,M,M,M,M,M,M,M,M,M,M
2014-11-11,M,M,M,M,M,M,M,M,M,29,T,M,M,0.0,M,M,M,M,M,M,M,M,M,M
2014-11-12,M,M,M,M,M,M,M,M,M,48,0.00,M,M,0.0,M,M,M,M,M,M,M,M,M,M
2014-11-13,M,M,M,M,M,M,M,M,M,26,T,M,M,0.0,M,M,M,M,M,M,M,M,M,M
2014-11-14,M,M,M,M,M,M,M,M,M,29,0.01,M,M,T,M,M,M,M,M,M,M,M,M,M
2014-11-15,M,M,M,M,M,M,M,M,M,25,0.00,M,M,0.0,M,M,M,M,M,M,M,M,M,M
2014-11-16,M,M,M,M,M,M,M,M,M,24,0.00,M,M,0.0,M,M,M,M,M,M,M,M,M,M
2014-11-17,M,M,M,M,M,M,M,M,M,31,0.01,M,M,0.5,M,M,M,M,M,M,M,M,M,M
2014-11-18,M,M,M,M,M,M,M,M,M,26,0.95,M,M,T,M,M,M,M,M,M,M,M,M,M
2014-11-19,M,M,M,M,M,M,M,M,M,19,0.01,M,M,T,M,M,M,M,M,M,M,M,M,M
2014-11-20,M,M,M,M,M,M,M,M,M,20,0.01,M,M,T,M,M,M,M,M,M,M,M,M,M
2014-11-21,M,M,M,M,M,M,M,M,M,20,0.01,M,M,T,M,M,M,M,M,M,M,M,M,M
2014-11-22,M,M,M,M,M,M,M,M,M,18,0.00,M,M,0.0,M,M,M,M,M,M,M,M,M,M
2014-11-23,M,M,M,M,M,M,M,M,M,M,M,M,M,M,M,M,M,M,M,M,M,M,M,M
2014-11-24,M,M,M,M,M,M,M,M,M,36,0.50,M,M,0.0,M,M,M,M,M,M,M,M,M,M
2014-11-25,M,M,M,M,M,M,M,M,M,M,M,M,M,M,M,M,M,M,M,M,M,M,M,M
2014-11-26,M,M,M,M,M,M,M,M,M,33,0.00,M,M,0.0,M,M,M,M,M,M,M,M,M,M
2014-11-27,M,M,M,M,M,M,M,M,M,25,M,M,M,M,M,M,M,M,M,M,M,M,M,M
2014-11-28,M,M,M,M,M,M,M,M,M,22,0.01,M,M,1.5,M,M,M,M,M,M,M,M,M,M
2014-11-29,M,M,M,M,M,M,M,M,M,15,0.00,M,M,0.0,M,M,M,M,M,M,M,M,M,M
2014-11-30,M,M,M,M,M,M,M,M,M,31,0.00,M,M,0.0,M,M,M,M,M,M,M,M,M,M
2014-12-01,M,M,M,M,M,M,M,M,M,34,T,M,M,0.0,M,M,M,M,M,M,M,M,M,M
2014-12-02,M,M,M,M,M,M,M,M,M,24,0.00,M,M,0.0,M,M,M,M,M,M,M,M,M,M
2014-12-03,M,M,M,M,M,M,M,M,M,31,0.01,M,M,2.5,M,M,M,M,M,M,M,M,M,M
2014-12-04,M,M,M,M,M,M,M,M,M,M,M,M,M,M,M,M,M,M,M,M,M,M,M,M
2014-12-05,M,M,M,M,M,M,M,M,M,15,0.00,M,M,0.0,M,M,M,M,M,M,M,M,M,M
2014-12-06,M,M,M,M,M,M,M,M,M,32,0.01,M,M,2.0,M,M,M,M,M,M,M,M,M,M
2014-12-07,M,M,M,M,M,M,M,M,M,25,0.20,M,M,T,M,M,M,M,M,M,M,M,M,M
2014-12-08,M,M,M,M,M,M,M,M,M,10,0.00,M,M,0.0,M,M,M,M,M,M,M,M,M,M
2014-12-09,M,M,M,M,M,M,M,M,M,24,0.00,M,M,0.0,M,M,M,M,M,M,M,M,M,M
2014-12-10,M,M,M,M,M,M,M,M,M,32,0.40,M,M,3.0,M,M,M,M,M,M,M,M,M,M
2014-12-11,M,M,M,M,M,M,M,M,M,M,M,M,M,M,M,M,M,M,M,M,M,M,M,M
2014-12-12,M,M,M,M,M,M,M,M,M,28,0.01,M,M,T,M,M,M,M,M,M,M,M,M,M
2014-12-13,M,M,M,M,M,M,M,M,M,M,S,M,M,M,M,M,M,M,M,M,M,M,M,M
2014-12-14,M,M,M,M,M,M,M,M,M,M,M,M,M,M,M,M,M,M,M,M,M,M,M,M
2014-12-15,M,M,M,M,M,M,M,M,M,M,M,M,M,M,M,M,M,M,M,M,M,M,M,M
2014-12-16,M,M,M,M,M,M,M,M,M,30,0.01A,M,M,T,M,M,M,M,M,M,M,M,M,M
2014-12-17,M,M,M,M,M,M,M,M,M,32,0.20,M,M,0.0,M,M,M,M,M,M,M,M,M,M
2014-12-18,M,M,M,M,M,M,M,M,M,33,0.08,M,M,0.0,M,M,M,M,M,M,M,M,M,M
2014-12-19,M,M,M,M,M,M,M,M,M,28,0.00,M,M,0.0,M,M,M,M,M,M,M,M,M,M
2014-12-20,M,M,M,M,M,M,M,M,M,18,0.00,M,M,0.0,M,M,M,M,M,M,M,M,M,M
2014-12-21,M,M,M,M,M,M,M,M,M,24,0.00,M,M,0.0,M,M,M,M,M,M,M,M,M,M
2014-12-22,M,M,M,M,M,M,M,M,M,27,0.01,M,M,T,M,M,M,M,M,M,M,M,M,M
2014-12-23,M,M,M,M,M,M,M,M,M,32,0.01,M,M,0.5,M,M,M,M,M,M,M,M,M,M
2014-12-24,M,M,M,M,M,M,M,M,M,32,0.70,M,M,0.0,M,M,M,M,M,M,M,M,M,M
2014-12-25,M,M,M,M,M,M,M,M,M,44,1.27,M,M,0.0,M,M,M,M,M,M,M,M,M,M
2014-12-26,M,M,M,M,M,M,M,M,M,37,0.03,M,M,0.0,M,M,M,M,M,M,M,M,M,M
2014-12-27,M,M,M,M,M,M,M,M,M,29,0.00,M,M,0.0,M,M,M,M,M,M,M,M,M,M
2014-12-28,M,M,M,M,M,M,M,M,M,39,0.20,M,M,0.0,M,M,M,M,M,M,M,M,M,M
2014-12-29,M,M,M,M,M,M,M,M,M,30,0.00,M,M,0.0,M,M,M,M,M,M,M,M,M,M
2014-12-30,M,M,M,M,M,M,M,M,M,14,0.00,M,M,0.0,M,M,M,M,M,M,M,M,M,M
2014-12-31,M,M,M,M,M,M,M,M,M,14,0.00,M,M,0.0,M,M,M,M,M,M,M,M,M,M
2015-01-01,M,M,M,M,M,M,M,M,M,17,0.01,M,M,T,M,M,M,M,M,M,M,M,M,M
2015-01-02,M,M,M,M,M,M,M,M,M,27,0.00,M,M,0.0,M,M,M,M,M,M,M,M,M,M
2015-01-03,M,M,M,M,M,M,M,M,M,12,0.00,M,M,0.0,M,M,M,M,M,M,M,M,M,M
2015-01-04,M,M,M,M,M,M,M,M,M,31,0.01,M,M,2.0,M,M,M,M,M,M,M,M,M,M
2015-01-05,M,M,M,M,M,M,M,M,M,26,0.01,M,M,T,M,M,M,M,M,M,M,M,M,M
2015-01-06,M,M,M,M,M,M,M,M,M,2,0.01,M,M,T,M,M,M,M,M,M,M,M,M,M
2015-01-07,M,M,M,M,M,M,M,M,M,2,0.01,M,M,T,M,M,M,M,M,M,M,M,M,M
2015-01-08,M,M,M,M,M,M,M,M,M,-14,0.00,M,M,0.0,M,M,M,M,M,M,M,M,M,M
2015-01-09,M,M,M,M,M,M,M,M,M,11,0.01,M,M,2.0,M,M,M,M,M,M,M,M,M,M
2015-01-10,M,M,M,M,M,M,M,M,M,2,0.01,M,M,3.0,M,M,M,M,M,M,M,M,M,M
2015-01-11,M,M,M,M,M,M,M,M,M,-4,0.00,M,M,0.0,M,M,M,M,M,M,M,M,M,M
2015-01-12,M,M,M,M,M,M,M,M,M,23,0.01,M,M,0.5,M,M,M,M,M,M,M,M,M,M
2015-01-13,M,M,M,M,M,M,M,M,M,9,0.01,M,M,2.5,M,M,M,M,M,M,M,M,M,M
2015-01-14,M,M,M,M,M,M,M,M,M,-11,0.00,M,M,0.0,M,M,M,M,M,M,M,M,M,M
2015-01-15,M,M,M,M,M,M,M,M,M,4,0.00,M,M,0.0,M,M,M,M,M,M,M,M,M,M
2015-01-16,M,M,M,M,M,M,M,M,M,17,0.00,M,M,0.0,M,M,M,M,M,M,M,M,M,M
2015-01-17,M,M,M,M,M,M,M,M,M,-11,0.01,M,M,T,M,M,M,M,M,M,M,M,M,M
2015-01-18,M,M,M,M,M,M,M,M,M,9,0.00,M,M,0.0,M,M,M,M,M,M,M,M,M,M
2015-01-19,M,M,M,M,M,M,M,M,M,31,0.55,M,M,0.0,M,M,M,M,M,M,M,M,M,M
2015-01-20,M,M,M,M,M,M,M,M,M,20,0.00,M,M,0.0,M,M,M,M,M,M,M,M,M,M
2015-01-21,M,M,M,M,M,M,M,M,M,2,0.00,M,M,0.0,M,M,M,M,M,M,M,M,M,M
2015-01-22,M,M,M,M,M,M,M,M,M,12,0.00,M,M,0.0,M,M,M,M,M,M,M,M,M,M
2015-01-23,M,M,M,M,M,M,M,M,M,M,M,M,M,M,M,M,M,M,M,M,M,M,M,M
2015-01-24,M,M,M,M,M,M,M,M,M,M,S,M,M,M,M,M,M,M,M,M,M,M,M,M
2015-01-25,M,M,M,M,M,M,M,M,M,M,M,M,M,M,M,M,M,M,M,M,M,M,M,M
2015-01-26,M,M,M,M,M,M,M,M,M,M,M,M,M,M,M,M,M,M,M,M,M,M,M,M
2015-01-27,M,M,M,M,M,M,M,M,M,14,0.01A,M,M,T,M,M,M,M,M,M,M,M,M,M
2015-01-28,M,M,M,M,M,M,M,M,M,10,M,M,M,4.1,M,M,M,M,M,M,M,M,M,M
2015-01-29,M,M,M,M,M,M,M,M,M,-3,0.00,M,M,0.0,M,M,M,M,M,M,M,M,M,M
2015-01-30,M,M,M,M,M,M,M,M,M,23,M,M,M,2.3,M,M,M,M,M,M,M,M,M,M
2015-01-31,M,M,M,M,M,M,M,M,M,-2,M,M,M,1.5,M,M,M,M,M,M,M,M,M,M
2015-02-01,M,M,M,M,M,M,M,M,M,5,0.00,M,M,0.0,M,M,M,M,M,M,M,M,M,M
2015-02-02,M,M,M,M,M,M,M,M,M,5,M,M,M,4.0,M,M,M,M,M,M,M,M,M,M
2015-02-03,M,M,M,M,M,M,M,M,M,-16,M,M,M,12.0,M,M,M,M,M,M,M,M,M,M
2015-02-04,M,M,M,M,M,M,M,M,M,3,0.00,M,M,0.0,M,M,M,M,M,M,M,M,M,M
2015-02-05,M,M,M,M,M,M,M,M,M,22,M,M,M,1.8,M,M,M,M,M,M,M,M,M,M
2015-02-06,M,M,M,M,M,M,M,M,M,-9,0.00,M,M,0.0,M,M,M,M,M,M,M,M,M,M
2015-02-07,M,M,M,M,M,M,M,M,M,18,M,M,M,T,M,M,M,M,M,M,M,M,M,M
2015-02-08,M,M,M,M,M,M,M,M,M,12,M,M,M,3.0,M,M,M,M,M,M,M,M,M,M
2015-02-09,M,M,M,M,M,M,M,M,M,13,M,M,M,4.5,M,M,M,M,M,M,M,M,M,M
2015-02-10,M,M,M,M,M,M,M,M,M,20,M,M,M,5.0,M,M,M,M,M,M,M,M,M,M
2015-02-11,M,M,M,M,M,M,M,M,M,5,0.00,M,M,0.0,M,M,M,M,M,M,M,M,M,M
2015-02-12,M,M,M,M,M,M,M,M,M,18,M,M,M,T,M,M,M,M,M,M,M,M,M,M
2015-02-13,M,M,M,M,M,M,M,M,M,-4,0.00,M,M,0.0,M,M,M,M,M,M,M,M,M,M
2015-02-14,M,M,M,M,M,M,M,M,M,-0,M,M,M,T,M,M,M,M,M,M,M,M,M,M
2015-02-15,M,M,M,M,M,M,M,M,M,9,M,M,M,3.5,M,M,M,M,M,M,M,M,M,M
2015-02-16,M,M,M,M,M,M,M,M,M,-14,0.00,M,M,0.0,M,M,M,M,M,M,M,M,M,M
2015-02-17,M,M,M,M,M,M,M,M,M,-9,0.00,M,M,0.0,M,M,M,M,M,M,M,M,M,M
2015-02-18,M,M,M,M,M,M,M,M,M,-10,0.00,M,M,0.0,M,M,M,M,M,M,M,M,M,M
2015-02-19,M,M,M,M,M,M,M,M,M,15,M,M,M,1.5,M,M,M,M,M,M,M,M,M,M
2015-02-20,M,M,M,M,M,M,M,M,M,-6,0.00,M,M,0.0,M,M,M,M,M,M,M,M,M,M
2015-02-21,M,M,M,M,M,M,M,M,M,-11,0.00,M,M,0.0,M,M,M,M,M,M,M,M,M,M
2015-02-22,M,M,M,M,M,M,M,M,M,17,M,M,M,7.5,M,M,M,M,M,M,M,M,M,M
2015-02-23,M,M,M,M,M,M,M,M,M,8,0.00,M,M,0.0,M,M,M,M,M,M,M,M,M,M
2015-02-24,M,M,M,M,M,M,M,M,M,-20,0.00,M,M,0.0,M,M,M,M,M,M,M,M,M,M
2015-02-25,M,M,M,M,M,M,M,M,M,1,M,M,M,T,M,M,M,M,M,M,M,M,M,M
2015-02-26,M,M,M,M,M,M,M,M,M,5,0.00,M,M,0.0,M,M,M,M,M,M,M,M,M,M
2015-02-27,M,M,M,M,M,M,M,M,M,-4,0.00,M,M,0.0,M,M,M,M,M,M,M,M,M,M
2015-02-28,M,M,M,M,M,M,M,M,M,-11,0.00,M,M,0.0,M,M,M,M,M,M,M,M,M,M
2015-03-01,M,M,M,M,M,M,M,M,M,2,0.00,M,M,0.0,M,M,M,M,M,M,M,M,M,M
2015-03-02,M,M,M,M,M,M,M,M,M,16,M,M,M,1.2,M,M,M,M,M,M,M,M,M,M
2015-03-03,M,M,M,M,M,M,M,M,M,5,M,M,M,T,M,M,M,M,M,M,M,M,M,M
2015-03-04,M,M,M,M,M,M,M,M,M,27,M,M,M,1.5,M,M,M,M,M,M,M,M,M,M
2015-03-05,M,M,M,M,M,M,M,M,M,20,0.00,M,M,0.0,M,M,M,M,M,M,M,M,M,M
2015-03-06,M,M,M,M,M,M,M,M,M,-9,0.00,M,M,0.0,M,M,M,M,M,M,M,M,M,M
2015-03-07,M,M,M,M,M,M,M,M,M,2,0.00,M,M,0.0,M,M,M,M,M,M,M,M,M,M
2015-03-08,M,M,M,M,M,M,M,M,M,17,M,M,M,T,M,M,M,M,M,M,M,M,M,M
2015-03-09,M,M,M,M,M,M,M,M,M,14,M,M,M,T,M,M,M,M,M,M,M,M,M,M
2015-03-10,M,M,M,M,M,M,M,M,M,19,0.00,M,M,0.0,M,M,M,M,M,M,M,M,M,M
2015-03-11,M,M,M,M,M,M,M,M,M,35,T,M,M,0.0,M,M,M,M,M,M,M,M,M,M
2015-03-12,M,M,M,M,M,M,M,M,M,29,0.00,M,M,0.0,M,M,M,M,M,M,M,M,M,M
2015-03-13,M,M,M,M,M,M,M,M,M,14,0.00,M,M,0.0,M,M,M,M,M,M,M,M,M,M
2015-03-14,M,M,M,M,M,M,M,M,M,30,0.00,M,M,0.0,M,M,M,M,M,M,M,M,M,M
2015-03-15,M,M,M,M,M,M,M,M,M,34,T,M,M,0.0,M,M,M,M,M,M,M,M,M,M
2015-03-16,M,M,M,M,M,M,M,M,M,24,0.00,M,M,0.0,M,M,M,M,M,M,M,M,M,M
2015-03-17,M,M,M,M,M,M,M,M,M,31,T,M,M,0.0,M,M,M,M,M,M,M,M,M,M
2015-03-18,M,M,M,M,M,M,M,M,M,19,0.00,M,M,0.0,M,M,M,M,M,M,M,M,M,M
2015-03-19,M,M,M,M,M,M,M,M,M,7,0.00,M,M,0.0,M,M,M,M,M,M,M,M,M,M
2015-03-20,M,M,M,M,M,M,M,M,M,M,S,M,M,M,M,M,M,M,M,M,M,M,M,M
2015-03-21,M,M,M,M,M,M,M,M,M,M,M,M,M,M,M,M,M,M,M,M,M,M,M,M
2015-03-22,M,M,M,M,M,M,M,M,M,17,0.01A,M,M,T,M,M,M,M,M,M,M,M,M,M
2015-03-23,M,M,M,M,M,M,M,M,M,11,0.00,M,M,0.0,M,M,M,M,M,M,M,M,M,M
2015-03-24,M,M,M,M,M,M,M,M,M,10,0.00,M,M,0.0,M,M,M,M,M,M,M,M,M,M
2015-03-25,M,M,M,M,M,M,M,M,M,15,0.00,M,M,0.0,M,M,M,M,M,M,M,M,M,M
2015-03-26,M,M,M,M,M,M,M,M,M,33,0.10,M,M,T,M,M,M,M,M,M,M,M,M,M
2015-03-27,M,M,M,M,M,M,M,M,M,32,0.60,M,M,0.0,M,M,M,M,M,M,M,M,M,M
2015-03-28,M,M,M,M,M,M,M,M,M,26,0.01,M,M,1.1,M,M,M,M,M,M,M,M,M,M
2015-03-29,M,M,M,M,M,M,M,M,M,13,0.01,M,M,T,M,M,M,M,M,M,M,M,M,M
2015-03-30,M,M,M,M,M,M,M,M,M,28,0.01,M,M,T,M,M,M,M,M,M,M,M,M,M
2015-03-31,M,M,M,M,M,M,M,M,M,32,0.00,M,M,0.0,M,M,M,M,M,M,M,M,M,M
2015-04-01,M,M,M,M,M,M,M,M,M,20,0.00,M,M,0.0,M,M,M,M,M,M,M,M,M,M
2015-04-02,M,M,M,M,M,M,M,M,M,22,0.00,M,M,0.0,M,M,M,M,M,M,M,M,M,M
2015-04-03,M,M,M,M,M,M,M,M,M,37,0.09,M,M,0.0,M,M,M,M,M,M,M,M,M,M
2015-04-04,M,M,M,M,M,M,M,M,M,38,0.05,M,M,0.0,M,M,M,M,M,M,M,M,M,M
2015-04-05,M,M,M,M,M,M,M,M,M,29,0.00,M,M,0.0,M,M,M,M,M,M,M,M,M,M
2015-04-06,M,M,M,M,M,M,M,M,M,26,0.01,M,M,T,M,M,M,M,M,M,M,M,M,M
2015-04-07,M,M,M,M,M,M,M,M,M,36,0.00,M,M,0.0,M,M,M,M,M,M,M,M,M,M
2015-04-08,M,M,M,M,M,M,M,M,M,27,0.00,M,M,0.0,M,M,M,M,M,M,M,M,M,M
2015-04-09,M,M,M,M,M,M,M,M,M,32,0.01,M,M,0.5,M,M,M,M,M,M,M,M,M,M
2015-04-10,M,M,M,M,M,M,M,M,M,35,0.43,M,M,0.0,M,M,M,M,M,M,M,M,M,M
2015-04-11,M,M,M,M,M,M,M,M,M,37,0.65,M,M,0.0,M,M,M,M,M,M,M,M,M,M
2015-04-12,M,M,M,M,M,M,M,M,M,27,0.00,M,M,0.0,M,M,M,M,M,M,M,M,M,M
2015-04-13,M,M,M,M,M,M,M,M,M,29,0.00,M,M,0.0,M,M,M,M,M,M,M,M,M,M
2015-04-14,M,M,M,M,M,M,M,M,M,47,T,M,M,0.0,M,M,M,M,M,M,M,M,M,M
2015-04-15,M,M,M,M,M,M,M,M,M,M,S,M,M,M,M,M,M,M,M,M,M,M,M,M
2015-04-16,M,M,M,M,M,M,M,M,M,M,M,M,M,M,M,M,M,M,M,M,M,M,M,M
2015-04-17,M,M,M,M,M,M,M,M,M,M,M,M,M,M,M,M,M,M,M,M,M,M,M,M
2015-04-18,M,M,M,M,M,M,M,M,M,M,M,M,M,M,M,M,M,M,M,M,M,M,M,M
2015-04-19,M,M,M,M,M,M,M,M,M,M,M,M,M,M,M,M,M,M,M,M,M,M,M,M
2015-04-20,M,M,M,M,M,M,M,M,M,M,M,M,M,M,M,M,M,M,M,M,M,M,M,M
2015-04-21,M,M,M,M,M,M,M,M,M,46,0.98A,M,M,0.0,M,M,M,M,M,M,M,M,M,M
2015-04-22,M,M,M,M,M,M,M,M,M,34,0.08,M,M,0.0,M,M,M,M,M,M,M,M,M,M
2015-04-23,M,M,M,M,M,M,M,M,M,34,0.34,M,M,0.0,M,M,M,M,M,M,M,M,M,M
2015-04-24,M,M,M,M,M,M,M,M,M,32,0.01,M,M,T,M,M,M,M,M,M,M,M,M,M
2015-04-25,M,M,M,M,M,M,M,M,M,26,0.01,M,M,T,M,M,M,M,M,M,M,M,M,M
2015-04-26,M,M,M,M,M,M,M,M,M,42,0.00,M,M,0.0,M,M,M,M,M,M,M,M,M,M
2015-04-27,M,M,M,M,M,M,M,M,M,41,0.00,M,M,0.0,M,M,M,M,M,M,M,M,M,M
2015-04-28,M,M,M,M,M,M,M,M,M,40,T,M,M,0.0,M,M,M,M,M,M,M,M,M,M
2015-04-29,M,M,M,M,M,M,M,M,M,38,0.00,M,M,0.0,M,M,M,M,M,M,M,M,M,M
2015-04-30,M,M,M,M,M,M,M,M,M,39,0.00,M,M,0.0,M,M,M,M,M,M,M,M,M,M
2015-05-01,M,M,M,M,M,M,M,M,M,43,0.00,M,M,0.0,M,M,M,M,M,M,M,M,M,M
2015-05-02,M,M,M,M,M,M,M,M,M,M,M,M,M,M,M,M,M,M,M,M,M,M,M,M
2015-05-03,M,M,M,M,M,M,M,M,M,M,M,M,M,M,M,M,M,M,M,M,M,M,M,M
2015-05-04,M,M,M,M,M,M,M,M,M,44,T,M,M,0.0,M,M,M,M,M,M,M,M,M,M
2015-05-05,M,M,M,M,M,M,M,M,M,58,0.00,M,M,0.0,M,M,M,M,M,M,M,M,M,M
2015-05-06,M,M,M,M,M,M,M,M,M,45,0.00,M,M,0.0,M,M,M,M,M,M,M,M,M,M
2015-05-07,M,M,M,M,M,M,M,M,M,43,0.00,M,M,0.0,M,M,M,M,M,M,M,M,M,M
2015-05-08,M,M,M,M,M,M,M,M,M,50,0.00,M,M,0.0,M,M,M,M,M,M,M,M,M,M
2015-05-09,M,M,M,M,M,M,M,M,M,60,0.00,M,M,0.0,M,M,M,M,M,M,M,M,M,M
2015-05-10,M,M,M,M,M,M,M,M,M,64,0.00,M,M,0.0,M,M,M,M,M,M,M,M,M,M
2015-05-11,M,M,M,M,M,M,M,M,M,65,0.00,M,M,0.0,M,M,M,M,M,M,M,M,M,M
2015-05-12,M,M,M,M,M,M,M,M,M,66,0.67,M,M,0.0,M,M,M,M,M,M,M,M,M,M
2015-05-13,M,M,M,M,M,M,M,M,M,52,0.10,M,M,0.0,M,M,M,M,M,M,M,M,M,M
2015-05-14,M,M,M,M,M,M,M,M,M,38,0.00,M,M,0.0,M,M,M,M,M,M,M,M,M,M
2015-05-15,M,M,M,M,M,M,M,M,M,38,0.00,M,M,0.0,M,M,M,M,M,M,M,M,M,M
2015-05-16,M,M,M,M,M,M,M,M,M,54,0.03,M,M,0.0,M,M,M,M,M,M,M,M,M,M
2015-05-17,M,M,M,M,M,M,M,M,M,60,0.00,M,M,0.0,M,M,M,M,M,M,M,M,M,M
2015-05-18,M,M,M,M,M,M,M,M,M,54,0.00,M,M,0.0,M,M,M,M,M,M,M,M,M,M
2015-05-19,M,M,M,M,M,M,M,M,M,57,0.74,M,M,0.0,M,M,M,M,M,M,M,M,M,M
2015-05-20,M,M,M,M,M,M,M,M,M,49,T,M,M,0.0,M,M,M,M,M,M,M,M,M,M
2015-05-21,M,M,M,M,M,M,M,M,M,36,0.00,M,M,0.0,M,M,M,M,M,M,M,M,M,M
2015-05-22,M,M,M,M,M,M,M,M,M,46,0.00,M,M,0.0,M,M,M,M,M,M,M,M,M,M
2015-05-23,M,M,M,M,M,M,M,M,M,31,0.00,M,M,0.0,M,M,M,M,M,M,M,M,M,M
2015-05-24,M,M,M,M,M,M,M,M,M,46,0.00,M,M,0.0,M,M,M,M,M,M,M,M,M,M
2015-05-25,M,M,M,M,M,M,M,M,M,55,0.00,M,M,0.0,M,M,M,M,M,M,M,M,M,M
2015-05-26,M,M,M,M,M,M,M,M,M,65,T,M,M,0.0,M,M,M,M,M,M,M,M,M,M
2015-05-27,M,M,M,M,M,M,M,M,M,68,0.00,M,M,0.0,M,M,M,M,M,M,M,M,M,M
2015-05-28,M,M,M,M,M,M,M,M,M,66,0.20,M,M,0.0,M,M,M,M,M,M,M,M,M,M
2015-05-29,M,M,M,M,M,M,M,M,M,54,0.00,M,M,0.0,M,M,M,M,M,M,M,M,M,M
2015-05-30,M,M,M,M,M,M,M,M,M,65,0.00,M,M,0.0,M,M,M,M,M,M,M,M,M,M
2015-05-31,M,M,M,M,M,M,M,M,M,67,0.84,M,M,0.0,M,M,M,M,M,M,M,M,M,M
2015-06-01,M,M,M,M,M,M,M,M,M,50,1.07,M,M,0.0,M,M,0,M,M,M,M,M,M,M
2015-06-02,M,M,M,M,M,M,M,M,M,49,0.74,M,M,0.0,M,M,0,M,M,M,M,M,M,M
2015-06-03,M,M,M,M,M,M,M,M,M,44,0.05,M,M,0.0,M,M,0,M,M,M,M,M,M,M
2015-06-04,M,M,M,M,M,M,M,M,M,42,0.00,M,M,0.0,M,M,0,M,M,M,M,M,M,M
2015-06-05,M,M,M,M,M,M,M,M,M,56,0.00,M,M,0.0,M,M,0,M,M,M,M,M,M,M
2015-06-06,M,M,M,M,M,M,M,M,M,60,T,M,M,0.0,M,M,0,M,M,M,M,M,M,M
2015-06-07,M,M,M,M,M,M,M,M,M,46,0.00,M,M,0.0,M,M,0,M,M,M,M,M,M,M
2015-06-08,M,M,M,M,M,M,M,M,M,60,0.00,M,M,0.0,M,M,0,M,M,M,M,M,M,M
2015-06-09,M,M,M,M,M,M,M,M,M,66,0.34,M,M,0.0,M,M,0,M,M,M,M,M,M,M
2015-06-10,M,M,M,M,M,M,M,M,M,56,0.50,M,M,0.0,M,M,0,M,M,M,M,M,M,M
2015-06-11,M,M,M,M,M,M,M,M,M,66,0.02,M,M,0.0,M,M,0,M,M,M,M,M,M,M
2015-06-12,M,M,M,M,M,M,M,M,M,56,0.00,M,M,0.0,M,M,0,M,M,M,M,M,M,M
2015-06-13,M,M,M,M,M,M,M,M,M,62,0.83,M,M,0.0,M,M,0,M,M,M,M,M,M,M
2015-06-14,M,M,M,M,M,M,M,M,M,61,0.00,M,M,0.0,M,M,0,M,M,M,M,M,M,M
2015-06-15,M,M,M,M,M,M,M,M,M,61,0.92,M,M,0.0,M,M,0,M,M,M,M,M,M,M
2015-06-16,M,M,M,M,M,M,M,M,M,62,0.11,M,M,0.0,M,M,0,M,M,M,M,M,M,M
2015-06-17,M,M,M,M,M,M,M,M,M,58,0.20,M,M,0.0,M,M,0,M,M,M,M,M,M,M
2015-06-18,M,M,M,M,M,M,M,M,M,55,0.00,M,M,0.0,M,M,0,M,M,M,M,M,M,M
2015-06-19,M,M,M,M,M,M,M,M,M,64,0.24,M,M,0.0,M,M,0,M,M,M,M,M,M,M
2015-06-20,M,M,M,M,M,M,M,M,M,47,0.00,M,M,0.0,M,M,0,M,M,M,M,M,M,M
2015-06-21,M,M,M,M,M,M,M,M,M,65,0.22,M,M,0.0,M,M,0,M,M,M,M,M,M,M
2015-06-22,M,M,M,M,M,M,M,M,M,64,0.05,M,M,0.0,M,M,0,M,M,M,M,M,M,M
2015-06-23,M,M,M,M,M,M,M,M,M,64,0.20,M,M,0.0,M,M,0,M,M,M,M,M,M,M
2015-06-24,M,M,M,M,M,M,M,M,M,57,0.29,M,M,0.0,M,M,0,M,M,M,M,M,M,M
2015-06-25,M,M,M,M,M,M,M,M,M,59,0.00,M,M,0.0,M,M,0,M,M,M,M,M,M,M
2015-06-26,M,M,M,M,M,M,M,M,M,60,0.03,M,M,0.0,M,M,0,M,M,M,M,M,M,M
2015-06-27,M,M,M,M,M,M,M,M,M,54,0.00,M,M,0.0,M,M,0,M,M,M,M,M,M,M
2015-06-28,M,M,M,M,M,M,M,M,M,55,1.02,M,M,0.0,M,M,0,M,M,M,M,M,M,M
2015-06-29,M,M,M,M,M,M,M,M,M,56,0.38,M,M,0.0,M,M,0,M,M,M,M,M,M,M
2015-06-30,M,M,M,M,M,M,M,M,M,57,T,M,M,0.0,M,M,0,M,M,M,M,M,M,M
2015-07-01,M,M,M,M,M,M,M,M,M,61,0.50,M,M,0.0,M,M,M,M,M,M,M,M,M,M
2015-07-02,M,M,M,M,M,M,M,M,M,57,0.65,M,M,0.0,M,M,M,M,M,M,M,M,M,M
2015-07-03,M,M,M,M,M,M,M,M,M,49,0.00,M,M,0.0,M,M,M,M,M,M,M,M,M,M
2015-07-04,M,M,M,M,M,M,M,M,M,58,0.00,M,M,0.0,M,M,M,M,M,M,M,M,M,M
2015-07-05,M,M,M,M,M,M,M,M,M,60,0.16,M,M,0.0,M,M,M,M,M,M,M,M,M,M
2015-07-06,M,M,M,M,M,M,M,M,M,56,0.00,M,M,0.0,M,M,M,M,M,M,M,M,M,M
2015-07-07,M,M,M,M,M,M,M,M,M,68,0.00,M,M,0.0,M,M,M,M,M,M,M,M,M,M
2015-07-08,M,M,M,M,M,M,M,M,M,71,0.41,M,M,0.0,M,M,M,M,M,M,M,M,M,M
2015-07-09,M,M,M,M,M,M,M,M,M,60,0.00,M,M,0.0,M,M,M,M,M,M,M,M,M,M
2015-07-10,M,M,M,M,M,M,M,M,M,63,0.22,M,M,0.0,M,M,M,M,M,M,M,M,M,M
2015-07-11,M,M,M,M,M,M,M,M,M,58,0.00,M,M,0.0,M,M,M,M,M,M,M,M,M,M
2015-07-12,M,M,M,M,M,M,M,M,M,61,0.00,M,M,0.0,M,M,M,M,M,M,M,M,M,M
2015-07-13,M,M,M,M,M,M,M,M,M,65,0.00,M,M,0.0,M,M,M,M,M,M,M,M,M,M
2015-07-14,M,M,M,M,M,M,M,M,M,65,0.00,M,M,0.0,M,M,M,M,M,M,M,M,M,M
2015-07-15,M,M,M,M,M,M,M,M,M,70,0.03,M,M,0.0,M,M,M,M,M,M,M,M,M,M
2015-07-16,M,M,M,M,M,M,M,M,M,50,0.00,M,M,0.0,M,M,M,M,M,M,M,M,M,M
2015-07-17,M,M,M,M,M,M,M,M,M,53,0.00,M,M,0.0,M,M,M,M,M,M,M,M,M,M
2015-07-18,M,M,M,M,M,M,M,M,M,65,0.20,M,M,0.0,M,M,M,M,M,M,M,M,M,M
2015-07-19,M,M,M,M,M,M,M,M,M,68,0.00,M,M,0.0,M,M,M,M,M,M,M,M,M,M
2015-07-20,M,M,M,M,M,M,M,M,M,69,0.02,M,M,0.0,M,M,M,M,M,M,M,M,M,M
2015-07-21,M,M,M,M,M,M,M,M,M,63,0.00,M,M,0.0,M,M,M,M,M,M,M,M,M,M
2015-07-22,M,M,M,M,M,M,M,M,M,58,0.00,M,M,0.0,M,M,M,M,M,M,M,M,M,M
2015-07-23,M,M,M,M,M,M,M,M,M,58,0.00,M,M,0.0,M,M,M,M,M,M,M,M,M,M
2015-07-24,M,M,M,M,M,M,M,M,M,56,0.00,M,M,0.0,M,M,M,M,M,M,M,M,M,M
2015-07-25,M,M,M,M,M,M,M,M,M,57,0.40,M,M,0.0,M,M,M,M,M,M,M,M,M,M
2015-07-26,M,M,M,M,M,M,M,M,M,M,S,M,M,M,M,M,M,M,M,M,M,M,M,M
2015-07-27,M,M,M,M,M,M,M,M,M,M,M,M,M,M,M,M,M,M,M,M,M,M,M,M
2015-07-28,M,M,M,M,M,M,M,M,M,M,M,M,M,M,M,M,M,M,M,M,M,M,M,M
2015-07-29,M,M,M,M,M,M,M,M,M,M,M,M,M,M,M,M,M,M,M,M,M,M,M,M
2015-07-30,M,M,M,M,M,M,M,M,M,M,M,M,M,M,M,M,M,M,M,M,M,M,M,M
2015-07-31,M,M,M,M,M,M,M,M,M,M,M,M,M,M,M,M,M,M,M,M,M,M,M,M
2015-08-01,M,M,M,M,M,M,M,M,M,M,M,M,M,M,M,M,0,M,M,M,M,M,M,M
2015-08-02,M,M,M,M,M,M,M,M,M,M,M,M,M,M,M,M,0,M,M,M,M,M,M,M
2015-08-03,M,M,M,M,M,M,M,M,M,60,0.68A,M,M,0.0,M,M,0,M,M,M,M,M,M,M
2015-08-04,M,M,M,M,M,M,M,M,M,64,0.08,M,M,0.0,M,M,0,M,M,M,M,M,M,M
2015-08-05,M,M,M,M,M,M,M,M,M,59,0.00,M,M,0.0,M,M,0,M,M,M,M,M,M,M
2015-08-06,M,M,M,M,M,M,M,M,M,57,0.00,M,M,0.0,M,M,0,M,M,M,M,M,M,M
2015-08-07,M,M,M,M,M,M,M,M,M,54,0.00,M,M,0.0,M,M,0,M,M,M,M,M,M,M
2015-08-08,M,M,M,M,M,M,M,M,M,65,0.00,M,M,0.0,M,M,0,M,M,M,M,M,M,M
2015-08-09,M,M,M,M,M,M,M,M,M,61,0.00,M,M,0.0,M,M,0,M,M,M,M,M,M,M
2015-08-10,M,M,M,M,M,M,M,M,M,56,0.00,M,M,0.0,M,M,0,M,M,M,M,M,M,M
2015-08-11,M,M,M,M,M,M,M,M,M,65,0.18,M,M,0.0,M,M,0,M,M,M,M,M,M,M
2015-08-12,M,M,M,M,M,M,M,M,M,60,1.13,M,M,0.0,M,M,0,M,M,M,M,M,M,M
2015-08-13,M,M,M,M,M,M,M,M,M,57,T,M,M,0.0,M,M,0,M,M,M,M,M,M,M
2015-08-14,M,M,M,M,M,M,M,M,M,57,0.12,M,M,0.0,M,M,0,M,M,M,M,M,M,M
2015-08-15,M,M,M,M,M,M,M,M,M,63,T,M,M,0.0,M,M,0,M,M,M,M,M,M,M
2015-08-16,M,M,M,M,M,M,M,M,M,65,0.12,M,M,0.0,M,M,0,M,M,M,M,M,M,M
2015-08-17,M,M,M,M,M,M,M,M,M,65,0.00,M,M,0.0,M,M,0,M,M,M,M,M,M,M
2015-08-18,M,M,M,M,M,M,M,M,M,65,0.00,M,M,0.0,M,M,0,M,M,M,M,M,M,M
2015-08-19,M,M,M,M,M,M,M,M,M,65,T,M,M,0.0,M,M,0,M,M,M,M,M,M,M
2015-08-20,M,M,M,M,M,M,M,M,M,72,0.00,M,M,0.0,M,M,0,M,M,M,M,M,M,M
2015-08-21,M,M,M,M,M,M,M,M,M,63,0.21,M,M,0.0,M,M,0,M,M,M,M,M,M,M
2015-08-22,M,M,M,M,M,M,M,M,M,58,0.00,M,M,0.0,M,M,0,M,M,M,M,M,M,M
2015-08-23,M,M,M,M,M,M,M,M,M,59,0.00,M,M,0.0,M,M,0,M,M,M,M,M,M,M
2015-08-24,M,M,M,M,M,M,M,M,M,67,0.00,M,M,0.0,M,M,0,M,M,M,M,M,M,M
2015-08-25,M,M,M,M,M,M,M,M,M,66,0.20,M,M,0.0,M,M,0,M,M,M,M,M,M,M
2015-08-26,M,M,M,M,M,M,M,M,M,61,0.00,M,M,0.0,M,M,0,M,M,M,M,M,M,M
2015-08-27,M,M,M,M,M,M,M,M,M,59,0.00,M,M,0.0,M,M,0,M,M,M,M,M,M,M
2015-08-28,M,M,M,M,M,M,M,M,M,M,M,M,M,M,M,M,0,M,M,M,M,M,M,M
2015-08-29,M,M,M,M,M,M,M,M,M,52,0.00,M,M,0.0,M,M,0,M,M,M,M,M,M,M
2015-08-30,M,M,M,M,M,M,M,M,M,61,0.00,M,M,0.0,M,M,0,M,M,M,M,M,M,M
2015-08-31,M,M,M,M,M,M,M,M,M,60,0.00,M,M,0.0,M,M,0,M,M,M,M,M,M,M
2015-09-01,M,M,M,M,M,M,M,M,M,60,0.00,M,M,0.0,M,M,0,M,M,M,M,M,M,M
2015-09-02,M,M,M,M,M,M,M,M,M,61,0.00,M,M,0.0,M,M,0,M,M,M,M,M,M,M
2015-09-03,M,M,M,M,M,M,M,M,M,63,0.00,M,M,0.0,M,M,0,M,M,M,M,M,M,M
2015-09-04,M,M,M,M,M,M,M,M,M,60,0.00,M,M,0.0,M,M,0,M,M,M,M,M,M,M
2015-09-05,M,M,M,M,M,M,M,M,M,56,0.00,M,M,0.0,M,M,0,M,M,M,M,M,M,M
2015-09-06,M,M,M,M,M,M,M,M,M,55,0.00,M,M,0.0,M,M,0,M,M,M,M,M,M,M
2015-09-07,M,M,M,M,M,M,M,M,M,61,0.00,M,M,0.0,M,M,0,M,M,M,M,M,M,M
2015-09-08,M,M,M,M,M,M,M,M,M,67,0.00,M,M,0.0,M,M,0,M,M,M,M,M,M,M
2015-09-09,M,M,M,M,M,M,M,M,M,65,T,M,M,0.0,M,M,0,M,M,M,M,M,M,M
2015-09-10,M,M,M,M,M,M,M,M,M,66,0.10,M,M,0.0,M,M,0,M,M,M,M,M,M,M
2015-09-11,M,M,M,M,M,M,M,M,M,62,0.34,M,M,0.0,M,M,0,M,M,M,M,M,M,M
2015-09-12,M,M,M,M,M,M,M,M,M,57,0.00,M,M,0.0,M,M,0,M,M,M,M,M,M,M
2015-09-13,M,M,M,M,M,M,M,M,M,62,1.75,M,M,0.0,M,M,0,M,M,M,M,M,M,M
2015-09-14,M,M,M,M,M,M,M,M,M,56,0.95,M,M,0.0,M,M,0,M,M,M,M,M,M,M
2015-09-15,M,M,M,M,M,M,M,M,M,55,T,M,M,0.0,M,M,0,M,M,M,M,M,M,M
2015-09-16,M,M,M,M,M,M,M,M,M,54,0.00,M,M,0.0,M,M,0,M,M,M,M,M,M,M
2015-09-17,M,M,M,M,M,M,M,M,M,54,0.00,M,M,0.0,M,M,0,M,M,M,M,M,M,M
2015-09-18,M,M,M,M,M,M,M,M,M,54,0.00,M,M,0.0,M,M,0,M,M,M,M,M,M,M
2015-09-19,M,M,M,M,M,M,M,M,M,52,0.00,M,M,0.0,M,M,0,M,M,M,M,M,M,M
2015-09-20,M,M,M,M,M,M,M,M,M,54,0.19,M,M,0.0,M,M,0,M,M,M,M,M,M,M
2015-09-21,M,M,M,M,M,M,M,M,M,42,0.00,M,M,0.0,M,M,0,M,M,M,M,M,M,M
2015-09-22,M,M,M,M,M,M,M,M,M,50,0.00,M,M,0.0,M,M,0,M,M,M,M,M,M,M
2015-09-23,M,M,M,M,M,M,M,M,M,42,0.00,M,M,0.0,M,M,0,M,M,M,M,M,M,M
2015-09-24,M,M,M,M,M,M,M,M,M,50,0.00,M,M,0.0,M,M,0,M,M,M,M,M,M,M
2015-09-25,M,M,M,M,M,M,M,M,M,50,0.00,M,M,0.0,M,M,0,M,M,M,M,M,M,M
2015-09-26,M,M,M,M,M,M,M,M,M,43,0.00,M,M,0.0,M,M,0,M,M,M,M,M,M,M
2015-09-27,M,M,M,M,M,M,M,M,M,38,0.00,M,M,0.0,M,M,0,M,M,M,M,M,M,M
2015-09-28,M,M,M,M,M,M,M,M,M,43,0.00,M,M,0.0,M,M,0,M,M,M,M,M,M,M
2015-09-29,M,M,M,M,M,M,M,M,M,64,T,M,M,0.0,M,M,0,M,M,M,M,M,M,M
2015-09-30,M,M,M,M,M,M,M,M,M,59,2.20,M,M,0.0,M,M,0,M,M,M,M,M,M,M
2015-10-01,M,M,M,M,M,M,M,M,M,47,0.73,M,M,0.0,M,M,M,M,M,M,M,M,M,M
2015-10-02,M,M,M,M,M,M,M,M,M,44,0.00,M,M,0.0,M,M,M,M,M,M,M,M,M,M
2015-10-03,M,M,M,M,M,M,M,M,M,M,S,M,M,M,M,M,M,M,M,M,M,M,M,M
2015-10-04,M,M,M,M,M,M,M,M,M,M,M,M,M,M,M,M,M,M,M,M,M,M,M,M
2015-10-05,M,M,M,M,M,M,M,M,M,35,0.00A,M,M,0.0,M,M,M,M,M,M,M,M,M,M
2015-10-06,M,M,M,M,M,M,M,M,M,47,0.00,M,M,0.0,M,M,M,M,M,M,M,M,M,M
2015-10-07,M,M,M,M,M,M,M,M,M,45,0.00,M,M,0.0,M,M,M,M,M,M,M,M,M,M
2015-10-08,M,M,M,M,M,M,M,M,M,44,0.00,M,M,0.0,M,M,M,M,M,M,M,M,M,M
2015-10-09,M,M,M,M,M,M,M,M,M,43,T,M,M,0.0,M,M,M,M,M,M,M,M,M,M
2015-10-10,M,M,M,M,M,M,M,M,M,36,0.98,M,M,0.0,M,M,M,M,M,M,M,M,M,M
2015-10-11,M,M,M,M,M,M,M,M,M,37,0.00,M,M,0.0,M,M,M,M,M,M,M,M,M,M
2015-10-12,M,M,M,M,M,M,M,M,M,40,0.00,M,M,0.0,M,M,M,M,M,M,M,M,M,M
2015-10-13,M,M,M,M,M,M,M,M,M,M,S,M,M,M,M,M,M,M,M,M,M,M,M,M
2015-10-14,M,M,M,M,M,M,M,M,M,51,0.05A,M,M,0.0,M,M,M,M,M,M,M,M,M,M
2015-10-15,M,M,M,M,M,M,M,M,M,33,0.00,M,M,0.0,M,M,M,M,M,M,M,M,M,M
2015-10-16,M,M,M,M,M,M,M,M,M,M,S,M,M,M,M,M,M,M,M,M,M,M,M,M
2015-10-17,M,M,M,M,M,M,M,M,M,39,0.12A,M,M,0.0,M,M,M,M,M,M,M,M,M,M
2015-10-18,M,M,M,M,M,M,M,M,M,26,T,M,M,0.0,M,M,M,M,M,M,M,M,M,M
2015-10-19,M,M,M,M,M,M,M,M,M,21,0.00,M,M,0.0,M,M,M,M,M,M,M,M,M,M
2015-10-20,M,M,M,M,M,M,M,M,M,38,0.00,M,M,0.0,M,M,M,M,M,M,M,M,M,M
2015-10-21,M,M,M,M,M,M,M,M,M,51,0.15,M,M,0.0,M,M,M,M,M,M,M,M,M,M
2015-10-22,M,M,M,M,M,M,M,M,M,46,0.03,M,M,0.0,M,M,M,M,M,M,M,M,M,M
2015-10-23,M,M,M,M,M,M,M,M,M,37,0.05,M,M,0.0,M,M,M,M,M,M,M,M,M,M
2015-10-24,M,M,M,M,M,M,M,M,M,26,0.00,M,M,0.0,M,M,M,M,M,M,M,M,M,M
2015-10-25,M,M,M,M,M,M,M,M,M,45,0.55,M,M,0.0,M,M,M,M,M,M,M,M,M,M
2015-10-26,M,M,M,M,M,M,M,M,M,33,0.03,M,M,0.0,M,M,M,M,M,M,M,M,M,M
2015-10-27,M,M,M,M,M,M,M,M,M,27,0.00,M,M,0.0,M,M,M,M,M,M,M,M,M,M
2015-10-28,M,M,M,M,M,M,M,M,M,31,0.00,M,M,0.0,M,M,M,M,M,M,M,M,M,M
2015-10-29,M,M,M,M,M,M,M,M,M,M,S,M,M,M,M,M,M,M,M,M,M,M,M,M
2015-10-30,M,M,M,M,M,M,M,M,M,45,3.05A,M,M,0.0,M,M,M,M,M,M,M,M,M,M
2015-10-31,M,M,M,M,M,M,M,M,M,26,0.00,M,M,0.0,M,M,M,M,M,M,M,M,M,M
2015-11-01,M,M,M,M,M,M,M,M,M,39,T,M,M,0.0,M,M,M,M,M,M,M,M,M,M
2015-11-02,M,M,M,M,M,M,M,M,M,38,0.08,M,M,0.0,M,M,M,M,M,M,M,M,M,M
2015-11-03,M,M,M,M,M,M,M,M,M,33,0.00,M,M,0.0,M,M,M,M,M,M,M,M,M,M
2015-11-04,M,M,M,M,M,M,M,M,M,36,0.00,M,M,0.0,M,M,M,M,M,M,M,M,M,M
2015-11-05,M,M,M,M,M,M,M,M,M,36,0.00,M,M,0.0,M,M,M,M,M,M,M,M,M,M
2015-11-06,M,M,M,M,M,M,M,M,M,57,0.00,M,M,0.0,M,M,M,M,M,M,M,M,M,M
2015-11-07,M,M,M,M,M,M,M,M,M,50,0.03,M,M,0.0,M,M,M,M,M,M,M,M,M,M
2015-11-08,M,M,M,M,M,M,M,M,M,31,0.00,M,M,0.0,M,M,M,M,M,M,M,M,M,M
2015-11-09,M,M,M,M,M,M,M,M,M,28,0.00,M,M,0.0,M,M,M,M,M,M,M,M,M,M
2015-11-10,M,M,M,M,M,M,M,M,M,30,0.00,M,M,0.0,M,M,M,M,M,M,M,M,M,M
2015-11-11,M,M,M,M,M,M,M,M,M,43,0.23,M,M,0.0,M,M,M,M,M,M,M,M,M,M
2015-11-12,M,M,M,M,M,M,M,M,M,45,0.13,M,M,0.0,M,M,M,M,M,M,M,M,M,M
2015-11-13,M,M,M,M,M,M,M,M,M,47,0.23,M,M,0.0,M,M,M,M,M,M,M,M,M,M
2015-11-14,M,M,M,M,M,M,M,M,M,34,T,M,M,0.0,M,M,M,M,M,M,M,M,M,M
2015-11-15,M,M,M,M,M,M,M,M,M,28,0.00,M,M,0.0,M,M,M,M,M,M,M,M,M,M
2015-11-16,M,M,M,M,M,M,M,M,M,36,0.00,M,M,0.0,M,M,M,M,M,M,M,M,M,M
2015-11-17,M,M,M,M,M,M,M,M,M,26,0.00,M,M,0.0,M,M,M,M,M,M,M,M,M,M
2015-11-18,M,M,M,M,M,M,M,M,M,20,0.00,M,M,0.0,M,M,M,M,M,M,M,M,M,M
2015-11-19,M,M,M,M,M,M,M,M,M,50,0.00,M,M,0.0,M,M,M,M,M,M,M,M,M,M
2015-11-20,M,M,M,M,M,M,M,M,M,M,S,M,M,M,M,M,M,M,M,M,M,M,M,M
2015-11-21,M,M,M,M,M,M,M,M,M,M,M,M,M,M,M,M,M,M,M,M,M,M,M,M
2015-11-22,M,M,M,M,M,M,M,M,M,40,1.25A,M,M,0.0,M,M,M,M,M,M,M,M,M,M
2015-11-23,M,M,M,M,M,M,M,M,M,27,0.00,M,M,0.0,M,M,M,M,M,M,M,M,M,M
2015-11-24,M,M,M,M,M,M,M,M,M,18,0.00,M,M,0.0,M,M,M,M,M,M,M,M,M,M
2015-11-25,M,M,M,M,M,M,M,M,M,28,0.00,M,M,0.0,M,M,M,M,M,M,M,M,M,M
2015-11-26,M,M,M,M,M,M,M,M,M,29,0.00,M,M,0.0,M,M,M,M,M,M,M,M,M,M
2015-11-27,M,M,M,M,M,M,M,M,M,34,0.00,M,M,0.0,M,M,M,M,M,M,M,M,M,M
2015-11-28,M,M,M,M,M,M,M,M,M,38,0.12,M,M,0.0,M,M,M,M,M,M,M,M,M,M
2015-11-29,M,M,M,M,M,M,M,M,M,30,0.03,M,M,0.0,M,M,M,M,M,M,M,M,M,M
2015-11-30,M,M,M,M,M,M,M,M,M,23,0.00,M,M,0.0,M,M,M,M,M,M,M,M,M,M
2015-12-01,M,M,M,M,M,M,M,M,M,25,0.00,M,M,0.0,M,M,M,M,M,M,M,M,M,M
2015-12-02,M,M,M,M,M,M,M,M,M,35,0.43,M,M,0.0,M,M,0,M,M,M,M,M,M,M
2015-12-03,M,M,M,M,M,M,M,M,M,38,0.47,M,M,0.0,M,M,M,M,M,M,M,M,M,M
2015-12-04,M,M,M,M,M,M,M,M,M,34,0.00,M,M,0.0,M,M,M,M,M,M,M,M,M,M
2015-12-05,M,M,M,M,M,M,M,M,M,31,T,M,M,0.0,M,M,M,M,M,M,M,M,M,M
2015-12-06,M,M,M,M,M,M,M,M,M,29,0.00,M,M,0.0,M,M,M,M,M,M,M,M,M,M
2015-12-07,M,M,M,M,M,M,M,M,M,28,0.00,M,M,0.0,M,M,M,M,M,M,M,M,M,M
2015-12-08,M,M,M,M,M,M,M,M,M,26,0.00,M,M,0.0,M,M,M,M,M,M,M,M,M,M
2015-12-09,M,M,M,M,M,M,M,M,M,26,0.00,M,M,0.0,M,M,M,M,M,M,M,M,M,M
2015-12-10,M,M,M,M,M,M,M,M,M,43,T,M,M,0.0,M,M,M,M,M,M,M,M,M,M
2015-12-11,M,M,M,M,M,M,M,M,M,34,0.05,M,M,0.0,M,M,M,M,M,M,M,M,M,M
2015-12-12,M,M,M,M,M,M,M,M,M,33,0.00,M,M,0.0,M,M,M,M,M,M,M,M,M,M
2015-12-13,M,M,M,M,M,M,M,M,M,43,0.00,M,M,0.0,M,M,M,M,M,M,M,M,M,M
2015-12-14,M,M,M,M,M,M,M,M,M,44,0.00,M,M,0.0,M,M,M,M,M,M,M,M,M,M
2015-12-15,M,M,M,M,M,M,M,M,M,48,0.40,M,M,0.0,M,M,M,M,M,M,M,M,M,M
2015-12-16,M,M,M,M,M,M,M,M,M,M,S,M,M,M,M,M,M,M,M,M,M,M,M,M
2015-12-17,M,M,M,M,M,M,M,M,M,40,0.00A,M,M,0.0,M,M,M,M,M,M,M,M,M,M
2015-12-18,M,M,M,M,M,M,M,M,M,40,0.34,M,M,0.0,M,M,M,M,M,M,M,M,M,M
2015-12-19,M,M,M,M,M,M,M,M,M,30,0.01,M,M,0.5,M,M,M,M,M,M,M,M,M,M
2015-12-20,M,M,M,M,M,M,M,M,M,29,0.01,M,M,T,M,M,M,M,M,M,M,M,M,M
2015-12-21,M,M,M,M,M,M,M,M,M,27,0.00,M,M,0.0,M,M,M,M,M,M,M,M,M,M
2015-12-22,M,M,M,M,M,M,M,M,M,38,0.03,M,M,0.0,M,M,M,M,M,M,M,M,M,M
2015-12-23,M,M,M,M,M,M,M,M,M,41,0.01,M,M,0.0,M,M,M,M,M,M,M,M,M,M
2015-12-24,M,M,M,M,M,M,M,M,M,52,1.12,M,M,0.0,M,M,M,M,M,M,M,M,M,M
2015-12-25,M,M,M,M,M,M,M,M,M,32,0.00,M,M,0.0,M,M,M,M,M,M,M,M,M,M
2015-12-26,M,M,M,M,M,M,M,M,M,30,0.00,M,M,0.0,M,M,M,M,M,M,M,M,M,M
2015-12-27,M,M,M,M,M,M,M,M,M,37,0.40,M,M,0.0,M,M,M,M,M,M,M,M,M,M
2015-12-28,M,M,M,M,M,M,M,M,M,29,0.08,M,M,0.0,M,M,M,M,M,M,M,M,M,M
2015-12-29,M,M,M,M,M,M,M,M,M,21,0.01,M,M,3.0,M,M,M,M,M,M,M,M,M,M
2015-12-30,M,M,M,M,M,M,M,M,M,32,0.05,M,M,0.5,M,M,M,M,M,M,M,M,M,M
2015-12-31,M,M,M,M,M,M,M,M,M,32,0.05,M,M,0.0,M,M,M,M,M,M,M,M,M,M
2016-01-01,M,M,M,M,M,M,M,M,M,33,0.00,M,M,0.0,M,M,M,M,M,M,M,M,M,M
2016-01-02,M,M,M,M,M,M,M,M,M,28,0.01,M,M,T,M,M,M,M,M,M,M,M,M,M
2016-01-03,M,M,M,M,M,M,M,M,M,28,0.00,M,M,0.0,M,M,M,M,M,M,M,M,M,M
2016-01-04,M,M,M,M,M,M,M,M,M,17,0.00,M,M,0.0,M,M,M,M,M,M,M,M,M,M
2016-01-05,M,M,M,M,M,M,M,M,M,-1,0.00,M,M,0.0,M,M,M,M,M,M,M,M,M,M
2016-01-06,M,M,M,M,M,M,M,M,M,1,0.00,M,M,0.0,M,M,M,M,M,M,M,M,M,M
2016-01-07,M,M,M,M,M,M,M,M,M,13,0.00,M,M,0.0,M,M,M,M,M,M,M,M,M,M
2016-01-08,M,M,M,M,M,M,M,M,M,15,0.00,M,M,0.0,M,M,M,M,M,M,M,M,M,M
2016-01-09,M,M,M,M,M,M,M,M,M,M,0.01,M,M,0.2,M,M,M,M,M,M,M,M,M,M
2016-01-10,M,M,M,M,M,M,M,M,M,33,T,M,M,0.0,M,M,M,M,M,M,M,M,M,M
2016-01-11,M,M,M,M,M,M,M,M,M,23,0.92,M,M,0.0,M,M,M,M,M,M,M,M,M,M
2016-01-12,M,M,M,M,M,M,M,M,M,14,0.00,M,M,0.0,M,M,M,M,M,M,M,M,M,M
2016-01-13,M,M,M,M,M,M,M,M,M,18,0.01,M,M,3.5,M,M,M,M,M,M,M,M,M,M
2016-01-14,M,M,M,M,M,M,M,M,M,11,0.00,M,M,0.0,M,M,M,M,M,M,M,M,M,M
2016-01-15,M,M,M,M,M,M,M,M,M,23,0.00,M,M,0.0,M,M,M,M,M,M,M,M,M,M
2016-01-16,M,M,M,M,M,M,M,M,M,31,T,M,M,0.0,M,M,M,M,M,M,M,M,M,M
2016-01-17,M,M,M,M,M,M,M,M,M,29,0.08,M,M,T,M,M,M,M,M,M,M,M,M,M
2016-01-18,M,M,M,M,M,M,M,M,M,19,0.01,M,M,0.8,M,M,M,M,M,M,M,M,M,M
2016-01-19,M,M,M,M,M,M,M,M,M,9,0.00,M,M,0.0,M,M,M,M,M,M,M,M,M,M
2016-01-20,M,M,M,M,M,M,M,M,M,10,0.00,M,M,0.0,M,M,M,M,M,M,M,M,M,M
2016-01-21,M,M,M,M,M,M,M,M,M,13,0.00,M,M,0.0,M,M,M,M,M,M,M,M,M,M
2016-01-22,M,M,M,M,M,M,M,M,M,8,0.00,M,M,0.0,M,M,M,M,M,M,M,M,M,M
2016-01-23,M,M,M,M,M,M,M,M,M,16,0.00,M,M,0.0,M,M,M,M,M,M,M,M,M,M
2016-01-24,M,M,M,M,M,M,M,M,M,3,0.00,M,M,0.0,M,M,M,M,M,M,M,M,M,M
2016-01-25,M,M,M,M,M,M,M,M,M,16,0.00,M,M,0.0,M,M,M,M,M,M,M,M,M,M
2016-01-26,M,M,M,M,M,M,M,M,M,18,0.00,M,M,0.0,M,M,M,M,M,M,M,M,M,M
2016-01-27,M,M,M,M,M,M,M,M,M,34,0.00,M,M,0.0,M,M,M,M,M,M,M,M,M,M
2016-01-28,M,M,M,M,M,M,M,M,M,20,0.00,M,M,0.0,M,M,M,M,M,M,M,M,M,M
2016-01-29,M,M,M,M,M,M,M,M,M,M,S,M,M,M,M,M,M,M,M,M,M,M,M,M
2016-01-30,M,M,M,M,M,M,M,M,M,21,0.00A,M,M,0.0,M,M,M,M,M,M,M,M,M,M
2016-01-31,M,M,M,M,M,M,M,M,M,31,0.00,M,M,0.0,M,M,M,M,M,M,M,M,M,M
2016-02-01,M,M,M,M,M,M,M,M,M,34,0.00,M,M,0.0,M,M,M,M,M,M,M,M,M,M
2016-02-02,M,M,M,M,M,M,M,M,M,29,0.00,M,M,0.0,M,M,M,M,M,M,M,M,M,M
2016-02-03,M,M,M,M,M,M,M,M,M,32,0.00,M,M,0.0,M,M,M,M,M,M,M,M,M,M
2016-02-04,M,M,M,M,M,M,M,M,M,39,2.01,M,M,0.0,M,M,M,M,M,M,M,M,M,M
2016-02-05,M,M,M,M,M,M,M,M,M,31,0.00,M,M,0.0,M,M,M,M,M,M,M,M,M,M
2016-02-06,M,M,M,M,M,M,M,M,M,21,0.00,M,M,0.0,M,M,M,M,M,M,M,M,M,M
2016-02-07,M,M,M,M,M,M,M,M,M,22,0.00,M,M,0.0,M,M,M,M,M,M,M,M,M,M
2016-02-08,M,M,M,M,M,M,M,M,M,25,0.00,M,M,0.0,M,M,M,M,M,M,M,M,M,M
2016-02-09,M,M,M,M,M,M,M,M,M,21,0.01,M,M,1.5,M,M,M,M,M,M,M,M,M,M
2016-02-10,M,M,M,M,M,M,M,M,M,24,0.01,M,M,0.5,M,M,M,M,M,M,M,M,M,M
2016-02-11,M,M,M,M,M,M,M,M,M,18,0.01,M,M,0.2,M,M,M,M,M,M,M,M,M,M
2016-02-12,M,M,M,M,M,M,M,M,M,-4,0.00,M,M,0.0,M,M,M,M,M,M,M,M,M,M
2016-02-13,M,M,M,M,M,M,M,M,M,M,S,M,M,M,M,M,M,M,M,M,M,M,M,M
2016-02-14,M,M,M,M,M,M,M,M,M,M,M,M,M,M,M,M,M,M,M,M,M,M,M,M
2016-02-15,M,M,M,M,M,M,M,M,M,M,M,M,M,M,M,M,M,M,M,M,M,M,M,M
2016-02-16,M,M,M,M,M,M,M,M,M,M,M,M,M,M,M,M,M,M,M,M,M,M,M,M
2016-02-17,M,M,M,M,M,M,M,M,M,30,1.65A,M,M,3.8,M,M,M,M,M,M,M,M,M,M
2016-02-18,M,M,M,M,M,M,M,M,M,17,0.00,M,M,0.0,M,M,M,M,M,M,M,M,M,M
2016-02-19,M,M,M,M,M,M,M,M,M,5,0.00,M,M,0.0,M,M,M,M,M,M,M,M,M,M
2016-02-20,M,M,M,M,M,M,M,M,M,31,0.01,M,M,0.8,M,M,M,M,M,M,M,M,M,M
2016-02-21,M,M,M,M,M,M,M,M,M,36,0.00,M,M,0.0,M,M,M,M,M,M,M,M,M,M
2016-02-22,M,M,M,M,M,M,M,M,M,26,T,M,M,0.0,M,M,M,M,M,M,M,M,M,M
2016-02-23,M,M,M,M,M,M,M,M,M,14,0.00,M,M,0.0,M,M,M,M,M,M,M,M,M,M
2016-02-24,M,M,M,M,M,M,M,M,M,30,0.01,M,M,0.3,M,M,M,M,M,M,M,M,M,M
2016-02-25,M,M,M,M,M,M,M,M,M,35,1.65,M,M,0.0,M,M,M,M,M,M,M,M,M,M
2016-02-26,M,M,M,M,M,M,M,M,M,22,0.08,M,M,0.0,M,M,M,M,M,M,M,M,M,M
2016-02-27,M,M,M,M,M,M,M,M,M,16,0.00,M,M,0.0,M,M,M,M,M,M,M,M,M,M
2016-02-28,M,M,M,M,M,M,M,M,M,30,0.00,M,M,0.0,M,M,M,M,M,M,M,M,M,M
2016-02-29,M,M,M,M,M,M,M,M,M,30,0.00,M,M,0.0,M,M,M,M,M,M,M,M,M,M
2016-03-01,M,M,M,M,M,M,M,M,M,19,0.00,M,M,0.0,M,M,M,M,M,M,M,M,M,M
2016-03-02,M,M,M,M,M,M,M,M,M,34,0.32,M,M,0.0,M,M,M,M,M,M,M,M,M,M
2016-03-03,M,M,M,M,M,M,M,M,M,12,0.00,M,M,0.0,M,M,M,M,M,M,M,M,M,M
2016-03-04,M,M,M,M,M,M,M,M,M,16,0.00,M,M,0.0,M,M,M,M,M,M,M,M,M,M
2016-03-05,M,M,M,M,M,M,M,M,M,16,0.00,M,M,0.0,M,M,M,M,M,M,M,M,M,M
2016-03-06,M,M,M,M,M,M,M,M,M,17,0.00,M,M,0.0,M,M,M,M,M,M,M,M,M,M
2016-03-07,M,M,M,M,M,M,M,M,M,28,0.00,M,M,0.0,M,M,M,M,M,M,M,M,M,M
2016-03-08,M,M,M,M,M,M,M,M,M,30,0.00,M,M,0.0,M,M,M,M,M,M,M,M,M,M
2016-03-09,M,M,M,M,M,M,M,M,M,31,0.00,M,M,0.0,M,M,M,M,M,M,M,M,M,M
2016-03-10,M,M,M,M,M,M,M,M,M,50,0.07,M,M,0.0,M,M,M,M,M,M,M,M,M,M
2016-03-11,M,M,M,M,M,M,M,M,M,44,0.37,M,M,0.0,M,M,M,M,M,M,M,M,M,M
2016-03-12,M,M,M,M,M,M,M,M,M,26,0.00,M,M,0.0,M,M,M,M,M,M,M,M,M,M
2016-03-13,M,M,M,M,M,M,M,M,M,34,0.00,M,M,0.0,M,M,M,M,M,M,M,M,M,M
2016-03-14,M,M,M,M,M,M,M,M,M,M,S,M,M,M,M,M,M,M,M,M,M,M,M,M
2016-03-15,M,M,M,M,M,M,M,M,M,M,M,M,M,M,M,M,M,M,M,M,M,M,M,M
2016-03-16,M,M,M,M,M,M,M,M,M,40,0.46A,M,M,0.0,M,M,M,M,M,M,M,M,M,M
2016-03-17,M,M,M,M,M,M,M,M,M,36,0.31,M,M,0.0,M,M,M,M,M,M,M,M,M,M
2016-03-18,M,M,M,M,M,M,M,M,M,M,S,M,M,M,M,M,M,M,M,M,M,M,M,M
2016-03-19,M,M,M,M,M,M,M,M,M,19,0.00A,M,M,0.0,M,M,M,M,M,M,M,M,M,M
2016-03-20,M,M,M,M,M,M,M,M,M,17,0.00,M,M,0.0,M,M,M,M,M,M,M,M,M,M
2016-03-21,M,M,M,M,M,M,M,M,M,28,0.00,M,M,0.0,M,M,M,M,M,M,M,M,M,M
2016-03-22,M,M,M,M,M,M,M,M,M,24,0.00,M,M,0.0,M,M,M,M,M,M,M,M,M,M
2016-03-23,M,M,M,M,M,M,M,M,M,34,0.00,M,M,0.0,M,M,M,M,M,M,M,M,M,M
2016-03-24,M,M,M,M,M,M,M,M,M,30,0.01,M,M,0.3,M,M,M,M,M,M,M,M,M,M
2016-03-25,M,M,M,M,M,M,M,M,M,40,0.32,M,M,0.0,M,M,M,M,M,M,M,M,M,M
2016-03-26,M,M,M,M,M,M,M,M,M,M,S,M,M,M,M,M,M,M,M,M,M,M,M,M
2016-03-27,M,M,M,M,M,M,M,M,M,35,0.00A,M,M,0.0,M,M,M,M,M,M,M,M,M,M
2016-03-28,M,M,M,M,M,M,M,M,M,41,0.00,M,M,0.0,M,M,M,M,M,M,M,M,M,M
2016-03-29,M,M,M,M,M,M,M,M,M,35,1.00,M,M,0.0,M,M,M,M,M,M,M,M,M,M
2016-03-30,M,M,M,M,M,M,M,M,M,24,0.00,M,M,0.0,M,M,M,M,M,M,M,M,M,M
2016-03-31,M,M,M,M,M,M,M,M,M,42,0.00,M,M,0.0,M,M,M,M,M,M,M,M,M,M
2016-04-01,M,M,M,M,M,M,M,M,M,52,0.00,M,M,0.0,M,M,M,M,M,M,M,M,M,M
2016-04-02,M,M,M,M,M,M,M,M,M,38,0.21,M,M,0.0,M,M,M,M,M,M,M,M,M,M
2016-04-03,M,M,M,M,M,M,M,M,M,29,0.01,M,M,0.2,M,M,M,M,M,M,M,M,M,M
2016-04-04,M,M,M,M,M,M,M,M,M,20,0.01,M,M,T,M,M,M,M,M,M,M,M,M,M
2016-04-05,M,M,M,M,M,M,M,M,M,9,0.01,M,M,2.5,M,M,M,M,M,M,M,M,M,M
2016-04-06,M,M,M,M,M,M,M,M,M,17,0.00,M,M,0.0,M,M,M,M,M,M,M,M,M,M
2016-04-07,M,M,M,M,M,M,M,M,M,31,T,M,M,0.0,M,M,M,M,M,M,M,M,M,M
2016-04-08,M,M,M,M,M,M,M,M,M,35,0.65,M,M,0.0,M,M,M,M,M,M,M,M,M,M
2016-04-09,M,M,M,M,M,M,M,M,M,24,0.00,M,M,0.0,M,M,M,M,M,M,M,M,M,M
2016-04-10,M,M,M,M,M,M,M,M,M,22,0.00,M,M,0.0,M,M,M,M,M,M,M,M,M,M
2016-04-11,M,M,M,M,M,M,M,M,M,M,S,M,M,M,M,M,M,M,M,M,M,M,M,M
2016-04-12,M,M,M,M,M,M,M,M,M,M,M,M,M,M,M,M,M,M,M,M,M,M,M,M
2016-04-13,M,M,M,M,M,M,M,M,M,M,M,M,M,M,M,M,M,M,M,M,M,M,M,M
2016-04-14,M,M,M,M,M,M,M,M,M,M,M,M,M,M,M,M,M,M,M,M,M,M,M,M
2016-04-15,M,M,M,M,M,M,M,M,M,M,M,M,M,M,M,M,M,M,M,M,M,M,M,M
2016-04-16,M,M,M,M,M,M,M,M,M,M,M,M,M,M,M,M,M,M,M,M,M,M,M,M
2016-04-17,M,M,M,M,M,M,M,M,M,M,M,M,M,M,M,M,M,M,M,M,M,M,M,M
2016-04-18,M,M,M,M,M,M,M,M,M,M,M,M,M,M,M,M,M,M,M,M,M,M,M,M
2016-04-19,M,M,M,M,M,M,M,M,M,M,M,M,M,M,M,M,M,M,M,M,M,M,M,M
2016-04-20,M,M,M,M,M,M,M,M,M,M,M,M,M,M,M,M,M,M,M,M,M,M,M,M
2016-04-21,M,M,M,M,M,M,M,M,M,M,M,M,M,M,M,M,M,M,M,M,M,M,M,M
2016-04-22,M,M,M,M,M,M,M,M,M,M,M,M,M,M,M,M,M,M,M,M,M,M,M,M
2016-04-23,M,M,M,M,M,M,M,M,M,M,M,M,M,M,M,M,M,M,M,M,M,M,M,M
2016-04-24,M,M,M,M,M,M,M,M,M,M,M,M,M,M,M,M,M,M,M,M,M,M,M,M
2016-04-25,M,M,M,M,M,M,M,M,M,M,M,M,M,M,M,M,M,M,M,M,M,M,M,M
2016-04-26,M,M,M,M,M,M,M,M,M,38,1.12A,M,M,0.0,M,M,M,M,M,M,M,M,M,M
2016-04-27,M,M,M,M,M,M,M,M,M,31,0.37,M,M,0.0,M,M,M,M,M,M,M,M,M,M
2016-04-28,M,M,M,M,M,M,M,M,M,27,0.00,M,M,0.0,M,M,M,M,M,M,M,M,M,M
2016-04-29,M,M,M,M,M,M,M,M,M,35,0.00,M,M,0.0,M,M,M,M,M,M,M,M,M,M
2016-04-30,M,M,M,M,M,M,M,M,M,40,0.00,M,M,0.0,M,M,M,M,M,M,M,M,M,M
2016-05-01,M,M,M,M,M,M,M,M,M,43,T,M,M,0.0,M,M,M,M,M,M,M,M,M,M
2016-05-02,M,M,M,M,M,M,M,M,M,42,0.22,M,M,0.0,M,M,M,M,M,M,M,M,M,M
2016-05-03,M,M,M,M,M,M,M,M,M,44,0.63,M,M,0.0,M,M,M,M,M,M,M,M,M,M
2016-05-04,M,M,M,M,M,M,M,M,M,45,0.09,M,M,0.0,M,M,M,M,M,M,M,M,M,M
2016-05-05,M,M,M,M,M,M,M,M,M,45,0.34,M,M,0.0,M,M,M,M,M,M,M,M,M,M
2016-05-06,M,M,M,M,M,M,M,M,M,42,0.00,M,M,0.0,M,M,M,M,M,M,M,M,M,M
2016-05-07,M,M,M,M,M,M,M,M,M,50,0.25,M,M,0.0,M,M,M,M,M,M,M,M,M,M
2016-05-08,M,M,M,M,M,M,M,M,M,50,0.03,M,M,0.0,M,M,M,M,M,M,M,M,M,M
2016-05-09,M,M,M,M,M,M,M,M,M,37,0.26,M,M,0.0,M,M,M,M,M,M,M,M,M,M
2016-05-10,M,M,M,M,M,M,M,M,M,30,0.00,M,M,0.0,M,M,M,M,M,M,M,M,M,M
2016-05-11,M,M,M,M,M,M,M,M,M,38,0.00,M,M,0.0,M,M,M,M,M,M,M,M,M,M
2016-05-12,M,M,M,M,M,M,M,M,M,42,0.00,M,M,0.0,M,M,M,M,M,M,M,M,M,M
2016-05-13,M,M,M,M,M,M,M,M,M,48,0.00,M,M,0.0,M,M,M,M,M,M,M,M,M,M
2016-05-14,M,M,M,M,M,M,M,M,M,46,0.57,M,M,0.0,M,M,M,M,M,M,M,M,M,M
2016-05-15,M,M,M,M,M,M,M,M,M,42,0.17,M,M,0.0,M,M,M,M,M,M,M,M,M,M
2016-05-16,M,M,M,M,M,M,M,M,M,37,0.02,M,M,0.0,M,M,M,M,M,M,M,M,M,M
2016-05-17,M,M,M,M,M,M,M,M,M,38,0.00,M,M,0.0,M,M,M,M,M,M,M,M,M,M
2016-05-18,M,M,M,M,M,M,M,M,M,36,0.00,M,M,0.0,M,M,M,M,M,M,M,M,M,M
2016-05-19,M,M,M,M,M,M,M,M,M,46,0.00,M,M,0.0,M,M,M,M,M,M,M,M,M,M
2016-05-20,M,M,M,M,M,M,M,M,M,42,0.00,M,M,0.0,M,M,M,M,M,M,M,M,M,M
2016-05-21,M,M,M,M,M,M,M,M,M,47,0.00,M,M,0.0,M,M,M,M,M,M,M,M,M,M
2016-05-22,M,M,M,M,M,M,M,M,M,54,0.00,M,M,0.0,M,M,M,M,M,M,M,M,M,M
2016-05-23,M,M,M,M,M,M,M,M,M,47,T,M,M,0.0,M,M,M,M,M,M,M,M,M,M
2016-05-24,M,M,M,M,M,M,M,M,M,52,0.00,M,M,0.0,M,M,M,M,M,M,M,M,M,M
2016-05-25,M,M,M,M,M,M,M,M,M,49,T,M,M,0.0,M,M,M,M,M,M,M,M,M,M
2016-05-26,M,M,M,M,M,M,M,M,M,55,0.00,M,M,0.0,M,M,M,M,M,M,M,M,M,M
2016-05-27,M,M,M,M,M,M,M,M,M,62,0.00,M,M,0.0,M,M,M,M,M,M,M,M,M,M
2016-05-28,M,M,M,M,M,M,M,M,M,63,0.00,M,M,0.0,M,M,M,M,M,M,M,M,M,M
2016-05-29,M,M,M,M,M,M,M,M,M,62,0.00,M,M,0.0,M,M,M,M,M,M,M,M,M,M
2016-05-30,M,M,M,M,M,M,M,M,M,69,0.37,M,M,0.0,M,M,M,M,M,M,M,M,M,M
2016-05-31,M,M,M,M,M,M,M,M,M,57,0.00,M,M,0.0,M,M,M,M,M,M,M,M,M,M
2016-06-01,M,M,M,M,M,M,M,M,M,54,0.00,M,M,0.0,M,M,0,M,M,M,M,M,M,M
2016-06-02,M,M,M,M,M,M,M,M,M,60,0.00,M,M,0.0,M,M,0,M,M,M,M,M,M,M
2016-06-03,M,M,M,M,M,M,M,M,M,64,0.00,M,M,0.0,M,M,0,M,M,M,M,M,M,M
2016-06-04,M,M,M,M,M,M,M,M,M,54,0.00,M,M,0.0,M,M,0,M,M,M,M,M,M,M
2016-06-05,M,M,M,M,M,M,M,M,M,61,0.25,M,M,0.0,M,M,0,M,M,M,M,M,M,M
2016-06-06,M,M,M,M,M,M,M,M,M,61,1.60,M,M,0.0,M,M,0,M,M,M,M,M,M,M
2016-06-07,M,M,M,M,M,M,M,M,M,56,0.05,M,M,0.0,M,M,0,M,M,M,M,M,M,M
2016-06-08,M,M,M,M,M,M,M,M,M,53,T,M,M,0.0,M,M,0,M,M,M,M,M,M,M
2016-06-09,M,M,M,M,M,M,M,M,M,50,0.30,M,M,0.0,M,M,0,M,M,M,M,M,M,M
2016-06-10,M,M,M,M,M,M,M,M,M,M,S,M,M,0.0,M,M,0,M,M,M,M,M,M,M
2016-06-11,M,M,M,M,M,M,M,M,M,48,0.00A,M,M,0.0,M,M,0,M,M,M,M,M,M,M
2016-06-12,M,M,M,M,M,M,M,M,M,63,0.40,M,M,0.0,M,M,0,M,M,M,M,M,M,M
2016-06-13,M,M,M,M,M,M,M,M,M,52,T,M,M,0.0,M,M,0,M,M,M,M,M,M,M
2016-06-14,M,M,M,M,M,M,M,M,M,44,0.00,M,M,0.0,M,M,0,M,M,M,M,M,M,M
2016-06-15,M,M,M,M,M,M,M,M,M,56,0.00,M,M,0.0,M,M,0,M,M,M,M,M,M,M
2016-06-16,M,M,M,M,M,M,M,M,M,58,0.00,M,M,0.0,M,M,0,M,M,M,M,M,M,M
2016-06-17,M,M,M,M,M,M,M,M,M,54,0.00,M,M,0.0,M,M,0,M,M,M,M,M,M,M
2016-06-18,M,M,M,M,M,M,M,M,M,54,0.00,M,M,0.0,M,M,0,M,M,M,M,M,M,M
2016-06-19,M,M,M,M,M,M,M,M,M,59,0.00,M,M,0.0,M,M,0,M,M,M,M,M,M,M
2016-06-20,M,M,M,M,M,M,M,M,M,58,0.00,M,M,0.0,M,M,0,M,M,M,M,M,M,M
2016-06-21,M,M,M,M,M,M,M,M,M,66,0.32,M,M,0.0,M,M,0,M,M,M,M,M,M,M
2016-06-22,M,M,M,M,M,M,M,M,M,50,0.00,M,M,0.0,M,M,0,M,M,M,M,M,M,M
2016-06-23,M,M,M,M,M,M,M,M,M,48,0.13,M,M,0.0,M,M,0,M,M,M,M,M,M,M
2016-06-24,M,M,M,M,M,M,M,M,M,50,0.00,M,M,0.0,M,M,0,M,M,M,M,M,M,M
2016-06-25,M,M,M,M,M,M,M,M,M,55,0.00,M,M,0.0,M,M,0,M,M,M,M,M,M,M
2016-06-26,M,M,M,M,M,M,M,M,M,57,0.00,M,M,0.0,M,M,0,M,M,M,M,M,M,M
2016-06-27,M,M,M,M,M,M,M,M,M,65,0.00,M,M,0.0,M,M,0,M,M,M,M,M,M,M
2016-06-28,M,M,M,M,M,M,M,M,M,67,0.13,M,M,0.0,M,M,0,M,M,M,M,M,M,M
2016-06-29,M,M,M,M,M,M,M,M,M,63,0.30,M,M,0.0,M,M,0,M,M,M,M,M,M,M
2016-06-30,M,M,M,M,M,M,M,M,M,57,T,M,M,0.0,M,M,0,M,M,M,M,M,M,M
2016-07-01,M,M,M,M,M,M,M,M,M,54,0.00,M,M,0.0,M,M,0,M,M,M,M,M,M,M
2016-07-02,M,M,M,M,M,M,M,M,M,56,0.50,M,M,0.0,M,M,0,M,M,M,M,M,M,M
2016-07-03,M,M,M,M,M,M,M,M,M,54,0.00,M,M,0.0,M,M,0,M,M,M,M,M,M,M
2016-07-04,M,M,M,M,M,M,M,M,M,52,0.00,M,M,0.0,M,M,0,M,M,M,M,M,M,M
2016-07-05,M,M,M,M,M,M,M,M,M,62,0.00,M,M,0.0,M,M,0,M,M,M,M,M,M,M
2016-07-06,M,M,M,M,M,M,M,M,M,61,0.00,M,M,0.0,M,M,0,M,M,M,M,M,M,M
2016-07-07,M,M,M,M,M,M,M,M,M,67,0.00,M,M,0.0,M,M,0,M,M,M,M,M,M,M
2016-07-08,M,M,M,M,M,M,M,M,M,68,0.00,M,M,0.0,M,M,0,M,M,M,M,M,M,M
2016-07-09,M,M,M,M,M,M,M,M,M,M,S,M,M,0.0,M,M,0,M,M,M,M,M,M,M
2016-07-10,M,M,M,M,M,M,M,M,M,66,2.35A,M,M,0.0,M,M,0,M,M,M,M,M,M,M
2016-07-11,M,M,M,M,M,M,M,M,M,59,0.11,M,M,0.0,M,M,0,M,M,M,M,M,M,M
2016-07-12,M,M,M,M,M,M,M,M,M,55,0.00,M,M,0.0,M,M,0,M,M,M,M,M,M,M
2016-07-13,M,M,M,M,M,M,M,M,M,M,S,M,M,0.0,M,M,0,M,M,M,M,M,M,M
2016-07-14,M,M,M,M,M,M,M,M,M,71,0.00A,M,M,0.0,M,M,0,M,M,M,M,M,M,M
2016-07-15,M,M,M,M,M,M,M,M,M,68,0.42,M,M,0.0,M,M,0,M,M,M,M,M,M,M
2016-07-16,M,M,M,M,M,M,M,M,M,66,0.02,M,M,0.0,M,M,0,M,M,M,M,M,M,M
2016-07-17,M,M,M,M,M,M,M,M,M,66,0.65,M,M,0.0,M,M,0,M,M,M,M,M,M,M
2016-07-18,M,M,M,M,M,M,M,M,M,62,0.00,M,M,0.0,M,M,0,M,M,M,M,M,M,M
2016-07-19,M,M,M,M,M,M,M,M,M,63,0.28,M,M,0.0,M,M,0,M,M,M,M,M,M,M
2016-07-20,M,M,M,M,M,M,M,M,M,54,0.00,M,M,0.0,M,M,0,M,M,M,M,M,M,M
2016-07-21,M,M,M,M,M,M,M,M,M,56,0.00,M,M,0.0,M,M,0,M,M,M,M,M,M,M
2016-07-22,M,M,M,M,M,M,M,M,M,65,0.00,M,M,0.0,M,M,0,M,M,M,M,M,M,M
2016-07-23,M,M,M,M,M,M,M,M,M,66,0.00,M,M,0.0,M,M,0,M,M,M,M,M,M,M
2016-07-24,M,M,M,M,M,M,M,M,M,64,0.57,M,M,0.0,M,M,0,M,M,M,M,M,M,M
2016-07-25,M,M,M,M,M,M,M,M,M,65,0.00,M,M,0.0,M,M,0,M,M,M,M,M,M,M
2016-07-26,M,M,M,M,M,M,M,M,M,66,0.02,M,M,0.0,M,M,0,M,M,M,M,M,M,M
2016-07-27,M,M,M,M,M,M,M,M,M,62,0.00,M,M,0.0,M,M,0,M,M,M,M,M,M,M
2016-07-28,M,M,M,M,M,M,M,M,M,66,0.00,M,M,0.0,M,M,0,M,M,M,M,M,M,M
2016-07-29,M,M,M,M,M,M,M,M,M,68,0.00,M,M,0.0,M,M,0,M,M,M,M,M,M,M
2016-07-30,M,M,M,M,M,M,M,M,M,62,0.00,M,M,0.0,M,M,0,M,M,M,M,M,M,M
2016-07-31,M,M,M,M,M,M,M,M,M,64,0.32,M,M,0.0,M,M,0,M,M,M,M,M,M,M
2016-08-01,M,M,M,M,M,M,M,M,M,66,0.63,M,M,0.0,M,M,0,M,M,M,M,M,M,M
2016-08-02,M,M,M,M,M,M,M,M,M,65,2.20,M,M,0.0,M,M,0,M,M,M,M,M,M,M
2016-08-03,M,M,M,M,M,M,M,M,M,59,0.10,M,M,0.0,M,M,0,M,M,M,M,M,M,M
2016-08-04,M,M,M,M,M,M,M,M,M,57,0.00,M,M,0.0,M,M,0,M,M,M,M,M,M,M
2016-08-05,M,M,M,M,M,M,M,M,M,60,0.00,M,M,0.0,M,M,0,M,M,M,M,M,M,M
2016-08-06,M,M,M,M,M,M,M,M,M,M,S,M,M,M,M,M,M,M,M,M,M,M,M,M
2016-08-07,M,M,M,M,M,M,M,M,M,M,M,M,M,M,M,M,M,M,M,M,M,M,M,M
2016-08-08,M,M,M,M,M,M,M,M,M,60,0.05A,M,M,0.0,M,M,0,M,M,M,M,M,M,M
2016-08-09,M,M,M,M,M,M,M,M,M,56,0.00,M,M,0.0,M,M,0,M,M,M,M,M,M,M
2016-08-10,M,M,M,M,M,M,M,M,M,66,0.12,M,M,0.0,M,M,0,M,M,M,M,M,M,M
2016-08-11,M,M,M,M,M,M,M,M,M,68,0.14,M,M,0.0,M,M,0,M,M,M,M,M,M,M
2016-08-12,M,M,M,M,M,M,M,M,M,71,T,M,M,0.0,M,M,0,M,M,M,M,M,M,M
2016-08-13,M,M,M,M,M,M,M,M,M,M,M,M,M,M,M,M,M,M,M,M,M,M,M,M
2016-08-14,M,M,M,M,M,M,M,M,M,72,0.84,M,M,0.0,M,M,0,M,M,M,M,M,M,M
2016-08-15,M,M,M,M,M,M,M,M,M,66,0.00,M,M,0.0,M,M,0,M,M,M,M,M,M,M
2016-08-16,M,M,M,M,M,M,M,M,M,64,T,M,M,0.0,M,M,0,M,M,M,M,M,M,M
2016-08-17,M,M,M,M,M,M,M,M,M,70,0.28,M,M,0.0,M,M,0,M,M,M,M,M,M,M
2016-08-18,M,M,M,M,M,M,M,M,M,61,0.00,M,M,0.0,M,M,0,M,M,M,M,M,M,M
2016-08-19,M,M,M,M,M,M,M,M,M,65,0.18,M,M,0.0,M,M,0,M,M,M,M,M,M,M
2016-08-20,M,M,M,M,M,M,M,M,M,58,0.00,M,M,0.0,M,M,0,M,M,M,M,M,M,M
2016-08-21,M,M,M,M,M,M,M,M,M,M,M,M,M,M,M,M,M,M,M,M,M,M,M,M
2016-08-22,M,M,M,M,M,M,M,M,M,60,0.46,M,M,0.0,M,M,0,M,M,M,M,M,M,M
2016-08-23,M,M,M,M,M,M,M,M,M,49,0.00,M,M,0.0,M,M,0,M,M,M,M,M,M,M
2016-08-24,M,M,M,M,M,M,M,M,M,56,0.00,M,M,0.0,M,M,0,M,M,M,M,M,M,M
2016-08-25,M,M,M,M,M,M,M,M,M,62,0.00,M,M,0.0,M,M,0,M,M,M,M,M,M,M
2016-08-26,M,M,M,M,M,M,M,M,M,69,0.07,M,M,0.0,M,M,0,M,M,M,M,M,M,M
2016-08-27,M,M,M,M,M,M,M,M,M,60,0.02,M,M,0.0,M,M,0,M,M,M,M,M,M,M
2016-08-28,M,M,M,M,M,M,M,M,M,60,0.00,M,M,0.0,M,M,0,M,M,M,M,M,M,M
2016-08-29,M,M,M,M,M,M,M,M,M,M,S,M,M,M,M,M,M,M,M,M,M,M,M,M
2016-08-30,M,M,M,M,M,M,M,M,M,M,M,M,M,M,M,M,M,M,M,M,M,M,M,M
2016-08-31,M,M,M,M,M,M,M,M,M,M,M,M,M,M,M,M,M,M,M,M,M,M,M,M
2016-09-01,M,M,M,M,M,M,M,M,M,M,M,M,M,M,M,M,0,M,M,M,M,M,M,M
2016-09-02,M,M,M,M,M,M,M,M,M,M,M,M,M,M,M,M,0,M,M,M,M,M,M,M
2016-09-03,M,M,M,M,M,M,M,M,M,M,M,M,M,M,M,M,0,M,M,M,M,M,M,M
2016-09-04,M,M,M,M,M,M,M,M,M,M,M,M,M,M,M,M,0,M,M,M,M,M,M,M
2016-09-05,M,M,M,M,M,M,M,M,M,56,0.00A,M,M,0.0,M,M,0,M,M,M,M,M,M,M
2016-09-06,M,M,M,M,M,M,M,M,M,56,0.00,M,M,0.0,M,M,0,M,M,M,M,M,M,M
2016-09-07,M,M,M,M,M,M,M,M,M,62,0.00,M,M,0.0,M,M,0,M,M,M,M,M,M,M
2016-09-08,M,M,M,M,M,M,M,M,M,63,0.00,M,M,0.0,M,M,0,M,M,M,M,M,M,M
2016-09-09,M,M,M,M,M,M,M,M,M,71,0.21,M,M,0.0,M,M,0,M,M,M,M,M,M,M
2016-09-10,M,M,M,M,M,M,M,M,M,65,0.00,M,M,0.0,M,M,0,M,M,M,M,M,M,M
2016-09-11,M,M,M,M,M,M,M,M,M,74,0.55,M,M,0.0,M,M,0,M,M,M,M,M,M,M
2016-09-12,M,M,M,M,M,M,M,M,M,49,0.17,M,M,0.0,M,M,0,M,M,M,M,M,M,M
2016-09-13,M,M,M,M,M,M,M,M,M,49,0.00,M,M,0.0,M,M,0,M,M,M,M,M,M,M
2016-09-14,M,M,M,M,M,M,M,M,M,57,0.00,M,M,0.0,M,M,0,M,M,M,M,M,M,M
2016-09-15,M,M,M,M,M,M,M,M,M,47,T,M,M,0.0,M,M,0,M,M,M,M,M,M,M
2016-09-16,M,M,M,M,M,M,M,M,M,44,0.00,M,M,0.0,M,M,0,M,M,M,M,M,M,M
2016-09-17,M,M,M,M,M,M,M,M,M,47,0.00,M,M,0.0,M,M,0,M,M,M,M,M,M,M
2016-09-18,M,M,M,M,M,M,M,M,M,64,0.13,M,M,0.0,M,M,0,M,M,M,M,M,M,M
2016-09-19,M,M,M,M,M,M,M,M,M,68,0.55,M,M,0.0,M,M,0,M,M,M,M,M,M,M
2016-09-20,M,M,M,M,M,M,M,M,M,62,0.02,M,M,0.0,M,M,0,M,M,M,M,M,M,M
2016-09-21,M,M,M,M,M,M,M,M,M,55,0.00,M,M,0.0,M,M,0,M,M,M,M,M,M,M
2016-09-22,M,M,M,M,M,M,M,M,M,54,0.00,M,M,0.0,M,M,0,M,M,M,M,M,M,M
2016-09-23,M,M,M,M,M,M,M,M,M,62,T,M,M,0.0,M,M,0,M,M,M,M,M,M,M
2016-09-24,M,M,M,M,M,M,M,M,M,45,0.17,M,M,0.0,M,M,0,M,M,M,M,M,M,M
2016-09-25,M,M,M,M,M,M,M,M,M,38,0.00,M,M,0.0,M,M,0,M,M,M,M,M,M,M
2016-09-26,M,M,M,M,M,M,M,M,M,38,0.00,M,M,0.0,M,M,0,M,M,M,M,M,M,M
2016-09-27,M,M,M,M,M,M,M,M,M,54,0.10,M,M,0.0,M,M,0,M,M,M,M,M,M,M
2016-09-28,M,M,M,M,M,M,M,M,M,46,0.00,M,M,0.0,M,M,0,M,M,M,M,M,M,M
2016-09-29,M,M,M,M,M,M,M,M,M,45,0.00,M,M,0.0,M,M,0,M,M,M,M,M,M,M
2016-09-30,M,M,M,M,M,M,M,M,M,49,0.00,M,M,0.0,M,M,0,M,M,M,M,M,M,M
2016-10-01,M,M,M,M,M,M,M,M,M,48,0.36,M,M,0.0,M,M,0,M,M,M,M,M,M,M
2016-10-02,M,M,M,M,M,M,M,M,M,52,0.06,M,M,0.0,M,M,0,M,M,M,M,M,M,M
2016-10-03,M,M,M,M,M,M,M,M,M,56,0.03,M,M,0.0,M,M,0,M,M,M,M,M,M,M
2016-10-04,M,M,M,M,M,M,M,M,M,55,T,M,M,0.0,M,M,0,M,M,M,M,M,M,M
2016-10-05,M,M,M,M,M,M,M,M,M,49,T,M,M,0.0,M,M,0,M,M,M,M,M,M,M
2016-10-06,M,M,M,M,M,M,M,M,M,45,0.00,M,M,0.0,M,M,0,M,M,M,M,M,M,M
2016-10-07,M,M,M,M,M,M,M,M,M,46,0.00,M,M,0.0,M,M,0,M,M,M,M,M,M,M
2016-10-08,M,M,M,M,M,M,M,M,M,M,S,M,M,M,M,M,M,M,M,M,M,M,M,M
2016-10-09,M,M,M,M,M,M,M,M,M,M,M,M,M,M,M,M,M,M,M,M,M,M,M,M
2016-10-10,M,M,M,M,M,M,M,M,M,42,0.04A,M,M,0.0,M,M,0,M,M,M,M,M,M,M
2016-10-11,M,M,M,M,M,M,M,M,M,32,0.00,M,M,0.0,M,M,0,M,M,M,M,M,M,M
2016-10-12,M,M,M,M,M,M,M,M,M,39,0.00,M,M,0.0,M,M,0,M,M,M,M,M,M,M
2016-10-13,M,M,M,M,M,M,M,M,M,49,0.00,M,M,0.0,M,M,0,M,M,M,M,M,M,M
2016-10-14,M,M,M,M,M,M,M,M,M,35,0.02,M,M,0.0,M,M,0,M,M,M,M,M,M,M
2016-10-15,M,M,M,M,M,M,M,M,M,31,0.00,M,M,0.0,M,M,0,M,M,M,M,M,M,M
2016-10-16,M,M,M,M,M,M,M,M,M,40,0.00,M,M,0.0,M,M,0,M,M,M,M,M,M,M
2016-10-17,M,M,M,M,M,M,M,M,M,50,0.03,M,M,0.0,M,M,0,M,M,M,M,M,M,M
2016-10-18,M,M,M,M,M,M,M,M,M,58,0.40,M,M,M,M,M,M,M,M,M,M,M,M,M
2016-10-19,M,M,M,M,M,M,M,M,M,63,0.03,M,M,0.0,M,M,0,M,M,M,M,M,M,M
2016-10-20,M,M,M,M,M,M,M,M,M,47,0.00,M,M,0.0,M,M,0,M,M,M,M,M,M,M
2016-10-21,M,M,M,M,M,M,M,M,M,55,0.63,M,M,0.0,M,M,0,M,M,M,M,M,M,M
2016-10-22,M,M,M,M,M,M,M,M,M,48,0.37,M,M,0.0,M,M,0,M,M,M,M,M,M,M
2016-10-23,M,M,M,M,M,M,M,M,M,38,1.00,M,M,0.0,M,M,0,M,M,M,M,M,M,M
2016-10-24,M,M,M,M,M,M,M,M,M,36,0.00,M,M,0.0,M,M,0,M,M,M,M,M,M,M
2016-10-25,M,M,M,M,M,M,M,M,M,37,0.00,M,M,0.0,M,M,0,M,M,M,M,M,M,M
2016-10-26,M,M,M,M,M,M,M,M,M,36,0.00,M,M,0.0,M,M,0,M,M,M,M,M,M,M
2016-10-27,M,M,M,M,M,M,M,M,M,28,0.00,M,M,0.0,M,M,0,M,M,M,M,M,M,M
2016-10-28,M,M,M,M,M,M,M,M,M,32,0.05,M,M,3.0,M,M,0,M,M,M,M,M,M,M
2016-10-29,M,M,M,M,M,M,M,M,M,33,T,M,M,0.0,M,M,0,M,M,M,M,M,M,M
2016-10-30,M,M,M,M,M,M,M,M,M,36,0.10,M,M,0.0,M,M,0,M,M,M,M,M,M,M
2016-10-31,M,M,M,M,M,M,M,M,M,31,0.10,M,M,0.0,M,M,0,M,M,M,M,M,M,M
2016-11-01,M,M,M,M,M,M,M,M,M,26,0.00,M,M,0.0,M,M,M,M,M,M,M,M,M,M
2016-11-02,M,M,M,M,M,M,M,M,M,42,0.00,M,M,0.0,M,M,M,M,M,M,M,M,M,M
2016-11-03,M,M,M,M,M,M,M,M,M,49,0.09,M,M,0.0,M,M,M,M,M,M,M,M,M,M
2016-11-04,M,M,M,M,M,M,M,M,M,45,0.60,M,M,0.0,M,M,M,M,M,M,M,M,M,M
2016-11-05,M,M,M,M,M,M,M,M,M,32,0.00,M,M,0.0,M,M,M,M,M,M,M,M,M,M
2016-11-06,M,M,M,M,M,M,M,M,M,40,0.00,M,M,0.0,M,M,M,M,M,M,M,M,M,M
2016-11-07,M,M,M,M,M,M,M,M,M,28,0.00,M,M,0.0,M,M,M,M,M,M,M,M,M,M
2016-11-08,M,M,M,M,M,M,M,M,M,28,0.00,M,M,0.0,M,M,M,M,M,M,M,M,M,M
2016-11-09,M,M,M,M,M,M,M,M,M,41,0.03,M,M,0.0,M,M,M,M,M,M,M,M,M,M
2016-11-10,M,M,M,M,M,M,M,M,M,28,0.05,M,M,0.0,M,M,M,M,M,M,M,M,M,M
2016-11-11,M,M,M,M,M,M,M,M,M,47,T,M,M,0.0,M,M,M,M,M,M,M,M,M,M
2016-11-12,M,M,M,M,M,M,M,M,M,27,0.00,M,M,0.0,M,M,M,M,M,M,M,M,M,M
2016-11-13,M,M,M,M,M,M,M,M,M,40,0.00,M,M,0.0,M,M,M,M,M,M,M,M,M,M
2016-11-14,M,M,M,M,M,M,M,M,M,26,0.00,M,M,0.0,M,M,M,M,M,M,M,M,M,M
2016-11-15,M,M,M,M,M,M,M,M,M,36,0.00,M,M,0.0,M,M,M,M,M,M,M,M,M,M
2016-11-16,M,M,M,M,M,M,M,M,M,45,1.18,M,M,0.0,M,M,M,M,M,M,M,M,M,M
2016-11-17,M,M,M,M,M,M,M,M,M,33,T,M,M,0.0,M,M,M,M,M,M,M,M,M,M
2016-11-18,M,M,M,M,M,M,M,M,M,34,0.00,M,M,0.0,M,M,M,M,M,M,M,M,M,M
2016-11-19,M,M,M,M,M,M,M,M,M,31,0.00,M,M,0.0,M,M,M,M,M,M,M,M,M,M
2016-11-20,M,M,M,M,M,M,M,M,M,35,0.28,M,M,0.0,M,M,M,M,M,M,M,M,M,M
2016-11-21,M,M,M,M,M,M,M,M,M,27,0.02,M,M,0.5,M,M,M,M,M,M,M,M,M,M
2016-11-22,M,M,M,M,M,M,M,M,M,28,0.00,M,M,0.0,M,M,M,M,M,M,M,M,M,M
2016-11-23,M,M,M,M,M,M,M,M,M,27,0.00,M,M,0.0,M,M,M,M,M,M,M,M,M,M
2016-11-24,M,M,M,M,M,M,M,M,M,31,0.00,M,M,0.0,M,M,M,M,M,M,M,M,M,M
2016-11-25,M,M,M,M,M,M,M,M,M,33,0.02,M,M,T,M,M,M,M,M,M,M,M,M,M
2016-11-26,M,M,M,M,M,M,M,M,M,36,0.18,M,M,T,M,M,M,M,M,M,M,M,M,M
2016-11-27,M,M,M,M,M,M,M,M,M,31,T,M,M,0.0,M,M,M,M,M,M,M,M,M,M
2016-11-28,M,M,M,M,M,M,M,M,M,22,T,M,M,0.0,M,M,M,M,M,M,M,M,M,M
2016-11-29,M,M,M,M,M,M,M,M,M,31,0.07,M,M,0.0,M,M,M,M,M,M,M,M,M,M
2016-11-30,M,M,M,M,M,M,M,M,M,39,0.68,M,M,0.0,M,M,M,M,M,M,M,M,M,M
2016-12-01,M,M,M,M,M,M,M,M,M,44,0.62,M,M,0.0,M,M,M,M,M,M,M,M,M,M
2016-12-02,M,M,M,M,M,M,M,M,M,38,0.03,M,M,0.0,M,M,M,M,M,M,M,M,M,M
2016-12-03,M,M,M,M,M,M,M,M,M,34,T,M,M,0.0,M,M,M,M,M,M,M,M,M,M
2016-12-04,M,M,M,M,M,M,M,M,M,30,0.00,M,M,0.0,M,M,M,M,M,M,M,M,M,M
2016-12-05,M,M,M,M,M,M,M,M,M,26,0.01,M,M,1.2,M,M,M,M,M,M,M,M,M,M
2016-12-06,M,M,M,M,M,M,M,M,M,29,0.01,M,M,1.2,M,M,M,M,M,M,M,M,M,M
2016-12-07,M,M,M,M,M,M,M,M,M,32,0.01,M,M,1.0,M,M,M,M,M,M,M,M,M,M
2016-12-08,M,M,M,M,M,M,M,M,M,26,0.00,M,M,0.0,M,M,M,M,M,M,M,M,M,M
2016-12-09,M,M,M,M,M,M,M,M,M,25,0.00,M,M,0.0,M,M,M,M,M,M,M,M,M,M
2016-12-10,M,M,M,M,M,M,M,M,M,10,0.00,M,M,0.0,M,M,M,M,M,M,M,M,M,M
2016-12-11,M,M,M,M,M,M,M,M,M,11,0.00,M,M,0.0,M,M,M,M,M,M,M,M,M,M
2016-12-12,M,M,M,M,M,M,M,M,M,26,0.01,M,M,4.0,M,M,M,M,M,M,M,M,M,M
2016-12-13,M,M,M,M,M,M,M,M,M,25,0.01,M,M,2.0,M,M,M,M,M,M,M,M,M,M
2016-12-14,M,M,M,M,M,M,M,M,M,30,0.01,M,M,T,M,M,M,M,M,M,M,M,M,M
2016-12-15,M,M,M,M,M,M,M,M,M,17,0.01,M,M,T,M,M,M,M,M,M,M,M,M,M
2016-12-16,M,M,M,M,M,M,M,M,M,-6,0.01,M,M,T,M,M,M,M,M,M,M,M,M,M
2016-12-17,M,M,M,M,M,M,M,M,M,12,0.01,M,M,0.8,M,M,M,M,M,M,M,M,M,M
2016-12-18,M,M,M,M,M,M,M,M,M,34,0.10,M,M,2.0,M,M,M,M,M,M,M,M,M,M
2016-12-19,M,M,M,M,M,M,M,M,M,9,0.08,M,M,0.0,M,M,M,M,M,M,M,M,M,M
2016-12-20,M,M,M,M,M,M,M,M,M,-3,0.00,M,M,0.0,M,M,M,M,M,M,M,M,M,M
2016-12-21,M,M,M,M,M,M,M,M,M,18,0.00,M,M,0.0,M,M,M,M,M,M,M,M,M,M
2016-12-22,M,M,M,M,M,M,M,M,M,28,0.01,M,M,0.5,M,M,M,M,M,M,M,M,M,M
2016-12-23,M,M,M,M,M,M,M,M,M,30,0.15,M,M,1.5,M,M,M,M,M,M,M,M,M,M
2016-12-24,M,M,M,M,M,M,M,M,M,30,0.00,M,M,0.0,M,M,M,M,M,M,M,M,M,M
2016-12-25,M,M,M,M,M,M,M,M,M,34,0.01,M,M,T,M,M,M,M,M,M,M,M,M,M
2016-12-26,M,M,M,M,M,M,M,M,M,13,0.00,M,M,0.0,M,M,M,M,M,M,M,M,M,M
2016-12-27,M,M,M,M,M,M,M,M,M,38,0.07,M,M,0.0,M,M,M,M,M,M,M,M,M,M
2016-12-28,M,M,M,M,M,M,M,M,M,30,0.01,M,M,T,M,M,M,M,M,M,M,M,M,M
2016-12-29,M,M,M,M,M,M,M,M,M,25,0.00,M,M,0.0,M,M,M,M,M,M,M,M,M,M
2016-12-30,M,M,M,M,M,M,M,M,M,27,0.01,M,M,6.1,M,M,M,M,M,M,M,M,M,M
2016-12-31,M,M,M,M,M,M,M,M,M,16,0.00,M,M,0.0,M,M,M,M,M,M,M,M,M,M
2017-01-01,M,M,M,M,M,M,M,M,M,32,0.01,M,M,3.0,M,M,M,M,M,M,M,M,M,M
2017-01-02,M,M,M,M,M,M,M,M,M,16,0.00,M,M,0.0,M,M,M,M,M,M,M,M,M,M
2017-01-03,M,M,M,M,M,M,M,M,M,29,0.00,M,M,0.0,M,M,M,M,M,M,M,M,M,M
2017-01-04,M,M,M,M,M,M,M,M,M,33,0.53,M,M,0.0,M,M,M,M,M,M,M,M,M,M
2017-01-05,M,M,M,M,M,M,M,M,M,18,0.00,M,M,0.0,M,M,M,M,M,M,M,M,M,M
2017-01-06,M,M,M,M,M,M,M,M,M,18,M,M,M,0.3,M,M,M,M,M,M,M,M,M,M
2017-01-07,M,M,M,M,M,M,M,M,M,4,0.00,M,M,0.0,M,M,M,M,M,M,M,M,M,M
2017-01-08,M,M,M,M,M,M,M,M,M,3,0.00,M,M,0.0,M,M,M,M,M,M,M,M,M,M
2017-01-09,M,M,M,M,M,M,M,M,M,-6,0.00,M,M,0.0,M,M,M,M,M,M,M,M,M,M
2017-01-10,M,M,M,M,M,M,M,M,M,-1,0.00,M,M,0.0,M,M,M,M,M,M,M,M,M,M
2017-01-11,M,M,M,M,M,M,M,M,M,34,0.10,M,M,1.5,M,M,M,M,M,M,M,M,M,M
2017-01-12,M,M,M,M,M,M,M,M,M,39,0.05,M,M,0.0,M,M,M,M,M,M,M,M,M,M
2017-01-13,M,M,M,M,M,M,M,M,M,37,0.26,M,M,0.0,M,M,M,M,M,M,M,M,M,M
2017-01-14,M,M,M,M,M,M,M,M,M,9,0.00,M,M,0.0,M,M,M,M,M,M,M,M,M,M
2017-01-15,M,M,M,M,M,M,M,M,M,15,0.00,M,M,0.0,M,M,M,M,M,M,M,M,M,M
2017-01-16,M,M,M,M,M,M,M,M,M,10,0.00,M,M,0.0,M,M,M,M,M,M,M,M,M,M
2017-01-17,M,M,M,M,M,M,M,M,M,16,0.00,M,M,0.0,M,M,M,M,M,M,M,M,M,M
2017-01-18,M,M,M,M,M,M,M,M,M,32,M,M,M,0.8,M,M,M,M,M,M,M,M,M,M
2017-01-19,M,M,M,M,M,M,M,M,M,33,T,M,M,0.0,M,M,M,M,M,M,M,M,M,M
2017-01-20,M,M,M,M,M,M,M,M,M,33,T,M,M,0.0,M,M,M,M,M,M,M,M,M,M
2017-01-21,M,M,M,M,M,M,M,M,M,34,T,M,M,0.0,M,M,M,M,M,M,M,M,M,M
2017-01-22,M,M,M,M,M,M,M,M,M,35,0.00,M,M,0.0,M,M,M,M,M,M,M,M,M,M
2017-01-23,M,M,M,M,M,M,M,M,M,35,T,M,M,0.0,M,M,M,M,M,M,M,M,M,M
2017-01-24,M,M,M,M,M,M,M,M,M,33,M,M,M,1.0,M,M,M,M,M,M,M,M,M,M
2017-01-25,M,M,M,M,M,M,M,M,M,30,M,M,M,1.2,M,M,M,M,M,M,M,M,M,M
2017-01-26,M,M,M,M,M,M,M,M,M,34,0.00,M,M,0.0,M,M,M,M,M,M,M,M,M,M
2017-01-27,M,M,M,M,M,M,M,M,M,35,0.00,M,M,0.0,M,M,M,M,M,M,M,M,M,M
2017-01-28,M,M,M,M,M,M,M,M,M,30,M,M,M,T,M,M,M,M,M,M,M,M,M,M
2017-01-29,M,M,M,M,M,M,M,M,M,30,0.00,M,M,0.0,M,M,M,M,M,M,M,M,M,M
2017-01-30,M,M,M,M,M,M,M,M,M,24,0.00,M,M,0.0,M,M,M,M,M,M,M,M,M,M
2017-01-31,M,M,M,M,M,M,M,M,M,8,0.00,M,M,0.0,M,M,M,M,M,M,M,M,M,M
2017-02-01,M,M,M,M,M,M,M,M,M,23,M,M,M,1.0,M,M,M,M,M,M,M,M,M,M
2017-02-02,M,M,M,M,M,M,M,M,M,23,M,M,M,T,M,M,M,M,M,M,M,M,M,M
2017-02-03,M,M,M,M,M,M,M,M,M,15,0.00,M,M,0.0,M,M,M,M,M,M,M,M,M,M
2017-02-04,M,M,M,M,M,M,M,M,M,14,0.00,M,M,0.0,M,M,M,M,M,M,M,M,M,M
2017-02-05,M,M,M,M,M,M,M,M,M,20,0.00,M,M,0.0,M,M,M,M,M,M,M,M,M,M
2017-02-06,M,M,M,M,M,M,M,M,M,23,M,M,M,T,M,M,M,M,M,M,M,M,M,M
2017-02-07,M,M,M,M,M,M,M,M,M,28,0.00,M,M,0.0,M,M,M,M,M,M,M,M,M,M
2017-02-08,M,M,M,M,M,M,M,M,M,33,0.75,M,M,T,M,M,M,M,M,M,M,M,M,M
2017-02-09,M,M,M,M,M,M,M,M,M,24,M,M,M,1.0,M,M,M,M,M,M,M,M,M,M
2017-02-10,M,M,M,M,M,M,M,M,M,-3,M,M,M,3.0,M,M,M,M,M,M,M,M,M,M
2017-02-11,M,M,M,M,M,M,M,M,M,20,M,M,M,2.3,M,M,M,M,M,M,M,M,M,M
2017-02-12,M,M,M,M,M,M,M,M,M,22,0.00,M,M,0.0,M,M,M,M,M,M,M,M,M,M
2017-02-13,M,M,M,M,M,M,M,M,M,26,M,M,M,8.5,M,M,M,M,M,M,M,M,M,M
2017-02-14,M,M,M,M,M,M,M,M,M,14,0.00,M,M,0.0,M,M,M,M,M,M,M,M,M,M
2017-02-15,M,M,M,M,M,M,M,M,M,29,M,M,M,T,M,M,M,M,M,M,M,M,M,M
2017-02-16,M,M,M,M,M,M,M,M,M,28,T,M,M,0.0,M,M,M,M,M,M,M,M,M,M
2017-02-17,M,M,M,M,M,M,M,M,M,13,0.00,M,M,0.0,M,M,M,M,M,M,M,M,M,M
2017-02-18,M,M,M,M,M,M,M,M,M,17,0.00,M,M,0.0,M,M,M,M,M,M,M,M,M,M
2017-02-19,M,M,M,M,M,M,M,M,M,28,0.00,M,M,0.0,M,M,M,M,M,M,M,M,M,M
2017-02-20,M,M,M,M,M,M,M,M,M,28,0.00,M,M,0.0,M,M,M,M,M,M,M,M,M,M
2017-02-21,M,M,M,M,M,M,M,M,M,18,0.00,M,M,0.0,M,M,M,M,M,M,M,M,M,M
2017-02-22,M,M,M,M,M,M,M,M,M,34,0.00,M,M,0.0,M,M,M,M,M,M,M,M,M,M
2017-02-23,M,M,M,M,M,M,M,M,M,34,0.00,M,M,0.0,M,M,M,M,M,M,M,M,M,M
2017-02-24,M,M,M,M,M,M,M,M,M,37,0.00,M,M,0.0,M,M,M,M,M,M,M,M,M,M
2017-02-25,M,M,M,M,M,M,M,M,M,39,0.00,M,M,0.0,M,M,M,M,M,M,M,M,M,M
2017-02-26,M,M,M,M,M,M,M,M,M,31,0.58,M,M,0.0,M,M,M,M,M,M,M,M,M,M
2017-02-27,M,M,M,M,M,M,M,M,M,25,0.00,M,M,0.0,M,M,M,M,M,M,M,M,M,M
2017-02-28,M,M,M,M,M,M,M,M,M,32,0.00,M,M,0.0,M,M,M,M,M,M,M,M,M,M
2017-03-01,M,M,M,M,M,M,M,M,M,45,0.02,M,M,0.0,M,M,M,M,M,M,M,M,M,M
2017-03-02,M,M,M,M,M,M,M,M,M,38,0.26,M,M,0.0,M,M,M,M,M,M,M,M,M,M
2017-03-03,M,M,M,M,M,M,M,M,M,19,0.00,M,M,0.0,M,M,M,M,M,M,M,M,M,M
2017-03-04,M,M,M,M,M,M,M,M,M,7,M,M,M,T,M,M,M,M,M,M,M,M,M,M
2017-03-05,M,M,M,M,M,M,M,M,M,3,0.00,M,M,0.0,M,M,M,M,M,M,M,M,M,M
2017-03-06,M,M,M,M,M,M,M,M,M,9,0.00,M,M,0.0,M,M,M,M,M,M,M,M,M,M
2017-03-07,M,M,M,M,M,M,M,M,M,34,T,M,M,0.0,M,M,M,M,M,M,M,M,M,M
2017-03-08,M,M,M,M,M,M,M,M,M,42,0.28,M,M,0.0,M,M,M,M,M,M,M,M,M,M
2017-03-09,M,M,M,M,M,M,M,M,M,37,T,M,M,0.0,M,M,M,M,M,M,M,M,M,M
2017-03-10,M,M,M,M,M,M,M,M,M,29,0.00,M,M,0.0,M,M,M,M,M,M,M,M,M,M
2017-03-11,M,M,M,M,M,M,M,M,M,4,0.00,M,M,0.0,M,M,M,M,M,M,M,M,M,M
2017-03-12,M,M,M,M,M,M,M,M,M,4,0.00,M,M,0.0,M,M,M,M,M,M,M,M,M,M
2017-03-13,M,M,M,M,M,M,M,M,M,4,0.00,M,M,0.0,M,M,M,M,M,M,M,M,M,M
2017-03-14,M,M,M,M,M,M,M,M,M,19,M,M,M,0.5,M,M,M,M,M,M,M,M,M,M
2017-03-15,M,M,M,M,M,M,M,M,M,17,M,M,M,20.5,M,M,M,M,M,M,M,M,M,M
2017-03-16,M,M,M,M,M,M,M,M,M,M,S,M,M,M,M,M,M,M,M,M,M,M,M,M
2017-03-17,M,M,M,M,M,M,M,M,M,16,0.00A,M,M,0.0,M,M,M,M,M,M,M,M,M,M
2017-03-18,M,M,M,M,M,M,M,M,M,13,0.00,M,M,0.0,M,M,M,M,M,M,M,M,M,M
2017-03-19,M,M,M,M,M,M,M,M,M,28,0.00,M,M,0.0,M,M,M,M,M,M,M,M,M,M
2017-03-20,M,M,M,M,M,M,M,M,M,21,0.00,M,M,0.0,M,M,M,M,M,M,M,M,M,M
2017-03-21,M,M,M,M,M,M,M,M,M,32,0.00,M,M,0.0,M,M,M,M,M,M,M,M,M,M
2017-03-22,M,M,M,M,M,M,M,M,M,29,0.00,M,M,0.0,M,M,M,M,M,M,M,M,M,M
2017-03-23,M,M,M,M,M,M,M,M,M,6,0.00,M,M,0.0,M,M,M,M,M,M,M,M,M,M
2017-03-24,M,M,M,M,M,M,M,M,M,M,S,M,M,M,M,M,M,M,M,M,M,M,M,M
2017-03-25,M,M,M,M,M,M,M,M,M,M,M,M,M,M,M,M,M,M,M,M,M,M,M,M
2017-03-26,M,M,M,M,M,M,M,M,M,29,0.20A,M,M,0.5,M,M,M,M,M,M,M,M,M,M
2017-03-27,M,M,M,M,M,M,M,M,M,34,0.12,M,M,0.0,M,M,M,M,M,M,M,M,M,M
2017-03-28,M,M,M,M,M,M,M,M,M,35,0.40,M,M,0.0,M,M,M,M,M,M,M,M,M,M
2017-03-29,M,M,M,M,M,M,M,M,M,36,0.05,M,M,0.0,M,M,M,M,M,M,M,M,M,M
2017-03-30,M,M,M,M,M,M,M,M,M,25,0.00,M,M,0.0,M,M,M,M,M,M,M,M,M,M
2017-03-31,M,M,M,M,M,M,M,M,M,32,M,M,M,1.5,M,M,M,M,M,M,M,M,M,M
2017-04-01,M,M,M,M,M,M,M,M,M,33,0.45,M,M,0.8,M,M,M,M,M,M,M,M,M,M
2017-04-02,M,M,M,M,M,M,M,M,M,32,0.10,M,M,0.0,M,M,M,M,M,M,M,M,M,M
2017-04-03,M,M,M,M,M,M,M,M,M,28,0.00,M,M,0.0,M,M,M,M,M,M,M,M,M,M
2017-04-04,M,M,M,M,M,M,M,M,M,40,0.68,M,M,0.0,M,M,M,M,M,M,M,M,M,M
2017-04-05,M,M,M,M,M,M,M,M,M,40,1.15,M,M,0.0,M,M,M,M,M,M,M,M,M,M
2017-04-06,M,M,M,M,M,M,M,M,M,43,0.00,M,M,0.0,M,M,M,M,M,M,M,M,M,M
2017-04-07,M,M,M,M,M,M,M,M,M,41,1.25,M,M,0.0,M,M,M,M,M,M,M,M,M,M
2017-04-08,M,M,M,M,M,M,M,M,M,34,T,M,M,0.0,M,M,M,M,M,M,M,M,M,M
2017-04-09,M,M,M,M,M,M,M,M,M,28,0.00,M,M,0.0,M,M,M,M,M,M,M,M,M,M
2017-04-10,M,M,M,M,M,M,M,M,M,40,0.00,M,M,0.0,M,M,M,M,M,M,M,M,M,M
2017-04-11,M,M,M,M,M,M,M,M,M,45,0.00,M,M,0.0,M,M,M,M,M,M,M,M,M,M
2017-04-12,M,M,M,M,M,M,M,M,M,51,0.07,M,M,0.0,M,M,M,M,M,M,M,M,M,M
2017-04-13,M,M,M,M,M,M,M,M,M,41,0.00,M,M,0.0,M,M,M,M,M,M,M,M,M,M
2017-04-14,M,M,M,M,M,M,M,M,M,31,0.00,M,M,0.0,M,M,M,M,M,M,M,M,M,M
2017-04-15,M,M,M,M,M,M,M,M,M,31,0.00,M,M,0.0,M,M,M,M,M,M,M,M,M,M
2017-04-16,M,M,M,M,M,M,M,M,M,44,0.12,M,M,0.0,M,M,M,M,M,M,M,M,M,M
2017-04-17,M,M,M,M,M,M,M,M,M,55,0.02,M,M,0.0,M,M,M,M,M,M,M,M,M,M
2017-04-18,M,M,M,M,M,M,M,M,M,37,0.00,M,M,0.0,M,M,M,M,M,M,M,M,M,M
2017-04-19,M,M,M,M,M,M,M,M,M,43,0.00,M,M,0.0,M,M,M,M,M,M,M,M,M,M
2017-04-20,M,M,M,M,M,M,M,M,M,45,0.21,M,M,0.0,M,M,M,M,M,M,M,M,M,M
2017-04-21,M,M,M,M,M,M,M,M,M,45,0.44,M,M,0.0,M,M,M,M,M,M,M,M,M,M
2017-04-22,M,M,M,M,M,M,M,M,M,M,S,M,M,M,M,M,M,M,M,M,M,M,M,M
2017-04-23,M,M,M,M,M,M,M,M,M,M,M,M,M,M,M,M,M,M,M,M,M,M,M,M
2017-04-24,M,M,M,M,M,M,M,M,M,35,0.24A,M,M,0.0,M,M,M,M,M,M,M,M,M,M
2017-04-25,M,M,M,M,M,M,M,M,M,42,0.00,M,M,0.0,M,M,M,M,M,M,M,M,M,M
2017-04-26,M,M,M,M,M,M,M,M,M,49,0.40,M,M,0.0,M,M,M,M,M,M,M,M,M,M
2017-04-27,M,M,M,M,M,M,M,M,M,57,0.00,M,M,0.0,M,M,M,M,M,M,M,M,M,M
2017-04-28,M,M,M,M,M,M,M,M,M,60,0.10,M,M,0.0,M,M,M,M,M,M,M,M,M,M
2017-04-29,M,M,M,M,M,M,M,M,M,56,0.00,M,M,0.0,M,M,M,M,M,M,M,M,M,M
2017-04-30,M,M,M,M,M,M,M,M,M,41,0.00,M,M,0.0,M,M,M,M,M,M,M,M,M,M
2017-05-01,M,M,M,M,M,M,M,M,M,48,0.09,M,M,0.0,M,M,0,M,M,M,M,M,M,M
2017-05-02,M,M,M,M,M,M,M,M,M,60,1.24,M,M,0.0,M,M,0,M,M,M,M,M,M,M
2017-05-03,M,M,M,M,M,M,M,M,M,46,0.08,M,M,0.0,M,M,0,M,M,M,M,M,M,M
2017-05-04,M,M,M,M,M,M,M,M,M,32,T,M,M,0.0,M,M,0,M,M,M,M,M,M,M
2017-05-05,M,M,M,M,M,M,M,M,M,44,0.03,M,M,0.0,M,M,0,M,M,M,M,M,M,M
2017-05-06,M,M,M,M,M,M,M,M,M,50,1.15,M,M,0.0,M,M,0,M,M,M,M,M,M,M
2017-05-07,M,M,M,M,M,M,M,M,M,47,0.83,M,M,0.0,M,M,0,M,M,M,M,M,M,M
2017-05-08,M,M,M,M,M,M,M,M,M,40,0.00,M,M,0.0,M,M,0,M,M,M,M,M,M,M
2017-05-09,M,M,M,M,M,M,M,M,M,37,T,M,M,0.0,M,M,0,M,M,M,M,M,M,M
2017-05-10,M,M,M,M,M,M,M,M,M,39,T,M,M,0.0,M,M,0,M,M,M,M,M,M,M
2017-05-11,M,M,M,M,M,M,M,M,M,42,0.00,M,M,0.0,M,M,0,M,M,M,M,M,M,M
2017-05-12,M,M,M,M,M,M,M,M,M,37,0.00,M,M,0.0,M,M,0,M,M,M,M,M,M,M
2017-05-13,M,M,M,M,M,M,M,M,M,50,0.00,M,M,0.0,M,M,0,M,M,M,M,M,M,M
2017-05-14,M,M,M,M,M,M,M,M,M,44,0.83,M,M,0.0,M,M,0,M,M,M,M,M,M,M
2017-05-15,M,M,M,M,M,M,M,M,M,49,0.06,M,M,0.0,M,M,0,M,M,M,M,M,M,M
2017-05-16,M,M,M,M,M,M,M,M,M,46,0.00,M,M,0.0,M,M,0,M,M,M,M,M,M,M
2017-05-17,M,M,M,M,M,M,M,M,M,54,0.00,M,M,0.0,M,M,0,M,M,M,M,M,M,M
2017-05-18,M,M,M,M,M,M,M,M,M,59,0.00,M,M,0.0,M,M,0,M,M,M,M,M,M,M
2017-05-19,M,M,M,M,M,M,M,M,M,63,0.33,M,M,0.0,M,M,0,M,M,M,M,M,M,M
2017-05-20,M,M,M,M,M,M,M,M,M,45,0.00,M,M,0.0,M,M,0,M,M,M,M,M,M,M
2017-05-21,M,M,M,M,M,M,M,M,M,43,0.00,M,M,0.0,M,M,0,M,M,M,M,M,M,M
2017-05-22,M,M,M,M,M,M,M,M,M,48,0.32,M,M,0.0,M,M,0,M,M,M,M,M,M,M
2017-05-23,M,M,M,M,M,M,M,M,M,45,0.50,M,M,0.0,M,M,0,M,M,M,M,M,M,M
2017-05-24,M,M,M,M,M,M,M,M,M,50,0.00,M,M,0.0,M,M,0,M,M,M,M,M,M,M
2017-05-25,M,M,M,M,M,M,M,M,M,52,0.00,M,M,0.0,M,M,0,M,M,M,M,M,M,M
2017-05-26,M,M,M,M,M,M,M,M,M,52,0.64,M,M,0.0,M,M,0,M,M,M,M,M,M,M
2017-05-27,M,M,M,M,M,M,M,M,M,49,0.58,M,M,0.0,M,M,0,M,M,M,M,M,M,M
2017-05-28,M,M,M,M,M,M,M,M,M,55,0.00,M,M,0.0,M,M,0,M,M,M,M,M,M,M
2017-05-29,M,M,M,M,M,M,M,M,M,55,0.00,M,M,0.0,M,M,0,M,M,M,M,M,M,M
2017-05-30,M,M,M,M,M,M,M,M,M,54,0.44,M,M,0.0,M,M,0,M,M,M,M,M,M,M
2017-05-31,M,M,M,M,M,M,M,M,M,55,0.38,M,M,0.0,M,M,0,M,M,M,M,M,M,M
2017-06-01,M,M,M,M,M,M,M,M,M,51,0.32,M,M,0.0,M,M,0,M,M,M,M,M,M,M
2017-06-02,M,M,M,M,M,M,M,M,M,40,T,M,M,0.0,M,M,0,M,M,M,M,M,M,M
2017-06-03,M,M,M,M,M,M,M,M,M,40,T,M,M,0.0,M,M,0,M,M,M,M,M,M,M
2017-06-04,M,M,M,M,M,M,M,M,M,49,0.00,M,M,0.0,M,M,0,M,M,M,M,M,M,M
2017-06-05,M,M,M,M,M,M,M,M,M,55,0.90,M,M,0.0,M,M,0,M,M,M,M,M,M,M
2017-06-06,M,M,M,M,M,M,M,M,M,52,0.46,M,M,0.0,M,M,0,M,M,M,M,M,M,M
2017-06-07,M,M,M,M,M,M,M,M,M,45,0.96,M,M,0.0,M,M,0,M,M,M,M,M,M,M
2017-06-08,M,M,M,M,M,M,M,M,M,46,0.00,M,M,0.0,M,M,0,M,M,M,M,M,M,M
2017-06-09,M,M,M,M,M,M,M,M,M,58,0.00,M,M,0.0,M,M,0,M,M,M,M,M,M,M
2017-06-10,M,M,M,M,M,M,M,M,M,52,0.00,M,M,0.0,M,M,0,M,M,M,M,M,M,M
2017-06-11,M,M,M,M,M,M,M,M,M,60,0.00,M,M,0.0,M,M,0,M,M,M,M,M,M,M
2017-06-12,M,M,M,M,M,M,M,M,M,66,0.00,M,M,0.0,M,M,0,M,M,M,M,M,M,M
2017-06-13,M,M,M,M,M,M,M,M,M,65,0.00,M,M,0.0,M,M,0,M,M,M,M,M,M,M
2017-06-14,M,M,M,M,M,M,M,M,M,55,T,M,M,0.0,M,M,0,M,M,M,M,M,M,M
2017-06-15,M,M,M,M,M,M,M,M,M,49,0.00,M,M,0.0,M,M,0,M,M,M,M,M,M,M
2017-06-16,M,M,M,M,M,M,M,M,M,58,T,M,M,0.0,M,M,0,M,M,M,M,M,M,M
2017-06-17,M,M,M,M,M,M,M,M,M,M,S,M,M,M,M,M,0,M,M,M,M,M,M,M
2017-06-18,M,M,M,M,M,M,M,M,M,69,0.50A,M,M,0.0,M,M,0,M,M,M,M,M,M,M
2017-06-19,M,M,M,M,M,M,M,M,M,67,0.05,M,M,0.0,M,M,0,M,M,M,M,M,M,M
2017-06-20,M,M,M,M,M,M,M,M,M,66,0.84,M,M,0.0,M,M,0,M,M,M,M,M,M,M
2017-06-21,M,M,M,M,M,M,M,M,M,60,0.08,M,M,0.0,M,M,0,M,M,M,M,M,M,M
2017-06-22,M,M,M,M,M,M,M,M,M,52,0.00,M,M,0.0,M,M,0,M,M,M,M,M,M,M
2017-06-23,M,M,M,M,M,M,M,M,M,64,0.00,M,M,0.0,M,M,0,M,M,M,M,M,M,M
2017-06-24,M,M,M,M,M,M,M,M,M,69,0.15,M,M,0.0,M,M,0,M,M,M,M,M,M,M
2017-06-25,M,M,M,M,M,M,M,M,M,54,0.00,M,M,0.0,M,M,0,M,M,M,M,M,M,M
2017-06-26,M,M,M,M,M,M,M,M,M,51,0.00,M,M,0.0,M,M,0,M,M,M,M,M,M,M
2017-06-27,M,M,M,M,M,M,M,M,M,53,0.18,M,M,0.0,M,M,0,M,M,M,M,M,M,M
2017-06-28,M,M,M,M,M,M,M,M,M,48,0.28,M,M,0.0,M,M,0,M,M,M,M,M,M,M
2017-06-29,M,M,M,M,M,M,M,M,M,54,T,M,M,0.0,M,M,0,M,M,M,M,M,M,M
2017-06-30,M,M,M,M,M,M,M,M,M,61,0.20,M,M,0.0,M,M,0,M,M,M,M,M,M,M
2017-07-01,M,M,M,M,M,M,M,M,M,65,0.62,M,M,0.0,M,M,0,M,M,M,M,M,M,M
2017-07-02,M,M,M,M,M,M,M,M,M,63,3.53,M,M,0.0,M,M,0,M,M,M,M,M,M,M
2017-07-03,M,M,M,M,M,M,M,M,M,62,0.00,M,M,0.0,M,M,0,M,M,M,M,M,M,M
2017-07-04,M,M,M,M,M,M,M,M,M,57,0.00,M,M,0.0,M,M,0,M,M,M,M,M,M,M
2017-07-05,M,M,M,M,M,M,M,M,M,57,0.00,M,M,0.0,M,M,0,M,M,M,M,M,M,M
2017-07-06,M,M,M,M,M,M,M,M,M,60,0.00,M,M,0.0,M,M,0,M,M,M,M,M,M,M
2017-07-07,M,M,M,M,M,M,M,M,M,65,0.15,M,M,0.0,M,M,0,M,M,M,M,M,M,M
2017-07-08,M,M,M,M,M,M,M,M,M,67,0.00,M,M,0.0,M,M,0,M,M,M,M,M,M,M
2017-07-09,M,M,M,M,M,M,M,M,M,58,0.12,M,M,0.0,M,M,0,M,M,M,M,M,M,M
2017-07-10,M,M,M,M,M,M,M,M,M,57,0.00,M,M,0.0,M,M,0,M,M,M,M,M,M,M
2017-07-11,M,M,M,M,M,M,M,M,M,66,0.05,M,M,0.0,M,M,0,M,M,M,M,M,M,M
2017-07-12,M,M,M,M,M,M,M,M,M,65,0.04,M,M,0.0,M,M,0,M,M,M,M,M,M,M
2017-07-13,M,M,M,M,M,M,M,M,M,63,1.92,M,M,0.0,M,M,0,M,M,M,M,M,M,M
2017-07-14,M,M,M,M,M,M,M,M,M,63,0.20,M,M,0.0,M,M,0,M,M,M,M,M,M,M
2017-07-15,M,M,M,M,M,M,M,M,M,63,0.07,M,M,0.0,M,M,0,M,M,M,M,M,M,M
2017-07-16,M,M,M,M,M,M,M,M,M,62,0.00,M,M,0.0,M,M,0,M,M,M,M,M,M,M
2017-07-17,M,M,M,M,M,M,M,M,M,62,0.00,M,M,0.0,M,M,0,M,M,M,M,M,M,M
2017-07-18,M,M,M,M,M,M,M,M,M,63,0.67,M,M,0.0,M,M,0,M,M,M,M,M,M,M
2017-07-19,M,M,M,M,M,M,M,M,M,62,0.00,M,M,0.0,M,M,0,M,M,M,M,M,M,M
2017-07-20,M,M,M,M,M,M,M,M,M,66,0.00,M,M,0.0,M,M,0,M,M,M,M,M,M,M
2017-07-21,M,M,M,M,M,M,M,M,M,61,0.00,M,M,0.0,M,M,0,M,M,M,M,M,M,M
2017-07-22,M,M,M,M,M,M,M,M,M,64,0.00,M,M,0.0,M,M,0,M,M,M,M,M,M,M
2017-07-23,M,M,M,M,M,M,M,M,M,62,0.00,M,M,0.0,M,M,0,M,M,M,M,M,M,M
2017-07-24,M,M,M,M,M,M,M,M,M,M,S,M,M,M,M,M,M,M,M,M,M,M,M,M
2017-07-25,M,M,M,M,M,M,M,M,M,57,0.66A,M,M,0.0,M,M,0,M,M,M,M,M,M,M
2017-07-26,M,M,M,M,M,M,M,M,M,57,0.07,M,M,0.0,M,M,0,M,M,M,M,M,M,M
2017-07-27,M,M,M,M,M,M,M,M,M,62,0.04,M,M,0.0,M,M,0,M,M,M,M,M,M,M
2017-07-28,M,M,M,M,M,M,M,M,M,60,0.13,M,M,0.0,M,M,0,M,M,M,M,M,M,M
2017-07-29,M,M,M,M,M,M,M,M,M,56,0.00,M,M,0.0,M,M,0,M,M,M,M,M,M,M
2017-07-30,M,M,M,M,M,M,M,M,M,52,0.00,M,M,0.0,M,M,0,M,M,M,M,M,M,M
2017-07-31,M,M,M,M,M,M,M,M,M,56,0.00,M,M,0.0,M,M,0,M,M,M,M,M,M,M
2017-08-01,M,M,M,M,M,M,M,M,M,62,0.00,M,M,0.0,M,M,0,M,M,M,M,M,M,M
2017-08-02,M,M,M,M,M,M,M,M,M,62,0.00,M,M,0.0,M,M,0,M,M,M,M,M,M,M
2017-08-03,M,M,M,M,M,M,M,M,M,62,0.55,M,M,0.0,M,M,0,M,M,M,M,M,M,M
2017-08-04,M,M,M,M,M,M,M,M,M,66,0.00,M,M,0.0,M,M,0,M,M,M,M,M,M,M
2017-08-05,M,M,M,M,M,M,M,M,M,69,1.20,M,M,0.0,M,M,0,M,M,M,M,M,M,M
2017-08-06,M,M,M,M,M,M,M,M,M,53,0.03,M,M,0.0,M,M,0,M,M,M,M,M,M,M
2017-08-07,M,M,M,M,M,M,M,M,M,55,0.00,M,M,0.0,M,M,0,M,M,M,M,M,M,M
2017-08-08,M,M,M,M,M,M,M,M,M,61,0.09,M,M,0.0,M,M,0,M,M,M,M,M,M,M
2017-08-09,M,M,M,M,M,M,M,M,M,54,0.00,M,M,0.0,M,M,0,M,M,M,M,M,M,M
2017-08-10,M,M,M,M,M,M,M,M,M,58,T,M,M,0.0,M,M,0,M,M,M,M,M,M,M
2017-08-11,M,M,M,M,M,M,M,M,M,60,0.00,M,M,0.0,M,M,0,M,M,M,M,M,M,M
2017-08-12,M,M,M,M,M,M,M,M,M,63,0.06,M,M,0.0,M,M,0,M,M,M,M,M,M,M
2017-08-13,M,M,M,M,M,M,M,M,M,M,S,M,M,M,M,M,M,M,M,M,M,M,M,M
2017-08-14,M,M,M,M,M,M,M,M,M,55,0.23A,M,M,0.0,M,M,0,M,M,M,M,M,M,M
2017-08-15,M,M,M,M,M,M,M,M,M,60,0.00,M,M,0.0,M,M,0,M,M,M,M,M,M,M
2017-08-16,M,M,M,M,M,M,M,M,M,60,T,M,M,0.0,M,M,0,M,M,M,M,M,M,M
2017-08-17,M,M,M,M,M,M,M,M,M,50,0.00,M,M,0.0,M,M,0,M,M,M,M,M,M,M
2017-08-18,M,M,M,M,M,M,M,M,M,62,T,M,M,0.0,M,M,0,M,M,M,M,M,M,M
2017-08-19,M,M,M,M,M,M,M,M,M,63,0.56,M,M,0.0,M,M,0,M,M,M,M,M,M,M
2017-08-20,M,M,M,M,M,M,M,M,M,71,T,M,M,0.0,M,M,0,M,M,M,M,M,M,M
2017-08-21,M,M,M,M,M,M,M,M,M,59,0.00,M,M,0.0,M,M,0,M,M,M,M,M,M,M
2017-08-22,M,M,M,M,M,M,M,M,M,62,0.00,M,M,0.0,M,M,0,M,M,M,M,M,M,M
2017-08-23,M,M,M,M,M,M,M,M,M,63,0.38,M,M,0.0,M,M,0,M,M,M,M,M,M,M
2017-08-24,M,M,M,M,M,M,M,M,M,55,0.00,M,M,0.0,M,M,0,M,M,M,M,M,M,M
2017-08-25,M,M,M,M,M,M,M,M,M,55,0.00,M,M,0.0,M,M,0,M,M,M,M,M,M,M
2017-08-26,M,M,M,M,M,M,M,M,M,46,0.00,M,M,0.0,M,M,0,M,M,M,M,M,M,M
2017-08-27,M,M,M,M,M,M,M,M,M,49,0.00,M,M,0.0,M,M,0,M,M,M,M,M,M,M
2017-08-28,M,M,M,M,M,M,M,M,M,48,0.00,M,M,0.0,M,M,0,M,M,M,M,M,M,M
2017-08-29,M,M,M,M,M,M,M,M,M,50,0.00,M,M,0.0,M,M,0,M,M,M,M,M,M,M
2017-08-30,M,M,M,M,M,M,M,M,M,53,0.00,M,M,0.0,M,M,0,M,M,M,M,M,M,M
2017-08-31,M,M,M,M,M,M,M,M,M,50,0.00,M,M,0.0,M,M,0,M,M,M,M,M,M,M
2017-09-01,M,M,M,M,M,M,M,M,M,40,T,M,M,0.0,M,M,0,M,M,M,M,M,M,M
2017-09-02,M,M,M,M,M,M,M,M,M,39,0.00,M,M,0.0,M,M,0,M,M,M,M,M,M,M
2017-09-03,M,M,M,M,M,M,M,M,M,50,0.55,M,M,0.0,M,M,0,M,M,M,M,M,M,M
2017-09-04,M,M,M,M,M,M,M,M,M,48,1.32,M,M,0.0,M,M,0,M,M,M,M,M,M,M
2017-09-05,M,M,M,M,M,M,M,M,M,62,T,M,M,0.0,M,M,0,M,M,M,M,M,M,M
2017-09-06,M,M,M,M,M,M,M,M,M,58,0.03,M,M,0.0,M,M,0,M,M,M,M,M,M,M
2017-09-07,M,M,M,M,M,M,M,M,M,56,0.57,M,M,0.0,M,M,0,M,M,M,M,M,M,M
2017-09-08,M,M,M,M,M,M,M,M,M,50,0.09,M,M,0.0,M,M,0,M,M,M,M,M,M,M
2017-09-09,M,M,M,M,M,M,M,M,M,M,S,M,M,M,M,M,M,M,M,M,M,M,M,M
2017-09-10,M,M,M,M,M,M,M,M,M,M,M,M,M,M,M,M,M,M,M,M,M,M,M,M
2017-09-11,M,M,M,M,M,M,M,M,M,45,0.14A,M,M,0.0,M,M,0,M,M,M,M,M,M,M
2017-09-12,M,M,M,M,M,M,M,M,M,50,0.00,M,M,0.0,M,M,0,M,M,M,M,M,M,M
2017-09-13,M,M,M,M,M,M,M,M,M,50,0.00,M,M,0.0,M,M,0,M,M,M,M,M,M,M
2017-09-14,M,M,M,M,M,M,M,M,M,63,0.00,M,M,0.0,M,M,0,M,M,M,M,M,M,M
2017-09-15,M,M,M,M,M,M,M,M,M,65,0.04,M,M,0.0,M,M,0,M,M,M,M,M,M,M
2017-09-16,M,M,M,M,M,M,M,M,M,M,S,M,M,M,M,M,M,M,M,M,M,M,M,M
2017-09-17,M,M,M,M,M,M,M,M,M,60,0.00A,M,M,0.0,M,M,0,M,M,M,M,M,M,M
2017-09-18,M,M,M,M,M,M,M,M,M,60,0.00,M,M,0.0,M,M,0,M,M,M,M,M,M,M
2017-09-19,M,M,M,M,M,M,M,M,M,59,0.00,M,M,0.0,M,M,0,M,M,M,M,M,M,M
2017-09-20,M,M,M,M,M,M,M,M,M,59,0.00,M,M,0.0,M,M,0,M,M,M,M,M,M,M
2017-09-21,M,M,M,M,M,M,M,M,M,61,0.00,M,M,0.0,M,M,0,M,M,M,M,M,M,M
2017-09-22,M,M,M,M,M,M,M,M,M,55,0.00,M,M,0.0,M,M,0,M,M,M,M,M,M,M
2017-09-23,M,M,M,M,M,M,M,M,M,51,0.00,M,M,0.0,M,M,0,M,M,M,M,M,M,M
2017-09-24,M,M,M,M,M,M,M,M,M,58,0.00,M,M,0.0,M,M,0,M,M,M,M,M,M,M
2017-09-25,M,M,M,M,M,M,M,M,M,64,0.00,M,M,0.0,M,M,0,M,M,M,M,M,M,M
2017-09-26,M,M,M,M,M,M,M,M,M,61,0.00,M,M,0.0,M,M,0,M,M,M,M,M,M,M
2017-09-27,M,M,M,M,M,M,M,M,M,61,0.00,M,M,0.0,M,M,0,M,M,M,M,M,M,M
2017-09-28,M,M,M,M,M,M,M,M,M,62,0.00,M,M,0.0,M,M,0,M,M,M,M,M,M,M
2017-09-29,M,M,M,M,M,M,M,M,M,39,0.00,M,M,0.0,M,M,0,M,M,M,M,M,M,M
2017-09-30,M,M,M,M,M,M,M,M,M,45,0.07,M,M,0.0,M,M,0,M,M,M,M,M,M,M
2017-10-01,M,M,M,M,M,M,M,M,M,36,0.08,M,M,0.0,M,M,0,M,M,M,M,M,M,M
2017-10-02,M,M,M,M,M,M,M,M,M,36,0.00,M,M,0.0,M,M,0,M,M,M,M,M,M,M
2017-10-03,M,M,M,M,M,M,M,M,M,38,0.00,M,M,0.0,M,M,0,M,M,M,M,M,M,M
2017-10-04,M,M,M,M,M,M,M,M,M,43,0.00,M,M,0.0,M,M,0,M,M,M,M,M,M,M
2017-10-05,M,M,M,M,M,M,M,M,M,56,T,M,M,0.0,M,M,0,M,M,M,M,M,M,M
2017-10-06,M,M,M,M,M,M,M,M,M,48,0.00,M,M,0.0,M,M,0,M,M,M,M,M,M,M
2017-10-07,M,M,M,M,M,M,M,M,M,53,T,M,M,0.0,M,M,0,M,M,M,M,M,M,M
2017-10-08,M,M,M,M,M,M,M,M,M,64,0.07,M,M,0.0,M,M,0,M,M,M,M,M,M,M
2017-10-09,M,M,M,M,M,M,M,M,M,58,0.42,M,M,0.0,M,M,0,M,M,M,M,M,M,M
2017-10-10,M,M,M,M,M,M,M,M,M,58,0.91,M,M,0.0,M,M,0,M,M,M,M,M,M,M
2017-10-11,M,M,M,M,M,M,M,M,M,54,0.00,M,M,0.0,M,M,0,M,M,M,M,M,M,M
2017-10-12,M,M,M,M,M,M,M,M,M,45,0.24,M,M,0.0,M,M,0,M,M,M,M,M,M,M
2017-10-13,M,M,M,M,M,M,M,M,M,33,0.00,M,M,0.0,M,M,0,M,M,M,M,M,M,M
2017-10-14,M,M,M,M,M,M,M,M,M,55,0.00,M,M,0.0,M,M,0,M,M,M,M,M,M,M
2017-10-15,M,M,M,M,M,M,M,M,M,54,0.00,M,M,0.0,M,M,0,M,M,M,M,M,M,M
2017-10-16,M,M,M,M,M,M,M,M,M,49,0.07,M,M,0.0,M,M,0,M,M,M,M,M,M,M
2017-10-17,M,M,M,M,M,M,M,M,M,30,0.00,M,M,0.0,M,M,0,M,M,M,M,M,M,M
2017-10-18,M,M,M,M,M,M,M,M,M,34,0.00,M,M,0.0,M,M,0,M,M,M,M,M,M,M
2017-10-19,M,M,M,M,M,M,M,M,M,39,0.00,M,M,0.0,M,M,0,M,M,M,M,M,M,M
2017-10-20,M,M,M,M,M,M,M,M,M,46,0.00,M,M,0.0,M,M,0,M,M,M,M,M,M,M
2017-10-21,M,M,M,M,M,M,M,M,M,35,0.00,M,M,0.0,M,M,0,M,M,M,M,M,M,M
2017-10-22,M,M,M,M,M,M,M,M,M,40,0.00,M,M,0.0,M,M,0,M,M,M,M,M,M,M
2017-10-23,M,M,M,M,M,M,M,M,M,42,0.00,M,M,0.0,M,M,0,M,M,M,M,M,M,M
2017-10-24,M,M,M,M,M,M,M,M,M,66,T,M,M,0.0,M,M,0,M,M,M,M,M,M,M
2017-10-25,M,M,M,M,M,M,M,M,M,53,1.12,M,M,0.0,M,M,0,M,M,M,M,M,M,M
2017-10-26,M,M,M,M,M,M,M,M,M,49,0.00,M,M,0.0,M,M,0,M,M,M,M,M,M,M
2017-10-27,M,M,M,M,M,M,M,M,M,41,0.04,M,M,0.0,M,M,0,M,M,M,M,M,M,M
2017-10-28,M,M,M,M,M,M,M,M,M,34,0.00,M,M,0.0,M,M,0,M,M,M,M,M,M,M
2017-10-29,M,M,M,M,M,M,M,M,M,54,T,M,M,0.0,M,M,0,M,M,M,M,M,M,M
2017-10-30,M,M,M,M,M,M,M,M,M,49,2.22,M,M,0.0,M,M,0,M,M,M,M,M,M,M
2017-10-31,M,M,M,M,M,M,M,M,M,43,T,M,M,0.0,M,M,0,M,M,M,M,M,M,M
2017-11-01,M,M,M,M,M,M,M,M,M,36,0.00,M,M,0.0,M,M,0,M,M,M,M,M,M,M
2017-11-02,M,M,M,M,M,M,M,M,M,43,0.28,M,M,0.0,M,M,0,M,M,M,M,M,M,M
2017-11-03,M,M,M,M,M,M,M,M,M,55,0.12,M,M,0.0,M,M,0,M,M,M,M,M,M,M
2017-11-04,M,M,M,M,M,M,M,M,M,30,0.12,M,M,0.0,M,M,0,M,M,M,M,M,M,M
2017-11-05,M,M,M,M,M,M,M,M,M,35,0.03,M,M,0.0,M,M,0,M,M,M,M,M,M,M
2017-11-06,M,M,M,M,M,M,M,M,M,55,0.45,M,M,0.0,M,M,0,M,M,M,M,M,M,M
2017-11-07,M,M,M,M,M,M,M,M,M,33,0.05,M,M,0.0,M,M,0,M,M,M,M,M,M,M
2017-11-08,M,M,M,M,M,M,M,M,M,26,M,M,M,T,M,M,0,M,M,M,M,M,M,M
2017-11-09,M,M,M,M,M,M,M,M,M,20,0.00,M,M,0.0,M,M,0,M,M,M,M,M,M,M
2017-11-10,M,M,M,M,M,M,M,M,M,29,M,M,M,T,M,M,0,M,M,M,M,M,M,M
2017-11-11,M,M,M,M,M,M,M,M,M,14,0.00,M,M,0.0,M,M,0,M,M,M,M,M,M,M
2017-11-12,M,M,M,M,M,M,M,M,M,18,0.00,M,M,0.0,M,M,0,M,M,M,M,M,M,M
2017-11-13,M,M,M,M,M,M,M,M,M,29,0.00,M,M,0.0,M,M,0,M,M,M,M,M,M,M
2017-11-14,M,M,M,M,M,M,M,M,M,32,M,M,M,T,M,M,0,M,M,M,M,M,M,M
2017-11-15,M,M,M,M,M,M,M,M,M,31,0.00,M,M,0.0,M,M,0,M,M,M,M,M,M,M
2017-11-16,M,M,M,M,M,M,M,M,M,37,0.19,M,M,0.0,M,M,0,M,M,M,M,M,M,M
2017-11-17,M,M,M,M,M,M,M,M,M,32,0.18,M,M,0.0,M,M,0,M,M,M,M,M,M,M
2017-11-18,M,M,M,M,M,M,M,M,M,20,0.00,M,M,0.0,M,M,0,M,M,M,M,M,M,M
2017-11-19,M,M,M,M,M,M,M,M,M,M,S,M,M,M,M,M,M,M,M,M,M,M,M,M
2017-11-20,M,M,M,M,M,M,M,M,M,29,0.68A,M,M,0.0,M,M,0,M,M,M,M,M,M,M
2017-11-21,M,M,M,M,M,M,M,M,M,26,0.00,M,M,0.0,M,M,0,M,M,M,M,M,M,M
2017-11-22,M,M,M,M,M,M,M,M,M,31,0.00,M,M,0.0,M,M,0,M,M,M,M,M,M,M
2017-11-23,M,M,M,M,M,M,M,M,M,24,0.00,M,M,0.0,M,M,0,M,M,M,M,M,M,M
2017-11-24,M,M,M,M,M,M,M,M,M,32,0.00,M,M,0.0,M,M,0,M,M,M,M,M,M,M
2017-11-25,M,M,M,M,M,M,M,M,M,30,0.00,M,M,0.0,M,M,0,M,M,M,M,M,M,M
2017-11-26,M,M,M,M,M,M,M,M,M,40,T,M,M,0.0,M,M,0,M,M,M,M,M,M,M
2017-11-27,M,M,M,M,M,M,M,M,M,31,0.00,M,M,0.0,M,M,0,M,M,M,M,M,M,M
2017-11-28,M,M,M,M,M,M,M,M,M,15,0.00,M,M,0.0,M,M,0,M,M,M,M,M,M,M
2017-11-29,M,M,M,M,M,M,M,M,M,37,0.00,M,M,0.0,M,M,0,M,M,M,M,M,M,M
2017-11-30,M,M,M,M,M,M,M,M,M,20,0.00,M,M,0.0,M,M,0,M,M,M,M,M,M,M
2017-12-01,M,M,M,M,M,M,M,M,M,34,0.21,M,M,0.0,M,M,0,M,M,M,M,M,M,M
2017-12-02,M,M,M,M,M,M,M,M,M,28,0.00,M,M,0.0,M,M,0,M,M,M,M,M,M,M
2017-12-03,M,M,M,M,M,M,M,M,M,29,0.00,M,M,0.0,M,M,0,M,M,M,M,M,M,M
2017-12-04,M,M,M,M,M,M,M,M,M,26,0.00,M,M,0.0,M,M,0,M,M,M,M,M,M,M
2017-12-05,M,M,M,M,M,M,M,M,M,38,0.00,M,M,0.0,M,M,0,M,M,M,M,M,M,M
2017-12-06,M,M,M,M,M,M,M,M,M,35,1.01,M,M,0.0,M,M,0,M,M,M,M,M,M,M
2017-12-07,M,M,M,M,M,M,M,M,M,30,0.00,M,M,0.0,M,M,0,M,M,M,M,M,M,M
2017-12-08,M,M,M,M,M,M,M,M,M,26,0.00,M,M,0.0,M,M,0,M,M,M,M,M,M,M
2017-12-09,M,M,M,M,M,M,M,M,M,24,0.00,M,M,0.0,M,M,0,M,M,M,M,M,M,M
2017-12-10,M,M,M,M,M,M,M,M,M,25,M,M,M,0.8,M,M,0,M,M,M,M,M,M,M
2017-12-11,M,M,M,M,M,M,M,M,M,28,M,M,M,T,M,M,0,M,M,M,M,M,M,M
2017-12-12,M,M,M,M,M,M,M,M,M,26,M,M,M,3.0,M,M,M,M,M,M,M,M,M,M
2017-12-13,M,M,M,M,M,M,M,M,M,15,M,M,M,5.0,M,M,M,M,M,M,M,M,M,M
2017-12-14,M,M,M,M,M,M,M,M,M,14,M,M,M,T,M,M,M,M,M,M,M,M,M,M
2017-12-15,M,M,M,M,M,M,M,M,M,-1,0.00,M,M,0.0,M,M,M,M,M,M,M,M,M,M
2017-12-16,M,M,M,M,M,M,M,M,M,6,M,M,M,T,M,M,M,M,M,M,M,M,M,M
2017-12-17,M,M,M,M,M,M,M,M,M,1,0.00,M,M,0.0,M,M,M,M,M,M,M,M,M,M
2017-12-18,M,M,M,M,M,M,M,M,M,16,M,M,M,T,M,M,M,M,M,M,M,M,M,M
2017-12-19,M,M,M,M,M,M,M,M,M,32,M,M,M,T,M,M,M,M,M,M,M,M,M,M
2017-12-20,M,M,M,M,M,M,M,M,M,31,M,M,M,T,M,M,M,M,M,M,M,M,M,M
2017-12-21,M,M,M,M,M,M,M,M,M,20,0.00,M,M,0.0,M,M,M,M,M,M,M,M,M,M
2017-12-22,M,M,M,M,M,M,M,M,M,16,M,M,M,1.0,M,M,M,M,M,M,M,M,M,M
2017-12-23,M,M,M,M,M,M,M,M,M,24,M,M,M,7.0,M,M,M,M,M,M,M,M,M,M
2017-12-24,M,M,M,M,M,M,M,M,M,27,0.09,M,M,0.0,M,M,M,M,M,M,M,M,M,M
2017-12-25,M,M,M,M,M,M,M,M,M,26,M,M,M,8.5,M,M,M,M,M,M,M,M,M,M
2017-12-26,M,M,M,M,M,M,M,M,M,12,M,M,M,T,M,M,M,M,M,M,M,M,M,M
2017-12-27,M,M,M,M,M,M,M,M,M,-4,0.00,M,M,0.0,M,M,M,M,M,M,M,M,M,M
2017-12-28,M,M,M,M,M,M,M,M,M,-13,0.00,M,M,0.0,M,M,M,M,M,M,M,M,M,M
2017-12-29,M,M,M,M,M,M,M,M,M,M,S,M,M,M,M,M,M,M,M,M,M,M,M,M
2017-12-30,M,M,M,M,M,M,M,M,M,M,M,M,M,M,M,M,M,M,M,M,M,M,M,M
2017-12-31,M,M,M,M,M,M,M,M,M,-15,0.01A,M,M,0.5,M,M,M,M,M,M,M,M,M,M
2018-01-01,M,M,M,M,M,M,M,M,M,-15,0.00,M,M,0.0,M,M,M,M,M,M,M,M,M,M
2018-01-02,M,M,M,M,M,M,M,M,M,-16,0.00,M,M,0.0,M,M,M,M,M,M,M,M,M,M
2018-01-03,M,M,M,M,M,M,M,M,M,5,M,M,M,T,M,M,M,M,M,M,M,M,M,M
2018-01-04,M,M,M,M,M,M,M,M,M,8,0.00,M,M,0.0,M,M,M,M,M,M,M,M,M,M
2018-01-05,M,M,M,M,M,M,M,M,M,2,M,M,M,2.0,M,M,M,M,M,M,M,M,M,M
2018-01-06,M,M,M,M,M,M,M,M,M,-8,0.00,M,M,0.0,M,M,M,M,M,M,M,M,M,M
2018-01-07,M,M,M,M,M,M,M,M,M,-15,0.00,M,M,0.0,M,M,M,M,M,M,M,M,M,M
2018-01-08,M,M,M,M,M,M,M,M,M,14,0.00,M,M,0.0,M,M,M,M,M,M,M,M,M,M
2018-01-09,M,M,M,M,M,M,M,M,M,23,M,M,M,2.0,M,M,M,M,M,M,M,M,M,M
2018-01-10,M,M,M,M,M,M,M,M,M,9,0.00,M,M,0.0,M,M,M,M,M,M,M,M,M,M
2018-01-11,M,M,M,M,M,M,M,M,M,32,T,M,M,0.0,M,M,M,M,M,M,M,M,M,M
2018-01-12,M,M,M,M,M,M,M,M,M,42,0.01,M,M,0.0,M,M,M,M,M,M,M,M,M,M
2018-01-13,M,M,M,M,M,M,M,M,M,25,1.77,M,M,0.0,M,M,M,M,M,M,M,M,M,M
2018-01-14,M,M,M,M,M,M,M,M,M,-2,0.10,M,M,1.7,M,M,M,M,M,M,M,M,M,M
2018-01-15,M,M,M,M,M,M,M,M,M,-2,0.00,M,M,0.0,M,M,M,M,M,M,M,M,M,M
2018-01-16,M,M,M,M,M,M,M,M,M,15,M,M,M,1.0,M,M,M,M,M,M,M,M,M,M
2018-01-17,M,M,M,M,M,M,M,M,M,23,0.24,M,M,3.8,M,M,M,M,M,M,M,M,M,M
2018-01-18,M,M,M,M,M,M,M,M,M,4,0.00,M,M,0.0,M,M,M,M,M,M,M,M,M,M
2018-01-19,M,M,M,M,M,M,M,M,M,20,0.00,M,M,0.0,M,M,M,M,M,M,M,M,M,M
2018-01-20,M,M,M,M,M,M,M,M,M,22,0.00,M,M,0.0,M,M,M,M,M,M,M,M,M,M
2018-01-21,M,M,M,M,M,M,M,M,M,30,0.00,M,M,0.0,M,M,M,M,M,M,M,M,M,M
2018-01-22,M,M,M,M,M,M,M,M,M,31,T,M,M,T,M,M,M,M,M,M,M,M,M,M
2018-01-23,M,M,M,M,M,M,M,M,M,32,0.17,M,M,0.0,M,M,M,M,M,M,M,M,M,M
2018-01-24,M,M,M,M,M,M,M,M,M,29,0.92,M,M,0.0,M,M,M,M,M,M,M,M,M,M
2018-01-25,M,M,M,M,M,M,M,M,M,12,T,M,M,T,M,M,M,M,M,M,M,M,M,M
2018-01-26,M,M,M,M,M,M,M,M,M,5,0.00,M,M,0.0,M,M,M,M,M,M,M,M,M,M
2018-01-27,M,M,M,M,M,M,M,M,M,12,0.00,M,M,0.0,M,M,M,M,M,M,M,M,M,M
2018-01-28,M,M,M,M,M,M,M,M,M,30,0.22,M,M,0.0,M,M,M,M,M,M,M,M,M,M
2018-01-29,M,M,M,M,M,M,M,M,M,22,0.00,M,M,0.0,M,M,M,M,M,M,M,M,M,M
2018-01-30,M,M,M,M,M,M,M,M,M,22,0.00,M,M,0.0,M,M,M,M,M,M,M,M,M,M
2018-01-31,M,M,M,M,M,M,M,M,M,8,M,M,M,1.8,M,M,M,M,M,M,M,M,M,M
2018-02-01,M,M,M,M,M,M,M,M,M,25,0.04,M,M,0.0,M,M,M,M,M,M,M,M,M,M
2018-02-02,M,M,M,M,M,M,M,M,M,20,T,M,M,1.0,M,M,M,M,M,M,M,M,M,M
2018-02-03,M,M,M,M,M,M,M,M,M,-0,0.00,M,M,0.0,M,M,M,M,M,M,M,M,M,M
2018-02-04,M,M,M,M,M,M,M,M,M,22,T,M,M,T,M,M,M,M,M,M,M,M,M,M
2018-02-05,M,M,M,M,M,M,M,M,M,30,0.75,M,M,13.0,M,M,M,M,M,M,M,M,M,M
2018-02-06,M,M,M,M,M,M,M,M,M,12,0.00,M,M,0.0,M,M,M,M,M,M,M,M,M,M
2018-02-07,M,M,M,M,M,M,M,M,M,10,0.00,M,M,0.0,M,M,M,M,M,M,M,M,M,M
2018-02-08,M,M,M,M,M,M,M,M,M,10,1.02,M,M,9.0,M,M,M,M,M,M,M,M,M,M
2018-02-09,M,M,M,M,M,M,M,M,M,3,0.00,M,M,0.0,M,M,M,M,M,M,M,M,M,M
2018-02-10,M,M,M,M,M,M,M,M,M,23,0.10,M,M,2.3,M,M,M,M,M,M,M,M,M,M
2018-02-11,M,M,M,M,M,M,M,M,M,29,0.05,M,M,0.0,M,M,M,M,M,M,M,M,M,M
2018-02-12,M,M,M,M,M,M,M,M,M,30,0.10,M,M,0.0,M,M,M,M,M,M,M,M,M,M
2018-02-13,M,M,M,M,M,M,M,M,M,9,0.00,M,M,0.0,M,M,M,M,M,M,M,M,M,M
2018-02-14,M,M,M,M,M,M,M,M,M,23,0.00,M,M,0.0,M,M,M,M,M,M,M,M,M,M
2018-02-15,M,M,M,M,M,M,M,M,M,26,0.00,M,M,0.0,M,M,M,M,M,M,M,M,M,M
2018-02-16,M,M,M,M,M,M,M,M,M,34,0.15,M,M,0.0,M,M,M,M,M,M,M,M,M,M
2018-02-17,M,M,M,M,M,M,M,M,M,13,0.00,M,M,0.0,M,M,M,M,M,M,M,M,M,M
2018-02-18,M,M,M,M,M,M,M,M,M,25,M,M,M,1.8,M,M,M,M,M,M,M,M,M,M
2018-02-19,M,M,M,M,M,M,M,M,M,23,0.00,M,M,0.0,M,M,M,M,M,M,M,M,M,M
2018-02-20,M,M,M,M,M,M,M,M,M,38,0.28,M,M,0.0,M,M,M,M,M,M,M,M,M,M
2018-02-21,M,M,M,M,M,M,M,M,M,33,T,M,M,0.0,M,M,M,M,M,M,M,M,M,M
2018-02-22,M,M,M,M,M,M,M,M,M,33,0.00,M,M,0.0,M,M,M,M,M,M,M,M,M,M
2018-02-23,M,M,M,M,M,M,M,M,M,20,0.03,M,M,2.0,M,M,M,M,M,M,M,M,M,M
2018-02-24,M,M,M,M,M,M,M,M,M,32,0.28,M,M,0.0,M,M,M,M,M,M,M,M,M,M
2018-02-25,M,M,M,M,M,M,M,M,M,30,0.00,M,M,0.0,M,M,M,M,M,M,M,M,M,M
2018-02-26,M,M,M,M,M,M,M,M,M,31,0.55,M,M,0.0,M,M,M,M,M,M,M,M,M,M
2018-02-27,M,M,M,M,M,M,M,M,M,22,0.00,M,M,0.0,M,M,M,M,M,M,M,M,M,M
2018-02-28,M,M,M,M,M,M,M,M,M,25,0.00,M,M,0.0,M,M,M,M,M,M,M,M,M,M
2018-03-01,M,M,M,M,M,M,M,M,M,30,0.00,M,M,0.0,M,M,M,M,M,M,M,M,M,M
2018-03-02,M,M,M,M,M,M,M,M,M,31,M,M,M,5.5,M,M,M,M,M,M,M,M,M,M
2018-03-03,M,M,M,M,M,M,M,M,M,33,1.30,M,M,7.5,M,M,M,M,M,M,M,M,M,M
2018-03-04,M,M,M,M,M,M,M,M,M,34,0.00,M,M,0.0,M,M,M,M,M,M,M,M,M,M
2018-03-05,M,M,M,M,M,M,M,M,M,30,T,M,M,0.0,M,M,M,M,M,M,M,M,M,M
2018-03-06,M,M,M,M,M,M,M,M,M,25,0.00,M,M,0.0,M,M,M,M,M,M,M,M,M,M
2018-03-07,M,M,M,M,M,M,M,M,M,29,M,M,M,0.8,M,M,M,M,M,M,M,M,M,M
2018-03-08,M,M,M,M,M,M,M,M,M,29,0.68,M,M,7.5,M,M,M,M,M,M,M,M,M,M
2018-03-09,M,M,M,M,M,M,M,M,M,25,T,M,M,T,M,M,M,M,M,M,M,M,M,M
2018-03-10,M,M,M,M,M,M,M,M,M,28,T,M,M,T,M,M,M,M,M,M,M,M,M,M
2018-03-11,M,M,M,M,M,M,M,M,M,M,M,M,M,M,M,M,M,M,M,M,M,M,M,M
2018-03-12,M,M,M,M,M,M,M,M,M,29,0.00,M,M,0.0,M,M,M,M,M,M,M,M,M,M
2018-03-13,M,M,M,M,M,M,M,M,M,30,M,M,M,1.8,M,M,M,M,M,M,M,M,M,M
2018-03-14,M,M,M,M,M,M,M,M,M,28,0.32,M,M,1.5,M,M,M,M,M,M,M,M,M,M
2018-03-15,M,M,M,M,M,M,M,M,M,29,0.00,M,M,0.0,M,M,M,M,M,M,M,M,M,M
2018-03-16,M,M,M,M,M,M,M,M,M,22,T,M,M,T,M,M,M,M,M,M,M,M,M,M
2018-03-17,M,M,M,M,M,M,M,M,M,M,S,M,M,M,M,M,M,M,M,M,M,M,M,M
2018-03-18,M,M,M,M,M,M,M,M,M,6,0.00A,M,M,0.0,M,M,M,M,M,M,M,M,M,M
2018-03-19,M,M,M,M,M,M,M,M,M,10,0.00,M,M,0.0,M,M,M,M,M,M,M,M,M,M
2018-03-20,M,M,M,M,M,M,M,M,M,10,0.00,M,M,0.0,M,M,M,M,M,M,M,M,M,M
2018-03-21,M,M,M,M,M,M,M,M,M,20,0.00,M,M,0.0,M,M,M,M,M,M,M,M,M,M
2018-03-22,M,M,M,M,M,M,M,M,M,28,0.00,M,M,0.0,M,M,M,M,M,M,M,M,M,M
2018-03-23,M,M,M,M,M,M,M,M,M,M,S,M,M,M,M,M,M,M,M,M,M,M,M,M
2018-03-24,M,M,M,M,M,M,M,M,M,M,M,M,M,M,M,M,M,M,M,M,M,M,M,M
2018-03-25,M,M,M,M,M,M,M,M,M,26,0.00A,M,M,T,M,M,M,M,M,M,M,M,M,M
2018-03-26,M,M,M,M,M,M,M,M,M,20,0.00,M,M,0.0,M,M,M,M,M,M,M,M,M,M
2018-03-27,M,M,M,M,M,M,M,M,M,21,0.00,M,M,0.0,M,M,M,M,M,M,M,M,M,M
2018-03-28,M,M,M,M,M,M,M,M,M,33,0.11,M,M,0.0,M,M,M,M,M,M,M,M,M,M
2018-03-29,M,M,M,M,M,M,M,M,M,31,0.00,M,M,0.0,M,M,M,M,M,M,M,M,M,M
2018-03-30,M,M,M,M,M,M,M,M,M,40,0.41,M,M,0.0,M,M,M,M,M,M,M,M,M,M
2018-03-31,M,M,M,M,M,M,M,M,M,26,0.00,M,M,0.0,M,M,M,M,M,M,M,M,M,M
2018-04-01,M,M,M,M,M,M,M,M,M,41,0.00,M,M,0.0,M,M,M,M,M,M,M,M,M,M
2018-04-02,M,M,M,M,M,M,M,M,M,27,0.02,M,M,0.0,M,M,M,M,M,M,M,M,M,M
2018-04-03,M,M,M,M,M,M,M,M,M,30,0.00,M,M,0.0,M,M,M,M,M,M,M,M,M,M
2018-04-04,M,M,M,M,M,M,M,M,M,36,0.35,M,M,0.0,M,M,0,M,M,M,M,M,M,M
2018-04-05,M,M,M,M,M,M,M,M,M,22,0.32,M,M,0.0,M,M,0,M,M,M,M,M,M,M
2018-04-06,M,M,M,M,M,M,M,M,M,22,0.00,M,M,0.0,M,M,0,M,M,M,M,M,M,M
2018-04-07,M,M,M,M,M,M,M,M,M,29,0.23,M,M,2.0,M,M,M,M,M,M,M,M,M,M
2018-04-08,M,M,M,M,M,M,M,M,M,18,0.00,M,M,0.0,M,M,M,M,M,M,M,M,M,M
2018-04-09,M,M,M,M,M,M,M,M,M,19,T,M,M,T,M,M,M,M,M,M,M,M,M,M
2018-04-10,M,M,M,M,M,M,M,M,M,26,0.00,M,M,0.0,M,M,0,M,M,M,M,M,M,M
2018-04-11,M,M,M,M,M,M,M,M,M,22,T,M,M,T,M,M,0,M,M,M,M,M,M,M
2018-04-12,M,M,M,M,M,M,M,M,M,26,T,M,M,0.0,M,M,0,M,M,M,M,M,M,M
2018-04-13,M,M,M,M,M,M,M,M,M,44,0.35,M,M,0.0,M,M,0,M,M,M,M,M,M,M
2018-04-14,M,M,M,M,M,M,M,M,M,M,S,M,M,M,M,M,M,M,M,M,M,M,M,M
2018-04-15,M,M,M,M,M,M,M,M,M,M,M,M,M,M,M,M,M,M,M,M,M,M,M,M
2018-04-16,M,M,M,M,M,M,M,M,M,M,M,M,M,M,M,M,M,M,M,M,M,M,M,M
2018-04-17,M,M,M,M,M,M,M,M,M,35,1.68A,M,M,T,M,M,M,M,M,M,M,M,M,M
2018-04-18,M,M,M,M,M,M,M,M,M,32,0.02,M,M,T,M,M,M,M,M,M,M,M,M,M
2018-04-19,M,M,M,M,M,M,M,M,M,35,0.00,M,M,0.0,M,M,0,M,M,M,M,M,M,M
2018-04-20,M,M,M,M,M,M,M,M,M,30,T,M,M,0.0,M,M,0,M,M,M,M,M,M,M
2018-04-21,M,M,M,M,M,M,M,M,M,29,0.00,M,M,0.0,M,M,0,M,M,M,M,M,M,M
2018-04-22,M,M,M,M,M,M,M,M,M,30,0.00,M,M,0.0,M,M,0,M,M,M,M,M,M,M
2018-04-23,M,M,M,M,M,M,M,M,M,28,0.00,M,M,0.0,M,M,0,M,M,M,M,M,M,M
2018-04-24,M,M,M,M,M,M,M,M,M,30,0.00,M,M,0.0,M,M,0,M,M,M,M,M,M,M
2018-04-25,M,M,M,M,M,M,M,M,M,47,0.09,M,M,0.0,M,M,0,M,M,M,M,M,M,M
2018-04-26,M,M,M,M,M,M,M,M,M,50,1.24,M,M,0.0,M,M,0,M,M,M,M,M,M,M
2018-04-27,M,M,M,M,M,M,M,M,M,35,0.05,M,M,0.0,M,M,0,M,M,M,M,M,M,M
2018-04-28,M,M,M,M,M,M,M,M,M,45,0.16,M,M,0.0,M,M,0,M,M,M,M,M,M,M
2018-04-29,M,M,M,M,M,M,M,M,M,M,S,M,M,M,M,M,M,M,M,M,M,M,M,M
2018-04-30,M,M,M,M,M,M,M,M,M,38,0.24A,M,M,0.0,M,M,0,M,M,M,M,M,M,M
2018-05-01,M,M,M,M,M,M,M,M,M,38,0.12,M,M,0.0,M,M,0,M,M,M,M,M,M,M
2018-05-02,M,M,M,M,M,M,M,M,M,40,0.00,M,M,0.0,M,M,0,M,M,M,M,M,M,M
2018-05-03,M,M,M,M,M,M,M,M,M,59,0.00,M,M,0.0,M,M,0,M,M,M,M,M,M,M
2018-05-04,M,M,M,M,M,M,M,M,M,60,0.02,M,M,0.0,M,M,0,M,M,M,M,M,M,M
2018-05-05,M,M,M,M,M,M,M,M,M,M,S,M,M,M,M,M,M,M,M,M,M,M,M,M
2018-05-06,M,M,M,M,M,M,M,M,M,M,M,M,M,M,M,M,M,M,M,M,M,M,M,M
2018-05-07,M,M,M,M,M,M,M,M,M,M,M,M,M,M,M,M,M,M,M,M,M,M,M,M
2018-05-08,M,M,M,M,M,M,M,M,M,38,0.05A,M,M,0.0,M,M,0,M,M,M,M,M,M,M
2018-05-09,M,M,M,M,M,M,M,M,M,43,0.00,M,M,0.0,M,M,0,M,M,M,M,M,M,M
2018-05-10,M,M,M,M,M,M,M,M,M,53,0.00,M,M,0.0,M,M,0,M,M,M,M,M,M,M
2018-05-11,M,M,M,M,M,M,M,M,M,50,T,M,M,0.0,M,M,0,M,M,M,M,M,M,M
2018-05-12,M,M,M,M,M,M,M,M,M,40,0.00,M,M,0.0,M,M,0,M,M,M,M,M,M,M
2018-05-13,M,M,M,M,M,M,M,M,M,41,0.02,M,M,0.0,M,M,0,M,M,M,M,M,M,M
2018-05-14,M,M,M,M,M,M,M,M,M,52,0.00,M,M,0.0,M,M,0,M,M,M,M,M,M,M
2018-05-15,M,M,M,M,M,M,M,M,M,51,0.00,M,M,0.0,M,M,0,M,M,M,M,M,M,M
2018-05-16,M,M,M,M,M,M,M,M,M,46,0.10,M,M,0.0,M,M,0,M,M,M,M,M,M,M
2018-05-17,M,M,M,M,M,M,M,M,M,58,0.00,M,M,0.0,M,M,0,M,M,M,M,M,M,M
2018-05-18,M,M,M,M,M,M,M,M,M,47,0.00,M,M,0.0,M,M,0,M,M,M,M,M,M,M
2018-05-19,M,M,M,M,M,M,M,M,M,46,0.00,M,M,0.0,M,M,0,M,M,M,M,M,M,M
2018-05-20,M,M,M,M,M,M,M,M,M,55,0.70,M,M,0.0,M,M,0,M,M,M,M,M,M,M
2018-05-21,M,M,M,M,M,M,M,M,M,43,T,M,M,0.0,M,M,0,M,M,M,M,M,M,M
2018-05-22,M,M,M,M,M,M,M,M,M,54,0.00,M,M,0.0,M,M,0,M,M,M,M,M,M,M
2018-05-23,M,M,M,M,M,M,M,M,M,54,0.34,M,M,0.0,M,M,0,M,M,M,M,M,M,M
2018-05-24,M,M,M,M,M,M,M,M,M,46,0.00,M,M,0.0,M,M,0,M,M,M,M,M,M,M
2018-05-25,M,M,M,M,M,M,M,M,M,51,0.00,M,M,0.0,M,M,0,M,M,M,M,M,M,M
2018-05-26,M,M,M,M,M,M,M,M,M,64,0.00,M,M,0.0,M,M,0,M,M,M,M,M,M,M
2018-05-27,M,M,M,M,M,M,M,M,M,64,0.00,M,M,0.0,M,M,0,M,M,M,M,M,M,M
2018-05-28,M,M,M,M,M,M,M,M,M,53,0.10,M,M,0.0,M,M,0,M,M,M,M,M,M,M
2018-05-29,M,M,M,M,M,M,M,M,M,56,0.00,M,M,0.0,M,M,0,M,M,M,M,M,M,M
2018-05-30,M,M,M,M,M,M,M,M,M,56,0.00,M,M,0.0,M,M,0,M,M,M,M,M,M,M
2018-05-31,M,M,M,M,M,M,M,M,M,56,0.00,M,M,0.0,M,M,0,M,M,M,M,M,M,M
2018-06-01,M,M,M,M,M,M,M,M,M,67,0.03,M,M,0.0,M,M,0,M,M,M,M,M,M,M
2018-06-02,M,M,M,M,M,M,M,M,M,M,S,M,M,M,M,M,M,M,M,M,M,M,M,M
2018-06-03,M,M,M,M,M,M,M,M,M,M,M,M,M,M,M,M,M,M,M,M,M,M,M,M
2018-06-04,M,M,M,M,M,M,M,M,M,48,1.30A,M,M,0.0,M,M,0,M,M,M,M,M,M,M
2018-06-05,M,M,M,M,M,M,M,M,M,46,0.20,M,M,0.0,M,M,0,M,M,M,M,M,M,M
2018-06-06,M,M,M,M,M,M,M,M,M,52,T,M,M,0.0,M,M,0,M,M,M,M,M,M,M
2018-06-07,M,M,M,M,M,M,M,M,M,52,0.00,M,M,0.0,M,M,0,M,M,M,M,M,M,M
2018-06-08,M,M,M,M,M,M,M,M,M,51,T,M,M,0.0,M,M,0,M,M,M,M,M,M,M
2018-06-09,M,M,M,M,M,M,M,M,M,52,0.00,M,M,0.0,M,M,0,M,M,M,M,M,M,M
2018-06-10,M,M,M,M,M,M,M,M,M,57,0.00,M,M,0.0,M,M,0,M,M,M,M,M,M,M
2018-06-11,M,M,M,M,M,M,M,M,M,50,0.00,M,M,0.0,M,M,0,M,M,M,M,M,M,M
2018-06-12,M,M,M,M,M,M,M,M,M,44,0.00,M,M,0.0,M,M,0,M,M,M,M,M,M,M
2018-06-13,M,M,M,M,M,M,M,M,M,56,0.00,M,M,0.0,M,M,0,M,M,M,M,M,M,M
2018-06-14,M,M,M,M,M,M,M,M,M,63,0.60,M,M,0.0,M,M,0,M,M,M,M,M,M,M
2018-06-15,M,M,M,M,M,M,M,M,M,59,T,M,M,0.0,M,M,0,M,M,M,M,M,M,M
2018-06-16,M,M,M,M,M,M,M,M,M,53,T,M,M,0.0,M,M,0,M,M,M,M,M,M,M
2018-06-17,M,M,M,M,M,M,M,M,M,54,0.00,M,M,0.0,M,M,0,M,M,M,M,M,M,M
2018-06-18,M,M,M,M,M,M,M,M,M,62,0.00,M,M,0.0,M,M,0,M,M,M,M,M,M,M
2018-06-19,M,M,M,M,M,M,M,M,M,70,0.03,M,M,0.0,M,M,0,M,M,M,M,M,M,M
2018-06-20,M,M,M,M,M,M,M,M,M,52,0.00,M,M,0.0,M,M,0,M,M,M,M,M,M,M
2018-06-21,M,M,M,M,M,M,M,M,M,56,0.00,M,M,0.0,M,M,0,M,M,M,M,M,M,M
2018-06-22,M,M,M,M,M,M,M,M,M,50,0.00,M,M,0.0,M,M,0,M,M,M,M,M,M,M
2018-06-23,M,M,M,M,M,M,M,M,M,62,0.00,M,M,0.0,M,M,0,M,M,M,M,M,M,M
2018-06-24,M,M,M,M,M,M,M,M,M,60,0.17,M,M,0.0,M,M,0,M,M,M,M,M,M,M
2018-06-25,M,M,M,M,M,M,M,M,M,61,0.28,M,M,0.0,M,M,0,M,M,M,M,M,M,M
2018-06-26,M,M,M,M,M,M,M,M,M,48,0.00,M,M,0.0,M,M,0,M,M,M,M,M,M,M
2018-06-27,M,M,M,M,M,M,M,M,M,54,0.00,M,M,0.0,M,M,0,M,M,M,M,M,M,M
2018-06-28,M,M,M,M,M,M,M,M,M,63,1.12,M,M,0.0,M,M,0,M,M,M,M,M,M,M
2018-06-29,M,M,M,M,M,M,M,M,M,63,0.20,M,M,0.0,M,M,0,M,M,M,M,M,M,M
2018-06-30,M,M,M,M,M,M,M,M,M,63,0.00,M,M,0.0,M,M,0,M,M,M,M,M,M,M
2018-07-01,M,M,M,M,M,M,M,M,M,71,0.00,M,M,0.0,M,M,0,M,M,M,M,M,M,M
2018-07-02,M,M,M,M,M,M,M,M,M,72,0.00,M,M,0.0,M,M,0,M,M,M,M,M,M,M
2018-07-03,M,M,M,M,M,M,M,M,M,70,0.13,M,M,0.0,M,M,0,M,M,M,M,M,M,M
2018-07-04,M,M,M,M,M,M,M,M,M,70,0.00,M,M,0.0,M,M,0,M,M,M,M,M,M,M
2018-07-05,M,M,M,M,M,M,M,M,M,69,0.00,M,M,0.0,M,M,0,M,M,M,M,M,M,M
2018-07-06,M,M,M,M,M,M,M,M,M,72,0.10,M,M,0.0,M,M,0,M,M,M,M,M,M,M
2018-07-07,M,M,M,M,M,M,M,M,M,53,0.13,M,M,0.0,M,M,0,M,M,M,M,M,M,M
2018-07-08,M,M,M,M,M,M,M,M,M,58,0.00,M,M,0.0,M,M,0,M,M,M,M,M,M,M
2018-07-09,M,M,M,M,M,M,M,M,M,57,0.00,M,M,0.0,M,M,0,M,M,M,M,M,M,M
2018-07-10,M,M,M,M,M,M,M,M,M,59,0.00,M,M,0.0,M,M,0,M,M,M,M,M,M,M
2018-07-11,M,M,M,M,M,M,M,M,M,66,0.00,M,M,0.0,M,M,0,M,M,M,M,M,M,M
2018-07-12,M,M,M,M,M,M,M,M,M,54,0.00,M,M,0.0,M,M,0,M,M,M,M,M,M,M
2018-07-13,M,M,M,M,M,M,M,M,M,57,0.00,M,M,0.0,M,M,0,M,M,M,M,M,M,M
2018-07-14,M,M,M,M,M,M,M,M,M,65,T,M,M,0.0,M,M,0,M,M,M,M,M,M,M
2018-07-15,M,M,M,M,M,M,M,M,M,70,T,M,M,0.0,M,M,0,M,M,M,M,M,M,M
2018-07-16,M,M,M,M,M,M,M,M,M,67,0.00,M,M,0.0,M,M,0,M,M,M,M,M,M,M
2018-07-17,M,M,M,M,M,M,M,M,M,70,0.05,M,M,0.0,M,M,0,M,M,M,M,M,M,M
2018-07-18,M,M,M,M,M,M,M,M,M,61,0.62,M,M,0.0,M,M,0,M,M,M,M,M,M,M
2018-07-19,M,M,M,M,M,M,M,M,M,M,S,M,M,M,M,M,M,M,M,M,M,M,M,M
2018-07-20,M,M,M,M,M,M,M,M,M,55,0.00A,M,M,0.0,M,M,0,M,M,M,M,M,M,M
2018-07-21,M,M,M,M,M,M,M,M,M,57,0.00,M,M,0.0,M,M,0,M,M,M,M,M,M,M
2018-07-22,M,M,M,M,M,M,M,M,M,63,0.04,M,M,0.0,M,M,0,M,M,M,M,M,M,M
2018-07-23,M,M,M,M,M,M,M,M,M,M,S,M,M,M,M,M,M,M,M,M,M,M,M,M
2018-07-24,M,M,M,M,M,M,M,M,M,70,1.35A,M,M,0.0,M,M,0,M,M,M,M,M,M,M
2018-07-25,M,M,M,M,M,M,M,M,M,73,0.02,M,M,0.0,M,M,0,M,M,M,M,M,M,M
2018-07-26,M,M,M,M,M,M,M,M,M,70,1.30,M,M,0.0,M,M,0,M,M,M,M,M,M,M
2018-07-27,M,M,M,M,M,M,M,M,M,62,0.22,M,M,0.0,M,M,0,M,M,M,M,M,M,M
2018-07-28,M,M,M,M,M,M,M,M,M,68,0.15,M,M,0.0,M,M,0,M,M,M,M,M,M,M
2018-07-29,M,M,M,M,M,M,M,M,M,59,0.02,M,M,0.0,M,M,0,M,M,M,M,M,M,M
2018-07-30,M,M,M,M,M,M,M,M,M,57,0.00,M,M,0.0,M,M,0,M,M,M,M,M,M,M
2018-07-31,M,M,M,M,M,M,M,M,M,65,T,M,M,0.0,M,M,0,M,M,M,M,M,M,M
2018-08-01,M,M,M,M,M,M,M,M,M,66,0.00,M,M,0.0,M,M,0,M,M,M,M,M,M,M
2018-08-02,M,M,M,M,M,M,M,M,M,70,0.14,M,M,0.0,M,M,0,M,M,M,M,M,M,M
2018-08-03,M,M,M,M,M,M,M,M,M,68,T,M,M,0.0,M,M,0,M,M,M,M,M,M,M
2018-08-04,M,M,M,M,M,M,M,M,M,69,1.80,M,M,0.0,M,M,0,M,M,M,M,M,M,M
2018-08-05,M,M,M,M,M,M,M,M,M,66,0.43,M,M,0.0,M,M,0,M,M,M,M,M,M,M
2018-08-06,M,M,M,M,M,M,M,M,M,66,0.00,M,M,0.0,M,M,0,M,M,M,M,M,M,M
2018-08-07,M,M,M,M,M,M,M,M,M,68,0.00,M,M,0.0,M,M,0,M,M,M,M,M,M,M
2018-08-08,M,M,M,M,M,M,M,M,M,70,T,M,M,0.0,M,M,0,M,M,M,M,M,M,M
2018-08-09,M,M,M,M,M,M,M,M,M,69,0.13,M,M,0.0,M,M,0,M,M,M,M,M,M,M
2018-08-10,M,M,M,M,M,M,M,M,M,66,0.00,M,M,0.0,M,M,0,M,M,M,M,M,M,M
2018-08-11,M,M,M,M,M,M,M,M,M,M,S,M,M,M,M,M,M,M,M,M,M,M,M,M
2018-08-12,M,M,M,M,M,M,M,M,M,M,M,M,M,M,M,M,M,M,M,M,M,M,M,M
2018-08-13,M,M,M,M,M,M,M,M,M,68,0.07A,M,M,0.0,M,M,0,M,M,M,M,M,M,M
2018-08-14,M,M,M,M,M,M,M,M,M,69,0.56,M,M,0.0,M,M,0,M,M,M,M,M,M,M
2018-08-15,M,M,M,M,M,M,M,M,M,64,0.04,M,M,0.0,M,M,0,M,M,M,M,M,M,M
2018-08-16,M,M,M,M,M,M,M,M,M,M,S,M,M,M,M,M,M,M,M,M,M,M,M,M
2018-08-17,M,M,M,M,M,M,M,M,M,66,0.00A,M,M,0.0,M,M,0,M,M,M,M,M,M,M
2018-08-18,M,M,M,M,M,M,M,M,M,70,1.27,M,M,0.0,M,M,0,M,M,M,M,M,M,M
2018-08-19,M,M,M,M,M,M,M,M,M,63,T,M,M,0.0,M,M,0,M,M,M,M,M,M,M
2018-08-20,M,M,M,M,M,M,M,M,M,58,0.00,M,M,0.0,M,M,0,M,M,M,M,M,M,M
2018-08-21,M,M,M,M,M,M,M,M,M,59,0.00,M,M,0.0,M,M,0,M,M,M,M,M,M,M
2018-08-22,M,M,M,M,M,M,M,M,M,66,0.03,M,M,0.0,M,M,0,M,M,M,M,M,M,M
2018-08-23,M,M,M,M,M,M,M,M,M,56,0.10,M,M,0.0,M,M,0,M,M,M,M,M,M,M
2018-08-24,M,M,M,M,M,M,M,M,M,55,0.00,M,M,0.0,M,M,0,M,M,M,M,M,M,M
2018-08-25,M,M,M,M,M,M,M,M,M,58,0.00,M,M,0.0,M,M,0,M,M,M,M,M,M,M
2018-08-26,M,M,M,M,M,M,M,M,M,60,0.00,M,M,0.0,M,M,0,M,M,M,M,M,M,M
2018-08-27,M,M,M,M,M,M,M,M,M,62,0.00,M,M,0.0,M,M,0,M,M,M,M,M,M,M
2018-08-28,M,M,M,M,M,M,M,M,M,70,0.00,M,M,0.0,M,M,0,M,M,M,M,M,M,M
2018-08-29,M,M,M,M,M,M,M,M,M,70,0.00,M,M,0.0,M,M,0,M,M,M,M,M,M,M
2018-08-30,M,M,M,M,M,M,M,M,M,70,0.65,M,M,0.0,M,M,0,M,M,M,M,M,M,M
2018-08-31,M,M,M,M,M,M,M,M,M,56,T,M,M,0.0,M,M,0,M,M,M,M,M,M,M
2018-09-01,M,M,M,M,M,M,M,M,M,64,0.02,M,M,0.0,M,M,0,M,M,M,M,M,M,M
2018-09-02,M,M,M,M,M,M,M,M,M,66,0.00,M,M,0.0,M,M,0,M,M,M,M,M,M,M
2018-09-03,M,M,M,M,M,M,M,M,M,70,T,M,M,0.0,M,M,0,M,M,M,M,M,M,M
2018-09-04,M,M,M,M,M,M,M,M,M,70,T,M,M,0.0,M,M,0,M,M,M,M,M,M,M
2018-09-05,M,M,M,M,M,M,M,M,M,64,0.00,M,M,0.0,M,M,0,M,M,M,M,M,M,M
2018-09-06,M,M,M,M,M,M,M,M,M,70,T,M,M,0.0,M,M,0,M,M,M,M,M,M,M
2018-09-07,M,M,M,M,M,M,M,M,M,62,0.18,M,M,0.0,M,M,0,M,M,M,M,M,M,M
2018-09-08,M,M,M,M,M,M,M,M,M,56,0.00,M,M,0.0,M,M,0,M,M,M,M,M,M,M
2018-09-09,M,M,M,M,M,M,M,M,M,45,0.00,M,M,0.0,M,M,0,M,M,M,M,M,M,M
2018-09-10,M,M,M,M,M,M,M,M,M,47,0.00,M,M,0.0,M,M,0,M,M,M,M,M,M,M
2018-09-11,M,M,M,M,M,M,M,M,M,55,1.56,M,M,0.0,M,M,0,M,M,M,M,M,M,M
2018-09-12,M,M,M,M,M,M,M,M,M,62,0.32,M,M,0.0,M,M,0,M,M,M,M,M,M,M
2018-09-13,M,M,M,M,M,M,M,M,M,65,0.02,M,M,0.0,M,M,0,M,M,M,M,M,M,M
2018-09-14,M,M,M,M,M,M,M,M,M,60,0.00,M,M,0.0,M,M,0,M,M,M,M,M,M,M
2018-09-15,M,M,M,M,M,M,M,M,M,65,0.00,M,M,0.0,M,M,0,M,M,M,M,M,M,M
2018-09-16,M,M,M,M,M,M,M,M,M,63,0.00,M,M,0.0,M,M,0,M,M,M,M,M,M,M
2018-09-17,M,M,M,M,M,M,M,M,M,65,0.00,M,M,0.0,M,M,0,M,M,M,M,M,M,M
2018-09-18,M,M,M,M,M,M,M,M,M,68,0.46,M,M,0.0,M,M,0,M,M,M,M,M,M,M
2018-09-19,M,M,M,M,M,M,M,M,M,63,0.09,M,M,0.0,M,M,0,M,M,M,M,M,M,M
2018-09-20,M,M,M,M,M,M,M,M,M,54,0.00,M,M,0.0,M,M,0,M,M,M,M,M,M,M
2018-09-21,M,M,M,M,M,M,M,M,M,62,0.02,M,M,0.0,M,M,0,M,M,M,M,M,M,M
2018-09-22,M,M,M,M,M,M,M,M,M,M,S,M,M,M,M,M,M,M,M,M,M,M,M,M
2018-09-23,M,M,M,M,M,M,M,M,M,M,M,M,M,M,M,M,M,M,M,M,M,M,M,M
2018-09-24,M,M,M,M,M,M,M,M,M,45,0.09A,M,M,0.0,M,M,0,M,M,M,M,M,M,M
2018-09-25,M,M,M,M,M,M,M,M,M,49,0.00,M,M,0.0,M,M,0,M,M,M,M,M,M,M
2018-09-26,M,M,M,M,M,M,M,M,M,60,1.16,M,M,0.0,M,M,0,M,M,M,M,M,M,M
2018-09-27,M,M,M,M,M,M,M,M,M,50,1.25,M,M,0.0,M,M,0,M,M,M,M,M,M,M
2018-09-28,M,M,M,M,M,M,M,M,M,55,0.30,M,M,0.0,M,M,0,M,M,M,M,M,M,M
2018-09-29,M,M,M,M,M,M,M,M,M,54,0.07,M,M,0.0,M,M,0,M,M,M,M,M,M,M
2018-09-30,M,M,M,M,M,M,M,M,M,43,0.00,M,M,0.0,M,M,0,M,M,M,M,M,M,M
2018-10-01,M,M,M,M,M,M,M,M,M,53,T,M,M,0.0,M,M,0,M,M,M,M,M,M,M
2018-10-02,M,M,M,M,M,M,M,M,M,49,0.28,M,M,0.0,M,M,0,M,M,M,M,M,M,M
2018-10-03,M,M,M,M,M,M,M,M,M,58,0.58,M,M,0.0,M,M,0,M,M,M,M,M,M,M
2018-10-04,M,M,M,M,M,M,M,M,M,53,T,M,M,0.0,M,M,0,M,M,M,M,M,M,M
2018-10-05,M,M,M,M,M,M,M,M,M,44,0.04,M,M,0.0,M,M,0,M,M,M,M,M,M,M
2018-10-06,M,M,M,M,M,M,M,M,M,46,0.00,M,M,0.0,M,M,0,M,M,M,M,M,M,M
2018-10-07,M,M,M,M,M,M,M,M,M,60,0.02,M,M,0.0,M,M,0,M,M,M,M,M,M,M
2018-10-08,M,M,M,M,M,M,M,M,M,48,0.16,M,M,0.0,M,M,0,M,M,M,M,M,M,M
2018-10-09,M,M,M,M,M,M,M,M,M,58,0.04,M,M,0.0,M,M,0,M,M,M,M,M,M,M
2018-10-10,M,M,M,M,M,M,M,M,M,M,S,M,M,M,M,M,M,M,M,M,M,M,M,M
2018-10-11,M,M,M,M,M,M,M,M,M,66,0.45A,M,M,0.0,M,M,0,M,M,M,M,M,M,M
2018-10-12,M,M,M,M,M,M,M,M,M,54,0.52,M,M,0.0,M,M,0,M,M,M,M,M,M,M
2018-10-13,M,M,M,M,M,M,M,M,M,42,0.01,M,M,0.0,M,M,0,M,M,M,M,M,M,M
2018-10-14,M,M,M,M,M,M,M,M,M,34,0.03,M,M,0.0,M,M,0,M,M,M,M,M,M,M
2018-10-15,M,M,M,M,M,M,M,M,M,35,0.00,M,M,0.0,M,M,0,M,M,M,M,M,M,M
2018-10-16,M,M,M,M,M,M,M,M,M,39,0.28,M,M,0.0,M,M,0,M,M,M,M,M,M,M
2018-10-17,M,M,M,M,M,M,M,M,M,38,0.00,M,M,0.0,M,M,0,M,M,M,M,M,M,M
2018-10-18,M,M,M,M,M,M,M,M,M,31,0.08,M,M,0.0,M,M,0,M,M,M,M,M,M,M
2018-10-19,M,M,M,M,M,M,M,M,M,29,0.00,M,M,0.0,M,M,0,M,M,M,M,M,M,M
2018-10-20,M,M,M,M,M,M,M,M,M,46,0.00,M,M,0.0,M,M,0,M,M,M,M,M,M,M
2018-10-21,M,M,M,M,M,M,M,M,M,38,0.00,M,M,0.0,M,M,0,M,M,M,M,M,M,M
2018-10-22,M,M,M,M,M,M,M,M,M,29,0.00,M,M,0.0,M,M,0,M,M,M,M,M,M,M
2018-10-23,M,M,M,M,M,M,M,M,M,36,T,M,M,0.0,M,M,0,M,M,M,M,M,M,M
2018-10-24,M,M,M,M,M,M,M,M,M,37,0.16,M,M,0.0,M,M,0,M,M,M,M,M,M,M
2018-10-25,M,M,M,M,M,M,M,M,M,35,T,M,M,0.0,M,M,0,M,M,M,M,M,M,M
2018-10-26,M,M,M,M,M,M,M,M,M,26,0.00,M,M,0.0,M,M,0,M,M,M,M,M,M,M
2018-10-27,M,M,M,M,M,M,M,M,M,35,0.00,M,M,0.0,M,M,0,M,M,M,M,M,M,M
2018-10-28,M,M,M,M,M,M,M,M,M,M,S,M,M,M,M,M,M,M,M,M,M,M,M,M
2018-10-29,M,M,M,M,M,M,M,M,M,42,0.95A,M,M,0.0,M,M,0,M,M,M,M,M,M,M
2018-10-30,M,M,M,M,M,M,M,M,M,37,0.02,M,M,0.0,M,M,0,M,M,M,M,M,M,M
2018-10-31,M,M,M,M,M,M,M,M,M,28,0.00,M,M,0.0,M,M,0,M,M,M,M,M,M,M
2018-11-01,M,M,M,M,M,M,M,M,M,47,0.03,M,M,0.0,M,M,0,M,M,M,M,M,M,M
2018-11-02,M,M,M,M,M,M,M,M,M,45,0.47,M,M,0.0,M,M,0,M,M,M,M,M,M,M
2018-11-03,M,M,M,M,M,M,M,M,M,50,0.74,M,M,0.0,M,M,0,M,M,M,M,M,M,M
2018-11-04,M,M,M,M,M,M,M,M,M,M,S,M,M,M,M,M,M,M,M,M,M,M,M,M
2018-11-05,M,M,M,M,M,M,M,M,M,M,M,M,M,M,M,M,M,M,M,M,M,M,M,M
2018-11-06,M,M,M,M,M,M,M,M,M,M,M,M,M,M,M,M,M,M,M,M,M,M,M,M
2018-11-07,M,M,M,M,M,M,M,M,M,45,1.20A,M,M,0.0,M,M,0,M,M,M,M,M,M,M
2018-11-08,M,M,M,M,M,M,M,M,M,42,0.00,M,M,0.0,M,M,0,M,M,M,M,M,M,M
2018-11-09,M,M,M,M,M,M,M,M,M,30,0.00,M,M,0.0,M,M,0,M,M,M,M,M,M,M
2018-11-10,M,M,M,M,M,M,M,M,M,M,S,M,M,M,M,M,M,M,M,M,M,M,M,M
2018-11-11,M,M,M,M,M,M,M,M,M,28,0.04A,M,M,1.0,M,M,M,M,M,M,M,M,M,M
2018-11-12,M,M,M,M,M,M,M,M,M,26,0.00,M,M,0.0,M,M,M,M,M,M,M,M,M,M
2018-11-13,M,M,M,M,M,M,M,M,M,32,0.10,M,M,1.5,M,M,M,M,M,M,M,M,M,M
2018-11-14,M,M,M,M,M,M,M,M,M,25,0.05,M,M,T,M,M,M,M,M,M,M,M,M,M
2018-11-15,M,M,M,M,M,M,M,M,M,15,0.00,M,M,0.0,M,M,M,M,M,M,M,M,M,M
2018-11-16,M,M,M,M,M,M,M,M,M,26,0.64,M,M,6.0,M,M,M,M,M,M,M,M,M,M
2018-11-17,M,M,M,M,M,M,M,M,M,34,0.00,M,M,0.0,M,M,M,M,M,M,M,M,M,M
2018-11-18,M,M,M,M,M,M,M,M,M,26,0.05,M,M,0.0,M,M,M,M,M,M,M,M,M,M
2018-11-19,M,M,M,M,M,M,M,M,M,29,0.03,M,M,0.5,M,M,M,M,M,M,M,M,M,M
2018-11-20,M,M,M,M,M,M,M,M,M,32,0.15,M,M,2.0,M,M,M,M,M,M,M,M,M,M
2018-11-21,M,M,M,M,M,M,M,M,M,30,0.00,M,M,0.0,M,M,M,M,M,M,M,M,M,M
2018-11-22,M,M,M,M,M,M,M,M,M,5,T,M,M,T,M,M,M,M,M,M,M,M,M,M
2018-11-23,M,M,M,M,M,M,M,M,M,-1,0.00,M,M,0.0,M,M,M,M,M,M,M,M,M,M
2018-11-24,M,M,M,M,M,M,M,M,M,12,0.00,M,M,0.0,M,M,M,M,M,M,M,M,M,M
2018-11-25,M,M,M,M,M,M,M,M,M,34,0.34,M,M,0.0,M,M,M,M,M,M,M,M,M,M
2018-11-26,M,M,M,M,M,M,M,M,M,32,0.08,M,M,0.0,M,M,M,M,M,M,M,M,M,M
2018-11-27,M,M,M,M,M,M,M,M,M,32,1.36,M,M,4.0,M,M,M,M,M,M,M,M,M,M
2018-11-28,M,M,M,M,M,M,M,M,M,33,T,M,M,0.0,M,M,M,M,M,M,M,M,M,M
2018-11-29,M,M,M,M,M,M,M,M,M,33,0.00,M,M,0.0,M,M,M,M,M,M,M,M,M,M
2018-11-30,M,M,M,M,M,M,M,M,M,32,0.00,M,M,0.0,M,M,M,M,M,M,M,M,M,M
2018-12-01,M,M,M,M,M,M,M,M,M,25,0.00,M,M,0.0,M,M,0,M,M,M,M,M,M,M
2018-12-02,M,M,M,M,M,M,M,M,M,32,0.77,M,M,0.0,M,M,0,M,M,M,M,M,M,M
2018-12-03,M,M,M,M,M,M,M,M,M,35,0.45,M,M,0.0,M,M,0,M,M,M,M,M,M,M
2018-12-04,M,M,M,M,M,M,M,M,M,30,0.06,M,M,0.0,M,M,0,M,M,M,M,M,M,M
2018-12-05,M,M,M,M,M,M,M,M,M,16,0.00,M,M,0.0,M,M,0,M,M,M,M,M,M,M
2018-12-06,M,M,M,M,M,M,M,M,M,18,0.00,M,M,0.0,M,M,0,M,M,M,M,M,M,M
2018-12-07,M,M,M,M,M,M,M,M,M,29,T,M,M,T,M,M,0,M,M,M,M,M,M,M
2018-12-08,M,M,M,M,M,M,M,M,M,10,0.00,M,M,0.0,M,M,0,M,M,M,M,M,M,M
2018-12-09,M,M,M,M,M,M,M,M,M,16,0.00,M,M,0.0,M,M,0,M,M,M,M,M,M,M
2018-12-10,M,M,M,M,M,M,M,M,M,26,0.00,M,M,0.0,M,M,0,M,M,M,M,M,M,M
2018-12-11,M,M,M,M,M,M,M,M,M,9,0.00,M,M,0.0,M,M,0,M,M,M,M,M,M,M
2018-12-12,M,M,M,M,M,M,M,M,M,21,0.00,M,M,0.0,M,M,0,M,M,M,M,M,M,M
2018-12-13,M,M,M,M,M,M,M,M,M,17,0.00,M,M,0.0,M,M,0,M,M,M,M,M,M,M
2018-12-14,M,M,M,M,M,M,M,M,M,30,T,M,M,T,M,M,0,M,M,M,M,M,M,M
2018-12-15,M,M,M,M,M,M,M,M,M,32,0.00,M,M,0.0,M,M,0,M,M,M,M,M,M,M
2018-12-16,M,M,M,M,M,M,M,M,M,29,0.00,M,M,0.0,M,M,0,M,M,M,M,M,M,M
2018-12-17,M,M,M,M,M,M,M,M,M,32,0.10,M,M,0.5,M,M,M,M,M,M,M,M,M,M
2018-12-18,M,M,M,M,M,M,M,M,M,19,0.00,M,M,0.0,M,M,M,M,M,M,M,M,M,M
2018-12-19,M,M,M,M,M,M,M,M,M,14,0.00,M,M,0.0,M,M,M,M,M,M,M,M,M,M
2018-12-20,M,M,M,M,M,M,M,M,M,19,0.00,M,M,0.0,M,M,M,M,M,M,M,M,M,M
2018-12-21,M,M,M,M,M,M,M,M,M,35,0.88,M,M,0.0,M,M,M,M,M,M,M,M,M,M
2018-12-22,M,M,M,M,M,M,M,M,M,37,1.37,M,M,0.0,M,M,M,M,M,M,M,M,M,M
2018-12-23,M,M,M,M,M,M,M,M,M,25,T,M,M,0.0,M,M,M,M,M,M,M,M,M,M
2018-12-24,M,M,M,M,M,M,M,M,M,28,0.00,M,M,0.0,M,M,M,M,M,M,M,M,M,M
2018-12-25,M,M,M,M,M,M,M,M,M,27,T,M,M,T,M,M,M,M,M,M,M,M,M,M
2018-12-26,M,M,M,M,M,M,M,M,M,12,0.00,M,M,0.0,M,M,M,M,M,M,M,M,M,M
2018-12-27,M,M,M,M,M,M,M,M,M,20,0.00,M,M,0.0,M,M,M,M,M,M,M,M,M,M
2018-12-28,M,M,M,M,M,M,M,M,M,32,T,M,M,0.0,M,M,M,M,M,M,M,M,M,M
2018-12-29,M,M,M,M,M,M,M,M,M,39,0.84,M,M,0.0,M,M,M,M,M,M,M,M,M,M
2018-12-30,M,M,M,M,M,M,M,M,M,22,0.00,M,M,0.0,M,M,M,M,M,M,M,M,M,M
2018-12-31,M,M,M,M,M,M,M,M,M,25,T,M,M,T,M,M,M,M,M,M,M,M,M,M
2019-01-01,M,M,M,M,M,M,M,M,M,46,0.75,M,M,0.0,M,M,M,M,M,M,M,M,M,M
2019-01-02,M,M,M,M,M,M,M,M,M,20,0.00,M,M,0.0,M,M,M,M,M,M,M,M,M,M
2019-01-03,M,M,M,M,M,M,M,M,M,27,0.02,M,M,2.0,M,M,M,M,M,M,M,M,M,M
2019-01-04,M,M,M,M,M,M,M,M,M,30,0.00,M,M,0.0,M,M,M,M,M,M,M,M,M,M
2019-01-05,M,M,M,M,M,M,M,M,M,26,T,M,M,0.0,M,M,M,M,M,M,M,M,M,M
2019-01-06,M,M,M,M,M,M,M,M,M,30,0.00,M,M,0.0,M,M,M,M,M,M,M,M,M,M
2019-01-07,M,M,M,M,M,M,M,M,M,10,0.00,M,M,0.0,M,M,M,M,M,M,M,M,M,M
2019-01-08,M,M,M,M,M,M,M,M,M,25,0.10,M,M,2.0,M,M,M,M,M,M,M,M,M,M
2019-01-09,M,M,M,M,M,M,M,M,M,32,0.40,M,M,1.0,M,M,M,M,M,M,M,M,M,M
2019-01-10,M,M,M,M,M,M,M,M,M,28,0.14,M,M,0.0,M,M,M,M,M,M,M,M,M,M
2019-01-11,M,M,M,M,M,M,M,M,M,12,0.00,M,M,0.0,M,M,M,M,M,M,M,M,M,M
2019-01-12,M,M,M,M,M,M,M,M,M,8,0.00,M,M,0.0,M,M,M,M,M,M,M,M,M,M
2019-01-13,M,M,M,M,M,M,M,M,M,5,0.00,M,M,0.0,M,M,M,M,M,M,M,M,M,M
2019-01-14,M,M,M,M,M,M,M,M,M,3,0.00,M,M,0.0,M,M,M,M,M,M,M,M,M,M
2019-01-15,M,M,M,M,M,M,M,M,M,10,0.00,M,M,0.0,M,M,M,M,M,M,M,M,M,M
2019-01-16,M,M,M,M,M,M,M,M,M,28,0.00,M,M,0.0,M,M,M,M,M,M,M,M,M,M
2019-01-17,M,M,M,M,M,M,M,M,M,6,0.00,M,M,0.0,M,M,M,M,M,M,M,M,M,M
2019-01-18,M,M,M,M,M,M,M,M,M,19,0.02,M,M,0.5,M,M,M,M,M,M,M,M,M,M
2019-01-19,M,M,M,M,M,M,M,M,M,18,0.00,M,M,0.0,M,M,M,M,M,M,M,M,M,M
2019-01-20,M,M,M,M,M,M,M,M,M,15,1.75,M,M,20.2,M,M,M,M,M,M,M,M,M,M
2019-01-21,M,M,M,M,M,M,M,M,M,-6,0.00,M,M,0.0,M,M,M,M,M,M,M,M,M,M
2019-01-22,M,M,M,M,M,M,M,M,M,-6,0.00,M,M,0.0,M,M,M,M,M,M,M,M,M,M
2019-01-23,M,M,M,M,M,M,M,M,M,13,0.00,M,M,0.0,M,M,M,M,M,M,M,M,M,M
2019-01-24,M,M,M,M,M,M,M,M,M,35,1.12,M,M,0.0,M,M,M,M,M,M,M,M,M,M
2019-01-25,M,M,M,M,M,M,M,M,M,28,1.06,M,M,T,M,M,M,M,M,M,M,M,M,M
2019-01-26,M,M,M,M,M,M,M,M,M,13,T,M,M,T,M,M,M,M,M,M,M,M,M,M
2019-01-27,M,M,M,M,M,M,M,M,M,12,T,M,M,T,M,M,M,M,M,M,M,M,M,M
2019-01-28,M,M,M,M,M,M,M,M,M,4,0.15,M,M,3.2,M,M,M,M,M,M,M,M,M,M
2019-01-29,M,M,M,M,M,M,M,M,M,6,0.00,M,M,0.0,M,M,M,M,M,M,M,M,M,M
2019-01-30,M,M,M,M,M,M,M,M,M,15,0.88,M,M,12.0,M,M,M,M,M,M,M,M,M,M
2019-01-31,M,M,M,M,M,M,M,M,M,-8,T,M,M,T,M,M,M,M,M,M,M,M,M,M
2019-02-01,M,M,M,M,M,M,M,M,M,-4,0.00,M,M,0.0,M,M,M,M,M,M,M,M,M,M
2019-02-02,M,M,M,M,M,M,M,M,M,-9,0.00,M,M,0.0,M,M,M,M,M,M,M,M,M,M
2019-02-03,M,M,M,M,M,M,M,M,M,23,0.00,M,M,0.0,M,M,M,M,M,M,M,M,M,M
2019-02-04,M,M,M,M,M,M,M,M,M,36,T,M,M,0.0,M,M,M,M,M,M,M,M,M,M
2019-02-05,M,M,M,M,M,M,M,M,M,36,0.10,M,M,0.0,M,M,M,M,M,M,M,M,M,M
2019-02-06,M,M,M,M,M,M,M,M,M,22,0.00,M,M,0.0,M,M,M,M,M,M,M,M,M,M
2019-02-07,M,M,M,M,M,M,M,M,M,32,0.40,M,M,0.0,M,M,M,M,M,M,M,M,M,M
2019-02-08,M,M,M,M,M,M,M,M,M,36,0.38,M,M,0.0,M,M,M,M,M,M,M,M,M,M
2019-02-09,M,M,M,M,M,M,M,M,M,17,0.20,M,M,0.0,M,M,M,M,M,M,M,M,M,M
2019-02-10,M,M,M,M,M,M,M,M,M,8,0.00,M,M,0.0,M,M,M,M,M,M,M,M,M,M
2019-02-11,M,M,M,M,M,M,M,M,M,20,0.00,M,M,0.0,M,M,M,M,M,M,M,M,M,M
2019-02-12,M,M,M,M,M,M,M,M,M,10,0.00,M,M,0.0,M,M,M,M,M,M,M,M,M,M
2019-02-13,M,M,M,M,M,M,M,M,M,24,1.40,M,M,7.2,M,M,M,M,M,M,M,M,M,M
2019-02-14,M,M,M,M,M,M,M,M,M,24,T,M,M,T,M,M,M,M,M,M,M,M,M,M
2019-02-15,M,M,M,M,M,M,M,M,M,23,0.00,M,M,0.0,M,M,M,M,M,M,M,M,M,M
2019-02-16,M,M,M,M,M,M,M,M,M,27,0.05,M,M,T,M,M,M,M,M,M,M,M,M,M
2019-02-17,M,M,M,M,M,M,M,M,M,8,0.00,M,M,0.0,M,M,M,M,M,M,M,M,M,M
2019-02-18,M,M,M,M,M,M,M,M,M,18,0.17,M,M,3.3,M,M,M,M,M,M,M,M,M,M
2019-02-19,M,M,M,M,M,M,M,M,M,-3,T,M,M,T,M,M,M,M,M,M,M,M,M,M
2019-02-20,M,M,M,M,M,M,M,M,M,M,M,M,M,M,M,M,M,M,M,M,M,M,M,M
2019-02-21,M,M,M,M,M,M,M,M,M,27,0.22,M,M,0.7,M,M,M,M,M,M,M,M,M,M
2019-02-22,M,M,M,M,M,M,M,M,M,31,0.00,M,M,0.0,M,M,M,M,M,M,M,M,M,M
2019-02-23,M,M,M,M,M,M,M,M,M,17,0.00,M,M,0.0,M,M,M,M,M,M,M,M,M,M
2019-02-24,M,M,M,M,M,M,M,M,M,32,0.30,M,M,0.0,M,M,M,M,M,M,M,M,M,M
2019-02-25,M,M,M,M,M,M,M,M,M,28,0.61,M,M,0.5,M,M,M,M,M,M,M,M,M,M
2019-02-26,M,M,M,M,M,M,M,M,M,14,0.08,M,M,2.0,M,M,M,M,M,M,M,M,M,M
2019-02-27,M,M,M,M,M,M,M,M,M,-0,0.00,M,M,0.0,M,M,M,M,M,M,M,M,M,M
2019-02-28,M,M,M,M,M,M,M,M,M,10,0.29,M,M,4.5,M,M,M,M,M,M,M,M,M,M
2019-03-01,M,M,M,M,M,M,M,M,M,8,0.00,M,M,0.0,M,M,M,M,M,M,M,M,M,M
2019-03-02,M,M,M,M,M,M,M,M,M,21,0.00,M,M,0.0,M,M,M,M,M,M,M,M,M,M
2019-03-03,M,M,M,M,M,M,M,M,M,30,T,M,M,T,M,M,M,M,M,M,M,M,M,M
2019-03-04,M,M,M,M,M,M,M,M,M,28,0.15,M,M,1.8,M,M,M,M,M,M,M,M,M,M
2019-03-05,M,M,M,M,M,M,M,M,M,6,0.00,M,M,0.0,M,M,M,M,M,M,M,M,M,M
2019-03-06,M,M,M,M,M,M,M,M,M,-1,0.00,M,M,0.0,M,M,M,M,M,M,M,M,M,M
2019-03-07,M,M,M,M,M,M,M,M,M,-2,0.00,M,M,0.0,M,M,M,M,M,M,M,M,M,M
2019-03-08,M,M,M,M,M,M,M,M,M,-0,0.00,M,M,0.0,M,M,M,M,M,M,M,M,M,M
2019-03-09,M,M,M,M,M,M,M,M,M,6,0.00,M,M,0.0,M,M,M,M,M,M,M,M,M,M
2019-03-10,M,M,M,M,M,M,M,M,M,30,0.30,M,M,3.0,M,M,M,M,M,M,M,M,M,M
2019-03-11,M,M,M,M,M,M,M,M,M,35,T,M,M,0.0,M,M,M,M,M,M,M,M,M,M
2019-03-12,M,M,M,M,M,M,M,M,M,30,0.00,M,M,0.0,M,M,M,M,M,M,M,M,M,M
2019-03-13,M,M,M,M,M,M,M,M,M,18,0.00,M,M,0.0,M,M,M,M,M,M,M,M,M,M
2019-03-14,M,M,M,M,M,M,M,M,M,33,0.00,M,M,0.0,M,M,M,M,M,M,M,M,M,M
2019-03-15,M,M,M,M,M,M,M,M,M,38,T,M,M,0.0,M,M,M,M,M,M,M,M,M,M
2019-03-16,M,M,M,M,M,M,M,M,M,38,0.00,M,M,0.0,M,M,M,M,M,M,M,M,M,M
2019-03-17,M,M,M,M,M,M,M,M,M,27,0.00,M,M,0.0,M,M,M,M,M,M,M,M,M,M
2019-03-18,M,M,M,M,M,M,M,M,M,19,T,M,M,T,M,M,M,M,M,M,M,M,M,M
2019-03-19,M,M,M,M,M,M,M,M,M,20,0.00,M,M,0.0,M,M,M,M,M,M,M,M,M,M
2019-03-20,M,M,M,M,M,M,M,M,M,20,0.00,M,M,0.0,M,M,M,M,M,M,M,M,M,M
2019-03-21,M,M,M,M,M,M,M,M,M,31,0.00,M,M,0.0,M,M,M,M,M,M,M,M,M,M
2019-03-22,M,M,M,M,M,M,M,M,M,33,0.40,M,M,T,M,M,M,M,M,M,M,M,M,M
2019-03-23,M,M,M,M,M,M,M,M,M,28,0.33,M,M,1.2,M,M,M,M,M,M,M,M,M,M
2019-03-24,M,M,M,M,M,M,M,M,M,26,0.00,M,M,0.0,M,M,M,M,M,M,M,M,M,M
2019-03-25,M,M,M,M,M,M,M,M,M,M,M,M,M,M,M,M,M,M,M,M,M,M,M,M
2019-03-26,M,M,M,M,M,M,M,M,M,20,0.00,M,M,0.0,M,M,M,M,M,M,M,M,M,M
2019-03-27,M,M,M,M,M,M,M,M,M,18,0.00,M,M,0.0,M,M,M,M,M,M,M,M,M,M
2019-03-28,M,M,M,M,M,M,M,M,M,27,0.00,M,M,0.0,M,M,M,M,M,M,M,M,M,M
2019-03-29,M,M,M,M,M,M,M,M,M,M,S,M,M,M,M,M,M,M,M,M,M,M,M,M
2019-03-30,M,M,M,M,M,M,M,M,M,M,M,M,M,M,M,M,M,M,M,M,M,M,M,M
2019-03-31,M,M,M,M,M,M,M,M,M,48,0.06A,M,M,0.0,M,M,M,M,M,M,M,M,M,M
2019-04-01,M,M,M,M,M,M,M,M,M,29,0.00,M,M,0.0,M,M,M,M,M,M,M,M,M,M
2019-04-02,M,M,M,M,M,M,M,M,M,21,0.00,M,M,0.0,M,M,M,M,M,M,M,M,M,M
2019-04-03,M,M,M,M,M,M,M,M,M,30,0.00,M,M,0.0,M,M,M,M,M,M,M,M,M,M
2019-04-04,M,M,M,M,M,M,M,M,M,31,0.00,M,M,0.0,M,M,M,M,M,M,M,M,M,M
2019-04-05,M,M,M,M,M,M,M,M,M,24,0.00,M,M,0.0,M,M,M,M,M,M,M,M,M,M
2019-04-06,M,M,M,M,M,M,M,M,M,32,0.30,M,M,1.8,M,M,M,M,M,M,M,M,M,M
2019-04-07,M,M,M,M,M,M,M,M,M,33,0.00,M,M,0.0,M,M,M,M,M,M,M,M,M,M
2019-04-08,M,M,M,M,M,M,M,M,M,42,0.05,M,M,0.0,M,M,M,M,M,M,M,M,M,M
2019-04-09,M,M,M,M,M,M,M,M,M,37,0.74,M,M,0.0,M,M,M,M,M,M,M,M,M,M
2019-04-10,M,M,M,M,M,M,M,M,M,35,0.50,M,M,0.0,M,M,M,M,M,M,M,M,M,M
2019-04-11,M,M,M,M,M,M,M,M,M,25,0.00,M,M,0.0,M,M,M,M,M,M,M,M,M,M
2019-04-12,M,M,M,M,M,M,M,M,M,35,0.00,M,M,0.0,M,M,M,M,M,M,M,M,M,M
2019-04-13,M,M,M,M,M,M,M,M,M,50,0.02,M,M,0.0,M,M,M,M,M,M,M,M,M,M
2019-04-14,M,M,M,M,M,M,M,M,M,43,0.00,M,M,0.0,M,M,M,M,M,M,M,M,M,M
2019-04-15,M,M,M,M,M,M,M,M,M,51,1.68,M,M,0.0,M,M,M,M,M,M,M,M,M,M
2019-04-16,M,M,M,M,M,M,M,M,M,36,0.02,M,M,0.0,M,M,M,M,M,M,M,M,M,M
2019-04-17,M,M,M,M,M,M,M,M,M,31,0.00,M,M,0.0,M,M,M,M,M,M,M,M,M,M
2019-04-18,M,M,M,M,M,M,M,M,M,38,0.02,M,M,0.0,M,M,M,M,M,M,M,M,M,M
2019-04-19,M,M,M,M,M,M,M,M,M,51,0.05,M,M,0.0,M,M,M,M,M,M,M,M,M,M
2019-04-20,M,M,M,M,M,M,M,M,M,59,0.97,M,M,0.0,M,M,M,M,M,M,M,M,M,M
2019-04-21,M,M,M,M,M,M,M,M,M,47,1.30,M,M,0.0,M,M,M,M,M,M,M,M,M,M
2019-04-22,M,M,M,M,M,M,M,M,M,51,T,M,M,0.0,M,M,M,M,M,M,M,M,M,M
2019-04-23,M,M,M,M,M,M,M,M,M,52,0.00,M,M,0.0,M,M,M,M,M,M,M,M,M,M
2019-04-24,M,M,M,M,M,M,M,M,M,50,0.25,M,M,0.0,M,M,M,M,M,M,M,M,M,M
2019-04-25,M,M,M,M,M,M,M,M,M,34,0.00,M,M,0.0,M,M,M,M,M,M,M,M,M,M
2019-04-26,M,M,M,M,M,M,M,M,M,48,0.10,M,M,0.0,M,M,M,M,M,M,M,M,M,M
2019-04-27,M,M,M,M,M,M,M,M,M,41,1.69,M,M,0.0,M,M,M,M,M,M,M,M,M,M
2019-04-28,M,M,M,M,M,M,M,M,M,40,0.00,M,M,0.0,M,M,M,M,M,M,M,M,M,M
2019-04-29,M,M,M,M,M,M,M,M,M,30,T,M,M,0.0,M,M,M,M,M,M,M,M,M,M
2019-04-30,M,M,M,M,M,M,M,M,M,43,T,M,M,0.0,M,M,M,M,M,M,M,M,M,M
2019-05-01,M,M,M,M,M,M,M,M,M,M,S,M,M,M,M,M,M,M,M,M,M,M,M,M
2019-05-02,M,M,M,M,M,M,M,M,M,M,M,M,M,M,M,M,M,M,M,M,M,M,M,M
2019-05-03,M,M,M,M,M,M,M,M,M,M,M,M,M,M,M,M,M,M,M,M,M,M,M,M
2019-05-04,M,M,M,M,M,M,M,M,M,M,M,M,M,M,M,M,M,M,M,M,M,M,M,M
2019-05-05,M,M,M,M,M,M,M,M,M,M,M,M,M,M,M,M,M,M,M,M,M,M,M,M
2019-05-06,M,M,M,M,M,M,M,M,M,M,M,M,M,M,M,M,M,M,M,M,M,M,M,M
2019-05-07,M,M,M,M,M,M,M,M,M,M,M,M,M,M,M,M,M,M,M,M,M,M,M,M
2019-05-08,M,M,M,M,M,M,M,M,M,M,M,M,M,M,M,M,M,M,M,M,M,M,M,M
2019-05-09,M,M,M,M,M,M,M,M,M,M,M,M,M,M,M,M,M,M,M,M,M,M,M,M
2019-05-10,M,M,M,M,M,M,M,M,M,M,M,M,M,M,M,M,M,M,M,M,M,M,M,M
2019-05-11,M,M,M,M,M,M,M,M,M,M,M,M,M,M,M,M,M,M,M,M,M,M,M,M
2019-05-12,M,M,M,M,M,M,M,M,M,M,M,M,M,M,M,M,M,M,M,M,M,M,M,M
2019-05-13,M,M,M,M,M,M,M,M,M,42,1.52A,M,M,0.0,M,M,0,M,M,M,M,M,M,M
2019-05-14,M,M,M,M,M,M,M,M,M,40,1.10,M,M,0.0,M,M,0,M,M,M,M,M,M,M
2019-05-15,M,M,M,M,M,M,M,M,M,40,0.16,M,M,0.0,M,M,0,M,M,M,M,M,M,M
2019-05-16,M,M,M,M,M,M,M,M,M,46,0.03,M,M,0.0,M,M,0,M,M,M,M,M,M,M
2019-05-17,M,M,M,M,M,M,M,M,M,49,0.03,M,M,0.0,M,M,0,M,M,M,M,M,M,M
2019-05-18,M,M,M,M,M,M,M,M,M,45,T,M,M,0.0,M,M,0,M,M,M,M,M,M,M
2019-05-19,M,M,M,M,M,M,M,M,M,51,0.13,M,M,0.0,M,M,0,M,M,M,M,M,M,M
2019-05-20,M,M,M,M,M,M,M,M,M,63,0.92,M,M,0.0,M,M,0,M,M,M,M,M,M,M
2019-05-21,M,M,M,M,M,M,M,M,M,50,0.02,M,M,0.0,M,M,0,M,M,M,M,M,M,M
2019-05-22,M,M,M,M,M,M,M,M,M,41,0.00,M,M,0.0,M,M,0,M,M,M,M,M,M,M
2019-05-23,M,M,M,M,M,M,M,M,M,53,0.00,M,M,0.0,M,M,0,M,M,M,M,M,M,M
2019-05-24,M,M,M,M,M,M,M,M,M,58,0.74,M,M,0.0,M,M,0,M,M,M,M,M,M,M
2019-05-25,M,M,M,M,M,M,M,M,M,49,T,M,M,0.0,M,M,0,M,M,M,M,M,M,M
2019-05-26,M,M,M,M,M,M,M,M,M,57,0.08,M,M,0.0,M,M,0,M,M,M,M,M,M,M
2019-05-27,M,M,M,M,M,M,M,M,M,56,0.00,M,M,0.0,M,M,0,M,M,M,M,M,M,M
2019-05-28,M,M,M,M,M,M,M,M,M,51,0.01,M,M,0.0,M,M,0,M,M,M,M,M,M,M
2019-05-29,M,M,M,M,M,M,M,M,M,49,0.97,M,M,0.0,M,M,0,M,M,M,M,M,M,M
2019-05-30,M,M,M,M,M,M,M,M,M,53,T,M,M,0.0,M,M,0,M,M,M,M,M,M,M
2019-05-31,M,M,M,M,M,M,M,M,M,56,T,M,M,0.0,M,M,0,M,M,M,M,M,M,M
2019-06-01,M,M,M,M,M,M,M,M,M,50,0.00,M,M,0.0,M,M,0,M,M,M,M,M,M,M
2019-06-02,M,M,M,M,M,M,M,M,M,60,0.30,M,M,0.0,M,M,0,M,M,M,M,M,M,M
2019-06-03,M,M,M,M,M,M,M,M,M,45,0.08,M,M,0.0,M,M,0,M,M,M,M,M,M,M
2019-06-04,M,M,M,M,M,M,M,M,M,48,0.02,M,M,0.0,M,M,0,M,M,M,M,M,M,M
2019-06-05,M,M,M,M,M,M,M,M,M,50,0.10,M,M,0.0,M,M,0,M,M,M,M,M,M,M
2019-06-06,M,M,M,M,M,M,M,M,M,63,0.60,M,M,0.0,M,M,0,M,M,M,M,M,M,M
2019-06-07,M,M,M,M,M,M,M,M,M,52,0.00,M,M,0.0,M,M,0,M,M,M,M,M,M,M
2019-06-08,M,M,M,M,M,M,M,M,M,53,0.00,M,M,0.0,M,M,0,M,M,M,M,M,M,M
2019-06-09,M,M,M,M,M,M,M,M,M,52,0.00,M,M,0.0,M,M,0,M,M,M,M,M,M,M
2019-06-10,M,M,M,M,M,M,M,M,M,52,0.00,M,M,0.0,M,M,0,M,M,M,M,M,M,M
2019-06-11,M,M,M,M,M,M,M,M,M,65,1.14,M,M,0.0,M,M,0,M,M,M,M,M,M,M
2019-06-12,M,M,M,M,M,M,M,M,M,49,0.00,M,M,0.0,M,M,0,M,M,M,M,M,M,M
2019-06-13,M,M,M,M,M,M,M,M,M,57,0.00,M,M,0.0,M,M,0,M,M,M,M,M,M,M
2019-06-14,M,M,M,M,M,M,M,M,M,57,0.08,M,M,0.0,M,M,0,M,M,M,M,M,M,M
2019-06-15,M,M,M,M,M,M,M,M,M,60,T,M,M,0.0,M,M,0,M,M,M,M,M,M,M
2019-06-16,M,M,M,M,M,M,M,M,M,64,0.02,M,M,0.0,M,M,0,M,M,M,M,M,M,M
2019-06-17,M,M,M,M,M,M,M,M,M,56,0.68,M,M,0.0,M,M,0,M,M,M,M,M,M,M
2019-06-18,M,M,M,M,M,M,M,M,M,59,0.00,M,M,0.0,M,M,0,M,M,M,M,M,M,M
2019-06-19,M,M,M,M,M,M,M,M,M,64,0.00,M,M,0.0,M,M,0,M,M,M,M,M,M,M
2019-06-20,M,M,M,M,M,M,M,M,M,68,0.02,M,M,0.0,M,M,0,M,M,M,M,M,M,M
2019-06-21,M,M,M,M,M,M,M,M,M,62,1.93,M,M,0.0,M,M,0,M,M,M,M,M,M,M
2019-06-22,M,M,M,M,M,M,M,M,M,58,0.06,M,M,0.0,M,M,0,M,M,M,M,M,M,M
2019-06-23,M,M,M,M,M,M,M,M,M,60,0.00,M,M,0.0,M,M,0,M,M,M,M,M,M,M
2019-06-24,M,M,M,M,M,M,M,M,M,56,0.00,M,M,0.0,M,M,0,M,M,M,M,M,M,M
2019-06-25,M,M,M,M,M,M,M,M,M,63,T,M,M,0.0,M,M,0,M,M,M,M,M,M,M
2019-06-26,M,M,M,M,M,M,M,M,M,60,0.65,M,M,0.0,M,M,0,M,M,M,M,M,M,M
2019-06-27,M,M,M,M,M,M,M,M,M,61,0.16,M,M,0.0,M,M,0,M,M,M,M,M,M,M
2019-06-28,M,M,M,M,M,M,M,M,M,60,0.00,M,M,0.0,M,M,0,M,M,M,M,M,M,M
2019-06-29,M,M,M,M,M,M,M,M,M,66,0.02,M,M,0.0,M,M,0,M,M,M,M,M,M,M
2019-06-30,M,M,M,M,M,M,M,M,M,63,0.10,M,M,0.0,M,M,0,M,M,M,M,M,M,M
2019-07-01,M,M,M,M,M,M,M,M,M,58,0.05,M,M,0.0,M,M,0,M,M,M,M,M,M,M
2019-07-02,M,M,M,M,M,M,M,M,M,64,0.00,M,M,0.0,M,M,0,M,M,M,M,M,M,M
2019-07-03,M,M,M,M,M,M,M,M,M,63,0.02,M,M,0.0,M,M,0,M,M,M,M,M,M,M
2019-07-04,M,M,M,M,M,M,M,M,M,63,0.00,M,M,0.0,M,M,0,M,M,M,M,M,M,M
2019-07-05,M,M,M,M,M,M,M,M,M,64,0.00,M,M,0.0,M,M,0,M,M,M,M,M,M,M
2019-07-06,M,M,M,M,M,M,M,M,M,74,0.00,M,M,0.0,M,M,0,M,M,M,M,M,M,M
2019-07-07,M,M,M,M,M,M,M,M,M,60,0.37,M,M,0.0,M,M,0,M,M,M,M,M,M,M
2019-07-08,M,M,M,M,M,M,M,M,M,55,0.00,M,M,0.0,M,M,0,M,M,M,M,M,M,M
2019-07-09,M,M,M,M,M,M,M,M,M,57,0.00,M,M,0.0,M,M,0,M,M,M,M,M,M,M
2019-07-10,M,M,M,M,M,M,M,M,M,60,0.00,M,M,0.0,M,M,0,M,M,M,M,M,M,M
2019-07-11,M,M,M,M,M,M,M,M,M,65,0.00,M,M,0.0,M,M,0,M,M,M,M,M,M,M
2019-07-12,M,M,M,M,M,M,M,M,M,69,0.99,M,M,0.0,M,M,0,M,M,M,M,M,M,M
2019-07-13,M,M,M,M,M,M,M,M,M,65,0.00,M,M,0.0,M,M,0,M,M,M,M,M,M,M
2019-07-14,M,M,M,M,M,M,M,M,M,69,0.00,M,M,0.0,M,M,0,M,M,M,M,M,M,M
2019-07-15,M,M,M,M,M,M,M,M,M,58,0.00,M,M,0.0,M,M,0,M,M,M,M,M,M,M
2019-07-16,M,M,M,M,M,M,M,M,M,58,0.00,M,M,0.0,M,M,0,M,M,M,M,M,M,M
2019-07-17,M,M,M,M,M,M,M,M,M,71,0.02,M,M,0.0,M,M,0,M,M,M,M,M,M,M
2019-07-18,M,M,M,M,M,M,M,M,M,70,0.64,M,M,0.0,M,M,0,M,M,M,M,M,M,M
2019-07-19,M,M,M,M,M,M,M,M,M,69,0.00,M,M,0.0,M,M,0,M,M,M,M,M,M,M
2019-07-20,M,M,M,M,M,M,M,M,M,76,0.00,M,M,0.0,M,M,0,M,M,M,M,M,M,M
2019-07-21,M,M,M,M,M,M,M,M,M,72,0.00,M,M,0.0,M,M,0,M,M,M,M,M,M,M
2019-07-22,M,M,M,M,M,M,M,M,M,66,0.00,M,M,0.0,M,M,0,M,M,M,M,M,M,M
2019-07-23,M,M,M,M,M,M,M,M,M,64,0.87,M,M,0.0,M,M,0,M,M,M,M,M,M,M
2019-07-24,M,M,M,M,M,M,M,M,M,60,0.07,M,M,0.0,M,M,0,M,M,M,M,M,M,M
2019-07-25,M,M,M,M,M,M,M,M,M,56,0.00,M,M,0.0,M,M,0,M,M,M,M,M,M,M
2019-07-26,M,M,M,M,M,M,M,M,M,59,0.20,M,M,0.0,M,M,0,M,M,M,M,M,M,M
2019-07-27,M,M,M,M,M,M,M,M,M,59,0.00,M,M,0.0,M,M,0,M,M,M,M,M,M,M
2019-07-28,M,M,M,M,M,M,M,M,M,65,T,M,M,0.0,M,M,0,M,M,M,M,M,M,M
2019-07-29,M,M,M,M,M,M,M,M,M,67,0.00,M,M,0.0,M,M,0,M,M,M,M,M,M,M
2019-07-30,M,M,M,M,M,M,M,M,M,68,T,M,M,0.0,M,M,0,M,M,M,M,M,M,M
2019-07-31,M,M,M,M,M,M,M,M,M,68,0.97,M,M,0.0,M,M,0,M,M,M,M,M,M,M
2019-08-01,M,M,M,M,M,M,M,M,M,63,T,M,M,0.0,M,M,0,M,M,M,M,M,M,M
2019-08-02,M,M,M,M,M,M,M,M,M,58,0.00,M,M,0.0,M,M,0,M,M,M,M,M,M,M
2019-08-03,M,M,M,M,M,M,M,M,M,60,0.02,M,M,0.0,M,M,0,M,M,M,M,M,M,M
2019-08-04,M,M,M,M,M,M,M,M,M,64,0.00,M,M,0.0,M,M,0,M,M,M,M,M,M,M
2019-08-05,M,M,M,M,M,M,M,M,M,52,0.00,M,M,0.0,M,M,0,M,M,M,M,M,M,M
2019-08-06,M,M,M,M,M,M,M,M,M,55,0.00,M,M,0.0,M,M,0,M,M,M,M,M,M,M
2019-08-07,M,M,M,M,M,M,M,M,M,64,T,M,M,0.0,M,M,0,M,M,M,M,M,M,M
2019-08-08,M,M,M,M,M,M,M,M,M,68,0.09,M,M,0.0,M,M,0,M,M,M,M,M,M,M
2019-08-09,M,M,M,M,M,M,M,M,M,60,T,M,M,0.0,M,M,0,M,M,M,M,M,M,M
2019-08-10,M,M,M,M,M,M,M,M,M,58,T,M,M,0.0,M,M,0,M,M,M,M,M,M,M
2019-08-11,M,M,M,M,M,M,M,M,M,51,T,M,M,0.0,M,M,0,M,M,M,M,M,M,M
2019-08-12,M,M,M,M,M,M,M,M,M,55,0.00,M,M,0.0,M,M,0,M,M,M,M,M,M,M
2019-08-13,M,M,M,M,M,M,M,M,M,66,0.00,M,M,0.0,M,M,0,M,M,M,M,M,M,M
2019-08-14,M,M,M,M,M,M,M,M,M,62,0.27,M,M,0.0,M,M,0,M,M,M,M,M,M,M
2019-08-15,M,M,M,M,M,M,M,M,M,59,0.00,M,M,0.0,M,M,0,M,M,M,M,M,M,M
2019-08-16,M,M,M,M,M,M,M,M,M,65,0.22,M,M,0.0,M,M,0,M,M,M,M,M,M,M
2019-08-17,M,M,M,M,M,M,M,M,M,68,0.27,M,M,0.0,M,M,0,M,M,M,M,M,M,M
2019-08-18,M,M,M,M,M,M,M,M,M,64,0.42,M,M,0.0,M,M,0,M,M,M,M,M,M,M
2019-08-19,M,M,M,M,M,M,M,M,M,67,0.15,M,M,0.0,M,M,0,M,M,M,M,M,M,M
2019-08-20,M,M,M,M,M,M,M,M,M,58,0.00,M,M,0.0,M,M,0,M,M,M,M,M,M,M
2019-08-21,M,M,M,M,M,M,M,M,M,61,T,M,M,0.0,M,M,0,M,M,M,M,M,M,M
2019-08-22,M,M,M,M,M,M,M,M,M,65,1.68,M,M,0.0,M,M,0,M,M,M,M,M,M,M
2019-08-23,M,M,M,M,M,M,M,M,M,55,0.00,M,M,0.0,M,M,0,M,M,M,M,M,M,M
2019-08-24,M,M,M,M,M,M,M,M,M,50,0.00,M,M,0.0,M,M,0,M,M,M,M,M,M,M
2019-08-25,M,M,M,M,M,M,M,M,M,55,0.00,M,M,0.0,M,M,0,M,M,M,M,M,M,M
2019-08-26,M,M,M,M,M,M,M,M,M,48,0.00,M,M,0.0,M,M,0,M,M,M,M,M,M,M
2019-08-27,M,M,M,M,M,M,M,M,M,49,0.00,M,M,0.0,M,M,0,M,M,M,M,M,M,M
2019-08-28,M,M,M,M,M,M,M,M,M,62,0.00,M,M,0.0,M,M,0,M,M,M,M,M,M,M
2019-08-29,M,M,M,M,M,M,M,M,M,58,0.10,M,M,0.0,M,M,0,M,M,M,M,M,M,M
2019-08-30,M,M,M,M,M,M,M,M,M,51,0.00,M,M,0.0,M,M,0,M,M,M,M,M,M,M
2019-08-31,M,M,M,M,M,M,M,M,M,51,0.00,M,M,0.0,M,M,0,M,M,M,M,M,M,M
2019-09-01,M,M,M,M,M,M,M,M,M,50,0.00,M,M,0.0,M,M,0,M,M,M,M,M,M,M
2019-09-02,M,M,M,M,M,M,M,M,M,59,0.28,M,M,0.0,M,M,0,M,M,M,M,M,M,M
2019-09-03,M,M,M,M,M,M,M,M,M,55,0.37,M,M,0.0,M,M,0,M,M,M,M,M,M,M
2019-09-04,M,M,M,M,M,M,M,M,M,61,0.00,M,M,0.0,M,M,0,M,M,M,M,M,M,M
2019-09-05,M,M,M,M,M,M,M,M,M,49,0.03,M,M,0.0,M,M,0,M,M,M,M,M,M,M
2019-09-06,M,M,M,M,M,M,M,M,M,50,0.00,M,M,0.0,M,M,0,M,M,M,M,M,M,M
2019-09-07,M,M,M,M,M,M,M,M,M,50,0.00,M,M,0.0,M,M,0,M,M,M,M,M,M,M
2019-09-08,M,M,M,M,M,M,M,M,M,48,0.00,M,M,0.0,M,M,0,M,M,M,M,M,M,M
2019-09-09,M,M,M,M,M,M,M,M,M,47,0.00,M,M,0.0,M,M,0,M,M,M,M,M,M,M
2019-09-10,M,M,M,M,M,M,M,M,M,48,0.00,M,M,0.0,M,M,0,M,M,M,M,M,M,M
2019-09-11,M,M,M,M,M,M,M,M,M,64,0.05,M,M,0.0,M,M,0,M,M,M,M,M,M,M
2019-09-12,M,M,M,M,M,M,M,M,M,58,0.00,M,M,0.0,M,M,0,M,M,M,M,M,M,M
2019-09-13,M,M,M,M,M,M,M,M,M,44,0.10,M,M,0.0,M,M,0,M,M,M,M,M,M,M
2019-09-14,M,M,M,M,M,M,M,M,M,56,0.00,M,M,0.0,M,M,0,M,M,M,M,M,M,M
2019-09-15,M,M,M,M,M,M,M,M,M,51,0.00,M,M,0.0,M,M,0,M,M,M,M,M,M,M
2019-09-16,M,M,M,M,M,M,M,M,M,49,T,M,M,0.0,M,M,0,M,M,M,M,M,M,M
2019-09-17,M,M,M,M,M,M,M,M,M,46,0.00,M,M,0.0,M,M,0,M,M,M,M,M,M,M
2019-09-18,M,M,M,M,M,M,M,M,M,45,0.00,M,M,0.0,M,M,0,M,M,M,M,M,M,M
2019-09-19,M,M,M,M,M,M,M,M,M,39,0.00,M,M,0.0,M,M,0,M,M,M,M,M,M,M
2019-09-20,M,M,M,M,M,M,M,M,M,41,0.00,M,M,0.0,M,M,0,M,M,M,M,M,M,M
2019-09-21,M,M,M,M,M,M,M,M,M,52,0.00,M,M,0.0,M,M,0,M,M,M,M,M,M,M
2019-09-22,M,M,M,M,M,M,M,M,M,49,0.00,M,M,0.0,M,M,0,M,M,M,M,M,M,M
2019-09-23,M,M,M,M,M,M,M,M,M,63,0.00,M,M,0.0,M,M,0,M,M,M,M,M,M,M
2019-09-24,M,M,M,M,M,M,M,M,M,59,0.40,M,M,0.0,M,M,0,M,M,M,M,M,M,M
2019-09-25,M,M,M,M,M,M,M,M,M,43,0.00,M,M,0.0,M,M,0,M,M,M,M,M,M,M
2019-09-26,M,M,M,M,M,M,M,M,M,54,0.00,M,M,0.0,M,M,0,M,M,M,M,M,M,M
2019-09-27,M,M,M,M,M,M,M,M,M,44,0.22,M,M,0.0,M,M,0,M,M,M,M,M,M,M
2019-09-28,M,M,M,M,M,M,M,M,M,48,0.00,M,M,0.0,M,M,0,M,M,M,M,M,M,M
2019-09-29,M,M,M,M,M,M,M,M,M,M,S,M,M,M,M,M,M,M,M,M,M,M,M,M
2019-09-30,M,M,M,M,M,M,M,M,M,44,0.00A,M,M,0.0,M,M,0,M,M,M,M,M,M,M
2019-10-01,M,M,M,M,M,M,M,M,M,54,0.08,M,M,0.0,M,M,0,M,M,M,M,M,M,M
2019-10-02,M,M,M,M,M,M,M,M,M,64,0.22,M,M,0.0,M,M,0,M,M,M,M,M,M,M
2019-10-03,M,M,M,M,M,M,M,M,M,42,0.24,M,M,0.0,M,M,0,M,M,M,M,M,M,M
2019-10-04,M,M,M,M,M,M,M,M,M,48,0.32,M,M,0.0,M,M,0,M,M,M,M,M,M,M
2019-10-05,M,M,M,M,M,M,M,M,M,M,S,M,M,M,M,M,M,M,M,M,M,M,M,M
2019-10-06,M,M,M,M,M,M,M,M,M,M,M,M,M,M,M,M,M,M,M,M,M,M,M,M
2019-10-07,M,M,M,M,M,M,M,M,M,58,0.07A,M,M,0.0,M,M,0,M,M,M,M,M,M,M
2019-10-08,M,M,M,M,M,M,M,M,M,50,0.94,M,M,0.0,M,M,0,M,M,M,M,M,M,M
2019-10-09,M,M,M,M,M,M,M,M,M,40,0.00,M,M,0.0,M,M,0,M,M,M,M,M,M,M
2019-10-10,M,M,M,M,M,M,M,M,M,46,0.00,M,M,0.0,M,M,0,M,M,M,M,M,M,M
2019-10-11,M,M,M,M,M,M,M,M,M,40,0.00,M,M,0.0,M,M,0,M,M,M,M,M,M,M
2019-10-12,M,M,M,M,M,M,M,M,M,42,0.00,M,M,0.0,M,M,0,M,M,M,M,M,M,M
2019-10-13,M,M,M,M,M,M,M,M,M,38,0.00,M,M,0.0,M,M,0,M,M,M,M,M,M,M
2019-10-14,M,M,M,M,M,M,M,M,M,37,0.00,M,M,0.0,M,M,0,M,M,M,M,M,M,M
2019-10-15,M,M,M,M,M,M,M,M,M,37,0.00,M,M,0.0,M,M,0,M,M,M,M,M,M,M
2019-10-16,M,M,M,M,M,M,M,M,M,33,0.00,M,M,0.0,M,M,0,M,M,M,M,M,M,M
2019-10-17,M,M,M,M,M,M,M,M,M,45,2.30,M,M,0.0,M,M,0,M,M,M,M,M,M,M
2019-10-18,M,M,M,M,M,M,M,M,M,45,0.70,M,M,0.0,M,M,0,M,M,M,M,M,M,M
2019-10-19,M,M,M,M,M,M,M,M,M,30,T,M,M,0.0,M,M,0,M,M,M,M,M,M,M
2019-10-20,M,M,M,M,M,M,M,M,M,33,0.00,M,M,0.0,M,M,0,M,M,M,M,M,M,M
2019-10-21,M,M,M,M,M,M,M,M,M,43,0.12,M,M,0.0,M,M,0,M,M,M,M,M,M,M
2019-10-22,M,M,M,M,M,M,M,M,M,42,T,M,M,0.0,M,M,0,M,M,M,M,M,M,M
2019-10-23,M,M,M,M,M,M,M,M,M,51,0.95,M,M,0.0,M,M,0,M,M,M,M,M,M,M
2019-10-24,M,M,M,M,M,M,M,M,M,32,0.00,M,M,0.0,M,M,0,M,M,M,M,M,M,M
2019-10-25,M,M,M,M,M,M,M,M,M,46,0.00,M,M,0.0,M,M,0,M,M,M,M,M,M,M
2019-10-26,M,M,M,M,M,M,M,M,M,40,0.05,M,M,0.0,M,M,0,M,M,M,M,M,M,M
2019-10-27,M,M,M,M,M,M,M,M,M,42,0.10,M,M,0.0,M,M,0,M,M,M,M,M,M,M
2019-10-28,M,M,M,M,M,M,M,M,M,48,1.17,M,M,0.0,M,M,0,M,M,M,M,M,M,M
2019-10-29,M,M,M,M,M,M,M,M,M,46,0.00,M,M,0.0,M,M,0,M,M,M,M,M,M,M
2019-10-30,M,M,M,M,M,M,M,M,M,53,0.04,M,M,0.0,M,M,0,M,M,M,M,M,M,M
2019-10-31,M,M,M,M,M,M,M,M,M,56,0.50,M,M,0.0,M,M,0,M,M,M,M,M,M,M
2019-11-01,M,M,M,M,M,M,M,M,M,44,2.80,M,M,0.0,M,M,0,M,M,M,M,M,M,M
2019-11-02,M,M,M,M,M,M,M,M,M,32,0.00,M,M,0.0,M,M,0,M,M,M,M,M,M,M
2019-11-03,M,M,M,M,M,M,M,M,M,30,0.00,M,M,0.0,M,M,0,M,M,M,M,M,M,M
2019-11-04,M,M,M,M,M,M,M,M,M,28,0.00,M,M,0.0,M,M,0,M,M,M,M,M,M,M
2019-11-05,M,M,M,M,M,M,M,M,M,39,0.00,M,M,0.0,M,M,0,M,M,M,M,M,M,M
2019-11-06,M,M,M,M,M,M,M,M,M,30,0.09,M,M,0.0,M,M,0,M,M,M,M,M,M,M
2019-11-07,M,M,M,M,M,M,M,M,M,30,0.00,M,M,0.0,M,M,0,M,M,M,M,M,M,M
2019-11-08,M,M,M,M,M,M,M,M,M,20,0.21,M,M,T,M,M,0,M,M,M,M,M,M,M
2019-11-09,M,M,M,M,M,M,M,M,M,M,S,M,M,M,M,M,M,M,M,M,M,M,M,M
2019-11-10,M,M,M,M,M,M,M,M,M,25,0.00A,M,M,0.0,M,M,0,M,M,M,M,M,M,M
2019-11-11,M,M,M,M,M,M,M,M,M,33,0.00,M,M,0.0,M,M,0,M,M,M,M,M,M,M
2019-11-12,M,M,M,M,M,M,M,M,M,30,0.24,M,M,0.2,M,M,M,M,M,M,M,M,M,M
2019-11-13,M,M,M,M,M,M,M,M,M,10,0.13,M,M,1.2,M,M,M,M,M,M,M,M,M,M
2019-11-14,M,M,M,M,M,M,M,M,M,18,0.00,M,M,0.0,M,M,M,M,M,M,M,M,M,M
2019-11-15,M,M,M,M,M,M,M,M,M,28,0.00,M,M,0.0,M,M,M,M,M,M,M,M,M,M
2019-11-16,M,M,M,M,M,M,M,M,M,17,0.00,M,M,0.0,M,M,M,M,M,M,M,M,M,M
2019-11-17,M,M,M,M,M,M,M,M,M,15,0.00,M,M,0.0,M,M,M,M,M,M,M,M,M,M
2019-11-18,M,M,M,M,M,M,M,M,M,28,0.00,M,M,0.0,M,M,M,M,M,M,M,M,M,M
2019-11-19,M,M,M,M,M,M,M,M,M,32,0.37,M,M,T,M,M,M,M,M,M,M,M,M,M
2019-11-20,M,M,M,M,M,M,M,M,M,33,0.70,M,M,3.4,M,M,M,M,M,M,M,M,M,M
2019-11-21,M,M,M,M,M,M,M,M,M,30,0.14,M,M,0.0,M,M,M,M,M,M,M,M,M,M
2019-11-22,M,M,M,M,M,M,M,M,M,35,0.05,M,M,0.0,M,M,M,M,M,M,M,M,M,M
2019-11-23,M,M,M,M,M,M,M,M,M,24,0.00,M,M,0.0,M,M,M,M,M,M,M,M,M,M
2019-11-24,M,M,M,M,M,M,M,M,M,32,0.15,M,M,0.4,M,M,M,M,M,M,M,M,M,M
2019-11-25,M,M,M,M,M,M,M,M,M,37,0.17,M,M,0.0,M,M,M,M,M,M,M,M,M,M
2019-11-26,M,M,M,M,M,M,M,M,M,30,0.00,M,M,0.0,M,M,M,M,M,M,M,M,M,M
2019-11-27,M,M,M,M,M,M,M,M,M,31,0.00,M,M,0.0,M,M,M,M,M,M,M,M,M,M
2019-11-28,M,M,M,M,M,M,M,M,M,40,0.42,M,M,0.0,M,M,M,M,M,M,M,M,M,M
2019-11-29,M,M,M,M,M,M,M,M,M,28,0.00,M,M,0.0,M,M,M,M,M,M,M,M,M,M
2019-11-30,M,M,M,M,M,M,M,M,M,17,0.00,M,M,0.0,M,M,M,M,M,M,M,M,M,M
2019-12-01,M,M,M,M,M,M,M,M,M,13,0.00,M,M,0.0,M,M,0,M,M,M,M,M,M,M
2019-12-02,M,M,M,M,M,M,M,M,M,28,0.60,M,M,6.6,M,M,M,M,M,M,M,M,M,M
2019-12-03,M,M,M,M,M,M,M,M,M,24,0.35,M,M,4.5,M,M,M,M,M,M,M,M,M,M
2019-12-04,M,M,M,M,M,M,M,M,M,25,T,M,M,T,M,M,M,M,M,M,M,M,M,M
2019-12-05,M,M,M,M,M,M,M,M,M,26,0.00,M,M,0.0,M,M,M,M,M,M,M,M,M,M
2019-12-06,M,M,M,M,M,M,M,M,M,23,0.00,M,M,0.0,M,M,M,M,M,M,M,M,M,M
2019-12-07,M,M,M,M,M,M,M,M,M,14,0.18,M,M,2.8,M,M,M,M,M,M,M,M,M,M
2019-12-08,M,M,M,M,M,M,M,M,M,1,0.00,M,M,0.0,M,M,M,M,M,M,M,M,M,M
2019-12-09,M,M,M,M,M,M,M,M,M,29,0.00,M,M,0.0,M,M,M,M,M,M,M,M,M,M
2019-12-10,M,M,M,M,M,M,M,M,M,40,0.93,M,M,0.0,M,M,M,M,M,M,M,M,M,M
2019-12-11,M,M,M,M,M,M,M,M,M,26,0.20,M,M,0.0,M,M,M,M,M,M,M,M,M,M
2019-12-12,M,M,M,M,M,M,M,M,M,17,T,M,M,T,M,M,M,M,M,M,M,M,M,M
2019-12-13,M,M,M,M,M,M,M,M,M,20,0.00,M,M,0.0,M,M,M,M,M,M,M,M,M,M
2019-12-14,M,M,M,M,M,M,M,M,M,36,0.52,M,M,0.0,M,M,M,M,M,M,M,M,M,M
2019-12-15,M,M,M,M,M,M,M,M,M,M,S,M,M,M,M,M,M,M,M,M,M,M,M,M
2019-12-16,M,M,M,M,M,M,M,M,M,20,0.20A,M,M,0.0,M,M,M,M,M,M,M,M,M,M
2019-12-17,M,M,M,M,M,M,M,M,M,24,0.00,M,M,0.0,M,M,M,M,M,M,M,M,M,M
2019-12-18,M,M,M,M,M,M,M,M,M,17,0.30,M,M,3.8,M,M,M,M,M,M,M,M,M,M
2019-12-19,M,M,M,M,M,M,M,M,M,1,T,M,M,T,M,M,M,M,M,M,M,M,M,M
2019-12-20,M,M,M,M,M,M,M,M,M,-3,0.00,M,M,0.0,M,M,M,M,M,M,M,M,M,M
2019-12-21,M,M,M,M,M,M,M,M,M,-7,0.00,M,M,0.0,M,M,M,M,M,M,M,M,M,M
2019-12-22,M,M,M,M,M,M,M,M,M,7,0.00,M,M,0.0,M,M,M,M,M,M,M,M,M,M
2019-12-23,M,M,M,M,M,M,M,M,M,16,0.00,M,M,0.0,M,M,M,M,M,M,M,M,M,M
2019-12-24,M,M,M,M,M,M,M,M,M,29,0.00,M,M,0.0,M,M,M,M,M,M,M,M,M,M
2019-12-25,M,M,M,M,M,M,M,M,M,21,0.00,M,M,0.0,M,M,M,M,M,M,M,M,M,M
2019-12-26,M,M,M,M,M,M,M,M,M,29,0.00,M,M,0.0,M,M,M,M,M,M,M,M,M,M
2019-12-27,M,M,M,M,M,M,M,M,M,35,0.04,M,M,0.0,M,M,M,M,M,M,M,M,M,M
2019-12-28,M,M,M,M,M,M,M,M,M,34,0.05,M,M,0.0,M,M,M,M,M,M,M,M,M,M
2019-12-29,M,M,M,M,M,M,M,M,M,M,S,M,M,M,M,M,M,M,M,M,M,M,M,M
2019-12-30,M,M,M,M,M,M,M,M,M,32,0.48A,M,M,0.0,M,M,M,M,M,M,M,M,M,M
2019-12-31,M,M,M,M,M,M,M,M,M,31,0.78,M,M,0.8,M,M,M,M,M,M,M,M,M,M
2020-01-01,M,M,M,M,M,M,M,M,M,29,0.05,M,M,T,M,M,M,M,M,M,M,M,M,M
2020-01-02,M,M,M,M,M,M,M,M,M,25,0.00,M,M,0.0,M,M,M,M,M,M,M,M,M,M
2020-01-03,M,M,M,M,M,M,M,M,M,32,0.00,M,M,0.0,M,M,M,M,M,M,M,M,M,M
2020-01-04,M,M,M,M,M,M,M,M,M,34,0.04,M,M,0.0,M,M,M,M,M,M,M,M,M,M
2020-01-05,M,M,M,M,M,M,M,M,M,30,0.26,M,M,0.0,M,M,M,M,M,M,M,M,M,M
2020-01-06,M,M,M,M,M,M,M,M,M,24,0.00,M,M,0.0,M,M,M,M,M,M,M,M,M,M
2020-01-07,M,M,M,M,M,M,M,M,M,28,T,M,M,0.4,M,M,M,M,M,M,M,M,M,M
2020-01-08,M,M,M,M,M,M,M,M,M,25,0.00,M,M,0.0,M,M,M,M,M,M,M,M,M,M
2020-01-09,M,M,M,M,M,M,M,M,M,11,0.00,M,M,0.0,M,M,M,M,M,M,M,M,M,M
2020-01-10,M,M,M,M,M,M,M,M,M,22,0.00,M,M,0.0,M,M,M,M,M,M,M,M,M,M
2020-01-11,M,M,M,M,M,M,M,M,M,33,0.11,M,M,0.0,M,M,M,M,M,M,M,M,M,M
2020-01-12,M,M,M,M,M,M,M,M,M,39,0.57,M,M,0.0,M,M,M,M,M,M,M,M,M,M
2020-01-13,M,M,M,M,M,M,M,M,M,27,0.05,M,M,0.0,M,M,M,M,M,M,M,M,M,M
2020-01-14,M,M,M,M,M,M,M,M,M,31,0.00,M,M,0.0,M,M,M,M,M,M,M,M,M,M
2020-01-15,M,M,M,M,M,M,M,M,M,34,0.00,M,M,0.0,M,M,M,M,M,M,M,M,M,M
2020-01-16,M,M,M,M,M,M,M,M,M,32,0.16,M,M,2.2,M,M,M,M,M,M,M,M,M,M
2020-01-17,M,M,M,M,M,M,M,M,M,10,T,M,M,T,M,M,M,M,M,M,M,M,M,M
2020-01-18,M,M,M,M,M,M,M,M,M,7,0.00,M,M,0.0,M,M,M,M,M,M,M,M,M,M
2020-01-19,M,M,M,M,M,M,M,M,M,30,0.57,M,M,5.0,M,M,M,M,M,M,M,M,M,M
2020-01-20,M,M,M,M,M,M,M,M,M,7,T,M,M,T,M,M,M,M,M,M,M,M,M,M
2020-01-21,M,M,M,M,M,M,M,M,M,-2,0.00,M,M,0.0,M,M,M,M,M,M,M,M,M,M
2020-01-22,M,M,M,M,M,M,M,M,M,17,0.00,M,M,0.0,M,M,M,M,M,M,M,M,M,M
2020-01-23,M,M,M,M,M,M,M,M,M,8,0.00,M,M,0.0,M,M,M,M,M,M,M,M,M,M
2020-01-24,M,M,M,M,M,M,M,M,M,18,0.00,M,M,0.0,M,M,M,M,M,M,M,M,M,M
2020-01-25,M,M,M,M,M,M,M,M,M,24,0.00,M,M,0.0,M,M,M,M,M,M,M,M,M,M
2020-01-26,M,M,M,M,M,M,M,M,M,31,0.80,M,M,0.0,M,M,M,M,M,M,M,M,M,M
2020-01-27,M,M,M,M,M,M,M,M,M,33,0.00,M,M,0.0,M,M,M,M,M,M,M,M,M,M
2020-01-28,M,M,M,M,M,M,M,M,M,32,T,M,M,T,M,M,M,M,M,M,M,M,M,M
2020-01-29,M,M,M,M,M,M,M,M,M,24,0.00,M,M,0.0,M,M,M,M,M,M,M,M,M,M
2020-01-30,M,M,M,M,M,M,M,M,M,11,0.00,M,M,0.0,M,M,M,M,M,M,M,M,M,M
2020-01-31,M,M,M,M,M,M,M,M,M,12,0.00,M,M,0.0,M,M,M,M,M,M,M,M,M,M
2020-02-01,M,M,M,M,M,M,M,M,M,29,T,M,M,T,M,M,M,M,M,M,M,M,M,M
2020-02-02,M,M,M,M,M,M,M,M,M,29,0.00,M,M,0.0,M,M,M,M,M,M,M,M,M,M
2020-02-03,M,M,M,M,M,M,M,M,M,29,T,M,M,T,M,M,M,M,M,M,M,M,M,M
2020-02-04,M,M,M,M,M,M,M,M,M,30,0.00,M,M,0.0,M,M,M,M,M,M,M,M,M,M
2020-02-05,M,M,M,M,M,M,M,M,M,33,0.00,M,M,0.0,M,M,M,M,M,M,M,M,M,M
2020-02-06,M,M,M,M,M,M,M,M,M,25,0.45,M,M,3.2,M,M,M,M,M,M,M,M,M,M
2020-02-07,M,M,M,M,M,M,M,M,M,32,0.06,M,M,0.0,M,M,M,M,M,M,M,M,M,M
2020-02-08,M,M,M,M,M,M,M,M,M,10,1.27,M,M,6.2,M,M,M,M,M,M,M,M,M,M
2020-02-09,M,M,M,M,M,M,M,M,M,M,S,M,M,M,M,M,M,M,M,M,M,M,M,M
2020-02-10,M,M,M,M,M,M,M,M,M,28,0.19A,M,M,2.0,M,M,M,M,M,M,M,M,M,M
2020-02-11,M,M,M,M,M,M,M,M,M,30,T,M,M,T,M,M,M,M,M,M,M,M,M,M
2020-02-12,M,M,M,M,M,M,M,M,M,28,0.00,M,M,0.0,M,M,M,M,M,M,M,M,M,M
2020-02-13,M,M,M,M,M,M,M,M,M,30,0.60,M,M,1.2,M,M,M,M,M,M,M,M,M,M
2020-02-14,M,M,M,M,M,M,M,M,M,15,T,M,M,T,M,M,M,M,M,M,M,M,M,M
2020-02-15,M,M,M,M,M,M,M,M,M,-7,0.00,M,M,0.0,M,M,M,M,M,M,M,M,M,M
2020-02-16,M,M,M,M,M,M,M,M,M,21,T,M,M,T,M,M,M,M,M,M,M,M,M,M
2020-02-17,M,M,M,M,M,M,M,M,M,16,0.00,M,M,0.0,M,M,M,M,M,M,M,M,M,M
2020-02-18,M,M,M,M,M,M,M,M,M,19,0.00,M,M,0.0,M,M,M,M,M,M,M,M,M,M
2020-02-19,M,M,M,M,M,M,M,M,M,32,0.65,M,M,5.9,M,M,M,M,M,M,M,M,M,M
2020-02-20,M,M,M,M,M,M,M,M,M,10,0.00,M,M,0.0,M,M,M,M,M,M,M,M,M,M
2020-02-21,M,M,M,M,M,M,M,M,M,-3,0.00,M,M,0.0,M,M,M,M,M,M,M,M,M,M
2020-02-22,M,M,M,M,M,M,M,M,M,6,0.00,M,M,0.0,M,M,M,M,M,M,M,M,M,M
2020-02-23,M,M,M,M,M,M,M,M,M,16,0.00,M,M,0.0,M,M,M,M,M,M,M,M,M,M
2020-02-24,M,M,M,M,M,M,M,M,M,21,0.00,M,M,0.0,M,M,M,M,M,M,M,M,M,M
2020-02-25,M,M,M,M,M,M,M,M,M,35,0.00,M,M,0.0,M,M,M,M,M,M,M,M,M,M
2020-02-26,M,M,M,M,M,M,M,M,M,34,0.05,M,M,0.0,M,M,M,M,M,M,M,M,M,M
2020-02-27,M,M,M,M,M,M,M,M,M,36,0.34,M,M,0.0,M,M,M,M,M,M,M,M,M,M
2020-02-28,M,M,M,M,M,M,M,M,M,22,0.38,M,M,T,M,M,M,M,M,M,M,M,M,M
2020-02-29,M,M,M,M,M,M,M,M,M,22,T,M,M,T,M,M,M,M,M,M,M,M,M,M
2020-03-01,M,M,M,M,M,M,M,M,M,13,0.00,M,M,0.0,M,M,M,M,M,M,M,M,M,M
2020-03-02,M,M,M,M,M,M,M,M,M,25,0.00,M,M,0.0,M,M,M,M,M,M,M,M,M,M
2020-03-03,M,M,M,M,M,M,M,M,M,32,0.03,M,M,T,M,M,M,M,M,M,M,M,M,M
2020-03-04,M,M,M,M,M,M,M,M,M,36,0.25,M,M,0.0,M,M,M,M,M,M,M,M,M,M
2020-03-05,M,M,M,M,M,M,M,M,M,34,T,M,M,T,M,M,M,M,M,M,M,M,M,M
2020-03-06,M,M,M,M,M,M,M,M,M,26,0.00,M,M,0.0,M,M,M,M,M,M,M,M,M,M
2020-03-07,M,M,M,M,M,M,M,M,M,25,T,M,M,T,M,M,M,M,M,M,M,M,M,M
2020-03-08,M,M,M,M,M,M,M,M,M,M,M,M,M,M,M,M,M,M,M,M,M,M,M,M
2020-03-09,M,M,M,M,M,M,M,M,M,31,0.00,M,M,0.0,M,M,M,M,M,M,M,M,M,M
2020-03-10,M,M,M,M,M,M,M,M,M,37,0.00,M,M,0.0,M,M,M,M,M,M,M,M,M,M
2020-03-11,M,M,M,M,M,M,M,M,M,33,0.09,M,M,0.0,M,M,M,M,M,M,M,M,M,M
2020-03-12,M,M,M,M,M,M,M,M,M,32,0.00,M,M,0.0,M,M,M,M,M,M,M,M,M,M
2020-03-13,M,M,M,M,M,M,M,M,M,38,0.03,M,M,0.0,M,M,M,M,M,M,M,M,M,M
2020-03-14,M,M,M,M,M,M,M,M,M,34,1.09,M,M,0.0,M,M,M,M,M,M,M,M,M,M
2020-03-15,M,M,M,M,M,M,M,M,M,M,S,M,M,M,M,M,M,M,M,M,M,M,M,M
2020-03-16,M,M,M,M,M,M,M,M,M,18,0.00A,M,M,0.0,M,M,0,M,M,M,M,M,M,M
2020-03-17,M,M,M,M,M,M,M,M,M,32,0.03,M,M,0.7,M,M,M,M,M,M,M,M,M,M
2020-03-18,M,M,M,M,M,M,M,M,M,27,0.07,M,M,0.0,M,M,0,M,M,M,M,M,M,M
2020-03-19,M,M,M,M,M,M,M,M,M,35,0.10,M,M,0.0,M,M,0,M,M,M,M,M,M,M
2020-03-20,M,M,M,M,M,M,M,M,M,41,0.33,M,M,0.0,M,M,0,M,M,M,M,M,M,M
2020-03-21,M,M,M,M,M,M,M,M,M,31,0.05,M,M,0.0,M,M,0,M,M,M,M,M,M,M
2020-03-22,M,M,M,M,M,M,M,M,M,21,0.00,M,M,0.0,M,M,0,M,M,M,M,M,M,M
2020-03-23,M,M,M,M,M,M,M,M,M,30,0.00,M,M,0.0,M,M,0,M,M,M,M,M,M,M
2020-03-24,M,M,M,M,M,M,M,M,M,31,0.65,M,M,7.0,M,M,M,M,M,M,M,M,M,M
2020-03-25,M,M,M,M,M,M,M,M,M,28,0.00,M,M,0.0,M,M,M,M,M,M,M,M,M,M
2020-03-26,M,M,M,M,M,M,M,M,M,26,0.00,M,M,0.0,M,M,M,M,M,M,M,M,M,M
2020-03-27,M,M,M,M,M,M,M,M,M,39,0.00,M,M,0.0,M,M,0,M,M,M,M,M,M,M
2020-03-28,M,M,M,M,M,M,M,M,M,28,0.00,M,M,0.0,M,M,0,M,M,M,M,M,M,M
2020-03-29,M,M,M,M,M,M,M,M,M,40,0.20,M,M,0.0,M,M,0,M,M,M,M,M,M,M
2020-03-30,M,M,M,M,M,M,M,M,M,39,0.53,M,M,0.0,M,M,0,M,M,M,M,M,M,M
2020-03-31,M,M,M,M,M,M,M,M,M,37,0.35,M,M,0.0,M,M,0,M,M,M,M,M,M,M
2020-04-01,M,M,M,M,M,M,M,M,M,28,0.02,M,M,0.0,M,M,0,M,M,M,M,M,M,M
2020-04-02,M,M,M,M,M,M,M,M,M,M,M,M,M,M,M,M,M,M,M,M,M,M,M,M
2020-04-03,M,M,M,M,M,M,M,M,M,40,0.05,M,M,0.0,M,M,0,M,M,M,M,M,M,M
2020-04-04,M,M,M,M,M,M,M,M,M,43,0.08,M,M,0.0,M,M,0,M,M,M,M,M,M,M
2020-04-05,M,M,M,M,M,M,M,M,M,46,0.00,M,M,0.0,M,M,0,M,M,M,M,M,M,M
2020-04-06,M,M,M,M,M,M,M,M,M,35,0.00,M,M,0.0,M,M,0,M,M,M,M,M,M,M
2020-04-07,M,M,M,M,M,M,M,M,M,42,0.00,M,M,0.0,M,M,0,M,M,M,M,M,M,M
2020-04-08,M,M,M,M,M,M,M,M,M,42,0.10,M,M,0.0,M,M,0,M,M,M,M,M,M,M
2020-04-09,M,M,M,M,M,M,M,M,M,39,T,M,M,0.0,M,M,0,M,M,M,M,M,M,M
2020-04-10,M,M,M,M,M,M,M,M,M,38,0.75,M,M,0.0,M,M,0,M,M,M,M,M,M,M
2020-04-11,M,M,M,M,M,M,M,M,M,33,T,M,M,T,M,M,0,M,M,M,M,M,M,M
2020-04-12,M,M,M,M,M,M,M,M,M,30,0.00,M,M,0.0,M,M,0,M,M,M,M,M,M,M
2020-04-13,M,M,M,M,M,M,M,M,M,44,0.30,M,M,0.0,M,M,0,M,M,M,M,M,M,M
2020-04-14,M,M,M,M,M,M,M,M,M,39,1.40,M,M,0.0,M,M,0,M,M,M,M,M,M,M
2020-04-15,M,M,M,M,M,M,M,M,M,34,0.00,M,M,0.0,M,M,0,M,M,M,M,M,M,M
2020-04-16,M,M,M,M,M,M,M,M,M,31,T,M,M,T,M,M,0,M,M,M,M,M,M,M
2020-04-17,M,M,M,M,M,M,M,M,M,30,T,M,M,T,M,M,0,M,M,M,M,M,M,M
2020-04-18,M,M,M,M,M,M,M,M,M,34,T,M,M,T,M,M,0,M,M,M,M,M,M,M
2020-04-19,M,M,M,M,M,M,M,M,M,28,0.00,M,M,0.0,M,M,0,M,M,M,M,M,M,M
2020-04-20,M,M,M,M,M,M,M,M,M,36,0.14,M,M,0.0,M,M,0,M,M,M,M,M,M,M
2020-04-21,M,M,M,M,M,M,M,M,M,27,0.00,M,M,0.0,M,M,0,M,M,M,M,M,M,M
2020-04-22,M,M,M,M,M,M,M,M,M,27,0.30,M,M,T,M,M,0,M,M,M,M,M,M,M
2020-04-23,M,M,M,M,M,M,M,M,M,24,0.00,M,M,0.0,M,M,0,M,M,M,M,M,M,M
2020-04-24,M,M,M,M,M,M,M,M,M,38,0.00,M,M,0.0,M,M,0,M,M,M,M,M,M,M
2020-04-25,M,M,M,M,M,M,M,M,M,40,T,M,M,0.0,M,M,0,M,M,M,M,M,M,M
2020-04-26,M,M,M,M,M,M,M,M,M,41,0.07,M,M,0.0,M,M,0,M,M,M,M,M,M,M
2020-04-27,M,M,M,M,M,M,M,M,M,36,1.45,M,M,T,M,M,0,M,M,M,M,M,M,M
2020-04-28,M,M,M,M,M,M,M,M,M,36,0.10,M,M,0.0,M,M,0,M,M,M,M,M,M,M
2020-04-29,M,M,M,M,M,M,M,M,M,34,0.00,M,M,0.0,M,M,0,M,M,M,M,M,M,M
2020-04-30,M,M,M,M,M,M,M,M,M,46,T,M,M,0.0,M,M,0,M,M,M,M,M,M,M
2020-05-01,M,M,M,M,M,M,M,M,M,51,0.84,M,M,0.0,M,M,0,M,M,M,M,M,M,M
2020-05-02,M,M,M,M,M,M,M,M,M,38,0.22,M,M,0.0,M,M,0,M,M,M,M,M,M,M
2020-05-03,M,M,M,M,M,M,M,M,M,50,0.00,M,M,0.0,M,M,0,M,M,M,M,M,M,M
2020-05-04,M,M,M,M,M,M,M,M,M,44,0.00,M,M,0.0,M,M,0,M,M,M,M,M,M,M
2020-05-05,M,M,M,M,M,M,M,M,M,33,T,M,M,0.0,M,M,0,M,M,M,M,M,M,M
2020-05-06,M,M,M,M,M,M,M,M,M,33,0.00,M,M,0.0,M,M,0,M,M,M,M,M,M,M
2020-05-07,M,M,M,M,M,M,M,M,M,37,0.00,M,M,0.0,M,M,0,M,M,M,M,M,M,M
2020-05-08,M,M,M,M,M,M,M,M,M,35,0.09,M,M,0.0,M,M,0,M,M,M,M,M,M,M
2020-05-09,M,M,M,M,M,M,M,M,M,33,0.02,M,M,T,M,M,0,M,M,M,M,M,M,M
2020-05-10,M,M,M,M,M,M,M,M,M,38,T,M,M,T,M,M,0,M,M,M,M,M,M,M
2020-05-11,M,M,M,M,M,M,M,M,M,37,0.10,M,M,0.0,M,M,0,M,M,M,M,M,M,M
2020-05-12,M,M,M,M,M,M,M,M,M,39,0.35,M,M,0.0,M,M,0,M,M,M,M,M,M,M
2020-05-13,M,M,M,M,M,M,M,M,M,30,0.00,M,M,0.0,M,M,0,M,M,M,M,M,M,M
2020-05-14,M,M,M,M,M,M,M,M,M,33,0.00,M,M,0.0,M,M,0,M,M,M,M,M,M,M
2020-05-15,M,M,M,M,M,M,M,M,M,54,T,M,M,0.0,M,M,0,M,M,M,M,M,M,M
2020-05-16,M,M,M,M,M,M,M,M,M,54,0.46,M,M,0.0,M,M,0,M,M,M,M,M,M,M
2020-05-17,M,M,M,M,M,M,M,M,M,49,0.00,M,M,0.0,M,M,0,M,M,M,M,M,M,M
2020-05-18,M,M,M,M,M,M,M,M,M,53,0.20,M,M,0.0,M,M,0,M,M,M,M,M,M,M
2020-05-19,M,M,M,M,M,M,M,M,M,44,0.00,M,M,0.0,M,M,0,M,M,M,M,M,M,M
2020-05-20,M,M,M,M,M,M,M,M,M,42,0.00,M,M,0.0,M,M,0,M,M,M,M,M,M,M
2020-05-21,M,M,M,M,M,M,M,M,M,41,0.00,M,M,0.0,M,M,0,M,M,M,M,M,M,M
2020-05-22,M,M,M,M,M,M,M,M,M,45,0.00,M,M,0.0,M,M,0,M,M,M,M,M,M,M
2020-05-23,M,M,M,M,M,M,M,M,M,60,0.00,M,M,0.0,M,M,0,M,M,M,M,M,M,M
2020-05-24,M,M,M,M,M,M,M,M,M,46,0.00,M,M,0.0,M,M,0,M,M,M,M,M,M,M
2020-05-25,M,M,M,M,M,M,M,M,M,55,0.00,M,M,0.0,M,M,0,M,M,M,M,M,M,M
2020-05-26,M,M,M,M,M,M,M,M,M,63,0.00,M,M,0.0,M,M,0,M,M,M,M,M,M,M
2020-05-27,M,M,M,M,M,M,M,M,M,63,0.00,M,M,0.0,M,M,0,M,M,M,M,M,M,M
2020-05-28,M,M,M,M,M,M,M,M,M,67,0.00,M,M,0.0,M,M,0,M,M,M,M,M,M,M
2020-05-29,M,M,M,M,M,M,M,M,M,71,T,M,M,0.0,M,M,0,M,M,M,M,M,M,M
2020-05-30,M,M,M,M,M,M,M,M,M,61,1.10,M,M,0.0,M,M,0,M,M,M,M,M,M,M
2020-05-31,M,M,M,M,M,M,M,M,M,51,T,M,M,0.0,M,M,0,M,M,M,M,M,M,M
2020-06-01,M,M,M,M,M,M,M,M,M,41,T,M,M,0.0,M,M,0,M,M,M,M,M,M,M
2020-06-02,M,M,M,M,M,M,M,M,M,44,T,M,M,0.0,M,M,0,M,M,M,M,M,M,M
2020-06-03,M,M,M,M,M,M,M,M,M,56,T,M,M,0.0,M,M,0,M,M,M,M,M,M,M
2020-06-04,M,M,M,M,M,M,M,M,M,55,T,M,M,0.0,M,M,0,M,M,M,M,M,M,M
2020-06-05,M,M,M,M,M,M,M,M,M,67,0.00,M,M,0.0,M,M,0,M,M,M,M,M,M,M
2020-06-06,M,M,M,M,M,M,M,M,M,67,0.00,M,M,0.0,M,M,0,M,M,M,M,M,M,M
2020-06-07,M,M,M,M,M,M,M,M,M,52,0.03,M,M,0.0,M,M,0,M,M,M,M,M,M,M
2020-06-08,M,M,M,M,M,M,M,M,M,51,0.00,M,M,0.0,M,M,0,M,M,M,M,M,M,M
2020-06-09,M,M,M,M,M,M,M,M,M,57,0.00,M,M,0.0,M,M,0,M,M,M,M,M,M,M
2020-06-10,M,M,M,M,M,M,M,M,M,58,0.00,M,M,0.0,M,M,0,M,M,M,M,M,M,M
2020-06-11,M,M,M,M,M,M,M,M,M,71,0.43,M,M,0.0,M,M,0,M,M,M,M,M,M,M
2020-06-12,M,M,M,M,M,M,M,M,M,54,0.61,M,M,0.0,M,M,0,M,M,M,M,M,M,M
2020-06-13,M,M,M,M,M,M,M,M,M,47,0.00,M,M,0.0,M,M,0,M,M,M,M,M,M,M
2020-06-14,M,M,M,M,M,M,M,M,M,48,T,M,M,0.0,M,M,0,M,M,M,M,M,M,M
2020-06-15,M,M,M,M,M,M,M,M,M,48,0.00,M,M,0.0,M,M,0,M,M,M,M,M,M,M
2020-06-16,M,M,M,M,M,M,M,M,M,49,0.00,M,M,0.0,M,M,0,M,M,M,M,M,M,M
2020-06-17,M,M,M,M,M,M,M,M,M,51,0.00,M,M,0.0,M,M,0,M,M,M,M,M,M,M
2020-06-18,M,M,M,M,M,M,M,M,M,54,0.00,M,M,0.0,M,M,0,M,M,M,M,M,M,M
2020-06-19,M,M,M,M,M,M,M,M,M,63,0.00,M,M,0.0,M,M,0,M,M,M,M,M,M,M
2020-06-20,M,M,M,M,M,M,M,M,M,62,0.00,M,M,0.0,M,M,0,M,M,M,M,M,M,M
2020-06-21,M,M,M,M,M,M,M,M,M,64,0.00,M,M,0.0,M,M,0,M,M,M,M,M,M,M
2020-06-22,M,M,M,M,M,M,M,M,M,67,0.00,M,M,0.0,M,M,0,M,M,M,M,M,M,M
2020-06-23,M,M,M,M,M,M,M,M,M,67,0.00,M,M,0.0,M,M,0,M,M,M,M,M,M,M
2020-06-24,M,M,M,M,M,M,M,M,M,71,1.03,M,M,0.0,M,M,0,M,M,M,M,M,M,M
2020-06-25,M,M,M,M,M,M,M,M,M,M,M,M,M,M,M,M,M,M,M,M,M,M,M,M
2020-06-26,M,M,M,M,M,M,M,M,M,59,0.00,M,M,0.0,M,M,0,M,M,M,M,M,M,M
2020-06-27,M,M,M,M,M,M,M,M,M,56,0.00,M,M,0.0,M,M,0,M,M,M,M,M,M,M
2020-06-28,M,M,M,M,M,M,M,M,M,65,0.19,M,M,0.0,M,M,0,M,M,M,M,M,M,M
2020-06-29,M,M,M,M,M,M,M,M,M,66,0.13,M,M,0.0,M,M,0,M,M,M,M,M,M,M
2020-06-30,M,M,M,M,M,M,M,M,M,66,0.21,M,M,0.0,M,M,0,M,M,M,M,M,M,M
2020-07-01,M,M,M,M,M,M,M,M,M,64,0.76,M,M,0.0,M,M,0,M,M,M,M,M,M,M
2020-07-02,M,M,M,M,M,M,M,M,M,64,0.74,M,M,0.0,M,M,0,M,M,M,M,M,M,M
2020-07-03,M,M,M,M,M,M,M,M,M,73,T,M,M,0.0,M,M,0,M,M,M,M,M,M,M
2020-07-04,M,M,M,M,M,M,M,M,M,67,0.42,M,M,0.0,M,M,0,M,M,M,M,M,M,M
2020-07-05,M,M,M,M,M,M,M,M,M,62,0.00,M,M,0.0,M,M,0,M,M,M,M,M,M,M
2020-07-06,M,M,M,M,M,M,M,M,M,62,0.00,M,M,0.0,M,M,0,M,M,M,M,M,M,M
2020-07-07,M,M,M,M,M,M,M,M,M,66,0.00,M,M,0.0,M,M,0,M,M,M,M,M,M,M
2020-07-08,M,M,M,M,M,M,M,M,M,72,0.00,M,M,0.0,M,M,0,M,M,M,M,M,M,M
2020-07-09,M,M,M,M,M,M,M,M,M,71,1.20,M,M,0.0,M,M,0,M,M,M,M,M,M,M
2020-07-10,M,M,M,M,M,M,M,M,M,68,0.00,M,M,0.0,M,M,0,M,M,M,M,M,M,M
2020-07-11,M,M,M,M,M,M,M,M,M,72,0.63,M,M,0.0,M,M,0,M,M,M,M,M,M,M
2020-07-12,M,M,M,M,M,M,M,M,M,70,1.42,M,M,0.0,M,M,0,M,M,M,M,M,M,M
2020-07-13,M,M,M,M,M,M,M,M,M,70,0.00,M,M,0.0,M,M,0,M,M,M,M,M,M,M
2020-07-14,M,M,M,M,M,M,M,M,M,66,0.11,M,M,0.0,M,M,0,M,M,M,M,M,M,M
2020-07-15,M,M,M,M,M,M,M,M,M,65,0.97,M,M,0.0,M,M,0,M,M,M,M,M,M,M
2020-07-16,M,M,M,M,M,M,M,M,M,69,0.00,M,M,0.0,M,M,0,M,M,M,M,M,M,M
2020-07-17,M,M,M,M,M,M,M,M,M,61,1.04,M,M,0.0,M,M,0,M,M,M,M,M,M,M
2020-07-18,M,M,M,M,M,M,M,M,M,63,0.00,M,M,0.0,M,M,0,M,M,M,M,M,M,M
2020-07-19,M,M,M,M,M,M,M,M,M,65,0.00,M,M,0.0,M,M,0,M,M,M,M,M,M,M
2020-07-20,M,M,M,M,M,M,M,M,M,72,0.00,M,M,0.0,M,M,0,M,M,M,M,M,M,M
2020-07-21,M,M,M,M,M,M,M,M,M,64,0.00,M,M,0.0,M,M,0,M,M,M,M,M,M,M
2020-07-22,M,M,M,M,M,M,M,M,M,66,T,M,M,0.0,M,M,0,M,M,M,M,M,M,M
2020-07-23,M,M,M,M,M,M,M,M,M,69,1.21,M,M,0.0,M,M,0,M,M,M,M,M,M,M
2020-07-24,M,M,M,M,M,M,M,M,M,67,0.12,M,M,0.0,M,M,0,M,M,M,M,M,M,M
2020-07-25,M,M,M,M,M,M,M,M,M,63,0.00,M,M,0.0,M,M,0,M,M,M,M,M,M,M
2020-07-26,M,M,M,M,M,M,M,M,M,62,0.00,M,M,0.0,M,M,0,M,M,M,M,M,M,M
2020-07-27,M,M,M,M,M,M,M,M,M,72,0.00,M,M,0.0,M,M,0,M,M,M,M,M,M,M
2020-07-28,M,M,M,M,M,M,M,M,M,75,T,M,M,0.0,M,M,0,M,M,M,M,M,M,M
2020-07-29,M,M,M,M,M,M,M,M,M,61,0.21,M,M,0.0,M,M,0,M,M,M,M,M,M,M
2020-07-30,M,M,M,M,M,M,M,M,M,65,0.00,M,M,0.0,M,M,0,M,M,M,M,M,M,M
2020-07-31,M,M,M,M,M,M,M,M,M,60,0.00,M,M,0.0,M,M,0,M,M,M,M,M,M,M
2020-08-01,M,M,M,M,M,M,M,M,M,62,0.00,M,M,0.0,M,M,0,M,M,M,M,M,M,M
2020-08-02,M,M,M,M,M,M,M,M,M,68,T,M,M,0.0,M,M,0,M,M,M,M,M,M,M
2020-08-03,M,M,M,M,M,M,M,M,M,72,T,M,M,0.0,M,M,0,M,M,M,M,M,M,M
2020-08-04,M,M,M,M,M,M,M,M,M,68,0.05,M,M,0.0,M,M,0,M,M,M,M,M,M,M
2020-08-05,M,M,M,M,M,M,M,M,M,66,2.80,M,M,0.0,M,M,0,M,M,M,M,M,M,M
2020-08-06,M,M,M,M,M,M,M,M,M,56,0.00,M,M,0.0,M,M,0,M,M,M,M,M,M,M
2020-08-07,M,M,M,M,M,M,M,M,M,58,0.00,M,M,0.0,M,M,0,M,M,M,M,M,M,M
2020-08-08,M,M,M,M,M,M,M,M,M,67,T,M,M,0.0,M,M,0,M,M,M,M,M,M,M
2020-08-09,M,M,M,M,M,M,M,M,M,67,0.07,M,M,0.0,M,M,0,M,M,M,M,M,M,M
2020-08-10,M,M,M,M,M,M,M,M,M,64,0.00,M,M,0.0,M,M,0,M,M,M,M,M,M,M
2020-08-11,M,M,M,M,M,M,M,M,M,70,T,M,M,0.0,M,M,0,M,M,M,M,M,M,M
2020-08-12,M,M,M,M,M,M,M,M,M,69,0.18,M,M,0.0,M,M,0,M,M,M,M,M,M,M
2020-08-13,M,M,M,M,M,M,M,M,M,64,0.00,M,M,0.0,M,M,0,M,M,M,M,M,M,M
2020-08-14,M,M,M,M,M,M,M,M,M,66,0.00,M,M,0.0,M,M,0,M,M,M,M,M,M,M
2020-08-15,M,M,M,M,M,M,M,M,M,62,0.00,M,M,0.0,M,M,0,M,M,M,M,M,M,M
2020-08-16,M,M,M,M,M,M,M,M,M,60,0.00,M,M,0.0,M,M,0,M,M,M,M,M,M,M
2020-08-17,M,M,M,M,M,M,M,M,M,58,0.00,M,M,0.0,M,M,0,M,M,M,M,M,M,M
2020-08-18,M,M,M,M,M,M,M,M,M,62,T,M,M,0.0,M,M,0,M,M,M,M,M,M,M
2020-08-19,M,M,M,M,M,M,M,M,M,58,0.03,M,M,0.0,M,M,0,M,M,M,M,M,M,M
2020-08-20,M,M,M,M,M,M,M,M,M,52,T,M,M,0.0,M,M,0,M,M,M,M,M,M,M
2020-08-21,M,M,M,M,M,M,M,M,M,55,0.00,M,M,0.0,M,M,0,M,M,M,M,M,M,M
2020-08-22,M,M,M,M,M,M,M,M,M,62,0.00,M,M,0.0,M,M,0,M,M,M,M,M,M,M
2020-08-23,M,M,M,M,M,M,M,M,M,59,0.38,M,M,0.0,M,M,0,M,M,M,M,M,M,M
2020-08-24,M,M,M,M,M,M,M,M,M,64,0.00,M,M,0.0,M,M,0,M,M,M,M,M,M,M
2020-08-25,M,M,M,M,M,M,M,M,M,64,0.00,M,M,0.0,M,M,0,M,M,M,M,M,M,M
2020-08-26,M,M,M,M,M,M,M,M,M,53,T,M,M,0.0,M,M,0,M,M,M,M,M,M,M
2020-08-27,M,M,M,M,M,M,M,M,M,57,0.00,M,M,0.0,M,M,0,M,M,M,M,M,M,M
2020-08-28,M,M,M,M,M,M,M,M,M,61,0.38,M,M,0.0,M,M,0,M,M,M,M,M,M,M
2020-08-29,M,M,M,M,M,M,M,M,M,61,0.23,M,M,0.0,M,M,0,M,M,M,M,M,M,M
2020-08-30,M,M,M,M,M,M,M,M,M,61,0.32,M,M,0.0,M,M,0,M,M,M,M,M,M,M
2020-08-31,M,M,M,M,M,M,M,M,M,49,0.00,M,M,0.0,M,M,0,M,M,M,M,M,M,M
2020-09-01,M,M,M,M,M,M,M,M,M,57,0.00,M,M,0.0,M,M,0,M,M,M,M,M,M,M
2020-09-02,M,M,M,M,M,M,M,M,M,63,0.03,M,M,0.0,M,M,0,M,M,M,M,M,M,M
2020-09-03,M,M,M,M,M,M,M,M,M,61,0.40,M,M,0.0,M,M,0,M,M,M,M,M,M,M
2020-09-04,M,M,M,M,M,M,M,M,M,61,T,M,M,0.0,M,M,0,M,M,M,M,M,M,M
2020-09-05,M,M,M,M,M,M,M,M,M,48,0.00,M,M,0.0,M,M,0,M,M,M,M,M,M,M
2020-09-06,M,M,M,M,M,M,M,M,M,58,T,M,M,0.0,M,M,0,M,M,M,M,M,M,M
2020-09-07,M,M,M,M,M,M,M,M,M,57,0.00,M,M,0.0,M,M,0,M,M,M,M,M,M,M
2020-09-08,M,M,M,M,M,M,M,M,M,61,0.00,M,M,0.0,M,M,0,M,M,M,M,M,M,M
2020-09-09,M,M,M,M,M,M,M,M,M,61,0.00,M,M,0.0,M,M,0,M,M,M,M,M,M,M
2020-09-10,M,M,M,M,M,M,M,M,M,63,0.00,M,M,0.0,M,M,0,M,M,M,M,M,M,M
2020-09-11,M,M,M,M,M,M,M,M,M,59,T,M,M,0.0,M,M,0,M,M,M,M,M,M,M
2020-09-12,M,M,M,M,M,M,M,M,M,44,0.00,M,M,0.0,M,M,0,M,M,M,M,M,M,M
2020-09-13,M,M,M,M,M,M,M,M,M,51,0.00,M,M,0.0,M,M,0,M,M,M,M,M,M,M
2020-09-14,M,M,M,M,M,M,M,M,M,58,0.03,M,M,0.0,M,M,0,M,M,M,M,M,M,M
2020-09-15,M,M,M,M,M,M,M,M,M,40,0.00,M,M,0.0,M,M,0,M,M,M,M,M,M,M
2020-09-16,M,M,M,M,M,M,M,M,M,41,0.00,M,M,0.0,M,M,0,M,M,M,M,M,M,M
2020-09-17,M,M,M,M,M,M,M,M,M,46,0.00,M,M,0.0,M,M,0,M,M,M,M,M,M,M
2020-09-18,M,M,M,M,M,M,M,M,M,49,0.03,M,M,0.0,M,M,0,M,M,M,M,M,M,M
2020-09-19,M,M,M,M,M,M,M,M,M,34,0.00,M,M,0.0,M,M,0,M,M,M,M,M,M,M
2020-09-20,M,M,M,M,M,M,M,M,M,36,0.00,M,M,0.0,M,M,0,M,M,M,M,M,M,M
2020-09-21,M,M,M,M,M,M,M,M,M,36,0.00,M,M,0.0,M,M,0,M,M,M,M,M,M,M
2020-09-22,M,M,M,M,M,M,M,M,M,36,0.00,M,M,0.0,M,M,0,M,M,M,M,M,M,M
2020-09-23,M,M,M,M,M,M,M,M,M,41,0.00,M,M,0.0,M,M,0,M,M,M,M,M,M,M
2020-09-24,M,M,M,M,M,M,M,M,M,49,0.00,M,M,0.0,M,M,0,M,M,M,M,M,M,M
2020-09-25,M,M,M,M,M,M,M,M,M,54,0.00,M,M,0.0,M,M,0,M,M,M,M,M,M,M
2020-09-26,M,M,M,M,M,M,M,M,M,53,0.00,M,M,0.0,M,M,0,M,M,M,M,M,M,M
2020-09-27,M,M,M,M,M,M,M,M,M,66,0.00,M,M,0.0,M,M,0,M,M,M,M,M,M,M
2020-09-28,M,M,M,M,M,M,M,M,M,66,0.02,M,M,0.0,M,M,0,M,M,M,M,M,M,M
2020-09-29,M,M,M,M,M,M,M,M,M,65,0.45,M,M,0.0,M,M,0,M,M,M,M,M,M,M
2020-09-30,M,M,M,M,M,M,M,M,M,56,2.25,M,M,0.0,M,M,0,M,M,M,M,M,M,M
2020-10-01,M,M,M,M,M,M,M,M,M,49,0.29,M,M,0.0,M,M,0,M,M,M,M,M,M,M
2020-10-02,M,M,M,M,M,M,M,M,M,49,T,M,M,0.0,M,M,0,M,M,M,M,M,M,M
2020-10-03,M,M,M,M,M,M,M,M,M,M,S,M,M,M,M,M,M,M,M,M,M,M,M,M
2020-10-04,M,M,M,M,M,M,M,M,M,M,M,M,M,M,M,M,M,M,M,M,M,M,M,M
2020-10-05,M,M,M,M,M,M,M,M,M,45,0.29A,M,M,0.0,M,M,0,M,M,M,M,M,M,M
2020-10-06,M,M,M,M,M,M,M,M,M,48,0.00,M,M,0.0,M,M,0,M,M,M,M,M,M,M
2020-10-07,M,M,M,M,M,M,M,M,M,51,0.00,M,M,0.0,M,M,0,M,M,M,M,M,M,M
2020-10-08,M,M,M,M,M,M,M,M,M,45,0.25,M,M,0.0,M,M,0,M,M,M,M,M,M,M
2020-10-09,M,M,M,M,M,M,M,M,M,32,0.00,M,M,0.0,M,M,0,M,M,M,M,M,M,M
2020-10-10,M,M,M,M,M,M,M,M,M,46,0.00,M,M,0.0,M,M,0,M,M,M,M,M,M,M
2020-10-11,M,M,M,M,M,M,M,M,M,45,0.15,M,M,0.0,M,M,0,M,M,M,M,M,M,M
2020-10-12,M,M,M,M,M,M,M,M,M,37,0.00,M,M,0.0,M,M,0,M,M,M,M,M,M,M
2020-10-13,M,M,M,M,M,M,M,M,M,46,0.15,M,M,0.0,M,M,0,M,M,M,M,M,M,M
2020-10-14,M,M,M,M,M,M,M,M,M,40,0.22,M,M,0.0,M,M,0,M,M,M,M,M,M,M
2020-10-15,M,M,M,M,M,M,M,M,M,41,0.00,M,M,0.0,M,M,0,M,M,M,M,M,M,M
2020-10-16,M,M,M,M,M,M,M,M,M,53,0.14,M,M,0.0,M,M,0,M,M,M,M,M,M,M
2020-10-17,M,M,M,M,M,M,M,M,M,41,0.28,M,M,0.0,M,M,0,M,M,M,M,M,M,M
2020-10-18,M,M,M,M,M,M,M,M,M,32,0.00,M,M,0.0,M,M,0,M,M,M,M,M,M,M
2020-10-19,M,M,M,M,M,M,M,M,M,46,0.00,M,M,0.0,M,M,0,M,M,M,M,M,M,M
2020-10-20,M,M,M,M,M,M,M,M,M,53,0.12,M,M,0.0,M,M,0,M,M,M,M,M,M,M
2020-10-21,M,M,M,M,M,M,M,M,M,48,0.12,M,M,0.0,M,M,0,M,M,M,M,M,M,M
2020-10-22,M,M,M,M,M,M,M,M,M,50,0.00,M,M,0.0,M,M,0,M,M,M,M,M,M,M
2020-10-23,M,M,M,M,M,M,M,M,M,53,0.00,M,M,0.0,M,M,0,M,M,M,M,M,M,M
2020-10-24,M,M,M,M,M,M,M,M,M,58,0.00,M,M,0.0,M,M,0,M,M,M,M,M,M,M
2020-10-25,M,M,M,M,M,M,M,M,M,33,T,M,M,0.0,M,M,0,M,M,M,M,M,M,M
2020-10-26,M,M,M,M,M,M,M,M,M,37,0.30,M,M,0.0,M,M,0,M,M,M,M,M,M,M
2020-10-27,M,M,M,M,M,M,M,M,M,44,0.50,M,M,0.0,M,M,0,M,M,M,M,M,M,M
2020-10-28,M,M,M,M,M,M,M,M,M,38,0.27,M,M,0.0,M,M,0,M,M,M,M,M,M,M
2020-10-29,M,M,M,M,M,M,M,M,M,37,0.08,M,M,0.0,M,M,0,M,M,M,M,M,M,M
2020-10-30,M,M,M,M,M,M,M,M,M,32,0.55,M,M,T,M,M,T,M,M,M,M,M,M,M
2020-10-31,M,M,M,M,M,M,M,M,M,24,0.02,M,M,0.0,M,M,0,M,M,M,M,M,M,M
2020-11-01,M,M,M,M,M,M,M,M,M,27,0.00,M,M,0.0,M,M,0,M,M,M,M,M,M,M
2020-11-02,M,M,M,M,M,M,M,M,M,33,0.26,M,M,0.0,M,M,0,M,M,M,M,M,M,M
2020-11-03,M,M,M,M,M,M,M,M,M,32,0.17,M,M,0.0,M,M,0,M,M,M,M,M,M,M
2020-11-04,M,M,M,M,M,M,M,M,M,27,0.00,M,M,0.0,M,M,0,M,M,M,M,M,M,M
2020-11-05,M,M,M,M,M,M,M,M,M,30,0.00,M,M,0.0,M,M,0,M,M,M,M,M,M,M
2020-11-06,M,M,M,M,M,M,M,M,M,42,0.00,M,M,0.0,M,M,0,M,M,M,M,M,M,M
2020-11-07,M,M,M,M,M,M,M,M,M,M,S,M,M,M,M,M,M,M,M,M,M,M,M,M
2020-11-08,M,M,M,M,M,M,M,M,M,M,M,M,M,M,M,M,M,M,M,M,M,M,M,M
2020-11-09,M,M,M,M,M,M,M,M,M,37,0.00A,M,M,0.0,M,M,0,M,M,M,M,M,M,M
2020-11-10,M,M,M,M,M,M,M,M,M,35,0.00,M,M,0.0,M,M,0,M,M,M,M,M,M,M
2020-11-11,M,M,M,M,M,M,M,M,M,44,0.00,M,M,0.0,M,M,0,M,M,M,M,M,M,M
2020-11-12,M,M,M,M,M,M,M,M,M,52,0.25,M,M,0.0,M,M,0,M,M,M,M,M,M,M
2020-11-13,M,M,M,M,M,M,M,M,M,31,0.00,M,M,0.0,M,M,0,M,M,M,M,M,M,M
2020-11-14,M,M,M,M,M,M,M,M,M,38,0.07,M,M,0.0,M,M,0,M,M,M,M,M,M,M
2020-11-15,M,M,M,M,M,M,M,M,M,26,0.00,M,M,0.0,M,M,0,M,M,M,M,M,M,M
2020-11-16,M,M,M,M,M,M,M,M,M,41,1.33,M,M,0.0,M,M,0,M,M,M,M,M,M,M
2020-11-17,M,M,M,M,M,M,M,M,M,28,0.00,M,M,0.0,M,M,0,M,M,M,M,M,M,M
2020-11-18,M,M,M,M,M,M,M,M,M,22,0.00,M,M,0.0,M,M,0,M,M,M,M,M,M,M
2020-11-19,M,M,M,M,M,M,M,M,M,20,0.00,M,M,0.0,M,M,0,M,M,M,M,M,M,M
2020-11-20,M,M,M,M,M,M,M,M,M,36,0.00,M,M,0.0,M,M,0,M,M,M,M,M,M,M
2020-11-21,M,M,M,M,M,M,M,M,M,28,0.00,M,M,0.0,M,M,0,M,M,M,M,M,M,M
2020-11-22,M,M,M,M,M,M,M,M,M,27,0.00,M,M,0.0,M,M,0,M,M,M,M,M,M,M
2020-11-23,M,M,M,M,M,M,M,M,M,38,0.76,M,M,T,M,M,0,M,M,M,M,M,M,M
2020-11-24,M,M,M,M,M,M,M,M,M,28,0.05,M,M,0.0,M,M,0,M,M,M,M,M,M,M
2020-11-25,M,M,M,M,M,M,M,M,M,27,T,M,M,T,M,M,0,M,M,M,M,M,M,M
2020-11-26,M,M,M,M,M,M,M,M,M,39,0.32,M,M,0.0,M,M,0,M,M,M,M,M,M,M
2020-11-27,M,M,M,M,M,M,M,M,M,46,0.13,M,M,0.0,M,M,0,M,M,M,M,M,M,M
2020-11-28,M,M,M,M,M,M,M,M,M,39,0.00,M,M,0.0,M,M,0,M,M,M,M,M,M,M
2020-11-29,M,M,M,M,M,M,M,M,M,27,0.03,M,M,T,M,M,0,M,M,M,M,M,M,M
2020-11-30,M,M,M,M,M,M,M,M,M,28,0.00,M,M,0.0,M,M,0,M,M,M,M,M,M,M
2020-12-01,M,M,M,M,M,M,M,M,M,52,M,M,M,0.0,M,M,0,M,M,M,M,M,M,M
2020-12-02,M,M,M,M,M,M,M,M,M,34,0.43,M,M,T,M,M,0,M,M,M,M,M,M,M
2020-12-03,M,M,M,M,M,M,M,M,M,29,0.10,M,M,T,M,M,T,M,M,M,M,M,M,M
2020-12-04,M,M,M,M,M,M,M,M,M,27,0.00,M,M,0.0,M,M,0,M,M,M,M,M,M,M
2020-12-05,M,M,M,M,M,M,M,M,M,35,0.08,M,M,0.0,M,M,0,M,M,M,M,M,M,M
2020-12-06,M,M,M,M,M,M,M,M,M,28,0.00,M,M,0.0,M,M,0,M,M,M,M,M,M,M
2020-12-07,M,M,M,M,M,M,M,M,M,21,0.00,M,M,0.0,M,M,0,M,M,M,M,M,M,M
2020-12-08,M,M,M,M,M,M,M,M,M,26,0.00,M,M,0.0,M,M,0,M,M,M,M,M,M,M
2020-12-09,M,M,M,M,M,M,M,M,M,27,0.00,M,M,0.0,M,M,0,M,M,M,M,M,M,M
2020-12-10,M,M,M,M,M,M,M,M,M,30,0.01,M,M,0.5,M,M,0,M,M,M,M,M,M,M
2020-12-11,M,M,M,M,M,M,M,M,M,28,0.00,M,M,0.0,M,M,0,M,M,M,M,M,M,M
2020-12-12,M,M,M,M,M,M,M,M,M,29,0.00,M,M,0.0,M,M,0,M,M,M,M,M,M,M
2020-12-13,M,M,M,M,M,M,M,M,M,45,0.20,M,M,0.0,M,M,0,M,M,M,M,M,M,M
2020-12-14,M,M,M,M,M,M,M,M,M,31,0.00,M,M,0.0,M,M,0,M,M,M,M,M,M,M
2020-12-15,M,M,M,M,M,M,M,M,M,25,T,M,M,T,M,M,M,M,M,M,M,M,M,M
2020-12-16,M,M,M,M,M,M,M,M,M,11,0.00,M,M,0.0,M,M,M,M,M,M,M,M,M,M
2020-12-17,M,M,M,M,M,M,M,M,M,18,0.97,M,M,18.0,M,M,M,M,M,M,M,M,M,M
2020-12-18,M,M,M,M,M,M,M,M,M,7,0.82,M,M,12.0,M,M,M,M,M,M,M,M,M,M
2020-12-19,M,M,M,M,M,M,M,M,M,-1,0.00,M,M,0.0,M,M,M,M,M,M,M,M,M,M
2020-12-20,M,M,M,M,M,M,M,M,M,19,0.00,M,M,0.0,M,M,M,M,M,M,M,M,M,M
2020-12-21,M,M,M,M,M,M,M,M,M,30,0.02,M,M,1.0,M,M,M,M,M,M,M,M,M,M
2020-12-22,M,M,M,M,M,M,M,M,M,28,0.00,M,M,0.0,M,M,M,M,M,M,M,M,M,M
2020-12-23,M,M,M,M,M,M,M,M,M,23,0.00,M,M,0.0,M,M,M,M,M,M,M,M,M,M
2020-12-24,M,M,M,M,M,M,M,M,M,28,0.00,M,M,0.0,M,M,M,M,M,M,M,M,M,M
2020-12-25,M,M,M,M,M,M,M,M,M,54,0.60,M,M,0.0,M,M,M,M,M,M,M,M,M,M
2020-12-26,M,M,M,M,M,M,M,M,M,26,0.42,M,M,0.0,M,M,M,M,M,M,M,M,M,M
2020-12-27,M,M,M,M,M,M,M,M,M,26,T,M,M,T,M,M,M,M,M,M,M,M,M,M
2020-12-28,M,M,M,M,M,M,M,M,M,23,0.00,M,M,0.0,M,M,M,M,M,M,M,M,M,M
2020-12-29,M,M,M,M,M,M,M,M,M,29,T,M,M,T,M,M,M,M,M,M,M,M,M,M
2020-12-30,M,M,M,M,M,M,M,M,M,14,0.00,M,M,0.0,M,M,M,M,M,M,M,M,M,M
2020-12-31,M,M,M,M,M,M,M,M,M,32,T,M,M,T,M,M,M,M,M,M,M,M,M,M
2021-01-01,M,M,M,M,M,M,M,M,M,18,T,M,M,T,M,M,M,M,M,M,M,M,M,M
2021-01-02,M,M,M,M,M,M,M,M,M,M,S,M,M,M,M,M,M,M,M,M,M,M,M,M
2021-01-03,M,M,M,M,M,M,M,M,M,28,1.02A,M,M,1.5,M,M,M,M,M,M,M,M,M,M
2021-01-04,M,M,M,M,M,M,M,M,M,30,0.15,M,M,2.0,M,M,M,M,M,M,M,M,M,M
2021-01-05,M,M,M,M,M,M,M,M,M,31,0.00,M,M,0.0,M,M,M,M,M,M,M,M,M,M
2021-01-06,M,M,M,M,M,M,M,M,M,28,0.00,M,M,0.0,M,M,M,M,M,M,M,M,M,M
2021-01-07,M,M,M,M,M,M,M,M,M,18,0.00,M,M,0.0,M,M,M,M,M,M,M,M,M,M
2021-01-08,M,M,M,M,M,M,M,M,M,16,0.00,M,M,0.0,M,M,M,M,M,M,M,M,M,M
2021-01-09,M,M,M,M,M,M,M,M,M,13,0.00,M,M,0.0,M,M,M,M,M,M,M,M,M,M
2021-01-10,M,M,M,M,M,M,M,M,M,12,0.00,M,M,0.0,M,M,M,M,M,M,M,M,M,M
2021-01-11,M,M,M,M,M,M,M,M,M,13,0.00,M,M,0.0,M,M,M,M,M,M,M,M,M,M
2021-01-12,M,M,M,M,M,M,M,M,M,25,T,M,M,T,M,M,M,M,M,M,M,M,M,M
2021-01-13,M,M,M,M,M,M,M,M,M,28,T,M,M,T,M,M,M,M,M,M,M,M,M,M
2021-01-14,M,M,M,M,M,M,M,M,M,28,T,M,M,T,M,M,M,M,M,M,M,M,M,M
2021-01-15,M,M,M,M,M,M,M,M,M,26,0.00,M,M,0.0,M,M,M,M,M,M,M,M,M,M
2021-01-16,M,M,M,M,M,M,M,M,M,M,S,M,M,M,M,M,M,M,M,M,M,M,M,M
2021-01-17,M,M,M,M,M,M,M,M,M,31,0.67A,M,M,3.0,M,M,M,M,M,M,M,M,M,M
2021-01-18,M,M,M,M,M,M,M,M,M,32,0.00,M,M,0.0,M,M,M,M,M,M,M,M,M,M
2021-01-19,M,M,M,M,M,M,M,M,M,20,T,M,M,T,M,M,M,M,M,M,M,M,M,M
2021-01-20,M,M,M,M,M,M,M,M,M,24,T,M,M,T,M,M,M,M,M,M,M,M,M,M
2021-01-21,M,M,M,M,M,M,M,M,M,12,0.00,M,M,0.0,M,M,M,M,M,M,M,M,M,M
2021-01-22,M,M,M,M,M,M,M,M,M,23,0.02,M,M,1.0,M,M,M,M,M,M,M,M,M,M
2021-01-23,M,M,M,M,M,M,M,M,M,18,T,M,M,T,M,M,M,M,M,M,M,M,M,M
2021-01-24,M,M,M,M,M,M,M,M,M,7,0.00,M,M,0.0,M,M,M,M,M,M,M,M,M,M
2021-01-25,M,M,M,M,M,M,M,M,M,3,0.00,M,M,0.0,M,M,M,M,M,M,M,M,M,M
2021-01-26,M,M,M,M,M,M,M,M,M,10,0.00,M,M,0.0,M,M,M,M,M,M,M,M,M,M
2021-01-27,M,M,M,M,M,M,M,M,M,24,0.40,M,M,5.0,M,M,M,M,M,M,M,M,M,M
2021-01-28,M,M,M,M,M,M,M,M,M,23,0.00,M,M,0.0,M,M,M,M,M,M,M,M,M,M
2021-01-29,M,M,M,M,M,M,M,M,M,2,0.00,M,M,0.0,M,M,M,M,M,M,M,M,M,M
2021-01-30,M,M,M,M,M,M,M,M,M,-11,0.00,M,M,0.0,M,M,M,M,M,M,M,M,M,M
2021-01-31,M,M,M,M,M,M,M,M,M,-6,0.00,M,M,0.0,M,M,M,M,M,M,M,M,M,M
2021-02-01,M,M,M,M,M,M,M,M,M,7,0.00,M,M,0.0,M,M,0,M,M,M,M,M,M,M
2021-02-02,M,M,M,M,M,M,M,M,M,26,0.15,M,M,1.5,M,M,M,M,M,M,M,M,M,M
2021-02-03,M,M,M,M,M,M,M,M,M,26,0.18,M,M,2.0,M,M,M,M,M,M,M,M,M,M
2021-02-04,M,M,M,M,M,M,M,M,M,26,0.00,M,M,0.0,M,M,M,M,M,M,M,M,M,M
2021-02-05,M,M,M,M,M,M,M,M,M,22,0.00,M,M,0.0,M,M,M,M,M,M,M,M,M,M
2021-02-06,M,M,M,M,M,M,M,M,M,23,0.12,M,M,2.5,M,M,M,M,M,M,M,M,M,M
2021-02-07,M,M,M,M,M,M,M,M,M,10,0.00,M,M,0.0,M,M,M,M,M,M,M,M,M,M
2021-02-08,M,M,M,M,M,M,M,M,M,7,0.12,M,M,1.5,M,M,M,M,M,M,M,M,M,M
2021-02-09,M,M,M,M,M,M,M,M,M,15,T,M,M,T,M,M,M,M,M,M,M,M,M,M
2021-02-10,M,M,M,M,M,M,M,M,M,7,0.13,M,M,2.0,M,M,M,M,M,M,M,M,M,M
2021-02-11,M,M,M,M,M,M,M,M,M,16,0.00,M,M,0.0,M,M,M,M,M,M,M,M,M,M
2021-02-12,M,M,M,M,M,M,M,M,M,-2,0.00,M,M,0.0,M,M,M,M,M,M,M,M,M,M
2021-02-13,M,M,M,M,M,M,M,M,M,2,0.00,M,M,0.0,M,M,M,M,M,M,M,M,M,M
2021-02-14,M,M,M,M,M,M,M,M,M,18,T,M,M,T,M,M,M,M,M,M,M,M,M,M
2021-02-15,M,M,M,M,M,M,M,M,M,20,0.00,M,M,0.0,M,M,M,M,M,M,M,M,M,M
2021-02-16,M,M,M,M,M,M,M,M,M,M,S,M,M,M,M,M,M,M,M,M,M,M,M,M
2021-02-17,M,M,M,M,M,M,M,M,M,14,1.13A,M,M,3.0,M,M,M,M,M,M,M,M,M,M
2021-02-18,M,M,M,M,M,M,M,M,M,17,0.00,M,M,0.0,M,M,M,M,M,M,M,M,M,M
2021-02-19,M,M,M,M,M,M,M,M,M,M,S,M,M,M,M,M,M,M,M,M,M,M,M,M
2021-02-20,M,M,M,M,M,M,M,M,M,12,0.12A,M,M,2.5,M,M,M,M,M,M,M,M,M,M
2021-02-21,M,M,M,M,M,M,M,M,M,3,0.00,M,M,0.0,M,M,M,M,M,M,M,M,M,M
2021-02-22,M,M,M,M,M,M,M,M,M,18,0.00,M,M,0.0,M,M,M,M,M,M,M,M,M,M
2021-02-23,M,M,M,M,M,M,M,M,M,31,0.42,M,M,6.2,M,M,M,M,M,M,M,M,M,M
2021-02-24,M,M,M,M,M,M,M,M,M,35,T,M,M,T,M,M,M,M,M,M,M,M,M,M
2021-02-25,M,M,M,M,M,M,M,M,M,34,0.00,M,M,0.0,M,M,M,M,M,M,M,M,M,M
2021-02-26,M,M,M,M,M,M,M,M,M,23,0.00,M,M,0.0,M,M,M,M,M,M,M,M,M,M
2021-02-27,M,M,M,M,M,M,M,M,M,M,S,M,M,M,M,M,M,M,M,M,M,M,M,M
2021-02-28,M,M,M,M,M,M,M,M,M,27,0.30A,M,M,2.0,M,M,M,M,M,M,M,M,M,M
2021-03-01,M,M,M,M,M,M,M,M,M,35,0.07,M,M,0.0,M,M,M,M,M,M,M,M,M,M
2021-03-02,M,M,M,M,M,M,M,M,M,5,T,M,M,T,M,M,M,M,M,M,M,M,M,M
2021-03-03,M,M,M,M,M,M,M,M,M,18,0.00,M,M,0.0,M,M,M,M,M,M,M,M,M,M
2021-03-04,M,M,M,M,M,M,M,M,M,29,0.00,M,M,0.0,M,M,M,M,M,M,M,M,M,M
2021-03-05,M,M,M,M,M,M,M,M,M,13,0.00,M,M,0.0,M,M,M,M,M,M,M,M,M,M
2021-03-06,M,M,M,M,M,M,M,M,M,12,0.00,M,M,0.0,M,M,M,M,M,M,M,M,M,M
2021-03-07,M,M,M,M,M,M,M,M,M,10,0.00,M,M,0.0,M,M,M,M,M,M,M,M,M,M
2021-03-08,M,M,M,M,M,M,M,M,M,9,0.00,M,M,0.0,M,M,M,M,M,M,M,M,M,M
2021-03-09,M,M,M,M,M,M,M,M,M,28,0.00,M,M,0.0,M,M,M,M,M,M,M,M,M,M
2021-03-10,M,M,M,M,M,M,M,M,M,23,0.00,M,M,0.0,M,M,M,M,M,M,M,M,M,M
2021-03-11,M,M,M,M,M,M,M,M,M,35,0.00,M,M,0.0,M,M,M,M,M,M,M,M,M,M
2021-03-12,M,M,M,M,M,M,M,M,M,40,T,M,M,0.0,M,M,M,M,M,M,M,M,M,M
2021-03-13,M,M,M,M,M,M,M,M,M,22,0.00,M,M,0.0,M,M,M,M,M,M,M,M,M,M
2021-03-14,M,M,M,M,M,M,M,M,M,29,0.00,M,M,0.0,M,M,M,M,M,M,M,M,M,M
2021-03-15,M,M,M,M,M,M,M,M,M,13,0.00,M,M,0.0,M,M,M,M,M,M,M,M,M,M
2021-03-16,M,M,M,M,M,M,M,M,M,13,0.00,M,M,0.0,M,M,M,M,M,M,M,M,M,M
2021-03-17,M,M,M,M,M,M,M,M,M,21,0.00,M,M,0.0,M,M,M,M,M,M,M,M,M,M
2021-03-18,M,M,M,M,M,M,M,M,M,31,0.00,M,M,0.0,M,M,M,M,M,M,M,M,M,M
2021-03-19,M,M,M,M,M,M,M,M,M,22,0.40,M,M,0.0,M,M,M,M,M,M,M,M,M,M
2021-03-20,M,M,M,M,M,M,M,M,M,18,0.00,M,M,0.0,M,M,M,M,M,M,M,M,M,M
2021-03-21,M,M,M,M,M,M,M,M,M,26,0.00,M,M,0.0,M,M,M,M,M,M,M,M,M,M
2021-03-22,M,M,M,M,M,M,M,M,M,27,0.00,M,M,0.0,M,M,M,M,M,M,M,M,M,M
2021-03-23,M,M,M,M,M,M,M,M,M,M,S,M,M,M,M,M,M,M,M,M,M,M,M,M
2021-03-24,M,M,M,M,M,M,M,M,M,M,M,M,M,M,M,M,M,M,M,M,M,M,M,M
2021-03-25,M,M,M,M,M,M,M,M,M,45,0.11A,M,M,0.0,M,M,M,M,M,M,M,M,M,M
2021-03-26,M,M,M,M,M,M,M,M,M,55,0.09,M,M,0.0,M,M,M,M,M,M,M,M,M,M
2021-03-27,M,M,M,M,M,M,M,M,M,38,0.11,M,M,0.0,M,M,M,M,M,M,M,M,M,M
2021-03-28,M,M,M,M,M,M,M,M,M,34,0.00,M,M,0.0,M,M,M,M,M,M,M,M,M,M
2021-03-29,M,M,M,M,M,M,M,M,M,37,1.00,M,M,0.0,M,M,M,M,M,M,M,M,M,M
2021-03-30,M,M,M,M,M,M,M,M,M,26,0.00,M,M,0.0,M,M,M,M,M,M,M,M,M,M
2021-03-31,M,M,M,M,M,M,M,M,M,37,0.00,M,M,0.0,M,M,M,M,M,M,M,M,M,M
2021-04-01,M,M,M,M,M,M,M,M,M,38,0.65,M,M,0.0,M,M,M,M,M,M,M,M,M,M
2021-04-02,M,M,M,M,M,M,M,M,M,24,0.16,M,M,0.0,M,M,M,M,M,M,M,M,M,M
2021-04-03,M,M,M,M,M,M,M,M,M,20,0.00,M,M,0.0,M,M,M,M,M,M,M,M,M,M
2021-04-04,M,M,M,M,M,M,M,M,M,29,0.00,M,M,0.0,M,M,M,M,M,M,M,M,M,M
2021-04-05,M,M,M,M,M,M,M,M,M,32,0.00,M,M,0.0,M,M,M,M,M,M,M,M,M,M
2021-04-06,M,M,M,M,M,M,M,M,M,30,0.00,M,M,0.0,M,M,M,M,M,M,M,M,M,M
2021-04-07,M,M,M,M,M,M,M,M,M,37,0.00,M,M,0.0,M,M,M,M,M,M,M,M,M,M
2021-04-08,M,M,M,M,M,M,M,M,M,40,0.00,M,M,0.0,M,M,M,M,M,M,M,M,M,M
2021-04-09,M,M,M,M,M,M,M,M,M,42,0.00,M,M,0.0,M,M,M,M,M,M,M,M,M,M
2021-04-10,M,M,M,M,M,M,M,M,M,49,0.00,M,M,0.0,M,M,M,M,M,M,M,M,M,M
2021-04-11,M,M,M,M,M,M,M,M,M,49,0.00,M,M,0.0,M,M,M,M,M,M,M,M,M,M
2021-04-12,M,M,M,M,M,M,M,M,M,47,0.15,M,M,0.0,M,M,M,M,M,M,M,M,M,M
2021-04-13,M,M,M,M,M,M,M,M,M,42,0.12,M,M,0.0,M,M,M,M,M,M,M,M,M,M
2021-04-14,M,M,M,M,M,M,M,M,M,50,0.00,M,M,0.0,M,M,M,M,M,M,M,M,M,M
2021-04-15,M,M,M,M,M,M,M,M,M,52,0.02,M,M,0.0,M,M,M,M,M,M,M,M,M,M
2021-04-16,M,M,M,M,M,M,M,M,M,35,1.22,M,M,0.5,M,M,M,M,M,M,M,M,M,M
2021-04-17,M,M,M,M,M,M,M,M,M,37,0.26,M,M,T,M,M,M,M,M,M,M,M,M,M
2021-04-18,M,M,M,M,M,M,M,M,M,37,T,M,M,0.0,M,M,M,M,M,M,M,M,M,M
2021-04-19,M,M,M,M,M,M,M,M,M,39,0.04,M,M,0.0,M,M,M,M,M,M,M,M,M,M
2021-04-20,M,M,M,M,M,M,M,M,M,38,T,M,M,0.0,M,M,M,M,M,M,M,M,M,M
2021-04-21,M,M,M,M,M,M,M,M,M,38,0.11,M,M,0.0,M,M,M,M,M,M,M,M,M,M
2021-04-22,M,M,M,M,M,M,M,M,M,28,0.20,M,M,0.5,M,M,M,M,M,M,M,M,M,M
2021-04-23,M,M,M,M,M,M,M,M,M,34,T,M,M,T,M,M,M,M,M,M,M,M,M,M
2021-04-24,M,M,M,M,M,M,M,M,M,48,0.00,M,M,0.0,M,M,M,M,M,M,M,M,M,M
2021-04-25,M,M,M,M,M,M,M,M,M,47,0.00,M,M,0.0,M,M,M,M,M,M,M,M,M,M
2021-04-26,M,M,M,M,M,M,M,M,M,36,T,M,M,0.0,M,M,M,M,M,M,M,M,M,M
2021-04-27,M,M,M,M,M,M,M,M,M,38,0.00,M,M,0.0,M,M,M,M,M,M,M,M,M,M
2021-04-28,M,M,M,M,M,M,M,M,M,50,0.12,M,M,0.0,M,M,M,M,M,M,M,M,M,M
2021-04-29,M,M,M,M,M,M,M,M,M,55,0.31,M,M,0.0,M,M,M,M,M,M,M,M,M,M
2021-04-30,M,M,M,M,M,M,M,M,M,52,1.01,M,M,0.0,M,M,M,M,M,M,M,M,M,M
2021-05-01,M,M,M,M,M,M,M,M,M,39,T,M,M,0.0,M,M,M,M,M,M,M,M,M,M
2021-05-02,M,M,M,M,M,M,M,M,M,41,T,M,M,0.0,M,M,M,M,M,M,M,M,M,M
2021-05-03,M,M,M,M,M,M,M,M,M,52,0.02,M,M,0.0,M,M,M,M,M,M,M,M,M,M
2021-05-04,M,M,M,M,M,M,M,M,M,49,0.12,M,M,0.0,M,M,M,M,M,M,M,M,M,M
2021-05-05,M,M,M,M,M,M,M,M,M,55,1.12,M,M,0.0,M,M,M,M,M,M,M,M,M,M
2021-05-06,M,M,M,M,M,M,M,M,M,44,0.34,M,M,0.0,M,M,M,M,M,M,M,M,M,M
2021-05-07,M,M,M,M,M,M,M,M,M,35,0.00,M,M,0.0,M,M,M,M,M,M,M,M,M,M
2021-05-08,M,M,M,M,M,M,M,M,M,42,0.00,M,M,0.0,M,M,M,M,M,M,M,M,M,M
2021-05-09,M,M,M,M,M,M,M,M,M,M,M,M,M,M,M,M,M,M,M,M,M,M,M,M
2021-05-10,M,M,M,M,M,M,M,M,M,47,0.11,M,M,0.0,M,M,M,M,M,M,M,M,M,M
2021-05-11,M,M,M,M,M,M,M,M,M,43,T,M,M,0.0,M,M,M,M,M,M,M,M,M,M
2021-05-12,M,M,M,M,M,M,M,M,M,45,0.00,M,M,0.0,M,M,M,M,M,M,M,M,M,M
2021-05-13,M,M,M,M,M,M,M,M,M,39,0.00,M,M,0.0,M,M,M,M,M,M,M,M,M,M
2021-05-14,M,M,M,M,M,M,M,M,M,40,0.00,M,M,0.0,M,M,M,M,M,M,M,M,M,M
2021-05-15,M,M,M,M,M,M,M,M,M,39,0.00,M,M,0.0,M,M,M,M,M,M,M,M,M,M
2021-05-16,M,M,M,M,M,M,M,M,M,44,0.00,M,M,0.0,M,M,M,M,M,M,M,M,M,M
2021-05-17,M,M,M,M,M,M,M,M,M,46,T,M,M,0.0,M,M,M,M,M,M,M,M,M,M
2021-05-18,M,M,M,M,M,M,M,M,M,52,0.00,M,M,0.0,M,M,M,M,M,M,M,M,M,M
2021-05-19,M,M,M,M,M,M,M,M,M,51,0.00,M,M,0.0,M,M,M,M,M,M,M,M,M,M
2021-05-20,M,M,M,M,M,M,M,M,M,58,0.00,M,M,0.0,M,M,M,M,M,M,M,M,M,M
2021-05-21,M,M,M,M,M,M,M,M,M,60,0.00,M,M,0.0,M,M,M,M,M,M,M,M,M,M
2021-05-22,M,M,M,M,M,M,M,M,M,62,0.00,M,M,0.0,M,M,M,M,M,M,M,M,M,M
2021-05-23,M,M,M,M,M,M,M,M,M,65,0.00,M,M,0.0,M,M,M,M,M,M,M,M,M,M
2021-05-24,M,M,M,M,M,M,M,M,M,45,0.00,M,M,0.0,M,M,M,M,M,M,M,M,M,M
2021-05-25,M,M,M,M,M,M,M,M,M,51,0.00,M,M,0.0,M,M,M,M,M,M,M,M,M,M
2021-05-26,M,M,M,M,M,M,M,M,M,64,0.00,M,M,0.0,M,M,M,M,M,M,M,M,M,M
2021-05-27,M,M,M,M,M,M,M,M,M,59,0.12,M,M,0.0,M,M,M,M,M,M,M,M,M,M
2021-05-28,M,M,M,M,M,M,M,M,M,46,0.00,M,M,0.0,M,M,M,M,M,M,M,M,M,M
2021-05-29,M,M,M,M,M,M,M,M,M,42,0.51,M,M,0.0,M,M,M,M,M,M,M,M,M,M
2021-05-30,M,M,M,M,M,M,M,M,M,46,0.00,M,M,0.0,M,M,M,M,M,M,M,M,M,M
2021-05-31,M,M,M,M,M,M,M,M,M,48,0.59,M,M,0.0,M,M,M,M,M,M,M,M,M,M
2021-06-01,M,M,M,M,M,M,M,M,M,46,T,M,M,0.0,M,M,M,M,M,M,M,M,M,M
2021-06-02,M,M,M,M,M,M,M,M,M,47,0.00,M,M,0.0,M,M,M,M,M,M,M,M,M,M
2021-06-03,M,M,M,M,M,M,M,M,M,60,0.62,M,M,0.0,M,M,M,M,M,M,M,M,M,M
2021-06-04,M,M,M,M,M,M,M,M,M,63,0.52,M,M,0.0,M,M,M,M,M,M,M,M,M,M
2021-06-05,M,M,M,M,M,M,M,M,M,M,S,M,M,M,M,M,M,M,M,M,M,M,M,M
2021-06-06,M,M,M,M,M,M,M,M,M,M,M,M,M,M,M,M,M,M,M,M,M,M,M,M
2021-06-07,M,M,M,M,M,M,M,M,M,M,M,M,M,M,M,M,M,M,M,M,M,M,M,M
2021-06-08,M,M,M,M,M,M,M,M,M,70,0.03A,M,M,0.0,M,M,M,M,M,M,M,M,M,M
2021-06-09,M,M,M,M,M,M,M,M,M,68,0.94,M,M,0.0,M,M,M,M,M,M,M,M,M,M
2021-06-10,M,M,M,M,M,M,M,M,M,57,0.09,M,M,0.0,M,M,M,M,M,M,M,M,M,M
2021-06-11,M,M,M,M,M,M,M,M,M,52,0.00,M,M,0.0,M,M,M,M,M,M,M,M,M,M
2021-06-12,M,M,M,M,M,M,M,M,M,60,0.25,M,M,0.0,M,M,M,M,M,M,M,M,M,M
2021-06-13,M,M,M,M,M,M,M,M,M,55,0.00,M,M,0.0,M,M,M,M,M,M,M,M,M,M
2021-06-14,M,M,M,M,M,M,M,M,M,63,0.53,M,M,0.0,M,M,M,M,M,M,M,M,M,M
2021-06-15,M,M,M,M,M,M,M,M,M,58,0.06,M,M,0.0,M,M,M,M,M,M,M,M,M,M
2021-06-16,M,M,M,M,M,M,M,M,M,51,0.15,M,M,0.0,M,M,M,M,M,M,M,M,M,M
2021-06-17,M,M,M,M,M,M,M,M,M,49,0.00,M,M,0.0,M,M,M,M,M,M,M,M,M,M
2021-06-18,M,M,M,M,M,M,M,M,M,48,0.00,M,M,0.0,M,M,M,M,M,M,M,M,M,M
2021-06-19,M,M,M,M,M,M,M,M,M,63,T,M,M,0.0,M,M,M,M,M,M,M,M,M,M
2021-06-20,M,M,M,M,M,M,M,M,M,63,0.00,M,M,0.0,M,M,M,M,M,M,M,M,M,M
2021-06-21,M,M,M,M,M,M,M,M,M,65,0.02,M,M,0.0,M,M,M,M,M,M,M,M,M,M
2021-06-22,M,M,M,M,M,M,M,M,M,65,0.51,M,M,0.0,M,M,M,M,M,M,M,M,M,M
2021-06-23,M,M,M,M,M,M,M,M,M,46,0.16,M,M,0.0,M,M,M,M,M,M,M,M,M,M
2021-06-24,M,M,M,M,M,M,M,M,M,47,0.00,M,M,0.0,M,M,M,M,M,M,M,M,M,M
2021-06-25,M,M,M,M,M,M,M,M,M,52,0.00,M,M,0.0,M,M,M,M,M,M,M,M,M,M
2021-06-26,M,M,M,M,M,M,M,M,M,64,0.00,M,M,0.0,M,M,M,M,M,M,M,M,M,M
2021-06-27,M,M,M,M,M,M,M,M,M,72,T,M,M,0.0,M,M,M,M,M,M,M,M,M,M
2021-06-28,M,M,M,M,M,M,M,M,M,72,0.00,M,M,0.0,M,M,M,M,M,M,M,M,M,M
2021-06-29,M,M,M,M,M,M,M,M,M,M,S,M,M,M,M,M,M,M,M,M,M,M,M,M
2021-06-30,M,M,M,M,M,M,M,M,M,73,0.00A,M,M,0.0,M,M,M,M,M,M,M,M,M,M
2021-07-01,M,M,M,M,M,M,M,M,M,69,0.36,M,M,0.0,M,M,M,M,M,M,M,M,M,M
2021-07-02,M,M,M,M,M,M,M,M,M,65,0.62,M,M,0.0,M,M,M,M,M,M,M,M,M,M
2021-07-03,M,M,M,M,M,M,M,M,M,60,0.13,M,M,0.0,M,M,M,M,M,M,M,M,M,M
2021-07-04,M,M,M,M,M,M,M,M,M,60,0.07,M,M,0.0,M,M,M,M,M,M,M,M,M,M
2021-07-05,M,M,M,M,M,M,M,M,M,58,T,M,M,0.0,M,M,M,M,M,M,M,M,M,M
2021-07-06,M,M,M,M,M,M,M,M,M,68,0.55,M,M,0.0,M,M,M,M,M,M,M,M,M,M
2021-07-07,M,M,M,M,M,M,M,M,M,68,0.04,M,M,0.0,M,M,M,M,M,M,M,M,M,M
2021-07-08,M,M,M,M,M,M,M,M,M,63,0.30,M,M,0.0,M,M,M,M,M,M,M,M,M,M
2021-07-09,M,M,M,M,M,M,M,M,M,68,0.20,M,M,0.0,M,M,M,M,M,M,M,M,M,M
2021-07-10,M,M,M,M,M,M,M,M,M,63,1.18,M,M,0.0,M,M,M,M,M,M,M,M,M,M
2021-07-11,M,M,M,M,M,M,M,M,M,60,0.00,M,M,0.0,M,M,M,M,M,M,M,M,M,M
2021-07-12,M,M,M,M,M,M,M,M,M,64,0.80,M,M,0.0,M,M,M,M,M,M,M,M,M,M
2021-07-13,M,M,M,M,M,M,M,M,M,67,1.01,M,M,0.0,M,M,M,M,M,M,M,M,M,M
2021-07-14,M,M,M,M,M,M,M,M,M,68,0.09,M,M,0.0,M,M,M,M,M,M,M,M,M,M
2021-07-15,M,M,M,M,M,M,M,M,M,65,0.26,M,M,0.0,M,M,M,M,M,M,M,M,M,M
2021-07-16,M,M,M,M,M,M,M,M,M,70,0.00,M,M,0.0,M,M,M,M,M,M,M,M,M,M
2021-07-17,M,M,M,M,M,M,M,M,M,M,S,M,M,M,M,M,M,M,M,M,M,M,M,M
2021-07-18,M,M,M,M,M,M,M,M,M,M,M,M,M,M,M,M,M,M,M,M,M,M,M,M
2021-07-19,M,M,M,M,M,M,M,M,M,65,0.99A,M,M,0.0,M,M,M,M,M,M,M,M,M,M
2021-07-20,M,M,M,M,M,M,M,M,M,65,T,M,M,0.0,M,M,M,M,M,M,M,M,M,M
2021-07-21,M,M,M,M,M,M,M,M,M,62,0.35,M,M,0.0,M,M,M,M,M,M,M,M,M,M
2021-07-22,M,M,M,M,M,M,M,M,M,56,T,M,M,0.0,M,M,M,M,M,M,M,M,M,M
2021-07-23,M,M,M,M,M,M,M,M,M,61,0.00,M,M,0.0,M,M,M,M,M,M,M,M,M,M
2021-07-24,M,M,M,M,M,M,M,M,M,58,0.02,M,M,0.0,M,M,M,M,M,M,M,M,M,M
2021-07-25,M,M,M,M,M,M,M,M,M,64,0.24,M,M,0.0,M,M,M,M,M,M,M,M,M,M
2021-07-26,M,M,M,M,M,M,M,M,M,63,0.03,M,M,0.0,M,M,M,M,M,M,M,M,M,M
2021-07-27,M,M,M,M,M,M,M,M,M,60,0.00,M,M,0.0,M,M,M,M,M,M,M,M,M,M
2021-07-28,M,M,M,M,M,M,M,M,M,64,T,M,M,0.0,M,M,M,M,M,M,M,M,M,M
2021-07-29,M,M,M,M,M,M,M,M,M,57,0.00,M,M,0.0,M,M,M,M,M,M,M,M,M,M
2021-07-30,M,M,M,M,M,M,M,M,M,60,3.17,M,M,0.0,M,M,M,M,M,M,M,M,M,M
2021-07-31,M,M,M,M,M,M,M,M,M,49,0.15,M,M,0.0,M,M,M,M,M,M,M,M,M,M
2021-08-01,M,M,M,M,M,M,M,M,M,M,S,M,M,0.0,M,M,M,M,M,M,M,M,M,M
2021-08-02,M,M,M,M,M,M,M,M,M,58,0.52A,M,M,0.0,M,M,M,M,M,M,M,M,M,M
2021-08-03,M,M,M,M,M,M,M,M,M,52,0.00,M,M,0.0,M,M,M,M,M,M,M,M,M,M
2021-08-04,M,M,M,M,M,M,M,M,M,56,0.00,M,M,0.0,M,M,M,M,M,M,M,M,M,M
2021-08-05,M,M,M,M,M,M,M,M,M,60,0.00,M,M,0.0,M,M,M,M,M,M,M,M,M,M
2021-08-06,M,M,M,M,M,M,M,M,M,62,0.00,M,M,0.0,M,M,M,M,M,M,M,M,M,M
2021-08-07,M,M,M,M,M,M,M,M,M,63,0.03,M,M,0.0,M,M,M,M,M,M,M,M,M,M
2021-08-08,M,M,M,M,M,M,M,M,M,68,0.00,M,M,0.0,M,M,M,M,M,M,M,M,M,M
2021-08-09,M,M,M,M,M,M,M,M,M,66,0.00,M,M,0.0,M,M,M,M,M,M,M,M,M,M
2021-08-10,M,M,M,M,M,M,M,M,M,69,0.00,M,M,0.0,M,M,M,M,M,M,M,M,M,M
2021-08-11,M,M,M,M,M,M,M,M,M,74,0.13,M,M,0.0,M,M,M,M,M,M,M,M,M,M
2021-08-12,M,M,M,M,M,M,M,M,M,72,0.10,M,M,0.0,M,M,M,M,M,M,M,M,M,M
2021-08-13,M,M,M,M,M,M,M,M,M,69,0.02,M,M,0.0,M,M,M,M,M,M,M,M,M,M
2021-08-14,M,M,M,M,M,M,M,M,M,70,T,M,M,0.0,M,M,M,M,M,M,M,M,M,M
2021-08-15,M,M,M,M,M,M,M,M,M,55,T,M,M,0.0,M,M,M,M,M,M,M,M,M,M
2021-08-16,M,M,M,M,M,M,M,M,M,54,0.00,M,M,0.0,M,M,M,M,M,M,M,M,M,M
2021-08-17,M,M,M,M,M,M,M,M,M,62,0.00,M,M,0.0,M,M,M,M,M,M,M,M,M,M
2021-08-18,M,M,M,M,M,M,M,M,M,68,0.43,M,M,0.0,M,M,M,M,M,M,M,M,M,M
2021-08-19,M,M,M,M,M,M,M,M,M,71,0.50,M,M,0.0,M,M,M,M,M,M,M,M,M,M
2021-08-20,M,M,M,M,M,M,M,M,M,68,1.84,M,M,0.0,M,M,M,M,M,M,M,M,M,M
2021-08-21,M,M,M,M,M,M,M,M,M,70,T,M,M,0.0,M,M,M,M,M,M,M,M,M,M
2021-08-22,M,M,M,M,M,M,M,M,M,70,0.46,M,M,0.0,M,M,M,M,M,M,M,M,M,M
2021-08-23,M,M,M,M,M,M,M,M,M,70,0.13,M,M,0.0,M,M,M,M,M,M,M,M,M,M
2021-08-24,M,M,M,M,M,M,M,M,M,66,T,M,M,0.0,M,M,M,M,M,M,M,M,M,M
2021-08-25,M,M,M,M,M,M,M,M,M,65,0.00,M,M,0.0,M,M,M,M,M,M,M,M,M,M
2021-08-26,M,M,M,M,M,M,M,M,M,69,0.00,M,M,0.0,M,M,M,M,M,M,M,M,M,M
2021-08-27,M,M,M,M,M,M,M,M,M,70,0.00,M,M,0.0,M,M,M,M,M,M,M,M,M,M
2021-08-28,M,M,M,M,M,M,M,M,M,M,S,M,M,M,M,M,M,M,M,M,M,M,M,M
2021-08-29,M,M,M,M,M,M,M,M,M,64,0.50A,M,M,0.0,M,M,M,M,M,M,M,M,M,M
2021-08-30,M,M,M,M,M,M,M,M,M,68,0.10,M,M,0.0,M,M,M,M,M,M,M,M,M,M
2021-08-31,M,M,M,M,M,M,M,M,M,59,T,M,M,0.0,M,M,M,M,M,M,M,M,M,M
2021-09-01,M,M,M,M,M,M,M,M,M,58,0.00,M,M,0.0,M,M,M,M,M,M,M,M,M,M
2021-09-02,M,M,M,M,M,M,M,M,M,53,0.08,M,M,0.0,M,M,M,M,M,M,M,M,M,M
2021-09-03,M,M,M,M,M,M,M,M,M,52,0.00,M,M,0.0,M,M,M,M,M,M,M,M,M,M
2021-09-04,M,M,M,M,M,M,M,M,M,52,0.00,M,M,0.0,M,M,M,M,M,M,M,M,M,M
2021-09-05,M,M,M,M,M,M,M,M,M,58,T,M,M,0.0,M,M,M,M,M,M,M,M,M,M
2021-09-06,M,M,M,M,M,M,M,M,M,57,0.04,M,M,0.0,M,M,M,M,M,M,M,M,M,M
2021-09-07,M,M,M,M,M,M,M,M,M,53,0.03,M,M,0.0,M,M,M,M,M,M,M,M,M,M
2021-09-08,M,M,M,M,M,M,M,M,M,56,0.00,M,M,0.0,M,M,M,M,M,M,M,M,M,M
2021-09-09,M,M,M,M,M,M,M,M,M,64,0.47,M,M,0.0,M,M,M,M,M,M,M,M,M,M
2021-09-10,M,M,M,M,M,M,M,M,M,56,0.00,M,M,0.0,M,M,M,M,M,M,M,M,M,M
2021-09-11,M,M,M,M,M,M,M,M,M,M,S,M,M,M,M,M,M,M,M,M,M,M,M,M
2021-09-12,M,M,M,M,M,M,M,M,M,M,M,M,M,M,M,M,M,M,M,M,M,M,M,M
2021-09-13,M,M,M,M,M,M,M,M,M,M,M,M,M,M,M,M,M,M,M,M,M,M,M,M
2021-09-14,M,M,M,M,M,M,M,M,M,52,0.10A,M,M,0.0,M,M,M,M,M,M,M,M,M,M
2021-09-15,M,M,M,M,M,M,M,M,M,66,0.00,M,M,0.0,M,M,M,M,M,M,M,M,M,M
2021-09-16,M,M,M,M,M,M,M,M,M,60,0.92,M,M,0.0,M,M,M,M,M,M,M,M,M,M
2021-09-17,M,M,M,M,M,M,M,M,M,60,0.00,M,M,0.0,M,M,M,M,M,M,M,M,M,M
2021-09-18,M,M,M,M,M,M,M,M,M,65,0.00,M,M,0.0,M,M,M,M,M,M,M,M,M,M
2021-09-19,M,M,M,M,M,M,M,M,M,52,0.34,M,M,0.0,M,M,M,M,M,M,M,M,M,M
2021-09-20,M,M,M,M,M,M,M,M,M,48,0.00,M,M,0.0,M,M,M,M,M,M,M,M,M,M
2021-09-21,M,M,M,M,M,M,M,M,M,54,0.00,M,M,0.0,M,M,M,M,M,M,M,M,M,M
2021-09-22,M,M,M,M,M,M,M,M,M,62,0.00,M,M,0.0,M,M,M,M,M,M,M,M,M,M
2021-09-23,M,M,M,M,M,M,M,M,M,65,0.27,M,M,0.0,M,M,M,M,M,M,M,M,M,M
2021-09-24,M,M,M,M,M,M,M,M,M,59,2.31,M,M,0.0,M,M,M,M,M,M,M,M,M,M
2021-09-25,M,M,M,M,M,M,M,M,M,48,0.21,M,M,0.0,M,M,M,M,M,M,M,M,M,M
2021-09-26,M,M,M,M,M,M,M,M,M,54,0.00,M,M,0.0,M,M,M,M,M,M,M,M,M,M
2021-09-27,M,M,M,M,M,M,M,M,M,49,0.00,M,M,0.0,M,M,M,M,M,M,M,M,M,M
2021-09-28,M,M,M,M,M,M,M,M,M,49,0.32,M,M,0.0,M,M,M,M,M,M,M,M,M,M
2021-09-29,M,M,M,M,M,M,M,M,M,43,T,M,M,0.0,M,M,M,M,M,M,M,M,M,M
2021-09-30,M,M,M,M,M,M,M,M,M,48,0.02,M,M,0.0,M,M,M,M,M,M,M,M,M,M
2021-10-01,M,M,M,M,M,M,M,M,M,44,0.00,M,M,0.0,M,M,M,M,M,M,M,M,M,M
2021-10-02,M,M,M,M,M,M,M,M,M,48,0.00,M,M,0.0,M,M,M,M,M,M,M,M,M,M
2021-10-03,M,M,M,M,M,M,M,M,M,55,0.00,M,M,0.0,M,M,M,M,M,M,M,M,M,M
2021-10-04,M,M,M,M,M,M,M,M,M,58,0.38,M,M,0.0,M,M,M,M,M,M,M,M,M,M
2021-10-05,M,M,M,M,M,M,M,M,M,55,0.90,M,M,0.0,M,M,M,M,M,M,M,M,M,M
2021-10-06,M,M,M,M,M,M,M,M,M,58,0.07,M,M,0.0,M,M,M,M,M,M,M,M,M,M
2021-10-07,M,M,M,M,M,M,M,M,M,51,0.00,M,M,0.0,M,M,M,M,M,M,M,M,M,M
2021-10-08,M,M,M,M,M,M,M,M,M,55,0.00,M,M,0.0,M,M,M,M,M,M,M,M,M,M
2021-10-09,M,M,M,M,M,M,M,M,M,55,0.00,M,M,0.0,M,M,M,M,M,M,M,M,M,M
2021-10-10,M,M,M,M,M,M,M,M,M,54,0.00,M,M,0.0,M,M,M,M,M,M,M,M,M,M
2021-10-11,M,M,M,M,M,M,M,M,M,55,0.00,M,M,0.0,M,M,M,M,M,M,M,M,M,M
2021-10-12,M,M,M,M,M,M,M,M,M,52,0.00,M,M,0.0,M,M,M,M,M,M,M,M,M,M
2021-10-13,M,M,M,M,M,M,M,M,M,51,0.00,M,M,0.0,M,M,M,M,M,M,M,M,M,M
2021-10-14,M,M,M,M,M,M,M,M,M,55,0.00,M,M,0.0,M,M,M,M,M,M,M,M,M,M
2021-10-15,M,M,M,M,M,M,M,M,M,58,0.00,M,M,0.0,M,M,M,M,M,M,M,M,M,M
2021-10-16,M,M,M,M,M,M,M,M,M,64,0.55,M,M,0.0,M,M,M,M,M,M,M,M,M,M
2021-10-17,M,M,M,M,M,M,M,M,M,46,1.44,M,M,0.0,M,M,M,M,M,M,M,M,M,M
2021-10-18,M,M,M,M,M,M,M,M,M,39,0.04,M,M,0.0,M,M,M,M,M,M,M,M,M,M
2021-10-19,M,M,M,M,M,M,M,M,M,45,0.00,M,M,0.0,M,M,M,M,M,M,M,M,M,M
2021-10-20,M,M,M,M,M,M,M,M,M,54,0.00,M,M,0.0,M,M,M,M,M,M,M,M,M,M
2021-10-21,M,M,M,M,M,M,M,M,M,51,0.00,M,M,0.0,M,M,M,M,M,M,M,M,M,M
2021-10-22,M,M,M,M,M,M,M,M,M,54,0.36,M,M,0.0,M,M,M,M,M,M,M,M,M,M
2021-10-23,M,M,M,M,M,M,M,M,M,40,T,M,M,0.0,M,M,M,M,M,M,M,M,M,M
2021-10-24,M,M,M,M,M,M,M,M,M,32,0.00,M,M,0.0,M,M,M,M,M,M,M,M,M,M
2021-10-25,M,M,M,M,M,M,M,M,M,46,0.35,M,M,0.0,M,M,M,M,M,M,M,M,M,M
2021-10-26,M,M,M,M,M,M,M,M,M,48,0.61,M,M,0.0,M,M,M,M,M,M,M,M,M,M
2021-10-27,M,M,M,M,M,M,M,M,M,50,1.25,M,M,0.0,M,M,M,M,M,M,M,M,M,M
2021-10-28,M,M,M,M,M,M,M,M,M,37,0.00,M,M,0.0,M,M,M,M,M,M,M,M,M,M
2021-10-29,M,M,M,M,M,M,M,M,M,33,0.00,M,M,0.0,M,M,M,M,M,M,M,M,M,M
2021-10-30,M,M,M,M,M,M,M,M,M,42,0.15,M,M,0.0,M,M,M,M,M,M,M,M,M,M
2021-10-31,M,M,M,M,M,M,M,M,M,51,0.90,M,M,0.0,M,M,M,M,M,M,M,M,M,M
2021-11-01,M,M,M,M,M,M,M,M,M,49,0.19,M,M,0.0,M,M,M,M,M,M,M,M,M,M
2021-11-02,M,M,M,M,M,M,M,M,M,38,0.00,M,M,0.0,M,M,M,M,M,M,M,M,M,M
2021-11-03,M,M,M,M,M,M,M,M,M,28,0.00,M,M,0.0,M,M,M,M,M,M,M,M,M,M
2021-11-04,M,M,M,M,M,M,M,M,M,M,S,M,M,M,M,M,M,M,M,M,M,M,M,M
2021-11-05,M,M,M,M,M,M,M,M,M,M,M,M,M,M,M,M,M,M,M,M,M,M,M,M
2021-11-06,M,M,M,M,M,M,M,M,M,M,M,M,M,M,M,M,M,M,M,M,M,M,M,M
2021-11-07,M,M,M,M,M,M,M,M,M,27,0.03A,M,M,0.0,M,M,M,M,M,M,M,M,M,M
2021-11-08,M,M,M,M,M,M,M,M,M,30,0.00,M,M,0.0,M,M,M,M,M,M,M,M,M,M
2021-11-09,M,M,M,M,M,M,M,M,M,33,0.00,M,M,0.0,M,M,M,M,M,M,M,M,M,M
2021-11-10,M,M,M,M,M,M,M,M,M,46,0.11,M,M,0.0,M,M,M,M,M,M,M,M,M,M
2021-11-11,M,M,M,M,M,M,M,M,M,30,0.01,M,M,0.0,M,M,M,M,M,M,M,M,M,M
2021-11-12,M,M,M,M,M,M,M,M,M,47,0.15,M,M,0.0,M,M,M,M,M,M,M,M,M,M
2021-11-13,M,M,M,M,M,M,M,M,M,37,1.31,M,M,0.0,M,M,M,M,M,M,M,M,M,M
2021-11-14,M,M,M,M,M,M,M,M,M,36,0.55,M,M,0.0,M,M,M,M,M,M,M,M,M,M
2021-11-15,M,M,M,M,M,M,M,M,M,38,0.36,M,M,0.0,M,M,M,M,M,M,M,M,M,M
2021-11-16,M,M,M,M,M,M,M,M,M,30,T,M,M,0.0,M,M,M,M,M,M,M,M,M,M
2021-11-17,M,M,M,M,M,M,M,M,M,28,T,M,M,T,M,M,M,M,M,M,M,M,M,M
2021-11-18,M,M,M,M,M,M,M,M,M,44,T,M,M,T,M,M,M,M,M,M,M,M,M,M
2021-11-19,M,M,M,M,M,M,M,M,M,36,0.07,M,M,0.0,M,M,M,M,M,M,M,M,M,M
2021-11-20,M,M,M,M,M,M,M,M,M,24,T,M,M,T,M,M,M,M,M,M,M,M,M,M
2021-11-21,M,M,M,M,M,M,M,M,M,34,0.00,M,M,0.0,M,M,M,M,M,M,M,M,M,M
2021-11-22,M,M,M,M,M,M,M,M,M,42,0.23,M,M,0.0,M,M,M,M,M,M,M,M,M,M
2021-11-23,M,M,M,M,M,M,M,M,M,27,T,M,M,T,M,M,M,M,M,M,M,M,M,M
2021-11-24,M,M,M,M,M,M,M,M,M,18,0.00,M,M,0.0,M,M,M,M,M,M,M,M,M,M
2021-11-25,M,M,M,M,M,M,M,M,M,25,0.00,M,M,0.0,M,M,M,M,M,M,M,M,M,M
2021-11-26,M,M,M,M,M,M,M,M,M,33,T,M,M,0.0,M,M,M,M,M,M,M,M,M,M
2021-11-27,M,M,M,M,M,M,M,M,M,27,0.33,M,M,T,M,M,M,M,M,M,M,M,M,M
2021-11-28,M,M,M,M,M,M,M,M,M,21,0.00,M,M,0.0,M,M,M,M,M,M,M,M,M,M
2021-11-29,M,M,M,M,M,M,M,M,M,28,0.02,M,M,0.5,M,M,M,M,M,M,M,M,M,M
2021-11-30,M,M,M,M,M,M,M,M,M,17,T,M,M,T,M,M,M,M,M,M,M,M,M,M
2021-12-01,M,M,M,M,M,M,M,M,M,31,T,M,M,T,M,M,M,M,M,M,M,M,M,M
2021-12-02,M,M,M,M,M,M,M,M,M,32,0.32,M,M,2.0,M,M,M,M,M,M,M,M,M,M
2021-12-03,M,M,M,M,M,M,M,M,M,31,0.22,M,M,T,M,M,M,M,M,M,M,M,M,M
2021-12-04,M,M,M,M,M,M,M,M,M,M,S,M,M,M,M,M,M,M,M,M,M,M,M,M
2021-12-05,M,M,M,M,M,M,M,M,M,28,0.00A,M,M,T,M,M,M,M,M,M,M,M,M,M
2021-12-06,M,M,M,M,M,M,M,M,M,39,0.00,M,M,0.0,M,M,M,M,M,M,M,M,M,M
2021-12-07,M,M,M,M,M,M,M,M,M,32,0.43,M,M,T,M,M,M,M,M,M,M,M,M,M
2021-12-08,M,M,M,M,M,M,M,M,M,26,0.00,M,M,0.0,M,M,M,M,M,M,M,M,M,M
2021-12-09,M,M,M,M,M,M,M,M,M,19,0.13,M,M,2.0,M,M,M,M,M,M,M,M,M,M
2021-12-10,M,M,M,M,M,M,M,M,M,26,T,M,M,T,M,M,M,M,M,M,M,M,M,M
2021-12-11,M,M,M,M,M,M,M,M,M,32,S,M,M,T,M,M,M,M,M,M,M,M,M,M
2021-12-12,M,M,M,M,M,M,M,M,M,M,M,M,M,M,M,M,M,M,M,M,M,M,M,M
2021-12-13,M,M,M,M,M,M,M,M,M,29,1.05A,M,M,0.0,M,M,M,M,M,M,M,M,M,M
2021-12-14,M,M,M,M,M,M,M,M,M,29,0.00,M,M,0.0,M,M,M,M,M,M,M,M,M,M
2021-12-15,M,M,M,M,M,M,M,M,M,25,0.00,M,M,0.0,M,M,M,M,M,M,M,M,M,M
2021-12-16,M,M,M,M,M,M,M,M,M,39,0.07,M,M,T,M,M,M,M,M,M,M,M,M,M
2021-12-17,M,M,M,M,M,M,M,M,M,44,0.00,M,M,0.0,M,M,M,M,M,M,M,M,M,M
2021-12-18,M,M,M,M,M,M,M,M,M,31,0.00,M,M,0.0,M,M,M,M,M,M,M,M,M,M
2021-12-19,M,M,M,M,M,M,M,M,M,29,0.52,M,M,3.0,M,M,M,M,M,M,M,M,M,M
2021-12-20,M,M,M,M,M,M,M,M,M,10,0.00,M,M,0.0,M,M,M,M,M,M,M,M,M,M
2021-12-21,M,M,M,M,M,M,M,M,M,24,0.00,M,M,0.0,M,M,M,M,M,M,M,M,M,M
2021-12-22,M,M,M,M,M,M,M,M,M,30,0.00,M,M,0.0,M,M,M,M,M,M,M,M,M,M
2021-12-23,M,M,M,M,M,M,M,M,M,18,0.00,M,M,0.0,M,M,M,M,M,M,M,M,M,M
2021-12-24,M,M,M,M,M,M,M,M,M,18,T,M,M,0.2,M,M,M,M,M,M,M,M,M,M
2021-12-25,M,M,M,M,M,M,M,M,M,30,0.05,M,M,T,M,M,M,M,M,M,M,M,M,M
2021-12-26,M,M,M,M,M,M,M,M,M,31,0.62,M,M,0.0,M,M,M,M,M,M,M,M,M,M
2021-12-27,M,M,M,M,M,M,M,M,M,23,0.00,M,M,0.0,M,M,M,M,M,M,M,M,M,M
2021-12-28,M,M,M,M,M,M,M,M,M,29,T,M,M,T,M,M,M,M,M,M,M,M,M,M
2021-12-29,M,M,M,M,M,M,M,M,M,31,0.00,M,M,0.0,M,M,M,M,M,M,M,M,M,M
2021-12-30,M,M,M,M,M,M,M,M,M,32,0.09,M,M,0.0,M,M,M,M,M,M,M,M,M,M
2021-12-31,M,M,M,M,M,M,M,M,M,34,0.03,M,M,0.0,M,M,M,M,M,M,M,M,M,M
2022-01-01,M,M,M,M,M,M,M,M,M,34,0.10,M,M,0.0,M,M,M,M,M,M,M,M,M,M
2022-01-02,M,M,M,M,M,M,M,M,M,36,0.38,M,M,0.0,M,M,M,M,M,M,M,M,M,M
2022-01-03,M,M,M,M,M,M,M,M,M,18,T,M,M,T,M,M,M,M,M,M,M,M,M,M
2022-01-04,M,M,M,M,M,M,M,M,M,7,0.00,M,M,0.0,M,M,M,M,M,M,M,M,M,M
2022-01-05,M,M,M,M,M,M,M,M,M,16,0.00,M,M,0.0,M,M,M,M,M,M,M,M,M,M
2022-01-06,M,M,M,M,M,M,M,M,M,29,T,M,M,T,M,M,M,M,M,M,M,M,M,M
2022-01-07,M,M,M,M,M,M,M,M,M,25,T,M,M,T,M,M,M,M,M,M,M,M,M,M
2022-01-08,M,M,M,M,M,M,M,M,M,8,T,M,M,T,M,M,M,M,M,M,M,M,M,M
2022-01-09,M,M,M,M,M,M,M,M,M,22,0.00,M,M,0.0,M,M,M,M,M,M,M,M,M,M
2022-01-10,M,M,M,M,M,M,M,M,M,19,0.28,M,M,0.4,M,M,M,M,M,M,M,M,M,M
2022-01-11,M,M,M,M,M,M,M,M,M,2,0.00,M,M,0.0,M,M,M,M,M,M,M,M,M,M
2022-01-12,M,M,M,M,M,M,M,M,M,7,0.00,M,M,0.0,M,M,M,M,M,M,M,M,M,M
2022-01-13,M,M,M,M,M,M,M,M,M,26,0.00,M,M,0.0,M,M,M,M,M,M,M,M,M,M
2022-01-14,M,M,M,M,M,M,M,M,M,30,0.00,M,M,0.0,M,M,M,M,M,M,M,M,M,M
2022-01-15,M,M,M,M,M,M,M,M,M,-3,T,M,M,T,M,M,M,M,M,M,M,M,M,M
2022-01-16,M,M,M,M,M,M,M,M,M,-8,0.00,M,M,0.0,M,M,M,M,M,M,M,M,M,M
2022-01-17,M,M,M,M,M,M,M,M,M,28,0.57,M,M,5.0,M,M,M,M,M,M,M,M,M,M
2022-01-18,M,M,M,M,M,M,M,M,M,18,0.22,M,M,2.0,M,M,M,M,M,M,M,M,M,M
2022-01-19,M,M,M,M,M,M,M,M,M,7,0.00,M,M,0.0,M,M,M,M,M,M,M,M,M,M
2022-01-20,M,M,M,M,M,M,M,M,M,27,0.00,M,M,0.0,M,M,M,M,M,M,M,M,M,M
2022-01-21,M,M,M,M,M,M,M,M,M,-5,0.00,M,M,0.0,M,M,M,M,M,M,M,M,M,M
2022-01-22,M,M,M,M,M,M,M,M,M,-11,0.00,M,M,0.0,M,M,M,M,M,M,M,M,M,M
2022-01-23,M,M,M,M,M,M,M,M,M,6,0.00,M,M,0.0,M,M,M,M,M,M,M,M,M,M
2022-01-24,M,M,M,M,M,M,M,M,M,6,0.00,M,M,0.0,M,M,M,M,M,M,M,M,M,M
2022-01-25,M,M,M,M,M,M,M,M,M,17,T,M,M,0.5,M,M,M,M,M,M,M,M,M,M
2022-01-26,M,M,M,M,M,M,M,M,M,3,T,M,M,T,M,M,M,M,M,M,M,M,M,M
2022-01-27,M,M,M,M,M,M,M,M,M,-11,0.00,M,M,0.0,M,M,M,M,M,M,M,M,M,M
2022-01-28,M,M,M,M,M,M,M,M,M,19,0.00,M,M,0.0,M,M,M,M,M,M,M,M,M,M
2022-01-29,M,M,M,M,M,M,M,M,M,7,T,M,M,T,M,M,M,M,M,M,M,M,M,M
2022-01-30,M,M,M,M,M,M,M,M,M,-0,0.00,M,M,0.0,M,M,M,M,M,M,M,M,M,M
2022-01-31,M,M,M,M,M,M,M,M,M,-0,0.00,M,M,0.0,M,M,M,M,M,M,M,M,M,M
2022-02-01,M,M,M,M,M,M,M,M,M,5,0.00,M,M,0.0,M,M,M,M,M,M,M,M,M,M
2022-02-02,M,M,M,M,M,M,M,M,M,17,0.00,M,M,0.0,M,M,M,M,M,M,M,M,M,M
2022-02-03,M,M,M,M,M,M,M,M,M,34,T,M,M,0.0,M,M,M,M,M,M,M,M,M,M
2022-02-04,M,M,M,M,M,M,M,M,M,20,1.66,M,M,5.1,M,M,M,M,M,M,M,M,M,M
2022-02-05,M,M,M,M,M,M,M,M,M,12,1.12,M,M,2.3,M,M,M,M,M,M,M,M,M,M
2022-02-06,M,M,M,M,M,M,M,M,M,-0,0.00,M,M,0.0,M,M,M,M,M,M,M,M,M,M
2022-02-07,M,M,M,M,M,M,M,M,M,9,0.00,M,M,0.0,M,M,M,M,M,M,M,M,M,M
2022-02-08,M,M,M,M,M,M,M,M,M,27,0.00,M,M,0.0,M,M,M,M,M,M,M,M,M,M
2022-02-09,M,M,M,M,M,M,M,M,M,24,T,M,M,T,M,M,M,M,M,M,M,M,M,M
2022-02-10,M,M,M,M,M,M,M,M,M,31,0.05,M,M,0.5,M,M,M,M,M,M,M,M,M,M
2022-02-11,M,M,M,M,M,M,M,M,M,31,T,M,M,T,M,M,M,M,M,M,M,M,M,M
2022-02-12,M,M,M,M,M,M,M,M,M,34,T,M,M,0.0,M,M,M,M,M,M,M,M,M,M
2022-02-13,M,M,M,M,M,M,M,M,M,24,0.00,M,M,0.0,M,M,M,M,M,M,M,M,M,M
2022-02-14,M,M,M,M,M,M,M,M,M,10,0.00,M,M,0.0,M,M,M,M,M,M,M,M,M,M
2022-02-15,M,M,M,M,M,M,M,M,M,-2,0.00,M,M,0.0,M,M,M,M,M,M,M,M,M,M
2022-02-16,M,M,M,M,M,M,M,M,M,4,0.00,M,M,0.0,M,M,M,M,M,M,M,M,M,M
2022-02-17,M,M,M,M,M,M,M,M,M,33,0.05,M,M,0.0,M,M,M,M,M,M,M,M,M,M
2022-02-18,M,M,M,M,M,M,M,M,M,M,S,M,M,M,M,M,M,M,M,M,M,M,M,M
2022-02-19,M,M,M,M,M,M,M,M,M,M,M,M,M,M,M,M,M,M,M,M,M,M,M,M
2022-02-20,M,M,M,M,M,M,M,M,M,M,M,M,M,M,M,M,M,M,M,M,M,M,M,M
2022-02-21,M,M,M,M,M,M,M,M,M,M,M,M,M,M,M,M,M,M,M,M,M,M,M,M
2022-02-22,M,M,M,M,M,M,M,M,M,M,M,M,M,M,M,M,M,M,M,M,M,M,M,M
2022-02-23,M,M,M,M,M,M,M,M,M,M,M,M,M,M,M,M,M,M,M,M,M,M,M,M
2022-02-24,M,M,M,M,M,M,M,M,M,M,M,M,M,M,M,M,M,M,M,M,M,M,M,M
2022-02-25,M,M,M,M,M,M,M,M,M,M,M,M,M,M,M,M,M,M,M,M,M,M,M,M
2022-02-26,M,M,M,M,M,M,M,M,M,M,M,M,M,M,M,M,M,M,M,M,M,M,M,M
2022-02-27,M,M,M,M,M,M,M,M,M,M,M,M,M,M,M,M,M,M,M,M,M,M,M,M
2022-02-28,M,M,M,M,M,M,M,M,M,M,M,M,M,M,M,M,M,M,M,M,M,M,M,M
2022-03-01,M,M,M,M,M,M,M,M,M,11,2.63A,M,M,12.0,M,M,M,M,M,M,M,M,M,M
2022-03-02,M,M,M,M,M,M,M,M,M,27,0.03,M,M,0.7,M,M,M,M,M,M,M,M,M,M
2022-03-03,M,M,M,M,M,M,M,M,M,24,S,M,M,M,M,M,M,M,M,M,M,M,M,M
2022-03-04,M,M,M,M,M,M,M,M,M,-0,0.00A,M,M,0.0,M,M,M,M,M,M,M,M,M,M
2022-03-05,M,M,M,M,M,M,M,M,M,8,0.00,M,M,0.0,M,M,M,M,M,M,M,M,M,M
2022-03-06,M,M,M,M,M,M,M,M,M,32,0.00,M,M,0.0,M,M,M,M,M,M,M,M,M,M
2022-03-07,M,M,M,M,M,M,M,M,M,37,0.16,M,M,0.0,M,M,M,M,M,M,M,M,M,M
2022-03-08,M,M,M,M,M,M,M,M,M,32,0.78,M,M,0.0,M,M,M,M,M,M,M,M,M,M
2022-03-09,M,M,M,M,M,M,M,M,M,25,0.00,M,M,0.0,M,M,M,M,M,M,M,M,M,M
2022-03-10,M,M,M,M,M,M,M,M,M,20,0.22,M,M,3.8,M,M,M,M,M,M,M,M,M,M
2022-03-11,M,M,M,M,M,M,M,M,M,22,0.00,M,M,0.0,M,M,M,M,M,M,M,M,M,M
2022-03-12,M,M,M,M,M,M,M,M,M,35,T,M,M,0.0,M,M,M,M,M,M,M,M,M,M
2022-03-13,M,M,M,M,M,M,M,M,M,15,0.62,M,M,8.2,M,M,M,M,M,M,M,M,M,M
2022-03-14,M,M,M,M,M,M,M,M,M,25,0.00,M,M,0.0,M,M,M,M,M,M,M,M,M,M
2022-03-15,M,M,M,M,M,M,M,M,M,31,0.00,M,M,0.0,M,M,M,M,M,M,M,M,M,M
2022-03-16,M,M,M,M,M,M,M,M,M,34,0.02,M,M,0.0,M,M,M,M,M,M,M,M,M,M
2022-03-17,M,M,M,M,M,M,M,M,M,31,0.00,M,M,0.0,M,M,M,M,M,M,M,M,M,M
2022-03-18,M,M,M,M,M,M,M,M,M,39,T,M,M,0.0,M,M,M,M,M,M,M,M,M,M
2022-03-19,M,M,M,M,M,M,M,M,M,41,0.13,M,M,0.0,M,M,M,M,M,M,M,M,M,M
2022-03-20,M,M,M,M,M,M,M,M,M,45,0.40,M,M,0.0,M,M,M,M,M,M,M,M,M,M
2022-03-21,M,M,M,M,M,M,M,M,M,30,0.02,M,M,0.0,M,M,M,M,M,M,M,M,M,M
2022-03-22,M,M,M,M,M,M,M,M,M,29,0.00,M,M,0.0,M,M,M,M,M,M,M,M,M,M
2022-03-23,M,M,M,M,M,M,M,M,M,25,0.00,M,M,0.0,M,M,M,M,M,M,M,M,M,M
2022-03-24,M,M,M,M,M,M,M,M,M,35,0.42,M,M,0.0,M,M,M,M,M,M,M,M,M,M
2022-03-25,M,M,M,M,M,M,M,M,M,39,0.64,M,M,0.0,M,M,M,M,M,M,M,M,M,M
2022-03-26,M,M,M,M,M,M,M,M,M,34,0.02,M,M,0.0,M,M,M,M,M,M,M,M,M,M
2022-03-27,M,M,M,M,M,M,M,M,M,35,0.04,M,M,0.0,M,M,M,M,M,M,M,M,M,M
2022-03-28,M,M,M,M,M,M,M,M,M,18,T,M,M,T,M,M,M,M,M,M,M,M,M,M
2022-03-29,M,M,M,M,M,M,M,M,M,15,0.00,M,M,0.0,M,M,M,M,M,M,M,M,M,M
2022-03-30,M,M,M,M,M,M,M,M,M,M,S,M,M,M,M,M,M,M,M,M,M,M,M,M
2022-03-31,M,M,M,M,M,M,M,M,M,34,0.02A,M,M,0.0,M,M,M,M,M,M,M,M,M,M
2022-04-01,M,M,M,M,M,M,M,M,M,44,1.13,M,M,0.0,M,M,M,M,M,M,M,M,M,M
2022-04-02,M,M,M,M,M,M,M,M,M,32,T,M,M,T,M,M,M,M,M,M,M,M,M,M
2022-04-03,M,M,M,M,M,M,M,M,M,31,0.00,M,M,0.0,M,M,M,M,M,M,M,M,M,M
2022-04-04,M,M,M,M,M,M,M,M,M,32,0.08,M,M,0.0,M,M,M,M,M,M,M,M,M,M
2022-04-05,M,M,M,M,M,M,M,M,M,30,0.00,M,M,0.0,M,M,M,M,M,M,M,M,M,M
2022-04-06,M,M,M,M,M,M,M,M,M,37,0.00,M,M,0.0,M,M,M,M,M,M,M,M,M,M
2022-04-07,M,M,M,M,M,M,M,M,M,44,0.05,M,M,0.0,M,M,M,M,M,M,M,M,M,M
2022-04-08,M,M,M,M,M,M,M,M,M,42,3.02,M,M,0.0,M,M,M,M,M,M,M,M,M,M
2022-04-09,M,M,M,M,M,M,M,M,M,37,0.08,M,M,0.0,M,M,M,M,M,M,M,M,M,M
2022-04-10,M,M,M,M,M,M,M,M,M,33,0.28,M,M,0.0,M,M,M,M,M,M,M,M,M,M
2022-04-11,M,M,M,M,M,M,M,M,M,30,0.00,M,M,0.0,M,M,M,M,M,M,M,M,M,M
2022-04-12,M,M,M,M,M,M,M,M,M,48,0.02,M,M,0.0,M,M,M,M,M,M,M,M,M,M
2022-04-13,M,M,M,M,M,M,M,M,M,41,0.00,M,M,0.0,M,M,M,M,M,M,M,M,M,M
2022-04-14,M,M,M,M,M,M,M,M,M,50,0.07,M,M,0.0,M,M,M,M,M,M,M,M,M,M
2022-04-15,M,M,M,M,M,M,M,M,M,33,0.03,M,M,0.0,M,M,M,M,M,M,M,M,M,M
2022-04-16,M,M,M,M,M,M,M,M,M,45,0.00,M,M,0.0,M,M,M,M,M,M,M,M,M,M
2022-04-17,M,M,M,M,M,M,M,M,M,32,0.28,M,M,T,M,M,M,M,M,M,M,M,M,M
2022-04-18,M,M,M,M,M,M,M,M,M,28,T,M,M,T,M,M,M,M,M,M,M,M,M,M
2022-04-19,M,M,M,M,M,M,M,M,M,M,S,M,M,M,M,M,M,M,M,M,M,M,M,M
2022-04-20,M,M,M,M,M,M,M,M,M,35,1.65A,M,M,5.7,M,M,M,M,M,M,M,M,M,M
2022-04-21,M,M,M,M,M,M,M,M,M,28,0.00,M,M,0.0,M,M,M,M,M,M,M,M,M,M
2022-04-22,M,M,M,M,M,M,M,M,M,39,0.11,M,M,0.0,M,M,M,M,M,M,M,M,M,M
2022-04-23,M,M,M,M,M,M,M,M,M,31,0.00,M,M,0.0,M,M,M,M,M,M,M,M,M,M
2022-04-24,M,M,M,M,M,M,M,M,M,M,S,M,M,M,M,M,M,M,M,M,M,M,M,M
2022-04-25,M,M,M,M,M,M,M,M,M,42,0.03A,M,M,0.0,M,M,M,M,M,M,M,M,M,M
2022-04-26,M,M,M,M,M,M,M,M,M,51,0.00,M,M,0.0,M,M,M,M,M,M,M,M,M,M
2022-04-27,M,M,M,M,M,M,M,M,M,41,0.23,M,M,0.0,M,M,M,M,M,M,M,M,M,M
2022-04-28,M,M,M,M,M,M,M,M,M,36,0.00,M,M,0.0,M,M,M,M,M,M,M,M,M,M
2022-04-29,M,M,M,M,M,M,M,M,M,32,0.00,M,M,0.0,M,M,M,M,M,M,M,M,M,M
2022-04-30,M,M,M,M,M,M,M,M,M,31,0.00,M,M,0.0,M,M,M,M,M,M,M,M,M,M
2022-05-01,M,M,M,M,M,M,M,M,M,34,0.00,M,M,0.0,M,M,M,M,M,M,M,M,M,M
2022-05-02,M,M,M,M,M,M,M,M,M,43,0.00,M,M,0.0,M,M,M,M,M,M,M,M,M,M
2022-05-03,M,M,M,M,M,M,M,M,M,48,0.06,M,M,0.0,M,M,M,M,M,M,M,M,M,M
2022-05-04,M,M,M,M,M,M,M,M,M,50,0.07,M,M,0.0,M,M,M,M,M,M,M,M,M,M
2022-05-05,M,M,M,M,M,M,M,M,M,45,0.28,M,M,0.0,M,M,M,M,M,M,M,M,M,M
2022-05-06,M,M,M,M,M,M,M,M,M,44,0.00,M,M,0.0,M,M,M,M,M,M,M,M,M,M
2022-05-07,M,M,M,M,M,M,M,M,M,42,0.00,M,M,0.0,M,M,M,M,M,M,M,M,M,M
2022-05-08,M,M,M,M,M,M,M,M,M,34,0.00,M,M,0.0,M,M,M,M,M,M,M,M,M,M
2022-05-09,M,M,M,M,M,M,M,M,M,35,0.00,M,M,0.0,M,M,M,M,M,M,M,M,M,M
2022-05-10,M,M,M,M,M,M,M,M,M,37,0.00,M,M,0.0,M,M,M,M,M,M,M,M,M,M
2022-05-11,M,M,M,M,M,M,M,M,M,41,0.00,M,M,0.0,M,M,M,M,M,M,M,M,M,M
2022-05-12,M,M,M,M,M,M,M,M,M,44,0.00,M,M,0.0,M,M,M,M,M,M,M,M,M,M
2022-05-13,M,M,M,M,M,M,M,M,M,57,0.00,M,M,0.0,M,M,M,M,M,M,M,M,M,M
2022-05-14,M,M,M,M,M,M,M,M,M,60,0.00,M,M,0.0,M,M,M,M,M,M,M,M,M,M
2022-05-15,M,M,M,M,M,M,M,M,M,64,0.05,M,M,0.0,M,M,M,M,M,M,M,M,M,M
2022-05-16,M,M,M,M,M,M,M,M,M,62,0.71,M,M,0.0,M,M,M,M,M,M,M,M,M,M
2022-05-17,M,M,M,M,M,M,M,M,M,54,0.30,M,M,0.0,M,M,M,M,M,M,M,M,M,M
2022-05-18,M,M,M,M,M,M,M,M,M,45,0.00,M,M,0.0,M,M,M,M,M,M,M,M,M,M
2022-05-19,M,M,M,M,M,M,M,M,M,50,0.03,M,M,0.0,M,M,M,M,M,M,M,M,M,M
2022-05-20,M,M,M,M,M,M,M,M,M,47,0.27,M,M,0.0,M,M,M,M,M,M,M,M,M,M
2022-05-21,M,M,M,M,M,M,M,M,M,64,0.00,M,M,0.0,M,M,M,M,M,M,M,M,M,M
2022-05-22,M,M,M,M,M,M,M,M,M,66,0.00,M,M,0.0,M,M,M,M,M,M,M,M,M,M
2022-05-23,M,M,M,M,M,M,M,M,M,54,0.05,M,M,0.0,M,M,M,M,M,M,M,M,M,M
2022-05-24,M,M,M,M,M,M,M,M,M,49,0.00,M,M,0.0,M,M,M,M,M,M,M,M,M,M
2022-05-25,M,M,M,M,M,M,M,M,M,50,0.00,M,M,0.0,M,M,M,M,M,M,M,M,M,M
2022-05-26,M,M,M,M,M,M,M,M,M,57,0.00,M,M,0.0,M,M,M,M,M,M,M,M,M,M
2022-05-27,M,M,M,M,M,M,M,M,M,63,0.00,M,M,0.0,M,M,M,M,M,M,M,M,M,M
2022-05-28,M,M,M,M,M,M,M,M,M,61,0.00,M,M,0.0,M,M,M,M,M,M,M,M,M,M
2022-05-29,M,M,M,M,M,M,M,M,M,53,0.05,M,M,0.0,M,M,M,M,M,M,M,M,M,M
2022-05-30,M,M,M,M,M,M,M,M,M,54,0.00,M,M,0.0,M,M,M,M,M,M,M,M,M,M
2022-05-31,M,M,M,M,M,M,M,M,M,65,0.00,M,M,0.0,M,M,M,M,M,M,M,M,M,M
2022-06-01,M,M,M,M,M,M,M,M,M,62,0.00,M,M,0.0,M,M,M,M,M,M,M,M,M,M
2022-06-02,M,M,M,M,M,M,M,M,M,62,0.14,M,M,0.0,M,M,M,M,M,M,M,M,M,M
2022-06-03,M,M,M,M,M,M,M,M,M,59,0.00,M,M,0.0,M,M,M,M,M,M,M,M,M,M
2022-06-04,M,M,M,M,M,M,M,M,M,51,0.00,M,M,0.0,M,M,M,M,M,M,M,M,M,M
2022-06-05,M,M,M,M,M,M,M,M,M,45,0.00,M,M,0.0,M,M,M,M,M,M,M,M,M,M
2022-06-06,M,M,M,M,M,M,M,M,M,52,0.00,M,M,0.0,M,M,M,M,M,M,M,M,M,M
2022-06-07,M,M,M,M,M,M,M,M,M,M,S,M,M,M,M,M,M,M,M,M,M,M,M,M
2022-06-08,M,M,M,M,M,M,M,M,M,61,0.68A,M,M,0.0,M,M,M,M,M,M,M,M,M,M
2022-06-09,M,M,M,M,M,M,M,M,M,58,0.10,M,M,0.0,M,M,M,M,M,M,M,M,M,M
2022-06-10,M,M,M,M,M,M,M,M,M,52,1.18,M,M,0.0,M,M,M,M,M,M,M,M,M,M
2022-06-11,M,M,M,M,M,M,M,M,M,50,0.00,M,M,0.0,M,M,M,M,M,M,M,M,M,M
2022-06-12,M,M,M,M,M,M,M,M,M,52,0.00,M,M,0.0,M,M,M,M,M,M,M,M,M,M
2022-06-13,M,M,M,M,M,M,M,M,M,63,0.42,M,M,0.0,M,M,M,M,M,M,M,M,M,M
2022-06-14,M,M,M,M,M,M,M,M,M,54,0.00,M,M,0.0,M,M,M,M,M,M,M,M,M,M
2022-06-15,M,M,M,M,M,M,M,M,M,58,0.00,M,M,0.0,M,M,M,M,M,M,M,M,M,M
2022-06-16,M,M,M,M,M,M,M,M,M,64,0.02,M,M,0.0,M,M,M,M,M,M,M,M,M,M
2022-06-17,M,M,M,M,M,M,M,M,M,65,0.04,M,M,0.0,M,M,M,M,M,M,M,M,M,M
2022-06-18,M,M,M,M,M,M,M,M,M,58,0.00,M,M,0.0,M,M,M,M,M,M,M,M,M,M
2022-06-19,M,M,M,M,M,M,M,M,M,50,0.00,M,M,0.0,M,M,M,M,M,M,M,M,M,M
2022-06-20,M,M,M,M,M,M,M,M,M,49,0.00,M,M,0.0,M,M,M,M,M,M,M,M,M,M
2022-06-21,M,M,M,M,M,M,M,M,M,52,0.00,M,M,0.0,M,M,M,M,M,M,M,M,M,M
2022-06-22,M,M,M,M,M,M,M,M,M,59,0.10,M,M,0.0,M,M,M,M,M,M,M,M,M,M
2022-06-23,M,M,M,M,M,M,M,M,M,60,0.00,M,M,0.0,M,M,M,M,M,M,M,M,M,M
2022-06-24,M,M,M,M,M,M,M,M,M,59,0.23,M,M,0.0,M,M,M,M,M,M,M,M,M,M
2022-06-25,M,M,M,M,M,M,M,M,M,59,0.00,M,M,0.0,M,M,M,M,M,M,M,M,M,M
2022-06-26,M,M,M,M,M,M,M,M,M,61,0.00,M,M,0.0,M,M,M,M,M,M,M,M,M,M
2022-06-27,M,M,M,M,M,M,M,M,M,68,1.10,M,M,0.0,M,M,M,M,M,M,M,M,M,M
2022-06-28,M,M,M,M,M,M,M,M,M,57,0.08,M,M,0.0,M,M,M,M,M,M,M,M,M,M
2022-06-29,M,M,M,M,M,M,M,M,M,53,0.00,M,M,0.0,M,M,M,M,M,M,M,M,M,M
2022-06-30,M,M,M,M,M,M,M,M,M,54,0.00,M,M,0.0,M,M,M,M,M,M,M,M,M,M
2022-07-01,M,M,M,M,M,M,M,M,M,59,0.00,M,M,0.0,M,M,M,M,M,M,M,M,M,M
2022-07-02,M,M,M,M,M,M,M,M,M,67,0.39,M,M,0.0,M,M,M,M,M,M,M,M,M,M
2022-07-03,M,M,M,M,M,M,M,M,M,58,0.00,M,M,0.0,M,M,M,M,M,M,M,M,M,M
2022-07-04,M,M,M,M,M,M,M,M,M,M,S,M,M,M,M,M,M,M,M,M,M,M,M,M
2022-07-05,M,M,M,M,M,M,M,M,M,63,0.00A,M,M,0.0,M,M,M,M,M,M,M,M,M,M
2022-07-06,M,M,M,M,M,M,M,M,M,64,0.91,M,M,0.0,M,M,M,M,M,M,M,M,M,M
2022-07-07,M,M,M,M,M,M,M,M,M,59,0.00,M,M,0.0,M,M,M,M,M,M,M,M,M,M
2022-07-08,M,M,M,M,M,M,M,M,M,59,0.00,M,M,0.0,M,M,M,M,M,M,M,M,M,M
2022-07-09,M,M,M,M,M,M,M,M,M,57,0.00,M,M,0.0,M,M,M,M,M,M,M,M,M,M
2022-07-10,M,M,M,M,M,M,M,M,M,53,0.00,M,M,0.0,M,M,M,M,M,M,M,M,M,M
2022-07-11,M,M,M,M,M,M,M,M,M,51,0.00,M,M,0.0,M,M,M,M,M,M,M,M,M,M
2022-07-12,M,M,M,M,M,M,M,M,M,67,0.00,M,M,0.0,M,M,M,M,M,M,M,M,M,M
2022-07-13,M,M,M,M,M,M,M,M,M,61,0.53,M,M,0.0,M,M,M,M,M,M,M,M,M,M
2022-07-14,M,M,M,M,M,M,M,M,M,63,0.00,M,M,0.0,M,M,M,M,M,M,M,M,M,M
2022-07-15,M,M,M,M,M,M,M,M,M,55,0.10,M,M,0.0,M,M,M,M,M,M,M,M,M,M
2022-07-16,M,M,M,M,M,M,M,M,M,58,0.00,M,M,0.0,M,M,M,M,M,M,M,M,M,M
2022-07-17,M,M,M,M,M,M,M,M,M,68,0.00,M,M,0.0,M,M,M,M,M,M,M,M,M,M
2022-07-18,M,M,M,M,M,M,M,M,M,65,0.00,M,M,0.0,M,M,M,M,M,M,M,M,M,M
2022-07-19,M,M,M,M,M,M,M,M,M,68,1.40,M,M,0.0,M,M,M,M,M,M,M,M,M,M
2022-07-20,M,M,M,M,M,M,M,M,M,70,0.00,M,M,0.0,M,M,M,M,M,M,M,M,M,M
2022-07-21,M,M,M,M,M,M,M,M,M,70,0.00,M,M,0.0,M,M,M,M,M,M,M,M,M,M
2022-07-22,M,M,M,M,M,M,M,M,M,M,S,M,M,M,M,M,M,M,M,M,M,M,M,M
2022-07-23,M,M,M,M,M,M,M,M,M,M,M,M,M,M,M,M,M,M,M,M,M,M,M,M
2022-07-24,M,M,M,M,M,M,M,M,M,M,M,M,M,M,M,M,M,M,M,M,M,M,M,M
2022-07-25,M,M,M,M,M,M,M,M,M,M,M,M,M,M,M,M,M,M,M,M,M,M,M,M
2022-07-26,M,M,M,M,M,M,M,M,M,M,M,M,M,M,M,M,M,M,M,M,M,M,M,M
2022-07-27,M,M,M,M,M,M,M,M,M,M,M,M,M,M,M,M,M,M,M,M,M,M,M,M
2022-07-28,M,M,M,M,M,M,M,M,M,M,M,M,M,M,M,M,M,M,M,M,M,M,M,M
2022-07-29,M,M,M,M,M,M,M,M,M,M,M,M,M,M,M,M,M,M,M,M,M,M,M,M
2022-07-30,M,M,M,M,M,M,M,M,M,M,M,M,M,M,M,M,M,M,M,M,M,M,M,M
2022-07-31,M,M,M,M,M,M,M,M,M,M,M,M,M,M,M,M,M,M,M,M,M,M,M,M
2022-08-01,M,M,M,M,M,M,M,M,M,M,M,M,M,M,M,M,M,M,M,M,M,M,M,M
2022-08-02,M,M,M,M,M,M,M,M,M,M,M,M,M,M,M,M,M,M,M,M,M,M,M,M
2022-08-03,M,M,M,M,M,M,M,M,M,M,M,M,M,M,M,M,M,M,M,M,M,M,M,M
2022-08-04,M,M,M,M,M,M,M,M,M,63,2.05A,M,M,0.0,M,M,M,M,M,M,M,M,M,M
2022-08-05,M,M,M,M,M,M,M,M,M,71,0.02,M,M,0.0,M,M,M,M,M,M,M,M,M,M
2022-08-06,M,M,M,M,M,M,M,M,M,68,0.18,M,M,0.0,M,M,M,M,M,M,M,M,M,M
2022-08-07,M,M,M,M,M,M,M,M,M,70,0.00,M,M,0.0,M,M,M,M,M,M,M,M,M,M
2022-08-08,M,M,M,M,M,M,M,M,M,72,0.00,M,M,0.0,M,M,M,M,M,M,M,M,M,M
2022-08-09,M,M,M,M,M,M,M,M,M,74,0.10,M,M,0.0,M,M,M,M,M,M,M,M,M,M
2022-08-10,M,M,M,M,M,M,M,M,M,66,0.02,M,M,0.0,M,M,M,M,M,M,M,M,M,M
2022-08-11,M,M,M,M,M,M,M,M,M,61,0.00,M,M,0.0,M,M,M,M,M,M,M,M,M,M
2022-08-12,M,M,M,M,M,M,M,M,M,57,0.08,M,M,0.0,M,M,M,M,M,M,M,M,M,M
2022-08-13,M,M,M,M,M,M,M,M,M,55,0.00,M,M,0.0,M,M,M,M,M,M,M,M,M,M
2022-08-14,M,M,M,M,M,M,M,M,M,53,0.00,M,M,0.0,M,M,M,M,M,M,M,M,M,M
2022-08-15,M,M,M,M,M,M,M,M,M,56,0.00,M,M,0.0,M,M,M,M,M,M,M,M,M,M
2022-08-16,M,M,M,M,M,M,M,M,M,64,0.00,M,M,0.0,M,M,M,M,M,M,M,M,M,M
2022-08-17,M,M,M,M,M,M,M,M,M,64,0.00,M,M,0.0,M,M,M,M,M,M,M,M,M,M
2022-08-18,M,M,M,M,M,M,M,M,M,62,0.21,M,M,0.0,M,M,M,M,M,M,M,M,M,M
2022-08-19,M,M,M,M,M,M,M,M,M,62,0.00,M,M,0.0,M,M,M,M,M,M,M,M,M,M
2022-08-20,M,M,M,M,M,M,M,M,M,60,T,M,M,0.0,M,M,M,M,M,M,M,M,M,M
2022-08-21,M,M,M,M,M,M,M,M,M,64,0.00,M,M,0.0,M,M,M,M,M,M,M,M,M,M
2022-08-22,M,M,M,M,M,M,M,M,M,68,0.02,M,M,0.0,M,M,M,M,M,M,M,M,M,M
2022-08-23,M,M,M,M,M,M,M,M,M,68,0.15,M,M,0.0,M,M,M,M,M,M,M,M,M,M
2022-08-24,M,M,M,M,M,M,M,M,M,65,2.20,M,M,0.0,M,M,M,M,M,M,M,M,M,M
2022-08-25,M,M,M,M,M,M,M,M,M,61,0.00,M,M,0.0,M,M,M,M,M,M,M,M,M,M
2022-08-26,M,M,M,M,M,M,M,M,M,64,0.05,M,M,0.0,M,M,M,M,M,M,M,M,M,M
2022-08-27,M,M,M,M,M,M,M,M,M,65,0.62,M,M,0.0,M,M,M,M,M,M,M,M,M,M
2022-08-28,M,M,M,M,M,M,M,M,M,57,0.00,M,M,0.0,M,M,M,M,M,M,M,M,M,M
2022-08-29,M,M,M,M,M,M,M,M,M,68,0.00,M,M,0.0,M,M,M,M,M,M,M,M,M,M
2022-08-30,M,M,M,M,M,M,M,M,M,71,0.00,M,M,0.0,M,M,M,M,M,M,M,M,M,M
2022-08-31,M,M,M,M,M,M,M,M,M,65,2.88,M,M,0.0,M,M,M,M,M,M,M,M,M,M
2022-09-01,M,M,M,M,M,M,M,M,M,59,0.10,M,M,0.0,M,M,M,M,M,M,M,M,M,M
2022-09-02,M,M,M,M,M,M,M,M,M,49,0.00,M,M,0.0,M,M,M,M,M,M,M,M,M,M
2022-09-03,M,M,M,M,M,M,M,M,M,51,0.00,M,M,0.0,M,M,M,M,M,M,M,M,M,M
2022-09-04,M,M,M,M,M,M,M,M,M,58,0.00,M,M,0.0,M,M,M,M,M,M,M,M,M,M
2022-09-05,M,M,M,M,M,M,M,M,M,60,0.02,M,M,0.0,M,M,M,M,M,M,M,M,M,M
2022-09-06,M,M,M,M,M,M,M,M,M,62,1.60,M,M,0.0,M,M,M,M,M,M,M,M,M,M
2022-09-07,M,M,M,M,M,M,M,M,M,62,0.13,M,M,0.0,M,M,M,M,M,M,M,M,M,M
2022-09-08,M,M,M,M,M,M,M,M,M,M,S,M,M,M,M,M,M,M,M,M,M,M,M,M
2022-09-09,M,M,M,M,M,M,M,M,M,55,0.00A,M,M,0.0,M,M,M,M,M,M,M,M,M,M
2022-09-10,M,M,M,M,M,M,M,M,M,55,0.00,M,M,0.0,M,M,M,M,M,M,M,M,M,M
2022-09-11,M,M,M,M,M,M,M,M,M,61,0.00,M,M,0.0,M,M,M,M,M,M,M,M,M,M
2022-09-12,M,M,M,M,M,M,M,M,M,64,0.00,M,M,0.0,M,M,M,M,M,M,M,M,M,M
2022-09-13,M,M,M,M,M,M,M,M,M,65,0.28,M,M,0.0,M,M,M,M,M,M,M,M,M,M
2022-09-14,M,M,M,M,M,M,M,M,M,58,0.47,M,M,0.0,M,M,M,M,M,M,M,M,M,M
2022-09-15,M,M,M,M,M,M,M,M,M,53,0.00,M,M,0.0,M,M,M,M,M,M,M,M,M,M
2022-09-16,M,M,M,M,M,M,M,M,M,44,0.00,M,M,0.0,M,M,M,M,M,M,M,M,M,M
2022-09-17,M,M,M,M,M,M,M,M,M,46,0.00,M,M,0.0,M,M,M,M,M,M,M,M,M,M
2022-09-18,M,M,M,M,M,M,M,M,M,M,S,M,M,M,M,M,M,M,M,M,M,M,M,M
2022-09-19,M,M,M,M,M,M,M,M,M,61,0.08A,M,M,0.0,M,M,M,M,M,M,M,M,M,M
2022-09-20,M,M,M,M,M,M,M,M,M,60,0.90,M,M,0.0,M,M,M,M,M,M,M,M,M,M
2022-09-21,M,M,M,M,M,M,M,M,M,57,0.02,M,M,0.0,M,M,M,M,M,M,M,M,M,M
2022-09-22,M,M,M,M,M,M,M,M,M,62,0.02,M,M,0.0,M,M,M,M,M,M,M,M,M,M
2022-09-23,M,M,M,M,M,M,M,M,M,47,0.30,M,M,0.0,M,M,M,M,M,M,M,M,M,M
2022-09-24,M,M,M,M,M,M,M,M,M,38,0.00,M,M,0.0,M,M,M,M,M,M,M,M,M,M
2022-09-25,M,M,M,M,M,M,M,M,M,47,0.00,M,M,0.0,M,M,M,M,M,M,M,M,M,M
2022-09-26,M,M,M,M,M,M,M,M,M,50,0.21,M,M,0.0,M,M,M,M,M,M,M,M,M,M
2022-09-27,M,M,M,M,M,M,M,M,M,44,0.12,M,M,0.0,M,M,M,M,M,M,M,M,M,M
2022-09-28,M,M,M,M,M,M,M,M,M,M,M,M,M,M,M,M,M,M,M,M,M,M,M,M
2022-09-29,M,M,M,M,M,M,M,M,M,47,0.11,M,M,0.0,M,M,M,M,M,M,M,M,M,M
2022-09-30,M,M,M,M,M,M,M,M,M,38,0.00,M,M,0.0,M,M,M,M,M,M,M,M,M,M
2022-10-01,M,M,M,M,M,M,M,M,M,44,0.00,M,M,0.0,M,M,M,M,M,M,M,M,M,M
2022-10-02,M,M,M,M,M,M,M,M,M,45,0.00,M,M,0.0,M,M,M,M,M,M,M,M,M,M
2022-10-03,M,M,M,M,M,M,M,M,M,38,0.00,M,M,0.0,M,M,M,M,M,M,M,M,M,M
2022-10-04,M,M,M,M,M,M,M,M,M,44,0.00,M,M,0.0,M,M,M,M,M,M,M,M,M,M
2022-10-05,M,M,M,M,M,M,M,M,M,49,0.02,M,M,0.0,M,M,M,M,M,M,M,M,M,M
2022-10-06,M,M,M,M,M,M,M,M,M,44,0.00,M,M,0.0,M,M,M,M,M,M,M,M,M,M
2022-10-07,M,M,M,M,M,M,M,M,M,54,0.10,M,M,0.0,M,M,M,M,M,M,M,M,M,M
2022-10-08,M,M,M,M,M,M,M,M,M,40,0.02,M,M,0.0,M,M,M,M,M,M,M,M,M,M
2022-10-09,M,M,M,M,M,M,M,M,M,36,0.00,M,M,0.0,M,M,M,M,M,M,M,M,M,M
2022-10-10,M,M,M,M,M,M,M,M,M,43,T,M,M,0.0,M,M,M,M,M,M,M,M,M,M
2022-10-11,M,M,M,M,M,M,M,M,M,40,0.19,M,M,0.0,M,M,M,M,M,M,M,M,M,M
2022-10-12,M,M,M,M,M,M,M,M,M,40,0.00,M,M,0.0,M,M,M,M,M,M,M,M,M,M
2022-10-13,M,M,M,M,M,M,M,M,M,48,0.00,M,M,0.0,M,M,M,M,M,M,M,M,M,M
2022-10-14,M,M,M,M,M,M,M,M,M,49,1.83,M,M,0.0,M,M,M,M,M,M,M,M,M,M
2022-10-15,M,M,M,M,M,M,M,M,M,M,S,M,M,M,M,M,M,M,M,M,M,M,M,M
2022-10-16,M,M,M,M,M,M,M,M,M,M,M,M,M,M,M,M,M,M,M,M,M,M,M,M
2022-10-17,M,M,M,M,M,M,M,M,M,M,M,M,M,M,M,M,M,M,M,M,M,M,M,M
2022-10-18,M,M,M,M,M,M,M,M,M,45,0.44A,M,M,0.0,M,M,M,M,M,M,M,M,M,M
2022-10-19,M,M,M,M,M,M,M,M,M,32,0.00,M,M,0.0,M,M,M,M,M,M,M,M,M,M
2022-10-20,M,M,M,M,M,M,M,M,M,35,0.00,M,M,0.0,M,M,M,M,M,M,M,M,M,M
2022-10-21,M,M,M,M,M,M,M,M,M,32,0.00,M,M,0.0,M,M,M,M,M,M,M,M,M,M
2022-10-22,M,M,M,M,M,M,M,M,M,32,0.00,M,M,0.0,M,M,M,M,M,M,M,M,M,M
2022-10-23,M,M,M,M,M,M,M,M,M,38,0.00,M,M,0.0,M,M,M,M,M,M,M,M,M,M
2022-10-24,M,M,M,M,M,M,M,M,M,50,T,M,M,0.0,M,M,M,M,M,M,M,M,M,M
2022-10-25,M,M,M,M,M,M,M,M,M,57,0.35,M,M,0.0,M,M,M,M,M,M,M,M,M,M
2022-10-26,M,M,M,M,M,M,M,M,M,59,0.10,M,M,0.0,M,M,M,M,M,M,M,M,M,M
2022-10-27,M,M,M,M,M,M,M,M,M,55,0.04,M,M,0.0,M,M,M,M,M,M,M,M,M,M
2022-10-28,M,M,M,M,M,M,M,M,M,33,0.00,M,M,0.0,M,M,M,M,M,M,M,M,M,M
2022-10-29,M,M,M,M,M,M,M,M,M,29,0.00,M,M,0.0,M,M,M,M,M,M,M,M,M,M
2022-10-30,M,M,M,M,M,M,M,M,M,31,0.00,M,M,0.0,M,M,M,M,M,M,M,M,M,M
2022-10-31,M,M,M,M,M,M,M,M,M,33,0.00,M,M,0.0,M,M,M,M,M,M,M,M,M,M
2022-11-01,M,M,M,M,M,M,M,M,M,50,T,M,M,0.0,M,M,M,M,M,M,M,M,M,M
2022-11-02,M,M,M,M,M,M,M,M,M,45,0.00,M,M,0.0,M,M,M,M,M,M,M,M,M,M
2022-11-03,M,M,M,M,M,M,M,M,M,38,0.00,M,M,0.0,M,M,M,M,M,M,M,M,M,M
2022-11-04,M,M,M,M,M,M,M,M,M,37,0.00,M,M,0.0,M,M,M,M,M,M,M,M,M,M
2022-11-05,M,M,M,M,M,M,M,M,M,47,0.00,M,M,0.0,M,M,M,M,M,M,M,M,M,M
2022-11-06,M,M,M,M,M,M,M,M,M,62,T,M,M,0.0,M,M,M,M,M,M,M,M,M,M
2022-11-07,M,M,M,M,M,M,M,M,M,57,0.15,M,M,0.0,M,M,M,M,M,M,M,M,M,M
2022-11-08,M,M,M,M,M,M,M,M,M,41,0.00,M,M,0.0,M,M,M,M,M,M,M,M,M,M
2022-11-09,M,M,M,M,M,M,M,M,M,26,0.00,M,M,0.0,M,M,M,M,M,M,M,M,M,M
2022-11-10,M,M,M,M,M,M,M,M,M,30,0.00,M,M,0.0,M,M,M,M,M,M,M,M,M,M
2022-11-11,M,M,M,M,M,M,M,M,M,40,0.00,M,M,0.0,M,M,M,M,M,M,M,M,M,M
2022-11-12,M,M,M,M,M,M,M,M,M,62,1.28,M,M,0.0,M,M,M,M,M,M,M,M,M,M
2022-11-13,M,M,M,M,M,M,M,M,M,45,0.03,M,M,0.0,M,M,M,M,M,M,M,M,M,M
2022-11-14,M,M,M,M,M,M,M,M,M,33,0.00,M,M,0.0,M,M,M,M,M,M,M,M,M,M
2022-11-15,M,M,M,M,M,M,M,M,M,22,0.00,M,M,0.0,M,M,M,M,M,M,M,M,M,M
2022-11-16,M,M,M,M,M,M,M,M,M,M,S,M,M,M,M,M,M,M,M,M,M,M,M,M
2022-11-17,M,M,M,M,M,M,M,M,M,32,0.82A,M,M,T,M,M,M,M,M,M,M,M,M,M
2022-11-18,M,M,M,M,M,M,M,M,M,27,T,M,M,T,M,M,M,M,M,M,M,M,M,M
2022-11-19,M,M,M,M,M,M,M,M,M,25,0.00,M,M,0.0,M,M,M,M,M,M,M,M,M,M
2022-11-20,M,M,M,M,M,M,M,M,M,26,T,M,M,T,M,M,M,M,M,M,M,M,M,M
2022-11-21,M,M,M,M,M,M,M,M,M,21,T,M,M,T,M,M,M,M,M,M,M,M,M,M
2022-11-22,M,M,M,M,M,M,M,M,M,34,0.00,M,M,0.0,M,M,M,M,M,M,M,M,M,M
2022-11-23,M,M,M,M,M,M,M,M,M,28,0.00,M,M,0.0,M,M,M,M,M,M,M,M,M,M
2022-11-24,M,M,M,M,M,M,M,M,M,27,0.00,M,M,0.0,M,M,M,M,M,M,M,M,M,M
2022-11-25,M,M,M,M,M,M,M,M,M,32,0.02,M,M,0.0,M,M,M,M,M,M,M,M,M,M
2022-11-26,M,M,M,M,M,M,M,M,M,37,0.05,M,M,0.0,M,M,M,M,M,M,M,M,M,M
2022-11-27,M,M,M,M,M,M,M,M,M,30,0.00,M,M,0.0,M,M,M,M,M,M,M,M,M,M
2022-11-28,M,M,M,M,M,M,M,M,M,45,1.22,M,M,0.0,M,M,M,M,M,M,M,M,M,M
2022-11-29,M,M,M,M,M,M,M,M,M,31,0.00,M,M,0.0,M,M,M,M,M,M,M,M,M,M
2022-11-30,M,M,M,M,M,M,M,M,M,32,0.00,M,M,0.0,M,M,M,M,M,M,M,M,M,M
2022-12-01,M,M,M,M,M,M,M,M,M,32,1.03,M,M,0.0,M,M,M,M,M,M,M,M,M,M
2022-12-02,M,M,M,M,M,M,M,M,M,33,0.00,M,M,0.0,M,M,M,M,M,M,M,M,M,M
2022-12-03,M,M,M,M,M,M,M,M,M,35,0.00,M,M,0.0,M,M,M,M,M,M,M,M,M,M
2022-12-04,M,M,M,M,M,M,M,M,M,M,M,M,M,M,M,M,M,M,M,M,M,M,M,M
2022-12-05,M,M,M,M,M,M,M,M,M,21,0.00,M,M,0.0,M,M,M,M,M,M,M,M,M,M
2022-12-06,M,M,M,M,M,M,M,M,M,31,0.00,M,M,0.0,M,M,M,M,M,M,M,M,M,M
2022-12-07,M,M,M,M,M,M,M,M,M,48,1.87,M,M,0.0,M,M,M,M,M,M,M,M,M,M
2022-12-08,M,M,M,M,M,M,M,M,M,41,0.22,M,M,0.0,M,M,M,M,M,M,M,M,M,M
2022-12-09,M,M,M,M,M,M,M,M,M,30,T,M,M,0.0,M,M,M,M,M,M,M,M,M,M
2022-12-10,M,M,M,M,M,M,M,M,M,21,0.00,M,M,0.0,M,M,M,M,M,M,M,M,M,M
2022-12-11,M,M,M,M,M,M,M,M,M,M,S,M,M,M,M,M,M,M,M,M,M,M,M,M
2022-12-12,M,M,M,M,M,M,M,M,M,M,M,M,M,M,M,M,M,M,M,M,M,M,M,M
2022-12-13,M,M,M,M,M,M,M,M,M,11,0.24A,M,M,3.0,M,M,M,M,M,M,M,M,M,M
2022-12-14,M,M,M,M,M,M,M,M,M,18,0.00,M,M,0.0,M,M,M,M,M,M,M,M,M,M
2022-12-15,M,M,M,M,M,M,M,M,M,21,0.00,M,M,0.0,M,M,M,M,M,M,M,M,M,M
2022-12-16,M,M,M,M,M,M,M,M,M,M,S,M,M,M,M,M,M,M,M,M,M,M,M,M
2022-12-17,M,M,M,M,M,M,M,M,M,33,1.35A,M,M,4.5,M,M,M,M,M,M,M,M,M,M
2022-12-18,M,M,M,M,M,M,M,M,M,30,T,M,M,T,M,M,M,M,M,M,M,M,M,M
2022-12-19,M,M,M,M,M,M,M,M,M,25,0.00,M,M,0.0,M,M,M,M,M,M,M,M,M,M
2022-12-20,M,M,M,M,M,M,M,M,M,25,0.00,M,M,0.0,M,M,M,M,M,M,M,M,M,M
2022-12-21,M,M,M,M,M,M,M,M,M,17,0.00,M,M,0.0,M,M,M,M,M,M,M,M,M,M
2022-12-22,M,M,M,M,M,M,M,M,M,20,0.00,M,M,0.0,M,M,M,M,M,M,M,M,M,M
2022-12-23,M,M,M,M,M,M,M,M,M,37,1.22,M,M,1.5,M,M,M,M,M,M,M,M,M,M
2022-12-24,M,M,M,M,M,M,M,M,M,7,0.80,M,M,T,M,M,M,M,M,M,M,M,M,M
2022-12-25,M,M,M,M,M,M,M,M,M,12,0.00,M,M,0.0,M,M,M,M,M,M,M,M,M,M
2022-12-26,M,M,M,M,M,M,M,M,M,18,0.00,M,M,0.0,M,M,M,M,M,M,M,M,M,M
2022-12-27,M,M,M,M,M,M,M,M,M,22,0.00,M,M,0.0,M,M,M,M,M,M,M,M,M,M
2022-12-28,M,M,M,M,M,M,M,M,M,24,0.00,M,M,0.0,M,M,M,M,M,M,M,M,M,M
2022-12-29,M,M,M,M,M,M,M,M,M,20,0.00,M,M,0.0,M,M,M,M,M,M,M,M,M,M
2022-12-30,M,M,M,M,M,M,M,M,M,34,0.00,M,M,0.0,M,M,M,M,M,M,M,M,M,M
2022-12-31,M,M,M,M,M,M,M,M,M,32,0.00,M,M,0.0,M,M,M,M,M,M,M,M,M,M
2023-01-01,M,M,M,M,M,M,M,M,M,42,0.02,M,M,0.0,M,M,M,M,M,M,M,M,M,M
2023-01-02,M,M,M,M,M,M,M,M,M,33,0.00,M,M,0.0,M,M,M,M,M,M,M,M,M,M
2023-01-03,M,M,M,M,M,M,M,M,M,29,0.00,M,M,0.0,M,M,M,M,M,M,M,M,M,M
2023-01-04,M,M,M,M,M,M,M,M,M,36,0.36,M,M,0.0,M,M,M,M,M,M,M,M,M,M
2023-01-05,M,M,M,M,M,M,M,M,M,37,0.43,M,M,0.0,M,M,M,M,M,M,M,M,M,M
2023-01-06,M,M,M,M,M,M,M,M,M,37,0.03,M,M,0.0,M,M,M,M,M,M,M,M,M,M
2023-01-07,M,M,M,M,M,M,M,M,M,M,S,M,M,M,M,M,M,M,M,M,M,M,M,M
2023-01-08,M,M,M,M,M,M,M,M,M,20,0.00A,M,M,0.0,M,M,M,M,M,M,M,M,M,M
2023-01-09,M,M,M,M,M,M,M,M,M,20,0.00,M,M,0.0,M,M,M,M,M,M,M,M,M,M
2023-01-10,M,M,M,M,M,M,M,M,M,33,0.00,M,M,0.0,M,M,M,M,M,M,M,M,M,M
2023-01-11,M,M,M,M,M,M,M,M,M,20,0.00,M,M,0.0,M,M,M,M,M,M,M,M,M,M
2023-01-12,M,M,M,M,M,M,M,M,M,29,0.00,M,M,0.0,M,M,M,M,M,M,M,M,M,M
2023-01-13,M,M,M,M,M,M,M,M,M,35,1.65,M,M,0.5,M,M,M,M,M,M,M,M,M,M
2023-01-14,M,M,M,M,M,M,M,M,M,M,S,M,M,M,M,M,M,M,M,M,M,M,M,M
2023-01-15,M,M,M,M,M,M,M,M,M,M,M,M,M,M,M,M,M,M,M,M,M,M,M,M
2023-01-16,M,M,M,M,M,M,M,M,M,19,0.55A,M,M,0.3,M,M,M,M,M,M,M,M,M,M
2023-01-17,M,M,M,M,M,M,M,M,M,18,0.00,M,M,0.0,M,M,M,M,M,M,M,M,M,M
2023-01-18,M,M,M,M,M,M,M,M,M,31,0.03,M,M,T,M,M,M,M,M,M,M,M,M,M
2023-01-19,M,M,M,M,M,M,M,M,M,29,0.00,M,M,0.0,M,M,M,M,M,M,M,M,M,M
2023-01-20,M,M,M,M,M,M,M,M,M,33,0.47,M,M,0.5,M,M,M,M,M,M,M,M,M,M
2023-01-21,M,M,M,M,M,M,M,M,M,31,0.14,M,M,1.0,M,M,M,M,M,M,M,M,M,M
2023-01-22,M,M,M,M,M,M,M,M,M,30,0.00,M,M,0.0,M,M,M,M,M,M,M,M,M,M
2023-01-23,M,M,M,M,M,M,M,M,M,30,0.37,M,M,5.0,M,M,M,M,M,M,M,M,M,M
2023-01-24,M,M,M,M,M,M,M,M,M,31,0.33,M,M,2.0,M,M,M,M,M,M,M,M,M,M
2023-01-25,M,M,M,M,M,M,M,M,M,28,T,M,M,T,M,M,M,M,M,M,M,M,M,M
2023-01-26,M,M,M,M,M,M,M,M,M,32,0.65,M,M,2.0,M,M,M,M,M,M,M,M,M,M
2023-01-27,M,M,M,M,M,M,M,M,M,23,T,M,M,T,M,M,M,M,M,M,M,M,M,M
2023-01-28,M,M,M,M,M,M,M,M,M,27,0.00,M,M,0.0,M,M,M,M,M,M,M,M,M,M
2023-01-29,M,M,M,M,M,M,M,M,M,25,0.00,M,M,0.0,M,M,M,M,M,M,M,M,M,M
2023-01-30,M,M,M,M,M,M,M,M,M,29,0.05,M,M,T,M,M,M,M,M,M,M,M,M,M
2023-01-31,M,M,M,M,M,M,M,M,M,26,0.09,M,M,2.0,M,M,M,M,M,M,M,M,M,M
2023-02-01,M,M,M,M,M,M,M,M,M,10,0.00,M,M,0.0,M,M,M,M,M,M,M,M,M,M
2023-02-02,M,M,M,M,M,M,M,M,M,17,0.00,M,M,0.0,M,M,M,M,M,M,M,M,M,M
2023-02-03,M,M,M,M,M,M,M,M,M,10,0.00,M,M,0.0,M,M,M,M,M,M,M,M,M,M
2023-02-04,M,M,M,M,M,M,M,M,M,-14,0.00,M,M,0.0,M,M,M,M,M,M,M,M,M,M
2023-02-05,M,M,M,M,M,M,M,M,M,13,0.00,M,M,0.0,M,M,M,M,M,M,M,M,M,M
2023-02-06,M,M,M,M,M,M,M,M,M,28,0.00,M,M,0.0,M,M,M,M,M,M,M,M,M,M
2023-02-07,M,M,M,M,M,M,M,M,M,9,0.00,M,M,0.0,M,M,M,M,M,M,M,M,M,M
2023-02-08,M,M,M,M,M,M,M,M,M,31,0.02,M,M,T,M,M,M,M,M,M,M,M,M,M
2023-02-09,M,M,M,M,M,M,M,M,M,24,0.00,M,M,0.0,M,M,M,M,M,M,M,M,M,M
2023-02-10,M,M,M,M,M,M,M,M,M,36,0.46,M,M,T,M,M,M,M,M,M,M,M,M,M
2023-02-11,M,M,M,M,M,M,M,M,M,32,0.00,M,M,0.0,M,M,M,M,M,M,M,M,M,M
2023-02-12,M,M,M,M,M,M,M,M,M,21,0.00,M,M,0.0,M,M,M,M,M,M,M,M,M,M
2023-02-13,M,M,M,M,M,M,M,M,M,28,0.00,M,M,0.0,M,M,M,M,M,M,M,M,M,M
2023-02-14,M,M,M,M,M,M,M,M,M,38,0.00,M,M,0.0,M,M,M,M,M,M,M,M,M,M
2023-02-15,M,M,M,M,M,M,M,M,M,31,0.00,M,M,0.0,M,M,M,M,M,M,M,M,M,M
2023-02-16,M,M,M,M,M,M,M,M,M,43,0.00,M,M,0.0,M,M,M,M,M,M,M,M,M,M
2023-02-17,M,M,M,M,M,M,M,M,M,39,0.00,M,M,0.0,M,M,M,M,M,M,M,M,M,M
2023-02-18,M,M,M,M,M,M,M,M,M,17,0.05,M,M,0.0,M,M,M,M,M,M,M,M,M,M
2023-02-19,M,M,M,M,M,M,M,M,M,24,0.00,M,M,0.0,M,M,M,M,M,M,M,M,M,M
2023-02-20,M,M,M,M,M,M,M,M,M,30,0.00,M,M,0.0,M,M,M,M,M,M,M,M,M,M
2023-02-21,M,M,M,M,M,M,M,M,M,28,0.00,M,M,0.0,M,M,M,M,M,M,M,M,M,M
2023-02-22,M,M,M,M,M,M,M,M,M,32,T,M,M,T,M,M,M,M,M,M,M,M,M,M
2023-02-23,M,M,M,M,M,M,M,M,M,26,0.70,M,M,3.0,M,M,M,M,M,M,M,M,M,M
2023-02-24,M,M,M,M,M,M,M,M,M,33,0.30,M,M,T,M,M,M,M,M,M,M,M,M,M
2023-02-25,M,M,M,M,M,M,M,M,M,8,0.00,M,M,0.0,M,M,M,M,M,M,M,M,M,M
2023-02-26,M,M,M,M,M,M,M,M,M,18,0.05,M,M,0.7,M,M,M,M,M,M,M,M,M,M
2023-02-27,M,M,M,M,M,M,M,M,M,24,T,M,M,T,M,M,M,M,M,M,M,M,M,M
2023-02-28,M,M,M,M,M,M,M,M,M,M,S,M,M,M,M,M,M,M,M,M,M,M,M,M
2023-03-01,M,M,M,M,M,M,M,M,M,21,0.33A,M,M,4.0,M,M,M,M,M,M,M,M,M,M
2023-03-02,M,M,M,M,M,M,M,M,M,33,0.14,M,M,0.7,M,M,M,M,M,M,M,M,M,M
2023-03-03,M,M,M,M,M,M,M,M,M,28,0.00,M,M,0.0,M,M,M,M,M,M,M,M,M,M
2023-03-04,M,M,M,M,M,M,M,M,M,M,S,M,M,M,M,M,M,M,M,M,M,M,M,M
2023-03-05,M,M,M,M,M,M,M,M,M,32,1.90A,M,M,12.0,M,M,M,M,M,M,M,M,M,M
2023-03-06,M,M,M,M,M,M,M,M,M,29,0.00,M,M,0.0,M,M,M,M,M,M,M,M,M,M
2023-03-07,M,M,M,M,M,M,M,M,M,29,0.00,M,M,0.0,M,M,M,M,M,M,M,M,M,M
2023-03-08,M,M,M,M,M,M,M,M,M,27,0.00,M,M,0.0,M,M,M,M,M,M,M,M,M,M
2023-03-09,M,M,M,M,M,M,M,M,M,32,0.00,M,M,0.0,M,M,M,M,M,M,M,M,M,M
2023-03-10,M,M,M,M,M,M,M,M,M,24,0.00,M,M,0.0,M,M,M,M,M,M,M,M,M,M
2023-03-11,M,M,M,M,M,M,M,M,M,M,S,M,M,M,M,M,M,M,M,M,M,M,M,M
2023-03-12,M,M,M,M,M,M,M,M,M,M,M,M,M,M,M,M,M,M,M,M,M,M,M,M
2023-03-13,M,M,M,M,M,M,M,M,M,32,0.00A,M,M,T,M,M,M,M,M,M,M,M,M,M
2023-03-14,M,M,M,M,M,M,M,M,M,M,S,M,M,M,M,M,M,M,M,M,M,M,M,M
2023-03-15,M,M,M,M,M,M,M,M,M,32,2.05A,M,M,15.5,M,M,M,M,M,M,M,M,M,M
2023-03-16,M,M,M,M,M,M,M,M,M,26,0.00,M,M,0.0,M,M,M,M,M,M,M,M,M,M
2023-03-17,M,M,M,M,M,M,M,M,M,32,0.00,M,M,0.0,M,M,M,M,M,M,M,M,M,M
2023-03-18,M,M,M,M,M,M,M,M,M,34,0.20,M,M,0.0,M,M,M,M,M,M,M,M,M,M
2023-03-19,M,M,M,M,M,M,M,M,M,23,0.00,M,M,0.0,M,M,M,M,M,M,M,M,M,M
2023-03-20,M,M,M,M,M,M,M,M,M,23,0.00,M,M,0.0,M,M,M,M,M,M,M,M,M,M
2023-03-21,M,M,M,M,M,M,M,M,M,M,S,M,M,M,M,M,M,M,M,M,M,M,M,M
2023-03-22,M,M,M,M,M,M,M,M,M,31,0.00A,M,M,0.0,M,M,M,M,M,M,M,M,M,M
2023-03-23,M,M,M,M,M,M,M,M,M,35,0.00,M,M,0.0,M,M,M,M,M,M,M,M,M,M
2023-03-24,M,M,M,M,M,M,M,M,M,M,S,M,M,M,M,M,M,M,M,M,M,M,M,M
2023-03-25,M,M,M,M,M,M,M,M,M,M,M,M,M,M,M,M,M,M,M,M,M,M,M,M
2023-03-26,M,M,M,M,M,M,M,M,M,36,0.42A,M,M,0.5,M,M,M,M,M,M,M,M,M,M
2023-03-27,M,M,M,M,M,M,M,M,M,M,S,M,M,M,M,M,M,M,M,M,M,M,M,M
2023-03-28,M,M,M,M,M,M,M,M,M,M,M,M,M,M,M,M,M,M,M,M,M,M,M,M
2023-03-29,M,M,M,M,M,M,M,M,M,M,M,M,M,M,M,M,M,M,M,M,M,M,M,M
2023-03-30,M,M,M,M,M,M,M,M,M,M,M,M,M,M,M,M,M,M,M,M,M,M,M,M
2023-03-31,M,M,M,M,M,M,M,M,M,M,M,M,M,M,M,M,M,M,M,M,M,M,M,M
2023-04-01,M,M,M,M,M,M,M,M,M,M,M,M,M,M,M,M,M,M,M,M,M,M,M,M
2023-04-02,M,M,M,M,M,M,M,M,M,M,M,M,M,M,M,M,M,M,M,M,M,M,M,M
2023-04-03,M,M,M,M,M,M,M,M,M,24,0.95A,M,M,T,M,M,M,M,M,M,M,M,M,M
2023-04-04,M,M,M,M,M,M,M,M,M,43,0.02,M,M,0.0,M,M,M,M,M,M,M,M,M,M
2023-04-05,M,M,M,M,M,M,M,M,M,43,0.00,M,M,0.0,M,M,M,M,M,M,M,M,M,M
2023-04-06,M,M,M,M,M,M,M,M,M,47,0.74,M,M,0.0,M,M,M,M,M,M,M,M,M,M
2023-04-07,M,M,M,M,M,M,M,M,M,38,T,M,M,0.0,M,M,M,M,M,M,M,M,M,M
2023-04-08,M,M,M,M,M,M,M,M,M,26,0.00,M,M,0.0,M,M,M,M,M,M,M,M,M,M
2023-04-09,M,M,M,M,M,M,M,M,M,27,0.00,M,M,0.0,M,M,M,M,M,M,M,M,M,M
2023-04-10,M,M,M,M,M,M,M,M,M,30,0.00,M,M,0.0,M,M,M,M,M,M,M,M,M,M
2023-04-11,M,M,M,M,M,M,M,M,M,37,0.00,M,M,0.0,M,M,M,M,M,M,M,M,M,M
2023-04-12,M,M,M,M,M,M,M,M,M,M,S,M,M,M,M,M,M,M,M,M,M,M,M,M
2023-04-13,M,M,M,M,M,M,M,M,M,48,0.00A,M,M,0.0,M,M,M,M,M,M,M,M,M,M
2023-04-14,M,M,M,M,M,M,M,M,M,53,0.00,M,M,0.0,M,M,M,M,M,M,M,M,M,M
2023-04-15,M,M,M,M,M,M,M,M,M,M,S,M,M,M,M,M,M,M,M,M,M,M,M,M
2023-04-16,M,M,M,M,M,M,M,M,M,M,M,M,M,M,M,M,M,M,M,M,M,M,M,M
2023-04-17,M,M,M,M,M,M,M,M,M,62,0.00A,M,M,0.0,M,M,M,M,M,M,M,M,M,M
2023-04-18,M,M,M,M,M,M,M,M,M,43,0.18,M,M,0.0,M,M,M,M,M,M,M,M,M,M
2023-04-19,M,M,M,M,M,M,M,M,M,38,0.00,M,M,0.0,M,M,M,M,M,M,M,M,M,M
2023-04-20,M,M,M,M,M,M,M,M,M,36,0.00,M,M,0.0,M,M,M,M,M,M,M,M,M,M
2023-04-21,M,M,M,M,M,M,M,M,M,46,0.00,M,M,0.0,M,M,M,M,M,M,M,M,M,M
2023-04-22,M,M,M,M,M,M,M,M,M,54,0.00,M,M,0.0,M,M,M,M,M,M,M,M,M,M
2023-04-23,M,M,M,M,M,M,M,M,M,52,1.30,M,M,0.0,M,M,M,M,M,M,M,M,M,M
2023-04-24,M,M,M,M,M,M,M,M,M,43,0.85,M,M,0.0,M,M,M,M,M,M,M,M,M,M
2023-04-25,M,M,M,M,M,M,M,M,M,37,T,M,M,0.0,M,M,M,M,M,M,M,M,M,M
2023-04-26,M,M,M,M,M,M,M,M,M,33,0.00,M,M,0.0,M,M,M,M,M,M,M,M,M,M
2023-04-27,M,M,M,M,M,M,M,M,M,40,0.00,M,M,0.0,M,M,M,M,M,M,M,M,M,M
2023-04-28,M,M,M,M,M,M,M,M,M,36,0.00,M,M,0.0,M,M,M,M,M,M,M,M,M,M
2023-04-29,M,M,M,M,M,M,M,M,M,48,0.00,M,M,0.0,M,M,M,M,M,M,M,M,M,M
2023-04-30,M,M,M,M,M,M,M,M,M,47,0.30,M,M,0.0,M,M,M,M,M,M,M,M,M,M
2023-05-01,M,M,M,M,M,M,M,M,M,49,1.40,M,M,0.0,M,M,M,M,M,M,M,M,M,M
2023-05-02,M,M,M,M,M,M,M,M,M,41,0.13,M,M,0.0,M,M,M,M,M,M,M,M,M,M
2023-05-03,M,M,M,M,M,M,M,M,M,45,0.43,M,M,0.0,M,M,M,M,M,M,M,M,M,M
2023-05-04,M,M,M,M,M,M,M,M,M,44,0.30,M,M,0.0,M,M,M,M,M,M,M,M,M,M
2023-05-05,M,M,M,M,M,M,M,M,M,44,T,M,M,0.0,M,M,M,M,M,M,M,M,M,M
2023-05-06,M,M,M,M,M,M,M,M,M,41,T,M,M,0.0,M,M,M,M,M,M,M,M,M,M
2023-05-07,M,M,M,M,M,M,M,M,M,44,0.00,M,M,0.0,M,M,M,M,M,M,M,M,M,M
2023-05-08,M,M,M,M,M,M,M,M,M,50,0.04,M,M,0.0,M,M,M,M,M,M,M,M,M,M
2023-05-09,M,M,M,M,M,M,M,M,M,41,0.00,M,M,0.0,M,M,M,M,M,M,M,M,M,M
2023-05-10,M,M,M,M,M,M,M,M,M,36,0.00,M,M,0.0,M,M,M,M,M,M,M,M,M,M
2023-05-11,M,M,M,M,M,M,M,M,M,45,0.00,M,M,0.0,M,M,M,M,M,M,M,M,M,M
2023-05-12,M,M,M,M,M,M,M,M,M,55,0.00,M,M,0.0,M,M,M,M,M,M,M,M,M,M
2023-05-13,M,M,M,M,M,M,M,M,M,55,0.00,M,M,0.0,M,M,M,M,M,M,M,M,M,M
2023-05-14,M,M,M,M,M,M,M,M,M,45,0.00,M,M,0.0,M,M,M,M,M,M,M,M,M,M
2023-05-15,M,M,M,M,M,M,M,M,M,42,0.00,M,M,0.0,M,M,M,M,M,M,M,M,M,M
2023-05-16,M,M,M,M,M,M,M,M,M,56,0.00,M,M,0.0,M,M,M,M,M,M,M,M,M,M
2023-05-17,M,M,M,M,M,M,M,M,M,46,0.00,M,M,0.0,M,M,M,M,M,M,M,M,M,M
2023-05-18,M,M,M,M,M,M,M,M,M,32,0.00,M,M,0.0,M,M,M,M,M,M,M,M,M,M
2023-05-19,M,M,M,M,M,M,M,M,M,40,0.00,M,M,0.0,M,M,M,M,M,M,M,M,M,M
2023-05-20,M,M,M,M,M,M,M,M,M,55,0.00,M,M,0.0,M,M,M,M,M,M,M,M,M,M
2023-05-21,M,M,M,M,M,M,M,M,M,51,0.12,M,M,0.0,M,M,M,M,M,M,M,M,M,M
2023-05-22,M,M,M,M,M,M,M,M,M,51,0.00,M,M,0.0,M,M,M,M,M,M,M,M,M,M
2023-05-23,M,M,M,M,M,M,M,M,M,45,0.00,M,M,0.0,M,M,M,M,M,M,M,M,M,M
2023-05-24,M,M,M,M,M,M,M,M,M,54,0.00,M,M,0.0,M,M,M,M,M,M,M,M,M,M
2023-05-25,M,M,M,M,M,M,M,M,M,42,0.08,M,M,0.0,M,M,M,M,M,M,M,M,M,M
2023-05-26,M,M,M,M,M,M,M,M,M,41,0.00,M,M,0.0,M,M,M,M,M,M,M,M,M,M
2023-05-27,M,M,M,M,M,M,M,M,M,46,0.00,M,M,0.0,M,M,M,M,M,M,M,M,M,M
2023-05-28,M,M,M,M,M,M,M,M,M,52,0.00,M,M,0.0,M,M,M,M,M,M,M,M,M,M
2023-05-29,M,M,M,M,M,M,M,M,M,55,0.00,M,M,0.0,M,M,M,M,M,M,M,M,M,M
2023-05-30,M,M,M,M,M,M,M,M,M,52,0.00,M,M,0.0,M,M,M,M,M,M,M,M,M,M
2023-05-31,M,M,M,M,M,M,M,M,M,52,0.00,M,M,0.0,M,M,M,M,M,M,M,M,M,M
2023-06-01,M,M,M,M,M,M,M,M,M,56,0.00,M,M,0.0,M,M,M,M,M,M,M,M,M,M
2023-06-02,M,M,M,M,M,M,M,M,M,61,0.00,M,M,0.0,M,M,M,M,M,M,M,M,M,M
2023-06-03,M,M,M,M,M,M,M,M,M,63,0.00,M,M,0.0,M,M,M,M,M,M,M,M,M,M
2023-06-04,M,M,M,M,M,M,M,M,M,47,0.00,M,M,0.0,M,M,M,M,M,M,M,M,M,M
2023-06-05,M,M,M,M,M,M,M,M,M,47,0.00,M,M,0.0,M,M,M,M,M,M,M,M,M,M
2023-06-06,M,M,M,M,M,M,M,M,M,50,0.00,M,M,0.0,M,M,M,M,M,M,M,M,M,M
2023-06-07,M,M,M,M,M,M,M,M,M,46,0.11,M,M,0.0,M,M,M,M,M,M,M,M,M,M
2023-06-08,M,M,M,M,M,M,M,M,M,51,0.03,M,M,0.0,M,M,M,M,M,M,M,M,M,M
2023-06-09,M,M,M,M,M,M,M,M,M,51,0.39,M,M,0.0,M,M,M,M,M,M,M,M,M,M
2023-06-10,M,M,M,M,M,M,M,M,M,50,0.10,M,M,0.0,M,M,M,M,M,M,M,M,M,M
2023-06-11,M,M,M,M,M,M,M,M,M,53,0.12,M,M,0.0,M,M,M,M,M,M,M,M,M,M
2023-06-12,M,M,M,M,M,M,M,M,M,61,T,M,M,0.0,M,M,M,M,M,M,M,M,M,M
2023-06-13,M,M,M,M,M,M,M,M,M,64,0.46,M,M,0.0,M,M,M,M,M,M,M,M,M,M
2023-06-14,M,M,M,M,M,M,M,M,M,54,T,M,M,0.0,M,M,M,M,M,M,M,M,M,M
2023-06-15,M,M,M,M,M,M,M,M,M,58,0.12,M,M,0.0,M,M,M,M,M,M,M,M,M,M
2023-06-16,M,M,M,M,M,M,M,M,M,56,0.00,M,M,0.0,M,M,M,M,M,M,M,M,M,M
2023-06-17,M,M,M,M,M,M,M,M,M,60,0.12,M,M,0.0,M,M,M,M,M,M,M,M,M,M
2023-06-18,M,M,M,M,M,M,M,M,M,55,0.08,M,M,0.0,M,M,M,M,M,M,M,M,M,M
2023-06-19,M,M,M,M,M,M,M,M,M,52,0.00,M,M,0.0,M,M,M,M,M,M,M,M,M,M
2023-06-20,M,M,M,M,M,M,M,M,M,55,0.00,M,M,0.0,M,M,M,M,M,M,M,M,M,M
2023-06-21,M,M,M,M,M,M,M,M,M,57,0.00,M,M,0.0,M,M,M,M,M,M,M,M,M,M
2023-06-22,M,M,M,M,M,M,M,M,M,54,0.00,M,M,0.0,M,M,M,M,M,M,M,M,M,M
2023-06-23,M,M,M,M,M,M,M,M,M,59,0.00,M,M,0.0,M,M,M,M,M,M,M,M,M,M
2023-06-24,M,M,M,M,M,M,M,M,M,70,0.00,M,M,0.0,M,M,M,M,M,M,M,M,M,M
2023-06-25,M,M,M,M,M,M,M,M,M,65,0.40,M,M,0.0,M,M,M,M,M,M,M,M,M,M
2023-06-26,M,M,M,M,M,M,M,M,M,70,0.00,M,M,0.0,M,M,M,M,M,M,M,M,M,M
2023-06-27,M,M,M,M,M,M,M,M,M,64,0.76,M,M,0.0,M,M,M,M,M,M,M,M,M,M
2023-06-28,M,M,M,M,M,M,M,M,M,66,0.03,M,M,0.0,M,M,M,M,M,M,M,M,M,M
2023-06-29,M,M,M,M,M,M,M,M,M,63,0.07,M,M,0.0,M,M,M,M,M,M,M,M,M,M
2023-06-30,M,M,M,M,M,M,M,M,M,62,0.00,M,M,0.0,M,M,M,M,M,M,M,M,M,M
2023-07-01,M,M,M,M,M,M,M,M,M,M,S,M,M,M,M,M,M,M,M,M,M,M,M,M
2023-07-02,M,M,M,M,M,M,M,M,M,M,M,M,M,M,M,M,M,M,M,M,M,M,M,M
2023-07-03,M,M,M,M,M,M,M,M,M,67,0.58A,M,M,0.0,M,M,M,M,M,M,M,M,M,M
2023-07-04,M,M,M,M,M,M,M,M,M,67,0.38,M,M,0.0,M,M,M,M,M,M,M,M,M,M
2023-07-05,M,M,M,M,M,M,M,M,M,64,0.12,M,M,0.0,M,M,M,M,M,M,M,M,M,M
2023-07-06,M,M,M,M,M,M,M,M,M,70,T,M,M,0.0,M,M,M,M,M,M,M,M,M,M
2023-07-07,M,M,M,M,M,M,M,M,M,69,0.00,M,M,0.0,M,M,M,M,M,M,M,M,M,M
2023-07-08,M,M,M,M,M,M,M,M,M,68,0.18,M,M,0.0,M,M,M,M,M,M,M,M,M,M
2023-07-09,M,M,M,M,M,M,M,M,M,67,0.00,M,M,0.0,M,M,M,M,M,M,M,M,M,M
2023-07-10,M,M,M,M,M,M,M,M,M,66,0.98,M,M,0.0,M,M,M,M,M,M,M,M,M,M
2023-07-11,M,M,M,M,M,M,M,M,M,M,M,M,M,M,M,M,M,M,M,M,M,M,M,M
2023-07-12,M,M,M,M,M,M,M,M,M,64,0.00,M,M,0.0,M,M,M,M,M,M,M,M,M,M
2023-07-13,M,M,M,M,M,M,M,M,M,67,0.00,M,M,0.0,M,M,M,M,M,M,M,M,M,M
2023-07-14,M,M,M,M,M,M,M,M,M,66,0.99,M,M,0.0,M,M,M,M,M,M,M,M,M,M
2023-07-15,M,M,M,M,M,M,M,M,M,70,0.04,M,M,0.0,M,M,M,M,M,M,M,M,M,M
2023-07-16,M,M,M,M,M,M,M,M,M,73,0.10,M,M,0.0,M,M,M,M,M,M,M,M,M,M
2023-07-17,M,M,M,M,M,M,M,M,M,M,S,M,M,M,M,M,M,M,M,M,M,M,M,M
2023-07-18,M,M,M,M,M,M,M,M,M,70,0.40A,M,M,0.0,M,M,M,M,M,M,M,M,M,M
2023-07-19,M,M,M,M,M,M,M,M,M,65,0.02,M,M,0.0,M,M,M,M,M,M,M,M,M,M
2023-07-20,M,M,M,M,M,M,M,M,M,62,0.00,M,M,0.0,M,M,M,M,M,M,M,M,M,M
2023-07-21,M,M,M,M,M,M,M,M,M,66,0.15,M,M,0.0,M,M,M,M,M,M,M,M,M,M
2023-07-22,M,M,M,M,M,M,M,M,M,62,0.16,M,M,0.0,M,M,M,M,M,M,M,M,M,M
2023-07-23,M,M,M,M,M,M,M,M,M,56,0.00,M,M,0.0,M,M,M,M,M,M,M,M,M,M
2023-07-24,M,M,M,M,M,M,M,M,M,62,0.00,M,M,0.0,M,M,M,M,M,M,M,M,M,M
2023-07-25,M,M,M,M,M,M,M,M,M,62,0.25,M,M,0.0,M,M,M,M,M,M,M,M,M,M
2023-07-26,M,M,M,M,M,M,M,M,M,64,0.00,M,M,0.0,M,M,M,M,M,M,M,M,M,M
2023-07-27,M,M,M,M,M,M,M,M,M,68,0.00,M,M,0.0,M,M,M,M,M,M,M,M,M,M
2023-07-28,M,M,M,M,M,M,M,M,M,66,0.05,M,M,0.0,M,M,M,M,M,M,M,M,M,M
2023-07-29,M,M,M,M,M,M,M,M,M,71,0.00,M,M,0.0,M,M,M,M,M,M,M,M,M,M
2023-07-30,M,M,M,M,M,M,M,M,M,56,0.75,M,M,0.0,M,M,M,M,M,M,M,M,M,M
2023-07-31,M,M,M,M,M,M,M,M,M,55,0.00,M,M,0.0,M,M,M,M,M,M,M,M,M,M
2023-08-01,M,M,M,M,M,M,M,M,M,54,T,M,M,0.0,M,M,M,M,M,M,M,M,M,M
2023-08-02,M,M,M,M,M,M,M,M,M,51,0.00,M,M,0.0,M,M,M,M,M,M,M,M,M,M
2023-08-03,M,M,M,M,M,M,M,M,M,55,0.00,M,M,0.0,M,M,M,M,M,M,M,M,M,M
2023-08-04,M,M,M,M,M,M,M,M,M,62,2.38,M,M,0.0,M,M,M,M,M,M,M,M,M,M
2023-08-05,M,M,M,M,M,M,M,M,M,62,0.53,M,M,0.0,M,M,M,M,M,M,M,M,M,M
2023-08-06,M,M,M,M,M,M,M,M,M,56,0.00,M,M,0.0,M,M,M,M,M,M,M,M,M,M
2023-08-07,M,M,M,M,M,M,M,M,M,62,0.00,M,M,0.0,M,M,M,M,M,M,M,M,M,M
2023-08-08,M,M,M,M,M,M,M,M,M,68,1.25,M,M,0.0,M,M,M,M,M,M,M,M,M,M
2023-08-09,M,M,M,M,M,M,M,M,M,65,T,M,M,0.0,M,M,M,M,M,M,M,M,M,M
2023-08-10,M,M,M,M,M,M,M,M,M,59,0.00,M,M,0.0,M,M,M,M,M,M,M,M,M,M
2023-08-11,M,M,M,M,M,M,M,M,M,59,0.43,M,M,0.0,M,M,M,M,M,M,M,M,M,M
2023-08-12,M,M,M,M,M,M,M,M,M,55,0.00,M,M,0.0,M,M,M,M,M,M,M,M,M,M
2023-08-13,M,M,M,M,M,M,M,M,M,63,0.54,M,M,0.0,M,M,M,M,M,M,M,M,M,M
2023-08-14,M,M,M,M,M,M,M,M,M,62,0.11,M,M,0.0,M,M,M,M,M,M,M,M,M,M
2023-08-15,M,M,M,M,M,M,M,M,M,65,0.19,M,M,0.0,M,M,M,M,M,M,M,M,M,M
2023-08-16,M,M,M,M,M,M,M,M,M,M,S,M,M,M,M,M,M,M,M,M,M,M,M,M
2023-08-17,M,M,M,M,M,M,M,M,M,69,0.31A,M,M,0.0,M,M,M,M,M,M,M,M,M,M
2023-08-18,M,M,M,M,M,M,M,M,M,64,0.37,M,M,0.0,M,M,M,M,M,M,M,M,M,M
2023-08-19,M,M,M,M,M,M,M,M,M,61,0.30,M,M,0.0,M,M,M,M,M,M,M,M,M,M
2023-08-20,M,M,M,M,M,M,M,M,M,M,S,M,M,M,M,M,M,M,M,M,M,M,M,M
2023-08-21,M,M,M,M,M,M,M,M,M,65,0.00A,M,M,0.0,M,M,M,M,M,M,M,M,M,M
2023-08-22,M,M,M,M,M,M,M,M,M,55,0.03,M,M,0.0,M,M,M,M,M,M,M,M,M,M
2023-08-23,M,M,M,M,M,M,M,M,M,56,0.00,M,M,0.0,M,M,M,M,M,M,M,M,M,M
2023-08-24,M,M,M,M,M,M,M,M,M,53,0.00,M,M,0.0,M,M,M,M,M,M,M,M,M,M
2023-08-25,M,M,M,M,M,M,M,M,M,64,0.52,M,M,0.0,M,M,M,M,M,M,M,M,M,M
2023-08-26,M,M,M,M,M,M,M,M,M,63,0.03,M,M,0.0,M,M,M,M,M,M,M,M,M,M
2023-08-27,M,M,M,M,M,M,M,M,M,64,0.08,M,M,0.0,M,M,M,M,M,M,M,M,M,M
2023-08-28,M,M,M,M,M,M,M,M,M,59,0.00,M,M,0.0,M,M,M,M,M,M,M,M,M,M
2023-08-29,M,M,M,M,M,M,M,M,M,64,0.12,M,M,0.0,M,M,M,M,M,M,M,M,M,M
2023-08-30,M,M,M,M,M,M,M,M,M,67,0.12,M,M,0.0,M,M,M,M,M,M,M,M,M,M
2023-08-31,M,M,M,M,M,M,M,M,M,55,0.40,M,M,0.0,M,M,M,M,M,M,M,M,M,M
2023-09-01,M,M,M,M,M,M,M,M,M,50,0.00,M,M,0.0,M,M,M,M,M,M,M,M,M,M
2023-09-02,M,M,M,M,M,M,M,M,M,54,0.00,M,M,0.0,M,M,M,M,M,M,M,M,M,M
2023-09-03,M,M,M,M,M,M,M,M,M,59,T,M,M,0.0,M,M,M,M,M,M,M,M,M,M
2023-09-04,M,M,M,M,M,M,M,M,M,64,0.00,M,M,0.0,M,M,M,M,M,M,M,M,M,M
2023-09-05,M,M,M,M,M,M,M,M,M,69,0.00,M,M,0.0,M,M,M,M,M,M,M,M,M,M
2023-09-06,M,M,M,M,M,M,M,M,M,70,0.00,M,M,0.0,M,M,M,M,M,M,M,M,M,M
2023-09-07,M,M,M,M,M,M,M,M,M,69,0.00,M,M,0.0,M,M,M,M,M,M,M,M,M,M
2023-09-08,M,M,M,M,M,M,M,M,M,68,0.38,M,M,0.0,M,M,M,M,M,M,M,M,M,M
2023-09-09,M,M,M,M,M,M,M,M,M,M,S,M,M,M,M,M,M,M,M,M,M,M,M,M
2023-09-10,M,M,M,M,M,M,M,M,M,M,M,M,M,M,M,M,M,M,M,M,M,M,M,M
2023-09-11,M,M,M,M,M,M,M,M,M,M,M,M,M,M,M,M,M,M,M,M,M,M,M,M
2023-09-12,M,M,M,M,M,M,M,M,M,M,M,M,M,M,M,M,M,M,M,M,M,M,M,M
2023-09-13,M,M,M,M,M,M,M,M,M,M,M,M,M,M,M,M,M,M,M,M,M,M,M,M
2023-09-14,M,M,M,M,M,M,M,M,M,M,M,M,M,M,M,M,M,M,M,M,M,M,M,M
2023-09-15,M,M,M,M,M,M,M,M,M,M,M,M,M,M,M,M,M,M,M,M,M,M,M,M
2023-09-16,M,M,M,M,M,M,M,M,M,M,M,M,M,M,M,M,M,M,M,M,M,M,M,M
2023-09-17,M,M,M,M,M,M,M,M,M,M,M,M,M,M,M,M,M,M,M,M,M,M,M,M
2023-09-18,M,M,M,M,M,M,M,M,M,M,M,M,M,M,M,M,M,M,M,M,M,M,M,M
2023-09-19,M,M,M,M,M,M,M,M,M,57,1.58A,M,M,0.0,M,M,M,M,M,M,M,M,M,M
2023-09-20,M,M,M,M,M,M,M,M,M,50,0.00,M,M,0.0,M,M,M,M,M,M,M,M,M,M
2023-09-21,M,M,M,M,M,M,M,M,M,47,0.00,M,M,0.0,M,M,M,M,M,M,M,M,M,M
2023-09-22,M,M,M,M,M,M,M,M,M,48,0.00,M,M,0.0,M,M,M,M,M,M,M,M,M,M
2023-09-23,M,M,M,M,M,M,M,M,M,50,0.00,M,M,0.0,M,M,M,M,M,M,M,M,M,M
2023-09-24,M,M,M,M,M,M,M,M,M,55,0.06,M,M,0.0,M,M,M,M,M,M,M,M,M,M
2023-09-25,M,M,M,M,M,M,M,M,M,57,T,M,M,0.0,M,M,M,M,M,M,M,M,M,M
2023-09-26,M,M,M,M,M,M,M,M,M,49,0.00,M,M,0.0,M,M,M,M,M,M,M,M,M,M
2023-09-27,M,M,M,M,M,M,M,M,M,46,0.00,M,M,0.0,M,M,M,M,M,M,M,M,M,M
2023-09-28,M,M,M,M,M,M,M,M,M,46,0.00,M,M,0.0,M,M,M,M,M,M,M,M,M,M
2023-09-29,M,M,M,M,M,M,M,M,M,55,0.00,M,M,0.0,M,M,M,M,M,M,M,M,M,M
2023-09-30,M,M,M,M,M,M,M,M,M,55,0.02,M,M,0.0,M,M,M,M,M,M,M,M,M,M
2023-10-01,M,M,M,M,M,M,M,M,M,53,0.00,M,M,0.0,M,M,M,M,M,M,M,M,M,M
2023-10-02,M,M,M,M,M,M,M,M,M,57,0.00,M,M,0.0,M,M,M,M,M,M,M,M,M,M
2023-10-03,M,M,M,M,M,M,M,M,M,52,0.00,M,M,0.0,M,M,M,M,M,M,M,M,M,M
2023-10-04,M,M,M,M,M,M,M,M,M,59,0.00,M,M,0.0,M,M,M,M,M,M,M,M,M,M
2023-10-05,M,M,M,M,M,M,M,M,M,57,0.00,M,M,0.0,M,M,M,M,M,M,M,M,M,M
2023-10-06,M,M,M,M,M,M,M,M,M,62,0.00,M,M,0.0,M,M,M,M,M,M,M,M,M,M
2023-10-07,M,M,M,M,M,M,M,M,M,64,0.63,M,M,0.0,M,M,M,M,M,M,M,M,M,M
2023-10-08,M,M,M,M,M,M,M,M,M,49,2.15,M,M,0.0,M,M,M,M,M,M,M,M,M,M
2023-10-09,M,M,M,M,M,M,M,M,M,44,0.12,M,M,0.0,M,M,M,M,M,M,M,M,M,M
2023-10-10,M,M,M,M,M,M,M,M,M,44,T,M,M,0.0,M,M,M,M,M,M,M,M,M,M
2023-10-11,M,M,M,M,M,M,M,M,M,47,0.02,M,M,0.0,M,M,M,M,M,M,M,M,M,M
2023-10-12,M,M,M,M,M,M,M,M,M,49,T,M,M,0.0,M,M,M,M,M,M,M,M,M,M
2023-10-13,M,M,M,M,M,M,M,M,M,38,0.00,M,M,0.0,M,M,M,M,M,M,M,M,M,M
2023-10-14,M,M,M,M,M,M,M,M,M,42,0.00,M,M,0.0,M,M,M,M,M,M,M,M,M,M
2023-10-15,M,M,M,M,M,M,M,M,M,42,0.00,M,M,0.0,M,M,M,M,M,M,M,M,M,M
2023-10-16,M,M,M,M,M,M,M,M,M,46,0.02,M,M,0.0,M,M,M,M,M,M,M,M,M,M
2023-10-17,M,M,M,M,M,M,M,M,M,48,T,M,M,0.0,M,M,M,M,M,M,M,M,M,M
2023-10-18,M,M,M,M,M,M,M,M,M,49,0.00,M,M,0.0,M,M,M,M,M,M,M,M,M,M
2023-10-19,M,M,M,M,M,M,M,M,M,46,T,M,M,0.0,M,M,M,M,M,M,M,M,M,M
2023-10-20,M,M,M,M,M,M,M,M,M,51,0.00,M,M,0.0,M,M,M,M,M,M,M,M,M,M
2023-10-21,M,M,M,M,M,M,M,M,M,55,0.83,M,M,0.0,M,M,M,M,M,M,M,M,M,M
2023-10-22,M,M,M,M,M,M,M,M,M,48,0.29,M,M,0.0,M,M,M,M,M,M,M,M,M,M
2023-10-23,M,M,M,M,M,M,M,M,M,45,0.00,M,M,0.0,M,M,M,M,M,M,M,M,M,M
2023-10-24,M,M,M,M,M,M,M,M,M,37,0.00,M,M,0.0,M,M,M,M,M,M,M,M,M,M
2023-10-25,M,M,M,M,M,M,M,M,M,40,0.00,M,M,0.0,M,M,M,M,M,M,M,M,M,M
2023-10-26,M,M,M,M,M,M,M,M,M,55,0.03,M,M,0.0,M,M,M,M,M,M,M,M,M,M
2023-10-27,M,M,M,M,M,M,M,M,M,54,T,M,M,0.0,M,M,M,M,M,M,M,M,M,M
2023-10-28,M,M,M,M,M,M,M,M,M,54,T,M,M,0.0,M,M,M,M,M,M,M,M,M,M
2023-10-29,M,M,M,M,M,M,M,M,M,45,0.00,M,M,0.0,M,M,M,M,M,M,M,M,M,M
2023-10-30,M,M,M,M,M,M,M,M,M,43,0.32,M,M,0.0,M,M,M,M,M,M,M,M,M,M
2023-10-31,M,M,M,M,M,M,M,M,M,33,0.43,M,M,0.0,M,M,M,M,M,M,M,M,M,M
2023-11-01,M,M,M,M,M,M,M,M,M,35,0.00,M,M,0.0,M,M,M,M,M,M,M,M,M,M
2023-11-02,M,M,M,M,M,M,M,M,M,27,T,M,M,T,M,M,M,M,M,M,M,M,M,M
2023-11-03,M,M,M,M,M,M,M,M,M,36,0.00,M,M,0.0,M,M,M,M,M,M,M,M,M,M
2023-11-04,M,M,M,M,M,M,M,M,M,42,0.00,M,M,0.0,M,M,M,M,M,M,M,M,M,M
2023-11-05,M,M,M,M,M,M,M,M,M,45,0.00,M,M,0.0,M,M,M,M,M,M,M,M,M,M
2023-11-06,M,M,M,M,M,M,M,M,M,32,0.00,M,M,0.0,M,M,M,M,M,M,M,M,M,M
2023-11-07,M,M,M,M,M,M,M,M,M,46,0.09,M,M,0.0,M,M,M,M,M,M,M,M,M,M
2023-11-08,M,M,M,M,M,M,M,M,M,34,0.00,M,M,0.0,M,M,M,M,M,M,M,M,M,M
2023-11-09,M,M,M,M,M,M,M,M,M,33,0.37,M,M,0.4,M,M,M,M,M,M,M,M,M,M
2023-11-10,M,M,M,M,M,M,M,M,M,35,0.08,M,M,0.0,M,M,M,M,M,M,M,M,M,M
2023-11-11,M,M,M,M,M,M,M,M,M,34,0.00,M,M,0.0,M,M,M,M,M,M,M,M,M,M
2023-11-12,M,M,M,M,M,M,M,M,M,32,0.00,M,M,0.0,M,M,M,M,M,M,M,M,M,M
2023-11-13,M,M,M,M,M,M,M,M,M,23,0.00,M,M,0.0,M,M,M,M,M,M,M,M,M,M
2023-11-14,M,M,M,M,M,M,M,M,M,32,T,M,M,T,M,M,M,M,M,M,M,M,M,M
2023-11-15,M,M,M,M,M,M,M,M,M,29,0.00,M,M,0.0,M,M,M,M,M,M,M,M,M,M
2023-11-16,M,M,M,M,M,M,M,M,M,29,0.00,M,M,0.0,M,M,M,M,M,M,M,M,M,M
2023-11-17,M,M,M,M,M,M,M,M,M,30,0.00,M,M,0.0,M,M,M,M,M,M,M,M,M,M
2023-11-18,M,M,M,M,M,M,M,M,M,M,S,M,M,M,M,M,M,M,M,M,M,M,M,M
2023-11-19,M,M,M,M,M,M,M,M,M,M,M,M,M,M,M,M,M,M,M,M,M,M,M,M
2023-11-20,M,M,M,M,M,M,M,M,M,29,0.25A,M,M,0.0,M,M,M,M,M,M,M,M,M,M
2023-11-21,M,M,M,M,M,M,M,M,M,21,0.00,M,M,0.0,M,M,M,M,M,M,M,M,M,M
2023-11-22,M,M,M,M,M,M,M,M,M,33,0.84,M,M,5.0,M,M,M,M,M,M,M,M,M,M
2023-11-23,M,M,M,M,M,M,M,M,M,33,0.03,M,M,T,M,M,M,M,M,M,M,M,M,M
2023-11-24,M,M,M,M,M,M,M,M,M,37,0.00,M,M,0.0,M,M,M,M,M,M,M,M,M,M
2023-11-25,M,M,M,M,M,M,M,M,M,19,0.00,M,M,0.0,M,M,M,M,M,M,M,M,M,M
2023-11-26,M,M,M,M,M,M,M,M,M,27,0.00,M,M,0.0,M,M,M,M,M,M,M,M,M,M
2023-11-27,M,M,M,M,M,M,M,M,M,33,1.30,M,M,0.5,M,M,M,M,M,M,M,M,M,M
2023-11-28,M,M,M,M,M,M,M,M,M,29,0.00,M,M,0.0,M,M,M,M,M,M,M,M,M,M
2023-11-29,M,M,M,M,M,M,M,M,M,21,T,M,M,T,M,M,M,M,M,M,M,M,M,M
2023-11-30,M,M,M,M,M,M,M,M,M,28,T,M,M,T,M,M,M,M,M,M,M,M,M,M
2023-12-01,M,M,M,M,M,M,M,M,M,28,0.00,M,M,0.0,M,M,M,M,M,M,M,M,M,M
2023-12-02,M,M,M,M,M,M,M,M,M,36,0.12,M,M,0.0,M,M,M,M,M,M,M,M,M,M
2023-12-03,M,M,M,M,M,M,M,M,M,37,0.08,M,M,0.0,M,M,M,M,M,M,M,M,M,M
2023-12-04,M,M,M,M,M,M,M,M,M,38,0.87,M,M,0.0,M,M,M,M,M,M,M,M,M,M
2023-12-05,M,M,M,M,M,M,M,M,M,35,T,M,M,0.0,M,M,M,M,M,M,M,M,M,M
2023-12-06,M,M,M,M,M,M,M,M,M,30,T,M,M,T,M,M,M,M,M,M,M,M,M,M
2023-12-07,M,M,M,M,M,M,M,M,M,18,0.02,M,M,1.0,M,M,M,M,M,M,M,M,M,M
2023-12-08,M,M,M,M,M,M,M,M,M,28,T,M,M,T,M,M,M,M,M,M,M,M,M,M
2023-12-09,M,M,M,M,M,M,M,M,M,34,0.00,M,M,0.0,M,M,M,M,M,M,M,M,M,M
2023-12-10,M,M,M,M,M,M,M,M,M,42,0.22,M,M,0.0,M,M,M,M,M,M,M,M,M,M
2023-12-11,M,M,M,M,M,M,M,M,M,34,1.12,M,M,T,M,M,M,M,M,M,M,M,M,M
2023-12-12,M,M,M,M,M,M,M,M,M,32,0.24,M,M,T,M,M,M,M,M,M,M,M,M,M
2023-12-13,M,M,M,M,M,M,M,M,M,29,0.00,M,M,0.0,M,M,M,M,M,M,M,M,M,M
2023-12-14,M,M,M,M,M,M,M,M,M,21,T,M,M,T,M,M,M,M,M,M,M,M,M,M
2023-12-15,M,M,M,M,M,M,M,M,M,24,0.00,M,M,0.0,M,M,M,M,M,M,M,M,M,M
2023-12-16,M,M,M,M,M,M,M,M,M,37,0.00,M,M,0.0,M,M,M,M,M,M,M,M,M,M
2023-12-17,M,M,M,M,M,M,M,M,M,32,0.00,M,M,0.0,M,M,M,M,M,M,M,M,M,M
2023-12-18,M,M,M,M,M,M,M,M,M,44,1.25,M,M,0.0,M,M,M,M,M,M,M,M,M,M
2023-12-19,M,M,M,M,M,M,M,M,M,35,1.10,M,M,0.0,M,M,M,M,M,M,M,M,M,M
2023-12-20,M,M,M,M,M,M,M,M,M,23,0.00,M,M,0.0,M,M,M,M,M,M,M,M,M,M
2023-12-21,M,M,M,M,M,M,M,M,M,30,0.00,M,M,0.0,M,M,M,M,M,M,M,M,M,M
2023-12-22,M,M,M,M,M,M,M,M,M,15,0.00,M,M,0.0,M,M,M,M,M,M,M,M,M,M
2023-12-23,M,M,M,M,M,M,M,M,M,21,0.00,M,M,0.0,M,M,M,M,M,M,M,M,M,M
2023-12-24,M,M,M,M,M,M,M,M,M,31,0.07,M,M,0.5,M,M,M,M,M,M,M,M,M,M
2023-12-25,M,M,M,M,M,M,M,M,M,34,0.06,M,M,T,M,M,M,M,M,M,M,M,M,M
2023-12-26,M,M,M,M,M,M,M,M,M,34,T,M,M,0.0,M,M,M,M,M,M,M,M,M,M
2023-12-27,M,M,M,M,M,M,M,M,M,M,S,M,M,M,M,M,M,M,M,M,M,M,M,M
2023-12-28,M,M,M,M,M,M,M,M,M,M,M,M,M,M,M,M,M,M,M,M,M,M,M,M
2023-12-29,M,M,M,M,M,M,M,M,M,42,0.65A,M,M,0.0,M,M,M,M,M,M,M,M,M,M
2023-12-30,M,M,M,M,M,M,M,M,M,39,0.18,M,M,0.0,M,M,M,M,M,M,M,M,M,M
2023-12-31,M,M,M,M,M,M,M,M,M,32,0.05,M,M,0.0,M,M,M,M,M,M,M,M,M,M
2024-01-01,M,M,M,M,M,M,M,M,M,29,0.00,M,M,0.0,M,M,M,M,M,M,M,M,M,M
2024-01-02,M,M,M,M,M,M,M,M,M,18,0.00,M,M,0.0,M,M,M,M,M,M,M,M,M,M
2024-01-03,M,M,M,M,M,M,M,M,M,34,0.00,M,M,0.0,M,M,M,M,M,M,M,M,M,M
2024-01-04,M,M,M,M,M,M,M,M,M,32,T,M,M,T,M,M,M,M,M,M,M,M,M,M
2024-01-05,M,M,M,M,M,M,M,M,M,17,0.00,M,M,0.0,M,M,M,M,M,M,M,M,M,M
2024-01-06,M,M,M,M,M,M,M,M,M,30,T,M,M,T,M,M,M,M,M,M,M,M,M,M
2024-01-07,M,M,M,M,M,M,M,M,M,28,0.40,M,M,5.0,M,M,M,M,M,M,M,M,M,M
2024-01-08,M,M,M,M,M,M,M,M,M,25,0.29,M,M,2.5,M,M,M,M,M,M,M,M,M,M
2024-01-09,M,M,M,M,M,M,M,M,M,19,0.00,M,M,0.0,M,M,M,M,M,M,M,M,M,M
2024-01-10,M,M,M,M,M,M,M,M,M,35,1.35,M,M,4.5,M,M,M,M,M,M,M,M,M,M
2024-01-11,M,M,M,M,M,M,M,M,M,33,0.10,M,M,T,M,M,M,M,M,M,M,M,M,M
2024-01-12,M,M,M,M,M,M,M,M,M,30,0.00,M,M,0.0,M,M,M,M,M,M,M,M,M,M
2024-01-13,M,M,M,M,M,M,M,M,M,33,0.55,M,M,1.0,M,M,M,M,M,M,M,M,M,M
2024-01-14,M,M,M,M,M,M,M,M,M,31,0.58,M,M,T,M,M,M,M,M,M,M,M,M,M
2024-01-15,M,M,M,M,M,M,M,M,M,16,0.02,M,M,1.0,M,M,M,M,M,M,M,M,M,M
2024-01-16,M,M,M,M,M,M,M,M,M,16,0.00,M,M,0.0,M,M,M,M,M,M,M,M,M,M
2024-01-17,M,M,M,M,M,M,M,M,M,10,0.15,M,M,5.0,M,M,M,M,M,M,M,M,M,M
2024-01-18,M,M,M,M,M,M,M,M,M,2,0.00,M,M,0.0,M,M,M,M,M,M,M,M,M,M
2024-01-19,M,M,M,M,M,M,M,M,M,17,0.00,M,M,0.0,M,M,M,M,M,M,M,M,M,M
2024-01-20,M,M,M,M,M,M,M,M,M,6,0.00,M,M,0.0,M,M,M,M,M,M,M,M,M,M
2024-01-21,M,M,M,M,M,M,M,M,M,1,0.03,M,M,0.7,M,M,M,M,M,M,M,M,M,M
2024-01-22,M,M,M,M,M,M,M,M,M,6,0.00,M,M,0.0,M,M,M,M,M,M,M,M,M,M
2024-01-23,M,M,M,M,M,M,M,M,M,32,0.00,M,M,0.0,M,M,M,M,M,M,M,M,M,M
2024-01-24,M,M,M,M,M,M,M,M,M,30,0.20,M,M,1.8,M,M,M,M,M,M,M,M,M,M
2024-01-25,M,M,M,M,M,M,M,M,M,34,0.57,M,M,0.0,M,M,M,M,M,M,M,M,M,M
2024-01-26,M,M,M,M,M,M,M,M,M,34,0.28,M,M,0.0,M,M,M,M,M,M,M,M,M,M
2024-01-27,M,M,M,M,M,M,M,M,M,34,0.75,M,M,0.0,M,M,M,M,M,M,M,M,M,M
2024-01-28,M,M,M,M,M,M,M,M,M,34,0.02,M,M,0.0,M,M,M,M,M,M,M,M,M,M
2024-01-29,M,M,M,M,M,M,M,M,M,32,0.30,M,M,1.5,M,M,M,M,M,M,M,M,M,M
2024-01-30,M,M,M,M,M,M,M,M,M,28,0.00,M,M,0.0,M,M,M,M,M,M,M,M,M,M
2024-01-31,M,M,M,M,M,M,M,M,M,29,T,M,M,0.0,M,M,M,M,M,M,M,M,M,M
2024-02-01,M,M,M,M,M,M,M,M,M,32,0.00,M,M,0.0,M,M,M,M,M,M,M,M,M,M
2024-02-02,M,M,M,M,M,M,M,M,M,33,0.03,M,M,0.0,M,M,M,M,M,M,M,M,M,M
2024-02-03,M,M,M,M,M,M,M,M,M,28,T,M,M,0.0,M,M,M,M,M,M,M,M,M,M
2024-02-04,M,M,M,M,M,M,M,M,M,20,0.00,M,M,0.0,M,M,M,M,M,M,M,M,M,M
2024-02-05,M,M,M,M,M,M,M,M,M,20,0.00,M,M,0.0,M,M,M,M,M,M,M,M,M,M
2024-02-06,M,M,M,M,M,M,M,M,M,20,0.00,M,M,0.0,M,M,M,M,M,M,M,M,M,M
2024-02-07,M,M,M,M,M,M,M,M,M,19,0.00,M,M,0.0,M,M,M,M,M,M,M,M,M,M
2024-02-08,M,M,M,M,M,M,M,M,M,27,0.00,M,M,0.0,M,M,M,M,M,M,M,M,M,M
2024-02-09,M,M,M,M,M,M,M,M,M,32,0.00,M,M,0.0,M,M,M,M,M,M,M,M,M,M
2024-02-10,M,M,M,M,M,M,M,M,M,29,0.00,M,M,0.0,M,M,M,M,M,M,M,M,M,M
2024-02-11,M,M,M,M,M,M,M,M,M,37,0.22,M,M,0.0,M,M,M,M,M,M,M,M,M,M
2024-02-12,M,M,M,M,M,M,M,M,M,27,0.00,M,M,0.0,M,M,M,M,M,M,M,M,M,M
2024-02-13,M,M,M,M,M,M,M,M,M,31,0.00,M,M,0.0,M,M,M,M,M,M,M,M,M,M
2024-02-14,M,M,M,M,M,M,M,M,M,23,T,M,M,T,M,M,M,M,M,M,M,M,M,M
2024-02-15,M,M,M,M,M,M,M,M,M,18,0.00,M,M,0.0,M,M,M,M,M,M,M,M,M,M
2024-02-16,M,M,M,M,M,M,M,M,M,28,0.18,M,M,3.0,M,M,M,M,M,M,M,M,M,M
2024-02-17,M,M,M,M,M,M,M,M,M,25,0.00,M,M,0.0,M,M,M,M,M,M,M,M,M,M
2024-02-18,M,M,M,M,M,M,M,M,M,16,0.00,M,M,0.0,M,M,M,M,M,M,M,M,M,M
2024-02-19,M,M,M,M,M,M,M,M,M,M,S,M,M,M,M,M,M,M,M,M,M,M,M,M
2024-02-20,M,M,M,M,M,M,M,M,M,M,M,M,M,M,M,M,M,M,M,M,M,M,M,M
2024-02-21,M,M,M,M,M,M,M,M,M,M,M,M,M,M,M,M,M,M,M,M,M,M,M,M
2024-02-22,M,M,M,M,M,M,M,M,M,27,0.00A,M,M,T,M,M,M,M,M,M,M,M,M,M
2024-02-23,M,M,M,M,M,M,M,M,M,34,0.03,M,M,T,M,M,M,M,M,M,M,M,M,M
2024-02-24,M,M,M,M,M,M,M,M,M,28,T,M,M,T,M,M,M,M,M,M,M,M,M,M
2024-02-25,M,M,M,M,M,M,M,M,M,11,0.00,M,M,0.0,M,M,M,M,M,M,M,M,M,M
2024-02-26,M,M,M,M,M,M,M,M,M,30,0.00,M,M,0.0,M,M,M,M,M,M,M,M,M,M
2024-02-27,M,M,M,M,M,M,M,M,M,28,0.00,M,M,0.0,M,M,M,M,M,M,M,M,M,M
2024-02-28,M,M,M,M,M,M,M,M,M,48,0.10,M,M,0.0,M,M,M,M,M,M,M,M,M,M
2024-02-29,M,M,M,M,M,M,M,M,M,22,0.30,M,M,0.0,M,M,M,M,M,M,M,M,M,M
2024-03-01,M,M,M,M,M,M,M,M,M,22,0.00,M,M,0.0,M,M,M,M,M,M,M,M,M,M
2024-03-02,M,M,M,M,M,M,M,M,M,33,0.00,M,M,0.0,M,M,M,M,M,M,M,M,M,M
2024-03-03,M,M,M,M,M,M,M,M,M,38,0.33,M,M,0.0,M,M,M,M,M,M,M,M,M,M
2024-03-04,M,M,M,M,M,M,M,M,M,41,0.00,M,M,0.0,M,M,M,M,M,M,M,M,M,M
2024-03-05,M,M,M,M,M,M,M,M,M,45,0.00,M,M,0.0,M,M,M,M,M,M,M,M,M,M
2024-03-06,M,M,M,M,M,M,M,M,M,M,S,M,M,M,M,M,M,M,M,M,M,M,M,M
2024-03-07,M,M,M,M,M,M,M,M,M,43,2.03A,M,M,0.0,M,M,M,M,M,M,M,M,M,M
2024-03-08,M,M,M,M,M,M,M,M,M,31,0.00,M,M,0.0,M,M,M,M,M,M,M,M,M,M
2024-03-09,M,M,M,M,M,M,M,M,M,36,0.00,M,M,0.0,M,M,M,M,M,M,M,M,M,M
2024-03-10,M,M,M,M,M,M,M,M,M,34,1.92,M,M,2.8,M,M,M,M,M,M,M,M,M,M
2024-03-11,M,M,M,M,M,M,M,M,M,28,T,M,M,T,M,M,M,M,M,M,M,M,M,M
2024-03-12,M,M,M,M,M,M,M,M,M,31,0.00,M,M,0.0,M,M,M,M,M,M,M,M,M,M
2024-03-13,M,M,M,M,M,M,M,M,M,30,0.00,M,M,0.0,M,M,M,M,M,M,M,M,M,M
2024-03-14,M,M,M,M,M,M,M,M,M,33,0.00,M,M,0.0,M,M,M,M,M,M,M,M,M,M
2024-03-15,M,M,M,M,M,M,M,M,M,44,0.25,M,M,0.0,M,M,M,M,M,M,M,M,M,M
2024-03-16,M,M,M,M,M,M,M,M,M,36,0.10,M,M,0.0,M,M,M,M,M,M,M,M,M,M
2024-03-17,M,M,M,M,M,M,M,M,M,41,0.10,M,M,0.0,M,M,M,M,M,M,M,M,M,M
2024-03-18,M,M,M,M,M,M,M,M,M,31,0.03,M,M,T,M,M,M,M,M,M,M,M,M,M
2024-03-19,M,M,M,M,M,M,M,M,M,32,0.00,M,M,0.0,M,M,M,M,M,M,M,M,M,M
2024-03-20,M,M,M,M,M,M,M,M,M,33,T,M,M,0.8,M,M,M,M,M,M,M,M,M,M
2024-03-21,M,M,M,M,M,M,M,M,M,22,T,M,M,T,M,M,M,M,M,M,M,M,M,M
2024-03-22,M,M,M,M,M,M,M,M,M,M,S,M,M,M,M,M,M,M,M,M,M,M,M,M
2024-03-23,M,M,M,M,M,M,M,M,M,26,0.52A,M,M,8.5,M,M,M,M,M,M,M,M,M,M
2024-03-24,M,M,M,M,M,M,M,M,M,13,1.05,M,M,11.0,M,M,M,M,M,M,M,M,M,M
2024-03-25,M,M,M,M,M,M,M,M,M,21,0.00,M,M,0.0,M,M,M,M,M,M,M,M,M,M
2024-03-26,M,M,M,M,M,M,M,M,M,24,0.00,M,M,0.0,M,M,M,M,M,M,M,M,M,M
2024-03-27,M,M,M,M,M,M,M,M,M,37,0.00,M,M,0.0,M,M,M,M,M,M,M,M,M,M
2024-03-28,M,M,M,M,M,M,M,M,M,38,0.26,M,M,0.0,M,M,M,M,M,M,M,M,M,M
2024-03-29,M,M,M,M,M,M,M,M,M,36,0.00,M,M,0.0,M,M,M,M,M,M,M,M,M,M
2024-03-30,M,M,M,M,M,M,M,M,M,35,0.00,M,M,0.0,M,M,M,M,M,M,M,M,M,M
2024-03-31,M,M,M,M,M,M,M,M,M,37,0.00,M,M,0.0,M,M,M,M,M,M,M,M,M,M
2024-04-01,M,M,M,M,M,M,M,M,M,33,0.00,M,M,0.0,M,M,M,M,M,M,M,M,M,M
2024-04-02,M,M,M,M,M,M,M,M,M,36,0.00,M,M,0.0,M,M,M,M,M,M,M,M,M,M
2024-04-03,M,M,M,M,M,M,M,M,M,40,0.07,M,M,0.0,M,M,M,M,M,M,M,M,M,M
2024-04-04,M,M,M,M,M,M,M,M,M,33,0.95,M,M,3.5,M,M,M,M,M,M,M,M,M,M
2024-04-05,M,M,M,M,M,M,M,M,M,32,0.35,M,M,2.5,M,M,M,M,M,M,M,M,M,M
2024-04-06,M,M,M,M,M,M,M,M,M,34,0.00,M,M,0.0,M,M,M,M,M,M,M,M,M,M
2024-04-07,M,M,M,M,M,M,M,M,M,33,0.00,M,M,0.0,M,M,M,M,M,M,M,M,M,M
2024-04-08,M,M,M,M,M,M,M,M,M,30,0.00,M,M,0.0,M,M,M,M,M,M,M,M,M,M
2024-04-09,M,M,M,M,M,M,M,M,M,37,0.00,M,M,0.0,M,M,M,M,M,M,M,M,M,M
2024-04-10,M,M,M,M,M,M,M,M,M,46,0.10,M,M,0.0,M,M,M,M,M,M,M,M,M,M
2024-04-11,M,M,M,M,M,M,M,M,M,46,T,M,M,0.0,M,M,M,M,M,M,M,M,M,M
2024-04-12,M,M,M,M,M,M,M,M,M,58,0.65,M,M,0.0,M,M,M,M,M,M,M,M,M,M
2024-04-13,M,M,M,M,M,M,M,M,M,43,0.68,M,M,0.0,M,M,M,M,M,M,M,M,M,M
2024-04-14,M,M,M,M,M,M,M,M,M,36,T,M,M,0.0,M,M,M,M,M,M,M,M,M,M
2024-04-15,M,M,M,M,M,M,M,M,M,39,0.09,M,M,0.0,M,M,M,M,M,M,M,M,M,M
2024-04-16,M,M,M,M,M,M,M,M,M,36,0.00,M,M,0.0,M,M,M,M,M,M,M,M,M,M
2024-04-17,M,M,M,M,M,M,M,M,M,36,0.00,M,M,0.0,M,M,M,M,M,M,M,M,M,M
2024-04-18,M,M,M,M,M,M,M,M,M,46,0.02,M,M,0.0,M,M,M,M,M,M,M,M,M,M
2024-04-19,M,M,M,M,M,M,M,M,M,43,0.22,M,M,0.0,M,M,M,M,M,M,M,M,M,M
2024-04-20,M,M,M,M,M,M,M,M,M,48,0.09,M,M,0.0,M,M,M,M,M,M,M,M,M,M
2024-04-21,M,M,M,M,M,M,M,M,M,31,T,M,M,0.0,M,M,M,M,M,M,M,M,M,M
2024-04-22,M,M,M,M,M,M,M,M,M,33,0.00,M,M,0.0,M,M,M,M,M,M,M,M,M,M
2024-04-23,M,M,M,M,M,M,M,M,M,31,0.00,M,M,0.0,M,M,M,M,M,M,M,M,M,M
2024-04-24,M,M,M,M,M,M,M,M,M,46,0.00,M,M,0.0,M,M,M,M,M,M,M,M,M,M
2024-04-25,M,M,M,M,M,M,M,M,M,28,T,M,M,0.0,M,M,M,M,M,M,M,M,M,M
2024-04-26,M,M,M,M,M,M,M,M,M,31,0.00,M,M,0.0,M,M,M,M,M,M,M,M,M,M
2024-04-27,M,M,M,M,M,M,M,M,M,32,0.00,M,M,0.0,M,M,M,M,M,M,M,M,M,M
2024-04-28,M,M,M,M,M,M,M,M,M,46,T,M,M,0.0,M,M,M,M,M,M,M,M,M,M
2024-04-29,M,M,M,M,M,M,M,M,M,56,0.10,M,M,0.0,M,M,M,M,M,M,M,M,M,M
2024-04-30,M,M,M,M,M,M,M,M,M,49,0.40,M,M,0.0,M,M,M,M,M,M,M,M,M,M
2024-05-01,M,M,M,M,M,M,M,M,M,51,0.58,M,M,0.0,M,M,M,M,M,M,M,M,M,M
2024-05-02,M,M,M,M,M,M,M,M,M,55,0.00,M,M,0.0,M,M,M,M,M,M,M,M,M,M
2024-05-03,M,M,M,M,M,M,M,M,M,50,0.00,M,M,0.0,M,M,M,M,M,M,M,M,M,M
2024-05-04,M,M,M,M,M,M,M,M,M,49,0.00,M,M,0.0,M,M,M,M,M,M,M,M,M,M
2024-05-05,M,M,M,M,M,M,M,M,M,50,0.20,M,M,0.0,M,M,M,M,M,M,M,M,M,M
2024-05-06,M,M,M,M,M,M,M,M,M,50,0.66,M,M,0.0,M,M,M,M,M,M,M,M,M,M
2024-05-07,M,M,M,M,M,M,M,M,M,46,0.00,M,M,0.0,M,M,M,M,M,M,M,M,M,M
2024-05-08,M,M,M,M,M,M,M,M,M,52,0.00,M,M,0.0,M,M,M,M,M,M,M,M,M,M
2024-05-09,M,M,M,M,M,M,M,M,M,51,0.58,M,M,0.0,M,M,M,M,M,M,M,M,M,M
2024-05-10,M,M,M,M,M,M,M,M,M,50,0.00,M,M,0.0,M,M,M,M,M,M,M,M,M,M
2024-05-11,M,M,M,M,M,M,M,M,M,46,0.05,M,M,0.0,M,M,M,M,M,M,M,M,M,M
2024-05-12,M,M,M,M,M,M,M,M,M,48,0.09,M,M,0.0,M,M,M,M,M,M,M,M,M,M
2024-05-13,M,M,M,M,M,M,M,M,M,42,0.06,M,M,0.0,M,M,M,M,M,M,M,M,M,M
2024-05-14,M,M,M,M,M,M,M,M,M,53,0.03,M,M,0.0,M,M,M,M,M,M,M,M,M,M
2024-05-15,M,M,M,M,M,M,M,M,M,60,0.01,M,M,0.0,M,M,M,M,M,M,M,M,M,M
2024-05-16,M,M,M,M,M,M,M,M,M,56,0.60,M,M,0.0,M,M,M,M,M,M,M,M,M,M
2024-05-17,M,M,M,M,M,M,M,M,M,53,0.00,M,M,0.0,M,M,M,M,M,M,M,M,M,M
2024-05-18,M,M,M,M,M,M,M,M,M,55,0.00,M,M,0.0,M,M,M,M,M,M,M,M,M,M
2024-05-19,M,M,M,M,M,M,M,M,M,52,0.00,M,M,0.0,M,M,M,M,M,M,M,M,M,M
2024-05-20,M,M,M,M,M,M,M,M,M,56,0.00,M,M,0.0,M,M,M,M,M,M,M,M,M,M
2024-05-21,M,M,M,M,M,M,M,M,M,60,0.00,M,M,0.0,M,M,M,M,M,M,M,M,M,M
2024-05-22,M,M,M,M,M,M,M,M,M,63,0.18,M,M,0.0,M,M,M,M,M,M,M,M,M,M
2024-05-23,M,M,M,M,M,M,M,M,M,65,T,M,M,0.0,M,M,M,M,M,M,M,M,M,M
2024-05-24,M,M,M,M,M,M,M,M,M,M,S,M,M,M,M,M,M,M,M,M,M,M,M,M
2024-05-25,M,M,M,M,M,M,M,M,M,50,0.00A,M,M,0.0,M,M,M,M,M,M,M,M,M,M
2024-05-26,M,M,M,M,M,M,M,M,M,M,S,M,M,M,M,M,M,M,M,M,M,M,M,M
2024-05-27,M,M,M,M,M,M,M,M,M,67,0.00A,M,M,0.0,M,M,M,M,M,M,M,M,M,M
2024-05-28,M,M,M,M,M,M,M,M,M,63,1.95,M,M,0.0,M,M,M,M,M,M,M,M,M,M
2024-05-29,M,M,M,M,M,M,M,M,M,56,T,M,M,0.0,M,M,M,M,M,M,M,M,M,M
2024-05-30,M,M,M,M,M,M,M,M,M,52,0.00,M,M,0.0,M,M,M,M,M,M,M,M,M,M
2024-05-31,M,M,M,M,M,M,M,M,M,47,0.00,M,M,0.0,M,M,M,M,M,M,M,M,M,M
2024-06-01,M,M,M,M,M,M,M,M,M,51,0.00,M,M,0.0,M,M,M,M,M,M,M,M,M,M
2024-06-02,M,M,M,M,M,M,M,M,M,54,0.00,M,M,0.0,M,M,M,M,M,M,M,M,M,M
2024-06-03,M,M,M,M,M,M,M,M,M,60,0.00,M,M,0.0,M,M,M,M,M,M,M,M,M,M
2024-06-04,M,M,M,M,M,M,M,M,M,58,0.00,M,M,0.0,M,M,M,M,M,M,M,M,M,M
2024-06-05,M,M,M,M,M,M,M,M,M,60,0.12,M,M,0.0,M,M,M,M,M,M,M,M,M,M
2024-06-06,M,M,M,M,M,M,M,M,M,69,0.00,M,M,0.0,M,M,M,M,M,M,M,M,M,M
2024-06-07,M,M,M,M,M,M,M,M,M,63,0.59,M,M,0.0,M,M,M,M,M,M,M,M,M,M
2024-06-08,M,M,M,M,M,M,M,M,M,56,0.05,M,M,0.0,M,M,M,M,M,M,M,M,M,M
2024-06-09,M,M,M,M,M,M,M,M,M,56,0.10,M,M,0.0,M,M,M,M,M,M,M,M,M,M
2024-06-10,M,M,M,M,M,M,M,M,M,53,0.44,M,M,0.0,M,M,M,M,M,M,M,M,M,M
2024-06-11,M,M,M,M,M,M,M,M,M,57,T,M,M,0.0,M,M,M,M,M,M,M,M,M,M
2024-06-12,M,M,M,M,M,M,M,M,M,58,0.00,M,M,0.0,M,M,M,M,M,M,M,M,M,M
2024-06-13,M,M,M,M,M,M,M,M,M,50,0.00,M,M,0.0,M,M,M,M,M,M,M,M,M,M
2024-06-14,M,M,M,M,M,M,M,M,M,64,0.05,M,M,0.0,M,M,M,M,M,M,M,M,M,M
2024-06-15,M,M,M,M,M,M,M,M,M,61,T,M,M,0.0,M,M,M,M,M,M,M,M,M,M
2024-06-16,M,M,M,M,M,M,M,M,M,49,0.00,M,M,0.0,M,M,M,M,M,M,M,M,M,M
2024-06-17,M,M,M,M,M,M,M,M,M,52,0.00,M,M,0.0,M,M,M,M,M,M,M,M,M,M
2024-06-18,M,M,M,M,M,M,M,M,M,65,0.00,M,M,0.0,M,M,M,M,M,M,M,M,M,M
2024-06-19,M,M,M,M,M,M,M,M,M,71,0.00,M,M,0.0,M,M,M,M,M,M,M,M,M,M
2024-06-20,M,M,M,M,M,M,M,M,M,71,T,M,M,0.0,M,M,M,M,M,M,M,M,M,M
2024-06-21,M,M,M,M,M,M,M,M,M,70,0.28,M,M,0.0,M,M,M,M,M,M,M,M,M,M
2024-06-22,M,M,M,M,M,M,M,M,M,68,0.14,M,M,0.0,M,M,M,M,M,M,M,M,M,M
2024-06-23,M,M,M,M,M,M,M,M,M,69,0.80,M,M,0.0,M,M,M,M,M,M,M,M,M,M
2024-06-24,M,M,M,M,M,M,M,M,M,66,0.08,M,M,0.0,M,M,M,M,M,M,M,M,M,M
2024-06-25,M,M,M,M,M,M,M,M,M,57,T,M,M,0.0,M,M,M,M,M,M,M,M,M,M
2024-06-26,M,M,M,M,M,M,M,M,M,65,0.00,M,M,0.0,M,M,M,M,M,M,M,M,M,M
2024-06-27,M,M,M,M,M,M,M,M,M,62,0.07,M,M,0.0,M,M,M,M,M,M,M,M,M,M
2024-06-28,M,M,M,M,M,M,M,M,M,M,S,M,M,M,M,M,M,M,M,M,M,M,M,M
2024-06-29,M,M,M,M,M,M,M,M,M,59,0.02A,M,M,0.0,M,M,M,M,M,M,M,M,M,M
2024-06-30,M,M,M,M,M,M,M,M,M,M,S,M,M,M,M,M,M,M,M,M,M,M,M,M
2024-07-01,M,M,M,M,M,M,M,M,M,M,M,M,M,M,M,M,M,M,M,M,M,M,M,M
2024-07-02,M,M,M,M,M,M,M,M,M,55,0.57A,M,M,0.0,M,M,M,M,M,M,M,M,M,M
2024-07-03,M,M,M,M,M,M,M,M,M,58,0.00,M,M,0.0,M,M,M,M,M,M,M,M,M,M
2024-07-04,M,M,M,M,M,M,M,M,M,67,0.00,M,M,0.0,M,M,M,M,M,M,M,M,M,M
2024-07-05,M,M,M,M,M,M,M,M,M,71,0.00,M,M,0.0,M,M,M,M,M,M,M,M,M,M
2024-07-06,M,M,M,M,M,M,M,M,M,75,T,M,M,0.0,M,M,M,M,M,M,M,M,M,M
2024-07-07,M,M,M,M,M,M,M,M,M,65,1.70,M,M,0.0,M,M,M,M,M,M,M,M,M,M
2024-07-08,M,M,M,M,M,M,M,M,M,65,0.00,M,M,0.0,M,M,M,M,M,M,M,M,M,M
2024-07-09,M,M,M,M,M,M,M,M,M,68,0.00,M,M,0.0,M,M,M,M,M,M,M,M,M,M
2024-07-10,M,M,M,M,M,M,M,M,M,72,0.00,M,M,0.0,M,M,M,M,M,M,M,M,M,M
2024-07-11,M,M,M,M,M,M,M,M,M,74,0.32,M,M,0.0,M,M,M,M,M,M,M,M,M,M
2024-07-12,M,M,M,M,M,M,M,M,M,71,T,M,M,0.0,M,M,M,M,M,M,M,M,M,M
2024-07-13,M,M,M,M,M,M,M,M,M,68,T,M,M,0.0,M,M,M,M,M,M,M,M,M,M
2024-07-14,M,M,M,M,M,M,M,M,M,65,0.00,M,M,0.0,M,M,M,M,M,M,M,M,M,M
2024-07-15,M,M,M,M,M,M,M,M,M,67,0.00,M,M,0.0,M,M,M,M,M,M,M,M,M,M
2024-07-16,M,M,M,M,M,M,M,M,M,70,0.50,M,M,0.0,M,M,M,M,M,M,M,M,M,M
2024-07-17,M,M,M,M,M,M,M,M,M,67,0.95,M,M,0.0,M,M,M,M,M,M,M,M,M,M
2024-07-18,M,M,M,M,M,M,M,M,M,69,0.05,M,M,0.0,M,M,M,M,M,M,M,M,M,M
2024-07-19,M,M,M,M,M,M,M,M,M,57,0.00,M,M,0.0,M,M,M,M,M,M,M,M,M,M
2024-07-20,M,M,M,M,M,M,M,M,M,58,0.00,M,M,0.0,M,M,M,M,M,M,M,M,M,M
2024-07-21,M,M,M,M,M,M,M,M,M,59,0.00,M,M,0.0,M,M,M,M,M,M,M,M,M,M
2024-07-22,M,M,M,M,M,M,M,M,M,60,0.00,M,M,0.0,M,M,M,M,M,M,M,M,M,M
2024-07-23,M,M,M,M,M,M,M,M,M,68,0.08,M,M,0.0,M,M,M,M,M,M,M,M,M,M
2024-07-24,M,M,M,M,M,M,M,M,M,65,0.10,M,M,0.0,M,M,M,M,M,M,M,M,M,M
2024-07-25,M,M,M,M,M,M,M,M,M,66,0.45,M,M,0.0,M,M,M,M,M,M,M,M,M,M
2024-07-26,M,M,M,M,M,M,M,M,M,62,0.00,M,M,0.0,M,M,M,M,M,M,M,M,M,M
2024-07-27,M,M,M,M,M,M,M,M,M,58,0.00,M,M,0.0,M,M,M,M,M,M,M,M,M,M
2024-07-28,M,M,M,M,M,M,M,M,M,62,0.00,M,M,0.0,M,M,M,M,M,M,M,M,M,M
2024-07-29,M,M,M,M,M,M,M,M,M,66,T,M,M,0.0,M,M,M,M,M,M,M,M,M,M
2024-07-30,M,M,M,M,M,M,M,M,M,69,0.03,M,M,0.0,M,M,M,M,M,M,M,M,M,M
2024-07-31,M,M,M,M,M,M,M,M,M,73,T,M,M,0.0,M,M,M,M,M,M,M,M,M,M
2024-08-01,M,M,M,M,M,M,M,M,M,69,0.13,M,M,0.0,M,M,M,M,M,M,M,M,M,M
2024-08-02,M,M,M,M,M,M,M,M,M,68,0.00,M,M,0.0,M,M,M,M,M,M,M,M,M,M
2024-08-03,M,M,M,M,M,M,M,M,M,72,0.47,M,M,0.0,M,M,M,M,M,M,M,M,M,M
2024-08-04,M,M,M,M,M,M,M,M,M,72,0.04,M,M,0.0,M,M,M,M,M,M,M,M,M,M
2024-08-05,M,M,M,M,M,M,M,M,M,67,0.00,M,M,0.0,M,M,M,M,M,M,M,M,M,M
2024-08-06,M,M,M,M,M,M,M,M,M,67,0.50,M,M,0.0,M,M,M,M,M,M,M,M,M,M
2024-08-07,M,M,M,M,M,M,M,M,M,61,0.15,M,M,0.0,M,M,M,M,M,M,M,M,M,M
2024-08-08,M,M,M,M,M,M,M,M,M,57,0.00,M,M,0.0,M,M,M,M,M,M,M,M,M,M
2024-08-09,M,M,M,M,M,M,M,M,M,65,1.02,M,M,0.0,M,M,M,M,M,M,M,M,M,M
2024-08-10,M,M,M,M,M,M,M,M,M,65,1.42,M,M,0.0,M,M,M,M,M,M,M,M,M,M
2024-08-11,M,M,M,M,M,M,M,M,M,56,0.00,M,M,0.0,M,M,M,M,M,M,M,M,M,M
2024-08-12,M,M,M,M,M,M,M,M,M,55,0.20,M,M,0.0,M,M,M,M,M,M,M,M,M,M
2024-08-13,M,M,M,M,M,M,M,M,M,54,T,M,M,0.0,M,M,M,M,M,M,M,M,M,M
2024-08-14,M,M,M,M,M,M,M,M,M,60,0.00,M,M,0.0,M,M,M,M,M,M,M,M,M,M
2024-08-15,M,M,M,M,M,M,M,M,M,62,0.23,M,M,0.0,M,M,M,M,M,M,M,M,M,M
2024-08-16,M,M,M,M,M,M,M,M,M,63,0.00,M,M,0.0,M,M,M,M,M,M,M,M,M,M
2024-08-17,M,M,M,M,M,M,M,M,M,M,S,M,M,M,M,M,M,M,M,M,M,M,M,M
2024-08-18,M,M,M,M,M,M,M,M,M,M,M,M,M,M,M,M,M,M,M,M,M,M,M,M
2024-08-19,M,M,M,M,M,M,M,M,M,67,0.21A,M,M,0.0,M,M,M,M,M,M,M,M,M,M
2024-08-20,M,M,M,M,M,M,M,M,M,58,0.54,M,M,0.0,M,M,M,M,M,M,M,M,M,M
2024-08-21,M,M,M,M,M,M,M,M,M,52,0.00,M,M,0.0,M,M,M,M,M,M,M,M,M,M
2024-08-22,M,M,M,M,M,M,M,M,M,55,T,M,M,0.0,M,M,M,M,M,M,M,M,M,M
2024-08-23,M,M,M,M,M,M,M,M,M,55,0.00,M,M,0.0,M,M,M,M,M,M,M,M,M,M
2024-08-24,M,M,M,M,M,M,M,M,M,56,0.00,M,M,0.0,M,M,M,M,M,M,M,M,M,M
2024-08-25,M,M,M,M,M,M,M,M,M,59,0.00,M,M,0.0,M,M,M,M,M,M,M,M,M,M
2024-08-26,M,M,M,M,M,M,M,M,M,61,T,M,M,0.0,M,M,M,M,M,M,M,M,M,M
2024-08-27,M,M,M,M,M,M,M,M,M,62,T,M,M,0.0,M,M,M,M,M,M,M,M,M,M
2024-08-28,M,M,M,M,M,M,M,M,M,64,0.00,M,M,0.0,M,M,M,M,M,M,M,M,M,M
2024-08-29,M,M,M,M,M,M,M,M,M,58,0.00,M,M,0.0,M,M,M,M,M,M,M,M,M,M
2024-08-30,M,M,M,M,M,M,M,M,M,61,0.00,M,M,0.0,M,M,M,M,M,M,M,M,M,M
2024-08-31,M,M,M,M,M,M,M,M,M,63,0.00,M,M,0.0,M,M,M,M,M,M,M,M,M,M
2024-09-01,M,M,M,M,M,M,M,M,M,66,0.21,M,M,0.0,M,M,M,M,M,M,M,M,M,M
2024-09-02,M,M,M,M,M,M,M,M,M,59,0.00,M,M,0.0,M,M,M,M,M,M,M,M,M,M
2024-09-03,M,M,M,M,M,M,M,M,M,47,0.00,M,M,0.0,M,M,M,M,M,M,M,M,M,M
2024-09-04,M,M,M,M,M,M,M,M,M,50,0.00,M,M,0.0,M,M,M,M,M,M,M,M,M,M
2024-09-05,M,M,M,M,M,M,M,M,M,52,0.00,M,M,0.0,M,M,M,M,M,M,M,M,M,M
2024-09-06,M,M,M,M,M,M,M,M,M,51,0.00,M,M,0.0,M,M,M,M,M,M,M,M,M,M
2024-09-07,M,M,M,M,M,M,M,M,M,63,0.00,M,M,0.0,M,M,M,M,M,M,M,M,M,M
2024-09-08,M,M,M,M,M,M,M,M,M,49,0.42,M,M,0.0,M,M,M,M,M,M,M,M,M,M
2024-09-09,M,M,M,M,M,M,M,M,M,46,0.04,M,M,0.0,M,M,M,M,M,M,M,M,M,M
2024-09-10,M,M,M,M,M,M,M,M,M,53,T,M,M,0.0,M,M,M,M,M,M,M,M,M,M
2024-09-11,M,M,M,M,M,M,M,M,M,48,0.00,M,M,0.0,M,M,M,M,M,M,M,M,M,M
2024-09-12,M,M,M,M,M,M,M,M,M,50,0.00,M,M,0.0,M,M,M,M,M,M,M,M,M,M
2024-09-13,M,M,M,M,M,M,M,M,M,58,0.00,M,M,0.0,M,M,M,M,M,M,M,M,M,M
2024-09-14,M,M,M,M,M,M,M,M,M,M,S,M,M,M,M,M,M,M,M,M,M,M,M,M
2024-09-15,M,M,M,M,M,M,M,M,M,M,M,M,M,M,M,M,M,M,M,M,M,M,M,M
2024-09-16,M,M,M,M,M,M,M,M,M,M,M,M,M,M,M,M,M,M,M,M,M,M,M,M
2024-09-17,M,M,M,M,M,M,M,M,M,55,0.00A,M,M,0.0,M,M,M,M,M,M,M,M,M,M
2024-09-18,M,M,M,M,M,M,M,M,M,56,0.00,M,M,0.0,M,M,M,M,M,M,M,M,M,M
2024-09-19,M,M,M,M,M,M,M,M,M,60,0.00,M,M,0.0,M,M,M,M,M,M,M,M,M,M
2024-09-20,M,M,M,M,M,M,M,M,M,58,0.00,M,M,0.0,M,M,M,M,M,M,M,M,M,M
2024-09-21,M,M,M,M,M,M,M,M,M,58,0.00,M,M,0.0,M,M,M,M,M,M,M,M,M,M
2024-09-22,M,M,M,M,M,M,M,M,M,54,0.00,M,M,0.0,M,M,M,M,M,M,M,M,M,M
2024-09-23,M,M,M,M,M,M,M,M,M,58,0.00,M,M,0.0,M,M,M,M,M,M,M,M,M,M
2024-09-24,M,M,M,M,M,M,M,M,M,49,T,M,M,0.0,M,M,M,M,M,M,M,M,M,M
2024-09-25,M,M,M,M,M,M,M,M,M,56,T,M,M,0.0,M,M,M,M,M,M,M,M,M,M
2024-09-26,M,M,M,M,M,M,M,M,M,57,0.65,M,M,0.0,M,M,M,M,M,M,M,M,M,M
2024-09-27,M,M,M,M,M,M,M,M,M,56,0.42,M,M,0.0,M,M,M,M,M,M,M,M,M,M
2024-09-28,M,M,M,M,M,M,M,M,M,55,0.00,M,M,0.0,M,M,M,M,M,M,M,M,M,M
2024-09-29,M,M,M,M,M,M,M,M,M,61,0.00,M,M,0.0,M,M,M,M,M,M,M,M,M,M
2024-09-30,M,M,M,M,M,M,M,M,M,56,0.00,M,M,0.0,M,M,M,M,M,M,M,M,M,M
2024-10-01,M,M,M,M,M,M,M,M,M,54,0.00,M,M,0.0,M,M,M,M,M,M,M,M,M,M
2024-10-02,M,M,M,M,M,M,M,M,M,56,0.00,M,M,0.0,M,M,M,M,M,M,M,M,M,M
2024-10-03,M,M,M,M,M,M,M,M,M,54,0.00,M,M,0.0,M,M,M,M,M,M,M,M,M,M
2024-10-04,M,M,M,M,M,M,M,M,M,48,0.00,M,M,0.0,M,M,M,M,M,M,M,M,M,M
2024-10-05,M,M,M,M,M,M,M,M,M,55,0.08,M,M,0.0,M,M,M,M,M,M,M,M,M,M
2024-10-06,M,M,M,M,M,M,M,M,M,43,0.00,M,M,0.0,M,M,M,M,M,M,M,M,M,M
2024-10-07,M,M,M,M,M,M,M,M,M,58,0.00,M,M,0.0,M,M,M,M,M,M,M,M,M,M
2024-10-08,M,M,M,M,M,M,M,M,M,42,0.00,M,M,0.0,M,M,M,M,M,M,M,M,M,M
2024-10-09,M,M,M,M,M,M,M,M,M,40,T,M,M,0.0,M,M,M,M,M,M,M,M,M,M
2024-10-10,M,M,M,M,M,M,M,M,M,37,0.05,M,M,0.0,M,M,M,M,M,M,M,M,M,M
2024-10-11,M,M,M,M,M,M,M,M,M,39,0.00,M,M,0.0,M,M,M,M,M,M,M,M,M,M
2024-10-12,M,M,M,M,M,M,M,M,M,59,0.00,M,M,0.0,M,M,M,M,M,M,M,M,M,M
2024-10-13,M,M,M,M,M,M,M,M,M,43,0.02,M,M,0.0,M,M,M,M,M,M,M,M,M,M
2024-10-14,M,M,M,M,M,M,M,M,M,44,0.84,M,M,0.0,M,M,M,M,M,M,M,M,M,M
2024-10-15,M,M,M,M,M,M,M,M,M,M,M,M,M,M,M,M,M,M,M,M,M,M,M,M
2024-10-16,M,M,M,M,M,M,M,M,M,M,S,M,M,M,M,M,M,M,M,M,M,M,M,M
2024-10-17,M,M,M,M,M,M,M,M,M,M,M,M,M,M,M,M,M,M,M,M,M,M,M,M
2024-10-18,M,M,M,M,M,M,M,M,M,M,M,M,M,M,M,M,M,M,M,M,M,M,M,M
2024-10-19,M,M,M,M,M,M,M,M,M,M,M,M,M,M,M,M,M,M,M,M,M,M,M,M
2024-10-20,M,M,M,M,M,M,M,M,M,M,M,M,M,M,M,M,M,M,M,M,M,M,M,M
2024-10-21,M,M,M,M,M,M,M,M,M,M,M,M,M,M,M,M,M,M,M,M,M,M,M,M
2024-10-22,M,M,M,M,M,M,M,M,M,M,M,M,M,M,M,M,M,M,M,M,M,M,M,M
2024-10-23,M,M,M,M,M,M,M,M,M,M,M,M,M,M,M,M,M,M,M,M,M,M,M,M
2024-10-24,M,M,M,M,M,M,M,M,M,M,M,M,M,M,M,M,M,M,M,M,M,M,M,M
2024-10-25,M,M,M,M,M,M,M,M,M,35,0.46A,M,M,0.0,M,M,M,M,M,M,M,M,M,M
2024-10-26,M,M,M,M,M,M,M,M,M,45,0.00,M,M,0.0,M,M,M,M,M,M,M,M,M,M
2024-10-27,M,M,M,M,M,M,M,M,M,31,0.00,M,M,0.0,M,M,M,M,M,M,M,M,M,M
2024-10-28,M,M,M,M,M,M,M,M,M,37,0.00,M,M,0.0,M,M,M,M,M,M,M,M,M,M
2024-10-29,M,M,M,M,M,M,M,M,M,35,0.00,M,M,0.0,M,M,M,M,M,M,M,M,M,M
2024-10-30,M,M,M,M,M,M,M,M,M,52,0.14,M,M,0.0,M,M,M,M,M,M,M,M,M,M
2024-10-31,M,M,M,M,M,M,M,M,M,50,0.00,M,M,0.0,M,M,M,M,M,M,M,M,M,M
2024-11-01,M,M,M,M,M,M,M,M,M,60,0.00,M,M,0.0,M,M,M,M,M,M,M,M,M,M
2024-11-02,M,M,M,M,M,M,M,M,M,49,T,M,M,0.0,M,M,M,M,M,M,M,M,M,M
2024-11-03,M,M,M,M,M,M,M,M,M,29,0.18,M,M,0.0,M,M,M,M,M,M,M,M,M,M
2024-11-04,M,M,M,M,M,M,M,M,M,32,0.00,M,M,0.0,M,M,M,M,M,M,M,M,M,M
2024-11-05,M,M,M,M,M,M,M,M,M,46,0.02,M,M,0.0,M,M,M,M,M,M,M,M,M,M
2024-11-06,M,M,M,M,M,M,M,M,M,50,0.00,M,M,0.0,M,M,M,M,M,M,M,M,M,M
2024-11-07,M,M,M,M,M,M,M,M,M,50,T,M,M,0.0,M,M,M,M,M,M,M,M,M,M
2024-11-08,M,M,M,M,M,M,M,M,M,38,0.00,M,M,0.0,M,M,M,M,M,M,M,M,M,M
2024-11-09,M,M,M,M,M,M,M,M,M,37,0.02,M,M,0.0,M,M,M,M,M,M,M,M,M,M
2024-11-10,M,M,M,M,M,M,M,M,M,28,0.00,M,M,0.0,M,M,M,M,M,M,M,M,M,M
2024-11-11,M,M,M,M,M,M,M,M,M,45,0.04,M,M,0.0,M,M,M,M,M,M,M,M,M,M
2024-11-12,M,M,M,M,M,M,M,M,M,45,T,M,M,0.0,M,M,M,M,M,M,M,M,M,M
2024-11-13,M,M,M,M,M,M,M,M,M,28,0.00,M,M,0.0,M,M,M,M,M,M,M,M,M,M
2024-11-14,M,M,M,M,M,M,M,M,M,26,0.00,M,M,0.0,M,M,M,M,M,M,M,M,M,M
2024-11-15,M,M,M,M,M,M,M,M,M,28,0.00,M,M,0.0,M,M,M,M,M,M,M,M,M,M
2024-11-16,M,M,M,M,M,M,M,M,M,26,0.00,M,M,0.0,M,M,M,M,M,M,M,M,M,M
2024-11-17,M,M,M,M,M,M,M,M,M,28,0.00,M,M,0.0,M,M,M,M,M,M,M,M,M,M
2024-11-18,M,M,M,M,M,M,M,M,M,40,T,M,M,0.0,M,M,M,M,M,M,M,M,M,M
2024-11-19,M,M,M,M,M,M,M,M,M,33,0.00,M,M,0.0,M,M,M,M,M,M,M,M,M,M
2024-11-20,M,M,M,M,M,M,M,M,M,39,0.00,M,M,0.0,M,M,M,M,M,M,M,M,M,M
2024-11-21,M,M,M,M,M,M,M,M,M,43,0.02,M,M,0.0,M,M,M,M,M,M,M,M,M,M
2024-11-22,M,M,M,M,M,M,M,M,M,41,1.37,M,M,0.0,M,M,M,M,M,M,M,M,M,M
2024-11-23,M,M,M,M,M,M,M,M,M,39,0.23,M,M,0.0,M,M,M,M,M,M,M,M,M,M
2024-11-24,M,M,M,M,M,M,M,M,M,40,T,M,M,0.0,M,M,M,M,M,M,M,M,M,M
2024-11-25,M,M,M,M,M,M,M,M,M,28,0.00,M,M,0.0,M,M,M,M,M,M,M,M,M,M
2024-11-26,M,M,M,M,M,M,M,M,M,33,0.06,M,M,0.0,M,M,M,M,M,M,M,M,M,M
2024-11-27,M,M,M,M,M,M,M,M,M,37,0.51,M,M,0.0,M,M,M,M,M,M,M,M,M,M
2024-11-28,M,M,M,M,M,M,M,M,M,33,T,M,M,T,M,M,M,M,M,M,M,M,M,M
2024-11-29,M,M,M,M,M,M,M,M,M,32,1.47,M,M,7.0,M,M,M,M,M,M,M,M,M,M
2024-11-30,M,M,M,M,M,M,M,M,M,25,0.00,M,M,0.0,M,M,M,M,M,M,M,M,M,M
2024-12-01,M,M,M,M,M,M,M,M,M,23,0.00,M,M,0.0,M,M,M,M,M,M,M,M,M,M
2024-12-02,M,M,M,M,M,M,M,M,M,16,0.00,M,M,0.0,M,M,M,M,M,M,M,M,M,M
2024-12-03,M,M,M,M,M,M,M,M,M,25,0.00,M,M,0.0,M,M,M,M,M,M,M,M,M,M
2024-12-04,M,M,M,M,M,M,M,M,M,13,T,M,M,0.2,M,M,M,M,M,M,M,M,M,M
2024-12-05,M,M,M,M,M,M,M,M,M,30,0.22,M,M,3.0,M,M,M,M,M,M,M,M,M,M
2024-12-06,M,M,M,M,M,M,M,M,M,23,0.00,M,M,0.0,M,M,M,M,M,M,M,M,M,M
2024-12-07,M,M,M,M,M,M,M,M,M,22,0.00,M,M,0.0,M,M,M,M,M,M,M,M,M,M
2024-12-08,M,M,M,M,M,M,M,M,M,29,0.17,M,M,2.0,M,M,M,M,M,M,M,M,M,M
2024-12-09,M,M,M,M,M,M,M,M,M,32,0.02,M,M,0.0,M,M,M,M,M,M,M,M,M,M
2024-12-10,M,M,M,M,M,M,M,M,M,34,0.68,M,M,3.0,M,M,M,M,M,M,M,M,M,M
2024-12-11,M,M,M,M,M,M,M,M,M,38,0.42,M,M,0.0,M,M,M,M,M,M,M,M,M,M
2024-12-12,M,M,M,M,M,M,M,M,M,32,2.03,M,M,0.0,M,M,M,M,M,M,M,M,M,M
2024-12-13,M,M,M,M,M,M,M,M,M,19,T,M,M,0.2,M,M,M,M,M,M,M,M,M,M
2024-12-14,M,M,M,M,M,M,M,M,M,9,0.00,M,M,0.0,M,M,M,M,M,M,M,M,M,M
2024-12-15,M,M,M,M,M,M,M,M,M,11,0.00,M,M,0.0,M,M,M,M,M,M,M,M,M,M
2024-12-16,M,M,M,M,M,M,M,M,M,30,0.17,M,M,1.5,M,M,M,M,M,M,M,M,M,M
2024-12-17,M,M,M,M,M,M,M,M,M,40,0.34,M,M,0.0,M,M,M,M,M,M,M,M,M,M
2024-12-18,M,M,M,M,M,M,M,M,M,37,T,M,M,0.0,M,M,M,M,M,M,M,M,M,M
2024-12-19,M,M,M,M,M,M,M,M,M,33,0.15,M,M,0.0,M,M,M,M,M,M,M,M,M,M
2024-12-20,M,M,M,M,M,M,M,M,M,26,0.00,M,M,0.0,M,M,M,M,M,M,M,M,M,M
2024-12-21,M,M,M,M,M,M,M,M,M,23,0.15,M,M,3.5,M,M,M,M,M,M,M,M,M,M
2024-12-22,M,M,M,M,M,M,M,M,M,-0,T,M,M,T,M,M,M,M,M,M,M,M,M,M
2024-12-23,M,M,M,M,M,M,M,M,M,-3,0.00,M,M,0.0,M,M,M,M,M,M,M,M,M,M
2024-12-24,M,M,M,M,M,M,M,M,M,20,0.10,M,M,1.0,M,M,M,M,M,M,M,M,M,M
2024-12-25,M,M,M,M,M,M,M,M,M,23,0.00,M,M,0.0,M,M,M,M,M,M,M,M,M,M
2024-12-26,M,M,M,M,M,M,M,M,M,6,0.00,M,M,0.0,M,M,M,M,M,M,M,M,M,M
2024-12-27,M,M,M,M,M,M,M,M,M,9,T,M,M,T,M,M,M,M,M,M,M,M,M,M
2024-12-28,M,M,M,M,M,M,M,M,M,M,S,M,M,M,M,M,M,M,M,M,M,M,M,M
2024-12-29,M,M,M,M,M,M,M,M,M,M,M,M,M,M,M,M,M,M,M,M,M,M,M,M
2024-12-30,M,M,M,M,M,M,M,M,M,52,0.40A,M,M,0.0,M,M,M,M,M,M,M,M,M,M
2024-12-31,M,M,M,M,M,M,M,M,M,37,0.26,M,M,0.0,M,M,M,M,M,M,M,M,M,M
2025-01-01,M,M,M,M,M,M,M,M,M,34,0.41,M,M,T,M,M,M,M,M,M,M,M,M,M
2025-01-02,M,M,M,M,M,M,M,M,M,32,T,M,M,0.0,M,M,M,M,M,M,M,M,M,M
2025-01-03,M,M,M,M,M,M,M,M,M,30,T,M,M,T,M,M,M,M,M,M,M,M,M,M
2025-01-04,M,M,M,M,M,M,M,M,M,20,T,M,M,T,M,M,M,M,M,M,M,M,M,M
2025-01-05,M,M,M,M,M,M,M,M,M,25,T,M,M,T,M,M,M,M,M,M,M,M,M,M
2025-01-06,M,M,M,M,M,M,M,M,M,12,0.03,M,M,0.5,M,M,M,M,M,M,M,M,M,M
2025-01-07,M,M,M,M,M,M,M,M,M,14,0.00,M,M,0.0,M,M,M,M,M,M,M,M,M,M
2025-01-08,M,M,M,M,M,M,M,M,M,16,0.00,M,M,0.0,M,M,M,M,M,M,M,M,M,M
2025-01-09,M,M,M,M,M,M,M,M,M,16,0.00,M,M,0.0,M,M,M,M,M,M,M,M,M,M
2025-01-10,M,M,M,M,M,M,M,M,M,17,0.00,M,M,0.0,M,M,M,M,M,M,M,M,M,M
2025-01-11,M,M,M,M,M,M,M,M,M,25,T,M,M,T,M,M,M,M,M,M,M,M,M,M
2025-01-12,M,M,M,M,M,M,M,M,M,20,0.10,M,M,1.0,M,M,M,M,M,M,M,M,M,M
2025-01-13,M,M,M,M,M,M,M,M,M,22,0.00,M,M,0.0,M,M,M,M,M,M,M,M,M,M
2025-01-14,M,M,M,M,M,M,M,M,M,23,T,M,M,T,M,M,M,M,M,M,M,M,M,M
2025-01-15,M,M,M,M,M,M,M,M,M,18,0.00,M,M,0.0,M,M,M,M,M,M,M,M,M,M
2025-01-16,M,M,M,M,M,M,M,M,M,18,0.00,M,M,0.0,M,M,M,M,M,M,M,M,M,M
2025-01-17,M,M,M,M,M,M,M,M,M,16,T,M,M,T,M,M,M,M,M,M,M,M,M,M
2025-01-18,M,M,M,M,M,M,M,M,M,27,T,M,M,T,M,M,M,M,M,M,M,M,M,M
2025-01-19,M,M,M,M,M,M,M,M,M,32,T,M,M,T,M,M,M,M,M,M,M,M,M,M
2025-01-20,M,M,M,M,M,M,M,M,M,12,0.12,M,M,1.0,M,M,M,M,M,M,M,M,M,M
2025-01-21,M,M,M,M,M,M,M,M,M,-1,0.00,M,M,0.0,M,M,M,M,M,M,M,M,M,M
2025-01-22,M,M,M,M,M,M,M,M,M,-2,0.00,M,M,0.0,M,M,M,M,M,M,M,M,M,M
2025-01-23,M,M,M,M,M,M,M,M,M,9,0.00,M,M,0.0,M,M,M,M,M,M,M,M,M,M
2025-01-24,M,M,M,M,M,M,M,M,M,12,0.00,M,M,0.0,M,M,M,M,M,M,M,M,M,M
2025-01-25,M,M,M,M,M,M,M,M,M,4,0.00,M,M,0.0,M,M,M,M,M,M,M,M,M,M
2025-01-26,M,M,M,M,M,M,M,M,M,21,0.00,M,M,0.0,M,M,M,M,M,M,M,M,M,M
2025-01-27,M,M,M,M,M,M,M,M,M,20,T,M,M,T,M,M,M,M,M,M,M,M,M,M
2025-01-28,M,M,M,M,M,M,M,M,M,30,T,M,M,T,M,M,M,M,M,M,M,M,M,M
2025-01-29,M,M,M,M,M,M,M,M,M,19,0.18,M,M,2.7,M,M,M,M,M,M,M,M,M,M
2025-01-30,M,M,M,M,M,M,M,M,M,14,T,M,M,T,M,M,M,M,M,M,M,M,M,M
2025-01-31,M,M,M,M,M,M,M,M,M,17,0.00,M,M,0.0,M,M,M,M,M,M,M,M,M,M
2025-02-01,M,M,M,M,M,M,M,M,M,23,0.30,M,M,3.0,M,M,M,M,M,M,M,M,M,M
2025-02-02,M,M,M,M,M,M,M,M,M,-3,0.00,M,M,0.0,M,M,M,M,M,M,M,M,M,M
2025-02-03,M,M,M,M,M,M,M,M,M,21,0.25,M,M,2.2,M,M,M,M,M,M,M,M,M,M
2025-02-04,M,M,M,M,M,M,M,M,M,32,0.10,M,M,0.0,M,M,M,M,M,M,M,M,M,M
2025-02-05,M,M,M,M,M,M,M,M,M,6,0.00,M,M,0.0,M,M,M,M,M,M,M,M,M,M
2025-02-06,M,M,M,M,M,M,M,M,M,6,0.00,M,M,0.0,M,M,M,M,M,M,M,M,M,M
2025-02-07,M,M,M,M,M,M,M,M,M,32,0.40,M,M,3.0,M,M,M,M,M,M,M,M,M,M
2025-02-08,M,M,M,M,M,M,M,M,M,22,0.00,M,M,0.0,M,M,M,M,M,M,M,M,M,M
2025-02-09,M,M,M,M,M,M,M,M,M,24,0.45,M,M,9.0,M,M,M,M,M,M,M,M,M,M
2025-02-10,M,M,M,M,M,M,M,M,M,25,0.02,M,M,0.5,M,M,M,M,M,M,M,M,M,M
2025-02-11,M,M,M,M,M,M,M,M,M,7,0.00,M,M,0.0,M,M,M,M,M,M,M,M,M,M
2025-02-12,M,M,M,M,M,M,M,M,M,10,0.00,M,M,0.0,M,M,M,M,M,M,M,M,M,M
2025-02-13,M,M,M,M,M,M,M,M,M,23,0.30,M,M,2.0,M,M,M,M,M,M,M,M,M,M
2025-02-14,M,M,M,M,M,M,M,M,M,20,0.35,M,M,0.5,M,M,M,M,M,M,M,M,M,M
2025-02-15,M,M,M,M,M,M,M,M,M,13,0.00,M,M,0.0,M,M,M,M,M,M,M,M,M,M
2025-02-16,M,M,M,M,M,M,M,M,M,M,S,M,M,M,M,M,M,M,M,M,M,M,M,M
2025-02-17,M,M,M,M,M,M,M,M,M,M,M,M,M,M,M,M,M,M,M,M,M,M,M,M
2025-02-18,M,M,M,M,M,M,M,M,M,M,M,M,M,M,M,M,M,M,M,M,M,M,M,M
2025-02-19,M,M,M,M,M,M,M,M,M,M,M,M,M,M,M,M,M,M,M,M,M,M,M,M
2025-02-20,M,M,M,M,M,M,M,M,M,M,M,M,M,M,M,M,M,M,M,M,M,M,M,M
2025-02-21,M,M,M,M,M,M,M,M,M,M,M,M,M,M,M,M,M,M,M,M,M,M,M,M
2025-02-22,M,M,M,M,M,M,M,M,M,M,M,M,M,M,M,M,M,M,M,M,M,M,M,M
2025-02-23,M,M,M,M,M,M,M,M,M,M,M,M,M,M,M,M,M,M,M,M,M,M,M,M
2025-02-24,M,M,M,M,M,M,M,M,M,29,1.25A,M,M,6.0,M,M,M,M,M,M,M,M,M,M
2025-02-25,M,M,M,M,M,M,M,M,M,30,0.00,M,M,0.0,M,M,M,M,M,M,M,M,M,M
2025-02-26,M,M,M,M,M,M,M,M,M,32,0.00,M,M,0.0,M,M,M,M,M,M,M,M,M,M
2025-02-27,M,M,M,M,M,M,M,M,M,31,0.10,M,M,0.5,M,M,M,M,M,M,M,M,M,M
2025-02-28,M,M,M,M,M,M,M,M,M,36,0.38,M,M,T,M,M,M,M,M,M,M,M,M,M
2025-03-01,M,M,M,M,M,M,M,M,M,30,0.03,M,M,0.7,M,M,M,M,M,M,M,M,M,M
2025-03-02,M,M,M,M,M,M,M,M,M,10,0.00,M,M,0.0,M,M,M,M,M,M,M,M,M,M
2025-03-03,M,M,M,M,M,M,M,M,M,2,0.00,M,M,0.0,M,M,M,M,M,M,M,M,M,M
2025-03-04,M,M,M,M,M,M,M,M,M,20,0.00,M,M,0.0,M,M,M,M,M,M,M,M,M,M
2025-03-05,M,M,M,M,M,M,M,M,M,29,0.00,M,M,0.0,M,M,M,M,M,M,M,M,M,M
2025-03-06,M,M,M,M,M,M,M,M,M,38,1.53,M,M,0.0,M,M,M,M,M,M,M,M,M,M
2025-03-07,M,M,M,M,M,M,M,M,M,25,0.00,M,M,0.0,M,M,M,M,M,M,M,M,M,M
2025-03-08,M,M,M,M,M,M,M,M,M,27,0.00,M,M,0.0,M,M,M,M,M,M,M,M,M,M
2025-03-09,M,M,M,M,M,M,M,M,M,24,0.00,M,M,0.0,M,M,M,M,M,M,M,M,M,M
2025-03-10,M,M,M,M,M,M,M,M,M,32,0.00,M,M,0.0,M,M,M,M,M,M,M,M,M,M
2025-03-11,M,M,M,M,M,M,M,M,M,28,0.00,M,M,0.0,M,M,M,M,M,M,M,M,M,M
2025-03-12,M,M,M,M,M,M,M,M,M,31,0.00,M,M,0.0,M,M,M,M,M,M,M,M,M,M
2025-03-13,M,M,M,M,M,M,M,M,M,30,0.00,M,M,0.0,M,M,M,M,M,M,M,M,M,M
2025-03-14,M,M,M,M,M,M,M,M,M,27,0.00,M,M,0.0,M,M,M,M,M,M,M,M,M,M
2025-03-15,M,M,M,M,M,M,M,M,M,33,0.00,M,M,0.0,M,M,M,M,M,M,M,M,M,M
2025-03-16,M,M,M,M,M,M,M,M,M,44,0.00,M,M,0.0,M,M,M,M,M,M,M,M,M,M
2025-03-17,M,M,M,M,M,M,M,M,M,45,0.68,M,M,0.0,M,M,M,M,M,M,M,M,M,M
2025-03-18,M,M,M,M,M,M,M,M,M,28,0.07,M,M,0.0,M,M,M,M,M,M,M,M,M,M
2025-03-19,M,M,M,M,M,M,M,M,M,29,0.00,M,M,0.0,M,M,M,M,M,M,M,M,M,M
2025-03-20,M,M,M,M,M,M,M,M,M,42,0.00,M,M,0.0,M,M,M,M,M,M,M,M,M,M
2025-03-21,M,M,M,M,M,M,M,M,M,38,0.22,M,M,0.0,M,M,M,M,M,M,M,M,M,M
2025-03-22,M,M,M,M,M,M,M,M,M,27,0.00,M,M,0.0,M,M,M,M,M,M,M,M,M,M
2025-03-23,M,M,M,M,M,M,M,M,M,24,T,M,M,0.0,M,M,M,M,M,M,M,M,M,M
2025-03-24,M,M,M,M,M,M,M,M,M,31,T,M,M,T,M,M,M,M,M,M,M,M,M,M
2025-03-25,M,M,M,M,M,M,M,M,M,33,0.15,M,M,0.0,M,M,M,M,M,M,M,M,M,M
2025-03-26,M,M,M,M,M,M,M,M,M,29,T,M,M,T,M,M,M,M,M,M,M,M,M,M
2025-03-27,M,M,M,M,M,M,M,M,M,28,T,M,M,T,M,M,M,M,M,M,M,M,M,M
2025-03-28,M,M,M,M,M,M,M,M,M,M,S,M,M,M,M,M,M,M,M,M,M,M,M,M
2025-03-29,M,M,M,M,M,M,M,M,M,M,M,M,M,M,M,M,M,M,M,M,M,M,M,M
2025-03-30,M,M,M,M,M,M,M,M,M,34,1.04A,M,M,0.0,M,M,M,M,M,M,M,M,M,M
2025-03-31,M,M,M,M,M,M,M,M,M,43,0.10,M,M,0.0,M,M,M,M,M,M,M,M,M,M
2025-04-01,M,M,M,M,M,M,M,M,M,40,T,M,M,0.0,M,M,M,M,M,M,M,M,M,M
2025-04-02,M,M,M,M,M,M,M,M,M,29,0.00,M,M,0.0,M,M,M,M,M,M,M,M,M,M
2025-04-03,M,M,M,M,M,M,M,M,M,39,0.82,M,M,0.0,M,M,M,M,M,M,M,M,M,M
2025-04-04,M,M,M,M,M,M,M,M,M,51,0.28,M,M,0.0,M,M,M,M,M,M,M,M,M,M
2025-04-05,M,M,M,M,M,M,M,M,M,40,0.00,M,M,0.0,M,M,M,M,M,M,M,M,M,M
2025-04-06,M,M,M,M,M,M,M,M,M,41,0.48,M,M,0.0,M,M,M,M,M,M,M,M,M,M
2025-04-07,M,M,M,M,M,M,M,M,M,37,T,M,M,0.0,M,M,M,M,M,M,M,M,M,M
2025-04-08,M,M,M,M,M,M,M,M,M,35,0.12,M,M,0.0,M,M,M,M,M,M,M,M,M,M
2025-04-09,M,M,M,M,M,M,M,M,M,25,T,M,M,T,M,M,M,M,M,M,M,M,M,M
2025-04-10,M,M,M,M,M,M,M,M,M,23,0.00,M,M,0.0,M,M,M,M,M,M,M,M,M,M
2025-04-11,M,M,M,M,M,M,M,M,M,34,0.18,M,M,T,M,M,M,M,M,M,M,M,M,M
2025-04-12,M,M,M,M,M,M,M,M,M,37,0.30,M,M,0.0,M,M,M,M,M,M,M,M,M,M
2025-04-13,M,M,M,M,M,M,M,M,M,40,0.32,M,M,0.0,M,M,M,M,M,M,M,M,M,M
2025-04-14,M,M,M,M,M,M,M,M,M,33,0.00,M,M,0.0,M,M,M,M,M,M,M,M,M,M
2025-04-15,M,M,M,M,M,M,M,M,M,47,T,M,M,0.0,M,M,M,M,M,M,M,M,M,M
2025-04-16,M,M,M,M,M,M,M,M,M,39,T,M,M,0.0,M,M,M,M,M,M,M,M,M,M
2025-04-17,M,M,M,M,M,M,M,M,M,36,0.00,M,M,0.0,M,M,M,M,M,M,M,M,M,M
2025-04-18,M,M,M,M,M,M,M,M,M,29,0.00,M,M,0.0,M,M,M,M,M,M,M,M,M,M
2025-04-19,M,M,M,M,M,M,M,M,M,53,0.00,M,M,0.0,M,M,M,M,M,M,M,M,M,M
2025-04-20,M,M,M,M,M,M,M,M,M,47,0.18,M,M,0.0,M,M,M,M,M,M,M,M,M,M
2025-04-21,M,M,M,M,M,M,M,M,M,33,0.00,M,M,0.0,M,M,M,M,M,M,M,M,M,M
2025-04-22,M,M,M,M,M,M,M,M,M,M,S,M,M,M,M,M,M,M,M,M,M,M,M,M
2025-04-23,M,M,M,M,M,M,M,M,M,37,0.12A,M,M,0.0,M,M,M,M,M,M,M,M,M,M
2025-04-24,M,M,M,M,M,M,M,M,M,49,0.00,M,M,0.0,M,M,M,M,M,M,M,M,M,M
2025-04-25,M,M,M,M,M,M,M,M,M,48,T,M,M,0.0,M,M,M,M,M,M,M,M,M,M
2025-04-26,M,M,M,M,M,M,M,M,M,55,0.26,M,M,0.0,M,M,M,M,M,M,M,M,M,M
2025-04-27,M,M,M,M,M,M,M,M,M,42,0.26,M,M,0.0,M,M,M,M,M,M,M,M,M,M
2025-04-28,M,M,M,M,M,M,M,M,M,35,0.03,M,M,0.0,M,M,M,M,M,M,M,M,M,M
2025-04-29,M,M,M,M,M,M,M,M,M,40,0.00,M,M,0.0,M,M,M,M,M,M,M,M,M,M
2025-04-30,M,M,M,M,M,M,M,M,M,52,0.70,M,M,0.0,M,M,M,M,M,M,M,M,M,M
2025-05-01,M,M,M,M,M,M,M,M,M,42,0.00,M,M,0.0,M,M,M,M,M,M,M,M,M,M
2025-05-02,M,M,M,M,M,M,M,M,M,52,0.15,M,M,0.0,M,M,M,M,M,M,M,M,M,M
2025-05-03,M,M,M,M,M,M,M,M,M,56,0.10,M,M,0.0,M,M,M,M,M,M,M,M,M,M
2025-05-04,M,M,M,M,M,M,M,M,M,53,0.29,M,M,0.0,M,M,M,M,M,M,M,M,M,M
2025-05-05,M,M,M,M,M,M,M,M,M,54,0.58,M,M,0.0,M,M,M,M,M,M,M,M,M,M
2025-05-06,M,M,M,M,M,M,M,M,M,55,0.90,M,M,0.0,M,M,M,M,M,M,M,M,M,M
2025-05-07,M,M,M,M,M,M,M,M,M,51,0.36,M,M,0.0,M,M,M,M,M,M,M,M,M,M
2025-05-08,M,M,M,M,M,M,M,M,M,52,0.03,M,M,0.0,M,M,M,M,M,M,M,M,M,M
2025-05-09,M,M,M,M,M,M,M,M,M,46,0.08,M,M,0.0,M,M,M,M,M,M,M,M,M,M
2025-05-10,M,M,M,M,M,M,M,M,M,49,1.60,M,M,0.0,M,M,M,M,M,M,M,M,M,M
2025-05-11,M,M,M,M,M,M,M,M,M,47,0.00,M,M,0.0,M,M,M,M,M,M,M,M,M,M
2025-05-12,M,M,M,M,M,M,M,M,M,41,0.00,M,M,0.0,M,M,M,M,M,M,M,M,M,M
2025-05-13,M,M,M,M,M,M,M,M,M,52,0.00,M,M,0.0,M,M,M,M,M,M,M,M,M,M
2025-05-14,M,M,M,M,M,M,M,M,M,59,0.00,M,M,0.0,M,M,M,M,M,M,M,M,M,M
2025-05-15,M,M,M,M,M,M,M,M,M,61,0.08,M,M,0.0,M,M,M,M,M,M,M,M,M,M
2025-05-16,M,M,M,M,M,M,M,M,M,M,S,M,M,M,M,M,M,M,M,M,M,M,M,M
2025-05-17,M,M,M,M,M,M,M,M,M,65,0.00A,M,M,0.0,M,M,M,M,M,M,M,M,M,M
2025-05-18,M,M,M,M,M,M,M,M,M,56,0.61,M,M,0.0,M,M,M,M,M,M,M,M,M,M
2025-05-19,M,M,M,M,M,M,M,M,M,48,0.03,M,M,0.0,M,M,M,M,M,M,M,M,M,M
2025-05-20,M,M,M,M,M,M,M,M,M,45,0.00,M,M,0.0,M,M,M,M,M,M,M,M,M,M
2025-05-21,M,M,M,M,M,M,M,M,M,48,0.03,M,M,0.0,M,M,M,M,M,M,M,M,M,M
2025-05-22,M,M,M,M,M,M,M,M,M,45,0.10,M,M,0.0,M,M,M,M,M,M,M,M,M,M
2025-05-23,M,M,M,M,M,M,M,M,M,43,0.13,M,M,0.0,M,M,M,M,M,M,M,M,M,M
2025-05-24,M,M,M,M,M,M,M,M,M,47,0.12,M,M,0.0,M,M,M,M,M,M,M,M,M,M
2025-05-25,M,M,M,M,M,M,M,M,M,49,0.02,M,M,0.0,M,M,M,M,M,M,M,M,M,M
2025-05-26,M,M,M,M,M,M,M,M,M,46,T,M,M,0.0,M,M,M,M,M,M,M,M,M,M
2025-05-27,M,M,M,M,M,M,M,M,M,47,0.10,M,M,0.0,M,M,M,M,M,M,M,M,M,M
2025-05-28,M,M,M,M,M,M,M,M,M,49,0.00,M,M,0.0,M,M,M,M,M,M,M,M,M,M
2025-05-29,M,M,M,M,M,M,M,M,M,56,T,M,M,0.0,M,M,M,M,M,M,M,M,M,M
2025-05-30,M,M,M,M,M,M,M,M,M,54,T,M,M,0.0,M,M,M,M,M,M,M,M,M,M
2025-05-31,M,M,M,M,M,M,M,M,M,57,0.18,M,M,0.0,M,M,M,M,M,M,M,M,M,M
2025-06-01,M,M,M,M,M,M,M,M,M,48,1.55,M,M,0.0,M,M,M,M,M,M,M,M,M,M
2025-06-02,M,M,M,M,M,M,M,M,M,47,0.04,M,M,0.0,M,M,M,M,M,M,M,M,M,M
2025-06-03,M,M,M,M,M,M,M,M,M,43,0.00,M,M,0.0,M,M,M,M,M,M,M,M,M,M
2025-06-04,M,M,M,M,M,M,M,M,M,52,0.00,M,M,0.0,M,M,M,M,M,M,M,M,M,M
2025-06-05,M,M,M,M,M,M,M,M,M,60,0.00,M,M,0.0,M,M,M,M,M,M,M,M,M,M
2025-06-06,M,M,M,M,M,M,M,M,M,67,0.21,M,M,0.0,M,M,M,M,M,M,M,M,M,M
2025-06-07,M,M,M,M,M,M,M,M,M,63,0.62,M,M,0.0,M,M,M,M,M,M,M,M,M,M
2025-06-08,M,M,M,M,M,M,M,M,M,57,0.78,M,M,0.0,M,M,M,M,M,M,M,M,M,M
2025-06-09,M,M,M,M,M,M,M,M,M,60,0.09,M,M,0.0,M,M,M,M,M,M,M,M,M,M
2025-06-10,M,M,M,M,M,M,M,M,M,62,0.25,M,M,0.0,M,M,M,M,M,M,M,M,M,M
2025-06-11,M,M,M,M,M,M,M,M,M,52,0.15,M,M,0.0,M,M,M,M,M,M,M,M,M,M
2025-06-12,M,M,M,M,M,M,M,M,M,58,0.00,M,M,0.0,M,M,M,M,M,M,M,M,M,M
2025-06-13,M,M,M,M,M,M,M,M,M,53,0.00,M,M,0.0,M,M,M,M,M,M,M,M,M,M
2025-06-14,M,M,M,M,M,M,M,M,M,56,0.08,M,M,0.0,M,M,M,M,M,M,M,M,M,M
2025-06-15,M,M,M,M,M,M,M,M,M,56,T,M,M,0.0,M,M,M,M,M,M,M,M,M,M
2025-06-16,M,M,M,M,M,M,M,M,M,58,0.00,M,M,0.0,M,M,M,M,M,M,M,M,M,M
2025-06-17,M,M,M,M,M,M,M,M,M,60,0.02,M,M,0.0,M,M,M,M,M,M,M,M,M,M
2025-06-18,M,M,M,M,M,M,M,M,M,65,0.12,M,M,0.0,M,M,M,M,M,M,M,M,M,M
2025-06-19,M,M,M,M,M,M,M,M,M,70,0.00,M,M,0.0,M,M,M,M,M,M,M,M,M,M
2025-06-20,M,M,M,M,M,M,M,M,M,64,0.03,M,M,0.0,M,M,M,M,M,M,M,M,M,M
2025-06-21,M,M,M,M,M,M,M,M,M,56,0.00,M,M,0.0,M,M,M,M,M,M,M,M,M,M
2025-06-22,M,M,M,M,M,M,M,M,M,69,0.22,M,M,0.0,M,M,M,M,M,M,M,M,M,M
2025-06-23,M,M,M,M,M,M,M,M,M,70,0.12,M,M,0.0,M,M,M,M,M,M,M,M,M,M
2025-06-24,M,M,M,M,M,M,M,M,M,74,0.00,M,M,0.0,M,M,M,M,M,M,M,M,M,M
2025-06-25,M,M,M,M,M,M,M,M,M,71,0.00,M,M,0.0,M,M,M,M,M,M,M,M,M,M
2025-06-26,M,M,M,M,M,M,M,M,M,68,0.00,M,M,0.0,M,M,M,M,M,M,M,M,M,M
2025-06-27,M,M,M,M,M,M,M,M,M,62,0.00,M,M,0.0,M,M,M,M,M,M,M,M,M,M
2025-06-28,M,M,M,M,M,M,M,M,M,62,0.03,M,M,0.0,M,M,M,M,M,M,M,M,M,M
2025-06-29,M,M,M,M,M,M,M,M,M,63,0.25,M,M,0.0,M,M,M,M,M,M,M,M,M,M
2025-06-30,M,M,M,M,M,M,M,M,M,59,0.00,M,M,0.0,M,M,M,M,M,M,M,M,M,M
2025-07-01,M,M,M,M,M,M,M,M,M,72,0.03,M,M,0.0,M,M,M,M,M,M,M,M,M,M
2025-07-02,M,M,M,M,M,M,M,M,M,68,0.02,M,M,0.0,M,M,M,M,M,M,M,M,M,M
2025-07-03,M,M,M,M,M,M,M,M,M,62,0.00,M,M,0.0,M,M,M,M,M,M,M,M,M,M
2025-07-04,M,M,M,M,M,M,M,M,M,57,0.09,M,M,0.0,M,M,M,M,M,M,M,M,M,M
2025-07-05,M,M,M,M,M,M,M,M,M,56,0.00,M,M,0.0,M,M,M,M,M,M,M,M,M,M
2025-07-06,M,M,M,M,M,M,M,M,M,63,0.00,M,M,0.0,M,M,M,M,M,M,M,M,M,M
2025-07-07,M,M,M,M,M,M,M,M,M,66,T,M,M,0.0,M,M,M,M,M,M,M,M,M,M
2025-07-08,M,M,M,M,M,M,M,M,M,72,0.00,M,M,0.0,M,M,M,M,M,M,M,M,M,M
2025-07-09,M,M,M,M,M,M,M,M,M,68,0.00,M,M,0.0,M,M,M,M,M,M,M,M,M,M
2025-07-10,M,M,M,M,M,M,M,M,M,67,0.00,M,M,0.0,M,M,M,M,M,M,M,M,M,M
2025-07-11,M,M,M,M,M,M,M,M,M,68,0.27,M,M,0.0,M,M,M,M,M,M,M,M,M,M
2025-07-12,M,M,M,M,M,M,M,M,M,M,M,M,M,M,M,M,M,M,M,M,M,M,M,M
2025-07-13,M,M,M,M,M,M,M,M,M,M,S,M,M,M,M,M,M,M,M,M,M,M,M,M
2025-07-14,M,M,M,M,M,M,M,M,M,M,M,M,M,M,M,M,M,M,M,M,M,M,M,M
2025-07-15,M,M,M,M,M,M,M,M,M,M,M,M,M,M,M,M,M,M,M,M,M,M,M,M
2025-07-16,M,M,M,M,M,M,M,M,M,M,M,M,M,M,M,M,M,M,M,M,M,M,M,M
2025-07-17,M,M,M,M,M,M,M,M,M,M,M,M,M,M,M,M,M,M,M,M,M,M,M,M
2025-07-18,M,M,M,M,M,M,M,M,M,M,M,M,M,M,M,M,M,M,M,M,M,M,M,M
2025-07-19,M,M,M,M,M,M,M,M,M,M,M,M,M,M,M,M,M,M,M,M,M,M,M,M
2025-07-20,M,M,M,M,M,M,M,M,M,68,1.15A,M,M,0.0,M,M,M,M,M,M,M,M,M,M
2025-07-21,M,M,M,M,M,M,M,M,M,62,T,M,M,0.0,M,M,M,M,M,M,M,M,M,M
2025-07-22,M,M,M,M,M,M,M,M,M,53,0.00,M,M,0.0,M,M,M,M,M,M,M,M,M,M
2025-07-23,M,M,M,M,M,M,M,M,M,55,0.00,M,M,0.0,M,M,M,M,M,M,M,M,M,M
2025-07-24,M,M,M,M,M,M,M,M,M,62,0.00,M,M,0.0,M,M,M,M,M,M,M,M,M,M
2025-07-25,M,M,M,M,M,M,M,M,M,70,0.00,M,M,0.0,M,M,M,M,M,M,M,M,M,M
2025-07-26,M,M,M,M,M,M,M,M,M,63,0.00,M,M,0.0,M,M,M,M,M,M,M,M,M,M
2025-07-27,M,M,M,M,M,M,M,M,M,67,0.03,M,M,0.0,M,M,M,M,M,M,M,M,M,M
2025-07-28,M,M,M,M,M,M,M,M,M,68,0.56,M,M,0.0,M,M,M,M,M,M,M,M,M,M
2025-07-29,M,M,M,M,M,M,M,M,M,68,0.00,M,M,0.0,M,M,M,M,M,M,M,M,M,M
2025-07-30,M,M,M,M,M,M,M,M,M,67,0.00,M,M,0.0,M,M,M,M,M,M,M,M,M,M
2025-07-31,M,M,M,M,M,M,M,M,M,70,T,M,M,0.0,M,M,M,M,M,M,M,M,M,M
2025-08-01,M,M,M,M,M,M,M,M,M,54,0.34,M,M,0.0,M,M,M,M,M,M,M,M,M,M
2025-08-02,M,M,M,M,M,M,M,M,M,55,0.00,M,M,0.0,M,M,M,M,M,M,M,M,M,M
2025-08-03,M,M,M,M,M,M,M,M,M,55,0.00,M,M,0.0,M,M,M,M,M,M,M,M,M,M
2025-08-04,M,M,M,M,M,M,M,M,M,60,0.00,M,M,0.0,M,M,M,M,M,M,M,M,M,M
2025-08-05,M,M,M,M,M,M,M,M,M,64,0.00,M,M,0.0,M,M,M,M,M,M,M,M,M,M
2025-08-06,M,M,M,M,M,M,M,M,M,61,0.00,M,M,0.0,M,M,M,M,M,M,M,M,M,M
2025-08-07,M,M,M,M,M,M,M,M,M,66,0.00,M,M,0.0,M,M,M,M,M,M,M,M,M,M
2025-08-08,M,M,M,M,M,M,M,M,M,64,0.69,M,M,0.0,M,M,M,M,M,M,M,M,M,M
2025-08-09,M,M,M,M,M,M,M,M,M,60,T,M,M,0.0,M,M,M,M,M,M,M,M,M,M
2025-08-10,M,M,M,M,M,M,M,M,M,61,0.00,M,M,0.0,M,M,M,M,M,M,M,M,M,M
2025-08-11,M,M,M,M,M,M,M,M,M,63,0.00,M,M,0.0,M,M,M,M,M,M,M,M,M,M
2025-08-12,M,M,M,M,M,M,M,M,M,62,0.00,M,M,0.0,M,M,M,M,M,M,M,M,M,M
2025-08-13,M,M,M,M,M,M,M,M,M,65,0.00,M,M,0.0,M,M,M,M,M,M,M,M,M,M
2025-08-14,M,M,M,M,M,M,M,M,M,70,0.85,M,M,0.0,M,M,M,M,M,M,M,M,M,M
2025-08-15,M,M,M,M,M,M,M,M,M,62,0.02,M,M,0.0,M,M,M,M,M,M,M,M,M,M
2025-08-16,M,M,M,M,M,M,M,M,M,M,M,M,M,M,M,M,M,M,M,M,M,M,M,M
2025-08-17,M,M,M,M,M,M,M,M,M,M,M,M,M,M,M,M,M,M,M,M,M,M,M,M
2025-08-18,M,M,M,M,M,M,M,M,M,53,0.06,M,M,0.0,M,M,M,M,M,M,M,M,M,M
2025-08-19,M,M,M,M,M,M,M,M,M,54,0.00,M,M,0.0,M,M,M,M,M,M,M,M,M,M
2025-08-20,M,M,M,M,M,M,M,M,M,58,0.07,M,M,0.0,M,M,M,M,M,M,M,M,M,M
2025-08-21,M,M,M,M,M,M,M,M,M,57,0.32,M,M,0.0,M,M,M,M,M,M,M,M,M,M
2025-08-22,M,M,M,M,M,M,M,M,M,56,0.00,M,M,0.0,M,M,M,M,M,M,M,M,M,M
2025-08-23,M,M,M,M,M,M,M,M,M,57,0.00,M,M,0.0,M,M,M,M,M,M,M,M,M,M
2025-08-24,M,M,M,M,M,M,M,M,M,63,0.00,M,M,0.0,M,M,M,M,M,M,M,M,M,M
2025-08-25,M,M,M,M,M,M,M,M,M,65,0.16,M,M,0.0,M,M,M,M,M,M,M,M,M,M
2025-08-26,M,M,M,M,M,M,M,M,M,56,0.00,M,M,0.0,M,M,M,M,M,M,M,M,M,M
2025-08-27,M,M,M,M,M,M,M,M,M,57,0.00,M,M,0.0,M,M,M,M,M,M,M,M,M,M
2025-08-28,M,M,M,M,M,M,M,M,M,47,T,M,M,0.0,M,M,M,M,M,M,M,M,M,M
2025-08-29,M,M,M,M,M,M,M,M,M,55,0.05,M,M,0.0,M,M,M,M,M,M,M,M,M,M
2025-08-30,M,M,M,M,M,M,M,M,M,48,0.20,M,M,0.0,M,M,M,M,M,M,M,M,M,M
2025-08-31,M,M,M,M,M,M,M,M,M,48,0.00,M,M,0.0,M,M,M,M,M,M,M,M,M,M
2025-09-01,M,M,M,M,M,M,M,M,M,52,0.00,M,M,0.0,M,M,M,M,M,M,M,M,M,M
2025-09-02,M,M,M,M,M,M,M,M,M,56,0.00,M,M,0.0,M,M,M,M,M,M,M,M,M,M
2025-09-03,M,M,M,M,M,M,M,M,M,50,0.00,M,M,0.0,M,M,M,M,M,M,M,M,M,M
2025-09-04,M,M,M,M,M,M,M,M,M,51,0.00,M,M,0.0,M,M,M,M,M,M,M,M,M,M
2025-09-05,M,M,M,M,M,M,M,M,M,60,0.40,M,M,0.0,M,M,M,M,M,M,M,M,M,M
2025-09-06,M,M,M,M,M,M,M,M,M,64,0.00,M,M,0.0,M,M,M,M,M,M,M,M,M,M
2025-09-07,M,M,M,M,M,M,M,M,M,58,0.42,M,M,0.0,M,M,M,M,M,M,M,M,M,M
2025-09-08,M,M,M,M,M,M,M,M,M,47,0.00,M,M,0.0,M,M,M,M,M,M,M,M,M,M
2025-09-09,M,M,M,M,M,M,M,M,M,47,0.00,M,M,0.0,M,M,M,M,M,M,M,M,M,M
2025-09-10,M,M,M,M,M,M,M,M,M,48,0.00,M,M,0.0,M,M,M,M,M,M,M,M,M,M
2025-09-11,M,M,M,M,M,M,M,M,M,49,0.00,M,M,0.0,M,M,M,M,M,M,M,M,M,M
2025-09-12,M,M,M,M,M,M,M,M,M,52,0.00,M,M,0.0,M,M,M,M,M,M,M,M,M,M
2025-09-13,M,M,M,M,M,M,M,M,M,51,0.00,M,M,0.0,M,M,M,M,M,M,M,M,M,M
2025-09-14,M,M,M,M,M,M,M,M,M,57,0.00,M,M,0.0,M,M,M,M,M,M,M,M,M,M
2025-09-15,M,M,M,M,M,M,M,M,M,56,0.00,M,M,0.0,M,M,M,M,M,M,M,M,M,M
2025-09-16,M,M,M,M,M,M,M,M,M,53,0.00,M,M,0.0,M,M,M,M,M,M,M,M,M,M
2025-09-17,M,M,M,M,M,M,M,M,M,53,0.00,M,M,0.0,M,M,M,M,M,M,M,M,M,M
2025-09-18,M,M,M,M,M,M,M,M,M,50,0.00,M,M,0.0,M,M,M,M,M,M,M,M,M,M
2025-09-19,M,M,M,M,M,M,M,M,M,58,0.00,M,M,0.0,M,M,M,M,M,M,M,M,M,M
2025-09-20,M,M,M,M,M,M,M,M,M,46,0.00,M,M,0.0,M,M,M,M,M,M,M,M,M,M
2025-09-21,M,M,M,M,M,M,M,M,M,41,0.00,M,M,0.0,M,M,M,M,M,M,M,M,M,M
2025-09-22,M,M,M,M,M,M,M,M,M,49,0.00,M,M,0.0,M,M,M,M,M,M,M,M,M,M
2025-09-23,M,M,M,M,M,M,M,M,M,58,0.00,M,M,0.0,M,M,M,M,M,M,M,M,M,M
2025-09-24,M,M,M,M,M,M,M,M,M,71,0.06,M,M,0.0,M,M,M,M,M,M,M,M,M,M
2025-09-25,M,M,M,M,M,M,M,M,M,62,1.78,M,M,0.0,M,M,M,M,M,M,M,M,M,M
2025-09-26,M,M,M,M,M,M,M,M,M,59,0.74,M,M,0.0,M,M,M,M,M,M,M,M,M,M
2025-09-27,M,M,M,M,M,M,M,M,M,56,0.00,M,M,0.0,M,M,M,M,M,M,M,M,M,M
2025-09-28,M,M,M,M,M,M,M,M,M,58,0.00,M,M,0.0,M,M,M,M,M,M,M,M,M,M
2025-09-29,M,M,M,M,M,M,M,M,M,51,0.00,M,M,0.0,M,M,M,M,M,M,M,M,M,M
2025-09-30,M,M,M,M,M,M,M,M,M,51,0.00,M,M,0.0,M,M,M,M,M,M,M,M,M,M
2025-10-01,M,M,M,M,M,M,M,M,M,45,0.00,M,M,0.0,M,M,M,M,M,M,M,M,M,M
2025-10-02,M,M,M,M,M,M,M,M,M,41,0.00,M,M,0.0,M,M,M,M,M,M,M,M,M,M
2025-10-03,M,M,M,M,M,M,M,M,M,39,0.00,M,M,0.0,M,M,M,M,M,M,M,M,M,M
2025-10-04,M,M,M,M,M,M,M,M,M,46,0.00,M,M,0.0,M,M,M,M,M,M,M,M,M,M
2025-10-05,M,M,M,M,M,M,M,M,M,53,0.00,M,M,0.0,M,M,M,M,M,M,M,M,M,M
2025-10-06,M,M,M,M,M,M,M,M,M,51,0.00,M,M,0.0,M,M,M,M,M,M,M,M,M,M
2025-10-07,M,M,M,M,M,M,M,M,M,51,0.00,M,M,0.0,M,M,M,M,M,M,M,M,M,M
2025-10-08,M,M,M,M,M,M,M,M,M,57,1.13,M,M,0.0,M,M,M,M,M,M,M,M,M,M
2025-10-09,M,M,M,M,M,M,M,M,M,40,0.23,M,M,0.0,M,M,M,M,M,M,M,M,M,M
2025-10-10,M,M,M,M,M,M,M,M,M,M,S,M,M,M,M,M,M,M,M,M,M,M,M,M
2025-10-11,M,M,M,M,M,M,M,M,M,M,M,M,M,M,M,M,M,M,M,M,M,M,M,M
2025-10-12,M,M,M,M,M,M,M,M,M,M,M,M,M,M,M,M,M,M,M,M,M,M,M,M
2025-10-13,M,M,M,M,M,M,M,M,M,M,M,M,M,M,M,M,M,M,M,M,M,M,M,M
2025-10-14,M,M,M,M,M,M,M,M,M,M,M,M,M,M,M,M,M,M,M,M,M,M,M,M
2025-10-15,M,M,M,M,M,M,M,M,M,M,M,M,M,M,M,M,M,M,M,M,M,M,M,M
2025-10-16,M,M,M,M,M,M,M,M,M,M,M,M,M,M,M,M,M,M,M,M,M,M,M,M
2025-10-17,M,M,M,M,M,M,M,M,M,M,M,M,M,M,M,M,M,M,M,M,M,M,M,M
2025-10-18,M,M,M,M,M,M,M,M,M,37,0.42A,M,M,0.0,M,M,M,M,M,M,M,M,M,M
2025-10-19,M,M,M,M,M,M,M,M,M,43,0.00,M,M,0.0,M,M,M,M,M,M,M,M,M,M
2025-10-20,M,M,M,M,M,M,M,M,M,63,0.03,M,M,0.0,M,M,M,M,M,M,M,M,M,M
2025-10-21,M,M,M,M,M,M,M,M,M,48,0.08,M,M,0.0,M,M,M,M,M,M,M,M,M,M
2025-10-22,M,M,M,M,M,M,M,M,M,M,S,M,M,M,M,M,M,M,M,M,M,M,M,M
2025-10-23,M,M,M,M,M,M,M,M,M,45,0.25A,M,M,0.0,M,M,M,M,M,M,M,M,M,M
2025-10-24,M,M,M,M,M,M,M,M,M,39,T,M,M,0.0,M,M,M,M,M,M,M,M,M,M
2025-10-25,M,M,M,M,M,M,M,M,M,38,0.02,M,M,0.0,M,M,M,M,M,M,M,M,M,M
2025-10-26,M,M,M,M,M,M,M,M,M,31,0.00,M,M,0.0,M,M,M,M,M,M,M,M,M,M
2025-10-27,M,M,M,M,M,M,M,M,M,28,0.00,M,M,0.0,M,M,M,M,M,M,M,M,M,M
2025-10-28,M,M,M,M,M,M,M,M,M,30,0.00,M,M,0.0,M,M,M,M,M,M,M,M,M,M
2025-10-29,M,M,M,M,M,M,M,M,M,32,0.00,M,M,0.0,M,M,M,M,M,M,M,M,M,M
2025-10-30,M,M,M,M,M,M,M,M,M,41,T,M,M,0.0,M,M,M,M,M,M,M,M,M,M
2025-10-31,M,M,M,M,M,M,M,M,M,50,2.02,M,M,0.0,M,M,M,M,M,M,M,M,M,M
2025-11-01,M,M,M,M,M,M,M,M,M,40,0.68,M,M,0.0,M,M,M,M,M,M,M,M,M,M
2025-11-02,M,M,M,M,M,M,M,M,M,28,0.00,M,M,0.0,M,M,M,M,M,M,M,M,M,M
2025-11-03,M,M,M,M,M,M,M,M,M,28,0.00,M,M,0.0,M,M,M,M,M,M,M,M,M,M
2025-11-04,M,M,M,M,M,M,M,M,M,43,0.28,M,M,0.0,M,M,M,M,M,M,M,M,M,M
2025-11-05,M,M,M,M,M,M,M,M,M,32,0.00,M,M,0.0,M,M,M,M,M,M,M,M,M,M
2025-11-06,M,M,M,M,M,M,M,M,M,38,0.08,M,M,0.0,M,M,M,M,M,M,M,M,M,M
2025-11-07,M,M,M,M,M,M,M,M,M,28,T,M,M,T,M,M,M,M,M,M,M,M,M,M
2025-11-08,M,M,M,M,M,M,M,M,M,45,0.11,M,M,0.0,M,M,M,M,M,M,M,M,M,M
2025-11-09,M,M,M,M,M,M,M,M,M,34,0.10,M,M,0.0,M,M,M,M,M,M,M,M,M,M
2025-11-10,M,M,M,M,M,M,M,M,M,39,0.39,M,M,0.0,M,M,M,M,M,M,M,M,M,M
2025-11-11,M,M,M,M,M,M,M,M,M,28,0.32,M,M,T,M,M,M,M,M,M,M,M,M,M
2025-11-12,M,M,M,M,M,M,M,M,M,32,0.00,M,M,0.0,M,M,M,M,M,M,M,M,M,M
2025-11-13,M,M,M,M,M,M,M,M,M,36,T,M,M,T,M,M,M,M,M,M,M,M,M,M
2025-11-14,M,M,M,M,M,M,M,M,M,29,0.00,M,M,0.0,M,M,M,M,M,M,M,M,M,M
2025-11-15,M,M,M,M,M,M,M,M,M,28,0.08,M,M,0.0,M,M,M,M,M,M,M,M,M,M
2025-11-16,M,M,M,M,M,M,M,M,M,42,0.49,M,M,0.0,M,M,M,M,M,M,M,M,M,M
2025-11-17,M,M,M,M,M,M,M,M,M,29,T,M,M,T,M,M,M,M,M,M,M,M,M,M
2025-11-18,M,M,M,M,M,M,M,M,M,32,0.00,M,M,0.0,M,M,M,M,M,M,M,M,M,M
2025-11-19,M,M,M,M,M,M,M,M,M,24,0.00,M,M,0.0,M,M,M,M,M,M,M,M,M,M
2025-11-20,M,M,M,M,M,M,M,M,M,22,0.00,M,M,0.0,M,M,M,M,M,M,M,M,M,M
2025-11-21,M,M,M,M,M,M,M,M,M,28,0.00,M,M,0.0,M,M,M,M,M,M,M,M,M,M
2025-11-22,M,M,M,M,M,M,M,M,M,37,T,M,M,T,M,M,M,M,M,M,M,M,M,M
2025-11-23,M,M,M,M,M,M,M,M,M,25,0.00,M,M,0.0,M,M,M,M,M,M,M,M,M,M
2025-11-24,M,M,M,M,M,M,M,M,M,32,T,M,M,T,M,M,M,M,M,M,M,M,M,M
2025-11-25,M,M,M,M,M,M,M,M,M,28,0.00,M,M,0.0,M,M,M,M,M,M,M,M,M,M
2025-11-26,M,M,M,M,M,M,M,M,M,43,0.42,M,M,0.0,M,M,M,M,M,M,M,M,M,M
2025-11-27,M,M,M,M,M,M,M,M,M,36,0.18,M,M,0.0,M,M,M,M,M,M,M,M,M,M
2025-11-28,M,M,M,M,M,M,M,M,M,34,T,M,M,T,M,M,M,M,M,M,M,M,M,M
2025-11-29,M,M,M,M,M,M,M,M,M,27,0.20,M,M,4.5,M,M,M,M,M,M,M,M,M,M
2025-11-30,M,M,M,M,M,M,M,M,M,27,T,M,M,T,M,M,M,M,M,M,M,M,M,M
2025-12-01,M,M,M,M,M,M,M,M,M,34,T,M,M,T,M,M,M,M,M,M,M,M,M,M
2025-12-02,M,M,M,M,M,M,M,M,M,22,T,M,M,T,M,M,M,M,M,M,M,M,M,M
2025-12-03,M,M,M,M,M,M,M,M,M,20,0.58,M,M,5.8,M,M,M,M,M,M,M,M,M,M
2025-12-04,M,M,M,M,M,M,M,M,M,28,0.00,M,M,0.0,M,M,M,M,M,M,M,M,M,M
2025-12-05,M,M,M,M,M,M,M,M,M,-2,0.00,M,M,0.0,M,M,M,M,M,M,M,M,M,M
2025-12-06,M,M,M,M,M,M,M,M,M,M,S,M,M,M,M,M,M,M,M,M,M,M,M,M
2025-12-07,M,M,M,M,M,M,M,M,M,28,0.00A,M,M,0.0,M,M,M,M,M,M,M,M,M,M
2025-12-08,M,M,M,M,M,M,M,M,M,18,T,M,M,T,M,M,M,M,M,M,M,M,M,M
2025-12-09,M,M,M,M,M,M,M,M,M,-2,0.00,M,M,0.0,M,M,M,M,M,M,M,M,M,M
2025-12-10,M,M,M,M,M,M,M,M,M,23,0.05,M,M,0.8,M,M,M,M,M,M,M,M,M,M
2025-12-11,M,M,M,M,M,M,M,M,M,27,0.53,M,M,7.0,M,M,M,M,M,M,M,M,M,M
2025-12-12,M,M,M,M,M,M,M,M,M,12,0.00,M,M,0.0,M,M,M,M,M,M,M,M,M,M
2025-12-13,M,M,M,M,M,M,M,M,M,25,0.00,M,M,0.0,M,M,M,M,M,M,M,M,M,M
2025-12-14,M,M,M,M,M,M,M,M,M,21,T,M,M,T,M,M,M,M,M,M,M,M,M,M
2025-12-15,M,M,M,M,M,M,M,M,M,3,0.00,M,M,0.0,M,M,M,M,M,M,M,M,M,M
2025-12-16,M,M,M,M,M,M,M,M,M,18,0.00,M,M,0.0,M,M,M,M,M,M,M,M,M,M
2025-12-17,M,M,M,M,M,M,M,M,M,21,0.00,M,M,0.0,M,M,M,M,M,M,M,M,M,M
2025-12-18,M,M,M,M,M,M,M,M,M,21,0.00,M,M,0.0,M,M,M,M,M,M,M,M,M,M
2025-12-19,M,M,M,M,M,M,M,M,M,41,0.11,M,M,0.0,M,M,M,M,M,M,M,M,M,M
2025-12-20,M,M,M,M,M,M,M,M,M,21,0.60,M,M,T,M,M,M,M,M,M,M,M,M,M
2025-12-21,M,M,M,M,M,M,M,M,M,32,0.00,M,M,0.0,M,M,M,M,M,M,M,M,M,M
2025-12-22,M,M,M,M,M,M,M,M,M,18,T,M,M,T,M,M,M,M,M,M,M,M,M,M
2025-12-23,M,M,M,M,M,M,M,M,M,27,0.00,M,M,0.0,M,M,M,M,M,M,M,M,M,M
2025-12-24,M,M,M,M,M,M,M,M,M,34,0.06,M,M,1.2,M,M,M,M,M,M,M,M,M,M
2025-12-25,M,M,M,M,M,M,M,M,M,25,0.00,M,M,0.0,M,M,M,M,M,M,M,M,M,M
2025-12-26,M,M,M,M,M,M,M,M,M,5,0.00,M,M,0.0,M,M,M,M,M,M,M,M,M,M
2025-12-27,M,M,M,M,M,M,M,M,M,15,0.35,M,M,4.0,M,M,M,M,M,M,M,M,M,M
2025-12-28,M,M,M,M,M,M,M,M,M,12,0.00,M,M,0.0,M,M,M,M,M,M,M,M,M,M
2025-12-29,M,M,M,M,M,M,M,M,M,32,0.30,M,M,0.0,M,M,M,M,M,M,M,M,M,M
2025-12-30,M,M,M,M,M,M,M,M,M,17,1.10,M,M,T,M,M,M,M,M,M,M,M,M,M
2025-12-31,M,M,M,M,M,M,M,M,M,18,T,M,M,T,M,M,M,M,M,M,M,M,M,M
2026-01-01,M,M,M,M,M,M,M,M,M,17,0.08,M,M,2.0,M,M,M,M,M,M,M,M,M,M
2026-01-02,M,M,M,M,M,M,M,M,M,3,0.00,M,M,0.0,M,M,M,M,M,M,M,M,M,M
2026-01-03,M,M,M,M,M,M,M,M,M,13,0.00,M,M,0.0,M,M,M,M,M,M,M,M,M,M
2026-01-04,M,M,M,M,M,M,M,M,M,17,T,M,M,T,M,M,M,M,M,M,M,M,M,M
2026-01-05,M,M,M,M,M,M,M,M,M,7,T,M,M,T,M,M,M,M,M,M,M,M,M,M
2026-01-06,M,M,M,M,M,M,M,M,M,22,0.05,M,M,1.0,M,M,M,M,M,M,M,M,M,M
2026-01-07,M,M,M,M,M,M,M,M,M,31,0.40,M,M,3.5,M,M,M,M,M,M,M,M,M,M
2026-01-08,M,M,M,M,M,M,M,M,M,33,T,M,M,T,M,M,M,M,M,M,M,M,M,M
2026-01-09,M,M,M,M,M,M,M,M,M,25,0.00,M,M,0.0,M,M,M,M,M,M,M,M,M,M
2026-01-10,M,M,M,M,M,M,M,M,M,28,0.24,M,M,0.0,M,M,M,M,M,M,M,M,M,M
2026-01-11,M,M,M,M,M,M,M,M,M,33,0.65,M,M,0.0,M,M,M,M,M,M,M,M,M,M
2026-01-12,M,M,M,M,M,M,M,M,M,23,T,M,M,T,M,M,M,M,M,M,M,M,M,M
2026-01-13,M,M,M,M,M,M,M,M,M,30,0.05,M,M,0.5,M,M,M,M,M,M,M,M,M,M
2026-01-14,M,M,M,M,M,M,M,M,M,33,0.00,M,M,0.0,M,M,M,M,M,M,M,M,M,M
2026-01-15,M,M,M,M,M,M,M,M,M,34,0.29,M,M,0.0,M,M,M,M,M,M,M,M,M,M
2026-01-16,M,M,M,M,M,M,M,M,M,12,T,M,M,T,M,M,M,M,M,M,M,M,M,M
2026-01-17,M,M,M,M,M,M,M,M,M,23,0.07,M,M,1.0,M,M,M,M,M,M,M,M,M,M
2026-01-18,M,M,M,M,M,M,M,M,M,27,0.24,M,M,2.6,M,M,M,M,M,M,M,M,M,M
2026-01-19,M,M,M,M,M,M,M,M,M,23,0.00,M,M,0.0,M,M,M,M,M,M,M,M,M,M
2026-01-20,M,M,M,M,M,M,M,M,M,15,T,M,M,T,M,M,M,M,M,M,M,M,M,M
2026-01-21,M,M,M,M,M,M,M,M,M,3,0.00,M,M,0.0,M,M,M,M,M,M,M,M,M,M
2026-01-22,M,M,M,M,M,M,M,M,M,22,0.12,M,M,4.2,M,M,M,M,M,M,M,M,M,M
2026-01-23,M,M,M,M,M,M,M,M,M,14,T,M,M,T,M,M,M,M,M,M,M,M,M,M
2026-01-24,M,M,M,M,M,M,M,M,M,-8,0.00,M,M,0.0,M,M,M,M,M,M,M,M,M,M
2026-01-25,M,M,M,M,M,M,M,M,M,-0,0.00,M,M,0.0,M,M,M,M,M,M,M,M,M,M
2026-01-26,M,M,M,M,M,M,M,M,M,11,1.02,M,M,8.5,M,M,M,M,M,M,M,M,M,M
2026-01-27,M,M,M,M,M,M,M,M,M,-2,0.05,M,M,2.0,M,M,M,M,M,M,M,M,M,M
2026-01-28,M,M,M,M,M,M,M,M,M,-5,0.00,M,M,0.0,M,M,M,M,M,M,M,M,M,M
2026-01-29,M,M,M,M,M,M,M,M,M,4,0.00,M,M,0.0,M,M,M,M,M,M,M,M,M,M
2026-01-30,M,M,M,M,M,M,M,M,M,-3,0.00,M,M,0.0,M,M,M,M,M,M,M,M,M,M
2026-01-31,M,M,M,M,M,M,M,M,M,-1,0.00,M,M,0.0,M,M,M,M,M,M,M,M,M,M
2026-02-01,M,M,M,M,M,M,M,M,M,-3,0.00,M,M,0.0,M,M,M,M,M,M,M,M,M,M
2026-02-02,M,M,M,M,M,M,M,M,M,-8,0.00,M,M,0.0,M,M,M,M,M,M,M,M,M,M
2026-02-03,M,M,M,M,M,M,M,M,M,-2,0.00,M,M,0.0,M,M,M,M,M,M,M,M,M,M
2026-02-04,M,M,M,M,M,M,M,M,M,18,0.00,M,M,0.0,M,M,M,M,M,M,M,M,M,M
2026-02-05,M,M,M,M,M,M,M,M,M,4,0.00,M,M,0.0,M,M,M,M,M,M,M,M,M,M
2026-02-06,M,M,M,M,M,M,M,M,M,7,0.00,M,M,0.0,M,M,M,M,M,M,M,M,M,M
2026-02-07,M,M,M,M,M,M,M,M,M,18,0.04,M,M,0.8,M,M,M,M,M,M,M,M,M,M
2026-02-08,M,M,M,M,M,M,M,M,M,-9,T,M,M,T,M,M,M,M,M,M,M,M,M,M
2026-02-09,M,M,M,M,M,M,M,M,M,-14,0.00,M,M,0.0,M,M,M,M,M,M,M,M,M,M
2026-02-10,M,M,M,M,M,M,M,M,M,8,0.00,M,M,0.0,M,M,M,M,M,M,M,M,M,M
2026-02-11,M,M,M,M,M,M,M,M,M,25,0.15,M,M,2.0,M,M,M,M,M,M,M,M,M,M
2026-02-12,M,M,M,M,M,M,M,M,M,22,T,M,M,T,M,M,M,M,M,M,M,M,M,M
2026-02-13,M,M,M,M,M,M,M,M,M,8,0.00,M,M,0.0,M,M,M,M,M,M,M,M,M,M
2026-02-14,M,M,M,M,M,M,M,M,M,M,S,M,M,M,M,M,M,M,M,M,M,M,M,M
2026-02-15,M,M,M,M,M,M,M,M,M,M,M,M,M,M,M,M,M,M,M,M,M,M,M,M
2026-02-16,M,M,M,M,M,M,M,M,M,M,M,M,M,M,M,M,M,M,M,M,M,M,M,M
2026-02-17,M,M,M,M,M,M,M,M,M,M,M,M,M,M,M,M,M,M,M,M,M,M,M,M
2026-02-18,M,M,M,M,M,M,M,M,M,M,M,M,M,M,M,M,M,M,M,M,M,M,M,M
2026-02-19,M,M,M,M,M,M,M,M,M,M,M,M,M,M,M,M,M,M,M,M,M,M,M,M
2026-02-20,M,M,M,M,M,M,M,M,M,M,M,M,M,M,M,M,M,M,M,M,M,M,M,M
2026-02-21,M,M,M,M,M,M,M,M,M,M,M,M,M,M,M,M,M,M,M,M,M,M,M,M
2026-02-22,M,M,M,M,M,M,M,M,M,24,0.80A,M,M,6.1,M,M,M,M,M,M,M,M,M,M
2026-02-23,M,M,M,M,M,M,M,M,M,27,T,M,M,0.7,M,M,M,M,M,M,M,M,M,M
2026-02-24,M,M,M,M,M,M,M,M,M,16,0.00,M,M,0.0,M,M,M,M,M,M,M,M,M,M
2026-02-25,M,M,M,M,M,M,M,M,M,12,T,M,M,0.5,M,M,M,M,M,M,M,M,M,M
2026-02-26,M,M,M,M,M,M,M,M,M,20,T,M,M,0.4,M,M,M,M,M,M,M,M,M,M
2026-02-27,M,M,M,M,M,M,M,M,M,8,0.00,M,M,0.0,M,M,M,M,M,M,M,M,M,M
2026-02-28,M,M,M,M,M,M,M,M,M,26,0.00,M,M,0.0,M,M,M,M,M,M,M,M,M,M
2026-03-01,M,M,M,M,M,M,M,M,M,29,T,M,M,T,M,M,M,M,M,M,M,M,M,M
2026-03-02,M,M,M,M,M,M,M,M,M,3,T,M,M,T,M,M,M,M,M,M,M,M,M,M
2026-03-03,M,M,M,M,M,M,M,M,M,6,0.00,M,M,0.0,M,M,M,M,M,M,M,M,M,M
2026-03-04,M,M,M,M,M,M,M,M,M,26,0.20,M,M,2.0,M,M,M,M,M,M,M,M,M,M
2026-03-05,M,M,M,M,M,M,M,M,M,25,0.00,M,M,0.0,M,M,M,M,M,M,M,M,M,M
2026-03-06,M,M,M,M,M,M,M,M,M,M,S,M,M,M,M,M,M,M,M,M,M,M,M,M
2026-03-07,M,M,M,M,M,M,M,M,M,M,M,M,M,M,M,M,M,M,M,M,M,M,M,M
2026-03-08,M,M,M,M,M,M,M,M,M,M,M,M,M,M,M,M,M,M,M,M,M,M,M,M
2026-03-09,M,M,M,M,M,M,M,M,M,M,M,M,M,M,M,M,M,M,M,M,M,M,M,M
2026-03-10,M,M,M,M,M,M,M,M,M,M,M,M,M,M,M,M,M,M,M,M,M,M,M,M
2026-03-11,M,M,M,M,M,M,M,M,M,M,M,M,M,M,M,M,M,M,M,M,M,M,M,M
2026-03-12,M,M,M,M,M,M,M,M,M,M,M,M,M,M,M,M,M,M,M,M,M,M,M,M
2026-03-13,M,M,M,M,M,M,M,M,M,M,M,M,M,M,M,M,M,M,M,M,M,M,M,M
2026-03-14,M,M,M,M,M,M,M,M,M,M,M,M,M,M,M,M,M,M,M,M,M,M,M,M
2026-03-15,M,M,M,M,M,M,M,M,M,M,M,M,M,M,M,M,M,M,M,M,M,M,M,M
2026-03-16,M,M,M,M,M,M,M,M,M,34,1.35A,M,M,T,M,M,M,M,M,M,M,M,M,M
2026-03-17,M,M,M,M,M,M,M,M,M,32,0.23,M,M,T,M,M,M,M,M,M,M,M,M,M
2026-03-18,M,M,M,M,M,M,M,M,M,16,0.00,M,M,0.0,M,M,M,M,M,M,M,M,M,M
2026-03-19,M,M,M,M,M,M,M,M,M,27,0.00,M,M,0.0,M,M,M,M,M,M,M,M,M,M
2026-03-20,M,M,M,M,M,M,M,M,M,27,0.00,M,M,0.0,M,M,M,M,M,M,M,M,M,M
2026-03-21,M,M,M,M,M,M,M,M,M,33,0.31,M,M,0.0,M,M,M,M,M,M,M,M,M,M
2026-03-22,M,M,M,M,M,M,M,M,M,33,T,M,M,T,M,M,M,M,M,M,M,M,M,M
2026-03-23,M,M,M,M,M,M,M,M,M,30,0.14,M,M,T,M,M,M,M,M,M,M,M,M,M
2026-03-24,M,M,M,M,M,M,M,M,M,27,0.00,M,M,0.0,M,M,M,M,M,M,M,M,M,M
2026-03-25,M,M,M,M,M,M,M,M,M,29,0.00,M,M,0.0,M,M,M,M,M,M,M,M,M,M
2026-03-26,M,M,M,M,M,M,M,M,M,36,0.02,M,M,0.0,M,M,M,M,M,M,M,M,M,M
2026-03-27,M,M,M,M,M,M,M,M,M,M,S,M,M,M,M,M,M,M,M,M,M,M,M,M
2026-03-28,M,M,M,M,M,M,M,M,M,M,M,M,M,M,M,M,M,M,M,M,M,M,M,M
2026-03-29,M,M,M,M,M,M,M,M,M,19,0.50A,M,M,T,M,M,M,M,M,M,M,M,M,M
2026-03-30,M,M,M,M,M,M,M,M,M,30,0.00,M,M,0.0,M,M,M,M,M,M,M,M,M,M
2026-03-31,M,M,M,M,M,M,M,M,M,47,0.02,M,M,0.0,M,M,M,M,M,M,M,M,M,M
2026-04-01,M,M,M,M,M,M,M,M,M,M,M,M,M,M,M,M,M,M,M,M,M,M,M,M
2026-04-02,M,M,M,M,M,M,M,M,M,36,0.02,M,M,0.0,M,M,M,M,M,M,M,M,M,M
2026-04-03,M,M,M,M,M,M,M,M,M,37,0.17,M,M,0.0,M,M,M,M,M,M,M,M,M,M
2026-04-04,M,M,M,M,M,M,M,M,M,45,0.12,M,M,0.0,M,M,M,M,M,M,M,M,M,M
2026-04-05,M,M,M,M,M,M,M,M,M,42,T,M,M,0.0,M,M,M,M,M,M,M,M,M,M
2026-04-06,M,M,M,M,M,M,M,M,M,35,0.21,M,M,0.0,M,M,M,M,M,M,M,M,M,M
2026-04-07,M,M,M,M,M,M,M,M,M,31,T,M,M,T,M,M,M,M,M,M,M,M,M,M
2026-04-08,M,M,M,M,M,M,M,M,M,21,T,M,M,0.5,M,M,M,M,M,M,M,M,M,M
2026-04-09,M,M,M,M,M,M,M,M,M,26,0.00,M,M,0.0,M,M,M,M,M,M,M,M,M,M
2026-04-10,M,M,M,M,M,M,M,M,M,40,0.00,M,M,0.0,M,M,M,M,M,M,M,M,M,M
2026-04-11,M,M,M,M,M,M,M,M,M,41,0.08,M,M,0.0,M,M,M,M,M,M,M,M,M,M
2026-04-12,M,M,M,M,M,M,M,M,M,28,0.00,M,M,0.0,M,M,M,M,M,M,M,M,M,M
2026-04-13,M,M,M,M,M,M,M,M,M,44,0.03,M,M,0.0,M,M,M,M,M,M,M,M,M,M
2026-04-14,M,M,M,M,M,M,M,M,M,48,T,M,M,0.0,M,M,M,M,M,M,M,M,M,M
2026-04-15,M,M,M,M,M,M,M,M,M,50,0.10,M,M,0.0,M,M,M,M,M,M,M,M,M,M
2026-04-16,M,M,M,M,M,M,M,M,M,59,0.10,M,M,0.0,M,M,M,M,M,M,M,M,M,M
2026-04-17,M,M,M,M,M,M,M,M,M,58,0.29,M,M,0.0,M,M,M,M,M,M,M,M,M,M
2026-04-18,M,M,M,M,M,M,M,M,M,47,T,M,M,0.0,M,M,M,M,M,M,M,M,M,M
2026-04-19,M,M,M,M,M,M,M,M,M,52,0.20,M,M,0.0,M,M,M,M,M,M,M,M,M,M
2026-04-20,M,M,M,M,M,M,M,M,M,30,0.33,M,M,T,M,M,M,M,M,M,M,M,M,M
2026-04-21,M,M,M,M,M,M,M,M,M,26,T,M,M,T,M,M,M,M,M,M,M,M,M,M
2026-04-22,M,M,M,M,M,M,M,M,M,40,0.00,M,M,0.0,M,M,M,M,M,M,M,M,M,M
2026-04-23,M,M,M,M,M,M,M,M,M,35,0.00,M,M,0.0,M,M,M,M,M,M,M,M,M,M
2026-04-24,M,M,M,M,M,M,M,M,M,38,0.00,M,M,0.0,M,M,M,M,M,M,M,M,M,M
2026-04-25,M,M,M,M,M,M,M,M,M,32,0.00,M,M,0.0,M,M,M,M,M,M,M,M,M,M
2026-04-26,M,M,M,M,M,M,M,M,M,37,0.00,M,M,0.0,M,M,M,M,M,M,M,M,M,M
2026-04-27,M,M,M,M,M,M,M,M,M,38,0.00,M,M,0.0,M,M,M,M,M,M,M,M,M,M
2026-04-28,M,M,M,M,M,M,M,M,M,41,0.00,M,M,0.0,M,M,M,M,M,M,M,M,M,M
2026-04-29,M,M,M,M,M,M,M,M,M,46,0.00,M,M,0.0,M,M,M,M,M,M,M,M,M,M
2026-04-30,M,M,M,M,M,M,M,M,M,48,0.70,M,M,0.0,M,M,M,M,M,M,M,M,M,M
2026-05-01,M,M,M,M,M,M,M,M,M,41,0.03,M,M,0.0,M,M,M,M,M,M,M,M,M,M
2026-05-02,M,M,M,M,M,M,M,M,M,45,0.02,M,M,0.0,M,M,M,M,M,M,M,M,M,M
2026-05-03,M,M,M,M,M,M,M,M,M,39,0.00,M,M,0.0,M,M,M,M,M,M,M,M,M,M
2026-05-04,M,M,M,M,M,M,M,M,M,44,T,M,M,0.0,M,M,M,M,M,M,M,M,M,M
2026-05-05,M,M,M,M,M,M,M,M,M,52,0.00,M,M,0.0,M,M,M,M,M,M,M,M,M,M
2026-05-06,M,M,M,M,M,M,M,M,M,55,0.05,M,M,0.0,M,M,M,M,M,M,M,M,M,M
2026-05-07,M,M,M,M,M,M,M,M,M,44,1.08,M,M,0.0,M,M,M,M,M,M,M,M,M,M
2026-05-08,M,M,M,M,M,M,M,M,M,37,0.00,M,M,0.0,M,M,M,M,M,M,M,M,M,M
2026-05-09,M,M,M,M,M,M,M,M,M,36,0.00,M,M,0.0,M,M,M,M,M,M,M,M,M,M
2026-05-10,M,M,M,M,M,M,M,M,M,50,0.30,M,M,0.0,M,M,M,M,M,M,M,M,M,M
2026-05-11,M,M,M,M,M,M,M,M,M,37,0.18,M,M,0.0,M,M,M,M,M,M,M,M,M,M
2026-05-12,M,M,M,M,M,M,M,M,M,36,0.00,M,M,0.0,M,M,M,M,M,M,M,M,M,M
2026-05-13,M,M,M,M,M,M,M,M,M,46,0.00,M,M,0.0,M,M,M,M,M,M,M,M,M,M
2026-05-14,M,M,M,M,M,M,M,M,M,51,0.31,M,M,0.0,M,M,M,M,M,M,M,M,M,M
2026-05-15,M,M,M,M,M,M,M,M,M,48,0.12,M,M,0.0,M,M,M,M,M,M,M,M,M,M
2026-05-16,M,M,M,M,M,M,M,M,M,46,0.04,M,M,0.0,M,M,M,M,M,M,M,M,M,M
2026-05-17,M,M,M,M,M,M,M,M,M,58,0.00,M,M,0.0,M,M,M,M,M,M,M,M,M,M
2026-05-18,M,M,M,M,M,M,M,M,M,57,0.00,M,M,0.0,M,M,M,M,M,M,M,M,M,M
2026-05-19,M,M,M,M,M,M,M,M,M,64,0.00,M,M,0.0,M,M,M,M,M,M,M,M,M,M
2026-05-20,M,M,M,M,M,M,M,M,M,64,0.00,M,M,0.0,M,M,M,M,M,M,M,M,M,M
2026-05-21,M,M,M,M,M,M,M,M,M,54,0.00,M,M,0.0,M,M,M,M,M,M,M,M,M,M
2026-05-22,M,M,M,M,M,M,M,M,M,41,0.00,M,M,0.0,M,M,M,M,M,M,M,M,M,M
2026-05-23,M,M,M,M,M,M,M,M,M,46,0.00,M,M,0.0,M,M,M,M,M,M,M,M,M,M
2026-05-24,M,M,M,M,M,M,M,M,M,48,0.22,M,M,0.0,M,M,M,M,M,M,M,M,M,M
2026-05-25,M,M,M,M,M,M,M,M,M,52,0.90,M,M,0.0,M,M,M,M,M,M,M,M,M,M
2026-05-26,M,M,M,M,M,M,M,M,M,51,0.18,M,M,0.0,M,M,M,M,M,M,M,M,M,M
2026-05-27,M,M,M,M,M,M,M,M,M,59,0.00,M,M,0.0,M,M,M,M,M,M,M,M,M,M
2026-05-28,M,M,M,M,M,M,M,M,M,57,0.00,M,M,0.0,M,M,M,M,M,M,M,M,M,M
2026-05-29,M,M,M,M,M,M,M,M,M,52,T,M,M,0.0,M,M,M,M,M,M,M,M,M,M
2026-05-30,M,M,M,M,M,M,M,M,M,47,0.25,M,M,0.0,M,M,M,M,M,M,M,M,M,M
2026-05-31,M,M,M,M,M,M,M,M,M,41,0.09,M,M,0.0,M,M,M,M,M,M,M,M,M,M
2026-06-01,M,M,M,M,M,M,M,M,M,45,0.03,M,M,0.0,M,M,M,M,M,M,M,M,M,M
2026-06-02,M,M,M,M,M,M,M,M,M,45,0.00,M,M,0.0,M,M,M,M,M,M,M,M,M,M
2026-06-03,M,M,M,M,M,M,M,M,M,46,0.00,M,M,0.0,M,M,M,M,M,M,M,M,M,M
2026-06-04,M,M,M,M,M,M,M,M,M,53,0.00,M,M,0.0,M,M,M,M,M,M,M,M,M,M
2026-06-05,M,M,M,M,M,M,M,M,M,55,0.00,M,M,0.0,M,M,M,M,M,M,M,M,M,M
2026-06-06,M,M,M,M,M,M,M,M,M,63,0.00,M,M,0.0,M,M,M,M,M,M,M,M,M,M
2026-06-07,M,M,M,M,M,M,M,M,M,66,0.10,M,M,0.0,M,M,M,M,M,M,M,M,M,M
2026-06-08,M,M,M,M,M,M,M,M,M,51,0.11,M,M,0.0,M,M,M,M,M,M,M,M,M,M
2026-06-09,M,M,M,M,M,M,M,M,M,52,0.00,M,M,0.0,M,M,M,M,M,M,M,M,M,M
2026-06-10,M,M,M,M,M,M,M,M,M,63,0.00,M,M,0.0,M,M,M,M,M,M,M,M,M,M
2026-06-11,M,M,M,M,M,M,M,M,M,67,0.04,M,M,0.0,M,M,M,M,M,M,M,M,M,M
2026-06-12,M,M,M,M,M,M,M,M,M,73,0.00,M,M,0.0,M,M,M,M,M,M,M,M,M,M
2026-06-13,M,M,M,M,M,M,M,M,M,61,0.00,M,M,0.0,M,M,M,M,M,M,M,M,M,M
2026-06-14,M,M,M,M,M,M,M,M,M,58,0.00,M,M,0.0,M,M,M,M,M,M,M,M,M,M
2026-06-15,M,M,M,M,M,M,M,M,M,62,0.76,M,M,0.0,M,M,M,M,M,M,M,M,M,M
2026-06-16,M,M,M,M,M,M,M,M,M,49,0.00,M,M,0.0,M,M,M,M,M,M,M,M,M,M
2026-06-17,M,M,M,M,M,M,M,M,M,52,0.00,M,M,0.0,M,M,M,M,M,M,M,M,M,M
2026-06-18,M,M,M,M,M,M,M,M,M,62,0.12,M,M,0.0,M,M,M,M,M,M,M,M,M,M
2026-06-19,M,M,M,M,M,M,M,M,M,62,0.78,M,M,0.0,M,M,M,M,M,M,M,M,M,M
2026-06-20,M,M,M,M,M,M,M,M,M,62,0.00,M,M,0.0,M,M,M,M,M,M,M,M,M,M
2026-06-21,M,M,M,M,M,M,M,M,M,53,0.00,M,M,0.0,M,M,M,M,M,M,M,M,M,M
2026-06-22,M,M,M,M,M,M,M,M,M,56,0.22,M,M,0.0,M,M,M,M,M,M,M,M,M,M
2026-06-23,M,M,M,M,M,M,M,M,M,59,0.98,M,M,0.0,M,M,M,M,M,M,M,M,M,M
2026-06-24,M,M,M,M,M,M,M,M,M,57,0.00,M,M,0.0,M,M,M,M,M,M,M,M,M,M
2026-06-25,M,M,M,M,M,M,M,M,M,58,0.00,M,M,0.0,M,M,M,M,M,M,M,M,M,M
2026-06-26,M,M,M,M,M,M,M,M,M,61,0.52,M,M,0.0,M,M,M,M,M,M,M,M,M,M
2026-06-27,M,M,M,M,M,M,M,M,M,60,0.00,M,M,0.0,M,M,M,M,M,M,M,M,M,M
2026-06-28,M,M,M,M,M,M,M,M,M,62,0.00,M,M,0.0,M,M,M,M,M,M,M,M,M,M
2026-06-29,M,M,M,M,M,M,M,M,M,59,0.00,M,M,0.0,M,M,M,M,M,M,M,M,M,M
2026-06-30,M,M,M,M,M,M,M,M,M,60,0.00,M,M,0.0,M,M,M,M,M,M,M,M,M,M
2026-07-01,M,M,M,M,M,M,M,M,M,69,S,M,M,0.0,M,M,M,M,M,M,M,M,M,M
2026-07-02,M,M,M,M,M,M,M,M,M,70,0.35A,M,M,0.0,M,M,M,M,M,M,M,M,M,M
2026-07-03,M,M,M,M,M,M,M,M,M,73,0.00,M,M,0.0,M,M,M,M,M,M,M,M,M,M
2026-07-04,M,M,M,M,M,M,M,M,M,70,0.00,M,M,0.0,M,M,M,M,M,M,M,M,M,M
2026-07-05,M,M,M,M,M,M,M,M,M,64,T,M,M,0.0,M,M,M,M,M,M,M,M,M,M
2026-07-06,M,M,M,M,M,M,M,M,M,66,0.00,M,M,0.0,M,M,M,M,M,M,M,M,M,M
2026-07-07,M,M,M,M,M,M,M,M,M,64,T,M,M,0.0,M,M,M,M,M,M,M,M,M,M
2026-07-08,M,M,M,M,M,M,M,M,M,61,0.22,M,M,0.0,M,M,M,M,M,M,M,M,M,M
2026-07-09,M,M,M,M,M,M,M,M,M,64,0.00,M,M,0.0,M,M,M,M,M,M,M,M,M,M
2026-07-10,M,M,M,M,M,M,M,M,M,68,0.00,M,M,0.0,M,M,M,M,M,M,M,M,M,M
2026-07-11,M,M,M,M,M,M,M,M,M,M,S,M,M,M,M,M,M,M,M,M,M,M,M,M
2026-07-12,M,M,M,M,M,M,M,M,M,57,0.00A,M,M,0.0,M,M,M,M,M,M,M,M,M,M
2026-07-13,M,M,M,M,M,M,M,M,M,59,0.00,M,M,0.0,M,M,M,M,M,M,M,M,M,M
2026-07-14,M,M,M,M,M,M,M,M,M,67,0.00,M,M,0.0,M,M,M,M,M,M,M,M,M,M
2026-07-15,M,M,M,M,M,M,M,M,M,79,0.00,M,M,0.0,M,M,M,M,M,M,M,M,M,M
2026-07-16,M,M,M,M,M,M,M,M,M,64,0.00,M,M,0.0,M,M,M,M,M,M,M,M,M,M
2026-07-17,M,M,M,M,M,M,M,M,M,54,0.02,M,M,0.0,M,M,M,M,M,M,M,M,M,M
2026-07-18,M,M,M,M,M,M,M,M,M,63,0.00,M,M,0.0,M,M,M,M,M,M,M,M,M,M
2026-07-19,M,M,M,M,M,M,M,M,M,64,0.27,M,M,0.0,M,M,M,M,M,M,M,M,M,M
2026-07-20,M,M,M,M,M,M,M,M,M,57,0.00,M,M,0.0,M,M,M,M,M,M,M,M,M,M
2026-07-21,M,M,M,M,M,M,M,M,M,64,0.00,M,M,0.0,M,M,M,M,M,M,M,M,M,M
2026-07-22,M,M,M,M,M,M,M,M,M,68,0.08,M,M,0.0,M,M,M,M,M,M,M,M,M,M
2026-07-23,M,M,M,M,M,M,M,M,M,53,0.00,M,M,0.0,M,M,M,M,M,M,M,M,M,M
2026-07-24,M,M,M,M,M,M,M,M,M,52,0.00,M,M,0.0,M,M,M,M,M,M,M,M,M,M
2026-07-25,M,M,M,M,M,M,M,M,M,55,0.00,M,M,0.0,M,M,M,M,M,M,M,M,M,M
2026-07-26,M,M,M,M,M,M,M,M,M,57,0.00,M,M,0.0,M,M,M,M,M,M,M,M,M,M
2026-07-27,M,M,M,M,M,M,M,M,M,65,0.00,M,M,0.0,M,M,M,M,M,M,M,M,M,M
2026-07-28,M,M,M,M,M,M,M,M,M,64,0.00,M,M,0.0,M,M,M,M,M,M,M,M,M,M
2026-07-29,M,M,M,M,M,M,M,M,M,66,3.10,M,M,0.0,M,M,M,M,M,M,M,M,M,M
2026-07-30,M,M,M,M,M,M,M,M,M,63,2.95,M,M,0.0,M,M,M,M,M,M,M,M,M,M
2026-07-31,M,M,M,M,M,M,M,M,M,63,0.05,M,M,0.0,M,M,M,M,M,M,M,M,M,M
2026-08-01,M,M,M,M,M,M,M,M,M,63,0.03,M,M,0.0,M,M,M,M,M,M,M,M,M,M
2026-08-02,M,M,M,M,M,M,M,M,M,70,0.00,M,M,0.0,M,M,M,M,M,M,M,M,M,M
2026-08-03,M,M,M,M,M,M,M,M,M,70,0.58,M,M,0.0,M,M,M,M,M,M,M,M,M,M
2026-08-04,M,M,M,M,M,M,M,M,M,61,0.03,M,M,0.0,M,M,M,M,M,M,M,M,M,M
2026-08-05,M,M,M,M,M,M,M,M,M,61,0.00,M,M,0.0,M,M,M,M,M,M,M,M,M,M
2026-08-06,M,M,M,M,M,M,M,M,M,66,0.00,M,M,0.0,M,M,M,M,M,M,M,M,M,M
2026-08-07,M,M,M,M,M,M,M,M,M,70,T,M,M,0.0,M,M,M,M,M,M,M,M,M,M
2026-08-08,M,M,M,M,M,M,M,M,M,M,M,M,M,M,M,M,M,M,M,M,M,M,M,M
2026-08-09,M,M,M,M,M,M,M,M,M,M,M,M,M,M,M,M,M,M,M,M,M,M,M,M
2026-08-10,M,M,M,M,M,M,M,M,M,M,M,M,M,M,M,M,M,M,M,M,M,M,M,M
2026-08-11,M,M,M,M,M,M,M,M,M,66,T,M,M,0.0,M,M,M,M,M,M,M,M,M,M
2026-08-12,M,M,M,M,M,M,M,M,M,61,0.00,M,M,0.0,M,M,M,M,M,M,M,M,M,M
2026-08-13,M,M,M,M,M,M,M,M,M,64,0.03,M,M,0.0,M,M,M,M,M,M,M,M,M,M
2026-08-14,M,M,M,M,M,M,M,M,M,60,0.08,M,M,0.0,M,M,M,M,M,M,M,M,M,M
2026-08-15,M,M,M,M,M,M,M,M,M,58,0.20,M,M,0.0,M,M,M,M,M,M,M,M,M,M
2026-08-16,M,M,M,M,M,M,M,M,M,53,0.00,M,M,0.0,M,M,M,M,M,M,M,M,M,M
2026-08-17,M,M,M,M,M,M,M,M,M,66,0.15,M,M,0.0,M,M,M,M,M,M,M,M,M,M
2026-08-18,M,M,M,M,M,M,M,M,M,66,0.02,M,M,0.0,M,M,M,M,M,M,M,M,M,M
2026-08-19,M,M,M,M,M,M,M,M,M,60,0.00,M,M,0.0,M,M,M,M,M,M,M,M,M,M
2026-08-20,M,M,M,M,M,M,M,M,M,62,0.00,M,M,0.0,M,M,M,M,M,M,M,M,M,M
2026-08-21,M,M,M,M,M,M,M,M,M,57,T,M,M,0.0,M,M,M,M,M,M,M,M,M,M
2026-08-22,M,M,M,M,M,M,M,M,M,M,M,M,M,M,M,M,M,M,M,M,M,M,M,M
2026-08-23,M,M,M,M,M,M,M,M,M,M,M,M,M,M,M,M,M,M,M,M,M,M,M,M
2026-08-24,M,M,M,M,M,M,M,M,M,57,0.91,M,M,0.0,M,M,M,M,M,M,M,M,M,M
2026-08-25,M,M,M,M,M,M,M,M,M,61,0.00,M,M,0.0,M,M,M,M,M,M,M,M,M,M
2026-08-26,M,M,M,M,M,M,M,M,M,59,0.45,M,M,0.0,M,M,M,M,M,M,M,M,M,M
2026-08-27,M,M,M,M,M,M,M,M,M,59,0.00,M,M,0.0,M,M,M,M,M,M,M,M,M,M
2026-08-28,M,M,M,M,M,M,M,M,M,63,0.76,M,M,0.0,M,M,M,M,M,M,M,M,M,M
2026-08-29,M,M,M,M,M,M,M,M,M,54,0.00,M,M,0.0,M,M,M,M,M,M,M,M,M,M
2026-08-30,M,M,M,M,M,M,M,M,M,57,0.00,M,M,0.0,M,M,M,M,M,M,M,M,M,M
2026-08-31,M,M,M,M,M,M,M,M,M,59,T,M,M,0.0,M,M,M,M,M,M,M,M,M,M
2026-09-01,M,M,M,M,M,M,M,M,M,66,0.08,M,M,0.0,M,M,M,M,M,M,M,M,M,M
2026-09-02,M,M,M,M,M,M,M,M,M,64,0.49,M,M,0.0,M,M,M,M,M,M,M,M,M,M
2026-09-03,M,M,M,M,M,M,M,M,M,64,0.02,M,M,0.0,M,M,M,M,M,M,M,M,M,M
2026-09-04,M,M,M,M,M,M,M,M,M,61,T,M,M,0.0,M,M,M,M,M,M,M,M,M,M
2026-09-05,M,M,M,M,M,M,M,M,M,60,0.00,M,M,0.0,M,M,M,M,M,M,M,M,M,M
2026-09-06,M,M,M,M,M,M,M,M,M,61,T,M,M,0.0,M,M,M,M,M,M,M,M,M,M
2026-09-07,M,M,M,M,M,M,M,M,M,55,0.00,M,M,0.0,M,M,M,M,M,M,M,M,M,M
2026-09-08,M,M,M,M,M,M,M,M,M,53,0.00,M,M,0.0,M,M,M,M,M,M,M,M,M,M
2026-09-09,M,M,M,M,M,M,M,M,M,55,0.00,M,M,0.0,M,M,M,M,M,M,M,M,M,M
2026-09-10,M,M,M,M,M,M,M,M,M,67,0.60,M,M,0.0,M,M,M,M,M,M,M,M,M,M
2026-09-11,M,M,M,M,M,M,M,M,M,56,0.00,M,M,0.0,M,M,M,M,M,M,M,M,M,M
2026-09-12,M,M,M,M,M,M,M,M,M,47,0.00,M,M,0.0,M,M,M,M,M,M,M,M,M,M
2026-09-13,M,M,M,M,M,M,M,M,M,62,0.38,M,M,0.0,M,M,M,M,M,M,M,M,M,M
2026-09-14,M,M,M,M,M,M,M,M,M,60,0.21,M,M,0.0,M,M,M,M,M,M,M,M,M,M
2026-09-15,M,M,M,M,M,M,M,M,M,47,0.00,M,M,0.0,M,M,M,M,M,M,M,M,M,M
2026-09-16,M,M,M,M,M,M,M,M,M,57,0.00,M,M,0.0,M,M,M,M,M,M,M,M,M,M
2026-09-17,M,M,M,M,M,M,M,M,M,62,0.00,M,M,0.0,M,M,M,M,M,M,M,M,M,M
2026-09-18,M,M,M,M,M,M,M,M,M,64,0.32,M,M,0.0,M,M,M,M,M,M,M,M,M,M
2026-09-19,M,M,M,M,M,M,M,M,M,48,0.00,M,M,0.0,M,M,M,M,M,M,M,M,M,M
2026-09-20,M,M,M,M,M,M,M,M,M,50,T,M,M,0.0,M,M,M,M,M,M,M,M,M,M
