Date,MaxT,MinT,Precip,Snow,SnowDepth
1898-08-07,82,70,0.00,M,M
1898-08-08,80,68,0.66,M,M
1898-08-09,78,64,0.03,M,M
1898-08-10,66,60,0.20,M,M
1898-08-11,86,60,0.00,M,M
1898-08-12,84,60,0.16,M,M
1898-08-13,76,62,0.00,M,M
1898-08-14,78,60,0.00,M,M
1898-08-15,80,60,0.00,M,M
1898-08-16,84,64,0.30,M,M
1898-08-17,82,66,0.16,M,M
1898-08-18,86,M,0.88,M,M
1898-08-19,M,58,0.00,M,M
1898-08-20,76,60,0.00,M,M
1898-08-21,82,62,0.75,M,M
1898-08-22,88,60,0.53,M,M
1898-08-23,88,72,0.00,M,M
1898-08-24,76,60,1.73,M,M
1898-08-25,80,60,0.00,M,M
1898-08-26,80,62,0.00,M,M
1898-08-27,66,58,0.00,M,M
1898-08-28,70,56,0.00,M,M
1898-08-29,76,45,0.00,M,M
1898-08-30,70,56,0.00,M,M
1898-08-31,80,60,0.00,M,M
1898-09-01,88,71,0.00,M,M
1898-09-02,90,67,0.24,M,M
1898-09-03,86,73,0.08,M,M
1898-09-04,89,69,0.18,M,M
1898-09-05,81,59,0.00,M,M
1898-09-06,82,60,0.00,M,M
1898-09-07,70,55,0.80,M,M
1898-09-08,70,50,0.00,M,M
1898-09-09,70,38,0.00,M,M
1898-09-10,65,48,0.00,M,M
1898-09-11,62,49,0.00,M,M
1898-09-12,65,44,0.00,M,M
1898-09-13,70,56,0.00,M,M
1898-09-14,68,60,0.00,M,M
1898-09-15,72,58,0.00,M,M
1898-09-16,76,55,0.12,M,M
1898-09-17,76,49,0.00,M,M
1898-09-18,78,62,0.00,M,M
1898-09-19,68,M,0.00,M,M
1898-09-20,M,44,0.00,M,M
1898-09-21,65,50,0.00,M,M
1898-09-22,60,48,0.65,M,M
1898-09-23,70,46,0.00,M,M
1898-09-24,60,48,0.00,M,M
1898-09-25,65,46,0.00,M,M
1898-09-26,68,50,0.11,M,M
1898-09-27,60,48,0.00,M,M
1898-09-28,65,55,0.00,M,M
1898-09-29,72,60,0.00,M,M
1898-09-30,78,54,0.00,M,M
1898-10-01,78,62,0.00,M,M
1898-10-02,75,60,0.00,M,M
1898-10-03,80,50,0.00,M,M
1898-10-04,72,62,2.25,M,M
1898-10-05,70,62,0.00,M,M
1898-10-06,63,42,0.00,M,M
1898-10-07,65,48,0.65,M,M
1898-10-08,66,50,0.00,M,M
1898-10-09,55,44,0.00,M,M
1898-10-10,65,30,0.25,M,M
1898-10-11,55,45,0.00,M,M
1898-10-12,48,42,0.16,M,M
1898-10-13,50,38,0.46,M,M
1898-10-14,48,40,0.00,M,M
1898-10-15,50,32,0.00,M,M
1898-10-16,48,38,0.00,M,M
1898-10-17,58,32,0.00,M,M
1898-10-18,47,28,0.25,M,M
1898-10-19,50,37,0.00,M,M
1898-10-20,68,40,0.00,M,M
1898-10-21,70,36,0.00,M,M
1898-10-22,65,45,0.00,M,M
1898-10-23,70,40,0.00,M,M
1898-10-24,72,35,0.00,M,M
1898-10-25,65,36,0.86,M,M
1898-10-26,51,35,0.00,M,M
1898-10-27,70,35,0.00,M,M
1898-10-28,60,38,0.00,M,M
1898-10-29,42,28,0.00,M,M
1898-10-30,50,30,0.00,M,M
1898-10-31,55,32,0.00,M,M
1898-11-01,68,32,0.00,0.0,M
1898-11-02,70,40,0.00,0.0,M
1898-11-03,62,45,0.00,0.0,M
1898-11-04,60,50,0.00,0.0,M
1898-11-05,60,38,0.00,0.0,M
1898-11-06,62,40,0.08,0.0,M
1898-11-07,65,32,0.00,0.0,M
1898-11-08,62,38,0.00,0.0,M
1898-11-09,64,40,0.00,0.0,M
1898-11-10,45,38,2.00,0.0,M
1898-11-11,48,34,0.50,0.0,M
1898-11-12,42,21,0.00,0.0,M
1898-11-13,45,28,0.00,0.0,M
1898-11-14,50,26,0.50,0.0,M
1898-11-15,42,32,0.00,0.0,M
1898-11-16,48,28,0.00,0.0,M
1898-11-17,60,29,0.00,0.0,M
1898-11-18,42,40,0.00,0.0,M
1898-11-19,48,29,0.94,0.0,M
1898-11-20,45,28,0.25,0.0,M
1898-11-21,40,25,0.00,0.0,M
1898-11-22,40,22,0.12,0.0,M
1898-11-23,32,20,0.00,0.0,M
1898-11-24,30,20,0.60,6.0,M
1898-11-25,24,13,0.00,0.0,M
1898-11-26,40,15,0.00,0.0,M
1898-11-27,35,14,0.20,2.0,M
1898-11-28,30,22,0.00,0.0,M
1898-11-29,29,20,0.00,0.0,M
1898-11-30,32,18,0.00,0.0,M
1898-12-01,32,20,0.00,0.0,M
1898-12-02,40,25,0.00,0.0,M
1898-12-03,35,19,0.00,0.0,M
1898-12-04,34,22,1.10,11.0,M
1898-12-05,38,20,0.00,0.0,M
1898-12-06,32,24,0.00,0.0,M
1898-12-07,32,16,0.00,0.0,M
1898-12-08,22,12,0.00,0.0,M
1898-12-09,24,14,0.00,0.0,M
1898-12-10,32,20,0.00,0.0,M
1898-12-11,35,21,0.30,3.0,M
1898-12-12,22,12,0.10,1.0,M
1898-12-13,20,-10,0.00,0.0,M
1898-12-14,22,-2,0.00,0.0,M
1898-12-15,24,4,0.00,0.0,M
1898-12-16,28,10,0.00,0.0,M
1898-12-17,34,18,0.10,0.0,M
1898-12-18,30,24,0.00,0.0,M
1898-12-19,42,30,0.20,2.0,M
1898-12-20,40,30,0.00,0.0,M
1898-12-21,34,24,0.00,0.0,M
1898-12-22,30,20,0.20,2.0,M
1898-12-23,28,18,0.10,1.0,M
1898-12-24,30,16,0.00,0.0,M
1898-12-25,30,12,0.00,0.0,M
1898-12-26,28,18,0.20,2.0,M
1898-12-27,20,13,0.00,0.0,M
1898-12-28,24,18,0.00,0.0,M
1898-12-29,M,12,0.00,0.0,M
1898-12-30,40,M,0.20,0.0,M
1898-12-31,38,13,0.60,6.0,M
1899-01-01,20,-18,0.60,6.0,M
1899-01-02,18,-4,0.00,0.0,M
1899-01-03,28,10,0.00,0.0,M
1899-01-04,32,25,0.00,0.0,M
1899-01-05,40,28,0.00,0.0,M
1899-01-06,32,M,0.00,0.0,M
1899-01-07,M,14,0.40,4.0,M
1899-01-08,20,11,0.00,0.0,M
1899-01-09,28,M,0.20,0.0,M
1899-01-10,M,-18,0.00,0.0,M
1899-01-11,13,-13,0.00,0.0,M
1899-01-12,18,-8,0.00,0.0,M
1899-01-13,20,10,0.00,0.0,M
1899-01-14,35,M,0.20,2.0,M
1899-01-15,30,22,0.10,1.0,M
1899-01-16,35,28,0.00,0.0,M
1899-01-17,38,29,0.00,0.0,M
1899-01-18,28,14,0.00,0.0,M
1899-01-19,26,18,0.00,0.0,M
1899-01-20,28,5,0.00,0.0,M
1899-01-21,36,18,0.00,0.0,M
1899-01-22,35,22,0.10,1.0,M
1899-01-23,40,28,0.00,0.0,M
1899-01-24,35,22,0.25,2.5,M
1899-01-25,36,24,0.00,0.0,M
1899-01-26,42,20,0.00,0.0,M
1899-01-27,20,4,0.00,0.0,M
1899-01-28,28,13,0.00,0.0,M
1899-01-29,25,-5,0.00,0.0,M
1899-01-30,18,-4,0.00,0.0,M
1899-01-31,10,-4,0.00,0.0,M
1899-02-01,24,10,0.00,0.0,M
1899-02-02,30,18,0.00,0.0,M
1899-02-03,35,25,0.00,0.0,M
1899-02-04,36,24,0.35,3.5,M
1899-02-05,30,28,0.20,2.0,M
1899-02-06,28,20,0.10,1.0,M
1899-02-07,34,14,0.80,8.0,M
1899-02-08,20,-10,1.20,12.0,M
1899-02-09,10,-8,0.00,0.0,M
1899-02-10,6,-4,0.00,0.0,M
1899-02-11,8,-5,0.85,8.5,M
1899-02-12,20,-5,0.00,0.0,M
1899-02-13,4,-6,0.00,0.0,M
1899-02-14,10,-2,0.00,0.0,M
1899-02-15,24,6,0.00,0.0,M
1899-02-16,25,14,0.00,0.0,M
1899-02-17,44,25,0.15,0.0,M
1899-02-18,52,28,0.00,0.0,M
1899-02-19,40,21,0.00,0.0,M
1899-02-20,50,28,0.30,0.0,M
1899-02-21,47,33,0.12,0.0,M
1899-02-22,45,28,0.00,0.0,M
1899-02-23,37,24,0.00,0.0,M
1899-02-24,40,28,0.00,0.0,M
1899-02-25,36,32,0.00,0.0,M
1899-02-26,32,27,0.25,0.0,M
1899-02-27,38,24,0.00,0.0,M
1899-02-28,39,22,0.00,0.0,M
1899-03-01,37,24,0.00,0.0,M
1899-03-02,36,28,0.80,8.0,M
1899-03-03,40,25,0.00,0.0,M
1899-03-04,42,28,0.25,2.5,M
1899-03-05,M,29,0.75,0.0,M
1899-03-06,40,24,0.00,0.0,M
1899-03-07,29,22,1.75,17.5,M
1899-03-08,28,19,0.00,0.0,M
1899-03-09,M,10,0.10,0.0,M
1899-03-10,42,M,0.00,0.0,M
1899-03-11,59,28,0.11,0.0,M
1899-03-12,34,29,0.00,0.0,M
1899-03-13,35,28,0.00,0.0,M
1899-03-14,36,24,0.00,0.0,M
1899-03-15,29,22,0.20,0.0,M
1899-03-16,31,24,0.00,0.0,M
1899-03-17,29,22,0.00,0.0,M
1899-03-18,35,29,0.25,0.0,M
1899-03-19,36,24,0.57,0.0,M
1899-03-20,32,25,0.00,0.0,M
1899-03-21,30,21,0.00,0.0,M
1899-03-22,34,29,0.00,0.0,M
1899-03-23,30,29,0.00,0.0,M
1899-03-24,34,25,0.00,0.0,M
1899-03-25,32,22,0.00,0.0,M
1899-03-26,30,24,0.00,0.0,M
1899-03-27,29,24,0.60,6.0,M
1899-03-28,34,20,0.00,0.0,M
1899-03-29,35,22,0.20,2.0,M
1899-03-30,38,24,0.65,0.0,M
1899-03-31,35,28,0.20,2.0,M
1899-04-01,29,24,0.10,1.0,M
1899-04-02,32,29,0.20,2.0,M
1899-04-03,35,20,0.00,0.0,M
1899-04-04,32,26,0.00,0.0,M
1899-04-05,35,24,0.00,0.0,M
1899-04-06,40,20,0.20,1.0,M
1899-04-07,45,28,0.47,2.0,M
1899-04-08,38,28,0.05,0.0,M
1899-04-09,35,29,0.30,0.0,M
1899-04-10,38,28,0.32,0.0,M
1899-04-11,40,30,0.00,0.0,M
1899-04-12,50,35,0.00,0.0,M
1899-04-13,60,36,0.00,0.0,M
1899-04-14,55,29,0.00,0.0,M
1899-04-15,60,32,0.20,0.0,M
1899-04-16,50,34,0.00,0.0,M
1899-04-17,55,30,0.00,0.0,M
1899-04-18,65,34,0.00,0.0,M
1899-04-19,50,32,0.00,0.0,M
1899-04-20,60,38,0.00,0.0,M
1899-04-21,60,35,0.00,0.0,M
1899-04-22,60,34,0.00,0.0,M
1899-04-23,55,38,0.00,0.0,M
1899-04-24,76,39,0.00,0.0,M
1899-04-25,60,40,1.05,0.0,M
1899-04-26,62,45,0.00,0.0,M
1899-04-27,63,40,0.00,0.0,M
1899-04-28,65,45,0.00,0.0,M
1899-04-29,58,49,0.00,0.0,M
1899-04-30,75,39,0.00,0.0,M
1899-05-01,76,62,0.10,M,M
1899-05-02,85,60,0.45,M,M
1899-05-03,76,64,0.00,M,M
1899-05-04,78,60,0.00,M,M
1899-05-05,70,M,0.00,M,M
1899-05-06,80,M,0.00,M,M
1899-05-07,82,64,0.00,M,M
1899-05-08,80,60,0.00,M,M
1899-05-09,70,50,0.00,M,M
1899-05-10,70,45,0.00,M,M
1899-05-11,74,46,0.00,M,M
1899-05-12,78,42,0.00,M,M
1899-05-13,70,45,0.00,M,M
1899-05-14,60,45,0.00,M,M
1899-05-15,62,46,0.00,M,M
1899-05-16,67,50,0.45,M,M
1899-05-17,70,60,0.10,M,M
1899-05-18,65,50,0.15,M,M
1899-05-19,68,45,0.60,M,M
1899-05-20,65,45,1.00,M,M
1899-05-21,60,48,0.00,M,M
1899-05-22,60,47,0.00,M,M
1899-05-23,70,45,0.00,M,M
1899-05-24,68,48,0.00,M,M
1899-05-25,69,47,0.00,M,M
1899-05-26,75,45,0.40,M,M
1899-05-27,80,49,0.00,M,M
1899-05-28,80,50,0.00,M,M
1899-05-29,84,62,0.00,M,M
1899-05-30,70,60,0.00,M,M
1899-05-31,85,65,0.00,M,M
1899-06-01,85,62,0.00,M,M
1899-06-02,82,63,0.00,M,M
1899-06-03,80,60,0.00,M,M
1899-06-04,85,60,0.00,M,M
1899-06-05,82,62,0.00,M,M
1899-06-06,89,65,0.00,M,M
1899-06-07,90,65,0.00,M,M
1899-06-08,82,68,0.00,M,M
1899-06-09,85,60,0.10,M,M
1899-06-10,75,65,0.00,M,M
1899-06-11,76,62,0.00,M,M
1899-06-12,80,68,0.00,M,M
1899-06-13,87,70,0.00,M,M
1899-06-14,88,75,0.00,M,M
1899-06-15,90,55,0.00,M,M
1899-06-16,92,68,0.00,M,M
1899-06-17,70,62,0.14,M,M
1899-06-18,85,63,0.02,M,M
1899-06-19,78,68,0.00,M,M
1899-06-20,92,M,0.05,M,M
1899-06-21,80,55,0.00,M,M
1899-06-22,85,68,0.00,M,M
1899-06-23,89,60,0.88,M,M
1899-06-24,88,65,0.00,M,M
1899-06-25,80,62,0.00,M,M
1899-06-26,82,60,0.00,M,M
1899-06-27,75,68,0.44,M,M
1899-06-28,82,65,0.66,M,M
1899-06-29,82,62,0.00,M,M
1899-06-30,79,64,0.00,M,M
1899-07-01,89,68,0.00,M,M
1899-07-02,84,72,0.00,M,M
1899-07-03,93,72,0.00,M,M
1899-07-04,94,75,0.00,M,M
1899-07-05,85,68,0.00,M,M
1899-07-06,85,72,0.08,M,M
1899-07-07,86,64,0.00,M,M
1899-07-08,82,60,1.05,M,M
1899-07-09,69,60,0.35,M,M
1899-07-10,82,63,0.00,M,M
1899-07-11,80,66,0.00,M,M
1899-07-12,88,66,0.00,M,M
1899-07-13,80,62,0.00,M,M
1899-07-14,84,59,0.00,M,M
1899-07-15,85,65,0.35,M,M
1899-07-16,80,68,0.05,M,M
1899-07-17,85,62,0.00,M,M
1899-07-18,82,60,0.00,M,M
1899-07-19,83,69,0.00,M,M
1899-07-20,85,64,0.00,M,M
1899-07-21,88,63,0.00,M,M
1899-07-22,89,69,0.00,M,M
1899-07-23,88,64,0.00,M,M
1899-07-24,82,69,0.00,M,M
1899-07-25,83,68,0.00,M,M
1899-07-26,85,62,0.00,M,M
1899-07-27,80,63,0.06,M,M
1899-07-28,82,60,0.00,M,M
1899-07-29,80,64,0.00,M,M
1899-07-30,81,62,0.26,M,M
1899-07-31,79,61,0.00,M,M
1899-08-01,82,64,0.00,M,M
1899-08-02,84,68,0.38,M,M
1899-08-03,89,69,0.00,M,M
1899-08-04,83,62,0.00,M,M
1899-08-05,84,64,0.00,M,M
1899-08-06,86,60,0.00,M,M
1899-08-07,82,60,0.00,M,M
1899-08-08,79,M,0.00,M,M
1899-08-09,88,60,0.00,M,M
1899-08-10,72,55,0.24,M,M
1899-08-11,84,62,0.00,M,M
1899-08-12,85,63,0.00,M,M
1899-08-13,80,60,0.05,M,M
1899-08-14,82,61,0.00,M,M
1899-08-15,88,62,0.00,M,M
1899-08-16,85,60,0.00,M,M
1899-08-17,80,55,0.00,M,M
1899-08-18,85,60,0.00,M,M
1899-08-19,89,70,0.00,M,M
1899-08-20,92,75,0.00,M,M
1899-08-21,85,61,1.36,M,M
1899-08-22,80,62,0.00,M,M
1899-08-23,78,60,0.10,M,M
1899-08-24,75,62,0.06,M,M
1899-08-25,80,60,0.00,M,M
1899-08-26,84,62,0.00,M,M
1899-08-27,75,58,0.00,M,M
1899-08-28,85,52,0.00,M,M
1899-08-29,86,62,0.00,M,M
1899-08-30,84,60,0.00,M,M
1899-08-31,88,62,0.00,M,M
1899-09-01,80,60,0.00,0.0,M
1899-09-02,72,58,0.86,0.0,M
1899-09-03,76,62,0.00,0.0,M
1899-09-04,74,60,0.00,0.0,M
1899-09-05,76,62,0.00,0.0,M
1899-09-06,72,64,0.00,0.0,M
1899-09-07,72,60,0.00,0.0,M
1899-09-08,72,52,0.00,0.0,M
1899-09-09,74,40,0.00,0.0,M
1899-09-10,70,52,0.00,0.0,M
1899-09-11,68,56,0.00,0.0,M
1899-09-12,62,52,0.00,0.0,M
1899-09-13,60,50,0.00,0.0,M
1899-09-14,54,50,0.00,0.0,M
1899-09-15,61,50,0.00,0.0,M
1899-09-16,62,42,0.00,0.0,M
1899-09-17,60,40,0.00,0.0,M
1899-09-18,68,43,0.00,0.0,M
1899-09-19,62,44,0.00,0.0,M
1899-09-20,65,50,0.00,0.0,M
1899-09-21,62,46,0.30,0.0,M
1899-09-22,68,46,0.00,0.0,M
1899-09-23,70,52,0.00,0.0,M
1899-09-24,68,53,0.30,0.0,M
1899-09-25,66,50,1.98,0.0,M
1899-09-26,62,54,0.75,0.0,M
1899-09-27,65,50,0.00,0.0,M
1899-09-28,62,51,0.00,0.0,M
1899-09-29,63,52,0.00,0.0,M
1899-09-30,62,54,0.30,T,M
1899-10-01,M,M,M,M,M
1899-10-02,M,M,M,M,M
1899-10-03,M,M,M,M,M
1899-10-04,M,M,M,M,M
1899-10-05,M,M,M,M,M
1899-10-06,M,M,M,M,M
1899-10-07,M,M,M,M,M
1899-10-08,M,M,M,M,M
1899-10-09,M,M,M,M,M
1899-10-10,M,M,M,M,M
1899-10-11,M,M,M,M,M
1899-10-12,M,M,M,M,M
1899-10-13,M,M,M,M,M
1899-10-14,M,M,M,M,M
1899-10-15,M,M,M,M,M
1899-10-16,M,M,M,M,M
1899-10-17,M,M,M,M,M
1899-10-18,M,M,M,M,M
1899-10-19,M,M,M,M,M
1899-10-20,M,M,M,M,M
1899-10-21,M,M,M,M,M
1899-10-22,M,M,M,M,M
1899-10-23,M,M,M,M,M
1899-10-24,M,M,M,M,M
1899-10-25,M,M,M,M,M
1899-10-26,M,M,M,M,M
1899-10-27,M,M,M,M,M
1899-10-28,M,M,M,M,M
1899-10-29,M,M,M,M,M
1899-10-30,M,M,M,M,M
1899-10-31,M,M,M,M,M
1899-11-01,50,40,1.00,M,M
1899-11-02,45,25,0.40,M,M
1899-11-03,42,21,0.00,M,M
1899-11-04,50,22,0.00,M,M
1899-11-05,45,32,0.00,M,M
1899-11-06,48,35,0.00,M,M
1899-11-07,46,32,0.00,M,M
1899-11-08,48,32,0.00,M,M
1899-11-09,52,35,0.00,M,M
1899-11-10,50,32,0.00,M,M
1899-11-11,40,M,0.00,M,M
1899-11-12,M,20,0.40,M,M
1899-11-13,38,18,0.00,M,M
1899-11-14,35,20,0.00,M,M
1899-11-15,45,25,0.10,M,M
1899-11-16,50,35,0.00,M,M
1899-11-17,45,35,0.00,M,M
1899-11-18,55,40,0.00,M,M
1899-11-19,60,45,0.00,M,M
1899-11-20,55,28,0.00,M,M
1899-11-21,45,28,0.00,M,M
1899-11-22,45,30,0.10,M,M
1899-11-23,40,30,0.05,M,M
1899-11-24,36,24,0.00,M,M
1899-11-25,32,20,0.00,M,M
1899-11-26,30,22,0.00,M,M
1899-11-27,35,24,0.00,M,M
1899-11-28,40,24,0.00,M,M
1899-11-29,42,25,0.00,M,M
1899-11-30,45,30,0.00,M,M
1899-12-01,50,35,0.30,0.0,M
1899-12-02,42,M,0.50,0.0,M
1899-12-03,M,20,0.20,2.0,M
1899-12-04,28,20,0.00,0.0,M
1899-12-05,29,18,0.00,0.0,M
1899-12-06,29,14,0.10,1.0,M
1899-12-07,30,12,0.00,0.0,M
1899-12-08,28,10,0.00,0.0,M
1899-12-09,20,2,0.00,0.0,M
1899-12-10,28,4,0.00,0.0,M
1899-12-11,M,20,0.65,0.0,M
1899-12-12,40,M,0.00,0.0,M
1899-12-13,35,20,0.00,0.0,M
1899-12-14,28,20,0.00,0.0,M
1899-12-15,29,24,0.00,0.0,M
1899-12-16,30,10,0.00,0.0,M
1899-12-17,38,29,0.45,0.0,M
1899-12-18,40,32,0.00,0.0,M
1899-12-19,35,25,0.00,0.0,M
1899-12-20,28,22,0.00,0.0,M
1899-12-21,29,20,0.00,0.0,M
1899-12-22,35,26,0.38,3.0,M
1899-12-23,38,28,0.00,0.0,M
1899-12-24,39,29,0.00,0.0,M
1899-12-25,45,20,0.00,0.0,M
1899-12-26,46,9,0.00,0.0,M
1899-12-27,32,10,0.00,0.0,M
1899-12-28,28,18,0.00,0.0,M
1899-12-29,20,M,0.00,0.0,M
1899-12-30,M,-3,0.00,0.0,M
1899-12-31,8,-10,0.00,0.0,M
1900-01-01,12,2,0.20,2.0,M
1900-01-02,20,10,T,T,M
1900-01-03,18,-0,0.10,1.0,M
1900-01-04,28,4,0.00,0.0,M
1900-01-05,34,15,0.00,0.0,M
1900-01-06,28,20,0.00,0.0,M
1900-01-07,45,28,0.20,0.0,M
1900-01-08,35,20,0.00,0.0,M
1900-01-09,28,2,0.00,0.0,M
1900-01-10,40,20,0.20,0.0,M
1900-01-11,35,15,0.00,0.0,M
1900-01-12,32,12,0.23,2.3,M
1900-01-13,35,14,0.00,0.0,M
1900-01-14,40,20,0.12,1.2,M
1900-01-15,39,25,0.00,0.0,0
1900-01-16,45,28,0.00,0.0,M
1900-01-17,52,24,0.00,0.0,M
1900-01-18,40,32,0.18,0.0,M
1900-01-19,52,30,0.08,0.0,M
1900-01-20,50,28,0.00,0.0,M
1900-01-21,48,24,0.50,0.0,M
1900-01-22,48,32,0.00,0.0,M
1900-01-23,40,30,0.00,0.0,M
1900-01-24,50,28,0.00,0.0,M
1900-01-25,28,20,0.00,0.0,M
1900-01-26,32,20,0.00,0.0,M
1900-01-27,32,5,0.00,0.0,M
1900-01-28,29,15,0.60,6.0,M
1900-01-29,32,24,0.00,0.0,M
1900-01-30,33,-0,0.00,0.0,M
1900-01-31,35,M,0.20,2.0,M
1900-02-01,M,-2,0.00,0.0,M
1900-02-02,12,-4,0.00,0.0,M
1900-02-03,20,-3,0.00,0.0,M
1900-02-04,38,-2,0.10,0.0,M
1900-02-05,30,12,0.75,4.0,M
1900-02-06,35,10,0.00,0.0,M
1900-02-07,40,30,0.00,0.0,M
1900-02-08,40,22,0.21,0.0,M
1900-02-09,45,30,0.00,0.0,M
1900-02-10,35,18,0.00,0.0,M
1900-02-11,40,15,0.00,0.0,M
1900-02-12,42,25,0.00,0.0,M
1900-02-13,60,34,0.75,0.0,M
1900-02-14,35,18,0.00,0.0,M
1900-02-15,32,17,0.20,2.0,M
1900-02-16,25,10,0.00,0.0,M
1900-02-17,23,10,0.50,5.0,M
1900-02-18,15,8,0.10,1.0,M
1900-02-19,20,6,0.00,0.0,M
1900-02-20,35,12,0.00,0.0,M
1900-02-21,42,10,0.00,0.0,M
1900-02-22,45,30,1.60,2.0,M
1900-02-23,40,24,0.00,0.0,M
1900-02-24,42,23,0.00,0.0,M
1900-02-25,22,4,0.60,6.0,M
1900-02-26,12,-2,0.00,0.0,M
1900-02-27,12,-11,0.00,0.0,M
1900-02-28,23,-5,0.00,0.0,M
1900-03-01,45,M,1.60,6.0,M
1900-03-02,28,12,0.00,0.0,M
1900-03-03,42,20,0.00,0.0,M
1900-03-04,29,10,0.00,0.0,M
1900-03-05,40,29,0.75,6.0,M
1900-03-06,43,20,0.25,0.0,M
1900-03-07,38,12,0.00,0.0,M
1900-03-08,45,16,0.00,0.0,M
1900-03-09,40,20,0.00,0.0,M
1900-03-10,22,2,0.00,0.0,M
1900-03-11,21,-3,0.00,0.0,M
1900-03-12,29,18,0.00,0.0,M
1900-03-13,32,20,0.00,0.0,M
1900-03-14,31,16,0.00,0.0,M
1900-03-15,20,9,0.20,2.0,M
1900-03-16,28,12,1.00,10.0,M
1900-03-17,20,-5,0.00,0.0,M
1900-03-18,20,-14,0.20,2.0,M
1900-03-19,30,12,0.10,0.0,M
1900-03-20,47,30,0.20,0.0,M
1900-03-21,30,20,0.00,0.0,M
1900-03-22,38,20,0.00,0.0,M
1900-03-23,42,M,0.10,0.0,M
1900-03-24,M,18,0.00,0.0,M
1900-03-25,34,14,0.00,0.0,M
1900-03-26,34,16,0.20,2.0,M
1900-03-27,39,24,0.00,0.0,M
1900-03-28,38,26,0.00,0.0,M
1900-03-29,42,22,0.00,0.0,M
1900-03-30,40,27,0.00,0.0,M
1900-03-31,41,28,0.00,0.0,M
1900-04-01,40,22,0.00,0.0,M
1900-04-02,52,28,0.00,0.0,M
1900-04-03,42,28,0.10,0.0,M
1900-04-04,40,26,0.00,0.0,M
1900-04-05,45,22,0.00,0.0,M
1900-04-06,55,35,0.00,0.0,M
1900-04-07,35,30,0.00,0.0,M
1900-04-08,44,29,0.00,0.0,M
1900-04-09,32,18,T,T,M
1900-04-10,45,25,0.00,0.0,M
1900-04-11,48,28,0.00,0.0,M
1900-04-12,43,29,0.20,0.0,M
1900-04-13,45,24,0.00,0.0,M
1900-04-14,50,29,0.00,0.0,M
1900-04-15,55,30,0.00,0.0,M
1900-04-16,56,28,0.00,0.0,M
1900-04-17,58,42,0.00,0.0,M
1900-04-18,65,47,0.28,0.0,M
1900-04-19,70,45,0.25,0.0,M
1900-04-20,65,42,0.05,0.0,M
1900-04-21,69,35,1.00,0.0,M
1900-04-22,65,42,0.25,0.0,M
1900-04-23,68,40,0.10,0.0,M
1900-04-24,65,41,0.00,0.0,M
1900-04-25,62,28,0.00,0.0,M
1900-04-26,65,35,0.00,0.0,M
1900-04-27,61,39,0.00,0.0,M
1900-04-28,60,30,0.00,0.0,M
1900-04-29,71,31,0.00,0.0,M
1900-04-30,70,49,0.00,0.0,M
1900-05-01,65,36,0.00,0.0,M
1900-05-02,71,28,0.00,0.0,M
1900-05-03,70,42,0.00,0.0,M
1900-05-04,52,33,T,T,T
1900-05-05,42,30,0.25,2.5,3
1900-05-06,56,27,0.00,0.0,T
1900-05-07,65,26,0.00,0.0,M
1900-05-08,80,35,0.00,0.0,M
1900-05-09,68,30,0.26,0.0,M
1900-05-10,46,27,0.00,0.0,M
1900-05-11,67,21,0.00,0.0,M
1900-05-12,68,32,0.00,0.0,M
1900-05-13,74,48,0.00,0.0,M
1900-05-14,90,60,0.00,0.0,M
1900-05-15,85,61,0.26,0.0,M
1900-05-16,76,48,0.00,0.0,M
1900-05-17,72,48,0.00,0.0,M
1900-05-18,77,52,0.85,0.0,M
1900-05-19,52,42,0.75,0.0,M
1900-05-20,58,40,T,0.0,M
1900-05-21,62,45,0.00,0.0,M
1900-05-22,63,40,0.00,0.0,M
1900-05-23,73,52,0.00,0.0,M
1900-05-24,78,60,0.00,0.0,M
1900-05-25,80,49,0.00,0.0,M
1900-05-26,61,38,0.00,0.0,M
1900-05-27,73,49,0.00,0.0,M
1900-05-28,78,35,0.00,0.0,M
1900-05-29,79,41,T,0.0,M
1900-05-30,78,48,T,0.0,M
1900-05-31,80,55,0.00,0.0,M
1900-06-01,80,55,0.15,M,M
1900-06-02,79,60,T,M,M
1900-06-03,68,54,0.10,M,M
1900-06-04,72,46,0.00,M,M
1900-06-05,80,51,0.00,M,M
1900-06-06,85,55,0.00,M,M
1900-06-07,84,62,0.00,M,M
1900-06-08,86,64,0.25,M,M
1900-06-09,80,62,0.96,M,M
1900-06-10,80,42,0.00,M,M
1900-06-11,90,52,0.22,M,M
1900-06-12,72,60,0.00,M,M
1900-06-13,80,45,0.00,M,M
1900-06-14,80,57,0.18,M,M
1900-06-15,74,54,0.00,M,M
1900-06-16,81,45,0.00,M,M
1900-06-17,80,50,0.00,M,M
1900-06-18,83,45,0.00,M,M
1900-06-19,77,46,0.00,M,M
1900-06-20,85,48,0.00,M,M
1900-06-21,87,57,0.00,M,M
1900-06-22,82,62,T,M,M
1900-06-23,85,60,0.00,M,M
1900-06-24,89,62,0.00,M,M
1900-06-25,87,60,0.00,M,M
1900-06-26,89,40,0.00,M,M
1900-06-27,94,61,0.00,M,M
1900-06-28,93,60,0.45,M,M
1900-06-29,83,60,0.46,M,M
1900-06-30,80,52,T,M,M
1900-07-01,70,48,0.00,M,M
1900-07-02,85,62,0.00,M,M
1900-07-03,84,68,0.00,M,M
1900-07-04,88,60,0.00,M,M
1900-07-05,91,68,0.00,M,M
1900-07-06,93,64,0.10,M,M
1900-07-07,95,66,0.30,M,M
1900-07-08,85,70,0.25,M,M
1900-07-09,78,58,0.18,M,M
1900-07-10,75,55,T,M,M
1900-07-11,80,62,0.00,M,M
1900-07-12,82,55,0.32,M,M
1900-07-13,75,54,T,M,M
1900-07-14,86,54,0.31,M,M
1900-07-15,97,54,0.10,M,M
1900-07-16,94,68,0.00,M,M
1900-07-17,98,68,T,M,M
1900-07-18,90,60,T,M,M
1900-07-19,85,51,0.00,M,M
1900-07-20,90,64,0.42,M,M
1900-07-21,91,60,0.42,M,M
1900-07-22,85,64,0.00,M,M
1900-07-23,90,55,T,M,M
1900-07-24,91,64,0.00,M,M
1900-07-25,90,62,0.00,M,M
1900-07-26,82,58,0.75,M,M
1900-07-27,84,55,0.00,M,M
1900-07-28,81,45,0.00,M,M
1900-07-29,90,62,0.00,M,M
1900-07-30,80,60,0.00,M,M
1900-07-31,82,58,0.00,M,M
1900-08-01,81,60,0.00,M,M
1900-08-02,82,55,T,M,M
1900-08-03,78,48,0.00,M,M
1900-08-04,77,40,0.00,M,M
1900-08-05,90,56,0.00,M,M
1900-08-06,100,55,0.00,M,M
1900-08-07,96,62,0.00,M,M
1900-08-08,99,70,T,M,M
1900-08-09,96,66,0.00,M,M
1900-08-10,98,63,0.00,M,M
1900-08-11,97,74,0.00,M,M
1900-08-12,83,55,0.10,M,M
1900-08-13,72,55,T,M,M
1900-08-14,85,52,0.10,M,M
1900-08-15,83,61,2.25,M,M
1900-08-16,82,61,0.00,M,M
1900-08-17,84,58,0.30,M,M
1900-08-18,84,55,0.00,M,M
1900-08-19,78,56,0.00,M,M
1900-08-20,75,46,0.00,M,M
1900-08-21,78,47,0.00,M,M
1900-08-22,78,54,0.00,M,M
1900-08-23,84,54,0.00,M,M
1900-08-24,81,56,0.00,M,M
1900-08-25,94,61,0.00,M,M
1900-08-26,95,75,T,M,M
1900-08-27,93,64,0.13,M,M
1900-08-28,86,60,T,M,M
1900-08-29,90,62,0.00,M,M
1900-08-30,89,57,0.00,M,M
1900-08-31,87,55,0.00,M,M
1900-09-01,85,50,0.00,M,M
1900-09-02,93,60,0.00,M,M
1900-09-03,84,62,0.00,M,M
1900-09-04,95,64,0.00,M,M
1900-09-05,87,52,0.00,M,M
1900-09-06,91,60,0.00,M,M
1900-09-07,80,55,0.00,M,M
1900-09-08,84,44,0.10,M,M
1900-09-09,85,60,0.00,M,M
1900-09-10,85,49,0.00,M,M
1900-09-11,92,55,0.00,M,M
1900-09-12,84,60,0.00,M,M
1900-09-13,68,50,0.00,M,M
1900-09-14,82,42,0.00,M,M
1900-09-15,68,59,0.00,M,M
1900-09-16,67,54,0.00,M,M
1900-09-17,66,46,0.10,M,M
1900-09-18,65,45,0.00,M,M
1900-09-19,67,31,0.00,M,M
1900-09-20,62,41,0.05,M,M
1900-09-21,72,55,0.27,M,M
1900-09-22,67,44,0.00,M,M
1900-09-23,66,50,0.00,M,M
1900-09-24,77,50,0.00,M,M
1900-09-25,78,44,0.00,M,M
1900-09-26,90,54,0.00,M,M
1900-09-27,82,52,0.00,M,M
1900-09-28,78,48,0.00,M,M
1900-09-29,75,44,0.00,M,M
1900-09-30,65,46,0.25,M,M
1900-10-01,77,44,0.00,M,M
1900-10-02,72,48,0.00,M,M
1900-10-03,83,45,0.00,M,M
1900-10-04,82,45,0.00,M,M
1900-10-05,85,55,0.00,M,M
1900-10-06,90,60,0.00,M,M
1900-10-07,77,56,0.00,M,M
1900-10-08,69,53,0.20,M,M
1900-10-09,59,44,T,M,M
1900-10-10,58,39,0.00,M,M
1900-10-11,66,39,0.00,M,M
1900-10-12,74,44,0.00,M,M
1900-10-13,67,41,0.00,M,M
1900-10-14,60,50,0.90,M,M
1900-10-15,67,52,0.20,M,M
1900-10-16,72,32,0.30,M,M
1900-10-17,49,26,0.00,M,M
1900-10-18,57,30,0.00,M,M
1900-10-19,50,30,0.23,M,M
1900-10-20,57,21,0.00,M,M
1900-10-21,70,28,0.00,M,M
1900-10-22,76,48,0.00,M,M
1900-10-23,79,49,0.00,M,M
1900-10-24,69,52,0.33,M,M
1900-10-25,63,42,0.00,M,M
1900-10-26,60,42,0.00,M,M
1900-10-27,56,43,0.68,M,M
1900-10-28,57,42,0.10,M,M
1900-10-29,62,42,T,M,M
1900-10-30,52,44,0.06,M,M
1900-10-31,54,39,0.15,M,M
1900-11-01,62,39,0.00,0.0,M
1900-11-02,63,45,0.00,0.0,M
1900-11-03,48,32,0.00,0.0,M
1900-11-04,60,27,0.00,0.0,M
1900-11-05,64,34,T,0.0,M
1900-11-06,52,30,T,0.0,M
1900-11-07,53,28,T,0.0,M
1900-11-08,49,41,0.05,0.0,M
1900-11-09,42,27,1.25,8.0,M
1900-11-10,32,22,T,0.0,M
1900-11-11,42,21,0.00,0.0,M
1900-11-12,43,30,0.00,0.0,M
1900-11-13,42,32,T,0.0,M
1900-11-14,44,26,T,0.0,M
1900-11-15,32,22,T,0.0,M
1900-11-16,30,14,0.10,1.0,M
1900-11-17,33,12,0.10,1.0,M
1900-11-18,49,30,0.25,0.0,M
1900-11-19,60,20,0.10,0.0,M
1900-11-20,66,34,0.05,0.0,M
1900-11-21,70,45,T,0.0,M
1900-11-22,52,25,0.10,0.0,M
1900-11-23,60,30,T,0.0,M
1900-11-24,40,31,T,0.0,M
1900-11-25,33,26,0.50,2.0,M
1900-11-26,34,30,0.70,0.0,M
1900-11-27,30,29,0.20,2.0,M
1900-11-28,30,19,0.00,0.0,M
1900-11-29,37,19,0.35,2.0,M
1900-11-30,40,29,T,0.0,M
1900-12-01,40,29,0.00,0.0,M
1900-12-02,40,33,0.00,0.0,M
1900-12-03,50,25,0.00,0.0,M
1900-12-04,43,32,0.75,0.0,M
1900-12-05,33,26,1.00,10.0,M
1900-12-06,34,24,T,0.0,M
1900-12-07,38,26,0.00,0.0,M
1900-12-08,34,14,T,0.0,M
1900-12-09,34,10,0.30,3.0,M
1900-12-10,16,-8,T,0.0,M
1900-12-11,22,10,0.00,0.0,M
1900-12-12,22,6,0.00,0.0,M
1900-12-13,40,10,0.20,2.0,M
1900-12-14,24,2,T,0.0,M
1900-12-15,15,-11,T,0.0,4
1900-12-16,18,2,0.10,1.0,M
1900-12-17,11,-17,T,0.0,M
1900-12-18,34,-4,0.00,0.0,M
1900-12-19,39,15,0.00,0.0,M
1900-12-20,36,26,0.00,0.0,M
1900-12-21,34,14,0.00,0.0,M
1900-12-22,38,14,0.00,0.0,M
1900-12-23,50,16,0.20,0.0,M
1900-12-24,51,18,0.00,0.0,M
1900-12-25,42,25,0.00,0.0,M
1900-12-26,33,21,T,0.0,M
1900-12-27,31,15,T,0.0,M
1900-12-28,32,14,0.20,2.0,M
1900-12-29,31,13,0.00,0.0,M
1900-12-30,46,12,0.00,0.0,M
1900-12-31,34,20,0.10,1.0,M
1901-01-01,36,16,T,M,T
1901-01-02,25,9,T,M,M
1901-01-03,20,-8,0.10,1.0,1
1901-01-04,30,-2,T,M,T
1901-01-05,24,2,0.10,1.0,1
1901-01-06,30,10,T,T,T
1901-01-07,36,12,0.20,7.0,2
1901-01-08,36,8,0.00,M,1
1901-01-09,42,21,0.20,M,M
1901-01-10,30,16,0.20,2.0,2
1901-01-11,34,16,0.15,M,2
1901-01-12,33,24,0.40,4.0,5
1901-01-13,27,15,0.20,2.0,6
1901-01-14,32,7,0.00,M,5
1901-01-15,39,20,0.00,M,4
1901-01-16,42,25,0.20,M,2
1901-01-17,40,25,0.00,M,2
1901-01-18,25,2,T,T,2
1901-01-19,4,-7,T,T,2
1901-01-20,30,-11,T,T,2
1901-01-21,44,29,0.15,M,0
1901-01-22,37,11,T,T,T
1901-01-23,30,6,0.00,M,M
1901-01-24,35,14,0.00,M,M
1901-01-25,39,26,0.00,M,M
1901-01-26,30,15,T,T,T
1901-01-27,22,15,T,T,T
1901-01-28,23,10,0.10,1.0,1
1901-01-29,21,5,0.00,M,M
1901-01-30,23,8,0.20,2.0,3
1901-01-31,28,15,0.20,2.0,4
1901-02-01,25,2,T,T,3
1901-02-02,25,-1,T,T,2
1901-02-03,30,-2,0.00,0.0,1
1901-02-04,26,12,0.60,6.0,7
1901-02-05,23,8,0.10,1.0,8
1901-02-06,15,2,T,T,0
1901-02-07,12,1,0.00,0.0,0
1901-02-08,20,3,0.00,0.0,M
1901-02-09,12,-0,0.10,1.0,1
1901-02-10,20,4,T,T,M
1901-02-11,29,9,0.00,0.0,M
1901-02-12,23,11,0.10,1.0,0
1901-02-13,18,-2,T,T,M
1901-02-14,10,-1,T,T,M
1901-02-15,24,9,0.10,1.0,1
1901-02-16,M,20,0.00,0.0,M
1901-02-17,29,20,0.10,1.0,M
1901-02-18,30,17,T,T,M
1901-02-19,29,18,T,T,M
1901-02-20,24,14,T,T,M
1901-02-21,17,7,T,T,M
1901-02-22,23,5,0.10,1.0,M
1901-02-23,21,-2,0.00,0.0,M
1901-02-24,19,2,T,T,M
1901-02-25,35,7,0.00,0.0,M
1901-02-26,34,18,0.10,1.0,2
1901-02-27,26,10,0.10,1.0,3
1901-02-28,28,5,T,T,2
1901-03-01,M,M,M,M,M
1901-03-02,M,M,M,M,M
1901-03-03,M,M,M,M,M
1901-03-04,M,M,M,M,M
1901-03-05,M,M,M,M,M
1901-03-06,M,M,M,M,M
1901-03-07,M,M,M,M,M
1901-03-08,M,M,M,M,M
1901-03-09,M,M,M,M,M
1901-03-10,M,M,M,M,M
1901-03-11,M,M,M,M,M
1901-03-12,M,M,M,M,M
1901-03-13,M,M,M,M,M
1901-03-14,M,M,M,M,M
1901-03-15,M,M,M,M,M
1901-03-16,M,M,M,M,M
1901-03-17,M,M,M,M,M
1901-03-18,M,M,M,M,M
1901-03-19,M,M,M,M,M
1901-03-20,M,M,M,M,M
1901-03-21,M,M,M,M,M
1901-03-22,M,M,M,M,M
1901-03-23,M,M,M,M,M
1901-03-24,M,M,M,M,M
1901-03-25,M,M,M,M,M
1901-03-26,M,M,M,M,M
1901-03-27,M,M,M,M,M
1901-03-28,M,M,M,M,M
1901-03-29,M,M,M,M,M
1901-03-30,M,M,M,M,M
1901-03-31,M,M,M,M,M
1901-04-01,38,27,0.00,0.0,0
1901-04-02,53,25,0.00,0.0,0
1901-04-03,46,32,0.62,4.0,4
1901-04-04,42,33,0.34,0.0,2
1901-04-05,40,34,0.21,0.0,0
1901-04-06,45,32,0.00,0.0,0
1901-04-07,42,36,0.82,0.0,0
1901-04-08,40,33,0.13,0.0,0
1901-04-09,39,33,0.19,0.0,0
1901-04-10,40,32,0.00,0.0,0
1901-04-11,56,31,0.00,0.0,0
1901-04-12,58,23,0.00,0.0,0
1901-04-13,65,25,0.00,0.0,0
1901-04-14,62,28,0.00,0.0,0
1901-04-15,56,34,0.00,0.0,0
1901-04-16,61,35,0.00,0.0,0
1901-04-17,66,31,0.00,0.0,0
1901-04-18,53,35,0.00,0.0,0
1901-04-19,57,38,0.00,0.0,0
1901-04-20,48,38,0.22,0.0,0
1901-04-21,54,42,2.30,0.0,0
1901-04-22,69,47,0.40,0.0,0
1901-04-23,55,48,0.26,0.0,0
1901-04-24,51,44,0.33,0.0,0
1901-04-25,56,48,1.30,0.0,0
1901-04-26,62,32,0.00,0.0,0
1901-04-27,68,30,0.00,0.0,0
1901-04-28,76,32,0.00,0.0,0
1901-04-29,83,37,0.00,0.0,0
1901-04-30,67,45,T,0.0,0
1901-05-01,68,42,0.23,0.0,0
1901-05-02,69,51,T,0.0,0
1901-05-03,63,41,M,0.0,0
1901-05-04,61,37,0.00,0.0,0
1901-05-05,70,36,0.00,0.0,0
1901-05-06,68,30,0.00,0.0,0
1901-05-07,80,36,0.00,0.0,0
1901-05-08,76,44,0.00,0.0,0
1901-05-09,67,47,0.00,0.0,0
1901-05-10,64,52,0.37,0.0,0
1901-05-11,70,52,0.83,0.0,0
1901-05-12,68,48,0.32,0.0,0
1901-05-13,60,44,T,0.0,0
1901-05-14,64,42,0.00,0.0,0
1901-05-15,68,42,0.00,0.0,0
1901-05-16,73,33,0.00,0.0,0
1901-05-17,79,37,0.41,0.0,0
1901-05-18,62,48,0.71,0.0,0
1901-05-19,51,47,0.26,0.0,0
1901-05-20,53,47,T,0.0,0
1901-05-21,75,49,0.00,0.0,0
1901-05-22,83,47,0.00,0.0,0
1901-05-23,75,59,0.00,0.0,0
1901-05-24,80,48,T,0.0,0
1901-05-25,55,45,0.55,0.0,0
1901-05-26,66,40,0.00,0.0,0
1901-05-27,60,46,0.53,0.0,0
1901-05-28,61,53,0.60,0.0,0
1901-05-29,56,48,0.55,0.0,0
1901-05-30,63,49,0.00,0.0,0
1901-05-31,68,48,T,M,M
1901-06-01,71,41,0.46,0.0,0
1901-06-02,71,49,T,0.0,0
1901-06-03,64,42,T,0.0,0
1901-06-04,75,45,0.00,0.0,0
1901-06-05,82,44,0.00,0.0,0
1901-06-06,89,55,T,0.0,0
1901-06-07,73,57,1.17,0.0,0
1901-06-08,62,44,T,M,M
1901-06-09,65,43,0.00,0.0,0
1901-06-10,73,41,0.00,0.0,0
1901-06-11,77,39,0.00,0.0,0
1901-06-12,86,M,0.00,0.0,0
1901-06-13,85,53,0.00,0.0,0
1901-06-14,80,54,0.00,0.0,0
1901-06-15,66,42,0.00,0.0,0
1901-06-16,77,59,0.00,0.0,0
1901-06-17,80,40,0.00,0.0,0
1901-06-18,78,52,0.00,0.0,0
1901-06-19,81,51,0.00,0.0,0
1901-06-20,84,54,0.00,0.0,0
1901-06-21,84,58,0.00,0.0,0
1901-06-22,86,62,0.00,0.0,0
1901-06-23,83,59,1.50,0.0,0
1901-06-24,82,62,0.00,0.0,0
1901-06-25,88,54,0.00,0.0,0
1901-06-26,91,59,0.00,0.0,0
1901-06-27,91,67,0.00,0.0,0
1901-06-28,95,67,0.00,0.0,0
1901-06-29,94,68,0.00,0.0,0
1901-06-30,91,61,0.00,0.0,0
1901-07-01,91,64,0.00,0.0,0
1901-07-02,94,68,0.00,0.0,0
1901-07-03,90,68,0.00,0.0,0
1901-07-04,88,66,0.00,0.0,0
1901-07-05,77,55,1.80,0.0,0
1901-07-06,84,62,1.20,0.0,0
1901-07-07,86,62,0.12,0.0,0
1901-07-08,80,56,0.00,0.0,0
1901-07-09,80,56,T,0.0,0
1901-07-10,84,58,0.00,0.0,0
1901-07-11,78,62,0.58,0.0,0
1901-07-12,80,52,0.00,0.0,0
1901-07-13,84,52,0.00,0.0,0
1901-07-14,90,72,0.00,0.0,0
1901-07-15,91,63,0.00,0.0,0
1901-07-16,94,66,0.63,0.0,0
1901-07-17,88,68,0.21,0.0,0
1901-07-18,92,63,0.53,0.0,0
1901-07-19,81,61,0.00,0.0,0
1901-07-20,83,51,0.00,0.0,0
1901-07-21,92,62,0.00,0.0,0
1901-07-22,87,65,0.00,0.0,0
1901-07-23,86,56,0.00,0.0,0
1901-07-24,88,56,0.00,0.0,0
1901-07-25,78,54,0.00,0.0,0
1901-07-26,78,53,0.00,0.0,0
1901-07-27,79,47,0.00,0.0,0
1901-07-28,86,60,0.00,0.0,0
1901-07-29,83,67,0.70,0.0,0
1901-07-30,87,67,0.00,0.0,0
1901-07-31,80,64,0.00,0.0,0
1901-08-01,78,56,0.00,0.0,0
1901-08-02,81,47,0.00,0.0,0
1901-08-03,80,58,0.00,0.0,0
1901-08-04,78,60,0.00,0.0,0
1901-08-05,77,49,0.00,0.0,0
1901-08-06,68,48,0.75,0.0,0
1901-08-07,77,57,0.74,0.0,0
1901-08-08,82,52,0.25,0.0,0
1901-08-09,80,48,0.00,0.0,0
1901-08-10,86,60,0.00,0.0,0
1901-08-11,80,62,0.00,0.0,0
1901-08-12,76,52,0.00,0.0,0
1901-08-13,83,53,0.00,0.0,0
1901-08-14,84,52,0.00,0.0,0
1901-08-15,80,54,0.20,0.0,0
1901-08-16,81,59,0.00,0.0,0
1901-08-17,78,52,T,0.0,0
1901-08-18,81,59,0.00,0.0,0
1901-08-19,83,53,0.00,0.0,0
1901-08-20,87,61,1.15,0.0,0
1901-08-21,87,65,0.45,0.0,0
1901-08-22,86,68,0.00,0.0,0
1901-08-23,87,67,T,0.0,0
1901-08-24,75,65,1.00,0.0,0
1901-08-25,76,64,0.00,0.0,0
1901-08-26,80,60,0.00,0.0,0
1901-08-27,84,52,0.00,0.0,0
1901-08-28,87,51,0.00,0.0,0
1901-08-29,84,54,T,0.0,0
1901-08-30,78,62,T,0.0,0
1901-08-31,M,M,0.00,M,M
1901-09-01,76,64,0.15,0.0,0
1901-09-02,75,59,0.25,0.0,0
1901-09-03,85,57,0.00,0.0,0
1901-09-04,80,58,0.00,0.0,0
1901-09-05,78,56,0.00,0.0,0
1901-09-06,90,52,0.00,0.0,0
1901-09-07,78,54,0.00,0.0,0
1901-09-08,70,48,0.00,0.0,0
1901-09-09,72,40,0.00,0.0,0
1901-09-10,70,44,0.08,0.0,0
1901-09-11,77,53,0.63,0.0,0
1901-09-12,73,55,0.30,0.0,0
1901-09-13,76,56,0.25,0.0,0
1901-09-14,77,49,0.00,0.0,0
1901-09-15,78,56,0.35,0.0,0
1901-09-16,80,60,0.00,0.0,0
1901-09-17,67,47,0.50,0.0,0
1901-09-18,61,43,0.00,0.0,0
1901-09-19,58,44,0.00,0.0,0
1901-09-20,54,30,0.00,0.0,0
1901-09-21,60,38,0.00,0.0,0
1901-09-22,75,31,0.00,0.0,0
1901-09-23,80,40,0.00,0.0,0
1901-09-24,79,49,0.00,0.0,0
1901-09-25,61,33,0.00,0.0,0
1901-09-26,66,28,0.00,0.0,0
1901-09-27,75,31,0.00,0.0,0
1901-09-28,78,34,0.10,0.0,0
1901-09-29,82,36,0.00,0.0,0
1901-09-30,80,38,0.00,0.0,0
1901-10-01,72,46,0.00,0.0,0
1901-10-02,76,44,0.00,0.0,0
1901-10-03,72,32,0.00,0.0,0
1901-10-04,70,34,0.00,0.0,0
1901-10-05,M,26,0.00,0.0,0
1901-10-06,45,33,0.00,0.0,0
1901-10-07,61,25,0.00,0.0,0
1901-10-08,67,27,0.00,0.0,0
1901-10-09,74,36,0.00,0.0,0
1901-10-10,75,45,0.00,0.0,0
1901-10-11,74,50,0.00,0.0,0
1901-10-12,75,47,0.00,0.0,0
1901-10-13,74,48,0.00,0.0,0
1901-10-14,71,47,1.90,0.0,0
1901-10-15,73,45,0.60,0.0,0
1901-10-16,76,32,0.00,0.0,0
1901-10-17,57,41,0.00,0.0,0
1901-10-18,45,35,0.00,0.0,0
1901-10-19,63,24,T,0.0,0
1901-10-20,67,27,0.00,0.0,0
1901-10-21,54,22,0.00,0.0,0
1901-10-22,63,31,0.00,0.0,0
1901-10-23,64,38,0.00,0.0,0
1901-10-24,66,35,0.00,0.0,0
1901-10-25,58,28,0.00,0.0,0
1901-10-26,67,23,0.00,0.0,0
1901-10-27,57,39,0.00,0.0,0
1901-10-28,55,22,0.00,0.0,0
1901-10-29,59,21,0.00,0.0,0
1901-10-30,65,27,0.00,0.0,0
1901-10-31,73,29,0.00,M,M
1901-11-01,62,43,0.00,0.0,0
1901-11-02,47,26,0.00,0.0,0
1901-11-03,58,19,0.00,0.0,0
1901-11-04,59,23,0.00,0.0,0
1901-11-05,45,33,0.00,0.0,M
1901-11-06,47,26,0.00,0.0,0
1901-11-07,46,17,0.00,0.0,0
1901-11-08,44,30,0.00,0.0,0
1901-11-09,44,26,0.00,0.0,0
1901-11-10,42,20,0.00,0.0,0
1901-11-11,33,14,T,0.0,0
1901-11-12,M,M,1.17,0.0,0
1901-11-13,44,26,0.05,0.5,1
1901-11-14,32,25,0.05,0.5,1
1901-11-15,36,25,0.00,0.0,0
1901-11-16,37,30,0.00,0.0,0
1901-11-17,35,30,0.00,0.0,0
1901-11-18,39,27,0.00,0.0,0
1901-11-19,35,23,T,0.0,0
1901-11-20,33,17,0.00,0.0,0
1901-11-21,41,23,0.00,0.0,0
1901-11-22,40,18,0.00,0.0,0
1901-11-23,36,24,0.00,0.0,0
1901-11-24,35,23,1.50,8.8,8
1901-11-25,36,28,T,T,6
1901-11-26,31,16,T,T,6
1901-11-27,19,10,0.00,0.0,6
1901-11-28,15,M,T,T,7
1901-11-29,23,9,T,T,7
1901-11-30,25,15,0.00,0.0,7
1901-12-01,52,M,0.00,0.0,3
1901-12-02,56,31,0.00,0.0,M
1901-12-03,38,16,0.20,2.0,5
1901-12-04,20,10,1.50,10.0,10
1901-12-05,20,6,0.00,0.0,10
1901-12-06,20,M,0.00,0.0,10
1901-12-07,25,19,0.00,0.0,10
1901-12-08,34,12,0.00,0.0,10
1901-12-09,50,26,0.00,0.0,5
1901-12-10,47,33,T,0.0,2
1901-12-11,41,27,0.00,0.0,M
1901-12-12,35,21,T,M,M
1901-12-13,49,25,0.00,0.0,4
1901-12-14,59,41,T,0.0,M
1901-12-15,60,12,T,0.0,M
1901-12-16,16,4,0.00,0.0,M
1901-12-17,18,3,T,T,T
1901-12-18,13,4,0.00,0.0,M
1901-12-19,16,9,0.15,1.5,2
1901-12-20,20,-0,0.00,0.0,2
1901-12-21,16,-8,0.00,0.0,2
1901-12-22,32,12,0.00,0.0,2
1901-12-23,35,28,0.00,0.0,M
1901-12-24,37,30,0.40,6.0,M
1901-12-25,40,32,0.50,6.0,11
1901-12-26,35,24,0.00,0.0,11
1901-12-27,39,28,0.00,0.0,10
1901-12-28,41,M,0.00,0.0,8
1901-12-29,45,33,0.15,0.0,4
1901-12-30,39,25,T,T,3
1901-12-31,29,23,T,T,3
1902-01-01,26,-7,0.00,0.0,4
1902-01-02,38,-1,0.00,0.0,4
1902-01-03,39,9,0.00,0.0,3
1902-01-04,12,-2,0.00,0.0,3
1902-01-05,25,5,0.00,0.0,3
1902-01-06,35,19,0.00,0.0,3
1902-01-07,33,13,0.10,0.0,2
1902-01-08,M,15,M,1.0,3
1902-01-09,32,22,0.00,0.0,3
1902-01-10,35,18,T,T,3
1902-01-11,33,20,0.20,2.0,5
1902-01-12,25,-3,0.00,0.0,5
1902-01-13,10,-8,0.00,0.0,5
1902-01-14,29,2,0.00,0.0,5
1902-01-15,35,12,0.00,0.0,5
1902-01-16,35,25,T,T,5
1902-01-17,32,24,0.00,0.0,5
1902-01-18,37,29,0.00,0.0,4
1902-01-19,33,27,0.00,0.0,4
1902-01-20,30,24,0.00,0.0,4
1902-01-21,27,20,0.00,0.0,4
1902-01-22,33,23,0.45,0.0,1
1902-01-23,33,22,0.00,0.0,1
1902-01-24,27,23,0.00,0.0,1
1902-01-25,34,24,0.00,0.0,1
1902-01-26,37,9,T,T,1
1902-01-27,35,20,T,0.0,1
1902-01-28,21,3,0.00,0.0,1
1902-01-29,23,5,0.00,0.0,1
1902-01-30,20,8,0.00,0.0,1
1902-01-31,20,-0,0.00,0.0,1
1902-02-01,35,15,0.05,0.5,1
1902-02-02,37,32,0.20,2.0,3
1902-02-03,32,15,0.35,3.0,4
1902-02-04,15,5,T,T,M
1902-02-05,12,5,0.00,0.0,4
1902-02-06,22,-4,0.00,0.0,4
1902-02-07,15,-0,0.00,0.0,4
1902-02-08,25,10,0.30,0.0,4
1902-02-09,26,18,M,3.0,7
1902-02-10,30,8,T,0.0,7
1902-02-11,28,4,0.00,0.0,7
1902-02-12,25,10,0.00,0.0,7
1902-02-13,24,14,0.00,0.0,7
1902-02-14,22,10,0.00,0.0,7
1902-02-15,25,9,0.00,0.0,7
1902-02-16,35,15,0.00,0.0,6
1902-02-17,27,19,M,18.0,24
1902-02-18,26,18,2.00,4.0,28
1902-02-19,20,10,0.00,0.0,28
1902-02-20,35,14,0.00,0.0,28
1902-02-21,29,5,M,2.0,30
1902-02-22,35,M,0.30,1.0,31
1902-02-23,47,M,0.00,0.0,29
1902-02-24,35,15,0.00,0.0,27
1902-02-25,45,29,T,0.0,24
1902-02-26,50,M,T,0.0,21
1902-02-27,55,29,0.00,0.0,17
1902-02-28,64,23,2.40,0.0,9
1902-03-01,60,38,0.00,0.0,3
1902-03-02,54,M,1.50,0.0,2
1902-03-03,46,30,0.00,0.0,1
1902-03-04,34,27,0.00,0.0,1
1902-03-05,32,20,1.00,15.0,16
1902-03-06,37,23,0.00,0.0,15
1902-03-07,39,25,0.00,0.0,13
1902-03-08,36,29,0.00,0.0,12
1902-03-09,38,30,0.00,0.0,10
1902-03-10,41,29,0.00,0.0,8
1902-03-11,48,16,0.00,0.0,3
1902-03-12,65,35,T,0.0,1
1902-03-13,68,36,T,0.0,1
1902-03-14,63,29,T,0.0,M
1902-03-15,51,19,0.00,0.0,M
1902-03-16,39,20,T,0.0,M
1902-03-17,37,23,T,T,M
1902-03-18,36,26,0.00,0.0,M
1902-03-19,40,20,0.00,0.0,M
1902-03-20,52,34,0.00,0.0,M
1902-03-21,61,33,0.00,0.0,M
1902-03-22,60,32,0.00,0.0,M
1902-03-23,64,30,0.00,0.0,M
1902-03-24,68,26,0.00,0.0,M
1902-03-25,65,22,0.00,0.0,M
1902-03-26,56,18,0.00,0.0,M
1902-03-27,62,22,0.00,0.0,M
1902-03-28,65,31,0.00,0.0,M
1902-03-29,69,33,T,0.0,M
1902-03-30,64,40,0.00,0.0,M
1902-03-31,52,30,M,T,M
1902-04-01,43,33,M,M,M
1902-04-02,42,33,M,M,M
1902-04-03,39,29,M,M,M
1902-04-04,43,29,M,M,M
1902-04-05,53,31,M,M,M
1902-04-06,61,23,M,M,M
1902-04-07,60,30,M,M,M
1902-04-08,41,34,M,M,M
1902-04-09,45,35,M,M,M
1902-04-10,42,32,M,M,M
1902-04-11,60,32,M,M,M
1902-04-12,55,31,M,M,M
1902-04-13,49,33,M,M,M
1902-04-14,43,34,M,M,M
1902-04-15,56,24,M,M,M
1902-04-16,55,23,M,M,M
1902-04-17,58,29,M,M,M
1902-04-18,61,29,M,M,M
1902-04-19,57,33,M,M,M
1902-04-20,53,34,M,M,M
1902-04-21,62,34,M,M,M
1902-04-22,84,41,M,M,M
1902-04-23,83,52,M,M,M
1902-04-24,56,33,M,M,M
1902-04-25,68,26,M,M,M
1902-04-26,73,41,M,M,M
1902-04-27,68,39,M,M,M
1902-04-28,71,35,M,M,M
1902-04-29,72,41,M,M,M
1902-04-30,73,46,M,M,M
1902-05-01,68,41,0.00,0.0,M
1902-05-02,67,37,0.00,0.0,M
1902-05-03,68,44,0.75,0.0,M
1902-05-04,68,40,0.00,0.0,M
1902-05-05,64,45,0.00,0.0,M
1902-05-06,67,37,0.00,0.0,M
1902-05-07,76,44,T,0.0,M
1902-05-08,67,46,0.00,0.0,M
1902-05-09,64,36,T,0.0,M
1902-05-10,44,23,0.00,0.0,M
1902-05-11,69,26,0.00,0.0,M
1902-05-12,68,26,T,0.0,M
1902-05-13,65,42,0.00,0.0,M
1902-05-14,62,26,0.00,0.0,M
1902-05-15,63,39,0.00,0.0,M
1902-05-16,73,27,0.00,0.0,M
1902-05-17,72,35,0.00,0.0,M
1902-05-18,79,41,0.00,0.0,M
1902-05-19,63,47,0.46,0.0,M
1902-05-20,77,51,0.00,0.0,M
1902-05-21,73,27,0.00,0.0,M
1902-05-22,86,45,0.00,0.0,M
1902-05-23,87,66,0.00,0.0,M
1902-05-24,83,61,0.54,0.0,M
1902-05-25,76,57,0.43,0.0,M
1902-05-26,73,57,0.30,0.0,M
1902-05-27,64,44,0.43,0.0,M
1902-05-28,46,36,0.10,T,M
1902-05-29,60,36,0.17,0.0,M
1902-05-30,62,41,0.00,0.0,M
1902-05-31,71,44,0.00,0.0,M
1902-06-01,80,44,0.00,M,M
1902-06-02,83,55,T,M,M
1902-06-03,85,64,T,M,M
1902-06-04,74,54,0.40,M,M
1902-06-05,70,44,0.00,M,M
1902-06-06,75,36,0.00,M,M
1902-06-07,78,54,T,M,M
1902-06-08,71,47,0.23,M,M
1902-06-09,68,35,0.00,M,M
1902-06-10,66,40,0.13,M,M
1902-06-11,68,42,0.00,M,M
1902-06-12,78,52,0.00,M,M
1902-06-13,80,52,0.47,M,M
1902-06-14,81,54,0.00,M,M
1902-06-15,87,59,0.00,M,M
1902-06-16,82,60,0.43,M,M
1902-06-17,66,48,0.00,M,M
1902-06-18,76,45,0.00,M,M
1902-06-19,75,43,0.35,M,M
1902-06-20,73,44,0.00,M,M
1902-06-21,69,47,0.24,M,M
1902-06-22,68,48,0.05,M,M
1902-06-23,64,39,0.00,M,M
1902-06-24,69,41,0.00,M,M
1902-06-25,75,48,0.15,M,M
1902-06-26,69,54,0.50,M,M
1902-06-27,64,49,0.00,M,M
1902-06-28,73,47,0.00,M,M
1902-06-29,64,44,0.52,M,M
1902-06-30,71,43,T,M,M
1902-07-01,73,52,T,M,M
1902-07-02,78,57,0.00,M,M
1902-07-03,80,54,0.26,M,M
1902-07-04,81,55,0.00,M,M
1902-07-05,82,58,0.48,M,M
1902-07-06,76,62,0.13,M,M
1902-07-07,75,55,0.16,M,M
1902-07-08,86,62,0.00,M,M
1902-07-09,86,56,0.00,M,M
1902-07-10,76,60,0.23,M,M
1902-07-11,76,44,0.00,M,M
1902-07-12,80,43,0.00,M,M
1902-07-13,84,47,0.00,M,M
1902-07-14,87,49,0.00,M,M
1902-07-15,82,58,0.37,M,M
1902-07-16,70,52,0.00,M,M
1902-07-17,79,42,T,M,M
1902-07-18,78,62,0.00,M,M
1902-07-19,67,55,0.95,M,M
1902-07-20,66,58,1.20,M,M
1902-07-21,72,56,0.90,M,M
1902-07-22,74,54,0.12,M,M
1902-07-23,79,52,0.00,M,M
1902-07-24,76,55,1.43,M,M
1902-07-25,78,53,T,M,M
1902-07-26,75,55,0.00,M,M
1902-07-27,M,56,0.27,M,M
1902-07-28,82,59,0.10,M,M
1902-07-29,78,67,0.30,M,M
1902-07-30,81,59,T,M,M
1902-07-31,83,61,0.15,M,M
1902-08-01,85,63,0.44,M,M
1902-08-02,81,58,0.00,M,M
1902-08-03,86,53,0.00,M,M
1902-08-04,82,59,0.00,M,M
1902-08-05,81,59,0.00,M,M
1902-08-06,80,62,0.18,M,M
1902-08-07,70,55,0.00,M,M
1902-08-08,72,52,0.17,M,M
1902-08-09,78,49,0.00,M,M
1902-08-10,79,47,0.00,M,M
1902-08-11,85,57,0.18,M,M
1902-08-12,71,49,0.00,M,M
1902-08-13,72,40,0.00,M,M
1902-08-14,76,39,0.00,M,M
1902-08-15,77,42,0.00,M,M
1902-08-16,72,44,0.00,M,M
1902-08-17,72,36,0.12,M,M
1902-08-18,66,45,0.06,M,M
1902-08-19,65,52,0.39,M,M
1902-08-20,79,45,0.00,M,M
1902-08-21,76,55,0.28,M,M
1902-08-22,74,46,0.09,M,M
1902-08-23,72,50,0.28,M,M
1902-08-24,76,48,0.02,M,M
1902-08-25,76,48,0.37,M,M
1902-08-26,79,47,0.00,M,M
1902-08-27,78,50,0.00,M,M
1902-08-28,76,50,0.10,M,M
1902-08-29,81,51,0.07,M,M
1902-08-30,86,54,0.33,M,M
1902-08-31,M,M,0.00,M,M
1902-09-01,87,55,0.00,M,M
1902-09-02,91,63,0.00,M,M
1902-09-03,81,56,0.07,M,M
1902-09-04,80,40,0.00,M,M
1902-09-05,73,55,T,M,M
1902-09-06,64,45,0.00,M,M
1902-09-07,71,31,0.00,M,M
1902-09-08,78,51,0.42,M,M
1902-09-09,82,43,0.00,M,M
1902-09-10,71,53,0.80,M,M
1902-09-11,65,45,0.00,M,M
1902-09-12,78,37,0.00,M,M
1902-09-13,78,43,0.31,M,M
1902-09-14,71,47,0.00,M,M
1902-09-15,68,39,0.00,M,M
1902-09-16,69,32,0.00,M,M
1902-09-17,73,36,0.00,M,M
1902-09-18,65,38,T,M,M
1902-09-19,66,53,0.31,M,M
1902-09-20,78,58,0.00,M,M
1902-09-21,76,57,0.00,M,M
1902-09-22,76,54,0.00,M,M
1902-09-23,80,48,0.00,M,M
1902-09-24,62,44,T,M,M
1902-09-25,54,40,0.15,M,M
1902-09-26,57,45,0.50,M,M
1902-09-27,64,53,0.24,M,M
1902-09-28,70,56,0.00,M,M
1902-09-29,70,57,2.41,M,M
1902-09-30,70,58,0.17,M,M
1902-10-01,69,57,0.32,0.0,M
1902-10-02,63,51,0.03,0.0,M
1902-10-03,66,45,0.00,0.0,M
1902-10-04,64,44,0.00,0.0,M
1902-10-05,59,46,T,0.0,M
1902-10-06,64,50,0.03,0.0,M
1902-10-07,68,48,0.18,0.0,M
1902-10-08,61,42,0.00,0.0,M
1902-10-09,60,40,0.00,0.0,M
1902-10-10,63,25,0.00,0.0,M
1902-10-11,61,29,0.00,0.0,M
1902-10-12,68,48,0.81,0.0,M
1902-10-13,74,45,0.00,0.0,M
1902-10-14,67,41,0.22,0.0,M
1902-10-15,62,31,0.00,0.0,M
1902-10-16,63,43,0.00,0.0,M
1902-10-17,66,24,0.00,0.0,M
1902-10-18,62,25,T,0.0,M
1902-10-19,79,45,0.00,0.0,M
1902-10-20,67,35,0.27,0.0,M
1902-10-21,50,32,0.00,0.0,M
1902-10-22,61,20,0.00,0.0,M
1902-10-23,54,33,0.17,0.0,M
1902-10-24,59,25,T,0.0,M
1902-10-25,63,42,0.09,0.0,M
1902-10-26,45,21,0.00,0.0,M
1902-10-27,65,41,T,0.0,M
1902-10-28,57,41,1.54,0.0,M
1902-10-29,44,30,T,T,M
1902-10-30,49,21,0.00,0.0,M
1902-10-31,48,33,T,T,M
1902-11-01,56,24,0.00,0.0,M
1902-11-02,64,23,0.00,0.0,M
1902-11-03,71,28,0.00,0.0,M
1902-11-04,66,28,0.00,0.0,M
1902-11-05,66,30,0.00,0.0,M
1902-11-06,68,46,0.00,0.0,M
1902-11-07,M,38,0.00,0.0,M
1902-11-08,46,18,0.00,0.0,M
1902-11-09,57,17,0.00,0.0,M
1902-11-10,56,22,0.00,0.0,M
1902-11-11,48,19,0.00,0.0,M
1902-11-12,66,30,0.25,0.0,M
1902-11-13,64,32,0.00,0.0,M
1902-11-14,76,34,0.00,0.0,M
1902-11-15,69,39,0.00,0.0,M
1902-11-16,55,36,0.00,0.0,M
1902-11-17,44,35,0.00,0.0,M
1902-11-18,57,37,0.00,0.0,M
1902-11-19,50,38,T,0.0,M
1902-11-20,60,25,0.00,0.0,M
1902-11-21,57,28,0.00,0.0,M
1902-11-22,64,39,0.00,0.0,M
1902-11-23,46,25,0.32,2.0,M
1902-11-24,59,24,0.00,0.0,M
1902-11-25,52,27,0.00,0.0,M
1902-11-26,M,26,0.10,1.0,M
1902-11-27,37,29,0.56,0.0,M
1902-11-28,36,23,0.00,0.0,M
1902-11-29,40,13,0.00,0.0,M
1902-11-30,42,30,T,0.0,M
1902-12-01,39,13,0.00,0.0,M
1902-12-02,48,25,0.00,0.0,M
1902-12-03,51,30,0.31,0.0,M
1902-12-04,47,25,0.00,0.0,M
1902-12-05,31,11,0.60,10.0,M
1902-12-06,23,-1,0.00,0.0,M
1902-12-07,35,-9,0.10,1.0,M
1902-12-08,32,-0,0.00,0.0,M
1902-12-09,6,-16,0.00,0.0,M
1902-12-10,36,-15,0.00,0.0,M
1902-12-11,36,11,0.20,2.0,M
1902-12-12,20,-0,0.00,0.0,M
1902-12-13,12,2,1.10,16.0,M
1902-12-14,16,-9,0.00,0.0,M
1902-12-15,22,M,0.00,0.0,M
1902-12-16,46,15,T,0.0,M
1902-12-17,41,25,0.00,0.0,M
1902-12-18,34,27,0.00,0.0,M
1902-12-19,44,24,0.00,0.0,M
1902-12-20,38,10,0.00,0.0,M
1902-12-21,34,10,0.00,0.0,M
1902-12-22,44,32,1.50,0.0,M
1902-12-23,36,10,0.00,0.0,M
1902-12-24,24,-1,0.00,0.0,M
1902-12-25,29,14,0.00,0.0,M
1902-12-26,25,15,0.55,8.0,M
1902-12-27,23,14,0.00,0.0,M
1902-12-28,26,6,0.00,0.0,M
1902-12-29,34,-0,0.00,0.0,M
1902-12-30,41,7,0.00,0.0,M
1902-12-31,35,M,0.00,0.0,M
1903-01-01,46,2,0.00,0.0,M
1903-01-02,41,12,0.00,0.0,M
1903-01-03,46,30,T,0.0,M
1903-01-04,44,29,0.00,0.0,M
1903-01-05,37,25,0.00,0.0,M
1903-01-06,30,20,0.00,0.0,M
1903-01-07,25,-1,0.10,1.0,M
1903-01-08,31,11,0.00,0.0,M
1903-01-09,20,3,0.00,0.0,M
1903-01-10,21,3,0.00,0.0,M
1903-01-11,30,4,0.20,2.0,M
1903-01-12,40,8,0.00,0.0,M
1903-01-13,20,7,0.00,0.0,M
1903-01-14,21,7,0.00,0.0,M
1903-01-15,30,M,0.00,0.0,M
1903-01-16,35,25,0.00,0.0,M
1903-01-17,42,24,0.10,1.0,M
1903-01-18,34,2,0.00,0.0,M
1903-01-19,10,-10,0.00,0.0,M
1903-01-20,26,-11,0.00,0.0,M
1903-01-21,42,24,1.05,0.0,M
1903-01-22,35,27,0.00,0.0,M
1903-01-23,30,9,0.00,0.0,M
1903-01-24,13,-4,0.00,0.0,M
1903-01-25,24,4,0.30,3.0,M
1903-01-26,31,15,0.00,0.0,M
1903-01-27,46,8,0.00,0.0,M
1903-01-28,44,15,T,0.0,M
1903-01-29,M,32,0.32,0.0,M
1903-01-30,47,21,0.00,0.0,M
1903-01-31,27,18,0.00,0.0,M
1903-02-01,43,24,0.00,0.0,M
1903-02-02,38,29,0.00,0.0,M
1903-02-03,51,27,0.00,0.0,M
1903-02-04,45,27,0.25,0.0,M
1903-02-05,36,14,0.00,0.0,M
1903-02-06,30,15,0.00,0.0,M
1903-02-07,28,16,0.00,0.0,M
1903-02-08,28,7,0.20,2.0,M
1903-02-09,33,16,0.00,0.0,M
1903-02-10,44,24,0.00,0.0,M
1903-02-11,41,22,0.45,0.0,M
1903-02-12,43,33,0.00,0.0,M
1903-02-13,38,30,0.00,0.0,M
1903-02-14,34,14,0.00,0.0,M
1903-02-15,26,14,0.00,0.0,M
1903-02-16,26,14,0.40,4.0,M
1903-02-17,19,2,0.40,4.0,M
1903-02-18,10,-12,0.00,0.0,M
1903-02-19,12,-5,0.00,0.0,M
1903-02-20,24,-5,0.00,0.0,M
1903-02-21,39,-13,0.00,0.0,M
1903-02-22,33,18,0.00,0.0,M
1903-02-23,46,3,0.00,0.0,M
1903-02-24,41,23,0.00,0.0,M
1903-02-25,34,19,0.00,0.0,M
1903-02-26,46,12,0.00,0.0,M
1903-02-27,54,11,0.00,0.0,M
1903-02-28,65,36,0.20,0.0,M
1903-03-01,46,18,0.00,M,0
1903-03-02,34,16,0.00,M,M
1903-03-03,42,18,0.00,M,M
1903-03-04,43,27,0.00,M,M
1903-03-05,37,25,0.17,M,M
1903-03-06,45,29,0.00,M,M
1903-03-07,41,21,0.00,M,M
1903-03-08,53,35,0.00,M,M
1903-03-09,42,35,0.71,M,M
1903-03-10,52,33,0.00,M,M
1903-03-11,48,37,0.47,M,M
1903-03-12,55,34,0.00,M,M
1903-03-13,58,28,0.00,M,M
1903-03-14,63,23,0.00,M,M
1903-03-15,53,34,0.00,M,M
1903-03-16,44,26,0.00,M,M
1903-03-17,48,34,T,M,M
1903-03-18,68,37,0.00,M,M
1903-03-19,78,40,0.00,M,M
1903-03-20,77,42,0.00,M,M
1903-03-21,68,52,0.65,M,M
1903-03-22,68,32,0.37,M,M
1903-03-23,48,34,1.52,M,M
1903-03-24,66,36,0.00,M,M
1903-03-25,41,27,0.00,M,M
1903-03-26,49,27,0.00,M,M
1903-03-27,56,29,0.00,M,M
1903-03-28,42,31,0.32,M,M
1903-03-29,45,19,0.00,M,M
1903-03-30,37,21,0.00,M,M
1903-03-31,53,30,0.94,M,M
1903-04-01,50,32,0.00,M,M
1903-04-02,57,27,0.00,M,M
1903-04-03,74,44,T,M,M
1903-04-04,64,19,0.34,M,M
1903-04-05,35,15,0.00,M,M
1903-04-06,48,17,0.00,M,M
1903-04-07,60,34,T,M,M
1903-04-08,59,31,0.15,M,M
1903-04-09,65,33,0.00,M,M
1903-04-10,58,38,0.00,M,M
1903-04-11,55,30,0.35,M,M
1903-04-12,58,28,0.00,M,M
1903-04-13,60,26,0.00,M,M
1903-04-14,50,37,0.00,M,M
1903-04-15,39,34,0.62,M,M
1903-04-16,40,34,T,M,M
1903-04-17,48,33,0.00,M,M
1903-04-18,48,29,0.00,M,M
1903-04-19,51,25,0.00,M,M
1903-04-20,66,24,0.00,M,M
1903-04-21,48,22,0.00,M,M
1903-04-22,47,25,0.00,M,M
1903-04-23,52,36,0.00,M,M
1903-04-24,58,29,0.00,M,M
1903-04-25,58,35,0.00,M,M
1903-04-26,62,24,0.00,M,M
1903-04-27,65,31,0.00,M,M
1903-04-28,72,28,0.00,M,M
1903-04-29,76,34,0.00,M,M
1903-04-30,85,42,0.00,M,M
1903-05-01,75,30,0.00,M,M
1903-05-02,55,20,0.00,M,M
1903-05-03,57,28,0.00,M,M
1903-05-04,56,35,T,M,M
1903-05-05,66,31,0.00,M,M
1903-05-06,72,28,0.00,M,M
1903-05-07,61,31,T,M,M
1903-05-08,73,38,0.00,M,M
1903-05-09,79,34,0.00,M,M
1903-05-10,79,40,0.00,M,M
1903-05-11,79,38,0.00,M,M
1903-05-12,79,33,0.00,M,M
1903-05-13,77,32,0.00,M,M
1903-05-14,77,45,0.00,M,M
1903-05-15,74,45,T,M,M
1903-05-16,78,38,0.00,M,M
1903-05-17,83,47,0.00,M,M
1903-05-18,87,41,0.00,M,M
1903-05-19,85,50,0.00,M,M
1903-05-20,84,50,0.00,M,M
1903-05-21,83,44,0.00,M,M
1903-05-22,80,54,0.00,M,M
1903-05-23,67,37,0.00,M,M
1903-05-24,61,34,0.00,M,M
1903-05-25,69,28,0.00,M,M
1903-05-26,69,36,0.00,M,M
1903-05-27,75,48,0.00,M,M
1903-05-28,80,60,T,M,M
1903-05-29,73,41,0.22,M,M
1903-05-30,65,42,0.00,M,M
1903-05-31,M,30,0.00,M,M
1903-06-01,73,31,0.00,M,M
1903-06-02,73,34,0.00,M,M
1903-06-03,81,36,0.00,M,M
1903-06-04,71,39,0.00,M,M
1903-06-05,69,32,0.00,M,M
1903-06-06,73,36,0.00,M,M
1903-06-07,73,44,T,M,M
1903-06-08,69,58,0.15,M,M
1903-06-09,79,55,0.00,M,M
1903-06-10,82,53,0.00,M,M
1903-06-11,69,52,0.50,M,M
1903-06-12,68,55,2.10,M,M
1903-06-13,68,50,0.00,M,M
1903-06-14,58,42,0.23,M,M
1903-06-15,60,48,0.43,M,M
1903-06-16,68,50,0.08,M,M
1903-06-17,61,43,0.11,M,M
1903-06-18,75,46,0.00,M,M
1903-06-19,65,50,0.09,M,M
1903-06-20,60,49,0.20,M,M
1903-06-21,60,52,0.00,M,M
1903-06-22,62,49,1.28,M,M
1903-06-23,66,48,0.00,M,M
1903-06-24,61,45,0.76,M,M
1903-06-25,66,48,0.00,M,M
1903-06-26,72,48,T,M,M
1903-06-27,74,47,0.00,M,M
1903-06-28,71,41,0.00,M,M
1903-06-29,63,53,0.11,M,M
1903-06-30,80,53,0.51,M,M
1903-07-01,84,59,0.00,M,M
1903-07-02,83,M,0.00,M,M
1903-07-03,78,57,0.00,M,M
1903-07-04,78,50,0.00,M,M
1903-07-05,80,48,0.00,M,M
1903-07-06,76,55,0.33,M,M
1903-07-07,80,53,0.00,M,M
1903-07-08,84,55,0.00,M,M
1903-07-09,88,58,0.00,M,M
1903-07-10,87,61,0.95,M,M
1903-07-11,80,56,0.00,M,M
1903-07-12,83,53,0.00,M,M
1903-07-13,72,57,T,M,M
1903-07-14,75,45,0.00,M,M
1903-07-15,64,46,0.03,M,M
1903-07-16,71,52,0.00,M,M
1903-07-17,77,43,0.00,M,M
1903-07-18,69,46,0.00,M,M
1903-07-19,67,53,0.47,M,M
1903-07-20,75,59,T,M,M
1903-07-21,76,52,0.05,M,M
1903-07-22,76,50,0.38,M,M
1903-07-23,74,51,0.18,M,M
1903-07-24,78,54,0.00,M,M
1903-07-25,85,45,0.00,M,M
1903-07-26,81,63,0.00,M,M
1903-07-27,68,53,0.00,M,M
1903-07-28,73,37,0.00,M,M
1903-07-29,78,54,0.15,M,M
1903-07-30,84,62,0.37,M,M
1903-07-31,72,53,0.00,M,M
1903-08-01,73,41,0.00,M,M
1903-08-02,78,39,0.00,M,M
1903-08-03,70,50,0.00,M,M
1903-08-04,66,54,0.00,M,M
1903-08-05,59,51,0.92,M,M
1903-08-06,63,51,0.62,M,M
1903-08-07,67,53,0.00,M,M
1903-08-08,69,38,0.00,M,M
1903-08-09,69,48,0.22,M,M
1903-08-10,73,47,0.00,M,M
1903-08-11,76,47,0.06,M,M
1903-08-12,71,47,0.00,M,M
1903-08-13,70,45,0.00,M,M
1903-08-14,76,42,0.00,M,M
1903-08-15,76,40,0.00,M,M
1903-08-16,71,45,T,M,M
1903-08-17,76,48,0.00,M,M
1903-08-18,80,42,0.00,M,M
1903-08-19,80,54,T,M,M
1903-08-20,73,57,1.12,M,M
1903-08-21,76,47,0.00,M,M
1903-08-22,83,52,0.00,M,M
1903-08-23,79,59,0.00,M,M
1903-08-24,78,48,0.00,M,M
1903-08-25,76,46,0.00,M,M
1903-08-26,65,52,1.22,M,M
1903-08-27,66,48,0.00,M,M
1903-08-28,63,51,0.00,M,M
1903-08-29,55,47,0.00,M,M
1903-08-30,57,48,2.25,M,M
1903-08-31,67,47,0.00,M,M
1903-09-01,75,49,0.00,M,M
1903-09-02,77,51,0.00,M,M
1903-09-03,82,49,0.00,M,M
1903-09-04,87,52,0.00,M,M
1903-09-05,78,56,0.00,M,M
1903-09-06,70,41,0.00,M,M
1903-09-07,69,47,0.00,M,M
1903-09-08,70,34,0.00,M,M
1903-09-09,63,41,0.00,M,M
1903-09-10,82,48,0.00,M,M
1903-09-11,77,59,0.00,M,M
1903-09-12,83,40,0.00,M,M
1903-09-13,88,53,0.00,M,M
1903-09-14,91,61,0.00,M,M
1903-09-15,87,55,0.00,M,M
1903-09-16,81,57,0.00,M,M
1903-09-17,79,57,0.74,M,M
1903-09-18,65,46,0.00,M,M
1903-09-19,64,34,0.00,M,M
1903-09-20,68,31,0.00,M,M
1903-09-21,72,34,0.00,M,M
1903-09-22,74,53,0.00,M,M
1903-09-23,81,37,0.00,M,M
1903-09-24,65,46,0.00,M,M
1903-09-25,63,31,0.00,M,M
1903-09-26,74,33,0.00,M,M
1903-09-27,73,44,0.57,M,M
1903-09-28,56,40,0.12,M,M
1903-09-29,58,36,0.00,M,M
1903-09-30,78,28,0.00,M,M
1903-10-01,73,39,T,0.0,M
1903-10-02,66,51,0.10,0.0,M
1903-10-03,72,40,0.00,0.0,M
1903-10-04,68,42,0.00,0.0,M
1903-10-05,76,55,0.47,0.0,M
1903-10-06,71,40,0.00,0.0,M
1903-10-07,61,47,0.00,0.0,M
1903-10-08,65,45,0.00,0.0,M
1903-10-09,52,45,6.32,0.0,M
1903-10-10,58,46,0.00,0.0,M
1903-10-11,52,41,0.31,0.0,M
1903-10-12,54,42,0.00,0.0,M
1903-10-13,67,41,0.00,0.0,M
1903-10-14,68,30,0.00,0.0,M
1903-10-15,72,49,0.00,0.0,M
1903-10-16,70,48,T,0.0,M
1903-10-17,67,45,0.33,0.0,M
1903-10-18,53,38,0.00,0.0,M
1903-10-19,57,30,0.11,0.0,M
1903-10-20,70,35,0.00,0.0,M
1903-10-21,63,33,0.00,0.0,M
1903-10-22,74,25,0.00,0.0,M
1903-10-23,58,41,0.12,0.0,M
1903-10-24,43,27,0.00,0.0,M
1903-10-25,53,20,0.00,0.0,M
1903-10-26,46,27,T,T,M
1903-10-27,36,24,0.00,0.0,M
1903-10-28,40,26,0.10,1.0,T
1903-10-29,62,22,0.00,0.0,M
1903-10-30,66,42,0.00,0.0,M
1903-10-31,69,32,0.00,0.0,M
1903-11-01,60,36,0.00,0.0,M
1903-11-02,60,31,0.00,0.0,M
1903-11-03,66,32,0.00,0.0,M
1903-11-04,71,41,0.00,0.0,M
1903-11-05,57,35,0.64,0.0,M
1903-11-06,M,24,0.12,2.0,M
1903-11-07,35,22,0.00,0.0,M
1903-11-08,48,26,0.00,0.0,M
1903-11-09,65,23,0.00,0.0,M
1903-11-10,61,23,0.00,0.0,M
1903-11-11,67,35,0.00,0.0,M
1903-11-12,54,22,T,0.0,M
1903-11-13,52,24,0.00,0.0,M
1903-11-14,49,30,T,0.5,M
1903-11-15,36,28,0.00,0.0,M
1903-11-16,36,23,0.00,0.0,M
1903-11-17,49,32,1.30,0.0,M
1903-11-18,37,23,0.00,0.0,M
1903-11-19,31,19,0.00,0.0,M
1903-11-20,31,15,0.00,0.0,M
1903-11-21,33,7,0.00,0.0,M
1903-11-22,35,13,0.00,0.0,M
1903-11-23,35,19,0.05,0.0,M
1903-11-24,36,24,0.00,0.0,M
1903-11-25,26,14,0.00,0.0,M
1903-11-26,25,5,0.00,0.0,M
1903-11-27,24,6,0.00,0.0,M
1903-11-28,24,9,0.00,0.0,M
1903-11-29,21,6,0.00,0.0,M
1903-11-30,29,10,0.00,0.0,M
1903-12-01,36,4,0.00,0.0,M
1903-12-02,32,9,0.00,0.0,M
1903-12-03,30,12,0.30,3.0,3
1903-12-04,35,4,0.00,0.0,2
1903-12-05,33,8,0.05,0.5,2
1903-12-06,30,16,0.00,0.0,2
1903-12-07,36,24,0.00,0.0,1
1903-12-08,33,23,0.00,0.0,1
1903-12-09,25,15,M,0.0,6
1903-12-10,29,19,1.40,14.0,14
1903-12-11,28,13,0.00,0.0,14
1903-12-12,32,11,0.00,0.0,14
1903-12-13,44,16,0.10,T,6
1903-12-14,18,5,0.00,0.0,6
1903-12-15,20,5,T,T,6
1903-12-16,18,7,0.00,0.0,M
1903-12-17,24,-8,T,T,5
1903-12-18,18,-0,0.00,0.0,5
1903-12-19,18,-18,0.00,0.0,5
1903-12-20,43,9,0.50,0.0,M
1903-12-21,43,24,0.00,0.0,1
1903-12-22,37,14,0.00,0.0,1
1903-12-23,46,3,0.00,0.0,M
1903-12-24,42,31,T,0.0,0
1903-12-25,38,24,0.00,0.0,0
1903-12-26,25,-3,0.20,2.0,2
1903-12-27,16,-10,0.10,1.0,3
1903-12-28,19,1,0.00,0.0,3
1903-12-29,15,-10,0.00,0.0,3
1903-12-30,23,-5,0.00,0.0,3
1903-12-31,23,11,0.00,0.0,3
1904-01-01,27,13,T,T,3
1904-01-02,18,-8,0.90,9.0,12
1904-01-03,-0,-12,0.00,M,12
1904-01-04,4,-18,0.00,0.0,12
1904-01-05,7,-28,0.00,0.0,11
1904-01-06,27,-26,0.00,0.0,10
1904-01-07,29,7,0.00,0.0,9
1904-01-08,27,3,0.00,0.0,9
1904-01-09,27,13,T,T,8
1904-01-10,24,18,0.00,0.0,8
1904-01-11,21,9,0.00,0.0,8
1904-01-12,27,-14,0.00,0.0,7
1904-01-13,27,19,0.20,2.0,8
1904-01-14,31,23,0.00,0.0,9
1904-01-15,23,11,0.00,0.0,9
1904-01-16,28,6,T,T,9
1904-01-17,28,6,0.00,0.0,8
1904-01-18,7,-10,0.00,0.0,8
1904-01-19,2,-33,0.00,0.0,8
1904-01-20,12,-8,0.10,1.0,9
1904-01-21,23,12,0.20,2.0,11
1904-01-22,37,12,0.40,4.0,15
1904-01-23,49,29,0.00,0.0,4
1904-01-24,29,8,T,T,4
1904-01-25,16,-2,0.00,0.0,4
1904-01-26,14,-12,0.40,4.0,8
1904-01-27,16,5,0.00,0.0,8
1904-01-28,16,-16,0.00,0.0,8
1904-01-29,19,7,0.00,0.0,8
1904-01-30,31,-3,0.00,0.0,7
1904-01-31,26,4,0.00,0.0,7
1904-02-01,23,10,0.20,2.0,8
1904-02-02,10,-17,0.00,0.0,8
1904-02-03,23,7,0.00,0.0,8
1904-02-04,26,-2,0.00,0.0,8
1904-02-05,24,2,0.00,0.0,8
1904-02-06,46,-0,0.20,2.0,7
1904-02-07,53,37,0.50,0.0,2
1904-02-08,51,3,0.00,0.0,1
1904-02-09,4,-10,0.00,0.0,1
1904-02-10,17,-10,0.00,0.0,1
1904-02-11,16,-2,0.00,0.0,1
1904-02-12,15,-1,0.00,0.0,1
1904-02-13,22,2,0.00,0.0,1
1904-02-14,23,1,T,T,1
1904-02-15,23,7,0.00,0.0,1
1904-02-16,7,-7,T,T,1
1904-02-17,7,-6,0.00,0.0,1
1904-02-18,12,-14,0.00,0.0,1
1904-02-19,17,8,0.20,2.0,3
1904-02-20,26,1,0.00,0.0,2
1904-02-21,33,-11,0.00,0.0,2
1904-02-22,42,25,T,T,T
1904-02-23,38,19,0.00,0.0,M
1904-02-24,35,19,0.30,3.0,3
1904-02-25,19,1,0.00,0.0,3
1904-02-26,25,-5,0.00,0.0,3
1904-02-27,30,-4,0.00,0.0,2
1904-02-28,32,14,0.32,0.0,1
1904-02-29,35,M,T,T,1
1904-03-01,32,16,0.60,6.0,7
1904-03-02,44,9,0.00,0.0,4
1904-03-03,44,26,0.72,0.0,2
1904-03-04,29,2,0.00,0.0,2
1904-03-05,21,-3,0.00,0.0,2
1904-03-06,35,13,0.00,0.0,1
1904-03-07,43,29,0.30,0.0,1
1904-03-08,43,32,0.00,0.0,T
1904-03-09,34,15,T,T,T
1904-03-10,24,8,0.00,0.0,1
1904-03-11,23,11,0.00,0.0,1
1904-03-12,25,10,0.00,0.0,1
1904-03-13,24,13,0.00,0.0,1
1904-03-14,28,8,0.00,0.0,1
1904-03-15,33,21,0.10,1.0,2
1904-03-16,30,14,T,T,2
1904-03-17,38,5,0.00,0.0,2
1904-03-18,35,23,0.10,1.0,3
1904-03-19,43,27,0.00,0.0,1
1904-03-20,44,24,T,0.0,1
1904-03-21,37,15,0.00,0.0,1
1904-03-22,48,27,0.00,0.0,1
1904-03-23,45,32,0.00,0.0,T
1904-03-24,65,23,0.00,0.0,T
1904-03-25,57,30,0.00,0.0,T
1904-03-26,60,31,T,0.0,T
1904-03-27,33,23,T,T,T
1904-03-28,28,15,0.00,0.0,T
1904-03-29,39,11,0.00,0.0,T
1904-03-30,50,28,0.00,0.0,T
1904-03-31,38,27,0.30,3.0,2
1904-04-01,36,29,0.80,0.0,T
1904-04-02,46,32,T,0.0,M
1904-04-03,35,19,0.00,0.0,M
1904-04-04,45,17,0.00,0.0,M
1904-04-05,55,27,0.00,0.0,M
1904-04-06,58,21,0.00,0.0,M
1904-04-07,52,34,0.02,0.0,M
1904-04-08,58,24,0.00,0.0,M
1904-04-09,53,43,T,0.0,M
1904-04-10,51,37,0.00,0.0,M
1904-04-11,44,29,T,T,M
1904-04-12,50,30,0.01,0.0,M
1904-04-13,36,25,T,T,M
1904-04-14,38,19,0.00,0.0,M
1904-04-15,40,12,0.00,0.0,M
1904-04-16,M,23,0.70,7.0,M
1904-04-17,40,20,0.00,0.0,M
1904-04-18,57,21,0.00,0.0,M
1904-04-19,47,23,0.10,1.0,M
1904-04-20,30,18,T,T,M
1904-04-21,45,27,0.05,0.5,M
1904-04-22,54,20,0.00,0.0,M
1904-04-23,63,21,0.00,0.0,M
1904-04-24,65,35,0.00,0.0,M
1904-04-25,67,40,0.00,0.0,M
1904-04-26,48,34,0.00,0.0,M
1904-04-27,44,37,0.50,0.0,M
1904-04-28,43,37,0.75,0.0,M
1904-04-29,54,40,0.05,0.0,M
1904-04-30,61,42,0.33,0.0,M
1904-05-01,66,42,0.00,M,M
1904-05-02,75,30,0.00,M,M
1904-05-03,76,33,0.00,M,M
1904-05-04,83,36,0.00,M,M
1904-05-05,75,42,0.00,M,M
1904-05-06,78,40,0.00,M,M
1904-05-07,80,40,0.00,M,M
1904-05-08,78,48,0.00,M,M
1904-05-09,71,42,0.00,M,M
1904-05-10,75,44,1.03,M,M
1904-05-11,59,41,0.00,M,M
1904-05-12,69,M,0.00,M,M
1904-05-13,83,M,0.00,M,M
1904-05-14,76,M,0.00,M,M
1904-05-15,65,M,0.00,M,M
1904-05-16,55,M,0.14,M,M
1904-05-17,61,34,T,M,M
1904-05-18,65,47,T,M,M
1904-05-19,69,55,0.03,M,M
1904-05-20,64,44,T,M,M
1904-05-21,75,50,0.00,M,M
1904-05-22,79,51,T,M,M
1904-05-23,84,58,T,M,M
1904-05-24,82,48,0.00,M,M
1904-05-25,85,49,0.20,M,M
1904-05-26,84,59,0.00,M,M
1904-05-27,72,M,0.00,M,M
1904-05-28,70,39,0.00,M,M
1904-05-29,76,37,0.00,M,M
1904-05-30,67,55,0.44,M,M
1904-05-31,60,46,T,M,M
1904-06-01,69,53,M,M,M
1904-06-02,65,52,T,M,M
1904-06-03,72,56,M,M,M
1904-06-04,80,60,0.50,M,M
1904-06-05,86,62,M,M,M
1904-06-06,84,69,M,M,M
1904-06-07,78,60,0.01,M,M
1904-06-08,78,49,T,M,M
1904-06-09,65,50,1.87,M,M
1904-06-10,65,39,M,M,M
1904-06-11,78,41,M,M,M
1904-06-12,73,40,M,M,M
1904-06-13,72,46,M,M,M
1904-06-14,74,50,M,M,M
1904-06-15,76,53,T,M,M
1904-06-16,74,51,M,M,M
1904-06-17,76,43,M,M,M
1904-06-18,78,44,M,M,M
1904-06-19,84,45,M,M,M
1904-06-20,87,57,M,M,M
1904-06-21,82,52,T,M,M
1904-06-22,74,57,T,M,M
1904-06-23,78,49,T,M,M
1904-06-24,84,46,M,M,M
1904-06-25,91,59,M,M,M
1904-06-26,88,66,M,M,M
1904-06-27,76,56,M,M,M
1904-06-28,68,47,T,M,M
1904-06-29,80,58,M,M,M
1904-06-30,84,60,0.70,M,M
1904-07-01,82,60,0.00,M,M
1904-07-02,68,54,0.20,M,M
1904-07-03,68,46,0.00,M,M
1904-07-04,83,45,0.00,M,M
1904-07-05,83,64,0.06,M,M
1904-07-06,83,51,0.00,M,M
1904-07-07,80,60,0.00,M,M
1904-07-08,84,53,0.00,M,M
1904-07-09,84,54,0.00,M,M
1904-07-10,74,61,0.42,M,M
1904-07-11,84,60,0.00,M,M
1904-07-12,85,56,0.72,M,M
1904-07-13,68,57,0.00,M,M
1904-07-14,77,45,0.00,M,M
1904-07-15,81,53,0.00,M,M
1904-07-16,80,60,0.00,M,M
1904-07-17,85,57,0.00,M,M
1904-07-18,86,64,0.75,M,M
1904-07-19,90,54,0.00,M,M
1904-07-20,81,63,0.00,M,M
1904-07-21,78,52,0.00,M,M
1904-07-22,74,49,0.00,M,M
1904-07-23,70,59,0.06,M,M
1904-07-24,69,58,0.04,M,M
1904-07-25,82,62,0.00,M,M
1904-07-26,84,65,1.43,M,M
1904-07-27,83,57,1.00,M,M
1904-07-28,83,58,0.14,M,M
1904-07-29,74,60,0.00,M,M
1904-07-30,78,45,0.00,M,M
1904-07-31,87,65,0.00,M,M
1904-08-01,87,73,T,M,M
1904-08-02,74,64,0.00,M,M
1904-08-03,80,56,0.27,M,M
1904-08-04,84,62,0.00,M,M
1904-08-05,83,63,0.00,M,M
1904-08-06,83,63,T,M,M
1904-08-07,78,54,0.03,M,M
1904-08-08,75,55,0.00,M,M
1904-08-09,80,43,0.00,M,M
1904-08-10,72,52,0.58,M,M
1904-08-11,80,60,0.24,M,M
1904-08-12,70,56,0.00,M,M
1904-08-13,78,56,0.00,M,M
1904-08-14,78,61,0.05,M,M
1904-08-15,81,55,0.00,M,M
1904-08-16,82,52,0.00,M,M
1904-08-17,82,61,0.10,M,M
1904-08-18,72,58,0.00,M,M
1904-08-19,86,41,0.00,M,M
1904-08-20,74,54,0.69,M,M
1904-08-21,80,60,0.00,M,M
1904-08-22,78,52,0.58,M,M
1904-08-23,76,56,0.00,M,M
1904-08-24,85,53,0.00,M,M
1904-08-25,89,57,0.00,M,M
1904-08-26,78,54,0.54,M,M
1904-08-27,82,40,0.00,M,M
1904-08-28,86,43,0.00,M,M
1904-08-29,75,49,0.00,M,M
1904-08-30,76,47,0.00,M,M
1904-08-31,81,48,0.00,M,M
1904-09-01,70,42,T,M,M
1904-09-02,83,60,0.14,M,M
1904-09-03,86,62,0.03,M,M
1904-09-04,76,58,0.40,M,M
1904-09-05,79,42,0.00,M,M
1904-09-06,73,38,0.00,M,M
1904-09-07,75,35,0.00,M,M
1904-09-08,76,44,0.00,M,M
1904-09-09,66,49,0.74,M,M
1904-09-10,71,48,0.00,M,M
1904-09-11,79,49,0.00,M,M
1904-09-12,79,50,0.00,M,M
1904-09-13,78,42,0.00,M,M
1904-09-14,74,54,0.00,M,M
1904-09-15,66,48,1.14,M,M
1904-09-16,70,35,0.00,M,M
1904-09-17,75,49,0.00,M,M
1904-09-18,81,47,0.00,M,M
1904-09-19,72,58,0.00,M,M
1904-09-20,74,48,0.15,M,M
1904-09-21,62,37,0.00,M,M
1904-09-22,53,25,0.00,M,M
1904-09-23,62,24,0.00,M,M
1904-09-24,70,41,0.11,M,M
1904-09-25,73,61,0.09,M,M
1904-09-26,63,47,0.13,M,M
1904-09-27,65,47,0.00,M,M
1904-09-28,71,43,0.00,M,M
1904-09-29,78,50,0.64,M,M
1904-09-30,69,55,T,M,M
1904-10-01,58,48,0.01,0.0,M
1904-10-02,58,44,T,0.0,M
1904-10-03,51,39,T,0.0,M
1904-10-04,62,30,0.00,0.0,M
1904-10-05,70,42,0.00,0.0,M
1904-10-06,65,40,T,0.0,M
1904-10-07,55,21,0.00,0.0,M
1904-10-08,56,25,T,0.0,M
1904-10-09,57,46,T,0.0,M
1904-10-10,84,50,0.15,0.0,M
1904-10-11,76,47,0.30,0.0,M
1904-10-12,48,31,0.65,0.0,M
1904-10-13,44,31,0.19,2.0,0
1904-10-14,55,37,0.00,0.0,M
1904-10-15,59,30,0.00,0.0,M
1904-10-16,M,25,0.00,0.0,M
1904-10-17,M,24,0.00,0.0,M
1904-10-18,M,32,0.00,0.0,M
1904-10-19,M,34,0.00,0.0,M
1904-10-20,M,35,0.00,0.0,M
1904-10-21,M,34,2.12,0.0,M
1904-10-22,59,37,0.00,0.0,M
1904-10-23,50,32,T,0.0,M
1904-10-24,51,27,0.00,0.0,M
1904-10-25,62,32,0.00,0.0,M
1904-10-26,49,39,0.16,0.0,M
1904-10-27,41,31,0.00,0.0,M
1904-10-28,47,20,0.00,0.0,M
1904-10-29,60,27,0.00,0.0,M
1904-10-30,53,23,0.00,0.0,M
1904-10-31,47,17,0.00,0.0,M
1904-11-01,51,25,0.00,M,M
1904-11-02,57,23,0.00,M,M
1904-11-03,58,30,0.00,M,M
1904-11-04,53,27,0.00,M,M
1904-11-05,36,M,0.00,M,M
1904-11-06,34,26,0.00,M,M
1904-11-07,32,25,0.00,M,M
1904-11-08,43,28,0.00,M,M
1904-11-09,36,21,0.00,M,M
1904-11-10,50,20,0.00,M,M
1904-11-11,40,23,0.00,M,M
1904-11-12,51,28,0.00,M,M
1904-11-13,46,31,0.15,M,2
1904-11-14,34,30,0.12,M,M
1904-11-15,45,30,0.09,M,M
1904-11-16,44,25,0.05,M,M
1904-11-17,48,5,0.04,M,M
1904-11-18,34,-0,0.00,M,M
1904-11-19,50,9,0.00,M,M
1904-11-20,57,23,0.00,M,M
1904-11-21,52,35,0.00,M,M
1904-11-22,46,15,0.00,M,M
1904-11-23,49,33,0.00,M,M
1904-11-24,44,29,0.00,M,M
1904-11-25,41,28,0.00,M,M
1904-11-26,30,21,0.00,M,M
1904-11-27,29,9,T,M,T
1904-11-28,22,12,T,M,T
1904-11-29,48,5,0.00,M,M
1904-11-30,46,29,0.00,M,M
1904-12-01,32,25,0.00,0.0,M
1904-12-02,28,8,0.00,0.0,M
1904-12-03,19,12,T,T,M
1904-12-04,24,9,0.00,0.0,M
1904-12-05,30,11,0.10,1.0,M
1904-12-06,27,14,0.00,0.0,M
1904-12-07,35,7,T,T,M
1904-12-08,29,13,T,T,M
1904-12-09,23,9,0.00,0.0,M
1904-12-10,11,5,0.00,0.0,M
1904-12-11,17,-2,0.00,0.0,M
1904-12-12,25,1,0.10,1.0,M
1904-12-13,23,10,0.80,8.0,M
1904-12-14,14,-0,0.00,0.0,M
1904-12-15,14,-10,0.00,0.0,M
1904-12-16,25,-0,0.00,0.0,M
1904-12-17,20,-6,0.00,0.0,M
1904-12-18,28,12,0.00,0.0,M
1904-12-19,31,-1,T,T,M
1904-12-20,30,16,0.00,0.0,M
1904-12-21,27,15,0.00,0.0,M
1904-12-22,33,11,0.00,0.0,M
1904-12-23,48,26,0.00,0.0,M
1904-12-24,48,6,T,T,M
1904-12-25,11,-3,0.40,4.0,M
1904-12-26,22,7,0.00,0.0,M
1904-12-27,38,17,0.76,0.0,M
1904-12-28,45,23,0.00,0.0,M
1904-12-29,26,15,0.00,0.0,M
1904-12-30,30,21,0.00,0.0,M
1904-12-31,47,17,0.00,0.0,M
1905-01-01,45,32,M,0.0,M
1905-01-02,39,31,0.21,0.0,M
1905-01-03,35,27,M,0.0,M
1905-01-04,27,-17,0.90,9.0,M
1905-01-05,17,-9,M,0.0,M
1905-01-06,21,-6,M,8.0,M
1905-01-07,45,21,M,0.0,M
1905-01-08,31,21,M,0.0,M
1905-01-09,28,14,M,0.0,M
1905-01-10,29,17,0.10,1.0,M
1905-01-11,19,13,0.16,1.0,M
1905-01-12,31,18,M,0.0,M
1905-01-13,48,16,M,0.0,M
1905-01-14,38,10,0.20,0.0,M
1905-01-15,13,4,M,0.0,M
1905-01-16,19,-4,M,0.0,M
1905-01-17,25,13,M,0.0,M
1905-01-18,30,M,M,0.0,M
1905-01-19,42,18,M,0.0,M
1905-01-20,36,24,M,0.0,M
1905-01-21,30,14,T,T,M
1905-01-22,28,18,T,T,M
1905-01-23,21,4,M,0.0,M
1905-01-24,17,1,M,0.0,M
1905-01-25,14,4,0.80,8.0,M
1905-01-26,13,-11,T,T,M
1905-01-27,25,-1,T,T,M
1905-01-28,22,18,T,T,M
1905-01-29,19,7,M,0.0,M
1905-01-30,24,2,M,0.0,M
1905-01-31,23,-11,M,0.0,M
1905-02-01,23,-4,T,T,T
1905-02-02,17,4,0.00,0.0,M
1905-02-03,11,-2,0.00,0.0,M
1905-02-04,11,-9,0.00,0.0,M
1905-02-05,18,-13,0.00,0.0,M
1905-02-06,27,9,0.70,7.0,M
1905-02-07,25,7,0.00,0.0,M
1905-02-08,21,-5,0.00,0.0,M
1905-02-09,31,6,0.20,2.0,M
1905-02-10,M,10,0.10,1.0,M
1905-02-11,33,M,0.00,0.0,M
1905-02-12,27,-6,0.00,0.0,M
1905-02-13,39,11,0.20,2.0,M
1905-02-14,15,-7,0.00,0.0,M
1905-02-15,M,M,0.00,0.0,M
1905-02-16,20,-7,0.00,0.0,M
1905-02-17,31,7,0.00,0.0,M
1905-02-18,26,9,0.10,1.0,M
1905-02-19,23,7,0.00,0.0,M
1905-02-20,41,3,0.00,0.0,M
1905-02-21,44,22,0.00,0.0,M
1905-02-22,29,17,0.00,0.0,M
1905-02-23,38,16,0.00,0.0,M
1905-02-24,40,10,0.00,0.0,M
1905-02-25,50,-0,0.00,0.0,M
1905-02-26,36,12,0.00,0.0,M
1905-02-27,30,10,0.00,0.0,M
1905-02-28,32,14,T,T,M
1905-03-01,28,8,0.00,0.0,M
1905-03-02,27,-1,0.00,0.0,M
1905-03-03,30,14,0.00,0.0,M
1905-03-04,31,13,0.00,0.0,M
1905-03-05,31,-5,0.10,1.0,M
1905-03-06,30,18,0.00,0.0,M
1905-03-07,29,-2,0.00,0.0,M
1905-03-08,34,27,0.10,1.0,M
1905-03-09,40,13,0.00,0.0,M
1905-03-10,42,28,0.00,0.0,M
1905-03-11,31,9,0.00,0.0,M
1905-03-12,31,8,0.00,0.0,M
1905-03-13,M,6,0.00,0.0,M
1905-03-14,31,4,0.00,0.0,M
1905-03-15,44,-0,0.00,0.0,M
1905-03-16,34,8,0.00,0.0,M
1905-03-17,46,10,0.00,0.0,M
1905-03-18,65,29,0.00,0.0,M
1905-03-19,68,30,0.00,0.0,M
1905-03-20,31,24,0.00,0.0,M
1905-03-21,38,19,0.90,9.0,M
1905-03-22,45,24,0.00,0.0,M
1905-03-23,41,27,0.00,0.0,M
1905-03-24,42,28,0.00,0.0,M
1905-03-25,46,33,0.50,0.0,M
1905-03-26,58,25,0.00,0.0,M
1905-03-27,54,32,0.00,0.0,M
1905-03-28,66,28,0.00,0.0,M
1905-03-29,83,31,0.00,0.0,M
1905-03-30,66,33,1.00,0.0,M
1905-03-31,60,31,0.00,0.0,M
1905-04-01,50,31,0.00,0.0,M
1905-04-02,44,26,0.00,0.0,M
1905-04-03,58,22,0.00,0.0,M
1905-04-04,60,30,0.09,0.0,M
1905-04-05,50,39,T,0.0,M
1905-04-06,M,34,0.50,0.0,M
1905-04-07,44,30,0.00,0.0,M
1905-04-08,40,29,0.00,0.0,M
1905-04-09,57,21,0.00,0.0,M
1905-04-10,72,37,0.00,0.0,M
1905-04-11,53,41,0.10,0.0,M
1905-04-12,58,34,0.00,0.0,M
1905-04-13,63,27,0.00,0.0,M
1905-04-14,57,31,0.20,2.0,M
1905-04-15,M,M,0.00,0.0,M
1905-04-16,40,26,T,T,M
1905-04-17,37,25,0.00,0.0,M
1905-04-18,43,27,0.00,0.0,M
1905-04-19,55,25,0.00,0.0,M
1905-04-20,66,32,T,0.0,M
1905-04-21,71,41,0.00,0.0,M
1905-04-22,51,31,0.00,0.0,M
1905-04-23,52,27,0.00,0.0,M
1905-04-24,59,M,0.00,0.0,M
1905-04-25,59,36,0.00,0.0,M
1905-04-26,68,32,T,0.0,M
1905-04-27,76,44,0.00,0.0,M
1905-04-28,76,31,0.00,0.0,M
1905-04-29,61,44,0.44,0.0,M
1905-04-30,64,36,0.00,0.0,M
1905-05-01,47,32,0.00,M,M
1905-05-02,55,25,T,M,M
1905-05-03,84,27,0.00,M,M
1905-05-04,63,42,0.00,M,M
1905-05-05,63,50,0.30,M,M
1905-05-06,75,52,0.20,M,M
1905-05-07,70,50,0.00,M,M
1905-05-08,73,40,0.00,M,M
1905-05-09,63,41,0.00,M,M
1905-05-10,66,48,0.00,M,M
1905-05-11,77,39,0.00,M,M
1905-05-12,71,M,0.15,M,M
1905-05-13,76,54,0.00,M,M
1905-05-14,63,53,0.50,M,M
1905-05-15,82,54,0.00,M,M
1905-05-16,67,55,0.09,M,M
1905-05-17,63,47,0.00,M,M
1905-05-18,63,48,0.00,M,M
1905-05-19,64,48,0.00,M,M
1905-05-20,53,36,0.00,M,M
1905-05-21,65,38,0.00,M,M
1905-05-22,78,29,0.00,M,M
1905-05-23,62,33,0.00,M,M
1905-05-24,72,29,0.00,M,M
1905-05-25,82,47,0.00,M,M
1905-05-26,79,59,0.30,M,M
1905-05-27,75,51,0.00,M,M
1905-05-28,74,46,0.00,M,M
1905-05-29,79,45,T,M,M
1905-05-30,71,50,0.00,M,M
1905-05-31,72,35,0.00,M,M
1905-06-01,70,43,T,M,M
1905-06-02,68,40,0.27,M,M
1905-06-03,74,44,0.03,M,M
1905-06-04,74,48,T,M,M
1905-06-05,74,59,T,M,M
1905-06-06,72,53,0.60,M,M
1905-06-07,55,M,0.23,M,M
1905-06-08,76,40,0.24,M,M
1905-06-09,76,44,0.00,M,M
1905-06-10,81,40,0.07,M,M
1905-06-11,74,58,T,M,M
1905-06-12,76,61,T,M,M
1905-06-13,79,59,0.00,M,M
1905-06-14,82,58,0.00,M,M
1905-06-15,89,49,0.00,M,M
1905-06-16,88,59,0.03,M,M
1905-06-17,86,66,0.00,M,M
1905-06-18,87,67,0.00,M,M
1905-06-19,86,64,0.00,M,M
1905-06-20,76,54,1.19,M,M
1905-06-21,67,58,1.40,M,M
1905-06-22,73,61,0.63,M,M
1905-06-23,78,58,0.00,M,M
1905-06-24,76,52,0.00,M,M
1905-06-25,79,58,0.00,M,M
1905-06-26,80,56,0.54,M,M
1905-06-27,64,54,0.30,M,M
1905-06-28,71,48,T,M,M
1905-06-29,76,46,0.00,M,M
1905-06-30,81,44,0.00,M,M
1905-07-01,79,57,0.00,M,M
1905-07-02,77,53,0.00,M,M
1905-07-03,84,61,0.00,M,M
1905-07-04,86,55,0.00,M,M
1905-07-05,86,56,0.00,M,M
1905-07-06,77,62,0.00,M,M
1905-07-07,86,62,0.00,M,M
1905-07-08,89,64,0.00,M,M
1905-07-09,89,63,0.00,M,M
1905-07-10,89,59,1.20,M,M
1905-07-11,90,60,0.63,M,M
1905-07-12,91,66,T,M,M
1905-07-13,87,66,0.00,M,M
1905-07-14,85,61,0.32,M,M
1905-07-15,76,62,0.00,M,M
1905-07-16,79,47,0.00,M,M
1905-07-17,90,58,0.00,M,M
1905-07-18,90,65,0.00,M,M
1905-07-19,90,60,0.63,M,M
1905-07-20,80,61,0.00,M,M
1905-07-21,77,48,0.00,M,M
1905-07-22,81,45,0.00,M,M
1905-07-23,77,59,0.00,M,M
1905-07-24,78,60,0.67,M,M
1905-07-25,71,52,T,M,M
1905-07-26,76,47,0.00,M,M
1905-07-27,80,46,T,M,M
1905-07-28,85,46,0.00,M,M
1905-07-29,78,59,0.00,M,M
1905-07-30,78,64,T,M,M
1905-07-31,72,59,T,M,M
1905-08-01,72,59,0.00,M,M
1905-08-02,72,49,0.00,M,M
1905-08-03,79,43,0.00,M,M
1905-08-04,88,44,0.00,M,M
1905-08-05,84,58,0.00,M,M
1905-08-06,81,61,1.93,M,M
1905-08-07,80,54,0.00,M,M
1905-08-08,86,53,0.00,M,M
1905-08-09,84,55,0.00,M,M
1905-08-10,90,61,0.00,M,M
1905-08-11,85,68,0.69,M,M
1905-08-12,84,66,T,M,M
1905-08-13,83,64,0.00,M,M
1905-08-14,78,49,0.00,M,M
1905-08-15,70,54,0.00,M,M
1905-08-16,64,52,1.12,M,M
1905-08-17,80,49,0.00,M,M
1905-08-18,81,43,0.00,M,M
1905-08-19,76,43,0.00,M,M
1905-08-20,71,50,0.00,M,M
1905-08-21,86,48,0.00,M,M
1905-08-22,86,56,T,M,M
1905-08-23,85,54,0.00,M,M
1905-08-24,89,50,0.00,M,M
1905-08-25,78,57,0.00,M,M
1905-08-26,81,44,0.00,M,M
1905-08-27,70,47,0.00,M,M
1905-08-28,76,41,0.00,M,M
1905-08-29,77,55,0.07,M,M
1905-08-30,71,53,0.85,M,M
1905-08-31,68,50,0.00,M,M
1905-09-01,70,50,0.00,0.0,M
1905-09-02,79,45,0.27,0.0,M
1905-09-03,78,59,0.29,0.0,M
1905-09-04,82,63,0.61,0.0,M
1905-09-05,73,50,0.00,0.0,M
1905-09-06,75,51,0.00,0.0,M
1905-09-07,68,53,0.00,0.0,M
1905-09-08,71,49,0.00,0.0,M
1905-09-09,76,41,0.00,0.0,M
1905-09-10,79,41,0.00,0.0,M
1905-09-11,65,51,0.03,0.0,M
1905-09-12,64,50,0.00,0.0,M
1905-09-13,70,52,0.00,0.0,M
1905-09-14,65,33,0.00,0.0,M
1905-09-15,60,34,0.00,0.0,M
1905-09-16,65,51,0.00,0.0,M
1905-09-17,72,53,0.08,0.0,M
1905-09-18,73,61,0.00,0.0,M
1905-09-19,78,60,0.00,0.0,M
1905-09-20,83,60,0.53,0.0,M
1905-09-21,69,45,0.00,0.0,M
1905-09-22,79,50,0.00,0.0,M
1905-09-23,68,53,0.00,0.0,M
1905-09-24,69,39,0.00,0.0,M
1905-09-25,61,41,0.00,0.0,M
1905-09-26,57,33,0.00,0.0,M
1905-09-27,64,29,0.00,0.0,M
1905-09-28,71,42,0.00,0.0,M
1905-09-29,89,40,0.00,0.0,M
1905-09-30,88,52,0.00,0.0,M
1905-10-01,89,45,0.00,M,M
1905-10-02,79,45,0.00,M,M
1905-10-03,88,56,0.00,M,M
1905-10-04,82,45,0.75,M,M
1905-10-05,79,48,0.00,M,M
1905-10-06,64,37,0.00,M,M
1905-10-07,68,27,0.00,M,M
1905-10-08,81,31,0.00,M,M
1905-10-09,81,42,0.00,M,M
1905-10-10,73,33,0.00,M,M
1905-10-11,56,45,0.00,M,M
1905-10-12,56,38,1.23,M,M
1905-10-13,58,35,0.03,M,M
1905-10-14,76,38,0.00,M,M
1905-10-15,83,35,0.00,M,M
1905-10-16,70,47,0.00,M,M
1905-10-17,74,31,0.00,M,M
1905-10-18,70,38,0.00,M,M
1905-10-19,69,58,0.32,M,M
1905-10-20,70,48,T,M,M
1905-10-21,49,35,0.00,M,M
1905-10-22,48,35,0.00,M,M
1905-10-23,53,29,0.00,M,M
1905-10-24,59,35,0.00,M,M
1905-10-25,58,36,0.00,M,M
1905-10-26,50,17,0.00,M,M
1905-10-27,57,21,0.00,M,M
1905-10-28,47,29,0.00,M,M
1905-10-29,45,26,0.00,M,M
1905-10-30,52,17,0.00,M,M
1905-10-31,51,25,0.00,M,M
1905-11-01,57,33,0.00,0.0,M
1905-11-02,47,28,0.00,0.0,M
1905-11-03,45,20,0.00,0.0,M
1905-11-04,49,31,T,0.0,M
1905-11-05,44,28,0.00,0.0,M
1905-11-06,54,32,0.18,0.0,M
1905-11-07,48,34,0.00,0.0,M
1905-11-08,45,33,T,0.0,M
1905-11-09,50,30,T,T,M
1905-11-10,41,27,0.00,0.0,M
1905-11-11,51,21,0.00,0.0,M
1905-11-12,64,40,0.00,0.0,M
1905-11-13,53,M,0.00,0.0,M
1905-11-14,34,7,0.00,0.0,M
1905-11-15,36,14,0.00,0.0,M
1905-11-16,42,28,0.00,0.0,M
1905-11-17,44,28,0.00,0.0,M
1905-11-18,44,28,T,T,M
1905-11-19,47,28,0.00,0.0,M
1905-11-20,43,11,0.00,0.0,M
1905-11-21,49,9,0.00,0.0,M
1905-11-22,55,13,0.00,0.0,M
1905-11-23,57,23,0.00,0.0,M
1905-11-24,67,25,0.00,0.0,M
1905-11-25,59,33,0.00,0.0,M
1905-11-26,41,19,0.00,0.0,M
1905-11-27,39,28,0.00,0.0,M
1905-11-28,36,16,0.10,1.0,M
1905-11-29,58,35,0.29,T,M
1905-11-30,47,11,M,T,M
1905-12-01,34,6,0.00,0.0,M
1905-12-02,46,11,T,0.0,M
1905-12-03,48,27,0.00,0.0,M
1905-12-04,47,21,0.00,0.0,M
1905-12-05,37,11,0.00,0.0,M
1905-12-06,45,27,0.00,0.0,M
1905-12-07,40,28,0.00,0.0,M
1905-12-08,45,27,0.00,0.0,M
1905-12-09,47,25,0.00,0.0,M
1905-12-10,32,13,0.20,2.0,M
1905-12-11,33,11,0.00,0.0,M
1905-12-12,37,29,0.00,0.0,M
1905-12-13,40,28,0.00,0.0,M
1905-12-14,31,14,0.00,0.0,M
1905-12-15,14,1,0.00,0.0,M
1905-12-16,32,4,0.00,0.0,M
1905-12-17,41,4,0.00,0.0,M
1905-12-18,39,11,0.00,0.0,M
1905-12-19,47,30,0.00,0.0,M
1905-12-20,38,26,0.00,0.0,M
1905-12-21,38,27,0.00,0.0,M
1905-12-22,45,35,0.00,0.0,M
1905-12-23,38,30,0.00,0.0,M
1905-12-24,35,23,0.12,0.0,M
1905-12-25,37,27,0.00,0.0,M
1905-12-26,39,23,0.00,0.0,M
1905-12-27,49,25,0.00,0.0,M
1905-12-28,51,20,0.24,0.0,M
1905-12-29,58,33,T,T,M
1905-12-30,41,29,0.00,0.0,M
1905-12-31,36,28,0.00,0.0,M
1906-01-01,32,25,0.05,0.5,M
1906-01-02,27,18,0.00,0.0,M
1906-01-03,26,13,0.00,0.0,M
1906-01-04,57,25,0.00,0.0,M
1906-01-05,40,28,0.00,0.0,M
1906-01-06,46,25,0.00,0.0,M
1906-01-07,30,18,0.05,0.5,M
1906-01-08,24,10,0.00,0.0,M
1906-01-09,23,-0,0.00,0.0,M
1906-01-10,24,-2,0.00,0.0,M
1906-01-11,M,1,0.00,0.0,M
1906-01-12,44,30,0.20,0.0,M
1906-01-13,35,21,0.00,0.0,M
1906-01-14,35,23,0.00,0.0,M
1906-01-15,35,28,0.00,0.0,M
1906-01-16,46,29,0.00,0.0,M
1906-01-17,40,28,0.00,0.0,M
1906-01-18,47,23,0.10,1.0,M
1906-01-19,34,20,0.00,0.0,M
1906-01-20,48,18,0.00,0.0,M
1906-01-21,70,34,0.00,0.0,M
1906-01-22,59,33,0.00,0.0,M
1906-01-23,64,47,0.00,0.0,M
1906-01-24,59,25,0.21,0.0,M
1906-01-25,52,10,0.00,0.0,M
1906-01-26,45,9,0.00,0.0,M
1906-01-27,50,14,0.00,0.0,M
1906-01-28,40,23,0.00,0.0,M
1906-01-29,36,6,0.00,0.0,M
1906-01-30,52,12,0.00,0.0,M
1906-01-31,47,27,0.05,0.0,M
1906-02-01,35,23,T,T,M
1906-02-02,32,4,0.00,0.0,M
1906-02-03,23,-9,0.00,0.0,M
1906-02-04,37,11,0.00,0.0,M
1906-02-05,36,6,0.20,2.0,M
1906-02-06,9,-20,0.00,0.0,M
1906-02-07,19,-13,0.00,0.0,M
1906-02-08,27,-13,0.00,0.0,M
1906-02-09,29,4,1.75,17.5,M
1906-02-10,31,15,0.00,0.0,M
1906-02-11,34,-21,0.00,0.0,M
1906-02-12,34,M,0.00,0.0,M
1906-02-13,49,9,0.00,0.0,M
1906-02-14,32,8,0.00,0.0,M
1906-02-15,32,4,0.10,1.5,M
1906-02-16,29,-11,0.00,0.0,M
1906-02-17,34,12,0.00,0.0,M
1906-02-18,35,-3,T,T,M
1906-02-19,36,22,0.00,0.0,M
1906-02-20,49,15,0.00,0.0,M
1906-02-21,54,38,0.38,0.0,M
1906-02-22,46,30,0.00,0.0,M
1906-02-23,52,19,0.00,0.0,M
1906-02-24,55,21,0.00,0.0,M
1906-02-25,45,27,T,T,M
1906-02-26,39,21,0.00,0.0,M
1906-02-27,37,11,0.00,0.0,M
1906-02-28,16,-2,0.00,0.0,M
1906-03-01,24,4,0.00,0.0,M
1906-03-02,31,9,0.00,0.0,M
1906-03-03,33,19,0.09,0.0,M
1906-03-04,39,30,0.00,0.0,M
1906-03-05,36,26,0.00,0.0,M
1906-03-06,40,10,0.00,0.0,M
1906-03-07,36,18,0.00,0.0,M
1906-03-08,44,26,0.00,0.0,M
1906-03-09,43,29,0.00,0.0,M
1906-03-10,38,27,0.00,0.0,M
1906-03-11,37,22,0.00,0.0,M
1906-03-12,34,19,0.00,0.0,M
1906-03-13,29,11,0.00,0.0,M
1906-03-14,29,11,0.00,0.0,M
1906-03-15,21,9,0.40,4.0,M
1906-03-16,36,11,0.00,0.0,M
1906-03-17,37,12,0.00,0.0,M
1906-03-18,33,-2,0.00,0.0,M
1906-03-19,27,1,0.00,0.0,M
1906-03-20,30,20,0.80,8.0,M
1906-03-21,34,11,0.00,0.0,M
1906-03-22,33,15,0.00,0.0,M
1906-03-23,22,5,0.00,0.0,M
1906-03-24,33,-12,0.00,0.0,M
1906-03-25,44,-19,0.00,0.0,M
1906-03-26,41,2,0.00,0.0,M
1906-03-27,57,35,0.00,0.0,M
1906-03-28,50,31,0.00,0.0,M
1906-03-29,50,25,0.00,0.0,M
1906-03-30,42,32,0.43,0.0,M
1906-03-31,39,30,0.01,0.1,M
1906-04-01,42,25,0.00,0.0,M
1906-04-02,41,19,0.00,0.0,M
1906-04-03,60,17,0.00,0.0,M
1906-04-04,65,24,0.00,0.0,M
1906-04-05,50,33,0.00,0.0,M
1906-04-06,49,31,0.00,0.0,M
1906-04-07,46,25,0.00,0.0,M
1906-04-08,49,31,0.00,0.0,M
1906-04-09,45,28,0.40,4.0,T
1906-04-10,47,34,0.00,0.0,M
1906-04-11,45,32,0.02,0.0,M
1906-04-12,48,35,0.00,0.0,M
1906-04-13,61,26,0.00,0.0,M
1906-04-14,65,31,0.00,0.0,M
1906-04-15,55,45,0.98,0.0,M
1906-04-16,54,36,0.00,0.0,M
1906-04-17,61,31,0.00,0.0,M
1906-04-18,70,33,0.00,0.0,M
1906-04-19,75,34,0.00,0.0,M
1906-04-20,74,40,0.00,0.0,M
1906-04-21,69,30,0.00,0.0,M
1906-04-22,70,34,0.00,0.0,M
1906-04-23,51,33,0.00,0.0,M
1906-04-24,48,21,0.00,0.0,M
1906-04-25,53,25,0.00,0.0,M
1906-04-26,62,28,0.00,0.0,M
1906-04-27,64,31,0.00,0.0,M
1906-04-28,60,30,0.00,0.0,M
1906-04-29,70,60,0.00,0.0,M
1906-04-30,73,43,0.00,0.0,M
1906-05-01,62,46,0.00,0.0,M
1906-05-02,68,37,0.78,0.0,M
1906-05-03,59,45,0.12,0.0,M
1906-05-04,73,30,0.00,0.0,M
1906-05-05,66,52,0.00,0.0,M
1906-05-06,62,43,0.00,0.0,M
1906-05-07,60,41,0.00,0.0,M
1906-05-08,54,30,0.00,0.0,M
1906-05-09,48,42,0.00,0.0,M
1906-05-10,48,37,0.00,0.0,M
1906-05-11,55,28,0.00,0.0,M
1906-05-12,74,33,0.00,0.0,M
1906-05-13,75,53,0.00,0.0,M
1906-05-14,67,43,0.00,0.0,M
1906-05-15,73,31,0.00,0.0,M
1906-05-16,84,50,0.00,0.0,M
1906-05-17,87,55,0.00,0.0,M
1906-05-18,89,60,0.00,0.0,M
1906-05-19,81,54,0.00,0.0,M
1906-05-20,61,37,0.00,0.0,M
1906-05-21,66,27,0.00,0.0,M
1906-05-22,75,42,0.00,0.0,M
1906-05-23,78,41,0.00,0.0,M
1906-05-24,80,48,0.16,0.0,M
1906-05-25,82,57,0.12,0.0,M
1906-05-26,82,57,0.00,0.0,M
1906-05-27,70,43,1.20,0.0,M
1906-05-28,48,42,1.24,0.0,M
1906-05-29,63,39,0.00,0.0,M
1906-05-30,64,34,0.00,0.0,M
1906-05-31,74,48,0.00,0.0,M
1906-06-01,83,49,0.00,M,M
1906-06-02,80,54,0.05,M,M
1906-06-03,74,44,0.00,M,M
1906-06-04,80,41,0.00,M,M
1906-06-05,85,51,0.86,M,M
1906-06-06,78,63,0.28,M,M
1906-06-07,70,59,T,M,M
1906-06-08,73,57,0.00,M,M
1906-06-09,89,55,0.00,M,M
1906-06-10,83,53,0.41,M,M
1906-06-11,64,51,0.00,M,M
1906-06-12,69,35,0.00,M,M
1906-06-13,71,35,0.00,M,M
1906-06-14,79,41,0.00,M,M
1906-06-15,85,49,0.00,M,M
1906-06-16,70,61,0.83,M,M
1906-06-17,71,60,0.87,M,M
1906-06-18,69,59,0.13,M,M
1906-06-19,75,58,0.12,M,M
1906-06-20,80,53,0.00,M,M
1906-06-21,82,60,0.00,M,M
1906-06-22,80,60,T,M,M
1906-06-23,75,54,T,M,M
1906-06-24,74,58,0.02,M,M
1906-06-25,71,52,0.00,M,M
1906-06-26,80,47,0.00,M,M
1906-06-27,80,49,0.00,M,M
1906-06-28,85,53,0.00,M,M
1906-06-29,83,64,T,M,M
1906-06-30,82,60,0.03,M,M
1906-07-01,77,58,0.97,M,M
1906-07-02,74,56,0.32,M,M
1906-07-03,81,61,0.00,M,M
1906-07-04,78,63,0.31,M,M
1906-07-05,70,53,0.00,M,M
1906-07-06,76,45,0.00,M,M
1906-07-07,78,49,0.00,M,M
1906-07-08,83,47,0.00,M,M
1906-07-09,74,61,0.00,M,M
1906-07-10,77,55,0.00,M,M
1906-07-11,79,53,0.00,M,M
1906-07-12,70,58,0.00,M,M
1906-07-13,84,48,0.00,M,M
1906-07-14,86,51,0.00,M,M
1906-07-15,86,53,0.00,M,M
1906-07-16,87,60,0.00,M,M
1906-07-17,84,66,0.25,M,M
1906-07-18,80,57,0.15,M,M
1906-07-19,83,48,0.00,M,M
1906-07-20,88,68,0.00,M,M
1906-07-21,87,65,0.24,M,M
1906-07-22,87,57,0.00,M,M
1906-07-23,80,63,0.31,M,M
1906-07-24,71,58,0.06,M,M
1906-07-25,79,50,0.00,M,M
1906-07-26,80,51,0.00,M,M
1906-07-27,84,57,0.00,M,M
1906-07-28,84,63,T,M,M
1906-07-29,87,60,0.39,M,M
1906-07-30,84,M,0.23,M,M
1906-07-31,80,57,0.00,M,M
1906-08-01,87,52,0.00,M,M
1906-08-02,77,53,0.00,M,M
1906-08-03,73,54,0.15,M,M
1906-08-04,82,67,0.74,M,M
1906-08-05,87,67,0.00,M,M
1906-08-06,89,66,0.11,M,M
1906-08-07,89,63,0.00,M,M
1906-08-08,81,60,1.29,M,M
1906-08-09,80,56,0.00,M,M
1906-08-10,78,55,T,M,M
1906-08-11,84,63,0.09,M,M
1906-08-12,81,63,0.00,M,M
1906-08-13,77,44,0.00,M,M
1906-08-14,79,46,0.00,M,M
1906-08-15,73,44,0.00,M,M
1906-08-16,80,41,0.00,M,M
1906-08-17,88,46,0.00,M,M
1906-08-18,87,53,0.00,M,M
1906-08-19,89,58,0.73,M,M
1906-08-20,84,65,0.75,M,M
1906-08-21,86,66,0.78,M,M
1906-08-22,89,62,0.00,M,M
1906-08-23,89,66,T,M,M
1906-08-24,78,57,0.42,M,M
1906-08-25,80,46,0.00,M,M
1906-08-26,82,55,0.00,M,M
1906-08-27,81,65,1.56,M,M
1906-08-28,84,56,0.00,M,M
1906-08-29,90,48,0.00,M,M
1906-08-30,87,55,0.00,M,M
1906-08-31,79,53,0.00,M,M
1906-09-01,80,38,0.00,M,M
1906-09-02,75,61,0.17,M,M
1906-09-03,77,43,0.00,M,M
1906-09-04,65,49,0.00,M,M
1906-09-05,76,35,0.00,M,M
1906-09-06,80,44,0.00,M,M
1906-09-07,83,48,0.00,M,M
1906-09-08,76,53,0.00,M,M
1906-09-09,87,54,0.00,M,M
1906-09-10,85,52,0.00,M,M
1906-09-11,82,50,0.00,M,M
1906-09-12,84,63,0.00,M,M
1906-09-13,85,60,0.00,M,M
1906-09-14,74,55,0.00,M,M
1906-09-15,73,36,0.00,M,M
1906-09-16,75,34,0.00,M,M
1906-09-17,80,42,0.00,M,M
1906-09-18,89,52,0.00,M,M
1906-09-19,87,60,0.00,M,M
1906-09-20,84,54,0.00,M,M
1906-09-21,83,M,0.24,M,M
1906-09-22,69,58,0.98,M,M
1906-09-23,74,58,0.03,M,M
1906-09-24,65,39,0.00,M,M
1906-09-25,77,30,0.00,M,M
1906-09-26,75,34,0.00,M,M
1906-09-27,75,55,0.26,M,M
1906-09-28,71,41,0.00,M,M
1906-09-29,71,39,T,M,M
1906-09-30,68,45,0.44,M,M
1906-10-01,63,29,0.00,0.0,M
1906-10-02,64,36,0.00,0.0,M
1906-10-03,74,36,0.00,0.0,M
1906-10-04,75,39,0.00,0.0,M
1906-10-05,77,54,0.00,0.0,M
1906-10-06,77,48,0.00,0.0,M
1906-10-07,52,39,0.25,0.0,M
1906-10-08,62,27,0.00,0.0,M
1906-10-09,76,43,0.16,0.0,M
1906-10-10,64,40,0.00,0.0,M
1906-10-11,44,32,0.31,0.0,M
1906-10-12,47,25,0.00,0.0,M
1906-10-13,54,20,0.00,0.0,M
1906-10-14,73,24,0.00,0.0,M
1906-10-15,82,29,0.00,0.0,M
1906-10-16,79,35,0.00,0.0,M
1906-10-17,64,38,0.00,0.0,M
1906-10-18,59,37,T,0.0,M
1906-10-19,77,49,T,0.0,M
1906-10-20,63,52,1.34,0.0,M
1906-10-21,56,46,0.28,0.0,M
1906-10-22,70,45,0.00,0.0,M
1906-10-23,57,48,0.00,0.0,M
1906-10-24,59,35,0.00,0.0,M
1906-10-25,65,48,0.00,0.0,M
1906-10-26,61,36,0.00,0.0,M
1906-10-27,57,35,0.03,0.0,M
1906-10-28,58,41,0.00,0.0,M
1906-10-29,43,33,T,0.0,M
1906-10-30,41,32,0.41,0.0,M
1906-10-31,36,33,0.02,T,M
1906-11-01,40,24,0.00,0.0,M
1906-11-02,54,26,0.00,0.0,M
1906-11-03,55,30,0.00,0.0,M
1906-11-04,51,24,0.00,0.0,M
1906-11-05,51,26,0.00,0.0,M
1906-11-06,54,27,0.00,0.0,M
1906-11-07,51,22,0.00,0.0,M
1906-11-08,52,19,0.00,0.0,M
1906-11-09,47,15,T,0.0,M
1906-11-10,53,34,0.00,0.0,M
1906-11-11,40,32,0.40,4.0,M
1906-11-12,39,31,0.40,4.0,M
1906-11-13,32,24,T,T,M
1906-11-14,37,25,0.00,0.0,M
1906-11-15,32,10,0.00,0.0,M
1906-11-16,33,23,1.60,16.0,M
1906-11-17,50,26,T,0.0,M
1906-11-18,56,36,0.00,0.0,M
1906-11-19,44,33,0.00,0.0,M
1906-11-20,37,31,0.58,0.0,M
1906-11-21,51,37,0.00,0.0,M
1906-11-22,40,33,0.00,0.0,M
1906-11-23,40,30,0.00,0.0,M
1906-11-24,49,32,0.00,0.0,M
1906-11-25,46,29,0.00,0.0,M
1906-11-26,51,40,0.00,0.0,M
1906-11-27,41,33,0.00,0.0,M
1906-11-28,42,32,0.03,0.0,M
1906-11-29,35,18,0.00,0.0,M
1906-11-30,40,17,0.00,0.0,M
1906-12-01,44,26,0.00,M,M
1906-12-02,30,3,0.00,M,M
1906-12-03,33,11,0.10,1.0,M
1906-12-04,15,-6,0.00,M,M
1906-12-05,29,5,0.00,M,M
1906-12-06,52,22,0.15,2.0,M
1906-12-07,50,4,0.00,M,M
1906-12-08,11,-7,0.00,M,M
1906-12-09,29,6,0.00,M,M
1906-12-10,34,12,0.20,2.0,M
1906-12-11,34,11,0.00,M,M
1906-12-12,25,-9,0.00,M,M
1906-12-13,31,11,0.00,M,M
1906-12-14,29,22,0.00,M,M
1906-12-15,54,22,T,M,M
1906-12-16,43,24,0.00,M,M
1906-12-17,34,25,0.00,M,M
1906-12-18,30,10,0.00,M,M
1906-12-19,34,-11,0.00,M,M
1906-12-20,34,5,0.30,3.0,M
1906-12-21,38,30,0.00,M,M
1906-12-22,36,23,0.00,M,M
1906-12-23,25,5,0.00,M,M
1906-12-24,10,-12,0.00,M,M
1906-12-25,20,3,0.00,M,M
1906-12-26,30,18,0.00,M,M
1906-12-27,38,25,T,T,M
1906-12-28,38,29,0.00,M,M
1906-12-29,40,31,0.00,M,M
1906-12-30,40,31,T,M,M
1906-12-31,40,34,0.24,M,M
1907-01-01,44,34,0.00,0.0,M
1907-01-02,35,28,0.00,0.0,M
1907-01-03,34,25,0.31,0.0,M
1907-01-04,56,33,0.02,0.0,M
1907-01-05,42,26,0.00,0.0,M
1907-01-06,45,20,0.00,0.0,M
1907-01-07,42,29,0.41,0.0,M
1907-01-08,57,12,0.00,0.0,M
1907-01-09,33,6,0.00,0.0,M
1907-01-10,36,28,0.00,0.0,M
1907-01-11,35,12,0.20,2.0,M
1907-01-12,35,24,0.00,0.0,M
1907-01-13,35,21,0.07,0.0,M
1907-01-14,36,24,0.00,0.0,M
1907-01-15,38,15,0.00,0.0,M
1907-01-16,15,4,0.00,0.0,M
1907-01-17,9,-9,0.10,1.0,M
1907-01-18,29,-2,0.00,0.0,M
1907-01-19,36,23,0.05,0.0,M
1907-01-20,55,34,0.00,0.0,M
1907-01-21,35,11,0.00,0.0,M
1907-01-22,22,6,0.30,3.0,M
1907-01-23,17,-7,0.00,0.0,M
1907-01-24,8,-19,0.00,0.0,M
1907-01-25,9,-3,0.30,3.0,M
1907-01-26,29,5,0.20,2.0,M
1907-01-27,17,-28,0.00,0.0,M
1907-01-28,25,-12,0.00,0.0,M
1907-01-29,24,-5,0.00,0.0,M
1907-01-30,25,4,0.00,0.0,M
1907-01-31,23,-20,0.00,0.0,M
1907-02-01,33,15,0.00,0.0,M
1907-02-02,43,27,0.00,0.0,M
1907-02-03,44,11,0.00,0.0,M
1907-02-04,18,5,0.00,0.0,M
1907-02-05,13,4,0.70,7.0,M
1907-02-06,13,-16,0.20,2.0,M
1907-02-07,23,-22,0.00,0.0,M
1907-02-08,26,-2,0.00,0.0,M
1907-02-09,29,-15,0.00,0.0,M
1907-02-10,39,12,0.00,0.0,M
1907-02-11,34,5,0.00,0.0,M
1907-02-12,5,-9,0.00,0.0,M
1907-02-13,21,-6,0.00,0.0,M
1907-02-14,45,15,0.00,0.0,M
1907-02-15,35,15,0.00,0.0,M
1907-02-16,40,23,0.00,0.0,M
1907-02-17,31,11,0.00,0.0,M
1907-02-18,29,-0,0.00,0.0,M
1907-02-19,36,5,0.00,0.0,M
1907-02-20,36,15,0.00,0.0,M
1907-02-21,31,10,0.00,0.0,M
1907-02-22,10,-9,0.00,0.0,M
1907-02-23,10,-2,0.00,0.0,M
1907-02-24,15,-13,0.10,1.0,M
1907-02-25,30,13,0.30,3.0,M
1907-02-26,28,-2,0.00,0.0,M
1907-02-27,27,1,0.00,0.0,M
1907-02-28,29,-12,0.00,0.0,M
1907-03-01,45,M,0.00,0.0,M
1907-03-02,44,24,0.00,0.0,M
1907-03-03,34,23,0.00,0.0,M
1907-03-04,30,13,0.00,0.0,M
1907-03-05,33,13,0.00,0.0,M
1907-03-06,29,11,T,T,M
1907-03-07,35,-0,0.00,0.0,M
1907-03-08,33,11,T,T,M
1907-03-09,33,20,0.00,0.0,M
1907-03-10,28,10,T,T,M
1907-03-11,42,-0,0.00,0.0,M
1907-03-12,36,8,0.00,0.0,M
1907-03-13,39,31,T,0.0,M
1907-03-14,54,31,0.38,0.0,M
1907-03-15,47,25,0.00,0.0,M
1907-03-16,43,24,0.00,0.0,M
1907-03-17,66,34,0.00,0.0,M
1907-03-18,48,23,0.00,0.0,M
1907-03-19,35,20,T,T,M
1907-03-20,44,26,0.00,0.0,M
1907-03-21,58,18,0.00,0.0,M
1907-03-22,72,28,0.00,0.0,M
1907-03-23,63,39,0.00,0.0,M
1907-03-24,46,32,0.26,0.0,M
1907-03-25,52,15,0.10,1.0,M
1907-03-26,54,25,0.00,0.0,M
1907-03-27,61,37,0.00,0.0,M
1907-03-28,71,40,0.23,0.0,M
1907-03-29,75,42,0.00,0.0,M
1907-03-30,70,41,0.00,0.0,M
1907-03-31,51,30,0.00,0.0,M
1907-04-01,34,23,T,T,M
1907-04-02,44,17,0.00,0.0,M
1907-04-03,53,24,0.00,0.0,M
1907-04-04,66,25,0.00,0.0,M
1907-04-05,56,38,0.00,0.0,M
1907-04-06,52,31,0.08,0.0,M
1907-04-07,44,9,0.00,0.0,M
1907-04-08,40,27,0.60,6.0,M
1907-04-09,36,27,0.20,2.0,M
1907-04-10,36,27,0.40,4.0,M
1907-04-11,50,28,0.00,0.0,M
1907-04-12,43,27,0.00,0.0,M
1907-04-13,45,29,0.05,0.0,M
1907-04-14,40,30,0.00,0.0,M
1907-04-15,39,28,0.00,0.0,M
1907-04-16,47,27,0.00,0.0,M
1907-04-17,42,28,0.10,1.0,M
1907-04-18,47,27,0.00,0.0,M
1907-04-19,39,25,T,T,M
1907-04-20,42,25,0.00,0.0,M
1907-04-21,47,24,0.00,0.0,M
1907-04-22,63,26,0.00,0.0,M
1907-04-23,65,30,0.00,0.0,M
1907-04-24,54,39,1.74,0.0,M
1907-04-25,71,28,0.00,0.0,M
1907-04-26,50,37,0.62,0.0,M
1907-04-27,62,33,0.00,0.0,M
1907-04-28,66,31,0.00,0.0,M
1907-04-29,73,44,0.00,0.0,M
1907-04-30,73,50,0.08,0.0,M
1907-05-01,67,37,0.00,M,M
1907-05-02,62,27,0.00,M,M
1907-05-03,62,37,0.00,M,M
1907-05-04,55,34,0.47,M,M
1907-05-05,56,27,0.00,M,M
1907-05-06,54,36,0.06,M,M
1907-05-07,56,45,0.47,M,M
1907-05-08,67,42,0.00,M,M
1907-05-09,65,46,0.05,M,M
1907-05-10,56,36,0.00,M,M
1907-05-11,47,30,0.10,1.0,M
1907-05-12,56,21,0.00,M,M
1907-05-13,82,37,0.00,M,M
1907-05-14,87,54,0.00,M,M
1907-05-15,76,48,0.00,M,M
1907-05-16,63,47,0.74,M,M
1907-05-17,64,32,0.08,M,M
1907-05-18,76,40,T,M,M
1907-05-19,74,49,0.07,M,M
1907-05-20,54,40,0.05,M,M
1907-05-21,51,33,0.00,M,M
1907-05-22,57,37,0.00,M,M
1907-05-23,64,36,T,M,M
1907-05-24,72,32,0.00,M,M
1907-05-25,65,26,0.00,M,M
1907-05-26,M,39,0.68,M,M
1907-05-27,60,42,0.37,M,M
1907-05-28,49,36,0.00,M,M
1907-05-29,67,35,0.00,M,M
1907-05-30,65,34,0.00,M,M
1907-05-31,62,44,0.30,M,M
1907-06-01,68,35,0.00,M,M
1907-06-02,55,42,0.33,M,M
1907-06-03,59,42,0.37,M,M
1907-06-04,72,45,0.00,M,M
1907-06-05,66,48,0.17,M,M
1907-06-06,56,44,0.07,M,M
1907-06-07,60,48,0.00,M,M
1907-06-08,69,48,0.00,M,M
1907-06-09,65,41,0.05,M,M
1907-06-10,67,38,0.02,M,M
1907-06-11,69,48,0.00,M,M
1907-06-12,73,40,0.00,M,M
1907-06-13,75,38,0.00,M,M
1907-06-14,77,46,0.00,M,M
1907-06-15,78,51,0.00,M,M
1907-06-16,81,40,0.00,M,M
1907-06-17,84,50,0.00,M,M
1907-06-18,92,59,0.00,M,M
1907-06-19,84,60,0.51,M,M
1907-06-20,79,58,0.09,M,M
1907-06-21,83,56,0.00,M,M
1907-06-22,88,57,0.00,M,M
1907-06-23,88,53,0.00,M,M
1907-06-24,88,61,0.00,M,M
1907-06-25,88,63,0.00,M,M
1907-06-26,88,62,0.50,M,M
1907-06-27,67,52,0.00,M,M
1907-06-28,81,51,0.00,M,M
1907-06-29,76,56,T,M,M
1907-06-30,68,55,0.65,M,M
1907-07-01,74,55,0.00,M,M
1907-07-02,83,54,0.26,M,M
1907-07-03,77,57,0.00,M,M
1907-07-04,75,44,0.00,M,M
1907-07-05,79,44,0.00,M,M
1907-07-06,83,48,0.10,M,M
1907-07-07,84,58,0.00,M,M
1907-07-08,84,54,0.70,M,M
1907-07-09,79,57,0.00,M,M
1907-07-10,80,51,0.00,M,M
1907-07-11,70,53,0.61,M,M
1907-07-12,72,56,0.67,M,M
1907-07-13,75,57,0.00,M,M
1907-07-14,80,45,0.00,M,M
1907-07-15,83,57,0.00,M,M
1907-07-16,81,56,0.00,M,M
1907-07-17,89,64,0.36,M,M
1907-07-18,86,65,0.21,M,M
1907-07-19,82,54,0.00,M,M
1907-07-20,85,61,1.45,M,M
1907-07-21,77,58,0.00,M,M
1907-07-22,79,51,0.08,M,M
1907-07-23,74,63,0.05,M,M
1907-07-24,83,54,0.09,M,M
1907-07-25,81,59,0.06,M,M
1907-07-26,81,60,0.03,M,M
1907-07-27,73,54,0.00,M,M
1907-07-28,79,55,0.00,M,M
1907-07-29,84,56,0.00,M,M
1907-07-30,78,57,0.00,M,M
1907-07-31,80,53,0.00,M,M
1907-08-01,74,58,0.05,M,M
1907-08-02,83,55,0.00,M,M
1907-08-03,75,48,0.00,M,M
1907-08-04,73,53,0.08,M,M
1907-08-05,81,42,0.00,M,M
1907-08-06,79,58,0.06,M,M
1907-08-07,88,58,0.06,M,M
1907-08-08,84,61,T,M,M
1907-08-09,80,49,0.00,M,M
1907-08-10,88,51,0.00,M,M
1907-08-11,91,53,0.00,M,M
1907-08-12,94,62,0.00,M,M
1907-08-13,81,65,0.00,M,M
1907-08-14,72,53,0.00,M,M
1907-08-15,76,41,0.00,M,M
1907-08-16,81,43,0.00,M,M
1907-08-17,87,58,0.00,M,M
1907-08-18,80,55,0.00,M,M
1907-08-19,82,38,0.00,M,M
1907-08-20,88,53,0.00,M,M
1907-08-21,75,60,0.00,M,M
1907-08-22,78,45,0.07,M,M
1907-08-23,83,38,0.00,M,M
1907-08-24,74,52,0.32,M,M
1907-08-25,77,50,T,M,M
1907-08-26,73,52,0.00,M,M
1907-08-27,73,47,T,M,M
1907-08-28,77,54,0.12,M,M
1907-08-29,71,40,0.00,M,M
1907-08-30,71,40,0.08,M,M
1907-08-31,71,43,0.00,M,M
1907-09-01,74,41,0.00,M,M
1907-09-02,64,49,0.29,M,M
1907-09-03,71,59,0.28,M,M
1907-09-04,77,63,0.77,M,M
1907-09-05,79,64,0.67,M,M
1907-09-06,73,50,0.27,M,M
1907-09-07,75,56,0.00,M,M
1907-09-08,69,57,0.17,M,M
1907-09-09,69,58,0.15,M,M
1907-09-10,68,59,0.43,M,M
1907-09-11,77,59,0.67,M,M
1907-09-12,72,59,0.02,M,M
1907-09-13,80,51,0.00,M,M
1907-09-14,85,47,0.00,M,M
1907-09-15,84,53,0.00,M,M
1907-09-16,88,60,0.00,M,M
1907-09-17,79,67,0.00,M,M
1907-09-18,69,47,0.07,M,M
1907-09-19,67,47,0.08,M,M
1907-09-20,79,54,T,M,M
1907-09-21,80,63,0.21,M,M
1907-09-22,70,50,0.04,M,M
1907-09-23,57,48,0.60,M,M
1907-09-24,79,50,0.05,M,M
1907-09-25,64,45,0.00,M,M
1907-09-26,68,35,T,M,M
1907-09-27,57,33,T,M,M
1907-09-28,54,43,0.09,M,M
1907-09-29,50,44,1.00,M,M
1907-09-30,60,46,T,M,M
1907-10-01,60,37,T,0.0,M
1907-10-02,67,27,0.00,0.0,M
1907-10-03,75,34,0.00,0.0,M
1907-10-04,73,52,0.69,0.0,M
1907-10-05,62,43,0.09,0.0,M
1907-10-06,65,M,0.00,0.0,M
1907-10-07,75,44,0.18,0.0,M
1907-10-08,68,40,0.54,0.0,M
1907-10-09,68,26,0.00,0.0,M
1907-10-10,62,34,0.00,0.0,M
1907-10-11,61,44,0.08,0.0,M
1907-10-12,58,31,0.04,0.0,M
1907-10-13,58,28,0.00,0.0,M
1907-10-14,59,34,0.00,0.0,M
1907-10-15,75,24,0.00,0.0,M
1907-10-16,77,35,0.00,0.0,M
1907-10-17,61,42,0.00,0.0,M
1907-10-18,62,40,0.00,0.0,M
1907-10-19,45,23,0.00,0.0,M
1907-10-20,40,28,0.30,0.0,M
1907-10-21,44,20,0.00,0.0,M
1907-10-22,60,21,0.00,0.0,M
1907-10-23,59,38,0.00,0.0,M
1907-10-24,50,28,0.00,0.0,M
1907-10-25,56,25,0.00,0.0,M
1907-10-26,46,28,0.00,0.0,M
1907-10-27,48,20,T,T,M
1907-10-28,54,45,1.74,0.0,M
1907-10-29,45,33,0.21,0.0,M
1907-10-30,49,28,0.00,0.0,M
1907-10-31,55,19,0.00,0.0,M
1907-11-01,57,20,0.00,0.0,M
1907-11-02,55,33,0.05,0.0,M
1907-11-03,56,45,1.04,0.0,M
1907-11-04,47,33,0.00,0.0,M
1907-11-05,48,24,0.00,0.0,M
1907-11-06,51,39,0.72,0.0,M
1907-11-07,48,37,1.69,0.0,M
1907-11-08,47,35,0.00,0.0,M
1907-11-09,57,28,0.00,0.0,M
1907-11-10,50,33,T,0.0,M
1907-11-11,41,26,0.00,0.0,M
1907-11-12,40,26,0.00,0.0,M
1907-11-13,48,17,0.00,0.0,M
1907-11-14,35,26,0.00,0.0,M
1907-11-15,48,14,0.00,0.0,M
1907-11-16,45,15,0.00,0.0,M
1907-11-17,39,18,0.00,0.0,M
1907-11-18,45,22,0.00,0.0,M
1907-11-19,40,28,0.00,0.0,M
1907-11-20,48,26,0.00,0.0,M
1907-11-21,46,29,T,0.0,M
1907-11-22,51,36,0.00,0.0,M
1907-11-23,45,30,0.00,0.0,M
1907-11-24,36,26,0.00,0.0,M
1907-11-25,35,28,0.80,8.0,M
1907-11-26,35,24,T,T,M
1907-11-27,35,27,T,T,M
1907-11-28,45,28,0.00,0.0,M
1907-11-29,38,15,0.00,0.0,M
1907-11-30,33,20,0.00,0.0,M
1907-12-01,30,15,T,T,M
1907-12-02,29,17,0.10,1.0,M
1907-12-03,30,15,0.00,0.0,M
1907-12-04,24,15,0.00,0.0,M
1907-12-05,22,-0,0.00,0.0,M
1907-12-06,32,22,0.00,0.0,M
1907-12-07,38,21,0.00,0.0,M
1907-12-08,48,14,0.00,0.0,M
1907-12-09,49,20,T,0.0,M
1907-12-10,51,38,0.84,0.0,M
1907-12-11,43,27,0.00,0.0,M
1907-12-12,38,21,0.00,0.0,M
1907-12-13,M,19,0.00,0.0,M
1907-12-14,28,18,0.80,8.0,M
1907-12-15,33,22,0.20,2.0,M
1907-12-16,33,28,0.00,0.0,M
1907-12-17,32,23,0.00,0.0,M
1907-12-18,33,20,0.00,0.0,M
1907-12-19,29,16,0.00,0.0,M
1907-12-20,34,11,0.00,0.0,M
1907-12-21,38,24,0.00,0.0,M
1907-12-22,39,12,0.00,0.0,M
1907-12-23,46,14,0.14,0.0,M
1907-12-24,46,28,0.00,0.0,M
1907-12-25,34,20,0.10,1.0,M
1907-12-26,42,26,0.00,0.0,M
1907-12-27,44,20,0.00,0.0,M
1907-12-28,55,36,T,0.0,M
1907-12-29,40,24,0.00,0.0,M
1907-12-30,53,27,T,0.0,M
1907-12-31,48,23,0.09,0.0,M
1908-01-01,40,25,0.00,0.0,M
1908-01-02,35,26,0.00,0.0,M
1908-01-03,29,22,0.00,0.0,M
1908-01-04,35,13,T,T,M
1908-01-05,38,3,0.00,0.0,M
1908-01-06,33,6,0.00,0.0,M
1908-01-07,29,6,0.30,3.0,M
1908-01-08,36,23,0.30,3.0,M
1908-01-09,28,17,0.00,0.0,M
1908-01-10,23,9,0.00,0.0,M
1908-01-11,30,-1,0.00,0.0,M
1908-01-12,35,21,0.50,5.0,M
1908-01-13,40,29,0.00,0.0,M
1908-01-14,29,13,0.00,0.0,M
1908-01-15,30,13,0.00,0.0,M
1908-01-16,40,20,T,T,M
1908-01-17,31,10,0.00,0.0,M
1908-01-18,34,20,0.00,0.0,M
1908-01-19,32,10,0.00,0.0,M
1908-01-20,41,6,0.00,0.0,M
1908-01-21,50,28,0.00,0.0,M
1908-01-22,48,32,0.00,0.0,M
1908-01-23,33,17,T,T,M
1908-01-24,22,7,0.40,4.0,M
1908-01-25,28,-7,0.00,0.0,M
1908-01-26,36,23,0.00,0.0,M
1908-01-27,41,16,0.00,0.0,M
1908-01-28,27,1,0.00,0.0,M
1908-01-29,32,9,0.00,0.0,M
1908-01-30,9,-13,0.00,0.0,M
1908-01-31,23,-12,0.00,0.0,M
1908-02-01,27,4,0.00,0.0,M
1908-02-02,28,9,0.80,8.0,M
1908-02-03,22,-6,0.00,0.0,M
1908-02-04,19,-10,0.00,0.0,M
1908-02-05,5,-27,0.30,3.0,M
1908-02-06,35,-0,0.20,2.0,M
1908-02-07,25,11,0.10,1.0,M
1908-02-08,12,-3,0.00,0.0,M
1908-02-09,16,-8,0.00,0.0,M
1908-02-10,29,-17,0.00,0.0,M
1908-02-11,42,-4,0.00,0.0,M
1908-02-12,35,-4,0.00,0.0,M
1908-02-13,37,25,T,0.0,M
1908-02-14,47,32,0.00,0.0,M
1908-02-15,60,37,0.24,0.0,M
1908-02-16,46,23,0.00,0.0,M
1908-02-17,28,15,0.00,0.0,M
1908-02-18,22,7,0.00,0.0,M
1908-02-19,22,11,0.70,7.0,M
1908-02-20,25,17,0.00,0.0,M
1908-02-21,35,17,0.00,0.0,M
1908-02-22,29,10,0.00,0.0,M
1908-02-23,19,-6,T,T,M
1908-02-24,32,-6,0.00,0.0,M
1908-02-25,31,-11,0.00,0.0,M
1908-02-26,36,23,0.40,4.0,M
1908-02-27,39,19,0.00,0.0,M
1908-02-28,30,9,0.00,0.0,M
1908-02-29,25,9,0.00,0.0,M
1908-03-01,33,-5,0.20,2.0,M
1908-03-02,37,21,0.20,2.0,M
1908-03-03,33,22,0.00,0.0,M
1908-03-04,29,16,0.00,0.0,M
1908-03-05,36,11,0.00,0.0,M
1908-03-06,33,10,0.40,4.0,M
1908-03-07,40,28,0.00,0.0,M
1908-03-08,41,29,0.00,0.0,M
1908-03-09,36,19,0.00,0.0,M
1908-03-10,27,2,0.00,0.0,M
1908-03-11,48,10,0.00,0.0,M
1908-03-12,51,33,0.00,0.0,M
1908-03-13,51,23,0.00,0.0,M
1908-03-14,52,29,0.00,0.0,M
1908-03-15,54,29,0.02,0.0,M
1908-03-16,51,24,T,T,M
1908-03-17,25,13,0.20,2.0,M
1908-03-18,34,20,0.10,1.0,M
1908-03-19,47,26,0.00,0.0,M
1908-03-20,30,12,0.00,0.0,M
1908-03-21,35,9,0.00,0.0,M
1908-03-22,48,24,0.00,0.0,M
1908-03-23,60,25,0.03,0.0,M
1908-03-24,53,34,0.00,0.0,M
1908-03-25,35,16,0.00,0.0,M
1908-03-26,63,24,0.00,0.0,M
1908-03-27,63,38,0.00,0.0,M
1908-03-28,69,31,0.00,0.0,M
1908-03-29,58,32,0.04,0.0,M
1908-03-30,46,28,0.00,0.0,M
1908-03-31,45,29,0.00,0.0,M
1908-04-01,48,26,0.00,0.0,M
1908-04-02,45,27,0.03,T,M
1908-04-03,30,20,T,T,M
1908-04-04,27,14,0.10,1.0,M
1908-04-05,41,15,0.00,0.0,M
1908-04-06,60,33,0.00,0.0,M
1908-04-07,58,34,0.00,0.0,M
1908-04-08,43,31,0.08,0.0,M
1908-04-09,55,26,0.14,T,M
1908-04-10,55,25,T,0.0,M
1908-04-11,55,32,T,T,M
1908-04-12,43,30,T,T,M
1908-04-13,44,26,T,0.0,M
1908-04-14,59,22,0.00,0.0,M
1908-04-15,57,39,0.09,0.0,M
1908-04-16,44,22,0.00,0.0,M
1908-04-17,54,14,0.00,0.0,M
1908-04-18,60,25,T,0.0,M
1908-04-19,48,40,0.08,0.0,M
1908-04-20,43,27,T,T,M
1908-04-21,41,22,0.00,0.0,M
1908-04-22,68,32,0.00,0.0,M
1908-04-23,82,44,0.00,0.0,M
1908-04-24,74,35,0.00,0.0,M
1908-04-25,68,46,T,0.0,M
1908-04-26,79,52,0.00,0.0,M
1908-04-27,80,42,0.00,0.0,M
1908-04-28,71,42,0.48,0.0,M
1908-04-29,58,34,0.00,0.0,M
1908-04-30,M,36,0.05,0.0,M
1908-05-01,54,35,1.24,M,M
1908-05-02,60,33,T,M,M
1908-05-03,47,33,0.23,M,M
1908-05-04,56,29,0.00,M,M
1908-05-05,63,26,0.00,M,M
1908-05-06,62,36,T,M,M
1908-05-07,48,38,0.63,M,M
1908-05-08,58,39,0.46,M,M
1908-05-09,54,44,0.19,M,M
1908-05-10,49,34,0.15,M,M
1908-05-11,76,42,T,M,M
1908-05-12,80,51,T,M,M
1908-05-13,74,53,0.00,M,M
1908-05-14,58,44,0.73,M,M
1908-05-15,68,48,0.00,M,M
1908-05-16,71,43,0.00,M,M
1908-05-17,71,47,0.00,M,M
1908-05-18,77,49,0.00,M,M
1908-05-19,75,49,0.00,M,M
1908-05-20,69,51,0.08,M,M
1908-05-21,68,59,0.31,M,M
1908-05-22,71,62,0.24,M,M
1908-05-23,79,59,0.16,M,M
1908-05-24,78,58,0.00,M,M
1908-05-25,81,45,0.00,M,M
1908-05-26,88,54,0.00,M,M
1908-05-27,81,66,T,M,M
1908-05-28,85,51,0.00,M,M
1908-05-29,77,55,0.08,M,M
1908-05-30,74,56,0.25,M,M
1908-05-31,78,62,0.23,M,M
1908-06-01,67,52,0.00,M,M
1908-06-02,68,44,0.00,M,M
1908-06-03,72,32,0.00,M,M
1908-06-04,79,48,0.00,M,M
1908-06-05,76,38,0.00,M,M
1908-06-06,78,42,0.00,M,M
1908-06-07,85,47,0.00,M,M
1908-06-08,87,54,0.00,M,M
1908-06-09,90,59,0.00,M,M
1908-06-10,72,56,0.59,M,M
1908-06-11,72,57,0.00,M,M
1908-06-12,72,41,0.00,M,M
1908-06-13,83,42,0.00,M,M
1908-06-14,87,54,0.00,M,M
1908-06-15,74,53,0.81,M,M
1908-06-16,65,51,0.14,M,M
1908-06-17,71,38,0.00,M,M
1908-06-18,78,42,0.00,M,M
1908-06-19,86,54,0.00,M,M
1908-06-20,84,64,T,M,M
1908-06-21,84,62,0.00,M,M
1908-06-22,84,57,0.00,M,M
1908-06-23,83,54,0.00,M,M
1908-06-24,92,65,0.34,M,M
1908-06-25,77,57,0.00,M,M
1908-06-26,77,45,0.00,M,M
1908-06-27,84,45,0.00,M,M
1908-06-28,84,46,0.00,M,M
1908-06-29,83,57,T,M,M
1908-06-30,74,57,0.00,M,M
1908-07-01,83,51,0.00,M,M
1908-07-02,85,61,0.19,M,M
1908-07-03,80,57,0.26,M,M
1908-07-04,83,64,0.06,M,M
1908-07-05,86,66,0.00,M,M
1908-07-06,91,58,0.00,M,M
1908-07-07,93,60,0.10,M,M
1908-07-08,74,56,0.00,M,M
1908-07-09,80,40,0.00,M,M
1908-07-10,85,44,0.00,M,M
1908-07-11,90,52,0.00,M,M
1908-07-12,93,64,0.61,M,M
1908-07-13,85,59,0.00,M,M
1908-07-14,77,64,0.16,M,M
1908-07-15,74,54,0.25,M,M
1908-07-16,73,57,0.00,M,M
1908-07-17,75,46,0.18,M,M
1908-07-18,86,59,0.32,M,M
1908-07-19,79,61,0.66,M,M
1908-07-20,79,57,0.00,M,M
1908-07-21,79,58,0.00,M,M
1908-07-22,83,59,0.00,M,M
1908-07-23,88,57,0.00,M,M
1908-07-24,81,61,0.83,M,M
1908-07-25,76,62,0.41,M,M
1908-07-26,80,56,0.00,M,M
1908-07-27,85,52,0.00,M,M
1908-07-28,89,56,0.00,M,M
1908-07-29,89,69,0.00,M,M
1908-07-30,92,58,0.00,M,M
1908-07-31,92,62,T,M,M
1908-08-01,79,60,0.00,M,M
1908-08-02,80,55,0.00,M,M
1908-08-03,81,46,0.00,M,M
1908-08-04,90,59,0.41,M,M
1908-08-05,80,65,0.31,M,M
1908-08-06,84,63,0.74,M,M
1908-08-07,75,58,0.23,M,M
1908-08-08,80,58,0.00,M,M
1908-08-09,79,53,0.00,M,M
1908-08-10,86,54,0.00,M,M
1908-08-11,78,50,0.77,M,M
1908-08-12,84,53,0.00,M,M
1908-08-13,89,67,0.27,M,M
1908-08-14,82,65,0.00,M,M
1908-08-15,80,62,0.00,M,M
1908-08-16,83,61,0.00,M,M
1908-08-17,80,46,0.82,M,M
1908-08-18,77,60,0.00,M,M
1908-08-19,77,45,0.00,M,M
1908-08-20,72,44,0.00,M,M
1908-08-21,80,39,0.00,M,M
1908-08-22,79,52,0.76,M,M
1908-08-23,74,53,0.00,M,M
1908-08-24,70,38,0.00,M,M
1908-08-25,80,38,0.00,M,M
1908-08-26,65,53,T,M,M
1908-08-27,75,44,0.00,M,M
1908-08-28,78,36,0.00,M,M
1908-08-29,80,39,0.00,M,M
1908-08-30,82,42,0.00,M,M
1908-08-31,82,48,0.00,M,M
1908-09-01,83,57,0.00,M,M
1908-09-02,75,57,T,M,M
1908-09-03,76,49,0.00,M,M
1908-09-04,78,35,0.00,M,M
1908-09-05,81,46,0.00,M,M
1908-09-06,74,55,T,M,M
1908-09-07,70,58,0.00,M,M
1908-09-08,72,37,0.00,M,M
1908-09-09,74,38,0.00,M,M
1908-09-10,80,51,0.00,M,M
1908-09-11,81,56,0.00,M,M
1908-09-12,80,51,0.00,M,M
1908-09-13,85,55,0.00,M,M
1908-09-14,73,55,0.00,M,M
1908-09-15,69,33,0.00,M,M
1908-09-16,72,28,0.00,M,M
1908-09-17,79,43,0.00,M,M
1908-09-18,80,45,0.00,M,M
1908-09-19,67,54,0.00,M,M
1908-09-20,71,31,0.00,M,M
1908-09-21,81,49,0.00,M,M
1908-09-22,80,50,0.00,M,M
1908-09-23,84,51,0.00,M,M
1908-09-24,86,50,0.00,M,M
1908-09-25,87,49,0.00,M,M
1908-09-26,83,52,0.00,M,M
1908-09-27,83,55,0.00,M,M
1908-09-28,73,57,0.63,M,M
1908-09-29,69,45,1.23,M,M
1908-09-30,64,30,0.00,M,M
1908-10-01,72,41,0.00,0.0,M
1908-10-02,54,40,0.74,0.0,M
1908-10-03,61,32,0.00,0.0,M
1908-10-04,65,30,0.00,0.0,M
1908-10-05,75,29,0.00,0.0,M
1908-10-06,73,27,0.00,0.0,M
1908-10-07,70,28,0.00,0.0,M
1908-10-08,73,35,0.00,0.0,M
1908-10-09,61,48,0.00,0.0,M
1908-10-10,64,28,0.00,0.0,M
1908-10-11,64,48,0.48,0.0,M
1908-10-12,63,33,0.09,0.0,M
1908-10-13,67,21,0.00,0.0,M
1908-10-14,79,25,0.00,0.0,M
1908-10-15,81,35,0.00,0.0,M
1908-10-16,85,36,0.00,0.0,M
1908-10-17,86,37,0.00,0.0,M
1908-10-18,70,40,0.00,0.0,M
1908-10-19,64,26,0.00,0.0,M
1908-10-20,62,18,0.00,0.0,M
1908-10-21,66,19,0.00,0.0,M
1908-10-22,67,28,0.00,0.0,M
1908-10-23,66,52,0.00,0.0,M
1908-10-24,65,52,T,0.0,M
1908-10-25,70,49,T,0.0,M
1908-10-26,63,55,0.74,0.0,M
1908-10-27,66,53,0.44,0.0,M
1908-10-28,65,39,0.51,0.0,M
1908-10-29,54,45,0.37,0.0,M
1908-10-30,51,35,0.05,0.0,M
1908-10-31,40,29,T,T,M
1908-11-01,35,25,0.00,0.0,M
1908-11-02,43,25,0.00,0.0,M
1908-11-03,56,35,0.00,0.0,M
1908-11-04,36,25,0.00,0.0,M
1908-11-05,36,19,T,T,M
1908-11-06,38,25,T,T,M
1908-11-07,40,32,T,T,M
1908-11-08,52,33,0.00,0.0,M
1908-11-09,61,37,0.00,0.0,M
1908-11-10,50,25,0.00,0.0,M
1908-11-11,50,38,0.00,0.0,M
1908-11-12,43,28,T,T,M
1908-11-13,39,29,0.00,0.0,M
1908-11-14,38,29,T,T,M
1908-11-15,36,27,0.30,3.0,M
1908-11-16,44,27,0.00,0.0,M
1908-11-17,37,28,0.00,0.0,M
1908-11-18,34,26,T,T,M
1908-11-19,40,25,0.00,0.0,M
1908-11-20,43,28,0.00,0.0,M
1908-11-21,53,17,0.00,0.0,M
1908-11-22,54,15,0.00,0.0,M
1908-11-23,57,26,0.00,0.0,M
1908-11-24,62,30,0.00,0.0,M
1908-11-25,62,31,0.00,0.0,M
1908-11-26,66,45,0.00,0.0,M
1908-11-27,62,38,0.00,0.0,M
1908-11-28,45,35,0.00,0.0,M
1908-11-29,47,36,0.00,0.0,M
1908-11-30,45,33,0.00,0.0,M
1908-12-01,60,26,0.00,0.0,M
1908-12-02,46,25,0.00,0.0,M
1908-12-03,28,15,0.00,0.0,M
1908-12-04,36,16,T,T,M
1908-12-05,34,14,0.00,0.0,M
1908-12-06,35,2,0.00,0.0,M
1908-12-07,40,18,0.28,2.0,M
1908-12-08,36,24,0.00,0.0,M
1908-12-09,30,20,T,T,M
1908-12-10,25,4,0.00,0.0,M
1908-12-11,32,5,0.00,0.0,M
1908-12-12,35,25,0.30,3.0,M
1908-12-13,37,13,T,T,M
1908-12-14,38,12,0.00,0.0,M
1908-12-15,48,30,0.00,0.0,M
1908-12-16,38,30,0.00,0.0,M
1908-12-17,33,19,0.00,0.0,M
1908-12-18,37,15,0.20,2.0,M
1908-12-19,34,12,0.00,0.0,M
1908-12-20,33,21,0.00,0.0,M
1908-12-21,37,21,T,T,M
1908-12-22,31,13,0.00,0.0,M
1908-12-23,36,4,0.00,0.0,M
1908-12-24,26,4,0.00,0.0,M
1908-12-25,42,26,0.00,0.0,M
1908-12-26,31,22,T,T,M
1908-12-27,42,20,0.00,0.0,M
1908-12-28,40,22,0.00,0.0,M
1908-12-29,38,18,0.00,0.0,M
1908-12-30,42,25,0.00,0.0,M
1908-12-31,40,27,0.00,0.0,M
1909-01-01,36,18,T,T,M
1909-01-02,32,9,0.00,0.0,M
1909-01-03,41,32,0.00,0.0,M
1909-01-04,49,35,0.03,0.0,M
1909-01-05,53,33,0.50,0.0,M
1909-01-06,47,21,0.23,0.0,M
1909-01-07,23,5,0.00,0.0,M
1909-01-08,22,-2,0.00,0.0,M
1909-01-09,31,9,0.00,0.0,M
1909-01-10,36,28,T,T,M
1909-01-11,48,28,0.00,0.0,M
1909-01-12,29,13,0.40,4.0,M
1909-01-13,13,-5,0.20,2.0,M
1909-01-14,31,6,0.00,0.0,M
1909-01-15,42,26,0.00,0.0,M
1909-01-16,26,-4,0.00,0.0,M
1909-01-17,21,-1,1.00,10.0,M
1909-01-18,26,-6,0.00,0.0,M
1909-01-19,16,-20,0.00,0.0,M
1909-01-20,38,14,0.00,0.0,M
1909-01-21,51,9,0.00,0.0,M
1909-01-22,56,32,0.00,0.0,M
1909-01-23,48,28,0.05,0.0,M
1909-01-24,46,34,0.00,0.0,M
1909-01-25,48,M,0.36,0.0,M
1909-01-26,M,24,0.00,0.0,M
1909-01-27,32,16,0.00,0.0,M
1909-01-28,32,16,0.00,0.0,M
1909-01-29,31,9,0.00,0.0,M
1909-01-30,31,11,0.60,6.0,M
1909-01-31,23,5,0.00,0.0,M
1909-02-01,10,-10,0.00,0.0,M
1909-02-02,30,2,0.20,2.0,M
1909-02-03,23,-6,0.00,0.0,M
1909-02-04,31,-9,0.00,0.0,M
1909-02-05,56,14,0.00,0.0,M
1909-02-06,53,33,0.00,0.0,M
1909-02-07,37,25,0.00,0.0,M
1909-02-08,35,13,0.00,0.0,M
1909-02-09,26,4,0.00,0.0,M
1909-02-10,56,14,0.00,0.0,M
1909-02-11,29,19,0.00,0.0,M
1909-02-12,40,16,0.00,0.0,M
1909-02-13,47,29,0.00,0.0,M
1909-02-14,35,18,0.00,0.0,M
1909-02-15,34,22,0.00,0.0,M
1909-02-16,30,16,0.40,4.0,M
1909-02-17,32,16,0.00,0.0,M
1909-02-18,31,14,0.00,0.0,M
1909-02-19,40,19,0.08,0.0,M
1909-02-20,43,33,1.60,0.0,M
1909-02-21,37,25,0.00,0.0,M
1909-02-22,48,19,0.00,0.0,M
1909-02-23,38,23,0.20,2.0,M
1909-02-24,40,32,0.90,0.0,M
1909-02-25,36,M,0.00,0.0,M
1909-02-26,38,8,T,T,M
1909-02-27,42,21,T,T,M
1909-02-28,34,18,0.00,0.0,M
1909-03-01,38,4,0.00,M,M
1909-03-02,41,25,0.00,M,M
1909-03-03,35,20,0.00,M,M
1909-03-04,33,17,1.00,10.0,M
1909-03-05,23,14,0.00,M,M
1909-03-06,40,13,0.00,M,M
1909-03-07,45,11,T,T,M
1909-03-08,37,19,0.00,M,M
1909-03-09,30,9,M,T,M
1909-03-10,61,30,0.10,M,M
1909-03-11,36,19,0.00,M,M
1909-03-12,38,22,0.00,M,M
1909-03-13,38,22,0.00,M,M
1909-03-14,41,25,0.00,M,M
1909-03-15,35,22,0.00,M,M
1909-03-16,41,18,0.00,M,M
1909-03-17,33,13,T,T,M
1909-03-18,M,16,0.00,M,M
1909-03-19,39,14,T,T,M
1909-03-20,37,26,0.00,M,M
1909-03-21,37,15,0.00,M,M
1909-03-22,36,13,0.00,M,M
1909-03-23,40,20,0.00,M,M
1909-03-24,51,28,0.00,M,M
1909-03-25,42,32,0.66,M,M
1909-03-26,41,27,0.60,6.0,M
1909-03-27,46,15,T,M,M
1909-03-28,51,25,0.00,M,M
1909-03-29,42,28,0.00,M,M
1909-03-30,43,26,0.00,M,M
1909-03-31,47,24,0.00,M,M
1909-04-01,50,28,0.00,0.0,M
1909-04-02,57,22,0.00,0.0,M
1909-04-03,52,33,0.00,0.0,M
1909-04-04,44,33,0.00,0.0,M
1909-04-05,60,25,0.00,0.0,M
1909-04-06,80,33,0.00,0.0,M
1909-04-07,75,42,0.00,0.0,M
1909-04-08,48,39,0.00,0.0,M
1909-04-09,43,25,T,T,M
1909-04-10,40,23,0.00,0.0,M
1909-04-11,45,18,0.00,0.0,M
1909-04-12,62,23,0.00,0.0,M
1909-04-13,72,40,0.00,0.0,M
1909-04-14,68,37,0.28,0.0,M
1909-04-15,46,30,0.56,0.0,M
1909-04-16,61,25,0.00,0.0,M
1909-04-17,64,37,0.00,0.0,M
1909-04-18,70,28,0.00,0.0,M
1909-04-19,84,43,0.00,0.0,M
1909-04-20,55,34,0.00,0.0,M
1909-04-21,45,38,T,0.0,M
1909-04-22,56,40,0.13,0.0,M
1909-04-23,50,31,0.00,0.0,M
1909-04-24,45,28,0.00,0.0,M
1909-04-25,59,20,0.07,0.0,M
1909-04-26,51,33,0.24,0.0,M
1909-04-27,56,23,0.00,0.0,M
1909-04-28,47,29,0.34,0.0,M
1909-04-29,40,22,0.20,2.0,M
1909-04-30,37,29,0.12,0.0,M
1909-05-01,47,35,0.42,M,M
1909-05-02,48,33,0.03,T,M
1909-05-03,55,33,0.33,M,M
1909-05-04,55,34,0.36,M,M
1909-05-05,67,34,0.04,M,M
1909-05-06,77,46,0.08,M,M
1909-05-07,73,44,0.03,M,M
1909-05-08,71,42,0.00,M,M
1909-05-09,75,47,0.00,M,M
1909-05-10,80,53,0.40,M,M
1909-05-11,60,M,0.57,M,M
1909-05-12,65,32,0.00,M,M
1909-05-13,78,35,0.00,M,M
1909-05-14,76,53,0.00,M,M
1909-05-15,74,51,0.04,M,M
1909-05-16,69,47,0.66,M,M
1909-05-17,62,47,0.52,M,M
1909-05-18,61,45,0.03,M,M
1909-05-19,70,45,0.00,M,M
1909-05-20,66,47,0.00,M,M
1909-05-21,59,43,0.00,M,M
1909-05-22,54,40,0.14,M,M
1909-05-23,59,44,0.09,M,M
1909-05-24,73,48,0.00,M,M
1909-05-25,68,35,0.00,M,M
1909-05-26,75,31,0.00,M,M
1909-05-27,63,42,0.40,M,M
1909-05-28,74,55,0.05,M,M
1909-05-29,70,49,0.00,M,M
1909-05-30,72,44,0.00,M,M
1909-05-31,76,48,0.00,M,M
1909-06-01,78,40,0.00,M,M
1909-06-02,74,43,T,M,T
1909-06-03,83,51,0.00,M,M
1909-06-04,85,48,0.38,M,T
1909-06-05,64,52,0.27,M,T
1909-06-06,70,50,0.00,M,M
1909-06-07,75,45,0.00,M,M
1909-06-08,73,39,0.00,M,M
1909-06-09,70,44,0.04,M,M
1909-06-10,57,49,0.74,M,M
1909-06-11,74,53,0.03,M,M
1909-06-12,78,44,0.04,M,M
1909-06-13,74,45,0.26,M,M
1909-06-14,81,56,0.02,M,M
1909-06-15,68,54,0.00,M,M
1909-06-16,77,39,0.00,M,M
1909-06-17,76,51,0.00,M,M
1909-06-18,62,46,0.97,M,M
1909-06-19,71,37,0.00,M,M
1909-06-20,80,57,0.00,M,M
1909-06-21,84,55,0.00,M,M
1909-06-22,90,51,T,M,M
1909-06-23,85,62,T,M,M
1909-06-24,88,65,T,M,M
1909-06-25,90,61,T,M,M
1909-06-26,85,59,T,M,M
1909-06-27,84,55,0.00,M,M
1909-06-28,85,69,0.36,M,M
1909-06-29,84,62,0.00,M,M
1909-06-30,82,45,0.00,M,M
1909-07-01,86,60,0.00,M,M
1909-07-02,75,52,0.00,M,M
1909-07-03,66,53,0.59,M,M
1909-07-04,68,49,0.00,M,M
1909-07-05,77,40,0.00,M,M
1909-07-06,83,45,0.00,M,M
1909-07-07,78,43,0.00,M,M
1909-07-08,77,41,0.00,M,M
1909-07-09,78,36,0.00,M,M
1909-07-10,85,46,0.00,M,M
1909-07-11,86,56,0.00,M,M
1909-07-12,90,59,0.00,M,M
1909-07-13,88,66,0.00,M,M
1909-07-14,87,53,0.00,M,M
1909-07-15,90,66,0.40,M,M
1909-07-16,83,54,0.66,M,M
1909-07-17,87,54,0.00,M,M
1909-07-18,83,46,0.15,M,M
1909-07-19,72,53,0.05,M,M
1909-07-20,78,47,0.00,M,M
1909-07-21,79,40,0.00,M,M
1909-07-22,77,50,T,M,M
1909-07-23,64,53,0.79,M,M
1909-07-24,71,58,0.00,M,M
1909-07-25,75,48,0.00,M,M
1909-07-26,83,45,0.00,M,M
1909-07-27,88,50,0.26,M,M
1909-07-28,89,57,0.00,M,M
1909-07-29,89,61,0.00,M,M
1909-07-30,87,61,0.00,M,M
1909-07-31,85,53,T,M,M
1909-08-01,80,52,0.00,M,M
1909-08-02,82,48,0.00,M,M
1909-08-03,87,45,0.00,M,M
1909-08-04,84,51,0.00,M,M
1909-08-05,63,54,0.14,M,M
1909-08-06,80,55,0.02,M,M
1909-08-07,89,53,0.00,M,M
1909-08-08,93,54,0.00,M,M
1909-08-09,86,60,0.00,M,M
1909-08-10,77,56,0.00,M,M
1909-08-11,75,46,0.00,M,M
1909-08-12,81,39,0.00,M,M
1909-08-13,79,55,T,M,M
1909-08-14,78,50,0.00,M,M
1909-08-15,78,47,0.00,M,M
1909-08-16,65,54,0.53,M,M
1909-08-17,60,49,0.74,M,M
1909-08-18,68,49,0.53,M,M
1909-08-19,83,54,0.00,M,M
1909-08-20,79,51,0.48,M,M
1909-08-21,74,49,0.00,M,M
1909-08-22,77,43,0.00,M,M
1909-08-23,84,46,0.00,M,M
1909-08-24,87,49,0.00,M,M
1909-08-25,93,56,0.00,M,M
1909-08-26,80,55,T,M,M
1909-08-27,78,59,0.00,M,M
1909-08-28,84,42,0.00,M,M
1909-08-29,78,44,0.13,M,M
1909-08-30,69,45,0.00,M,M
1909-08-31,74,32,0.00,M,M
1909-09-01,67,53,T,M,M
1909-09-02,67,42,0.00,M,M
1909-09-03,80,39,0.00,M,M
1909-09-04,78,41,0.05,M,M
1909-09-05,68,49,0.02,M,M
1909-09-06,72,35,0.00,M,M
1909-09-07,74,38,0.00,M,M
1909-09-08,80,36,0.00,M,M
1909-09-09,76,42,0.00,M,M
1909-09-10,69,55,0.94,M,M
1909-09-11,77,56,0.07,M,M
1909-09-12,73,44,0.00,M,M
1909-09-13,79,51,0.00,M,M
1909-09-14,85,52,0.00,M,M
1909-09-15,77,63,0.00,M,M
1909-09-16,65,58,0.02,M,M
1909-09-17,74,48,0.00,M,M
1909-09-18,69,40,0.00,M,M
1909-09-19,68,30,0.00,M,M
1909-09-20,68,36,0.00,M,M
1909-09-21,73,40,0.00,M,M
1909-09-22,79,44,0.00,M,M
1909-09-23,84,61,0.00,M,M
1909-09-24,76,48,0.46,M,M
1909-09-25,70,35,0.00,M,M
1909-09-26,70,32,0.00,M,M
1909-09-27,64,45,0.00,M,M
1909-09-28,62,43,1.12,M,M
1909-09-29,79,27,0.00,M,M
1909-09-30,63,45,0.00,M,M
1909-10-01,57,46,0.00,M,M
1909-10-02,56,43,0.00,M,M
1909-10-03,60,44,0.02,M,M
1909-10-04,60,36,0.04,M,M
1909-10-05,67,29,0.00,M,M
1909-10-06,70,31,0.00,M,M
1909-10-07,73,37,0.00,M,M
1909-10-08,77,38,0.00,M,M
1909-10-09,83,40,0.00,M,M
1909-10-10,83,40,0.00,M,M
1909-10-11,74,47,0.00,M,M
1909-10-12,67,50,0.00,M,M
1909-10-13,52,25,0.00,M,M
1909-10-14,60,29,0.00,M,M
1909-10-15,54,32,0.00,M,M
1909-10-16,51,28,0.03,M,M
1909-10-17,49,35,0.06,M,M
1909-10-18,47,35,T,M,M
1909-10-19,48,32,0.00,M,M
1909-10-20,55,20,0.00,M,M
1909-10-21,49,18,T,M,M
1909-10-22,54,43,T,M,M
1909-10-23,53,40,0.00,M,M
1909-10-24,57,34,0.68,M,M
1909-10-25,59,35,0.00,M,M
1909-10-26,59,30,0.00,M,M
1909-10-27,61,32,0.00,M,M
1909-10-28,46,32,T,M,M
1909-10-29,38,25,0.00,M,M
1909-10-30,46,25,0.00,M,M
1909-10-31,69,33,0.00,M,M
1909-11-01,69,33,0.00,M,M
1909-11-02,67,43,0.00,M,M
1909-11-03,56,42,0.00,M,M
1909-11-04,53,35,0.00,M,M
1909-11-05,46,32,0.00,M,M
1909-11-06,53,28,0.00,M,M
1909-11-07,55,14,0.00,M,M
1909-11-08,50,24,T,M,M
1909-11-09,54,11,0.00,M,M
1909-11-10,58,26,0.00,M,M
1909-11-11,67,34,0.00,M,M
1909-11-12,75,36,0.00,M,M
1909-11-13,65,39,0.00,M,M
1909-11-14,66,32,0.00,M,M
1909-11-15,67,38,0.00,M,M
1909-11-16,60,21,0.00,M,M
1909-11-17,49,24,0.00,M,M
1909-11-18,53,27,0.00,M,M
1909-11-19,64,31,0.00,M,M
1909-11-20,63,50,0.00,M,M
1909-11-21,62,47,0.00,M,M
1909-11-22,60,33,T,M,M
1909-11-23,51,27,0.00,M,M
1909-11-24,M,17,0.00,M,M
1909-11-25,28,22,0.40,4.0,M
1909-11-26,35,22,0.00,M,M
1909-11-27,44,11,0.00,M,M
1909-11-28,48,10,0.00,M,M
1909-11-29,40,12,0.00,M,M
1909-11-30,38,10,0.00,M,M
1909-12-01,38,-1,0.00,0.0,3
1909-12-02,37,17,0.00,0.0,M
1909-12-03,38,18,0.00,0.0,M
1909-12-04,32,20,0.00,0.0,M
1909-12-05,44,30,0.00,0.0,M
1909-12-06,35,16,0.00,0.0,M
1909-12-07,40,28,0.00,0.0,M
1909-12-08,37,26,0.00,0.0,M
1909-12-09,26,12,0.00,0.0,M
1909-12-10,27,13,0.00,0.0,M
1909-12-11,28,19,0.00,0.0,M
1909-12-12,22,12,0.00,0.0,M
1909-12-13,32,12,M,6.0,M
1909-12-14,41,32,0.60,0.0,M
1909-12-15,40,28,0.00,0.0,M
1909-12-16,32,20,0.00,0.0,M
1909-12-17,34,22,0.00,0.0,M
1909-12-18,28,19,0.00,0.0,M
1909-12-19,25,15,0.00,0.0,M
1909-12-20,22,5,0.00,0.0,M
1909-12-21,26,1,0.00,0.0,M
1909-12-22,24,13,0.00,0.0,M
1909-12-23,29,18,0.00,0.0,M
1909-12-24,28,20,0.00,0.0,M
1909-12-25,24,18,0.20,2.0,M
1909-12-26,25,18,1.50,15.0,M
1909-12-27,25,9,0.00,0.0,M
1909-12-28,26,-1,0.00,0.0,M
1909-12-29,15,-10,0.00,0.0,M
1909-12-30,9,-9,0.00,0.0,M
1909-12-31,22,-13,0.00,0.0,M
1910-01-01,28,M,0.00,0.0,M
1910-01-02,42,25,0.00,0.0,M
1910-01-03,32,22,0.10,1.0,M
1910-01-04,26,-10,0.00,0.0,M
1910-01-05,23,-20,0.00,0.0,M
1910-01-06,42,M,0.41,0.0,M
1910-01-07,30,21,0.20,2.0,M
1910-01-08,25,5,0.00,0.0,M
1910-01-09,30,4,0.00,0.0,M
1910-01-10,20,11,0.20,2.0,M
1910-01-11,26,-2,0.00,0.0,M
1910-01-12,27,-6,0.00,0.0,M
1910-01-13,27,4,0.00,0.0,M
1910-01-14,28,12,0.60,6.0,M
1910-01-15,24,10,0.20,2.0,M
1910-01-16,32,-5,0.00,0.0,M
1910-01-17,29,-18,0.00,0.0,M
1910-01-18,35,12,0.00,0.0,M
1910-01-19,45,27,0.00,0.0,M
1910-01-20,35,21,0.00,0.0,M
1910-01-21,42,20,0.48,0.0,M
1910-01-22,45,31,0.35,0.0,M
1910-01-23,43,24,0.00,0.0,M
1910-01-24,35,18,0.00,0.0,M
1910-01-25,31,28,0.40,4.0,M
1910-01-26,34,9,0.00,0.0,M
1910-01-27,37,23,0.00,0.0,M
1910-01-28,35,26,0.00,0.0,M
1910-01-29,28,20,0.50,5.0,M
1910-01-30,33,18,0.00,0.0,M
1910-01-31,37,20,0.10,1.0,M
1910-02-01,30,-4,0.00,0.0,M
1910-02-02,36,13,0.00,0.0,M
1910-02-03,31,25,0.30,3.0,M
1910-02-04,38,16,0.00,0.0,M
1910-02-05,25,4,0.10,1.0,M
1910-02-06,15,-7,0.00,0.0,M
1910-02-07,13,-15,0.00,0.0,M
1910-02-08,42,-2,0.00,0.0,M
1910-02-09,46,M,T,T,M
1910-02-10,40,16,0.00,0.0,M
1910-02-11,30,5,0.00,0.0,M
1910-02-12,25,8,0.80,8.0,M
1910-02-13,31,14,0.00,0.0,M
1910-02-14,33,12,0.00,0.0,M
1910-02-15,44,21,0.00,0.0,M
1910-02-16,50,14,0.00,0.0,M
1910-02-17,35,11,0.50,5.0,M
1910-02-18,19,8,0.30,3.0,M
1910-02-19,25,-7,0.00,0.0,M
1910-02-20,35,-9,0.00,0.0,M
1910-02-21,48,32,0.00,0.0,M
1910-02-22,36,29,0.50,5.0,M
1910-02-23,37,11,0.00,0.0,M
1910-02-24,23,-4,0.00,0.0,M
1910-02-25,21,-19,0.00,0.0,M
1910-02-26,36,-14,0.00,0.0,M
1910-02-27,50,25,0.05,0.0,M
1910-02-28,53,34,0.00,0.0,M
1910-03-01,44,32,T,M,M
1910-03-02,44,32,0.00,M,M
1910-03-03,48,20,0.00,M,M
1910-03-04,48,24,0.00,M,M
1910-03-05,57,19,0.00,M,M
1910-03-06,54,21,0.00,M,M
1910-03-07,47,22,0.00,M,M
1910-03-08,44,23,0.00,M,M
1910-03-09,39,20,0.00,M,M
1910-03-10,37,13,0.00,M,M
1910-03-11,44,9,0.00,M,M
1910-03-12,45,21,0.00,M,M
1910-03-13,48,14,0.00,M,M
1910-03-14,46,20,0.00,M,M
1910-03-15,33,14,0.00,M,M
1910-03-16,43,13,T,T,M
1910-03-17,34,16,0.00,M,M
1910-03-18,43,5,0.00,M,M
1910-03-19,59,18,0.00,M,M
1910-03-20,57,38,T,M,M
1910-03-21,58,30,0.00,M,M
1910-03-22,59,28,0.00,M,M
1910-03-23,55,27,0.00,M,M
1910-03-24,77,38,0.00,M,M
1910-03-25,60,46,0.00,M,M
1910-03-26,49,32,0.00,M,M
1910-03-27,58,25,0.00,M,M
1910-03-28,70,35,0.00,M,M
1910-03-29,77,45,0.00,M,M
1910-03-30,77,42,0.00,M,M
1910-03-31,65,46,T,M,M
1910-04-01,65,37,0.00,M,M
1910-04-02,67,26,0.00,M,M
1910-04-03,68,24,0.00,M,M
1910-04-04,55,34,0.05,M,M
1910-04-05,70,41,0.00,M,M
1910-04-06,78,50,0.00,M,M
1910-04-07,57,28,0.10,1.0,M
1910-04-08,36,27,T,T,M
1910-04-09,42,29,0.00,M,M
1910-04-10,48,35,0.00,M,M
1910-04-11,42,24,0.13,T,M
1910-04-12,46,30,0.00,M,M
1910-04-13,59,25,0.00,M,M
1910-04-14,60,27,0.00,M,M
1910-04-15,70,30,0.00,M,M
1910-04-16,63,40,0.00,M,M
1910-04-17,53,42,T,M,M
1910-04-18,60,40,0.80,M,M
1910-04-19,69,36,0.13,M,M
1910-04-20,65,42,0.05,M,M
1910-04-21,65,30,0.00,M,M
1910-04-22,68,32,0.00,M,M
1910-04-23,70,32,0.00,M,M
1910-04-24,66,48,0.00,M,M
1910-04-25,59,47,0.48,M,M
1910-04-26,67,53,1.76,M,M
1910-04-27,63,46,0.00,M,M
1910-04-28,54,32,0.00,M,M
1910-04-29,53,26,T,M,M
1910-04-30,76,38,0.03,M,M
1910-05-01,65,37,0.00,M,M
1910-05-02,75,42,0.00,M,M
1910-05-03,68,44,0.40,M,M
1910-05-04,50,38,0.08,M,M
1910-05-05,57,34,0.00,M,M
1910-05-06,59,26,0.00,M,M
1910-05-07,70,31,0.00,M,M
1910-05-08,75,39,0.00,M,M
1910-05-09,65,48,0.32,M,M
1910-05-10,63,42,0.00,M,M
1910-05-11,58,40,0.21,M,M
1910-05-12,58,29,0.00,M,M
1910-05-13,61,27,0.00,M,M
1910-05-14,51,36,T,M,M
1910-05-15,62,39,0.00,M,M
1910-05-16,69,28,0.00,M,M
1910-05-17,74,31,0.00,M,M
1910-05-18,65,43,0.02,M,M
1910-05-19,65,42,0.00,M,M
1910-05-20,75,34,0.00,M,M
1910-05-21,75,49,0.00,M,M
1910-05-22,75,50,0.00,M,M
1910-05-23,86,56,T,M,M
1910-05-24,76,56,0.57,M,M
1910-05-25,66,55,0.05,M,M
1910-05-26,67,52,T,M,M
1910-05-27,64,43,T,M,M
1910-05-28,73,46,0.00,M,M
1910-05-29,81,46,0.00,M,M
1910-05-30,73,46,0.71,M,M
1910-05-31,62,39,0.00,M,M
1910-06-01,53,42,0.39,M,M
1910-06-02,60,43,0.00,M,M
1910-06-03,70,42,0.00,M,M
1910-06-04,63,32,0.00,M,M
1910-06-05,66,32,0.27,M,M
1910-06-06,68,43,0.36,M,M
1910-06-07,69,42,0.29,M,M
1910-06-08,68,47,0.00,M,M
1910-06-09,75,37,0.11,M,M
1910-06-10,59,45,0.08,M,M
1910-06-11,57,49,0.74,M,M
1910-06-12,63,51,0.12,M,M
1910-06-13,74,49,0.00,M,M
1910-06-14,83,52,0.00,M,M
1910-06-15,87,52,0.13,M,M
1910-06-16,70,54,0.26,M,M
1910-06-17,79,58,0.13,M,M
1910-06-18,76,57,1.45,M,M
1910-06-19,81,57,0.00,M,M
1910-06-20,84,51,0.00,M,M
1910-06-21,85,54,0.00,M,M
1910-06-22,85,55,0.00,M,M
1910-06-23,83,59,0.00,M,M
1910-06-24,76,49,0.00,M,M
1910-06-25,79,45,0.00,M,M
1910-06-26,84,46,0.00,M,M
1910-06-27,81,59,0.05,M,M
1910-06-28,79,61,0.00,M,M
1910-06-29,81,52,0.00,M,M
1910-06-30,84,48,0.00,M,M
1910-07-01,84,55,0.00,M,M
1910-07-02,84,58,0.00,M,M
1910-07-03,89,57,0.00,M,M
1910-07-04,78,61,0.00,M,M
1910-07-05,83,44,0.00,M,M
1910-07-06,88,46,0.00,M,M
1910-07-07,85,48,0.00,M,M
1910-07-08,86,61,0.00,M,M
1910-07-09,94,52,0.00,M,M
1910-07-10,95,64,0.00,M,M
1910-07-11,85,65,0.00,M,M
1910-07-12,89,45,0.00,M,M
1910-07-13,84,55,0.00,M,M
1910-07-14,87,48,0.00,M,M
1910-07-15,88,46,0.00,M,M
1910-07-16,75,54,0.23,M,M
1910-07-17,80,55,0.00,M,M
1910-07-18,79,50,0.00,M,M
1910-07-19,80,47,0.00,M,M
1910-07-20,84,43,0.00,M,M
1910-07-21,87,53,0.00,M,M
1910-07-22,83,60,0.13,M,M
1910-07-23,83,56,0.40,M,M
1910-07-24,95,57,0.00,M,M
1910-07-25,87,64,0.59,M,M
1910-07-26,87,58,0.13,M,M
1910-07-27,79,56,0.67,M,M
1910-07-28,84,46,0.08,M,M
1910-07-29,85,49,0.00,M,M
1910-07-30,80,55,0.03,M,M
1910-07-31,79,55,0.00,M,M
1910-08-01,83,44,0.00,M,M
1910-08-02,83,55,0.00,M,M
1910-08-03,82,49,0.00,M,M
1910-08-04,90,62,0.72,M,M
1910-08-05,76,55,0.00,M,M
1910-08-06,67,50,0.00,M,M
1910-08-07,78,54,0.00,M,M
1910-08-08,82,53,0.00,M,M
1910-08-09,84,52,0.00,M,M
1910-08-10,69,58,0.18,M,M
1910-08-11,78,53,0.29,M,M
1910-08-12,82,47,0.00,M,M
1910-08-13,88,45,0.00,M,M
1910-08-14,88,55,0.00,M,M
1910-08-15,89,55,0.00,M,M
1910-08-16,78,59,0.00,M,M
1910-08-17,80,53,0.00,M,M
1910-08-18,82,53,0.00,M,M
1910-08-19,78,57,0.33,M,M
1910-08-20,77,43,0.00,M,M
1910-08-21,85,44,0.00,M,M
1910-08-22,84,52,0.00,M,M
1910-08-23,89,55,0.00,M,M
1910-08-24,83,61,0.00,M,M
1910-08-25,89,57,0.00,M,M
1910-08-26,78,56,T,M,M
1910-08-27,77,35,0.00,M,M
1910-08-28,81,37,0.00,M,M
1910-08-29,77,44,0.00,M,M
1910-08-30,78,39,0.00,M,M
1910-08-31,77,53,T,M,M
1910-09-01,70,59,0.05,M,M
1910-09-02,74,45,0.00,M,M
1910-09-03,64,52,0.55,M,M
1910-09-04,78,57,0.00,M,M
1910-09-05,80,60,0.39,M,M
1910-09-06,78,62,1.10,M,M
1910-09-07,74,61,0.00,M,M
1910-09-08,76,49,0.00,M,M
1910-09-09,73,58,0.00,M,M
1910-09-10,69,36,0.00,M,M
1910-09-11,78,39,0.00,M,M
1910-09-12,82,53,0.00,M,M
1910-09-13,76,54,1.31,M,M
1910-09-14,65,49,0.09,M,M
1910-09-15,71,33,0.00,M,M
1910-09-16,69,37,0.00,M,M
1910-09-17,70,39,0.00,M,M
1910-09-18,74,35,0.00,M,M
1910-09-19,62,45,0.00,M,M
1910-09-20,70,46,0.00,M,M
1910-09-21,72,50,0.00,M,M
1910-09-22,63,36,0.00,M,M
1910-09-23,71,31,0.00,M,M
1910-09-24,63,51,0.13,M,M
1910-09-25,78,54,T,M,M
1910-09-26,73,55,0.68,M,M
1910-09-27,74,53,0.00,M,M
1910-09-28,72,51,0.00,M,M
1910-09-29,68,39,0.00,M,M
1910-09-30,75,35,0.00,M,M
1910-10-01,77,49,0.00,M,M
1910-10-02,65,40,0.00,M,M
1910-10-03,67,36,0.00,M,M
1910-10-04,78,44,0.00,M,M
1910-10-05,83,45,0.00,M,M
1910-10-06,85,63,0.00,M,M
1910-10-07,74,45,0.06,M,M
1910-10-08,57,28,0.00,M,M
1910-10-09,60,34,0.05,M,M
1910-10-10,54,39,0.00,M,M
1910-10-11,73,39,0.00,M,M
1910-10-12,61,22,0.00,M,M
1910-10-13,74,28,0.00,M,M
1910-10-14,72,34,0.00,M,M
1910-10-15,61,39,0.00,M,M
1910-10-16,68,40,0.00,M,M
1910-10-17,73,30,0.00,M,M
1910-10-18,83,29,0.00,M,M
1910-10-19,84,34,0.00,M,M
1910-10-20,77,50,T,M,M
1910-10-21,64,34,0.00,M,M
1910-10-22,49,34,0.09,M,M
1910-10-23,47,39,0.73,M,M
1910-10-24,58,35,0.00,M,M
1910-10-25,60,34,T,M,M
1910-10-26,50,30,0.00,M,M
1910-10-27,66,28,0.05,M,M
1910-10-28,62,30,0.00,M,M
1910-10-29,52,27,0.00,M,M
1910-10-30,40,18,0.00,M,M
1910-10-31,54,21,0.00,M,M
1910-11-01,58,19,0.00,0.0,M
1910-11-02,56,44,T,0.0,M
1910-11-03,50,32,0.20,2.0,M
1910-11-04,35,32,0.39,5.0,M
1910-11-05,42,33,T,0.0,M
1910-11-06,44,33,0.00,0.0,M
1910-11-07,40,25,0.00,0.0,M
1910-11-08,39,23,T,T,M
1910-11-09,44,29,0.05,T,M
1910-11-10,55,30,0.34,0.0,M
1910-11-11,52,29,0.13,T,M
1910-11-12,37,25,T,T,M
1910-11-13,38,26,T,T,M
1910-11-14,41,27,T,T,M
1910-11-15,35,24,T,T,M
1910-11-16,34,26,T,T,M
1910-11-17,34,26,0.00,0.0,M
1910-11-18,36,25,0.00,0.0,M
1910-11-19,34,25,T,T,M
1910-11-20,34,19,0.00,0.0,M
1910-11-21,40,9,0.00,0.0,M
1910-11-22,39,28,T,T,M
1910-11-23,42,24,0.00,0.0,M
1910-11-24,46,25,0.00,0.0,M
1910-11-25,39,28,0.20,2.0,M
1910-11-26,36,28,0.10,1.0,M
1910-11-27,39,24,0.00,0.0,M
1910-11-28,36,18,0.00,0.0,M
1910-11-29,36,27,0.40,4.0,M
1910-11-30,36,26,0.10,1.0,M
1910-12-01,33,24,T,T,M
1910-12-02,25,14,T,T,M
1910-12-03,32,16,0.00,0.0,M
1910-12-04,33,11,T,T,M
1910-12-05,26,6,0.00,0.0,M
1910-12-06,16,4,0.00,0.0,M
1910-12-07,22,2,0.00,0.0,M
1910-12-08,28,12,0.00,0.0,M
1910-12-09,25,4,0.00,0.0,M
1910-12-10,19,1,0.00,0.0,M
1910-12-11,13,-5,0.10,1.0,M
1910-12-12,18,-14,T,T,M
1910-12-13,20,-2,0.00,0.0,M
1910-12-14,36,12,0.00,0.0,M
1910-12-15,38,25,T,T,M
1910-12-16,26,-6,0.30,3.0,M
1910-12-17,23,-3,0.00,0.0,M
1910-12-18,30,18,0.00,0.0,M
1910-12-19,28,15,0.05,0.0,M
1910-12-20,36,12,0.20,2.0,M
1910-12-21,27,-6,0.00,0.0,M
1910-12-22,22,-0,0.00,0.0,M
1910-12-23,28,16,0.00,0.0,M
1910-12-24,41,25,0.24,0.0,M
1910-12-25,30,14,0.00,0.0,M
1910-12-26,22,2,T,T,M
1910-12-27,34,16,0.00,0.0,M
1910-12-28,33,19,0.30,3.0,M
1910-12-29,43,30,0.10,0.0,M
1910-12-30,51,15,T,T,M
1910-12-31,16,-5,0.00,0.0,M
1911-01-01,34,6,0.00,0.0,M
1911-01-02,56,32,T,T,M
1911-01-03,54,25,T,T,M
1911-01-04,27,4,0.00,0.0,M
1911-01-05,20,-6,0.00,0.0,M
1911-01-06,28,-4,0.00,0.0,M
1911-01-07,36,2,T,T,M
1911-01-08,40,22,0.30,3.0,1
1911-01-09,33,20,T,T,M
1911-01-10,35,10,0.00,0.0,M
1911-01-11,46,17,0.00,0.0,M
1911-01-12,44,18,0.00,0.0,M
1911-01-13,35,15,T,0.0,M
1911-01-14,36,28,0.05,0.0,M
1911-01-15,35,18,T,T,M
1911-01-16,18,-6,0.00,0.0,M
1911-01-17,17,-3,0.00,0.0,M
1911-01-18,27,-1,0.00,0.0,M
1911-01-19,37,4,T,T,M
1911-01-20,36,19,0.00,0.0,M
1911-01-21,48,27,T,0.0,M
1911-01-22,35,16,0.00,0.0,M
1911-01-23,33,4,0.00,0.0,M
1911-01-24,43,9,0.00,0.0,M
1911-01-25,41,29,0.00,0.0,M
1911-01-26,44,23,T,0.0,M
1911-01-27,49,28,0.04,0.0,M
1911-01-28,43,29,0.44,0.0,M
1911-01-29,43,13,T,T,M
1911-01-30,44,14,T,T,M
1911-01-31,19,-2,0.00,0.0,M
1911-02-01,35,4,0.00,0.0,M
1911-02-02,37,10,0.10,1.0,M
1911-02-03,28,-6,0.10,1.0,M
1911-02-04,43,15,0.06,0.0,M
1911-02-05,34,9,0.00,0.0,M
1911-02-06,20,-4,0.10,1.0,1
1911-02-07,25,-0,0.40,4.0,5
1911-02-08,27,17,T,T,M
1911-02-09,32,18,0.00,0.0,M
1911-02-10,30,-5,T,T,M
1911-02-11,29,20,T,T,M
1911-02-12,34,3,0.00,0.0,M
1911-02-13,33,20,T,T,4
1911-02-14,32,12,0.10,1.0,M
1911-02-15,24,3,0.20,2.0,M
1911-02-16,38,-24,0.00,0.0,M
1911-02-17,37,2,0.09,0.0,M
1911-02-18,44,29,0.00,0.0,M
1911-02-19,30,16,0.00,0.0,M
1911-02-20,28,9,0.30,3.0,M
1911-02-21,25,3,0.00,0.0,M
1911-02-22,31,7,T,T,M
1911-02-23,28,5,T,T,M
1911-02-24,33,19,0.00,0.0,M
1911-02-25,47,18,0.00,0.0,M
1911-02-26,53,22,0.00,0.0,M
1911-02-27,47,28,0.00,0.0,M
1911-02-28,32,5,0.00,0.0,M
1911-03-01,32,14,0.00,0.0,M
1911-03-02,34,22,T,T,M
1911-03-03,34,14,0.00,0.0,M
1911-03-04,31,14,T,T,M
1911-03-05,28,4,0.00,0.0,M
1911-03-06,34,16,0.20,2.0,M
1911-03-07,32,-10,0.00,0.0,M
1911-03-08,45,-5,0.00,0.0,M
1911-03-09,55,2,0.00,0.0,M
1911-03-10,40,26,0.20,2.0,M
1911-03-11,45,16,0.00,0.0,M
1911-03-12,41,25,T,0.0,M
1911-03-13,44,25,0.00,0.0,M
1911-03-14,51,15,0.00,0.0,M
1911-03-15,54,25,0.00,0.0,0
1911-03-16,33,4,0.00,0.0,M
1911-03-17,33,3,0.00,0.0,M
1911-03-18,38,25,0.00,0.0,M
1911-03-19,41,13,0.20,2.0,M
1911-03-20,43,24,0.20,2.0,M
1911-03-21,45,23,0.00,0.0,M
1911-03-22,68,25,0.06,0.0,M
1911-03-23,50,18,T,T,M
1911-03-24,24,6,0.00,0.0,M
1911-03-25,51,6,0.00,0.0,M
1911-03-26,58,19,0.00,0.0,M
1911-03-27,63,35,0.04,0.0,M
1911-03-28,59,26,0.05,T,M
1911-03-29,45,23,0.00,0.0,M
1911-03-30,40,28,0.60,6.0,M
1911-03-31,34,23,0.00,0.0,2
1911-04-01,34,13,0.00,0.0,M
1911-04-02,31,6,0.00,0.0,M
1911-04-03,40,7,0.00,0.0,M
1911-04-04,36,9,T,T,M
1911-04-05,47,26,0.10,1.0,M
1911-04-06,66,38,0.00,0.0,M
1911-04-07,48,33,0.00,0.0,M
1911-04-08,48,22,0.00,0.0,M
1911-04-09,41,26,0.60,6.0,M
1911-04-10,49,21,0.00,0.0,M
1911-04-11,50,19,0.00,0.0,M
1911-04-12,55,17,0.00,0.0,M
1911-04-13,64,25,0.00,0.0,M
1911-04-14,62,37,0.05,0.0,M
1911-04-15,58,37,T,0.0,M
1911-04-16,45,28,0.00,0.0,M
1911-04-17,45,23,0.00,0.0,M
1911-04-18,53,23,0.00,0.0,M
1911-04-19,60,22,0.00,0.0,M
1911-04-20,65,33,T,0.0,M
1911-04-21,55,23,0.00,0.0,M
1911-04-22,48,32,0.00,0.0,M
1911-04-23,52,35,0.00,0.0,M
1911-04-24,60,33,0.00,0.0,M
1911-04-25,68,24,0.00,0.0,M
1911-04-26,74,25,0.00,0.0,M
1911-04-27,79,28,0.00,0.0,M
1911-04-28,83,M,0.00,0.0,M
1911-04-29,84,35,0.00,0.0,M
1911-04-30,80,42,0.00,0.0,M
1911-05-01,81,55,0.00,M,M
1911-05-02,64,38,0.00,M,M
1911-05-03,51,26,0.38,M,M
1911-05-04,53,26,0.00,M,M
1911-05-05,63,20,0.00,M,M
1911-05-06,72,25,0.00,M,M
1911-05-07,75,27,0.00,M,M
1911-05-08,86,42,0.00,M,M
1911-05-09,77,51,0.00,M,M
1911-05-10,80,44,0.00,M,M
1911-05-11,92,50,0.00,M,M
1911-05-12,85,67,0.00,M,M
1911-05-13,67,53,T,M,M
1911-05-14,75,31,0.00,M,M
1911-05-15,77,38,0.00,M,M
1911-05-16,83,42,T,M,M
1911-05-17,81,44,T,M,M
1911-05-18,87,54,T,M,M
1911-05-19,93,55,0.08,M,M
1911-05-20,83,55,0.00,M,M
1911-05-21,90,58,0.00,M,M
1911-05-22,97,59,0.00,M,M
1911-05-23,88,60,0.00,M,M
1911-05-24,66,52,0.03,M,M
1911-05-25,70,47,0.07,M,M
1911-05-26,78,50,0.00,M,M
1911-05-27,86,49,0.00,M,M
1911-05-28,83,49,0.00,M,M
1911-05-29,88,61,0.00,M,M
1911-05-30,82,57,0.00,M,M
1911-05-31,77,51,0.00,M,M
1911-06-01,M,49,0.42,M,M
1911-06-02,78,42,0.00,M,M
1911-06-03,75,44,0.00,M,M
1911-06-04,80,41,0.00,M,M
1911-06-05,66,47,1.48,M,M
1911-06-06,58,46,0.23,M,M
1911-06-07,62,53,0.83,M,M
1911-06-08,74,51,0.09,M,M
1911-06-09,85,43,0.21,M,M
1911-06-10,81,58,0.10,M,M
1911-06-11,82,59,0.10,M,M
1911-06-12,72,60,0.84,M,M
1911-06-13,69,55,0.68,M,M
1911-06-14,68,54,0.28,M,M
1911-06-15,72,51,0.13,M,M
1911-06-16,74,45,0.15,M,M
1911-06-17,72,44,0.00,M,M
1911-06-18,79,41,0.00,M,M
1911-06-19,83,45,0.00,M,M
1911-06-20,74,52,T,M,M
1911-06-21,69,45,0.00,M,M
1911-06-22,77,44,0.09,M,M
1911-06-23,78,55,0.00,M,M
1911-06-24,75,41,0.00,M,M
1911-06-25,71,46,0.08,M,M
1911-06-26,72,55,T,M,M
1911-06-27,84,63,T,M,M
1911-06-28,83,64,0.00,M,M
1911-06-29,73,50,0.00,M,M
1911-06-30,78,44,0.00,M,M
1911-07-01,84,49,0.00,M,M
1911-07-02,91,60,0.00,M,M
1911-07-03,97,62,0.00,M,M
1911-07-04,98,63,0.00,M,M
1911-07-05,98,62,0.24,M,M
1911-07-06,95,68,0.16,M,M
1911-07-07,83,66,0.00,M,M
1911-07-08,89,56,0.00,M,M
1911-07-09,82,55,0.00,M,M
1911-07-10,94,65,1.25,M,M
1911-07-11,90,64,0.00,M,M
1911-07-12,83,67,0.00,M,M
1911-07-13,82,53,0.00,M,M
1911-07-14,83,50,0.33,M,M
1911-07-15,82,49,0.00,M,M
1911-07-16,86,50,0.00,M,M
1911-07-17,76,59,0.00,M,M
1911-07-18,72,54,0.00,M,M
1911-07-19,84,41,0.00,M,M
1911-07-20,80,56,0.05,M,M
1911-07-21,82,57,0.00,M,M
1911-07-22,83,46,0.21,M,M
1911-07-23,80,45,0.00,M,M
1911-07-24,87,53,0.11,M,M
1911-07-25,78,52,0.00,M,M
1911-07-26,78,42,0.00,M,M
1911-07-27,80,41,0.00,M,M
1911-07-28,71,50,0.00,M,M
1911-07-29,79,55,0.53,M,M
1911-07-30,82,60,0.17,M,M
1911-07-31,88,52,0.00,M,M
1911-08-01,93,52,0.00,M,M
1911-08-02,90,54,0.00,M,M
1911-08-03,84,62,0.00,M,M
1911-08-04,83,60,0.00,M,M
1911-08-05,91,55,0.00,M,M
1911-08-06,90,57,0.01,M,M
1911-08-07,89,60,0.00,M,M
1911-08-08,86,57,0.00,M,M
1911-08-09,83,62,T,M,M
1911-08-10,95,52,0.00,M,M
1911-08-11,79,60,T,M,M
1911-08-12,86,42,0.00,M,M
1911-08-13,89,44,0.00,M,M
1911-08-14,90,44,0.00,M,M
1911-08-15,93,45,0.31,M,M
1911-08-16,80,59,0.00,M,M
1911-08-17,84,55,0.41,M,M
1911-08-18,90,54,0.23,M,M
1911-08-19,71,52,0.00,M,M
1911-08-20,80,39,0.00,M,M
1911-08-21,86,36,0.00,M,M
1911-08-22,87,46,0.00,M,M
1911-08-23,87,55,0.00,M,M
1911-08-24,76,47,0.00,M,M
1911-08-25,60,52,0.75,M,M
1911-08-26,76,55,0.65,M,M
1911-08-27,72,55,0.00,M,M
1911-08-28,83,62,0.20,M,M
1911-08-29,72,53,0.21,M,M
1911-08-30,64,46,0.00,M,M
1911-08-31,68,51,0.00,M,M
1911-09-01,77,M,0.00,M,M
1911-09-02,86,50,0.00,M,M
1911-09-03,78,57,0.00,M,M
1911-09-04,74,38,0.00,M,M
1911-09-05,75,38,0.00,M,M
1911-09-06,78,60,0.94,M,M
1911-09-07,68,53,0.00,M,M
1911-09-08,56,46,0.73,M,M
1911-09-09,70,51,0.35,M,M
1911-09-10,76,50,0.00,M,M
1911-09-11,77,50,0.00,M,M
1911-09-12,70,51,T,M,M
1911-09-13,57,31,0.00,M,M
1911-09-14,68,24,0.00,M,M
1911-09-15,69,34,0.37,M,M
1911-09-16,81,50,0.00,M,M
1911-09-17,73,44,0.00,M,M
1911-09-18,75,48,0.00,M,M
1911-09-19,76,42,0.00,M,M
1911-09-20,73,51,0.00,M,M
1911-09-21,72,40,0.00,M,M
1911-09-22,74,56,0.11,M,M
1911-09-23,76,40,0.00,M,M
1911-09-24,81,50,0.00,M,M
1911-09-25,82,56,T,M,M
1911-09-26,70,48,0.00,M,M
1911-09-27,57,29,0.26,M,M
1911-09-28,62,36,0.00,M,M
1911-09-29,54,32,0.41,M,M
1911-09-30,62,36,0.00,M,M
1911-10-01,50,36,0.41,M,M
1911-10-02,55,41,0.29,M,M
1911-10-03,59,35,0.00,M,M
1911-10-04,70,39,0.30,M,M
1911-10-05,67,43,0.00,M,M
1911-10-06,52,29,T,M,M
1911-10-07,53,32,0.51,M,M
1911-10-08,61,24,0.00,M,M
1911-10-09,72,27,0.00,M,M
1911-10-10,70,25,0.00,M,M
1911-10-11,60,36,0.05,M,M
1911-10-12,70,49,0.00,M,M
1911-10-13,59,31,0.00,M,M
1911-10-14,68,26,0.00,M,M
1911-10-15,65,33,0.00,M,M
1911-10-16,72,38,0.00,M,M
1911-10-17,57,33,0.00,M,M
1911-10-18,53,48,1.15,M,M
1911-10-19,57,47,0.57,M,M
1911-10-20,67,50,0.00,M,M
1911-10-21,58,47,0.12,M,M
1911-10-22,63,49,0.11,M,M
1911-10-23,60,38,0.27,M,M
1911-10-24,54,31,0.00,M,M
1911-10-25,58,24,0.00,M,M
1911-10-26,62,28,0.00,M,M
1911-10-27,46,33,0.08,M,M
1911-10-28,46,24,0.00,M,M
1911-10-29,55,19,0.00,M,M
1911-10-30,57,28,0.00,M,M
1911-10-31,55,33,0.11,M,M
1911-11-01,53,35,T,0.0,M
1911-11-02,38,24,0.00,0.0,M
1911-11-03,38,24,0.00,0.0,M
1911-11-04,52,20,0.00,0.0,M
1911-11-05,53,19,0.00,0.0,M
1911-11-06,43,19,0.14,0.0,M
1911-11-07,58,37,0.23,0.0,M
1911-11-08,45,37,T,0.0,M
1911-11-09,48,27,0.00,0.0,M
1911-11-10,55,36,T,0.0,M
1911-11-11,60,31,0.00,0.0,M
1911-11-12,66,47,0.11,0.0,M
1911-11-13,62,20,0.00,0.0,M
1911-11-14,34,18,0.00,0.0,M
1911-11-15,38,25,0.20,2.0,M
1911-11-16,35,19,0.10,1.0,M
1911-11-17,33,10,0.00,0.0,M
1911-11-18,45,24,0.09,0.0,M
1911-11-19,37,28,0.00,0.0,M
1911-11-20,38,27,T,T,M
1911-11-21,38,23,0.00,0.0,M
1911-11-22,52,12,0.00,0.0,M
1911-11-23,42,13,0.00,0.0,M
1911-11-24,43,11,0.08,0.0,M
1911-11-25,36,21,0.00,0.0,M
1911-11-26,47,20,0.00,0.0,M
1911-11-27,53,26,0.00,0.0,M
1911-11-28,53,25,T,T,M
1911-11-29,48,M,0.00,0.0,M
1911-11-30,46,22,0.00,0.0,M
1911-12-01,40,26,0.00,0.0,M
1911-12-02,37,21,0.00,0.0,M
1911-12-03,33,22,0.00,0.0,M
1911-12-04,28,10,0.00,0.0,M
1911-12-05,38,11,0.00,0.0,M
1911-12-06,43,24,0.00,0.0,M
1911-12-07,54,14,0.00,0.0,M
1911-12-08,45,19,0.00,0.0,M
1911-12-09,50,23,0.07,0.0,M
1911-12-10,55,36,0.00,0.0,M
1911-12-11,65,34,0.00,0.0,M
1911-12-12,63,48,0.00,0.0,M
1911-12-13,60,32,0.00,0.0,M
1911-12-14,48,20,0.00,0.0,M
1911-12-15,35,28,0.20,2.0,M
1911-12-16,37,M,0.16,0.0,M
1911-12-17,38,33,0.00,0.0,M
1911-12-18,35,26,T,T,M
1911-12-19,26,18,0.00,0.0,M
1911-12-20,33,5,0.00,0.0,M
1911-12-21,36,10,0.00,0.0,M
1911-12-22,37,25,T,T,M
1911-12-23,43,32,0.29,0.0,M
1911-12-24,35,31,0.00,0.0,M
1911-12-25,43,28,0.00,0.0,M
1911-12-26,40,24,0.00,0.0,M
1911-12-27,52,30,0.00,0.0,M
1911-12-28,35,21,0.40,4.0,M
1911-12-29,23,16,0.00,0.0,M
1911-12-30,28,5,0.00,0.0,M
1911-12-31,26,11,0.20,2.0,M
1912-01-01,37,26,M,1.0,M
1912-01-02,35,3,M,0.0,M
1912-01-03,33,8,M,0.0,M
1912-01-04,26,2,M,0.0,M
1912-01-05,17,6,M,0.0,M
1912-01-06,5,-12,M,0.0,M
1912-01-07,5,-16,M,0.0,M
1912-01-08,14,-12,M,T,M
1912-01-09,38,9,M,2.0,M
1912-01-10,10,-2,M,0.0,M
1912-01-11,12,-9,M,0.0,M
1912-01-12,5,-5,M,0.0,M
1912-01-13,3,-16,M,0.0,M
1912-01-14,10,-26,M,0.0,M
1912-01-15,28,1,M,3.0,M
1912-01-16,20,-3,M,0.0,M
1912-01-17,21,2,M,1.0,M
1912-01-18,30,11,M,1.0,M
1912-01-19,51,29,M,1.0,M
1912-01-20,33,-0,M,0.0,M
1912-01-21,27,5,M,0.0,M
1912-01-22,34,4,M,0.0,M
1912-01-23,40,25,M,1.0,M
1912-01-24,34,15,M,0.0,M
1912-01-25,16,1,M,T,M
1912-01-26,16,-18,M,0.0,M
1912-01-27,15,-2,M,0.0,M
1912-01-28,15,-7,M,0.0,M
1912-01-29,18,7,M,3.0,M
1912-01-30,30,16,M,1.0,M
1912-01-31,27,12,M,0.0,M
1912-02-01,25,11,0.00,M,M
1912-02-02,25,-2,T,T,M
1912-02-03,23,10,0.00,M,M
1912-02-04,14,-9,0.00,M,M
1912-02-05,19,4,0.00,M,M
1912-02-06,23,6,0.00,M,M
1912-02-07,33,10,0.00,M,M
1912-02-08,25,5,0.10,1.0,M
1912-02-09,14,-14,0.00,M,M
1912-02-10,9,-16,0.00,M,M
1912-02-11,13,-17,0.00,M,M
1912-02-12,20,-11,0.00,M,M
1912-02-13,26,-13,0.00,M,M
1912-02-14,33,-0,0.00,M,M
1912-02-15,34,-1,0.00,M,M
1912-02-16,37,3,0.00,M,M
1912-02-17,32,9,0.00,M,M
1912-02-18,35,-0,0.00,M,M
1912-02-19,42,19,0.00,M,M
1912-02-20,39,30,0.00,M,M
1912-02-21,31,10,0.20,2.0,M
1912-02-22,38,14,0.20,M,M
1912-02-23,29,11,0.00,M,M
1912-02-24,45,11,0.00,M,M
1912-02-25,49,28,0.00,M,M
1912-02-26,37,20,T,T,M
1912-02-27,32,18,0.20,2.0,M
1912-02-28,32,14,0.00,M,M
1912-02-29,31,9,0.00,M,M
1912-03-01,28,-2,0.00,0.0,M
1912-03-02,20,5,0.00,0.0,M
1912-03-03,23,-1,0.00,0.0,M
1912-03-04,22,-4,0.00,0.0,M
1912-03-05,25,-0,0.00,0.0,M
1912-03-06,30,-15,0.00,0.0,M
1912-03-07,43,20,0.00,0.0,M
1912-03-08,45,26,0.00,0.0,M
1912-03-09,33,24,0.00,0.0,M
1912-03-10,27,12,0.00,0.0,M
1912-03-11,38,9,0.00,0.0,M
1912-03-12,34,20,0.20,2.0,M
1912-03-13,34,28,0.51,0.0,M
1912-03-14,40,21,0.00,0.0,M
1912-03-15,50,29,0.61,0.0,M
1912-03-16,47,25,0.00,0.0,M
1912-03-17,52,17,0.00,0.0,M
1912-03-18,55,31,0.00,0.0,M
1912-03-19,63,24,0.00,0.0,M
1912-03-20,51,22,0.00,0.0,M
1912-03-21,24,10,0.60,6.0,M
1912-03-22,31,11,0.00,0.0,M
1912-03-23,38,-2,0.00,0.0,M
1912-03-24,40,25,0.30,3.0,M
1912-03-25,34,16,0.00,0.0,M
1912-03-26,34,-8,0.00,0.0,M
1912-03-27,45,18,0.00,0.0,M
1912-03-28,54,22,0.00,0.0,M
1912-03-29,43,32,0.38,0.0,M
1912-03-30,43,23,0.00,0.0,M
1912-03-31,56,24,0.00,0.0,M
1912-04-01,54,25,0.23,0.0,M
1912-04-02,43,31,0.47,0.0,M
1912-04-03,36,20,0.60,6.0,M
1912-04-04,38,18,0.00,0.0,M
1912-04-05,67,23,0.54,0.0,M
1912-04-06,74,43,0.00,0.0,M
1912-04-07,68,37,0.29,0.0,M
1912-04-08,38,21,0.00,0.0,M
1912-04-09,33,21,0.40,4.0,M
1912-04-10,44,29,0.00,0.0,M
1912-04-11,40,28,T,0.0,M
1912-04-12,51,26,T,0.0,M
1912-04-13,59,34,0.00,0.0,M
1912-04-14,57,38,0.00,0.0,M
1912-04-15,66,40,T,0.0,M
1912-04-16,74,51,0.00,0.0,M
1912-04-17,62,40,0.00,0.0,M
1912-04-18,52,38,0.60,0.0,M
1912-04-19,46,36,0.54,0.0,M
1912-04-20,58,28,0.00,0.0,M
1912-04-21,62,33,0.00,0.0,M
1912-04-22,65,43,0.00,0.0,M
1912-04-23,56,35,0.00,0.0,M
1912-04-24,57,26,0.09,0.0,M
1912-04-25,68,27,0.00,0.0,M
1912-04-26,62,33,0.00,0.0,M
1912-04-27,66,45,0.00,0.0,M
1912-04-28,53,27,0.00,0.0,M
1912-04-29,44,29,0.40,4.0,M
1912-04-30,60,30,0.00,0.0,M
1912-05-01,68,27,0.00,M,M
1912-05-02,68,34,0.00,M,M
1912-05-03,68,31,0.00,M,M
1912-05-04,68,29,0.00,M,M
1912-05-05,65,43,0.00,M,M
1912-05-06,53,43,0.10,M,M
1912-05-07,65,44,0.00,M,M
1912-05-08,70,42,0.00,M,M
1912-05-09,72,42,1.12,M,M
1912-05-10,65,46,0.00,M,M
1912-05-11,66,41,0.00,M,M
1912-05-12,75,34,0.60,M,M
1912-05-13,70,50,T,M,M
1912-05-14,63,35,0.00,M,M
1912-05-15,69,40,0.00,M,M
1912-05-16,60,47,0.62,M,M
1912-05-17,70,45,0.09,M,M
1912-05-18,72,39,0.05,M,M
1912-05-19,67,50,0.00,M,M
1912-05-20,70,41,0.43,M,M
1912-05-21,80,49,0.00,M,M
1912-05-22,65,43,0.62,M,M
1912-05-23,80,46,0.00,M,M
1912-05-24,85,58,0.00,M,M
1912-05-25,76,49,0.04,M,M
1912-05-26,75,40,0.00,M,M
1912-05-27,80,37,0.00,M,M
1912-05-28,89,55,0.00,M,M
1912-05-29,82,61,0.37,M,M
1912-05-30,63,51,0.20,M,M
1912-05-31,57,44,0.00,M,M
1912-06-01,79,36,0.00,M,M
1912-06-02,87,46,0.00,M,M
1912-06-03,75,58,0.00,M,M
1912-06-04,82,56,0.05,M,M
1912-06-05,65,45,0.00,M,M
1912-06-06,68,39,0.41,M,M
1912-06-07,64,46,0.00,M,M
1912-06-08,66,29,0.00,M,M
1912-06-09,70,36,0.00,M,M
1912-06-10,72,31,0.00,M,M
1912-06-11,77,45,0.00,M,M
1912-06-12,80,51,T,M,M
1912-06-13,66,44,0.00,M,M
1912-06-14,73,32,0.00,M,M
1912-06-15,71,42,0.06,M,M
1912-06-16,73,52,0.00,M,M
1912-06-17,76,40,0.00,M,M
1912-06-18,78,44,0.00,M,M
1912-06-19,79,51,0.00,M,M
1912-06-20,83,53,T,M,M
1912-06-21,77,45,0.04,M,M
1912-06-22,81,52,0.00,M,M
1912-06-23,80,41,0.00,M,M
1912-06-24,87,44,0.00,M,M
1912-06-25,89,54,0.00,M,M
1912-06-26,85,61,0.00,M,M
1912-06-27,81,42,0.00,M,M
1912-06-28,87,47,0.00,M,M
1912-06-29,86,53,0.00,M,M
1912-06-30,76,47,0.00,M,M
1912-07-01,79,33,0.00,M,M
1912-07-02,89,44,0.00,M,M
1912-07-03,94,52,0.00,M,M
1912-07-04,94,63,T,M,M
1912-07-05,92,61,T,M,M
1912-07-06,94,61,0.00,M,M
1912-07-07,96,64,0.00,M,M
1912-07-08,97,58,0.00,M,M
1912-07-09,95,64,0.57,M,M
1912-07-10,94,63,0.04,M,M
1912-07-11,93,67,0.00,M,M
1912-07-12,86,60,0.00,M,M
1912-07-13,84,51,T,M,M
1912-07-14,85,63,1.75,M,M
1912-07-15,92,61,0.00,M,M
1912-07-16,84,66,0.00,M,M
1912-07-17,83,49,0.00,M,M
1912-07-18,82,61,0.00,M,M
1912-07-19,71,57,0.05,M,M
1912-07-20,80,38,0.00,M,M
1912-07-21,73,55,0.02,M,M
1912-07-22,74,58,0.00,M,M
1912-07-23,71,44,0.00,M,M
1912-07-24,77,42,0.00,M,M
1912-07-25,79,38,0.00,M,M
1912-07-26,81,50,0.00,M,M
1912-07-27,75,46,0.00,M,M
1912-07-28,84,43,0.00,M,M
1912-07-29,80,60,0.97,M,M
1912-07-30,76,57,0.00,M,M
1912-07-31,67,45,0.16,M,M
1912-08-01,74,50,0.00,M,M
1912-08-02,76,40,0.00,M,M
1912-08-03,68,49,T,M,M
1912-08-04,69,45,0.00,M,M
1912-08-05,77,40,0.00,M,M
1912-08-06,76,48,0.00,M,M
1912-08-07,74,51,0.00,M,M
1912-08-08,80,42,0.00,M,M
1912-08-09,77,59,0.34,M,M
1912-08-10,81,60,0.33,M,M
1912-08-11,85,60,0.78,M,M
1912-08-12,81,60,T,M,M
1912-08-13,87,56,0.00,M,M
1912-08-14,86,50,0.20,M,M
1912-08-15,78,45,0.00,M,M
1912-08-16,70,44,0.00,M,M
1912-08-17,76,35,0.00,M,M
1912-08-18,69,54,0.37,M,M
1912-08-19,78,57,0.11,M,M
1912-08-20,82,60,0.00,M,M
1912-08-21,78,51,T,M,M
1912-08-22,83,54,0.00,M,M
1912-08-23,74,56,1.21,M,M
1912-08-24,75,51,0.00,M,M
1912-08-25,85,57,0.00,M,M
1912-08-26,85,67,T,M,M
1912-08-27,74,56,0.00,M,M
1912-08-28,68,40,0.00,M,M
1912-08-29,70,50,0.00,M,M
1912-08-30,65,38,0.00,M,M
1912-08-31,69,31,0.00,M,M
1912-09-01,76,47,0.39,M,M
1912-09-02,68,54,0.68,M,M
1912-09-03,71,56,0.29,M,M
1912-09-04,79,58,0.00,M,M
1912-09-05,79,53,T,M,M
1912-09-06,75,61,0.87,M,M
1912-09-07,85,66,0.05,M,M
1912-09-08,79,50,0.00,M,M
1912-09-09,79,52,0.00,M,M
1912-09-10,83,44,T,M,M
1912-09-11,85,60,0.19,M,M
1912-09-12,68,39,0.00,M,M
1912-09-13,76,41,0.00,M,M
1912-09-14,74,52,0.05,M,M
1912-09-15,82,58,0.00,M,M
1912-09-16,75,53,1.04,M,M
1912-09-17,70,36,0.00,M,M
1912-09-18,74,48,T,M,M
1912-09-19,73,58,0.41,M,M
1912-09-20,75,44,0.00,M,M
1912-09-21,64,47,0.00,M,M
1912-09-22,64,43,0.00,M,M
1912-09-23,64,48,0.03,M,M
1912-09-24,67,48,0.60,M,M
1912-09-25,61,46,0.42,M,M
1912-09-26,73,40,0.00,M,M
1912-09-27,65,44,0.09,M,M
1912-09-28,63,32,0.00,M,M
1912-09-29,59,37,0.24,M,M
1912-09-30,57,28,0.00,M,M
1912-10-01,54,35,0.15,M,M
1912-10-02,58,26,0.00,M,M
1912-10-03,70,34,0.00,M,M
1912-10-04,73,52,0.00,M,M
1912-10-05,75,36,0.00,M,M
1912-10-06,82,35,0.00,M,M
1912-10-07,78,37,0.00,M,M
1912-10-08,59,33,0.00,M,M
1912-10-09,62,31,0.00,M,M
1912-10-10,65,38,0.02,M,M
1912-10-11,65,45,0.21,M,M
1912-10-12,73,42,0.08,M,M
1912-10-13,72,48,0.00,M,M
1912-10-14,68,36,0.00,M,M
1912-10-15,57,28,0.00,M,M
1912-10-16,66,27,0.00,M,M
1912-10-17,71,24,0.00,M,M
1912-10-18,75,31,0.00,M,M
1912-10-19,64,45,0.05,M,M
1912-10-20,60,36,0.00,M,M
1912-10-21,65,26,0.00,M,M
1912-10-22,66,30,0.00,M,M
1912-10-23,62,49,1.66,M,M
1912-10-24,52,41,1.27,M,M
1912-10-25,51,42,0.13,M,M
1912-10-26,53,45,0.09,M,M
1912-10-27,55,30,0.00,M,M
1912-10-28,57,38,0.00,M,M
1912-10-29,74,26,0.00,M,M
1912-10-30,70,28,0.00,M,M
1912-10-31,50,33,0.00,M,M
1912-11-01,63,30,0.09,0.0,M
1912-11-02,44,28,0.00,0.0,M
1912-11-03,35,18,0.00,0.0,M
1912-11-04,50,16,0.00,0.0,M
1912-11-05,63,32,0.00,0.0,M
1912-11-06,72,30,0.00,0.0,M
1912-11-07,63,50,0.75,0.0,M
1912-11-08,56,39,0.08,0.0,M
1912-11-09,43,31,0.00,0.0,M
1912-11-10,50,29,0.00,0.0,M
1912-11-11,67,26,0.00,0.0,M
1912-11-12,74,48,0.00,0.0,M
1912-11-13,55,36,0.03,0.0,M
1912-11-14,47,40,0.15,0.0,M
1912-11-15,42,30,0.00,0.0,M
1912-11-16,36,24,0.00,0.0,M
1912-11-17,42,20,0.00,0.0,M
1912-11-18,35,24,0.00,0.0,M
1912-11-19,50,17,0.00,0.0,M
1912-11-20,57,26,0.00,0.0,M
1912-11-21,65,26,0.00,0.0,M
1912-11-22,59,34,0.00,0.0,M
1912-11-23,50,26,0.00,0.0,M
1912-11-24,40,25,0.20,2.0,M
1912-11-25,34,26,0.60,6.0,M
1912-11-26,40,28,0.00,0.0,M
1912-11-27,36,24,0.00,0.0,M
1912-11-28,33,21,0.00,0.0,M
1912-11-29,37,5,0.00,0.0,M
1912-11-30,39,31,0.00,0.0,M
1912-12-01,35,11,0.00,0.0,M
1912-12-02,55,26,0.10,0.0,M
1912-12-03,60,24,0.00,0.0,M
1912-12-04,62,26,0.00,0.0,M
1912-12-05,50,33,0.00,0.0,M
1912-12-06,63,37,0.15,0.0,M
1912-12-07,57,26,0.00,0.0,M
1912-12-08,51,23,0.00,0.0,M
1912-12-09,M,4,0.00,0.0,M
1912-12-10,49,21,0.00,0.0,M
1912-12-11,46,40,0.00,0.0,M
1912-12-12,42,18,0.00,0.0,M
1912-12-13,35,10,0.00,0.0,M
1912-12-14,38,19,0.00,0.0,M
1912-12-15,48,17,0.00,0.0,M
1912-12-16,41,30,0.00,0.0,M
1912-12-17,35,18,0.00,0.0,M
1912-12-18,50,27,0.00,0.0,M
1912-12-19,49,27,0.05,0.0,M
1912-12-20,33,21,T,T,M
1912-12-21,31,23,T,T,M
1912-12-22,33,20,T,T,M
1912-12-23,30,19,0.00,0.0,M
1912-12-24,25,14,0.20,2.0,M
1912-12-25,37,8,0.00,0.0,M
1912-12-26,46,15,0.00,0.0,M
1912-12-27,38,27,0.40,4.0,M
1912-12-28,M,18,0.20,2.0,M
1912-12-29,40,12,0.00,0.0,M
1912-12-30,46,29,0.11,0.0,M
1912-12-31,47,24,0.00,0.0,M
1913-01-01,43,24,0.00,0.0,M
1913-01-02,43,16,0.00,0.0,M
1913-01-03,52,24,0.37,0.0,M
1913-01-04,46,27,0.00,0.0,M
1913-01-05,33,22,0.00,0.0,M
1913-01-06,56,25,0.00,0.0,M
1913-01-07,50,25,T,T,M
1913-01-08,44,19,0.12,0.0,M
1913-01-09,25,3,0.00,0.0,M
1913-01-10,40,16,0.00,0.0,M
1913-01-11,51,25,0.09,0.0,M
1913-01-12,54,22,0.05,T,M
1913-01-13,24,5,0.00,0.0,M
1913-01-14,35,5,0.00,0.0,M
1913-01-15,43,16,0.00,0.0,M
1913-01-16,43,32,0.00,0.0,M
1913-01-17,53,34,0.17,0.0,M
1913-01-18,55,43,0.22,0.0,M
1913-01-19,43,26,0.00,0.0,M
1913-01-20,57,20,0.00,0.0,M
1913-01-21,36,18,0.00,0.0,M
1913-01-22,34,13,0.00,0.0,M
1913-01-23,45,19,0.11,0.0,M
1913-01-24,51,30,0.00,0.0,M
1913-01-25,37,22,0.00,0.0,M
1913-01-26,48,23,0.00,0.0,M
1913-01-27,54,21,0.00,0.0,M
1913-01-28,45,26,0.10,1.0,M
1913-01-29,25,6,0.00,0.0,M
1913-01-30,47,22,0.00,0.0,M
1913-01-31,57,27,0.00,0.0,M
1913-02-01,55,15,0.00,0.0,M
1913-02-02,35,8,0.00,0.0,M
1913-02-03,29,11,0.40,4.0,M
1913-02-04,27,16,0.00,0.0,M
1913-02-05,21,8,0.00,0.0,M
1913-02-06,15,-5,0.00,0.0,M
1913-02-07,20,2,0.00,0.0,M
1913-02-08,25,12,0.00,0.0,M
1913-02-09,25,-2,0.10,1.0,M
1913-02-10,17,-7,0.00,0.0,M
1913-02-11,34,-11,0.00,0.0,M
1913-02-12,34,4,0.00,0.0,M
1913-02-13,20,-2,0.00,0.0,M
1913-02-14,39,-1,0.00,0.0,M
1913-02-15,41,15,0.00,0.0,M
1913-02-16,39,23,T,T,M
1913-02-17,34,17,T,T,M
1913-02-18,28,5,0.00,0.0,M
1913-02-19,33,2,0.00,0.0,M
1913-02-20,61,M,0.00,0.0,M
1913-02-21,49,32,0.00,0.0,M
1913-02-22,43,25,0.09,0.0,M
1913-02-23,42,12,0.00,0.0,M
1913-02-24,23,4,0.00,0.0,M
1913-02-25,22,-0,0.00,0.0,M
1913-02-26,28,1,T,T,M
1913-02-27,36,21,0.09,0.0,M
1913-02-28,36,27,0.13,0.0,M
1913-03-01,39,21,0.00,0.0,M
1913-03-02,39,18,0.00,0.0,M
1913-03-03,32,10,0.00,0.0,M
1913-03-04,35,22,0.20,2.0,M
1913-03-05,36,17,0.00,0.0,M
1913-03-06,38,16,T,T,M
1913-03-07,16,4,0.00,0.0,M
1913-03-08,32,-2,0.00,0.0,M
1913-03-09,61,25,T,0.0,M
1913-03-10,50,28,0.00,0.0,M
1913-03-11,40,31,0.15,0.0,M
1913-03-12,53,22,0.00,0.0,M
1913-03-13,55,30,0.00,0.0,M
1913-03-14,65,32,0.18,0.0,M
1913-03-15,69,45,0.00,0.0,M
1913-03-16,63,27,0.00,0.0,M
1913-03-17,33,16,0.00,0.0,M
1913-03-18,57,11,0.00,0.0,M
1913-03-19,71,26,0.00,0.0,M
1913-03-20,62,32,0.08,0.0,M
1913-03-21,68,36,0.14,0.0,M
1913-03-22,62,28,0.00,0.0,M
1913-03-23,46,18,0.00,0.0,M
1913-03-24,65,31,T,0.0,M
1913-03-25,74,41,0.26,0.0,M
1913-03-26,52,30,0.83,0.0,M
1913-03-27,58,35,1.53,0.0,M
1913-03-28,36,20,T,T,M
1913-03-29,50,24,0.00,0.0,M
1913-03-30,62,29,0.00,0.0,M
1913-03-31,63,40,0.13,0.0,M
1913-04-01,45,30,0.00,M,M
1913-04-02,48,30,0.00,M,M
1913-04-03,55,33,0.00,M,M
1913-04-04,63,39,T,M,M
1913-04-05,55,40,0.16,M,M
1913-04-06,40,24,0.00,M,M
1913-04-07,44,27,0.00,M,M
1913-04-08,46,21,0.00,M,M
1913-04-09,46,23,0.00,M,M
1913-04-10,52,20,0.00,M,M
1913-04-11,49,38,0.82,M,M
1913-04-12,60,42,0.00,M,M
1913-04-13,50,46,0.18,M,M
1913-04-14,57,42,0.00,M,M
1913-04-15,68,41,0.00,M,M
1913-04-16,62,33,0.00,M,M
1913-04-17,65,27,0.00,M,M
1913-04-18,75,25,0.00,M,M
1913-04-19,55,35,T,M,M
1913-04-20,42,24,0.00,M,M
1913-04-21,55,25,0.00,M,M
1913-04-22,69,26,0.00,M,M
1913-04-23,72,51,0.00,M,M
1913-04-24,83,55,0.00,M,M
1913-04-25,88,47,0.00,M,M
1913-04-26,76,52,0.00,M,M
1913-04-27,74,50,T,M,M
1913-04-28,63,48,2.13,M,M
1913-04-29,55,43,0.04,M,M
1913-04-30,60,28,0.00,M,M
1913-05-01,74,36,0.00,M,M
1913-05-02,82,50,0.00,M,M
1913-05-03,87,45,0.00,M,M
1913-05-04,84,44,0.00,M,M
1913-05-05,85,52,0.00,M,M
1913-05-06,86,53,T,M,M
1913-05-07,68,49,0.00,M,M
1913-05-08,66,29,0.00,M,M
1913-05-09,61,45,0.00,M,M
1913-05-10,47,32,0.00,M,M
1913-05-11,54,27,0.00,M,M
1913-05-12,65,26,0.00,M,M
1913-05-13,70,35,T,M,M
1913-05-14,71,44,0.00,M,M
1913-05-15,70,26,0.00,M,M
1913-05-16,74,39,0.08,M,M
1913-05-17,64,41,0.00,M,M
1913-05-18,66,41,0.00,M,M
1913-05-19,57,43,0.00,M,M
1913-05-20,59,30,0.00,M,M
1913-05-21,61,33,T,M,M
1913-05-22,65,46,0.15,M,M
1913-05-23,67,54,0.97,M,M
1913-05-24,62,49,0.55,M,M
1913-05-25,69,50,T,M,M
1913-05-26,66,34,0.00,M,M
1913-05-27,55,44,0.43,M,M
1913-05-28,53,45,0.98,M,M
1913-05-29,60,45,0.04,M,M
1913-05-30,70,43,0.00,M,M
1913-05-31,73,38,0.00,M,M
1913-06-01,82,40,0.00,M,M
1913-06-02,74,53,0.00,M,M
1913-06-03,83,35,0.00,M,M
1913-06-04,74,55,0.00,M,M
1913-06-05,73,40,0.00,M,M
1913-06-06,85,41,0.00,M,M
1913-06-07,79,53,0.70,M,M
1913-06-08,64,37,0.00,M,M
1913-06-09,61,30,0.00,M,M
1913-06-10,69,32,0.00,M,M
1913-06-11,75,39,0.00,M,M
1913-06-12,80,45,0.00,M,M
1913-06-13,84,46,0.00,M,M
1913-06-14,81,57,0.00,M,M
1913-06-15,88,41,0.00,M,M
1913-06-16,80,58,T,M,M
1913-06-17,81,55,0.00,M,M
1913-06-18,74,39,0.00,M,M
1913-06-19,75,40,T,M,M
1913-06-20,71,53,0.97,M,M
1913-06-21,78,62,0.09,M,M
1913-06-22,79,58,0.00,M,M
1913-06-23,82,43,0.00,M,M
1913-06-24,85,50,0.00,M,M
1913-06-25,86,53,0.59,M,M
1913-06-26,87,58,0.00,M,M
1913-06-27,83,63,0.00,M,M
1913-06-28,80,59,0.54,M,M
1913-06-29,80,43,0.00,M,M
1913-06-30,87,48,0.00,M,M
1913-07-01,95,64,0.00,M,M
1913-07-02,85,65,0.00,M,M
1913-07-03,85,52,0.00,M,M
1913-07-04,94,54,0.00,M,M
1913-07-05,94,62,0.47,M,M
1913-07-06,86,60,0.09,M,M
1913-07-07,70,49,0.00,M,M
1913-07-08,78,43,0.05,M,M
1913-07-09,80,48,T,M,M
1913-07-10,76,59,0.03,M,M
1913-07-11,77,46,0.00,M,M
1913-07-12,86,37,0.00,M,M
1913-07-13,85,58,0.65,M,M
1913-07-14,75,53,0.00,M,M
1913-07-15,76,47,0.00,M,M
1913-07-16,80,46,0.00,M,M
1913-07-17,82,48,0.00,M,M
1913-07-18,84,56,0.00,M,M
1913-07-19,85,53,0.00,M,M
1913-07-20,86,47,0.35,M,M
1913-07-21,83,49,0.00,M,M
1913-07-22,90,43,0.00,M,M
1913-07-23,90,52,0.00,M,M
1913-07-24,77,64,0.39,M,M
1913-07-25,75,53,0.00,M,M
1913-07-26,92,43,0.00,M,M
1913-07-27,90,50,0.00,M,M
1913-07-28,88,62,0.42,M,M
1913-07-29,94,59,0.00,M,M
1913-07-30,90,55,0.00,M,M
1913-07-31,88,53,0.00,M,M
1913-08-01,83,61,0.09,M,M
1913-08-02,84,53,0.10,M,M
1913-08-03,88,47,0.00,M,M
1913-08-04,78,53,0.47,M,M
1913-08-05,80,46,0.00,M,M
1913-08-06,82,51,0.83,M,M
1913-08-07,79,60,0.00,M,M
1913-08-08,88,47,0.00,M,M
1913-08-09,86,68,0.00,M,M
1913-08-10,85,62,0.00,M,M
1913-08-11,75,45,0.00,M,M
1913-08-12,80,40,0.00,M,M
1913-08-13,81,51,0.00,M,M
1913-08-14,82,55,0.00,M,M
1913-08-15,84,53,0.00,M,M
1913-08-16,91,57,0.00,M,M
1913-08-17,96,58,0.00,M,M
1913-08-18,93,61,0.00,M,M
1913-08-19,82,55,0.00,M,M
1913-08-20,82,39,0.00,M,M
1913-08-21,83,46,0.00,M,M
1913-08-22,78,47,0.05,M,M
1913-08-23,75,57,0.38,M,M
1913-08-24,80,45,0.00,M,M
1913-08-25,73,45,0.00,M,M
1913-08-26,85,37,0.00,M,M
1913-08-27,78,55,0.00,M,M
1913-08-28,78,49,0.00,M,M
1913-08-29,82,58,0.68,M,M
1913-08-30,75,53,0.00,M,M
1913-08-31,79,44,0.00,M,M
1913-09-01,83,51,0.52,M,M
1913-09-02,85,50,0.00,M,M
1913-09-03,82,48,0.00,M,M
1913-09-04,79,52,0.17,M,M
1913-09-05,73,50,0.03,M,M
1913-09-06,74,53,0.00,M,M
1913-09-07,74,55,0.00,M,M
1913-09-08,82,56,0.00,M,M
1913-09-09,69,44,0.00,M,M
1913-09-10,69,28,0.00,M,M
1913-09-11,71,39,0.00,M,M
1913-09-12,71,40,0.00,M,M
1913-09-13,76,46,0.00,M,M
1913-09-14,60,36,0.00,M,M
1913-09-15,61,23,0.00,M,M
1913-09-16,70,25,0.00,M,M
1913-09-17,72,45,T,M,M
1913-09-18,67,53,0.29,M,M
1913-09-19,59,50,0.04,M,M
1913-09-20,65,53,0.00,M,M
1913-09-21,68,55,0.39,M,M
1913-09-22,69,51,1.61,M,M
1913-09-23,64,40,0.00,M,M
1913-09-24,68,33,0.00,M,M
1913-09-25,80,49,0.00,M,M
1913-09-26,78,43,0.00,M,M
1913-09-27,69,44,0.00,M,M
1913-09-28,75,30,0.00,M,M
1913-09-29,77,42,0.00,M,M
1913-09-30,67,38,0.15,M,M
1913-10-01,58,47,0.11,M,M
1913-10-02,55,48,1.23,M,M
1913-10-03,63,50,0.00,M,M
1913-10-04,75,36,0.00,M,M
1913-10-05,75,48,0.00,M,M
1913-10-06,77,57,0.00,M,M
1913-10-07,75,53,0.00,M,M
1913-10-08,76,51,0.00,M,M
1913-10-09,74,55,0.00,M,M
1913-10-10,82,59,0.00,M,M
1913-10-11,75,57,0.00,M,M
1913-10-12,65,49,0.46,M,M
1913-10-13,56,33,0.00,M,M
1913-10-14,58,32,0.00,M,M
1913-10-15,65,36,0.00,M,M
1913-10-16,67,45,0.00,M,M
1913-10-17,70,45,0.00,M,M
1913-10-18,62,41,0.00,M,M
1913-10-19,57,42,0.14,M,M
1913-10-20,67,44,1.10,M,M
1913-10-21,59,42,0.12,M,M
1913-10-22,57,28,0.00,M,M
1913-10-23,55,31,0.00,M,M
1913-10-24,59,41,0.00,M,M
1913-10-25,60,51,1.05,M,M
1913-10-26,55,48,0.90,M,M
1913-10-27,65,43,T,M,M
1913-10-28,67,35,0.00,M,M
1913-10-29,60,39,0.00,M,M
1913-10-30,50,35,0.00,M,M
1913-10-31,39,27,0.03,0.5,M
1913-11-01,48,20,0.00,M,M
1913-11-02,49,38,0.00,M,M
1913-11-03,59,28,0.00,M,M
1913-11-04,53,36,0.00,M,M
1913-11-05,47,26,0.00,M,M
1913-11-06,68,20,0.00,M,M
1913-11-07,68,22,0.00,M,M
1913-11-08,66,M,0.35,M,M
1913-11-09,65,M,1.75,M,M
1913-11-10,65,M,0.00,M,M
1913-11-11,35,M,0.00,M,M
1913-11-12,40,M,0.00,M,M
1913-11-13,52,M,T,M,M
1913-11-14,52,38,0.10,M,M
1913-11-15,40,24,0.00,M,M
1913-11-16,33,29,0.20,2.0,M
1913-11-17,42,24,0.00,M,M
1913-11-18,55,28,0.00,M,M
1913-11-19,58,45,0.06,M,M
1913-11-20,65,54,0.00,M,M
1913-11-21,53,36,0.00,M,M
1913-11-22,70,45,0.00,M,M
1913-11-23,63,45,0.03,M,M
1913-11-24,M,35,0.01,T,M
1913-11-25,40,31,0.00,M,M
1913-11-26,45,31,0.00,M,M
1913-11-27,35,18,0.00,M,M
1913-11-28,30,19,0.05,0.5,M
1913-11-29,35,30,M,T,M
1913-11-30,38,30,0.00,M,M
1913-12-01,47,30,0.00,0.0,M
1913-12-02,44,29,0.00,0.0,M
1913-12-03,48,36,0.00,0.0,M
1913-12-04,41,33,T,0.0,M
1913-12-05,42,38,0.00,0.0,M
1913-12-06,45,31,0.00,0.0,M
1913-12-07,51,30,0.07,0.0,M
1913-12-08,48,23,0.20,2.0,M
1913-12-09,33,16,0.00,0.0,M
1913-12-10,44,24,0.00,0.0,M
1913-12-11,37,14,M,T,M
1913-12-12,40,14,0.00,0.0,M
1913-12-13,41,32,0.00,0.0,M
1913-12-14,51,25,0.00,0.0,M
1913-12-15,42,19,0.00,0.0,M
1913-12-16,43,32,0.00,0.0,M
1913-12-17,51,31,0.00,0.0,M
1913-12-18,40,28,M,T,M
1913-12-19,39,13,0.00,0.0,M
1913-12-20,39,16,0.00,0.0,M
1913-12-21,47,27,0.00,0.0,M
1913-12-22,36,14,0.00,0.0,M
1913-12-23,33,15,0.20,2.0,M
1913-12-24,37,32,0.10,1.0,M
1913-12-25,36,32,0.00,0.0,M
1913-12-26,33,25,0.80,8.0,M
1913-12-27,25,5,0.00,0.0,M
1913-12-28,22,-11,0.00,0.0,M
1913-12-29,25,-9,0.00,0.0,M
1913-12-30,33,3,0.00,0.0,M
1913-12-31,34,22,0.00,0.0,M
1914-01-01,M,-0,0.00,0.0,M
1914-01-02,26,-17,0.00,0.0,M
1914-01-03,30,23,0.00,0.0,M
1914-01-04,37,28,0.00,0.0,M
1914-01-05,31,13,0.00,0.0,M
1914-01-06,26,-7,0.00,0.0,M
1914-01-07,35,7,0.00,0.0,M
1914-01-08,32,28,T,T,M
1914-01-09,38,31,T,0.0,M
1914-01-10,40,23,T,T,M
1914-01-11,23,8,0.00,0.0,M
1914-01-12,25,6,0.00,0.0,M
1914-01-13,6,-21,0.00,0.0,M
1914-01-14,M,-19,0.00,0.0,M
1914-01-15,18,-5,T,T,M
1914-01-16,34,14,0.00,0.0,M
1914-01-17,35,22,0.40,4.0,M
1914-01-18,22,3,0.00,0.0,M
1914-01-19,30,-7,0.00,0.0,M
1914-01-20,33,22,0.00,0.0,M
1914-01-21,36,20,0.00,0.0,M
1914-01-22,34,7,0.00,0.0,M
1914-01-23,30,-5,0.00,0.0,M
1914-01-24,48,24,T,0.0,M
1914-01-25,39,7,0.10,1.0,M
1914-01-26,28,-3,0.30,3.0,M
1914-01-27,45,1,0.00,0.0,M
1914-01-28,51,34,0.00,0.0,M
1914-01-29,41,29,0.00,0.0,M
1914-01-30,54,34,0.00,0.0,M
1914-01-31,37,31,0.11,0.0,M
1914-02-01,36,25,0.00,M,M
1914-02-02,35,23,0.00,M,M
1914-02-03,45,17,0.00,M,M
1914-02-04,46,29,0.00,M,M
1914-02-05,30,22,0.00,M,M
1914-02-06,26,7,T,T,M
1914-02-07,46,25,T,T,M
1914-02-08,33,17,0.00,M,M
1914-02-09,21,6,0.00,M,M
1914-02-10,23,10,0.00,M,M
1914-02-11,11,-4,0.00,M,M
1914-02-12,20,-4,0.00,M,M
1914-02-13,13,-11,0.00,M,M
1914-02-14,24,6,3.80,38.0,M
1914-02-15,14,-0,0.00,M,M
1914-02-16,11,-23,0.05,1.0,M
1914-02-17,28,-5,0.00,M,M
1914-02-18,27,-21,0.00,M,M
1914-02-19,28,18,0.12,2.0,M
1914-02-20,24,-2,0.00,M,M
1914-02-21,24,-4,0.00,M,M
1914-02-22,29,-12,0.05,1.0,M
1914-02-23,15,-4,0.00,M,M
1914-02-24,11,-28,0.00,M,M
1914-02-25,27,-16,0.00,M,M
1914-02-26,41,-11,0.00,M,M
1914-02-27,43,19,0.00,M,M
1914-02-28,50,2,0.00,M,M
1914-03-01,41,25,0.80,8.0,M
1914-03-02,32,12,1.40,14.0,M
1914-03-03,36,20,0.00,0.0,M
1914-03-04,32,24,0.00,0.0,M
1914-03-05,45,20,0.00,0.0,M
1914-03-06,36,15,0.30,3.0,M
1914-03-07,39,25,0.40,4.0,M
1914-03-08,40,23,0.00,0.0,M
1914-03-09,30,20,T,T,M
1914-03-10,31,15,T,T,M
1914-03-11,27,18,0.00,0.0,M
1914-03-12,31,-9,0.00,0.0,M
1914-03-13,35,-12,0.00,0.0,M
1914-03-14,40,-6,0.00,0.0,M
1914-03-15,45,33,0.00,0.0,M
1914-03-16,54,23,0.00,0.0,M
1914-03-17,48,33,0.00,0.0,M
1914-03-18,36,26,0.50,5.0,M
1914-03-19,33,18,0.00,0.0,M
1914-03-20,21,11,0.00,0.0,M
1914-03-21,28,3,0.00,0.0,M
1914-03-22,39,11,0.00,0.0,M
1914-03-23,40,13,0.00,0.0,M
1914-03-24,39,6,0.00,0.0,M
1914-03-25,53,13,0.00,0.0,M
1914-03-26,64,34,0.00,0.0,M
1914-03-27,65,34,T,0.0,M
1914-03-28,42,33,0.11,0.0,M
1914-03-29,44,32,0.00,0.0,M
1914-03-30,36,30,0.19,0.0,M
1914-03-31,54,31,0.00,0.0,M
1914-04-01,43,24,0.11,M,M
1914-04-02,40,30,0.10,1.0,M
1914-04-03,35,24,0.00,M,M
1914-04-04,40,22,0.00,M,M
1914-04-05,40,25,0.00,M,M
1914-04-06,42,20,T,M,M
1914-04-07,40,29,0.15,1.0,M
1914-04-08,55,34,0.39,M,M
1914-04-09,38,26,0.41,M,M
1914-04-10,43,28,0.00,M,M
1914-04-11,45,25,T,M,M
1914-04-12,55,29,0.34,M,M
1914-04-13,39,21,0.00,M,M
1914-04-14,61,19,0.00,M,M
1914-04-15,54,31,T,M,M
1914-04-16,40,29,0.20,2.0,M
1914-04-17,59,34,0.00,M,M
1914-04-18,76,28,0.00,M,M
1914-04-19,83,48,T,M,M
1914-04-20,63,48,0.79,M,M
1914-04-21,48,45,0.00,M,M
1914-04-22,61,45,0.00,M,M
1914-04-23,49,38,0.00,M,M
1914-04-24,61,31,0.00,M,M
1914-04-25,49,38,0.62,M,M
1914-04-26,42,37,0.64,M,M
1914-04-27,55,39,0.00,M,M
1914-04-28,73,M,0.00,M,M
1914-04-29,41,M,0.52,M,M
1914-04-30,53,35,0.22,M,M
1914-05-01,53,32,0.00,M,M
1914-05-02,61,28,0.00,M,M
1914-05-03,71,31,0.00,M,M
1914-05-04,73,38,0.15,M,M
1914-05-05,69,50,0.98,M,M
1914-05-06,72,50,0.00,M,M
1914-05-07,71,40,0.00,M,M
1914-05-08,70,40,0.00,M,M
1914-05-09,75,46,0.00,M,M
1914-05-10,74,42,T,M,M
1914-05-11,69,51,0.14,M,M
1914-05-12,60,42,0.61,M,M
1914-05-13,46,37,1.09,M,M
1914-05-14,68,40,0.00,M,M
1914-05-15,61,34,0.00,M,M
1914-05-16,69,30,0.00,M,M
1914-05-17,73,35,0.00,M,M
1914-05-18,78,35,0.00,M,M
1914-05-19,83,40,0.00,M,M
1914-05-20,89,M,0.00,M,M
1914-05-21,83,44,0.00,M,M
1914-05-22,86,44,0.00,M,M
1914-05-23,69,52,T,M,M
1914-05-24,76,37,0.00,M,M
1914-05-25,80,47,0.38,M,M
1914-05-26,92,53,T,M,M
1914-05-27,89,65,0.00,M,M
1914-05-28,79,43,0.00,M,M
1914-05-29,80,47,0.00,M,M
1914-05-30,76,50,0.03,M,M
1914-05-31,81,47,0.00,M,M
1914-06-01,81,52,0.00,M,M
1914-06-02,69,40,0.00,M,M
1914-06-03,73,49,0.00,M,M
1914-06-04,M,48,0.39,M,M
1914-06-05,61,45,0.00,M,M
1914-06-06,76,34,0.00,M,M
1914-06-07,86,40,0.22,M,M
1914-06-08,83,52,0.73,M,M
1914-06-09,80,60,0.00,M,M
1914-06-10,85,63,0.00,M,M
1914-06-11,85,61,0.00,M,M
1914-06-12,84,53,0.00,M,M
1914-06-13,77,51,0.00,M,M
1914-06-14,76,49,0.00,M,M
1914-06-15,78,45,T,M,M
1914-06-16,64,47,0.00,M,M
1914-06-17,77,45,0.00,M,M
1914-06-18,82,41,0.00,M,M
1914-06-19,80,48,0.00,M,M
1914-06-20,69,39,0.34,M,M
1914-06-21,77,43,T,M,M
1914-06-22,79,53,0.00,M,M
1914-06-23,85,50,T,M,M
1914-06-24,90,58,0.00,M,M
1914-06-25,85,69,0.00,M,M
1914-06-26,84,52,0.00,M,M
1914-06-27,80,56,0.00,M,M
1914-06-28,68,55,0.19,M,M
1914-06-29,69,55,0.92,M,M
1914-06-30,74,53,0.21,M,M
1914-07-01,76,52,T,M,M
1914-07-02,71,56,0.56,M,M
1914-07-03,67,54,0.03,M,M
1914-07-04,79,46,0.00,M,M
1914-07-05,77,54,0.50,M,M
1914-07-06,76,55,0.00,M,M
1914-07-07,66,53,0.96,M,M
1914-07-08,87,60,0.00,M,M
1914-07-09,86,57,0.00,M,M
1914-07-10,81,55,0.09,M,M
1914-07-11,86,56,0.00,M,M
1914-07-12,85,56,1.04,M,M
1914-07-13,86,55,0.00,M,M
1914-07-14,M,55,T,M,M
1914-07-15,81,54,0.00,M,M
1914-07-16,86,66,0.00,M,M
1914-07-17,80,56,T,M,M
1914-07-18,84,63,0.11,M,M
1914-07-19,76,59,0.00,M,M
1914-07-20,77,42,0.00,M,M
1914-07-21,79,42,0.07,M,M
1914-07-22,85,43,0.00,M,M
1914-07-23,70,47,0.64,M,M
1914-07-24,87,58,0.00,M,M
1914-07-25,89,60,T,M,M
1914-07-26,87,55,0.00,M,M
1914-07-27,82,52,T,M,M
1914-07-28,70,61,T,M,M
1914-07-29,73,48,0.46,M,M
1914-07-30,72,58,0.00,M,M
1914-07-31,81,M,0.00,M,M
1914-08-01,82,45,0.00,M,M
1914-08-02,89,50,0.00,M,M
1914-08-03,81,57,0.37,M,M
1914-08-04,77,42,0.00,M,M
1914-08-05,79,51,0.00,M,M
1914-08-06,85,54,0.00,M,M
1914-08-07,90,55,0.00,M,M
1914-08-08,90,64,T,M,M
1914-08-09,94,67,0.00,M,M
1914-08-10,98,64,0.00,M,M
1914-08-11,85,68,0.78,M,M
1914-08-12,70,61,0.00,M,M
1914-08-13,81,51,0.00,M,M
1914-08-14,78,51,0.00,M,M
1914-08-15,84,51,0.00,M,M
1914-08-16,89,51,0.00,M,M
1914-08-17,79,57,0.22,M,M
1914-08-18,78,53,0.13,M,M
1914-08-19,83,59,0.16,M,M
1914-08-20,78,63,0.26,M,M
1914-08-21,78,62,0.84,M,M
1914-08-22,85,56,0.00,M,M
1914-08-23,80,50,0.00,M,M
1914-08-24,77,59,0.16,M,M
1914-08-25,76,42,0.00,M,M
1914-08-26,84,53,0.00,M,M
1914-08-27,76,46,0.00,M,M
1914-08-28,72,60,0.05,M,M
1914-08-29,71,62,0.74,M,M
1914-08-30,78,60,0.11,M,M
1914-08-31,83,56,0.04,M,M
1914-09-01,85,54,0.00,M,M
1914-09-02,85,68,0.00,M,M
1914-09-03,84,61,0.12,M,M
1914-09-04,73,48,0.00,M,M
1914-09-05,83,44,0.00,M,M
1914-09-06,74,53,T,M,M
1914-09-07,76,55,0.00,M,M
1914-09-08,63,45,0.00,M,M
1914-09-09,64,41,0.00,M,M
1914-09-10,67,35,0.00,M,M
1914-09-11,62,33,0.00,M,M
1914-09-12,68,37,0.00,M,M
1914-09-13,71,33,0.00,M,M
1914-09-14,75,34,0.00,M,M
1914-09-15,75,33,0.00,M,M
1914-09-16,78,34,0.00,M,M
1914-09-17,86,35,0.00,M,M
1914-09-18,85,39,0.00,M,M
1914-09-19,81,47,0.00,M,M
1914-09-20,84,39,0.00,M,M
1914-09-21,88,51,0.00,M,M
1914-09-22,93,47,0.00,M,M
1914-09-23,93,55,0.00,M,M
1914-09-24,77,63,0.31,M,M
1914-09-25,64,M,0.29,M,M
1914-09-26,60,36,0.00,M,M
1914-09-27,60,39,T,M,M
1914-09-28,60,31,0.00,M,M
1914-09-29,62,23,0.00,M,M
1914-09-30,64,43,0.00,M,M
1914-10-01,60,43,0.00,M,M
1914-10-02,73,30,0.00,M,M
1914-10-03,79,30,0.00,M,M
1914-10-04,82,33,0.00,M,M
1914-10-05,78,40,0.00,M,M
1914-10-06,65,42,0.00,M,M
1914-10-07,63,40,0.00,M,M
1914-10-08,77,50,0.00,M,M
1914-10-09,81,42,0.00,M,M
1914-10-10,82,57,0.00,M,M
1914-10-11,83,59,0.06,M,M
1914-10-12,73,45,0.00,M,M
1914-10-13,58,39,0.00,M,M
1914-10-14,55,28,0.00,M,M
1914-10-15,74,43,0.00,M,M
1914-10-16,72,48,0.31,M,M
1914-10-17,79,51,0.48,M,M
1914-10-18,73,55,0.00,M,M
1914-10-19,61,53,0.91,M,M
1914-10-20,70,45,0.00,M,M
1914-10-21,75,39,0.00,M,M
1914-10-22,67,46,0.00,M,M
1914-10-23,59,26,0.00,M,M
1914-10-24,59,35,T,M,M
1914-10-25,60,25,0.00,M,M
1914-10-26,62,31,0.00,M,M
1914-10-27,53,25,T,T,M
1914-10-28,53,22,0.00,M,M
1914-10-29,55,34,0.00,M,M
1914-10-30,61,39,0.00,M,M
1914-10-31,54,31,0.00,M,M
1914-11-01,74,30,0.00,0.0,M
1914-11-02,59,40,0.00,0.0,M
1914-11-03,56,36,0.00,0.0,M
1914-11-04,70,38,0.00,0.0,M
1914-11-05,54,40,0.00,0.0,M
1914-11-06,41,34,0.04,0.0,M
1914-11-07,45,27,0.00,0.0,M
1914-11-08,52,35,0.13,0.0,M
1914-11-09,42,27,0.15,0.0,M
1914-11-10,40,13,0.00,0.0,M
1914-11-11,51,25,0.00,0.0,M
1914-11-12,47,30,0.00,0.0,M
1914-11-13,62,28,0.00,0.0,M
1914-11-14,50,31,T,0.0,M
1914-11-15,38,24,0.23,0.0,M
1914-11-16,58,35,0.16,0.0,M
1914-11-17,35,23,0.10,1.0,M
1914-11-18,26,9,0.00,0.0,M
1914-11-19,30,10,0.20,2.0,M
1914-11-20,32,26,1.00,10.0,M
1914-11-21,30,13,0.00,0.0,M
1914-11-22,35,22,T,T,M
1914-11-23,26,14,0.00,0.0,M
1914-11-24,34,6,0.00,0.0,M
1914-11-25,45,21,0.00,0.0,M
1914-11-26,56,30,0.00,0.0,M
1914-11-27,56,34,0.00,0.0,M
1914-11-28,42,13,0.00,0.0,M
1914-11-29,46,16,0.00,0.0,M
1914-11-30,47,25,0.00,0.0,M
1914-12-01,53,41,0.00,0.0,M
1914-12-02,64,39,0.00,0.0,M
1914-12-03,54,35,0.00,0.0,M
1914-12-04,43,27,0.00,0.0,M
1914-12-05,36,23,0.00,0.0,M
1914-12-06,33,29,0.00,0.0,M
1914-12-07,34,23,0.03,0.0,M
1914-12-08,35,24,0.30,3.0,M
1914-12-09,32,23,T,T,M
1914-12-10,35,22,T,T,M
1914-12-11,31,26,0.00,0.0,M
1914-12-12,30,14,0.00,0.0,M
1914-12-13,30,5,0.10,1.0,M
1914-12-14,35,18,0.60,6.0,M
1914-12-15,18,4,0.00,0.0,M
1914-12-16,20,11,0.00,0.0,M
1914-12-17,21,-5,0.00,0.0,M
1914-12-18,24,-11,0.00,0.0,M
1914-12-19,40,-0,0.06,0.0,M
1914-12-20,37,20,0.03,0.0,M
1914-12-21,41,10,0.30,3.0,M
1914-12-22,34,19,0.00,0.0,M
1914-12-23,19,-3,0.00,0.0,M
1914-12-24,20,-9,T,T,M
1914-12-25,17,3,0.00,0.0,M
1914-12-26,4,-19,0.00,0.0,M
1914-12-27,21,-26,0.00,0.0,M
1914-12-28,34,6,0.00,0.0,M
1914-12-29,33,3,0.02,T,M
1914-12-30,44,30,T,T,M
1914-12-31,32,14,0.00,0.0,M
1915-01-01,25,-3,0.00,0.0,M
1915-01-02,28,4,T,T,M
1915-01-03,25,10,0.00,0.0,M
1915-01-04,24,-0,0.00,0.0,M
1915-01-05,34,-3,0.00,0.0,M
1915-01-06,43,15,0.00,0.0,M
1915-01-07,49,36,0.00,0.0,M
1915-01-08,40,29,0.14,0.0,M
1915-01-09,30,24,T,T,M
1915-01-10,29,21,0.00,0.0,M
1915-01-11,29,10,0.00,0.0,M
1915-01-12,32,24,0.60,6.0,M
1915-01-13,36,26,0.00,0.0,M
1915-01-14,34,14,0.00,0.0,M
1915-01-15,40,18,0.00,0.0,M
1915-01-16,39,22,0.00,0.0,M
1915-01-17,39,29,0.09,0.0,M
1915-01-18,42,33,0.14,0.0,M
1915-01-19,47,32,0.00,0.0,M
1915-01-20,35,27,0.00,0.0,M
1915-01-21,29,15,0.00,0.0,M
1915-01-22,19,9,0.00,0.0,M
1915-01-23,44,10,0.33,2.5,M
1915-01-24,45,15,M,T,M
1915-01-25,33,17,0.30,3.0,M
1915-01-26,36,20,0.00,0.0,M
1915-01-27,33,12,0.00,0.0,M
1915-01-28,31,25,0.10,1.0,M
1915-01-29,25,-0,T,T,M
1915-01-30,16,-10,0.00,0.0,M
1915-01-31,21,M,0.20,2.0,M
1915-02-01,34,16,M,0.0,M
1915-02-02,17,2,0.60,6.0,M
1915-02-03,20,9,0.20,2.0,M
1915-02-04,29,6,M,0.0,M
1915-02-05,34,1,M,0.0,M
1915-02-06,48,28,M,0.0,M
1915-02-07,42,29,M,0.0,M
1915-02-08,32,24,M,0.0,M
1915-02-09,25,12,T,T,M
1915-02-10,24,2,M,0.0,M
1915-02-11,45,5,M,0.0,M
1915-02-12,45,34,0.05,0.0,M
1915-02-13,34,12,M,0.0,M
1915-02-14,36,20,M,0.0,M
1915-02-15,44,34,M,0.0,M
1915-02-16,40,31,M,0.0,M
1915-02-17,31,22,M,0.0,M
1915-02-18,30,11,M,0.0,M
1915-02-19,39,9,M,0.0,M
1915-02-20,44,12,M,0.0,M
1915-02-21,45,13,M,0.0,M
1915-02-22,44,16,M,0.0,M
1915-02-23,51,32,M,0.0,M
1915-02-24,49,36,M,0.0,M
1915-02-25,47,31,M,4.0,M
1915-02-26,33,13,T,T,M
1915-02-27,21,8,T,T,M
1915-02-28,25,12,M,0.0,M
1915-03-01,30,12,0.00,0.0,M
1915-03-02,37,23,T,T,M
1915-03-03,29,9,T,T,M
1915-03-04,25,6,0.00,0.0,M
1915-03-05,37,3,0.00,0.0,M
1915-03-06,39,21,0.00,0.0,M
1915-03-07,42,27,0.00,0.0,M
1915-03-08,40,18,0.00,0.0,M
1915-03-09,37,16,0.00,0.0,M
1915-03-10,35,19,0.00,0.0,M
1915-03-11,38,25,0.00,0.0,M
1915-03-12,34,13,0.00,0.0,M
1915-03-13,43,20,0.00,0.0,M
1915-03-14,43,24,0.00,0.0,M
1915-03-15,41,12,0.00,0.0,M
1915-03-16,42,19,0.00,0.0,M
1915-03-17,43,20,0.00,0.0,M
1915-03-18,36,18,T,T,M
1915-03-19,45,13,0.00,0.0,M
1915-03-20,44,17,0.00,0.0,M
1915-03-21,34,28,0.05,0.5,M
1915-03-22,40,28,0.05,0.5,M
1915-03-23,49,28,0.10,1.0,M
1915-03-24,48,29,0.00,0.0,M
1915-03-25,54,28,0.00,0.0,M
1915-03-26,44,19,T,T,M
1915-03-27,34,13,0.00,0.0,M
1915-03-28,45,15,0.00,0.0,M
1915-03-29,39,18,0.05,0.5,M
1915-03-30,37,12,T,T,M
1915-03-31,38,20,0.00,0.0,M
1915-04-01,44,27,0.00,M,M
1915-04-02,45,29,0.00,M,M
1915-04-03,35,24,T,T,M
1915-04-04,51,26,0.30,3.0,M
1915-04-05,49,18,0.00,M,M
1915-04-06,50,33,0.36,M,M
1915-04-07,45,36,0.00,M,M
1915-04-08,57,28,0.00,M,M
1915-04-09,70,29,0.00,M,M
1915-04-10,72,39,0.00,M,M
1915-04-11,66,48,0.77,M,M
1915-04-12,56,40,0.12,M,M
1915-04-13,56,34,0.00,M,M
1915-04-14,63,24,0.00,M,M
1915-04-15,68,22,0.00,M,M
1915-04-16,63,26,0.00,M,M
1915-04-17,59,34,0.00,M,M
1915-04-18,69,27,0.00,M,M
1915-04-19,75,41,0.00,M,M
1915-04-20,66,41,0.00,M,M
1915-04-21,64,27,0.00,M,M
1915-04-22,64,25,0.00,M,M
1915-04-23,74,39,0.00,M,M
1915-04-24,79,54,0.00,M,M
1915-04-25,91,55,0.04,M,M
1915-04-26,87,69,0.00,M,M
1915-04-27,86,64,0.00,M,M
1915-04-28,75,48,0.29,M,M
1915-04-29,73,45,0.41,M,M
1915-04-30,68,47,0.13,M,M
1915-05-01,51,42,0.32,M,M
1915-05-02,56,37,0.03,M,M
1915-05-03,55,41,0.00,M,M
1915-05-04,60,32,0.05,M,M
1915-05-05,61,43,T,M,M
1915-05-06,66,44,0.00,M,M
1915-05-07,65,35,T,M,M
1915-05-08,75,51,0.31,M,M
1915-05-09,65,37,0.00,M,M
1915-05-10,66,39,0.00,M,M
1915-05-11,74,M,0.00,M,M
1915-05-12,78,56,0.00,M,M
1915-05-13,70,51,0.36,M,M
1915-05-14,64,32,0.00,M,M
1915-05-15,60,29,0.00,M,M
1915-05-16,66,28,T,M,M
1915-05-17,53,40,0.12,M,M
1915-05-18,59,46,0.00,M,M
1915-05-19,59,M,T,M,M
1915-05-20,71,29,0.00,M,M
1915-05-21,59,44,0.09,M,M
1915-05-22,74,48,0.32,M,M
1915-05-23,61,48,0.00,M,M
1915-05-24,65,36,0.07,M,M
1915-05-25,74,38,0.00,M,M
1915-05-26,66,48,0.44,M,M
1915-05-27,59,31,0.00,M,M
1915-05-28,68,42,0.00,M,M
1915-05-29,66,30,0.00,M,M
1915-05-30,73,39,0.00,M,M
1915-05-31,78,31,0.00,M,M
1915-06-01,83,47,0.00,M,M
1915-06-02,73,31,0.00,M,M
1915-06-03,70,35,0.00,M,M
1915-06-04,79,47,0.00,M,M
1915-06-05,80,44,0.00,M,M
1915-06-06,80,41,0.00,M,M
1915-06-07,83,24,0.00,M,M
1915-06-08,71,M,0.18,M,M
1915-06-09,76,32,0.00,M,M
1915-06-10,70,23,0.00,M,M
1915-06-11,80,31,T,M,M
1915-06-12,74,27,0.00,M,M
1915-06-13,81,41,T,M,M
1915-06-14,82,26,0.00,M,M
1915-06-15,78,M,0.31,M,M
1915-06-16,82,M,0.08,M,M
1915-06-17,83,M,0.00,M,M
1915-06-18,84,33,0.00,M,M
1915-06-19,83,M,0.19,M,M
1915-06-20,69,M,0.20,M,M
1915-06-21,76,34,0.00,M,M
1915-06-22,74,30,0.06,M,M
1915-06-23,64,M,0.57,M,M
1915-06-24,69,24,0.11,M,M
1915-06-25,74,33,0.00,M,M
1915-06-26,76,28,T,M,M
1915-06-27,79,35,0.00,M,M
1915-06-28,84,42,0.00,M,M
1915-06-29,86,40,0.00,M,M
1915-06-30,M,M,0.74,M,M
1915-07-01,68,60,1.15,M,M
1915-07-02,72,58,0.00,M,M
1915-07-03,81,55,0.24,M,M
1915-07-04,81,57,0.14,M,M
1915-07-05,72,59,0.18,M,M
1915-07-06,71,53,0.00,M,M
1915-07-07,80,45,0.07,M,M
1915-07-08,62,55,3.28,M,M
1915-07-09,76,55,0.00,M,M
1915-07-10,83,45,0.00,M,M
1915-07-11,84,49,0.00,M,M
1915-07-12,72,54,0.73,M,M
1915-07-13,86,50,0.64,M,M
1915-07-14,83,55,0.00,M,M
1915-07-15,84,55,0.00,M,M
1915-07-16,87,59,0.00,M,M
1915-07-17,85,55,T,M,M
1915-07-18,83,57,0.00,M,M
1915-07-19,82,58,0.07,M,M
1915-07-20,75,56,0.00,M,M
1915-07-21,76,51,0.02,M,M
1915-07-22,82,48,0.08,M,M
1915-07-23,85,49,0.00,M,M
1915-07-24,88,52,0.00,M,M
1915-07-25,88,55,0.00,M,M
1915-07-26,73,58,0.11,M,M
1915-07-27,77,58,0.49,M,M
1915-07-28,84,49,0.21,M,M
1915-07-29,84,60,0.00,M,M
1915-07-30,93,72,T,M,M
1915-07-31,95,74,0.00,M,M
1915-08-01,85,63,0.00,M,M
1915-08-02,91,61,0.02,M,M
1915-08-03,77,51,1.12,M,M
1915-08-04,60,50,1.15,M,M
1915-08-05,71,54,0.05,M,M
1915-08-06,65,54,0.13,M,M
1915-08-07,81,56,T,M,M
1915-08-08,84,56,0.03,M,M
1915-08-09,81,55,0.14,M,M
1915-08-10,71,54,0.03,M,M
1915-08-11,79,53,0.00,M,M
1915-08-12,83,51,0.02,M,M
1915-08-13,85,63,0.05,M,M
1915-08-14,80,60,0.00,M,M
1915-08-15,80,55,T,M,M
1915-08-16,77,56,0.04,M,M
1915-08-17,73,54,0.02,M,M
1915-08-18,67,43,0.00,M,M
1915-08-19,73,54,0.00,M,M
1915-08-20,80,43,T,M,M
1915-08-21,74,50,0.04,M,M
1915-08-22,74,61,3.59,M,M
1915-08-23,79,60,0.06,M,M
1915-08-24,84,53,T,M,M
1915-08-25,72,54,1.12,M,M
1915-08-26,73,54,0.00,M,M
1915-08-27,74,M,0.00,M,M
1915-08-28,73,52,T,M,M
1915-08-29,72,48,0.11,M,M
1915-08-30,67,54,0.10,M,M
1915-08-31,64,47,0.04,M,M
1915-09-01,73,37,0.00,M,M
1915-09-02,M,M,0.00,M,M
1915-09-03,M,M,0.00,M,M
1915-09-04,M,M,T,M,M
1915-09-05,M,59,0.00,M,M
1915-09-06,87,64,0.00,M,M
1915-09-07,82,53,0.07,M,M
1915-09-08,89,59,0.00,M,M
1915-09-09,88,63,0.58,M,M
1915-09-10,84,60,0.00,M,M
1915-09-11,78,49,0.00,M,M
1915-09-12,77,58,0.00,M,M
1915-09-13,84,63,0.44,M,M
1915-09-14,94,65,0.39,M,M
1915-09-15,95,56,0.00,M,M
1915-09-16,89,61,0.00,M,M
1915-09-17,85,62,0.08,M,M
1915-09-18,77,38,0.00,M,M
1915-09-19,77,59,0.23,M,M
1915-09-20,77,59,0.00,M,M
1915-09-21,65,53,0.68,M,M
1915-09-22,62,41,0.00,M,M
1915-09-23,74,32,0.00,M,M
1915-09-24,68,42,0.07,M,M
1915-09-25,65,49,0.00,M,M
1915-09-26,67,44,0.04,M,M
1915-09-27,62,39,0.00,M,M
1915-09-28,61,36,0.00,M,M
1915-09-29,67,40,0.00,M,M
1915-09-30,73,32,0.00,M,M
1915-10-01,60,35,T,M,M
1915-10-02,51,42,0.31,M,M
1915-10-03,54,43,0.04,M,M
1915-10-04,64,44,0.00,M,M
1915-10-05,65,49,0.58,M,M
1915-10-06,66,43,0.00,M,M
1915-10-07,60,41,0.00,M,M
1915-10-08,64,46,0.00,M,M
1915-10-09,54,30,0.00,M,M
1915-10-10,55,32,0.00,M,M
1915-10-11,60,24,0.00,M,M
1915-10-12,63,29,0.00,M,M
1915-10-13,76,35,0.00,M,M
1915-10-14,75,34,0.00,M,M
1915-10-15,71,50,1.10,M,M
1915-10-16,62,43,0.00,M,M
1915-10-17,70,38,0.00,M,M
1915-10-18,70,36,0.00,M,M
1915-10-19,63,54,0.08,M,M
1915-10-20,67,50,0.00,M,M
1915-10-21,73,45,0.07,M,M
1915-10-22,58,36,0.00,M,M
1915-10-23,48,29,0.00,M,M
1915-10-24,58,29,0.00,M,M
1915-10-25,59,20,0.00,M,M
1915-10-26,66,34,T,M,M
1915-10-27,56,35,0.27,M,M
1915-10-28,65,32,0.00,M,M
1915-10-29,68,36,0.07,M,M
1915-10-30,60,41,T,M,M
1915-10-31,59,34,0.00,M,M
1915-11-01,67,37,0.00,M,M
1915-11-02,62,45,0.04,M,M
1915-11-03,45,38,0.00,M,M
1915-11-04,46,24,T,M,M
1915-11-05,49,33,0.20,M,M
1915-11-06,46,31,0.00,M,M
1915-11-07,50,19,0.00,M,M
1915-11-08,56,20,0.00,M,M
1915-11-09,52,38,0.04,M,M
1915-11-10,49,30,0.00,M,M
1915-11-11,48,31,0.00,M,M
1915-11-12,65,34,0.05,M,M
1915-11-13,50,29,0.00,M,M
1915-11-14,59,32,0.00,M,M
1915-11-15,44,37,0.45,M,M
1915-11-16,40,28,M,T,M
1915-11-17,41,27,0.00,M,M
1915-11-18,47,28,0.00,M,M
1915-11-19,48,24,0.52,M,M
1915-11-20,48,34,0.54,M,M
1915-11-21,45,32,0.04,T,M
1915-11-22,38,29,0.00,M,M
1915-11-23,38,23,0.00,M,M
1915-11-24,38,23,0.00,M,M
1915-11-25,47,18,0.00,M,M
1915-11-26,50,20,0.00,M,M
1915-11-27,51,25,0.00,M,M
1915-11-28,55,31,0.00,M,M
1915-11-29,46,31,0.29,M,M
1915-11-30,37,28,0.05,0.5,M
1915-12-01,M,17,0.00,0.0,M
1915-12-02,44,20,T,T,M
1915-12-03,M,24,0.00,0.0,M
1915-12-04,30,11,T,T,M
1915-12-05,26,12,0.00,0.0,M
1915-12-06,27,20,0.10,1.0,M
1915-12-07,29,23,0.00,0.0,M
1915-12-08,33,22,T,T,M
1915-12-09,33,21,T,T,M
1915-12-10,23,11,T,T,M
1915-12-11,23,11,0.00,0.0,M
1915-12-12,29,-3,0.00,0.0,M
1915-12-13,31,15,0.20,2.0,M
1915-12-14,27,20,3.30,33.0,M
1915-12-15,23,15,T,T,M
1915-12-16,23,18,0.00,0.0,M
1915-12-17,30,8,0.00,0.0,M
1915-12-18,45,30,0.09,0.0,M
1915-12-19,34,27,0.00,0.0,M
1915-12-20,30,22,0.00,0.0,M
1915-12-21,26,12,0.00,0.0,M
1915-12-22,31,2,0.00,0.0,M
1915-12-23,39,20,T,0.0,M
1915-12-24,37,30,T,0.0,M
1915-12-25,48,27,0.00,0.0,M
1915-12-26,48,20,0.61,4.0,M
1915-12-27,38,20,0.00,0.0,M
1915-12-28,36,25,0.10,1.0,M
1915-12-29,30,14,0.60,6.0,M
1915-12-30,22,11,0.04,0.0,M
1915-12-31,24,-5,0.03,0.0,M
1916-01-01,38,-0,M,0.0,M
1916-01-02,34,25,M,0.0,M
1916-01-03,37,24,M,T,M
1916-01-04,30,6,M,0.0,M
1916-01-05,49,19,T,0.0,M
1916-01-06,52,16,M,0.0,M
1916-01-07,22,7,T,T,M
1916-01-08,18,-8,M,0.0,M
1916-01-09,23,-7,M,0.0,M
1916-01-10,39,11,T,0.0,M
1916-01-11,44,28,M,0.0,M
1916-01-12,30,14,T,0.0,M
1916-01-13,43,24,0.03,0.0,M
1916-01-14,29,3,M,0.0,M
1916-01-15,20,-8,M,0.0,M
1916-01-16,33,12,T,T,M
1916-01-17,29,7,0.10,1.0,M
1916-01-18,16,10,0.10,1.0,M
1916-01-19,21,14,M,0.0,M
1916-01-20,38,19,M,0.0,M
1916-01-21,45,36,T,0.0,M
1916-01-22,58,32,0.10,0.0,M
1916-01-23,45,26,M,0.0,M
1916-01-24,40,15,M,0.0,M
1916-01-25,51,23,M,0.0,M
1916-01-26,56,33,M,0.0,M
1916-01-27,65,34,M,0.0,M
1916-01-28,57,30,0.03,0.0,M
1916-01-29,33,12,M,0.0,M
1916-01-30,34,16,0.06,0.0,M
1916-01-31,59,21,0.02,0.0,M
1916-02-01,55,M,0.09,0.0,M
1916-02-02,31,17,0.20,2.0,M
1916-02-03,24,15,0.00,0.0,M
1916-02-04,21,10,T,T,M
1916-02-05,30,14,T,T,M
1916-02-06,38,24,0.00,0.0,M
1916-02-07,38,14,T,T,M
1916-02-08,19,7,0.00,0.0,M
1916-02-09,33,12,0.20,2.0,M
1916-02-10,27,18,0.00,0.0,M
1916-02-11,21,-4,0.10,1.0,M
1916-02-12,15,11,0.20,2.0,M
1916-02-13,14,7,0.30,3.0,M
1916-02-14,13,-26,0.00,0.0,M
1916-02-15,24,-24,0.00,0.0,M
1916-02-16,29,16,T,T,M
1916-02-17,36,25,T,T,M
1916-02-18,34,27,0.10,1.0,M
1916-02-19,33,-4,T,T,M
1916-02-20,16,-2,T,T,M
1916-02-21,13,-13,0.00,0.0,M
1916-02-22,40,-15,0.00,0.0,M
1916-02-23,30,14,0.10,1.0,M
1916-02-24,30,-4,0.00,0.0,M
1916-02-25,36,27,0.51,0.0,M
1916-02-26,34,23,0.68,0.0,M
1916-02-27,23,8,0.10,1.0,M
1916-02-28,25,4,T,T,M
1916-02-29,27,5,0.00,0.0,M
1916-03-01,24,5,0.00,0.0,M
1916-03-02,27,9,0.40,4.0,M
1916-03-03,27,-5,0.00,0.0,M
1916-03-04,21,5,0.00,0.0,M
1916-03-05,22,11,0.10,1.0,M
1916-03-06,24,-7,T,T,M
1916-03-07,38,14,0.40,4.0,M
1916-03-08,32,15,0.80,8.0,M
1916-03-09,26,19,0.00,0.0,M
1916-03-10,40,7,0.00,0.0,M
1916-03-11,25,12,0.00,0.0,M
1916-03-12,35,16,0.00,0.0,M
1916-03-13,35,25,0.10,1.0,M
1916-03-14,38,21,T,T,M
1916-03-15,27,7,1.00,10.0,M
1916-03-16,20,4,0.30,3.0,M
1916-03-17,15,-9,0.00,0.0,M
1916-03-18,20,-4,0.00,0.0,M
1916-03-19,28,-3,0.00,0.0,M
1916-03-20,26,7,0.00,0.0,M
1916-03-21,38,13,0.00,0.0,M
1916-03-22,27,11,0.70,7.0,M
1916-03-23,28,9,0.00,0.0,M
1916-03-24,39,6,0.00,0.0,M
1916-03-25,47,15,0.00,0.0,M
1916-03-26,63,8,0.00,0.0,M
1916-03-27,55,23,0.00,0.0,M
1916-03-28,57,29,0.00,0.0,M
1916-03-29,54,27,0.00,0.0,M
1916-03-30,62,27,0.00,0.0,M
1916-03-31,69,23,0.00,0.0,M
1916-04-01,66,27,0.00,0.0,M
1916-04-02,54,33,0.11,0.0,M
1916-04-03,47,23,0.00,0.0,M
1916-04-04,41,29,0.17,1.0,M
1916-04-05,51,31,0.10,0.0,M
1916-04-06,59,24,M,T,M
1916-04-07,37,24,0.20,2.0,M
1916-04-08,38,28,M,T,M
1916-04-09,41,27,0.50,5.0,M
1916-04-10,47,28,0.00,0.0,M
1916-04-11,63,22,0.00,0.0,M
1916-04-12,51,36,0.15,0.0,M
1916-04-13,44,33,0.05,0.0,M
1916-04-14,43,32,0.50,0.0,M
1916-04-15,58,30,0.00,0.0,M
1916-04-16,73,25,0.00,0.0,M
1916-04-17,57,38,0.20,0.0,M
1916-04-18,42,35,M,T,M
1916-04-19,55,31,0.00,0.0,M
1916-04-20,65,32,T,0.0,M
1916-04-21,60,37,0.19,0.0,M
1916-04-22,53,31,0.66,1.0,M
1916-04-23,43,34,0.29,0.0,M
1916-04-24,53,38,0.32,0.0,M
1916-04-25,63,38,0.02,0.0,M
1916-04-26,61,37,0.15,0.0,M
1916-04-27,53,41,0.05,0.0,M
1916-04-28,56,40,0.36,0.0,M
1916-04-29,67,32,0.01,0.0,M
1916-04-30,78,32,0.00,0.0,M
1916-05-01,78,43,0.00,M,M
1916-05-02,M,45,0.00,M,M
1916-05-03,64,35,0.02,M,M
1916-05-04,65,47,0.16,M,M
1916-05-05,69,37,0.00,M,M
1916-05-06,75,50,0.02,M,M
1916-05-07,72,48,0.15,M,M
1916-05-08,80,41,0.45,M,M
1916-05-09,70,43,0.00,M,M
1916-05-10,61,30,T,M,M
1916-05-11,71,55,0.00,M,M
1916-05-12,60,39,0.00,M,M
1916-05-13,69,41,0.00,M,M
1916-05-14,65,30,0.00,M,M
1916-05-15,60,43,0.05,M,M
1916-05-16,71,50,T,M,M
1916-05-17,58,42,1.27,M,M
1916-05-18,48,37,0.10,M,M
1916-05-19,61,36,0.01,M,M
1916-05-20,61,35,0.09,M,M
1916-05-21,77,35,0.00,M,M
1916-05-22,69,36,0.00,M,M
1916-05-23,64,43,0.35,M,M
1916-05-24,75,42,0.00,M,M
1916-05-25,75,43,0.00,M,M
1916-05-26,68,49,0.00,M,M
1916-05-27,70,42,T,M,M
1916-05-28,68,54,0.13,M,M
1916-05-29,77,56,0.00,M,M
1916-05-30,73,58,0.08,M,M
1916-05-31,63,52,0.00,M,M
1916-06-01,68,40,0.00,M,M
1916-06-02,74,40,0.00,M,M
1916-06-03,69,52,0.06,M,M
1916-06-04,68,49,0.00,M,M
1916-06-05,65,57,0.35,M,M
1916-06-06,69,47,0.00,M,M
1916-06-07,63,50,T,M,M
1916-06-08,58,52,0.29,M,M
1916-06-09,56,51,0.03,M,M
1916-06-10,56,47,0.08,M,M
1916-06-11,58,50,0.02,M,M
1916-06-12,68,52,0.28,M,M
1916-06-13,69,43,0.10,M,M
1916-06-14,73,38,0.00,M,M
1916-06-15,64,55,0.00,M,M
1916-06-16,59,51,0.46,M,M
1916-06-17,74,51,0.14,M,M
1916-06-18,78,50,0.00,M,M
1916-06-19,63,47,0.33,M,M
1916-06-20,56,49,0.06,M,M
1916-06-21,63,49,0.05,M,M
1916-06-22,66,47,T,M,M
1916-06-23,64,47,0.00,M,M
1916-06-24,70,46,T,M,M
1916-06-25,68,59,0.14,M,M
1916-06-26,73,47,0.00,M,M
1916-06-27,82,57,0.00,M,M
1916-06-28,74,62,0.21,M,M
1916-06-29,74,52,0.00,M,M
1916-06-30,74,50,0.00,M,M
1916-07-01,77,46,0.00,M,M
1916-07-02,81,62,0.00,M,M
1916-07-03,74,61,1.10,M,M
1916-07-04,67,56,0.28,M,M
1916-07-05,69,55,0.03,M,M
1916-07-06,78,59,0.00,M,M
1916-07-07,81,53,0.00,M,M
1916-07-08,85,66,0.00,M,M
1916-07-09,75,62,0.00,M,M
1916-07-10,75,64,0.06,M,M
1916-07-11,85,68,0.00,M,M
1916-07-12,90,69,0.00,M,M
1916-07-13,83,70,0.29,M,M
1916-07-14,78,62,0.30,M,M
1916-07-15,77,63,0.00,M,M
1916-07-16,84,65,0.00,M,M
1916-07-17,79,66,0.30,M,M
1916-07-18,82,63,0.00,M,M
1916-07-19,84,61,0.00,M,M
1916-07-20,84,60,0.00,M,M
1916-07-21,85,68,0.09,M,M
1916-07-22,79,68,0.40,M,M
1916-07-23,82,63,0.00,M,M
1916-07-24,85,66,0.00,M,M
1916-07-25,82,67,T,M,M
1916-07-26,77,71,0.25,M,M
1916-07-27,M,67,T,M,M
1916-07-28,75,62,0.03,M,M
1916-07-29,80,57,0.00,M,M
1916-07-30,85,62,0.00,M,M
1916-07-31,88,71,0.00,M,M
1916-08-01,76,58,0.00,M,M
1916-08-02,80,48,0.00,M,M
1916-08-03,75,55,T,M,M
1916-08-04,81,57,0.00,M,M
1916-08-05,85,51,0.00,M,M
1916-08-06,81,66,0.00,M,M
1916-08-07,90,63,0.00,M,M
1916-08-08,90,74,0.18,M,M
1916-08-09,76,66,0.00,M,M
1916-08-10,71,58,0.02,M,M
1916-08-11,73,58,T,M,M
1916-08-12,75,63,0.35,M,M
1916-08-13,70,51,0.16,M,M
1916-08-14,70,49,0.00,M,M
1916-08-15,75,45,0.00,M,M
1916-08-16,79,46,0.00,M,M
1916-08-17,84,53,0.00,M,M
1916-08-18,84,55,0.00,M,M
1916-08-19,86,57,0.00,M,M
1916-08-20,86,62,0.00,M,M
1916-08-21,92,75,0.00,M,M
1916-08-22,92,77,0.00,M,M
1916-08-23,83,65,0.75,M,M
1916-08-24,70,64,0.00,M,M
1916-08-25,74,50,0.00,M,M
1916-08-26,76,54,0.00,M,M
1916-08-27,78,62,0.66,M,M
1916-08-28,62,55,0.39,M,M
1916-08-29,69,42,0.00,M,M
1916-08-30,74,51,0.03,M,M
1916-08-31,73,57,0.00,M,M
1916-09-01,80,62,0.00,M,M
1916-09-02,75,51,0.20,M,M
1916-09-03,62,38,0.00,M,M
1916-09-04,76,53,0.00,M,M
1916-09-05,75,56,T,M,M
1916-09-06,71,59,0.25,M,M
1916-09-07,81,54,0.00,M,M
1916-09-08,78,69,0.12,M,M
1916-09-09,72,60,0.04,M,M
1916-09-10,69,40,0.00,M,M
1916-09-11,69,50,0.00,M,M
1916-09-12,70,38,0.00,M,M
1916-09-13,75,38,0.00,M,M
1916-09-14,83,54,0.00,M,M
1916-09-15,74,62,1.53,M,M
1916-09-16,63,51,0.08,M,M
1916-09-17,62,35,0.00,M,M
1916-09-18,58,47,0.04,M,M
1916-09-19,55,43,0.00,M,M
1916-09-20,69,42,0.00,M,M
1916-09-21,70,44,0.00,M,M
1916-09-22,72,45,0.00,M,M
1916-09-23,71,57,0.11,M,M
1916-09-24,67,48,T,M,M
1916-09-25,65,49,0.00,M,M
1916-09-26,66,37,0.00,M,M
1916-09-27,80,47,0.00,M,M
1916-09-28,78,57,0.00,M,M
1916-09-29,70,52,0.85,M,M
1916-09-30,52,42,0.17,M,M
1916-10-01,56,28,0.00,M,M
1916-10-02,68,27,0.00,M,M
1916-10-03,75,29,0.00,M,M
1916-10-04,72,41,0.00,M,M
1916-10-05,75,37,0.00,M,M
1916-10-06,71,50,0.00,M,M
1916-10-07,65,43,0.00,M,M
1916-10-08,77,38,0.00,M,M
1916-10-09,70,59,0.08,M,M
1916-10-10,59,28,0.00,M,M
1916-10-11,54,38,0.00,M,M
1916-10-12,60,29,0.00,M,M
1916-10-13,60,45,0.03,M,M
1916-10-14,54,36,0.00,M,M
1916-10-15,62,32,0.00,M,M
1916-10-16,61,45,0.00,M,M
1916-10-17,63,42,0.04,M,M
1916-10-18,46,26,0.00,M,M
1916-10-19,48,36,0.19,M,M
1916-10-20,70,45,0.36,M,M
1916-10-21,67,48,0.50,M,M
1916-10-22,48,41,0.00,M,M
1916-10-23,51,26,0.00,M,M
1916-10-24,52,27,0.00,M,M
1916-10-25,58,42,0.00,M,M
1916-10-26,65,39,0.04,M,M
1916-10-27,52,26,0.00,M,M
1916-10-28,49,38,0.00,M,M
1916-10-29,57,28,0.00,M,M
1916-10-30,64,38,0.00,M,M
1916-10-31,61,45,0.00,M,M
1916-11-01,55,44,T,M,M
1916-11-02,54,41,T,M,M
1916-11-03,47,34,0.00,M,M
1916-11-04,58,31,0.00,M,M
1916-11-05,45,34,0.71,M,M
1916-11-06,46,31,0.04,M,M
1916-11-07,50,24,0.00,M,M
1916-11-08,64,29,0.00,M,M
1916-11-09,66,37,0.00,M,M
1916-11-10,64,35,0.19,M,M
1916-11-11,48,33,0.00,M,M
1916-11-12,49,27,0.00,M,M
1916-11-13,37,30,0.01,M,M
1916-11-14,34,25,0.45,M,M
1916-11-15,26,16,0.00,M,M
1916-11-16,30,22,0.00,M,M
1916-11-17,32,16,T,M,M
1916-11-18,37,28,0.00,M,M
1916-11-19,44,30,0.00,M,M
1916-11-20,38,26,0.00,M,M
1916-11-21,34,17,0.00,M,M
1916-11-22,40,11,0.00,M,M
1916-11-23,42,25,0.13,M,M
1916-11-24,51,34,0.35,M,M
1916-11-25,34,23,0.00,M,M
1916-11-26,23,13,0.00,M,M
1916-11-27,48,17,0.00,M,M
1916-11-28,52,33,0.00,M,M
1916-11-29,55,41,T,M,M
1916-11-30,53,41,0.71,M,M
1916-12-01,41,32,0.00,0.0,M
1916-12-02,40,32,0.00,0.0,M
1916-12-03,38,31,0.00,0.0,M
1916-12-04,47,30,0.13,0.0,M
1916-12-05,55,41,0.04,0.0,M
1916-12-06,54,32,T,T,M
1916-12-07,33,29,0.00,0.0,M
1916-12-08,38,25,0.00,0.0,M
1916-12-09,41,31,0.23,0.0,M
1916-12-10,40,26,0.00,0.0,M
1916-12-11,43,26,0.00,0.0,M
1916-12-12,42,30,0.20,2.0,M
1916-12-13,31,22,0.00,0.0,M
1916-12-14,27,16,0.00,0.0,M
1916-12-15,29,10,0.20,2.0,M
1916-12-16,19,11,0.00,0.0,M
1916-12-17,19,10,0.00,0.0,M
1916-12-18,22,-0,0.00,0.0,M
1916-12-19,22,15,0.00,0.0,M
1916-12-20,22,7,0.00,0.0,M
1916-12-21,33,17,0.00,0.0,M
1916-12-22,34,27,0.30,3.0,M
1916-12-23,27,24,0.00,0.0,M
1916-12-24,26,24,0.00,0.0,M
1916-12-25,33,19,T,T,M
1916-12-26,19,10,0.00,0.0,M
1916-12-27,30,11,0.05,0.5,M
1916-12-28,36,25,T,0.0,M
1916-12-29,25,12,0.00,0.0,M
1916-12-30,16,-1,0.00,0.0,M
1916-12-31,21,8,0.00,0.0,M
1917-01-01,28,16,T,T,M
1917-01-02,35,28,0.00,0.0,M
1917-01-03,34,27,0.20,2.0,M
1917-01-04,35,32,0.00,0.0,M
1917-01-05,39,26,0.29,0.0,M
1917-01-06,44,27,0.11,0.0,M
1917-01-07,40,20,0.00,0.0,M
1917-01-08,39,18,0.00,0.0,M
1917-01-09,44,29,0.08,0.0,M
1917-01-10,42,29,T,0.0,M
1917-01-11,42,-0,0.10,1.0,M
1917-01-12,8,-7,0.00,0.0,M
1917-01-13,25,-4,0.00,0.0,M
1917-01-14,46,21,0.62,0.0,M
1917-01-15,21,13,0.00,0.0,M
1917-01-16,19,12,0.00,0.0,M
1917-01-17,28,13,0.00,0.0,M
1917-01-18,29,22,T,T,M
1917-01-19,27,6,0.20,2.0,M
1917-01-20,23,2,T,T,M
1917-01-21,25,15,T,T,M
1917-01-22,42,15,0.30,3.0,M
1917-01-23,20,1,0.00,0.0,M
1917-01-24,31,5,0.00,0.0,M
1917-01-25,32,16,T,T,M
1917-01-26,27,3,0.20,2.0,M
1917-01-27,18,-5,0.10,1.0,M
1917-01-28,26,16,0.10,1.0,M
1917-01-29,32,12,0.00,0.0,M
1917-01-30,40,32,0.00,0.0,M
1917-01-31,34,26,0.00,0.0,M
1917-02-01,34,21,T,T,M
1917-02-02,21,-0,0.00,0.0,M
1917-02-03,22,-6,T,T,M
1917-02-04,25,4,0.00,0.0,M
1917-02-05,25,10,0.40,4.0,M
1917-02-06,21,10,T,T,M
1917-02-07,31,13,0.00,0.0,M
1917-02-08,35,27,0.00,0.0,M
1917-02-09,32,12,0.30,3.0,M
1917-02-10,13,-0,0.20,2.0,M
1917-02-11,11,2,0.00,0.0,M
1917-02-12,4,-16,0.00,0.0,M
1917-02-13,15,-10,0.00,0.0,M
1917-02-14,23,10,0.00,0.0,M
1917-02-15,21,-4,0.00,0.0,M
1917-02-16,26,6,0.00,0.0,M
1917-02-17,34,6,0.00,0.0,M
1917-02-18,41,21,0.00,0.0,M
1917-02-19,21,9,0.00,0.0,M
1917-02-20,40,18,T,T,M
1917-02-21,30,16,0.00,0.0,M
1917-02-22,25,17,0.30,3.0,M
1917-02-23,40,11,0.00,0.0,M
1917-02-24,38,22,0.00,0.0,M
1917-02-25,M,5,0.00,0.0,M
1917-02-26,48,18,0.10,0.0,M
1917-02-27,45,30,0.29,0.0,M
1917-02-28,30,23,0.00,0.0,M
1917-03-01,31,16,0.00,0.0,M
1917-03-02,31,22,0.00,0.0,M
1917-03-03,32,24,0.00,0.0,M
1917-03-04,33,21,0.20,2.0,M
1917-03-05,27,14,0.90,9.0,M
1917-03-06,26,13,0.00,0.0,M
1917-03-07,32,-3,0.00,0.0,M
1917-03-08,44,27,T,T,M
1917-03-09,36,29,T,T,M
1917-03-10,33,24,0.00,0.0,M
1917-03-11,40,26,0.20,2.0,M
1917-03-12,45,26,0.11,0.0,M
1917-03-13,34,16,0.00,0.0,M
1917-03-14,32,19,0.10,1.0,M
1917-03-15,35,29,0.05,0.5,M
1917-03-16,38,26,0.00,0.0,M
1917-03-17,40,27,0.07,0.0,M
1917-03-18,38,24,T,T,M
1917-03-19,24,9,0.00,0.0,M
1917-03-20,44,11,0.00,0.0,M
1917-03-21,42,26,0.00,0.0,M
1917-03-22,40,20,0.00,0.0,M
1917-03-23,50,22,0.22,0.0,M
1917-03-24,48,36,0.00,0.0,M
1917-03-25,53,25,0.00,0.0,M
1917-03-26,55,34,0.00,0.0,M
1917-03-27,50,38,0.20,0.0,M
1917-03-28,48,30,0.02,0.0,M
1917-03-29,45,32,0.05,T,M
1917-03-30,41,29,0.00,0.0,M
1917-03-31,50,25,0.00,0.0,M
1917-04-01,70,38,0.35,0.0,M
1917-04-02,62,43,0.05,0.0,M
1917-04-03,49,36,0.00,0.0,M
1917-04-04,48,29,0.00,0.0,M
1917-04-05,46,28,0.00,0.0,M
1917-04-06,M,M,0.75,3.0,M
1917-04-07,M,M,0.00,0.0,M
1917-04-08,43,33,0.00,0.0,M
1917-04-09,36,21,0.00,0.0,M
1917-04-10,35,22,0.00,0.0,M
1917-04-11,45,26,0.00,0.0,M
1917-04-12,46,32,0.00,0.0,M
1917-04-13,43,31,0.00,0.0,M
1917-04-14,39,29,0.00,0.0,M
1917-04-15,41,30,T,T,M
1917-04-16,38,31,0.00,0.0,M
1917-04-17,54,32,0.00,0.0,M
1917-04-18,65,31,0.00,0.0,M
1917-04-19,61,37,0.15,0.0,M
1917-04-20,56,43,0.18,0.0,M
1917-04-21,75,45,T,0.0,M
1917-04-22,69,48,0.00,0.0,M
1917-04-23,61,37,0.00,0.0,M
1917-04-24,51,30,0.00,0.0,M
1917-04-25,52,23,0.00,0.0,M
1917-04-26,46,36,T,T,M
1917-04-27,46,39,0.00,0.0,M
1917-04-28,52,44,0.00,0.0,M
1917-04-29,60,31,0.00,0.0,M
1917-04-30,56,41,T,0.0,M
1917-05-01,44,38,0.40,0.0,M
1917-05-02,45,36,0.12,0.0,M
1917-05-03,41,36,0.00,0.0,M
1917-05-04,48,35,0.00,0.0,M
1917-05-05,45,34,0.92,2.0,M
1917-05-06,46,33,0.46,0.0,M
1917-05-07,49,38,0.05,0.0,M
1917-05-08,49,38,0.08,0.0,M
1917-05-09,56,40,T,0.0,M
1917-05-10,50,39,T,0.0,M
1917-05-11,49,39,T,0.0,M
1917-05-12,53,37,0.56,0.0,M
1917-05-13,51,36,T,0.0,M
1917-05-14,60,44,0.00,0.0,M
1917-05-15,55,38,0.00,0.0,M
1917-05-16,45,31,0.06,0.0,M
1917-05-17,59,39,0.00,0.0,M
1917-05-18,68,32,T,0.0,M
1917-05-19,74,49,0.00,0.0,M
1917-05-20,70,57,0.00,0.0,M
1917-05-21,60,39,0.00,0.0,M
1917-05-22,55,40,0.27,0.0,M
1917-05-23,59,46,0.10,0.0,M
1917-05-24,55,32,0.05,0.0,M
1917-05-25,51,39,0.03,0.0,M
1917-05-26,61,45,0.00,0.0,M
1917-05-27,61,48,0.19,0.0,M
1917-05-28,56,45,0.16,0.0,M
1917-05-29,50,42,0.89,0.0,M
1917-05-30,66,44,0.08,0.0,M
1917-05-31,72,41,0.00,0.0,M
1917-06-01,66,51,T,M,M
1917-06-02,73,51,0.00,M,M
1917-06-03,77,59,T,M,M
1917-06-04,71,50,0.00,M,M
1917-06-05,76,62,0.04,M,M
1917-06-06,71,55,0.20,M,M
1917-06-07,70,57,0.42,M,M
1917-06-08,77,55,0.53,M,M
1917-06-09,73,55,0.00,M,M
1917-06-10,69,59,0.09,M,M
1917-06-11,64,60,0.88,M,M
1917-06-12,73,59,0.43,M,M
1917-06-13,79,56,0.00,M,M
1917-06-14,78,58,0.14,M,M
1917-06-15,69,57,0.00,M,M
1917-06-16,61,58,T,M,M
1917-06-17,69,49,0.00,M,M
1917-06-18,73,43,0.00,M,M
1917-06-19,79,42,0.00,M,M
1917-06-20,84,47,0.07,M,M
1917-06-21,74,45,T,M,M
1917-06-22,80,51,T,M,M
1917-06-23,73,54,0.00,M,M
1917-06-24,67,54,0.35,M,M
1917-06-25,72,49,0.00,M,M
1917-06-26,75,62,0.05,M,M
1917-06-27,79,63,0.78,M,M
1917-06-28,75,55,0.00,M,M
1917-06-29,70,59,0.50,M,M
1917-06-30,71,56,0.04,M,M
1917-07-01,76,51,T,M,M
1917-07-02,82,65,0.23,M,M
1917-07-03,75,63,0.00,M,M
1917-07-04,72,61,0.00,M,M
1917-07-05,76,48,0.00,M,M
1917-07-06,76,49,0.00,M,M
1917-07-07,80,58,0.00,M,M
1917-07-08,75,56,0.00,M,M
1917-07-09,73,59,0.00,M,M
1917-07-10,66,58,0.04,M,M
1917-07-11,61,58,0.34,M,M
1917-07-12,72,57,0.00,M,M
1917-07-13,78,59,0.03,M,M
1917-07-14,78,59,0.21,M,M
1917-07-15,76,61,0.46,M,M
1917-07-16,76,55,0.00,M,M
1917-07-17,73,59,0.46,M,M
1917-07-18,79,63,0.06,M,M
1917-07-19,79,64,0.02,M,M
1917-07-20,81,65,0.00,M,M
1917-07-21,81,63,0.02,M,M
1917-07-22,85,63,T,M,M
1917-07-23,86,63,0.00,M,M
1917-07-24,86,64,0.00,M,M
1917-07-25,86,62,0.00,M,M
1917-07-26,87,67,0.00,M,M
1917-07-27,83,70,0.38,M,M
1917-07-28,77,65,0.00,M,M
1917-07-29,77,64,T,M,M
1917-07-30,90,68,0.00,M,M
1917-07-31,91,75,0.00,M,M
1917-08-01,95,70,0.00,M,M
1917-08-02,83,71,0.06,M,M
1917-08-03,88,59,0.00,M,M
1917-08-04,M,53,0.00,M,M
1917-08-05,77,59,0.00,M,M
1917-08-06,83,68,T,M,M
1917-08-07,84,63,0.00,M,M
1917-08-08,79,68,0.02,M,M
1917-08-09,77,68,0.44,M,M
1917-08-10,73,60,0.17,M,M
1917-08-11,75,48,0.00,M,M
1917-08-12,78,51,0.00,M,M
1917-08-13,81,61,0.00,M,M
1917-08-14,M,56,T,M,M
1917-08-15,77,65,0.06,M,M
1917-08-16,77,59,2.36,M,M
1917-08-17,77,60,0.00,M,M
1917-08-18,72,58,0.00,M,M
1917-08-19,80,53,0.00,M,M
1917-08-20,84,61,0.00,M,M
1917-08-21,76,64,0.00,M,M
1917-08-22,75,61,0.00,M,M
1917-08-23,77,65,T,M,M
1917-08-24,85,69,1.19,M,M
1917-08-25,77,60,0.00,M,M
1917-08-26,72,53,0.00,M,M
1917-08-27,78,47,0.00,M,M
1917-08-28,79,58,0.00,M,M
1917-08-29,69,61,0.45,M,M
1917-08-30,70,62,0.52,M,M
1917-08-31,77,60,0.00,M,M
1917-09-01,65,49,0.37,M,M
1917-09-02,78,59,0.00,M,M
1917-09-03,71,54,0.00,M,M
1917-09-04,64,48,0.00,M,M
1917-09-05,66,47,0.04,M,M
1917-09-06,67,55,0.06,M,M
1917-09-07,63,48,0.44,M,M
1917-09-08,60,49,0.00,M,M
1917-09-09,65,43,0.00,M,M
1917-09-10,62,41,0.00,M,M
1917-09-11,68,44,0.00,M,M
1917-09-12,62,30,0.00,M,M
1917-09-13,68,49,0.00,M,M
1917-09-14,72,44,0.00,M,M
1917-09-15,68,47,0.00,M,M
1917-09-16,64,53,T,M,M
1917-09-17,68,44,0.00,M,M
1917-09-18,72,50,0.00,M,M
1917-09-19,73,45,0.00,M,M
1917-09-20,74,56,T,M,M
1917-09-21,64,53,0.00,M,M
1917-09-22,61,45,0.00,M,M
1917-09-23,60,30,0.00,M,M
1917-09-24,61,45,0.00,M,M
1917-09-25,67,38,0.00,M,M
1917-09-26,67,38,0.00,M,M
1917-09-27,68,40,0.00,M,M
1917-09-28,74,43,0.08,M,M
1917-09-29,66,57,0.14,M,M
1917-09-30,63,51,0.04,M,M
1917-10-01,55,47,0.03,0.0,M
1917-10-02,60,38,0.00,0.0,M
1917-10-03,64,37,0.00,0.0,M
1917-10-04,60,45,0.19,0.0,M
1917-10-05,58,42,0.28,0.0,M
1917-10-06,54,40,0.03,0.0,M
1917-10-07,55,32,0.00,0.0,M
1917-10-08,55,43,0.06,0.0,M
1917-10-09,44,33,0.00,0.0,M
1917-10-10,46,28,0.00,0.0,M
1917-10-11,49,37,0.04,0.0,M
1917-10-12,50,37,0.81,0.0,M
1917-10-13,50,33,0.06,0.0,M
1917-10-14,56,34,0.00,0.0,M
1917-10-15,58,41,0.12,0.0,M
1917-10-16,56,41,0.00,0.0,M
1917-10-17,50,28,0.02,0.0,M
1917-10-18,60,41,0.06,0.0,M
1917-10-19,66,44,0.00,0.0,M
1917-10-20,66,35,0.85,0.0,M
1917-10-21,56,25,0.00,0.0,M
1917-10-22,49,25,0.00,0.0,M
1917-10-23,44,25,T,0.0,M
1917-10-24,40,36,1.34,0.0,M
1917-10-25,M,37,0.38,0.0,M
1917-10-26,52,35,0.00,0.0,M
1917-10-27,61,42,0.00,0.0,M
1917-10-28,57,43,0.52,0.0,M
1917-10-29,54,29,0.17,0.0,M
1917-10-30,62,35,1.62,1.0,M
1917-10-31,38,30,0.00,0.0,M
1917-11-01,41,26,0.00,0.0,M
1917-11-02,39,29,0.00,0.0,M
1917-11-03,41,30,0.00,0.0,M
1917-11-04,39,25,0.00,0.0,M
1917-11-05,45,19,0.00,0.0,M
1917-11-06,55,22,T,0.0,M
1917-11-07,45,29,0.00,0.0,M
1917-11-08,42,26,0.00,0.0,M
1917-11-09,45,34,0.00,0.0,M
1917-11-10,47,36,0.00,0.0,M
1917-11-11,47,25,0.00,0.0,M
1917-11-12,46,30,0.00,0.0,M
1917-11-13,38,15,0.00,0.0,M
1917-11-14,44,24,0.00,0.0,M
1917-11-15,47,23,0.00,0.0,M
1917-11-16,40,32,0.00,0.0,M
1917-11-17,40,28,0.00,0.0,M
1917-11-18,59,30,0.00,0.0,M
1917-11-19,48,24,T,0.0,M
1917-11-20,42,18,0.00,0.0,M
1917-11-21,40,25,0.00,0.0,M
1917-11-22,44,36,0.21,0.0,M
1917-11-23,43,31,0.84,0.0,M
1917-11-24,32,25,0.10,1.0,M
1917-11-25,25,12,0.00,0.0,M
1917-11-26,21,15,0.00,0.0,M
1917-11-27,21,6,0.00,0.0,M
1917-11-28,27,16,0.10,1.0,M
1917-11-29,36,24,0.00,0.0,M
1917-11-30,36,25,0.00,0.0,M
1917-12-01,36,33,0.04,0.0,M
1917-12-02,33,14,T,T,M
1917-12-03,28,15,0.00,0.0,M
1917-12-04,32,18,0.00,0.0,M
1917-12-05,35,23,0.00,0.0,M
1917-12-06,32,15,0.00,0.0,M
1917-12-07,23,7,0.00,0.0,M
1917-12-08,23,5,0.20,2.0,M
1917-12-09,29,12,0.20,2.0,M
1917-12-10,12,5,T,T,M
1917-12-11,12,-0,T,T,M
1917-12-12,15,-9,0.00,0.0,M
1917-12-13,22,-5,T,T,M
1917-12-14,24,6,1.70,17.0,M
1917-12-15,20,11,0.00,0.0,M
1917-12-16,11,-16,0.00,0.0,M
1917-12-17,20,-6,0.00,0.0,M
1917-12-18,28,-8,0.00,0.0,M
1917-12-19,32,23,0.00,0.0,M
1917-12-20,40,27,0.00,0.0,M
1917-12-21,48,27,0.00,0.0,M
1917-12-22,40,19,0.00,0.0,M
1917-12-23,30,-10,0.00,0.0,M
1917-12-24,43,11,T,T,M
1917-12-25,42,21,0.00,0.0,M
1917-12-26,21,12,0.00,0.0,M
1917-12-27,12,-7,0.00,0.0,M
1917-12-28,29,5,T,T,M
1917-12-29,5,-12,0.00,0.0,M
1917-12-30,-5,-22,0.00,0.0,M
1917-12-31,-3,-23,0.00,0.0,M
1918-01-01,3,-16,0.00,0.0,M
1918-01-02,8,-16,0.00,0.0,M
1918-01-03,2,-18,0.00,0.0,M
1918-01-04,6,-9,0.00,0.0,M
1918-01-05,17,2,0.00,0.0,M
1918-01-06,20,8,0.00,0.0,M
1918-01-07,30,12,0.10,1.0,M
1918-01-08,30,19,T,T,M
1918-01-09,21,16,0.10,1.0,M
1918-01-10,24,17,T,T,M
1918-01-11,29,18,0.00,0.0,M
1918-01-12,41,23,0.30,3.0,M
1918-01-13,28,-2,0.00,0.0,M
1918-01-14,21,4,0.00,0.0,M
1918-01-15,26,11,0.60,6.0,M
1918-01-16,22,13,0.00,0.0,M
1918-01-17,25,-2,T,T,M
1918-01-18,27,-1,0.00,0.0,M
1918-01-19,22,10,0.20,2.0,M
1918-01-20,13,-9,0.00,0.0,M
1918-01-21,18,10,0.00,0.0,M
1918-01-22,15,-2,0.10,1.0,M
1918-01-23,15,5,T,T,M
1918-01-24,16,-1,T,T,M
1918-01-25,25,9,T,T,M
1918-01-26,29,10,0.00,0.0,M
1918-01-27,12,-2,0.00,0.0,M
1918-01-28,8,-10,0.10,1.0,M
1918-01-29,20,8,0.30,3.0,M
1918-01-30,19,-11,0.00,0.0,M
1918-01-31,20,-8,T,T,M
1918-02-01,17,3,0.00,0.0,M
1918-02-02,18,-18,0.00,0.0,M
1918-02-03,24,-9,T,T,M
1918-02-04,30,-1,0.20,2.0,M
1918-02-05,4,-18,0.00,0.0,M
1918-02-06,14,-12,0.30,3.0,M
1918-02-07,35,14,T,T,M
1918-02-08,25,5,0.00,0.0,M
1918-02-09,36,-5,T,T,M
1918-02-10,32,19,T,T,M
1918-02-11,41,20,0.00,0.0,M
1918-02-12,45,31,T,0.0,M
1918-02-13,48,31,T,0.0,M
1918-02-14,39,16,0.00,0.0,M
1918-02-15,50,24,0.00,0.0,M
1918-02-16,34,11,0.00,0.0,M
1918-02-17,17,10,0.10,1.0,M
1918-02-18,25,6,0.00,0.0,M
1918-02-19,45,15,0.21,0.0,M
1918-02-20,53,15,0.00,0.0,M
1918-02-21,15,-4,0.00,0.0,M
1918-02-22,13,-4,T,T,M
1918-02-23,32,6,0.00,0.0,M
1918-02-24,49,17,0.00,0.0,M
1918-02-25,45,32,0.00,0.0,M
1918-02-26,47,22,0.17,0.0,M
1918-02-27,41,15,0.00,0.0,M
1918-02-28,39,30,T,T,M
1918-03-01,34,28,0.21,1.0,M
1918-03-02,40,22,0.00,0.0,M
1918-03-03,42,20,T,T,M
1918-03-04,36,12,0.00,0.0,M
1918-03-05,41,28,0.10,1.0,M
1918-03-06,50,24,0.15,0.0,M
1918-03-07,26,16,0.40,4.0,M
1918-03-08,38,-0,0.00,0.0,M
1918-03-09,35,25,T,T,M
1918-03-10,35,11,0.20,2.0,M
1918-03-11,30,4,0.00,0.0,M
1918-03-12,45,19,T,0.0,M
1918-03-13,46,32,0.00,0.0,M
1918-03-14,37,29,0.40,4.0,M
1918-03-15,40,11,T,T,M
1918-03-16,36,10,0.00,0.0,M
1918-03-17,50,18,0.00,0.0,M
1918-03-18,45,29,0.00,0.0,M
1918-03-19,51,27,0.00,0.0,M
1918-03-20,60,31,0.00,0.0,M
1918-03-21,64,28,0.00,0.0,M
1918-03-22,57,31,0.00,0.0,M
1918-03-23,44,27,0.00,0.0,M
1918-03-24,43,19,0.00,0.0,M
1918-03-25,46,18,0.00,0.0,M
1918-03-26,35,28,T,T,M
1918-03-27,35,25,T,T,M
1918-03-28,42,19,0.00,0.0,M
1918-03-29,51,23,0.00,0.0,M
1918-03-30,57,25,0.00,0.0,M
1918-03-31,64,28,0.00,0.0,M
1918-04-01,74,37,0.00,0.0,M
1918-04-02,68,39,0.00,0.0,M
1918-04-03,56,32,0.11,T,M
1918-04-04,43,22,0.00,0.0,M
1918-04-05,42,24,T,T,M
1918-04-06,54,25,0.00,0.0,M
1918-04-07,59,29,0.00,0.0,M
1918-04-08,57,39,0.03,0.0,M
1918-04-09,48,26,0.15,1.0,M
1918-04-10,36,23,0.20,2.0,M
1918-04-11,42,30,0.00,0.0,M
1918-04-12,41,28,0.70,7.0,M
1918-04-13,41,30,0.20,2.0,M
1918-04-14,56,32,0.00,0.0,M
1918-04-15,64,28,0.00,0.0,M
1918-04-16,65,31,0.00,0.0,M
1918-04-17,67,32,0.00,0.0,M
1918-04-18,62,36,0.03,0.0,M
1918-04-19,44,28,0.06,0.0,M
1918-04-20,49,25,0.00,0.0,M
1918-04-21,47,36,0.49,0.0,M
1918-04-22,52,41,0.23,0.0,M
1918-04-23,62,38,T,0.0,M
1918-04-24,45,33,T,T,M
1918-04-25,51,29,0.00,0.0,M
1918-04-26,59,25,0.00,0.0,M
1918-04-27,64,29,0.00,0.0,M
1918-04-28,67,33,0.00,0.0,M
1918-04-29,67,50,T,0.0,M
1918-04-30,67,53,0.31,0.0,M
1918-05-01,60,41,0.40,M,M
1918-05-02,65,35,0.00,M,M
1918-05-03,62,47,0.04,M,M
1918-05-04,65,42,0.00,M,M
1918-05-05,72,42,0.00,M,M
1918-05-06,79,65,T,M,M
1918-05-07,82,53,T,M,M
1918-05-08,74,48,T,M,M
1918-05-09,70,36,0.00,M,M
1918-05-10,80,58,0.38,M,M
1918-05-11,67,38,0.00,M,M
1918-05-12,71,58,0.00,M,M
1918-05-13,81,62,0.30,M,M
1918-05-14,65,51,0.45,M,M
1918-05-15,66,40,0.00,M,M
1918-05-16,75,40,0.00,M,M
1918-05-17,78,63,0.00,M,M
1918-05-18,80,46,T,M,M
1918-05-19,80,56,0.15,M,M
1918-05-20,78,56,0.00,M,M
1918-05-21,72,59,0.25,M,M
1918-05-22,74,59,0.00,M,M
1918-05-23,72,61,0.15,M,M
1918-05-24,69,40,0.00,M,M
1918-05-25,75,55,0.07,M,M
1918-05-26,72,56,0.93,M,M
1918-05-27,81,57,0.22,M,M
1918-05-28,78,63,0.00,M,M
1918-05-29,70,59,0.05,M,M
1918-05-30,61,52,0.14,M,M
1918-05-31,76,53,0.12,M,M
1918-06-01,86,61,0.00,M,M
1918-06-02,83,65,0.00,M,M
1918-06-03,76,57,0.00,M,M
1918-06-04,71,46,0.07,M,M
1918-06-05,72,53,0.00,M,M
1918-06-06,70,55,0.20,M,M
1918-06-07,68,59,0.58,M,M
1918-06-08,66,45,0.00,M,M
1918-06-09,68,58,0.00,M,M
1918-06-10,66,56,0.26,M,M
1918-06-11,71,45,0.00,M,M
1918-06-12,77,60,0.39,M,M
1918-06-13,62,50,0.05,M,M
1918-06-14,70,48,0.00,M,M
1918-06-15,69,46,0.00,M,M
1918-06-16,71,40,0.00,M,M
1918-06-17,78,53,0.00,M,M
1918-06-18,70,51,0.05,M,M
1918-06-19,68,41,0.00,M,M
1918-06-20,62,33,0.00,M,M
1918-06-21,64,41,0.00,M,M
1918-06-22,63,50,0.97,M,M
1918-06-23,55,42,0.14,M,M
1918-06-24,69,48,0.00,M,M
1918-06-25,71,35,0.00,M,M
1918-06-26,75,45,0.00,M,M
1918-06-27,74,44,0.00,M,M
1918-06-28,78,54,0.00,M,M
1918-06-29,77,59,T,M,M
1918-06-30,84,59,0.00,M,M
1918-07-01,79,58,0.53,M,M
1918-07-02,65,53,T,M,M
1918-07-03,74,39,0.00,M,M
1918-07-04,75,54,T,M,M
1918-07-05,81,47,0.00,M,M
1918-07-06,77,59,T,M,M
1918-07-07,70,55,0.00,M,M
1918-07-08,66,54,0.00,M,M
1918-07-09,64,53,0.21,M,M
1918-07-10,70,57,0.67,M,M
1918-07-11,71,49,0.10,M,M
1918-07-12,75,53,0.16,M,M
1918-07-13,73,55,0.03,M,M
1918-07-14,71,57,0.52,M,M
1918-07-15,80,53,0.02,M,M
1918-07-16,85,54,T,M,M
1918-07-17,75,60,0.25,M,M
1918-07-18,79,59,0.00,M,M
1918-07-19,81,57,0.14,M,M
1918-07-20,81,54,0.00,M,M
1918-07-21,86,58,0.00,M,M
1918-07-22,90,61,0.00,M,M
1918-07-23,89,64,0.00,M,M
1918-07-24,85,69,0.00,M,M
1918-07-25,81,67,0.00,M,M
1918-07-26,88,65,0.00,M,M
1918-07-27,91,65,0.00,M,M
1918-07-28,90,69,0.00,M,M
1918-07-29,90,68,0.00,M,M
1918-07-30,81,66,0.25,M,M
1918-07-31,72,56,0.00,M,M
1918-08-01,79,50,0.00,M,M
1918-08-02,84,51,0.00,M,M
1918-08-03,75,56,0.00,M,M
1918-08-04,74,55,0.30,M,M
1918-08-05,86,62,0.00,M,M
1918-08-06,91,63,0.00,M,M
1918-08-07,95,63,0.23,M,M
1918-08-08,90,74,0.00,M,M
1918-08-09,82,69,0.09,M,M
1918-08-10,74,63,0.22,M,M
1918-08-11,77,62,0.97,M,M
1918-08-12,84,65,0.00,M,M
1918-08-13,92,58,0.00,M,M
1918-08-14,91,72,0.27,M,M
1918-08-15,77,61,0.00,M,M
1918-08-16,77,50,0.00,M,M
1918-08-17,72,51,0.00,M,M
1918-08-18,69,41,0.00,M,M
1918-08-19,70,42,0.00,M,M
1918-08-20,78,42,0.00,M,M
1918-08-21,81,46,0.00,M,M
1918-08-22,84,61,0.00,M,M
1918-08-23,91,75,0.00,M,M
1918-08-24,89,76,0.00,M,M
1918-08-25,81,72,1.15,M,M
1918-08-26,81,72,0.06,M,M
1918-08-27,76,59,0.00,M,M
1918-08-28,74,46,0.00,M,M
1918-08-29,80,60,0.42,M,M
1918-08-30,75,50,0.00,M,M
1918-08-31,75,54,0.00,M,M
1918-09-01,70,57,1.22,M,M
1918-09-02,75,46,0.00,M,M
1918-09-03,73,54,0.00,M,M
1918-09-04,77,63,0.00,M,M
1918-09-05,78,62,0.00,M,M
1918-09-06,73,54,0.17,M,M
1918-09-07,64,44,0.00,M,M
1918-09-08,60,45,0.03,M,M
1918-09-09,69,45,0.00,M,M
1918-09-10,66,46,0.00,M,M
1918-09-11,61,30,0.00,M,M
1918-09-12,67,49,0.03,M,M
1918-09-13,70,56,0.28,M,M
1918-09-14,69,58,0.00,M,M
1918-09-15,74,59,0.00,M,M
1918-09-16,71,58,T,M,M
1918-09-17,69,54,0.14,M,M
1918-09-18,57,39,0.28,M,M
1918-09-19,69,46,0.00,M,M
1918-09-20,62,49,0.34,M,M
1918-09-21,55,43,0.62,M,M
1918-09-22,54,41,T,M,M
1918-09-23,63,41,T,M,M
1918-09-24,60,48,0.34,M,M
1918-09-25,56,33,0.06,M,M
1918-09-26,58,49,1.52,M,M
1918-09-27,55,34,0.07,M,M
1918-09-28,72,44,0.00,M,M
1918-09-29,68,39,0.00,M,M
1918-09-30,62,33,0.09,M,M
1918-10-01,54,32,0.21,M,M
1918-10-02,67,35,0.00,M,M
1918-10-03,66,50,0.14,M,M
1918-10-04,60,31,0.00,M,M
1918-10-05,72,46,0.00,M,M
1918-10-06,68,57,0.81,M,M
1918-10-07,62,43,0.00,M,M
1918-10-08,61,27,0.00,M,M
1918-10-09,64,29,0.00,M,M
1918-10-10,63,35,0.00,M,M
1918-10-11,71,41,0.00,M,M
1918-10-12,61,43,0.25,M,M
1918-10-13,62,48,0.15,M,M
1918-10-14,56,41,0.05,M,M
1918-10-15,50,33,0.00,M,M
1918-10-16,58,37,0.00,M,M
1918-10-17,60,33,0.00,M,M
1918-10-18,61,41,0.00,M,M
1918-10-19,53,26,0.00,M,M
1918-10-20,55,28,0.11,M,M
1918-10-21,58,42,T,M,M
1918-10-22,53,27,0.00,M,M
1918-10-23,60,25,0.00,M,M
1918-10-24,60,26,0.00,M,M
1918-10-25,65,44,0.00,M,M
1918-10-26,67,53,0.26,M,M
1918-10-27,74,54,0.00,M,M
1918-10-28,66,54,0.00,M,M
1918-10-29,74,59,T,M,M
1918-10-30,68,62,0.25,M,M
1918-10-31,68,47,0.12,M,M
1918-11-01,50,36,T,0.0,M
1918-11-02,48,35,T,0.0,M
1918-11-03,47,36,0.00,0.0,M
1918-11-04,44,32,0.08,0.0,M
1918-11-05,48,35,0.00,0.0,M
1918-11-06,47,28,0.00,0.0,M
1918-11-07,58,24,0.00,0.0,M
1918-11-08,53,36,0.00,0.0,M
1918-11-09,48,40,0.05,0.0,M
1918-11-10,53,28,0.00,0.0,M
1918-11-11,41,26,0.00,0.0,M
1918-11-12,45,17,0.00,0.0,M
1918-11-13,43,22,0.00,0.0,M
1918-11-14,42,28,0.00,0.0,M
1918-11-15,58,29,0.00,0.0,M
1918-11-16,57,34,0.00,0.0,M
1918-11-17,55,37,0.12,0.0,M
1918-11-18,66,55,0.43,0.0,M
1918-11-19,56,45,0.47,0.0,M
1918-11-20,47,36,T,0.0,M
1918-11-21,43,35,0.00,0.0,M
1918-11-22,39,31,T,T,M
1918-11-23,35,28,T,T,M
1918-11-24,43,27,0.00,0.0,M
1918-11-25,40,26,0.00,0.0,M
1918-11-26,34,13,0.00,0.0,M
1918-11-27,38,14,0.00,0.0,M
1918-11-28,40,28,T,0.0,M
1918-11-29,49,38,0.05,0.0,M
1918-11-30,42,30,T,T,M
1918-12-01,32,16,0.00,0.0,M
1918-12-02,30,13,0.00,0.0,M
1918-12-03,36,15,0.00,0.0,M
1918-12-04,40,28,T,T,M
1918-12-05,32,21,T,T,M
1918-12-06,25,11,0.50,5.0,M
1918-12-07,21,9,T,T,M
1918-12-08,48,17,0.00,0.0,M
1918-12-09,45,35,T,M,M
1918-12-10,35,15,0.00,0.0,M
1918-12-11,31,13,T,T,M
1918-12-12,42,M,0.00,0.0,M
1918-12-13,39,35,0.00,0.0,M
1918-12-14,50,35,0.15,0.0,M
1918-12-15,57,38,0.10,0.0,M
1918-12-16,38,30,0.00,0.0,M
1918-12-17,34,21,0.00,0.0,M
1918-12-18,36,16,0.00,0.0,M
1918-12-19,39,15,0.00,0.0,M
1918-12-20,46,16,0.00,0.0,M
1918-12-21,50,25,0.00,0.0,M
1918-12-22,48,32,0.09,0.0,M
1918-12-23,49,41,0.19,0.0,M
1918-12-24,45,33,0.51,0.0,M
1918-12-25,41,33,0.42,0.0,M
1918-12-26,37,23,0.10,1.0,M
1918-12-27,26,22,T,T,M
1918-12-28,24,17,T,T,M
1918-12-29,25,12,T,T,M
1918-12-30,31,19,0.05,0.5,M
1918-12-31,36,15,0.00,0.0,M
1919-01-01,43,33,0.25,0.0,M
1919-01-02,57,32,0.29,0.0,M
1919-01-03,32,25,0.06,6.0,M
1919-01-04,27,12,0.00,0.0,M
1919-01-05,16,-4,0.00,0.0,M
1919-01-06,18,-3,0.00,0.0,M
1919-01-07,31,-3,0.00,0.0,M
1919-01-08,36,18,0.00,0.0,M
1919-01-09,33,18,0.00,0.0,M
1919-01-10,30,-4,0.00,0.0,M
1919-01-11,31,2,0.00,0.0,M
1919-01-12,14,-4,0.00,0.0,M
1919-01-13,27,-5,0.00,0.0,M
1919-01-14,42,14,0.00,0.0,M
1919-01-15,38,28,0.00,0.0,M
1919-01-16,40,25,0.00,0.0,M
1919-01-17,42,26,0.00,0.0,M
1919-01-18,42,24,0.00,0.0,M
1919-01-19,36,27,0.00,0.0,M
1919-01-20,42,24,0.00,0.0,M
1919-01-21,41,22,0.00,0.0,M
1919-01-22,40,29,T,0.0,M
1919-01-23,40,28,0.04,0.0,M
1919-01-24,40,19,0.06,T,M
1919-01-25,32,19,0.00,0.0,M
1919-01-26,40,20,0.00,0.0,M
1919-01-27,37,32,0.00,0.0,M
1919-01-28,40,25,0.00,0.0,M
1919-01-29,36,29,T,T,M
1919-01-30,36,25,0.00,0.0,M
1919-01-31,37,23,T,T,M
1919-02-01,24,14,0.00,0.0,M
1919-02-02,26,18,0.00,0.0,M
1919-02-03,38,17,0.00,0.0,M
1919-02-04,40,19,0.00,0.0,M
1919-02-05,34,24,T,T,M
1919-02-06,30,20,0.00,0.0,M
1919-02-07,32,22,0.00,0.0,M
1919-02-08,32,13,T,T,M
1919-02-09,28,4,0.00,0.0,M
1919-02-10,23,13,T,T,M
1919-02-11,26,9,0.00,0.0,M
1919-02-12,32,15,0.00,0.0,M
1919-02-13,40,15,0.00,0.0,M
1919-02-14,35,31,0.24,0.0,M
1919-02-15,38,33,0.06,0.0,M
1919-02-16,35,24,T,T,M
1919-02-17,31,17,0.00,0.0,M
1919-02-18,30,18,0.00,0.0,M
1919-02-19,26,13,T,T,M
1919-02-20,34,16,0.00,0.0,M
1919-02-21,32,18,0.07,1.0,M
1919-02-22,38,27,0.09,1.0,M
1919-02-23,39,32,0.10,1.0,M
1919-02-24,37,31,0.00,0.0,M
1919-02-25,36,19,T,T,M
1919-02-26,35,19,0.29,T,M
1919-02-27,30,15,0.00,0.0,M
1919-02-28,49,18,0.00,0.0,M
1919-03-01,M,29,0.49,M,M
1919-03-02,39,26,0.00,M,M
1919-03-03,45,24,0.00,M,M
1919-03-04,60,26,0.00,M,M
1919-03-05,64,37,0.00,M,M
1919-03-06,48,16,0.04,T,M
1919-03-07,35,11,0.00,M,M
1919-03-08,39,17,0.00,M,M
1919-03-09,43,29,0.73,M,M
1919-03-10,44,31,0.05,M,M
1919-03-11,38,28,0.03,M,M
1919-03-12,47,28,0.00,M,M
1919-03-13,44,16,0.00,M,M
1919-03-14,27,9,0.00,M,M
1919-03-15,35,11,0.00,M,M
1919-03-16,33,28,0.13,1.0,M
1919-03-17,45,32,0.18,M,M
1919-03-18,54,39,0.15,M,M
1919-03-19,39,32,T,M,M
1919-03-20,57,35,0.00,M,M
1919-03-21,56,34,0.00,M,M
1919-03-22,53,30,0.00,M,M
1919-03-23,52,28,0.00,M,M
1919-03-24,51,28,0.00,M,M
1919-03-25,54,24,0.00,M,M
1919-03-26,61,26,0.00,M,M
1919-03-27,60,45,0.13,M,M
1919-03-28,53,19,0.55,6.0,M
1919-03-29,23,10,0.30,4.0,M
1919-03-30,30,18,0.19,2.0,M
1919-03-31,26,19,0.10,1.0,M
1919-04-01,19,15,0.00,0.0,M
1919-04-02,29,14,0.00,0.0,M
1919-04-03,46,18,0.00,0.0,M
1919-04-04,45,33,T,0.0,M
1919-04-05,54,33,0.00,0.0,M
1919-04-06,59,35,T,0.0,M
1919-04-07,71,37,0.15,0.0,M
1919-04-08,60,38,0.03,0.0,M
1919-04-09,52,37,0.26,0.0,M
1919-04-10,50,41,0.16,0.0,M
1919-04-11,62,44,0.18,0.0,M
1919-04-12,53,42,0.34,0.0,M
1919-04-13,48,41,0.06,0.0,M
1919-04-14,49,34,0.00,0.0,M
1919-04-15,52,26,0.00,0.0,M
1919-04-16,49,36,0.14,0.0,M
1919-04-17,52,34,0.00,0.0,M
1919-04-18,50,28,M,T,M
1919-04-19,53,30,0.00,0.0,M
1919-04-20,68,30,0.00,0.0,M
1919-04-21,59,40,0.05,0.0,M
1919-04-22,60,27,0.00,0.0,M
1919-04-23,69,30,0.00,0.0,M
1919-04-24,65,37,0.66,0.0,M
1919-04-25,37,19,0.09,1.0,M
1919-04-26,36,21,M,T,M
1919-04-27,55,32,0.00,0.0,M
1919-04-28,57,32,0.09,0.0,M
1919-04-29,48,42,0.07,0.0,M
1919-04-30,56,33,0.00,0.0,M
1919-05-01,49,33,0.09,M,M
1919-05-02,62,43,0.00,M,M
1919-05-03,58,42,0.00,M,M
1919-05-04,78,45,0.03,M,M
1919-05-05,74,53,1.05,M,M
1919-05-06,61,32,0.00,M,M
1919-05-07,65,44,0.08,M,M
1919-05-08,63,45,0.00,M,M
1919-05-09,57,42,0.31,M,M
1919-05-10,49,38,0.79,M,M
1919-05-11,44,38,0.31,M,M
1919-05-12,48,41,0.47,M,M
1919-05-13,69,42,0.13,M,M
1919-05-14,74,40,0.00,M,M
1919-05-15,67,38,0.00,M,M
1919-05-16,67,42,0.00,M,M
1919-05-17,64,49,0.19,M,M
1919-05-18,57,47,0.02,M,M
1919-05-19,69,34,0.00,M,M
1919-05-20,69,43,0.00,M,M
1919-05-21,67,57,T,M,M
1919-05-22,65,58,0.34,M,M
1919-05-23,73,59,0.17,M,M
1919-05-24,70,54,0.21,M,M
1919-05-25,63,52,0.13,M,M
1919-05-26,73,52,0.04,M,M
1919-05-27,73,59,0.03,M,M
1919-05-28,73,42,0.00,M,M
1919-05-29,81,50,0.00,M,M
1919-05-30,79,55,0.00,M,M
1919-05-31,76,45,0.00,M,M
1919-06-01,77,45,0.00,M,M
1919-06-02,86,51,0.00,M,M
1919-06-03,92,59,0.00,M,M
1919-06-04,93,62,0.00,M,M
1919-06-05,91,62,0.00,M,M
1919-06-06,79,64,0.09,M,M
1919-06-07,83,62,0.00,M,M
1919-06-08,74,57,0.04,M,M
1919-06-09,59,52,0.10,M,M
1919-06-10,76,55,0.00,M,M
1919-06-11,78,67,0.00,M,M
1919-06-12,72,58,0.00,M,M
1919-06-13,74,54,0.00,M,M
1919-06-14,88,59,0.00,M,M
1919-06-15,78,64,2.12,M,M
1919-06-16,75,63,0.11,M,M
1919-06-17,80,61,0.00,M,M
1919-06-18,83,64,0.00,M,M
1919-06-19,87,59,0.00,M,M
1919-06-20,83,76,0.55,M,M
1919-06-21,80,67,0.00,M,M
1919-06-22,69,45,0.00,M,M
1919-06-23,76,44,0.00,M,M
1919-06-24,87,66,0.00,M,M
1919-06-25,82,60,0.00,M,M
1919-06-26,75,61,0.02,M,M
1919-06-27,73,60,0.22,M,M
1919-06-28,66,48,0.00,M,M
1919-06-29,67,39,0.00,M,M
1919-06-30,78,44,0.00,M,M
1919-07-01,84,51,0.00,M,M
1919-07-02,90,72,0.00,M,M
1919-07-03,90,57,0.00,M,M
1919-07-04,92,54,0.00,M,M
1919-07-05,94,62,0.00,M,M
1919-07-06,85,65,1.09,M,M
1919-07-07,77,55,0.00,M,M
1919-07-08,76,51,0.00,M,M
1919-07-09,78,49,0.00,M,M
1919-07-10,72,58,0.43,M,M
1919-07-11,70,54,0.23,M,M
1919-07-12,74,53,0.00,M,M
1919-07-13,80,53,0.00,M,M
1919-07-14,84,54,0.00,M,M
1919-07-15,74,52,0.21,M,M
1919-07-16,76,61,0.79,M,M
1919-07-17,79,63,0.00,M,M
1919-07-18,91,65,0.00,M,M
1919-07-19,92,64,0.00,M,M
1919-07-20,81,63,0.00,M,M
1919-07-21,80,65,0.42,M,M
1919-07-22,82,69,0.26,M,M
1919-07-23,80,66,0.03,M,M
1919-07-24,85,56,0.00,M,M
1919-07-25,84,57,0.00,M,M
1919-07-26,86,55,0.48,M,M
1919-07-27,86,63,0.46,M,M
1919-07-28,81,60,0.00,M,M
1919-07-29,78,57,T,M,M
1919-07-30,73,42,0.00,M,M
1919-07-31,74,49,0.00,M,M
1919-08-01,79,51,0.00,M,M
1919-08-02,70,57,0.00,M,M
1919-08-03,72,48,0.00,M,M
1919-08-04,80,58,0.00,M,M
1919-08-05,78,56,0.05,M,M
1919-08-06,70,68,0.79,M,M
1919-08-07,83,65,0.00,M,M
1919-08-08,77,63,0.00,M,M
1919-08-09,67,46,0.15,M,M
1919-08-10,72,44,0.00,M,M
1919-08-11,76,50,0.00,M,M
1919-08-12,75,64,0.00,M,M
1919-08-13,74,63,0.00,M,M
1919-08-14,66,55,0.47,M,M
1919-08-15,74,55,0.00,M,M
1919-08-16,76,54,0.00,M,M
1919-08-17,71,58,T,M,M
1919-08-18,65,60,0.24,M,M
1919-08-19,71,58,0.83,M,M
1919-08-20,74,56,0.00,M,M
1919-08-21,77,62,0.00,M,M
1919-08-22,76,60,0.24,M,M
1919-08-23,77,61,0.00,M,M
1919-08-24,82,59,0.23,M,M
1919-08-25,72,57,0.00,M,M
1919-08-26,64,58,T,M,M
1919-08-27,61,48,0.11,M,M
1919-08-28,65,47,0.04,M,M
1919-08-29,74,45,T,M,M
1919-08-30,72,46,0.10,M,M
1919-08-31,75,49,0.00,M,M
1919-09-01,M,55,0.03,0.0,M
1919-09-02,64,59,2.05,0.0,M
1919-09-03,67,60,1.15,0.0,M
1919-09-04,70,52,0.00,0.0,M
1919-09-05,70,40,0.00,0.0,M
1919-09-06,78,62,0.00,0.0,M
1919-09-07,85,66,0.00,0.0,M
1919-09-08,85,76,0.00,0.0,M
1919-09-09,75,55,T,0.0,M
1919-09-10,69,55,0.06,0.0,M
1919-09-11,73,60,0.21,0.0,M
1919-09-12,65,55,0.12,0.0,M
1919-09-13,65,45,0.00,0.0,M
1919-09-14,69,45,0.00,0.0,M
1919-09-15,60,50,0.29,0.0,M
1919-09-16,65,50,0.05,0.0,M
1919-09-17,64,49,0.00,0.0,M
1919-09-18,64,34,0.00,0.0,M
1919-09-19,64,43,0.00,0.0,M
1919-09-20,78,58,0.12,0.0,M
1919-09-21,78,62,0.00,0.0,M
1919-09-22,72,68,0.09,0.0,M
1919-09-23,72,53,0.52,0.0,M
1919-09-24,68,41,0.06,0.0,M
1919-09-25,75,45,0.11,0.0,M
1919-09-26,56,40,0.00,0.0,M
1919-09-27,62,32,0.00,0.0,M
1919-09-28,72,38,0.00,0.0,M
1919-09-29,73,40,0.00,0.0,M
1919-09-30,63,55,0.00,0.0,M
1919-10-01,55,44,0.00,M,M
1919-10-02,60,49,0.15,M,M
1919-10-03,75,52,0.00,M,M
1919-10-04,71,57,0.02,M,M
1919-10-05,75,58,0.26,M,M
1919-10-06,72,60,0.37,M,M
1919-10-07,60,46,0.00,M,M
1919-10-08,50,28,0.00,M,M
1919-10-09,65,29,0.00,M,M
1919-10-10,76,51,0.16,M,M
1919-10-11,71,52,0.04,M,M
1919-10-12,58,25,0.00,M,M
1919-10-13,55,30,0.00,M,M
1919-10-14,53,35,0.07,M,M
1919-10-15,67,51,0.00,M,M
1919-10-16,72,45,0.16,M,M
1919-10-17,64,42,0.21,M,M
1919-10-18,62,37,0.00,M,M
1919-10-19,59,31,0.00,M,M
1919-10-20,51,36,0.00,M,M
1919-10-21,54,33,T,M,M
1919-10-22,54,47,0.04,M,M
1919-10-23,54,32,0.00,M,M
1919-10-24,60,47,0.00,M,M
1919-10-25,56,38,0.00,M,M
1919-10-26,65,51,0.60,M,M
1919-10-27,69,46,T,M,M
1919-10-28,70,44,0.31,M,M
1919-10-29,50,35,0.00,M,M
1919-10-30,50,28,0.21,M,M
1919-10-31,71,41,0.05,M,M
1919-11-01,69,M,0.07,0.0,M
1919-11-02,56,37,0.64,0.0,M
1919-11-03,43,24,0.00,0.0,M
1919-11-04,43,36,0.00,0.0,M
1919-11-05,42,36,0.88,0.0,M
1919-11-06,42,32,0.00,0.0,M
1919-11-07,37,31,0.00,0.0,M
1919-11-08,42,33,0.00,0.0,M
1919-11-09,37,28,0.00,0.0,M
1919-11-10,49,20,0.00,0.0,M
1919-11-11,51,35,0.07,0.0,M
1919-11-12,57,34,0.09,0.0,M
1919-11-13,54,32,0.42,0.0,M
1919-11-14,39,18,0.00,0.0,M
1919-11-15,37,25,M,T,M
1919-11-16,43,19,0.00,0.0,M
1919-11-17,52,30,0.00,0.0,M
1919-11-18,53,34,0.00,0.0,M
1919-11-19,46,25,M,T,M
1919-11-20,25,15,0.00,0.0,M
1919-11-21,49,16,0.00,0.0,M
1919-11-22,49,35,0.00,0.0,M
1919-11-23,47,36,0.00,0.0,M
1919-11-24,41,27,M,T,M
1919-11-25,43,29,0.00,0.0,M
1919-11-26,40,33,0.74,0.0,M
1919-11-27,33,29,0.05,T,M
1919-11-28,29,21,0.00,0.0,M
1919-11-29,43,24,T,0.0,M
1919-11-30,61,34,0.00,0.0,M
1919-12-01,34,24,0.00,0.0,M
1919-12-02,36,21,T,T,M
1919-12-03,30,-4,0.00,0.0,M
1919-12-04,27,9,0.00,0.0,M
1919-12-05,31,10,0.00,0.0,M
1919-12-06,31,17,0.00,0.0,M
1919-12-07,43,27,0.24,0.0,M
1919-12-08,41,33,0.00,0.0,M
1919-12-09,41,32,0.37,0.0,M
1919-12-10,40,18,0.10,1.0,M
1919-12-11,22,14,0.00,0.0,M
1919-12-12,43,13,0.00,0.0,M
1919-12-13,55,33,0.36,0.0,0
1919-12-14,45,18,0.27,3.0,M
1919-12-15,20,10,0.00,0.0,3
1919-12-16,14,1,T,0.0,M
1919-12-17,12,-4,0.00,0.0,M
1919-12-18,5,-15,0.00,0.0,M
1919-12-19,10,-19,0.00,0.0,M
1919-12-20,20,-4,0.08,1.0,M
1919-12-21,22,6,0.05,0.5,M
1919-12-22,32,9,0.00,0.0,M
1919-12-23,35,3,0.00,0.0,M
1919-12-24,32,21,0.09,1.0,M
1919-12-25,30,9,0.10,1.0,M
1919-12-26,32,3,0.00,0.0,M
1919-12-27,37,32,0.00,0.0,M
1919-12-28,34,18,0.00,0.0,M
1919-12-29,18,-6,0.00,0.0,M
1919-12-30,21,-2,0.00,0.0,M
1919-12-31,28,14,0.00,0.0,4
1920-01-01,39,23,T,T,M
1920-01-02,M,1,M,0.0,M
1920-01-03,14,4,T,T,M
1920-01-04,11,2,M,0.0,M
1920-01-05,10,-5,M,0.0,M
1920-01-06,25,8,M,0.0,M
1920-01-07,30,16,M,0.0,M
1920-01-08,34,28,M,0.0,M
1920-01-09,34,19,0.39,4.0,M
1920-01-10,21,7,M,0.0,M
1920-01-11,29,9,M,0.0,M
1920-01-12,29,12,0.10,1.0,M
1920-01-13,33,-0,0.08,1.0,M
1920-01-14,28,4,0.16,2.0,M
1920-01-15,4,-2,M,0.0,M
1920-01-16,3,-19,M,0.0,M
1920-01-17,21,-0,0.40,4.0,M
1920-01-18,12,5,M,1.0,M
1920-01-19,13,-12,T,T,M
1920-01-20,13,-12,T,T,M
1920-01-21,33,7,T,T,M
1920-01-22,18,-16,M,0.0,M
1920-01-23,26,4,0.10,1.0,M
1920-01-24,22,11,0.67,7.0,M
1920-01-25,11,-1,M,0.0,M
1920-01-26,11,-21,M,0.0,M
1920-01-27,40,9,M,0.0,M
1920-01-28,34,13,0.10,1.0,M
1920-01-29,18,-11,M,0.0,M
1920-01-30,31,13,T,T,M
1920-01-31,22,-22,M,0.0,M
1920-02-01,10,-26,0.00,0.0,M
1920-02-02,40,3,0.00,0.0,M
1920-02-03,42,26,0.00,0.0,M
1920-02-04,26,14,0.00,0.0,M
1920-02-05,21,9,1.40,14.0,M
1920-02-06,29,21,0.38,4.0,M
1920-02-07,28,23,M,T,M
1920-02-08,27,18,0.10,1.0,M
1920-02-09,24,6,M,T,M
1920-02-10,34,3,0.10,1.0,M
1920-02-11,28,7,0.00,0.0,M
1920-02-12,31,-0,0.00,0.0,M
1920-02-13,31,29,0.10,1.0,M
1920-02-14,37,9,0.00,0.0,M
1920-02-15,37,10,0.79,8.0,M
1920-02-16,18,3,0.10,1.0,M
1920-02-17,30,-0,0.00,0.0,M
1920-02-18,41,26,M,T,M
1920-02-19,28,14,M,T,M
1920-02-20,24,10,0.00,0.0,M
1920-02-21,29,6,0.00,0.0,M
1920-02-22,33,21,0.00,0.0,M
1920-02-23,28,-2,0.10,1.0,M
1920-02-24,30,25,0.08,1.0,M
1920-02-25,27,17,M,T,M
1920-02-26,17,6,0.00,0.0,M
1920-02-27,8,-4,0.00,0.0,M
1920-02-28,19,-10,M,T,M
1920-02-29,27,17,0.00,0.0,M
1920-03-01,26,16,0.00,0.0,M
1920-03-02,25,-6,0.00,0.0,M
1920-03-03,39,14,0.00,0.0,M
1920-03-04,38,17,0.00,0.0,M
1920-03-05,43,25,0.48,T,M
1920-03-06,25,7,0.12,12.0,M
1920-03-07,15,5,0.00,0.0,M
1920-03-08,28,6,0.00,0.0,M
1920-03-09,33,14,0.00,0.0,M
1920-03-10,39,28,0.00,0.0,M
1920-03-11,42,25,0.55,0.0,M
1920-03-12,55,34,0.29,0.0,M
1920-03-13,53,23,0.09,1.0,M
1920-03-14,23,13,0.20,2.0,M
1920-03-15,34,15,0.00,0.0,M
1920-03-16,51,30,0.17,0.0,M
1920-03-17,48,32,0.00,0.0,M
1920-03-18,34,23,0.00,0.0,M
1920-03-19,28,11,0.10,1.0,M
1920-03-20,35,24,0.38,4.0,M
1920-03-21,35,12,0.00,0.0,M
1920-03-22,46,19,0.00,0.0,M
1920-03-23,56,32,0.00,0.0,M
1920-03-24,59,25,0.00,0.0,M
1920-03-25,61,24,0.00,0.0,M
1920-03-26,57,32,T,0.0,M
1920-03-27,59,36,T,0.0,M
1920-03-28,55,31,0.00,0.0,M
1920-03-29,55,37,T,0.0,M
1920-03-30,49,33,0.00,0.0,M
1920-03-31,57,32,0.00,0.0,M
1920-04-01,53,32,0.00,0.0,M
1920-04-02,51,37,0.04,0.0,M
1920-04-03,54,33,0.00,0.0,M
1920-04-04,45,29,0.10,1.0,M
1920-04-05,45,30,1.05,0.0,M
1920-04-06,36,25,0.00,0.0,M
1920-04-07,38,25,0.10,1.0,M
1920-04-08,32,20,T,T,M
1920-04-09,34,20,T,T,M
1920-04-10,44,19,0.00,0.0,M
1920-04-11,45,28,0.00,0.0,M
1920-04-12,48,29,0.00,0.0,M
1920-04-13,50,35,0.25,0.0,M
1920-04-14,44,32,0.00,0.0,M
1920-04-15,58,30,0.10,0.0,M
1920-04-16,50,37,0.00,0.0,M
1920-04-17,56,38,0.00,0.0,M
1920-04-18,57,28,0.00,0.0,M
1920-04-19,60,28,0.00,0.0,M
1920-04-20,67,28,0.00,0.0,M
1920-04-21,55,44,0.35,0.0,M
1920-04-22,55,45,0.00,0.0,M
1920-04-23,62,44,0.25,0.0,M
1920-04-24,49,38,0.06,0.0,M
1920-04-25,48,31,0.00,0.0,M
1920-04-26,58,28,0.00,0.0,M
1920-04-27,51,42,0.51,0.0,M
1920-04-28,46,40,0.62,0.0,M
1920-04-29,50,40,0.16,0.0,M
1920-04-30,55,31,0.08,0.0,M
1920-05-01,52,40,0.00,M,M
1920-05-02,47,34,T,M,M
1920-05-03,54,37,0.37,M,M
1920-05-04,51,38,0.21,M,M
1920-05-05,59,26,0.00,M,M
1920-05-06,63,30,0.00,M,M
1920-05-07,62,37,0.00,M,M
1920-05-08,65,35,0.14,M,M
1920-05-09,66,39,0.00,M,M
1920-05-10,64,41,0.16,M,M
1920-05-11,52,33,0.08,M,M
1920-05-12,59,30,0.00,M,M
1920-05-13,56,39,0.00,M,M
1920-05-14,58,37,0.22,M,M
1920-05-15,58,40,0.00,M,M
1920-05-16,65,31,0.00,M,M
1920-05-17,71,34,0.00,M,M
1920-05-18,70,42,0.00,M,M
1920-05-19,74,45,0.00,M,M
1920-05-20,71,52,0.18,M,M
1920-05-21,66,57,0.16,M,M
1920-05-22,71,52,0.32,M,M
1920-05-23,67,48,0.00,M,M
1920-05-24,64,46,T,M,M
1920-05-25,67,51,0.00,M,M
1920-05-26,74,43,0.00,M,M
1920-05-27,80,47,0.00,M,M
1920-05-28,78,52,0.00,M,M
1920-05-29,74,50,0.00,M,M
1920-05-30,72,41,0.00,M,M
1920-05-31,80,52,0.00,M,M
1920-06-01,85,62,0.09,0.0,M
1920-06-02,86,61,T,0.0,M
1920-06-03,76,64,T,0.0,M
1920-06-04,66,38,0.00,0.0,M
1920-06-05,61,51,0.78,0.0,M
1920-06-06,59,49,0.32,0.0,M
1920-06-07,57,45,0.00,0.0,M
1920-06-08,68,37,0.00,0.0,M
1920-06-09,72,47,0.00,0.0,M
1920-06-10,81,51,0.00,0.0,M
1920-06-11,83,58,0.00,0.0,M
1920-06-12,81,64,0.00,0.0,M
1920-06-13,71,62,0.52,0.0,M
1920-06-14,80,61,0.00,0.0,M
1920-06-15,83,59,T,0.0,M
1920-06-16,71,60,0.51,0.0,M
1920-06-17,67,55,1.65,0.0,M
1920-06-18,55,49,0.95,0.0,M
1920-06-19,68,47,0.18,0.0,M
1920-06-20,76,54,T,0.0,M
1920-06-21,68,50,0.15,0.0,M
1920-06-22,71,52,0.00,0.0,M
1920-06-23,71,50,0.00,0.0,M
1920-06-24,75,55,0.00,0.0,M
1920-06-25,78,46,0.36,0.0,M
1920-06-26,80,48,0.00,0.0,M
1920-06-27,82,51,0.00,0.0,M
1920-06-28,80,54,0.03,0.0,M
1920-06-29,88,65,0.48,0.0,M
1920-06-30,82,64,0.39,0.0,M
1920-07-01,79,57,0.00,M,M
1920-07-02,79,54,0.05,M,M
1920-07-03,70,61,0.30,M,M
1920-07-04,70,59,0.03,M,M
1920-07-05,71,56,0.00,M,M
1920-07-06,77,45,0.00,M,M
1920-07-07,79,61,0.22,M,M
1920-07-08,72,59,0.09,M,M
1920-07-09,79,52,0.00,M,M
1920-07-10,80,55,0.00,M,M
1920-07-11,79,60,0.00,M,M
1920-07-12,80,65,0.39,M,M
1920-07-13,85,60,0.00,M,M
1920-07-14,86,63,0.09,M,M
1920-07-15,77,65,0.13,M,M
1920-07-16,70,52,0.00,M,M
1920-07-17,72,43,0.00,M,M
1920-07-18,80,44,0.00,M,M
1920-07-19,79,48,0.53,M,M
1920-07-20,76,61,0.00,M,M
1920-07-21,80,50,0.00,M,M
1920-07-22,78,60,0.14,M,M
1920-07-23,78,68,0.23,M,M
1920-07-24,74,66,0.43,M,M
1920-07-25,69,48,0.00,M,M
1920-07-26,67,46,0.00,M,M
1920-07-27,74,45,0.00,M,M
1920-07-28,75,59,0.00,M,M
1920-07-29,80,43,0.00,M,M
1920-07-30,80,60,0.05,M,M
1920-07-31,80,58,0.49,M,M
1920-08-01,71,62,0.46,0.0,M
1920-08-02,69,50,0.00,0.0,M
1920-08-03,73,42,0.00,0.0,M
1920-08-04,75,46,0.00,0.0,M
1920-08-05,80,51,0.00,0.0,M
1920-08-06,78,68,0.00,0.0,M
1920-08-07,79,69,T,0.0,M
1920-08-08,86,70,0.00,0.0,M
1920-08-09,87,67,0.00,0.0,M
1920-08-10,87,79,0.09,0.0,M
1920-08-11,81,66,0.51,0.0,M
1920-08-12,82,66,1.10,0.0,M
1920-08-13,80,64,0.25,0.0,M
1920-08-14,82,67,0.09,0.0,M
1920-08-15,84,66,0.12,0.0,M
1920-08-16,81,66,0.20,0.0,M
1920-08-17,81,65,0.03,0.0,M
1920-08-18,77,62,T,0.0,M
1920-08-19,73,60,T,0.0,M
1920-08-20,74,53,0.00,0.0,M
1920-08-21,77,54,0.00,0.0,M
1920-08-22,76,60,0.05,0.0,M
1920-08-23,71,56,0.06,0.0,M
1920-08-24,73,44,0.00,0.0,M
1920-08-25,75,56,0.00,0.0,M
1920-08-26,74,51,0.00,0.0,M
1920-08-27,79,51,0.00,0.0,M
1920-08-28,77,53,0.00,0.0,M
1920-08-29,79,61,0.00,0.0,M
1920-08-30,78,65,0.00,0.0,M
1920-08-31,76,55,0.11,0.0,M
1920-09-01,68,59,0.00,M,M
1920-09-02,65,46,0.00,M,M
1920-09-03,69,42,0.00,M,M
1920-09-04,72,37,0.00,M,M
1920-09-05,73,44,0.00,M,M
1920-09-06,70,55,0.49,M,M
1920-09-07,73,60,0.54,M,M
1920-09-08,74,60,0.00,M,M
1920-09-09,73,59,0.00,M,M
1920-09-10,66,58,0.00,M,M
1920-09-11,71,60,0.00,M,M
1920-09-12,72,58,0.00,M,M
1920-09-13,78,60,1.12,M,M
1920-09-14,72,49,0.15,M,M
1920-09-15,62,54,0.00,M,M
1920-09-16,71,54,0.37,M,M
1920-09-17,62,56,0.00,M,M
1920-09-18,72,50,0.00,M,M
1920-09-19,69,38,0.04,M,M
1920-09-20,57,34,0.00,M,M
1920-09-21,62,47,0.00,M,M
1920-09-22,70,49,0.00,M,M
1920-09-23,78,50,0.00,M,M
1920-09-24,79,50,0.00,M,M
1920-09-25,80,53,0.00,M,M
1920-09-26,81,62,0.00,M,M
1920-09-27,80,68,0.00,M,M
1920-09-28,73,62,0.79,M,M
1920-09-29,72,53,0.00,M,M
1920-09-30,65,51,1.20,M,M
1920-10-01,56,50,1.32,M,M
1920-10-02,56,39,0.00,M,M
1920-10-03,66,44,0.00,M,M
1920-10-04,70,51,0.04,M,M
1920-10-05,59,43,0.00,M,M
1920-10-06,57,43,0.00,M,M
1920-10-07,61,32,0.00,M,M
1920-10-08,68,37,0.00,M,M
1920-10-09,70,38,0.00,M,M
1920-10-10,64,41,0.00,M,M
1920-10-11,65,48,0.00,M,M
1920-10-12,56,48,0.02,M,M
1920-10-13,67,35,0.00,M,M
1920-10-14,69,47,0.00,M,M
1920-10-15,72,48,0.00,M,M
1920-10-16,77,46,0.37,M,M
1920-10-17,68,48,0.04,M,M
1920-10-18,69,47,0.00,M,M
1920-10-19,66,49,0.00,M,M
1920-10-20,69,49,0.00,M,M
1920-10-21,75,57,0.00,M,M
1920-10-22,71,56,0.00,M,M
1920-10-23,58,33,0.00,M,M
1920-10-24,68,41,0.00,M,M
1920-10-25,68,49,0.00,M,M
1920-10-26,63,50,0.16,M,M
1920-10-27,69,59,0.03,M,M
1920-10-28,67,53,0.85,M,M
1920-10-29,53,36,0.04,M,M
1920-10-30,45,34,0.00,M,M
1920-10-31,60,42,0.00,M,M
1920-11-01,57,40,T,0.0,M
1920-11-02,55,35,0.05,0.0,M
1920-11-03,56,39,0.66,0.0,M
1920-11-04,53,35,0.00,0.0,M
1920-11-05,54,47,0.00,0.0,M
1920-11-06,55,37,0.00,0.0,M
1920-11-07,49,33,0.03,0.0,M
1920-11-08,49,36,0.02,0.0,M
1920-11-09,58,32,0.09,0.0,M
1920-11-10,57,32,0.00,0.0,M
1920-11-11,51,25,0.00,0.0,M
1920-11-12,38,25,0.00,0.0,M
1920-11-13,32,15,0.10,1.0,M
1920-11-14,38,28,0.00,0.0,M
1920-11-15,35,31,M,T,M
1920-11-16,34,24,M,T,M
1920-11-17,37,28,0.27,0.0,M
1920-11-18,40,32,T,0.0,M
1920-11-19,40,33,T,0.0,M
1920-11-20,40,29,0.00,0.0,M
1920-11-21,33,21,0.10,1.0,M
1920-11-22,36,30,M,T,M
1920-11-23,38,32,1.40,14.0,M
1920-11-24,34,29,M,T,M
1920-11-25,33,25,0.10,1.0,M
1920-11-26,33,28,M,T,M
1920-11-27,37,30,M,T,M
1920-11-28,35,31,M,T,M
1920-11-29,34,26,0.00,0.0,M
1920-11-30,35,12,0.00,0.0,M
1920-12-01,39,33,0.00,0.0,M
1920-12-02,40,33,0.27,1.0,M
1920-12-03,33,19,0.00,0.0,M
1920-12-04,47,31,0.00,0.0,M
1920-12-05,45,40,0.75,0.0,M
1920-12-06,40,29,0.10,1.0,M
1920-12-07,33,26,T,T,M
1920-12-08,26,23,0.00,0.0,M
1920-12-09,30,18,0.00,0.0,M
1920-12-10,35,23,T,0.0,M
1920-12-11,33,28,0.10,1.0,M
1920-12-12,38,20,0.00,0.0,M
1920-12-13,40,22,0.00,0.0,M
1920-12-14,56,38,0.97,0.0,M
1920-12-15,49,34,0.00,0.0,M
1920-12-16,36,29,T,T,M
1920-12-17,33,22,0.00,0.0,M
1920-12-18,34,25,T,T,M
1920-12-19,29,22,0.00,0.0,M
1920-12-20,28,15,0.00,0.0,M
1920-12-21,30,18,0.00,0.0,M
1920-12-22,31,23,0.00,0.0,M
1920-12-23,47,30,0.00,0.0,M
1920-12-24,40,25,T,T,M
1920-12-25,25,8,0.10,1.0,M
1920-12-26,12,-4,M,T,M
1920-12-27,29,10,0.38,4.0,M
1920-12-28,33,25,0.00,0.0,M
1920-12-29,27,12,0.00,0.0,M
1920-12-30,36,22,0.00,0.0,M
1920-12-31,37,29,0.00,0.0,M
1921-01-01,33,18,T,0.0,M
1921-01-02,48,33,0.05,0.0,M
1921-01-03,43,35,0.00,0.0,M
1921-01-04,48,28,0.00,0.0,M
1921-01-05,44,38,0.07,0.0,M
1921-01-06,38,24,T,T,M
1921-01-07,38,14,0.00,0.0,M
1921-01-08,34,26,0.00,0.0,M
1921-01-09,36,25,0.00,0.0,M
1921-01-10,35,8,0.00,0.0,M
1921-01-11,39,10,0.00,0.0,M
1921-01-12,36,22,T,T,M
1921-01-13,24,-0,0.00,0.0,M
1921-01-14,44,15,0.04,T,M
1921-01-15,48,29,0.00,0.0,M
1921-01-16,34,24,0.00,0.0,M
1921-01-17,31,9,T,T,M
1921-01-18,11,-10,0.00,0.0,M
1921-01-19,12,-7,0.00,0.0,M
1921-01-20,40,3,T,T,M
1921-01-21,48,37,0.00,0.0,M
1921-01-22,49,34,T,0.0,M
1921-01-23,45,32,0.00,0.0,M
1921-01-24,34,9,0.00,0.0,M
1921-01-25,10,-6,0.00,0.0,M
1921-01-26,16,-2,0.00,0.0,M
1921-01-27,30,-2,0.00,0.0,M
1921-01-28,33,8,0.00,0.0,M
1921-01-29,38,16,0.00,0.0,M
1921-01-30,36,30,0.20,2.0,M
1921-01-31,34,15,0.10,1.0,M
1921-02-01,24,-6,0.00,0.0,M
1921-02-02,30,1,0.00,0.0,M
1921-02-03,36,18,0.00,0.0,M
1921-02-04,35,22,0.00,0.0,M
1921-02-05,M,29,0.00,0.0,M
1921-02-06,41,M,0.00,0.0,M
1921-02-07,36,27,0.00,0.0,M
1921-02-08,30,21,0.20,2.0,M
1921-02-09,34,9,T,T,M
1921-02-10,35,32,0.00,0.0,M
1921-02-11,33,25,0.81,8.0,M
1921-02-12,28,15,0.40,4.0,M
1921-02-13,33,18,0.00,0.0,M
1921-02-14,37,26,0.00,0.0,M
1921-02-15,32,-2,0.00,0.0,M
1921-02-16,56,13,0.00,0.0,M
1921-02-17,54,30,0.00,0.0,M
1921-02-18,30,20,0.00,0.0,M
1921-02-19,33,11,0.00,0.0,M
1921-02-20,30,15,0.98,10.0,M
1921-02-21,22,-18,0.00,0.0,M
1921-02-22,31,4,0.00,0.0,M
1921-02-23,41,25,M,T,M
1921-02-24,36,15,0.00,0.0,M
1921-02-25,20,-4,0.00,0.0,M
1921-02-26,29,2,M,T,M
1921-02-27,36,27,M,T,M
1921-02-28,39,32,0.50,5.0,M
1921-03-01,40,34,0.00,0.0,M
1921-03-02,48,25,0.00,0.0,M
1921-03-03,45,38,0.47,0.0,M
1921-03-04,40,15,0.00,0.0,M
1921-03-05,29,17,0.00,0.0,M
1921-03-06,54,29,0.15,0.0,M
1921-03-07,50,34,0.37,0.0,M
1921-03-08,45,35,0.00,0.0,M
1921-03-09,68,42,0.60,0.0,M
1921-03-10,44,30,0.00,0.0,M
1921-03-11,56,25,0.00,0.0,M
1921-03-12,53,27,0.00,0.0,M
1921-03-13,50,36,0.39,0.0,M
1921-03-14,40,29,0.00,0.0,M
1921-03-15,55,36,0.00,0.0,M
1921-03-16,57,38,0.19,0.0,M
1921-03-17,53,30,0.00,0.0,M
1921-03-18,45,25,0.00,0.0,M
1921-03-19,44,15,0.00,0.0,M
1921-03-20,70,37,0.33,0.0,M
1921-03-21,75,45,T,0.0,M
1921-03-22,45,31,0.00,0.0,M
1921-03-23,47,19,0.00,0.0,M
1921-03-24,44,30,T,0.0,M
1921-03-25,63,42,0.00,0.0,M
1921-03-26,60,35,0.62,0.0,M
1921-03-27,71,42,0.00,0.0,M
1921-03-28,75,33,T,T,M
1921-03-29,35,13,0.00,0.0,M
1921-03-30,48,14,0.00,0.0,M
1921-03-31,60,30,0.69,1.0,M
1921-04-01,51,31,0.00,0.0,M
1921-04-02,58,23,0.00,0.0,M
1921-04-03,58,33,0.00,0.0,M
1921-04-04,70,30,0.00,0.0,M
1921-04-05,77,M,0.00,0.0,M
1921-04-06,80,45,0.00,0.0,M
1921-04-07,69,42,0.00,0.0,M
1921-04-08,67,40,0.00,0.0,M
1921-04-09,67,46,0.25,0.0,M
1921-04-10,46,34,0.00,0.0,M
1921-04-11,42,27,0.00,0.0,M
1921-04-12,58,25,0.00,0.0,M
1921-04-13,64,37,0.00,0.0,M
1921-04-14,71,37,0.00,0.0,M
1921-04-15,72,53,0.15,0.0,M
1921-04-16,71,46,T,0.0,M
1921-04-17,64,33,0.38,0.0,M
1921-04-18,37,32,0.45,1.0,M
1921-04-19,58,32,0.00,0.0,M
1921-04-20,64,46,T,0.0,M
1921-04-21,70,51,0.16,0.0,M
1921-04-22,65,50,T,0.0,M
1921-04-23,55,47,0.51,0.0,M
1921-04-24,58,52,0.11,0.0,M
1921-04-25,68,38,0.00,0.0,M
1921-04-26,75,41,0.00,0.0,M
1921-04-27,69,58,0.00,0.0,M
1921-04-28,72,44,0.00,0.0,M
1921-04-29,70,49,0.77,0.0,M
1921-04-30,69,51,1.55,0.0,M
1921-05-01,62,44,0.55,M,M
1921-05-02,64,44,0.00,M,M
1921-05-03,64,45,0.00,M,M
1921-05-04,65,49,0.00,M,M
1921-05-05,59,42,0.29,M,M
1921-05-06,61,33,0.00,M,M
1921-05-07,68,47,0.00,M,M
1921-05-08,70,51,0.00,M,M
1921-05-09,M,49,0.00,M,M
1921-05-10,62,35,0.00,M,M
1921-05-11,60,34,0.00,M,M
1921-05-12,63,34,0.00,M,M
1921-05-13,69,M,0.49,M,M
1921-05-14,71,57,0.00,M,M
1921-05-15,70,44,0.00,M,M
1921-05-16,65,48,0.00,M,M
1921-05-17,65,48,0.00,M,M
1921-05-18,66,45,0.00,M,M
1921-05-19,69,51,0.00,M,M
1921-05-20,80,46,0.00,M,M
1921-05-21,85,57,0.00,M,M
1921-05-22,85,59,0.00,M,M
1921-05-23,78,52,1.05,M,M
1921-05-24,60,42,0.00,M,M
1921-05-25,55,48,0.53,M,M
1921-05-26,70,43,0.00,M,M
1921-05-27,76,43,0.00,M,M
1921-05-28,72,51,0.32,M,M
1921-05-29,81,60,0.14,M,M
1921-05-30,77,56,0.00,M,M
1921-05-31,81,66,0.00,M,M
1921-06-01,M,59,0.00,M,M
1921-06-02,71,48,0.00,M,M
1921-06-03,80,50,0.27,M,M
1921-06-04,70,60,0.19,M,M
1921-06-05,69,48,0.00,M,M
1921-06-06,75,44,0.00,M,M
1921-06-07,75,43,0.00,M,M
1921-06-08,77,46,0.00,M,M
1921-06-09,80,47,0.00,M,M
1921-06-10,85,66,0.00,M,M
1921-06-11,86,69,0.15,M,M
1921-06-12,74,63,0.11,M,M
1921-06-13,79,48,0.00,M,M
1921-06-14,70,51,0.00,M,M
1921-06-15,72,47,0.00,M,M
1921-06-16,74,39,0.00,M,M
1921-06-17,67,56,0.31,M,M
1921-06-18,66,51,0.00,M,M
1921-06-19,71,47,0.00,M,M
1921-06-20,79,43,0.00,M,M
1921-06-21,86,56,0.00,M,M
1921-06-22,90,63,T,M,M
1921-06-23,84,63,0.98,M,M
1921-06-24,80,59,0.00,M,M
1921-06-25,82,54,0.00,M,M
1921-06-26,80,60,0.77,M,M
1921-06-27,85,63,0.45,M,M
1921-06-28,79,69,0.61,M,M
1921-06-29,74,60,0.84,M,M
1921-06-30,74,65,0.23,M,M
1921-07-01,67,61,0.18,M,M
1921-07-02,77,63,1.57,M,M
1921-07-03,85,60,0.00,M,M
1921-07-04,89,71,0.00,M,M
1921-07-05,83,72,0.00,M,M
1921-07-06,84,61,0.00,M,M
1921-07-07,90,67,0.00,M,M
1921-07-08,92,69,T,M,M
1921-07-09,85,68,0.47,M,M
1921-07-10,77,67,0.68,M,M
1921-07-11,81,70,T,M,M
1921-07-12,82,69,0.00,M,M
1921-07-13,87,66,0.00,M,M
1921-07-14,88,72,0.25,M,M
1921-07-15,75,69,0.79,M,M
1921-07-16,78,57,0.00,M,M
1921-07-17,81,53,0.00,M,M
1921-07-18,82,67,0.00,M,M
1921-07-19,80,65,0.65,M,M
1921-07-20,80,66,0.75,M,M
1921-07-21,76,60,0.09,M,M
1921-07-22,79,56,0.00,M,M
1921-07-23,82,55,0.00,M,M
1921-07-24,85,61,0.00,M,M
1921-07-25,86,65,0.00,M,M
1921-07-26,88,67,0.00,M,M
1921-07-27,90,71,0.00,M,M
1921-07-28,91,70,0.76,M,M
1921-07-29,88,64,0.09,M,M
1921-07-30,79,64,0.00,M,M
1921-07-31,80,67,0.00,M,M
1921-08-01,69,54,0.00,0.0,M
1921-08-02,64,57,0.17,0.0,M
1921-08-03,72,57,0.00,0.0,M
1921-08-04,76,50,0.00,0.0,M
1921-08-05,76,44,0.00,0.0,M
1921-08-06,73,54,0.00,0.0,M
1921-08-07,80,65,T,0.0,M
1921-08-08,78,58,1.32,0.0,M
1921-08-09,71,53,0.00,0.0,M
1921-08-10,79,60,0.00,0.0,M
1921-08-11,83,63,0.00,0.0,M
1921-08-12,77,68,0.36,0.0,M
1921-08-13,80,61,0.00,0.0,M
1921-08-14,73,58,T,0.0,M
1921-08-15,68,46,0.00,0.0,M
1921-08-16,74,51,0.00,0.0,M
1921-08-17,72,49,0.14,0.0,M
1921-08-18,77,59,0.52,0.0,M
1921-08-19,70,58,0.00,0.0,M
1921-08-20,78,68,0.25,0.0,M
1921-08-21,68,61,0.00,0.0,M
1921-08-22,68,48,0.00,0.0,M
1921-08-23,70,46,0.00,0.0,M
1921-08-24,73,46,0.00,0.0,M
1921-08-25,74,49,0.00,0.0,M
1921-08-26,75,57,0.00,0.0,M
1921-08-27,73,48,0.00,0.0,M
1921-08-28,72,46,0.00,0.0,M
1921-08-29,84,45,0.00,0.0,M
1921-08-30,87,65,0.00,0.0,M
1921-08-31,79,64,1.21,0.0,M
1921-09-01,80,48,0.00,M,M
1921-09-02,86,61,0.00,M,M
1921-09-03,80,71,T,M,M
1921-09-04,75,60,0.00,M,M
1921-09-05,76,59,0.00,M,M
1921-09-06,78,64,0.02,M,M
1921-09-07,72,55,0.00,M,M
1921-09-08,75,45,0.00,M,M
1921-09-09,76,45,0.00,M,M
1921-09-10,83,66,0.00,M,M
1921-09-11,74,60,T,M,M
1921-09-12,76,59,0.40,M,M
1921-09-13,69,56,0.00,M,M
1921-09-14,68,49,T,M,M
1921-09-15,64,51,0.00,M,M
1921-09-16,68,47,0.00,M,M
1921-09-17,72,44,0.03,M,M
1921-09-18,73,62,0.00,M,M
1921-09-19,66,51,0.00,M,M
1921-09-20,66,42,0.00,M,M
1921-09-21,63,51,0.21,M,M
1921-09-22,77,60,0.00,M,M
1921-09-23,M,60,0.00,M,M
1921-09-24,73,42,0.00,M,M
1921-09-25,65,51,0.26,M,M
1921-09-26,67,54,0.00,M,M
1921-09-27,70,36,0.00,M,M
1921-09-28,71,54,0.00,M,M
1921-09-29,82,63,0.00,M,M
1921-09-30,80,60,0.31,M,M
1921-10-01,63,46,0.00,M,M
1921-10-02,73,45,0.00,M,M
1921-10-03,62,50,0.18,M,M
1921-10-04,60,48,0.09,M,M
1921-10-05,55,42,0.00,M,M
1921-10-06,64,47,0.00,M,M
1921-10-07,70,37,0.00,M,M
1921-10-08,67,44,0.41,M,M
1921-10-09,46,34,0.04,M,M
1921-10-10,64,40,0.00,M,M
1921-10-11,63,38,0.00,M,M
1921-10-12,56,43,0.35,M,M
1921-10-13,50,33,0.00,M,M
1921-10-14,63,35,0.00,M,M
1921-10-15,69,34,0.00,M,M
1921-10-16,68,33,0.00,M,M
1921-10-17,59,48,0.00,M,M
1921-10-18,66,45,0.00,M,M
1921-10-19,65,49,0.00,M,M
1921-10-20,57,45,1.14,M,M
1921-10-21,47,38,0.05,M,M
1921-10-22,66,38,0.00,M,M
1921-10-23,64,44,0.00,M,M
1921-10-24,52,31,0.00,M,M
1921-10-25,47,39,0.00,M,M
1921-10-26,47,20,0.00,M,M
1921-10-27,57,28,0.00,M,M
1921-10-28,60,40,0.00,M,M
1921-10-29,63,31,0.00,M,M
1921-10-30,60,33,0.00,M,M
1921-10-31,59,32,0.00,M,M
1921-11-01,62,46,0.33,0.0,M
1921-11-02,46,38,0.89,0.0,M
1921-11-03,44,35,0.02,0.0,M
1921-11-04,43,33,0.00,0.0,M
1921-11-05,43,32,T,T,M
1921-11-06,37,21,0.00,0.0,M
1921-11-07,43,26,0.09,1.0,M
1921-11-08,40,18,0.00,0.0,M
1921-11-09,31,26,T,T,M
1921-11-10,40,28,0.53,0.0,M
1921-11-11,41,30,T,0.0,M
1921-11-12,38,33,0.09,0.0,M
1921-11-13,34,26,0.10,1.0,M
1921-11-14,35,29,0.06,0.0,M
1921-11-15,40,34,0.15,0.0,M
1921-11-16,46,33,0.00,0.0,M
1921-11-17,53,37,0.11,0.0,M
1921-11-18,58,50,0.47,0.0,M
1921-11-19,59,47,0.52,0.0,M
1921-11-20,53,35,0.00,0.0,M
1921-11-21,40,27,0.00,0.0,M
1921-11-22,48,30,0.00,0.0,M
1921-11-23,46,26,0.00,0.0,M
1921-11-24,47,27,0.31,2.0,M
1921-11-25,42,24,0.07,0.0,M
1921-11-26,36,25,0.20,2.0,M
1921-11-27,35,29,0.49,0.0,M
1921-11-28,34,32,1.71,1.0,M
1921-11-29,34,32,0.00,0.0,M
1921-11-30,38,30,0.00,0.0,M
1921-12-01,40,33,0.00,0.0,M
1921-12-02,48,30,T,0.0,M
1921-12-03,50,34,0.71,0.0,M
1921-12-04,36,28,0.00,0.0,M
1921-12-05,35,28,0.00,0.0,M
1921-12-06,33,20,T,T,M
1921-12-07,30,24,0.00,0.0,M
1921-12-08,29,15,0.00,0.0,M
1921-12-09,30,11,T,T,M
1921-12-10,40,30,0.00,0.0,M
1921-12-11,40,26,0.00,0.0,M
1921-12-12,32,28,0.00,0.0,M
1921-12-13,30,18,T,T,M
1921-12-14,24,16,T,T,M
1921-12-15,20,10,0.00,0.0,M
1921-12-16,23,-0,0.00,0.0,M
1921-12-17,51,23,T,T,M
1921-12-18,54,37,0.34,0.0,M
1921-12-19,47,28,0.00,0.0,M
1921-12-20,32,15,0.00,0.0,M
1921-12-21,35,12,T,T,M
1921-12-22,12,-5,0.00,0.0,M
1921-12-23,30,8,T,T,M
1921-12-24,32,23,0.10,1.0,M
1921-12-25,24,15,0.18,2.0,M
1921-12-26,18,-8,0.00,0.0,M
1921-12-27,30,4,0.00,0.0,M
1921-12-28,28,-0,0.00,0.0,M
1921-12-29,32,9,T,T,M
1921-12-30,12,-6,0.00,0.0,M
1921-12-31,34,-0,0.00,0.0,M
1922-01-01,34,15,0.00,0.0,M
1922-01-02,15,-8,0.00,0.0,M
1922-01-03,10,-7,0.10,2.0,M
1922-01-04,27,2,0.05,1.0,M
1922-01-05,48,24,0.09,0.0,M
1922-01-06,35,27,0.00,0.0,M
1922-01-07,29,20,0.00,0.0,M
1922-01-08,28,4,0.00,0.0,M
1922-01-09,35,24,0.00,0.0,M
1922-01-10,37,26,0.00,0.0,M
1922-01-11,26,15,0.90,10.0,M
1922-01-12,22,10,0.40,4.0,M
1922-01-13,30,1,0.00,0.0,M
1922-01-14,25,1,0.00,0.0,M
1922-01-15,40,9,0.00,0.0,M
1922-01-16,36,15,0.00,0.0,M
1922-01-17,26,-13,0.00,0.0,M
1922-01-18,31,9,0.00,0.0,M
1922-01-19,42,29,T,T,M
1922-01-20,39,19,0.00,0.0,M
1922-01-21,26,11,0.40,4.0,M
1922-01-22,30,16,T,T,M
1922-01-23,16,-1,0.00,0.0,M
1922-01-24,11,-12,0.00,0.0,M
1922-01-25,9,-17,0.00,0.0,M
1922-01-26,10,-23,0.00,0.0,M
1922-01-27,16,-21,0.00,0.0,M
1922-01-28,25,-7,0.00,0.0,M
1922-01-29,31,19,0.00,0.0,M
1922-01-30,28,-6,0.00,0.0,M
1922-01-31,33,-6,0.00,0.0,M
1922-02-01,34,1,0.00,0.0,M
1922-02-02,45,25,0.03,0.0,M
1922-02-03,40,28,T,T,M
1922-02-04,28,24,T,T,M
1922-02-05,34,18,0.00,0.0,M
1922-02-06,40,30,T,0.0,M
1922-02-07,34,22,0.00,0.0,M
1922-02-08,24,5,0.00,0.0,M
1922-02-09,33,15,0.00,0.0,M
1922-02-10,35,27,T,T,M
1922-02-11,41,29,0.00,0.0,M
1922-02-12,39,16,0.00,0.0,M
1922-02-13,31,11,0.10,1.0,M
1922-02-14,25,2,0.00,0.0,M
1922-02-15,27,12,0.29,3.0,M
1922-02-16,23,4,0.00,0.0,M
1922-02-17,4,-15,0.00,0.0,M
1922-02-18,26,-12,0.10,1.0,M
1922-02-19,44,24,0.00,0.0,M
1922-02-20,48,34,0.00,0.0,M
1922-02-21,34,21,0.00,0.0,M
1922-02-22,33,22,0.20,2.0,M
1922-02-23,56,28,T,0.0,M
1922-02-24,54,11,0.00,0.0,M
1922-02-25,32,11,0.00,0.0,M
1922-02-26,30,19,0.00,0.0,M
1922-02-27,35,24,0.18,2.0,M
1922-02-28,34,17,T,T,M
1922-03-01,24,-2,M,0.0,M
1922-03-02,28,16,0.42,4.0,M
1922-03-03,35,20,M,0.0,M
1922-03-04,37,3,M,0.0,M
1922-03-05,40,29,0.60,6.0,M
1922-03-06,48,16,M,0.0,M
1922-03-07,50,32,1.74,0.0,M
1922-03-08,46,26,M,0.0,M
1922-03-09,40,21,M,0.0,M
1922-03-10,43,24,0.41,4.0,M
1922-03-11,39,10,M,0.0,M
1922-03-12,49,27,M,0.0,M
1922-03-13,M,M,M,0.0,M
1922-03-14,54,39,M,0.0,M
1922-03-15,48,42,M,0.0,M
1922-03-16,42,24,0.10,1.0,M
1922-03-17,24,14,M,0.0,M
1922-03-18,28,11,M,0.0,M
1922-03-19,42,19,M,0.0,M
1922-03-20,39,26,0.38,0.0,M
1922-03-21,38,32,0.12,T,M
1922-03-22,34,25,T,T,M
1922-03-23,36,20,M,0.0,M
1922-03-24,49,26,M,0.0,M
1922-03-25,52,25,M,0.0,M
1922-03-26,66,36,M,0.0,M
1922-03-27,44,36,0.11,0.0,M
1922-03-28,54,39,M,0.0,M
1922-03-29,54,34,0.09,0.0,M
1922-03-30,34,23,0.32,3.0,M
1922-03-31,32,25,0.10,1.0,M
1922-04-01,35,31,0.17,1.0,M
1922-04-02,36,29,0.00,M,M
1922-04-03,42,25,0.00,M,M
1922-04-04,40,30,0.18,M,M
1922-04-05,49,34,0.00,M,M
1922-04-06,56,25,0.00,M,M
1922-04-07,55,37,0.27,M,M
1922-04-08,64,44,0.00,M,M
1922-04-09,64,55,0.00,M,M
1922-04-10,79,60,0.00,M,M
1922-04-11,76,48,0.00,M,M
1922-04-12,67,43,1.51,M,M
1922-04-13,49,38,0.00,M,M
1922-04-14,54,35,0.00,M,M
1922-04-15,51,42,0.69,M,M
1922-04-16,60,35,0.00,M,M
1922-04-17,M,37,0.11,M,M
1922-04-18,68,45,0.21,M,M
1922-04-19,53,37,0.00,M,M
1922-04-20,46,29,M,T,M
1922-04-21,39,24,0.10,1.0,M
1922-04-22,45,21,0.00,M,M
1922-04-23,44,24,0.00,M,M
1922-04-24,54,26,0.00,M,M
1922-04-25,M,26,0.00,M,M
1922-04-26,67,47,0.00,M,M
1922-04-27,62,36,T,M,M
1922-04-28,46,29,0.00,M,M
1922-04-29,53,33,0.00,M,M
1922-04-30,61,38,0.00,M,M
1922-05-01,65,25,0.00,M,M
1922-05-02,74,32,0.00,M,M
1922-05-03,71,39,0.00,M,M
1922-05-04,70,47,T,M,M
1922-05-05,51,43,1.19,M,M
1922-05-06,60,41,0.00,M,M
1922-05-07,73,44,0.21,M,M
1922-05-08,60,45,0.00,M,M
1922-05-09,69,48,0.00,M,M
1922-05-10,70,49,0.00,M,M
1922-05-11,66,47,0.00,M,M
1922-05-12,68,30,0.00,M,M
1922-05-13,68,34,0.00,M,M
1922-05-14,74,34,0.00,M,M
1922-05-15,79,36,0.00,M,M
1922-05-16,80,36,0.00,M,M
1922-05-17,71,43,0.00,M,M
1922-05-18,63,48,0.21,M,M
1922-05-19,69,56,1.02,M,M
1922-05-20,74,47,0.00,M,M
1922-05-21,69,52,0.16,M,M
1922-05-22,75,56,0.00,M,M
1922-05-23,77,43,0.00,M,M
1922-05-24,81,50,0.00,M,M
1922-05-25,66,55,0.51,M,M
1922-05-26,77,57,0.00,M,M
1922-05-27,66,49,0.00,M,M
1922-05-28,74,33,0.00,M,M
1922-05-29,80,40,0.00,M,M
1922-05-30,83,41,0.00,M,M
1922-05-31,81,51,0.00,M,M
1922-06-01,79,52,0.00,M,M
1922-06-02,70,59,0.27,M,M
1922-06-03,76,60,1.13,M,M
1922-06-04,78,57,0.22,M,M
1922-06-05,79,48,0.05,M,M
1922-06-06,82,61,0.11,M,M
1922-06-07,83,52,0.00,M,M
1922-06-08,85,55,T,M,M
1922-06-09,84,58,0.00,M,M
1922-06-10,78,59,0.47,M,M
1922-06-11,76,62,1.56,M,M
1922-06-12,71,52,0.00,M,M
1922-06-13,64,44,0.00,M,M
1922-06-14,74,42,0.00,M,M
1922-06-15,74,53,0.00,M,M
1922-06-16,76,49,0.00,M,M
1922-06-17,78,59,0.21,M,M
1922-06-18,76,61,0.06,M,M
1922-06-19,67,57,0.03,M,M
1922-06-20,71,57,T,M,M
1922-06-21,68,63,0.74,M,M
1922-06-22,66,57,0.18,M,M
1922-06-23,69,57,T,M,M
1922-06-24,81,47,0.00,M,M
1922-06-25,75,M,T,M,M
1922-06-26,77,48,0.00,M,M
1922-06-27,70,50,T,M,M
1922-06-28,87,61,T,M,M
1922-06-29,79,64,0.21,M,M
1922-06-30,82,55,0.00,M,M
1922-07-01,76,53,0.00,M,M
1922-07-02,82,65,0.23,M,M
1922-07-03,72,61,0.03,M,M
1922-07-04,69,58,T,M,M
1922-07-05,71,57,0.00,M,M
1922-07-06,78,62,0.00,M,M
1922-07-07,86,59,0.00,M,M
1922-07-08,81,63,0.00,M,M
1922-07-09,77,53,0.00,M,M
1922-07-10,78,46,0.00,M,M
1922-07-11,85,67,0.00,M,M
1922-07-12,90,64,0.00,M,M
1922-07-13,82,68,0.00,M,M
1922-07-14,81,54,0.00,M,M
1922-07-15,83,53,0.00,M,M
1922-07-16,86,55,0.00,M,M
1922-07-17,89,63,T,M,M
1922-07-18,84,66,0.09,M,M
1922-07-19,81,64,0.06,M,M
1922-07-20,78,48,0.00,M,M
1922-07-21,82,54,0.00,M,M
1922-07-22,84,51,0.00,M,M
1922-07-23,80,62,0.35,M,M
1922-07-24,68,52,0.04,M,M
1922-07-25,80,56,0.00,M,M
1922-07-26,77,54,0.00,M,M
1922-07-27,82,64,0.00,M,M
1922-07-28,80,62,0.27,M,M
1922-07-29,75,60,0.00,M,M
1922-07-30,82,39,0.00,M,M
1922-07-31,84,49,0.31,M,M
1922-08-01,74,59,0.42,M,M
1922-08-02,73,59,0.38,M,M
1922-08-03,73,59,0.36,M,M
1922-08-04,78,59,0.00,M,M
1922-08-05,75,53,0.65,M,M
1922-08-06,80,59,0.16,M,M
1922-08-07,79,61,0.87,M,M
1922-08-08,68,56,0.15,M,M
1922-08-09,69,40,0.00,M,M
1922-08-10,75,42,0.00,M,M
1922-08-11,75,48,0.00,M,M
1922-08-12,74,50,0.00,M,M
1922-08-13,83,55,0.00,M,M
1922-08-14,85,65,0.00,M,M
1922-08-15,86,69,0.00,M,M
1922-08-16,88,69,0.00,M,M
1922-08-17,87,59,0.00,M,M
1922-08-18,91,63,0.00,M,M
1922-08-19,76,64,0.49,M,M
1922-08-20,67,49,0.00,M,M
1922-08-21,74,46,0.00,M,M
1922-08-22,78,40,0.00,M,M
1922-08-23,85,53,0.00,M,M
1922-08-24,75,64,0.57,M,M
1922-08-25,79,63,0.00,M,M
1922-08-26,75,55,0.46,M,M
1922-08-27,68,53,0.00,M,M
1922-08-28,67,56,0.27,M,M
1922-08-29,74,52,0.00,M,M
1922-08-30,72,54,0.00,M,M
1922-08-31,75,49,0.00,M,M
1922-09-01,79,49,0.00,0.0,M
1922-09-02,78,49,0.00,0.0,M
1922-09-03,78,65,0.00,0.0,M
1922-09-04,75,65,0.97,0.0,M
1922-09-05,80,65,0.00,0.0,M
1922-09-06,80,55,0.51,0.0,M
1922-09-07,77,56,0.00,0.0,M
1922-09-08,72,57,0.00,0.0,M
1922-09-09,78,57,0.00,0.0,M
1922-09-10,81,64,0.00,0.0,M
1922-09-11,78,68,0.00,0.0,M
1922-09-12,76,62,0.62,0.0,M
1922-09-13,70,48,0.00,0.0,M
1922-09-14,70,56,T,0.0,M
1922-09-15,82,55,0.26,0.0,M
1922-09-16,68,49,0.00,0.0,M
1922-09-17,58,42,0.26,0.0,M
1922-09-18,58,33,0.00,0.0,M
1922-09-19,60,35,0.00,0.0,M
1922-09-20,70,52,0.03,0.0,M
1922-09-21,70,46,0.00,0.0,M
1922-09-22,77,45,0.00,0.0,M
1922-09-23,75,46,0.00,0.0,M
1922-09-24,80,45,0.00,0.0,M
1922-09-25,61,45,0.00,0.0,M
1922-09-26,61,28,0.00,0.0,M
1922-09-27,69,35,0.00,0.0,M
1922-09-28,72,41,0.00,0.0,M
1922-09-29,77,40,0.00,0.0,M
1922-09-30,80,41,0.00,0.0,M
1922-10-01,82,41,0.00,M,M
1922-10-02,80,42,0.00,M,M
1922-10-03,78,34,0.00,M,M
1922-10-04,80,38,0.00,M,M
1922-10-05,86,53,0.00,M,M
1922-10-06,79,49,0.00,M,M
1922-10-07,72,46,0.11,M,M
1922-10-08,72,55,0.83,M,M
1922-10-09,68,49,0.00,M,M
1922-10-10,65,50,0.47,M,M
1922-10-11,75,62,0.00,M,M
1922-10-12,64,47,0.05,M,M
1922-10-13,52,33,0.00,M,M
1922-10-14,63,25,0.00,M,M
1922-10-15,72,37,0.00,M,M
1922-10-16,71,35,0.00,M,M
1922-10-17,74,33,0.00,M,M
1922-10-18,48,24,0.00,M,M
1922-10-19,49,21,0.00,M,M
1922-10-20,49,27,0.00,M,M
1922-10-21,54,17,0.00,M,M
1922-10-22,69,27,0.00,M,M
1922-10-23,63,42,0.00,M,M
1922-10-24,61,33,0.61,M,M
1922-10-25,63,35,0.00,M,M
1922-10-26,58,29,T,M,M
1922-10-27,45,28,T,M,M
1922-10-28,41,29,0.00,M,M
1922-10-29,47,29,0.00,M,M
1922-10-30,45,26,0.00,M,M
1922-10-31,48,29,0.00,M,M
1922-11-01,61,20,0.00,0.0,M
1922-11-02,60,19,0.00,0.0,M
1922-11-03,61,32,0.22,0.0,M
1922-11-04,62,44,0.10,0.0,M
1922-11-05,50,42,0.00,0.0,M
1922-11-06,49,33,0.15,0.0,M
1922-11-07,50,44,0.00,0.0,M
1922-11-08,54,35,0.16,0.0,M
1922-11-09,43,34,0.05,0.0,M
1922-11-10,51,25,0.00,0.0,M
1922-11-11,61,29,0.00,0.0,M
1922-11-12,58,46,0.00,0.0,M
1922-11-13,50,28,0.00,0.0,M
1922-11-14,51,20,0.00,0.0,M
1922-11-15,59,34,0.11,0.0,M
1922-11-16,45,34,0.00,0.0,M
1922-11-17,56,30,0.00,0.0,M
1922-11-18,55,41,T,0.0,M
1922-11-19,55,44,0.00,0.0,M
1922-11-20,48,39,0.05,0.0,M
1922-11-21,42,30,T,0.0,M
1922-11-22,32,25,0.00,0.0,M
1922-11-23,40,20,0.00,0.0,M
1922-11-24,42,26,0.10,1.0,M
1922-11-25,27,20,T,T,M
1922-11-26,26,8,0.00,0.0,M
1922-11-27,32,3,0.00,0.0,M
1922-11-28,33,7,0.10,1.0,M
1922-11-29,36,24,0.00,0.0,M
1922-11-30,42,26,0.00,0.0,M
1922-12-01,56,32,T,0.0,M
1922-12-02,57,26,0.00,0.0,M
1922-12-03,41,19,0.00,0.0,M
1922-12-04,44,31,0.00,0.0,M
1922-12-05,46,28,0.20,2.0,M
1922-12-06,39,16,0.00,0.0,M
1922-12-07,19,8,0.10,1.0,M
1922-12-08,31,11,M,T,M
1922-12-09,41,27,0.02,0.0,M
1922-12-10,27,16,0.00,0.0,M
1922-12-11,28,2,0.00,0.0,M
1922-12-12,48,24,0.00,0.0,M
1922-12-13,40,13,0.00,0.0,M
1922-12-14,21,14,0.30,3.0,M
1922-12-15,33,20,0.00,0.0,M
1922-12-16,31,2,M,5.5,M
1922-12-17,24,9,0.55,0.0,M
1922-12-18,29,15,0.00,0.0,M
1922-12-19,17,-8,0.00,0.0,M
1922-12-20,19,-9,0.00,0.0,M
1922-12-21,33,12,0.00,0.0,M
1922-12-22,29,18,0.00,0.0,M
1922-12-23,35,26,0.00,0.0,M
1922-12-24,39,30,0.00,0.0,M
1922-12-25,40,31,0.00,0.0,M
1922-12-26,48,29,0.00,0.0,M
1922-12-27,39,28,M,T,M
1922-12-28,28,19,0.30,3.0,M
1922-12-29,19,9,0.60,6.0,M
1922-12-30,22,-22,0.00,0.0,M
1922-12-31,33,-2,0.00,0.0,M
1923-01-01,47,33,0.07,0.0,M
1923-01-02,34,28,0.00,0.0,M
1923-01-03,29,18,M,T,M
1923-01-04,27,23,0.20,2.0,M
1923-01-05,32,19,0.00,0.0,M
1923-01-06,32,12,0.30,3.0,M
1923-01-07,13,-9,0.10,1.0,M
1923-01-08,25,12,1.20,12.0,M
1923-01-09,30,21,0.10,1.0,M
1923-01-10,31,18,0.20,2.0,M
1923-01-11,25,13,0.30,3.0,M
1923-01-12,25,13,0.40,4.0,M
1923-01-13,25,10,0.00,0.0,M
1923-01-14,19,-5,0.30,3.0,M
1923-01-15,37,19,0.10,1.0,M
1923-01-16,30,23,0.00,0.0,M
1923-01-17,23,-3,0.00,0.0,M
1923-01-18,30,-8,0.00,0.0,M
1923-01-19,42,16,T,T,M
1923-01-20,31,-4,0.00,0.0,M
1923-01-21,47,29,0.09,0.0,M
1923-01-22,36,20,0.00,0.0,M
1923-01-23,20,6,0.00,0.0,M
1923-01-24,23,2,0.10,1.0,M
1923-01-25,32,18,0.30,3.0,M
1923-01-26,21,-1,0.00,0.0,M
1923-01-27,25,13,0.00,0.0,M
1923-01-28,15,6,0.30,3.0,M
1923-01-29,17,6,0.00,0.0,M
1923-01-30,17,1,0.00,0.0,M
1923-01-31,20,-15,0.00,0.0,M
1923-02-01,35,4,T,0.0,M
1923-02-02,40,24,0.20,0.0,M
1923-02-03,40,23,0.17,T,M
1923-02-04,23,-0,0.00,0.0,M
1923-02-05,15,3,0.00,0.0,M
1923-02-06,13,-9,0.00,0.0,M
1923-02-07,21,-9,0.00,0.0,M
1923-02-08,38,-9,0.00,0.0,M
1923-02-09,41,26,0.00,0.0,M
1923-02-10,26,17,0.20,2.0,M
1923-02-11,29,-6,0.10,1.0,M
1923-02-12,27,5,0.00,0.0,M
1923-02-13,28,14,0.30,3.0,M
1923-02-14,34,14,0.20,2.0,M
1923-02-15,14,6,0.10,1.0,M
1923-02-16,10,-2,0.00,0.0,M
1923-02-17,16,-10,0.00,0.0,M
1923-02-18,12,-1,0.00,0.0,M
1923-02-19,22,5,0.00,0.0,M
1923-02-20,21,-10,T,T,M
1923-02-21,25,2,T,T,M
1923-02-22,27,-8,0.30,3.0,M
1923-02-23,20,2,T,T,M
1923-02-24,20,-7,0.00,0.0,M
1923-02-25,31,12,0.00,0.0,M
1923-02-26,32,5,0.00,0.0,M
1923-02-27,36,30,T,0.0,M
1923-02-28,33,23,0.00,0.0,M
1923-03-01,37,2,0.00,0.0,M
1923-03-02,42,29,0.00,0.0,M
1923-03-03,50,31,0.00,0.0,M
1923-03-04,49,32,0.00,0.0,M
1923-03-05,52,19,0.00,0.0,M
1923-03-06,19,9,0.10,1.0,M
1923-03-07,22,13,0.40,4.0,M
1923-03-08,23,10,0.00,0.0,M
1923-03-09,25,-2,0.00,0.0,M
1923-03-10,40,2,T,T,M
1923-03-11,38,23,0.00,0.0,M
1923-03-12,35,26,0.10,1.0,M
1923-03-13,37,29,0.00,0.0,M
1923-03-14,32,18,0.10,1.0,M
1923-03-15,34,14,0.00,0.0,M
1923-03-16,58,25,0.09,T,M
1923-03-17,36,21,0.00,0.0,M
1923-03-18,58,14,0.00,0.0,M
1923-03-19,47,14,0.05,T,M
1923-03-20,24,3,0.00,0.0,M
1923-03-21,48,21,0.00,0.0,M
1923-03-22,54,29,T,0.0,M
1923-03-23,58,37,0.02,0.0,M
1923-03-24,42,31,0.00,0.0,M
1923-03-25,38,16,0.00,0.0,M
1923-03-26,42,11,0.00,0.0,M
1923-03-27,44,10,0.00,0.0,M
1923-03-28,42,6,T,T,M
1923-03-29,26,-3,0.00,0.0,M
1923-03-30,38,21,0.00,0.0,M
1923-03-31,32,12,T,T,M
1923-04-01,27,5,0.00,0.0,M
1923-04-02,53,9,0.00,0.0,M
1923-04-03,61,39,0.00,0.0,M
1923-04-04,60,45,0.00,0.0,M
1923-04-05,47,34,0.35,0.0,M
1923-04-06,52,36,0.00,0.0,M
1923-04-07,69,29,0.00,0.0,M
1923-04-08,64,39,0.70,0.0,M
1923-04-09,39,27,0.00,0.0,M
1923-04-10,45,19,0.00,0.0,M
1923-04-11,61,32,0.11,0.0,M
1923-04-12,57,24,T,T,M
1923-04-13,47,27,0.00,0.0,M
1923-04-14,44,20,0.00,0.0,M
1923-04-15,37,20,0.00,0.0,M
1923-04-16,49,31,0.00,0.0,M
1923-04-17,42,31,0.00,0.0,M
1923-04-18,45,25,T,T,M
1923-04-19,50,22,0.10,1.0,M
1923-04-20,74,30,0.00,0.0,M
1923-04-21,84,53,0.00,0.0,M
1923-04-22,68,46,T,0.0,M
1923-04-23,55,41,0.00,0.0,M
1923-04-24,53,42,0.00,0.0,M
1923-04-25,57,36,0.00,0.0,M
1923-04-26,67,25,0.00,0.0,M
1923-04-27,78,36,0.00,0.0,M
1923-04-28,76,29,0.99,0.0,M
1923-04-29,64,49,0.65,0.0,M
1923-04-30,56,41,T,0.0,M
1923-05-01,55,41,0.00,0.0,M
1923-05-02,55,31,0.00,0.0,M
1923-05-03,67,29,0.00,0.0,M
1923-05-04,72,34,0.00,0.0,M
1923-05-05,74,46,0.00,0.0,M
1923-05-06,78,42,0.00,0.0,M
1923-05-07,76,30,0.00,0.0,M
1923-05-08,77,42,0.00,0.0,M
1923-05-09,59,41,0.49,0.0,M
1923-05-10,41,31,T,T,M
1923-05-11,63,26,0.00,0.0,M
1923-05-12,55,45,0.36,0.0,M
1923-05-13,59,43,0.22,0.0,M
1923-05-14,68,34,0.00,0.0,M
1923-05-15,60,38,0.08,0.0,M
1923-05-16,79,50,0.04,0.0,M
1923-05-17,65,50,0.00,0.0,M
1923-05-18,65,40,0.00,0.0,M
1923-05-19,74,39,0.00,0.0,M
1923-05-20,77,35,0.00,0.0,M
1923-05-21,64,50,0.26,0.0,M
1923-05-22,64,45,0.00,0.0,M
1923-05-23,65,33,0.00,0.0,M
1923-05-24,74,32,0.00,0.0,M
1923-05-25,82,39,0.00,0.0,M
1923-05-26,84,45,0.00,0.0,M
1923-05-27,75,43,0.00,0.0,M
1923-05-28,73,38,0.00,0.0,M
1923-05-29,71,46,0.00,0.0,M
1923-05-30,72,32,0.00,0.0,M
1923-05-31,71,33,0.00,0.0,M
1923-06-01,83,37,0.00,M,M
1923-06-02,81,51,0.00,M,M
1923-06-03,74,46,0.07,M,M
1923-06-04,84,55,0.15,M,M
1923-06-05,90,64,0.00,M,M
1923-06-06,77,63,0.41,M,M
1923-06-07,69,60,1.23,M,M
1923-06-08,60,58,0.66,M,M
1923-06-09,61,59,0.56,M,M
1923-06-10,69,48,0.00,M,M
1923-06-11,71,40,0.00,M,M
1923-06-12,71,43,0.00,M,M
1923-06-13,76,46,0.00,M,M
1923-06-14,74,40,0.00,M,M
1923-06-15,67,50,0.00,M,M
1923-06-16,70,37,0.00,M,M
1923-06-17,78,52,0.00,M,M
1923-06-18,88,47,0.00,M,M
1923-06-19,91,59,0.00,M,M
1923-06-20,89,72,0.00,M,M
1923-06-21,85,66,0.00,M,M
1923-06-22,82,55,0.00,M,M
1923-06-23,79,55,T,M,M
1923-06-24,88,64,0.00,M,M
1923-06-25,88,63,0.05,M,M
1923-06-26,88,65,0.00,M,M
1923-06-27,71,60,0.21,M,M
1923-06-28,77,56,0.07,M,M
1923-06-29,66,54,0.27,M,M
1923-06-30,73,49,0.00,M,M
1923-07-01,81,41,0.00,M,M
1923-07-02,81,47,0.00,M,M
1923-07-03,70,58,0.10,M,M
1923-07-04,74,53,0.03,M,M
1923-07-05,79,48,0.00,M,M
1923-07-06,74,55,0.23,M,M
1923-07-07,76,46,0.00,M,M
1923-07-08,76,45,0.00,M,M
1923-07-09,85,45,0.00,M,M
1923-07-10,82,61,0.00,M,M
1923-07-11,80,49,0.00,M,M
1923-07-12,83,46,0.00,M,M
1923-07-13,84,47,0.00,M,M
1923-07-14,85,48,0.00,M,M
1923-07-15,77,69,0.04,M,M
1923-07-16,79,62,0.41,M,M
1923-07-17,81,50,0.00,M,M
1923-07-18,84,47,0.00,M,M
1923-07-19,86,48,0.00,M,M
1923-07-20,89,49,0.00,M,M
1923-07-21,89,66,0.00,M,M
1923-07-22,78,54,0.00,M,M
1923-07-23,73,51,0.00,M,M
1923-07-24,79,41,0.00,M,M
1923-07-25,77,44,0.00,M,M
1923-07-26,73,49,0.00,M,M
1923-07-27,81,49,0.00,M,M
1923-07-28,71,61,1.47,M,M
1923-07-29,72,60,0.11,M,M
1923-07-30,73,54,0.00,M,M
1923-07-31,69,59,0.07,M,M
1923-08-01,79,53,0.00,M,M
1923-08-02,82,62,0.00,M,M
1923-08-03,85,63,0.76,M,M
1923-08-04,86,62,0.00,M,M
1923-08-05,84,65,0.00,M,M
1923-08-06,83,52,0.00,M,M
1923-08-07,85,63,0.02,M,M
1923-08-08,76,57,0.02,M,M
1923-08-09,76,41,0.00,M,M
1923-08-10,82,50,0.00,M,M
1923-08-11,85,58,0.00,M,M
1923-08-12,83,55,0.36,M,M
1923-08-13,67,59,0.00,M,M
1923-08-14,77,45,0.00,M,M
1923-08-15,74,57,0.11,M,M
1923-08-16,71,43,0.00,M,M
1923-08-17,74,41,0.00,M,M
1923-08-18,76,54,0.00,M,M
1923-08-19,79,63,0.04,M,M
1923-08-20,72,41,0.00,M,M
1923-08-21,82,43,0.00,M,M
1923-08-22,80,54,0.09,M,M
1923-08-23,62,42,0.00,M,M
1923-08-24,72,33,0.00,M,M
1923-08-25,70,45,0.00,M,M
1923-08-26,68,54,0.00,M,M
1923-08-27,77,36,0.00,M,M
1923-08-28,75,60,0.64,M,M
1923-08-29,70,58,0.78,M,M
1923-08-30,76,41,0.00,M,M
1923-08-31,81,46,0.00,M,M
1923-09-01,81,52,0.00,M,M
1923-09-02,79,53,0.00,M,M
1923-09-03,81,58,0.08,M,M
1923-09-04,74,67,0.37,M,M
1923-09-05,73,52,0.00,M,M
1923-09-06,73,62,T,M,M
1923-09-07,74,59,0.00,M,M
1923-09-08,70,59,0.81,M,M
1923-09-09,70,49,0.03,M,M
1923-09-10,60,44,0.00,M,M
1923-09-11,68,33,0.00,M,M
1923-09-12,78,45,0.24,M,M
1923-09-13,65,46,T,M,M
1923-09-14,55,35,0.00,M,M
1923-09-15,58,33,0.00,M,M
1923-09-16,59,35,0.00,M,M
1923-09-17,62,31,0.00,M,M
1923-09-18,71,29,0.00,M,M
1923-09-19,71,54,0.00,M,M
1923-09-20,66,44,0.31,M,M
1923-09-21,76,59,0.28,M,M
1923-09-22,71,59,0.59,M,M
1923-09-23,66,60,0.45,M,M
1923-09-24,75,59,0.03,M,M
1923-09-25,79,52,0.00,M,M
1923-09-26,68,48,0.00,M,M
1923-09-27,76,52,0.00,M,M
1923-09-28,78,56,T,M,M
1923-09-29,73,57,0.00,M,M
1923-09-30,62,39,0.00,M,M
1923-10-01,54,42,0.00,M,M
1923-10-02,62,45,0.00,M,M
1923-10-03,68,46,0.00,M,M
1923-10-04,59,38,0.12,M,M
1923-10-05,55,34,T,M,M
1923-10-06,49,34,0.00,M,M
1923-10-07,54,32,0.00,M,M
1923-10-08,57,27,0.00,M,M
1923-10-09,62,29,0.00,M,M
1923-10-10,55,30,0.11,M,M
1923-10-11,60,41,0.04,M,M
1923-10-12,67,45,0.00,M,M
1923-10-13,66,38,0.00,M,M
1923-10-14,74,43,0.00,M,M
1923-10-15,59,45,0.12,M,M
1923-10-16,67,29,0.00,M,M
1923-10-17,69,31,0.00,M,M
1923-10-18,61,28,T,M,M
1923-10-19,70,52,0.19,M,M
1923-10-20,61,48,0.07,M,M
1923-10-21,53,26,0.00,M,M
1923-10-22,53,25,0.00,M,M
1923-10-23,42,28,0.15,M,M
1923-10-24,55,36,1.94,M,M
1923-10-25,56,43,0.00,M,M
1923-10-26,48,43,0.04,M,M
1923-10-27,54,27,0.00,M,M
1923-10-28,59,23,T,M,M
1923-10-29,59,39,0.00,M,M
1923-10-30,72,39,0.34,M,M
1923-10-31,51,34,0.00,M,M
1923-11-01,41,26,0.00,0.0,M
1923-11-02,54,18,0.00,0.0,M
1923-11-03,58,18,0.00,0.0,M
1923-11-04,63,19,0.00,0.0,M
1923-11-05,62,33,T,0.0,M
1923-11-06,61,38,0.00,0.0,M
1923-11-07,54,41,0.00,0.0,M
1923-11-08,41,29,0.07,0.0,M
1923-11-09,34,20,0.00,0.0,M
1923-11-10,58,27,0.00,0.0,M
1923-11-11,45,33,0.00,0.0,M
1923-11-12,50,33,T,0.0,M
1923-11-13,40,29,T,0.0,M
1923-11-14,47,32,0.00,0.0,M
1923-11-15,53,31,0.00,0.0,M
1923-11-16,50,27,0.00,0.0,M
1923-11-17,59,28,0.00,0.0,M
1923-11-18,45,M,0.00,0.0,M
1923-11-19,41,26,0.00,0.0,M
1923-11-20,48,21,0.00,0.0,M
1923-11-21,57,27,0.00,0.0,M
1923-11-22,56,42,0.00,0.0,M
1923-11-23,42,23,T,T,M
1923-11-24,38,34,0.48,0.0,M
1923-11-25,36,28,0.80,8.0,M
1923-11-26,43,21,0.00,0.0,M
1923-11-27,59,35,0.00,0.0,M
1923-11-28,57,33,0.00,0.0,M
1923-11-29,42,20,0.00,0.0,M
1923-11-30,54,29,1.10,0.0,M
1923-12-01,55,49,0.00,0.0,M
1923-12-02,49,29,0.00,0.0,M
1923-12-03,46,36,0.00,0.0,M
1923-12-04,42,24,0.00,0.0,M
1923-12-05,40,33,0.80,1.0,M
1923-12-06,52,35,0.94,0.0,M
1923-12-07,46,37,0.00,0.0,M
1923-12-08,56,29,0.00,0.0,M
1923-12-09,54,46,0.00,0.0,M
1923-12-10,46,29,0.00,0.0,M
1923-12-11,40,34,0.00,0.0,M
1923-12-12,48,30,0.00,0.0,M
1923-12-13,62,30,0.00,0.0,M
1923-12-14,60,22,0.33,0.0,M
1923-12-15,32,12,0.00,0.0,M
1923-12-16,41,22,0.00,0.0,M
1923-12-17,43,25,M,T,M
1923-12-18,37,12,0.00,0.0,M
1923-12-19,38,12,0.00,0.0,M
1923-12-20,46,21,0.08,0.0,M
1923-12-21,50,26,0.00,0.0,M
1923-12-22,44,33,T,0.0,M
1923-12-23,41,35,0.60,0.0,M
1923-12-24,37,25,0.30,3.0,M
1923-12-25,35,17,0.00,0.0,M
1923-12-26,34,30,0.00,0.0,M
1923-12-27,33,21,0.00,0.0,M
1923-12-28,36,25,0.40,4.0,M
1923-12-29,31,25,0.10,1.0,M
1923-12-30,26,4,0.10,1.0,M
1923-12-31,35,17,0.40,4.0,M
1924-01-01,50,15,M,T,M
1924-01-02,26,-6,0.00,0.0,M
1924-01-03,43,20,0.03,T,M
1924-01-04,34,16,0.00,0.0,M
1924-01-05,M,8,0.20,2.0,M
1924-01-06,18,5,0.00,0.0,M
1924-01-07,26,14,M,T,M
1924-01-08,35,19,0.00,0.0,M
1924-01-09,51,16,0.00,0.0,M
1924-01-10,49,25,0.00,0.0,M
1924-01-11,55,32,0.74,0.0,M
1924-01-12,44,28,0.00,0.0,M
1924-01-13,35,21,0.00,0.0,M
1924-01-14,32,23,0.00,0.0,M
1924-01-15,31,18,0.00,0.0,M
1924-01-16,39,16,T,0.0,M
1924-01-17,51,28,0.00,0.0,M
1924-01-18,34,20,0.00,0.0,M
1924-01-19,37,22,M,T,M
1924-01-20,39,M,0.00,0.0,M
1924-01-21,19,-1,M,T,M
1924-01-22,24,-2,0.00,0.0,M
1924-01-23,34,24,M,T,M
1924-01-24,27,4,M,T,M
1924-01-25,42,23,0.10,2.0,M
1924-01-26,39,-2,M,T,M
1924-01-27,4,-20,0.00,0.0,M
1924-01-28,18,-5,0.00,0.0,M
1924-01-29,44,M,M,T,M
1924-01-30,50,34,0.05,0.0,M
1924-01-31,42,27,0.00,0.0,M
1924-02-01,27,8,0.00,0.0,M
1924-02-02,35,23,0.10,1.0,M
1924-02-03,31,15,0.10,T,M
1924-02-04,25,10,M,T,M
1924-02-05,27,11,0.10,1.0,M
1924-02-06,33,26,0.10,1.0,M
1924-02-07,31,21,0.09,1.0,M
1924-02-08,25,9,0.00,0.0,M
1924-02-09,25,-4,0.00,0.0,M
1924-02-10,32,-2,M,T,M
1924-02-11,28,-1,0.00,0.0,M
1924-02-12,22,7,0.00,0.0,M
1924-02-13,14,-0,0.00,0.0,M
1924-02-14,24,2,M,T,M
1924-02-15,30,6,0.10,1.0,M
1924-02-16,25,4,0.00,0.0,M
1924-02-17,26,-3,0.00,0.0,M
1924-02-18,25,-4,0.00,0.0,M
1924-02-19,18,-9,0.00,0.0,M
1924-02-20,28,8,1.00,10.0,M
1924-02-21,28,17,M,T,M
1924-02-22,22,6,0.10,1.0,M
1924-02-23,18,5,0.10,1.0,M
1924-02-24,25,-0,0.00,0.0,M
1924-02-25,29,-15,0.00,0.0,M
1924-02-26,33,-4,0.00,0.0,M
1924-02-27,39,-9,0.00,0.0,M
1924-02-28,34,10,0.00,0.0,M
1924-02-29,29,20,0.00,0.0,M
1924-03-01,27,17,0.00,0.0,M
1924-03-02,31,5,0.00,0.0,M
1924-03-03,39,10,T,T,M
1924-03-04,49,10,0.00,0.0,M
1924-03-05,50,35,0.00,0.0,M
1924-03-06,40,25,0.10,1.0,M
1924-03-07,30,9,0.00,0.0,M
1924-03-08,38,28,0.00,0.0,M
1924-03-09,40,29,0.00,0.0,M
1924-03-10,38,30,0.00,0.0,M
1924-03-11,35,31,0.20,2.0,M
1924-03-12,41,31,0.10,1.0,M
1924-03-13,35,23,0.00,0.0,M
1924-03-14,26,13,0.00,0.0,M
1924-03-15,22,13,T,T,M
1924-03-16,24,16,0.00,0.0,M
1924-03-17,29,21,0.00,0.0,M
1924-03-18,36,21,0.00,0.0,M
1924-03-19,33,20,0.00,0.0,M
1924-03-20,42,24,0.00,0.0,M
1924-03-21,40,26,0.00,0.0,M
1924-03-22,48,32,0.00,0.0,M
1924-03-23,53,19,0.00,0.0,M
1924-03-24,48,22,0.00,0.0,M
1924-03-25,41,22,0.00,0.0,M
1924-03-26,38,23,T,T,M
1924-03-27,45,18,0.00,0.0,M
1924-03-28,49,29,0.00,0.0,M
1924-03-29,42,27,0.09,0.0,M
1924-03-30,56,33,0.21,0.0,M
1924-03-31,38,24,0.00,0.0,M
1924-04-01,31,15,0.30,3.0,M
1924-04-02,33,25,0.30,3.0,M
1924-04-03,44,25,0.00,0.0,M
1924-04-04,59,22,0.00,0.0,M
1924-04-05,59,30,0.00,0.0,M
1924-04-06,51,29,0.08,0.0,M
1924-04-07,44,32,1.53,3.0,M
1924-04-08,37,31,M,2.0,M
1924-04-09,48,24,0.06,0.0,M
1924-04-10,52,32,0.00,0.0,M
1924-04-11,47,25,0.00,0.0,M
1924-04-12,52,24,0.00,0.0,M
1924-04-13,61,34,0.45,0.0,M
1924-04-14,59,44,0.05,0.0,M
1924-04-15,48,30,0.00,0.0,M
1924-04-16,52,24,0.00,0.0,M
1924-04-17,57,23,0.00,0.0,M
1924-04-18,50,37,0.14,0.0,M
1924-04-19,51,35,0.77,0.0,M
1924-04-20,47,28,0.20,1.0,M
1924-04-21,49,29,0.10,0.0,M
1924-04-22,48,36,0.61,0.0,M
1924-04-23,49,36,T,T,M
1924-04-24,54,38,0.00,0.0,M
1924-04-25,59,26,0.00,0.0,M
1924-04-26,65,M,0.00,0.0,M
1924-04-27,63,30,0.00,0.0,M
1924-04-28,71,32,0.00,0.0,M
1924-04-29,69,35,0.00,0.0,M
1924-04-30,64,40,0.14,0.0,M
1924-05-01,53,46,0.67,0.0,M
1924-05-02,57,39,0.00,0.0,M
1924-05-03,66,28,0.00,0.0,M
1924-05-04,61,45,0.76,0.0,M
1924-05-05,57,34,0.00,0.0,M
1924-05-06,60,38,0.21,0.0,M
1924-05-07,71,34,0.00,0.0,M
1924-05-08,69,53,T,0.0,M
1924-05-09,61,45,0.62,0.0,M
1924-05-10,55,41,0.24,0.0,M
1924-05-11,55,44,T,0.0,M
1924-05-12,50,44,1.51,0.0,M
1924-05-13,71,42,0.00,0.0,M
1924-05-14,66,39,0.31,0.0,M
1924-05-15,61,46,0.16,0.0,M
1924-05-16,64,43,0.00,0.0,M
1924-05-17,70,45,0.00,0.0,M
1924-05-18,75,46,0.09,0.0,M
1924-05-19,59,40,0.10,0.0,M
1924-05-20,54,38,0.00,0.0,M
1924-05-21,50,33,0.03,0.0,M
1924-05-22,55,36,0.00,0.0,M
1924-05-23,69,30,0.00,0.0,M
1924-05-24,74,51,0.11,0.0,M
1924-05-25,60,46,0.02,0.0,M
1924-05-26,58,35,0.00,0.0,M
1924-05-27,64,33,0.06,0.0,M
1924-05-28,68,52,0.12,0.0,M
1924-05-29,65,39,0.00,0.0,M
1924-05-30,57,36,0.00,0.0,M
1924-05-31,61,40,0.00,0.0,M
1924-06-01,68,32,0.00,0.0,M
1924-06-02,70,39,0.00,0.0,M
1924-06-03,71,44,0.00,0.0,M
1924-06-04,73,41,0.24,0.0,M
1924-06-05,73,49,0.00,0.0,M
1924-06-06,66,39,0.08,0.0,M
1924-06-07,66,49,0.00,0.0,M
1924-06-08,59,40,0.24,0.0,M
1924-06-09,71,40,0.00,0.0,M
1924-06-10,75,41,0.00,0.0,M
1924-06-11,69,51,0.00,0.0,M
1924-06-12,62,49,0.00,0.0,M
1924-06-13,66,56,T,0.0,M
1924-06-14,71,55,0.59,0.0,M
1924-06-15,78,48,0.00,0.0,M
1924-06-16,79,39,0.00,0.0,M
1924-06-17,79,59,0.00,0.0,M
1924-06-18,80,46,0.00,0.0,M
1924-06-19,80,48,0.00,0.0,M
1924-06-20,80,52,0.00,0.0,M
1924-06-21,77,58,1.39,0.0,M
1924-06-22,80,52,0.00,0.0,M
1924-06-23,83,49,0.07,0.0,M
1924-06-24,79,51,0.09,0.0,M
1924-06-25,72,63,0.35,0.0,M
1924-06-26,75,45,0.00,0.0,M
1924-06-27,69,49,T,0.0,M
1924-06-28,79,46,0.00,0.0,M
1924-06-29,84,63,T,0.0,M
1924-06-30,72,53,0.00,0.0,M
1924-07-01,73,49,0.13,M,M
1924-07-02,75,50,0.00,M,M
1924-07-03,71,52,0.00,M,M
1924-07-04,71,49,0.00,M,M
1924-07-05,82,50,0.00,M,M
1924-07-06,85,M,0.00,M,M
1924-07-07,86,66,0.00,M,M
1924-07-08,84,65,0.90,M,M
1924-07-09,82,65,0.00,M,M
1924-07-10,81,60,0.16,M,M
1924-07-11,77,56,0.00,M,M
1924-07-12,86,61,0.15,M,M
1924-07-13,78,53,0.55,M,M
1924-07-14,71,65,0.00,M,M
1924-07-15,75,43,0.00,M,M
1924-07-16,80,48,0.00,M,M
1924-07-17,75,58,0.79,M,M
1924-07-18,68,54,0.00,M,M
1924-07-19,73,50,0.00,M,M
1924-07-20,78,44,0.00,M,M
1924-07-21,85,47,0.00,M,M
1924-07-22,82,63,0.00,M,M
1924-07-23,81,63,0.00,M,M
1924-07-24,86,55,0.00,M,M
1924-07-25,79,61,0.09,M,M
1924-07-26,75,45,0.00,M,M
1924-07-27,77,56,0.00,M,M
1924-07-28,85,55,0.00,M,M
1924-07-29,89,56,0.21,M,M
1924-07-30,82,63,0.20,M,M
1924-07-31,72,58,0.86,M,M
1924-08-01,69,53,0.00,M,M
1924-08-02,69,41,0.00,M,M
1924-08-03,76,39,0.00,M,M
1924-08-04,81,57,0.00,M,M
1924-08-05,84,67,0.00,M,M
1924-08-06,91,59,0.38,M,M
1924-08-07,88,70,0.11,M,M
1924-08-08,78,58,0.00,M,M
1924-08-09,82,56,0.07,M,M
1924-08-10,81,52,0.14,M,M
1924-08-11,71,49,0.00,M,M
1924-08-12,77,57,0.51,M,M
1924-08-13,75,62,0.00,M,M
1924-08-14,70,56,0.04,M,M
1924-08-15,73,51,0.00,M,M
1924-08-16,79,46,0.00,M,M
1924-08-17,71,59,0.56,M,M
1924-08-18,69,49,T,M,M
1924-08-19,71,41,0.00,M,M
1924-08-20,75,56,0.08,M,M
1924-08-21,74,59,0.18,M,M
1924-08-22,79,54,0.00,M,M
1924-08-23,78,57,0.25,M,M
1924-08-24,80,49,0.00,M,M
1924-08-25,75,62,2.15,M,M
1924-08-26,78,60,0.05,M,M
1924-08-27,85,54,0.00,M,M
1924-08-28,78,54,0.00,M,M
1924-08-29,79,66,0.00,M,M
1924-08-30,86,62,0.00,M,M
1924-08-31,88,57,0.00,M,M
1924-09-01,79,65,0.38,M,M
1924-09-02,71,55,0.21,M,M
1924-09-03,66,48,0.13,M,M
1924-09-04,68,39,0.00,M,M
1924-09-05,65,43,0.66,M,M
1924-09-06,58,42,0.10,M,M
1924-09-07,63,41,0.00,M,M
1924-09-08,66,45,0.00,M,M
1924-09-09,67,56,0.61,M,M
1924-09-10,57,45,T,M,M
1924-09-11,59,43,0.00,M,M
1924-09-12,78,42,0.00,M,M
1924-09-13,70,60,0.25,M,M
1924-09-14,61,49,0.00,M,M
1924-09-15,63,40,0.00,M,M
1924-09-16,65,35,0.00,M,M
1924-09-17,62,52,0.00,M,M
1924-09-18,68,45,0.00,M,M
1924-09-19,70,54,0.00,M,M
1924-09-20,71,59,0.00,M,M
1924-09-21,69,56,0.00,M,M
1924-09-22,72,54,0.12,M,M
1924-09-23,69,M,0.21,M,M
1924-09-24,59,50,0.00,M,M
1924-09-25,63,36,0.00,M,M
1924-09-26,68,30,0.00,M,M
1924-09-27,68,46,0.00,M,M
1924-09-28,68,49,0.00,M,M
1924-09-29,67,42,0.20,M,M
1924-09-30,60,51,2.35,M,M
1924-10-01,M,41,0.40,M,M
1924-10-02,66,45,0.60,M,M
1924-10-03,69,35,0.00,M,M
1924-10-04,68,36,0.00,M,M
1924-10-05,74,42,0.00,M,M
1924-10-06,72,51,0.00,M,M
1924-10-07,61,52,0.31,M,M
1924-10-08,55,49,0.08,M,M
1924-10-09,59,38,0.00,M,M
1924-10-10,64,30,0.00,M,M
1924-10-11,69,37,0.00,M,M
1924-10-12,63,40,0.00,M,M
1924-10-13,57,26,0.00,M,M
1924-10-14,57,25,0.00,M,M
1924-10-15,64,30,0.00,M,M
1924-10-16,61,45,0.00,M,M
1924-10-17,55,36,0.00,M,M
1924-10-18,59,25,0.00,M,M
1924-10-19,58,29,0.00,M,M
1924-10-20,47,29,0.00,M,M
1924-10-21,42,31,0.00,M,M
1924-10-22,41,32,0.00,M,M
1924-10-23,56,28,0.00,M,M
1924-10-24,64,30,0.00,M,M
1924-10-25,68,33,0.00,M,M
1924-10-26,66,31,0.00,M,M
1924-10-27,70,29,0.00,M,M
1924-10-28,69,30,0.00,M,M
1924-10-29,60,32,0.00,M,M
1924-10-30,58,25,0.00,M,M
1924-10-31,56,31,0.00,M,M
1924-11-01,65,34,0.00,0.0,M
1924-11-02,62,38,0.00,0.0,M
1924-11-03,M,28,0.00,0.0,M
1924-11-04,55,27,0.00,0.0,M
1924-11-05,54,26,0.00,0.0,M
1924-11-06,69,43,0.00,0.0,M
1924-11-07,72,45,0.00,0.0,M
1924-11-08,67,32,0.00,0.0,M
1924-11-09,38,19,T,0.0,M
1924-11-10,53,25,0.00,0.0,M
1924-11-11,56,19,0.00,0.0,M
1924-11-12,64,31,0.00,0.0,M
1924-11-13,59,28,0.00,0.0,M
1924-11-14,48,37,0.14,0.0,M
1924-11-15,39,28,0.00,0.0,M
1924-11-16,46,33,0.00,0.0,M
1924-11-17,41,5,0.00,0.0,M
1924-11-18,23,7,0.00,0.0,M
1924-11-19,34,-0,0.00,0.0,M
1924-11-20,41,22,0.00,0.0,M
1924-11-21,51,25,0.00,0.0,M
1924-11-22,55,39,1.75,0.0,M
1924-11-23,45,37,0.69,0.0,M
1924-11-24,41,32,0.00,0.0,M
1924-11-25,39,30,0.00,0.0,M
1924-11-26,41,29,0.00,0.0,M
1924-11-27,44,22,0.00,0.0,M
1924-11-28,42,28,0.00,0.0,M
1924-11-29,36,21,0.10,1.0,M
1924-11-30,28,18,0.00,0.0,M
1924-12-01,23,14,0.00,0.0,M
1924-12-02,31,17,0.00,0.0,M
1924-12-03,34,23,0.00,0.0,M
1924-12-04,35,24,0.00,0.0,M
1924-12-05,29,6,T,0.0,M
1924-12-06,46,28,0.16,0.0,M
1924-12-07,50,32,0.00,0.0,M
1924-12-08,49,34,0.05,0.0,M
1924-12-09,59,35,0.00,0.0,M
1924-12-10,36,24,T,0.0,M
1924-12-11,29,16,0.00,0.0,M
1924-12-12,32,15,0.00,0.0,M
1924-12-13,41,26,T,T,M
1924-12-14,41,15,T,T,M
1924-12-15,21,11,T,T,M
1924-12-16,26,8,0.00,0.0,M
1924-12-17,44,23,0.06,0.0,M
1924-12-18,36,25,0.04,0.0,M
1924-12-19,54,23,0.08,0.0,M
1924-12-20,39,13,0.01,1.0,M
1924-12-21,13,-10,0.00,0.0,M
1924-12-22,19,-8,0.00,0.0,M
1924-12-23,26,-2,0.00,0.0,M
1924-12-24,32,20,0.02,2.0,M
1924-12-25,29,15,T,T,M
1924-12-26,20,5,0.00,0.0,M
1924-12-27,32,5,0.00,0.0,M
1924-12-28,23,-12,0.00,0.0,M
1924-12-29,16,-14,0.00,0.0,M
1924-12-30,35,6,0.00,0.0,M
1924-12-31,27,13,0.00,0.0,M
1925-01-01,15,-11,0.00,0.0,M
1925-01-02,22,1,0.10,1.0,M
1925-01-03,33,19,0.20,2.0,M
1925-01-04,36,28,T,T,M
1925-01-05,34,26,0.00,0.0,M
1925-01-06,29,28,0.20,2.0,M
1925-01-07,41,17,0.00,0.0,M
1925-01-08,40,27,0.00,0.0,M
1925-01-09,29,21,0.00,0.0,M
1925-01-10,30,14,0.00,0.0,M
1925-01-11,24,9,0.00,0.0,M
1925-01-12,20,-7,0.00,0.0,M
1925-01-13,36,19,0.10,1.0,M
1925-01-14,28,12,0.10,1.0,M
1925-01-15,20,-7,0.00,0.0,M
1925-01-16,30,-1,0.20,2.0,M
1925-01-17,40,22,0.00,0.0,M
1925-01-18,22,-1,T,T,M
1925-01-19,15,-0,1.00,10.0,M
1925-01-20,19,-3,0.00,0.0,M
1925-01-21,19,9,0.00,0.0,M
1925-01-22,40,-2,0.00,0.0,M
1925-01-23,32,-9,0.00,0.0,M
1925-01-24,11,-14,0.00,0.0,M
1925-01-25,33,9,0.00,0.0,M
1925-01-26,49,23,0.00,0.0,M
1925-01-27,45,-0,0.10,1.0,M
1925-01-28,7,-28,0.00,0.0,M
1925-01-29,20,-22,0.00,0.0,M
1925-01-30,25,12,1.20,12.0,M
1925-01-31,35,17,0.00,0.0,M
1925-02-01,43,21,0.00,0.0,M
1925-02-02,32,9,0.50,5.0,M
1925-02-03,22,-3,0.00,0.0,M
1925-02-04,29,-11,0.00,0.0,M
1925-02-05,40,19,0.00,0.0,M
1925-02-06,40,25,0.00,0.0,M
1925-02-07,48,15,0.00,0.0,M
1925-02-08,53,27,0.00,0.0,M
1925-02-09,54,22,0.00,0.0,M
1925-02-10,46,35,0.04,0.0,M
1925-02-11,53,35,0.00,0.0,M
1925-02-12,48,22,0.30,3.0,M
1925-02-13,32,15,0.10,1.0,M
1925-02-14,30,23,0.03,0.0,M
1925-02-15,37,20,0.01,T,M
1925-02-16,42,10,0.00,0.0,M
1925-02-17,44,20,0.03,0.0,M
1925-02-18,26,11,0.00,0.0,M
1925-02-19,42,10,0.00,0.0,M
1925-02-20,37,28,0.00,0.0,M
1925-02-21,48,19,0.00,0.0,M
1925-02-22,50,35,T,T,M
1925-02-23,55,32,0.14,0.0,M
1925-02-24,55,33,T,T,M
1925-02-25,46,26,0.00,0.0,M
1925-02-26,48,18,T,T,M
1925-02-27,18,7,0.00,0.0,M
1925-02-28,21,6,0.00,0.0,M
1925-03-01,38,9,0.12,0.0,M
1925-03-02,41,11,0.05,0.0,M
1925-03-03,24,2,0.00,0.0,M
1925-03-04,34,17,0.00,0.0,M
1925-03-05,40,26,0.10,1.0,M
1925-03-06,48,27,0.00,0.0,M
1925-03-07,50,22,0.00,0.0,M
1925-03-08,53,28,0.00,0.0,M
1925-03-09,46,31,0.00,0.0,M
1925-03-10,56,26,0.00,0.0,M
1925-03-11,53,36,0.00,0.0,M
1925-03-12,41,25,0.00,0.0,M
1925-03-13,47,29,T,0.0,M
1925-03-14,59,33,0.47,0.0,M
1925-03-15,48,20,0.00,0.0,M
1925-03-16,45,14,0.00,0.0,M
1925-03-17,40,27,0.25,0.0,M
1925-03-18,52,35,T,0.0,M
1925-03-19,66,35,0.00,0.0,M
1925-03-20,47,32,0.00,0.0,M
1925-03-21,58,22,0.00,0.0,M
1925-03-22,51,33,0.00,0.0,M
1925-03-23,42,25,0.00,0.0,M
1925-03-24,54,18,0.00,0.0,M
1925-03-25,49,37,0.18,0.0,M
1925-03-26,71,25,0.00,0.0,M
1925-03-27,67,35,0.03,0.0,M
1925-03-28,57,32,1.33,0.0,M
1925-03-29,36,29,0.09,1.0,M
1925-03-30,47,33,0.05,0.0,M
1925-03-31,45,35,0.06,0.0,M
1925-04-01,42,35,0.10,0.0,M
1925-04-02,46,31,0.00,0.0,M
1925-04-03,55,28,0.00,0.0,M
1925-04-04,56,31,0.00,0.0,M
1925-04-05,47,24,0.00,0.0,M
1925-04-06,55,20,0.00,0.0,M
1925-04-07,66,22,0.00,0.0,M
1925-04-08,61,30,0.00,0.0,M
1925-04-09,66,22,0.00,0.0,M
1925-04-10,54,40,0.39,0.0,M
1925-04-11,64,30,0.00,0.0,M
1925-04-12,56,35,0.00,0.0,M
1925-04-13,53,33,0.00,0.0,M
1925-04-14,59,35,0.11,0.0,M
1925-04-15,69,43,0.24,0.0,M
1925-04-16,49,33,T,T,M
1925-04-17,60,24,0.00,0.0,M
1925-04-18,58,27,0.00,0.0,M
1925-04-19,51,35,0.70,0.0,M
1925-04-20,35,26,0.65,0.0,M
1925-04-21,53,19,0.00,0.0,M
1925-04-22,69,25,0.00,0.0,M
1925-04-23,70,42,0.00,0.0,M
1925-04-24,75,43,0.00,0.0,M
1925-04-25,73,49,0.51,0.0,M
1925-04-26,70,45,0.00,0.0,M
1925-04-27,71,46,0.00,0.0,M
1925-04-28,58,35,0.00,0.0,M
1925-04-29,61,30,0.00,0.0,M
1925-04-30,52,34,0.67,0.0,M
1925-05-01,52,35,T,0.0,M
1925-05-02,50,38,0.18,0.0,M
1925-05-03,62,32,0.00,0.0,M
1925-05-04,68,40,0.04,0.0,M
1925-05-05,56,42,0.00,0.0,M
1925-05-06,54,36,0.00,0.0,M
1925-05-07,52,33,0.30,0.0,M
1925-05-08,51,31,0.00,0.0,M
1925-05-09,62,28,0.00,0.0,M
1925-05-10,72,36,0.00,0.0,M
1925-05-11,64,52,0.19,0.0,M
1925-05-12,67,33,0.00,0.0,M
1925-05-13,77,32,0.00,0.0,M
1925-05-14,62,44,0.00,0.0,M
1925-05-15,68,48,0.00,0.0,M
1925-05-16,72,32,0.00,0.0,M
1925-05-17,68,56,0.00,0.0,M
1925-05-18,61,40,0.00,0.0,M
1925-05-19,70,29,0.00,0.0,M
1925-05-20,80,36,0.00,0.0,M
1925-05-21,75,42,0.00,0.0,M
1925-05-22,71,34,0.00,0.0,M
1925-05-23,68,46,1.05,0.0,M
1925-05-24,46,36,0.11,0.0,M
1925-05-25,48,33,0.39,0.0,M
1925-05-26,60,33,0.00,0.0,M
1925-05-27,66,32,0.00,0.0,M
1925-05-28,69,34,0.00,0.0,M
1925-05-29,59,48,0.58,0.0,M
1925-05-30,71,47,0.00,0.0,M
1925-05-31,75,42,0.00,0.0,M
1925-06-01,85,61,0.35,0.0,M
1925-06-02,88,60,0.25,0.0,M
1925-06-03,89,61,0.11,0.0,M
1925-06-04,88,66,0.00,0.0,M
1925-06-05,90,66,0.00,0.0,M
1925-06-06,88,64,0.00,0.0,M
1925-06-07,88,59,0.00,0.0,M
1925-06-08,89,62,0.17,0.0,M
1925-06-09,80,56,0.09,0.0,M
1925-06-10,81,59,0.00,0.0,M
1925-06-11,67,47,0.00,0.0,M
1925-06-12,75,39,0.00,0.0,M
1925-06-13,79,44,0.00,0.0,M
1925-06-14,78,60,T,0.0,M
1925-06-15,85,51,0.42,0.0,M
1925-06-16,72,62,0.74,0.0,M
1925-06-17,77,62,T,0.0,M
1925-06-18,80,60,T,0.0,M
1925-06-19,76,56,0.00,0.0,M
1925-06-20,78,50,0.05,0.0,M
1925-06-21,75,61,T,0.0,M
1925-06-22,70,46,0.00,0.0,M
1925-06-23,68,59,0.34,0.0,M
1925-06-24,72,41,0.00,0.0,M
1925-06-25,65,54,0.86,0.0,M
1925-06-26,76,51,0.00,0.0,M
1925-06-27,81,52,T,0.0,M
1925-06-28,78,59,0.77,0.0,M
1925-06-29,73,55,0.25,0.0,M
1925-06-30,62,48,0.14,0.0,M
1925-07-01,70,52,0.00,0.0,M
1925-07-02,71,57,T,0.0,M
1925-07-03,74,46,0.00,0.0,M
1925-07-04,76,58,T,0.0,M
1925-07-05,81,61,0.00,0.0,M
1925-07-06,87,51,0.00,0.0,M
1925-07-07,89,72,0.55,0.0,M
1925-07-08,79,64,0.05,0.0,M
1925-07-09,81,50,0.00,0.0,M
1925-07-10,80,64,0.65,0.0,M
1925-07-11,81,66,0.00,0.0,M
1925-07-12,80,63,T,0.0,M
1925-07-13,72,54,0.00,0.0,M
1925-07-14,78,51,0.00,0.0,M
1925-07-15,81,51,0.00,0.0,M
1925-07-16,79,63,0.74,0.0,M
1925-07-17,75,57,0.06,0.0,M
1925-07-18,70,51,0.00,0.0,M
1925-07-19,78,50,0.00,0.0,M
1925-07-20,80,69,0.00,0.0,M
1925-07-21,72,61,0.12,0.0,M
1925-07-22,79,64,0.73,0.0,M
1925-07-23,70,61,0.00,0.0,M
1925-07-24,77,50,0.00,0.0,M
1925-07-25,74,65,0.00,0.0,M
1925-07-26,79,61,1.07,0.0,M
1925-07-27,69,60,0.08,0.0,M
1925-07-28,80,62,0.64,0.0,M
1925-07-29,78,54,0.00,0.0,M
1925-07-30,70,49,0.00,0.0,M
1925-07-31,71,45,0.10,0.0,M
1925-08-01,73,61,0.10,0.0,M
1925-08-02,77,60,0.00,0.0,M
1925-08-03,79,63,0.06,0.0,M
1925-08-04,80,55,0.03,0.0,M
1925-08-05,74,55,T,0.0,M
1925-08-06,75,60,0.09,0.0,M
1925-08-07,75,59,T,0.0,M
1925-08-08,79,65,0.00,0.0,M
1925-08-09,78,63,T,0.0,M
1925-08-10,82,67,0.42,0.0,M
1925-08-11,73,60,0.00,0.0,M
1925-08-12,73,50,0.00,0.0,M
1925-08-13,69,55,0.52,0.0,M
1925-08-14,74,59,0.55,0.0,M
1925-08-15,79,56,0.00,0.0,M
1925-08-16,80,55,0.00,0.0,M
1925-08-17,83,51,0.00,0.0,M
1925-08-18,84,53,0.00,0.0,M
1925-08-19,83,55,T,0.0,M
1925-08-20,76,62,0.00,0.0,M
1925-08-21,67,59,0.11,0.0,M
1925-08-22,67,38,0.00,0.0,M
1925-08-23,77,39,0.00,0.0,M
1925-08-24,79,44,0.00,0.0,M
1925-08-25,82,48,0.00,0.0,M
1925-08-26,79,50,0.00,0.0,M
1925-08-27,71,42,0.00,0.0,M
1925-08-28,67,33,0.00,0.0,M
1925-08-29,76,56,0.00,0.0,M
1925-08-30,84,50,0.00,0.0,M
1925-08-31,82,60,0.00,0.0,M
1925-09-01,76,46,0.00,0.0,M
1925-09-02,74,47,0.00,0.0,M
1925-09-03,66,54,0.16,0.0,M
1925-09-04,75,60,0.00,0.0,M
1925-09-05,78,50,0.00,0.0,M
1925-09-06,76,48,0.33,0.0,M
1925-09-07,65,59,1.24,0.0,M
1925-09-08,72,59,0.00,0.0,M
1925-09-09,66,40,T,0.0,M
1925-09-10,83,60,0.00,0.0,M
1925-09-11,88,64,0.00,0.0,M
1925-09-12,85,65,0.77,0.0,M
1925-09-13,80,65,0.94,0.0,M
1925-09-14,77,M,0.55,0.0,M
1925-09-15,65,47,0.04,0.0,M
1925-09-16,61,54,0.58,0.0,M
1925-09-17,64,55,0.00,0.0,M
1925-09-18,74,46,0.04,0.0,M
1925-09-19,70,53,0.00,0.0,M
1925-09-20,79,46,T,0.0,M
1925-09-21,74,55,0.12,0.0,M
1925-09-22,55,38,0.00,0.0,M
1925-09-23,60,33,0.00,0.0,M
1925-09-24,69,40,T,0.0,M
1925-09-25,58,39,0.00,0.0,M
1925-09-26,65,26,0.00,0.0,M
1925-09-27,71,39,0.00,0.0,M
1925-09-28,68,60,T,0.0,M
1925-09-29,61,45,0.00,0.0,M
1925-09-30,58,49,0.00,0.0,M
1925-10-01,M,34,0.00,0.0,M
1925-10-02,59,43,0.00,0.0,M
1925-10-03,63,40,0.00,0.0,M
1925-10-04,64,44,0.00,0.0,M
1925-10-05,57,41,0.31,0.0,M
1925-10-06,57,34,0.00,0.0,M
1925-10-07,53,38,0.13,0.0,M
1925-10-08,50,40,0.00,0.0,M
1925-10-09,47,38,0.17,0.0,M
1925-10-10,40,24,0.20,2.0,M
1925-10-11,42,26,0.00,0.0,M
1925-10-12,53,M,0.00,0.0,M
1925-10-13,50,27,0.00,0.0,M
1925-10-14,56,22,0.00,0.0,M
1925-10-15,60,39,0.05,0.0,M
1925-10-16,67,38,0.00,0.0,M
1925-10-17,73,48,0.14,0.0,M
1925-10-18,51,30,0.00,0.0,M
1925-10-19,56,31,0.00,0.0,M
1925-10-20,46,30,T,0.0,M
1925-10-21,49,32,0.00,0.0,M
1925-10-22,45,26,T,0.0,M
1925-10-23,41,27,0.01,0.0,M
1925-10-24,46,28,0.00,0.0,M
1925-10-25,49,32,1.49,0.0,M
1925-10-26,48,36,0.00,0.0,M
1925-10-27,41,34,0.11,0.0,M
1925-10-28,45,26,0.00,0.0,M
1925-10-29,45,26,0.00,0.0,M
1925-10-30,32,25,M,T,M
1925-10-31,39,17,0.10,1.0,M
1925-11-01,48,13,0.00,0.0,M
1925-11-02,49,18,0.00,0.0,M
1925-11-03,45,20,0.00,0.0,M
1925-11-04,53,26,0.00,0.0,M
1925-11-05,48,23,0.00,0.0,M
1925-11-06,55,39,0.30,0.0,M
1925-11-07,50,28,0.08,0.0,M
1925-11-08,64,39,0.59,0.0,M
1925-11-09,41,29,0.00,0.0,M
1925-11-10,39,26,0.00,0.0,M
1925-11-11,49,22,0.00,0.0,M
1925-11-12,51,28,0.00,0.0,M
1925-11-13,56,42,1.10,0.0,M
1925-11-14,51,40,0.08,0.0,M
1925-11-15,48,37,0.00,0.0,M
1925-11-16,54,37,0.79,0.0,M
1925-11-17,50,33,0.00,0.0,M
1925-11-18,48,27,T,0.0,M
1925-11-19,49,31,0.00,0.0,M
1925-11-20,45,35,T,0.0,M
1925-11-21,55,36,T,0.0,M
1925-11-22,61,32,0.00,0.0,M
1925-11-23,54,27,0.00,0.0,M
1925-11-24,M,21,M,T,M
1925-11-25,36,M,M,T,M
1925-11-26,34,21,0.00,0.0,M
1925-11-27,46,23,0.21,0.0,M
1925-11-28,48,25,0.10,1.0,M
1925-11-29,25,12,0.00,0.0,M
1925-11-30,28,7,0.00,0.0,M
1925-12-01,33,M,0.20,2.0,M
1925-12-02,40,31,0.00,0.0,M
1925-12-03,39,28,T,0.0,M
1925-12-04,48,35,0.35,0.0,M
1925-12-05,48,38,0.40,0.0,M
1925-12-06,49,32,0.53,0.0,M
1925-12-07,39,30,0.06,0.0,M
1925-12-08,37,30,0.00,0.0,M
1925-12-09,41,18,T,T,M
1925-12-10,22,16,T,T,M
1925-12-11,34,18,0.00,0.0,M
1925-12-12,43,29,T,T,M
1925-12-13,44,24,T,T,M
1925-12-14,28,20,0.00,0.0,M
1925-12-15,22,13,0.00,0.0,M
1925-12-16,28,14,0.00,0.0,M
1925-12-17,29,20,T,T,M
1925-12-18,31,21,0.00,0.0,M
1925-12-19,40,27,0.00,0.0,M
1925-12-20,47,32,0.00,0.0,M
1925-12-21,49,34,0.00,0.0,M
1925-12-22,44,M,0.66,0.0,M
1925-12-23,27,15,0.00,0.0,M
1925-12-24,28,14,0.10,1.0,M
1925-12-25,32,22,0.00,0.0,M
1925-12-26,26,5,0.00,0.0,M
1925-12-27,7,-7,0.00,0.0,M
1925-12-28,24,4,0.00,0.0,M
1925-12-29,23,12,0.00,0.0,M
1925-12-30,24,12,0.00,0.0,M
1925-12-31,27,16,0.00,0.0,M
1926-01-01,39,24,0.00,0.0,M
1926-01-02,37,26,T,T,M
1926-01-03,38,30,0.00,0.0,M
1926-01-04,38,21,0.00,0.0,M
1926-01-05,46,34,0.12,0.0,M
1926-01-06,49,34,0.10,0.0,M
1926-01-07,36,14,0.00,0.0,M
1926-01-08,23,9,0.00,0.0,M
1926-01-09,20,14,1.00,10.0,M
1926-01-10,28,10,0.00,0.0,M
1926-01-11,31,-2,0.00,0.0,M
1926-01-12,31,17,T,T,M
1926-01-13,19,-19,0.00,0.0,M
1926-01-14,22,-12,0.00,0.0,M
1926-01-15,36,-6,T,T,M
1926-01-16,34,13,0.00,0.0,M
1926-01-17,48,13,0.00,0.0,M
1926-01-18,46,33,T,0.0,M
1926-01-19,46,31,0.22,0.0,M
1926-01-20,45,24,0.00,0.0,M
1926-01-21,43,31,T,T,M
1926-01-22,31,3,0.10,1.0,M
1926-01-23,25,9,0.00,0.0,M
1926-01-24,22,15,0.10,1.0,M
1926-01-25,19,4,0.00,0.0,M
1926-01-26,27,-3,0.00,0.0,M
1926-01-27,32,4,0.00,0.0,M
1926-01-28,23,5,0.20,2.0,M
1926-01-29,12,-4,0.00,0.0,M
1926-01-30,48,5,0.00,0.0,M
1926-01-31,45,29,T,0.0,M
1926-02-01,34,22,0.70,7.0,M
1926-02-02,31,19,0.20,2.0,M
1926-02-03,31,20,0.00,0.0,M
1926-02-04,24,15,1.40,14.0,M
1926-02-05,19,13,0.00,0.0,M
1926-02-06,35,5,0.10,1.0,M
1926-02-07,36,23,T,T,M
1926-02-08,24,-5,0.00,0.0,M
1926-02-09,14,-20,T,T,M
1926-02-10,17,5,T,T,M
1926-02-11,10,-0,0.00,0.0,M
1926-02-12,28,5,0.00,0.0,M
1926-02-13,37,3,0.00,0.0,M
1926-02-14,33,22,0.20,2.0,M
1926-02-15,38,29,0.40,4.0,M
1926-02-16,36,9,T,T,M
1926-02-17,40,11,0.00,0.0,M
1926-02-18,44,19,T,0.0,M
1926-02-19,39,23,0.30,3.0,M
1926-02-20,23,11,0.00,0.0,M
1926-02-21,23,4,0.00,0.0,M
1926-02-22,19,9,0.10,1.0,M
1926-02-23,21,-4,0.00,0.0,M
1926-02-24,30,8,0.00,0.0,M
1926-02-25,44,-0,T,T,M
1926-02-26,46,28,0.00,0.0,M
1926-02-27,28,14,T,T,M
1926-02-28,29,7,0.00,0.0,M
1926-03-01,49,23,0.00,0.0,M
1926-03-02,39,25,0.50,5.0,M
1926-03-03,25,12,T,T,M
1926-03-04,18,11,T,T,M
1926-03-05,14,-1,0.00,0.0,M
1926-03-06,28,-9,0.00,0.0,M
1926-03-07,41,6,0.17,2.0,M
1926-03-08,37,21,0.10,1.0,M
1926-03-09,26,15,T,T,M
1926-03-10,31,10,0.00,0.0,M
1926-03-11,26,19,T,T,M
1926-03-12,26,10,T,T,M
1926-03-13,23,-5,0.00,0.0,M
1926-03-14,23,-5,0.00,0.0,M
1926-03-15,31,4,T,T,M
1926-03-16,31,-5,0.20,2.0,M
1926-03-17,31,12,0.00,0.0,M
1926-03-18,46,13,0.00,0.0,M
1926-03-19,39,4,0.00,0.0,M
1926-03-20,48,33,0.61,0.0,M
1926-03-21,42,12,0.00,0.0,M
1926-03-22,52,13,0.00,0.0,M
1926-03-23,M,28,0.14,0.0,M
1926-03-24,42,32,0.11,0.0,M
1926-03-25,50,32,0.31,0.0,M
1926-03-26,38,32,0.20,2.0,M
1926-03-27,34,22,0.00,0.0,M
1926-03-28,29,17,T,T,M
1926-03-29,35,16,0.00,0.0,M
1926-03-30,42,20,0.00,0.0,M
1926-03-31,39,24,0.05,T,M
1926-04-01,37,30,0.10,1.0,M
1926-04-02,36,27,M,0.0,M
1926-04-03,39,22,T,T,M
1926-04-04,47,30,0.20,2.0,M
1926-04-05,44,33,0.36,0.0,M
1926-04-06,38,23,M,0.0,M
1926-04-07,38,22,0.37,0.0,M
1926-04-08,41,35,0.37,0.0,M
1926-04-09,47,33,M,0.0,M
1926-04-10,50,30,M,0.0,M
1926-04-11,50,26,M,0.0,M
1926-04-12,39,15,M,0.0,M
1926-04-13,55,17,M,0.0,M
1926-04-14,62,25,M,0.0,M
1926-04-15,55,17,T,T,M
1926-04-16,51,20,M,0.0,M
1926-04-17,41,28,T,T,M
1926-04-18,37,24,M,0.0,M
1926-04-19,38,26,M,0.0,M
1926-04-20,40,18,M,0.0,M
1926-04-21,63,29,M,0.0,M
1926-04-22,72,38,M,0.0,M
1926-04-23,68,49,M,0.0,M
1926-04-24,72,28,M,0.0,M
1926-04-25,59,38,0.86,0.0,M
1926-04-26,46,34,T,T,M
1926-04-27,50,25,M,0.0,M
1926-04-28,52,28,0.21,0.0,M
1926-04-29,52,35,M,0.0,M
1926-04-30,58,32,M,0.0,M
1926-05-01,71,39,0.00,0.0,M
1926-05-02,86,44,0.23,0.0,M
1926-05-03,81,43,0.15,0.0,M
1926-05-04,49,29,0.00,0.0,M
1926-05-05,62,25,0.00,0.0,M
1926-05-06,70,45,0.00,0.0,M
1926-05-07,74,46,0.00,0.0,M
1926-05-08,65,34,0.00,0.0,M
1926-05-09,57,37,T,0.0,M
1926-05-10,49,35,0.03,0.0,M
1926-05-11,53,34,T,0.0,M
1926-05-12,60,40,0.00,0.0,M
1926-05-13,73,29,0.00,0.0,M
1926-05-14,72,M,0.00,0.0,M
1926-05-15,64,40,0.00,0.0,M
1926-05-16,78,34,0.00,0.0,M
1926-05-17,75,53,0.00,0.0,M
1926-05-18,72,54,0.00,0.0,M
1926-05-19,69,54,0.00,0.0,M
1926-05-20,60,42,0.00,0.0,M
1926-05-21,76,31,0.00,0.0,M
1926-05-22,79,46,0.00,0.0,M
1926-05-23,72,40,0.09,0.0,M
1926-05-24,61,37,0.00,0.0,M
1926-05-25,61,45,0.00,0.0,M
1926-05-26,66,35,0.00,0.0,M
1926-05-27,61,46,0.00,0.0,M
1926-05-28,65,45,0.00,0.0,M
1926-05-29,73,50,0.00,0.0,M
1926-05-30,71,38,0.00,0.0,M
1926-05-31,67,55,0.56,0.0,M
1926-06-01,71,55,0.24,0.0,M
1926-06-02,76,52,0.58,0.0,M
1926-06-03,67,41,0.49,0.0,M
1926-06-04,65,38,0.00,0.0,M
1926-06-05,60,40,T,0.0,M
1926-06-06,70,45,0.26,0.0,M
1926-06-07,74,48,0.09,0.0,M
1926-06-08,M,M,0.00,0.0,M
1926-06-09,69,49,T,0.0,M
1926-06-10,69,55,0.00,0.0,M
1926-06-11,71,47,0.00,0.0,M
1926-06-12,71,39,0.00,0.0,M
1926-06-13,72,62,0.00,0.0,M
1926-06-14,71,59,0.16,0.0,M
1926-06-15,69,55,0.66,0.0,M
1926-06-16,67,46,0.15,0.0,M
1926-06-17,69,42,0.00,0.0,M
1926-06-18,76,50,0.14,0.0,M
1926-06-19,67,34,0.00,0.0,M
1926-06-20,71,39,0.00,0.0,M
1926-06-21,74,38,0.00,0.0,M
1926-06-22,74,54,0.01,0.0,M
1926-06-23,75,39,0.00,0.0,M
1926-06-24,77,46,0.00,0.0,M
1926-06-25,80,48,0.05,0.0,M
1926-06-26,78,48,T,0.0,M
1926-06-27,71,58,0.07,0.0,M
1926-06-28,73,49,0.00,0.0,M
1926-06-29,75,52,0.00,0.0,M
1926-06-30,79,60,0.39,0.0,M
1926-07-01,77,45,0.00,0.0,M
1926-07-02,78,60,T,0.0,M
1926-07-03,85,66,0.00,0.0,M
1926-07-04,78,55,0.00,0.0,M
1926-07-05,79,43,0.00,0.0,M
1926-07-06,81,59,0.00,0.0,M
1926-07-07,85,64,0.00,0.0,M
1926-07-08,80,70,T,0.0,M
1926-07-09,91,68,0.00,0.0,M
1926-07-10,94,65,0.05,0.0,M
1926-07-11,76,57,0.36,0.0,M
1926-07-12,78,42,0.00,0.0,M
1926-07-13,73,45,0.46,0.0,M
1926-07-14,76,48,0.00,0.0,M
1926-07-15,73,48,0.03,0.0,M
1926-07-16,79,55,0.04,0.0,M
1926-07-17,78,47,0.00,0.0,M
1926-07-18,84,62,0.13,0.0,M
1926-07-19,85,52,0.00,0.0,M
1926-07-20,89,56,0.00,0.0,M
1926-07-21,94,75,0.00,0.0,M
1926-07-22,97,72,0.24,0.0,M
1926-07-23,78,69,0.11,0.0,M
1926-07-24,80,57,0.00,0.0,M
1926-07-25,83,57,0.00,0.0,M
1926-07-26,79,42,0.00,0.0,M
1926-07-27,83,53,0.00,0.0,M
1926-07-28,82,57,T,0.0,M
1926-07-29,74,55,0.76,0.0,M
1926-07-30,75,62,0.00,0.0,M
1926-07-31,M,M,0.00,0.0,M
1926-08-01,M,M,0.00,0.0,M
1926-08-02,89,60,0.11,0.0,M
1926-08-03,88,69,0.31,0.0,M
1926-08-04,83,68,0.00,0.0,M
1926-08-05,80,58,0.00,0.0,M
1926-08-06,86,64,0.00,0.0,M
1926-08-07,78,65,0.22,0.0,M
1926-08-08,69,57,0.00,0.0,M
1926-08-09,79,53,0.00,0.0,M
1926-08-10,77,51,0.00,0.0,M
1926-08-11,83,70,0.24,0.0,M
1926-08-12,78,56,1.02,0.0,M
1926-08-13,83,63,0.06,0.0,M
1926-08-14,79,66,0.04,0.0,M
1926-08-15,73,65,0.00,0.0,M
1926-08-16,70,55,0.24,0.0,M
1926-08-17,78,59,T,0.0,M
1926-08-18,71,58,0.00,0.0,M
1926-08-19,71,42,0.00,0.0,M
1926-08-20,72,54,0.00,0.0,M
1926-08-21,66,53,T,0.0,M
1926-08-22,64,50,0.09,0.0,M
1926-08-23,69,57,0.37,0.0,M
1926-08-24,72,57,0.26,0.0,M
1926-08-25,72,54,0.00,0.0,M
1926-08-26,72,57,0.07,0.0,M
1926-08-27,75,54,0.14,0.0,M
1926-08-28,82,51,0.00,0.0,M
1926-08-29,83,67,0.00,0.0,M
1926-08-30,73,50,0.00,0.0,M
1926-08-31,65,47,0.00,0.0,M
1926-09-01,74,35,0.00,0.0,M
1926-09-02,64,48,0.03,0.0,M
1926-09-03,79,43,0.00,0.0,M
1926-09-04,71,49,T,0.0,M
1926-09-05,68,51,1.72,0.0,M
1926-09-06,75,51,0.23,0.0,M
1926-09-07,71,56,0.00,0.0,M
1926-09-08,72,44,0.00,0.0,M
1926-09-09,77,52,T,0.0,M
1926-09-10,72,53,0.00,0.0,M
1926-09-11,72,36,0.00,0.0,M
1926-09-12,74,43,0.00,0.0,M
1926-09-13,68,51,0.00,0.0,M
1926-09-14,64,33,0.00,0.0,M
1926-09-15,73,40,0.00,0.0,M
1926-09-16,74,46,0.00,0.0,M
1926-09-17,68,57,0.05,0.0,M
1926-09-18,71,50,0.00,0.0,M
1926-09-19,76,45,0.00,0.0,M
1926-09-20,76,47,0.00,0.0,M
1926-09-21,76,48,0.00,0.0,M
1926-09-22,74,37,0.00,0.0,M
1926-09-23,68,57,0.02,0.0,M
1926-09-24,81,58,0.37,0.0,M
1926-09-25,83,62,0.00,0.0,M
1926-09-26,71,43,0.10,0.0,M
1926-09-27,54,33,0.00,0.0,M
1926-09-28,50,43,0.28,0.0,M
1926-09-29,56,45,0.00,0.0,M
1926-09-30,64,46,0.00,0.0,M
1926-10-01,63,33,0.00,0.0,M
1926-10-02,69,48,0.23,0.0,M
1926-10-03,70,47,0.00,0.0,M
1926-10-04,80,43,0.00,0.0,M
1926-10-05,85,61,0.00,0.0,M
1926-10-06,79,55,0.79,0.0,M
1926-10-07,56,47,T,0.0,M
1926-10-08,48,37,0.05,0.0,M
1926-10-09,50,37,0.00,0.0,M
1926-10-10,44,26,0.21,0.0,M
1926-10-11,52,33,0.00,0.0,M
1926-10-12,69,30,0.00,0.0,M
1926-10-13,68,40,0.33,0.0,M
1926-10-14,65,41,0.00,0.0,M
1926-10-15,52,33,0.00,0.0,M
1926-10-16,55,24,0.00,0.0,M
1926-10-17,52,43,0.35,0.0,M
1926-10-18,44,28,0.11,T,M
1926-10-19,46,36,0.00,0.0,M
1926-10-20,40,29,0.29,0.1,M
1926-10-21,46,31,0.00,0.0,M
1926-10-22,53,23,T,0.0,M
1926-10-23,56,35,0.00,0.0,M
1926-10-24,47,23,0.04,0.0,M
1926-10-25,62,40,0.64,0.0,M
1926-10-26,44,33,0.00,0.0,M
1926-10-27,47,27,0.00,0.0,M
1926-10-28,55,18,0.00,0.0,M
1926-10-29,59,40,0.00,0.0,M
1926-10-30,53,29,0.09,0.0,M
1926-10-31,59,34,0.45,T,M
1926-11-01,48,28,0.00,0.0,M
1926-11-02,46,32,0.07,0.0,M
1926-11-03,39,33,0.00,0.0,M
1926-11-04,39,24,0.00,0.0,M
1926-11-05,44,23,0.00,0.0,M
1926-11-06,51,23,0.00,0.0,M
1926-11-07,53,32,0.00,0.0,M
1926-11-08,62,26,T,0.0,M
1926-11-09,64,43,0.18,0.0,M
1926-11-10,62,29,0.00,0.0,M
1926-11-11,31,19,T,T,M
1926-11-12,48,12,0.00,0.0,M
1926-11-13,46,25,0.00,0.0,M
1926-11-14,50,26,0.00,0.0,M
1926-11-15,61,40,0.00,0.0,M
1926-11-16,63,48,1.18,0.0,M
1926-11-17,51,36,0.24,0.0,M
1926-11-18,49,25,T,0.0,M
1926-11-19,46,35,T,0.0,M
1926-11-20,38,29,0.00,0.0,M
1926-11-21,43,21,0.00,0.0,M
1926-11-22,M,16,0.00,0.0,M
1926-11-23,54,18,0.00,0.0,M
1926-11-24,41,27,T,0.0,M
1926-11-25,38,17,0.00,0.0,M
1926-11-26,50,27,0.05,0.0,M
1926-11-27,52,23,0.41,0.0,M
1926-11-28,27,12,0.00,0.0,M
1926-11-29,42,23,T,0.0,M
1926-11-30,42,33,0.11,0.0,M
1926-12-01,38,29,T,0.0,M
1926-12-02,38,7,T,T,M
1926-12-03,19,3,0.00,0.0,M
1926-12-04,24,5,0.00,0.0,M
1926-12-05,16,-4,0.50,5.0,M
1926-12-06,15,3,0.30,3.0,M
1926-12-07,21,-11,0.00,0.0,M
1926-12-08,39,14,T,0.0,M
1926-12-09,35,12,0.00,0.0,M
1926-12-10,28,14,0.30,3.0,M
1926-12-11,33,22,T,T,M
1926-12-12,35,26,0.00,0.0,M
1926-12-13,38,6,0.00,0.0,M
1926-12-14,47,26,0.03,0.0,M
1926-12-15,37,9,0.00,0.0,M
1926-12-16,24,6,0.10,1.0,M
1926-12-17,25,12,T,T,M
1926-12-18,14,-6,0.00,0.0,M
1926-12-19,15,-9,0.00,0.0,M
1926-12-20,22,5,0.10,1.0,M
1926-12-21,38,M,T,0.0,M
1926-12-22,35,27,0.00,0.0,M
1926-12-23,28,-0,0.00,0.0,M
1926-12-24,31,2,0.06,0.0,M
1926-12-25,39,29,T,0.0,M
1926-12-26,30,15,0.60,6.0,M
1926-12-27,32,3,0.00,0.0,M
1926-12-28,31,2,0.20,2.0,M
1926-12-29,32,25,0.30,3.0,M
1926-12-30,27,18,0.00,0.0,M
1926-12-31,40,12,0.00,0.0,M
1927-01-01,30,18,0.10,1.0,M
1927-01-02,30,6,0.00,0.0,M
1927-01-03,29,3,0.00,0.0,M
1927-01-04,36,18,0.02,T,M
1927-01-05,36,25,T,T,M
1927-01-06,26,18,0.10,1.0,M
1927-01-07,24,6,T,T,M
1927-01-08,20,-5,0.00,0.0,M
1927-01-09,19,-19,0.00,0.0,M
1927-01-10,18,-5,0.00,0.0,M
1927-01-11,12,-12,0.20,2.0,M
1927-01-12,27,9,0.00,0.0,M
1927-01-13,32,7,0.00,0.0,M
1927-01-14,42,26,0.08,0.0,M
1927-01-15,30,-0,0.60,6.0,M
1927-01-16,10,-3,0.40,4.0,M
1927-01-17,29,7,0.00,0.0,M
1927-01-18,37,16,0.00,0.0,M
1927-01-19,47,31,0.04,1.0,M
1927-01-20,49,34,0.07,0.0,M
1927-01-21,38,30,0.06,0.0,M
1927-01-22,50,31,0.11,0.0,M
1927-01-23,32,13,0.15,1.5,M
1927-01-24,29,9,0.00,0.0,M
1927-01-25,34,9,0.00,0.0,M
1927-01-26,38,-6,0.00,0.0,M
1927-01-27,16,-11,0.00,0.0,M
1927-01-28,40,-4,T,0.0,M
1927-01-29,43,27,0.18,0.0,M
1927-01-30,54,27,0.00,0.0,M
1927-01-31,50,26,T,T,M
1927-02-01,33,23,T,T,M
1927-02-02,38,24,0.00,0.0,M
1927-02-03,42,13,T,0.0,M
1927-02-04,48,14,0.09,0.0,M
1927-02-05,20,3,0.10,1.0,M
1927-02-06,35,12,0.00,0.0,M
1927-02-07,40,28,0.00,0.0,M
1927-02-08,38,15,0.00,0.0,M
1927-02-09,38,24,0.00,0.0,M
1927-02-10,38,25,0.00,0.0,M
1927-02-11,31,21,0.10,1.0,M
1927-02-12,36,16,T,T,M
1927-02-13,28,12,0.00,0.0,M
1927-02-14,31,18,0.50,5.0,M
1927-02-15,40,17,0.00,0.0,M
1927-02-16,38,17,0.06,0.0,M
1927-02-17,39,32,0.00,0.0,M
1927-02-18,M,M,0.00,0.0,M
1927-02-19,34,15,0.20,2.0,M
1927-02-20,19,9,0.70,7.0,M
1927-02-21,28,16,0.10,1.0,M
1927-02-22,35,19,0.00,0.0,M
1927-02-23,48,26,0.00,0.0,M
1927-02-24,45,22,0.00,0.0,M
1927-02-25,49,23,0.00,0.0,M
1927-02-26,42,29,0.90,9.0,M
1927-02-27,32,22,0.00,0.0,M
1927-02-28,32,13,0.00,0.0,M
1927-03-01,31,3,0.00,0.0,M
1927-03-02,29,10,0.00,0.0,M
1927-03-03,25,10,0.00,0.0,M
1927-03-04,28,8,0.00,0.0,M
1927-03-05,42,15,0.00,0.0,M
1927-03-06,49,M,0.00,0.0,M
1927-03-07,44,33,0.00,0.0,M
1927-03-08,42,35,0.33,0.0,M
1927-03-09,38,29,0.00,0.0,M
1927-03-10,41,12,0.00,0.0,M
1927-03-11,47,15,0.00,0.0,M
1927-03-12,57,22,0.00,0.0,M
1927-03-13,64,34,0.00,0.0,M
1927-03-14,59,40,0.17,0.0,M
1927-03-15,48,35,0.00,0.0,M
1927-03-16,55,29,0.00,0.0,M
1927-03-17,66,27,0.00,0.0,M
1927-03-18,66,40,0.21,0.0,M
1927-03-19,58,28,0.00,0.0,M
1927-03-20,52,32,0.20,2.0,M
1927-03-21,35,29,0.70,1.0,M
1927-03-22,38,31,0.00,0.0,M
1927-03-23,34,15,0.00,0.0,M
1927-03-24,35,20,0.00,0.0,M
1927-03-25,45,17,0.00,0.0,M
1927-03-26,41,19,T,T,M
1927-03-27,42,29,0.00,0.0,M
1927-03-28,43,23,0.00,0.0,M
1927-03-29,43,21,0.00,0.0,M
1927-03-30,51,23,0.00,0.0,M
1927-03-31,48,36,0.00,0.0,M
1927-04-01,41,28,0.00,0.0,M
1927-04-02,44,29,0.10,1.0,M
1927-04-03,48,25,0.00,0.0,M
1927-04-04,49,34,0.00,0.0,M
1927-04-05,42,27,0.69,0.0,M
1927-04-06,60,34,0.00,0.0,M
1927-04-07,56,28,0.00,0.0,M
1927-04-08,45,22,0.00,0.0,M
1927-04-09,50,18,0.00,0.0,M
1927-04-10,46,23,0.00,0.0,M
1927-04-11,57,31,0.00,0.0,M
1927-04-12,61,26,0.00,0.0,M
1927-04-13,52,28,0.00,0.0,M
1927-04-14,49,20,0.00,0.0,M
1927-04-15,63,20,0.00,0.0,M
1927-04-16,70,26,0.00,0.0,M
1927-04-17,65,44,0.37,0.0,M
1927-04-18,74,32,0.00,0.0,M
1927-04-19,78,49,0.00,0.0,M
1927-04-20,75,51,0.00,0.0,M
1927-04-21,77,37,0.00,0.0,M
1927-04-22,72,35,0.49,0.0,M
1927-04-23,42,33,0.00,0.0,M
1927-04-24,44,28,0.00,0.0,M
1927-04-25,46,24,M,T,M
1927-04-26,54,26,T,0.0,M
1927-04-27,49,35,T,0.0,M
1927-04-28,51,31,0.00,0.0,M
1927-04-29,49,35,0.00,0.0,M
1927-04-30,58,29,0.00,0.0,M
1927-05-01,60,25,0.00,M,M
1927-05-02,57,29,T,T,M
1927-05-03,60,29,0.00,M,M
1927-05-04,54,40,0.23,M,M
1927-05-05,61,40,0.00,M,M
1927-05-06,66,42,0.00,M,M
1927-05-07,64,32,0.00,M,M
1927-05-08,68,28,0.00,M,M
1927-05-09,56,40,0.24,M,M
1927-05-10,74,50,0.54,M,M
1927-05-11,68,53,0.11,M,M
1927-05-12,54,45,0.00,M,M
1927-05-13,59,46,T,M,M
1927-05-14,65,32,0.03,M,M
1927-05-15,63,47,0.46,M,M
1927-05-16,61,38,0.03,M,M
1927-05-17,59,42,0.00,M,M
1927-05-18,68,41,0.00,M,M
1927-05-19,69,40,0.00,M,M
1927-05-20,66,39,0.00,M,M
1927-05-21,60,48,0.11,M,M
1927-05-22,84,34,0.26,M,M
1927-05-23,73,50,0.47,M,M
1927-05-24,50,45,1.38,M,M
1927-05-25,64,45,0.53,M,M
1927-05-26,68,45,0.02,M,M
1927-05-27,60,42,0.00,M,M
1927-05-28,61,37,0.00,M,M
1927-05-29,70,33,0.00,M,M
1927-05-30,73,42,T,M,M
1927-05-31,73,51,T,M,M
1927-06-01,65,48,0.00,M,M
1927-06-02,66,34,0.00,M,M
1927-06-03,69,33,0.00,M,M
1927-06-04,63,42,0.13,M,M
1927-06-05,73,53,0.44,M,M
1927-06-06,72,36,0.14,M,M
1927-06-07,75,39,0.00,M,M
1927-06-08,79,51,0.00,M,M
1927-06-09,M,M,0.00,M,M
1927-06-10,87,60,0.00,M,M
1927-06-11,M,64,0.46,M,M
1927-06-12,65,50,0.00,M,M
1927-06-13,67,39,0.00,M,M
1927-06-14,68,49,0.00,M,M
1927-06-15,65,47,0.00,M,M
1927-06-16,69,39,0.00,M,M
1927-06-17,72,37,0.00,M,M
1927-06-18,73,40,0.00,M,M
1927-06-19,64,41,0.34,M,M
1927-06-20,73,53,0.00,M,M
1927-06-21,80,45,0.00,M,M
1927-06-22,82,50,0.00,M,M
1927-06-23,75,59,0.23,M,M
1927-06-24,69,54,0.00,M,M
1927-06-25,73,54,0.00,M,M
1927-06-26,69,57,0.67,M,M
1927-06-27,71,44,0.00,M,M
1927-06-28,73,45,0.05,M,M
1927-06-29,84,55,0.05,M,M
1927-06-30,76,57,T,M,M
1927-07-01,79,49,0.00,M,M
1927-07-02,79,55,T,M,M
1927-07-03,81,52,0.44,M,M
1927-07-04,66,53,0.00,M,M
1927-07-05,69,40,0.00,M,M
1927-07-06,65,42,0.03,M,M
1927-07-07,74,55,0.07,M,M
1927-07-08,75,56,0.00,M,M
1927-07-09,80,41,0.00,M,M
1927-07-10,72,53,0.12,M,M
1927-07-11,81,61,0.24,M,M
1927-07-12,89,60,T,M,M
1927-07-13,92,60,0.00,M,M
1927-07-14,91,68,0.00,M,M
1927-07-15,89,62,T,M,M
1927-07-16,84,74,0.45,M,M
1927-07-17,86,64,T,M,M
1927-07-18,79,60,0.11,M,M
1927-07-19,76,50,0.00,M,M
1927-07-20,78,49,0.00,M,M
1927-07-21,81,50,0.04,M,M
1927-07-22,74,60,0.00,M,M
1927-07-23,71,60,0.46,M,M
1927-07-24,75,56,T,M,M
1927-07-25,79,65,T,M,M
1927-07-26,84,50,0.00,M,M
1927-07-27,85,59,0.16,M,M
1927-07-28,83,55,0.00,M,M
1927-07-29,82,62,0.21,M,M
1927-07-30,M,M,0.00,M,M
1927-07-31,M,M,0.00,M,M
1927-08-01,80,55,0.00,M,M
1927-08-02,70,48,0.00,M,M
1927-08-03,69,40,0.00,M,M
1927-08-04,72,41,0.00,M,M
1927-08-05,76,47,0.00,M,M
1927-08-06,78,44,0.08,M,M
1927-08-07,83,46,0.00,M,M
1927-08-08,77,58,0.26,M,M
1927-08-09,71,64,0.00,M,M
1927-08-10,71,64,0.00,M,M
1927-08-11,77,65,0.00,M,M
1927-08-12,82,54,0.00,M,M
1927-08-13,80,54,0.00,M,M
1927-08-14,75,50,0.11,M,M
1927-08-15,70,56,0.00,M,M
1927-08-16,70,45,0.00,M,M
1927-08-17,74,58,0.00,M,M
1927-08-18,65,48,0.16,M,M
1927-08-19,73,46,0.00,M,M
1927-08-20,76,49,0.00,M,M
1927-08-21,77,55,0.00,M,M
1927-08-22,83,52,0.00,M,M
1927-08-23,81,61,T,M,M
1927-08-24,73,55,0.06,M,M
1927-08-25,71,39,0.00,M,M
1927-08-26,73,49,0.00,M,M
1927-08-27,70,44,1.09,M,M
1927-08-28,65,56,0.84,M,M
1927-08-29,72,58,2.15,M,M
1927-08-30,73,47,0.04,M,M
1927-08-31,76,56,0.00,M,M
1927-09-01,M,60,1.47,M,M
1927-09-02,70,60,0.26,M,M
1927-09-03,80,53,0.00,M,M
1927-09-04,74,56,0.00,M,M
1927-09-05,72,44,0.00,M,M
1927-09-06,78,44,0.00,M,M
1927-09-07,79,51,0.00,M,M
1927-09-08,73,55,0.00,M,M
1927-09-09,73,38,0.00,M,M
1927-09-10,80,45,0.00,M,M
1927-09-11,71,53,0.88,M,M
1927-09-12,69,43,0.00,M,M
1927-09-13,66,52,0.05,M,M
1927-09-14,69,54,0.00,M,M
1927-09-15,76,52,0.16,M,M
1927-09-16,70,40,0.00,M,M
1927-09-17,75,45,0.00,M,M
1927-09-18,75,45,0.00,M,M
1927-09-19,70,54,0.14,M,M
1927-09-20,68,42,0.00,M,M
1927-09-21,63,41,0.00,M,M
1927-09-22,63,33,0.00,M,M
1927-09-23,61,40,0.00,M,M
1927-09-24,64,35,0.00,M,M
1927-09-25,75,36,0.00,M,M
1927-09-26,78,45,0.00,M,M
1927-09-27,65,46,0.00,M,M
1927-09-28,61,48,0.00,M,M
1927-09-29,76,51,T,M,M
1927-09-30,82,60,0.00,M,M
1927-10-01,84,M,0.00,0.0,M
1927-10-02,84,70,0.00,0.0,M
1927-10-03,82,68,2.17,0.0,M
1927-10-04,M,57,0.14,0.0,M
1927-10-05,71,46,0.00,0.0,M
1927-10-06,77,49,0.00,0.0,M
1927-10-07,82,53,T,0.0,M
1927-10-08,74,58,0.00,0.0,M
1927-10-09,70,40,0.00,0.0,M
1927-10-10,56,M,0.00,0.0,M
1927-10-11,60,26,0.00,0.0,M
1927-10-12,62,M,0.00,0.0,M
1927-10-13,66,44,1.85,0.0,M
1927-10-14,58,38,0.00,0.0,M
1927-10-15,56,30,0.00,0.0,M
1927-10-16,60,29,0.00,0.0,M
1927-10-17,54,42,0.08,0.0,M
1927-10-18,51,45,0.46,0.0,M
1927-10-19,61,46,1.06,0.0,M
1927-10-20,53,41,0.67,0.0,M
1927-10-21,53,44,0.15,0.0,M
1927-10-22,53,41,T,0.0,M
1927-10-23,57,28,0.00,0.0,M
1927-10-24,55,28,0.00,0.0,M
1927-10-25,64,28,0.00,0.0,M
1927-10-26,72,31,0.00,0.0,M
1927-10-27,60,34,0.00,0.0,M
1927-10-28,79,42,0.00,0.0,M
1927-10-29,72,51,0.00,0.0,M
1927-10-30,61,30,0.00,0.0,M
1927-10-31,62,28,0.00,0.0,M
1927-11-01,73,42,0.00,0.0,M
1927-11-02,71,41,0.00,0.0,M
1927-11-03,66,42,2.35,0.0,M
1927-11-04,44,33,0.76,0.0,M
1927-11-05,44,32,0.00,0.0,M
1927-11-06,41,32,0.00,0.0,M
1927-11-07,34,27,0.10,1.0,M
1927-11-08,34,23,0.00,0.0,M
1927-11-09,34,21,T,T,M
1927-11-10,43,18,0.00,0.0,M
1927-11-11,65,35,0.35,1.0,M
1927-11-12,66,46,0.10,0.0,M
1927-11-13,48,32,0.00,0.0,M
1927-11-14,55,23,0.00,0.0,M
1927-11-15,65,37,0.00,0.0,M
1927-11-16,71,52,T,0.0,M
1927-11-17,66,58,0.37,0.0,M
1927-11-18,66,30,0.24,0.0,M
1927-11-19,41,28,T,T,M
1927-11-20,33,21,0.00,0.0,M
1927-11-21,43,24,0.00,0.0,M
1927-11-22,56,34,T,0.0,M
1927-11-23,62,47,T,0.0,M
1927-11-24,55,32,0.62,0.0,M
1927-11-25,40,30,0.11,0.0,M
1927-11-26,48,26,0.00,0.0,M
1927-11-27,60,41,0.68,0.0,M
1927-11-28,55,26,0.10,0.0,M
1927-11-29,55,31,0.36,0.0,M
1927-11-30,66,35,0.11,0.0,M
1927-12-01,57,29,M,0.0,M
1927-12-02,31,22,0.37,1.0,M
1927-12-03,33,19,M,0.0,M
1927-12-04,20,12,M,0.0,M
1927-12-05,34,11,0.40,4.0,M
1927-12-06,40,17,M,0.0,M
1927-12-07,44,18,M,0.0,M
1927-12-08,60,33,0.39,0.0,M
1927-12-09,34,14,M,0.0,M
1927-12-10,35,12,M,0.0,M
1927-12-11,46,29,0.06,1.0,M
1927-12-12,46,33,T,0.0,M
1927-12-13,42,27,0.76,0.0,M
1927-12-14,45,36,0.84,0.0,M
1927-12-15,36,24,M,0.0,M
1927-12-16,33,21,0.10,1.0,M
1927-12-17,33,22,0.20,2.0,M
1927-12-18,23,16,M,0.0,M
1927-12-19,23,13,T,T,M
1927-12-20,26,18,T,T,M
1927-12-21,28,24,M,0.0,M
1927-12-22,31,24,M,0.0,M
1927-12-23,31,16,T,T,M
1927-12-24,18,-2,M,0.0,M
1927-12-25,26,5,M,0.0,M
1927-12-26,22,7,M,0.0,M
1927-12-27,39,15,M,0.0,M
1927-12-28,43,21,M,0.0,M
1927-12-29,48,33,0.13,0.0,M
1927-12-30,46,39,0.05,0.0,M
1927-12-31,44,32,0.05,0.0,M
1928-01-01,47,17,T,T,M
1928-01-02,17,6,0.00,0.0,M
1928-01-03,21,8,0.00,0.0,M
1928-01-04,22,6,0.00,0.0,M
1928-01-05,23,12,0.00,0.0,M
1928-01-06,39,14,0.00,0.0,M
1928-01-07,49,27,0.00,0.0,M
1928-01-08,48,37,T,T,M
1928-01-09,38,33,T,T,M
1928-01-10,36,32,T,T,M
1928-01-11,44,33,T,T,M
1928-01-12,38,31,0.00,0.0,M
1928-01-13,49,32,T,T,M
1928-01-14,49,34,0.00,0.0,M
1928-01-15,54,26,0.05,T,M
1928-01-16,26,10,T,T,M
1928-01-17,43,18,0.10,1.0,M
1928-01-18,48,32,0.00,0.0,M
1928-01-19,37,21,0.00,0.0,M
1928-01-20,38,27,0.10,1.0,M
1928-01-21,27,7,T,T,M
1928-01-22,29,5,0.00,0.0,M
1928-01-23,38,21,0.10,1.0,M
1928-01-24,44,15,0.00,0.0,M
1928-01-25,42,25,T,T,M
1928-01-26,28,16,T,T,M
1928-01-27,26,-0,0.00,0.0,M
1928-01-28,23,5,0.00,0.0,M
1928-01-29,24,15,0.40,4.0,M
1928-01-30,21,-15,0.00,0.0,M
1928-01-31,26,-5,0.00,0.0,M
1928-02-01,36,-2,0.00,0.0,M
1928-02-02,33,13,T,T,M
1928-02-03,M,M,0.00,0.0,M
1928-02-04,53,-2,T,0.0,M
1928-02-05,50,17,0.00,0.0,M
1928-02-06,M,-0,0.00,0.0,M
1928-02-07,33,5,0.00,0.0,M
1928-02-08,49,30,0.36,0.0,M
1928-02-09,41,32,0.41,0.0,M
1928-02-10,33,22,0.20,2.0,M
1928-02-11,26,18,T,T,M
1928-02-12,26,16,0.00,0.0,M
1928-02-13,35,3,0.00,0.0,M
1928-02-14,39,15,0.00,0.0,M
1928-02-15,42,36,1.49,0.0,M
1928-02-16,37,32,0.00,0.0,M
1928-02-17,38,34,T,T,M
1928-02-18,34,26,0.60,6.0,M
1928-02-19,26,4,0.00,0.0,M
1928-02-20,27,14,0.10,1.0,M
1928-02-21,22,5,0.00,0.0,M
1928-02-22,33,-2,T,T,M
1928-02-23,52,27,0.00,0.0,M
1928-02-24,48,22,0.00,0.0,M
1928-02-25,22,5,0.00,0.0,M
1928-02-26,18,-7,0.00,0.0,M
1928-02-27,35,11,0.00,0.0,M
1928-02-28,29,13,0.00,0.0,M
1928-02-29,41,18,T,T,M
1928-03-01,37,25,T,T,M
1928-03-02,31,22,0.00,0.0,M
1928-03-03,30,15,0.05,0.5,M
1928-03-04,40,5,0.00,0.0,M
1928-03-05,38,10,0.10,1.0,M
1928-03-06,23,5,0.00,0.0,M
1928-03-07,35,4,T,T,M
1928-03-08,35,20,0.00,0.0,M
1928-03-09,28,15,0.30,3.0,M
1928-03-10,32,17,0.30,3.0,M
1928-03-11,42,-6,0.00,0.0,M
1928-03-12,49,29,0.00,0.0,M
1928-03-13,57,21,0.00,0.0,M
1928-03-14,51,33,0.00,0.0,M
1928-03-15,46,M,0.00,0.0,M
1928-03-16,33,23,0.00,0.0,M
1928-03-17,38,23,0.00,0.0,M
1928-03-18,33,24,0.90,9.0,M
1928-03-19,32,25,0.10,1.0,M
1928-03-20,29,24,0.00,0.0,M
1928-03-21,42,M,0.00,0.0,M
1928-03-22,42,28,0.30,3.0,M
1928-03-23,38,21,0.00,0.0,M
1928-03-24,68,20,0.00,0.0,M
1928-03-25,67,35,0.00,0.0,M
1928-03-26,66,31,0.00,0.0,M
1928-03-27,62,23,0.12,0.0,M
1928-03-28,35,20,0.00,0.0,M
1928-03-29,42,23,0.00,0.0,M
1928-03-30,38,29,0.25,0.0,M
1928-03-31,37,26,0.00,0.0,M
1928-04-01,39,23,0.00,0.0,M
1928-04-02,48,16,0.00,0.0,M
1928-04-03,54,26,0.00,0.0,M
1928-04-04,78,34,0.00,0.0,M
1928-04-05,80,43,0.00,0.0,M
1928-04-06,80,46,0.00,0.0,M
1928-04-07,76,44,0.00,0.0,M
1928-04-08,64,42,0.28,0.0,M
1928-04-09,42,28,T,T,M
1928-04-10,41,25,0.00,0.0,M
1928-04-11,48,19,0.00,0.0,M
1928-04-12,54,30,0.10,1.0,M
1928-04-13,52,39,0.00,0.0,M
1928-04-14,48,26,0.45,0.0,M
1928-04-15,51,26,0.21,0.0,M
1928-04-16,38,26,0.00,0.0,M
1928-04-17,42,27,0.05,0.5,M
1928-04-18,56,28,0.00,0.0,M
1928-04-19,54,42,0.05,0.0,M
1928-04-20,47,25,0.00,0.0,M
1928-04-21,49,18,0.00,0.0,M
1928-04-22,45,31,1.09,4.0,M
1928-04-23,42,34,0.36,0.0,M
1928-04-24,50,32,0.43,T,M
1928-04-25,45,30,T,T,M
1928-04-26,45,34,0.00,0.0,M
1928-04-27,48,36,0.00,0.0,M
1928-04-28,45,32,0.80,4.0,M
1928-04-29,42,32,0.00,0.0,M
1928-04-30,64,30,0.33,0.0,M
1928-05-01,66,41,0.00,M,M
1928-05-02,58,36,0.00,M,M
1928-05-03,71,50,0.00,M,M
1928-05-04,78,55,0.00,M,M
1928-05-05,78,M,0.00,M,M
1928-05-06,72,39,0.56,M,M
1928-05-07,57,31,0.00,M,M
1928-05-08,66,27,0.00,M,M
1928-05-09,70,33,0.00,M,M
1928-05-10,78,32,0.00,M,M
1928-05-11,73,52,0.00,M,M
1928-05-12,63,39,0.00,M,M
1928-05-13,57,29,0.00,M,M
1928-05-14,64,29,0.00,M,M
1928-05-15,67,32,0.00,M,M
1928-05-16,78,37,0.00,M,M
1928-05-17,76,38,T,M,M
1928-05-18,63,51,0.07,M,M
1928-05-19,59,55,0.31,M,M
1928-05-20,66,54,0.41,M,M
1928-05-21,77,51,0.17,M,M
1928-05-22,73,52,0.35,M,M
1928-05-23,63,52,0.62,M,M
1928-05-24,58,47,T,M,M
1928-05-25,63,43,T,M,M
1928-05-26,65,37,0.06,M,M
1928-05-27,72,39,0.03,M,M
1928-05-28,72,48,T,M,M
1928-05-29,62,49,0.00,M,M
1928-05-30,64,40,0.18,M,M
1928-05-31,68,40,0.00,M,M
1928-06-01,75,45,0.00,M,M
1928-06-02,74,53,0.43,M,M
1928-06-03,67,45,0.00,M,M
1928-06-04,64,40,0.08,M,M
1928-06-05,57,47,0.65,M,M
1928-06-06,67,53,0.93,M,M
1928-06-07,68,53,0.06,M,M
1928-06-08,74,43,0.00,M,M
1928-06-09,74,55,0.46,M,M
1928-06-10,61,42,0.00,M,M
1928-06-11,71,35,0.00,M,M
1928-06-12,76,41,0.00,M,M
1928-06-13,79,47,0.00,M,M
1928-06-14,84,62,0.38,M,M
1928-06-15,68,54,0.00,M,M
1928-06-16,68,39,0.00,M,M
1928-06-17,78,38,0.00,M,M
1928-06-18,73,46,0.88,M,M
1928-06-19,65,62,0.61,M,M
1928-06-20,66,62,0.04,M,M
1928-06-21,64,52,0.06,M,M
1928-06-22,60,53,0.16,M,M
1928-06-23,68,56,T,M,M
1928-06-24,66,53,0.00,M,M
1928-06-25,82,56,0.45,M,M
1928-06-26,80,62,0.15,M,M
1928-06-27,75,59,0.27,M,M
1928-06-28,78,49,0.00,M,M
1928-06-29,76,55,0.79,M,M
1928-06-30,79,63,1.05,M,M
1928-07-01,80,60,0.00,M,M
1928-07-02,82,56,0.00,M,M
1928-07-03,85,54,0.00,M,M
1928-07-04,78,65,0.00,M,M
1928-07-05,80,65,0.00,M,M
1928-07-06,78,59,0.00,M,M
1928-07-07,82,53,0.00,M,M
1928-07-08,90,58,0.00,M,M
1928-07-09,M,62,0.00,M,M
1928-07-10,85,68,T,M,M
1928-07-11,84,64,T,M,M
1928-07-12,80,69,0.00,M,M
1928-07-13,78,60,0.00,M,M
1928-07-14,81,68,0.59,M,M
1928-07-15,78,51,0.00,M,M
1928-07-16,80,61,0.00,M,M
1928-07-17,84,56,0.00,M,M
1928-07-18,85,57,0.00,M,M
1928-07-19,80,63,0.00,M,M
1928-07-20,72,56,0.81,M,M
1928-07-21,76,50,0.00,M,M
1928-07-22,68,60,0.98,M,M
1928-07-23,78,62,0.49,M,M
1928-07-24,79,58,0.00,M,M
1928-07-25,78,56,0.00,M,M
1928-07-26,77,58,0.00,M,M
1928-07-27,78,59,1.08,M,M
1928-07-28,82,62,0.29,M,M
1928-07-29,68,55,0.00,M,M
1928-07-30,69,48,0.00,M,M
1928-07-31,78,45,0.00,M,M
1928-08-01,75,66,0.17,M,M
1928-08-02,84,60,M,M,M
1928-08-03,88,66,0.15,M,M
1928-08-04,89,61,M,M,M
1928-08-05,83,61,0.09,M,M
1928-08-06,75,61,0.53,M,M
1928-08-07,71,58,0.24,M,M
1928-08-08,81,62,0.11,M,M
1928-08-09,81,56,M,M,M
1928-08-10,83,57,M,M,M
1928-08-11,81,54,0.05,M,M
1928-08-12,78,42,M,M,M
1928-08-13,M,M,M,M,M
1928-08-14,84,56,M,M,M
1928-08-15,86,57,M,M,M
1928-08-16,88,63,M,M,M
1928-08-17,75,65,0.45,M,M
1928-08-18,80,65,0.05,M,M
1928-08-19,76,70,M,M,M
1928-08-20,75,59,M,M,M
1928-08-21,79,53,M,M,M
1928-08-22,68,60,0.46,M,M
1928-08-23,71,59,0.11,M,M
1928-08-24,78,57,M,M,M
1928-08-25,78,65,0.12,M,M
1928-08-26,76,64,0.82,M,M
1928-08-27,77,65,0.82,M,M
1928-08-28,85,65,M,M,M
1928-08-29,82,68,0.19,M,M
1928-08-30,76,62,0.32,M,M
1928-08-31,72,63,M,M,M
1928-09-01,66,56,0.00,M,M
1928-09-02,71,39,0.00,M,M
1928-09-03,68,58,0.45,M,M
1928-09-04,68,54,0.04,M,M
1928-09-05,65,44,0.00,M,M
1928-09-06,62,45,0.00,M,M
1928-09-07,68,47,T,M,M
1928-09-08,72,46,0.00,M,M
1928-09-09,73,45,0.00,M,M
1928-09-10,79,31,0.00,M,M
1928-09-11,82,60,0.00,M,M
1928-09-12,84,61,0.00,M,M
1928-09-13,83,61,0.00,M,M
1928-09-14,70,56,0.00,M,M
1928-09-15,70,52,0.00,M,M
1928-09-16,78,56,0.00,M,M
1928-09-17,75,50,T,M,M
1928-09-18,64,50,0.13,M,M
1928-09-19,59,47,T,M,M
1928-09-20,76,49,0.24,M,M
1928-09-21,71,57,0.00,M,M
1928-09-22,64,49,0.00,M,M
1928-09-23,62,39,T,M,M
1928-09-24,54,31,0.00,M,M
1928-09-25,58,29,T,M,M
1928-09-26,51,39,0.04,M,M
1928-09-27,52,38,0.12,M,M
1928-09-28,52,39,0.04,M,M
1928-09-29,57,28,0.00,M,M
1928-09-30,53,31,0.00,M,M
1928-10-01,61,38,0.00,0.0,M
1928-10-02,62,35,0.00,0.0,M
1928-10-03,70,48,0.00,0.0,M
1928-10-04,75,51,0.00,0.0,M
1928-10-05,76,46,0.00,0.0,M
1928-10-06,M,M,0.00,0.0,M
1928-10-07,M,M,0.00,0.0,M
1928-10-08,70,28,0.00,0.0,M
1928-10-09,76,43,T,0.0,M
1928-10-10,61,45,0.00,0.0,M
1928-10-11,83,36,0.00,0.0,M
1928-10-12,85,52,0.00,0.0,M
1928-10-13,74,43,0.26,0.0,M
1928-10-14,58,30,0.00,0.0,M
1928-10-15,70,26,0.00,0.0,M
1928-10-16,70,45,T,0.0,M
1928-10-17,82,56,0.00,0.0,M
1928-10-18,78,61,T,0.0,M
1928-10-19,74,46,0.00,0.0,M
1928-10-20,63,44,0.00,0.0,M
1928-10-21,59,37,0.00,0.0,M
1928-10-22,64,32,T,0.0,M
1928-10-23,68,47,0.04,0.0,M
1928-10-24,61,42,0.00,0.0,M
1928-10-25,49,30,0.00,0.0,M
1928-10-26,45,24,T,T,M
1928-10-27,43,16,0.00,0.0,M
1928-10-28,51,33,0.00,0.0,M
1928-10-29,43,28,0.00,0.0,M
1928-10-30,48,13,T,T,M
1928-10-31,54,18,0.00,0.0,M
1928-11-01,56,24,0.00,0.0,M
1928-11-02,51,30,0.00,0.0,M
1928-11-03,54,41,0.00,0.0,M
1928-11-04,55,46,0.00,0.0,M
1928-11-05,49,25,0.00,0.0,M
1928-11-06,58,28,0.00,0.0,M
1928-11-07,52,39,0.00,0.0,M
1928-11-08,47,32,0.10,1.0,M
1928-11-09,48,28,0.00,0.0,M
1928-11-10,44,26,0.00,0.0,M
1928-11-11,48,21,0.00,0.0,M
1928-11-12,39,18,T,T,M
1928-11-13,45,30,0.80,0.0,M
1928-11-14,59,25,0.00,0.0,M
1928-11-15,68,35,0.00,0.0,M
1928-11-16,68,53,0.00,0.0,M
1928-11-17,68,53,0.00,0.0,M
1928-11-18,72,50,0.00,0.0,M
1928-11-19,61,45,0.24,0.0,M
1928-11-20,61,32,0.00,0.0,M
1928-11-21,35,23,T,T,M
1928-11-22,38,27,0.16,T,M
1928-11-23,36,26,0.00,0.0,M
1928-11-24,38,27,0.00,0.0,M
1928-11-25,M,M,0.00,0.0,M
1928-11-26,38,16,0.00,0.0,M
1928-11-27,31,15,0.00,0.0,M
1928-11-28,43,12,0.00,0.0,M
1928-11-29,39,34,0.00,0.0,M
1928-11-30,35,29,0.20,2.0,M
1928-12-01,36,29,0.20,2.0,M
1928-12-02,39,32,0.00,0.0,M
1928-12-03,40,30,0.08,0.0,M
1928-12-04,43,33,0.00,0.0,M
1928-12-05,42,27,0.16,0.0,M
1928-12-06,32,23,0.00,0.0,M
1928-12-07,35,13,0.00,0.0,M
1928-12-08,32,17,0.00,0.0,M
1928-12-09,27,16,0.00,0.0,M
1928-12-10,31,12,0.00,0.0,M
1928-12-11,39,22,0.00,0.0,M
1928-12-12,40,22,0.00,0.0,M
1928-12-13,46,23,0.00,0.0,M
1928-12-14,40,26,0.00,0.0,M
1928-12-15,45,14,0.00,0.0,M
1928-12-16,47,38,T,0.0,M
1928-12-17,47,29,T,0.0,M
1928-12-18,59,33,0.31,0.0,M
1928-12-19,39,26,0.00,0.0,M
1928-12-20,41,27,0.00,0.0,M
1928-12-21,35,18,0.10,1.0,M
1928-12-22,28,3,0.00,0.0,M
1928-12-23,35,4,0.00,0.0,M
1928-12-24,42,8,0.00,0.0,M
1928-12-25,41,25,T,0.0,M
1928-12-26,44,25,0.00,0.0,M
1928-12-27,39,20,0.00,0.0,M
1928-12-28,48,29,0.20,0.0,M
1928-12-29,38,29,0.00,0.0,M
1928-12-30,M,M,0.00,0.0,M
1928-12-31,36,23,0.00,0.0,M
1929-01-01,34,14,0.20,2.0,2
1929-01-02,43,20,0.00,0.0,M
1929-01-03,M,M,0.00,0.0,M
1929-01-04,30,5,0.00,0.0,M
1929-01-05,35,-0,0.00,0.0,M
1929-01-06,64,32,0.16,0.0,M
1929-01-07,49,13,0.00,0.0,M
1929-01-08,M,11,0.00,0.0,M
1929-01-09,42,7,0.00,0.0,M
1929-01-10,47,27,0.00,0.0,M
1929-01-11,41,11,0.00,0.0,M
1929-01-12,34,18,0.00,0.0,M
1929-01-13,24,12,0.00,0.0,M
1929-01-14,17,-10,0.00,0.0,M
1929-01-15,18,5,0.20,2.0,2
1929-01-16,23,-5,0.00,0.0,M
1929-01-17,37,1,0.20,2.0,M
1929-01-18,64,32,0.14,0.0,M
1929-01-19,38,27,0.00,0.0,M
1929-01-20,35,17,0.00,0.0,M
1929-01-21,30,17,0.00,0.0,M
1929-01-22,30,17,0.00,0.0,M
1929-01-23,36,18,0.10,2.0,M
1929-01-24,29,17,0.00,0.0,M
1929-01-25,28,11,0.30,3.0,M
1929-01-26,34,18,0.00,0.0,M
1929-01-27,23,16,0.00,0.0,M
1929-01-28,19,8,0.00,0.0,M
1929-01-29,14,1,0.20,2.0,M
1929-01-30,17,8,0.00,0.0,M
1929-01-31,23,10,0.00,0.0,4
1929-02-01,23,10,0.00,0.0,M
1929-02-02,23,15,0.10,1.0,M
1929-02-03,25,14,0.00,0.0,M
1929-02-04,25,-0,0.00,0.0,M
1929-02-05,30,-14,0.00,0.0,M
1929-02-06,33,25,0.00,0.0,M
1929-02-07,37,26,0.80,8.0,M
1929-02-08,36,15,0.00,0.0,M
1929-02-09,36,23,0.20,2.0,M
1929-02-10,34,24,T,T,M
1929-02-11,25,-2,0.00,0.0,M
1929-02-12,19,-1,0.00,0.0,M
1929-02-13,21,-10,0.00,0.0,M
1929-02-14,31,13,T,T,M
1929-02-15,31,18,0.00,0.0,M
1929-02-16,30,26,0.00,0.0,M
1929-02-17,31,28,0.00,0.0,M
1929-02-18,34,15,0.00,0.0,M
1929-02-19,49,-0,0.30,3.0,M
1929-02-20,26,-2,0.00,0.0,M
1929-02-21,15,-9,1.30,13.0,M
1929-02-22,31,4,0.00,0.0,M
1929-02-23,24,-13,0.00,0.0,M
1929-02-24,29,-13,0.00,0.0,M
1929-02-25,40,12,0.00,0.0,M
1929-02-26,35,12,1.10,11.0,M
1929-02-27,43,30,0.00,0.0,M
1929-02-28,36,28,0.30,3.0,M
1929-03-01,36,26,0.00,0.0,M
1929-03-02,37,13,0.30,3.0,M
1929-03-03,40,23,0.00,0.0,M
1929-03-04,39,28,0.00,0.0,M
1929-03-05,40,33,0.40,4.0,M
1929-03-06,39,22,0.05,0.0,M
1929-03-07,44,20,0.00,0.0,M
1929-03-08,23,6,0.00,0.0,M
1929-03-09,32,7,0.00,0.0,M
1929-03-10,28,-0,0.00,0.0,M
1929-03-11,41,19,0.00,0.0,M
1929-03-12,55,21,0.00,0.0,M
1929-03-13,59,32,0.00,0.0,M
1929-03-14,45,35,0.49,0.0,M
1929-03-15,57,35,0.00,0.0,M
1929-03-16,59,39,0.19,0.0,M
1929-03-17,39,16,0.00,0.0,M
1929-03-18,46,20,0.00,0.0,M
1929-03-19,62,27,0.00,0.0,M
1929-03-20,58,35,0.00,0.0,M
1929-03-21,64,25,0.00,0.0,M
1929-03-22,61,44,0.04,0.0,M
1929-03-23,70,38,0.05,0.0,M
1929-03-24,65,32,0.34,0.0,M
1929-03-25,49,25,0.11,0.0,M
1929-03-26,53,38,0.33,0.0,M
1929-03-27,49,31,0.00,0.0,M
1929-03-28,46,30,0.04,0.0,M
1929-03-29,52,28,0.00,0.0,M
1929-03-30,48,27,T,T,M
1929-03-31,65,37,0.00,0.0,M
1929-04-01,68,40,T,0.0,M
1929-04-02,51,20,0.00,0.0,M
1929-04-03,55,25,0.00,0.0,M
1929-04-04,67,33,0.35,0.0,M
1929-04-05,65,43,0.05,0.0,M
1929-04-06,60,48,1.53,0.0,M
1929-04-07,82,55,0.00,0.0,M
1929-04-08,83,61,0.11,0.0,M
1929-04-09,65,42,0.05,0.0,M
1929-04-10,58,28,0.40,4.0,M
1929-04-11,50,30,0.00,0.0,M
1929-04-12,46,32,1.25,0.0,M
1929-04-13,35,29,0.27,0.0,M
1929-04-14,45,32,0.21,0.0,M
1929-04-15,40,33,T,T,M
1929-04-16,36,29,0.80,8.0,M
1929-04-17,36,32,0.40,4.0,M
1929-04-18,38,32,0.00,0.0,M
1929-04-19,37,28,0.00,0.0,M
1929-04-20,46,37,1.75,0.0,M
1929-04-21,38,35,1.30,0.0,M
1929-04-22,53,32,0.27,0.0,M
1929-04-23,53,28,0.00,0.0,M
1929-04-24,63,28,0.00,0.0,M
1929-04-25,56,35,T,0.0,M
1929-04-26,60,47,0.11,0.0,M
1929-04-27,68,43,0.00,0.0,M
1929-04-28,59,45,0.05,0.0,M
1929-04-29,52,37,0.57,0.0,M
1929-04-30,57,32,0.00,0.0,M
1929-05-01,78,35,0.00,M,M
1929-05-02,71,45,0.00,M,M
1929-05-03,65,45,0.53,M,M
1929-05-04,57,34,0.00,M,M
1929-05-05,64,42,0.22,M,M
1929-05-06,65,32,0.06,M,M
1929-05-07,55,42,0.05,M,M
1929-05-08,50,35,0.00,M,M
1929-05-09,53,28,0.00,M,M
1929-05-10,62,25,0.00,M,M
1929-05-11,70,28,T,M,M
1929-05-12,72,50,0.41,M,M
1929-05-13,66,47,0.00,M,M
1929-05-14,57,35,0.26,M,M
1929-05-15,74,49,0.31,M,M
1929-05-16,78,42,0.08,M,M
1929-05-17,71,36,0.00,M,M
1929-05-18,70,48,0.00,M,M
1929-05-19,77,M,0.63,M,M
1929-05-20,59,35,0.00,M,M
1929-05-21,55,42,1.24,M,M
1929-05-22,60,40,0.00,M,M
1929-05-23,70,29,0.00,M,M
1929-05-24,67,50,0.20,M,M
1929-05-25,64,52,0.00,M,M
1929-05-26,72,33,0.00,M,M
1929-05-27,84,37,0.00,M,M
1929-05-28,86,55,0.00,M,M
1929-05-29,87,57,0.00,M,M
1929-05-30,88,65,0.21,M,M
1929-05-31,83,63,0.00,M,M
1929-06-01,74,55,0.00,M,M
1929-06-02,59,38,0.00,M,M
1929-06-03,62,38,0.00,M,M
1929-06-04,66,36,0.00,M,M
1929-06-05,69,44,0.18,M,M
1929-06-06,68,34,0.00,M,M
1929-06-07,72,46,T,M,M
1929-06-08,68,38,0.00,M,M
1929-06-09,72,37,0.00,M,M
1929-06-10,76,38,0.00,M,M
1929-06-11,83,61,0.00,M,M
1929-06-12,88,55,0.00,M,M
1929-06-13,80,60,T,M,M
1929-06-14,78,56,0.28,M,M
1929-06-15,78,62,0.39,M,M
1929-06-16,78,60,0.00,M,M
1929-06-17,83,49,0.00,M,M
1929-06-18,88,57,0.00,M,M
1929-06-19,83,64,0.07,M,M
1929-06-20,82,68,0.83,M,M
1929-06-21,85,61,0.00,M,M
1929-06-22,83,70,0.00,M,M
1929-06-23,85,69,T,M,M
1929-06-24,82,65,0.30,M,M
1929-06-25,80,67,1.25,M,M
1929-06-26,72,55,0.00,M,M
1929-06-27,73,52,0.42,M,M
1929-06-28,72,56,0.31,M,M
1929-06-29,68,56,0.22,M,M
1929-06-30,72,51,T,M,M
1929-07-01,78,60,0.09,M,M
1929-07-02,76,55,0.00,M,M
1929-07-03,68,42,0.03,M,M
1929-07-04,78,42,0.05,M,M
1929-07-05,75,66,0.03,M,M
1929-07-06,86,52,0.00,M,M
1929-07-07,89,63,0.00,M,M
1929-07-08,82,70,0.00,M,M
1929-07-09,90,54,0.00,M,M
1929-07-10,84,70,0.11,M,M
1929-07-11,81,63,0.00,M,M
1929-07-12,84,61,0.00,M,M
1929-07-13,85,55,0.00,M,M
1929-07-14,78,60,0.14,M,M
1929-07-15,75,42,0.00,M,M
1929-07-16,82,53,0.00,M,M
1929-07-17,84,M,0.00,M,M
1929-07-18,81,66,T,M,M
1929-07-19,74,55,0.09,M,M
1929-07-20,72,40,0.00,M,M
1929-07-21,78,46,0.00,M,M
1929-07-22,83,65,0.00,M,M
1929-07-23,88,64,0.00,M,M
1929-07-24,82,76,0.00,M,M
1929-07-25,77,63,0.24,M,M
1929-07-26,80,54,0.00,M,M
1929-07-27,89,65,0.00,M,M
1929-07-28,95,65,0.00,M,M
1929-07-29,88,63,0.00,M,M
1929-07-30,85,61,0.00,M,M
1929-07-31,85,47,0.00,M,M
1929-08-01,82,57,0.00,M,M
1929-08-02,75,45,0.00,M,M
1929-08-03,78,42,0.26,M,M
1929-08-04,65,54,0.00,M,M
1929-08-05,67,50,0.04,M,M
1929-08-06,74,47,0.00,M,M
1929-08-07,75,41,0.00,M,M
1929-08-08,78,36,0.00,M,M
1929-08-09,79,55,1.46,M,M
1929-08-10,M,M,0.00,M,M
1929-08-11,M,M,0.00,M,M
1929-08-12,83,48,0.00,M,M
1929-08-13,79,63,0.36,M,M
1929-08-14,77,64,0.13,M,M
1929-08-15,76,58,0.34,M,M
1929-08-16,69,55,0.00,M,M
1929-08-17,82,43,0.00,M,M
1929-08-18,83,59,0.00,M,M
1929-08-19,69,56,0.00,M,M
1929-08-20,70,38,0.00,M,M
1929-08-21,76,38,0.00,M,M
1929-08-22,85,46,0.00,M,M
1929-08-23,75,61,0.07,M,M
1929-08-24,78,60,0.20,M,M
1929-08-25,79,62,0.00,M,M
1929-08-26,85,46,0.00,M,M
1929-08-27,78,63,0.00,M,M
1929-08-28,69,58,0.00,M,M
1929-08-29,66,47,0.00,M,M
1929-08-30,69,46,0.00,M,M
1929-08-31,76,55,0.00,M,M
1929-09-01,83,45,0.00,M,M
1929-09-02,90,61,0.00,M,M
1929-09-03,91,67,0.00,M,M
1929-09-04,93,65,0.00,M,M
1929-09-05,85,65,0.00,M,M
1929-09-06,79,64,0.00,M,M
1929-09-07,84,64,0.00,M,M
1929-09-08,71,64,0.53,M,M
1929-09-09,74,62,0.54,M,M
1929-09-10,85,67,0.35,M,M
1929-09-11,78,66,0.00,M,M
1929-09-12,77,40,0.00,M,M
1929-09-13,77,45,0.00,M,M
1929-09-14,80,62,0.76,M,M
1929-09-15,73,49,0.00,M,M
1929-09-16,75,38,0.00,M,M
1929-09-17,71,55,0.62,M,M
1929-09-18,59,45,0.00,M,M
1929-09-19,57,31,0.00,M,M
1929-09-20,55,28,0.00,M,M
1929-09-21,58,26,0.00,M,M
1929-09-22,64,28,0.00,M,M
1929-09-23,70,30,0.00,M,M
1929-09-24,79,33,0.00,M,M
1929-09-25,79,41,0.00,M,M
1929-09-26,78,50,0.00,M,M
1929-09-27,79,48,0.00,M,M
1929-09-28,79,54,0.03,M,M
1929-09-29,78,51,0.16,M,M
1929-09-30,68,48,0.18,M,M
1929-10-01,58,45,0.00,M,M
1929-10-02,55,45,1.36,M,M
1929-10-03,55,43,0.60,M,M
1929-10-04,47,42,0.00,M,M
1929-10-05,48,41,0.00,M,M
1929-10-06,54,38,0.00,M,M
1929-10-07,60,30,0.00,M,M
1929-10-08,70,34,0.15,M,M
1929-10-09,M,28,0.00,M,M
1929-10-10,52,20,0.00,M,M
1929-10-11,60,18,0.00,M,M
1929-10-12,62,28,0.00,M,M
1929-10-13,63,49,0.00,M,M
1929-10-14,55,40,0.00,M,M
1929-10-15,59,32,0.00,M,M
1929-10-16,67,27,0.00,M,M
1929-10-17,66,31,0.00,M,M
1929-10-18,59,35,0.00,M,M
1929-10-19,45,28,0.00,M,M
1929-10-20,68,25,0.00,M,M
1929-10-21,80,35,0.00,M,M
1929-10-22,75,42,0.48,M,M
1929-10-23,66,50,1.40,M,M
1929-10-24,55,34,0.00,M,M
1929-10-25,M,35,T,M,M
1929-10-26,58,42,0.00,M,M
1929-10-27,68,38,0.00,M,M
1929-10-28,60,32,0.00,M,M
1929-10-29,42,23,T,M,M
1929-10-30,41,25,0.08,M,M
1929-10-31,52,40,0.21,M,M
1929-11-01,69,49,0.03,M,M
1929-11-02,69,52,0.06,M,M
1929-11-03,55,46,0.45,M,M
1929-11-04,62,40,T,M,M
1929-11-05,45,36,0.00,M,M
1929-11-06,51,28,0.00,M,M
1929-11-07,48,22,0.00,M,M
1929-11-08,47,28,0.00,M,M
1929-11-09,44,28,0.17,M,M
1929-11-10,58,31,0.00,M,M
1929-11-11,50,31,0.11,M,M
1929-11-12,51,42,0.00,M,M
1929-11-13,57,33,0.00,M,M
1929-11-14,63,44,0.86,M,M
1929-11-15,51,31,0.00,M,M
1929-11-16,50,34,0.00,M,M
1929-11-17,48,39,T,M,M
1929-11-18,47,38,1.36,M,M
1929-11-19,46,39,0.00,M,M
1929-11-20,43,30,0.00,M,M
1929-11-21,38,25,0.00,M,M
1929-11-22,33,24,0.00,M,M
1929-11-23,31,6,0.00,M,M
1929-11-24,48,22,0.00,M,M
1929-11-25,49,25,T,T,M
1929-11-26,55,31,0.00,M,M
1929-11-27,49,40,T,M,M
1929-11-28,45,23,0.00,M,M
1929-11-29,24,13,T,T,M
1929-11-30,21,7,0.00,M,M
1929-12-01,28,18,0.00,0.0,M
1929-12-02,25,15,0.20,2.0,M
1929-12-03,30,17,0.10,1.0,M
1929-12-04,28,17,0.00,0.0,M
1929-12-05,32,16,T,T,M
1929-12-06,39,24,0.00,0.0,M
1929-12-07,35,12,0.00,0.0,M
1929-12-08,35,18,0.80,8.0,M
1929-12-09,35,25,0.00,0.0,M
1929-12-10,28,15,0.20,2.0,M
1929-12-11,25,7,0.00,0.0,M
1929-12-12,18,-16,0.00,0.0,M
1929-12-13,34,15,T,0.0,M
1929-12-14,39,33,0.06,0.0,M
1929-12-15,39,33,0.00,0.0,M
1929-12-16,36,10,0.00,0.0,M
1929-12-17,36,18,0.09,0.0,M
1929-12-18,42,32,0.24,0.0,M
1929-12-19,M,22,0.13,T,M
1929-12-20,43,21,0.12,T,M
1929-12-21,26,16,T,T,M
1929-12-22,29,18,T,T,M
1929-12-23,21,4,0.40,4.0,M
1929-12-24,25,10,0.30,3.0,M
1929-12-25,31,15,0.00,0.0,M
1929-12-26,36,18,0.00,0.0,M
1929-12-27,48,26,0.00,0.0,M
1929-12-28,41,33,0.00,0.0,M
1929-12-29,37,31,0.00,0.0,M
1929-12-30,33,24,0.00,0.0,M
1929-12-31,44,29,0.00,0.0,M
1930-01-01,40,22,0.00,M,M
1930-01-02,57,33,0.00,M,M
1930-01-03,45,32,0.05,M,M
1930-01-04,33,15,0.00,M,M
1930-01-05,26,4,0.00,M,M
1930-01-06,56,21,0.00,M,M
1930-01-07,59,37,0.00,M,M
1930-01-08,61,47,0.00,M,M
1930-01-09,58,23,0.21,M,M
1930-01-10,36,14,0.09,M,M
1930-01-11,23,7,0.00,M,M
1930-01-12,M,14,0.21,M,M
1930-01-13,41,33,0.14,M,M
1930-01-14,48,32,0.27,M,M
1930-01-15,41,29,0.00,M,M
1930-01-16,29,18,0.00,M,M
1930-01-17,18,5,0.00,M,M
1930-01-18,28,16,0.60,6.0,M
1930-01-19,21,-1,0.00,M,M
1930-01-20,25,M,0.00,M,M
1930-01-21,24,15,T,T,M
1930-01-22,25,16,0.00,M,M
1930-01-23,17,-3,0.00,M,M
1930-01-24,24,-9,0.00,M,M
1930-01-25,23,17,0.00,M,M
1930-01-26,20,-10,0.00,M,M
1930-01-27,34,10,0.00,M,M
1930-01-28,41,21,0.00,M,M
1930-01-29,39,15,0.00,M,M
1930-01-30,24,-10,0.00,M,M
1930-01-31,29,-8,0.00,M,M
1930-02-01,38,11,0.00,0.0,M
1930-02-02,34,19,0.10,1.0,M
1930-02-03,M,M,0.00,0.0,M
1930-02-04,31,17,0.10,1.0,M
1930-02-05,32,17,0.20,2.0,M
1930-02-06,18,-13,T,T,M
1930-02-07,26,-2,T,T,M
1930-02-08,29,18,0.00,0.0,M
1930-02-09,30,10,T,T,M
1930-02-10,35,22,T,T,M
1930-02-11,23,11,0.00,0.0,M
1930-02-12,37,-2,0.00,0.0,M
1930-02-13,46,29,0.36,0.0,M
1930-02-14,35,16,0.00,0.0,M
1930-02-15,29,8,T,T,M
1930-02-16,23,-7,0.00,0.0,M
1930-02-17,19,-14,0.00,0.0,M
1930-02-18,39,8,0.00,0.0,M
1930-02-19,59,31,0.00,0.0,M
1930-02-20,65,38,0.00,0.0,M
1930-02-21,M,28,0.00,0.0,M
1930-02-22,59,32,T,0.0,M
1930-02-23,62,34,0.00,0.0,M
1930-02-24,66,31,0.04,0.0,M
1930-02-25,54,17,0.10,1.0,M
1930-02-26,53,16,0.00,0.0,M
1930-02-27,32,10,0.40,4.0,M
1930-02-28,38,1,0.00,0.0,M
1930-03-01,48,9,0.00,M,M
1930-03-02,40,25,0.17,M,M
1930-03-03,25,8,0.00,M,M
1930-03-04,27,12,0.00,M,M
1930-03-05,43,9,0.00,M,M
1930-03-06,48,26,0.00,M,M
1930-03-07,49,20,0.07,M,M
1930-03-08,44,33,1.47,M,M
1930-03-09,47,28,0.30,3.0,M
1930-03-10,51,24,0.00,M,M
1930-03-11,53,26,0.14,M,M
1930-03-12,44,25,0.11,M,M
1930-03-13,55,29,T,M,M
1930-03-14,50,19,0.00,M,M
1930-03-15,47,12,0.00,M,M
1930-03-16,38,23,0.00,M,M
1930-03-17,54,30,0.03,M,M
1930-03-18,47,33,0.44,M,M
1930-03-19,36,25,0.11,M,M
1930-03-20,46,21,0.00,M,M
1930-03-21,47,20,0.00,M,M
1930-03-22,27,12,0.00,M,M
1930-03-23,37,10,0.00,M,M
1930-03-24,50,28,0.00,M,M
1930-03-25,47,31,0.09,M,M
1930-03-26,51,32,0.03,M,M
1930-03-27,35,28,0.00,M,M
1930-03-28,38,27,0.00,M,M
1930-03-29,40,20,0.00,M,M
1930-03-30,45,20,T,T,M
1930-03-31,41,20,M,3.0,M
1930-04-01,M,M,M,M,M
1930-04-02,M,M,M,M,M
1930-04-03,M,M,M,M,M
1930-04-04,M,M,M,M,M
1930-04-05,M,M,M,M,M
1930-04-06,M,M,M,M,M
1930-04-07,M,M,M,M,M
1930-04-08,M,M,M,M,M
1930-04-09,M,M,M,M,M
1930-04-10,M,M,M,M,M
1930-04-11,M,M,M,M,M
1930-04-12,M,M,M,M,M
1930-04-13,M,M,M,M,M
1930-04-14,M,M,M,M,M
1930-04-15,M,M,M,M,M
1930-04-16,M,M,M,M,M
1930-04-17,M,M,M,M,M
1930-04-18,M,M,M,M,M
1930-04-19,M,M,M,M,M
1930-04-20,M,M,M,M,M
1930-04-21,M,M,M,M,M
1930-04-22,M,M,M,M,M
1930-04-23,M,M,M,M,M
1930-04-24,M,M,M,M,M
1930-04-25,M,M,M,M,M
1930-04-26,M,M,M,M,M
1930-04-27,M,M,M,M,M
1930-04-28,M,M,M,M,M
1930-04-29,M,M,M,M,M
1930-04-30,M,M,M,M,M
1930-05-01,M,M,M,M,M
1930-05-02,M,M,M,M,M
1930-05-03,M,M,M,M,M
1930-05-04,M,M,M,M,M
1930-05-05,M,M,M,M,M
1930-05-06,M,M,M,M,M
1930-05-07,M,M,M,M,M
1930-05-08,M,M,M,M,M
1930-05-09,M,M,M,M,M
1930-05-10,M,M,M,M,M
1930-05-11,M,M,M,M,M
1930-05-12,M,M,M,M,M
1930-05-13,M,M,M,M,M
1930-05-14,M,M,M,M,M
1930-05-15,M,M,M,M,M
1930-05-16,M,M,M,M,M
1930-05-17,M,M,M,M,M
1930-05-18,M,M,M,M,M
1930-05-19,M,M,M,M,M
1930-05-20,M,M,M,M,M
1930-05-21,M,M,M,M,M
1930-05-22,M,M,M,M,M
1930-05-23,M,M,M,M,M
1930-05-24,M,M,M,M,M
1930-05-25,M,M,M,M,M
1930-05-26,M,M,M,M,M
1930-05-27,M,M,M,M,M
1930-05-28,M,M,M,M,M
1930-05-29,M,M,M,M,M
1930-05-30,M,M,M,M,M
1930-05-31,M,M,M,M,M
1930-06-01,M,M,M,M,M
1930-06-02,M,M,M,M,M
1930-06-03,M,M,M,M,M
1930-06-04,M,M,M,M,M
1930-06-05,M,M,M,M,M
1930-06-06,M,M,M,M,M
1930-06-07,M,M,M,M,M
1930-06-08,M,M,M,M,M
1930-06-09,M,M,M,M,M
1930-06-10,M,M,M,M,M
1930-06-11,M,M,M,M,M
1930-06-12,M,M,M,M,M
1930-06-13,M,M,M,M,M
1930-06-14,M,M,M,M,M
1930-06-15,M,M,M,M,M
1930-06-16,M,M,M,M,M
1930-06-17,M,M,M,M,M
1930-06-18,M,M,M,M,M
1930-06-19,M,M,M,M,M
1930-06-20,M,M,M,M,M
1930-06-21,M,M,M,M,M
1930-06-22,M,M,M,M,M
1930-06-23,M,M,M,M,M
1930-06-24,M,M,M,M,M
1930-06-25,M,M,M,M,M
1930-06-26,M,M,M,M,M
1930-06-27,M,M,M,M,M
1930-06-28,M,M,M,M,M
1930-06-29,M,M,M,M,M
1930-06-30,M,M,M,M,M
1930-07-01,M,M,0.00,M,M
1930-07-02,M,M,0.00,M,M
1930-07-03,M,M,0.00,M,M
1930-07-04,M,M,0.00,M,M
1930-07-05,M,M,0.00,M,M
1930-07-06,M,M,0.00,M,M
1930-07-07,M,M,0.00,M,M
1930-07-08,M,M,0.00,M,M
1930-07-09,M,M,0.00,M,M
1930-07-10,M,M,0.00,M,M
1930-07-11,M,M,0.00,M,M
1930-07-12,M,M,0.00,M,M
1930-07-13,M,M,0.00,M,M
1930-07-14,M,M,0.00,M,M
1930-07-15,M,M,0.00,M,M
1930-07-16,M,M,0.00,M,M
1930-07-17,M,M,0.00,M,M
1930-07-18,91,54,0.00,M,M
1930-07-19,89,74,0.00,M,M
1930-07-20,85,77,0.00,M,M
1930-07-21,97,54,0.00,M,M
1930-07-22,95,35,0.69,M,M
1930-07-23,79,57,0.00,M,M
1930-07-24,82,51,0.00,M,M
1930-07-25,84,53,0.00,M,M
1930-07-26,87,50,0.00,M,M
1930-07-27,86,65,0.43,M,M
1930-07-28,82,58,0.00,M,M
1930-07-29,84,66,0.00,M,M
1930-07-30,77,50,0.00,M,M
1930-07-31,76,44,0.00,M,M
1930-08-01,81,42,0.00,M,M
1930-08-02,88,51,0.00,M,M
1930-08-03,92,59,0.00,M,M
1930-08-04,95,63,0.00,M,M
1930-08-05,88,64,T,M,M
1930-08-06,88,52,0.00,M,M
1930-08-07,M,52,0.16,M,M
1930-08-08,89,69,0.00,M,M
1930-08-09,89,67,0.00,M,M
1930-08-10,M,57,0.00,M,M
1930-08-11,68,46,0.00,M,M
1930-08-12,66,43,0.00,M,M
1930-08-13,75,35,0.00,M,M
1930-08-14,62,46,0.23,M,M
1930-08-15,76,58,0.00,M,M
1930-08-16,76,51,0.27,M,M
1930-08-17,M,M,0.00,M,M
1930-08-18,77,43,0.00,M,M
1930-08-19,73,49,0.00,M,M
1930-08-20,72,54,0.00,M,M
1930-08-21,74,51,0.00,M,M
1930-08-22,77,45,0.00,M,M
1930-08-23,75,54,1.33,M,M
1930-08-24,73,54,0.00,M,M
1930-08-25,76,48,0.00,M,M
1930-08-26,81,47,0.00,M,M
1930-08-27,83,48,0.00,M,M
1930-08-28,85,47,0.00,M,M
1930-08-29,83,55,0.00,M,M
1930-08-30,79,48,0.00,M,M
1930-08-31,86,50,0.00,M,M
1930-09-01,78,64,0.74,M,M
1930-09-02,84,64,0.21,M,M
1930-09-03,77,61,0.17,M,M
1930-09-04,69,48,0.00,M,M
1930-09-05,77,37,0.00,M,M
1930-09-06,81,49,0.00,M,M
1930-09-07,72,56,0.00,M,M
1930-09-08,70,49,0.00,M,M
1930-09-09,69,33,0.00,M,M
1930-09-10,69,39,0.00,M,M
1930-09-11,M,M,0.00,M,M
1930-09-12,85,48,0.00,M,M
1930-09-13,82,56,0.00,M,M
1930-09-14,83,62,0.13,M,M
1930-09-15,88,57,0.00,M,M
1930-09-16,84,65,0.27,M,M
1930-09-17,74,M,0.00,M,M
1930-09-18,70,50,0.00,M,M
1930-09-19,75,38,0.00,M,M
1930-09-20,82,43,0.00,M,M
1930-09-21,74,54,0.00,M,M
1930-09-22,80,42,0.00,M,M
1930-09-23,74,43,0.00,M,M
1930-09-24,78,37,0.00,M,M
1930-09-25,76,58,0.84,M,M
1930-09-26,86,62,0.00,M,M
1930-09-27,M,M,0.00,M,M
1930-09-28,76,41,0.00,M,M
1930-09-29,58,41,0.00,M,M
1930-09-30,58,40,0.00,M,M
1930-10-01,58,36,0.00,M,M
1930-10-02,62,30,0.00,M,M
1930-10-03,57,35,0.00,M,M
1930-10-04,62,28,0.00,M,M
1930-10-05,58,25,0.00,M,M
1930-10-06,71,29,0.00,M,M
1930-10-07,72,30,0.00,M,M
1930-10-08,62,38,0.00,M,M
1930-10-09,67,47,0.00,M,M
1930-10-10,75,38,0.00,M,M
1930-10-11,73,42,0.00,M,M
1930-10-12,80,40,0.00,M,M
1930-10-13,81,35,0.00,M,M
1930-10-14,80,37,0.00,M,M
1930-10-15,68,51,0.61,M,M
1930-10-16,70,49,0.00,M,M
1930-10-17,69,43,0.00,M,M
1930-10-18,67,32,0.00,M,M
1930-10-19,46,28,0.00,M,M
1930-10-20,43,25,0.00,M,M
1930-10-21,44,24,0.00,M,M
1930-10-22,46,36,0.00,M,M
1930-10-23,54,17,0.00,M,M
1930-10-24,44,35,0.10,M,M
1930-10-25,39,32,0.00,M,M
1930-10-26,51,30,0.00,M,M
1930-10-27,59,18,0.00,M,M
1930-10-28,56,35,0.20,M,M
1930-10-29,53,35,0.00,M,M
1930-10-30,54,34,0.00,M,M
1930-10-31,48,35,0.06,M,M
1930-11-01,41,34,0.00,M,M
1930-11-02,45,22,0.00,M,M
1930-11-03,50,M,0.00,M,M
1930-11-04,43,19,0.00,M,M
1930-11-05,46,38,0.45,M,M
1930-11-06,45,24,0.00,M,M
1930-11-07,35,21,0.00,M,M
1930-11-08,50,21,0.00,M,M
1930-11-09,62,38,0.00,M,M
1930-11-10,60,27,0.00,M,M
1930-11-11,48,6,0.00,M,M
1930-11-12,59,33,0.06,M,M
1930-11-13,58,44,0.00,M,M
1930-11-14,65,42,0.00,M,M
1930-11-15,59,49,0.00,M,M
1930-11-16,56,47,0.00,M,M
1930-11-17,53,47,0.00,M,M
1930-11-18,53,46,0.85,M,M
1930-11-19,52,43,0.00,M,M
1930-11-20,54,31,0.00,M,M
1930-11-21,61,25,0.00,M,M
1930-11-22,63,40,0.00,M,M
1930-11-23,49,31,0.00,M,M
1930-11-24,51,23,0.00,M,M
1930-11-25,49,32,0.23,M,M
1930-11-26,33,24,0.00,M,M
1930-11-27,30,15,0.00,M,M
1930-11-28,21,9,0.00,M,M
1930-11-29,26,-1,0.00,M,M
1930-11-30,50,24,0.00,M,M
1930-12-01,53,31,0.20,0.0,M
1930-12-02,32,1,0.00,0.0,M
1930-12-03,47,8,0.00,0.0,M
1930-12-04,34,26,0.00,0.0,M
1930-12-05,37,22,0.00,0.0,M
1930-12-06,35,30,0.00,0.0,M
1930-12-07,38,32,0.00,0.0,M
1930-12-08,38,32,0.00,0.0,M
1930-12-09,39,31,0.00,0.0,M
1930-12-10,40,30,0.00,0.0,M
1930-12-11,34,21,0.00,0.0,M
1930-12-12,39,33,0.05,0.0,M
1930-12-13,37,14,0.00,0.0,M
1930-12-14,23,11,0.00,0.0,M
1930-12-15,22,7,0.00,0.0,M
1930-12-16,19,-3,0.00,0.0,M
1930-12-17,28,14,0.00,0.0,M
1930-12-18,40,15,0.00,0.0,M
1930-12-19,41,19,0.00,0.0,M
1930-12-20,37,26,0.14,3.0,M
1930-12-21,40,26,0.00,0.0,M
1930-12-22,35,21,0.00,0.0,M
1930-12-23,32,23,0.00,0.0,M
1930-12-24,29,21,0.23,5.0,M
1930-12-25,37,9,0.00,0.0,M
1930-12-26,37,25,0.00,0.0,M
1930-12-27,36,29,0.08,2.0,M
1930-12-28,30,24,0.00,0.0,M
1930-12-29,35,12,0.00,0.0,M
1930-12-30,33,12,0.00,0.0,M
1930-12-31,30,10,0.00,0.0,M
1931-01-01,M,M,0.00,0.0,M
1931-01-02,30,5,0.00,0.0,M
1931-01-03,48,3,0.00,0.0,M
1931-01-04,46,31,0.00,0.0,M
1931-01-05,40,19,0.00,0.0,M
1931-01-06,37,20,1.05,8.0,8
1931-01-07,21,11,0.00,0.0,8
1931-01-08,26,9,0.00,0.0,7
1931-01-09,29,-10,0.00,0.0,7
1931-01-10,34,9,0.00,0.0,7
1931-01-11,31,21,0.00,0.0,6
1931-01-12,33,5,0.07,1.0,7
1931-01-13,33,13,0.00,0.0,6
1931-01-14,29,17,0.00,0.0,6
1931-01-15,18,-4,0.00,0.0,6
1931-01-16,27,-1,0.00,0.0,6
1931-01-17,38,22,0.00,0.0,5
1931-01-18,36,28,0.00,0.0,5
1931-01-19,31,8,0.62,7.0,12
1931-01-20,34,23,0.00,0.0,11
1931-01-21,29,6,0.00,0.0,11
1931-01-22,19,6,0.00,0.0,11
1931-01-23,29,-8,0.00,0.0,10
1931-01-24,27,4,0.00,0.0,10
1931-01-25,23,-7,0.00,0.0,10
1931-01-26,44,20,0.00,0.0,8
1931-01-27,46,13,0.00,0.0,7
1931-01-28,38,16,0.00,0.0,7
1931-01-29,32,8,0.08,3.0,10
1931-01-30,32,-2,0.58,9.0,12
1931-01-31,14,7,0.00,0.0,19
1931-02-01,15,-4,0.00,0.0,18
1931-02-02,37,6,0.00,0.0,18
1931-02-03,28,-22,0.00,0.0,16
1931-02-04,39,9,0.00,0.0,14
1931-02-05,31,-6,0.00,0.0,14
1931-02-06,34,1,0.00,0.0,14
1931-02-07,21,11,0.09,2.0,14
1931-02-08,30,9,0.00,0.0,14
1931-02-09,35,24,0.00,0.0,15
1931-02-10,31,15,0.28,4.0,16
1931-02-11,25,-13,0.00,0.0,15
1931-02-12,33,-4,0.00,0.0,15
1931-02-13,45,21,0.12,2.0,12
1931-02-14,41,11,0.00,0.0,12
1931-02-15,29,5,0.00,0.0,12
1931-02-16,39,28,0.00,0.0,10
1931-02-17,43,31,0.00,0.0,M
1931-02-18,43,31,M,M,M
1931-02-19,34,28,0.00,M,M
1931-02-20,31,24,0.00,0.0,M
1931-02-21,32,20,1.40,8.0,16
1931-02-22,37,25,0.00,0.0,16
1931-02-23,33,23,0.00,0.0,14
1931-02-24,38,19,0.00,0.0,14
1931-02-25,40,23,0.00,0.0,13
1931-02-26,36,22,0.00,0.0,13
1931-02-27,35,22,0.00,0.0,12
1931-02-28,M,M,0.00,0.0,M
1931-03-01,45,13,0.00,0.0,12
1931-03-02,37,21,0.00,0.0,12
1931-03-03,36,-0,0.00,0.0,11
1931-03-04,34,27,0.00,0.0,12
1931-03-05,35,24,0.43,3.0,13
1931-03-06,39,27,0.00,0.0,12
1931-03-07,38,20,0.00,0.0,11
1931-03-08,35,28,0.87,5.0,13
1931-03-09,38,30,0.00,0.0,13
1931-03-10,37,25,0.07,2.0,13
1931-03-11,34,23,0.00,0.0,15
1931-03-12,33,25,0.00,0.0,15
1931-03-13,32,25,0.00,0.0,13
1931-03-14,40,22,0.00,0.0,12
1931-03-15,M,M,0.00,0.0,M
1931-03-16,42,12,0.00,0.0,12
1931-03-17,41,24,0.00,0.0,12
1931-03-18,41,22,0.00,0.0,11
1931-03-19,41,15,0.00,0.0,10
1931-03-20,43,26,0.00,0.0,10
1931-03-21,48,13,0.00,0.0,9
1931-03-22,50,14,0.00,0.0,8
1931-03-23,48,24,0.00,0.0,6
1931-03-24,55,15,0.00,0.0,5
1931-03-25,44,32,0.23,0.0,4
1931-03-26,48,32,0.00,0.0,4
1931-03-27,52,22,0.00,0.0,3
1931-03-28,51,29,0.00,0.0,3
1931-03-29,42,32,0.90,0.0,2
1931-03-30,41,30,0.00,0.0,2
1931-03-31,43,32,0.00,0.0,2
1931-04-01,45,24,0.60,0.0,M
1931-04-02,44,34,0.00,0.0,M
1931-04-03,54,30,0.10,0.0,M
1931-04-04,47,36,0.00,0.0,M
1931-04-05,49,24,0.00,0.0,M
1931-04-06,M,29,0.00,0.0,M
1931-04-07,46,31,1.21,6.0,M
1931-04-08,50,30,0.00,0.0,M
1931-04-09,65,33,0.00,0.0,M
1931-04-10,68,41,0.19,0.0,M
1931-04-11,61,39,0.00,0.0,M
1931-04-12,52,23,0.00,0.0,M
1931-04-13,75,30,0.00,0.0,M
1931-04-14,74,36,0.00,0.0,M
1931-04-15,60,25,0.00,0.0,M
1931-04-16,64,22,0.00,0.0,M
1931-04-17,60,29,0.06,0.0,M
1931-04-18,62,43,0.00,0.0,M
1931-04-19,73,26,0.00,0.0,M
1931-04-20,78,36,0.00,0.0,M
1931-04-21,79,34,0.00,0.0,M
1931-04-22,75,43,0.00,0.0,M
1931-04-23,60,34,0.24,0.0,M
1931-04-24,47,30,0.00,0.0,M
1931-04-25,54,23,0.00,0.0,M
1931-04-26,59,40,0.13,0.0,M
1931-04-27,59,34,0.00,0.0,M
1931-04-28,46,32,0.00,0.0,M
1931-04-29,45,33,0.24,0.0,M
1931-04-30,44,32,0.00,0.0,M
1931-05-01,57,23,0.00,M,M
1931-05-02,65,29,0.07,M,M
1931-05-03,52,39,0.00,M,M
1931-05-04,70,24,0.00,M,M
1931-05-05,78,31,0.00,M,M
1931-05-06,79,35,0.00,M,M
1931-05-07,71,48,0.00,M,M
1931-05-08,63,55,1.19,M,M
1931-05-09,76,43,0.00,M,M
1931-05-10,67,50,1.29,M,M
1931-05-11,56,42,0.82,M,M
1931-05-12,62,41,0.16,M,M
1931-05-13,55,45,0.10,M,M
1931-05-14,51,42,0.38,M,M
1931-05-15,66,37,0.00,M,M
1931-05-16,75,44,0.45,M,M
1931-05-17,66,42,0.00,M,M
1931-05-18,76,31,0.00,M,M
1931-05-19,82,48,0.00,M,M
1931-05-20,85,58,0.00,M,M
1931-05-21,76,53,0.65,M,M
1931-05-22,66,42,0.00,M,M
1931-05-23,69,45,0.83,M,M
1931-05-24,52,38,0.03,M,M
1931-05-25,63,41,0.28,M,M
1931-05-26,70,40,0.00,M,M
1931-05-27,75,35,0.00,M,M
1931-05-28,87,43,0.00,M,M
1931-05-29,88,52,0.00,M,M
1931-05-30,80,62,0.00,M,M
1931-05-31,76,60,0.26,M,M
1931-06-01,64,53,0.03,M,M
1931-06-02,71,42,0.00,M,M
1931-06-03,69,44,0.00,M,M
1931-06-04,82,43,0.00,M,M
1931-06-05,81,51,0.05,M,M
1931-06-06,76,47,0.00,M,M
1931-06-07,71,52,0.03,M,M
1931-06-08,71,58,0.94,M,M
1931-06-09,63,49,0.74,M,M
1931-06-10,67,52,0.49,M,M
1931-06-11,74,52,0.00,M,M
1931-06-12,74,56,0.00,M,M
1931-06-13,M,M,0.00,M,M
1931-06-14,M,M,0.00,M,M
1931-06-15,81,46,0.47,M,M
1931-06-16,68,59,0.14,M,M
1931-06-17,75,55,0.98,M,M
1931-06-18,78,44,0.00,M,M
1931-06-19,87,54,0.00,M,M
1931-06-20,90,72,0.15,M,M
1931-06-21,82,57,0.00,M,M
1931-06-22,71,41,0.00,M,M
1931-06-23,66,50,0.41,M,M
1931-06-24,73,51,0.07,M,M
1931-06-25,75,42,0.00,M,M
1931-06-26,82,56,0.83,M,M
1931-06-27,82,60,0.00,M,M
1931-06-28,81,50,0.00,M,M
1931-06-29,82,47,0.00,M,M
1931-06-30,89,53,0.00,M,M
1931-07-01,91,63,0.00,M,M
1931-07-02,86,65,0.00,M,M
1931-07-03,78,62,0.00,M,M
1931-07-04,85,66,0.00,M,M
1931-07-05,83,53,0.00,M,M
1931-07-06,80,64,0.00,M,M
1931-07-07,81,65,0.00,M,M
1931-07-08,77,63,2.00,M,M
1931-07-09,82,61,0.11,M,M
1931-07-10,72,62,1.68,M,M
1931-07-11,76,62,0.52,M,M
1931-07-12,74,52,0.00,M,M
1931-07-13,83,49,0.37,M,M
1931-07-14,80,64,0.00,M,M
1931-07-15,83,56,0.00,M,M
1931-07-16,80,64,0.33,M,M
1931-07-17,83,55,0.00,M,M
1931-07-18,73,60,0.00,M,M
1931-07-19,M,M,0.00,M,M
1931-07-20,84,62,0.00,M,M
1931-07-21,84,70,0.60,M,M
1931-07-22,77,61,1.38,M,M
1931-07-23,82,52,0.10,M,M
1931-07-24,76,57,0.00,M,M
1931-07-25,73,67,0.00,M,M
1931-07-26,M,M,0.00,M,M
1931-07-27,86,49,0.00,M,M
1931-07-28,90,62,0.00,M,M
1931-07-29,90,62,0.18,M,M
1931-07-30,80,65,0.00,M,M
1931-07-31,73,60,0.00,M,M
1931-08-01,73,46,0.00,M,M
1931-08-02,M,M,0.00,M,M
1931-08-03,89,45,0.03,M,M
1931-08-04,81,58,0.00,M,M
1931-08-05,85,59,0.00,M,M
1931-08-06,90,55,0.00,M,M
1931-08-07,86,56,0.00,M,M
1931-08-08,76,57,0.00,M,M
1931-08-09,75,60,0.39,M,M
1931-08-10,71,61,0.03,M,M
1931-08-11,71,58,0.11,M,M
1931-08-12,78,58,0.50,M,M
1931-08-13,M,60,0.00,M,M
1931-08-14,83,68,0.00,M,M
1931-08-15,78,62,0.24,M,M
1931-08-16,76,54,0.00,M,M
1931-08-17,82,55,0.00,M,M
1931-08-18,83,51,0.00,M,M
1931-08-19,78,56,0.34,M,M
1931-08-20,75,51,0.00,M,M
1931-08-21,71,50,0.00,M,M
1931-08-22,74,44,0.00,M,M
1931-08-23,74,47,0.00,M,M
1931-08-24,73,49,0.00,M,M
1931-08-25,82,46,0.00,M,M
1931-08-26,76,54,0.00,M,M
1931-08-27,75,56,T,M,M
1931-08-28,76,56,0.83,M,M
1931-08-29,78,56,0.00,M,M
1931-08-30,76,47,0.00,M,M
1931-08-31,69,45,0.00,M,M
1931-09-01,76,38,0.00,M,M
1931-09-02,75,63,0.06,M,M
1931-09-03,69,55,1.03,M,M
1931-09-04,73,48,0.00,M,M
1931-09-05,78,44,0.00,M,M
1931-09-06,M,M,0.00,M,M
1931-09-07,74,51,0.00,M,M
1931-09-08,74,46,0.00,M,M
1931-09-09,82,51,0.00,M,M
1931-09-10,90,55,0.00,M,M
1931-09-11,92,59,0.00,M,M
1931-09-12,87,59,0.00,M,M
1931-09-13,90,59,0.00,M,M
1931-09-14,88,58,0.34,M,M
1931-09-15,81,65,T,M,M
1931-09-16,74,55,0.26,M,M
1931-09-17,74,53,0.41,M,M
1931-09-18,74,50,0.00,M,M
1931-09-19,64,39,0.00,M,M
1931-09-20,72,46,0.54,M,M
1931-09-21,70,55,0.00,M,M
1931-09-22,90,58,0.03,M,M
1931-09-23,79,63,T,M,M
1931-09-24,71,51,0.12,M,M
1931-09-25,61,36,0.00,M,M
1931-09-26,67,48,0.41,M,M
1931-09-27,66,47,0.06,M,M
1931-09-28,58,46,0.00,M,M
1931-09-29,67,33,0.00,M,M
1931-09-30,71,32,0.00,M,M
1931-10-01,71,44,0.00,M,M
1931-10-02,74,43,0.00,M,M
1931-10-03,79,42,0.00,M,M
1931-10-04,M,M,0.00,M,M
1931-10-05,81,45,0.00,M,M
1931-10-06,74,48,0.00,M,M
1931-10-07,69,39,0.08,M,M
1931-10-08,73,53,0.00,M,M
1931-10-09,60,35,0.00,M,M
1931-10-10,65,25,0.00,M,M
1931-10-11,66,28,T,M,M
1931-10-12,62,32,0.00,M,M
1931-10-13,65,25,0.00,M,M
1931-10-14,55,30,T,M,M
1931-10-15,68,51,0.34,M,M
1931-10-16,60,47,0.08,M,M
1931-10-17,52,40,T,M,M
1931-10-18,49,34,0.00,M,M
1931-10-19,62,29,0.00,M,M
1931-10-20,71,28,0.00,M,M
1931-10-21,62,40,0.00,M,M
1931-10-22,62,34,0.00,M,M
1931-10-23,66,29,0.00,M,M
1931-10-24,73,37,0.00,M,M
1931-10-25,64,48,0.11,M,M
1931-10-26,53,41,0.00,M,M
1931-10-27,62,42,0.00,M,M
1931-10-28,60,44,0.26,M,M
1931-10-29,52,47,0.44,M,M
1931-10-30,56,31,0.27,M,M
1931-10-31,48,34,0.00,M,M
1931-11-01,46,35,T,0.0,M
1931-11-02,44,35,T,0.0,M
1931-11-03,53,28,T,0.0,M
1931-11-04,53,41,0.07,0.0,M
1931-11-05,49,31,0.06,0.0,M
1931-11-06,39,18,0.00,0.0,M
1931-11-07,40,17,0.00,0.0,M
1931-11-08,54,16,0.00,0.0,M
1931-11-09,72,30,0.00,0.0,M
1931-11-10,74,41,0.00,0.0,M
1931-11-11,64,38,0.00,0.0,M
1931-11-12,64,30,0.30,0.0,M
1931-11-13,65,42,0.09,0.0,M
1931-11-14,52,36,0.00,0.0,M
1931-11-15,49,36,0.88,0.0,M
1931-11-16,51,34,0.00,0.0,M
1931-11-17,54,38,0.00,0.0,M
1931-11-18,69,48,T,0.0,M
1931-11-19,57,40,0.00,0.0,M
1931-11-20,55,43,0.00,0.0,M
1931-11-21,71,49,0.02,0.0,M
1931-11-22,70,53,0.00,0.0,M
1931-11-23,74,42,0.00,0.0,M
1931-11-24,68,38,0.00,0.0,M
1931-11-25,63,37,0.00,0.0,M
1931-11-26,40,27,0.00,0.0,M
1931-11-27,30,20,0.15,3.0,2
1931-11-28,M,12,0.00,0.0,M
1931-11-29,40,M,0.00,0.0,M
1931-11-30,55,28,0.20,0.0,M
1931-12-01,43,31,0.02,1.0,1
1931-12-02,33,20,0.00,0.0,M
1931-12-03,48,24,0.00,0.0,M
1931-12-04,42,27,0.33,0.0,M
1931-12-05,36,15,0.00,0.0,M
1931-12-06,28,7,0.00,0.0,M
1931-12-07,31,23,0.00,0.0,M
1931-12-08,25,4,0.00,0.0,M
1931-12-09,M,7,0.20,3.0,3
1931-12-10,43,32,0.00,0.0,M
1931-12-11,38,32,0.12,0.0,M
1931-12-12,54,35,0.00,0.0,M
1931-12-13,43,25,0.75,0.0,M
1931-12-14,52,34,0.37,0.0,M
1931-12-15,45,19,0.00,0.0,M
1931-12-16,41,15,0.00,0.0,M
1931-12-17,48,25,0.00,0.0,M
1931-12-18,46,29,0.00,0.0,M
1931-12-19,47,27,0.00,0.0,M
1931-12-20,41,19,0.00,0.0,M
1931-12-21,41,9,0.00,0.0,M
1931-12-22,41,21,0.18,0.0,M
1931-12-23,50,35,0.55,0.0,M
1931-12-24,47,40,0.00,0.0,M
1931-12-25,48,23,0.18,0.0,M
1931-12-26,27,13,0.00,0.0,M
1931-12-27,30,11,0.00,0.0,M
1931-12-28,36,11,0.00,0.0,M
1931-12-29,34,10,0.00,0.0,M
1931-12-30,31,17,0.00,0.0,M
1931-12-31,30,6,0.00,0.0,M
1932-01-01,31,10,0.00,0.0,M
1932-01-02,33,28,1.45,10.0,10
1932-01-03,34,29,0.00,0.0,8
1932-01-04,31,15,0.00,0.0,7
1932-01-05,33,1,0.00,0.0,7
1932-01-06,53,27,0.51,0.0,4
1932-01-07,55,28,0.00,0.0,2
1932-01-08,34,20,0.00,0.0,2
1932-01-09,34,29,0.00,0.0,M
1932-01-10,33,22,0.00,0.0,M
1932-01-11,29,10,0.00,0.0,M
1932-01-12,50,16,0.04,0.0,M
1932-01-13,67,35,0.00,0.0,M
1932-01-14,66,30,0.00,0.0,M
1932-01-15,65,32,0.31,0.0,M
1932-01-16,51,26,0.00,0.0,M
1932-01-17,35,27,0.50,0.0,M
1932-01-18,41,30,0.00,0.0,M
1932-01-19,32,23,0.00,0.0,M
1932-01-20,40,23,0.00,0.0,M
1932-01-21,39,20,0.05,1.0,M
1932-01-22,46,30,0.18,0.0,M
1932-01-23,37,27,0.07,0.0,M
1932-01-24,49,30,0.00,0.0,M
1932-01-25,35,27,0.00,0.0,M
1932-01-26,44,28,0.00,0.0,M
1932-01-27,43,31,0.18,0.0,M
1932-01-28,38,24,0.00,0.0,M
1932-01-29,36,15,0.50,0.0,M
1932-01-30,43,31,0.00,0.0,M
1932-01-31,37,17,0.00,0.0,M
1932-02-01,20,8,0.00,0.0,M
1932-02-02,31,9,0.00,0.0,M
1932-02-03,42,26,0.04,0.0,M
1932-02-04,38,26,0.08,1.0,M
1932-02-05,28,15,0.60,7.0,M
1932-02-06,41,M,0.00,0.0,5
1932-02-07,M,M,0.00,0.0,M
1932-02-08,46,16,0.21,0.0,3
1932-02-09,35,5,0.00,0.0,3
1932-02-10,35,16,0.00,0.0,2
1932-02-11,39,31,0.73,0.0,M
1932-02-12,54,33,T,0.0,1
1932-02-13,43,30,0.00,0.0,M
1932-02-14,32,17,0.00,0.0,M
1932-02-15,24,15,0.00,0.0,M
1932-02-16,31,3,0.00,0.0,M
1932-02-17,45,19,0.05,0.0,M
1932-02-18,44,14,0.00,0.0,M
1932-02-19,31,5,0.08,2.0,M
1932-02-20,27,9,0.00,0.0,M
1932-02-21,35,-0,0.00,0.0,M
1932-02-22,41,24,0.00,0.0,M
1932-02-23,32,12,0.00,0.0,M
1932-02-24,28,8,0.00,0.0,M
1932-02-25,30,-0,0.00,0.0,M
1932-02-26,50,27,0.00,0.0,M
1932-02-27,41,32,0.00,0.0,M
1932-02-28,39,27,0.20,2.0,M
1932-02-29,36,29,0.15,0.0,2
1932-03-01,34,28,0.00,0.0,M
1932-03-02,50,30,0.00,0.0,M
1932-03-03,46,20,0.00,0.0,M
1932-03-04,40,21,0.00,0.0,M
1932-03-05,48,25,0.00,0.0,M
1932-03-06,39,21,0.12,3.0,3
1932-03-07,32,24,0.76,5.0,8
1932-03-08,28,15,0.00,0.0,7
1932-03-09,22,6,0.00,0.0,6
1932-03-10,23,7,0.00,0.0,6
1932-03-11,30,18,0.00,0.0,5
1932-03-12,32,15,0.00,0.0,5
1932-03-13,29,16,0.00,0.0,5
1932-03-14,28,9,0.00,0.0,5
1932-03-15,20,1,0.00,0.0,5
1932-03-16,30,3,0.00,0.0,4
1932-03-17,34,15,0.00,0.0,4
1932-03-18,33,23,0.00,0.0,3
1932-03-19,46,10,0.00,0.0,2
1932-03-20,42,20,0.00,0.0,2
1932-03-21,30,5,0.05,0.0,2
1932-03-22,51,20,0.40,0.0,M
1932-03-23,35,23,0.00,0.0,M
1932-03-24,39,18,0.06,1.0,1
1932-03-25,40,9,0.00,0.0,M
1932-03-26,53,31,0.06,0.0,M
1932-03-27,48,33,0.00,0.0,M
1932-03-28,35,25,1.77,26.0,26
1932-03-29,38,21,0.00,0.0,20
1932-03-30,59,22,0.00,0.0,10
1932-03-31,56,39,0.37,0.0,5
1932-04-01,45,28,0.00,M,M
1932-04-02,61,22,T,M,M
1932-04-03,M,M,0.00,M,M
1932-04-04,40,20,0.00,M,M
1932-04-05,52,16,0.00,M,M
1932-04-06,46,30,0.00,M,M
1932-04-07,55,32,0.00,M,M
1932-04-08,67,30,0.00,M,M
1932-04-09,48,38,0.35,M,M
1932-04-10,M,M,0.00,M,M
1932-04-11,46,34,0.15,M,M
1932-04-12,42,33,0.69,M,M
1932-04-13,39,28,0.06,T,M
1932-04-14,37,28,0.00,M,M
1932-04-15,42,27,0.00,M,M
1932-04-16,41,20,T,M,M
1932-04-17,35,25,0.00,M,M
1932-04-18,46,32,0.00,M,M
1932-04-19,49,33,0.00,M,M
1932-04-20,65,24,0.00,M,M
1932-04-21,70,26,0.00,M,M
1932-04-22,73,28,0.00,M,M
1932-04-23,67,37,0.00,M,M
1932-04-24,49,27,0.00,M,M
1932-04-25,M,M,0.00,M,M
1932-04-26,69,23,0.15,M,M
1932-04-27,41,28,0.05,M,M
1932-04-28,57,M,0.00,M,M
1932-04-29,72,30,0.00,M,M
1932-04-30,76,M,0.00,M,M
1932-05-01,68,53,0.31,M,M
1932-05-02,60,38,0.00,M,M
1932-05-03,M,M,0.00,M,M
1932-05-04,71,32,0.00,M,M
1932-05-05,M,M,0.00,M,M
1932-05-06,63,31,0.10,M,M
1932-05-07,49,41,0.32,M,M
1932-05-08,68,44,0.33,M,M
1932-05-09,M,M,0.00,M,M
1932-05-10,M,M,0.00,M,M
1932-05-11,65,36,0.00,M,M
1932-05-12,M,M,0.00,M,M
1932-05-13,M,M,0.00,M,M
1932-05-14,77,40,0.00,M,M
1932-05-15,84,41,0.00,M,M
1932-05-16,88,56,0.00,M,M
1932-05-17,76,52,0.00,M,M
1932-05-18,63,40,0.00,M,M
1932-05-19,76,28,0.00,M,M
1932-05-20,81,34,0.00,M,M
1932-05-21,M,M,0.00,M,M
1932-05-22,74,48,0.00,M,M
1932-05-23,67,39,0.00,M,M
1932-05-24,76,30,0.00,M,M
1932-05-25,87,47,0.00,M,M
1932-05-26,87,62,T,M,M
1932-05-27,88,59,0.79,M,M
1932-05-28,68,51,0.00,M,M
1932-05-29,60,44,T,M,M
1932-05-30,68,35,0.00,M,M
1932-05-31,M,M,0.00,M,M
1932-06-01,M,M,0.00,M,M
1932-06-02,80,40,0.00,M,M
1932-06-03,80,59,0.86,M,M
1932-06-04,80,59,0.00,M,M
1932-06-05,83,54,0.00,M,M
1932-06-06,81,54,0.00,M,M
1932-06-07,75,48,0.00,M,M
1932-06-08,59,33,0.00,M,M
1932-06-09,M,M,0.00,M,M
1932-06-10,65,47,0.00,M,M
1932-06-11,79,36,0.00,M,M
1932-06-12,78,41,0.00,M,M
1932-06-13,62,52,0.90,M,M
1932-06-14,69,55,0.24,M,M
1932-06-15,83,53,0.00,M,M
1932-06-16,79,55,0.46,M,M
1932-06-17,77,61,0.09,M,M
1932-06-18,76,55,0.03,M,M
1932-06-19,78,47,0.00,M,M
1932-06-20,83,52,0.00,M,M
1932-06-21,81,53,0.04,M,M
1932-06-22,80,63,0.00,M,M
1932-06-23,74,42,0.16,M,M
1932-06-24,66,36,0.00,M,M
1932-06-25,63,40,T,M,M
1932-06-26,80,55,0.00,M,M
1932-06-27,78,57,1.46,M,M
1932-06-28,77,56,0.00,M,M
1932-06-29,77,48,0.00,M,M
1932-06-30,M,M,0.00,M,M
1932-07-01,75,48,0.95,M,M
1932-07-02,68,57,0.16,M,M
1932-07-03,69,52,0.00,M,M
1932-07-04,69,45,0.45,M,M
1932-07-05,72,43,0.00,M,M
1932-07-06,81,46,0.00,M,M
1932-07-07,83,54,0.00,M,M
1932-07-08,73,60,0.24,M,M
1932-07-09,77,58,0.00,M,M
1932-07-10,84,55,0.00,M,M
1932-07-11,77,63,0.10,M,M
1932-07-12,76,59,0.00,M,M
1932-07-13,88,50,0.00,M,M
1932-07-14,80,62,0.00,M,M
1932-07-15,78,45,0.00,M,M
1932-07-16,82,42,0.00,M,M
1932-07-17,83,52,0.96,M,M
1932-07-18,M,M,0.00,M,M
1932-07-19,M,M,0.00,M,M
1932-07-20,79,51,0.00,M,M
1932-07-21,83,46,0.00,M,M
1932-07-22,78,53,0.20,M,M
1932-07-23,M,M,0.00,M,M
1932-07-24,77,56,0.00,M,M
1932-07-25,81,43,0.00,M,M
1932-07-26,87,52,0.00,M,M
1932-07-27,81,65,1.28,M,M
1932-07-28,78,58,0.00,M,M
1932-07-29,M,M,0.00,M,M
1932-07-30,67,53,0.00,M,M
1932-07-31,73,45,0.12,M,M
1932-08-01,M,44,0.00,M,M
1932-08-02,77,46,0.34,M,M
1932-08-03,73,57,0.56,M,M
1932-08-04,79,64,0.04,M,M
1932-08-05,84,49,0.00,M,M
1932-08-06,83,56,0.16,M,M
1932-08-07,80,46,0.43,M,M
1932-08-08,82,50,0.22,M,M
1932-08-09,77,54,0.00,M,M
1932-08-10,75,50,0.19,M,M
1932-08-11,74,48,T,M,M
1932-08-12,69,51,0.21,M,M
1932-08-13,78,57,0.00,M,M
1932-08-14,79,50,0.00,M,M
1932-08-15,81,48,0.00,M,M
1932-08-16,85,52,0.00,M,M
1932-08-17,83,61,0.00,M,M
1932-08-18,75,47,0.26,M,M
1932-08-19,77,45,0.00,M,M
1932-08-20,76,48,0.00,M,M
1932-08-21,79,45,0.00,M,M
1932-08-22,81,48,0.00,M,M
1932-08-23,M,M,0.00,M,M
1932-08-24,82,46,0.00,M,M
1932-08-25,M,M,0.00,M,M
1932-08-26,92,58,0.00,M,M
1932-08-27,M,M,0.00,M,M
1932-08-28,75,54,0.00,M,M
1932-08-29,78,55,0.00,M,M
1932-08-30,80,47,T,M,M
1932-08-31,87,61,0.87,M,M
1932-09-01,92,66,0.00,M,M
1932-09-02,85,64,0.00,M,M
1932-09-03,81,48,0.00,M,M
1932-09-04,83,65,T,M,M
1932-09-05,80,57,T,M,M
1932-09-06,74,56,0.00,M,M
1932-09-07,66,42,0.00,M,M
1932-09-08,71,40,0.00,M,M
1932-09-09,75,48,0.00,M,M
1932-09-10,72,33,0.00,M,M
1932-09-11,M,M,0.00,M,M
1932-09-12,84,31,0.00,M,M
1932-09-13,85,41,0.00,M,M
1932-09-14,77,51,0.00,M,M
1932-09-15,85,55,0.00,M,M
1932-09-16,M,M,0.00,M,M
1932-09-17,68,48,0.04,M,M
1932-09-18,66,44,0.00,M,M
1932-09-19,67,29,0.00,M,M
1932-09-20,86,45,0.00,M,M
1932-09-21,85,47,0.00,M,M
1932-09-22,80,53,0.00,M,M
1932-09-23,77,47,0.00,M,M
1932-09-24,M,M,0.00,M,M
1932-09-25,68,37,0.00,M,M
1932-09-26,73,27,0.07,M,M
1932-09-27,72,38,0.00,M,M
1932-09-28,66,54,0.50,M,M
1932-09-29,62,41,T,M,M
1932-09-30,60,27,0.00,M,M
1932-10-01,61,M,0.26,M,M
1932-10-02,77,51,0.03,M,M
1932-10-03,79,48,0.00,M,M
1932-10-04,75,53,0.00,M,M
1932-10-05,72,63,0.08,M,M
1932-10-06,68,45,5.90,M,M
1932-10-07,53,40,0.00,M,M
1932-10-08,M,M,0.00,M,M
1932-10-09,M,M,0.00,M,M
1932-10-10,M,M,0.00,M,M
1932-10-11,M,M,0.00,M,M
1932-10-12,75,36,T,M,M
1932-10-13,49,33,0.00,M,M
1932-10-14,51,24,0.00,M,M
1932-10-15,53,25,0.00,M,M
1932-10-16,71,38,0.00,M,M
1932-10-17,68,52,0.10,M,M
1932-10-18,62,51,1.65,M,M
1932-10-19,60,52,0.19,M,M
1932-10-20,58,49,0.00,M,M
1932-10-21,M,M,0.00,M,M
1932-10-22,60,42,0.00,M,M
1932-10-23,55,31,0.00,M,M
1932-10-24,53,30,0.00,M,M
1932-10-25,52,35,0.00,M,M
1932-10-26,59,45,0.00,M,M
1932-10-27,68,43,0.23,M,M
1932-10-28,48,29,T,M,M
1932-10-29,55,34,0.00,M,M
1932-10-30,52,39,0.00,M,M
1932-10-31,M,M,0.00,M,M
1932-11-01,52,38,1.10,M,M
1932-11-02,42,31,T,M,M
1932-11-03,42,25,0.00,M,M
1932-11-04,51,17,0.00,M,M
1932-11-05,57,30,0.00,M,M
1932-11-06,57,23,0.00,M,M
1932-11-07,51,40,0.23,M,M
1932-11-08,50,45,T,M,M
1932-11-09,47,35,0.00,M,M
1932-11-10,43,34,1.79,M,M
1932-11-11,49,29,0.00,M,M
1932-11-12,48,31,0.00,M,M
1932-11-13,36,29,0.00,M,M
1932-11-14,49,19,0.00,M,M
1932-11-15,60,28,0.00,M,M
1932-11-16,M,M,0.55,M,M
1932-11-17,58,26,0.00,M,M
1932-11-18,M,M,0.00,M,M
1932-11-19,41,30,1.46,M,M
1932-11-20,40,19,0.00,M,M
1932-11-21,41,19,0.00,M,M
1932-11-22,34,17,0.00,M,M
1932-11-23,33,7,0.00,M,M
1932-11-24,M,M,0.00,M,M
1932-11-25,56,20,0.00,M,M
1932-11-26,51,12,0.00,M,M
1932-11-27,24,2,0.00,M,M
1932-11-28,32,2,0.00,M,M
1932-11-29,39,4,0.00,M,M
1932-11-30,47,17,0.00,M,M
1932-12-01,52,25,0.00,0.0,M
1932-12-02,61,17,0.00,0.0,M
1932-12-03,M,M,0.00,0.0,M
1932-12-04,54,25,0.00,0.0,M
1932-12-05,53,36,0.00,0.0,M
1932-12-06,51,25,0.03,0.0,M
1932-12-07,66,38,T,0.0,M
1932-12-08,56,19,0.00,0.0,M
1932-12-09,M,M,0.00,0.0,M
1932-12-10,29,6,0.15,2.0,M
1932-12-11,19,10,0.13,3.0,4
1932-12-12,40,13,0.00,0.0,2
1932-12-13,35,18,0.03,1.0,2
1932-12-14,28,13,0.00,0.0,2
1932-12-15,25,15,0.00,0.0,2
1932-12-16,15,-6,0.00,0.0,2
1932-12-17,9,-12,0.00,0.0,2
1932-12-18,M,M,0.00,0.0,2
1932-12-19,31,-4,0.00,0.0,1
1932-12-20,35,4,0.00,0.0,M
1932-12-21,47,3,0.00,0.0,M
1932-12-22,M,M,0.00,0.0,M
1932-12-23,49,20,0.18,0.0,M
1932-12-24,48,31,0.00,0.0,M
1932-12-25,M,M,0.00,0.0,M
1932-12-26,65,33,0.00,0.0,M
1932-12-27,37,17,0.00,0.0,M
1932-12-28,37,29,0.00,0.0,M
1932-12-29,45,19,0.00,0.0,M
1932-12-30,39,20,0.08,0.0,M
1932-12-31,62,30,0.10,0.0,M
